antithrash_suppressed_estimate,attacked,decision_index,eligible,episode_id,ineligible_reason,label,n_ready_bench,opp_active_card,opp_active_hp,opp_lethal_attack,opp_lethal_damage,our_active_card,our_active_energy_loss_if_retreated,our_active_hp,our_active_id,our_active_retreat_cost,our_lethal_attack,result,retreated,turn
,False,0,False,92590435,no_active,v7,,,,,,,,,,,,WIN,False,
,False,1,False,92590435,no_active,v7,,,,,,,,,,,,WIN,False,
,False,2,False,92590435,no_active,v7,,,,,,,,,,,,WIN,False,0
,False,3,False,92590435,no_active,v7,,,,,,,,,,,,WIN,False,0
,False,4,False,92590435,no_retreat_option,v7,,,,,,,,,1071,,,WIN,False,1
,False,5,False,92590435,no_retreat_option,v7,,,,,,,,,1071,,,WIN,False,1
,False,6,False,92590435,no_retreat_option,v7,,,,,,,,,1071,,,WIN,False,1
,False,7,False,92590435,no_retreat_option,v7,,,,,,,,,1071,,,WIN,False,1
,False,8,False,92590435,no_retreat_option,v7,,,,,,,,,1071,,,WIN,False,1
,False,9,False,92590435,no_retreat_option,v7,,,,,,,,,1071,,,WIN,False,2
,False,10,False,92590435,no_retreat_option,v7,,,,,,,,,1071,,,WIN,False,3
,False,11,False,92590435,no_retreat_option,v7,,,,,,,,,1071,,,WIN,False,3
,False,12,False,92590435,no_retreat_option,v7,,,,,,,,,1071,,,WIN,False,3
,False,13,False,92590435,no_retreat_option,v7,,,,,,,,,1071,,,WIN,False,3
,False,14,False,92590435,no_retreat_option,v7,,,,,,,,,1071,,,WIN,False,3
,False,15,False,92590435,no_retreat_option,v7,,,,,,,,,1071,,,WIN,False,3
,False,16,False,92590435,no_retreat_option,v7,,,,,,,,,1071,,,WIN,False,3
,False,17,False,92590435,not_lethal,v7,,,,,,,,,1071,,,WIN,False,3
,False,18,False,92590435,not_lethal,v7,,,,,,,,,1071,,,WIN,False,3
,False,19,False,92590435,no_retreat_option,v7,,,,,,,,,1071,,,WIN,False,3
,False,20,False,92590435,not_lethal,v7,,,,,,,,,1071,,,WIN,False,3
,False,21,False,92590435,not_lethal,v7,,,,,,,,,1071,,,WIN,False,3
,False,22,False,92590435,no_retreat_option,v7,,,,,,,,,1071,,,WIN,False,3
,False,23,False,92590435,not_lethal,v7,,,,,,,,,1071,,,WIN,False,3
,False,24,False,92590435,not_lethal,v7,,,,,,,,,1071,,,WIN,False,3
,False,25,False,92590435,no_retreat_option,v7,,,,,,,,,1071,,,WIN,False,3
,False,26,False,92590435,not_lethal,v7,,,,,,,,,1071,,,WIN,True,3
,False,27,False,92590435,no_retreat_option,v7,,,,,,,,,1071,,,WIN,False,3
,False,28,False,92590435,no_retreat_option,v7,,,,,,,,,1071,,,WIN,False,3
,False,29,False,92590435,no_retreat_option,v7,,,,,,,,,235,,,WIN,False,3
,False,30,False,92590435,not_2prize_ex,v7,,,,,,,,,235,,,WIN,False,5
,False,31,False,92590435,no_retreat_option,v7,,,,,,,,,235,,,WIN,False,5
,False,32,False,92590435,not_2prize_ex,v7,,,,,,,,,235,,,WIN,False,5
,False,33,False,92590435,no_retreat_option,v7,,,,,,,,,235,,,WIN,False,5
,False,34,False,92590435,not_2prize_ex,v7,,,,,,,,,235,,,WIN,False,5
,False,35,False,92590435,no_retreat_option,v7,,,,,,,,,235,,,WIN,False,5
,False,36,False,92590435,not_2prize_ex,v7,,,,,,,,,235,,,WIN,False,5
,False,37,False,92590435,no_retreat_option,v7,,,,,,,,,235,,,WIN,False,5
,False,38,False,92590435,not_2prize_ex,v7,,,,,,,,,235,,,WIN,False,5
,False,39,False,92590435,no_retreat_option,v7,,,,,,,,,235,,,WIN,False,5
,False,40,False,92590435,no_retreat_option,v7,,,,,,,,,235,,,WIN,False,5
,False,41,False,92590435,no_retreat_option,v7,,,,,,,,,235,,,WIN,False,5
,False,42,False,92590435,not_2prize_ex,v7,,,,,,,,,235,,,WIN,False,5
,False,43,False,92590435,not_2prize_ex,v7,,,,,,,,,235,,,WIN,True,5
,False,44,False,92590435,no_retreat_option,v7,,,,,,,,,235,,,WIN,False,5
,True,45,False,92590435,no_retreat_option,v7,,,,,,,,,121,,,WIN,False,5
,False,46,False,92590435,no_retreat_option,v7,,,,,,,,,121,,,WIN,False,5
,False,47,False,92590435,no_retreat_option,v7,,,,,,,,,121,,,WIN,False,5
,False,48,False,92590435,no_retreat_option,v7,,,,,,,,,121,,,WIN,False,5
,False,49,False,92590435,no_retreat_option,v7,,,,,,,,,121,,,WIN,False,5
,False,50,False,92590435,no_retreat_option,v7,,,,,,,,,121,,,WIN,False,5
,False,51,False,92590435,no_retreat_option,v7,,,,,,,,,121,,,WIN,False,5
,False,52,False,92590435,no_active,v7,,,,,,,,,121,,,WIN,False,5
,False,53,False,92590435,no_active,v7,,,,,,,,,121,,,WIN,False,5
,False,54,False,92590435,no_retreat_option,v7,,,,,,,,,121,,,WIN,False,6
,False,55,False,92590435,not_lethal,v7,,,,,,,,,121,,,WIN,False,7
,False,56,False,92590435,not_lethal,v7,,,,,,,,,121,,,WIN,False,7
,False,57,False,92590435,no_retreat_option,v7,,,,,,,,,121,,,WIN,False,7
,False,58,False,92590435,not_lethal,v7,,,,,,,,,121,,,WIN,False,7
,False,59,False,92590435,no_retreat_option,v7,,,,,,,,,121,,,WIN,False,7
,False,60,False,92590435,not_lethal,v7,,,,,,,,,121,,,WIN,False,7
,False,61,False,92590435,no_retreat_option,v7,,,,,,,,,121,,,WIN,False,7
,False,62,False,92590435,not_lethal,v7,,,,,,,,,121,,,WIN,False,7
,False,63,False,92590435,not_lethal,v7,,,,,,,,,121,,,WIN,False,7
,False,64,False,92590435,not_lethal,v7,,,,,,,,,121,,,WIN,False,7
,False,65,False,92590435,not_lethal,v7,,,,,,,,,121,,,WIN,False,7
,True,66,False,92590435,not_lethal,v7,,,,,,,,,121,,,WIN,False,7
,False,67,False,92590435,no_retreat_option,v7,,,,,,,,,121,,,WIN,False,7
,False,68,False,92590435,no_retreat_option,v7,,,,,,,,,121,,,WIN,False,7
,False,69,False,92590435,no_retreat_option,v7,,,,,,,,,121,,,WIN,False,7
,False,70,False,92590435,no_retreat_option,v7,,,,,,,,,121,,,WIN,False,7
,False,71,False,92590435,no_retreat_option,v7,,,,,,,,,121,,,WIN,False,7
,False,72,False,92590435,no_retreat_option,v7,,,,,,,,,121,,,WIN,False,7
,False,73,False,92590435,no_active,v7,,,,,,,,,121,,,WIN,False,7
,False,74,False,92590435,no_active,v7,,,,,,,,,121,,,WIN,False,7
,False,75,False,92590435,not_lethal,v7,,,,,,,,,121,,,WIN,False,9
,False,76,False,92590435,no_retreat_option,v7,,,,,,,,,121,,,WIN,False,9
,False,77,False,92590435,not_lethal,v7,,,,,,,,,121,,,WIN,False,9
,False,78,False,92590435,no_retreat_option,v7,,,,,,,,,121,,,WIN,False,9
,False,79,False,92590435,not_lethal,v7,,,,,,,,,121,,,WIN,False,9
,False,80,False,92590435,not_lethal,v7,,,,,,,,,121,,,WIN,False,9
,False,81,False,92590435,not_lethal,v7,,,,,,,,,121,,,WIN,False,9
,True,82,False,92590435,not_lethal,v7,,,,,,,,,121,,,WIN,False,9
,False,83,False,92590435,no_retreat_option,v7,,,,,,,,,121,,,WIN,False,9
,False,84,False,92590435,no_retreat_option,v7,,,,,,,,,121,,,WIN,False,9
,False,85,False,92590435,no_retreat_option,v7,,,,,,,,,121,,,WIN,False,9
,False,86,False,92590435,no_retreat_option,v7,,,,,,,,,121,,,WIN,False,9
,False,87,False,92590435,no_retreat_option,v7,,,,,,,,,121,,,WIN,False,9
,False,88,False,92590435,no_retreat_option,v7,,,,,,,,,121,,,WIN,False,9
,False,89,False,92590435,no_active,v7,,,,,,,,,121,,,WIN,False,9
,False,90,False,92590435,not_lethal,v7,,,,,,,,,121,,,WIN,False,11
,False,91,False,92590435,no_retreat_option,v7,,,,,,,,,121,,,WIN,False,11
,False,92,False,92590435,not_lethal,v7,,,,,,,,,121,,,WIN,False,11
,False,93,False,92590435,no_retreat_option,v7,,,,,,,,,121,,,WIN,False,11
,False,94,False,92590435,not_lethal,v7,,,,,,,,,121,,,WIN,False,11
,False,95,False,92590435,no_retreat_option,v7,,,,,,,,,121,,,WIN,False,11
,False,96,False,92590435,not_lethal,v7,,,,,,,,,121,,,WIN,False,11
,False,97,False,92590435,not_lethal,v7,,,,,,,,,121,,,WIN,False,11
,True,98,False,92590435,not_lethal,v7,,,,,,,,,121,,,WIN,False,11
,False,99,False,92590435,no_retreat_option,v7,,,,,,,,,121,,,WIN,False,11
,False,100,False,92590435,no_retreat_option,v7,,,,,,,,,121,,,WIN,False,11
,False,101,False,92590435,no_retreat_option,v7,,,,,,,,,121,,,WIN,False,11
,False,102,False,92590435,no_retreat_option,v7,,,,,,,,,121,,,WIN,False,11
,False,103,False,92590435,no_retreat_option,v7,,,,,,,,,121,,,WIN,False,11
,False,104,False,92590435,no_retreat_option,v7,,,,,,,,,121,,,WIN,False,11
,False,0,False,92591380,no_active,v7,,,,,,,,,,,,LOSS,False,
,False,1,False,92591380,no_active,v7,,,,,,,,,,,,LOSS,False,
,False,2,False,92591380,no_active,v7,,,,,,,,,,,,LOSS,False,0
,False,3,False,92591380,no_active,v7,,,,,,,,,,,,LOSS,False,0
,False,4,False,92591380,not_2prize_ex,v7,,,,,,,,,235,,,LOSS,False,2
,False,5,False,92591380,not_2prize_ex,v7,,,,,,,,,235,,,LOSS,False,2
,False,6,False,92591380,no_retreat_option,v7,,,,,,,,,235,,,LOSS,False,2
,False,7,False,92591380,not_2prize_ex,v7,,,,,,,,,235,,,LOSS,False,2
,False,8,False,92591380,not_2prize_ex,v7,,,,,,,,,235,,,LOSS,False,4
,False,9,False,92591380,no_retreat_option,v7,,,,,,,,,235,,,LOSS,False,4
,False,10,False,92591380,not_2prize_ex,v7,,,,,,,,,235,,,LOSS,False,4
,False,11,False,92591380,no_retreat_option,v7,,,,,,,,,235,,,LOSS,False,4
,False,12,False,92591380,not_2prize_ex,v7,,,,,,,,,235,,,LOSS,False,4
,False,13,False,92591380,not_2prize_ex,v7,,,,,,,,,235,,,LOSS,False,6
,False,14,False,92591380,not_2prize_ex,v7,,,,,,,,,235,,,LOSS,False,6
,False,15,False,92591380,not_2prize_ex,v7,,,,,,,,,235,,,LOSS,False,6
,False,16,False,92591380,not_2prize_ex,v7,,,,,,,,,235,,,LOSS,False,8
,False,17,False,92591380,not_2prize_ex,v7,,,,,,,,,235,,,LOSS,False,8
,False,18,False,92591380,no_retreat_option,v7,,,,,,,,,235,,,LOSS,False,8
,False,19,False,92591380,no_retreat_option,v7,,,,,,,,,235,,,LOSS,False,8
,False,20,False,92591380,no_retreat_option,v7,,,,,,,,,235,,,LOSS,False,8
,False,21,False,92591380,not_2prize_ex,v7,,,,,,,,,235,,,LOSS,False,8
,False,22,False,92591380,not_2prize_ex,v7,,,,,,,,,235,,,LOSS,True,8
,False,23,False,92591380,no_retreat_option,v7,,,,,,,,,235,,,LOSS,False,8
,True,24,False,92591380,no_retreat_option,v7,,,,,,,,,121,,,LOSS,False,8
,False,25,False,92591380,no_retreat_option,v7,,,,,,,,,121,,,LOSS,False,8
,False,26,False,92591380,no_retreat_option,v7,,,,,,,,,121,,,LOSS,False,8
,False,27,False,92591380,no_retreat_option,v7,,,,,,,,,121,,,LOSS,False,8
,False,28,False,92591380,no_retreat_option,v7,,,,,,,,,121,,,LOSS,False,8
,False,29,False,92591380,no_retreat_option,v7,,,,,,,,,121,,,LOSS,False,8
,False,30,False,92591380,no_retreat_option,v7,,,,,,,,,121,,,LOSS,False,8
,False,31,False,92591380,no_active,v7,,,,,,,,,121,,,LOSS,False,8
,False,32,False,92591380,no_active,v7,,,,,,,,,,,,LOSS,False,9
,False,33,False,92591380,not_lethal,v7,,,,,,,,,121,,,LOSS,False,10
,False,34,False,92591380,no_retreat_option,v7,,,,,,,,,121,,,LOSS,False,10
,False,35,False,92591380,not_lethal,v7,,,,,,,,,121,,,LOSS,False,10
,False,36,False,92591380,not_lethal,v7,,,,,,,,,121,,,LOSS,False,10
,True,37,False,92591380,not_lethal,v7,,,,,,,,,121,,,LOSS,False,10
,False,38,False,92591380,no_retreat_option,v7,,,,,,,,,121,,,LOSS,False,10
,False,39,False,92591380,no_retreat_option,v7,,,,,,,,,121,,,LOSS,False,10
,False,40,False,92591380,no_retreat_option,v7,,,,,,,,,121,,,LOSS,False,10
,False,41,False,92591380,no_retreat_option,v7,,,,,,,,,121,,,LOSS,False,10
,False,42,False,92591380,no_retreat_option,v7,,,,,,,,,121,,,LOSS,False,10
,False,43,False,92591380,no_retreat_option,v7,,,,,,,,,121,,,LOSS,False,10
,False,44,False,92591380,winning_trade_available,v7,,,,,,,,,121,,Jet Headbutt,LOSS,False,12
,True,45,False,92591380,winning_trade_available,v7,,,,,,,,,121,,Jet Headbutt,LOSS,False,12
,False,46,False,92591380,no_retreat_option,v7,,,,,,,,,121,,,LOSS,False,12
,False,47,False,92591380,no_retreat_option,v7,,,,,,,,,121,,,LOSS,False,12
,False,48,False,92591380,no_retreat_option,v7,,,,,,,,,121,,,LOSS,False,12
,False,49,False,92591380,no_retreat_option,v7,,,,,,,,,121,,,LOSS,False,12
,False,50,False,92591380,no_retreat_option,v7,,,,,,,,,121,,,LOSS,False,12
,False,51,False,92591380,no_retreat_option,v7,,,,,,,,,121,,,LOSS,False,12
,False,52,False,92591380,no_active,v7,,,,,,,,,121,,,LOSS,False,12
,False,53,False,92591380,no_active,v7,,,,,,,,,,,,LOSS,False,13
,False,54,False,92591380,no_retreat_option,v7,,,,,,,,,119,,,LOSS,False,14
,False,55,False,92591380,not_2prize_ex,v7,,,,,,,,,119,,,LOSS,False,14
,False,56,False,92591380,not_2prize_ex,v7,,,,,,,,,119,,,LOSS,False,14
,False,57,False,92591380,no_retreat_option,v7,,,,,,,,,119,,,LOSS,False,14
,False,58,False,92591380,no_retreat_option,v7,,,,,,,,,119,,,LOSS,False,14
,False,59,False,92591380,not_2prize_ex,v7,,,,,,,,,119,,,LOSS,False,14
,False,60,False,92591380,not_2prize_ex,v7,,,,,,,,,119,,,LOSS,False,14
,False,61,False,92591380,not_2prize_ex,v7,,,,,,,,,119,,,LOSS,False,14
,False,62,False,92591380,not_2prize_ex,v7,,,,,,,,,119,,,LOSS,False,14
,False,63,False,92591380,not_2prize_ex,v7,,,,,,,,,119,,,LOSS,True,14
,False,64,False,92591380,no_retreat_option,v7,,,,,,,,,119,,,LOSS,False,14
,False,0,False,92592329,no_active,v7,,,,,,,,,,,,WIN,False,
,False,1,False,92592329,no_active,v7,,,,,,,,,,,,WIN,False,
,False,2,False,92592329,no_active,v7,,,,,,,,,,,,WIN,False,0
,False,3,False,92592329,no_active,v7,,,,,,,,,,,,WIN,False,0
,False,4,False,92592329,no_active,v7,,,,,,,,,,,,WIN,False,0
,False,5,False,92592329,no_active,v7,,,,,,,,,,,,WIN,False,0
,False,6,False,92592329,no_retreat_option,v7,,,,,,,,,235,,,WIN,False,1
,False,7,False,92592329,no_retreat_option,v7,,,,,,,,,235,,,WIN,False,1
,False,8,False,92592329,not_2prize_ex,v7,,,,,,,,,235,,,WIN,False,1
,False,9,False,92592329,not_2prize_ex,v7,,,,,,,,,235,,,WIN,False,1
,False,10,False,92592329,not_2prize_ex,v7,,,,,,,,,235,,,WIN,False,3
,False,11,False,92592329,no_retreat_option,v7,,,,,,,,,235,,,WIN,False,3
,False,12,False,92592329,not_2prize_ex,v7,,,,,,,,,235,,,WIN,False,3
,False,13,False,92592329,not_2prize_ex,v7,,,,,,,,,235,,,WIN,False,3
,False,14,False,92592329,not_2prize_ex,v7,,,,,,,,,235,,,WIN,False,3
,False,15,False,92592329,not_2prize_ex,v7,,,,,,,,,235,,,WIN,False,3
,False,16,False,92592329,not_2prize_ex,v7,,,,,,,,,235,,,WIN,False,3
,False,17,False,92592329,not_2prize_ex,v7,,,,,,,,,235,,,WIN,True,3
,False,18,False,92592329,no_retreat_option,v7,,,,,,,,,235,,,WIN,False,3
,True,19,False,92592329,no_retreat_option,v7,,,,,,,,,121,,,WIN,False,3
,False,20,False,92592329,no_retreat_option,v7,,,,,,,,,121,,,WIN,False,3
,False,21,False,92592329,no_retreat_option,v7,,,,,,,,,121,,,WIN,False,3
,False,22,False,92592329,no_retreat_option,v7,,,,,,,,,121,,,WIN,False,3
,False,23,False,92592329,no_retreat_option,v7,,,,,,,,,121,,,WIN,False,3
,False,24,False,92592329,no_retreat_option,v7,,,,,,,,,121,,,WIN,False,3
,False,25,False,92592329,no_retreat_option,v7,,,,,,,,,121,,,WIN,False,3
,False,26,False,92592329,no_active,v7,,,,,,,,,121,,,WIN,False,3
,False,27,False,92592329,not_lethal,v7,,,,,,,,,121,,,WIN,False,5
,False,28,False,92592329,not_lethal,v7,,,,,,,,,121,,,WIN,False,5
,False,29,False,92592329,not_lethal,v7,,,,,,,,,121,,,WIN,False,5
,False,30,False,92592329,no_retreat_option,v7,,,,,,,,,121,,,WIN,False,5
,False,31,False,92592329,not_lethal,v7,,,,,,,,,121,,,WIN,False,5
,False,32,False,92592329,not_lethal,v7,,,,,,,,,121,,,WIN,False,5
,False,33,False,92592329,not_lethal,v7,,,,,,,,,121,,,WIN,False,5
,False,34,False,92592329,no_retreat_option,v7,,,,,,,,,121,,,WIN,False,5
,False,35,False,92592329,not_lethal,v7,,,,,,,,,121,,,WIN,False,5
,True,36,False,92592329,not_lethal,v7,,,,,,,,,121,,,WIN,False,5
,False,37,False,92592329,no_retreat_option,v7,,,,,,,,,121,,,WIN,False,5
,False,38,False,92592329,no_retreat_option,v7,,,,,,,,,121,,,WIN,False,5
,False,39,False,92592329,no_retreat_option,v7,,,,,,,,,121,,,WIN,False,5
,False,40,False,92592329,no_retreat_option,v7,,,,,,,,,121,,,WIN,False,5
,False,41,False,92592329,no_retreat_option,v7,,,,,,,,,121,,,WIN,False,5
,False,42,False,92592329,no_retreat_option,v7,,,,,,,,,121,,,WIN,False,5
,False,43,False,92592329,no_active,v7,,,,,,,,,121,,,WIN,False,5
,False,44,False,92592329,not_lethal,v7,,,,,,,,,121,,,WIN,False,7
,False,45,False,92592329,no_retreat_option,v7,,,,,,,,,121,,,WIN,False,7
,False,46,False,92592329,not_lethal,v7,,,,,,,,,121,,,WIN,False,7
,False,47,False,92592329,no_retreat_option,v7,,,,,,,,,121,,,WIN,False,7
,False,48,False,92592329,no_retreat_option,v7,,,,,,,,,121,,,WIN,False,7
,False,49,False,92592329,not_lethal,v7,,,,,,,,,121,,,WIN,False,7
,False,50,False,92592329,not_lethal,v7,,,,,,,,,121,,,WIN,False,7
,False,51,False,92592329,not_lethal,v7,,,,,,,,,121,,,WIN,False,7
,False,52,False,92592329,no_retreat_option,v7,,,,,,,,,121,,,WIN,False,7
,False,53,False,92592329,not_lethal,v7,,,,,,,,,121,,,WIN,False,7
,False,54,False,92592329,no_retreat_option,v7,,,,,,,,,121,,,WIN,False,7
,False,55,False,92592329,no_retreat_option,v7,,,,,,,,,121,,,WIN,False,7
,False,56,False,92592329,no_retreat_option,v7,,,,,,,,,121,,,WIN,False,7
,False,57,False,92592329,not_lethal,v7,,,,,,,,,121,,,WIN,False,7
,False,58,False,92592329,not_lethal,v7,,,,,,,,,121,,,WIN,False,7
,False,59,False,92592329,no_retreat_option,v7,,,,,,,,,121,,,WIN,False,7
,False,60,False,92592329,not_lethal,v7,,,,,,,,,121,,,WIN,False,7
,False,61,False,92592329,no_retreat_option,v7,,,,,,,,,121,,,WIN,False,7
,False,62,False,92592329,not_lethal,v7,,,,,,,,,121,,,WIN,False,7
,True,63,False,92592329,not_lethal,v7,,,,,,,,,121,,,WIN,False,7
,False,0,False,92593271,no_active,v7,,,,,,,,,,,,WIN,False,
,False,1,False,92593271,no_active,v7,,,,,,,,,,,,WIN,False,
,False,2,False,92593271,no_active,v7,,,,,,,,,,,,WIN,False,0
,False,3,False,92593271,no_active,v7,,,,,,,,,,,,WIN,False,0
,False,4,False,92593271,no_retreat_option,v7,,,,,,,,,119,,,WIN,False,1
,False,5,False,92593271,no_retreat_option,v7,,,,,,,,,119,,,WIN,False,1
,False,6,False,92593271,no_retreat_option,v7,,,,,,,,,119,,,WIN,False,1
,False,7,False,92593271,no_retreat_option,v7,,,,,,,,,119,,,WIN,False,1
,False,8,False,92593271,no_retreat_option,v7,,,,,,,,,119,,,WIN,False,3
,False,9,False,92593271,no_retreat_option,v7,,,,,,,,,119,,,WIN,False,3
,False,10,False,92593271,no_retreat_option,v7,,,,,,,,,119,,,WIN,False,3
,False,11,False,92593271,no_retreat_option,v7,,,,,,,,,119,,,WIN,False,3
,False,12,False,92593271,no_retreat_option,v7,,,,,,,,,119,,,WIN,False,3
,False,13,False,92593271,no_retreat_option,v7,,,,,,,,,119,,,WIN,False,3
,False,14,False,92593271,not_2prize_ex,v7,,,,,,,,,119,,,WIN,False,3
,False,15,False,92593271,not_2prize_ex,v7,,,,,,,,,119,,,WIN,False,3
,False,16,False,92593271,not_2prize_ex,v7,,,,,,,,,119,,,WIN,True,3
,False,17,False,92593271,no_retreat_option,v7,,,,,,,,,119,,,WIN,False,3
,False,18,False,92593271,no_retreat_option,v7,,,,,,,,,235,,,WIN,False,3
,False,19,False,92593271,not_2prize_ex,v7,,,,,,,,,235,,,WIN,False,5
,False,20,False,92593271,not_2prize_ex,v7,,,,,,,,,235,,,WIN,False,5
,False,21,False,92593271,no_retreat_option,v7,,,,,,,,,235,,,WIN,False,5
,False,22,False,92593271,not_2prize_ex,v7,,,,,,,,,235,,,WIN,False,5
,False,23,False,92593271,not_2prize_ex,v7,,,,,,,,,235,,,WIN,False,5
,False,24,False,92593271,not_2prize_ex,v7,,,,,,,,,235,,,WIN,False,7
,False,25,False,92593271,not_2prize_ex,v7,,,,,,,,,235,,,WIN,False,7
,False,26,False,92593271,not_2prize_ex,v7,,,,,,,,,235,,,WIN,False,9
,False,27,False,92593271,not_2prize_ex,v7,,,,,,,,,235,,,WIN,False,11
,False,28,False,92593271,no_retreat_option,v7,,,,,,,,,235,,,WIN,False,11
,False,29,False,92593271,no_retreat_option,v7,,,,,,,,,235,,,WIN,False,11
,False,30,False,92593271,no_retreat_option,v7,,,,,,,,,235,,,WIN,False,11
,False,31,False,92593271,not_2prize_ex,v7,,,,,,,,,235,,,WIN,False,11
,False,32,False,92593271,not_2prize_ex,v7,,,,,,,,,235,,,WIN,True,11
,False,33,False,92593271,no_retreat_option,v7,,,,,,,,,235,,,WIN,False,11
,True,34,False,92593271,no_retreat_option,v7,,,,,,,,,121,,,WIN,False,11
,False,35,False,92593271,no_retreat_option,v7,,,,,,,,,121,,,WIN,False,11
,False,36,False,92593271,no_retreat_option,v7,,,,,,,,,121,,,WIN,False,11
,False,37,False,92593271,no_retreat_option,v7,,,,,,,,,121,,,WIN,False,11
,False,38,False,92593271,no_retreat_option,v7,,,,,,,,,121,,,WIN,False,11
,False,39,False,92593271,no_retreat_option,v7,,,,,,,,,121,,,WIN,False,11
,False,40,False,92593271,no_retreat_option,v7,,,,,,,,,121,,,WIN,False,11
,False,41,False,92593271,no_active,v7,,,,,,,,,121,,,WIN,False,11
,False,42,False,92593271,no_active,v7,,,,,,,,,,,,WIN,False,12
,False,43,False,92593271,not_2prize_ex,v7,,,,,,,,,235,,,WIN,False,13
,False,44,False,92593271,not_2prize_ex,v7,,,,,,,,,235,,,WIN,False,13
,False,45,False,92593271,not_2prize_ex,v7,,,,,,,,,235,,,WIN,False,13
,False,46,False,92593271,no_retreat_option,v7,,,,,,,,,235,,,WIN,False,13
,False,47,False,92593271,not_2prize_ex,v7,,,,,,,,,235,,,WIN,False,13
,False,48,False,92593271,no_retreat_option,v7,,,,,,,,,235,,,WIN,False,13
,False,49,False,92593271,no_retreat_option,v7,,,,,,,,,235,,,WIN,False,13
,False,50,False,92593271,no_retreat_option,v7,,,,,,,,,235,,,WIN,False,13
,False,51,False,92593271,not_2prize_ex,v7,,,,,,,,,235,,,WIN,False,13
,False,52,False,92593271,not_2prize_ex,v7,,,,,,,,,235,,,WIN,False,13
,False,53,False,92593271,no_retreat_option,v7,,,,,,,,,235,,,WIN,False,13
,False,54,False,92593271,not_2prize_ex,v7,,,,,,,,,235,,,WIN,False,13
,False,55,False,92593271,not_2prize_ex,v7,,,,,,,,,235,,,WIN,False,13
,False,56,False,92593271,no_retreat_option,v7,,,,,,,,,235,,,WIN,False,13
,False,57,False,92593271,not_2prize_ex,v7,,,,,,,,,235,,,WIN,False,13
,False,58,False,92593271,not_2prize_ex,v7,,,,,,,,,235,,,WIN,False,13
,False,59,False,92593271,not_2prize_ex,v7,,,,,,,,,235,,,WIN,False,13
,False,60,False,92593271,not_2prize_ex,v7,,,,,,,,,235,,,WIN,False,13
,False,61,False,92593271,not_2prize_ex,v7,,,,,,,,,235,,,WIN,False,13
,False,62,False,92593271,no_active,v7,,,,,,,,,,,,WIN,False,14
,False,63,False,92593271,not_2prize_ex,v7,,,,,,,,,120,,,WIN,False,15
,False,64,False,92593271,not_lethal,v7,,,,,,,,,121,,,WIN,False,15
,False,65,False,92593271,no_retreat_option,v7,,,,,,,,,121,,,WIN,False,15
,False,66,False,92593271,not_lethal,v7,,,,,,,,,121,,,WIN,False,15
,False,67,False,92593271,no_retreat_option,v7,,,,,,,,,121,,,WIN,False,15
,False,68,False,92593271,not_lethal,v7,,,,,,,,,121,,,WIN,False,15
,False,69,False,92593271,not_lethal,v7,,,,,,,,,121,,,WIN,False,15
,False,70,False,92593271,no_retreat_option,v7,,,,,,,,,121,,,WIN,False,15
,False,71,False,92593271,no_retreat_option,v7,,,,,,,,,121,,,WIN,False,15
,False,72,False,92593271,not_lethal,v7,,,,,,,,,121,,,WIN,False,15
,False,73,False,92593271,not_lethal,v7,,,,,,,,,121,,,WIN,False,15
,False,74,False,92593271,not_lethal,v7,,,,,,,,,121,,,WIN,False,15
,False,75,False,92593271,no_retreat_option,v7,,,,,,,,,121,,,WIN,False,15
,False,76,False,92593271,not_lethal,v7,,,,,,,,,121,,,WIN,False,15
,False,77,False,92593271,not_lethal,v7,,,,,,,,,121,,,WIN,False,15
,False,78,False,92593271,not_lethal,v7,,,,,,,,,121,,,WIN,False,15
,False,79,False,92593271,no_retreat_option,v7,,,,,,,,,121,,,WIN,False,15
,False,80,False,92593271,no_retreat_option,v7,,,,,,,,,121,,,WIN,False,15
,True,81,False,92593271,not_lethal,v7,,,,,,,,,121,,,WIN,False,15
,False,82,False,92593271,no_retreat_option,v7,,,,,,,,,121,,,WIN,False,15
,False,83,False,92593271,no_retreat_option,v7,,,,,,,,,121,,,WIN,False,15
,False,84,False,92593271,no_retreat_option,v7,,,,,,,,,121,,,WIN,False,15
,False,85,False,92593271,no_retreat_option,v7,,,,,,,,,121,,,WIN,False,15
,False,86,False,92593271,no_retreat_option,v7,,,,,,,,,121,,,WIN,False,15
,False,87,False,92593271,no_retreat_option,v7,,,,,,,,,121,,,WIN,False,15
,False,88,False,92593271,no_active,v7,,,,,,,,,121,,,WIN,False,15
,False,89,False,92593271,no_active,v7,,,,,,,,,,,,WIN,False,16
,False,90,False,92593271,not_lethal,v7,,,,,,,,,121,,,WIN,False,17
,False,91,False,92593271,not_lethal,v7,,,,,,,,,121,,,WIN,False,17
,False,92,False,92593271,no_retreat_option,v7,,,,,,,,,121,,,WIN,False,17
,False,93,False,92593271,not_lethal,v7,,,,,,,,,121,,,WIN,False,17
,False,94,False,92593271,not_lethal,v7,,,,,,,,,121,,,WIN,False,17
,False,95,False,92593271,not_lethal,v7,,,,,,,,,121,,,WIN,False,17
,False,96,False,92593271,no_retreat_option,v7,,,,,,,,,121,,,WIN,False,17
,True,97,False,92593271,not_lethal,v7,,,,,,,,,121,,,WIN,False,17
,False,98,False,92593271,no_retreat_option,v7,,,,,,,,,121,,,WIN,False,17
,False,99,False,92593271,no_retreat_option,v7,,,,,,,,,121,,,WIN,False,17
,False,100,False,92593271,no_retreat_option,v7,,,,,,,,,121,,,WIN,False,17
,False,101,False,92593271,no_retreat_option,v7,,,,,,,,,121,,,WIN,False,17
,False,102,False,92593271,no_retreat_option,v7,,,,,,,,,121,,,WIN,False,17
,False,103,False,92593271,no_retreat_option,v7,,,,,,,,,121,,,WIN,False,17
,False,104,False,92593271,no_active,v7,,,,,,,,,121,,,WIN,False,17
,False,105,False,92593271,not_lethal,v7,,,,,,,,,121,,,WIN,False,19
,False,106,False,92593271,not_lethal,v7,,,,,,,,,121,,,WIN,False,19
,True,107,False,92593271,not_lethal,v7,,,,,,,,,121,,,WIN,False,19
,False,108,False,92593271,no_retreat_option,v7,,,,,,,,,121,,,WIN,False,19
,False,109,False,92593271,no_retreat_option,v7,,,,,,,,,121,,,WIN,False,19
,False,110,False,92593271,no_retreat_option,v7,,,,,,,,,121,,,WIN,False,19
,False,111,False,92593271,no_retreat_option,v7,,,,,,,,,121,,,WIN,False,19
,False,112,False,92593271,no_retreat_option,v7,,,,,,,,,121,,,WIN,False,19
,False,113,False,92593271,no_retreat_option,v7,,,,,,,,,121,,,WIN,False,19
,False,114,False,92593271,no_active,v7,,,,,,,,,121,,,WIN,False,19
,False,115,False,92593271,no_active,v7,,,,,,,,,121,,,WIN,False,19
,True,116,False,92593271,not_lethal,v7,,,,,,,,,121,,,WIN,False,21
,False,117,False,92593271,no_retreat_option,v7,,,,,,,,,121,,,WIN,False,21
,False,118,False,92593271,no_retreat_option,v7,,,,,,,,,121,,,WIN,False,21
,False,119,False,92593271,no_retreat_option,v7,,,,,,,,,121,,,WIN,False,21
,False,120,False,92593271,no_retreat_option,v7,,,,,,,,,121,,,WIN,False,21
,False,121,False,92593271,no_retreat_option,v7,,,,,,,,,121,,,WIN,False,21
,False,122,False,92593271,no_retreat_option,v7,,,,,,,,,121,,,WIN,False,21
,False,0,False,92594206,no_active,v7,,,,,,,,,,,,LOSS,False,
,False,1,False,92594206,no_active,v7,,,,,,,,,,,,LOSS,False,
,False,2,False,92594206,no_active,v7,,,,,,,,,,,,LOSS,False,0
,False,3,False,92594206,no_active,v7,,,,,,,,,,,,LOSS,False,0
,False,4,False,92594206,no_active,v7,,,,,,,,,,,,LOSS,False,0
,False,5,False,92594206,no_retreat_option,v7,,,,,,,,,119,,,LOSS,False,1
,False,6,False,92594206,no_retreat_option,v7,,,,,,,,,119,,,LOSS,False,1
,False,7,False,92594206,no_retreat_option,v7,,,,,,,,,119,,,LOSS,False,1
,False,8,False,92594206,no_retreat_option,v7,,,,,,,,,119,,,LOSS,False,1
,False,9,False,92594206,not_2prize_ex,v7,,,,,,,,,119,,,LOSS,False,1
,False,10,False,92594206,no_active,v7,,,,,,,,,,,,LOSS,False,2
,False,11,False,92594206,no_retreat_option,v7,,,,,,,,,1071,,,LOSS,False,3
,False,12,False,92594206,no_retreat_option,v7,,,,,,,,,1071,,,LOSS,False,3
,False,13,False,92594206,no_retreat_option,v7,,,,,,,,,1071,,,LOSS,False,3
,False,14,False,92594206,no_retreat_option,v7,,,,,,,,,1071,,,LOSS,False,3
,False,15,False,92594206,no_retreat_option,v7,,,,,,,,,1071,,,LOSS,False,3
,False,16,False,92594206,no_retreat_option,v7,,,,,,,,,1071,,,LOSS,False,3
,False,17,False,92594206,no_retreat_option,v7,,,,,,,,,1071,,,LOSS,False,5
,False,18,False,92594206,no_retreat_option,v7,,,,,,,,,1071,,,LOSS,False,5
,False,0,False,92595153,no_active,v7,,,,,,,,,,,,LOSS,False,
,False,1,False,92595153,no_active,v7,,,,,,,,,,,,LOSS,False,
,False,2,False,92595153,no_active,v7,,,,,,,,,,,,LOSS,False,0
,False,3,False,92595153,no_active,v7,,,,,,,,,,,,LOSS,False,0
,False,4,False,92595153,no_active,v7,,,,,,,,,,,,LOSS,False,0
,False,5,False,92595153,no_retreat_option,v7,,,,,,,,,235,,,LOSS,False,1
,False,6,False,92595153,not_2prize_ex,v7,,,,,,,,,235,,,LOSS,False,1
,False,7,False,92595153,no_retreat_option,v7,,,,,,,,,235,,,LOSS,False,1
,False,8,False,92595153,no_retreat_option,v7,,,,,,,,,235,,,LOSS,False,1
,False,9,False,92595153,not_2prize_ex,v7,,,,,,,,,235,,,LOSS,False,1
,False,10,False,92595153,not_2prize_ex,v7,,,,,,,,,235,,,LOSS,False,1
,False,11,False,92595153,not_2prize_ex,v7,,,,,,,,,235,,,LOSS,False,3
,False,12,False,92595153,no_retreat_option,v7,,,,,,,,,235,,,LOSS,False,3
,False,13,False,92595153,no_retreat_option,v7,,,,,,,,,235,,,LOSS,False,3
,False,14,False,92595153,no_retreat_option,v7,,,,,,,,,235,,,LOSS,False,3
,False,15,False,92595153,not_2prize_ex,v7,,,,,,,,,235,,,LOSS,False,3
,False,16,False,92595153,not_2prize_ex,v7,,,,,,,,,235,,,LOSS,False,3
,False,17,False,92595153,no_retreat_option,v7,,,,,,,,,235,,,LOSS,False,3
,False,18,False,92595153,not_2prize_ex,v7,,,,,,,,,235,,,LOSS,False,3
,False,19,False,92595153,not_2prize_ex,v7,,,,,,,,,235,,,LOSS,False,5
,False,20,False,92595153,no_retreat_option,v7,,,,,,,,,235,,,LOSS,False,5
,False,21,False,92595153,not_2prize_ex,v7,,,,,,,,,235,,,LOSS,False,5
,False,22,False,92595153,not_2prize_ex,v7,,,,,,,,,235,,,LOSS,False,5
,False,23,False,92595153,not_2prize_ex,v7,,,,,,,,,235,,,LOSS,False,5
,False,24,False,92595153,not_2prize_ex,v7,,,,,,,,,235,,,LOSS,False,5
,False,25,False,92595153,no_active,v7,,,,,,,,,,,,LOSS,False,6
,False,26,False,92595153,not_2prize_ex,v7,,,,,,,,,120,,,LOSS,False,7
,False,27,False,92595153,not_2prize_ex,v7,,,,,,,,,120,,,LOSS,False,7
,False,28,False,92595153,no_retreat_option,v7,,,,,,,,,120,,,LOSS,False,7
,False,29,False,92595153,not_2prize_ex,v7,,,,,,,,,120,,,LOSS,False,7
,False,30,False,92595153,no_retreat_option,v7,,,,,,,,,120,,,LOSS,False,7
,False,31,False,92595153,not_2prize_ex,v7,,,,,,,,,120,,,LOSS,False,7
,False,32,False,92595153,no_retreat_option,v7,,,,,,,,,120,,,LOSS,False,7
,False,33,False,92595153,not_2prize_ex,v7,,,,,,,,,120,,,LOSS,False,7
,False,34,False,92595153,no_retreat_option,v7,,,,,,,,,120,,,LOSS,False,7
,False,35,False,92595153,not_2prize_ex,v7,,,,,,,,,120,,,LOSS,False,7
,False,36,False,92595153,not_2prize_ex,v7,,,,,,,,,120,,,LOSS,False,7
,False,37,False,92595153,not_2prize_ex,v7,,,,,,,,,120,,,LOSS,False,7
,False,38,False,92595153,no_retreat_option,v7,,,,,,,,,120,,,LOSS,False,7
,False,39,False,92595153,not_2prize_ex,v7,,,,,,,,,120,,,LOSS,False,7
,False,40,False,92595153,not_2prize_ex,v7,,,,,,,,,120,,,LOSS,False,7
,False,41,False,92595153,not_2prize_ex,v7,,,,,,,,,120,,,LOSS,False,7
,False,42,False,92595153,no_retreat_option,v7,,,,,,,,,140,,,LOSS,False,9
False,False,43,True,92595153,,v7,2,Dragapult ex,250,Jet Headbutt,70,Fezandipiti ex,0,10,140,1,,LOSS,False,9
,False,44,False,92595153,no_retreat_option,v7,,,,,,,,,140,,,LOSS,False,9
False,False,45,True,92595153,,v7,2,Dragapult ex,250,Jet Headbutt,70,Fezandipiti ex,0,10,140,1,,LOSS,False,9
,False,46,False,92595153,no_retreat_option,v7,,,,,,,,,140,,,LOSS,False,9
False,False,47,True,92595153,,v7,2,Dragapult ex,250,Jet Headbutt,70,Fezandipiti ex,0,10,140,1,,LOSS,False,9
False,False,48,True,92595153,,v7,3,Dragapult ex,250,Jet Headbutt,70,Fezandipiti ex,0,10,140,1,,LOSS,False,9
False,False,49,True,92595153,,v7,3,Dragapult ex,250,Jet Headbutt,70,Fezandipiti ex,0,10,140,1,,LOSS,False,9
False,False,50,True,92595153,,v7,3,Dragapult ex,250,Jet Headbutt,70,Fezandipiti ex,0,10,140,1,,LOSS,False,9
,False,51,False,92595153,no_retreat_option,v7,,,,,,,,,140,,,LOSS,False,9
False,False,52,True,92595153,,v7,3,Dragapult ex,250,Jet Headbutt,70,Fezandipiti ex,0,10,140,1,,LOSS,False,9
,False,53,False,92595153,no_retreat_option,v7,,,,,,,,,140,,,LOSS,False,9
False,False,54,True,92595153,,v7,3,Dragapult ex,250,Jet Headbutt,70,Fezandipiti ex,0,10,140,1,,LOSS,False,9
False,False,55,True,92595153,,v7,3,Dragapult ex,250,Jet Headbutt,70,Fezandipiti ex,0,10,140,1,,LOSS,False,9
False,False,56,True,92595153,,v7,2,Dragapult ex,250,Jet Headbutt,70,Fezandipiti ex,0,10,140,1,,LOSS,False,9
,False,57,False,92595153,no_retreat_option,v7,,,,,,,,,140,,,LOSS,False,9
False,False,58,True,92595153,,v7,2,Dragapult ex,250,Jet Headbutt,70,Fezandipiti ex,0,10,140,1,,LOSS,False,9
False,False,59,True,92595153,,v7,1,Dragapult ex,250,Jet Headbutt,70,Fezandipiti ex,0,10,140,1,,LOSS,False,9
,False,60,False,92595153,no_retreat_option,v7,,,,,,,,,140,,,LOSS,False,9
False,False,61,True,92595153,,v7,1,Dragapult ex,250,Jet Headbutt,70,Fezandipiti ex,0,10,140,1,,LOSS,True,9
,False,62,False,92595153,no_retreat_option,v7,,,,,,,,,140,,,LOSS,False,9
,True,63,False,92595153,no_retreat_option,v7,,,,,,,,,121,,,LOSS,False,9
,False,64,False,92595153,no_retreat_option,v7,,,,,,,,,121,,,LOSS,False,9
,False,65,False,92595153,no_retreat_option,v7,,,,,,,,,121,,,LOSS,False,9
,False,66,False,92595153,no_retreat_option,v7,,,,,,,,,121,,,LOSS,False,9
,False,67,False,92595153,no_retreat_option,v7,,,,,,,,,121,,,LOSS,False,9
,False,68,False,92595153,no_retreat_option,v7,,,,,,,,,121,,,LOSS,False,9
,False,69,False,92595153,no_retreat_option,v7,,,,,,,,,121,,,LOSS,False,9
,False,70,False,92595153,no_retreat_option,v7,,,,,,,,,121,,,LOSS,False,9
,False,71,False,92595153,winning_trade_available,v7,,,,,,,,,121,,Jet Headbutt,LOSS,False,11
,False,72,False,92595153,no_retreat_option,v7,,,,,,,,,121,,,LOSS,False,11
,False,73,False,92595153,no_retreat_option,v7,,,,,,,,,121,,,LOSS,False,11
,False,74,False,92595153,winning_trade_available,v7,,,,,,,,,121,,Jet Headbutt,LOSS,False,11
,False,75,False,92595153,no_retreat_option,v7,,,,,,,,,121,,,LOSS,False,11
,False,76,False,92595153,winning_trade_available,v7,,,,,,,,,121,,Jet Headbutt,LOSS,False,11
,False,77,False,92595153,no_retreat_option,v7,,,,,,,,,121,,,LOSS,False,11
,False,78,False,92595153,winning_trade_available,v7,,,,,,,,,121,,Jet Headbutt,LOSS,False,11
,False,79,False,92595153,no_retreat_option,v7,,,,,,,,,121,,,LOSS,False,11
,False,80,False,92595153,no_retreat_option,v7,,,,,,,,,121,,,LOSS,False,11
,False,81,False,92595153,no_retreat_option,v7,,,,,,,,,121,,,LOSS,False,11
,False,82,False,92595153,winning_trade_available,v7,,,,,,,,,121,,Jet Headbutt,LOSS,False,11
,True,83,False,92595153,winning_trade_available,v7,,,,,,,,,121,,Jet Headbutt,LOSS,False,11
,False,84,False,92595153,no_retreat_option,v7,,,,,,,,,121,,,LOSS,False,11
,False,85,False,92595153,no_retreat_option,v7,,,,,,,,,121,,,LOSS,False,11
,False,86,False,92595153,no_retreat_option,v7,,,,,,,,,121,,,LOSS,False,11
,False,87,False,92595153,no_retreat_option,v7,,,,,,,,,121,,,LOSS,False,11
,False,88,False,92595153,no_retreat_option,v7,,,,,,,,,121,,,LOSS,False,11
,False,89,False,92595153,no_retreat_option,v7,,,,,,,,,121,,,LOSS,False,11
,False,90,False,92595153,no_active,v7,,,,,,,,,121,,,LOSS,False,11
,False,0,False,92596095,no_active,v7,,,,,,,,,,,,LOSS,False,
,False,1,False,92596095,no_active,v7,,,,,,,,,,,,LOSS,False,
,False,2,False,92596095,no_active,v7,,,,,,,,,,,,LOSS,False,0
,False,3,False,92596095,no_retreat_option,v7,,,,,,,,,119,,,LOSS,False,2
,False,4,False,92596095,no_retreat_option,v7,,,,,,,,,119,,,LOSS,False,2
,False,5,False,92596095,no_retreat_option,v7,,,,,,,,,119,,,LOSS,False,2
,False,6,False,92596095,no_retreat_option,v7,,,,,,,,,119,,,LOSS,False,2
,False,7,False,92596095,no_retreat_option,v7,,,,,,,,,119,,,LOSS,False,2
,False,8,False,92596095,not_2prize_ex,v7,,,,,,,,,119,,,LOSS,False,2
,False,9,False,92596095,no_retreat_option,v7,,,,,,,,,119,,,LOSS,False,2
,False,10,False,92596095,not_2prize_ex,v7,,,,,,,,,119,,,LOSS,True,2
,False,11,False,92596095,no_retreat_option,v7,,,,,,,,,119,,,LOSS,False,2
,False,12,False,92596095,no_retreat_option,v7,,,,,,,,,119,,,LOSS,False,2
,False,13,False,92596095,no_retreat_option,v7,,,,,,,,,235,,,LOSS,False,2
,False,14,False,92596095,not_2prize_ex,v7,,,,,,,,,235,,,LOSS,False,4
,False,15,False,92596095,no_retreat_option,v7,,,,,,,,,235,,,LOSS,False,4
,False,16,False,92596095,not_2prize_ex,v7,,,,,,,,,235,,,LOSS,False,4
,False,17,False,92596095,not_2prize_ex,v7,,,,,,,,,235,,,LOSS,False,4
,False,18,False,92596095,no_retreat_option,v7,,,,,,,,,235,,,LOSS,False,4
,False,19,False,92596095,not_2prize_ex,v7,,,,,,,,,235,,,LOSS,False,4
,False,20,False,92596095,not_2prize_ex,v7,,,,,,,,,235,,,LOSS,False,4
,False,21,False,92596095,no_retreat_option,v7,,,,,,,,,235,,,LOSS,False,4
,False,22,False,92596095,not_2prize_ex,v7,,,,,,,,,235,,,LOSS,False,4
,False,23,False,92596095,not_2prize_ex,v7,,,,,,,,,235,,,LOSS,False,4
,False,24,False,92596095,no_active,v7,,,,,,,,,,,,LOSS,False,5
,False,25,False,92596095,not_2prize_ex,v7,,,,,,,,,119,,,LOSS,False,6
,False,26,False,92596095,not_2prize_ex,v7,,,,,,,,,119,,,LOSS,False,6
,False,27,False,92596095,no_retreat_option,v7,,,,,,,,,119,,,LOSS,False,6
,False,28,False,92596095,not_2prize_ex,v7,,,,,,,,,119,,,LOSS,False,6
,False,29,False,92596095,no_retreat_option,v7,,,,,,,,,119,,,LOSS,False,6
,False,30,False,92596095,no_retreat_option,v7,,,,,,,,,119,,,LOSS,False,6
,False,31,False,92596095,no_retreat_option,v7,,,,,,,,,119,,,LOSS,False,6
,False,32,False,92596095,not_2prize_ex,v7,,,,,,,,,119,,,LOSS,False,6
,False,33,False,92596095,not_2prize_ex,v7,,,,,,,,,119,,,LOSS,True,6
,False,34,False,92596095,no_retreat_option,v7,,,,,,,,,119,,,LOSS,False,6
,False,35,False,92596095,no_retreat_option,v7,,,,,,,,,119,,,LOSS,False,6
,True,36,False,92596095,no_retreat_option,v7,,,,,,,,,121,,,LOSS,False,6
,False,37,False,92596095,no_retreat_option,v7,,,,,,,,,121,,,LOSS,False,6
,False,38,False,92596095,no_retreat_option,v7,,,,,,,,,121,,,LOSS,False,6
,False,39,False,92596095,no_retreat_option,v7,,,,,,,,,121,,,LOSS,False,6
,False,40,False,92596095,no_retreat_option,v7,,,,,,,,,121,,,LOSS,False,6
,False,41,False,92596095,no_retreat_option,v7,,,,,,,,,121,,,LOSS,False,6
,False,42,False,92596095,no_retreat_option,v7,,,,,,,,,121,,,LOSS,False,6
,False,43,False,92596095,not_lethal,v7,,,,,,,,,121,,,LOSS,False,8
,False,44,False,92596095,no_retreat_option,v7,,,,,,,,,121,,,LOSS,False,8
,False,45,False,92596095,not_lethal,v7,,,,,,,,,121,,,LOSS,False,8
,False,46,False,92596095,not_lethal,v7,,,,,,,,,121,,,LOSS,False,8
,False,47,False,92596095,not_lethal,v7,,,,,,,,,121,,,LOSS,False,8
,False,48,False,92596095,not_lethal,v7,,,,,,,,,121,,,LOSS,False,8
,False,49,False,92596095,no_retreat_option,v7,,,,,,,,,121,,,LOSS,False,8
,False,50,False,92596095,no_retreat_option,v7,,,,,,,,,121,,,LOSS,False,8
,False,51,False,92596095,not_lethal,v7,,,,,,,,,121,,,LOSS,False,8
,False,52,False,92596095,not_lethal,v7,,,,,,,,,121,,,LOSS,False,8
,False,53,False,92596095,no_retreat_option,v7,,,,,,,,,121,,,LOSS,False,8
,True,54,False,92596095,not_lethal,v7,,,,,,,,,121,,,LOSS,False,8
,False,55,False,92596095,no_retreat_option,v7,,,,,,,,,121,,,LOSS,False,8
,False,56,False,92596095,no_retreat_option,v7,,,,,,,,,121,,,LOSS,False,8
,False,57,False,92596095,no_retreat_option,v7,,,,,,,,,121,,,LOSS,False,8
,False,58,False,92596095,no_retreat_option,v7,,,,,,,,,121,,,LOSS,False,8
,False,59,False,92596095,no_retreat_option,v7,,,,,,,,,121,,,LOSS,False,8
,False,60,False,92596095,no_retreat_option,v7,,,,,,,,,121,,,LOSS,False,8
False,False,61,True,92596095,,v7,1,Crustle,170,Superb Scissors,120,Dragapult ex,1,80,121,1,,LOSS,False,10
,False,62,False,92596095,no_retreat_option,v7,,,,,,,,,121,,,LOSS,False,10
False,False,63,True,92596095,,v7,1,Crustle,170,Superb Scissors,120,Dragapult ex,1,80,121,1,,LOSS,False,10
False,False,64,True,92596095,,v7,1,Crustle,170,Superb Scissors,120,Dragapult ex,1,80,121,1,,LOSS,False,10
False,False,65,True,92596095,,v7,1,Crustle,170,Superb Scissors,120,Dragapult ex,1,80,121,1,,LOSS,False,10
False,False,66,True,92596095,,v7,1,Crustle,170,Superb Scissors,120,Dragapult ex,1,80,121,1,,LOSS,False,10
,False,67,False,92596095,no_retreat_option,v7,,,,,,,,,121,,,LOSS,False,10
,False,68,False,92596095,no_retreat_option,v7,,,,,,,,,121,,,LOSS,False,10
False,False,69,True,92596095,,v7,1,Crustle,170,Superb Scissors,120,Dragapult ex,1,80,121,1,,LOSS,False,10
False,True,70,True,92596095,,v7,1,Crustle,170,Superb Scissors,120,Dragapult ex,1,80,121,1,,LOSS,False,10
,False,71,False,92596095,no_retreat_option,v7,,,,,,,,,121,,,LOSS,False,10
,False,72,False,92596095,no_retreat_option,v7,,,,,,,,,121,,,LOSS,False,10
,False,73,False,92596095,no_retreat_option,v7,,,,,,,,,121,,,LOSS,False,10
,False,74,False,92596095,no_retreat_option,v7,,,,,,,,,121,,,LOSS,False,10
,False,75,False,92596095,no_retreat_option,v7,,,,,,,,,121,,,LOSS,False,10
,False,76,False,92596095,no_retreat_option,v7,,,,,,,,,121,,,LOSS,False,10
,False,77,False,92596095,no_active,v7,,,,,,,,,,,,LOSS,False,11
,False,78,False,92596095,not_lethal,v7,,,,,,,,,121,,,LOSS,False,12
,False,79,False,92596095,no_retreat_option,v7,,,,,,,,,121,,,LOSS,False,12
,False,80,False,92596095,not_lethal,v7,,,,,,,,,121,,,LOSS,False,12
,False,81,False,92596095,no_retreat_option,v7,,,,,,,,,121,,,LOSS,False,12
,False,82,False,92596095,not_lethal,v7,,,,,,,,,121,,,LOSS,False,12
,False,83,False,92596095,not_lethal,v7,,,,,,,,,121,,,LOSS,False,12
,False,84,False,92596095,no_retreat_option,v7,,,,,,,,,121,,,LOSS,False,12
,False,85,False,92596095,no_retreat_option,v7,,,,,,,,,121,,,LOSS,False,12
,False,86,False,92596095,no_retreat_option,v7,,,,,,,,,121,,,LOSS,False,12
,False,87,False,92596095,not_lethal,v7,,,,,,,,,121,,,LOSS,False,12
,False,88,False,92596095,not_lethal,v7,,,,,,,,,121,,,LOSS,False,12
,True,89,False,92596095,not_lethal,v7,,,,,,,,,121,,,LOSS,False,12
,False,90,False,92596095,no_retreat_option,v7,,,,,,,,,121,,,LOSS,False,12
,False,91,False,92596095,no_retreat_option,v7,,,,,,,,,121,,,LOSS,False,12
,False,92,False,92596095,no_retreat_option,v7,,,,,,,,,121,,,LOSS,False,12
,False,93,False,92596095,no_retreat_option,v7,,,,,,,,,121,,,LOSS,False,12
,False,94,False,92596095,no_retreat_option,v7,,,,,,,,,121,,,LOSS,False,12
,False,95,False,92596095,no_retreat_option,v7,,,,,,,,,121,,,LOSS,False,12
,False,96,False,92596095,no_retreat_option,v7,,,,,,,,,121,,,LOSS,False,12
,False,97,False,92596095,not_lethal,v7,,,,,,,,,121,,,LOSS,False,14
,False,98,False,92596095,no_retreat_option,v7,,,,,,,,,121,,,LOSS,False,14
,False,99,False,92596095,not_lethal,v7,,,,,,,,,121,,,LOSS,False,14
,False,100,False,92596095,no_retreat_option,v7,,,,,,,,,121,,,LOSS,False,14
,False,101,False,92596095,not_lethal,v7,,,,,,,,,121,,,LOSS,False,14
,False,102,False,92596095,not_lethal,v7,,,,,,,,,121,,,LOSS,False,14
,False,103,False,92596095,not_lethal,v7,,,,,,,,,121,,,LOSS,False,14
,False,104,False,92596095,not_lethal,v7,,,,,,,,,121,,,LOSS,False,14
,False,105,False,92596095,no_retreat_option,v7,,,,,,,,,121,,,LOSS,False,14
,True,106,False,92596095,not_lethal,v7,,,,,,,,,121,,,LOSS,False,14
,False,107,False,92596095,no_retreat_option,v7,,,,,,,,,121,,,LOSS,False,14
,False,108,False,92596095,no_retreat_option,v7,,,,,,,,,121,,,LOSS,False,14
,False,109,False,92596095,no_retreat_option,v7,,,,,,,,,121,,,LOSS,False,14
,False,110,False,92596095,no_retreat_option,v7,,,,,,,,,121,,,LOSS,False,14
,False,111,False,92596095,no_retreat_option,v7,,,,,,,,,121,,,LOSS,False,14
,False,112,False,92596095,no_retreat_option,v7,,,,,,,,,121,,,LOSS,False,14
,False,113,False,92596095,no_retreat_option,v7,,,,,,,,,121,,,LOSS,False,14
,False,114,False,92596095,no_ready_bench,v7,,,,,,,,,121,,,LOSS,False,16
,False,115,False,92596095,no_ready_bench,v7,,,,,,,,,121,,,LOSS,False,16
,False,116,False,92596095,no_active,v7,,,,,,,,,,,,LOSS,False,17
,False,117,False,92596095,not_2prize_ex,v7,,,,,,,,,120,,,LOSS,False,18
,False,118,False,92596095,no_retreat_option,v7,,,,,,,,,120,,,LOSS,False,18
,False,119,False,92596095,not_2prize_ex,v7,,,,,,,,,120,,,LOSS,False,18
,False,120,False,92596095,not_lethal,v7,,,,,,,,,121,,,LOSS,False,18
,False,121,False,92596095,no_retreat_option,v7,,,,,,,,,121,,,LOSS,False,18
,False,122,False,92596095,not_lethal,v7,,,,,,,,,121,,,LOSS,False,18
,False,123,False,92596095,not_lethal,v7,,,,,,,,,121,,,LOSS,False,20
,False,124,False,92596095,not_lethal,v7,,,,,,,,,121,,,LOSS,False,20
,False,0,False,92597037,no_active,v7,,,,,,,,,,,,WIN,False,
,False,1,False,92597037,no_active,v7,,,,,,,,,,,,WIN,False,
,False,2,False,92597037,no_active,v7,,,,,,,,,,,,WIN,False,0
,False,3,False,92597037,no_retreat_option,v7,,,,,,,,,140,,,WIN,False,2
,False,4,False,92597037,no_retreat_option,v7,,,,,,,,,140,,,WIN,False,2
,False,5,False,92597037,no_retreat_option,v7,,,,,,,,,140,,,WIN,False,2
,False,6,False,92597037,no_retreat_option,v7,,,,,,,,,140,,,WIN,False,2
,False,7,False,92597037,no_retreat_option,v7,,,,,,,,,140,,,WIN,False,2
,False,8,False,92597037,no_retreat_option,v7,,,,,,,,,140,,,WIN,False,2
,False,9,False,92597037,no_retreat_option,v7,,,,,,,,,140,,,WIN,False,2
,False,10,False,92597037,not_lethal,v7,,,,,,,,,140,,,WIN,False,2
,False,11,False,92597037,not_lethal,v7,,,,,,,,,140,,,WIN,True,2
,False,12,False,92597037,no_retreat_option,v7,,,,,,,,,140,,,WIN,False,2
,False,13,False,92597037,no_retreat_option,v7,,,,,,,,,235,,,WIN,False,2
,False,14,False,92597037,no_active,v7,,,,,,,,,,,,WIN,False,3
,False,15,False,92597037,not_2prize_ex,v7,,,,,,,,,119,,,WIN,False,4
,False,16,False,92597037,not_2prize_ex,v7,,,,,,,,,119,,,WIN,False,4
,False,17,False,92597037,no_retreat_option,v7,,,,,,,,,119,,,WIN,False,4
,False,18,False,92597037,no_retreat_option,v7,,,,,,,,,119,,,WIN,False,4
,False,19,False,92597037,not_2prize_ex,v7,,,,,,,,,119,,,WIN,False,4
,False,20,False,92597037,not_2prize_ex,v7,,,,,,,,,119,,,WIN,False,4
,False,21,False,92597037,not_2prize_ex,v7,,,,,,,,,119,,,WIN,False,4
,False,22,False,92597037,no_retreat_option,v7,,,,,,,,,120,,,WIN,False,4
,False,23,False,92597037,no_retreat_option,v7,,,,,,,,,120,,,WIN,False,4
,False,24,False,92597037,no_retreat_option,v7,,,,,,,,,120,,,WIN,False,4
,False,25,False,92597037,no_retreat_option,v7,,,,,,,,,120,,,WIN,False,4
,False,26,False,92597037,no_retreat_option,v7,,,,,,,,,120,,,WIN,False,4
,False,27,False,92597037,no_retreat_option,v7,,,,,,,,,120,,,WIN,False,4
,False,28,False,92597037,no_retreat_option,v7,,,,,,,,,120,,,WIN,False,4
,False,29,False,92597037,no_retreat_option,v7,,,,,,,,,120,,,WIN,False,4
,False,30,False,92597037,no_active,v7,,,,,,,,,,,,WIN,False,5
,False,31,False,92597037,not_2prize_ex,v7,,,,,,,,,235,,,WIN,False,6
,False,32,False,92597037,no_retreat_option,v7,,,,,,,,,235,,,WIN,False,6
,False,33,False,92597037,not_2prize_ex,v7,,,,,,,,,235,,,WIN,False,6
,False,34,False,92597037,not_2prize_ex,v7,,,,,,,,,235,,,WIN,False,6
,False,35,False,92597037,no_retreat_option,v7,,,,,,,,,235,,,WIN,False,6
,False,36,False,92597037,no_retreat_option,v7,,,,,,,,,235,,,WIN,False,6
,False,37,False,92597037,not_2prize_ex,v7,,,,,,,,,235,,,WIN,False,6
,False,38,False,92597037,not_2prize_ex,v7,,,,,,,,,235,,,WIN,False,6
,False,39,False,92597037,no_retreat_option,v7,,,,,,,,,235,,,WIN,False,6
,False,40,False,92597037,not_2prize_ex,v7,,,,,,,,,235,,,WIN,False,6
,False,41,False,92597037,not_2prize_ex,v7,,,,,,,,,235,,,WIN,False,6
,False,42,False,92597037,no_retreat_option,v7,,,,,,,,,235,,,WIN,False,6
,False,43,False,92597037,not_2prize_ex,v7,,,,,,,,,235,,,WIN,False,6
,False,44,False,92597037,not_2prize_ex,v7,,,,,,,,,235,,,WIN,False,6
,False,45,False,92597037,not_2prize_ex,v7,,,,,,,,,235,,,WIN,False,6
,False,46,False,92597037,no_active,v7,,,,,,,,,,,,WIN,False,7
,False,47,False,92597037,not_2prize_ex,v7,,,,,,,,,120,,,WIN,False,8
,False,48,False,92597037,not_lethal,v7,,,,,,,,,121,,,WIN,False,8
,False,49,False,92597037,not_lethal,v7,,,,,,,,,121,,,WIN,False,8
,False,50,False,92597037,not_lethal,v7,,,,,,,,,121,,,WIN,False,8
,False,51,False,92597037,no_retreat_option,v7,,,,,,,,,121,,,WIN,False,8
,False,52,False,92597037,not_lethal,v7,,,,,,,,,121,,,WIN,False,8
,False,53,False,92597037,not_lethal,v7,,,,,,,,,121,,,WIN,False,8
,False,54,False,92597037,not_lethal,v7,,,,,,,,,121,,,WIN,False,8
False,False,55,True,92597037,,v7,1,Mega Lucario ex,120,Aura Jab,130,Dragapult ex,1,50,121,1,,WIN,False,10
False,False,56,True,92597037,,v7,1,Mega Lucario ex,120,Aura Jab,130,Dragapult ex,1,50,121,1,,WIN,False,10
False,False,57,True,92597037,,v7,1,Mega Lucario ex,120,Aura Jab,130,Dragapult ex,1,50,121,1,,WIN,False,10
,False,58,False,92597037,no_retreat_option,v7,,,,,,,,,121,,,WIN,False,10
False,False,59,True,92597037,,v7,1,Mega Lucario ex,120,Aura Jab,130,Dragapult ex,1,50,121,1,,WIN,False,10
False,True,60,True,92597037,,v7,1,Mega Lucario ex,120,Aura Jab,130,Dragapult ex,1,50,121,1,,WIN,False,10
,False,61,False,92597037,no_retreat_option,v7,,,,,,,,,121,,,WIN,False,10
,False,62,False,92597037,no_retreat_option,v7,,,,,,,,,121,,,WIN,False,10
,False,63,False,92597037,no_retreat_option,v7,,,,,,,,,121,,,WIN,False,10
,False,64,False,92597037,no_retreat_option,v7,,,,,,,,,121,,,WIN,False,10
,False,65,False,92597037,no_retreat_option,v7,,,,,,,,,121,,,WIN,False,10
,False,66,False,92597037,no_retreat_option,v7,,,,,,,,,121,,,WIN,False,10
,False,67,False,92597037,no_active,v7,,,,,,,,,121,,,WIN,False,10
,False,68,False,92597037,not_lethal,v7,,,,,,,,,121,,,WIN,False,12
,False,69,False,92597037,not_lethal,v7,,,,,,,,,121,,,WIN,False,12
,False,70,False,92597037,no_retreat_option,v7,,,,,,,,,121,,,WIN,False,12
,False,71,False,92597037,no_retreat_option,v7,,,,,,,,,121,,,WIN,False,12
,False,72,False,92597037,not_lethal,v7,,,,,,,,,121,,,WIN,False,12
,False,73,False,92597037,no_retreat_option,v7,,,,,,,,,121,,,WIN,False,12
,False,74,False,92597037,no_retreat_option,v7,,,,,,,,,121,,,WIN,False,12
,False,75,False,92597037,no_retreat_option,v7,,,,,,,,,121,,,WIN,False,12
,False,76,False,92597037,not_lethal,v7,,,,,,,,,121,,,WIN,False,12
,False,77,False,92597037,not_lethal,v7,,,,,,,,,121,,,WIN,False,12
,False,78,False,92597037,no_retreat_option,v7,,,,,,,,,121,,,WIN,False,12
,False,79,False,92597037,not_lethal,v7,,,,,,,,,121,,,WIN,False,12
,True,80,False,92597037,not_lethal,v7,,,,,,,,,121,,,WIN,False,12
,False,81,False,92597037,no_retreat_option,v7,,,,,,,,,121,,,WIN,False,12
,False,82,False,92597037,no_retreat_option,v7,,,,,,,,,121,,,WIN,False,12
,False,83,False,92597037,no_retreat_option,v7,,,,,,,,,121,,,WIN,False,12
,False,84,False,92597037,no_retreat_option,v7,,,,,,,,,121,,,WIN,False,12
,False,85,False,92597037,no_retreat_option,v7,,,,,,,,,121,,,WIN,False,12
,False,86,False,92597037,no_retreat_option,v7,,,,,,,,,121,,,WIN,False,12
,False,87,False,92597037,no_active,v7,,,,,,,,,121,,,WIN,False,12
,True,88,False,92597037,not_lethal,v7,,,,,,,,,121,,,WIN,False,14
,False,0,False,92597971,no_active,v7,,,,,,,,,,,,LOSS,False,
,False,1,False,92597971,no_active,v7,,,,,,,,,,,,LOSS,False,
,False,2,False,92597971,no_active,v7,,,,,,,,,,,,LOSS,False,0
,False,3,False,92597971,no_active,v7,,,,,,,,,,,,LOSS,False,0
,False,4,False,92597971,no_retreat_option,v7,,,,,,,,,235,,,LOSS,False,2
,False,5,False,92597971,not_2prize_ex,v7,,,,,,,,,235,,,LOSS,False,2
,False,6,False,92597971,no_retreat_option,v7,,,,,,,,,235,,,LOSS,False,2
,False,7,False,92597971,not_2prize_ex,v7,,,,,,,,,235,,,LOSS,False,2
,False,8,False,92597971,not_2prize_ex,v7,,,,,,,,,235,,,LOSS,False,2
,False,9,False,92597971,not_2prize_ex,v7,,,,,,,,,235,,,LOSS,False,2
,False,10,False,92597971,no_retreat_option,v7,,,,,,,,,235,,,LOSS,False,2
,False,11,False,92597971,no_retreat_option,v7,,,,,,,,,235,,,LOSS,False,2
,False,12,False,92597971,not_2prize_ex,v7,,,,,,,,,235,,,LOSS,False,2
,False,13,False,92597971,not_2prize_ex,v7,,,,,,,,,235,,,LOSS,False,2
,False,14,False,92597971,not_2prize_ex,v7,,,,,,,,,235,,,LOSS,False,2
,False,15,False,92597971,not_2prize_ex,v7,,,,,,,,,235,,,LOSS,False,2
,False,16,False,92597971,not_2prize_ex,v7,,,,,,,,,235,,,LOSS,False,4
,False,17,False,92597971,not_2prize_ex,v7,,,,,,,,,235,,,LOSS,False,4
,False,18,False,92597971,no_retreat_option,v7,,,,,,,,,235,,,LOSS,False,4
,False,19,False,92597971,no_retreat_option,v7,,,,,,,,,235,,,LOSS,False,4
,False,20,False,92597971,no_retreat_option,v7,,,,,,,,,235,,,LOSS,False,4
,False,21,False,92597971,not_2prize_ex,v7,,,,,,,,,235,,,LOSS,False,4
,False,22,False,92597971,not_2prize_ex,v7,,,,,,,,,235,,,LOSS,False,4
,False,23,False,92597971,no_retreat_option,v7,,,,,,,,,235,,,LOSS,False,4
,False,24,False,92597971,not_2prize_ex,v7,,,,,,,,,235,,,LOSS,False,4
,False,25,False,92597971,not_2prize_ex,v7,,,,,,,,,235,,,LOSS,False,4
,False,26,False,92597971,not_2prize_ex,v7,,,,,,,,,235,,,LOSS,False,6
,False,27,False,92597971,not_2prize_ex,v7,,,,,,,,,235,,,LOSS,False,6
,False,28,False,92597971,no_retreat_option,v7,,,,,,,,,235,,,LOSS,False,6
,False,29,False,92597971,not_2prize_ex,v7,,,,,,,,,235,,,LOSS,False,6
,False,30,False,92597971,not_2prize_ex,v7,,,,,,,,,235,,,LOSS,False,6
,False,31,False,92597971,not_2prize_ex,v7,,,,,,,,,235,,,LOSS,False,6
,False,32,False,92597971,not_2prize_ex,v7,,,,,,,,,235,,,LOSS,False,8
,True,33,False,92597971,not_2prize_ex,v7,,,,,,,,,235,,,LOSS,False,8
,False,34,False,92597971,no_active,v7,,,,,,,,,235,,,LOSS,False,8
,False,35,False,92597971,no_active,v7,,,,,,,,,,,,LOSS,False,9
,False,36,False,92597971,not_lethal,v7,,,,,,,,,121,,,LOSS,False,10
,False,37,False,92597971,not_lethal,v7,,,,,,,,,121,,,LOSS,False,10
,False,38,False,92597971,no_retreat_option,v7,,,,,,,,,121,,,LOSS,False,10
,False,39,False,92597971,no_retreat_option,v7,,,,,,,,,121,,,LOSS,False,10
,False,40,False,92597971,no_retreat_option,v7,,,,,,,,,121,,,LOSS,False,10
,False,41,False,92597971,not_lethal,v7,,,,,,,,,121,,,LOSS,False,10
,True,42,False,92597971,not_lethal,v7,,,,,,,,,121,,,LOSS,False,10
,False,43,False,92597971,no_retreat_option,v7,,,,,,,,,121,,,LOSS,False,10
,False,44,False,92597971,no_retreat_option,v7,,,,,,,,,121,,,LOSS,False,10
,False,45,False,92597971,no_retreat_option,v7,,,,,,,,,121,,,LOSS,False,10
,False,46,False,92597971,no_retreat_option,v7,,,,,,,,,121,,,LOSS,False,10
,False,47,False,92597971,no_retreat_option,v7,,,,,,,,,121,,,LOSS,False,10
,False,48,False,92597971,no_retreat_option,v7,,,,,,,,,121,,,LOSS,False,10
False,False,49,True,92597971,,v7,2,Marnie's Grimmsnarl ex,120,Shadow Bullet,180,Dragapult ex,1,140,121,1,,LOSS,False,12
,False,50,False,92597971,no_retreat_option,v7,,,,,,,,,121,,,LOSS,False,12
False,False,51,True,92597971,,v7,2,Marnie's Grimmsnarl ex,120,Shadow Bullet,180,Dragapult ex,1,140,121,1,,LOSS,False,12
False,True,52,True,92597971,,v7,2,Marnie's Grimmsnarl ex,120,Shadow Bullet,180,Dragapult ex,1,140,121,1,,LOSS,False,12
,False,53,False,92597971,no_retreat_option,v7,,,,,,,,,121,,,LOSS,False,12
,False,54,False,92597971,no_retreat_option,v7,,,,,,,,,121,,,LOSS,False,12
,False,55,False,92597971,no_retreat_option,v7,,,,,,,,,121,,,LOSS,False,12
,False,56,False,92597971,no_retreat_option,v7,,,,,,,,,121,,,LOSS,False,12
,False,57,False,92597971,no_retreat_option,v7,,,,,,,,,121,,,LOSS,False,12
,False,58,False,92597971,no_retreat_option,v7,,,,,,,,,121,,,LOSS,False,12
,False,59,False,92597971,no_active,v7,,,,,,,,,121,,,LOSS,False,12
,False,60,False,92597971,no_active,v7,,,,,,,,,,,,LOSS,False,13
,False,61,False,92597971,not_2prize_ex,v7,,,,,,,,,119,,,LOSS,False,14
,False,62,False,92597971,not_2prize_ex,v7,,,,,,,,,119,,,LOSS,False,14
,False,63,False,92597971,no_retreat_option,v7,,,,,,,,,119,,,LOSS,False,14
,False,64,False,92597971,not_2prize_ex,v7,,,,,,,,,119,,,LOSS,False,14
,False,65,False,92597971,not_2prize_ex,v7,,,,,,,,,119,,,LOSS,False,14
,False,66,False,92597971,not_2prize_ex,v7,,,,,,,,,119,,,LOSS,False,14
,False,67,False,92597971,not_2prize_ex,v7,,,,,,,,,120,,,LOSS,False,14
,False,68,False,92597971,no_retreat_option,v7,,,,,,,,,120,,,LOSS,False,14
,False,69,False,92597971,not_2prize_ex,v7,,,,,,,,,120,,,LOSS,True,14
,False,70,False,92597971,no_retreat_option,v7,,,,,,,,,120,,,LOSS,False,14
,False,71,False,92597971,no_retreat_option,v7,,,,,,,,,120,,,LOSS,False,14
,False,0,False,92598921,no_active,v7,,,,,,,,,,,,LOSS,False,
,False,1,False,92598921,no_active,v7,,,,,,,,,,,,LOSS,False,
,False,2,False,92598921,no_active,v7,,,,,,,,,,,,LOSS,False,0
,False,3,False,92598921,no_active,v7,,,,,,,,,,,,LOSS,False,0
,False,4,False,92598921,no_active,v7,,,,,,,,,,,,LOSS,False,0
,False,5,False,92598921,no_retreat_option,v7,,,,,,,,,119,,,LOSS,False,2
,False,6,False,92598921,no_retreat_option,v7,,,,,,,,,119,,,LOSS,False,2
,False,7,False,92598921,no_retreat_option,v7,,,,,,,,,119,,,LOSS,False,2
,False,8,False,92598921,no_retreat_option,v7,,,,,,,,,119,,,LOSS,False,2
,False,9,False,92598921,no_retreat_option,v7,,,,,,,,,119,,,LOSS,False,2
,False,10,False,92598921,not_2prize_ex,v7,,,,,,,,,119,,,LOSS,False,2
,False,11,False,92598921,not_2prize_ex,v7,,,,,,,,,119,,,LOSS,False,4
,False,12,False,92598921,not_2prize_ex,v7,,,,,,,,,120,,,LOSS,False,4
,False,13,False,92598921,no_retreat_option,v7,,,,,,,,,120,,,LOSS,False,4
,False,14,False,92598921,not_2prize_ex,v7,,,,,,,,,120,,,LOSS,False,4
,False,15,False,92598921,no_retreat_option,v7,,,,,,,,,120,,,LOSS,False,4
,False,16,False,92598921,not_2prize_ex,v7,,,,,,,,,120,,,LOSS,False,4
,False,17,False,92598921,not_2prize_ex,v7,,,,,,,,,120,,,LOSS,True,4
,False,18,False,92598921,no_retreat_option,v7,,,,,,,,,120,,,LOSS,False,4
,False,19,False,92598921,no_retreat_option,v7,,,,,,,,,120,,,LOSS,False,4
,False,20,False,92598921,no_retreat_option,v7,,,,,,,,,119,,,LOSS,False,4
,False,21,False,92598921,no_active,v7,,,,,,,,,,,,LOSS,False,5
,False,22,False,92598921,not_2prize_ex,v7,,,,,,,,,119,,,LOSS,False,6
,False,23,False,92598921,no_retreat_option,v7,,,,,,,,,119,,,LOSS,False,6
,False,24,False,92598921,not_2prize_ex,v7,,,,,,,,,119,,,LOSS,False,6
,False,25,False,92598921,no_retreat_option,v7,,,,,,,,,119,,,LOSS,False,6
,False,26,False,92598921,no_retreat_option,v7,,,,,,,,,119,,,LOSS,False,6
,False,27,False,92598921,not_2prize_ex,v7,,,,,,,,,119,,,LOSS,False,6
,False,28,False,92598921,not_2prize_ex,v7,,,,,,,,,119,,,LOSS,False,6
,False,29,False,92598921,not_2prize_ex,v7,,,,,,,,,119,,,LOSS,False,6
,False,30,False,92598921,no_retreat_option,v7,,,,,,,,,119,,,LOSS,False,6
,False,31,False,92598921,not_lethal,v7,,,,,,,,,121,,,LOSS,False,6
,False,32,False,92598921,not_lethal,v7,,,,,,,,,121,,,LOSS,False,6
,False,33,False,92598921,not_lethal,v7,,,,,,,,,121,,,LOSS,False,6
,False,34,False,92598921,no_retreat_option,v7,,,,,,,,,121,,,LOSS,False,6
,False,35,False,92598921,not_lethal,v7,,,,,,,,,121,,,LOSS,False,6
,False,36,False,92598921,not_lethal,v7,,,,,,,,,121,,,LOSS,False,6
,False,37,False,92598921,no_retreat_option,v7,,,,,,,,,121,,,LOSS,False,6
,False,38,False,92598921,not_lethal,v7,,,,,,,,,121,,,LOSS,False,6
,False,39,False,92598921,no_ready_bench,v7,,,,,,,,,121,,,LOSS,False,8
,False,40,False,92598921,no_retreat_option,v7,,,,,,,,,121,,,LOSS,False,8
,False,41,False,92598921,no_ready_bench,v7,,,,,,,,,121,,,LOSS,False,8
,False,42,False,92598921,no_retreat_option,v7,,,,,,,,,121,,,LOSS,False,8
,False,43,False,92598921,no_ready_bench,v7,,,,,,,,,121,,,LOSS,False,8
,False,44,False,92598921,no_retreat_option,v7,,,,,,,,,121,,,LOSS,False,8
,False,45,False,92598921,no_ready_bench,v7,,,,,,,,,121,,,LOSS,False,8
,True,46,False,92598921,no_ready_bench,v7,,,,,,,,,121,,,LOSS,False,8
,False,47,False,92598921,no_retreat_option,v7,,,,,,,,,121,,,LOSS,False,8
,False,48,False,92598921,no_retreat_option,v7,,,,,,,,,121,,,LOSS,False,8
,False,49,False,92598921,no_retreat_option,v7,,,,,,,,,121,,,LOSS,False,8
,False,50,False,92598921,no_retreat_option,v7,,,,,,,,,121,,,LOSS,False,8
,False,51,False,92598921,no_retreat_option,v7,,,,,,,,,121,,,LOSS,False,8
,False,52,False,92598921,no_retreat_option,v7,,,,,,,,,121,,,LOSS,False,8
,False,53,False,92598921,no_active,v7,,,,,,,,,,,,LOSS,False,9
,False,54,False,92598921,no_retreat_option,v7,,,,,,,,,121,,,LOSS,False,10
,False,55,False,92598921,no_retreat_option,v7,,,,,,,,,121,,,LOSS,False,10
,False,56,False,92598921,no_retreat_option,v7,,,,,,,,,121,,,LOSS,False,10
,False,57,False,92598921,no_retreat_option,v7,,,,,,,,,121,,,LOSS,False,10
,False,58,False,92598921,no_retreat_option,v7,,,,,,,,,121,,,LOSS,False,10
,False,59,False,92598921,no_retreat_option,v7,,,,,,,,,121,,,LOSS,False,10
,False,60,False,92598921,no_retreat_option,v7,,,,,,,,,121,,,LOSS,False,10
,False,61,False,92598921,no_retreat_option,v7,,,,,,,,,121,,,LOSS,False,10
,False,62,False,92598921,no_retreat_option,v7,,,,,,,,,121,,,LOSS,False,10
,False,63,False,92598921,no_retreat_option,v7,,,,,,,,,121,,,LOSS,False,10
,False,64,False,92598921,no_retreat_option,v7,,,,,,,,,121,,,LOSS,False,10
,False,65,False,92598921,no_retreat_option,v7,,,,,,,,,121,,,LOSS,False,10
,False,66,False,92598921,no_active,v7,,,,,,,,,,,,LOSS,False,11
,False,67,False,92598921,not_lethal,v7,,,,,,,,,121,,,LOSS,False,12
,False,68,False,92598921,not_lethal,v7,,,,,,,,,121,,,LOSS,False,12
,False,69,False,92598921,no_retreat_option,v7,,,,,,,,,121,,,LOSS,False,12
,True,70,False,92598921,not_lethal,v7,,,,,,,,,121,,,LOSS,False,12
,False,71,False,92598921,no_retreat_option,v7,,,,,,,,,121,,,LOSS,False,12
,False,72,False,92598921,no_retreat_option,v7,,,,,,,,,121,,,LOSS,False,12
,False,73,False,92598921,no_retreat_option,v7,,,,,,,,,121,,,LOSS,False,12
,False,74,False,92598921,no_retreat_option,v7,,,,,,,,,121,,,LOSS,False,12
,False,75,False,92598921,no_retreat_option,v7,,,,,,,,,121,,,LOSS,False,12
,False,76,False,92598921,no_retreat_option,v7,,,,,,,,,121,,,LOSS,False,12
,False,0,False,92599863,no_active,v7,,,,,,,,,,,,LOSS,False,
,False,1,False,92599863,no_active,v7,,,,,,,,,,,,LOSS,False,
,False,2,False,92599863,no_active,v7,,,,,,,,,,,,LOSS,False,0
,False,3,False,92599863,no_active,v7,,,,,,,,,,,,LOSS,False,0
,False,4,False,92599863,no_active,v7,,,,,,,,,,,,LOSS,False,0
,False,5,False,92599863,no_retreat_option,v7,,,,,,,,,119,,,LOSS,False,1
,False,6,False,92599863,no_retreat_option,v7,,,,,,,,,119,,,LOSS,False,1
,False,7,False,92599863,no_retreat_option,v7,,,,,,,,,119,,,LOSS,False,1
,False,8,False,92599863,no_retreat_option,v7,,,,,,,,,119,,,LOSS,False,3
,False,9,False,92599863,no_retreat_option,v7,,,,,,,,,119,,,LOSS,False,3
,False,10,False,92599863,no_retreat_option,v7,,,,,,,,,119,,,LOSS,False,3
,False,11,False,92599863,no_retreat_option,v7,,,,,,,,,119,,,LOSS,False,3
,False,12,False,92599863,not_2prize_ex,v7,,,,,,,,,119,,,LOSS,False,3
,True,13,False,92599863,not_2prize_ex,v7,,,,,,,,,119,,,LOSS,False,3
,False,14,False,92599863,no_active,v7,,,,,,,,,119,,,LOSS,False,3
,False,15,False,92599863,no_active,v7,,,,,,,,,,,,LOSS,False,4
,False,16,False,92599863,no_retreat_option,v7,,,,,,,,,119,,,LOSS,False,5
,False,17,False,92599863,no_retreat_option,v7,,,,,,,,,119,,,LOSS,False,5
,False,18,False,92599863,no_retreat_option,v7,,,,,,,,,119,,,LOSS,False,5
,False,19,False,92599863,no_retreat_option,v7,,,,,,,,,119,,,LOSS,False,5
,False,20,False,92599863,not_2prize_ex,v7,,,,,,,,,119,,,LOSS,False,5
,False,21,False,92599863,not_2prize_ex,v7,,,,,,,,,119,,,LOSS,False,5
,False,22,False,92599863,not_2prize_ex,v7,,,,,,,,,119,,,LOSS,False,5
,False,23,False,92599863,no_retreat_option,v7,,,,,,,,,119,,,LOSS,False,5
,False,24,False,92599863,no_retreat_option,v7,,,,,,,,,119,,,LOSS,False,5
,False,25,False,92599863,not_2prize_ex,v7,,,,,,,,,119,,,LOSS,False,5
,False,26,False,92599863,no_retreat_option,v7,,,,,,,,,119,,,LOSS,False,5
,False,27,False,92599863,not_lethal,v7,,,,,,,,,121,,,LOSS,False,5
,False,28,False,92599863,not_lethal,v7,,,,,,,,,121,,,LOSS,False,5
,False,29,False,92599863,not_lethal,v7,,,,,,,,,121,,,LOSS,False,5
,False,30,False,92599863,no_retreat_option,v7,,,,,,,,,121,,,LOSS,False,5
,False,31,False,92599863,not_lethal,v7,,,,,,,,,121,,,LOSS,False,5
,False,32,False,92599863,not_lethal,v7,,,,,,,,,121,,,LOSS,True,5
,False,33,False,92599863,no_retreat_option,v7,,,,,,,,,121,,,LOSS,False,5
,False,34,False,92599863,no_retreat_option,v7,,,,,,,,,121,,,LOSS,False,5
,False,35,False,92599863,no_retreat_option,v7,,,,,,,,,235,,,LOSS,False,5
,False,36,False,92599863,no_retreat_option,v7,,,,,,,,,235,,,LOSS,False,5
,False,37,False,92599863,no_active,v7,,,,,,,,,,,,LOSS,False,6
,False,38,False,92599863,no_retreat_option,v7,,,,,,,,,121,,,LOSS,False,7
,False,39,False,92599863,no_retreat_option,v7,,,,,,,,,121,,,LOSS,False,7
,False,40,False,92599863,no_retreat_option,v7,,,,,,,,,121,,,LOSS,False,7
,False,41,False,92599863,no_retreat_option,v7,,,,,,,,,121,,,LOSS,False,7
,False,42,False,92599863,no_retreat_option,v7,,,,,,,,,121,,,LOSS,False,7
,False,43,False,92599863,no_retreat_option,v7,,,,,,,,,121,,,LOSS,False,7
,False,44,False,92599863,no_retreat_option,v7,,,,,,,,,121,,,LOSS,False,7
,False,45,False,92599863,no_retreat_option,v7,,,,,,,,,121,,,LOSS,False,7
,False,46,False,92599863,no_retreat_option,v7,,,,,,,,,121,,,LOSS,False,7
,False,47,False,92599863,no_retreat_option,v7,,,,,,,,,121,,,LOSS,False,7
,False,48,False,92599863,no_ready_bench,v7,,,,,,,,,140,,,LOSS,False,9
,False,49,False,92599863,no_ready_bench,v7,,,,,,,,,140,,,LOSS,False,9
,False,50,False,92599863,no_retreat_option,v7,,,,,,,,,140,,,LOSS,False,9
,False,51,False,92599863,no_ready_bench,v7,,,,,,,,,140,,,LOSS,False,9
,False,52,False,92599863,no_ready_bench,v7,,,,,,,,,140,,,LOSS,False,9
,False,53,False,92599863,no_retreat_option,v7,,,,,,,,,140,,,LOSS,False,9
,False,54,False,92599863,no_ready_bench,v7,,,,,,,,,140,,,LOSS,True,9
,False,55,False,92599863,no_retreat_option,v7,,,,,,,,,140,,,LOSS,False,9
,False,56,False,92599863,no_retreat_option,v7,,,,,,,,,121,,,LOSS,False,9
,False,57,False,92599863,no_retreat_option,v7,,,,,,,,,121,,,LOSS,False,11
,False,58,False,92599863,no_retreat_option,v7,,,,,,,,,121,,,LOSS,False,11
,False,59,False,92599863,no_retreat_option,v7,,,,,,,,,121,,,LOSS,False,11
,False,60,False,92599863,no_retreat_option,v7,,,,,,,,,121,,,LOSS,False,11
,False,61,False,92599863,no_retreat_option,v7,,,,,,,,,121,,,LOSS,False,11
,False,62,False,92599863,no_retreat_option,v7,,,,,,,,,121,,,LOSS,False,11
,False,63,False,92599863,no_retreat_option,v7,,,,,,,,,121,,,LOSS,False,11
,False,64,False,92599863,no_retreat_option,v7,,,,,,,,,121,,,LOSS,False,11
,False,65,False,92599863,no_retreat_option,v7,,,,,,,,,121,,,LOSS,False,11
,False,66,False,92599863,no_retreat_option,v7,,,,,,,,,121,,,LOSS,False,11
,False,0,False,92600818,no_active,v7,,,,,,,,,,,,WIN,False,
,False,1,False,92600818,no_active,v7,,,,,,,,,,,,WIN,False,
,False,2,False,92600818,no_active,v7,,,,,,,,,,,,WIN,False,0
,False,3,False,92600818,no_retreat_option,v7,,,,,,,,,119,,,WIN,False,2
,False,4,False,92600818,no_retreat_option,v7,,,,,,,,,119,,,WIN,False,2
,False,5,False,92600818,no_retreat_option,v7,,,,,,,,,119,,,WIN,False,2
,False,6,False,92600818,no_retreat_option,v7,,,,,,,,,119,,,WIN,False,2
,False,7,False,92600818,no_retreat_option,v7,,,,,,,,,119,,,WIN,False,2
,False,8,False,92600818,no_retreat_option,v7,,,,,,,,,119,,,WIN,False,2
,False,9,False,92600818,no_retreat_option,v7,,,,,,,,,119,,,WIN,False,2
,False,10,False,92600818,no_retreat_option,v7,,,,,,,,,119,,,WIN,False,2
,False,11,False,92600818,no_retreat_option,v7,,,,,,,,,119,,,WIN,False,2
,False,12,False,92600818,not_2prize_ex,v7,,,,,,,,,119,,,WIN,False,2
,False,13,False,92600818,no_retreat_option,v7,,,,,,,,,119,,,WIN,False,2
,False,14,False,92600818,not_2prize_ex,v7,,,,,,,,,119,,,WIN,False,2
,False,15,False,92600818,not_2prize_ex,v7,,,,,,,,,119,,,WIN,True,2
,False,16,False,92600818,no_retreat_option,v7,,,,,,,,,119,,,WIN,False,2
,False,17,False,92600818,no_retreat_option,v7,,,,,,,,,235,,,WIN,False,2
,False,18,False,92600818,no_active,v7,,,,,,,,,,,,WIN,False,3
,False,19,False,92600818,not_2prize_ex,v7,,,,,,,,,119,,,WIN,False,4
,False,20,False,92600818,not_2prize_ex,v7,,,,,,,,,120,,,WIN,False,4
,False,21,False,92600818,no_retreat_option,v7,,,,,,,,,120,,,WIN,False,4
,False,22,False,92600818,not_2prize_ex,v7,,,,,,,,,120,,,WIN,False,4
,False,23,False,92600818,not_2prize_ex,v7,,,,,,,,,120,,,WIN,False,4
,False,24,False,92600818,not_2prize_ex,v7,,,,,,,,,120,,,WIN,False,4
,False,25,False,92600818,not_2prize_ex,v7,,,,,,,,,120,,,WIN,False,4
,False,26,False,92600818,not_2prize_ex,v7,,,,,,,,,120,,,WIN,False,4
,False,27,False,92600818,no_active,v7,,,,,,,,,,,,WIN,False,5
,False,28,False,92600818,not_2prize_ex,v7,,,,,,,,,119,,,WIN,False,6
,False,29,False,92600818,no_retreat_option,v7,,,,,,,,,119,,,WIN,False,6
,False,30,False,92600818,no_retreat_option,v7,,,,,,,,,119,,,WIN,False,6
,False,31,False,92600818,no_retreat_option,v7,,,,,,,,,119,,,WIN,False,6
,False,32,False,92600818,not_2prize_ex,v7,,,,,,,,,119,,,WIN,False,6
,False,33,False,92600818,no_retreat_option,v7,,,,,,,,,119,,,WIN,False,6
,False,34,False,92600818,no_retreat_option,v7,,,,,,,,,119,,,WIN,False,6
,False,35,False,92600818,not_2prize_ex,v7,,,,,,,,,119,,,WIN,False,6
,False,36,False,92600818,not_2prize_ex,v7,,,,,,,,,119,,,WIN,False,6
,False,37,False,92600818,not_2prize_ex,v7,,,,,,,,,119,,,WIN,False,6
,False,38,False,92600818,not_2prize_ex,v7,,,,,,,,,120,,,WIN,False,6
,False,39,False,92600818,no_retreat_option,v7,,,,,,,,,120,,,WIN,False,6
,False,40,False,92600818,not_2prize_ex,v7,,,,,,,,,120,,,WIN,False,6
,False,41,False,92600818,no_retreat_option,v7,,,,,,,,,120,,,WIN,False,6
,False,42,False,92600818,not_2prize_ex,v7,,,,,,,,,120,,,WIN,False,6
,False,43,False,92600818,not_2prize_ex,v7,,,,,,,,,120,,,WIN,False,6
,False,44,False,92600818,no_retreat_option,v7,,,,,,,,,120,,,WIN,False,6
,False,45,False,92600818,not_2prize_ex,v7,,,,,,,,,120,,,WIN,False,6
,False,46,False,92600818,not_2prize_ex,v7,,,,,,,,,120,,,WIN,False,6
,False,47,False,92600818,not_2prize_ex,v7,,,,,,,,,120,,,WIN,False,8
,False,48,False,92600818,not_lethal,v7,,,,,,,,,121,,,WIN,False,8
,False,49,False,92600818,no_retreat_option,v7,,,,,,,,,121,,,WIN,False,8
,False,50,False,92600818,not_lethal,v7,,,,,,,,,121,,,WIN,False,8
,False,51,False,92600818,no_retreat_option,v7,,,,,,,,,121,,,WIN,False,8
,False,52,False,92600818,not_lethal,v7,,,,,,,,,121,,,WIN,False,8
,False,53,False,92600818,no_retreat_option,v7,,,,,,,,,121,,,WIN,False,8
,False,54,False,92600818,not_lethal,v7,,,,,,,,,121,,,WIN,False,8
,False,55,False,92600818,not_lethal,v7,,,,,,,,,121,,,WIN,False,8
,False,56,False,92600818,no_retreat_option,v7,,,,,,,,,121,,,WIN,False,8
,False,57,False,92600818,not_lethal,v7,,,,,,,,,121,,,WIN,False,8
,False,58,False,92600818,not_lethal,v7,,,,,,,,,121,,,WIN,False,8
,True,59,False,92600818,not_lethal,v7,,,,,,,,,121,,,WIN,False,8
,False,60,False,92600818,no_retreat_option,v7,,,,,,,,,121,,,WIN,False,8
,False,61,False,92600818,no_retreat_option,v7,,,,,,,,,121,,,WIN,False,8
,False,62,False,92600818,no_retreat_option,v7,,,,,,,,,121,,,WIN,False,8
,False,63,False,92600818,no_retreat_option,v7,,,,,,,,,121,,,WIN,False,8
,False,64,False,92600818,no_retreat_option,v7,,,,,,,,,121,,,WIN,False,8
,False,65,False,92600818,no_retreat_option,v7,,,,,,,,,121,,,WIN,False,8
,False,66,False,92600818,no_active,v7,,,,,,,,,121,,,WIN,False,8
,False,67,False,92600818,no_ready_bench,v7,,,,,,,,,121,,,WIN,False,10
,False,68,False,92600818,no_retreat_option,v7,,,,,,,,,121,,,WIN,False,10
,False,69,False,92600818,no_ready_bench,v7,,,,,,,,,121,,,WIN,False,10
,False,70,False,92600818,no_retreat_option,v7,,,,,,,,,121,,,WIN,False,10
,False,71,False,92600818,no_ready_bench,v7,,,,,,,,,121,,,WIN,False,10
False,False,72,True,92600818,,v7,1,Leafeon ex,220,Moss Agate,230,Dragapult ex,1,80,121,1,,WIN,False,10
False,False,73,True,92600818,,v7,1,Leafeon ex,220,Moss Agate,230,Dragapult ex,1,80,121,1,,WIN,False,10
,False,74,False,92600818,no_retreat_option,v7,,,,,,,,,121,,,WIN,False,10
False,False,75,True,92600818,,v7,1,Leafeon ex,220,Moss Agate,230,Dragapult ex,1,80,121,1,,WIN,False,10
,False,76,False,92600818,no_active,v7,,,,,,,,,,,,WIN,False,11
,False,77,False,92600818,not_2prize_ex,v7,,,,,,,,,120,,,WIN,False,12
,False,78,False,92600818,not_lethal,v7,,,,,,,,,121,,,WIN,False,12
,False,79,False,92600818,no_retreat_option,v7,,,,,,,,,121,,,WIN,False,12
,False,80,False,92600818,no_retreat_option,v7,,,,,,,,,121,,,WIN,False,12
,False,81,False,92600818,not_lethal,v7,,,,,,,,,121,,,WIN,False,12
,False,82,False,92600818,no_retreat_option,v7,,,,,,,,,121,,,WIN,False,12
,False,83,False,92600818,not_lethal,v7,,,,,,,,,121,,,WIN,False,12
,False,84,False,92600818,not_lethal,v7,,,,,,,,,121,,,WIN,False,12
,False,85,False,92600818,no_retreat_option,v7,,,,,,,,,121,,,WIN,False,12
,False,86,False,92600818,not_lethal,v7,,,,,,,,,121,,,WIN,False,12
,False,87,False,92600818,not_lethal,v7,,,,,,,,,121,,,WIN,False,12
,True,88,False,92600818,not_lethal,v7,,,,,,,,,121,,,WIN,False,12
,False,0,False,92601755,no_active,v7,,,,,,,,,,,,LOSS,False,
,False,1,False,92601755,no_active,v7,,,,,,,,,,,,LOSS,False,
,False,2,False,92601755,no_active,v7,,,,,,,,,,,,LOSS,False,0
,False,3,False,92601755,no_retreat_option,v7,,,,,,,,,119,,,LOSS,False,2
,False,4,False,92601755,no_retreat_option,v7,,,,,,,,,119,,,LOSS,False,2
,False,5,False,92601755,no_retreat_option,v7,,,,,,,,,119,,,LOSS,False,2
,False,6,False,92601755,no_retreat_option,v7,,,,,,,,,119,,,LOSS,False,2
,False,7,False,92601755,no_retreat_option,v7,,,,,,,,,119,,,LOSS,False,2
,False,0,False,92602706,no_active,v7,,,,,,,,,,,,WIN,False,
,False,1,False,92602706,no_active,v7,,,,,,,,,,,,WIN,False,
,False,2,False,92602706,no_active,v7,,,,,,,,,,,,WIN,False,0
,False,3,False,92602706,no_active,v7,,,,,,,,,,,,WIN,False,0
,False,4,False,92602706,no_active,v7,,,,,,,,,,,,WIN,False,0
,False,5,False,92602706,no_active,v7,,,,,,,,,,,,WIN,False,0
,False,6,False,92602706,no_retreat_option,v7,,,,,,,,,184,,,WIN,False,1
,False,7,False,92602706,no_retreat_option,v7,,,,,,,,,184,,,WIN,False,1
,False,8,False,92602706,no_retreat_option,v7,,,,,,,,,184,,,WIN,False,1
,False,9,False,92602706,no_retreat_option,v7,,,,,,,,,184,,,WIN,False,3
,False,10,False,92602706,no_retreat_option,v7,,,,,,,,,184,,,WIN,False,3
,False,11,False,92602706,no_retreat_option,v7,,,,,,,,,184,,,WIN,False,3
,False,12,False,92602706,no_retreat_option,v7,,,,,,,,,184,,,WIN,False,3
,False,13,False,92602706,not_lethal,v7,,,,,,,,,184,,,WIN,False,3
,False,14,False,92602706,not_lethal,v7,,,,,,,,,184,,,WIN,False,3
,False,15,False,92602706,not_lethal,v7,,,,,,,,,184,,,WIN,True,3
,False,16,False,92602706,no_retreat_option,v7,,,,,,,,,184,,,WIN,False,3
,False,17,False,92602706,no_retreat_option,v7,,,,,,,,,235,,,WIN,False,3
,False,18,False,92602706,no_active,v7,,,,,,,,,,,,WIN,False,4
,False,19,False,92602706,not_2prize_ex,v7,,,,,,,,,119,,,WIN,False,5
,False,20,False,92602706,not_2prize_ex,v7,,,,,,,,,119,,,WIN,False,5
,False,21,False,92602706,not_2prize_ex,v7,,,,,,,,,119,,,WIN,False,5
,False,22,False,92602706,no_retreat_option,v7,,,,,,,,,119,,,WIN,False,5
,False,23,False,92602706,not_2prize_ex,v7,,,,,,,,,119,,,WIN,False,5
,False,24,False,92602706,not_2prize_ex,v7,,,,,,,,,119,,,WIN,False,5
,False,25,False,92602706,no_retreat_option,v7,,,,,,,,,119,,,WIN,False,5
,False,26,False,92602706,no_retreat_option,v7,,,,,,,,,119,,,WIN,False,5
,False,27,False,92602706,not_2prize_ex,v7,,,,,,,,,119,,,WIN,False,5
,False,28,False,92602706,not_2prize_ex,v7,,,,,,,,,119,,,WIN,False,5
,False,29,False,92602706,not_2prize_ex,v7,,,,,,,,,119,,,WIN,False,5
,False,30,False,92602706,not_2prize_ex,v7,,,,,,,,,119,,,WIN,True,5
,False,31,False,92602706,no_retreat_option,v7,,,,,,,,,119,,,WIN,False,5
,False,32,False,92602706,no_retreat_option,v7,,,,,,,,,235,,,WIN,False,5
,False,33,False,92602706,no_active,v7,,,,,,,,,,,,WIN,False,6
,False,34,False,92602706,not_2prize_ex,v7,,,,,,,,,119,,,WIN,False,7
,False,35,False,92602706,no_retreat_option,v7,,,,,,,,,119,,,WIN,False,7
,False,36,False,92602706,not_2prize_ex,v7,,,,,,,,,119,,,WIN,False,7
,False,37,False,92602706,not_2prize_ex,v7,,,,,,,,,119,,,WIN,False,7
,False,38,False,92602706,no_retreat_option,v7,,,,,,,,,119,,,WIN,False,7
,False,39,False,92602706,not_2prize_ex,v7,,,,,,,,,119,,,WIN,False,7
,False,40,False,92602706,not_2prize_ex,v7,,,,,,,,,119,,,WIN,False,7
,False,41,False,92602706,no_retreat_option,v7,,,,,,,,,119,,,WIN,False,7
,False,42,False,92602706,no_retreat_option,v7,,,,,,,,,119,,,WIN,False,7
,False,43,False,92602706,no_retreat_option,v7,,,,,,,,,119,,,WIN,False,7
,False,44,False,92602706,not_2prize_ex,v7,,,,,,,,,119,,,WIN,False,7
,False,45,False,92602706,not_2prize_ex,v7,,,,,,,,,119,,,WIN,True,7
,False,46,False,92602706,no_retreat_option,v7,,,,,,,,,119,,,WIN,False,7
,False,47,False,92602706,no_retreat_option,v7,,,,,,,,,235,,,WIN,False,7
,False,48,False,92602706,no_active,v7,,,,,,,,,,,,WIN,False,8
,False,49,False,92602706,not_2prize_ex,v7,,,,,,,,,119,,,WIN,False,9
,False,50,False,92602706,no_retreat_option,v7,,,,,,,,,119,,,WIN,False,9
,False,51,False,92602706,not_2prize_ex,v7,,,,,,,,,119,,,WIN,False,9
,False,52,False,92602706,not_2prize_ex,v7,,,,,,,,,119,,,WIN,False,9
,False,53,False,92602706,not_2prize_ex,v7,,,,,,,,,119,,,WIN,False,9
,False,54,False,92602706,not_2prize_ex,v7,,,,,,,,,119,,,WIN,False,9
,False,55,False,92602706,no_retreat_option,v7,,,,,,,,,119,,,WIN,False,9
,False,56,False,92602706,not_2prize_ex,v7,,,,,,,,,119,,,WIN,False,9
,False,57,False,92602706,not_2prize_ex,v7,,,,,,,,,119,,,WIN,False,9
,False,58,False,92602706,no_retreat_option,v7,,,,,,,,,119,,,WIN,False,9
,False,59,False,92602706,not_2prize_ex,v7,,,,,,,,,119,,,WIN,False,9
,False,60,False,92602706,no_retreat_option,v7,,,,,,,,,119,,,WIN,False,9
,False,61,False,92602706,no_retreat_option,v7,,,,,,,,,119,,,WIN,False,9
,False,62,False,92602706,not_2prize_ex,v7,,,,,,,,,119,,,WIN,False,9
,False,63,False,92602706,no_retreat_option,v7,,,,,,,,,119,,,WIN,False,9
,False,64,False,92602706,not_2prize_ex,v7,,,,,,,,,119,,,WIN,False,9
,True,65,False,92602706,not_2prize_ex,v7,,,,,,,,,119,,,WIN,False,11
,False,66,False,92602706,no_active,v7,,,,,,,,,119,,,WIN,False,11
,False,67,False,92602706,not_2prize_ex,v7,,,,,,,,,119,,,WIN,False,13
,False,68,False,92602706,no_retreat_option,v7,,,,,,,,,119,,,WIN,False,13
,False,69,False,92602706,not_2prize_ex,v7,,,,,,,,,119,,,WIN,False,13
,False,70,False,92602706,not_2prize_ex,v7,,,,,,,,,120,,,WIN,False,13
,False,71,False,92602706,no_retreat_option,v7,,,,,,,,,120,,,WIN,False,13
,False,72,False,92602706,not_2prize_ex,v7,,,,,,,,,120,,,WIN,False,13
,False,73,False,92602706,not_2prize_ex,v7,,,,,,,,,120,,,WIN,False,13
,False,74,False,92602706,no_retreat_option,v7,,,,,,,,,120,,,WIN,False,13
,False,75,False,92602706,not_2prize_ex,v7,,,,,,,,,120,,,WIN,False,13
,False,76,False,92602706,not_2prize_ex,v7,,,,,,,,,120,,,WIN,False,13
,False,77,False,92602706,no_retreat_option,v7,,,,,,,,,120,,,WIN,False,13
,False,78,False,92602706,not_2prize_ex,v7,,,,,,,,,120,,,WIN,False,13
,False,79,False,92602706,not_2prize_ex,v7,,,,,,,,,120,,,WIN,False,13
,False,80,False,92602706,not_2prize_ex,v7,,,,,,,,,120,,,WIN,False,15
,False,81,False,92602706,not_lethal,v7,,,,,,,,,121,,,WIN,False,15
,False,82,False,92602706,not_lethal,v7,,,,,,,,,121,,,WIN,False,15
,False,83,False,92602706,not_lethal,v7,,,,,,,,,121,,,WIN,False,15
,False,84,False,92602706,no_retreat_option,v7,,,,,,,,,121,,,WIN,False,15
,False,85,False,92602706,not_lethal,v7,,,,,,,,,121,,,WIN,False,15
,False,86,False,92602706,not_lethal,v7,,,,,,,,,121,,,WIN,False,15
,False,87,False,92602706,not_lethal,v7,,,,,,,,,121,,,WIN,False,15
,False,88,False,92602706,no_retreat_option,v7,,,,,,,,,121,,,WIN,False,15
,False,89,False,92602706,not_lethal,v7,,,,,,,,,121,,,WIN,False,15
,False,90,False,92602706,no_retreat_option,v7,,,,,,,,,121,,,WIN,False,15
,False,91,False,92602706,no_retreat_option,v7,,,,,,,,,121,,,WIN,False,15
,True,92,False,92602706,not_lethal,v7,,,,,,,,,121,,,WIN,False,15
,False,93,False,92602706,no_retreat_option,v7,,,,,,,,,121,,,WIN,False,15
,False,94,False,92602706,no_retreat_option,v7,,,,,,,,,121,,,WIN,False,15
,False,95,False,92602706,no_retreat_option,v7,,,,,,,,,121,,,WIN,False,15
,False,96,False,92602706,no_retreat_option,v7,,,,,,,,,121,,,WIN,False,15
,False,97,False,92602706,no_retreat_option,v7,,,,,,,,,121,,,WIN,False,15
,False,98,False,92602706,no_retreat_option,v7,,,,,,,,,121,,,WIN,False,15
,False,99,False,92602706,no_active,v7,,,,,,,,,121,,,WIN,False,15
,False,100,False,92602706,not_lethal,v7,,,,,,,,,121,,,WIN,False,17
,True,101,False,92602706,not_lethal,v7,,,,,,,,,121,,,WIN,False,17
,False,102,False,92602706,no_retreat_option,v7,,,,,,,,,121,,,WIN,False,17
,False,103,False,92602706,no_retreat_option,v7,,,,,,,,,121,,,WIN,False,17
,False,104,False,92602706,no_retreat_option,v7,,,,,,,,,121,,,WIN,False,17
,False,105,False,92602706,no_retreat_option,v7,,,,,,,,,121,,,WIN,False,17
,False,106,False,92602706,no_retreat_option,v7,,,,,,,,,121,,,WIN,False,17
,False,107,False,92602706,no_retreat_option,v7,,,,,,,,,121,,,WIN,False,17
,False,108,False,92602706,no_retreat_option,v7,,,,,,,,,121,,,WIN,False,17
,False,109,False,92602706,not_lethal,v7,,,,,,,,,121,,,WIN,False,19
,False,110,False,92602706,no_retreat_option,v7,,,,,,,,,121,,,WIN,False,19
,False,111,False,92602706,not_lethal,v7,,,,,,,,,121,,,WIN,False,19
,True,112,False,92602706,not_lethal,v7,,,,,,,,,121,,,WIN,False,19
,False,113,False,92602706,no_retreat_option,v7,,,,,,,,,121,,,WIN,False,19
,False,114,False,92602706,no_retreat_option,v7,,,,,,,,,121,,,WIN,False,19
,False,115,False,92602706,no_retreat_option,v7,,,,,,,,,121,,,WIN,False,19
,False,116,False,92602706,no_retreat_option,v7,,,,,,,,,121,,,WIN,False,19
,False,117,False,92602706,no_retreat_option,v7,,,,,,,,,121,,,WIN,False,19
,False,118,False,92602706,no_retreat_option,v7,,,,,,,,,121,,,WIN,False,19
,False,119,False,92602706,no_retreat_option,v7,,,,,,,,,121,,,WIN,False,19
,True,120,False,92602706,not_lethal,v7,,,,,,,,,121,,,WIN,False,21
,False,121,False,92602706,no_retreat_option,v7,,,,,,,,,121,,,WIN,False,21
,False,122,False,92602706,no_retreat_option,v7,,,,,,,,,121,,,WIN,False,21
,False,123,False,92602706,no_retreat_option,v7,,,,,,,,,121,,,WIN,False,21
,False,124,False,92602706,no_retreat_option,v7,,,,,,,,,121,,,WIN,False,21
,False,125,False,92602706,no_retreat_option,v7,,,,,,,,,121,,,WIN,False,21
,False,126,False,92602706,no_retreat_option,v7,,,,,,,,,121,,,WIN,False,21
,True,127,False,92602706,not_lethal,v7,,,,,,,,,121,,,WIN,False,23
,False,128,False,92602706,no_retreat_option,v7,,,,,,,,,121,,,WIN,False,23
,False,129,False,92602706,no_retreat_option,v7,,,,,,,,,121,,,WIN,False,23
,False,130,False,92602706,no_retreat_option,v7,,,,,,,,,121,,,WIN,False,23
,False,131,False,92602706,no_retreat_option,v7,,,,,,,,,121,,,WIN,False,23
,False,132,False,92602706,no_retreat_option,v7,,,,,,,,,121,,,WIN,False,23
,False,133,False,92602706,no_retreat_option,v7,,,,,,,,,121,,,WIN,False,23
,False,134,False,92602706,no_retreat_option,v7,,,,,,,,,121,,,WIN,False,23
,False,135,False,92602706,not_lethal,v7,,,,,,,,,121,,,WIN,False,25
,True,136,False,92602706,not_lethal,v7,,,,,,,,,121,,,WIN,False,25
,False,137,False,92602706,no_retreat_option,v7,,,,,,,,,121,,,WIN,False,25
,False,138,False,92602706,no_retreat_option,v7,,,,,,,,,121,,,WIN,False,25
,False,139,False,92602706,no_retreat_option,v7,,,,,,,,,121,,,WIN,False,25
,False,140,False,92602706,no_retreat_option,v7,,,,,,,,,121,,,WIN,False,25
,False,141,False,92602706,no_retreat_option,v7,,,,,,,,,121,,,WIN,False,25
,False,142,False,92602706,no_retreat_option,v7,,,,,,,,,121,,,WIN,False,25
,False,0,False,92603584,no_active,v7,,,,,,,,,,,,LOSS,False,
,False,1,False,92603584,no_active,v7,,,,,,,,,,,,LOSS,False,
,False,2,False,92603584,no_active,v7,,,,,,,,,,,,LOSS,False,0
,False,3,False,92603584,no_active,v7,,,,,,,,,,,,LOSS,False,0
,False,4,False,92603584,no_retreat_option,v7,,,,,,,,,184,,,LOSS,False,1
,False,5,False,92603584,no_retreat_option,v7,,,,,,,,,184,,,LOSS,False,1
,False,6,False,92603584,not_lethal,v7,,,,,,,,,184,,,LOSS,False,1
,False,7,False,92603584,no_retreat_option,v7,,,,,,,,,184,,,LOSS,False,1
,False,8,False,92603584,not_lethal,v7,,,,,,,,,184,,,LOSS,False,1
,False,9,False,92603584,not_lethal,v7,,,,,,,,,184,,,LOSS,False,1
,False,10,False,92603584,no_active,v7,,,,,,,,,,,,LOSS,False,2
,False,11,False,92603584,not_2prize_ex,v7,,,,,,,,,119,,,LOSS,False,3
,False,12,False,92603584,not_2prize_ex,v7,,,,,,,,,119,,,LOSS,False,3
,False,13,False,92603584,not_2prize_ex,v7,,,,,,,,,119,,,LOSS,False,3
,False,14,False,92603584,no_retreat_option,v7,,,,,,,,,119,,,LOSS,False,3
,False,15,False,92603584,not_2prize_ex,v7,,,,,,,,,119,,,LOSS,False,3
,False,16,False,92603584,not_2prize_ex,v7,,,,,,,,,119,,,LOSS,False,3
,False,17,False,92603584,no_retreat_option,v7,,,,,,,,,119,,,LOSS,False,3
,False,18,False,92603584,not_2prize_ex,v7,,,,,,,,,119,,,LOSS,False,3
,False,19,False,92603584,not_2prize_ex,v7,,,,,,,,,119,,,LOSS,False,3
,False,20,False,92603584,no_retreat_option,v7,,,,,,,,,120,,,LOSS,False,3
,False,21,False,92603584,no_retreat_option,v7,,,,,,,,,120,,,LOSS,False,3
,False,22,False,92603584,no_retreat_option,v7,,,,,,,,,120,,,LOSS,False,3
,False,23,False,92603584,no_retreat_option,v7,,,,,,,,,120,,,LOSS,False,3
,False,24,False,92603584,no_retreat_option,v7,,,,,,,,,120,,,LOSS,False,3
,False,25,False,92603584,no_retreat_option,v7,,,,,,,,,120,,,LOSS,False,3
,False,26,False,92603584,no_retreat_option,v7,,,,,,,,,120,,,LOSS,False,3
,False,27,False,92603584,no_retreat_option,v7,,,,,,,,,120,,,LOSS,False,3
,False,28,False,92603584,no_active,v7,,,,,,,,,,,,LOSS,False,4
,False,29,False,92603584,not_2prize_ex,v7,,,,,,,,,235,,,LOSS,False,5
,False,30,False,92603584,not_2prize_ex,v7,,,,,,,,,235,,,LOSS,False,5
,False,31,False,92603584,no_active,v7,,,,,,,,,,,,LOSS,False,6
,False,32,False,92603584,not_2prize_ex,v7,,,,,,,,,235,,,LOSS,False,7
,False,33,False,92603584,no_retreat_option,v7,,,,,,,,,235,,,LOSS,False,7
,False,34,False,92603584,not_2prize_ex,v7,,,,,,,,,235,,,LOSS,False,7
,False,35,False,92603584,not_2prize_ex,v7,,,,,,,,,235,,,LOSS,False,7
,False,36,False,92603584,no_retreat_option,v7,,,,,,,,,235,,,LOSS,False,7
,False,37,False,92603584,not_2prize_ex,v7,,,,,,,,,235,,,LOSS,False,7
,False,38,False,92603584,not_2prize_ex,v7,,,,,,,,,235,,,LOSS,False,7
,False,39,False,92603584,not_2prize_ex,v7,,,,,,,,,235,,,LOSS,False,7
,False,40,False,92603584,no_retreat_option,v7,,,,,,,,,235,,,LOSS,False,7
,False,41,False,92603584,not_2prize_ex,v7,,,,,,,,,235,,,LOSS,False,7
,False,42,False,92603584,not_2prize_ex,v7,,,,,,,,,235,,,LOSS,False,7
,False,43,False,92603584,no_retreat_option,v7,,,,,,,,,235,,,LOSS,False,7
,False,44,False,92603584,not_2prize_ex,v7,,,,,,,,,235,,,LOSS,False,7
,False,0,False,92604597,no_active,v7,,,,,,,,,,,,WIN,False,
,False,1,False,92604597,no_active,v7,,,,,,,,,,,,WIN,False,
,False,2,False,92604597,no_active,v7,,,,,,,,,,,,WIN,False,0
,False,3,False,92604597,no_active,v7,,,,,,,,,,,,WIN,False,0
,False,4,False,92604597,no_retreat_option,v7,,,,,,,,,235,,,WIN,False,1
,False,5,False,92604597,no_retreat_option,v7,,,,,,,,,235,,,WIN,False,1
,False,6,False,92604597,no_retreat_option,v7,,,,,,,,,235,,,WIN,False,1
,False,7,False,92604597,not_2prize_ex,v7,,,,,,,,,235,,,WIN,False,1
,False,8,False,92604597,not_2prize_ex,v7,,,,,,,,,235,,,WIN,False,3
,False,9,False,92604597,not_2prize_ex,v7,,,,,,,,,235,,,WIN,False,3
,False,10,False,92604597,not_2prize_ex,v7,,,,,,,,,235,,,WIN,False,3
,False,11,False,92604597,not_2prize_ex,v7,,,,,,,,,235,,,WIN,False,3
,False,12,False,92604597,no_retreat_option,v7,,,,,,,,,235,,,WIN,False,3
,False,13,False,92604597,not_2prize_ex,v7,,,,,,,,,235,,,WIN,False,3
,False,14,False,92604597,no_retreat_option,v7,,,,,,,,,235,,,WIN,False,3
,False,15,False,92604597,not_2prize_ex,v7,,,,,,,,,235,,,WIN,False,3
,False,16,False,92604597,not_2prize_ex,v7,,,,,,,,,235,,,WIN,False,3
,False,17,False,92604597,no_retreat_option,v7,,,,,,,,,235,,,WIN,False,3
,False,18,False,92604597,not_2prize_ex,v7,,,,,,,,,235,,,WIN,False,3
,False,19,False,92604597,not_2prize_ex,v7,,,,,,,,,235,,,WIN,False,3
,False,20,False,92604597,not_2prize_ex,v7,,,,,,,,,235,,,WIN,False,5
,False,21,False,92604597,not_2prize_ex,v7,,,,,,,,,235,,,WIN,False,5
,False,22,False,92604597,no_retreat_option,v7,,,,,,,,,235,,,WIN,False,5
,False,23,False,92604597,not_2prize_ex,v7,,,,,,,,,235,,,WIN,False,5
,False,24,False,92604597,not_2prize_ex,v7,,,,,,,,,235,,,WIN,False,5
,False,25,False,92604597,not_lethal,v7,,,,,,,,,121,,,WIN,False,7
,True,26,False,92604597,not_lethal,v7,,,,,,,,,121,,,WIN,False,7
,False,27,False,92604597,no_retreat_option,v7,,,,,,,,,121,,,WIN,False,7
,False,28,False,92604597,no_retreat_option,v7,,,,,,,,,121,,,WIN,False,7
,False,29,False,92604597,no_retreat_option,v7,,,,,,,,,121,,,WIN,False,7
,False,30,False,92604597,no_retreat_option,v7,,,,,,,,,121,,,WIN,False,7
,False,31,False,92604597,no_retreat_option,v7,,,,,,,,,121,,,WIN,False,7
,False,32,False,92604597,no_retreat_option,v7,,,,,,,,,121,,,WIN,False,7
,False,33,False,92604597,no_active,v7,,,,,,,,,121,,,WIN,False,7
,False,34,False,92604597,no_active,v7,,,,,,,,,121,,,WIN,False,7
,False,35,False,92604597,not_lethal,v7,,,,,,,,,121,,,WIN,False,9
,False,36,False,92604597,not_lethal,v7,,,,,,,,,121,,,WIN,False,9
,False,37,False,92604597,no_retreat_option,v7,,,,,,,,,121,,,WIN,False,9
,False,38,False,92604597,not_lethal,v7,,,,,,,,,121,,,WIN,False,9
,False,39,False,92604597,no_retreat_option,v7,,,,,,,,,121,,,WIN,False,9
,False,40,False,92604597,not_lethal,v7,,,,,,,,,121,,,WIN,False,9
,False,41,False,92604597,not_lethal,v7,,,,,,,,,121,,,WIN,False,9
,False,42,False,92604597,no_retreat_option,v7,,,,,,,,,121,,,WIN,False,9
,True,43,False,92604597,not_lethal,v7,,,,,,,,,121,,,WIN,False,9
,False,44,False,92604597,no_retreat_option,v7,,,,,,,,,121,,,WIN,False,9
,False,45,False,92604597,no_retreat_option,v7,,,,,,,,,121,,,WIN,False,9
,False,46,False,92604597,no_retreat_option,v7,,,,,,,,,121,,,WIN,False,9
,False,47,False,92604597,no_retreat_option,v7,,,,,,,,,121,,,WIN,False,9
,False,48,False,92604597,no_retreat_option,v7,,,,,,,,,121,,,WIN,False,9
,False,49,False,92604597,no_retreat_option,v7,,,,,,,,,121,,,WIN,False,9
,False,50,False,92604597,no_active,v7,,,,,,,,,121,,,WIN,False,9
,False,51,False,92604597,no_active,v7,,,,,,,,,121,,,WIN,False,9
,False,52,False,92604597,no_active,v7,,,,,,,,,,,,WIN,False,10
,False,53,False,92604597,not_2prize_ex,v7,,,,,,,,,235,,,WIN,False,11
,False,54,False,92604597,not_2prize_ex,v7,,,,,,,,,235,,,WIN,False,11
,False,55,False,92604597,no_retreat_option,v7,,,,,,,,,235,,,WIN,False,11
,False,56,False,92604597,not_2prize_ex,v7,,,,,,,,,235,,,WIN,False,11
,False,57,False,92604597,no_retreat_option,v7,,,,,,,,,235,,,WIN,False,11
,False,58,False,92604597,not_2prize_ex,v7,,,,,,,,,235,,,WIN,False,11
,False,59,False,92604597,no_retreat_option,v7,,,,,,,,,235,,,WIN,False,11
,False,60,False,92604597,no_retreat_option,v7,,,,,,,,,235,,,WIN,False,11
,False,61,False,92604597,no_retreat_option,v7,,,,,,,,,235,,,WIN,False,11
,False,62,False,92604597,not_2prize_ex,v7,,,,,,,,,235,,,WIN,False,11
,False,63,False,92604597,not_2prize_ex,v7,,,,,,,,,235,,,WIN,False,11
,False,64,False,92604597,no_retreat_option,v7,,,,,,,,,235,,,WIN,False,11
,False,65,False,92604597,not_2prize_ex,v7,,,,,,,,,235,,,WIN,False,11
,False,66,False,92604597,not_2prize_ex,v7,,,,,,,,,235,,,WIN,False,11
,False,67,False,92604597,not_2prize_ex,v7,,,,,,,,,235,,,WIN,False,11
,False,68,False,92604597,not_2prize_ex,v7,,,,,,,,,235,,,WIN,False,11
,False,69,False,92604597,not_2prize_ex,v7,,,,,,,,,235,,,WIN,True,11
,False,70,False,92604597,no_retreat_option,v7,,,,,,,,,235,,,WIN,False,11
,True,71,False,92604597,no_retreat_option,v7,,,,,,,,,121,,,WIN,False,11
,False,72,False,92604597,no_retreat_option,v7,,,,,,,,,121,,,WIN,False,11
,False,73,False,92604597,no_retreat_option,v7,,,,,,,,,121,,,WIN,False,11
,False,74,False,92604597,no_retreat_option,v7,,,,,,,,,121,,,WIN,False,11
,False,75,False,92604597,no_retreat_option,v7,,,,,,,,,121,,,WIN,False,11
,False,76,False,92604597,no_retreat_option,v7,,,,,,,,,121,,,WIN,False,11
,False,77,False,92604597,no_retreat_option,v7,,,,,,,,,121,,,WIN,False,11
,False,78,False,92604597,no_active,v7,,,,,,,,,121,,,WIN,False,11
,False,79,False,92604597,not_lethal,v7,,,,,,,,,121,,,WIN,False,13
,False,80,False,92604597,no_retreat_option,v7,,,,,,,,,121,,,WIN,False,13
,False,81,False,92604597,not_lethal,v7,,,,,,,,,121,,,WIN,False,13
,False,82,False,92604597,no_retreat_option,v7,,,,,,,,,121,,,WIN,False,13
,False,83,False,92604597,not_lethal,v7,,,,,,,,,121,,,WIN,False,13
,False,84,False,92604597,not_lethal,v7,,,,,,,,,121,,,WIN,False,13
,False,85,False,92604597,not_lethal,v7,,,,,,,,,121,,,WIN,False,13
,True,86,False,92604597,not_lethal,v7,,,,,,,,,121,,,WIN,False,13
,False,87,False,92604597,no_retreat_option,v7,,,,,,,,,121,,,WIN,False,13
,False,88,False,92604597,no_retreat_option,v7,,,,,,,,,121,,,WIN,False,13
,False,89,False,92604597,no_retreat_option,v7,,,,,,,,,121,,,WIN,False,13
,False,90,False,92604597,no_retreat_option,v7,,,,,,,,,121,,,WIN,False,13
,False,91,False,92604597,no_retreat_option,v7,,,,,,,,,121,,,WIN,False,13
,False,92,False,92604597,no_retreat_option,v7,,,,,,,,,121,,,WIN,False,13
,False,0,False,92605546,no_active,v7,,,,,,,,,,,,WIN,False,
,False,1,False,92605546,no_active,v7,,,,,,,,,,,,WIN,False,
,False,2,False,92605546,no_active,v7,,,,,,,,,,,,WIN,False,0
,False,3,False,92605546,no_retreat_option,v7,,,,,,,,,235,,,WIN,False,2
,False,4,False,92605546,no_retreat_option,v7,,,,,,,,,235,,,WIN,False,2
,False,5,False,92605546,no_retreat_option,v7,,,,,,,,,235,,,WIN,False,2
,False,6,False,92605546,no_retreat_option,v7,,,,,,,,,235,,,WIN,False,2
,False,7,False,92605546,no_retreat_option,v7,,,,,,,,,235,,,WIN,False,2
,False,8,False,92605546,not_2prize_ex,v7,,,,,,,,,235,,,WIN,False,2
,False,9,False,92605546,no_retreat_option,v7,,,,,,,,,235,,,WIN,False,2
,False,10,False,92605546,not_2prize_ex,v7,,,,,,,,,235,,,WIN,False,2
,False,11,False,92605546,not_2prize_ex,v7,,,,,,,,,235,,,WIN,False,2
,False,12,False,92605546,not_2prize_ex,v7,,,,,,,,,235,,,WIN,False,2
,False,13,False,92605546,not_2prize_ex,v7,,,,,,,,,235,,,WIN,False,4
,False,14,False,92605546,not_2prize_ex,v7,,,,,,,,,235,,,WIN,False,4
,False,15,False,92605546,not_2prize_ex,v7,,,,,,,,,235,,,WIN,False,4
,False,16,False,92605546,not_2prize_ex,v7,,,,,,,,,235,,,WIN,False,4
,False,17,False,92605546,no_retreat_option,v7,,,,,,,,,235,,,WIN,False,4
,False,18,False,92605546,not_2prize_ex,v7,,,,,,,,,235,,,WIN,False,4
,False,19,False,92605546,no_active,v7,,,,,,,,,,,,WIN,False,5
,False,20,False,92605546,not_2prize_ex,v7,,,,,,,,,119,,,WIN,False,6
,False,21,False,92605546,no_retreat_option,v7,,,,,,,,,119,,,WIN,False,6
,False,22,False,92605546,no_retreat_option,v7,,,,,,,,,119,,,WIN,False,6
,False,23,False,92605546,not_2prize_ex,v7,,,,,,,,,119,,,WIN,False,6
,False,24,False,92605546,not_2prize_ex,v7,,,,,,,,,119,,,WIN,False,6
,False,25,False,92605546,not_2prize_ex,v7,,,,,,,,,119,,,WIN,False,6
,False,26,False,92605546,no_retreat_option,v7,,,,,,,,,119,,,WIN,False,6
,False,27,False,92605546,not_2prize_ex,v7,,,,,,,,,119,,,WIN,False,6
,False,28,False,92605546,no_retreat_option,v7,,,,,,,,,119,,,WIN,False,6
,False,29,False,92605546,not_2prize_ex,v7,,,,,,,,,119,,,WIN,False,6
,False,30,False,92605546,not_2prize_ex,v7,,,,,,,,,120,,,WIN,False,6
,False,31,False,92605546,no_retreat_option,v7,,,,,,,,,120,,,WIN,False,6
,False,32,False,92605546,not_2prize_ex,v7,,,,,,,,,120,,,WIN,False,6
,False,33,False,92605546,not_2prize_ex,v7,,,,,,,,,120,,,WIN,False,6
,False,34,False,92605546,not_2prize_ex,v7,,,,,,,,,120,,,WIN,False,6
,False,35,False,92605546,no_active,v7,,,,,,,,,,,,WIN,False,7
,False,36,False,92605546,not_2prize_ex,v7,,,,,,,,,119,,,WIN,False,8
,False,37,False,92605546,no_retreat_option,v7,,,,,,,,,119,,,WIN,False,8
,False,38,False,92605546,not_lethal,v7,,,,,,,,,121,,,WIN,False,8
,False,39,False,92605546,not_lethal,v7,,,,,,,,,121,,,WIN,False,8
,False,40,False,92605546,not_lethal,v7,,,,,,,,,121,,,WIN,False,8
,False,41,False,92605546,not_lethal,v7,,,,,,,,,121,,,WIN,False,8
,False,42,False,92605546,no_retreat_option,v7,,,,,,,,,121,,,WIN,False,8
,False,43,False,92605546,no_retreat_option,v7,,,,,,,,,121,,,WIN,False,8
,False,44,False,92605546,no_retreat_option,v7,,,,,,,,,121,,,WIN,False,8
,False,45,False,92605546,not_lethal,v7,,,,,,,,,121,,,WIN,False,8
,True,46,False,92605546,not_lethal,v7,,,,,,,,,121,,,WIN,False,8
,False,0,False,92606450,no_active,v7,,,,,,,,,,,,WIN,False,
,False,1,False,92606450,no_active,v7,,,,,,,,,,,,WIN,False,
,False,2,False,92606450,no_active,v7,,,,,,,,,,,,WIN,False,0
,False,3,False,92606450,no_active,v7,,,,,,,,,,,,WIN,False,0
,False,4,False,92606450,no_retreat_option,v7,,,,,,,,,235,,,WIN,False,1
,False,5,False,92606450,no_retreat_option,v7,,,,,,,,,235,,,WIN,False,1
,False,6,False,92606450,no_retreat_option,v7,,,,,,,,,235,,,WIN,False,1
,False,7,False,92606450,no_retreat_option,v7,,,,,,,,,235,,,WIN,False,1
,False,8,False,92606450,not_2prize_ex,v7,,,,,,,,,235,,,WIN,False,1
,False,9,False,92606450,not_2prize_ex,v7,,,,,,,,,235,,,WIN,False,3
,False,10,False,92606450,no_retreat_option,v7,,,,,,,,,235,,,WIN,False,3
,False,11,False,92606450,not_2prize_ex,v7,,,,,,,,,235,,,WIN,False,3
,False,12,False,92606450,not_2prize_ex,v7,,,,,,,,,235,,,WIN,False,3
,False,13,False,92606450,no_retreat_option,v7,,,,,,,,,235,,,WIN,False,3
,False,14,False,92606450,no_retreat_option,v7,,,,,,,,,235,,,WIN,False,3
,False,15,False,92606450,not_2prize_ex,v7,,,,,,,,,235,,,WIN,False,3
,False,16,False,92606450,not_2prize_ex,v7,,,,,,,,,235,,,WIN,False,3
,False,17,False,92606450,not_2prize_ex,v7,,,,,,,,,235,,,WIN,False,3
,False,18,False,92606450,not_2prize_ex,v7,,,,,,,,,235,,,WIN,False,3
,False,19,False,92606450,no_retreat_option,v7,,,,,,,,,235,,,WIN,False,3
,False,20,False,92606450,not_2prize_ex,v7,,,,,,,,,235,,,WIN,False,3
,False,21,False,92606450,not_2prize_ex,v7,,,,,,,,,235,,,WIN,False,3
,False,22,False,92606450,no_retreat_option,v7,,,,,,,,,120,,,WIN,False,5
,False,23,False,92606450,no_retreat_option,v7,,,,,,,,,121,,,WIN,False,5
,False,24,False,92606450,no_retreat_option,v7,,,,,,,,,121,,,WIN,False,5
,False,25,False,92606450,no_retreat_option,v7,,,,,,,,,121,,,WIN,False,5
,False,26,False,92606450,no_retreat_option,v7,,,,,,,,,121,,,WIN,False,5
,False,27,False,92606450,not_lethal,v7,,,,,,,,,121,,,WIN,False,5
,True,28,False,92606450,not_lethal,v7,,,,,,,,,121,,,WIN,False,5
,False,29,False,92606450,no_retreat_option,v7,,,,,,,,,121,,,WIN,False,5
,False,30,False,92606450,no_retreat_option,v7,,,,,,,,,121,,,WIN,False,5
,False,31,False,92606450,no_retreat_option,v7,,,,,,,,,121,,,WIN,False,5
,False,32,False,92606450,no_retreat_option,v7,,,,,,,,,121,,,WIN,False,5
,False,33,False,92606450,no_retreat_option,v7,,,,,,,,,121,,,WIN,False,5
,False,34,False,92606450,no_retreat_option,v7,,,,,,,,,121,,,WIN,False,5
,False,35,False,92606450,no_active,v7,,,,,,,,,121,,,WIN,False,5
,False,36,False,92606450,no_active,v7,,,,,,,,,,,,WIN,False,6
,False,37,False,92606450,not_lethal,v7,,,,,,,,,121,,,WIN,False,7
,False,38,False,92606450,not_lethal,v7,,,,,,,,,121,,,WIN,False,7
,False,39,False,92606450,not_lethal,v7,,,,,,,,,121,,,WIN,False,7
,False,40,False,92606450,no_retreat_option,v7,,,,,,,,,121,,,WIN,False,7
,False,41,False,92606450,not_lethal,v7,,,,,,,,,121,,,WIN,False,7
,False,42,False,92606450,no_retreat_option,v7,,,,,,,,,121,,,WIN,False,7
,False,43,False,92606450,not_lethal,v7,,,,,,,,,121,,,WIN,False,7
,False,44,False,92606450,not_lethal,v7,,,,,,,,,121,,,WIN,False,7
,False,45,False,92606450,no_retreat_option,v7,,,,,,,,,121,,,WIN,False,7
,False,46,False,92606450,not_lethal,v7,,,,,,,,,121,,,WIN,False,7
,True,47,False,92606450,not_lethal,v7,,,,,,,,,121,,,WIN,False,7
,False,48,False,92606450,no_retreat_option,v7,,,,,,,,,121,,,WIN,False,7
,False,49,False,92606450,no_retreat_option,v7,,,,,,,,,121,,,WIN,False,7
,False,50,False,92606450,no_retreat_option,v7,,,,,,,,,121,,,WIN,False,7
,False,51,False,92606450,no_retreat_option,v7,,,,,,,,,121,,,WIN,False,7
,False,52,False,92606450,no_retreat_option,v7,,,,,,,,,121,,,WIN,False,7
,False,53,False,92606450,no_retreat_option,v7,,,,,,,,,121,,,WIN,False,7
False,False,54,True,92606450,,v7,1,Mega Lucario ex,140,Aura Jab,130,Dragapult ex,1,50,121,1,,WIN,False,9
,False,55,False,92606450,no_retreat_option,v7,,,,,,,,,121,,,WIN,False,9
False,False,56,True,92606450,,v7,1,Mega Lucario ex,140,Aura Jab,130,Dragapult ex,1,50,121,1,,WIN,False,9
,False,57,False,92606450,no_retreat_option,v7,,,,,,,,,121,,,WIN,False,9
False,False,58,True,92606450,,v7,1,Mega Lucario ex,140,Aura Jab,130,Dragapult ex,1,50,121,1,,WIN,False,9
,False,59,False,92606450,no_retreat_option,v7,,,,,,,,,121,,,WIN,False,9
False,False,60,True,92606450,,v7,1,Mega Lucario ex,140,Aura Jab,130,Dragapult ex,1,50,121,1,,WIN,False,9
,False,61,False,92606450,no_retreat_option,v7,,,,,,,,,121,,,WIN,False,9
False,False,62,True,92606450,,v7,1,Mega Lucario ex,140,Aura Jab,130,Dragapult ex,1,50,121,1,,WIN,False,9
,False,63,False,92606450,no_ready_bench,v7,,,,,,,,,121,,,WIN,False,9
,False,64,False,92606450,no_retreat_option,v7,,,,,,,,,121,,,WIN,False,9
,False,65,False,92606450,no_ready_bench,v7,,,,,,,,,121,,,WIN,False,9
,False,66,False,92606450,no_ready_bench,v7,,,,,,,,,121,,,WIN,False,9
,False,67,False,92606450,no_retreat_option,v7,,,,,,,,,121,,,WIN,False,9
,False,68,False,92606450,no_retreat_option,v7,,,,,,,,,121,,,WIN,False,9
,False,69,False,92606450,no_ready_bench,v7,,,,,,,,,121,,,WIN,False,9
,False,70,False,92606450,no_ready_bench,v7,,,,,,,,,121,,,WIN,False,9
False,True,71,True,92606450,,v7,1,Mega Lucario ex,140,Aura Jab,130,Dragapult ex,1,50,121,1,,WIN,False,9
,False,72,False,92606450,no_retreat_option,v7,,,,,,,,,121,,,WIN,False,9
,False,73,False,92606450,no_retreat_option,v7,,,,,,,,,121,,,WIN,False,9
,False,74,False,92606450,no_retreat_option,v7,,,,,,,,,121,,,WIN,False,9
,False,75,False,92606450,no_retreat_option,v7,,,,,,,,,121,,,WIN,False,9
,False,76,False,92606450,no_retreat_option,v7,,,,,,,,,121,,,WIN,False,9
,False,77,False,92606450,no_retreat_option,v7,,,,,,,,,121,,,WIN,False,9
,False,78,False,92606450,no_active,v7,,,,,,,,,121,,,WIN,False,9
,False,79,False,92606450,no_active,v7,,,,,,,,,121,,,WIN,False,9
,False,80,False,92606450,no_active,v7,,,,,,,,,,,,WIN,False,10
,False,81,False,92606450,not_lethal,v7,,,,,,,,,121,,,WIN,False,11
,False,82,False,92606450,not_lethal,v7,,,,,,,,,121,,,WIN,False,11
,False,83,False,92606450,not_lethal,v7,,,,,,,,,121,,,WIN,False,11
,False,84,False,92606450,no_retreat_option,v7,,,,,,,,,121,,,WIN,False,11
,False,85,False,92606450,not_lethal,v7,,,,,,,,,121,,,WIN,False,11
,False,86,False,92606450,no_retreat_option,v7,,,,,,,,,121,,,WIN,False,11
,False,87,False,92606450,not_lethal,v7,,,,,,,,,121,,,WIN,False,11
,False,88,False,92606450,no_retreat_option,v7,,,,,,,,,121,,,WIN,False,11
,False,89,False,92606450,not_lethal,v7,,,,,,,,,121,,,WIN,False,11
,True,90,False,92606450,not_lethal,v7,,,,,,,,,121,,,WIN,False,11
,False,91,False,92606450,no_retreat_option,v7,,,,,,,,,121,,,WIN,False,11
,False,92,False,92606450,no_retreat_option,v7,,,,,,,,,121,,,WIN,False,11
,False,93,False,92606450,no_retreat_option,v7,,,,,,,,,121,,,WIN,False,11
,False,94,False,92606450,no_retreat_option,v7,,,,,,,,,121,,,WIN,False,11
,False,95,False,92606450,no_retreat_option,v7,,,,,,,,,121,,,WIN,False,11
,False,96,False,92606450,no_retreat_option,v7,,,,,,,,,121,,,WIN,False,11
,False,97,False,92606450,no_active,v7,,,,,,,,,,,,WIN,False,12
,False,98,False,92606450,not_lethal,v7,,,,,,,,,121,,,WIN,False,13
,False,99,False,92606450,no_retreat_option,v7,,,,,,,,,121,,,WIN,False,13
,False,100,False,92606450,not_lethal,v7,,,,,,,,,121,,,WIN,False,13
,False,101,False,92606450,not_lethal,v7,,,,,,,,,121,,,WIN,False,13
,False,102,False,92606450,not_lethal,v7,,,,,,,,,121,,,WIN,False,13
,False,103,False,92606450,not_lethal,v7,,,,,,,,,121,,,WIN,False,13
,False,104,False,92606450,no_retreat_option,v7,,,,,,,,,121,,,WIN,False,13
,False,105,False,92606450,no_retreat_option,v7,,,,,,,,,121,,,WIN,False,13
,False,106,False,92606450,not_lethal,v7,,,,,,,,,121,,,WIN,False,13
,False,107,False,92606450,not_lethal,v7,,,,,,,,,121,,,WIN,False,13
,False,108,False,92606450,not_lethal,v7,,,,,,,,,121,,,WIN,False,13
,False,109,False,92606450,not_lethal,v7,,,,,,,,,121,,,WIN,False,13
,False,110,False,92606450,no_retreat_option,v7,,,,,,,,,121,,,WIN,False,13
,False,111,False,92606450,no_retreat_option,v7,,,,,,,,,121,,,WIN,False,13
,True,112,False,92606450,not_lethal,v7,,,,,,,,,121,,,WIN,False,13
,False,113,False,92606450,no_retreat_option,v7,,,,,,,,,121,,,WIN,False,13
,False,114,False,92606450,no_retreat_option,v7,,,,,,,,,121,,,WIN,False,13
,False,115,False,92606450,no_retreat_option,v7,,,,,,,,,121,,,WIN,False,13
,False,116,False,92606450,no_retreat_option,v7,,,,,,,,,121,,,WIN,False,13
,False,117,False,92606450,no_retreat_option,v7,,,,,,,,,121,,,WIN,False,13
,False,118,False,92606450,no_retreat_option,v7,,,,,,,,,121,,,WIN,False,13
,False,0,False,92607420,no_active,v7,,,,,,,,,,,,WIN,False,
,False,1,False,92607420,no_active,v7,,,,,,,,,,,,WIN,False,
,False,2,False,92607420,no_active,v7,,,,,,,,,,,,WIN,False,0
,False,3,False,92607420,no_active,v7,,,,,,,,,,,,WIN,False,0
,False,4,False,92607420,no_active,v7,,,,,,,,,,,,WIN,False,0
,False,5,False,92607420,no_retreat_option,v7,,,,,,,,,235,,,WIN,False,1
,False,6,False,92607420,no_retreat_option,v7,,,,,,,,,235,,,WIN,False,1
,False,7,False,92607420,not_2prize_ex,v7,,,,,,,,,235,,,WIN,False,1
,False,8,False,92607420,no_retreat_option,v7,,,,,,,,,235,,,WIN,False,1
,False,9,False,92607420,not_2prize_ex,v7,,,,,,,,,235,,,WIN,False,1
,False,10,False,92607420,not_2prize_ex,v7,,,,,,,,,235,,,WIN,False,1
,False,11,False,92607420,not_2prize_ex,v7,,,,,,,,,235,,,WIN,False,1
,False,12,False,92607420,not_2prize_ex,v7,,,,,,,,,235,,,WIN,False,3
,False,13,False,92607420,no_retreat_option,v7,,,,,,,,,235,,,WIN,False,3
,False,14,False,92607420,not_2prize_ex,v7,,,,,,,,,235,,,WIN,False,3
,False,15,False,92607420,no_retreat_option,v7,,,,,,,,,235,,,WIN,False,3
,False,16,False,92607420,not_2prize_ex,v7,,,,,,,,,235,,,WIN,False,3
,False,17,False,92607420,not_2prize_ex,v7,,,,,,,,,235,,,WIN,False,3
,False,18,False,92607420,no_retreat_option,v7,,,,,,,,,235,,,WIN,False,3
,False,19,False,92607420,not_2prize_ex,v7,,,,,,,,,235,,,WIN,False,3
,False,20,False,92607420,not_2prize_ex,v7,,,,,,,,,235,,,WIN,False,5
,False,21,False,92607420,not_2prize_ex,v7,,,,,,,,,235,,,WIN,False,5
,False,22,False,92607420,not_2prize_ex,v7,,,,,,,,,235,,,WIN,False,5
,False,23,False,92607420,not_2prize_ex,v7,,,,,,,,,235,,,WIN,False,5
,False,24,False,92607420,no_retreat_option,v7,,,,,,,,,235,,,WIN,False,5
,False,25,False,92607420,not_2prize_ex,v7,,,,,,,,,235,,,WIN,False,5
,False,26,False,92607420,not_2prize_ex,v7,,,,,,,,,235,,,WIN,False,5
,False,27,False,92607420,no_retreat_option,v7,,,,,,,,,235,,,WIN,False,5
,False,28,False,92607420,not_2prize_ex,v7,,,,,,,,,235,,,WIN,False,5
,False,29,False,92607420,no_retreat_option,v7,,,,,,,,,235,,,WIN,False,5
,False,30,False,92607420,no_retreat_option,v7,,,,,,,,,235,,,WIN,False,5
,False,31,False,92607420,not_2prize_ex,v7,,,,,,,,,235,,,WIN,False,5
,False,32,False,92607420,no_retreat_option,v7,,,,,,,,,235,,,WIN,False,5
,False,33,False,92607420,not_2prize_ex,v7,,,,,,,,,235,,,WIN,False,5
,False,34,False,92607420,not_2prize_ex,v7,,,,,,,,,235,,,WIN,True,5
,False,35,False,92607420,no_retreat_option,v7,,,,,,,,,235,,,WIN,False,5
,True,36,False,92607420,no_retreat_option,v7,,,,,,,,,121,,,WIN,False,5
,False,37,False,92607420,no_retreat_option,v7,,,,,,,,,121,,,WIN,False,5
,False,38,False,92607420,no_retreat_option,v7,,,,,,,,,121,,,WIN,False,5
,False,39,False,92607420,no_retreat_option,v7,,,,,,,,,121,,,WIN,False,5
,False,40,False,92607420,no_retreat_option,v7,,,,,,,,,121,,,WIN,False,5
,False,41,False,92607420,no_retreat_option,v7,,,,,,,,,121,,,WIN,False,5
,False,42,False,92607420,no_retreat_option,v7,,,,,,,,,121,,,WIN,False,5
,False,43,False,92607420,no_active,v7,,,,,,,,,121,,,WIN,False,5
,False,44,False,92607420,no_retreat_option,v7,,,,,,,,,120,,,WIN,False,7
,False,45,False,92607420,no_retreat_option,v7,,,,,,,,,120,,,WIN,False,7
,False,46,False,92607420,no_retreat_option,v7,,,,,,,,,120,,,WIN,False,7
,False,47,False,92607420,no_retreat_option,v7,,,,,,,,,120,,,WIN,False,7
,False,48,False,92607420,no_retreat_option,v7,,,,,,,,,120,,,WIN,False,7
,False,49,False,92607420,no_retreat_option,v7,,,,,,,,,120,,,WIN,False,7
,False,50,False,92607420,no_retreat_option,v7,,,,,,,,,120,,,WIN,False,7
,False,51,False,92607420,no_retreat_option,v7,,,,,,,,,120,,,WIN,False,7
,False,52,False,92607420,not_2prize_ex,v7,,,,,,,,,120,,,WIN,True,7
,False,53,False,92607420,no_retreat_option,v7,,,,,,,,,120,,,WIN,False,7
,False,54,False,92607420,no_retreat_option,v7,,,,,,,,,120,,,WIN,False,7
,True,55,False,92607420,no_retreat_option,v7,,,,,,,,,121,,,WIN,False,7
,False,56,False,92607420,no_retreat_option,v7,,,,,,,,,121,,,WIN,False,7
,False,57,False,92607420,no_retreat_option,v7,,,,,,,,,121,,,WIN,False,7
,False,58,False,92607420,no_retreat_option,v7,,,,,,,,,121,,,WIN,False,7
,False,59,False,92607420,no_retreat_option,v7,,,,,,,,,121,,,WIN,False,7
,False,60,False,92607420,no_retreat_option,v7,,,,,,,,,121,,,WIN,False,7
,False,61,False,92607420,no_retreat_option,v7,,,,,,,,,121,,,WIN,False,7
,False,62,False,92607420,no_active,v7,,,,,,,,,121,,,WIN,False,7
,False,63,False,92607420,not_lethal,v7,,,,,,,,,121,,,WIN,False,9
,False,64,False,92607420,no_retreat_option,v7,,,,,,,,,121,,,WIN,False,9
,False,65,False,92607420,no_retreat_option,v7,,,,,,,,,121,,,WIN,False,9
,False,66,False,92607420,not_lethal,v7,,,,,,,,,121,,,WIN,False,9
,False,67,False,92607420,no_retreat_option,v7,,,,,,,,,121,,,WIN,False,9
,False,68,False,92607420,not_lethal,v7,,,,,,,,,121,,,WIN,False,9
,False,69,False,92607420,no_retreat_option,v7,,,,,,,,,121,,,WIN,False,9
,False,70,False,92607420,no_retreat_option,v7,,,,,,,,,121,,,WIN,False,9
,False,71,False,92607420,no_retreat_option,v7,,,,,,,,,121,,,WIN,False,9
,False,72,False,92607420,not_lethal,v7,,,,,,,,,121,,,WIN,False,9
,True,73,False,92607420,not_lethal,v7,,,,,,,,,121,,,WIN,False,9
,False,74,False,92607420,no_retreat_option,v7,,,,,,,,,121,,,WIN,False,9
,False,75,False,92607420,no_retreat_option,v7,,,,,,,,,121,,,WIN,False,9
,False,76,False,92607420,no_retreat_option,v7,,,,,,,,,121,,,WIN,False,9
,False,77,False,92607420,no_retreat_option,v7,,,,,,,,,121,,,WIN,False,9
,False,78,False,92607420,no_retreat_option,v7,,,,,,,,,121,,,WIN,False,9
,False,79,False,92607420,no_retreat_option,v7,,,,,,,,,121,,,WIN,False,9
,False,80,False,92607420,no_active,v7,,,,,,,,,121,,,WIN,False,9
,False,81,False,92607420,not_lethal,v7,,,,,,,,,121,,,WIN,False,11
,False,82,False,92607420,no_retreat_option,v7,,,,,,,,,121,,,WIN,False,11
,False,83,False,92607420,not_lethal,v7,,,,,,,,,121,,,WIN,False,11
,False,84,False,92607420,not_lethal,v7,,,,,,,,,121,,,WIN,False,11
,True,85,False,92607420,not_lethal,v7,,,,,,,,,121,,,WIN,False,11
,False,86,False,92607420,no_retreat_option,v7,,,,,,,,,121,,,WIN,False,11
,False,87,False,92607420,no_retreat_option,v7,,,,,,,,,121,,,WIN,False,11
,False,88,False,92607420,no_retreat_option,v7,,,,,,,,,121,,,WIN,False,11
,False,89,False,92607420,no_retreat_option,v7,,,,,,,,,121,,,WIN,False,11
,False,90,False,92607420,no_retreat_option,v7,,,,,,,,,121,,,WIN,False,11
,False,91,False,92607420,no_retreat_option,v7,,,,,,,,,121,,,WIN,False,11
,False,92,False,92607420,no_active,v7,,,,,,,,,121,,,WIN,False,11
,False,93,False,92607420,not_lethal,v7,,,,,,,,,121,,,WIN,False,13
,False,94,False,92607420,not_lethal,v7,,,,,,,,,121,,,WIN,False,13
,False,95,False,92607420,no_retreat_option,v7,,,,,,,,,121,,,WIN,False,13
,False,96,False,92607420,not_lethal,v7,,,,,,,,,121,,,WIN,False,13
,False,97,False,92607420,no_retreat_option,v7,,,,,,,,,121,,,WIN,False,13
,False,98,False,92607420,not_lethal,v7,,,,,,,,,121,,,WIN,False,13
,True,99,False,92607420,not_lethal,v7,,,,,,,,,121,,,WIN,False,13
,False,100,False,92607420,no_retreat_option,v7,,,,,,,,,121,,,WIN,False,13
,False,101,False,92607420,no_retreat_option,v7,,,,,,,,,121,,,WIN,False,13
,False,102,False,92607420,no_retreat_option,v7,,,,,,,,,121,,,WIN,False,13
,False,103,False,92607420,no_retreat_option,v7,,,,,,,,,121,,,WIN,False,13
,False,104,False,92607420,no_retreat_option,v7,,,,,,,,,121,,,WIN,False,13
,False,105,False,92607420,no_retreat_option,v7,,,,,,,,,121,,,WIN,False,13
,False,106,False,92607420,no_active,v7,,,,,,,,,121,,,WIN,False,13
,False,107,False,92607420,not_lethal,v7,,,,,,,,,121,,,WIN,False,15
,False,108,False,92607420,no_retreat_option,v7,,,,,,,,,121,,,WIN,False,15
,False,109,False,92607420,not_lethal,v7,,,,,,,,,121,,,WIN,False,15
,False,110,False,92607420,no_retreat_option,v7,,,,,,,,,121,,,WIN,False,15
,False,111,False,92607420,not_lethal,v7,,,,,,,,,121,,,WIN,False,15
,False,112,False,92607420,not_lethal,v7,,,,,,,,,121,,,WIN,False,15
,False,113,False,92607420,no_retreat_option,v7,,,,,,,,,121,,,WIN,False,15
,True,114,False,92607420,not_lethal,v7,,,,,,,,,121,,,WIN,False,15
,False,115,False,92607420,no_retreat_option,v7,,,,,,,,,121,,,WIN,False,15
,False,116,False,92607420,no_retreat_option,v7,,,,,,,,,121,,,WIN,False,15
,False,117,False,92607420,no_retreat_option,v7,,,,,,,,,121,,,WIN,False,15
,False,118,False,92607420,no_retreat_option,v7,,,,,,,,,121,,,WIN,False,15
,False,119,False,92607420,no_retreat_option,v7,,,,,,,,,121,,,WIN,False,15
,False,120,False,92607420,no_retreat_option,v7,,,,,,,,,121,,,WIN,False,15
,False,0,False,92608370,no_active,v7,,,,,,,,,,,,WIN,False,
,False,1,False,92608370,no_active,v7,,,,,,,,,,,,WIN,False,
,False,2,False,92608370,no_active,v7,,,,,,,,,,,,WIN,False,0
,False,3,False,92608370,no_active,v7,,,,,,,,,,,,WIN,False,0
,False,4,False,92608370,not_2prize_ex,v7,,,,,,,,,235,,,WIN,False,2
,False,5,False,92608370,no_retreat_option,v7,,,,,,,,,235,,,WIN,False,2
,False,6,False,92608370,not_2prize_ex,v7,,,,,,,,,235,,,WIN,False,2
,False,7,False,92608370,not_2prize_ex,v7,,,,,,,,,235,,,WIN,False,2
,False,8,False,92608370,no_retreat_option,v7,,,,,,,,,235,,,WIN,False,2
,False,9,False,92608370,not_2prize_ex,v7,,,,,,,,,235,,,WIN,False,2
,False,10,False,92608370,not_2prize_ex,v7,,,,,,,,,235,,,WIN,False,2
,False,11,False,92608370,not_2prize_ex,v7,,,,,,,,,235,,,WIN,False,2
,False,12,False,92608370,no_retreat_option,v7,,,,,,,,,235,,,WIN,False,2
,False,13,False,92608370,not_2prize_ex,v7,,,,,,,,,235,,,WIN,False,2
,False,14,False,92608370,no_retreat_option,v7,,,,,,,,,235,,,WIN,False,2
,False,15,False,92608370,no_retreat_option,v7,,,,,,,,,235,,,WIN,False,2
,False,16,False,92608370,no_retreat_option,v7,,,,,,,,,235,,,WIN,False,2
,False,17,False,92608370,not_2prize_ex,v7,,,,,,,,,235,,,WIN,False,2
,False,18,False,92608370,not_2prize_ex,v7,,,,,,,,,235,,,WIN,False,2
,False,19,False,92608370,not_2prize_ex,v7,,,,,,,,,235,,,WIN,False,4
,False,20,False,92608370,no_retreat_option,v7,,,,,,,,,235,,,WIN,False,4
,False,21,False,92608370,not_2prize_ex,v7,,,,,,,,,235,,,WIN,False,4
,False,22,False,92608370,not_2prize_ex,v7,,,,,,,,,235,,,WIN,False,6
,False,23,False,92608370,no_retreat_option,v7,,,,,,,,,235,,,WIN,False,6
,False,24,False,92608370,not_2prize_ex,v7,,,,,,,,,235,,,WIN,False,6
,False,25,False,92608370,not_2prize_ex,v7,,,,,,,,,235,,,WIN,False,6
,False,26,False,92608370,no_retreat_option,v7,,,,,,,,,235,,,WIN,False,6
,True,27,False,92608370,not_2prize_ex,v7,,,,,,,,,235,,,WIN,False,6
,False,28,False,92608370,no_active,v7,,,,,,,,,235,,,WIN,False,6
,False,29,False,92608370,not_2prize_ex,v7,,,,,,,,,235,,,WIN,False,8
,False,30,False,92608370,no_retreat_option,v7,,,,,,,,,235,,,WIN,False,8
,False,31,False,92608370,not_2prize_ex,v7,,,,,,,,,235,,,WIN,False,8
,False,32,False,92608370,not_2prize_ex,v7,,,,,,,,,235,,,WIN,False,8
,False,33,False,92608370,no_retreat_option,v7,,,,,,,,,235,,,WIN,False,8
,False,34,False,92608370,not_2prize_ex,v7,,,,,,,,,235,,,WIN,False,8
,False,35,False,92608370,not_2prize_ex,v7,,,,,,,,,235,,,WIN,False,8
,False,36,False,92608370,no_retreat_option,v7,,,,,,,,,235,,,WIN,False,8
,False,37,False,92608370,not_2prize_ex,v7,,,,,,,,,235,,,WIN,False,8
,False,38,False,92608370,no_retreat_option,v7,,,,,,,,,235,,,WIN,False,8
,False,39,False,92608370,no_retreat_option,v7,,,,,,,,,235,,,WIN,False,8
,False,40,False,92608370,no_retreat_option,v7,,,,,,,,,235,,,WIN,False,8
,False,41,False,92608370,not_2prize_ex,v7,,,,,,,,,235,,,WIN,False,8
,False,42,False,92608370,not_2prize_ex,v7,,,,,,,,,235,,,WIN,False,8
,False,43,False,92608370,not_2prize_ex,v7,,,,,,,,,235,,,WIN,False,10
,False,44,False,92608370,no_retreat_option,v7,,,,,,,,,235,,,WIN,False,10
,False,45,False,92608370,not_2prize_ex,v7,,,,,,,,,235,,,WIN,False,10
,False,46,False,92608370,no_retreat_option,v7,,,,,,,,,235,,,WIN,False,10
,False,47,False,92608370,not_2prize_ex,v7,,,,,,,,,235,,,WIN,False,10
,False,48,False,92608370,no_retreat_option,v7,,,,,,,,,235,,,WIN,False,10
,False,49,False,92608370,not_2prize_ex,v7,,,,,,,,,235,,,WIN,False,10
,False,50,False,92608370,no_retreat_option,v7,,,,,,,,,235,,,WIN,False,10
,False,51,False,92608370,not_2prize_ex,v7,,,,,,,,,235,,,WIN,False,10
,False,52,False,92608370,not_2prize_ex,v7,,,,,,,,,235,,,WIN,False,10
,False,53,False,92608370,not_2prize_ex,v7,,,,,,,,,235,,,WIN,False,10
,False,54,False,92608370,no_retreat_option,v7,,,,,,,,,235,,,WIN,False,10
,False,55,False,92608370,not_2prize_ex,v7,,,,,,,,,235,,,WIN,False,10
,False,56,False,92608370,no_retreat_option,v7,,,,,,,,,235,,,WIN,False,10
,False,57,False,92608370,not_2prize_ex,v7,,,,,,,,,235,,,WIN,False,10
,False,58,False,92608370,not_2prize_ex,v7,,,,,,,,,235,,,WIN,True,10
,False,59,False,92608370,no_retreat_option,v7,,,,,,,,,235,,,WIN,False,10
,True,60,False,92608370,no_retreat_option,v7,,,,,,,,,121,,,WIN,False,10
,False,61,False,92608370,no_retreat_option,v7,,,,,,,,,121,,,WIN,False,10
,False,62,False,92608370,no_retreat_option,v7,,,,,,,,,121,,,WIN,False,10
,False,63,False,92608370,no_retreat_option,v7,,,,,,,,,121,,,WIN,False,10
,False,64,False,92608370,no_retreat_option,v7,,,,,,,,,121,,,WIN,False,10
,False,65,False,92608370,no_retreat_option,v7,,,,,,,,,121,,,WIN,False,10
,False,66,False,92608370,no_retreat_option,v7,,,,,,,,,121,,,WIN,False,10
,False,67,False,92608370,no_active,v7,,,,,,,,,121,,,WIN,False,10
,False,68,False,92608370,no_active,v7,,,,,,,,,,,,WIN,False,11
,False,69,False,92608370,no_active,v7,,,,,,,,,,,,WIN,False,11
,False,70,False,92608370,not_2prize_ex,v7,,,,,,,,,235,,,WIN,False,12
,False,71,False,92608370,no_retreat_option,v7,,,,,,,,,235,,,WIN,False,12
,False,72,False,92608370,not_2prize_ex,v7,,,,,,,,,235,,,WIN,False,12
,False,73,False,92608370,no_retreat_option,v7,,,,,,,,,235,,,WIN,False,12
,False,74,False,92608370,not_2prize_ex,v7,,,,,,,,,235,,,WIN,False,12
,False,75,False,92608370,no_retreat_option,v7,,,,,,,,,235,,,WIN,False,12
,False,76,False,92608370,not_2prize_ex,v7,,,,,,,,,235,,,WIN,False,12
,False,77,False,92608370,no_retreat_option,v7,,,,,,,,,235,,,WIN,False,12
,False,78,False,92608370,not_2prize_ex,v7,,,,,,,,,235,,,WIN,False,12
,False,79,False,92608370,not_2prize_ex,v7,,,,,,,,,235,,,WIN,False,12
,False,80,False,92608370,not_2prize_ex,v7,,,,,,,,,235,,,WIN,False,12
,False,81,False,92608370,not_2prize_ex,v7,,,,,,,,,235,,,WIN,False,12
,False,82,False,92608370,no_active,v7,,,,,,,,,,,,WIN,False,13
,False,83,False,92608370,not_2prize_ex,v7,,,,,,,,,120,,,WIN,False,14
,False,84,False,92608370,no_retreat_option,v7,,,,,,,,,120,,,WIN,False,14
,False,85,False,92608370,no_retreat_option,v7,,,,,,,,,120,,,WIN,False,14
,False,86,False,92608370,not_2prize_ex,v7,,,,,,,,,120,,,WIN,False,14
,False,87,False,92608370,not_2prize_ex,v7,,,,,,,,,120,,,WIN,False,14
,False,88,False,92608370,no_retreat_option,v7,,,,,,,,,120,,,WIN,False,14
,False,89,False,92608370,not_2prize_ex,v7,,,,,,,,,120,,,WIN,False,14
,False,90,False,92608370,no_retreat_option,v7,,,,,,,,,120,,,WIN,False,14
,False,91,False,92608370,not_2prize_ex,v7,,,,,,,,,120,,,WIN,False,14
,False,92,False,92608370,not_2prize_ex,v7,,,,,,,,,120,,,WIN,False,14
,False,93,False,92608370,no_retreat_option,v7,,,,,,,,,120,,,WIN,False,14
,False,94,False,92608370,not_2prize_ex,v7,,,,,,,,,120,,,WIN,False,14
,False,95,False,92608370,no_retreat_option,v7,,,,,,,,,120,,,WIN,False,14
,False,96,False,92608370,not_2prize_ex,v7,,,,,,,,,120,,,WIN,False,14
,False,97,False,92608370,not_2prize_ex,v7,,,,,,,,,120,,,WIN,True,14
,False,98,False,92608370,no_retreat_option,v7,,,,,,,,,120,,,WIN,False,14
,False,99,False,92608370,no_retreat_option,v7,,,,,,,,,120,,,WIN,False,14
,True,100,False,92608370,no_retreat_option,v7,,,,,,,,,121,,,WIN,False,14
,False,101,False,92608370,no_retreat_option,v7,,,,,,,,,121,,,WIN,False,14
,False,102,False,92608370,no_retreat_option,v7,,,,,,,,,121,,,WIN,False,14
,False,103,False,92608370,no_retreat_option,v7,,,,,,,,,121,,,WIN,False,14
,False,104,False,92608370,no_retreat_option,v7,,,,,,,,,121,,,WIN,False,14
,False,105,False,92608370,no_retreat_option,v7,,,,,,,,,121,,,WIN,False,14
,False,106,False,92608370,no_retreat_option,v7,,,,,,,,,121,,,WIN,False,14
,False,107,False,92608370,no_active,v7,,,,,,,,,121,,,WIN,False,14
,False,0,False,92609318,no_active,v7,,,,,,,,,,,,WIN,False,
,False,1,False,92609318,no_active,v7,,,,,,,,,,,,WIN,False,
,False,2,False,92609318,no_active,v7,,,,,,,,,,,,WIN,False,0
,False,3,False,92609318,no_retreat_option,v7,,,,,,,,,235,,,WIN,False,2
,False,4,False,92609318,no_retreat_option,v7,,,,,,,,,235,,,WIN,False,2
,False,5,False,92609318,no_retreat_option,v7,,,,,,,,,235,,,WIN,False,2
,False,6,False,92609318,no_retreat_option,v7,,,,,,,,,235,,,WIN,False,2
,False,7,False,92609318,not_2prize_ex,v7,,,,,,,,,235,,,WIN,False,2
,False,8,False,92609318,no_retreat_option,v7,,,,,,,,,235,,,WIN,False,2
,False,9,False,92609318,not_2prize_ex,v7,,,,,,,,,235,,,WIN,False,2
,False,10,False,92609318,not_2prize_ex,v7,,,,,,,,,235,,,WIN,False,2
,False,11,False,92609318,not_2prize_ex,v7,,,,,,,,,235,,,WIN,False,2
,False,12,False,92609318,not_2prize_ex,v7,,,,,,,,,235,,,WIN,False,2
,False,13,False,92609318,not_2prize_ex,v7,,,,,,,,,119,,,WIN,False,4
,False,14,False,92609318,no_retreat_option,v7,,,,,,,,,119,,,WIN,False,4
,False,15,False,92609318,no_retreat_option,v7,,,,,,,,,119,,,WIN,False,4
,False,16,False,92609318,not_2prize_ex,v7,,,,,,,,,119,,,WIN,False,4
,False,17,False,92609318,not_2prize_ex,v7,,,,,,,,,119,,,WIN,False,4
,False,18,False,92609318,not_2prize_ex,v7,,,,,,,,,119,,,WIN,False,4
,False,19,False,92609318,not_2prize_ex,v7,,,,,,,,,119,,,WIN,False,4
,False,20,False,92609318,not_2prize_ex,v7,,,,,,,,,119,,,WIN,False,4
,False,21,False,92609318,no_retreat_option,v7,,,,,,,,,119,,,WIN,False,4
,False,22,False,92609318,not_lethal,v7,,,,,,,,,121,,,WIN,True,4
,False,23,False,92609318,no_retreat_option,v7,,,,,,,,,121,,,WIN,False,4
,False,24,False,92609318,no_retreat_option,v7,,,,,,,,,121,,,WIN,False,4
,False,25,False,92609318,no_retreat_option,v7,,,,,,,,,235,,,WIN,False,4
,False,26,False,92609318,not_2prize_ex,v7,,,,,,,,,235,,,WIN,False,6
,False,27,False,92609318,no_retreat_option,v7,,,,,,,,,235,,,WIN,False,6
,False,28,False,92609318,no_retreat_option,v7,,,,,,,,,235,,,WIN,False,6
,False,29,False,92609318,no_retreat_option,v7,,,,,,,,,235,,,WIN,False,6
,False,30,False,92609318,not_2prize_ex,v7,,,,,,,,,235,,,WIN,False,6
,False,31,False,92609318,no_retreat_option,v7,,,,,,,,,235,,,WIN,False,6
,False,32,False,92609318,no_retreat_option,v7,,,,,,,,,235,,,WIN,False,6
,False,33,False,92609318,not_2prize_ex,v7,,,,,,,,,235,,,WIN,False,6
,False,34,False,92609318,not_2prize_ex,v7,,,,,,,,,235,,,WIN,False,6
,False,35,False,92609318,no_retreat_option,v7,,,,,,,,,235,,,WIN,False,6
,False,36,False,92609318,not_2prize_ex,v7,,,,,,,,,235,,,WIN,False,6
,False,37,False,92609318,not_2prize_ex,v7,,,,,,,,,235,,,WIN,True,6
,False,38,False,92609318,no_retreat_option,v7,,,,,,,,,235,,,WIN,False,6
,True,39,False,92609318,no_retreat_option,v7,,,,,,,,,121,,,WIN,False,6
,False,40,False,92609318,no_retreat_option,v7,,,,,,,,,121,,,WIN,False,6
,False,41,False,92609318,no_retreat_option,v7,,,,,,,,,121,,,WIN,False,6
,False,42,False,92609318,no_retreat_option,v7,,,,,,,,,121,,,WIN,False,6
,False,43,False,92609318,no_retreat_option,v7,,,,,,,,,121,,,WIN,False,6
,False,44,False,92609318,no_retreat_option,v7,,,,,,,,,121,,,WIN,False,6
,False,45,False,92609318,no_retreat_option,v7,,,,,,,,,121,,,WIN,False,6
,False,46,False,92609318,no_active,v7,,,,,,,,,121,,,WIN,False,6
,False,47,False,92609318,not_lethal,v7,,,,,,,,,121,,,WIN,False,8
,False,48,False,92609318,no_retreat_option,v7,,,,,,,,,121,,,WIN,False,8
,False,49,False,92609318,not_lethal,v7,,,,,,,,,121,,,WIN,False,8
,False,50,False,92609318,not_lethal,v7,,,,,,,,,121,,,WIN,False,8
,True,51,False,92609318,not_lethal,v7,,,,,,,,,121,,,WIN,False,8
,False,52,False,92609318,no_retreat_option,v7,,,,,,,,,121,,,WIN,False,8
,False,53,False,92609318,no_retreat_option,v7,,,,,,,,,121,,,WIN,False,8
,False,54,False,92609318,no_retreat_option,v7,,,,,,,,,121,,,WIN,False,8
,False,55,False,92609318,no_retreat_option,v7,,,,,,,,,121,,,WIN,False,8
,False,56,False,92609318,no_retreat_option,v7,,,,,,,,,121,,,WIN,False,8
,False,57,False,92609318,no_retreat_option,v7,,,,,,,,,121,,,WIN,False,8
,False,58,False,92609318,not_lethal,v7,,,,,,,,,121,,,WIN,False,10
,False,59,False,92609318,no_retreat_option,v7,,,,,,,,,121,,,WIN,False,10
,False,60,False,92609318,not_lethal,v7,,,,,,,,,121,,,WIN,False,10
,False,61,False,92609318,no_retreat_option,v7,,,,,,,,,121,,,WIN,False,10
,False,62,False,92609318,not_lethal,v7,,,,,,,,,121,,,WIN,False,10
,False,63,False,92609318,no_retreat_option,v7,,,,,,,,,121,,,WIN,False,10
,False,64,False,92609318,not_lethal,v7,,,,,,,,,121,,,WIN,False,10
,False,65,False,92609318,no_retreat_option,v7,,,,,,,,,121,,,WIN,False,10
,False,66,False,92609318,not_lethal,v7,,,,,,,,,121,,,WIN,False,10
,False,67,False,92609318,not_lethal,v7,,,,,,,,,121,,,WIN,False,10
,False,68,False,92609318,not_lethal,v7,,,,,,,,,121,,,WIN,False,10
,False,69,False,92609318,no_retreat_option,v7,,,,,,,,,121,,,WIN,False,10
,False,70,False,92609318,not_lethal,v7,,,,,,,,,121,,,WIN,False,10
,True,71,False,92609318,not_lethal,v7,,,,,,,,,121,,,WIN,False,10
,False,72,False,92609318,no_retreat_option,v7,,,,,,,,,121,,,WIN,False,10
,False,73,False,92609318,no_retreat_option,v7,,,,,,,,,121,,,WIN,False,10
,False,74,False,92609318,no_retreat_option,v7,,,,,,,,,121,,,WIN,False,10
,False,75,False,92609318,no_retreat_option,v7,,,,,,,,,121,,,WIN,False,10
,False,76,False,92609318,no_retreat_option,v7,,,,,,,,,121,,,WIN,False,10
,False,77,False,92609318,no_retreat_option,v7,,,,,,,,,121,,,WIN,False,10
,False,78,False,92609318,no_active,v7,,,,,,,,,121,,,WIN,False,10
,False,79,False,92609318,no_active,v7,,,,,,,,,,,,WIN,False,11
,False,80,False,92609318,not_2prize_ex,v7,,,,,,,,,235,,,WIN,False,12
,False,81,False,92609318,not_2prize_ex,v7,,,,,,,,,235,,,WIN,False,12
,False,82,False,92609318,no_retreat_option,v7,,,,,,,,,235,,,WIN,False,12
,False,83,False,92609318,not_2prize_ex,v7,,,,,,,,,235,,,WIN,False,12
,False,84,False,92609318,no_retreat_option,v7,,,,,,,,,235,,,WIN,False,12
,False,85,False,92609318,not_2prize_ex,v7,,,,,,,,,235,,,WIN,False,12
,False,86,False,92609318,not_2prize_ex,v7,,,,,,,,,235,,,WIN,False,12
,False,87,False,92609318,not_2prize_ex,v7,,,,,,,,,235,,,WIN,False,12
,False,88,False,92609318,not_2prize_ex,v7,,,,,,,,,235,,,WIN,False,12
,False,89,False,92609318,not_2prize_ex,v7,,,,,,,,,235,,,WIN,False,12
,False,90,False,92609318,no_retreat_option,v7,,,,,,,,,235,,,WIN,False,12
,False,91,False,92609318,not_2prize_ex,v7,,,,,,,,,235,,,WIN,False,12
,False,92,False,92609318,not_2prize_ex,v7,,,,,,,,,235,,,WIN,False,12
,False,93,False,92609318,not_2prize_ex,v7,,,,,,,,,235,,,WIN,False,12
,False,94,False,92609318,not_2prize_ex,v7,,,,,,,,,235,,,WIN,True,12
,False,95,False,92609318,no_retreat_option,v7,,,,,,,,,235,,,WIN,False,12
,True,96,False,92609318,no_retreat_option,v7,,,,,,,,,121,,,WIN,False,12
,False,97,False,92609318,no_retreat_option,v7,,,,,,,,,121,,,WIN,False,12
,False,98,False,92609318,no_retreat_option,v7,,,,,,,,,121,,,WIN,False,12
,False,99,False,92609318,no_retreat_option,v7,,,,,,,,,121,,,WIN,False,12
,False,100,False,92609318,no_retreat_option,v7,,,,,,,,,121,,,WIN,False,12
,False,101,False,92609318,no_retreat_option,v7,,,,,,,,,121,,,WIN,False,12
,False,102,False,92609318,no_retreat_option,v7,,,,,,,,,121,,,WIN,False,12
,False,103,False,92609318,no_active,v7,,,,,,,,,121,,,WIN,False,12
,False,0,False,92610256,no_active,v7,,,,,,,,,,,,LOSS,False,
,False,1,False,92610256,no_active,v7,,,,,,,,,,,,LOSS,False,
,False,2,False,92610256,no_active,v7,,,,,,,,,,,,LOSS,False,0
,False,3,False,92610256,no_retreat_option,v7,,,,,,,,,119,,,LOSS,False,2
,False,4,False,92610256,no_retreat_option,v7,,,,,,,,,119,,,LOSS,False,2
,False,5,False,92610256,no_retreat_option,v7,,,,,,,,,119,,,LOSS,False,2
,False,6,False,92610256,no_retreat_option,v7,,,,,,,,,119,,,LOSS,False,2
,False,7,False,92610256,no_retreat_option,v7,,,,,,,,,119,,,LOSS,False,2
,False,8,False,92610256,no_retreat_option,v7,,,,,,,,,119,,,LOSS,False,2
,False,9,False,92610256,not_2prize_ex,v7,,,,,,,,,119,,,LOSS,True,2
,False,10,False,92610256,no_retreat_option,v7,,,,,,,,,119,,,LOSS,False,2
,False,11,False,92610256,no_retreat_option,v7,,,,,,,,,235,,,LOSS,False,2
,False,12,False,92610256,no_active,v7,,,,,,,,,,,,LOSS,False,3
,False,13,False,92610256,not_2prize_ex,v7,,,,,,,,,119,,,LOSS,False,4
,False,14,False,92610256,no_retreat_option,v7,,,,,,,,,119,,,LOSS,False,4
,False,15,False,92610256,not_2prize_ex,v7,,,,,,,,,119,,,LOSS,False,4
,False,16,False,92610256,not_2prize_ex,v7,,,,,,,,,119,,,LOSS,False,4
,False,17,False,92610256,not_2prize_ex,v7,,,,,,,,,119,,,LOSS,False,4
,False,18,False,92610256,no_retreat_option,v7,,,,,,,,,119,,,LOSS,False,4
,False,19,False,92610256,not_2prize_ex,v7,,,,,,,,,119,,,LOSS,False,4
,False,20,False,92610256,no_retreat_option,v7,,,,,,,,,119,,,LOSS,False,4
,False,21,False,92610256,not_2prize_ex,v7,,,,,,,,,119,,,LOSS,False,4
,False,22,False,92610256,not_2prize_ex,v7,,,,,,,,,119,,,LOSS,False,4
,False,23,False,92610256,not_2prize_ex,v7,,,,,,,,,119,,,LOSS,False,4
,False,24,False,92610256,no_retreat_option,v7,,,,,,,,,119,,,LOSS,False,4
,False,25,False,92610256,no_retreat_option,v7,,,,,,,,,119,,,LOSS,False,4
,False,26,False,92610256,not_2prize_ex,v7,,,,,,,,,119,,,LOSS,False,4
,False,27,False,92610256,no_retreat_option,v7,,,,,,,,,120,,,LOSS,False,4
,False,28,False,92610256,no_retreat_option,v7,,,,,,,,,120,,,LOSS,False,4
,False,29,False,92610256,no_retreat_option,v7,,,,,,,,,120,,,LOSS,False,4
,False,30,False,92610256,no_retreat_option,v7,,,,,,,,,120,,,LOSS,False,4
,False,31,False,92610256,no_retreat_option,v7,,,,,,,,,120,,,LOSS,False,4
,False,32,False,92610256,no_retreat_option,v7,,,,,,,,,120,,,LOSS,False,4
,False,33,False,92610256,no_active,v7,,,,,,,,,,,,LOSS,False,5
,False,34,False,92610256,not_2prize_ex,v7,,,,,,,,,119,,,LOSS,False,6
,False,35,False,92610256,no_retreat_option,v7,,,,,,,,,119,,,LOSS,False,6
,False,36,False,92610256,not_2prize_ex,v7,,,,,,,,,119,,,LOSS,False,6
,False,37,False,92610256,not_2prize_ex,v7,,,,,,,,,119,,,LOSS,False,6
,False,38,False,92610256,not_2prize_ex,v7,,,,,,,,,119,,,LOSS,False,6
,False,39,False,92610256,no_retreat_option,v7,,,,,,,,,119,,,LOSS,False,6
,False,40,False,92610256,no_retreat_option,v7,,,,,,,,,119,,,LOSS,False,6
,False,41,False,92610256,no_retreat_option,v7,,,,,,,,,119,,,LOSS,False,6
,False,42,False,92610256,not_2prize_ex,v7,,,,,,,,,119,,,LOSS,False,6
,False,43,False,92610256,not_2prize_ex,v7,,,,,,,,,119,,,LOSS,False,6
,False,44,False,92610256,no_retreat_option,v7,,,,,,,,,119,,,LOSS,False,6
,False,45,False,92610256,not_2prize_ex,v7,,,,,,,,,119,,,LOSS,False,6
,False,46,False,92610256,not_2prize_ex,v7,,,,,,,,,119,,,LOSS,True,6
,False,47,False,92610256,no_retreat_option,v7,,,,,,,,,119,,,LOSS,False,6
,False,48,False,92610256,no_retreat_option,v7,,,,,,,,,235,,,LOSS,False,6
,False,49,False,92610256,no_active,v7,,,,,,,,,,,,LOSS,False,7
,False,50,False,92610256,not_2prize_ex,v7,,,,,,,,,235,,,LOSS,False,8
,False,51,False,92610256,not_2prize_ex,v7,,,,,,,,,235,,,LOSS,False,8
,False,52,False,92610256,no_retreat_option,v7,,,,,,,,,235,,,LOSS,False,8
,False,53,False,92610256,no_retreat_option,v7,,,,,,,,,235,,,LOSS,False,8
,False,54,False,92610256,no_retreat_option,v7,,,,,,,,,235,,,LOSS,False,8
,False,55,False,92610256,not_2prize_ex,v7,,,,,,,,,235,,,LOSS,False,8
,False,56,False,92610256,not_2prize_ex,v7,,,,,,,,,235,,,LOSS,True,8
,False,57,False,92610256,no_retreat_option,v7,,,,,,,,,235,,,LOSS,False,8
,True,58,False,92610256,no_retreat_option,v7,,,,,,,,,121,,,LOSS,False,8
,False,59,False,92610256,no_retreat_option,v7,,,,,,,,,121,,,LOSS,False,8
,False,60,False,92610256,no_retreat_option,v7,,,,,,,,,121,,,LOSS,False,8
,False,61,False,92610256,no_retreat_option,v7,,,,,,,,,121,,,LOSS,False,8
,False,62,False,92610256,no_retreat_option,v7,,,,,,,,,121,,,LOSS,False,8
,False,63,False,92610256,no_retreat_option,v7,,,,,,,,,121,,,LOSS,False,8
,False,64,False,92610256,no_retreat_option,v7,,,,,,,,,121,,,LOSS,False,8
False,False,65,True,92610256,,v7,3,Mega Lucario ex,230,Aura Jab,130,Dragapult ex,1,20,121,1,,LOSS,False,10
False,False,66,True,92610256,,v7,3,Mega Lucario ex,230,Aura Jab,130,Dragapult ex,1,20,121,1,,LOSS,False,10
False,False,67,True,92610256,,v7,3,Mega Lucario ex,230,Aura Jab,130,Dragapult ex,1,20,121,1,,LOSS,False,10
False,False,68,True,92610256,,v7,3,Mega Lucario ex,230,Aura Jab,130,Dragapult ex,1,20,121,1,,LOSS,False,10
,False,69,False,92610256,no_retreat_option,v7,,,,,,,,,121,,,LOSS,False,10
,False,70,False,92610256,no_retreat_option,v7,,,,,,,,,121,,,LOSS,False,10
False,False,71,True,92610256,,v7,3,Mega Lucario ex,230,Aura Jab,130,Dragapult ex,1,20,121,1,,LOSS,False,10
False,False,72,True,92610256,,v7,3,Mega Lucario ex,230,Aura Jab,130,Dragapult ex,1,20,121,1,,LOSS,False,10
,False,73,False,92610256,no_retreat_option,v7,,,,,,,,,121,,,LOSS,False,10
False,False,74,True,92610256,,v7,3,Mega Lucario ex,230,Aura Jab,130,Dragapult ex,1,20,121,1,,LOSS,False,10
,False,75,False,92610256,no_retreat_option,v7,,,,,,,,,121,,,LOSS,False,10
False,True,76,True,92610256,,v7,3,Mega Lucario ex,230,Aura Jab,130,Dragapult ex,1,20,121,1,,LOSS,False,10
,False,77,False,92610256,no_retreat_option,v7,,,,,,,,,121,,,LOSS,False,10
,False,78,False,92610256,no_retreat_option,v7,,,,,,,,,121,,,LOSS,False,10
,False,79,False,92610256,no_retreat_option,v7,,,,,,,,,121,,,LOSS,False,10
,False,80,False,92610256,no_retreat_option,v7,,,,,,,,,121,,,LOSS,False,10
,False,81,False,92610256,no_retreat_option,v7,,,,,,,,,121,,,LOSS,False,10
,False,82,False,92610256,no_retreat_option,v7,,,,,,,,,121,,,LOSS,False,10
,False,0,False,92611212,no_active,v7,,,,,,,,,,,,LOSS,False,
,False,1,False,92611212,no_active,v7,,,,,,,,,,,,LOSS,False,
,False,2,False,92611212,no_active,v7,,,,,,,,,,,,LOSS,False,0
,False,3,False,92611212,no_active,v7,,,,,,,,,,,,LOSS,False,0
,False,4,False,92611212,no_active,v7,,,,,,,,,,,,LOSS,False,0
,False,5,False,92611212,no_retreat_option,v7,,,,,,,,,119,,,LOSS,False,1
,False,6,False,92611212,not_2prize_ex,v7,,,,,,,,,119,,,LOSS,False,1
,False,7,False,92611212,no_retreat_option,v7,,,,,,,,,119,,,LOSS,False,1
,False,8,False,92611212,not_2prize_ex,v7,,,,,,,,,119,,,LOSS,False,1
,False,9,False,92611212,not_2prize_ex,v7,,,,,,,,,119,,,LOSS,False,1
,False,10,False,92611212,not_2prize_ex,v7,,,,,,,,,119,,,LOSS,False,3
,False,11,False,92611212,no_retreat_option,v7,,,,,,,,,119,,,LOSS,False,3
,False,12,False,92611212,not_2prize_ex,v7,,,,,,,,,119,,,LOSS,False,3
,False,13,False,92611212,not_2prize_ex,v7,,,,,,,,,119,,,LOSS,False,3
,False,14,False,92611212,no_retreat_option,v7,,,,,,,,,119,,,LOSS,False,3
,False,15,False,92611212,not_2prize_ex,v7,,,,,,,,,119,,,LOSS,False,3
,False,16,False,92611212,not_2prize_ex,v7,,,,,,,,,119,,,LOSS,True,3
,False,17,False,92611212,no_retreat_option,v7,,,,,,,,,119,,,LOSS,False,3
,False,18,False,92611212,no_retreat_option,v7,,,,,,,,,235,,,LOSS,False,3
,False,19,False,92611212,not_2prize_ex,v7,,,,,,,,,235,,,LOSS,False,5
,False,20,False,92611212,no_retreat_option,v7,,,,,,,,,235,,,LOSS,False,5
,False,21,False,92611212,not_2prize_ex,v7,,,,,,,,,235,,,LOSS,False,5
,False,22,False,92611212,no_retreat_option,v7,,,,,,,,,235,,,LOSS,False,5
,False,23,False,92611212,not_2prize_ex,v7,,,,,,,,,235,,,LOSS,False,5
,False,24,False,92611212,no_retreat_option,v7,,,,,,,,,235,,,LOSS,False,5
,False,25,False,92611212,no_retreat_option,v7,,,,,,,,,235,,,LOSS,False,5
,False,26,False,92611212,no_retreat_option,v7,,,,,,,,,235,,,LOSS,False,5
,False,27,False,92611212,not_2prize_ex,v7,,,,,,,,,235,,,LOSS,False,5
,False,28,False,92611212,not_2prize_ex,v7,,,,,,,,,235,,,LOSS,False,5
,False,29,False,92611212,no_retreat_option,v7,,,,,,,,,235,,,LOSS,False,5
,False,30,False,92611212,not_2prize_ex,v7,,,,,,,,,235,,,LOSS,False,5
,False,31,False,92611212,not_2prize_ex,v7,,,,,,,,,235,,,LOSS,False,5
,False,32,False,92611212,no_active,v7,,,,,,,,,,,,LOSS,False,6
,False,33,False,92611212,not_2prize_ex,v7,,,,,,,,,235,,,LOSS,False,7
,False,34,False,92611212,not_2prize_ex,v7,,,,,,,,,235,,,LOSS,False,7
,False,35,False,92611212,no_retreat_option,v7,,,,,,,,,235,,,LOSS,False,7
,False,36,False,92611212,not_2prize_ex,v7,,,,,,,,,235,,,LOSS,False,7
,False,37,False,92611212,no_retreat_option,v7,,,,,,,,,235,,,LOSS,False,7
,False,38,False,92611212,not_2prize_ex,v7,,,,,,,,,235,,,LOSS,False,7
,False,39,False,92611212,not_2prize_ex,v7,,,,,,,,,235,,,LOSS,False,7
,False,40,False,92611212,not_2prize_ex,v7,,,,,,,,,235,,,LOSS,False,7
,False,41,False,92611212,no_retreat_option,v7,,,,,,,,,235,,,LOSS,False,7
,False,42,False,92611212,not_2prize_ex,v7,,,,,,,,,235,,,LOSS,False,7
,False,43,False,92611212,no_retreat_option,v7,,,,,,,,,235,,,LOSS,False,7
,False,44,False,92611212,not_2prize_ex,v7,,,,,,,,,235,,,LOSS,False,7
,False,45,False,92611212,not_2prize_ex,v7,,,,,,,,,235,,,LOSS,False,7
,False,46,False,92611212,not_2prize_ex,v7,,,,,,,,,235,,,LOSS,False,7
,False,47,False,92611212,not_2prize_ex,v7,,,,,,,,,235,,,LOSS,False,7
,False,48,False,92611212,no_retreat_option,v7,,,,,,,,,235,,,LOSS,False,7
,False,49,False,92611212,no_retreat_option,v7,,,,,,,,,235,,,LOSS,False,7
,False,50,False,92611212,not_2prize_ex,v7,,,,,,,,,235,,,LOSS,False,7
,False,51,False,92611212,not_2prize_ex,v7,,,,,,,,,235,,,LOSS,False,7
,False,52,False,92611212,no_active,v7,,,,,,,,,,,,LOSS,False,8
,False,53,False,92611212,not_lethal,v7,,,,,,,,,121,,,LOSS,False,9
,False,54,False,92611212,no_retreat_option,v7,,,,,,,,,121,,,LOSS,False,9
,False,55,False,92611212,not_lethal,v7,,,,,,,,,121,,,LOSS,False,9
,False,56,False,92611212,no_retreat_option,v7,,,,,,,,,121,,,LOSS,False,9
,False,57,False,92611212,not_lethal,v7,,,,,,,,,121,,,LOSS,False,9
,False,58,False,92611212,not_lethal,v7,,,,,,,,,121,,,LOSS,False,9
,False,59,False,92611212,not_lethal,v7,,,,,,,,,121,,,LOSS,False,9
,False,60,False,92611212,no_retreat_option,v7,,,,,,,,,121,,,LOSS,False,9
,False,61,False,92611212,not_lethal,v7,,,,,,,,,121,,,LOSS,False,9
,False,62,False,92611212,no_retreat_option,v7,,,,,,,,,121,,,LOSS,False,9
,False,63,False,92611212,no_retreat_option,v7,,,,,,,,,121,,,LOSS,False,9
,False,64,False,92611212,not_lethal,v7,,,,,,,,,121,,,LOSS,False,9
,False,65,False,92611212,not_lethal,v7,,,,,,,,,121,,,LOSS,False,9
,True,66,False,92611212,not_lethal,v7,,,,,,,,,121,,,LOSS,False,9
,False,67,False,92611212,no_retreat_option,v7,,,,,,,,,121,,,LOSS,False,9
,False,68,False,92611212,no_retreat_option,v7,,,,,,,,,121,,,LOSS,False,9
,False,69,False,92611212,no_retreat_option,v7,,,,,,,,,121,,,LOSS,False,9
,False,70,False,92611212,no_retreat_option,v7,,,,,,,,,121,,,LOSS,False,9
,False,71,False,92611212,no_retreat_option,v7,,,,,,,,,121,,,LOSS,False,9
,False,72,False,92611212,no_retreat_option,v7,,,,,,,,,121,,,LOSS,False,9
,False,73,False,92611212,no_active,v7,,,,,,,,,121,,,LOSS,False,9
,False,74,False,92611212,no_active,v7,,,,,,,,,121,,,LOSS,False,9
,False,75,False,92611212,no_active,v7,,,,,,,,,,,,LOSS,False,10
,False,76,False,92611212,not_lethal,v7,,,,,,,,,121,,,LOSS,False,11
,False,77,False,92611212,no_retreat_option,v7,,,,,,,,,121,,,LOSS,False,11
,False,78,False,92611212,not_lethal,v7,,,,,,,,,121,,,LOSS,False,11
,False,79,False,92611212,no_retreat_option,v7,,,,,,,,,121,,,LOSS,False,11
,False,80,False,92611212,not_lethal,v7,,,,,,,,,121,,,LOSS,False,11
,False,81,False,92611212,not_lethal,v7,,,,,,,,,121,,,LOSS,False,11
,False,82,False,92611212,not_lethal,v7,,,,,,,,,121,,,LOSS,False,11
,False,83,False,92611212,not_lethal,v7,,,,,,,,,121,,,LOSS,False,11
,False,84,False,92611212,not_lethal,v7,,,,,,,,,121,,,LOSS,False,11
,False,85,False,92611212,no_retreat_option,v7,,,,,,,,,121,,,LOSS,False,11
,False,86,False,92611212,not_lethal,v7,,,,,,,,,121,,,LOSS,False,11
,True,87,False,92611212,not_lethal,v7,,,,,,,,,121,,,LOSS,False,11
,False,88,False,92611212,no_retreat_option,v7,,,,,,,,,121,,,LOSS,False,11
,False,89,False,92611212,no_retreat_option,v7,,,,,,,,,121,,,LOSS,False,11
,False,90,False,92611212,no_retreat_option,v7,,,,,,,,,121,,,LOSS,False,11
,False,91,False,92611212,no_retreat_option,v7,,,,,,,,,121,,,LOSS,False,11
,False,92,False,92611212,no_retreat_option,v7,,,,,,,,,121,,,LOSS,False,11
,False,93,False,92611212,no_retreat_option,v7,,,,,,,,,121,,,LOSS,False,11
,False,0,False,92612129,no_active,v7,,,,,,,,,,,,LOSS,False,
,False,1,False,92612129,no_active,v7,,,,,,,,,,,,LOSS,False,
,False,2,False,92612129,no_active,v7,,,,,,,,,,,,LOSS,False,0
,False,3,False,92612129,no_active,v7,,,,,,,,,,,,LOSS,False,0
,False,4,False,92612129,no_retreat_option,v7,,,,,,,,,119,,,LOSS,False,1
,False,5,False,92612129,no_retreat_option,v7,,,,,,,,,119,,,LOSS,False,1
,False,6,False,92612129,no_retreat_option,v7,,,,,,,,,119,,,LOSS,False,1
,False,7,False,92612129,no_retreat_option,v7,,,,,,,,,119,,,LOSS,False,1
,False,8,False,92612129,no_retreat_option,v7,,,,,,,,,119,,,LOSS,False,1
,False,9,False,92612129,no_retreat_option,v7,,,,,,,,,119,,,LOSS,False,1
,False,10,False,92612129,no_retreat_option,v7,,,,,,,,,119,,,LOSS,False,3
,False,11,False,92612129,no_retreat_option,v7,,,,,,,,,119,,,LOSS,False,3
,False,12,False,92612129,not_2prize_ex,v7,,,,,,,,,119,,,LOSS,False,3
,False,13,False,92612129,not_2prize_ex,v7,,,,,,,,,119,,,LOSS,False,5
,False,14,False,92612129,no_active,v7,,,,,,,,,,,,LOSS,False,6
,False,15,False,92612129,no_retreat_option,v7,,,,,,,,,119,,,LOSS,False,7
,False,16,False,92612129,no_retreat_option,v7,,,,,,,,,119,,,LOSS,False,7
,False,17,False,92612129,no_retreat_option,v7,,,,,,,,,119,,,LOSS,False,7
,False,18,False,92612129,not_2prize_ex,v7,,,,,,,,,119,,,LOSS,False,7
,False,19,False,92612129,no_retreat_option,v7,,,,,,,,,119,,,LOSS,False,7
,False,20,False,92612129,no_retreat_option,v7,,,,,,,,,119,,,LOSS,False,7
,False,21,False,92612129,no_retreat_option,v7,,,,,,,,,119,,,LOSS,False,7
,False,22,False,92612129,not_2prize_ex,v7,,,,,,,,,119,,,LOSS,False,7
,False,23,False,92612129,not_2prize_ex,v7,,,,,,,,,119,,,LOSS,False,7
,False,24,False,92612129,no_active,v7,,,,,,,,,,,,LOSS,False,8
,False,25,False,92612129,no_retreat_option,v7,,,,,,,,,119,,,LOSS,False,9
,False,26,False,92612129,no_retreat_option,v7,,,,,,,,,119,,,LOSS,False,9
,False,27,False,92612129,no_retreat_option,v7,,,,,,,,,119,,,LOSS,False,9
,False,28,False,92612129,no_retreat_option,v7,,,,,,,,,119,,,LOSS,False,9
,False,29,False,92612129,not_2prize_ex,v7,,,,,,,,,119,,,LOSS,False,9
,False,30,False,92612129,not_2prize_ex,v7,,,,,,,,,119,,,LOSS,False,9
,False,31,False,92612129,no_retreat_option,v7,,,,,,,,,119,,,LOSS,False,9
,False,32,False,92612129,not_2prize_ex,v7,,,,,,,,,119,,,LOSS,False,9
,False,33,False,92612129,no_retreat_option,v7,,,,,,,,,119,,,LOSS,False,9
,False,34,False,92612129,no_retreat_option,v7,,,,,,,,,119,,,LOSS,False,9
,False,35,False,92612129,not_2prize_ex,v7,,,,,,,,,119,,,LOSS,False,9
,False,36,False,92612129,not_2prize_ex,v7,,,,,,,,,119,,,LOSS,False,9
,False,37,False,92612129,not_2prize_ex,v7,,,,,,,,,120,,,LOSS,False,9
,False,38,False,92612129,no_retreat_option,v7,,,,,,,,,120,,,LOSS,False,9
,False,39,False,92612129,not_2prize_ex,v7,,,,,,,,,120,,,LOSS,True,9
,False,40,False,92612129,no_retreat_option,v7,,,,,,,,,120,,,LOSS,False,9
,False,41,False,92612129,no_retreat_option,v7,,,,,,,,,120,,,LOSS,False,9
,False,42,False,92612129,no_retreat_option,v7,,,,,,,,,235,,,LOSS,False,9
,False,43,False,92612129,no_active,v7,,,,,,,,,,,,LOSS,False,10
,False,44,False,92612129,not_2prize_ex,v7,,,,,,,,,235,,,LOSS,False,11
,False,45,False,92612129,no_retreat_option,v7,,,,,,,,,235,,,LOSS,False,11
,False,46,False,92612129,not_2prize_ex,v7,,,,,,,,,235,,,LOSS,False,11
,False,47,False,92612129,no_retreat_option,v7,,,,,,,,,235,,,LOSS,False,11
,False,48,False,92612129,not_2prize_ex,v7,,,,,,,,,235,,,LOSS,False,11
,False,49,False,92612129,not_2prize_ex,v7,,,,,,,,,235,,,LOSS,False,11
,False,50,False,92612129,no_retreat_option,v7,,,,,,,,,235,,,LOSS,False,11
,False,51,False,92612129,not_2prize_ex,v7,,,,,,,,,235,,,LOSS,False,11
,False,52,False,92612129,not_2prize_ex,v7,,,,,,,,,235,,,LOSS,False,11
,False,53,False,92612129,not_2prize_ex,v7,,,,,,,,,235,,,LOSS,False,11
,False,54,False,92612129,not_2prize_ex,v7,,,,,,,,,235,,,LOSS,False,11
,False,55,False,92612129,no_retreat_option,v7,,,,,,,,,235,,,LOSS,False,11
,False,56,False,92612129,not_2prize_ex,v7,,,,,,,,,235,,,LOSS,False,11
,False,57,False,92612129,not_2prize_ex,v7,,,,,,,,,235,,,LOSS,False,11
,False,58,False,92612129,not_2prize_ex,v7,,,,,,,,,235,,,LOSS,False,11
,False,59,False,92612129,not_2prize_ex,v7,,,,,,,,,235,,,LOSS,False,11
,False,60,False,92612129,no_retreat_option,v7,,,,,,,,,235,,,LOSS,False,11
,False,61,False,92612129,no_retreat_option,v7,,,,,,,,,235,,,LOSS,False,11
,False,62,False,92612129,not_2prize_ex,v7,,,,,,,,,235,,,LOSS,False,11
,False,0,False,92613108,no_active,v7,,,,,,,,,,,,WIN,False,
,False,1,False,92613108,no_active,v7,,,,,,,,,,,,WIN,False,
,False,2,False,92613108,no_active,v7,,,,,,,,,,,,WIN,False,0
,False,3,False,92613108,no_active,v7,,,,,,,,,,,,WIN,False,0
,False,4,False,92613108,no_retreat_option,v7,,,,,,,,,119,,,WIN,False,2
,False,5,False,92613108,no_retreat_option,v7,,,,,,,,,119,,,WIN,False,2
,False,6,False,92613108,no_retreat_option,v7,,,,,,,,,119,,,WIN,False,2
,False,7,False,92613108,no_retreat_option,v7,,,,,,,,,119,,,WIN,False,2
,False,8,False,92613108,no_retreat_option,v7,,,,,,,,,119,,,WIN,False,2
,False,9,False,92613108,no_retreat_option,v7,,,,,,,,,119,,,WIN,False,2
,False,10,False,92613108,no_retreat_option,v7,,,,,,,,,119,,,WIN,False,2
,False,11,False,92613108,no_retreat_option,v7,,,,,,,,,119,,,WIN,False,2
,False,12,False,92613108,no_retreat_option,v7,,,,,,,,,119,,,WIN,False,2
,False,13,False,92613108,no_retreat_option,v7,,,,,,,,,119,,,WIN,False,2
,False,14,False,92613108,no_retreat_option,v7,,,,,,,,,119,,,WIN,False,2
,False,15,False,92613108,no_retreat_option,v7,,,,,,,,,119,,,WIN,False,4
,False,16,False,92613108,no_retreat_option,v7,,,,,,,,,119,,,WIN,False,4
,False,17,False,92613108,no_retreat_option,v7,,,,,,,,,119,,,WIN,False,4
,False,18,False,92613108,no_retreat_option,v7,,,,,,,,,119,,,WIN,False,4
,False,19,False,92613108,not_2prize_ex,v7,,,,,,,,,119,,,WIN,False,4
,False,20,False,92613108,not_2prize_ex,v7,,,,,,,,,120,,,WIN,False,4
,False,21,False,92613108,no_retreat_option,v7,,,,,,,,,120,,,WIN,False,4
,False,22,False,92613108,not_2prize_ex,v7,,,,,,,,,120,,,WIN,False,4
,False,23,False,92613108,not_2prize_ex,v7,,,,,,,,,120,,,WIN,False,4
,False,24,False,92613108,no_retreat_option,v7,,,,,,,,,120,,,WIN,False,4
,False,25,False,92613108,not_2prize_ex,v7,,,,,,,,,120,,,WIN,False,4
,False,26,False,92613108,not_2prize_ex,v7,,,,,,,,,120,,,WIN,True,4
,False,27,False,92613108,no_retreat_option,v7,,,,,,,,,120,,,WIN,False,4
,False,28,False,92613108,no_retreat_option,v7,,,,,,,,,120,,,WIN,False,4
,False,29,False,92613108,no_retreat_option,v7,,,,,,,,,235,,,WIN,False,4
,False,30,False,92613108,not_2prize_ex,v7,,,,,,,,,235,,,WIN,False,6
,False,31,False,92613108,not_2prize_ex,v7,,,,,,,,,235,,,WIN,False,6
,False,32,False,92613108,no_retreat_option,v7,,,,,,,,,235,,,WIN,False,6
,False,33,False,92613108,not_2prize_ex,v7,,,,,,,,,235,,,WIN,False,6
,False,34,False,92613108,no_retreat_option,v7,,,,,,,,,235,,,WIN,False,6
,False,35,False,92613108,not_2prize_ex,v7,,,,,,,,,235,,,WIN,False,6
,False,36,False,92613108,no_retreat_option,v7,,,,,,,,,235,,,WIN,False,6
,False,37,False,92613108,no_retreat_option,v7,,,,,,,,,235,,,WIN,False,6
,False,38,False,92613108,no_retreat_option,v7,,,,,,,,,235,,,WIN,False,6
,False,39,False,92613108,not_2prize_ex,v7,,,,,,,,,235,,,WIN,False,6
,False,40,False,92613108,not_2prize_ex,v7,,,,,,,,,235,,,WIN,True,6
,False,41,False,92613108,no_retreat_option,v7,,,,,,,,,235,,,WIN,False,6
,True,42,False,92613108,no_retreat_option,v7,,,,,,,,,121,,,WIN,False,6
,False,0,False,92622488,no_active,v7,,,,,,,,,,,,WIN,False,
,False,1,False,92622488,no_active,v7,,,,,,,,,,,,WIN,False,
,False,2,False,92622488,no_active,v7,,,,,,,,,,,,WIN,False,0
,False,3,False,92622488,no_active,v7,,,,,,,,,,,,WIN,False,0
,False,4,False,92622488,no_retreat_option,v7,,,,,,,,,119,,,WIN,False,2
,False,5,False,92622488,not_2prize_ex,v7,,,,,,,,,119,,,WIN,False,2
,False,6,False,92622488,no_active,v7,,,,,,,,,,,,WIN,False,3
,False,7,False,92622488,no_retreat_option,v7,,,,,,,,,184,,,WIN,False,4
,False,8,False,92622488,not_lethal,v7,,,,,,,,,184,,,WIN,False,4
,False,9,False,92622488,no_retreat_option,v7,,,,,,,,,184,,,WIN,False,4
,False,10,False,92622488,not_lethal,v7,,,,,,,,,184,,,WIN,False,4
,False,11,False,92622488,not_lethal,v7,,,,,,,,,184,,,WIN,False,4
,False,12,False,92622488,not_lethal,v7,,,,,,,,,184,,,WIN,False,4
,False,13,False,92622488,no_retreat_option,v7,,,,,,,,,184,,,WIN,False,4
,False,14,False,92622488,not_lethal,v7,,,,,,,,,184,,,WIN,False,4
,False,15,False,92622488,no_retreat_option,v7,,,,,,,,,184,,,WIN,False,4
,False,16,False,92622488,no_retreat_option,v7,,,,,,,,,184,,,WIN,False,4
,False,17,False,92622488,no_retreat_option,v7,,,,,,,,,184,,,WIN,False,4
,False,18,False,92622488,not_lethal,v7,,,,,,,,,184,,,WIN,False,4
,False,19,False,92622488,not_lethal,v7,,,,,,,,,184,,,WIN,False,4
,False,20,False,92622488,not_lethal,v7,,,,,,,,,184,,,WIN,False,6
,False,21,False,92622488,no_retreat_option,v7,,,,,,,,,184,,,WIN,False,6
,False,22,False,92622488,not_lethal,v7,,,,,,,,,184,,,WIN,True,6
,False,23,False,92622488,no_retreat_option,v7,,,,,,,,,184,,,WIN,False,6
,True,24,False,92622488,no_retreat_option,v7,,,,,,,,,121,,,WIN,False,6
,False,25,False,92622488,no_retreat_option,v7,,,,,,,,,121,,,WIN,False,6
,False,26,False,92622488,no_retreat_option,v7,,,,,,,,,121,,,WIN,False,6
,False,27,False,92622488,no_retreat_option,v7,,,,,,,,,121,,,WIN,False,6
,False,28,False,92622488,no_retreat_option,v7,,,,,,,,,121,,,WIN,False,6
,False,29,False,92622488,no_retreat_option,v7,,,,,,,,,121,,,WIN,False,6
,False,30,False,92622488,no_retreat_option,v7,,,,,,,,,121,,,WIN,False,6
,False,31,False,92622488,no_active,v7,,,,,,,,,121,,,WIN,False,6
,False,32,False,92622488,not_lethal,v7,,,,,,,,,121,,,WIN,False,8
,False,33,False,92622488,not_lethal,v7,,,,,,,,,121,,,WIN,False,8
,False,34,False,92622488,not_lethal,v7,,,,,,,,,121,,,WIN,False,8
,False,35,False,92622488,no_retreat_option,v7,,,,,,,,,121,,,WIN,False,8
,False,36,False,92622488,not_lethal,v7,,,,,,,,,121,,,WIN,False,8
,False,37,False,92622488,not_lethal,v7,,,,,,,,,121,,,WIN,False,8
,False,38,False,92622488,no_retreat_option,v7,,,,,,,,,121,,,WIN,False,8
,False,39,False,92622488,not_lethal,v7,,,,,,,,,121,,,WIN,False,8
,True,40,False,92622488,not_lethal,v7,,,,,,,,,121,,,WIN,False,8
,False,41,False,92622488,no_retreat_option,v7,,,,,,,,,121,,,WIN,False,8
,False,42,False,92622488,no_retreat_option,v7,,,,,,,,,121,,,WIN,False,8
,False,43,False,92622488,no_retreat_option,v7,,,,,,,,,121,,,WIN,False,8
,False,44,False,92622488,no_retreat_option,v7,,,,,,,,,121,,,WIN,False,8
,False,45,False,92622488,no_retreat_option,v7,,,,,,,,,121,,,WIN,False,8
,False,46,False,92622488,no_retreat_option,v7,,,,,,,,,121,,,WIN,False,8
,False,47,False,92622488,not_lethal,v7,,,,,,,,,121,,,WIN,False,10
,False,48,False,92622488,not_lethal,v7,,,,,,,,,121,,,WIN,False,10
,False,49,False,92622488,not_lethal,v7,,,,,,,,,121,,,WIN,False,10
,False,50,False,92622488,no_retreat_option,v7,,,,,,,,,121,,,WIN,False,10
,False,51,False,92622488,not_lethal,v7,,,,,,,,,121,,,WIN,False,10
,False,52,False,92622488,not_lethal,v7,,,,,,,,,121,,,WIN,False,10
,False,53,False,92622488,no_retreat_option,v7,,,,,,,,,121,,,WIN,False,10
,True,54,False,92622488,not_lethal,v7,,,,,,,,,121,,,WIN,False,10
,False,55,False,92622488,no_retreat_option,v7,,,,,,,,,121,,,WIN,False,10
,False,56,False,92622488,no_retreat_option,v7,,,,,,,,,121,,,WIN,False,10
,False,57,False,92622488,no_retreat_option,v7,,,,,,,,,121,,,WIN,False,10
,False,58,False,92622488,no_retreat_option,v7,,,,,,,,,121,,,WIN,False,10
,False,59,False,92622488,no_retreat_option,v7,,,,,,,,,121,,,WIN,False,10
,False,60,False,92622488,no_retreat_option,v7,,,,,,,,,121,,,WIN,False,10
,False,61,False,92622488,no_active,v7,,,,,,,,,121,,,WIN,False,10
,False,62,False,92622488,not_lethal,v7,,,,,,,,,121,,,WIN,False,12
,False,63,False,92622488,not_lethal,v7,,,,,,,,,121,,,WIN,False,12
,False,64,False,92622488,no_retreat_option,v7,,,,,,,,,121,,,WIN,False,12
,False,65,False,92622488,not_lethal,v7,,,,,,,,,121,,,WIN,False,12
,False,66,False,92622488,no_retreat_option,v7,,,,,,,,,121,,,WIN,False,12
,False,67,False,92622488,not_lethal,v7,,,,,,,,,121,,,WIN,False,12
,False,68,False,92622488,no_retreat_option,v7,,,,,,,,,121,,,WIN,False,12
,False,69,False,92622488,not_lethal,v7,,,,,,,,,121,,,WIN,False,12
,False,70,False,92622488,no_retreat_option,v7,,,,,,,,,121,,,WIN,False,12
,False,71,False,92622488,not_lethal,v7,,,,,,,,,121,,,WIN,False,12
,False,72,False,92622488,not_lethal,v7,,,,,,,,,121,,,WIN,False,12
,True,73,False,92622488,not_lethal,v7,,,,,,,,,121,,,WIN,False,12
,False,74,False,92622488,no_retreat_option,v7,,,,,,,,,121,,,WIN,False,12
,False,75,False,92622488,no_retreat_option,v7,,,,,,,,,121,,,WIN,False,12
,False,76,False,92622488,no_retreat_option,v7,,,,,,,,,121,,,WIN,False,12
,False,77,False,92622488,no_retreat_option,v7,,,,,,,,,121,,,WIN,False,12
,False,78,False,92622488,no_retreat_option,v7,,,,,,,,,121,,,WIN,False,12
,False,79,False,92622488,no_retreat_option,v7,,,,,,,,,121,,,WIN,False,12
,False,80,False,92622488,not_lethal,v7,,,,,,,,,121,,,WIN,False,14
,False,81,False,92622488,no_retreat_option,v7,,,,,,,,,121,,,WIN,False,14
,False,82,False,92622488,no_retreat_option,v7,,,,,,,,,121,,,WIN,False,14
,False,83,False,92622488,not_lethal,v7,,,,,,,,,121,,,WIN,False,14
,False,84,False,92622488,no_retreat_option,v7,,,,,,,,,121,,,WIN,False,14
,False,85,False,92622488,not_lethal,v7,,,,,,,,,121,,,WIN,False,14
,False,86,False,92622488,no_retreat_option,v7,,,,,,,,,121,,,WIN,False,14
,False,87,False,92622488,no_retreat_option,v7,,,,,,,,,121,,,WIN,False,14
,False,88,False,92622488,no_retreat_option,v7,,,,,,,,,121,,,WIN,False,14
,False,89,False,92622488,not_lethal,v7,,,,,,,,,121,,,WIN,False,14
,False,90,False,92622488,not_lethal,v7,,,,,,,,,121,,,WIN,False,14
,False,91,False,92622488,no_retreat_option,v7,,,,,,,,,121,,,WIN,False,14
,False,92,False,92622488,not_lethal,v7,,,,,,,,,121,,,WIN,False,14
,True,93,False,92622488,not_lethal,v7,,,,,,,,,121,,,WIN,False,14
,False,94,False,92622488,no_retreat_option,v7,,,,,,,,,121,,,WIN,False,14
,False,95,False,92622488,no_retreat_option,v7,,,,,,,,,121,,,WIN,False,14
,False,96,False,92622488,no_retreat_option,v7,,,,,,,,,121,,,WIN,False,14
,False,97,False,92622488,no_retreat_option,v7,,,,,,,,,121,,,WIN,False,14
,False,98,False,92622488,no_retreat_option,v7,,,,,,,,,121,,,WIN,False,14
,False,99,False,92622488,no_retreat_option,v7,,,,,,,,,121,,,WIN,False,14
,False,100,False,92622488,no_active,v7,,,,,,,,,121,,,WIN,False,14
,False,101,False,92622488,not_lethal,v7,,,,,,,,,121,,,WIN,False,16
,False,102,False,92622488,no_retreat_option,v7,,,,,,,,,121,,,WIN,False,16
,False,103,False,92622488,no_retreat_option,v7,,,,,,,,,121,,,WIN,False,16
,False,104,False,92622488,not_lethal,v7,,,,,,,,,121,,,WIN,False,16
,False,105,False,92622488,not_lethal,v7,,,,,,,,,121,,,WIN,False,16
,False,106,False,92622488,no_retreat_option,v7,,,,,,,,,121,,,WIN,False,16
,False,107,False,92622488,not_lethal,v7,,,,,,,,,121,,,WIN,False,16
,False,108,False,92622488,not_lethal,v7,,,,,,,,,121,,,WIN,False,16
,False,109,False,92622488,no_retreat_option,v7,,,,,,,,,121,,,WIN,False,16
,False,110,False,92622488,not_lethal,v7,,,,,,,,,121,,,WIN,False,16
,False,111,False,92622488,no_retreat_option,v7,,,,,,,,,121,,,WIN,False,16
,False,112,False,92622488,not_lethal,v7,,,,,,,,,121,,,WIN,False,16
,True,113,False,92622488,not_lethal,v7,,,,,,,,,121,,,WIN,False,16
,False,114,False,92622488,no_retreat_option,v7,,,,,,,,,121,,,WIN,False,16
,False,115,False,92622488,no_retreat_option,v7,,,,,,,,,121,,,WIN,False,16
,False,116,False,92622488,no_retreat_option,v7,,,,,,,,,121,,,WIN,False,16
,False,117,False,92622488,no_retreat_option,v7,,,,,,,,,121,,,WIN,False,16
,False,118,False,92622488,no_retreat_option,v7,,,,,,,,,121,,,WIN,False,16
,False,119,False,92622488,no_retreat_option,v7,,,,,,,,,121,,,WIN,False,16
,False,0,False,92646729,no_active,v7,,,,,,,,,,,,WIN,False,
,False,1,False,92646729,no_active,v7,,,,,,,,,,,,WIN,False,
,False,2,False,92646729,no_active,v7,,,,,,,,,,,,WIN,False,0
,False,3,False,92646729,no_active,v7,,,,,,,,,,,,WIN,False,0
,False,4,False,92646729,no_active,v7,,,,,,,,,,,,WIN,False,0
,False,5,False,92646729,no_retreat_option,v7,,,,,,,,,119,,,WIN,False,1
,False,6,False,92646729,no_retreat_option,v7,,,,,,,,,119,,,WIN,False,1
,False,7,False,92646729,no_retreat_option,v7,,,,,,,,,119,,,WIN,False,1
,False,8,False,92646729,no_retreat_option,v7,,,,,,,,,119,,,WIN,False,1
,False,9,False,92646729,no_retreat_option,v7,,,,,,,,,119,,,WIN,False,1
,False,10,False,92646729,no_retreat_option,v7,,,,,,,,,119,,,WIN,False,1
,False,11,False,92646729,no_retreat_option,v7,,,,,,,,,119,,,WIN,False,3
,False,12,False,92646729,no_retreat_option,v7,,,,,,,,,119,,,WIN,False,3
,False,13,False,92646729,no_retreat_option,v7,,,,,,,,,119,,,WIN,False,3
,False,14,False,92646729,no_retreat_option,v7,,,,,,,,,119,,,WIN,False,3
,False,15,False,92646729,no_retreat_option,v7,,,,,,,,,119,,,WIN,False,3
,False,16,False,92646729,no_retreat_option,v7,,,,,,,,,119,,,WIN,False,3
,False,17,False,92646729,no_retreat_option,v7,,,,,,,,,120,,,WIN,False,3
,False,18,False,92646729,no_retreat_option,v7,,,,,,,,,120,,,WIN,False,3
,False,19,False,92646729,no_retreat_option,v7,,,,,,,,,120,,,WIN,False,3
,False,20,False,92646729,no_retreat_option,v7,,,,,,,,,120,,,WIN,False,3
,False,21,False,92646729,no_retreat_option,v7,,,,,,,,,120,,,WIN,False,3
,False,22,False,92646729,no_active,v7,,,,,,,,,,,,WIN,False,4
,False,23,False,92646729,not_2prize_ex,v7,,,,,,,,,235,,,WIN,False,5
,False,24,False,92646729,no_retreat_option,v7,,,,,,,,,235,,,WIN,False,5
,False,25,False,92646729,not_2prize_ex,v7,,,,,,,,,235,,,WIN,False,5
,False,26,False,92646729,no_retreat_option,v7,,,,,,,,,235,,,WIN,False,5
,False,27,False,92646729,not_2prize_ex,v7,,,,,,,,,235,,,WIN,False,5
,False,28,False,92646729,no_retreat_option,v7,,,,,,,,,235,,,WIN,False,5
,False,29,False,92646729,no_retreat_option,v7,,,,,,,,,235,,,WIN,False,5
,False,30,False,92646729,no_retreat_option,v7,,,,,,,,,235,,,WIN,False,5
,False,31,False,92646729,not_2prize_ex,v7,,,,,,,,,235,,,WIN,False,5
,False,32,False,92646729,not_2prize_ex,v7,,,,,,,,,235,,,WIN,False,5
,False,33,False,92646729,no_retreat_option,v7,,,,,,,,,235,,,WIN,False,5
,False,34,False,92646729,not_2prize_ex,v7,,,,,,,,,235,,,WIN,False,5
,False,35,False,92646729,not_2prize_ex,v7,,,,,,,,,235,,,WIN,False,5
,False,36,False,92646729,not_2prize_ex,v7,,,,,,,,,235,,,WIN,False,5
,False,37,False,92646729,not_2prize_ex,v7,,,,,,,,,235,,,WIN,False,5
,False,38,False,92646729,no_retreat_option,v7,,,,,,,,,235,,,WIN,False,5
,False,39,False,92646729,not_2prize_ex,v7,,,,,,,,,235,,,WIN,False,5
,False,40,False,92646729,not_2prize_ex,v7,,,,,,,,,235,,,WIN,False,5
,False,41,False,92646729,not_2prize_ex,v7,,,,,,,,,235,,,WIN,False,5
,False,42,False,92646729,no_retreat_option,v7,,,,,,,,,235,,,WIN,False,5
,False,43,False,92646729,not_2prize_ex,v7,,,,,,,,,235,,,WIN,True,5
,False,44,False,92646729,no_retreat_option,v7,,,,,,,,,235,,,WIN,False,5
,True,45,False,92646729,no_retreat_option,v7,,,,,,,,,121,,,WIN,False,5
,False,46,False,92646729,no_retreat_option,v7,,,,,,,,,121,,,WIN,False,5
,False,47,False,92646729,no_retreat_option,v7,,,,,,,,,121,,,WIN,False,5
,False,48,False,92646729,no_retreat_option,v7,,,,,,,,,121,,,WIN,False,5
,False,49,False,92646729,no_retreat_option,v7,,,,,,,,,121,,,WIN,False,5
,False,50,False,92646729,no_retreat_option,v7,,,,,,,,,121,,,WIN,False,5
,False,51,False,92646729,no_retreat_option,v7,,,,,,,,,121,,,WIN,False,5
False,False,52,True,92646729,,v7,1,Mega Lucario ex,140,Mega Brave,270,Dragapult ex,1,190,121,1,,WIN,False,7
False,False,53,True,92646729,,v7,2,Mega Lucario ex,140,Mega Brave,270,Dragapult ex,1,190,121,1,,WIN,False,7
,False,54,False,92646729,no_retreat_option,v7,,,,,,,,,121,,,WIN,False,7
False,False,55,True,92646729,,v7,2,Mega Lucario ex,140,Mega Brave,270,Dragapult ex,1,190,121,1,,WIN,False,7
,False,56,False,92646729,no_retreat_option,v7,,,,,,,,,121,,,WIN,False,7
False,False,57,True,92646729,,v7,2,Mega Lucario ex,140,Mega Brave,270,Dragapult ex,1,190,121,1,,WIN,False,7
False,True,58,True,92646729,,v7,2,Mega Lucario ex,140,Mega Brave,270,Dragapult ex,1,190,121,1,,WIN,False,7
,False,59,False,92646729,no_retreat_option,v7,,,,,,,,,121,,,WIN,False,7
,False,60,False,92646729,no_retreat_option,v7,,,,,,,,,121,,,WIN,False,7
,False,61,False,92646729,no_retreat_option,v7,,,,,,,,,121,,,WIN,False,7
,False,62,False,92646729,no_retreat_option,v7,,,,,,,,,121,,,WIN,False,7
,False,63,False,92646729,no_retreat_option,v7,,,,,,,,,121,,,WIN,False,7
,False,64,False,92646729,no_retreat_option,v7,,,,,,,,,121,,,WIN,False,7
,False,65,False,92646729,no_active,v7,,,,,,,,,121,,,WIN,False,7
,False,66,False,92646729,no_active,v7,,,,,,,,,121,,,WIN,False,7
,False,67,False,92646729,no_active,v7,,,,,,,,,,,,WIN,False,8
,False,68,False,92646729,not_2prize_ex,v7,,,,,,,,,235,,,WIN,False,9
,False,69,False,92646729,not_2prize_ex,v7,,,,,,,,,235,,,WIN,False,9
,False,70,False,92646729,no_retreat_option,v7,,,,,,,,,235,,,WIN,False,9
,False,71,False,92646729,no_retreat_option,v7,,,,,,,,,235,,,WIN,False,9
,False,72,False,92646729,not_2prize_ex,v7,,,,,,,,,235,,,WIN,False,9
,False,73,False,92646729,no_retreat_option,v7,,,,,,,,,235,,,WIN,False,9
,False,74,False,92646729,not_2prize_ex,v7,,,,,,,,,235,,,WIN,False,9
,False,75,False,92646729,not_2prize_ex,v7,,,,,,,,,235,,,WIN,False,9
,False,76,False,92646729,no_retreat_option,v7,,,,,,,,,235,,,WIN,False,9
,False,77,False,92646729,not_2prize_ex,v7,,,,,,,,,235,,,WIN,False,9
,False,78,False,92646729,not_2prize_ex,v7,,,,,,,,,235,,,WIN,True,9
,False,79,False,92646729,no_retreat_option,v7,,,,,,,,,235,,,WIN,False,9
,True,80,False,92646729,no_retreat_option,v7,,,,,,,,,121,,,WIN,False,9
,False,81,False,92646729,no_retreat_option,v7,,,,,,,,,121,,,WIN,False,9
,False,82,False,92646729,no_retreat_option,v7,,,,,,,,,121,,,WIN,False,9
,False,83,False,92646729,no_retreat_option,v7,,,,,,,,,121,,,WIN,False,9
,False,84,False,92646729,no_retreat_option,v7,,,,,,,,,121,,,WIN,False,9
,False,85,False,92646729,no_retreat_option,v7,,,,,,,,,121,,,WIN,False,9
,False,86,False,92646729,no_retreat_option,v7,,,,,,,,,121,,,WIN,False,9
,False,87,False,92646729,no_active,v7,,,,,,,,,121,,,WIN,False,9
,False,0,False,92656626,no_active,v7,,,,,,,,,,,,LOSS,False,
,False,1,False,92656626,no_active,v7,,,,,,,,,,,,LOSS,False,
,False,2,False,92656626,no_active,v7,,,,,,,,,,,,LOSS,False,0
,False,3,False,92656626,no_retreat_option,v7,,,,,,,,,1071,,,LOSS,False,2
,False,4,False,92656626,no_retreat_option,v7,,,,,,,,,1071,,,LOSS,False,2
,False,5,False,92656626,no_retreat_option,v7,,,,,,,,,1071,,,LOSS,False,2
,False,6,False,92656626,no_retreat_option,v7,,,,,,,,,1071,,,LOSS,False,2
,False,7,False,92656626,no_retreat_option,v7,,,,,,,,,1071,,,LOSS,False,2
,False,8,False,92656626,no_retreat_option,v7,,,,,,,,,1071,,,LOSS,False,2
,False,9,False,92656626,no_retreat_option,v7,,,,,,,,,1071,,,LOSS,False,2
,False,10,False,92656626,not_lethal,v7,,,,,,,,,1071,,,LOSS,False,2
,False,11,False,92656626,no_retreat_option,v7,,,,,,,,,1071,,,LOSS,False,2
,False,12,False,92656626,no_retreat_option,v7,,,,,,,,,1071,,,LOSS,False,2
,False,13,False,92656626,not_lethal,v7,,,,,,,,,1071,,,LOSS,False,2
,False,14,False,92656626,not_lethal,v7,,,,,,,,,1071,,,LOSS,True,2
,False,15,False,92656626,no_retreat_option,v7,,,,,,,,,1071,,,LOSS,False,2
,False,16,False,92656626,no_retreat_option,v7,,,,,,,,,235,,,LOSS,False,2
,False,17,False,92656626,not_2prize_ex,v7,,,,,,,,,235,,,LOSS,False,4
,False,18,False,92656626,not_2prize_ex,v7,,,,,,,,,235,,,LOSS,False,4
,False,19,False,92656626,no_retreat_option,v7,,,,,,,,,235,,,LOSS,False,4
,False,20,False,92656626,no_retreat_option,v7,,,,,,,,,235,,,LOSS,False,4
,False,21,False,92656626,no_retreat_option,v7,,,,,,,,,235,,,LOSS,False,4
,False,22,False,92656626,not_2prize_ex,v7,,,,,,,,,235,,,LOSS,False,4
,False,23,False,92656626,no_active,v7,,,,,,,,,,,,LOSS,False,5
,False,24,False,92656626,not_2prize_ex,v7,,,,,,,,,235,,,LOSS,False,6
,False,25,False,92656626,no_retreat_option,v7,,,,,,,,,235,,,LOSS,False,6
,False,26,False,92656626,not_2prize_ex,v7,,,,,,,,,235,,,LOSS,False,6
,False,27,False,92656626,no_retreat_option,v7,,,,,,,,,235,,,LOSS,False,6
,False,28,False,92656626,no_retreat_option,v7,,,,,,,,,235,,,LOSS,False,6
,False,29,False,92656626,not_2prize_ex,v7,,,,,,,,,235,,,LOSS,False,6
,False,30,False,92656626,not_2prize_ex,v7,,,,,,,,,235,,,LOSS,False,6
,False,31,False,92656626,not_2prize_ex,v7,,,,,,,,,235,,,LOSS,False,6
,False,32,False,92656626,not_2prize_ex,v7,,,,,,,,,235,,,LOSS,False,6
,False,33,False,92656626,no_retreat_option,v7,,,,,,,,,235,,,LOSS,False,6
,False,34,False,92656626,not_2prize_ex,v7,,,,,,,,,235,,,LOSS,False,6
,False,35,False,92656626,no_active,v7,,,,,,,,,,,,LOSS,False,7
,False,36,False,92656626,not_2prize_ex,v7,,,,,,,,,119,,,LOSS,False,8
,False,37,False,92656626,no_retreat_option,v7,,,,,,,,,119,,,LOSS,False,8
,False,38,False,92656626,not_2prize_ex,v7,,,,,,,,,119,,,LOSS,False,8
,False,39,False,92656626,not_2prize_ex,v7,,,,,,,,,119,,,LOSS,False,8
,False,40,False,92656626,no_retreat_option,v7,,,,,,,,,119,,,LOSS,False,8
,False,41,False,92656626,no_retreat_option,v7,,,,,,,,,119,,,LOSS,False,8
,False,42,False,92656626,no_retreat_option,v7,,,,,,,,,119,,,LOSS,False,8
,False,43,False,92656626,not_2prize_ex,v7,,,,,,,,,119,,,LOSS,False,8
,False,44,False,92656626,not_2prize_ex,v7,,,,,,,,,119,,,LOSS,False,8
,False,45,False,92656626,no_retreat_option,v7,,,,,,,,,119,,,LOSS,False,8
,False,46,False,92656626,not_2prize_ex,v7,,,,,,,,,119,,,LOSS,False,8
,False,47,False,92656626,not_2prize_ex,v7,,,,,,,,,119,,,LOSS,True,8
,False,48,False,92656626,no_retreat_option,v7,,,,,,,,,119,,,LOSS,False,8
,False,49,False,92656626,no_retreat_option,v7,,,,,,,,,235,,,LOSS,False,8
,False,50,False,92656626,no_active,v7,,,,,,,,,,,,LOSS,False,9
,False,51,False,92656626,not_2prize_ex,v7,,,,,,,,,120,,,LOSS,False,10
,False,52,False,92656626,not_lethal,v7,,,,,,,,,121,,,LOSS,False,10
,False,53,False,92656626,no_retreat_option,v7,,,,,,,,,121,,,LOSS,False,10
,False,54,False,92656626,not_lethal,v7,,,,,,,,,121,,,LOSS,False,10
,False,55,False,92656626,not_lethal,v7,,,,,,,,,121,,,LOSS,False,10
,False,56,False,92656626,not_lethal,v7,,,,,,,,,121,,,LOSS,False,10
,False,57,False,92656626,not_lethal,v7,,,,,,,,,121,,,LOSS,False,10
,False,58,False,92656626,no_retreat_option,v7,,,,,,,,,121,,,LOSS,False,10
,False,59,False,92656626,not_lethal,v7,,,,,,,,,121,,,LOSS,False,10
,False,60,False,92656626,not_lethal,v7,,,,,,,,,121,,,LOSS,False,10
,True,61,False,92656626,not_lethal,v7,,,,,,,,,121,,,LOSS,False,10
,False,62,False,92656626,no_retreat_option,v7,,,,,,,,,121,,,LOSS,False,10
,False,63,False,92656626,no_retreat_option,v7,,,,,,,,,121,,,LOSS,False,10
,False,64,False,92656626,no_retreat_option,v7,,,,,,,,,121,,,LOSS,False,10
,False,65,False,92656626,no_retreat_option,v7,,,,,,,,,121,,,LOSS,False,10
,False,66,False,92656626,no_retreat_option,v7,,,,,,,,,121,,,LOSS,False,10
,False,67,False,92656626,no_retreat_option,v7,,,,,,,,,121,,,LOSS,False,10
,False,68,False,92656626,no_active,v7,,,,,,,,,121,,,LOSS,False,10
,False,0,False,92658834,no_active,v7,,,,,,,,,,,,WIN,False,
,False,1,False,92658834,no_active,v7,,,,,,,,,,,,WIN,False,
,False,2,False,92658834,no_active,v7,,,,,,,,,,,,WIN,False,0
,False,3,False,92658834,no_active,v7,,,,,,,,,,,,WIN,False,0
,False,4,False,92658834,no_active,v7,,,,,,,,,,,,WIN,False,0
,False,5,False,92658834,no_active,v7,,,,,,,,,,,,WIN,False,0
,False,6,False,92658834,no_retreat_option,v7,,,,,,,,,119,,,WIN,False,1
,False,7,False,92658834,no_retreat_option,v7,,,,,,,,,119,,,WIN,False,1
,False,8,False,92658834,no_retreat_option,v7,,,,,,,,,119,,,WIN,False,1
,False,9,False,92658834,no_retreat_option,v7,,,,,,,,,119,,,WIN,False,1
,False,10,False,92658834,no_retreat_option,v7,,,,,,,,,119,,,WIN,False,1
,False,11,False,92658834,no_retreat_option,v7,,,,,,,,,119,,,WIN,False,1
,False,12,False,92658834,no_retreat_option,v7,,,,,,,,,119,,,WIN,False,1
,False,13,False,92658834,no_retreat_option,v7,,,,,,,,,119,,,WIN,False,3
,False,14,False,92658834,no_retreat_option,v7,,,,,,,,,119,,,WIN,False,3
,False,15,False,92658834,no_retreat_option,v7,,,,,,,,,119,,,WIN,False,3
,False,16,False,92658834,no_retreat_option,v7,,,,,,,,,119,,,WIN,False,3
,False,17,False,92658834,no_retreat_option,v7,,,,,,,,,119,,,WIN,False,3
,False,18,False,92658834,no_retreat_option,v7,,,,,,,,,119,,,WIN,False,3
,False,19,False,92658834,no_retreat_option,v7,,,,,,,,,120,,,WIN,False,3
,False,20,False,92658834,no_retreat_option,v7,,,,,,,,,120,,,WIN,False,3
,False,21,False,92658834,no_retreat_option,v7,,,,,,,,,120,,,WIN,False,3
,False,22,False,92658834,no_retreat_option,v7,,,,,,,,,120,,,WIN,False,3
,False,23,False,92658834,no_retreat_option,v7,,,,,,,,,120,,,WIN,False,3
,False,24,False,92658834,no_retreat_option,v7,,,,,,,,,120,,,WIN,False,3
,False,25,False,92658834,no_retreat_option,v7,,,,,,,,,120,,,WIN,False,3
,False,26,False,92658834,no_retreat_option,v7,,,,,,,,,120,,,WIN,False,3
,False,27,False,92658834,no_retreat_option,v7,,,,,,,,,120,,,WIN,False,3
,False,28,False,92658834,no_retreat_option,v7,,,,,,,,,120,,,WIN,False,3
,False,29,False,92658834,no_retreat_option,v7,,,,,,,,,120,,,WIN,False,3
,False,30,False,92658834,no_retreat_option,v7,,,,,,,,,120,,,WIN,False,3
,False,31,False,92658834,no_active,v7,,,,,,,,,,,,WIN,False,4
,False,32,False,92658834,not_lethal,v7,,,,,,,,,121,,,WIN,False,5
,False,33,False,92658834,not_lethal,v7,,,,,,,,,121,,,WIN,False,5
,False,34,False,92658834,no_retreat_option,v7,,,,,,,,,121,,,WIN,False,5
,False,35,False,92658834,not_lethal,v7,,,,,,,,,121,,,WIN,False,5
,False,36,False,92658834,no_retreat_option,v7,,,,,,,,,121,,,WIN,False,5
,False,37,False,92658834,not_lethal,v7,,,,,,,,,121,,,WIN,False,5
,False,38,False,92658834,not_lethal,v7,,,,,,,,,121,,,WIN,False,5
,False,39,False,92658834,not_lethal,v7,,,,,,,,,121,,,WIN,False,5
,False,40,False,92658834,not_lethal,v7,,,,,,,,,121,,,WIN,False,5
,False,41,False,92658834,not_lethal,v7,,,,,,,,,121,,,WIN,False,5
,False,42,False,92658834,no_retreat_option,v7,,,,,,,,,121,,,WIN,False,5
,False,43,False,92658834,no_retreat_option,v7,,,,,,,,,121,,,WIN,False,5
,False,44,False,92658834,not_lethal,v7,,,,,,,,,121,,,WIN,False,5
,False,45,False,92658834,not_lethal,v7,,,,,,,,,121,,,WIN,False,5
,False,46,False,92658834,no_retreat_option,v7,,,,,,,,,121,,,WIN,False,5
,True,47,False,92658834,not_lethal,v7,,,,,,,,,121,,,WIN,False,5
,False,48,False,92658834,no_retreat_option,v7,,,,,,,,,121,,,WIN,False,5
,False,49,False,92658834,no_retreat_option,v7,,,,,,,,,121,,,WIN,False,5
,False,50,False,92658834,no_retreat_option,v7,,,,,,,,,121,,,WIN,False,5
,False,51,False,92658834,no_retreat_option,v7,,,,,,,,,121,,,WIN,False,5
,False,52,False,92658834,no_retreat_option,v7,,,,,,,,,121,,,WIN,False,5
,False,53,False,92658834,no_retreat_option,v7,,,,,,,,,121,,,WIN,False,5
,False,54,False,92658834,not_lethal,v7,,,,,,,,,121,,,WIN,False,7
,False,55,False,92658834,no_retreat_option,v7,,,,,,,,,121,,,WIN,False,7
,False,56,False,92658834,not_lethal,v7,,,,,,,,,121,,,WIN,False,7
,False,57,False,92658834,not_lethal,v7,,,,,,,,,121,,,WIN,False,7
,False,58,False,92658834,not_lethal,v7,,,,,,,,,121,,,WIN,False,7
,False,59,False,92658834,no_retreat_option,v7,,,,,,,,,121,,,WIN,False,7
,False,60,False,92658834,no_retreat_option,v7,,,,,,,,,121,,,WIN,False,7
,True,61,False,92658834,not_lethal,v7,,,,,,,,,121,,,WIN,False,7
,False,62,False,92658834,no_retreat_option,v7,,,,,,,,,121,,,WIN,False,7
,False,63,False,92658834,no_retreat_option,v7,,,,,,,,,121,,,WIN,False,7
,False,64,False,92658834,no_retreat_option,v7,,,,,,,,,121,,,WIN,False,7
,False,65,False,92658834,no_retreat_option,v7,,,,,,,,,121,,,WIN,False,7
,False,66,False,92658834,no_retreat_option,v7,,,,,,,,,121,,,WIN,False,7
,False,67,False,92658834,no_retreat_option,v7,,,,,,,,,121,,,WIN,False,7
,False,68,False,92658834,not_lethal,v7,,,,,,,,,121,,,WIN,False,9
,False,69,False,92658834,no_retreat_option,v7,,,,,,,,,121,,,WIN,False,9
,False,70,False,92658834,no_retreat_option,v7,,,,,,,,,121,,,WIN,False,9
,False,71,False,92658834,not_lethal,v7,,,,,,,,,121,,,WIN,False,9
,False,72,False,92658834,not_lethal,v7,,,,,,,,,121,,,WIN,False,9
,False,73,False,92658834,no_retreat_option,v7,,,,,,,,,121,,,WIN,False,9
,False,74,False,92658834,not_lethal,v7,,,,,,,,,121,,,WIN,False,9
,False,75,False,92658834,not_lethal,v7,,,,,,,,,121,,,WIN,False,9
,True,76,False,92658834,not_lethal,v7,,,,,,,,,121,,,WIN,False,9
,False,77,False,92658834,no_retreat_option,v7,,,,,,,,,121,,,WIN,False,9
,False,78,False,92658834,no_retreat_option,v7,,,,,,,,,121,,,WIN,False,9
,False,79,False,92658834,no_retreat_option,v7,,,,,,,,,121,,,WIN,False,9
,False,80,False,92658834,no_retreat_option,v7,,,,,,,,,121,,,WIN,False,9
,False,81,False,92658834,no_retreat_option,v7,,,,,,,,,121,,,WIN,False,9
,False,82,False,92658834,no_retreat_option,v7,,,,,,,,,121,,,WIN,False,9
,False,83,False,92658834,no_active,v7,,,,,,,,,121,,,WIN,False,9
,False,84,False,92658834,no_active,v7,,,,,,,,,,,,WIN,False,10
,False,85,False,92658834,not_lethal,v7,,,,,,,,,121,,,WIN,False,11
,False,86,False,92658834,not_lethal,v7,,,,,,,,,121,,,WIN,False,11
,False,87,False,92658834,no_retreat_option,v7,,,,,,,,,121,,,WIN,False,11
,False,88,False,92658834,not_lethal,v7,,,,,,,,,121,,,WIN,False,11
,False,89,False,92658834,no_retreat_option,v7,,,,,,,,,121,,,WIN,False,11
,False,90,False,92658834,not_lethal,v7,,,,,,,,,121,,,WIN,False,11
,False,91,False,92658834,not_lethal,v7,,,,,,,,,121,,,WIN,False,11
,False,92,False,92658834,no_retreat_option,v7,,,,,,,,,121,,,WIN,False,11
,False,93,False,92658834,not_lethal,v7,,,,,,,,,121,,,WIN,False,11
,False,94,False,92658834,not_lethal,v7,,,,,,,,,121,,,WIN,False,11
,False,95,False,92658834,not_lethal,v7,,,,,,,,,121,,,WIN,False,11
,False,96,False,92658834,no_retreat_option,v7,,,,,,,,,121,,,WIN,False,11
,False,97,False,92658834,not_lethal,v7,,,,,,,,,121,,,WIN,False,11
,True,98,False,92658834,not_lethal,v7,,,,,,,,,121,,,WIN,False,11
,False,99,False,92658834,no_retreat_option,v7,,,,,,,,,121,,,WIN,False,11
,False,100,False,92658834,no_retreat_option,v7,,,,,,,,,121,,,WIN,False,11
,False,101,False,92658834,no_retreat_option,v7,,,,,,,,,121,,,WIN,False,11
,False,102,False,92658834,no_retreat_option,v7,,,,,,,,,121,,,WIN,False,11
,False,103,False,92658834,no_retreat_option,v7,,,,,,,,,121,,,WIN,False,11
,False,104,False,92658834,no_retreat_option,v7,,,,,,,,,121,,,WIN,False,11
,False,105,False,92658834,not_lethal,v7,,,,,,,,,121,,,WIN,False,13
,False,106,False,92658834,not_lethal,v7,,,,,,,,,121,,,WIN,False,13
,True,107,False,92658834,not_lethal,v7,,,,,,,,,121,,,WIN,False,13
,False,108,False,92658834,no_retreat_option,v7,,,,,,,,,121,,,WIN,False,13
,False,109,False,92658834,no_retreat_option,v7,,,,,,,,,121,,,WIN,False,13
,False,110,False,92658834,no_retreat_option,v7,,,,,,,,,121,,,WIN,False,13
,False,111,False,92658834,no_retreat_option,v7,,,,,,,,,121,,,WIN,False,13
,False,112,False,92658834,no_retreat_option,v7,,,,,,,,,121,,,WIN,False,13
,False,113,False,92658834,no_retreat_option,v7,,,,,,,,,121,,,WIN,False,13
,False,114,False,92658834,no_retreat_option,v7,,,,,,,,,121,,,WIN,False,13
,False,115,False,92658834,not_lethal,v7,,,,,,,,,121,,,WIN,False,15
,True,116,False,92658834,not_lethal,v7,,,,,,,,,121,,,WIN,False,15
,False,117,False,92658834,no_retreat_option,v7,,,,,,,,,121,,,WIN,False,15
,False,118,False,92658834,no_retreat_option,v7,,,,,,,,,121,,,WIN,False,15
,False,119,False,92658834,no_retreat_option,v7,,,,,,,,,121,,,WIN,False,15
,False,120,False,92658834,no_retreat_option,v7,,,,,,,,,121,,,WIN,False,15
,False,121,False,92658834,no_retreat_option,v7,,,,,,,,,121,,,WIN,False,15
,False,122,False,92658834,no_retreat_option,v7,,,,,,,,,121,,,WIN,False,15
,False,0,False,92638893,no_active,v8,,,,,,,,,,,,WIN,False,
,False,1,False,92638893,no_active,v8,,,,,,,,,,,,WIN,False,
,False,2,False,92638893,no_active,v8,,,,,,,,,,,,WIN,False,0
,False,3,False,92638893,no_active,v8,,,,,,,,,,,,WIN,False,0
,False,4,False,92638893,no_active,v8,,,,,,,,,,,,WIN,False,0
,False,5,False,92638893,no_retreat_option,v8,,,,,,,,,119,,,WIN,False,2
,False,6,False,92638893,no_retreat_option,v8,,,,,,,,,119,,,WIN,False,2
,False,7,False,92638893,no_retreat_option,v8,,,,,,,,,119,,,WIN,False,2
,False,8,False,92638893,no_retreat_option,v8,,,,,,,,,119,,,WIN,False,2
,False,9,False,92638893,not_2prize_ex,v8,,,,,,,,,119,,,WIN,False,2
,False,10,False,92638893,not_2prize_ex,v8,,,,,,,,,119,,,WIN,True,2
,False,11,False,92638893,no_retreat_option,v8,,,,,,,,,119,,,WIN,False,2
,False,12,False,92638893,no_retreat_option,v8,,,,,,,,,119,,,WIN,False,2
,False,13,False,92638893,no_retreat_option,v8,,,,,,,,,235,,,WIN,False,2
,False,14,False,92638893,no_active,v8,,,,,,,,,,,,WIN,False,3
,False,15,False,92638893,no_retreat_option,v8,,,,,,,,,119,,,WIN,False,4
,False,16,False,92638893,no_retreat_option,v8,,,,,,,,,119,,,WIN,False,4
,False,17,False,92638893,no_retreat_option,v8,,,,,,,,,119,,,WIN,False,4
,False,18,False,92638893,no_retreat_option,v8,,,,,,,,,119,,,WIN,False,4
,False,19,False,92638893,no_retreat_option,v8,,,,,,,,,119,,,WIN,False,4
,False,20,False,92638893,no_retreat_option,v8,,,,,,,,,119,,,WIN,False,4
,False,21,False,92638893,no_retreat_option,v8,,,,,,,,,119,,,WIN,False,4
,False,22,False,92638893,no_retreat_option,v8,,,,,,,,,121,,,WIN,False,4
,False,23,False,92638893,no_retreat_option,v8,,,,,,,,,121,,,WIN,False,4
,False,24,False,92638893,no_retreat_option,v8,,,,,,,,,121,,,WIN,False,4
,False,25,False,92638893,no_retreat_option,v8,,,,,,,,,121,,,WIN,False,4
,False,26,False,92638893,no_retreat_option,v8,,,,,,,,,121,,,WIN,False,4
,False,27,False,92638893,no_retreat_option,v8,,,,,,,,,121,,,WIN,False,6
,False,28,False,92638893,no_retreat_option,v8,,,,,,,,,121,,,WIN,False,6
,False,29,False,92638893,no_retreat_option,v8,,,,,,,,,121,,,WIN,False,6
,False,30,False,92638893,no_retreat_option,v8,,,,,,,,,121,,,WIN,False,6
,False,31,False,92638893,no_retreat_option,v8,,,,,,,,,121,,,WIN,False,6
,False,32,False,92638893,no_retreat_option,v8,,,,,,,,,121,,,WIN,False,6
,False,33,False,92638893,no_ready_bench,v8,,,,,,,,,121,,,WIN,False,6
,False,34,False,92638893,no_retreat_option,v8,,,,,,,,,121,,,WIN,False,6
,False,35,False,92638893,no_retreat_option,v8,,,,,,,,,121,,,WIN,False,6
,False,36,False,92638893,no_ready_bench,v8,,,,,,,,,121,,,WIN,False,6
,False,37,False,92638893,no_ready_bench,v8,,,,,,,,,121,,,WIN,False,6
,True,38,False,92638893,no_ready_bench,v8,,,,,,,,,121,,,WIN,False,6
,False,39,False,92638893,no_retreat_option,v8,,,,,,,,,121,,,WIN,False,6
,False,40,False,92638893,no_retreat_option,v8,,,,,,,,,121,,,WIN,False,6
,False,41,False,92638893,no_retreat_option,v8,,,,,,,,,121,,,WIN,False,6
,False,42,False,92638893,no_retreat_option,v8,,,,,,,,,121,,,WIN,False,6
,False,43,False,92638893,no_retreat_option,v8,,,,,,,,,121,,,WIN,False,6
,False,44,False,92638893,no_retreat_option,v8,,,,,,,,,121,,,WIN,False,6
,False,45,False,92638893,no_active,v8,,,,,,,,,,,,WIN,False,7
,False,46,False,92638893,not_2prize_ex,v8,,,,,,,,,120,,,WIN,False,8
,False,47,False,92638893,no_retreat_option,v8,,,,,,,,,120,,,WIN,False,8
,False,48,False,92638893,not_2prize_ex,v8,,,,,,,,,120,,,WIN,False,8
,False,49,False,92638893,no_retreat_option,v8,,,,,,,,,120,,,WIN,False,8
,False,50,False,92638893,not_2prize_ex,v8,,,,,,,,,120,,,WIN,False,8
,False,51,False,92638893,not_lethal,v8,,,,,,,,,121,,,WIN,False,8
,False,52,False,92638893,not_lethal,v8,,,,,,,,,121,,,WIN,False,8
,False,53,False,92638893,no_retreat_option,v8,,,,,,,,,121,,,WIN,False,8
,False,54,False,92638893,no_retreat_option,v8,,,,,,,,,121,,,WIN,False,8
,False,55,False,92638893,no_retreat_option,v8,,,,,,,,,121,,,WIN,False,8
,False,56,False,92638893,not_lethal,v8,,,,,,,,,121,,,WIN,False,8
,False,57,False,92638893,not_lethal,v8,,,,,,,,,121,,,WIN,False,8
,False,58,False,92638893,no_retreat_option,v8,,,,,,,,,121,,,WIN,False,8
,False,59,False,92638893,not_lethal,v8,,,,,,,,,121,,,WIN,False,8
,False,60,False,92638893,no_retreat_option,v8,,,,,,,,,121,,,WIN,False,8
,False,61,False,92638893,not_lethal,v8,,,,,,,,,121,,,WIN,False,8
,True,62,False,92638893,not_lethal,v8,,,,,,,,,121,,,WIN,False,8
,False,63,False,92638893,no_retreat_option,v8,,,,,,,,,121,,,WIN,False,8
,False,64,False,92638893,no_retreat_option,v8,,,,,,,,,121,,,WIN,False,8
,False,65,False,92638893,no_retreat_option,v8,,,,,,,,,121,,,WIN,False,8
,False,66,False,92638893,no_retreat_option,v8,,,,,,,,,121,,,WIN,False,8
,False,67,False,92638893,no_retreat_option,v8,,,,,,,,,121,,,WIN,False,8
,False,68,False,92638893,no_retreat_option,v8,,,,,,,,,121,,,WIN,False,8
,False,69,False,92638893,no_retreat_option,v8,,,,,,,,,121,,,WIN,False,8
,False,70,False,92638893,not_lethal,v8,,,,,,,,,121,,,WIN,False,10
,False,71,False,92638893,not_lethal,v8,,,,,,,,,121,,,WIN,False,10
,False,72,False,92638893,no_retreat_option,v8,,,,,,,,,121,,,WIN,False,10
,False,73,False,92638893,not_lethal,v8,,,,,,,,,121,,,WIN,False,10
,False,74,False,92638893,not_lethal,v8,,,,,,,,,121,,,WIN,False,10
,False,75,False,92638893,not_lethal,v8,,,,,,,,,121,,,WIN,False,10
,False,76,False,92638893,no_retreat_option,v8,,,,,,,,,121,,,WIN,False,10
,True,77,False,92638893,not_lethal,v8,,,,,,,,,121,,,WIN,False,10
,False,78,False,92638893,no_retreat_option,v8,,,,,,,,,121,,,WIN,False,10
,False,79,False,92638893,no_retreat_option,v8,,,,,,,,,121,,,WIN,False,10
,False,80,False,92638893,no_retreat_option,v8,,,,,,,,,121,,,WIN,False,10
,False,81,False,92638893,no_retreat_option,v8,,,,,,,,,121,,,WIN,False,10
,False,82,False,92638893,no_retreat_option,v8,,,,,,,,,121,,,WIN,False,10
,False,83,False,92638893,no_retreat_option,v8,,,,,,,,,121,,,WIN,False,10
,False,84,False,92638893,no_active,v8,,,,,,,,,,,,WIN,False,11
,False,85,False,92638893,not_lethal,v8,,,,,,,,,121,,,WIN,False,12
,False,86,False,92638893,no_retreat_option,v8,,,,,,,,,121,,,WIN,False,12
,False,87,False,92638893,not_lethal,v8,,,,,,,,,121,,,WIN,False,12
,False,88,False,92638893,not_lethal,v8,,,,,,,,,121,,,WIN,False,12
,False,89,False,92638893,no_retreat_option,v8,,,,,,,,,121,,,WIN,False,12
,True,90,False,92638893,not_lethal,v8,,,,,,,,,121,,,WIN,False,12
,False,91,False,92638893,no_retreat_option,v8,,,,,,,,,121,,,WIN,False,12
,False,92,False,92638893,no_retreat_option,v8,,,,,,,,,121,,,WIN,False,12
,False,93,False,92638893,no_retreat_option,v8,,,,,,,,,121,,,WIN,False,12
,False,94,False,92638893,no_retreat_option,v8,,,,,,,,,121,,,WIN,False,12
,False,95,False,92638893,no_retreat_option,v8,,,,,,,,,121,,,WIN,False,12
,False,96,False,92638893,no_retreat_option,v8,,,,,,,,,121,,,WIN,False,12
,False,97,False,92638893,no_retreat_option,v8,,,,,,,,,121,,,WIN,False,12
,False,98,False,92638893,winning_trade_available,v8,,,,,,,,,121,,Jet Headbutt,WIN,False,14
,False,99,False,92638893,no_retreat_option,v8,,,,,,,,,121,,,WIN,False,14
,True,100,False,92638893,not_lethal,v8,,,,,,,,,121,,,WIN,False,14
,False,101,False,92638893,no_retreat_option,v8,,,,,,,,,121,,,WIN,False,14
,False,102,False,92638893,no_retreat_option,v8,,,,,,,,,121,,,WIN,False,14
,False,103,False,92638893,no_retreat_option,v8,,,,,,,,,121,,,WIN,False,14
,False,104,False,92638893,no_retreat_option,v8,,,,,,,,,121,,,WIN,False,14
,False,105,False,92638893,no_retreat_option,v8,,,,,,,,,121,,,WIN,False,14
,False,106,False,92638893,no_retreat_option,v8,,,,,,,,,121,,,WIN,False,14
,False,107,False,92638893,no_active,v8,,,,,,,,,121,,,WIN,False,14
,False,0,False,92639822,no_active,v8,,,,,,,,,,,,LOSS,False,
,False,1,False,92639822,no_active,v8,,,,,,,,,,,,LOSS,False,
,False,2,False,92639822,no_active,v8,,,,,,,,,,,,LOSS,False,0
,False,3,False,92639822,no_active,v8,,,,,,,,,,,,LOSS,False,0
,False,4,False,92639822,no_retreat_option,v8,,,,,,,,,119,,,LOSS,False,2
,False,5,False,92639822,not_2prize_ex,v8,,,,,,,,,119,,,LOSS,False,2
,False,6,False,92639822,no_retreat_option,v8,,,,,,,,,119,,,LOSS,False,2
,False,7,False,92639822,not_2prize_ex,v8,,,,,,,,,119,,,LOSS,False,2
,False,8,False,92639822,not_2prize_ex,v8,,,,,,,,,119,,,LOSS,False,2
,False,9,False,92639822,no_retreat_option,v8,,,,,,,,,119,,,LOSS,False,2
,False,10,False,92639822,no_retreat_option,v8,,,,,,,,,119,,,LOSS,False,2
,False,11,False,92639822,no_retreat_option,v8,,,,,,,,,119,,,LOSS,False,2
,False,12,False,92639822,not_2prize_ex,v8,,,,,,,,,119,,,LOSS,False,2
,False,13,False,92639822,not_2prize_ex,v8,,,,,,,,,119,,,LOSS,True,2
,False,14,False,92639822,no_retreat_option,v8,,,,,,,,,119,,,LOSS,False,2
,False,15,False,92639822,no_retreat_option,v8,,,,,,,,,235,,,LOSS,False,2
,False,16,False,92639822,no_active,v8,,,,,,,,,,,,LOSS,False,3
,False,17,False,92639822,not_2prize_ex,v8,,,,,,,,,119,,,LOSS,False,4
,False,18,False,92639822,no_retreat_option,v8,,,,,,,,,119,,,LOSS,False,4
,False,19,False,92639822,no_retreat_option,v8,,,,,,,,,119,,,LOSS,False,4
,False,20,False,92639822,not_2prize_ex,v8,,,,,,,,,119,,,LOSS,False,4
,False,21,False,92639822,not_2prize_ex,v8,,,,,,,,,119,,,LOSS,False,4
,False,22,False,92639822,not_2prize_ex,v8,,,,,,,,,120,,,LOSS,False,4
,False,23,False,92639822,no_retreat_option,v8,,,,,,,,,120,,,LOSS,False,4
,False,24,False,92639822,not_2prize_ex,v8,,,,,,,,,120,,,LOSS,False,4
,False,25,False,92639822,not_2prize_ex,v8,,,,,,,,,120,,,LOSS,False,4
,False,26,False,92639822,not_2prize_ex,v8,,,,,,,,,120,,,LOSS,False,4
,False,27,False,92639822,not_2prize_ex,v8,,,,,,,,,120,,,LOSS,False,4
,False,28,False,92639822,not_2prize_ex,v8,,,,,,,,,120,,,LOSS,False,4
,False,29,False,92639822,not_2prize_ex,v8,,,,,,,,,120,,,LOSS,False,4
,False,30,False,92639822,no_retreat_option,v8,,,,,,,,,120,,,LOSS,False,4
,False,31,False,92639822,not_2prize_ex,v8,,,,,,,,,120,,,LOSS,False,4
,False,32,False,92639822,not_2prize_ex,v8,,,,,,,,,120,,,LOSS,False,4
,False,33,False,92639822,no_retreat_option,v8,,,,,,,,,120,,,LOSS,False,4
,False,34,False,92639822,not_2prize_ex,v8,,,,,,,,,120,,,LOSS,False,4
,False,35,False,92639822,no_retreat_option,v8,,,,,,,,,120,,,LOSS,False,4
,False,36,False,92639822,not_2prize_ex,v8,,,,,,,,,120,,,LOSS,True,4
,False,37,False,92639822,no_retreat_option,v8,,,,,,,,,120,,,LOSS,False,4
,False,38,False,92639822,no_retreat_option,v8,,,,,,,,,120,,,LOSS,False,4
,False,39,False,92639822,no_retreat_option,v8,,,,,,,,,121,,,LOSS,False,4
,False,40,False,92639822,no_active,v8,,,,,,,,,,,,LOSS,False,5
,False,41,False,92639822,not_lethal,v8,,,,,,,,,121,,,LOSS,False,6
,False,42,False,92639822,not_lethal,v8,,,,,,,,,121,,,LOSS,False,6
,False,43,False,92639822,no_retreat_option,v8,,,,,,,,,121,,,LOSS,False,6
,False,44,False,92639822,no_retreat_option,v8,,,,,,,,,121,,,LOSS,False,6
,False,45,False,92639822,not_lethal,v8,,,,,,,,,121,,,LOSS,False,6
,False,46,False,92639822,not_lethal,v8,,,,,,,,,121,,,LOSS,False,6
,False,47,False,92639822,not_lethal,v8,,,,,,,,,121,,,LOSS,False,6
,False,48,False,92639822,no_retreat_option,v8,,,,,,,,,121,,,LOSS,False,6
,False,49,False,92639822,not_lethal,v8,,,,,,,,,121,,,LOSS,False,6
,False,50,False,92639822,no_retreat_option,v8,,,,,,,,,121,,,LOSS,False,6
,False,51,False,92639822,not_lethal,v8,,,,,,,,,121,,,LOSS,False,6
,False,52,False,92639822,not_lethal,v8,,,,,,,,,121,,,LOSS,False,6
,True,53,False,92639822,not_lethal,v8,,,,,,,,,121,,,LOSS,False,6
,False,54,False,92639822,no_retreat_option,v8,,,,,,,,,121,,,LOSS,False,6
,False,55,False,92639822,no_retreat_option,v8,,,,,,,,,121,,,LOSS,False,6
,False,56,False,92639822,no_retreat_option,v8,,,,,,,,,121,,,LOSS,False,6
,False,57,False,92639822,no_retreat_option,v8,,,,,,,,,121,,,LOSS,False,6
,False,58,False,92639822,no_retreat_option,v8,,,,,,,,,121,,,LOSS,False,6
,False,59,False,92639822,no_retreat_option,v8,,,,,,,,,121,,,LOSS,False,6
,False,60,False,92639822,not_lethal,v8,,,,,,,,,121,,,LOSS,False,8
,False,61,False,92639822,no_retreat_option,v8,,,,,,,,,121,,,LOSS,False,8
,False,62,False,92639822,not_lethal,v8,,,,,,,,,121,,,LOSS,False,8
,False,63,False,92639822,no_retreat_option,v8,,,,,,,,,121,,,LOSS,False,8
,False,64,False,92639822,not_lethal,v8,,,,,,,,,121,,,LOSS,False,8
,False,65,False,92639822,no_retreat_option,v8,,,,,,,,,121,,,LOSS,False,8
,False,66,False,92639822,not_lethal,v8,,,,,,,,,121,,,LOSS,False,8
,False,67,False,92639822,not_lethal,v8,,,,,,,,,121,,,LOSS,False,8
,False,68,False,92639822,no_retreat_option,v8,,,,,,,,,121,,,LOSS,False,8
,False,69,False,92639822,not_lethal,v8,,,,,,,,,121,,,LOSS,False,8
,True,70,False,92639822,not_lethal,v8,,,,,,,,,121,,,LOSS,False,8
,False,71,False,92639822,no_retreat_option,v8,,,,,,,,,121,,,LOSS,False,8
,False,72,False,92639822,no_retreat_option,v8,,,,,,,,,121,,,LOSS,False,8
,False,73,False,92639822,no_retreat_option,v8,,,,,,,,,121,,,LOSS,False,8
,False,74,False,92639822,no_retreat_option,v8,,,,,,,,,121,,,LOSS,False,8
,False,75,False,92639822,no_retreat_option,v8,,,,,,,,,121,,,LOSS,False,8
,False,76,False,92639822,no_retreat_option,v8,,,,,,,,,121,,,LOSS,False,8
False,False,77,True,92639822,,v8,1,Mega Lucario ex,140,Aura Jab,130,Dragapult ex,1,60,121,1,,LOSS,False,10
,False,78,False,92639822,no_retreat_option,v8,,,,,,,,,121,,,LOSS,False,10
False,False,79,True,92639822,,v8,1,Mega Lucario ex,140,Aura Jab,130,Dragapult ex,1,60,121,1,,LOSS,False,10
,False,80,False,92639822,no_retreat_option,v8,,,,,,,,,121,,,LOSS,False,10
False,False,81,True,92639822,,v8,1,Mega Lucario ex,140,Aura Jab,130,Dragapult ex,1,60,121,1,,LOSS,False,10
False,False,82,True,92639822,,v8,1,Mega Lucario ex,140,Aura Jab,130,Dragapult ex,1,60,121,1,,LOSS,False,10
False,False,83,True,92639822,,v8,1,Mega Lucario ex,140,Aura Jab,130,Dragapult ex,1,60,121,1,,LOSS,True,10
,False,84,False,92639822,no_retreat_option,v8,,,,,,,,,121,,,LOSS,False,10
,False,85,False,92639822,no_retreat_option,v8,,,,,,,,,121,,,LOSS,False,10
,True,86,False,92639822,no_retreat_option,v8,,,,,,,,,121,,,LOSS,False,10
,False,87,False,92639822,no_retreat_option,v8,,,,,,,,,121,,,LOSS,False,10
,False,88,False,92639822,no_retreat_option,v8,,,,,,,,,121,,,LOSS,False,10
,False,89,False,92639822,no_retreat_option,v8,,,,,,,,,121,,,LOSS,False,10
,False,90,False,92639822,no_retreat_option,v8,,,,,,,,,121,,,LOSS,False,10
,False,91,False,92639822,no_retreat_option,v8,,,,,,,,,121,,,LOSS,False,10
,False,92,False,92639822,no_retreat_option,v8,,,,,,,,,121,,,LOSS,False,10
,False,93,False,92639822,no_active,v8,,,,,,,,,121,,,LOSS,False,10
,False,94,False,92639822,no_active,v8,,,,,,,,,121,,,LOSS,False,10
,False,95,False,92639822,no_active,v8,,,,,,,,,,,,LOSS,False,11
,False,96,False,92639822,no_ready_bench,v8,,,,,,,,,121,,,LOSS,False,12
,False,97,False,92639822,no_retreat_option,v8,,,,,,,,,121,,,LOSS,False,12
,False,98,False,92639822,no_ready_bench,v8,,,,,,,,,121,,,LOSS,False,12
,False,99,False,92639822,no_ready_bench,v8,,,,,,,,,121,,,LOSS,False,12
,False,100,False,92639822,no_ready_bench,v8,,,,,,,,,121,,,LOSS,False,12
,False,101,False,92639822,no_retreat_option,v8,,,,,,,,,121,,,LOSS,False,12
,False,102,False,92639822,no_ready_bench,v8,,,,,,,,,121,,,LOSS,False,12
,False,103,False,92639822,no_ready_bench,v8,,,,,,,,,121,,,LOSS,False,12
,False,104,False,92639822,no_retreat_option,v8,,,,,,,,,121,,,LOSS,False,12
,False,105,False,92639822,no_ready_bench,v8,,,,,,,,,121,,,LOSS,False,12
,False,106,False,92639822,no_ready_bench,v8,,,,,,,,,121,,,LOSS,False,12
,True,107,False,92639822,no_ready_bench,v8,,,,,,,,,121,,,LOSS,False,12
,False,108,False,92639822,no_retreat_option,v8,,,,,,,,,121,,,LOSS,False,12
,False,109,False,92639822,no_retreat_option,v8,,,,,,,,,121,,,LOSS,False,12
,False,110,False,92639822,no_retreat_option,v8,,,,,,,,,121,,,LOSS,False,12
,False,111,False,92639822,no_retreat_option,v8,,,,,,,,,121,,,LOSS,False,12
,False,112,False,92639822,no_retreat_option,v8,,,,,,,,,121,,,LOSS,False,12
,False,0,False,92640795,no_active,v8,,,,,,,,,,,,WIN,False,
,False,1,False,92640795,no_active,v8,,,,,,,,,,,,WIN,False,
,False,2,False,92640795,no_active,v8,,,,,,,,,,,,WIN,False,0
,False,3,False,92640795,no_active,v8,,,,,,,,,,,,WIN,False,0
,False,4,False,92640795,no_active,v8,,,,,,,,,,,,WIN,False,0
,False,5,False,92640795,no_retreat_option,v8,,,,,,,,,235,,,WIN,False,1
,False,6,False,92640795,no_retreat_option,v8,,,,,,,,,235,,,WIN,False,1
,False,7,False,92640795,no_retreat_option,v8,,,,,,,,,235,,,WIN,False,1
,False,8,False,92640795,not_2prize_ex,v8,,,,,,,,,235,,,WIN,False,1
,False,9,False,92640795,not_2prize_ex,v8,,,,,,,,,235,,,WIN,False,1
,False,10,False,92640795,no_active,v8,,,,,,,,,,,,WIN,False,2
,False,11,False,92640795,no_retreat_option,v8,,,,,,,,,119,,,WIN,False,3
,False,12,False,92640795,no_retreat_option,v8,,,,,,,,,120,,,WIN,False,3
,False,13,False,92640795,no_retreat_option,v8,,,,,,,,,120,,,WIN,False,3
,False,14,False,92640795,no_retreat_option,v8,,,,,,,,,120,,,WIN,False,3
,False,15,False,92640795,no_retreat_option,v8,,,,,,,,,120,,,WIN,False,3
,False,16,False,92640795,no_retreat_option,v8,,,,,,,,,120,,,WIN,False,3
,False,17,False,92640795,no_retreat_option,v8,,,,,,,,,120,,,WIN,False,3
,False,18,False,92640795,no_retreat_option,v8,,,,,,,,,120,,,WIN,False,3
,False,19,False,92640795,not_2prize_ex,v8,,,,,,,,,120,,,WIN,False,3
,False,20,False,92640795,no_retreat_option,v8,,,,,,,,,120,,,WIN,False,3
,False,21,False,92640795,not_2prize_ex,v8,,,,,,,,,120,,,WIN,False,3
,False,22,False,92640795,not_2prize_ex,v8,,,,,,,,,120,,,WIN,False,3
,False,23,False,92640795,no_active,v8,,,,,,,,,,,,WIN,False,4
,False,24,False,92640795,no_retreat_option,v8,,,,,,,,,119,,,WIN,False,5
,False,25,False,92640795,no_retreat_option,v8,,,,,,,,,119,,,WIN,False,5
,False,26,False,92640795,no_retreat_option,v8,,,,,,,,,119,,,WIN,False,5
,False,27,False,92640795,no_retreat_option,v8,,,,,,,,,119,,,WIN,False,5
,False,28,False,92640795,no_retreat_option,v8,,,,,,,,,120,,,WIN,False,5
,False,29,False,92640795,no_retreat_option,v8,,,,,,,,,120,,,WIN,False,5
,False,30,False,92640795,no_retreat_option,v8,,,,,,,,,120,,,WIN,False,5
,False,31,False,92640795,no_retreat_option,v8,,,,,,,,,120,,,WIN,False,5
,False,32,False,92640795,no_retreat_option,v8,,,,,,,,,120,,,WIN,False,5
,False,33,False,92640795,no_retreat_option,v8,,,,,,,,,120,,,WIN,False,5
,False,34,False,92640795,no_retreat_option,v8,,,,,,,,,120,,,WIN,False,5
,False,35,False,92640795,no_retreat_option,v8,,,,,,,,,120,,,WIN,False,5
,False,36,False,92640795,no_retreat_option,v8,,,,,,,,,120,,,WIN,False,5
,False,37,False,92640795,no_retreat_option,v8,,,,,,,,,120,,,WIN,False,5
,False,38,False,92640795,no_active,v8,,,,,,,,,,,,WIN,False,6
,False,39,False,92640795,not_2prize_ex,v8,,,,,,,,,235,,,WIN,False,7
,False,40,False,92640795,no_retreat_option,v8,,,,,,,,,235,,,WIN,False,7
,False,41,False,92640795,not_2prize_ex,v8,,,,,,,,,235,,,WIN,False,7
,False,42,False,92640795,no_retreat_option,v8,,,,,,,,,235,,,WIN,False,7
,False,43,False,92640795,not_2prize_ex,v8,,,,,,,,,235,,,WIN,False,7
,False,44,False,92640795,no_retreat_option,v8,,,,,,,,,235,,,WIN,False,7
,False,45,False,92640795,not_2prize_ex,v8,,,,,,,,,235,,,WIN,False,7
,False,46,False,92640795,not_2prize_ex,v8,,,,,,,,,235,,,WIN,False,7
,False,47,False,92640795,not_2prize_ex,v8,,,,,,,,,235,,,WIN,False,7
,False,48,False,92640795,no_retreat_option,v8,,,,,,,,,235,,,WIN,False,7
,False,49,False,92640795,not_2prize_ex,v8,,,,,,,,,235,,,WIN,False,7
,False,50,False,92640795,not_2prize_ex,v8,,,,,,,,,235,,,WIN,True,7
,False,51,False,92640795,no_retreat_option,v8,,,,,,,,,235,,,WIN,False,7
,True,52,False,92640795,no_retreat_option,v8,,,,,,,,,121,,,WIN,False,7
,False,53,False,92640795,no_retreat_option,v8,,,,,,,,,121,,,WIN,False,7
,False,54,False,92640795,no_retreat_option,v8,,,,,,,,,121,,,WIN,False,7
,False,55,False,92640795,no_retreat_option,v8,,,,,,,,,121,,,WIN,False,7
,False,56,False,92640795,no_retreat_option,v8,,,,,,,,,121,,,WIN,False,7
,False,57,False,92640795,no_retreat_option,v8,,,,,,,,,121,,,WIN,False,7
,False,58,False,92640795,no_retreat_option,v8,,,,,,,,,121,,,WIN,False,7
,False,59,False,92640795,winning_trade_available,v8,,,,,,,,,121,,Jet Headbutt,WIN,False,9
,False,60,False,92640795,no_retreat_option,v8,,,,,,,,,121,,,WIN,False,9
,False,61,False,92640795,winning_trade_available,v8,,,,,,,,,121,,Jet Headbutt,WIN,False,9
,True,62,False,92640795,winning_trade_available,v8,,,,,,,,,121,,Jet Headbutt,WIN,False,9
,False,63,False,92640795,no_retreat_option,v8,,,,,,,,,121,,,WIN,False,9
,False,64,False,92640795,no_retreat_option,v8,,,,,,,,,121,,,WIN,False,9
,False,65,False,92640795,no_retreat_option,v8,,,,,,,,,121,,,WIN,False,9
,False,66,False,92640795,no_retreat_option,v8,,,,,,,,,121,,,WIN,False,9
,False,67,False,92640795,no_retreat_option,v8,,,,,,,,,121,,,WIN,False,9
,False,68,False,92640795,no_retreat_option,v8,,,,,,,,,121,,,WIN,False,9
,False,69,False,92640795,no_active,v8,,,,,,,,,121,,,WIN,False,9
,False,70,False,92640795,no_active,v8,,,,,,,,,121,,,WIN,False,9
,False,71,False,92640795,not_lethal,v8,,,,,,,,,121,,,WIN,False,11
,False,72,False,92640795,no_retreat_option,v8,,,,,,,,,121,,,WIN,False,11
,False,73,False,92640795,no_retreat_option,v8,,,,,,,,,121,,,WIN,False,11
,False,74,False,92640795,not_lethal,v8,,,,,,,,,121,,,WIN,False,11
,False,75,False,92640795,not_lethal,v8,,,,,,,,,121,,,WIN,False,11
,False,76,False,92640795,not_lethal,v8,,,,,,,,,121,,,WIN,False,11
,True,77,False,92640795,not_lethal,v8,,,,,,,,,121,,,WIN,False,11
,False,78,False,92640795,no_retreat_option,v8,,,,,,,,,121,,,WIN,False,11
,False,79,False,92640795,no_retreat_option,v8,,,,,,,,,121,,,WIN,False,11
,False,80,False,92640795,no_retreat_option,v8,,,,,,,,,121,,,WIN,False,11
,False,81,False,92640795,no_retreat_option,v8,,,,,,,,,121,,,WIN,False,11
,False,82,False,92640795,no_retreat_option,v8,,,,,,,,,121,,,WIN,False,11
,False,83,False,92640795,no_retreat_option,v8,,,,,,,,,121,,,WIN,False,11
,False,84,False,92640795,no_retreat_option,v8,,,,,,,,,121,,,WIN,False,11
,False,85,False,92640795,not_lethal,v8,,,,,,,,,121,,,WIN,False,13
,False,86,False,92640795,not_lethal,v8,,,,,,,,,121,,,WIN,False,13
,True,87,False,92640795,not_lethal,v8,,,,,,,,,121,,,WIN,False,13
,False,88,False,92640795,no_retreat_option,v8,,,,,,,,,121,,,WIN,False,13
,False,89,False,92640795,no_retreat_option,v8,,,,,,,,,121,,,WIN,False,13
,False,90,False,92640795,no_retreat_option,v8,,,,,,,,,121,,,WIN,False,13
,False,91,False,92640795,no_retreat_option,v8,,,,,,,,,121,,,WIN,False,13
,False,92,False,92640795,no_retreat_option,v8,,,,,,,,,121,,,WIN,False,13
,False,93,False,92640795,no_retreat_option,v8,,,,,,,,,121,,,WIN,False,13
,False,0,False,92641741,no_active,v8,,,,,,,,,,,,WIN,False,
,False,1,False,92641741,no_active,v8,,,,,,,,,,,,WIN,False,
,False,2,False,92641741,no_active,v8,,,,,,,,,,,,WIN,False,0
,False,3,False,92641741,no_active,v8,,,,,,,,,,,,WIN,False,0
,False,4,False,92641741,no_active,v8,,,,,,,,,,,,WIN,False,0
,False,5,False,92641741,no_retreat_option,v8,,,,,,,,,119,,,WIN,False,1
,False,6,False,92641741,no_retreat_option,v8,,,,,,,,,119,,,WIN,False,1
,False,7,False,92641741,no_retreat_option,v8,,,,,,,,,119,,,WIN,False,1
,False,8,False,92641741,no_retreat_option,v8,,,,,,,,,119,,,WIN,False,1
,False,9,False,92641741,no_retreat_option,v8,,,,,,,,,119,,,WIN,False,1
,False,10,False,92641741,no_retreat_option,v8,,,,,,,,,119,,,WIN,False,1
,False,11,False,92641741,no_retreat_option,v8,,,,,,,,,119,,,WIN,False,1
,False,12,False,92641741,no_retreat_option,v8,,,,,,,,,119,,,WIN,False,1
,False,13,False,92641741,no_retreat_option,v8,,,,,,,,,119,,,WIN,False,1
,False,14,False,92641741,no_retreat_option,v8,,,,,,,,,119,,,WIN,False,1
,False,15,False,92641741,no_retreat_option,v8,,,,,,,,,119,,,WIN,False,3
,False,16,False,92641741,no_retreat_option,v8,,,,,,,,,119,,,WIN,False,3
,False,17,False,92641741,no_retreat_option,v8,,,,,,,,,121,,,WIN,False,3
,False,18,False,92641741,no_retreat_option,v8,,,,,,,,,121,,,WIN,False,3
,False,19,False,92641741,no_retreat_option,v8,,,,,,,,,121,,,WIN,False,3
,False,20,False,92641741,no_retreat_option,v8,,,,,,,,,121,,,WIN,False,3
,False,21,False,92641741,no_retreat_option,v8,,,,,,,,,121,,,WIN,False,3
,False,22,False,92641741,no_retreat_option,v8,,,,,,,,,121,,,WIN,False,3
,False,23,False,92641741,no_retreat_option,v8,,,,,,,,,121,,,WIN,False,3
,False,24,False,92641741,no_retreat_option,v8,,,,,,,,,121,,,WIN,False,3
,False,25,False,92641741,no_retreat_option,v8,,,,,,,,,121,,,WIN,False,3
,False,26,False,92641741,no_retreat_option,v8,,,,,,,,,121,,,WIN,False,3
,False,27,False,92641741,no_retreat_option,v8,,,,,,,,,121,,,WIN,False,3
,False,28,False,92641741,no_retreat_option,v8,,,,,,,,,121,,,WIN,False,3
,False,29,False,92641741,no_retreat_option,v8,,,,,,,,,121,,,WIN,False,5
,False,30,False,92641741,no_retreat_option,v8,,,,,,,,,121,,,WIN,False,5
,False,31,False,92641741,no_retreat_option,v8,,,,,,,,,121,,,WIN,False,5
,False,32,False,92641741,no_retreat_option,v8,,,,,,,,,121,,,WIN,False,5
,False,33,False,92641741,no_retreat_option,v8,,,,,,,,,121,,,WIN,False,5
,False,34,False,92641741,no_retreat_option,v8,,,,,,,,,121,,,WIN,False,5
,False,35,False,92641741,no_retreat_option,v8,,,,,,,,,121,,,WIN,False,5
,False,36,False,92641741,no_retreat_option,v8,,,,,,,,,121,,,WIN,False,5
,False,37,False,92641741,no_retreat_option,v8,,,,,,,,,121,,,WIN,False,5
,False,38,False,92641741,no_retreat_option,v8,,,,,,,,,121,,,WIN,False,5
,False,39,False,92641741,no_retreat_option,v8,,,,,,,,,121,,,WIN,False,5
,False,40,False,92641741,no_retreat_option,v8,,,,,,,,,121,,,WIN,False,7
,False,41,False,92641741,no_retreat_option,v8,,,,,,,,,121,,,WIN,False,7
,False,42,False,92641741,no_retreat_option,v8,,,,,,,,,121,,,WIN,False,7
,False,43,False,92641741,no_retreat_option,v8,,,,,,,,,121,,,WIN,False,7
,False,44,False,92641741,no_retreat_option,v8,,,,,,,,,121,,,WIN,False,7
,False,45,False,92641741,no_retreat_option,v8,,,,,,,,,121,,,WIN,False,7
,False,46,False,92641741,no_retreat_option,v8,,,,,,,,,121,,,WIN,False,7
,False,47,False,92641741,no_retreat_option,v8,,,,,,,,,121,,,WIN,False,7
,False,48,False,92641741,no_retreat_option,v8,,,,,,,,,121,,,WIN,False,7
,False,49,False,92641741,no_retreat_option,v8,,,,,,,,,121,,,WIN,False,9
,False,50,False,92641741,no_retreat_option,v8,,,,,,,,,121,,,WIN,False,9
,False,51,False,92641741,no_retreat_option,v8,,,,,,,,,121,,,WIN,False,9
,False,52,False,92641741,no_retreat_option,v8,,,,,,,,,121,,,WIN,False,9
,False,53,False,92641741,no_retreat_option,v8,,,,,,,,,121,,,WIN,False,9
,False,54,False,92641741,no_retreat_option,v8,,,,,,,,,121,,,WIN,False,9
,False,55,False,92641741,no_retreat_option,v8,,,,,,,,,121,,,WIN,False,9
,False,56,False,92641741,no_retreat_option,v8,,,,,,,,,121,,,WIN,False,9
,False,57,False,92641741,not_lethal,v8,,,,,,,,,121,,,WIN,False,9
,True,58,False,92641741,not_lethal,v8,,,,,,,,,121,,,WIN,False,9
,False,59,False,92641741,no_retreat_option,v8,,,,,,,,,121,,,WIN,False,9
,False,60,False,92641741,no_retreat_option,v8,,,,,,,,,121,,,WIN,False,9
,False,61,False,92641741,no_retreat_option,v8,,,,,,,,,121,,,WIN,False,9
,False,62,False,92641741,no_retreat_option,v8,,,,,,,,,121,,,WIN,False,9
,False,63,False,92641741,no_retreat_option,v8,,,,,,,,,121,,,WIN,False,9
,False,64,False,92641741,no_retreat_option,v8,,,,,,,,,121,,,WIN,False,9
,False,65,False,92641741,no_active,v8,,,,,,,,,121,,,WIN,False,9
,False,66,False,92641741,not_lethal,v8,,,,,,,,,121,,,WIN,False,11
,False,67,False,92641741,not_lethal,v8,,,,,,,,,121,,,WIN,False,11
,False,68,False,92641741,not_lethal,v8,,,,,,,,,121,,,WIN,False,11
,False,69,False,92641741,no_retreat_option,v8,,,,,,,,,121,,,WIN,False,11
,False,70,False,92641741,not_lethal,v8,,,,,,,,,121,,,WIN,False,11
,False,71,False,92641741,no_retreat_option,v8,,,,,,,,,121,,,WIN,False,11
,False,72,False,92641741,not_lethal,v8,,,,,,,,,121,,,WIN,False,11
,False,73,False,92641741,no_retreat_option,v8,,,,,,,,,121,,,WIN,False,11
,False,74,False,92641741,not_lethal,v8,,,,,,,,,121,,,WIN,False,11
,False,75,False,92641741,no_retreat_option,v8,,,,,,,,,121,,,WIN,False,11
,False,76,False,92641741,not_lethal,v8,,,,,,,,,121,,,WIN,False,11
,True,77,False,92641741,not_lethal,v8,,,,,,,,,121,,,WIN,False,11
,False,78,False,92641741,no_retreat_option,v8,,,,,,,,,121,,,WIN,False,11
,False,79,False,92641741,no_retreat_option,v8,,,,,,,,,121,,,WIN,False,11
,False,80,False,92641741,no_retreat_option,v8,,,,,,,,,121,,,WIN,False,11
,False,81,False,92641741,no_retreat_option,v8,,,,,,,,,121,,,WIN,False,11
,False,82,False,92641741,no_retreat_option,v8,,,,,,,,,121,,,WIN,False,11
,False,83,False,92641741,no_retreat_option,v8,,,,,,,,,121,,,WIN,False,11
,False,84,False,92641741,no_active,v8,,,,,,,,,121,,,WIN,False,11
,False,85,False,92641741,no_active,v8,,,,,,,,,121,,,WIN,False,11
,False,86,False,92641741,no_active,v8,,,,,,,,,,,,WIN,False,12
,False,87,False,92641741,not_lethal,v8,,,,,,,,,121,,,WIN,False,13
,False,88,False,92641741,no_retreat_option,v8,,,,,,,,,121,,,WIN,False,13
,False,89,False,92641741,not_lethal,v8,,,,,,,,,121,,,WIN,False,13
,False,90,False,92641741,no_retreat_option,v8,,,,,,,,,121,,,WIN,False,13
,False,91,False,92641741,not_lethal,v8,,,,,,,,,121,,,WIN,False,13
,False,92,False,92641741,not_lethal,v8,,,,,,,,,121,,,WIN,False,13
,False,93,False,92641741,not_lethal,v8,,,,,,,,,121,,,WIN,False,13
,False,94,False,92641741,not_lethal,v8,,,,,,,,,121,,,WIN,False,13
,True,95,False,92641741,not_lethal,v8,,,,,,,,,121,,,WIN,False,13
,False,96,False,92641741,no_retreat_option,v8,,,,,,,,,121,,,WIN,False,13
,False,97,False,92641741,no_retreat_option,v8,,,,,,,,,121,,,WIN,False,13
,False,98,False,92641741,no_retreat_option,v8,,,,,,,,,121,,,WIN,False,13
,False,99,False,92641741,no_retreat_option,v8,,,,,,,,,121,,,WIN,False,13
,False,100,False,92641741,no_retreat_option,v8,,,,,,,,,121,,,WIN,False,13
,False,101,False,92641741,no_retreat_option,v8,,,,,,,,,121,,,WIN,False,13
,False,102,False,92641741,no_active,v8,,,,,,,,,121,,,WIN,False,13
,False,103,False,92641741,no_active,v8,,,,,,,,,121,,,WIN,False,13
,False,104,False,92641741,not_lethal,v8,,,,,,,,,121,,,WIN,False,15
,False,105,False,92641741,no_retreat_option,v8,,,,,,,,,121,,,WIN,False,15
,False,106,False,92641741,not_lethal,v8,,,,,,,,,121,,,WIN,False,15
,False,107,False,92641741,no_retreat_option,v8,,,,,,,,,121,,,WIN,False,15
,False,108,False,92641741,not_lethal,v8,,,,,,,,,121,,,WIN,False,15
,False,109,False,92641741,not_lethal,v8,,,,,,,,,121,,,WIN,False,15
,False,110,False,92641741,not_lethal,v8,,,,,,,,,121,,,WIN,False,15
,False,111,False,92641741,no_retreat_option,v8,,,,,,,,,121,,,WIN,False,15
,False,112,False,92641741,no_retreat_option,v8,,,,,,,,,121,,,WIN,False,15
,True,113,False,92641741,not_lethal,v8,,,,,,,,,121,,,WIN,False,15
,False,114,False,92641741,no_retreat_option,v8,,,,,,,,,121,,,WIN,False,15
,False,115,False,92641741,no_retreat_option,v8,,,,,,,,,121,,,WIN,False,15
,False,116,False,92641741,no_retreat_option,v8,,,,,,,,,121,,,WIN,False,15
,False,117,False,92641741,no_retreat_option,v8,,,,,,,,,121,,,WIN,False,15
,False,118,False,92641741,no_retreat_option,v8,,,,,,,,,121,,,WIN,False,15
,False,119,False,92641741,no_retreat_option,v8,,,,,,,,,121,,,WIN,False,15
,False,0,False,92642676,no_active,v8,,,,,,,,,,,,LOSS,False,
,False,1,False,92642676,no_active,v8,,,,,,,,,,,,LOSS,False,
,False,2,False,92642676,no_active,v8,,,,,,,,,,,,LOSS,False,0
,False,3,False,92642676,no_active,v8,,,,,,,,,,,,LOSS,False,0
,False,4,False,92642676,no_retreat_option,v8,,,,,,,,,184,,,LOSS,False,1
,False,5,False,92642676,no_retreat_option,v8,,,,,,,,,184,,,LOSS,False,1
,False,6,False,92642676,not_lethal,v8,,,,,,,,,184,,,LOSS,False,1
,False,7,False,92642676,not_lethal,v8,,,,,,,,,184,,,LOSS,False,1
,False,8,False,92642676,not_lethal,v8,,,,,,,,,184,,,LOSS,False,3
,False,9,False,92642676,no_retreat_option,v8,,,,,,,,,184,,,LOSS,False,3
,False,10,False,92642676,not_lethal,v8,,,,,,,,,184,,,LOSS,False,3
,False,11,False,92642676,not_lethal,v8,,,,,,,,,184,,,LOSS,False,3
,False,12,False,92642676,not_lethal,v8,,,,,,,,,184,,,LOSS,False,3
,False,13,False,92642676,not_lethal,v8,,,,,,,,,184,,,LOSS,False,3
,False,14,False,92642676,no_retreat_option,v8,,,,,,,,,184,,,LOSS,False,3
,False,15,False,92642676,not_lethal,v8,,,,,,,,,184,,,LOSS,False,3
,False,16,False,92642676,not_lethal,v8,,,,,,,,,184,,,LOSS,False,3
,False,17,False,92642676,no_retreat_option,v8,,,,,,,,,184,,,LOSS,False,3
,False,18,False,92642676,not_lethal,v8,,,,,,,,,184,,,LOSS,False,3
,False,19,False,92642676,not_lethal,v8,,,,,,,,,184,,,LOSS,False,3
,False,20,False,92642676,no_retreat_option,v8,,,,,,,,,184,,,LOSS,False,3
,False,21,False,92642676,not_lethal,v8,,,,,,,,,184,,,LOSS,True,3
,False,22,False,92642676,no_retreat_option,v8,,,,,,,,,184,,,LOSS,False,3
,False,23,False,92642676,no_retreat_option,v8,,,,,,,,,235,,,LOSS,False,3
,False,24,False,92642676,not_2prize_ex,v8,,,,,,,,,235,,,LOSS,False,5
,False,25,False,92642676,not_2prize_ex,v8,,,,,,,,,235,,,LOSS,False,5
,False,26,False,92642676,no_retreat_option,v8,,,,,,,,,235,,,LOSS,False,5
,False,27,False,92642676,no_retreat_option,v8,,,,,,,,,235,,,LOSS,False,5
,False,28,False,92642676,not_2prize_ex,v8,,,,,,,,,235,,,LOSS,False,5
,False,29,False,92642676,not_2prize_ex,v8,,,,,,,,,235,,,LOSS,False,5
,False,30,False,92642676,no_retreat_option,v8,,,,,,,,,235,,,LOSS,False,5
,False,31,False,92642676,not_2prize_ex,v8,,,,,,,,,235,,,LOSS,False,5
,False,32,False,92642676,no_retreat_option,v8,,,,,,,,,235,,,LOSS,False,5
,False,33,False,92642676,not_2prize_ex,v8,,,,,,,,,235,,,LOSS,False,5
,False,34,False,92642676,not_2prize_ex,v8,,,,,,,,,235,,,LOSS,False,5
,False,35,False,92642676,no_retreat_option,v8,,,,,,,,,235,,,LOSS,False,5
,False,36,False,92642676,no_retreat_option,v8,,,,,,,,,235,,,LOSS,False,5
,False,37,False,92642676,no_retreat_option,v8,,,,,,,,,235,,,LOSS,False,5
,False,38,False,92642676,not_2prize_ex,v8,,,,,,,,,235,,,LOSS,False,5
,False,39,False,92642676,not_2prize_ex,v8,,,,,,,,,235,,,LOSS,True,5
,False,40,False,92642676,no_retreat_option,v8,,,,,,,,,235,,,LOSS,False,5
,True,41,False,92642676,no_retreat_option,v8,,,,,,,,,121,,,LOSS,False,5
,False,42,False,92642676,no_retreat_option,v8,,,,,,,,,121,,,LOSS,False,5
,False,43,False,92642676,no_retreat_option,v8,,,,,,,,,121,,,LOSS,False,5
,False,44,False,92642676,no_retreat_option,v8,,,,,,,,,121,,,LOSS,False,5
,False,45,False,92642676,no_retreat_option,v8,,,,,,,,,121,,,LOSS,False,5
,False,46,False,92642676,no_retreat_option,v8,,,,,,,,,121,,,LOSS,False,5
,False,47,False,92642676,no_retreat_option,v8,,,,,,,,,121,,,LOSS,False,5
,False,48,False,92642676,no_active,v8,,,,,,,,,121,,,LOSS,False,5
False,False,49,True,92642676,,v8,2,Marnie's Grimmsnarl ex,320,Shadow Bullet,180,Dragapult ex,1,120,121,1,,LOSS,False,7
,False,50,False,92642676,no_retreat_option,v8,,,,,,,,,121,,,LOSS,False,7
False,False,51,True,92642676,,v8,2,Marnie's Grimmsnarl ex,320,Shadow Bullet,180,Dragapult ex,1,120,121,1,,LOSS,False,7
False,False,52,True,92642676,,v8,2,Marnie's Grimmsnarl ex,320,Shadow Bullet,180,Dragapult ex,1,120,121,1,,LOSS,False,7
False,False,53,True,92642676,,v8,2,Marnie's Grimmsnarl ex,320,Shadow Bullet,180,Dragapult ex,1,120,121,1,,LOSS,True,7
,False,54,False,92642676,no_retreat_option,v8,,,,,,,,,121,,,LOSS,False,7
,False,55,False,92642676,no_retreat_option,v8,,,,,,,,,121,,,LOSS,False,7
,False,56,False,92642676,no_retreat_option,v8,,,,,,,,,235,,,LOSS,False,7
,False,57,False,92642676,no_active,v8,,,,,,,,,,,,LOSS,False,8
,False,58,False,92642676,not_2prize_ex,v8,,,,,,,,,235,,,LOSS,False,9
,False,59,False,92642676,not_2prize_ex,v8,,,,,,,,,235,,,LOSS,False,9
,False,60,False,92642676,not_2prize_ex,v8,,,,,,,,,235,,,LOSS,False,9
,False,61,False,92642676,not_2prize_ex,v8,,,,,,,,,235,,,LOSS,False,9
,False,62,False,92642676,not_2prize_ex,v8,,,,,,,,,235,,,LOSS,False,9
,False,63,False,92642676,no_retreat_option,v8,,,,,,,,,235,,,LOSS,False,9
,False,64,False,92642676,not_2prize_ex,v8,,,,,,,,,235,,,LOSS,False,9
,False,65,False,92642676,not_2prize_ex,v8,,,,,,,,,235,,,LOSS,False,9
,False,66,False,92642676,not_2prize_ex,v8,,,,,,,,,235,,,LOSS,False,9
,False,67,False,92642676,no_retreat_option,v8,,,,,,,,,235,,,LOSS,False,9
,False,68,False,92642676,not_2prize_ex,v8,,,,,,,,,235,,,LOSS,True,9
,False,69,False,92642676,no_retreat_option,v8,,,,,,,,,235,,,LOSS,False,9
,True,70,False,92642676,no_retreat_option,v8,,,,,,,,,121,,,LOSS,False,9
,False,71,False,92642676,no_retreat_option,v8,,,,,,,,,121,,,LOSS,False,9
,False,72,False,92642676,no_retreat_option,v8,,,,,,,,,121,,,LOSS,False,9
,False,73,False,92642676,no_retreat_option,v8,,,,,,,,,121,,,LOSS,False,9
,False,74,False,92642676,no_retreat_option,v8,,,,,,,,,121,,,LOSS,False,9
,False,75,False,92642676,no_retreat_option,v8,,,,,,,,,121,,,LOSS,False,9
,False,0,False,92643618,no_active,v8,,,,,,,,,,,,LOSS,False,
,False,1,False,92643618,no_active,v8,,,,,,,,,,,,LOSS,False,
,False,2,False,92643618,no_active,v8,,,,,,,,,,,,LOSS,False,0
,False,3,False,92643618,no_retreat_option,v8,,,,,,,,,1071,,,LOSS,False,2
,False,4,False,92643618,no_retreat_option,v8,,,,,,,,,1071,,,LOSS,False,2
,False,5,False,92643618,no_retreat_option,v8,,,,,,,,,1071,,,LOSS,False,2
,False,6,False,92643618,no_retreat_option,v8,,,,,,,,,1071,,,LOSS,False,2
,False,7,False,92643618,no_retreat_option,v8,,,,,,,,,1071,,,LOSS,False,2
,False,8,False,92643618,no_retreat_option,v8,,,,,,,,,1071,,,LOSS,False,2
,False,9,False,92643618,no_retreat_option,v8,,,,,,,,,1071,,,LOSS,False,2
,False,10,False,92643618,no_retreat_option,v8,,,,,,,,,1071,,,LOSS,False,2
,False,11,False,92643618,no_retreat_option,v8,,,,,,,,,1071,,,LOSS,False,2
,False,12,False,92643618,no_retreat_option,v8,,,,,,,,,1071,,,LOSS,False,4
,False,13,False,92643618,no_retreat_option,v8,,,,,,,,,1071,,,LOSS,False,4
,False,14,False,92643618,no_retreat_option,v8,,,,,,,,,1071,,,LOSS,False,4
,False,15,False,92643618,no_retreat_option,v8,,,,,,,,,1071,,,LOSS,False,4
,False,16,False,92643618,not_lethal,v8,,,,,,,,,1071,,,LOSS,False,4
,False,17,False,92643618,no_retreat_option,v8,,,,,,,,,1071,,,LOSS,False,4
,False,18,False,92643618,no_retreat_option,v8,,,,,,,,,1071,,,LOSS,False,4
,False,19,False,92643618,not_lethal,v8,,,,,,,,,1071,,,LOSS,False,4
,False,20,False,92643618,not_lethal,v8,,,,,,,,,1071,,,LOSS,False,4
,False,21,False,92643618,not_lethal,v8,,,,,,,,,1071,,,LOSS,False,4
,False,22,False,92643618,not_lethal,v8,,,,,,,,,1071,,,LOSS,True,4
,False,23,False,92643618,no_retreat_option,v8,,,,,,,,,1071,,,LOSS,False,4
,False,24,False,92643618,no_retreat_option,v8,,,,,,,,,235,,,LOSS,False,4
,False,25,False,92643618,no_active,v8,,,,,,,,,,,,LOSS,False,5
,False,26,False,92643618,not_2prize_ex,v8,,,,,,,,,119,,,LOSS,False,6
,False,27,False,92643618,not_2prize_ex,v8,,,,,,,,,119,,,LOSS,False,6
,False,28,False,92643618,not_2prize_ex,v8,,,,,,,,,120,,,LOSS,False,6
,False,29,False,92643618,no_retreat_option,v8,,,,,,,,,120,,,LOSS,False,6
,False,30,False,92643618,not_2prize_ex,v8,,,,,,,,,120,,,LOSS,False,6
,False,31,False,92643618,no_active,v8,,,,,,,,,,,,LOSS,False,7
,False,32,False,92643618,not_2prize_ex,v8,,,,,,,,,119,,,LOSS,False,8
,False,33,False,92643618,no_retreat_option,v8,,,,,,,,,119,,,LOSS,False,8
,False,34,False,92643618,no_retreat_option,v8,,,,,,,,,119,,,LOSS,False,8
,False,35,False,92643618,no_retreat_option,v8,,,,,,,,,119,,,LOSS,False,8
,False,36,False,92643618,not_2prize_ex,v8,,,,,,,,,119,,,LOSS,False,8
,False,37,False,92643618,not_2prize_ex,v8,,,,,,,,,119,,,LOSS,False,8
,False,38,False,92643618,no_active,v8,,,,,,,,,,,,LOSS,False,9
,False,39,False,92643618,not_lethal,v8,,,,,,,,,184,,,LOSS,False,10
,False,40,False,92643618,not_lethal,v8,,,,,,,,,184,,,LOSS,False,12
,False,41,False,92643618,no_active,v8,,,,,,,,,,,,LOSS,False,13
,False,0,False,92644563,no_active,v8,,,,,,,,,,,,LOSS,False,
,False,1,False,92644563,no_active,v8,,,,,,,,,,,,LOSS,False,
,False,2,False,92644563,no_active,v8,,,,,,,,,,,,LOSS,False,0
,False,3,False,92644563,no_active,v8,,,,,,,,,,,,LOSS,False,0
,False,4,False,92644563,no_retreat_option,v8,,,,,,,,,1071,,,LOSS,False,1
,False,5,False,92644563,no_retreat_option,v8,,,,,,,,,1071,,,LOSS,False,1
,False,6,False,92644563,no_retreat_option,v8,,,,,,,,,1071,,,LOSS,False,1
,False,7,False,92644563,no_retreat_option,v8,,,,,,,,,1071,,,LOSS,False,1
,False,8,False,92644563,no_retreat_option,v8,,,,,,,,,1071,,,LOSS,False,1
,False,9,False,92644563,no_retreat_option,v8,,,,,,,,,1071,,,LOSS,False,1
,False,10,False,92644563,no_retreat_option,v8,,,,,,,,,1071,,,LOSS,False,3
,False,11,False,92644563,no_retreat_option,v8,,,,,,,,,1071,,,LOSS,False,3
,False,12,False,92644563,no_retreat_option,v8,,,,,,,,,1071,,,LOSS,False,3
,False,13,False,92644563,no_retreat_option,v8,,,,,,,,,1071,,,LOSS,False,3
,False,14,False,92644563,no_retreat_option,v8,,,,,,,,,1071,,,LOSS,False,3
,False,15,False,92644563,no_retreat_option,v8,,,,,,,,,1071,,,LOSS,False,3
,False,16,False,92644563,no_retreat_option,v8,,,,,,,,,1071,,,LOSS,False,3
,False,17,False,92644563,no_retreat_option,v8,,,,,,,,,1071,,,LOSS,False,3
,False,18,False,92644563,no_active,v8,,,,,,,,,,,,LOSS,False,4
,False,19,False,92644563,not_2prize_ex,v8,,,,,,,,,120,,,LOSS,False,5
,False,20,False,92644563,no_retreat_option,v8,,,,,,,,,120,,,LOSS,False,5
,False,21,False,92644563,not_2prize_ex,v8,,,,,,,,,120,,,LOSS,False,5
,False,22,False,92644563,no_retreat_option,v8,,,,,,,,,120,,,LOSS,False,5
,False,23,False,92644563,not_2prize_ex,v8,,,,,,,,,120,,,LOSS,False,5
,False,24,False,92644563,no_retreat_option,v8,,,,,,,,,120,,,LOSS,False,5
,False,25,False,92644563,not_2prize_ex,v8,,,,,,,,,120,,,LOSS,False,5
,False,26,False,92644563,no_retreat_option,v8,,,,,,,,,120,,,LOSS,False,5
,False,27,False,92644563,no_retreat_option,v8,,,,,,,,,120,,,LOSS,False,5
,False,28,False,92644563,not_2prize_ex,v8,,,,,,,,,120,,,LOSS,False,5
,False,29,False,92644563,not_2prize_ex,v8,,,,,,,,,120,,,LOSS,False,5
,False,30,False,92644563,not_2prize_ex,v8,,,,,,,,,120,,,LOSS,False,5
,False,31,False,92644563,not_2prize_ex,v8,,,,,,,,,120,,,LOSS,False,5
,False,32,False,92644563,no_retreat_option,v8,,,,,,,,,120,,,LOSS,False,5
,False,33,False,92644563,not_2prize_ex,v8,,,,,,,,,120,,,LOSS,False,5
,False,34,False,92644563,not_2prize_ex,v8,,,,,,,,,120,,,LOSS,False,5
,False,35,False,92644563,not_2prize_ex,v8,,,,,,,,,120,,,LOSS,False,5
,False,36,False,92644563,not_lethal,v8,,,,,,,,,121,,,LOSS,False,5
,False,37,False,92644563,no_retreat_option,v8,,,,,,,,,121,,,LOSS,False,5
,False,38,False,92644563,no_retreat_option,v8,,,,,,,,,121,,,LOSS,False,5
,False,39,False,92644563,no_retreat_option,v8,,,,,,,,,121,,,LOSS,False,5
,True,40,False,92644563,not_lethal,v8,,,,,,,,,121,,,LOSS,False,5
,False,41,False,92644563,no_retreat_option,v8,,,,,,,,,121,,,LOSS,False,5
,False,42,False,92644563,no_retreat_option,v8,,,,,,,,,121,,,LOSS,False,5
,False,43,False,92644563,no_retreat_option,v8,,,,,,,,,121,,,LOSS,False,5
,False,44,False,92644563,no_retreat_option,v8,,,,,,,,,121,,,LOSS,False,5
,False,45,False,92644563,no_retreat_option,v8,,,,,,,,,121,,,LOSS,False,5
,False,46,False,92644563,no_retreat_option,v8,,,,,,,,,121,,,LOSS,False,5
,False,47,False,92644563,no_active,v8,,,,,,,,,121,,,LOSS,False,5
,False,48,False,92644563,not_lethal,v8,,,,,,,,,121,,,LOSS,False,7
,False,49,False,92644563,no_retreat_option,v8,,,,,,,,,121,,,LOSS,False,7
,False,50,False,92644563,not_lethal,v8,,,,,,,,,121,,,LOSS,False,7
,False,51,False,92644563,not_lethal,v8,,,,,,,,,121,,,LOSS,False,7
,False,52,False,92644563,not_lethal,v8,,,,,,,,,121,,,LOSS,False,7
,False,53,False,92644563,not_lethal,v8,,,,,,,,,121,,,LOSS,False,7
,False,54,False,92644563,not_lethal,v8,,,,,,,,,121,,,LOSS,False,7
,False,55,False,92644563,no_retreat_option,v8,,,,,,,,,121,,,LOSS,False,7
,True,56,False,92644563,not_lethal,v8,,,,,,,,,121,,,LOSS,False,7
,False,57,False,92644563,no_retreat_option,v8,,,,,,,,,121,,,LOSS,False,7
,False,58,False,92644563,no_retreat_option,v8,,,,,,,,,121,,,LOSS,False,7
,False,59,False,92644563,no_retreat_option,v8,,,,,,,,,121,,,LOSS,False,7
,False,60,False,92644563,no_retreat_option,v8,,,,,,,,,121,,,LOSS,False,7
,False,61,False,92644563,no_retreat_option,v8,,,,,,,,,121,,,LOSS,False,7
,False,62,False,92644563,no_retreat_option,v8,,,,,,,,,121,,,LOSS,False,7
,False,63,False,92644563,no_retreat_option,v8,,,,,,,,,121,,,LOSS,False,7
False,False,64,True,92644563,,v8,1,Mega Lucario ex,340,Aura Jab,130,Dragapult ex,1,30,121,1,,LOSS,False,9
,False,65,False,92644563,no_retreat_option,v8,,,,,,,,,121,,,LOSS,False,9
,False,66,False,92644563,no_retreat_option,v8,,,,,,,,,121,,,LOSS,False,9
False,False,67,True,92644563,,v8,1,Mega Lucario ex,340,Aura Jab,130,Dragapult ex,1,30,121,1,,LOSS,False,9
,False,68,False,92644563,no_retreat_option,v8,,,,,,,,,121,,,LOSS,False,9
False,False,69,True,92644563,,v8,1,Mega Lucario ex,340,Aura Jab,130,Dragapult ex,1,30,121,1,,LOSS,False,9
False,False,70,True,92644563,,v8,1,Mega Lucario ex,340,Aura Jab,130,Dragapult ex,1,30,121,1,,LOSS,False,9
,False,71,False,92644563,no_retreat_option,v8,,,,,,,,,121,,,LOSS,False,9
,False,72,False,92644563,no_retreat_option,v8,,,,,,,,,121,,,LOSS,False,9
False,False,73,True,92644563,,v8,1,Mega Lucario ex,340,Aura Jab,130,Dragapult ex,1,30,121,1,,LOSS,False,9
False,False,74,True,92644563,,v8,1,Mega Lucario ex,340,Aura Jab,130,Dragapult ex,1,30,121,1,,LOSS,False,9
,False,75,False,92644563,no_retreat_option,v8,,,,,,,,,121,,,LOSS,False,9
False,False,76,True,92644563,,v8,1,Mega Lucario ex,340,Aura Jab,130,Dragapult ex,1,30,121,1,,LOSS,True,9
,False,77,False,92644563,no_retreat_option,v8,,,,,,,,,121,,,LOSS,False,9
,False,78,False,92644563,no_retreat_option,v8,,,,,,,,,121,,,LOSS,False,9
,False,79,False,92644563,no_retreat_option,v8,,,,,,,,,121,,,LOSS,False,9
,False,80,False,92644563,not_lethal,v8,,,,,,,,,121,,,LOSS,False,11
,False,81,False,92644563,no_retreat_option,v8,,,,,,,,,121,,,LOSS,False,11
,False,82,False,92644563,not_lethal,v8,,,,,,,,,121,,,LOSS,False,11
,False,83,False,92644563,no_retreat_option,v8,,,,,,,,,121,,,LOSS,False,11
,False,84,False,92644563,not_lethal,v8,,,,,,,,,121,,,LOSS,False,11
,False,85,False,92644563,no_retreat_option,v8,,,,,,,,,121,,,LOSS,False,11
,False,86,False,92644563,not_lethal,v8,,,,,,,,,121,,,LOSS,False,11
,False,87,False,92644563,not_lethal,v8,,,,,,,,,121,,,LOSS,False,11
,True,88,False,92644563,not_lethal,v8,,,,,,,,,121,,,LOSS,False,11
,False,89,False,92644563,no_retreat_option,v8,,,,,,,,,121,,,LOSS,False,11
,False,90,False,92644563,no_retreat_option,v8,,,,,,,,,121,,,LOSS,False,11
,False,91,False,92644563,no_retreat_option,v8,,,,,,,,,121,,,LOSS,False,11
,False,92,False,92644563,no_retreat_option,v8,,,,,,,,,121,,,LOSS,False,11
,False,93,False,92644563,no_retreat_option,v8,,,,,,,,,121,,,LOSS,False,11
,False,94,False,92644563,no_retreat_option,v8,,,,,,,,,121,,,LOSS,False,11
,False,95,False,92644563,no_active,v8,,,,,,,,,,,,LOSS,False,12
,False,96,False,92644563,no_ready_bench,v8,,,,,,,,,121,,,LOSS,False,13
,False,97,False,92644563,no_retreat_option,v8,,,,,,,,,121,,,LOSS,False,13
,False,98,False,92644563,no_ready_bench,v8,,,,,,,,,121,,,LOSS,False,13
,False,99,False,92644563,no_ready_bench,v8,,,,,,,,,121,,,LOSS,False,13
,False,100,False,92644563,no_retreat_option,v8,,,,,,,,,121,,,LOSS,False,13
,False,101,False,92644563,no_ready_bench,v8,,,,,,,,,121,,,LOSS,False,13
,False,0,False,92645508,no_active,v8,,,,,,,,,,,,LOSS,False,
,False,1,False,92645508,no_active,v8,,,,,,,,,,,,LOSS,False,
,False,2,False,92645508,no_active,v8,,,,,,,,,,,,LOSS,False,0
,False,3,False,92645508,no_active,v8,,,,,,,,,,,,LOSS,False,0
,False,4,False,92645508,no_retreat_option,v8,,,,,,,,,235,,,LOSS,False,2
,False,5,False,92645508,no_retreat_option,v8,,,,,,,,,235,,,LOSS,False,2
,False,6,False,92645508,no_retreat_option,v8,,,,,,,,,235,,,LOSS,False,2
,False,7,False,92645508,no_retreat_option,v8,,,,,,,,,235,,,LOSS,False,2
,False,8,False,92645508,not_2prize_ex,v8,,,,,,,,,235,,,LOSS,False,2
,False,9,False,92645508,not_2prize_ex,v8,,,,,,,,,235,,,LOSS,False,2
,False,10,False,92645508,not_2prize_ex,v8,,,,,,,,,235,,,LOSS,False,2
,False,11,False,92645508,no_retreat_option,v8,,,,,,,,,235,,,LOSS,False,2
,False,12,False,92645508,not_2prize_ex,v8,,,,,,,,,235,,,LOSS,False,2
,False,13,False,92645508,no_retreat_option,v8,,,,,,,,,235,,,LOSS,False,2
,False,14,False,92645508,no_retreat_option,v8,,,,,,,,,235,,,LOSS,False,2
,False,15,False,92645508,not_2prize_ex,v8,,,,,,,,,235,,,LOSS,False,2
,False,16,False,92645508,no_retreat_option,v8,,,,,,,,,235,,,LOSS,False,2
,False,17,False,92645508,not_2prize_ex,v8,,,,,,,,,235,,,LOSS,False,2
,False,18,False,92645508,no_active,v8,,,,,,,,,,,,LOSS,False,3
,False,19,False,92645508,no_retreat_option,v8,,,,,,,,,119,,,LOSS,False,4
,False,20,False,92645508,no_retreat_option,v8,,,,,,,,,120,,,LOSS,False,4
,False,21,False,92645508,no_retreat_option,v8,,,,,,,,,120,,,LOSS,False,4
,False,22,False,92645508,no_retreat_option,v8,,,,,,,,,120,,,LOSS,False,4
,False,23,False,92645508,no_retreat_option,v8,,,,,,,,,120,,,LOSS,False,4
,False,24,False,92645508,no_retreat_option,v8,,,,,,,,,120,,,LOSS,False,4
,False,25,False,92645508,no_retreat_option,v8,,,,,,,,,120,,,LOSS,False,4
,False,26,False,92645508,no_retreat_option,v8,,,,,,,,,120,,,LOSS,False,4
,False,27,False,92645508,no_retreat_option,v8,,,,,,,,,120,,,LOSS,False,4
,False,28,False,92645508,no_retreat_option,v8,,,,,,,,,120,,,LOSS,False,4
,False,29,False,92645508,no_retreat_option,v8,,,,,,,,,120,,,LOSS,False,4
,False,30,False,92645508,no_retreat_option,v8,,,,,,,,,120,,,LOSS,False,4
,False,31,False,92645508,no_retreat_option,v8,,,,,,,,,120,,,LOSS,False,4
,False,32,False,92645508,no_retreat_option,v8,,,,,,,,,120,,,LOSS,False,4
,False,33,False,92645508,no_retreat_option,v8,,,,,,,,,120,,,LOSS,False,4
,False,34,False,92645508,no_retreat_option,v8,,,,,,,,,120,,,LOSS,False,4
,False,35,False,92645508,no_retreat_option,v8,,,,,,,,,120,,,LOSS,False,4
,False,36,False,92645508,no_retreat_option,v8,,,,,,,,,120,,,LOSS,False,4
,False,37,False,92645508,no_retreat_option,v8,,,,,,,,,120,,,LOSS,False,4
,False,38,False,92645508,no_active,v8,,,,,,,,,,,,LOSS,False,5
,False,39,False,92645508,not_2prize_ex,v8,,,,,,,,,120,,,LOSS,False,6
,False,40,False,92645508,no_retreat_option,v8,,,,,,,,,120,,,LOSS,False,6
,False,41,False,92645508,not_2prize_ex,v8,,,,,,,,,120,,,LOSS,False,6
,False,42,False,92645508,not_lethal,v8,,,,,,,,,121,,,LOSS,False,6
,False,43,False,92645508,no_retreat_option,v8,,,,,,,,,121,,,LOSS,False,6
,False,44,False,92645508,not_lethal,v8,,,,,,,,,121,,,LOSS,False,6
,False,45,False,92645508,not_lethal,v8,,,,,,,,,121,,,LOSS,False,6
,False,46,False,92645508,no_retreat_option,v8,,,,,,,,,121,,,LOSS,False,6
,False,47,False,92645508,not_lethal,v8,,,,,,,,,121,,,LOSS,False,6
,False,48,False,92645508,not_lethal,v8,,,,,,,,,121,,,LOSS,False,6
,False,49,False,92645508,not_lethal,v8,,,,,,,,,121,,,LOSS,False,6
False,False,50,True,92645508,,v8,1,Mega Lucario ex,360,Aura Jab,130,Dragapult ex,1,50,121,1,,LOSS,False,8
False,False,51,True,92645508,,v8,1,Mega Lucario ex,360,Aura Jab,130,Dragapult ex,1,50,121,1,,LOSS,True,8
,False,52,False,92645508,no_retreat_option,v8,,,,,,,,,121,,,LOSS,False,8
,False,53,False,92645508,no_retreat_option,v8,,,,,,,,,121,,,LOSS,False,8
,False,54,False,92645508,no_retreat_option,v8,,,,,,,,,121,,,LOSS,False,8
,False,55,False,92645508,no_active,v8,,,,,,,,,,,,LOSS,False,9
,False,56,False,92645508,no_retreat_option,v8,,,,,,,,,121,,,LOSS,False,10
,False,57,False,92645508,no_retreat_option,v8,,,,,,,,,121,,,LOSS,False,10
,False,58,False,92645508,no_retreat_option,v8,,,,,,,,,121,,,LOSS,False,10
,False,59,False,92645508,no_retreat_option,v8,,,,,,,,,121,,,LOSS,False,10
,False,60,False,92645508,not_lethal,v8,,,,,,,,,121,,,LOSS,False,10
,False,61,False,92645508,not_lethal,v8,,,,,,,,,121,,,LOSS,False,10
,False,62,False,92645508,no_retreat_option,v8,,,,,,,,,121,,,LOSS,False,10
,False,63,False,92645508,no_retreat_option,v8,,,,,,,,,121,,,LOSS,False,10
,False,64,False,92645508,not_lethal,v8,,,,,,,,,121,,,LOSS,False,10
,True,65,False,92645508,not_lethal,v8,,,,,,,,,121,,,LOSS,False,10
,False,66,False,92645508,no_retreat_option,v8,,,,,,,,,121,,,LOSS,False,10
,False,67,False,92645508,no_retreat_option,v8,,,,,,,,,121,,,LOSS,False,10
,False,68,False,92645508,no_retreat_option,v8,,,,,,,,,121,,,LOSS,False,10
,False,69,False,92645508,no_retreat_option,v8,,,,,,,,,121,,,LOSS,False,10
,False,70,False,92645508,no_retreat_option,v8,,,,,,,,,121,,,LOSS,False,10
,False,0,False,92646459,no_active,v8,,,,,,,,,,,,WIN,False,
,False,1,False,92646459,no_active,v8,,,,,,,,,,,,WIN,False,
,False,2,False,92646459,no_active,v8,,,,,,,,,,,,WIN,False,0
,False,3,False,92646459,no_active,v8,,,,,,,,,,,,WIN,False,0
,False,4,False,92646459,no_active,v8,,,,,,,,,,,,WIN,False,0
,False,5,False,92646459,no_retreat_option,v8,,,,,,,,,119,,,WIN,False,2
,False,6,False,92646459,no_retreat_option,v8,,,,,,,,,119,,,WIN,False,2
,False,7,False,92646459,no_retreat_option,v8,,,,,,,,,119,,,WIN,False,2
,False,8,False,92646459,no_retreat_option,v8,,,,,,,,,119,,,WIN,False,2
,False,9,False,92646459,no_retreat_option,v8,,,,,,,,,119,,,WIN,False,2
,False,10,False,92646459,no_retreat_option,v8,,,,,,,,,119,,,WIN,False,2
,False,11,False,92646459,no_retreat_option,v8,,,,,,,,,119,,,WIN,False,2
,False,12,False,92646459,no_retreat_option,v8,,,,,,,,,119,,,WIN,False,2
,False,13,False,92646459,no_retreat_option,v8,,,,,,,,,119,,,WIN,False,2
,False,14,False,92646459,no_retreat_option,v8,,,,,,,,,119,,,WIN,False,2
,False,15,False,92646459,no_retreat_option,v8,,,,,,,,,119,,,WIN,False,2
,False,16,False,92646459,no_retreat_option,v8,,,,,,,,,119,,,WIN,False,2
,False,17,False,92646459,no_retreat_option,v8,,,,,,,,,119,,,WIN,False,2
,False,18,False,92646459,no_retreat_option,v8,,,,,,,,,119,,,WIN,False,2
,False,19,False,92646459,no_retreat_option,v8,,,,,,,,,119,,,WIN,False,2
,False,20,False,92646459,no_retreat_option,v8,,,,,,,,,119,,,WIN,False,2
,False,21,False,92646459,no_retreat_option,v8,,,,,,,,,119,,,WIN,False,2
,False,22,False,92646459,no_active,v8,,,,,,,,,,,,WIN,False,3
,False,23,False,92646459,not_2prize_ex,v8,,,,,,,,,119,,,WIN,False,4
,False,24,False,92646459,not_2prize_ex,v8,,,,,,,,,119,,,WIN,False,4
,False,25,False,92646459,not_2prize_ex,v8,,,,,,,,,120,,,WIN,False,4
,False,26,False,92646459,no_retreat_option,v8,,,,,,,,,120,,,WIN,False,4
,False,27,False,92646459,not_2prize_ex,v8,,,,,,,,,120,,,WIN,False,4
,False,28,False,92646459,not_2prize_ex,v8,,,,,,,,,120,,,WIN,False,4
,False,29,False,92646459,no_retreat_option,v8,,,,,,,,,120,,,WIN,False,4
,False,30,False,92646459,not_2prize_ex,v8,,,,,,,,,120,,,WIN,False,4
,False,31,False,92646459,no_retreat_option,v8,,,,,,,,,120,,,WIN,False,4
,False,32,False,92646459,not_2prize_ex,v8,,,,,,,,,120,,,WIN,False,4
,False,33,False,92646459,not_2prize_ex,v8,,,,,,,,,120,,,WIN,False,4
,False,34,False,92646459,not_2prize_ex,v8,,,,,,,,,120,,,WIN,False,4
,False,35,False,92646459,not_2prize_ex,v8,,,,,,,,,120,,,WIN,False,4
,False,36,False,92646459,no_retreat_option,v8,,,,,,,,,120,,,WIN,False,4
,False,37,False,92646459,no_retreat_option,v8,,,,,,,,,120,,,WIN,False,4
,False,38,False,92646459,not_2prize_ex,v8,,,,,,,,,120,,,WIN,False,4
,False,39,False,92646459,not_2prize_ex,v8,,,,,,,,,120,,,WIN,False,4
,False,40,False,92646459,not_2prize_ex,v8,,,,,,,,,120,,,WIN,True,4
,False,41,False,92646459,no_retreat_option,v8,,,,,,,,,120,,,WIN,False,4
,False,42,False,92646459,no_retreat_option,v8,,,,,,,,,120,,,WIN,False,4
,False,43,False,92646459,no_retreat_option,v8,,,,,,,,,121,,,WIN,False,4
,False,44,False,92646459,no_ready_bench,v8,,,,,,,,,121,,,WIN,False,6
,False,45,False,92646459,no_ready_bench,v8,,,,,,,,,121,,,WIN,False,6
,False,46,False,92646459,no_retreat_option,v8,,,,,,,,,121,,,WIN,False,6
,False,47,False,92646459,not_lethal,v8,,,,,,,,,121,,,WIN,False,6
,False,48,False,92646459,no_retreat_option,v8,,,,,,,,,121,,,WIN,False,6
,False,49,False,92646459,not_lethal,v8,,,,,,,,,121,,,WIN,False,6
,False,50,False,92646459,not_lethal,v8,,,,,,,,,121,,,WIN,False,6
,False,51,False,92646459,no_retreat_option,v8,,,,,,,,,121,,,WIN,False,6
,False,52,False,92646459,no_retreat_option,v8,,,,,,,,,121,,,WIN,False,6
,False,53,False,92646459,no_retreat_option,v8,,,,,,,,,121,,,WIN,False,6
,False,54,False,92646459,not_lethal,v8,,,,,,,,,121,,,WIN,False,6
,True,55,False,92646459,not_lethal,v8,,,,,,,,,121,,,WIN,False,6
,False,56,False,92646459,no_retreat_option,v8,,,,,,,,,121,,,WIN,False,6
,False,57,False,92646459,no_retreat_option,v8,,,,,,,,,121,,,WIN,False,6
,False,58,False,92646459,no_retreat_option,v8,,,,,,,,,121,,,WIN,False,6
,False,59,False,92646459,no_retreat_option,v8,,,,,,,,,121,,,WIN,False,6
,False,60,False,92646459,no_retreat_option,v8,,,,,,,,,121,,,WIN,False,6
,False,61,False,92646459,no_retreat_option,v8,,,,,,,,,121,,,WIN,False,6
,False,62,False,92646459,no_active,v8,,,,,,,,,,,,WIN,False,7
,False,63,False,92646459,not_lethal,v8,,,,,,,,,121,,,WIN,False,8
,False,64,False,92646459,no_retreat_option,v8,,,,,,,,,121,,,WIN,False,8
,False,65,False,92646459,not_lethal,v8,,,,,,,,,121,,,WIN,False,8
,False,66,False,92646459,not_lethal,v8,,,,,,,,,121,,,WIN,False,8
,False,67,False,92646459,no_retreat_option,v8,,,,,,,,,121,,,WIN,False,8
,False,68,False,92646459,not_lethal,v8,,,,,,,,,121,,,WIN,False,8
,False,69,False,92646459,not_lethal,v8,,,,,,,,,121,,,WIN,False,8
,False,70,False,92646459,not_lethal,v8,,,,,,,,,121,,,WIN,False,8
,False,71,False,92646459,no_retreat_option,v8,,,,,,,,,121,,,WIN,False,8
,False,72,False,92646459,not_lethal,v8,,,,,,,,,121,,,WIN,False,8
,True,73,False,92646459,not_lethal,v8,,,,,,,,,121,,,WIN,False,8
,False,74,False,92646459,no_retreat_option,v8,,,,,,,,,121,,,WIN,False,8
,False,75,False,92646459,no_retreat_option,v8,,,,,,,,,121,,,WIN,False,8
,False,76,False,92646459,no_retreat_option,v8,,,,,,,,,121,,,WIN,False,8
,False,77,False,92646459,no_retreat_option,v8,,,,,,,,,121,,,WIN,False,8
,False,78,False,92646459,no_retreat_option,v8,,,,,,,,,121,,,WIN,False,8
,False,79,False,92646459,no_retreat_option,v8,,,,,,,,,121,,,WIN,False,8
,False,80,False,92646459,no_retreat_option,v8,,,,,,,,,121,,,WIN,False,8
,False,81,False,92646459,not_lethal,v8,,,,,,,,,121,,,WIN,False,10
,False,82,False,92646459,no_retreat_option,v8,,,,,,,,,121,,,WIN,False,10
,False,83,False,92646459,no_retreat_option,v8,,,,,,,,,121,,,WIN,False,10
,False,84,False,92646459,not_lethal,v8,,,,,,,,,121,,,WIN,False,10
,False,85,False,92646459,no_retreat_option,v8,,,,,,,,,121,,,WIN,False,10
,False,86,False,92646459,not_lethal,v8,,,,,,,,,121,,,WIN,False,10
,False,87,False,92646459,no_retreat_option,v8,,,,,,,,,121,,,WIN,False,10
,False,88,False,92646459,not_lethal,v8,,,,,,,,,121,,,WIN,False,10
,False,89,False,92646459,no_retreat_option,v8,,,,,,,,,121,,,WIN,False,10
,False,90,False,92646459,not_lethal,v8,,,,,,,,,121,,,WIN,False,10
,False,91,False,92646459,not_lethal,v8,,,,,,,,,121,,,WIN,False,10
,False,92,False,92646459,no_retreat_option,v8,,,,,,,,,121,,,WIN,False,10
,True,93,False,92646459,not_lethal,v8,,,,,,,,,121,,,WIN,False,10
,False,94,False,92646459,no_retreat_option,v8,,,,,,,,,121,,,WIN,False,10
,False,95,False,92646459,no_retreat_option,v8,,,,,,,,,121,,,WIN,False,10
,False,96,False,92646459,no_retreat_option,v8,,,,,,,,,121,,,WIN,False,10
,False,97,False,92646459,no_retreat_option,v8,,,,,,,,,121,,,WIN,False,10
,False,98,False,92646459,no_retreat_option,v8,,,,,,,,,121,,,WIN,False,10
,False,99,False,92646459,no_retreat_option,v8,,,,,,,,,121,,,WIN,False,10
,False,0,False,92647392,no_active,v8,,,,,,,,,,,,WIN,False,
,False,1,False,92647392,no_active,v8,,,,,,,,,,,,WIN,False,
,False,2,False,92647392,no_active,v8,,,,,,,,,,,,WIN,False,0
,False,3,False,92647392,no_active,v8,,,,,,,,,,,,WIN,False,0
,False,4,False,92647392,no_retreat_option,v8,,,,,,,,,184,,,WIN,False,2
,False,5,False,92647392,no_retreat_option,v8,,,,,,,,,184,,,WIN,False,2
,False,6,False,92647392,no_retreat_option,v8,,,,,,,,,184,,,WIN,False,2
,False,7,False,92647392,no_retreat_option,v8,,,,,,,,,184,,,WIN,False,2
,False,8,False,92647392,no_retreat_option,v8,,,,,,,,,184,,,WIN,False,2
,False,9,False,92647392,no_retreat_option,v8,,,,,,,,,184,,,WIN,False,2
,False,10,False,92647392,not_lethal,v8,,,,,,,,,184,,,WIN,False,2
,False,11,False,92647392,no_retreat_option,v8,,,,,,,,,184,,,WIN,False,2
,False,12,False,92647392,not_lethal,v8,,,,,,,,,184,,,WIN,False,2
,False,13,False,92647392,not_lethal,v8,,,,,,,,,184,,,WIN,False,2
,False,14,False,92647392,not_lethal,v8,,,,,,,,,184,,,WIN,False,4
,False,15,False,92647392,no_retreat_option,v8,,,,,,,,,184,,,WIN,False,4
,False,16,False,92647392,no_retreat_option,v8,,,,,,,,,184,,,WIN,False,4
,False,17,False,92647392,no_retreat_option,v8,,,,,,,,,184,,,WIN,False,4
,False,18,False,92647392,not_lethal,v8,,,,,,,,,184,,,WIN,False,4
,False,19,False,92647392,not_lethal,v8,,,,,,,,,184,,,WIN,False,4
,False,20,False,92647392,no_retreat_option,v8,,,,,,,,,184,,,WIN,False,4
,False,21,False,92647392,not_lethal,v8,,,,,,,,,184,,,WIN,False,4
,False,22,False,92647392,not_lethal,v8,,,,,,,,,184,,,WIN,False,4
,False,23,False,92647392,no_retreat_option,v8,,,,,,,,,184,,,WIN,False,4
,False,24,False,92647392,not_lethal,v8,,,,,,,,,184,,,WIN,False,4
,False,25,False,92647392,not_lethal,v8,,,,,,,,,184,,,WIN,False,4
,False,26,False,92647392,no_active,v8,,,,,,,,,,,,WIN,False,5
,False,27,False,92647392,not_2prize_ex,v8,,,,,,,,,120,,,WIN,False,6
,False,28,False,92647392,no_retreat_option,v8,,,,,,,,,120,,,WIN,False,6
,False,29,False,92647392,not_2prize_ex,v8,,,,,,,,,120,,,WIN,False,6
,False,30,False,92647392,no_retreat_option,v8,,,,,,,,,120,,,WIN,False,6
,False,31,False,92647392,not_2prize_ex,v8,,,,,,,,,120,,,WIN,False,6
,False,32,False,92647392,not_lethal,v8,,,,,,,,,121,,,WIN,False,6
,False,33,False,92647392,no_retreat_option,v8,,,,,,,,,121,,,WIN,False,6
,False,34,False,92647392,no_retreat_option,v8,,,,,,,,,121,,,WIN,False,6
,False,35,False,92647392,no_retreat_option,v8,,,,,,,,,121,,,WIN,False,6
,False,36,False,92647392,not_lethal,v8,,,,,,,,,121,,,WIN,False,6
,False,37,False,92647392,not_lethal,v8,,,,,,,,,121,,,WIN,False,6
,False,38,False,92647392,no_retreat_option,v8,,,,,,,,,121,,,WIN,False,6
,False,39,False,92647392,not_lethal,v8,,,,,,,,,121,,,WIN,False,6
,False,40,False,92647392,not_lethal,v8,,,,,,,,,121,,,WIN,False,6
,False,41,False,92647392,not_lethal,v8,,,,,,,,,121,,,WIN,False,6
,False,42,False,92647392,not_lethal,v8,,,,,,,,,121,,,WIN,False,6
,False,43,False,92647392,no_retreat_option,v8,,,,,,,,,121,,,WIN,False,6
,True,44,False,92647392,not_lethal,v8,,,,,,,,,121,,,WIN,False,6
,False,45,False,92647392,no_retreat_option,v8,,,,,,,,,121,,,WIN,False,6
,False,46,False,92647392,no_retreat_option,v8,,,,,,,,,121,,,WIN,False,6
,False,47,False,92647392,no_retreat_option,v8,,,,,,,,,121,,,WIN,False,6
,False,48,False,92647392,no_retreat_option,v8,,,,,,,,,121,,,WIN,False,6
,False,49,False,92647392,no_retreat_option,v8,,,,,,,,,121,,,WIN,False,6
,False,50,False,92647392,no_retreat_option,v8,,,,,,,,,121,,,WIN,False,6
,False,51,False,92647392,no_active,v8,,,,,,,,,121,,,WIN,False,6
,False,52,False,92647392,no_retreat_option,v8,,,,,,,,,121,,,WIN,False,7
,False,53,False,92647392,not_lethal,v8,,,,,,,,,121,,,WIN,False,8
,False,54,False,92647392,no_retreat_option,v8,,,,,,,,,121,,,WIN,False,8
,False,55,False,92647392,not_lethal,v8,,,,,,,,,121,,,WIN,False,8
,False,56,False,92647392,not_lethal,v8,,,,,,,,,121,,,WIN,False,8
,False,57,False,92647392,no_retreat_option,v8,,,,,,,,,121,,,WIN,False,8
,False,58,False,92647392,not_lethal,v8,,,,,,,,,121,,,WIN,False,8
,False,59,False,92647392,no_retreat_option,v8,,,,,,,,,121,,,WIN,False,8
,False,60,False,92647392,no_retreat_option,v8,,,,,,,,,121,,,WIN,False,8
,True,61,False,92647392,not_lethal,v8,,,,,,,,,121,,,WIN,False,8
,False,62,False,92647392,no_retreat_option,v8,,,,,,,,,121,,,WIN,False,8
,False,63,False,92647392,no_retreat_option,v8,,,,,,,,,121,,,WIN,False,8
,False,64,False,92647392,no_retreat_option,v8,,,,,,,,,121,,,WIN,False,8
,False,65,False,92647392,no_retreat_option,v8,,,,,,,,,121,,,WIN,False,8
,False,66,False,92647392,no_retreat_option,v8,,,,,,,,,121,,,WIN,False,8
,False,67,False,92647392,no_retreat_option,v8,,,,,,,,,121,,,WIN,False,8
,False,68,False,92647392,no_active,v8,,,,,,,,,121,,,WIN,False,8
,False,69,False,92647392,no_active,v8,,,,,,,,,121,,,WIN,False,8
,False,70,False,92647392,not_lethal,v8,,,,,,,,,121,,,WIN,False,10
,False,71,False,92647392,not_lethal,v8,,,,,,,,,121,,,WIN,False,10
,False,72,False,92647392,no_retreat_option,v8,,,,,,,,,121,,,WIN,False,10
,False,73,False,92647392,no_retreat_option,v8,,,,,,,,,121,,,WIN,False,10
,False,74,False,92647392,not_lethal,v8,,,,,,,,,121,,,WIN,False,10
,False,75,False,92647392,not_lethal,v8,,,,,,,,,121,,,WIN,False,10
,False,76,False,92647392,no_retreat_option,v8,,,,,,,,,121,,,WIN,False,10
,False,77,False,92647392,not_lethal,v8,,,,,,,,,121,,,WIN,False,10
,False,78,False,92647392,not_lethal,v8,,,,,,,,,121,,,WIN,False,10
,True,79,False,92647392,not_lethal,v8,,,,,,,,,121,,,WIN,False,10
,False,80,False,92647392,no_retreat_option,v8,,,,,,,,,121,,,WIN,False,10
,False,81,False,92647392,no_retreat_option,v8,,,,,,,,,121,,,WIN,False,10
,False,82,False,92647392,no_retreat_option,v8,,,,,,,,,121,,,WIN,False,10
,False,83,False,92647392,no_retreat_option,v8,,,,,,,,,121,,,WIN,False,10
,False,84,False,92647392,no_retreat_option,v8,,,,,,,,,121,,,WIN,False,10
,False,85,False,92647392,no_retreat_option,v8,,,,,,,,,121,,,WIN,False,10
,False,86,False,92647392,no_active,v8,,,,,,,,,121,,,WIN,False,10
,False,87,False,92647392,no_active,v8,,,,,,,,,121,,,WIN,False,10
,False,88,False,92647392,not_2prize_ex,v8,,,,,,,,,120,,,WIN,False,12
,False,89,False,92647392,no_retreat_option,v8,,,,,,,,,120,,,WIN,False,12
,False,90,False,92647392,not_2prize_ex,v8,,,,,,,,,120,,,WIN,False,12
,False,91,False,92647392,no_retreat_option,v8,,,,,,,,,120,,,WIN,False,12
,False,92,False,92647392,not_2prize_ex,v8,,,,,,,,,120,,,WIN,False,12
,False,93,False,92647392,no_retreat_option,v8,,,,,,,,,120,,,WIN,False,12
,False,94,False,92647392,not_2prize_ex,v8,,,,,,,,,120,,,WIN,False,12
,False,95,False,92647392,not_2prize_ex,v8,,,,,,,,,120,,,WIN,False,12
,False,96,False,92647392,no_retreat_option,v8,,,,,,,,,120,,,WIN,False,12
,False,97,False,92647392,not_2prize_ex,v8,,,,,,,,,120,,,WIN,False,12
,False,98,False,92647392,not_2prize_ex,v8,,,,,,,,,120,,,WIN,True,12
,False,99,False,92647392,no_retreat_option,v8,,,,,,,,,120,,,WIN,False,12
,False,100,False,92647392,no_retreat_option,v8,,,,,,,,,120,,,WIN,False,12
,True,101,False,92647392,no_retreat_option,v8,,,,,,,,,121,,,WIN,False,12
,False,0,False,92648320,no_active,v8,,,,,,,,,,,,WIN,False,
,False,1,False,92648320,no_active,v8,,,,,,,,,,,,WIN,False,
,False,2,False,92648320,no_active,v8,,,,,,,,,,,,WIN,False,0
,False,3,False,92648320,no_retreat_option,v8,,,,,,,,,119,,,WIN,False,2
,False,4,False,92648320,no_retreat_option,v8,,,,,,,,,119,,,WIN,False,2
,False,5,False,92648320,no_retreat_option,v8,,,,,,,,,119,,,WIN,False,2
,False,6,False,92648320,no_retreat_option,v8,,,,,,,,,119,,,WIN,False,2
,False,7,False,92648320,no_retreat_option,v8,,,,,,,,,119,,,WIN,False,2
,False,8,False,92648320,no_retreat_option,v8,,,,,,,,,119,,,WIN,False,2
,False,9,False,92648320,no_retreat_option,v8,,,,,,,,,119,,,WIN,False,2
,False,10,False,92648320,not_2prize_ex,v8,,,,,,,,,119,,,WIN,False,2
,False,11,False,92648320,not_2prize_ex,v8,,,,,,,,,119,,,WIN,False,2
,False,12,False,92648320,not_2prize_ex,v8,,,,,,,,,119,,,WIN,True,2
,False,13,False,92648320,no_retreat_option,v8,,,,,,,,,119,,,WIN,False,2
,False,14,False,92648320,no_retreat_option,v8,,,,,,,,,235,,,WIN,False,2
,False,15,False,92648320,no_active,v8,,,,,,,,,,,,WIN,False,3
,False,16,False,92648320,not_2prize_ex,v8,,,,,,,,,119,,,WIN,False,4
,False,17,False,92648320,no_retreat_option,v8,,,,,,,,,119,,,WIN,False,4
,False,18,False,92648320,not_2prize_ex,v8,,,,,,,,,119,,,WIN,False,4
,False,19,False,92648320,no_retreat_option,v8,,,,,,,,,119,,,WIN,False,4
,False,20,False,92648320,not_2prize_ex,v8,,,,,,,,,119,,,WIN,False,4
,False,21,False,92648320,not_2prize_ex,v8,,,,,,,,,119,,,WIN,False,4
,False,22,False,92648320,not_2prize_ex,v8,,,,,,,,,120,,,WIN,False,4
,False,23,False,92648320,no_retreat_option,v8,,,,,,,,,120,,,WIN,False,4
,False,24,False,92648320,not_2prize_ex,v8,,,,,,,,,120,,,WIN,True,4
,False,25,False,92648320,no_retreat_option,v8,,,,,,,,,120,,,WIN,False,4
,False,26,False,92648320,no_retreat_option,v8,,,,,,,,,120,,,WIN,False,4
,False,27,False,92648320,no_retreat_option,v8,,,,,,,,,235,,,WIN,False,4
,False,28,False,92648320,no_active,v8,,,,,,,,,,,,WIN,False,5
,False,29,False,92648320,not_2prize_ex,v8,,,,,,,,,119,,,WIN,False,6
,False,30,False,92648320,not_2prize_ex,v8,,,,,,,,,119,,,WIN,False,6
,False,31,False,92648320,no_retreat_option,v8,,,,,,,,,119,,,WIN,False,6
,False,32,False,92648320,no_retreat_option,v8,,,,,,,,,119,,,WIN,False,6
,False,33,False,92648320,no_retreat_option,v8,,,,,,,,,119,,,WIN,False,6
,False,34,False,92648320,not_2prize_ex,v8,,,,,,,,,119,,,WIN,False,6
,False,35,False,92648320,not_2prize_ex,v8,,,,,,,,,119,,,WIN,True,6
,False,36,False,92648320,no_retreat_option,v8,,,,,,,,,119,,,WIN,False,6
,True,37,False,92648320,no_retreat_option,v8,,,,,,,,,121,,,WIN,False,6
,False,38,False,92648320,no_retreat_option,v8,,,,,,,,,121,,,WIN,False,6
,False,39,False,92648320,no_retreat_option,v8,,,,,,,,,121,,,WIN,False,6
,False,40,False,92648320,no_retreat_option,v8,,,,,,,,,121,,,WIN,False,6
,False,41,False,92648320,no_retreat_option,v8,,,,,,,,,121,,,WIN,False,6
,False,42,False,92648320,no_retreat_option,v8,,,,,,,,,121,,,WIN,False,6
,False,43,False,92648320,no_retreat_option,v8,,,,,,,,,121,,,WIN,False,6
,False,44,False,92648320,not_lethal,v8,,,,,,,,,121,,,WIN,False,8
,True,45,False,92648320,not_lethal,v8,,,,,,,,,121,,,WIN,False,8
,False,46,False,92648320,no_retreat_option,v8,,,,,,,,,121,,,WIN,False,8
,False,47,False,92648320,no_retreat_option,v8,,,,,,,,,121,,,WIN,False,8
,False,48,False,92648320,no_retreat_option,v8,,,,,,,,,121,,,WIN,False,8
,False,49,False,92648320,no_retreat_option,v8,,,,,,,,,121,,,WIN,False,8
,False,50,False,92648320,no_retreat_option,v8,,,,,,,,,121,,,WIN,False,8
,False,51,False,92648320,no_retreat_option,v8,,,,,,,,,121,,,WIN,False,8
,False,52,False,92648320,not_lethal,v8,,,,,,,,,121,,,WIN,False,10
,True,53,False,92648320,not_lethal,v8,,,,,,,,,121,,,WIN,False,10
,False,54,False,92648320,no_retreat_option,v8,,,,,,,,,121,,,WIN,False,10
,False,55,False,92648320,no_retreat_option,v8,,,,,,,,,121,,,WIN,False,10
,False,56,False,92648320,no_retreat_option,v8,,,,,,,,,121,,,WIN,False,10
,False,57,False,92648320,no_retreat_option,v8,,,,,,,,,121,,,WIN,False,10
,False,58,False,92648320,no_retreat_option,v8,,,,,,,,,121,,,WIN,False,10
,False,59,False,92648320,no_retreat_option,v8,,,,,,,,,121,,,WIN,False,10
,False,60,False,92648320,no_active,v8,,,,,,,,,121,,,WIN,False,10
,False,61,False,92648320,no_active,v8,,,,,,,,,,,,WIN,False,11
,False,62,False,92648320,not_lethal,v8,,,,,,,,,121,,,WIN,False,12
,False,63,False,92648320,not_lethal,v8,,,,,,,,,121,,,WIN,False,12
,False,64,False,92648320,no_retreat_option,v8,,,,,,,,,121,,,WIN,False,12
,False,65,False,92648320,no_retreat_option,v8,,,,,,,,,121,,,WIN,False,12
,False,66,False,92648320,not_lethal,v8,,,,,,,,,121,,,WIN,False,12
,False,67,False,92648320,not_lethal,v8,,,,,,,,,121,,,WIN,False,12
,False,68,False,92648320,not_lethal,v8,,,,,,,,,121,,,WIN,False,12
,False,69,False,92648320,no_retreat_option,v8,,,,,,,,,121,,,WIN,False,12
,False,70,False,92648320,not_lethal,v8,,,,,,,,,121,,,WIN,False,12
,True,71,False,92648320,not_lethal,v8,,,,,,,,,121,,,WIN,False,12
,False,72,False,92648320,no_retreat_option,v8,,,,,,,,,121,,,WIN,False,12
,False,73,False,92648320,no_retreat_option,v8,,,,,,,,,121,,,WIN,False,12
,False,74,False,92648320,no_retreat_option,v8,,,,,,,,,121,,,WIN,False,12
,False,75,False,92648320,no_retreat_option,v8,,,,,,,,,121,,,WIN,False,12
,False,76,False,92648320,no_retreat_option,v8,,,,,,,,,121,,,WIN,False,12
,False,77,False,92648320,no_retreat_option,v8,,,,,,,,,121,,,WIN,False,12
,False,0,False,92649266,no_active,v8,,,,,,,,,,,,LOSS,False,
,False,1,False,92649266,no_active,v8,,,,,,,,,,,,LOSS,False,
,False,2,False,92649266,no_active,v8,,,,,,,,,,,,LOSS,False,0
,False,3,False,92649266,no_retreat_option,v8,,,,,,,,,140,,,LOSS,False,2
,False,4,False,92649266,no_retreat_option,v8,,,,,,,,,140,,,LOSS,False,2
,False,5,False,92649266,no_retreat_option,v8,,,,,,,,,140,,,LOSS,False,2
,False,6,False,92649266,not_lethal,v8,,,,,,,,,140,,,LOSS,False,2
,False,7,False,92649266,not_lethal,v8,,,,,,,,,140,,,LOSS,False,2
,False,8,False,92649266,not_lethal,v8,,,,,,,,,140,,,LOSS,False,2
,False,9,False,92649266,no_retreat_option,v8,,,,,,,,,140,,,LOSS,False,2
,False,10,False,92649266,not_lethal,v8,,,,,,,,,140,,,LOSS,False,2
,False,11,False,92649266,not_lethal,v8,,,,,,,,,140,,,LOSS,True,2
,False,12,False,92649266,no_retreat_option,v8,,,,,,,,,140,,,LOSS,False,2
,False,13,False,92649266,no_retreat_option,v8,,,,,,,,,235,,,LOSS,False,2
,False,14,False,92649266,no_active,v8,,,,,,,,,,,,LOSS,False,3
,False,15,False,92649266,not_2prize_ex,v8,,,,,,,,,119,,,LOSS,False,4
,False,16,False,92649266,not_2prize_ex,v8,,,,,,,,,119,,,LOSS,False,4
,False,17,False,92649266,not_2prize_ex,v8,,,,,,,,,119,,,LOSS,False,4
,False,18,False,92649266,no_retreat_option,v8,,,,,,,,,119,,,LOSS,False,4
,False,19,False,92649266,not_2prize_ex,v8,,,,,,,,,119,,,LOSS,False,4
,False,20,False,92649266,no_retreat_option,v8,,,,,,,,,120,,,LOSS,False,4
,False,21,False,92649266,no_retreat_option,v8,,,,,,,,,120,,,LOSS,False,4
,False,22,False,92649266,no_retreat_option,v8,,,,,,,,,120,,,LOSS,False,4
,False,23,False,92649266,no_retreat_option,v8,,,,,,,,,120,,,LOSS,False,4
,False,24,False,92649266,no_active,v8,,,,,,,,,,,,LOSS,False,5
,False,25,False,92649266,not_2prize_ex,v8,,,,,,,,,119,,,LOSS,False,6
,False,26,False,92649266,no_retreat_option,v8,,,,,,,,,119,,,LOSS,False,6
,False,27,False,92649266,not_2prize_ex,v8,,,,,,,,,119,,,LOSS,False,6
,False,28,False,92649266,not_2prize_ex,v8,,,,,,,,,119,,,LOSS,False,6
,False,29,False,92649266,not_2prize_ex,v8,,,,,,,,,119,,,LOSS,False,6
,False,30,False,92649266,not_2prize_ex,v8,,,,,,,,,120,,,LOSS,False,6
,False,31,False,92649266,no_retreat_option,v8,,,,,,,,,120,,,LOSS,False,6
,False,32,False,92649266,not_2prize_ex,v8,,,,,,,,,120,,,LOSS,False,6
,False,33,False,92649266,not_2prize_ex,v8,,,,,,,,,120,,,LOSS,False,6
,False,34,False,92649266,not_2prize_ex,v8,,,,,,,,,120,,,LOSS,False,6
,False,35,False,92649266,not_2prize_ex,v8,,,,,,,,,120,,,LOSS,False,6
,False,36,False,92649266,no_retreat_option,v8,,,,,,,,,120,,,LOSS,False,6
,False,37,False,92649266,not_2prize_ex,v8,,,,,,,,,120,,,LOSS,False,6
,False,38,False,92649266,no_active,v8,,,,,,,,,,,,LOSS,False,7
,False,39,False,92649266,not_2prize_ex,v8,,,,,,,,,119,,,LOSS,False,8
,False,40,False,92649266,not_2prize_ex,v8,,,,,,,,,119,,,LOSS,False,8
,False,41,False,92649266,not_2prize_ex,v8,,,,,,,,,120,,,LOSS,False,8
,False,42,False,92649266,no_retreat_option,v8,,,,,,,,,120,,,LOSS,False,8
,False,43,False,92649266,not_2prize_ex,v8,,,,,,,,,120,,,LOSS,False,8
,False,44,False,92649266,not_2prize_ex,v8,,,,,,,,,120,,,LOSS,False,8
,False,45,False,92649266,not_2prize_ex,v8,,,,,,,,,120,,,LOSS,False,8
,False,46,False,92649266,no_retreat_option,v8,,,,,,,,,120,,,LOSS,False,8
,False,47,False,92649266,no_retreat_option,v8,,,,,,,,,120,,,LOSS,False,8
,False,48,False,92649266,no_retreat_option,v8,,,,,,,,,120,,,LOSS,False,8
,False,49,False,92649266,not_2prize_ex,v8,,,,,,,,,120,,,LOSS,False,8
,False,50,False,92649266,no_active,v8,,,,,,,,,,,,LOSS,False,9
,False,51,False,92649266,not_lethal,v8,,,,,,,,,140,,,LOSS,False,10
,False,52,False,92649266,not_lethal,v8,,,,,,,,,140,,,LOSS,False,10
,False,53,False,92649266,no_retreat_option,v8,,,,,,,,,140,,,LOSS,False,10
,False,54,False,92649266,no_retreat_option,v8,,,,,,,,,140,,,LOSS,False,10
,False,55,False,92649266,not_lethal,v8,,,,,,,,,140,,,LOSS,False,10
,False,56,False,92649266,no_retreat_option,v8,,,,,,,,,140,,,LOSS,False,10
,False,57,False,92649266,not_lethal,v8,,,,,,,,,140,,,LOSS,False,10
,False,58,False,92649266,not_lethal,v8,,,,,,,,,140,,,LOSS,False,12
,False,59,False,92649266,no_retreat_option,v8,,,,,,,,,140,,,LOSS,False,12
,False,60,False,92649266,no_retreat_option,v8,,,,,,,,,140,,,LOSS,False,12
,False,61,False,92649266,not_lethal,v8,,,,,,,,,140,,,LOSS,False,12
,False,62,False,92649266,not_lethal,v8,,,,,,,,,140,,,LOSS,False,12
,False,63,False,92649266,no_retreat_option,v8,,,,,,,,,140,,,LOSS,False,12
,False,64,False,92649266,not_lethal,v8,,,,,,,,,140,,,LOSS,False,12
,False,65,False,92649266,no_retreat_option,v8,,,,,,,,,140,,,LOSS,False,12
,False,66,False,92649266,no_retreat_option,v8,,,,,,,,,140,,,LOSS,False,12
,False,0,False,92650212,no_active,v8,,,,,,,,,,,,LOSS,False,
,False,1,False,92650212,no_active,v8,,,,,,,,,,,,LOSS,False,
,False,2,False,92650212,no_active,v8,,,,,,,,,,,,LOSS,False,0
,False,3,False,92650212,no_retreat_option,v8,,,,,,,,,184,,,LOSS,False,1
,False,4,False,92650212,no_retreat_option,v8,,,,,,,,,184,,,LOSS,False,2
,False,5,False,92650212,no_retreat_option,v8,,,,,,,,,184,,,LOSS,False,2
,False,6,False,92650212,no_retreat_option,v8,,,,,,,,,184,,,LOSS,False,2
,False,7,False,92650212,not_lethal,v8,,,,,,,,,184,,,LOSS,False,2
,False,8,False,92650212,no_retreat_option,v8,,,,,,,,,184,,,LOSS,False,2
,False,9,False,92650212,not_lethal,v8,,,,,,,,,184,,,LOSS,False,2
,False,10,False,92650212,not_lethal,v8,,,,,,,,,184,,,LOSS,True,2
,False,11,False,92650212,no_retreat_option,v8,,,,,,,,,184,,,LOSS,False,2
,False,12,False,92650212,no_retreat_option,v8,,,,,,,,,235,,,LOSS,False,2
,False,13,False,92650212,not_2prize_ex,v8,,,,,,,,,235,,,LOSS,False,4
,False,14,False,92650212,no_retreat_option,v8,,,,,,,,,235,,,LOSS,False,4
,False,15,False,92650212,no_retreat_option,v8,,,,,,,,,235,,,LOSS,False,4
,False,16,False,92650212,no_retreat_option,v8,,,,,,,,,235,,,LOSS,False,4
,False,17,False,92650212,not_2prize_ex,v8,,,,,,,,,235,,,LOSS,False,4
,False,18,False,92650212,not_2prize_ex,v8,,,,,,,,,235,,,LOSS,False,4
,False,19,False,92650212,no_active,v8,,,,,,,,,,,,LOSS,False,5
,False,20,False,92650212,not_2prize_ex,v8,,,,,,,,,119,,,LOSS,False,6
,False,21,False,92650212,no_retreat_option,v8,,,,,,,,,119,,,LOSS,False,6
,False,22,False,92650212,no_retreat_option,v8,,,,,,,,,119,,,LOSS,False,6
,False,23,False,92650212,not_2prize_ex,v8,,,,,,,,,119,,,LOSS,False,6
,False,24,False,92650212,not_2prize_ex,v8,,,,,,,,,119,,,LOSS,False,6
,False,25,False,92650212,not_2prize_ex,v8,,,,,,,,,119,,,LOSS,False,6
,False,26,False,92650212,not_2prize_ex,v8,,,,,,,,,119,,,LOSS,False,6
,False,27,False,92650212,no_retreat_option,v8,,,,,,,,,119,,,LOSS,False,6
,False,28,False,92650212,no_retreat_option,v8,,,,,,,,,119,,,LOSS,False,6
,False,29,False,92650212,not_2prize_ex,v8,,,,,,,,,119,,,LOSS,False,6
,False,30,False,92650212,not_2prize_ex,v8,,,,,,,,,119,,,LOSS,False,6
,False,31,False,92650212,no_retreat_option,v8,,,,,,,,,119,,,LOSS,False,6
,False,32,False,92650212,not_2prize_ex,v8,,,,,,,,,119,,,LOSS,False,6
,False,33,False,92650212,not_2prize_ex,v8,,,,,,,,,120,,,LOSS,False,6
,False,34,False,92650212,no_retreat_option,v8,,,,,,,,,120,,,LOSS,False,6
,False,35,False,92650212,not_2prize_ex,v8,,,,,,,,,120,,,LOSS,True,6
,False,36,False,92650212,no_retreat_option,v8,,,,,,,,,120,,,LOSS,False,6
,False,37,False,92650212,no_retreat_option,v8,,,,,,,,,120,,,LOSS,False,6
,False,38,False,92650212,no_retreat_option,v8,,,,,,,,,235,,,LOSS,False,6
,False,39,False,92650212,no_active,v8,,,,,,,,,,,,LOSS,False,7
,False,40,False,92650212,not_2prize_ex,v8,,,,,,,,,119,,,LOSS,False,8
,False,41,False,92650212,no_retreat_option,v8,,,,,,,,,119,,,LOSS,False,8
,False,42,False,92650212,not_2prize_ex,v8,,,,,,,,,119,,,LOSS,False,8
,False,43,False,92650212,not_2prize_ex,v8,,,,,,,,,119,,,LOSS,False,8
,False,44,False,92650212,not_2prize_ex,v8,,,,,,,,,119,,,LOSS,False,8
,False,45,False,92650212,no_retreat_option,v8,,,,,,,,,119,,,LOSS,False,8
,False,46,False,92650212,no_retreat_option,v8,,,,,,,,,119,,,LOSS,False,8
,False,47,False,92650212,not_2prize_ex,v8,,,,,,,,,119,,,LOSS,False,8
,False,48,False,92650212,not_2prize_ex,v8,,,,,,,,,119,,,LOSS,False,8
,False,49,False,92650212,no_retreat_option,v8,,,,,,,,,119,,,LOSS,False,8
,False,50,False,92650212,not_2prize_ex,v8,,,,,,,,,119,,,LOSS,False,8
,False,51,False,92650212,no_retreat_option,v8,,,,,,,,,120,,,LOSS,False,8
,False,52,False,92650212,no_retreat_option,v8,,,,,,,,,120,,,LOSS,False,8
,False,53,False,92650212,no_retreat_option,v8,,,,,,,,,120,,,LOSS,False,8
,False,54,False,92650212,no_active,v8,,,,,,,,,,,,LOSS,False,9
,False,55,False,92650212,no_retreat_option,v8,,,,,,,,,121,,,LOSS,False,10
,False,56,False,92650212,no_retreat_option,v8,,,,,,,,,121,,,LOSS,False,10
,False,57,False,92650212,no_retreat_option,v8,,,,,,,,,121,,,LOSS,False,10
,False,58,False,92650212,no_retreat_option,v8,,,,,,,,,121,,,LOSS,False,10
,False,59,False,92650212,no_retreat_option,v8,,,,,,,,,121,,,LOSS,False,10
,False,60,False,92650212,no_retreat_option,v8,,,,,,,,,121,,,LOSS,False,10
,False,61,False,92650212,no_retreat_option,v8,,,,,,,,,121,,,LOSS,False,10
,False,62,False,92650212,no_retreat_option,v8,,,,,,,,,121,,,LOSS,False,10
,False,63,False,92650212,no_retreat_option,v8,,,,,,,,,121,,,LOSS,False,10
,False,64,False,92650212,no_retreat_option,v8,,,,,,,,,121,,,LOSS,False,10
,False,65,False,92650212,no_retreat_option,v8,,,,,,,,,121,,,LOSS,False,10
,False,66,False,92650212,no_retreat_option,v8,,,,,,,,,121,,,LOSS,False,10
,False,67,False,92650212,not_lethal,v8,,,,,,,,,121,,,LOSS,False,10
,True,68,False,92650212,not_lethal,v8,,,,,,,,,121,,,LOSS,False,10
,False,69,False,92650212,no_retreat_option,v8,,,,,,,,,121,,,LOSS,False,10
,False,70,False,92650212,no_retreat_option,v8,,,,,,,,,121,,,LOSS,False,10
,False,71,False,92650212,no_retreat_option,v8,,,,,,,,,121,,,LOSS,False,10
,False,72,False,92650212,no_retreat_option,v8,,,,,,,,,121,,,LOSS,False,10
,False,73,False,92650212,no_retreat_option,v8,,,,,,,,,121,,,LOSS,False,10
,False,74,False,92650212,no_retreat_option,v8,,,,,,,,,121,,,LOSS,False,10
,False,75,False,92650212,no_retreat_option,v8,,,,,,,,,121,,,LOSS,False,10
,False,76,False,92650212,not_lethal,v8,,,,,,,,,121,,,LOSS,False,12
,False,77,False,92650212,not_lethal,v8,,,,,,,,,121,,,LOSS,False,12
,False,78,False,92650212,not_lethal,v8,,,,,,,,,121,,,LOSS,False,12
,False,79,False,92650212,no_retreat_option,v8,,,,,,,,,121,,,LOSS,False,12
,False,80,False,92650212,not_lethal,v8,,,,,,,,,121,,,LOSS,False,12
,False,81,False,92650212,not_lethal,v8,,,,,,,,,121,,,LOSS,False,12
,False,82,False,92650212,not_lethal,v8,,,,,,,,,121,,,LOSS,False,12
,False,83,False,92650212,no_retreat_option,v8,,,,,,,,,121,,,LOSS,False,12
,False,84,False,92650212,not_lethal,v8,,,,,,,,,121,,,LOSS,False,12
,False,85,False,92650212,not_lethal,v8,,,,,,,,,121,,,LOSS,False,12
,False,86,False,92650212,no_retreat_option,v8,,,,,,,,,121,,,LOSS,False,12
,True,87,False,92650212,not_lethal,v8,,,,,,,,,121,,,LOSS,False,12
,False,88,False,92650212,no_retreat_option,v8,,,,,,,,,121,,,LOSS,False,12
,False,89,False,92650212,no_retreat_option,v8,,,,,,,,,121,,,LOSS,False,12
,False,90,False,92650212,no_retreat_option,v8,,,,,,,,,121,,,LOSS,False,12
,False,91,False,92650212,no_retreat_option,v8,,,,,,,,,121,,,LOSS,False,12
,False,92,False,92650212,no_retreat_option,v8,,,,,,,,,121,,,LOSS,False,12
,False,0,False,92651053,no_active,v8,,,,,,,,,,,,LOSS,False,
,False,1,False,92651053,no_active,v8,,,,,,,,,,,,LOSS,False,
,False,2,False,92651053,no_active,v8,,,,,,,,,,,,LOSS,False,0
,False,3,False,92651053,no_active,v8,,,,,,,,,,,,LOSS,False,0
,False,0,False,92652121,no_active,v8,,,,,,,,,,,,WIN,False,
,False,1,False,92652121,no_active,v8,,,,,,,,,,,,WIN,False,
,False,2,False,92652121,no_active,v8,,,,,,,,,,,,WIN,False,0
,False,3,False,92652121,no_active,v8,,,,,,,,,,,,WIN,False,0
,False,4,False,92652121,no_retreat_option,v8,,,,,,,,,140,,,WIN,False,2
,False,5,False,92652121,no_retreat_option,v8,,,,,,,,,140,,,WIN,False,2
,False,6,False,92652121,no_retreat_option,v8,,,,,,,,,140,,,WIN,False,2
,False,7,False,92652121,no_retreat_option,v8,,,,,,,,,140,,,WIN,False,2
,False,8,False,92652121,no_retreat_option,v8,,,,,,,,,140,,,WIN,False,2
,False,9,False,92652121,no_retreat_option,v8,,,,,,,,,140,,,WIN,False,2
,False,10,False,92652121,not_lethal,v8,,,,,,,,,140,,,WIN,False,2
,False,11,False,92652121,not_lethal,v8,,,,,,,,,140,,,WIN,True,2
,False,12,False,92652121,no_retreat_option,v8,,,,,,,,,140,,,WIN,False,2
,False,13,False,92652121,no_retreat_option,v8,,,,,,,,,140,,,WIN,False,2
,False,14,False,92652121,no_retreat_option,v8,,,,,,,,,235,,,WIN,False,2
,False,15,False,92652121,no_active,v8,,,,,,,,,,,,WIN,False,3
,False,16,False,92652121,not_2prize_ex,v8,,,,,,,,,119,,,WIN,False,4
,False,17,False,92652121,not_2prize_ex,v8,,,,,,,,,119,,,WIN,False,4
,False,18,False,92652121,no_retreat_option,v8,,,,,,,,,119,,,WIN,False,4
,False,19,False,92652121,not_2prize_ex,v8,,,,,,,,,119,,,WIN,False,4
,False,20,False,92652121,not_2prize_ex,v8,,,,,,,,,119,,,WIN,False,4
,False,21,False,92652121,not_2prize_ex,v8,,,,,,,,,119,,,WIN,False,4
,False,22,False,92652121,not_2prize_ex,v8,,,,,,,,,119,,,WIN,False,4
,False,23,False,92652121,no_retreat_option,v8,,,,,,,,,119,,,WIN,False,4
,False,24,False,92652121,not_2prize_ex,v8,,,,,,,,,119,,,WIN,False,4
,False,25,False,92652121,not_2prize_ex,v8,,,,,,,,,120,,,WIN,False,4
,False,26,False,92652121,no_retreat_option,v8,,,,,,,,,120,,,WIN,False,4
,False,27,False,92652121,not_2prize_ex,v8,,,,,,,,,120,,,WIN,False,4
,False,28,False,92652121,no_retreat_option,v8,,,,,,,,,120,,,WIN,False,4
,False,29,False,92652121,not_2prize_ex,v8,,,,,,,,,120,,,WIN,False,4
,False,30,False,92652121,not_2prize_ex,v8,,,,,,,,,120,,,WIN,False,4
,False,31,False,92652121,not_2prize_ex,v8,,,,,,,,,120,,,WIN,True,4
,False,32,False,92652121,no_retreat_option,v8,,,,,,,,,120,,,WIN,False,4
,False,33,False,92652121,no_retreat_option,v8,,,,,,,,,120,,,WIN,False,4
,False,34,False,92652121,no_retreat_option,v8,,,,,,,,,235,,,WIN,False,4
,False,35,False,92652121,no_active,v8,,,,,,,,,,,,WIN,False,5
,False,36,False,92652121,not_2prize_ex,v8,,,,,,,,,119,,,WIN,False,6
,False,37,False,92652121,not_2prize_ex,v8,,,,,,,,,119,,,WIN,False,6
,False,38,False,92652121,no_retreat_option,v8,,,,,,,,,119,,,WIN,False,6
,False,39,False,92652121,no_retreat_option,v8,,,,,,,,,119,,,WIN,False,6
,False,40,False,92652121,not_2prize_ex,v8,,,,,,,,,119,,,WIN,False,6
,False,41,False,92652121,no_retreat_option,v8,,,,,,,,,119,,,WIN,False,6
,False,42,False,92652121,not_2prize_ex,v8,,,,,,,,,119,,,WIN,False,6
,False,43,False,92652121,not_2prize_ex,v8,,,,,,,,,119,,,WIN,False,6
,False,44,False,92652121,no_retreat_option,v8,,,,,,,,,119,,,WIN,False,6
,False,45,False,92652121,no_retreat_option,v8,,,,,,,,,119,,,WIN,False,6
,False,46,False,92652121,not_2prize_ex,v8,,,,,,,,,119,,,WIN,False,6
,False,47,False,92652121,no_retreat_option,v8,,,,,,,,,119,,,WIN,False,6
,False,48,False,92652121,no_retreat_option,v8,,,,,,,,,119,,,WIN,False,6
,False,49,False,92652121,no_retreat_option,v8,,,,,,,,,119,,,WIN,False,6
,False,50,False,92652121,not_2prize_ex,v8,,,,,,,,,119,,,WIN,False,6
,False,51,False,92652121,not_2prize_ex,v8,,,,,,,,,120,,,WIN,False,6
,False,52,False,92652121,no_retreat_option,v8,,,,,,,,,120,,,WIN,False,6
,False,53,False,92652121,not_2prize_ex,v8,,,,,,,,,120,,,WIN,False,6
,False,54,False,92652121,not_2prize_ex,v8,,,,,,,,,120,,,WIN,True,6
,False,55,False,92652121,no_retreat_option,v8,,,,,,,,,120,,,WIN,False,6
,False,56,False,92652121,no_retreat_option,v8,,,,,,,,,120,,,WIN,False,6
,True,57,False,92652121,no_retreat_option,v8,,,,,,,,,121,,,WIN,False,6
,False,58,False,92652121,no_retreat_option,v8,,,,,,,,,121,,,WIN,False,6
,False,59,False,92652121,no_retreat_option,v8,,,,,,,,,121,,,WIN,False,6
,False,60,False,92652121,no_retreat_option,v8,,,,,,,,,121,,,WIN,False,6
,False,61,False,92652121,no_retreat_option,v8,,,,,,,,,121,,,WIN,False,6
,False,62,False,92652121,no_retreat_option,v8,,,,,,,,,121,,,WIN,False,6
,False,63,False,92652121,no_retreat_option,v8,,,,,,,,,121,,,WIN,False,6
,False,64,False,92652121,no_active,v8,,,,,,,,,121,,,WIN,False,6
,False,65,False,92652121,not_lethal,v8,,,,,,,,,121,,,WIN,False,8
,False,66,False,92652121,no_retreat_option,v8,,,,,,,,,121,,,WIN,False,8
,False,67,False,92652121,not_lethal,v8,,,,,,,,,121,,,WIN,False,8
,False,68,False,92652121,not_lethal,v8,,,,,,,,,121,,,WIN,False,8
,False,69,False,92652121,no_retreat_option,v8,,,,,,,,,121,,,WIN,False,8
,False,70,False,92652121,not_lethal,v8,,,,,,,,,121,,,WIN,False,8
,False,71,False,92652121,no_retreat_option,v8,,,,,,,,,121,,,WIN,False,8
,True,72,False,92652121,not_lethal,v8,,,,,,,,,121,,,WIN,False,8
,False,73,False,92652121,no_retreat_option,v8,,,,,,,,,121,,,WIN,False,8
,False,74,False,92652121,no_retreat_option,v8,,,,,,,,,121,,,WIN,False,8
,False,75,False,92652121,no_retreat_option,v8,,,,,,,,,121,,,WIN,False,8
,False,76,False,92652121,no_retreat_option,v8,,,,,,,,,121,,,WIN,False,8
,False,77,False,92652121,no_retreat_option,v8,,,,,,,,,121,,,WIN,False,8
,False,78,False,92652121,no_retreat_option,v8,,,,,,,,,121,,,WIN,False,8
,False,79,False,92652121,no_active,v8,,,,,,,,,121,,,WIN,False,8
,False,80,False,92652121,not_lethal,v8,,,,,,,,,121,,,WIN,False,10
,False,81,False,92652121,no_retreat_option,v8,,,,,,,,,121,,,WIN,False,10
,False,82,False,92652121,not_lethal,v8,,,,,,,,,121,,,WIN,False,10
,False,83,False,92652121,no_retreat_option,v8,,,,,,,,,121,,,WIN,False,10
,True,84,False,92652121,not_lethal,v8,,,,,,,,,121,,,WIN,False,10
,False,85,False,92652121,no_retreat_option,v8,,,,,,,,,121,,,WIN,False,10
,False,86,False,92652121,no_retreat_option,v8,,,,,,,,,121,,,WIN,False,10
,False,87,False,92652121,no_retreat_option,v8,,,,,,,,,121,,,WIN,False,10
,False,88,False,92652121,no_retreat_option,v8,,,,,,,,,121,,,WIN,False,10
,False,89,False,92652121,no_retreat_option,v8,,,,,,,,,121,,,WIN,False,10
,False,90,False,92652121,no_retreat_option,v8,,,,,,,,,121,,,WIN,False,10
,False,91,False,92652121,no_active,v8,,,,,,,,,121,,,WIN,False,10
,False,92,False,92652121,not_lethal,v8,,,,,,,,,121,,,WIN,False,12
,False,93,False,92652121,no_retreat_option,v8,,,,,,,,,121,,,WIN,False,12
,False,94,False,92652121,not_lethal,v8,,,,,,,,,121,,,WIN,False,12
,False,95,False,92652121,not_lethal,v8,,,,,,,,,121,,,WIN,False,12
,False,96,False,92652121,not_lethal,v8,,,,,,,,,121,,,WIN,False,12
,False,97,False,92652121,no_retreat_option,v8,,,,,,,,,121,,,WIN,False,12
,False,98,False,92652121,not_lethal,v8,,,,,,,,,121,,,WIN,False,12
,False,99,False,92652121,no_retreat_option,v8,,,,,,,,,121,,,WIN,False,12
,True,100,False,92652121,not_lethal,v8,,,,,,,,,121,,,WIN,False,12
,False,101,False,92652121,no_retreat_option,v8,,,,,,,,,121,,,WIN,False,12
,False,102,False,92652121,no_retreat_option,v8,,,,,,,,,121,,,WIN,False,12
,False,103,False,92652121,no_retreat_option,v8,,,,,,,,,121,,,WIN,False,12
,False,104,False,92652121,no_retreat_option,v8,,,,,,,,,121,,,WIN,False,12
,False,105,False,92652121,no_retreat_option,v8,,,,,,,,,121,,,WIN,False,12
,False,106,False,92652121,no_retreat_option,v8,,,,,,,,,121,,,WIN,False,12
,False,107,False,92652121,no_active,v8,,,,,,,,,121,,,WIN,False,12
,False,108,False,92652121,not_lethal,v8,,,,,,,,,121,,,WIN,False,14
,False,109,False,92652121,not_lethal,v8,,,,,,,,,121,,,WIN,False,14
,False,110,False,92652121,no_retreat_option,v8,,,,,,,,,121,,,WIN,False,14
,False,111,False,92652121,not_lethal,v8,,,,,,,,,121,,,WIN,False,14
,False,112,False,92652121,not_lethal,v8,,,,,,,,,121,,,WIN,False,14
,True,113,False,92652121,not_lethal,v8,,,,,,,,,121,,,WIN,False,14
,False,114,False,92652121,no_retreat_option,v8,,,,,,,,,121,,,WIN,False,14
,False,115,False,92652121,no_retreat_option,v8,,,,,,,,,121,,,WIN,False,14
,False,116,False,92652121,no_retreat_option,v8,,,,,,,,,121,,,WIN,False,14
,False,117,False,92652121,no_retreat_option,v8,,,,,,,,,121,,,WIN,False,14
,False,118,False,92652121,no_retreat_option,v8,,,,,,,,,121,,,WIN,False,14
,False,119,False,92652121,no_retreat_option,v8,,,,,,,,,121,,,WIN,False,14
,False,120,False,92652121,no_active,v8,,,,,,,,,121,,,WIN,False,14
,False,121,False,92652121,not_lethal,v8,,,,,,,,,121,,,WIN,False,16
,False,122,False,92652121,no_retreat_option,v8,,,,,,,,,121,,,WIN,False,16
,False,123,False,92652121,not_lethal,v8,,,,,,,,,121,,,WIN,False,16
,False,124,False,92652121,not_lethal,v8,,,,,,,,,121,,,WIN,False,16
,False,125,False,92652121,not_lethal,v8,,,,,,,,,121,,,WIN,False,16
,False,126,False,92652121,no_retreat_option,v8,,,,,,,,,121,,,WIN,False,16
,True,127,False,92652121,not_lethal,v8,,,,,,,,,121,,,WIN,False,16
,False,128,False,92652121,no_retreat_option,v8,,,,,,,,,121,,,WIN,False,16
,False,129,False,92652121,no_retreat_option,v8,,,,,,,,,121,,,WIN,False,16
,False,130,False,92652121,no_retreat_option,v8,,,,,,,,,121,,,WIN,False,16
,False,131,False,92652121,no_retreat_option,v8,,,,,,,,,121,,,WIN,False,16
,False,132,False,92652121,no_retreat_option,v8,,,,,,,,,121,,,WIN,False,16
,False,133,False,92652121,no_retreat_option,v8,,,,,,,,,121,,,WIN,False,16
,False,0,False,92653055,no_active,v8,,,,,,,,,,,,LOSS,False,
,False,1,False,92653055,no_active,v8,,,,,,,,,,,,LOSS,False,
,False,2,False,92653055,no_active,v8,,,,,,,,,,,,LOSS,False,0
,False,3,False,92653055,no_retreat_option,v8,,,,,,,,,119,,,LOSS,False,2
,False,4,False,92653055,no_retreat_option,v8,,,,,,,,,119,,,LOSS,False,2
,False,5,False,92653055,no_retreat_option,v8,,,,,,,,,119,,,LOSS,False,2
,False,6,False,92653055,no_retreat_option,v8,,,,,,,,,119,,,LOSS,False,2
,False,7,False,92653055,no_retreat_option,v8,,,,,,,,,119,,,LOSS,False,2
,False,8,False,92653055,no_retreat_option,v8,,,,,,,,,119,,,LOSS,False,2
,False,9,False,92653055,no_retreat_option,v8,,,,,,,,,119,,,LOSS,False,2
,False,10,False,92653055,no_retreat_option,v8,,,,,,,,,119,,,LOSS,False,2
,False,11,False,92653055,no_retreat_option,v8,,,,,,,,,119,,,LOSS,False,2
,False,12,False,92653055,no_active,v8,,,,,,,,,,,,LOSS,False,3
,False,13,False,92653055,not_2prize_ex,v8,,,,,,,,,235,,,LOSS,False,4
,False,14,False,92653055,no_retreat_option,v8,,,,,,,,,235,,,LOSS,False,4
,False,15,False,92653055,no_retreat_option,v8,,,,,,,,,235,,,LOSS,False,4
,False,16,False,92653055,no_retreat_option,v8,,,,,,,,,235,,,LOSS,False,4
,False,17,False,92653055,not_2prize_ex,v8,,,,,,,,,235,,,LOSS,False,4
,False,18,False,92653055,not_2prize_ex,v8,,,,,,,,,235,,,LOSS,False,4
,False,19,False,92653055,no_retreat_option,v8,,,,,,,,,235,,,LOSS,False,4
,False,20,False,92653055,not_2prize_ex,v8,,,,,,,,,235,,,LOSS,False,4
,False,21,False,92653055,not_2prize_ex,v8,,,,,,,,,235,,,LOSS,False,4
,False,22,False,92653055,not_2prize_ex,v8,,,,,,,,,235,,,LOSS,False,4
,False,23,False,92653055,not_2prize_ex,v8,,,,,,,,,235,,,LOSS,False,4
,False,24,False,92653055,not_2prize_ex,v8,,,,,,,,,235,,,LOSS,False,4
,False,25,False,92653055,no_retreat_option,v8,,,,,,,,,235,,,LOSS,False,4
,False,26,False,92653055,not_2prize_ex,v8,,,,,,,,,235,,,LOSS,False,4
,False,27,False,92653055,not_2prize_ex,v8,,,,,,,,,235,,,LOSS,False,4
,False,28,False,92653055,no_retreat_option,v8,,,,,,,,,235,,,LOSS,False,4
,False,29,False,92653055,not_2prize_ex,v8,,,,,,,,,235,,,LOSS,False,4
,False,30,False,92653055,no_active,v8,,,,,,,,,,,,LOSS,False,5
,False,31,False,92653055,not_2prize_ex,v8,,,,,,,,,120,,,LOSS,False,6
,False,32,False,92653055,not_2prize_ex,v8,,,,,,,,,120,,,LOSS,False,6
,False,33,False,92653055,no_retreat_option,v8,,,,,,,,,120,,,LOSS,False,6
,False,34,False,92653055,not_2prize_ex,v8,,,,,,,,,120,,,LOSS,False,6
,False,35,False,92653055,not_2prize_ex,v8,,,,,,,,,120,,,LOSS,False,6
,False,36,False,92653055,no_retreat_option,v8,,,,,,,,,120,,,LOSS,False,6
,False,37,False,92653055,not_2prize_ex,v8,,,,,,,,,120,,,LOSS,False,6
,False,38,False,92653055,no_retreat_option,v8,,,,,,,,,120,,,LOSS,False,6
,False,39,False,92653055,not_2prize_ex,v8,,,,,,,,,120,,,LOSS,False,6
,False,40,False,92653055,not_2prize_ex,v8,,,,,,,,,120,,,LOSS,False,6
,False,41,False,92653055,not_lethal,v8,,,,,,,,,121,,,LOSS,False,6
,False,42,False,92653055,no_retreat_option,v8,,,,,,,,,121,,,LOSS,False,6
,False,43,False,92653055,no_retreat_option,v8,,,,,,,,,121,,,LOSS,False,6
,False,44,False,92653055,not_lethal,v8,,,,,,,,,121,,,LOSS,False,6
,False,45,False,92653055,not_lethal,v8,,,,,,,,,121,,,LOSS,False,6
,False,46,False,92653055,not_lethal,v8,,,,,,,,,121,,,LOSS,False,6
,False,47,False,92653055,not_lethal,v8,,,,,,,,,121,,,LOSS,False,6
,True,48,False,92653055,not_lethal,v8,,,,,,,,,121,,,LOSS,False,6
,False,49,False,92653055,no_retreat_option,v8,,,,,,,,,121,,,LOSS,False,6
,False,50,False,92653055,no_retreat_option,v8,,,,,,,,,121,,,LOSS,False,6
,False,51,False,92653055,no_retreat_option,v8,,,,,,,,,121,,,LOSS,False,6
,False,52,False,92653055,no_retreat_option,v8,,,,,,,,,121,,,LOSS,False,6
,False,53,False,92653055,no_retreat_option,v8,,,,,,,,,121,,,LOSS,False,6
,False,54,False,92653055,no_retreat_option,v8,,,,,,,,,121,,,LOSS,False,6
,False,55,False,92653055,no_active,v8,,,,,,,,,121,,,LOSS,False,6
,False,56,False,92653055,no_active,v8,,,,,,,,,121,,,LOSS,False,6
,False,57,False,92653055,no_active,v8,,,,,,,,,,,,LOSS,False,7
,False,58,False,92653055,not_2prize_ex,v8,,,,,,,,,120,,,LOSS,False,8
,False,59,False,92653055,no_retreat_option,v8,,,,,,,,,120,,,LOSS,False,8
,False,60,False,92653055,no_retreat_option,v8,,,,,,,,,120,,,LOSS,False,8
,False,61,False,92653055,not_2prize_ex,v8,,,,,,,,,120,,,LOSS,False,8
,False,62,False,92653055,not_2prize_ex,v8,,,,,,,,,120,,,LOSS,False,8
,False,63,False,92653055,no_retreat_option,v8,,,,,,,,,120,,,LOSS,False,8
,False,64,False,92653055,not_2prize_ex,v8,,,,,,,,,120,,,LOSS,False,8
,False,65,False,92653055,not_2prize_ex,v8,,,,,,,,,120,,,LOSS,False,8
,False,66,False,92653055,no_retreat_option,v8,,,,,,,,,120,,,LOSS,False,8
,False,67,False,92653055,not_2prize_ex,v8,,,,,,,,,120,,,LOSS,False,8
,False,68,False,92653055,no_retreat_option,v8,,,,,,,,,120,,,LOSS,False,8
,False,69,False,92653055,not_2prize_ex,v8,,,,,,,,,120,,,LOSS,False,8
,False,70,False,92653055,not_2prize_ex,v8,,,,,,,,,120,,,LOSS,True,8
,False,71,False,92653055,no_retreat_option,v8,,,,,,,,,120,,,LOSS,False,8
,False,72,False,92653055,no_retreat_option,v8,,,,,,,,,120,,,LOSS,False,8
,True,73,False,92653055,no_retreat_option,v8,,,,,,,,,121,,,LOSS,False,8
,False,74,False,92653055,no_retreat_option,v8,,,,,,,,,121,,,LOSS,False,8
,False,75,False,92653055,no_retreat_option,v8,,,,,,,,,121,,,LOSS,False,8
,False,76,False,92653055,no_retreat_option,v8,,,,,,,,,121,,,LOSS,False,8
,False,77,False,92653055,no_retreat_option,v8,,,,,,,,,121,,,LOSS,False,8
,False,78,False,92653055,no_retreat_option,v8,,,,,,,,,121,,,LOSS,False,8
,False,79,False,92653055,no_retreat_option,v8,,,,,,,,,121,,,LOSS,False,8
,False,80,False,92653055,no_active,v8,,,,,,,,,121,,,LOSS,False,8
,False,0,False,92654005,no_active,v8,,,,,,,,,,,,LOSS,False,
,False,1,False,92654005,no_active,v8,,,,,,,,,,,,LOSS,False,
,False,2,False,92654005,no_active,v8,,,,,,,,,,,,LOSS,False,0
,False,3,False,92654005,no_retreat_option,v8,,,,,,,,,119,,,LOSS,False,2
,False,4,False,92654005,no_retreat_option,v8,,,,,,,,,119,,,LOSS,False,2
,False,5,False,92654005,no_retreat_option,v8,,,,,,,,,119,,,LOSS,False,2
,False,6,False,92654005,no_retreat_option,v8,,,,,,,,,119,,,LOSS,False,2
,False,7,False,92654005,no_retreat_option,v8,,,,,,,,,119,,,LOSS,False,2
,False,8,False,92654005,no_retreat_option,v8,,,,,,,,,119,,,LOSS,False,2
,False,9,False,92654005,no_retreat_option,v8,,,,,,,,,119,,,LOSS,False,2
,False,10,False,92654005,no_retreat_option,v8,,,,,,,,,119,,,LOSS,False,4
,False,11,False,92654005,no_retreat_option,v8,,,,,,,,,119,,,LOSS,False,4
,False,12,False,92654005,no_retreat_option,v8,,,,,,,,,119,,,LOSS,False,4
,False,13,False,92654005,no_retreat_option,v8,,,,,,,,,119,,,LOSS,False,4
,False,14,False,92654005,no_retreat_option,v8,,,,,,,,,119,,,LOSS,False,4
,False,15,False,92654005,no_retreat_option,v8,,,,,,,,,119,,,LOSS,False,6
,False,16,False,92654005,no_retreat_option,v8,,,,,,,,,119,,,LOSS,False,6
,False,17,False,92654005,no_retreat_option,v8,,,,,,,,,119,,,LOSS,False,6
,False,18,False,92654005,no_retreat_option,v8,,,,,,,,,119,,,LOSS,False,6
,False,19,False,92654005,no_retreat_option,v8,,,,,,,,,119,,,LOSS,False,6
,False,20,False,92654005,no_retreat_option,v8,,,,,,,,,119,,,LOSS,False,6
,False,21,False,92654005,not_2prize_ex,v8,,,,,,,,,119,,,LOSS,True,6
,False,22,False,92654005,no_retreat_option,v8,,,,,,,,,119,,,LOSS,False,6
,False,23,False,92654005,no_retreat_option,v8,,,,,,,,,119,,,LOSS,False,6
,True,24,False,92654005,no_retreat_option,v8,,,,,,,,,121,,,LOSS,False,6
,False,25,False,92654005,no_retreat_option,v8,,,,,,,,,121,,,LOSS,False,6
,False,26,False,92654005,no_retreat_option,v8,,,,,,,,,121,,,LOSS,False,6
,False,27,False,92654005,no_retreat_option,v8,,,,,,,,,121,,,LOSS,False,6
,False,28,False,92654005,no_retreat_option,v8,,,,,,,,,121,,,LOSS,False,6
,False,29,False,92654005,no_retreat_option,v8,,,,,,,,,121,,,LOSS,False,6
,False,30,False,92654005,no_retreat_option,v8,,,,,,,,,121,,,LOSS,False,6
,False,31,False,92654005,no_active,v8,,,,,,,,,121,,,LOSS,False,6
,False,32,False,92654005,not_lethal,v8,,,,,,,,,121,,,LOSS,False,8
,True,33,False,92654005,not_lethal,v8,,,,,,,,,121,,,LOSS,False,8
,False,34,False,92654005,no_retreat_option,v8,,,,,,,,,121,,,LOSS,False,8
,False,35,False,92654005,no_retreat_option,v8,,,,,,,,,121,,,LOSS,False,8
,False,36,False,92654005,no_retreat_option,v8,,,,,,,,,121,,,LOSS,False,8
,False,37,False,92654005,no_retreat_option,v8,,,,,,,,,121,,,LOSS,False,8
,False,38,False,92654005,no_retreat_option,v8,,,,,,,,,121,,,LOSS,False,8
,False,39,False,92654005,no_retreat_option,v8,,,,,,,,,121,,,LOSS,False,8
,False,40,False,92654005,not_lethal,v8,,,,,,,,,121,,,LOSS,False,10
,False,41,False,92654005,not_lethal,v8,,,,,,,,,121,,,LOSS,False,10
,False,42,False,92654005,no_retreat_option,v8,,,,,,,,,121,,,LOSS,False,10
,False,43,False,92654005,not_lethal,v8,,,,,,,,,121,,,LOSS,False,10
,False,44,False,92654005,no_retreat_option,v8,,,,,,,,,121,,,LOSS,False,10
,False,45,False,92654005,no_retreat_option,v8,,,,,,,,,121,,,LOSS,False,10
,False,46,False,92654005,not_lethal,v8,,,,,,,,,121,,,LOSS,False,10
,False,47,False,92654005,no_retreat_option,v8,,,,,,,,,121,,,LOSS,False,10
,False,48,False,92654005,no_retreat_option,v8,,,,,,,,,121,,,LOSS,False,10
,False,49,False,92654005,not_lethal,v8,,,,,,,,,121,,,LOSS,False,10
,False,50,False,92654005,not_lethal,v8,,,,,,,,,121,,,LOSS,False,10
,False,51,False,92654005,no_retreat_option,v8,,,,,,,,,121,,,LOSS,False,10
,False,52,False,92654005,not_lethal,v8,,,,,,,,,121,,,LOSS,False,10
,False,53,False,92654005,not_lethal,v8,,,,,,,,,121,,,LOSS,False,10
,False,54,False,92654005,no_retreat_option,v8,,,,,,,,,121,,,LOSS,False,10
,False,55,False,92654005,not_lethal,v8,,,,,,,,,121,,,LOSS,False,10
,True,56,False,92654005,not_lethal,v8,,,,,,,,,121,,,LOSS,False,10
,False,57,False,92654005,no_retreat_option,v8,,,,,,,,,121,,,LOSS,False,10
,False,58,False,92654005,no_retreat_option,v8,,,,,,,,,121,,,LOSS,False,10
,False,59,False,92654005,no_retreat_option,v8,,,,,,,,,121,,,LOSS,False,10
,False,60,False,92654005,no_retreat_option,v8,,,,,,,,,121,,,LOSS,False,10
,False,61,False,92654005,no_retreat_option,v8,,,,,,,,,121,,,LOSS,False,10
,False,62,False,92654005,no_retreat_option,v8,,,,,,,,,121,,,LOSS,False,10
,False,63,False,92654005,not_lethal,v8,,,,,,,,,121,,,LOSS,False,12
,False,64,False,92654005,no_retreat_option,v8,,,,,,,,,121,,,LOSS,False,12
,False,65,False,92654005,not_lethal,v8,,,,,,,,,121,,,LOSS,False,12
,False,66,False,92654005,no_retreat_option,v8,,,,,,,,,121,,,LOSS,False,12
,False,67,False,92654005,not_lethal,v8,,,,,,,,,121,,,LOSS,False,12
,False,68,False,92654005,no_retreat_option,v8,,,,,,,,,121,,,LOSS,False,12
,False,69,False,92654005,not_lethal,v8,,,,,,,,,121,,,LOSS,False,12
,False,70,False,92654005,not_lethal,v8,,,,,,,,,121,,,LOSS,False,12
,False,71,False,92654005,no_retreat_option,v8,,,,,,,,,121,,,LOSS,False,12
,False,72,False,92654005,not_lethal,v8,,,,,,,,,121,,,LOSS,False,12
,False,73,False,92654005,no_retreat_option,v8,,,,,,,,,121,,,LOSS,False,12
,False,74,False,92654005,not_lethal,v8,,,,,,,,,121,,,LOSS,False,12
,False,75,False,92654005,not_lethal,v8,,,,,,,,,121,,,LOSS,False,12
,False,76,False,92654005,not_lethal,v8,,,,,,,,,121,,,LOSS,False,12
,False,77,False,92654005,not_lethal,v8,,,,,,,,,121,,,LOSS,False,12
,False,78,False,92654005,not_lethal,v8,,,,,,,,,121,,,LOSS,False,12
,False,79,False,92654005,no_retreat_option,v8,,,,,,,,,121,,,LOSS,False,12
,True,80,False,92654005,not_lethal,v8,,,,,,,,,121,,,LOSS,False,12
,False,81,False,92654005,no_retreat_option,v8,,,,,,,,,121,,,LOSS,False,12
,False,82,False,92654005,no_retreat_option,v8,,,,,,,,,121,,,LOSS,False,12
,False,83,False,92654005,no_retreat_option,v8,,,,,,,,,121,,,LOSS,False,12
,False,84,False,92654005,no_retreat_option,v8,,,,,,,,,121,,,LOSS,False,12
,False,85,False,92654005,no_retreat_option,v8,,,,,,,,,121,,,LOSS,False,12
,False,86,False,92654005,no_retreat_option,v8,,,,,,,,,121,,,LOSS,False,12
False,False,87,True,92654005,,v8,2,Crustle,110,Superb Scissors,120,Dragapult ex,1,80,121,1,,LOSS,False,14
False,False,88,True,92654005,,v8,2,Crustle,110,Superb Scissors,120,Dragapult ex,1,80,121,1,,LOSS,False,14
,False,89,False,92654005,no_retreat_option,v8,,,,,,,,,121,,,LOSS,False,14
False,False,90,True,92654005,,v8,2,Crustle,110,Superb Scissors,120,Dragapult ex,1,80,121,1,,LOSS,False,14
,False,91,False,92654005,no_retreat_option,v8,,,,,,,,,121,,,LOSS,False,14
False,False,92,True,92654005,,v8,2,Crustle,110,Superb Scissors,120,Dragapult ex,1,80,121,1,,LOSS,False,14
False,False,93,True,92654005,,v8,2,Crustle,110,Superb Scissors,120,Dragapult ex,1,80,121,1,,LOSS,False,14
False,False,94,True,92654005,,v8,2,Crustle,110,Superb Scissors,120,Dragapult ex,1,80,121,1,,LOSS,False,14
False,False,95,True,92654005,,v8,2,Crustle,110,Superb Scissors,120,Dragapult ex,1,80,121,1,,LOSS,True,14
,False,96,False,92654005,no_retreat_option,v8,,,,,,,,,121,,,LOSS,False,14
,False,97,False,92654005,no_retreat_option,v8,,,,,,,,,121,,,LOSS,False,14
,True,98,False,92654005,no_retreat_option,v8,,,,,,,,,121,,,LOSS,False,14
,False,99,False,92654005,no_retreat_option,v8,,,,,,,,,121,,,LOSS,False,14
,False,100,False,92654005,no_retreat_option,v8,,,,,,,,,121,,,LOSS,False,14
,False,101,False,92654005,no_retreat_option,v8,,,,,,,,,121,,,LOSS,False,14
,False,102,False,92654005,no_retreat_option,v8,,,,,,,,,121,,,LOSS,False,14
,False,103,False,92654005,no_retreat_option,v8,,,,,,,,,121,,,LOSS,False,14
,False,104,False,92654005,no_retreat_option,v8,,,,,,,,,121,,,LOSS,False,14
,False,105,False,92654005,not_lethal,v8,,,,,,,,,121,,,LOSS,False,16
,False,106,False,92654005,no_retreat_option,v8,,,,,,,,,121,,,LOSS,False,16
,False,107,False,92654005,not_lethal,v8,,,,,,,,,121,,,LOSS,False,16
,False,108,False,92654005,no_retreat_option,v8,,,,,,,,,121,,,LOSS,False,16
,False,109,False,92654005,not_lethal,v8,,,,,,,,,121,,,LOSS,False,16
,False,110,False,92654005,not_lethal,v8,,,,,,,,,121,,,LOSS,False,16
,True,111,False,92654005,not_lethal,v8,,,,,,,,,121,,,LOSS,False,16
,False,112,False,92654005,no_retreat_option,v8,,,,,,,,,121,,,LOSS,False,16
,False,113,False,92654005,no_retreat_option,v8,,,,,,,,,121,,,LOSS,False,16
,False,114,False,92654005,no_retreat_option,v8,,,,,,,,,121,,,LOSS,False,16
,False,115,False,92654005,no_retreat_option,v8,,,,,,,,,121,,,LOSS,False,16
,False,116,False,92654005,no_retreat_option,v8,,,,,,,,,121,,,LOSS,False,16
,False,117,False,92654005,no_retreat_option,v8,,,,,,,,,121,,,LOSS,False,16
,False,118,False,92654005,no_retreat_option,v8,,,,,,,,,121,,,LOSS,False,16
True,False,119,True,92654005,,v8,2,Crustle,170,Superb Scissors,120,Dragapult ex,1,80,121,1,,LOSS,False,18
,False,120,False,92654005,no_retreat_option,v8,,,,,,,,,121,,,LOSS,False,18
True,False,121,True,92654005,,v8,2,Crustle,170,Superb Scissors,120,Dragapult ex,1,80,121,1,,LOSS,False,18
,False,122,False,92654005,no_retreat_option,v8,,,,,,,,,121,,,LOSS,False,18
True,False,123,True,92654005,,v8,2,Crustle,170,Superb Scissors,120,Dragapult ex,1,80,121,1,,LOSS,False,18
True,False,124,True,92654005,,v8,2,Crustle,170,Superb Scissors,120,Dragapult ex,1,80,121,1,,LOSS,True,18
,False,125,False,92654005,no_retreat_option,v8,,,,,,,,,121,,,LOSS,False,18
,False,126,False,92654005,no_retreat_option,v8,,,,,,,,,121,,,LOSS,False,18
,True,127,False,92654005,no_retreat_option,v8,,,,,,,,,121,,,LOSS,False,18
,False,128,False,92654005,no_retreat_option,v8,,,,,,,,,121,,,LOSS,False,18
,False,129,False,92654005,no_retreat_option,v8,,,,,,,,,121,,,LOSS,False,18
,False,130,False,92654005,no_retreat_option,v8,,,,,,,,,121,,,LOSS,False,18
,False,131,False,92654005,no_retreat_option,v8,,,,,,,,,121,,,LOSS,False,18
,False,132,False,92654005,no_retreat_option,v8,,,,,,,,,121,,,LOSS,False,18
,False,133,False,92654005,no_retreat_option,v8,,,,,,,,,121,,,LOSS,False,18
,False,134,False,92654005,no_retreat_option,v8,,,,,,,,,121,,,LOSS,False,18
,False,135,False,92654005,no_active,v8,,,,,,,,,,,,LOSS,False,19
,False,136,False,92654005,not_2prize_ex,v8,,,,,,,,,235,,,LOSS,False,20
,False,137,False,92654005,not_2prize_ex,v8,,,,,,,,,235,,,LOSS,False,20
,False,138,False,92654005,not_2prize_ex,v8,,,,,,,,,235,,,LOSS,False,20
,False,139,False,92654005,no_retreat_option,v8,,,,,,,,,235,,,LOSS,False,20
,False,140,False,92654005,not_2prize_ex,v8,,,,,,,,,235,,,LOSS,False,20
,False,141,False,92654005,no_retreat_option,v8,,,,,,,,,235,,,LOSS,False,20
,False,142,False,92654005,not_2prize_ex,v8,,,,,,,,,235,,,LOSS,False,20
,False,143,False,92654005,not_2prize_ex,v8,,,,,,,,,235,,,LOSS,False,20
,False,144,False,92654005,no_active,v8,,,,,,,,,,,,LOSS,False,21
,False,145,False,92654005,no_ready_bench,v8,,,,,,,,,121,,,LOSS,False,22
,False,146,False,92654005,no_active,v8,,,,,,,,,,,,LOSS,False,23
,False,147,False,92654005,not_2prize_ex,v8,,,,,,,,,120,,,LOSS,False,24
,False,148,False,92654005,not_2prize_ex,v8,,,,,,,,,120,,,LOSS,True,24
,False,149,False,92654005,no_retreat_option,v8,,,,,,,,,120,,,LOSS,False,24
,False,150,False,92654005,no_retreat_option,v8,,,,,,,,,120,,,LOSS,False,24
,False,151,False,92654005,no_retreat_option,v8,,,,,,,,,235,,,LOSS,False,24
,False,0,False,92654952,no_active,v8,,,,,,,,,,,,LOSS,False,
,False,1,False,92654952,no_active,v8,,,,,,,,,,,,LOSS,False,
,False,2,False,92654952,no_active,v8,,,,,,,,,,,,LOSS,False,0
,False,3,False,92654952,no_active,v8,,,,,,,,,,,,LOSS,False,0
,False,4,False,92654952,no_retreat_option,v8,,,,,,,,,140,,,LOSS,False,1
,False,5,False,92654952,no_retreat_option,v8,,,,,,,,,140,,,LOSS,False,1
,False,6,False,92654952,no_retreat_option,v8,,,,,,,,,140,,,LOSS,False,1
,False,7,False,92654952,no_retreat_option,v8,,,,,,,,,140,,,LOSS,False,1
,False,8,False,92654952,no_retreat_option,v8,,,,,,,,,140,,,LOSS,False,1
,False,9,False,92654952,no_retreat_option,v8,,,,,,,,,140,,,LOSS,False,1
,False,10,False,92654952,no_retreat_option,v8,,,,,,,,,140,,,LOSS,False,1
,False,11,False,92654952,no_retreat_option,v8,,,,,,,,,140,,,LOSS,False,3
,False,12,False,92654952,no_retreat_option,v8,,,,,,,,,140,,,LOSS,False,3
,False,13,False,92654952,no_retreat_option,v8,,,,,,,,,140,,,LOSS,False,3
,False,14,False,92654952,no_retreat_option,v8,,,,,,,,,140,,,LOSS,False,3
,False,15,False,92654952,no_retreat_option,v8,,,,,,,,,140,,,LOSS,False,3
,False,16,False,92654952,no_retreat_option,v8,,,,,,,,,140,,,LOSS,False,3
,False,17,False,92654952,no_retreat_option,v8,,,,,,,,,140,,,LOSS,False,3
,False,18,False,92654952,no_retreat_option,v8,,,,,,,,,140,,,LOSS,False,3
,False,19,False,92654952,no_retreat_option,v8,,,,,,,,,140,,,LOSS,False,3
,False,20,False,92654952,no_retreat_option,v8,,,,,,,,,140,,,LOSS,False,3
,False,21,False,92654952,not_lethal,v8,,,,,,,,,140,,,LOSS,True,3
,False,22,False,92654952,no_retreat_option,v8,,,,,,,,,140,,,LOSS,False,3
,False,23,False,92654952,no_retreat_option,v8,,,,,,,,,140,,,LOSS,False,3
,False,24,False,92654952,no_retreat_option,v8,,,,,,,,,235,,,LOSS,False,3
,False,25,False,92654952,not_2prize_ex,v8,,,,,,,,,235,,,LOSS,False,5
,False,26,False,92654952,no_retreat_option,v8,,,,,,,,,235,,,LOSS,False,5
,False,27,False,92654952,not_2prize_ex,v8,,,,,,,,,235,,,LOSS,False,5
,False,28,False,92654952,no_retreat_option,v8,,,,,,,,,235,,,LOSS,False,5
,False,29,False,92654952,not_2prize_ex,v8,,,,,,,,,235,,,LOSS,False,5
,False,30,False,92654952,no_retreat_option,v8,,,,,,,,,235,,,LOSS,False,5
,False,31,False,92654952,not_2prize_ex,v8,,,,,,,,,235,,,LOSS,False,5
,False,32,False,92654952,not_2prize_ex,v8,,,,,,,,,235,,,LOSS,False,5
,False,33,False,92654952,no_retreat_option,v8,,,,,,,,,235,,,LOSS,False,5
,False,34,False,92654952,not_2prize_ex,v8,,,,,,,,,235,,,LOSS,False,5
,False,35,False,92654952,not_2prize_ex,v8,,,,,,,,,235,,,LOSS,False,5
,False,36,False,92654952,not_2prize_ex,v8,,,,,,,,,235,,,LOSS,False,5
,False,37,False,92654952,not_2prize_ex,v8,,,,,,,,,235,,,LOSS,False,5
,False,38,False,92654952,no_retreat_option,v8,,,,,,,,,235,,,LOSS,False,5
,False,39,False,92654952,not_2prize_ex,v8,,,,,,,,,235,,,LOSS,False,5
,False,40,False,92654952,not_2prize_ex,v8,,,,,,,,,235,,,LOSS,False,5
,False,41,False,92654952,no_active,v8,,,,,,,,,,,,LOSS,False,6
,False,42,False,92654952,not_lethal,v8,,,,,,,,,121,,,LOSS,False,7
,False,43,False,92654952,not_lethal,v8,,,,,,,,,121,,,LOSS,False,7
,False,44,False,92654952,no_retreat_option,v8,,,,,,,,,121,,,LOSS,False,7
,False,45,False,92654952,not_lethal,v8,,,,,,,,,121,,,LOSS,False,7
,False,46,False,92654952,not_lethal,v8,,,,,,,,,121,,,LOSS,False,7
,False,47,False,92654952,not_lethal,v8,,,,,,,,,121,,,LOSS,False,7
,False,48,False,92654952,no_retreat_option,v8,,,,,,,,,121,,,LOSS,False,7
,False,49,False,92654952,not_lethal,v8,,,,,,,,,121,,,LOSS,False,7
,False,50,False,92654952,no_retreat_option,v8,,,,,,,,,121,,,LOSS,False,7
,False,51,False,92654952,no_retreat_option,v8,,,,,,,,,121,,,LOSS,False,7
,False,52,False,92654952,not_lethal,v8,,,,,,,,,121,,,LOSS,False,7
,False,53,False,92654952,no_retreat_option,v8,,,,,,,,,121,,,LOSS,False,7
,False,54,False,92654952,no_retreat_option,v8,,,,,,,,,121,,,LOSS,False,7
,False,55,False,92654952,no_retreat_option,v8,,,,,,,,,121,,,LOSS,False,7
,False,56,False,92654952,not_lethal,v8,,,,,,,,,121,,,LOSS,False,7
,False,57,False,92654952,not_lethal,v8,,,,,,,,,121,,,LOSS,False,7
,False,58,False,92654952,no_retreat_option,v8,,,,,,,,,121,,,LOSS,False,7
,False,59,False,92654952,not_lethal,v8,,,,,,,,,121,,,LOSS,False,7
,False,60,False,92654952,not_lethal,v8,,,,,,,,,121,,,LOSS,False,7
,False,61,False,92654952,not_lethal,v8,,,,,,,,,121,,,LOSS,False,7
,True,62,False,92654952,not_lethal,v8,,,,,,,,,121,,,LOSS,False,7
,False,63,False,92654952,no_retreat_option,v8,,,,,,,,,121,,,LOSS,False,7
,False,64,False,92654952,no_retreat_option,v8,,,,,,,,,121,,,LOSS,False,7
,False,65,False,92654952,no_retreat_option,v8,,,,,,,,,121,,,LOSS,False,7
,False,66,False,92654952,no_retreat_option,v8,,,,,,,,,121,,,LOSS,False,7
,False,67,False,92654952,no_retreat_option,v8,,,,,,,,,121,,,LOSS,False,7
,False,68,False,92654952,no_retreat_option,v8,,,,,,,,,121,,,LOSS,False,7
,False,69,False,92654952,not_lethal,v8,,,,,,,,,121,,,LOSS,False,9
,False,70,False,92654952,no_retreat_option,v8,,,,,,,,,121,,,LOSS,False,9
,False,71,False,92654952,not_lethal,v8,,,,,,,,,121,,,LOSS,False,9
,False,72,False,92654952,no_retreat_option,v8,,,,,,,,,121,,,LOSS,False,9
,False,73,False,92654952,no_retreat_option,v8,,,,,,,,,121,,,LOSS,False,9
,False,74,False,92654952,not_lethal,v8,,,,,,,,,121,,,LOSS,False,9
,False,75,False,92654952,no_retreat_option,v8,,,,,,,,,121,,,LOSS,False,9
,False,76,False,92654952,not_lethal,v8,,,,,,,,,121,,,LOSS,False,9
,False,77,False,92654952,not_lethal,v8,,,,,,,,,121,,,LOSS,False,9
,True,78,False,92654952,not_lethal,v8,,,,,,,,,121,,,LOSS,False,9
,False,79,False,92654952,no_retreat_option,v8,,,,,,,,,121,,,LOSS,False,9
,False,80,False,92654952,no_retreat_option,v8,,,,,,,,,121,,,LOSS,False,9
,False,81,False,92654952,no_retreat_option,v8,,,,,,,,,121,,,LOSS,False,9
,False,82,False,92654952,no_retreat_option,v8,,,,,,,,,121,,,LOSS,False,9
,False,83,False,92654952,no_retreat_option,v8,,,,,,,,,121,,,LOSS,False,9
,False,84,False,92654952,no_retreat_option,v8,,,,,,,,,121,,,LOSS,False,9
,False,85,False,92654952,no_retreat_option,v8,,,,,,,,,121,,,LOSS,False,9
False,False,86,True,92654952,,v8,1,Crustle,130,Superb Scissors,120,Dragapult ex,1,80,121,1,,LOSS,False,11
False,False,87,True,92654952,,v8,1,Crustle,130,Superb Scissors,120,Dragapult ex,1,80,121,1,,LOSS,True,11
,False,88,False,92654952,no_retreat_option,v8,,,,,,,,,121,,,LOSS,False,11
,False,89,False,92654952,no_retreat_option,v8,,,,,,,,,121,,,LOSS,False,11
,True,90,False,92654952,no_retreat_option,v8,,,,,,,,,121,,,LOSS,False,11
,False,91,False,92654952,no_retreat_option,v8,,,,,,,,,121,,,LOSS,False,11
,False,92,False,92654952,no_retreat_option,v8,,,,,,,,,121,,,LOSS,False,11
,False,93,False,92654952,no_retreat_option,v8,,,,,,,,,121,,,LOSS,False,11
,False,94,False,92654952,no_retreat_option,v8,,,,,,,,,121,,,LOSS,False,11
,False,95,False,92654952,no_retreat_option,v8,,,,,,,,,121,,,LOSS,False,11
,False,96,False,92654952,no_retreat_option,v8,,,,,,,,,121,,,LOSS,False,11
,False,97,False,92654952,no_retreat_option,v8,,,,,,,,,121,,,LOSS,False,11
,False,98,False,92654952,not_lethal,v8,,,,,,,,,121,,,LOSS,False,13
,False,99,False,92654952,not_lethal,v8,,,,,,,,,121,,,LOSS,False,13
,True,100,False,92654952,not_lethal,v8,,,,,,,,,121,,,LOSS,False,13
,False,101,False,92654952,no_retreat_option,v8,,,,,,,,,121,,,LOSS,False,13
,False,102,False,92654952,no_retreat_option,v8,,,,,,,,,121,,,LOSS,False,13
,False,103,False,92654952,no_retreat_option,v8,,,,,,,,,121,,,LOSS,False,13
,False,104,False,92654952,no_retreat_option,v8,,,,,,,,,121,,,LOSS,False,13
,False,105,False,92654952,no_retreat_option,v8,,,,,,,,,121,,,LOSS,False,13
,False,106,False,92654952,no_retreat_option,v8,,,,,,,,,121,,,LOSS,False,13
True,False,107,True,92654952,,v8,1,Crustle,130,Superb Scissors,120,Dragapult ex,1,80,121,1,,LOSS,True,15
,False,108,False,92654952,no_retreat_option,v8,,,,,,,,,121,,,LOSS,False,15
,False,109,False,92654952,no_retreat_option,v8,,,,,,,,,121,,,LOSS,False,15
,False,110,False,92654952,no_retreat_option,v8,,,,,,,,,121,,,LOSS,False,15
,False,111,False,92654952,no_active,v8,,,,,,,,,,,,LOSS,False,16
,False,112,False,92654952,no_ready_bench,v8,,,,,,,,,121,,,LOSS,False,17
,False,113,False,92654952,no_active,v8,,,,,,,,,,,,LOSS,False,18
,False,114,False,92654952,not_2prize_ex,v8,,,,,,,,,120,,,LOSS,False,19
,False,115,False,92654952,not_lethal,v8,,,,,,,,,121,,,LOSS,False,19
,False,116,False,92654952,no_retreat_option,v8,,,,,,,,,121,,,LOSS,False,19
,False,117,False,92654952,not_lethal,v8,,,,,,,,,121,,,LOSS,False,19
,False,118,False,92654952,not_lethal,v8,,,,,,,,,121,,,LOSS,False,19
,False,119,False,92654952,not_lethal,v8,,,,,,,,,121,,,LOSS,False,21
,False,0,False,92655907,no_active,v8,,,,,,,,,,,,LOSS,False,
,False,1,False,92655907,no_active,v8,,,,,,,,,,,,LOSS,False,
,False,2,False,92655907,no_active,v8,,,,,,,,,,,,LOSS,False,0
,False,3,False,92655907,no_active,v8,,,,,,,,,,,,LOSS,False,0
,False,4,False,92655907,no_active,v8,,,,,,,,,,,,LOSS,False,0
,False,5,False,92655907,no_retreat_option,v8,,,,,,,,,119,,,LOSS,False,2
,False,6,False,92655907,not_2prize_ex,v8,,,,,,,,,119,,,LOSS,False,2
,False,7,False,92655907,no_retreat_option,v8,,,,,,,,,119,,,LOSS,False,2
,False,8,False,92655907,not_2prize_ex,v8,,,,,,,,,119,,,LOSS,False,2
,False,9,False,92655907,no_retreat_option,v8,,,,,,,,,119,,,LOSS,False,2
,False,10,False,92655907,not_2prize_ex,v8,,,,,,,,,119,,,LOSS,False,2
,False,11,False,92655907,no_retreat_option,v8,,,,,,,,,119,,,LOSS,False,2
,False,12,False,92655907,not_2prize_ex,v8,,,,,,,,,119,,,LOSS,False,2
,False,13,False,92655907,not_2prize_ex,v8,,,,,,,,,119,,,LOSS,False,2
,False,14,False,92655907,not_2prize_ex,v8,,,,,,,,,119,,,LOSS,False,2
,False,15,False,92655907,not_2prize_ex,v8,,,,,,,,,119,,,LOSS,True,2
,False,16,False,92655907,no_retreat_option,v8,,,,,,,,,119,,,LOSS,False,2
,False,17,False,92655907,no_retreat_option,v8,,,,,,,,,235,,,LOSS,False,2
,False,18,False,92655907,no_active,v8,,,,,,,,,,,,LOSS,False,3
,False,19,False,92655907,not_2prize_ex,v8,,,,,,,,,119,,,LOSS,False,4
,False,20,False,92655907,not_2prize_ex,v8,,,,,,,,,119,,,LOSS,False,4
,False,21,False,92655907,not_2prize_ex,v8,,,,,,,,,119,,,LOSS,False,4
,False,22,False,92655907,no_retreat_option,v8,,,,,,,,,119,,,LOSS,False,4
,False,23,False,92655907,not_2prize_ex,v8,,,,,,,,,119,,,LOSS,False,4
,False,24,False,92655907,not_2prize_ex,v8,,,,,,,,,119,,,LOSS,False,4
,False,25,False,92655907,no_retreat_option,v8,,,,,,,,,119,,,LOSS,False,4
,False,26,False,92655907,not_2prize_ex,v8,,,,,,,,,119,,,LOSS,False,4
,False,27,False,92655907,not_2prize_ex,v8,,,,,,,,,120,,,LOSS,False,4
,False,28,False,92655907,no_retreat_option,v8,,,,,,,,,120,,,LOSS,False,4
,False,29,False,92655907,not_2prize_ex,v8,,,,,,,,,120,,,LOSS,False,4
,False,30,False,92655907,not_2prize_ex,v8,,,,,,,,,120,,,LOSS,False,4
,False,31,False,92655907,no_retreat_option,v8,,,,,,,,,120,,,LOSS,False,4
,False,32,False,92655907,not_2prize_ex,v8,,,,,,,,,120,,,LOSS,False,4
,False,33,False,92655907,no_retreat_option,v8,,,,,,,,,120,,,LOSS,False,4
,False,34,False,92655907,not_2prize_ex,v8,,,,,,,,,120,,,LOSS,False,4
,False,35,False,92655907,not_2prize_ex,v8,,,,,,,,,120,,,LOSS,False,4
,False,36,False,92655907,no_retreat_option,v8,,,,,,,,,120,,,LOSS,False,4
,False,37,False,92655907,not_2prize_ex,v8,,,,,,,,,120,,,LOSS,True,4
,False,38,False,92655907,no_retreat_option,v8,,,,,,,,,120,,,LOSS,False,4
,False,39,False,92655907,no_retreat_option,v8,,,,,,,,,120,,,LOSS,False,4
,False,40,False,92655907,no_retreat_option,v8,,,,,,,,,235,,,LOSS,False,4
,False,41,False,92655907,no_active,v8,,,,,,,,,,,,LOSS,False,5
,False,42,False,92655907,not_2prize_ex,v8,,,,,,,,,120,,,LOSS,False,6
,False,43,False,92655907,no_retreat_option,v8,,,,,,,,,120,,,LOSS,False,6
,False,44,False,92655907,not_2prize_ex,v8,,,,,,,,,120,,,LOSS,False,6
,False,45,False,92655907,no_retreat_option,v8,,,,,,,,,120,,,LOSS,False,6
,False,46,False,92655907,not_2prize_ex,v8,,,,,,,,,120,,,LOSS,False,6
,False,47,False,92655907,no_retreat_option,v8,,,,,,,,,120,,,LOSS,False,6
,False,48,False,92655907,not_2prize_ex,v8,,,,,,,,,120,,,LOSS,False,6
,False,49,False,92655907,not_2prize_ex,v8,,,,,,,,,120,,,LOSS,False,6
,False,50,False,92655907,not_2prize_ex,v8,,,,,,,,,120,,,LOSS,False,6
,False,51,False,92655907,not_2prize_ex,v8,,,,,,,,,120,,,LOSS,False,6
,False,52,False,92655907,no_retreat_option,v8,,,,,,,,,120,,,LOSS,False,6
,False,53,False,92655907,no_retreat_option,v8,,,,,,,,,120,,,LOSS,False,6
,False,54,False,92655907,not_2prize_ex,v8,,,,,,,,,120,,,LOSS,False,6
,False,55,False,92655907,not_lethal,v8,,,,,,,,,121,,,LOSS,False,6
,False,56,False,92655907,not_lethal,v8,,,,,,,,,121,,,LOSS,False,6
,False,57,False,92655907,not_lethal,v8,,,,,,,,,121,,,LOSS,False,6
,False,58,False,92655907,not_lethal,v8,,,,,,,,,121,,,LOSS,False,8
,False,59,False,92655907,no_retreat_option,v8,,,,,,,,,121,,,LOSS,False,8
,False,60,False,92655907,not_lethal,v8,,,,,,,,,121,,,LOSS,False,8
,False,61,False,92655907,no_retreat_option,v8,,,,,,,,,121,,,LOSS,False,8
,False,62,False,92655907,no_retreat_option,v8,,,,,,,,,121,,,LOSS,False,8
,False,63,False,92655907,not_lethal,v8,,,,,,,,,121,,,LOSS,False,8
,False,64,False,92655907,no_retreat_option,v8,,,,,,,,,121,,,LOSS,False,8
,False,65,False,92655907,not_lethal,v8,,,,,,,,,121,,,LOSS,False,8
,False,66,False,92655907,no_retreat_option,v8,,,,,,,,,121,,,LOSS,False,8
,False,67,False,92655907,not_lethal,v8,,,,,,,,,121,,,LOSS,False,8
,False,68,False,92655907,no_retreat_option,v8,,,,,,,,,121,,,LOSS,False,8
,False,69,False,92655907,no_retreat_option,v8,,,,,,,,,121,,,LOSS,False,8
,False,70,False,92655907,no_retreat_option,v8,,,,,,,,,121,,,LOSS,False,8
,False,71,False,92655907,not_lethal,v8,,,,,,,,,121,,,LOSS,False,8
,True,72,False,92655907,not_lethal,v8,,,,,,,,,121,,,LOSS,False,8
,False,73,False,92655907,no_retreat_option,v8,,,,,,,,,121,,,LOSS,False,8
,False,74,False,92655907,no_retreat_option,v8,,,,,,,,,121,,,LOSS,False,8
,False,75,False,92655907,no_retreat_option,v8,,,,,,,,,121,,,LOSS,False,8
,False,76,False,92655907,no_retreat_option,v8,,,,,,,,,121,,,LOSS,False,8
,False,77,False,92655907,no_retreat_option,v8,,,,,,,,,121,,,LOSS,False,8
,False,78,False,92655907,no_retreat_option,v8,,,,,,,,,121,,,LOSS,False,8
,False,79,False,92655907,no_active,v8,,,,,,,,,,,,LOSS,False,9
,False,80,False,92655907,not_lethal,v8,,,,,,,,,121,,,LOSS,False,10
,False,81,False,92655907,no_retreat_option,v8,,,,,,,,,121,,,LOSS,False,10
,False,82,False,92655907,not_lethal,v8,,,,,,,,,121,,,LOSS,False,10
,True,83,False,92655907,not_lethal,v8,,,,,,,,,121,,,LOSS,False,10
,False,84,False,92655907,no_retreat_option,v8,,,,,,,,,121,,,LOSS,False,10
,False,85,False,92655907,no_retreat_option,v8,,,,,,,,,121,,,LOSS,False,10
,False,86,False,92655907,no_retreat_option,v8,,,,,,,,,121,,,LOSS,False,10
,False,87,False,92655907,no_retreat_option,v8,,,,,,,,,121,,,LOSS,False,10
,False,88,False,92655907,no_retreat_option,v8,,,,,,,,,121,,,LOSS,False,10
,False,89,False,92655907,no_retreat_option,v8,,,,,,,,,121,,,LOSS,False,10
,False,90,False,92655907,no_active,v8,,,,,,,,,121,,,LOSS,False,10
,False,91,False,92655907,no_active,v8,,,,,,,,,121,,,LOSS,False,10
,False,92,False,92655907,not_lethal,v8,,,,,,,,,121,,,LOSS,False,12
,True,93,False,92655907,not_lethal,v8,,,,,,,,,121,,,LOSS,False,12
,False,94,False,92655907,no_retreat_option,v8,,,,,,,,,121,,,LOSS,False,12
,False,95,False,92655907,no_retreat_option,v8,,,,,,,,,121,,,LOSS,False,12
,False,96,False,92655907,no_retreat_option,v8,,,,,,,,,121,,,LOSS,False,12
,False,97,False,92655907,no_retreat_option,v8,,,,,,,,,121,,,LOSS,False,12
,False,98,False,92655907,no_retreat_option,v8,,,,,,,,,121,,,LOSS,False,12
,False,99,False,92655907,no_retreat_option,v8,,,,,,,,,121,,,LOSS,False,12
,False,100,False,92655907,no_active,v8,,,,,,,,,121,,,LOSS,False,12
,False,101,False,92655907,no_ready_bench,v8,,,,,,,,,121,,,LOSS,False,14
False,False,102,True,92655907,,v8,1,Mega Starmie ex,270,Jetting Blow,120,Dragapult ex,1,60,121,1,,LOSS,True,14
,False,103,False,92655907,no_retreat_option,v8,,,,,,,,,121,,,LOSS,False,14
,False,104,False,92655907,no_retreat_option,v8,,,,,,,,,121,,,LOSS,False,14
,False,105,False,92655907,no_retreat_option,v8,,,,,,,,,120,,,LOSS,False,14
,False,106,False,92655907,no_active,v8,,,,,,,,,,,,LOSS,False,15
,False,107,False,92655907,no_ready_bench,v8,,,,,,,,,121,,,LOSS,False,16
,False,108,False,92655907,no_retreat_option,v8,,,,,,,,,121,,,LOSS,False,16
,False,109,False,92655907,no_ready_bench,v8,,,,,,,,,121,,,LOSS,False,16
,False,110,False,92655907,no_ready_bench,v8,,,,,,,,,121,,,LOSS,False,16
,False,111,False,92655907,no_ready_bench,v8,,,,,,,,,121,,,LOSS,False,16
,False,112,False,92655907,no_retreat_option,v8,,,,,,,,,121,,,LOSS,False,16
,False,113,False,92655907,no_ready_bench,v8,,,,,,,,,121,,,LOSS,False,16
,False,114,False,92655907,no_retreat_option,v8,,,,,,,,,121,,,LOSS,False,16
,False,115,False,92655907,no_ready_bench,v8,,,,,,,,,121,,,LOSS,False,16
,False,0,False,92656873,no_active,v8,,,,,,,,,,,,LOSS,False,
,False,1,False,92656873,no_active,v8,,,,,,,,,,,,LOSS,False,
,False,2,False,92656873,no_active,v8,,,,,,,,,,,,LOSS,False,0
,False,3,False,92656873,no_active,v8,,,,,,,,,,,,LOSS,False,0
,False,4,False,92656873,no_active,v8,,,,,,,,,,,,LOSS,False,0
,False,5,False,92656873,no_retreat_option,v8,,,,,,,,,235,,,LOSS,False,1
,False,6,False,92656873,no_retreat_option,v8,,,,,,,,,235,,,LOSS,False,1
,False,7,False,92656873,not_2prize_ex,v8,,,,,,,,,235,,,LOSS,False,1
,False,8,False,92656873,no_retreat_option,v8,,,,,,,,,235,,,LOSS,False,1
,False,9,False,92656873,not_2prize_ex,v8,,,,,,,,,235,,,LOSS,False,1
,False,10,False,92656873,not_2prize_ex,v8,,,,,,,,,235,,,LOSS,False,1
,False,11,False,92656873,not_2prize_ex,v8,,,,,,,,,235,,,LOSS,False,1
,False,12,False,92656873,not_2prize_ex,v8,,,,,,,,,235,,,LOSS,False,3
,False,13,False,92656873,no_retreat_option,v8,,,,,,,,,235,,,LOSS,False,3
,False,14,False,92656873,not_2prize_ex,v8,,,,,,,,,235,,,LOSS,False,3
,False,15,False,92656873,not_2prize_ex,v8,,,,,,,,,235,,,LOSS,False,5
,False,16,False,92656873,no_retreat_option,v8,,,,,,,,,235,,,LOSS,False,5
,False,17,False,92656873,not_2prize_ex,v8,,,,,,,,,235,,,LOSS,False,5
,False,18,False,92656873,no_active,v8,,,,,,,,,,,,LOSS,False,6
,False,19,False,92656873,not_2prize_ex,v8,,,,,,,,,119,,,LOSS,False,7
,False,20,False,92656873,no_retreat_option,v8,,,,,,,,,119,,,LOSS,False,7
,False,21,False,92656873,not_2prize_ex,v8,,,,,,,,,119,,,LOSS,False,7
,False,22,False,92656873,not_2prize_ex,v8,,,,,,,,,119,,,LOSS,True,7
,False,23,False,92656873,no_retreat_option,v8,,,,,,,,,119,,,LOSS,False,7
,False,24,False,92656873,no_retreat_option,v8,,,,,,,,,119,,,LOSS,False,7
,False,25,False,92656873,no_retreat_option,v8,,,,,,,,,235,,,LOSS,False,7
,False,26,False,92656873,no_active,v8,,,,,,,,,,,,LOSS,False,8
,False,27,False,92656873,no_retreat_option,v8,,,,,,,,,119,,,LOSS,False,9
,False,28,False,92656873,no_retreat_option,v8,,,,,,,,,119,,,LOSS,False,9
,False,29,False,92656873,no_retreat_option,v8,,,,,,,,,119,,,LOSS,False,9
,False,30,False,92656873,no_retreat_option,v8,,,,,,,,,119,,,LOSS,False,9
,False,31,False,92656873,no_retreat_option,v8,,,,,,,,,119,,,LOSS,False,9
,False,32,False,92656873,no_retreat_option,v8,,,,,,,,,119,,,LOSS,False,9
,False,33,False,92656873,no_active,v8,,,,,,,,,,,,LOSS,False,10
,False,34,False,92656873,not_2prize_ex,v8,,,,,,,,,119,,,LOSS,False,11
,False,35,False,92656873,no_retreat_option,v8,,,,,,,,,119,,,LOSS,False,11
,False,36,False,92656873,not_lethal,v8,,,,,,,,,121,,,LOSS,False,11
,False,37,False,92656873,no_active,v8,,,,,,,,,,,,LOSS,False,12
,False,38,False,92656873,not_2prize_ex,v8,,,,,,,,,119,,,LOSS,False,13
,False,39,False,92656873,not_2prize_ex,v8,,,,,,,,,119,,,LOSS,False,13
,False,40,False,92656873,not_2prize_ex,v8,,,,,,,,,119,,,LOSS,False,13
,False,41,False,92656873,not_2prize_ex,v8,,,,,,,,,119,,,LOSS,False,13
,False,42,False,92656873,not_2prize_ex,v8,,,,,,,,,119,,,LOSS,False,13
,False,43,False,92656873,no_retreat_option,v8,,,,,,,,,119,,,LOSS,False,13
,False,44,False,92656873,not_2prize_ex,v8,,,,,,,,,119,,,LOSS,False,13
,False,45,False,92656873,not_2prize_ex,v8,,,,,,,,,120,,,LOSS,False,13
,False,46,False,92656873,no_retreat_option,v8,,,,,,,,,120,,,LOSS,False,13
,False,47,False,92656873,not_2prize_ex,v8,,,,,,,,,120,,,LOSS,False,13
,False,48,False,92656873,not_2prize_ex,v8,,,,,,,,,120,,,LOSS,False,13
,False,49,False,92656873,no_retreat_option,v8,,,,,,,,,120,,,LOSS,False,13
,False,50,False,92656873,not_2prize_ex,v8,,,,,,,,,120,,,LOSS,False,13
,False,51,False,92656873,not_2prize_ex,v8,,,,,,,,,120,,,LOSS,True,13
,False,52,False,92656873,no_retreat_option,v8,,,,,,,,,120,,,LOSS,False,13
,False,53,False,92656873,no_retreat_option,v8,,,,,,,,,120,,,LOSS,False,13
,False,0,False,92657829,no_active,v8,,,,,,,,,,,,WIN,False,
,False,1,False,92657829,no_active,v8,,,,,,,,,,,,WIN,False,
,False,2,False,92657829,no_active,v8,,,,,,,,,,,,WIN,False,0
,False,3,False,92657829,no_retreat_option,v8,,,,,,,,,184,,,WIN,False,2
,False,4,False,92657829,no_retreat_option,v8,,,,,,,,,184,,,WIN,False,2
,False,5,False,92657829,no_retreat_option,v8,,,,,,,,,184,,,WIN,False,2
,False,6,False,92657829,not_lethal,v8,,,,,,,,,184,,,WIN,False,2
,False,7,False,92657829,no_retreat_option,v8,,,,,,,,,184,,,WIN,False,2
,False,8,False,92657829,not_lethal,v8,,,,,,,,,184,,,WIN,False,2
,False,9,False,92657829,not_lethal,v8,,,,,,,,,184,,,WIN,False,2
,False,10,False,92657829,no_retreat_option,v8,,,,,,,,,184,,,WIN,False,2
,False,11,False,92657829,no_retreat_option,v8,,,,,,,,,184,,,WIN,False,2
,False,12,False,92657829,not_lethal,v8,,,,,,,,,184,,,WIN,False,2
,False,13,False,92657829,not_lethal,v8,,,,,,,,,184,,,WIN,False,2
,False,14,False,92657829,not_lethal,v8,,,,,,,,,184,,,WIN,False,2
,False,15,False,92657829,not_lethal,v8,,,,,,,,,184,,,WIN,True,2
,False,16,False,92657829,no_retreat_option,v8,,,,,,,,,184,,,WIN,False,2
,False,17,False,92657829,no_retreat_option,v8,,,,,,,,,235,,,WIN,False,2
,False,18,False,92657829,no_active,v8,,,,,,,,,,,,WIN,False,3
,False,19,False,92657829,not_2prize_ex,v8,,,,,,,,,119,,,WIN,False,4
,False,20,False,92657829,no_retreat_option,v8,,,,,,,,,119,,,WIN,False,4
,False,21,False,92657829,no_retreat_option,v8,,,,,,,,,119,,,WIN,False,4
,False,22,False,92657829,not_2prize_ex,v8,,,,,,,,,119,,,WIN,False,4
,False,23,False,92657829,not_2prize_ex,v8,,,,,,,,,119,,,WIN,False,4
,False,24,False,92657829,not_2prize_ex,v8,,,,,,,,,119,,,WIN,False,4
,False,25,False,92657829,not_2prize_ex,v8,,,,,,,,,120,,,WIN,False,4
,False,26,False,92657829,no_retreat_option,v8,,,,,,,,,120,,,WIN,False,4
,False,27,False,92657829,not_2prize_ex,v8,,,,,,,,,120,,,WIN,False,4
,False,28,False,92657829,not_2prize_ex,v8,,,,,,,,,120,,,WIN,False,4
,False,29,False,92657829,no_retreat_option,v8,,,,,,,,,120,,,WIN,False,4
,False,30,False,92657829,not_2prize_ex,v8,,,,,,,,,120,,,WIN,False,4
,False,31,False,92657829,not_2prize_ex,v8,,,,,,,,,120,,,WIN,False,4
,False,32,False,92657829,not_2prize_ex,v8,,,,,,,,,120,,,WIN,False,4
,False,33,False,92657829,no_retreat_option,v8,,,,,,,,,120,,,WIN,False,4
,False,34,False,92657829,not_2prize_ex,v8,,,,,,,,,120,,,WIN,False,4
,False,35,False,92657829,no_active,v8,,,,,,,,,,,,WIN,False,5
,False,36,False,92657829,not_lethal,v8,,,,,,,,,121,,,WIN,False,6
,False,37,False,92657829,no_retreat_option,v8,,,,,,,,,121,,,WIN,False,6
,False,38,False,92657829,not_lethal,v8,,,,,,,,,121,,,WIN,False,6
,False,39,False,92657829,no_retreat_option,v8,,,,,,,,,121,,,WIN,False,6
,False,40,False,92657829,not_lethal,v8,,,,,,,,,121,,,WIN,False,6
,False,41,False,92657829,not_lethal,v8,,,,,,,,,121,,,WIN,False,6
,False,42,False,92657829,no_retreat_option,v8,,,,,,,,,121,,,WIN,False,6
,False,43,False,92657829,no_retreat_option,v8,,,,,,,,,121,,,WIN,False,6
,False,44,False,92657829,not_lethal,v8,,,,,,,,,121,,,WIN,False,6
,False,45,False,92657829,not_lethal,v8,,,,,,,,,121,,,WIN,False,6
,False,46,False,92657829,no_retreat_option,v8,,,,,,,,,121,,,WIN,False,6
,False,47,False,92657829,no_retreat_option,v8,,,,,,,,,121,,,WIN,False,6
,False,48,False,92657829,no_retreat_option,v8,,,,,,,,,121,,,WIN,False,6
,False,49,False,92657829,not_lethal,v8,,,,,,,,,121,,,WIN,False,6
,False,50,False,92657829,not_lethal,v8,,,,,,,,,121,,,WIN,False,6
,False,51,False,92657829,no_retreat_option,v8,,,,,,,,,121,,,WIN,False,6
,False,52,False,92657829,not_lethal,v8,,,,,,,,,121,,,WIN,False,6
,False,53,False,92657829,no_retreat_option,v8,,,,,,,,,121,,,WIN,False,6
,False,54,False,92657829,not_lethal,v8,,,,,,,,,121,,,WIN,False,6
,True,55,False,92657829,not_lethal,v8,,,,,,,,,121,,,WIN,False,6
,False,56,False,92657829,no_retreat_option,v8,,,,,,,,,121,,,WIN,False,6
,False,57,False,92657829,no_retreat_option,v8,,,,,,,,,121,,,WIN,False,6
,False,58,False,92657829,no_retreat_option,v8,,,,,,,,,121,,,WIN,False,6
,False,59,False,92657829,no_retreat_option,v8,,,,,,,,,121,,,WIN,False,6
,False,60,False,92657829,no_retreat_option,v8,,,,,,,,,121,,,WIN,False,6
,False,61,False,92657829,no_retreat_option,v8,,,,,,,,,121,,,WIN,False,6
False,False,62,True,92657829,,v8,1,Marnie's Grimmsnarl ex,100,Shadow Bullet,180,Dragapult ex,1,140,121,1,,WIN,False,8
,False,63,False,92657829,no_retreat_option,v8,,,,,,,,,121,,,WIN,False,8
False,False,64,True,92657829,,v8,1,Marnie's Grimmsnarl ex,100,Shadow Bullet,180,Dragapult ex,1,140,121,1,,WIN,False,8
False,False,65,True,92657829,,v8,1,Marnie's Grimmsnarl ex,100,Shadow Bullet,180,Dragapult ex,1,140,121,1,,WIN,False,8
False,False,66,True,92657829,,v8,1,Marnie's Grimmsnarl ex,100,Shadow Bullet,180,Dragapult ex,1,140,121,1,,WIN,False,8
False,False,67,True,92657829,,v8,1,Marnie's Grimmsnarl ex,100,Shadow Bullet,180,Dragapult ex,1,140,121,1,,WIN,True,8
,False,68,False,92657829,no_retreat_option,v8,,,,,,,,,121,,,WIN,False,8
,False,69,False,92657829,no_retreat_option,v8,,,,,,,,,121,,,WIN,False,8
,True,70,False,92657829,no_retreat_option,v8,,,,,,,,,121,,,WIN,False,8
,False,71,False,92657829,no_retreat_option,v8,,,,,,,,,121,,,WIN,False,8
,False,72,False,92657829,no_retreat_option,v8,,,,,,,,,121,,,WIN,False,8
,False,73,False,92657829,no_retreat_option,v8,,,,,,,,,121,,,WIN,False,8
,False,74,False,92657829,no_retreat_option,v8,,,,,,,,,121,,,WIN,False,8
,False,75,False,92657829,no_retreat_option,v8,,,,,,,,,121,,,WIN,False,8
,False,76,False,92657829,no_retreat_option,v8,,,,,,,,,121,,,WIN,False,8
,False,77,False,92657829,no_active,v8,,,,,,,,,121,,,WIN,False,8
,False,78,False,92657829,no_active,v8,,,,,,,,,121,,,WIN,False,8
,False,79,False,92657829,not_lethal,v8,,,,,,,,,121,,,WIN,False,10
,False,80,False,92657829,no_retreat_option,v8,,,,,,,,,121,,,WIN,False,10
,False,81,False,92657829,no_retreat_option,v8,,,,,,,,,121,,,WIN,False,10
,False,82,False,92657829,not_lethal,v8,,,,,,,,,121,,,WIN,False,10
,False,83,False,92657829,no_retreat_option,v8,,,,,,,,,121,,,WIN,False,10
,False,84,False,92657829,no_retreat_option,v8,,,,,,,,,121,,,WIN,False,10
,False,85,False,92657829,not_lethal,v8,,,,,,,,,121,,,WIN,False,10
,False,86,False,92657829,no_retreat_option,v8,,,,,,,,,121,,,WIN,False,10
,False,87,False,92657829,not_lethal,v8,,,,,,,,,121,,,WIN,False,10
,False,88,False,92657829,not_lethal,v8,,,,,,,,,121,,,WIN,False,10
,False,89,False,92657829,not_lethal,v8,,,,,,,,,121,,,WIN,False,10
,False,90,False,92657829,no_retreat_option,v8,,,,,,,,,121,,,WIN,False,10
,False,91,False,92657829,no_retreat_option,v8,,,,,,,,,121,,,WIN,False,10
,True,92,False,92657829,not_lethal,v8,,,,,,,,,121,,,WIN,False,10
,False,93,False,92657829,no_retreat_option,v8,,,,,,,,,121,,,WIN,False,10
,False,94,False,92657829,no_retreat_option,v8,,,,,,,,,121,,,WIN,False,10
,False,95,False,92657829,no_retreat_option,v8,,,,,,,,,121,,,WIN,False,10
,False,96,False,92657829,no_retreat_option,v8,,,,,,,,,121,,,WIN,False,10
,False,97,False,92657829,no_retreat_option,v8,,,,,,,,,121,,,WIN,False,10
,False,98,False,92657829,no_retreat_option,v8,,,,,,,,,121,,,WIN,False,10
,False,99,False,92657829,no_active,v8,,,,,,,,,121,,,WIN,False,10
,False,100,False,92657829,no_active,v8,,,,,,,,,121,,,WIN,False,10
,False,101,False,92657829,not_lethal,v8,,,,,,,,,121,,,WIN,False,12
,False,102,False,92657829,not_lethal,v8,,,,,,,,,121,,,WIN,False,12
,False,103,False,92657829,no_retreat_option,v8,,,,,,,,,121,,,WIN,False,12
,False,104,False,92657829,no_retreat_option,v8,,,,,,,,,121,,,WIN,False,12
,False,105,False,92657829,not_lethal,v8,,,,,,,,,121,,,WIN,False,12
,False,106,False,92657829,no_retreat_option,v8,,,,,,,,,121,,,WIN,False,12
,False,107,False,92657829,not_lethal,v8,,,,,,,,,121,,,WIN,False,12
,False,108,False,92657829,no_retreat_option,v8,,,,,,,,,121,,,WIN,False,12
,False,109,False,92657829,not_lethal,v8,,,,,,,,,121,,,WIN,False,12
,True,110,False,92657829,not_lethal,v8,,,,,,,,,121,,,WIN,False,12
,False,111,False,92657829,no_retreat_option,v8,,,,,,,,,121,,,WIN,False,12
,False,112,False,92657829,no_retreat_option,v8,,,,,,,,,121,,,WIN,False,12
,False,113,False,92657829,no_retreat_option,v8,,,,,,,,,121,,,WIN,False,12
,False,114,False,92657829,no_retreat_option,v8,,,,,,,,,121,,,WIN,False,12
,False,115,False,92657829,no_retreat_option,v8,,,,,,,,,121,,,WIN,False,12
,False,116,False,92657829,no_retreat_option,v8,,,,,,,,,121,,,WIN,False,12
,False,0,False,92658764,no_active,v8,,,,,,,,,,,,WIN,False,
,False,1,False,92658764,no_active,v8,,,,,,,,,,,,WIN,False,
,False,2,False,92658764,no_active,v8,,,,,,,,,,,,WIN,False,0
,False,3,False,92658764,no_active,v8,,,,,,,,,,,,WIN,False,0
,False,4,False,92658764,no_active,v8,,,,,,,,,,,,WIN,False,0
,False,5,False,92658764,no_active,v8,,,,,,,,,,,,WIN,False,0
,False,6,False,92658764,no_retreat_option,v8,,,,,,,,,119,,,WIN,False,1
,False,7,False,92658764,not_2prize_ex,v8,,,,,,,,,119,,,WIN,False,1
,False,8,False,92658764,not_2prize_ex,v8,,,,,,,,,119,,,WIN,False,1
,False,9,False,92658764,not_2prize_ex,v8,,,,,,,,,119,,,WIN,False,3
,False,10,False,92658764,not_2prize_ex,v8,,,,,,,,,119,,,WIN,False,3
,False,11,False,92658764,not_2prize_ex,v8,,,,,,,,,119,,,WIN,False,3
,False,12,False,92658764,not_2prize_ex,v8,,,,,,,,,119,,,WIN,False,3
,False,13,False,92658764,no_retreat_option,v8,,,,,,,,,119,,,WIN,False,3
,False,14,False,92658764,not_2prize_ex,v8,,,,,,,,,119,,,WIN,False,3
,False,15,False,92658764,no_retreat_option,v8,,,,,,,,,119,,,WIN,False,3
,False,16,False,92658764,not_2prize_ex,v8,,,,,,,,,119,,,WIN,False,3
,False,17,False,92658764,not_2prize_ex,v8,,,,,,,,,120,,,WIN,False,3
,False,18,False,92658764,no_retreat_option,v8,,,,,,,,,120,,,WIN,False,3
,False,19,False,92658764,not_2prize_ex,v8,,,,,,,,,120,,,WIN,False,3
,False,20,False,92658764,not_2prize_ex,v8,,,,,,,,,120,,,WIN,True,3
,False,21,False,92658764,no_retreat_option,v8,,,,,,,,,120,,,WIN,False,3
,False,22,False,92658764,no_retreat_option,v8,,,,,,,,,120,,,WIN,False,3
,False,23,False,92658764,no_retreat_option,v8,,,,,,,,,235,,,WIN,False,3
,False,24,False,92658764,no_retreat_option,v8,,,,,,,,,235,,,WIN,False,4
,False,25,False,92658764,not_2prize_ex,v8,,,,,,,,,235,,,WIN,False,5
,False,26,False,92658764,no_retreat_option,v8,,,,,,,,,235,,,WIN,False,5
,False,27,False,92658764,not_2prize_ex,v8,,,,,,,,,235,,,WIN,False,5
,False,28,False,92658764,no_retreat_option,v8,,,,,,,,,235,,,WIN,False,5
,False,29,False,92658764,not_2prize_ex,v8,,,,,,,,,235,,,WIN,False,5
,False,30,False,92658764,no_retreat_option,v8,,,,,,,,,235,,,WIN,False,5
,False,31,False,92658764,no_retreat_option,v8,,,,,,,,,235,,,WIN,False,5
,False,32,False,92658764,not_2prize_ex,v8,,,,,,,,,235,,,WIN,False,5
,False,33,False,92658764,no_retreat_option,v8,,,,,,,,,235,,,WIN,False,5
,False,34,False,92658764,not_2prize_ex,v8,,,,,,,,,235,,,WIN,False,5
,False,35,False,92658764,not_2prize_ex,v8,,,,,,,,,235,,,WIN,False,5
,False,36,False,92658764,no_retreat_option,v8,,,,,,,,,235,,,WIN,False,5
,False,37,False,92658764,no_retreat_option,v8,,,,,,,,,235,,,WIN,False,5
,False,38,False,92658764,no_retreat_option,v8,,,,,,,,,235,,,WIN,False,5
,False,39,False,92658764,not_2prize_ex,v8,,,,,,,,,235,,,WIN,False,5
,False,40,False,92658764,not_2prize_ex,v8,,,,,,,,,235,,,WIN,True,5
,False,41,False,92658764,no_retreat_option,v8,,,,,,,,,235,,,WIN,False,5
,True,42,False,92658764,no_retreat_option,v8,,,,,,,,,121,,,WIN,False,5
,False,43,False,92658764,no_retreat_option,v8,,,,,,,,,121,,,WIN,False,5
,False,44,False,92658764,no_retreat_option,v8,,,,,,,,,121,,,WIN,False,5
,False,45,False,92658764,no_retreat_option,v8,,,,,,,,,121,,,WIN,False,5
,False,46,False,92658764,no_retreat_option,v8,,,,,,,,,121,,,WIN,False,5
,False,47,False,92658764,no_retreat_option,v8,,,,,,,,,121,,,WIN,False,5
,False,48,False,92658764,no_retreat_option,v8,,,,,,,,,121,,,WIN,False,5
,False,49,False,92658764,no_active,v8,,,,,,,,,121,,,WIN,False,5
,False,50,False,92658764,no_active,v8,,,,,,,,,121,,,WIN,False,5
,False,51,False,92658764,not_lethal,v8,,,,,,,,,121,,,WIN,False,7
,True,52,False,92658764,not_lethal,v8,,,,,,,,,121,,,WIN,False,7
,False,53,False,92658764,no_retreat_option,v8,,,,,,,,,121,,,WIN,False,7
,False,54,False,92658764,no_retreat_option,v8,,,,,,,,,121,,,WIN,False,7
,False,55,False,92658764,no_retreat_option,v8,,,,,,,,,121,,,WIN,False,7
,False,56,False,92658764,no_retreat_option,v8,,,,,,,,,121,,,WIN,False,7
,False,57,False,92658764,no_retreat_option,v8,,,,,,,,,121,,,WIN,False,7
,False,58,False,92658764,no_retreat_option,v8,,,,,,,,,121,,,WIN,False,7
,False,59,False,92658764,no_active,v8,,,,,,,,,121,,,WIN,False,7
,False,60,False,92658764,no_active,v8,,,,,,,,,121,,,WIN,False,7
,False,61,False,92658764,not_lethal,v8,,,,,,,,,121,,,WIN,False,9
,False,62,False,92658764,no_retreat_option,v8,,,,,,,,,121,,,WIN,False,9
,False,63,False,92658764,not_lethal,v8,,,,,,,,,121,,,WIN,False,9
,False,64,False,92658764,no_retreat_option,v8,,,,,,,,,121,,,WIN,False,9
,False,65,False,92658764,no_retreat_option,v8,,,,,,,,,121,,,WIN,False,9
,False,66,False,92658764,not_lethal,v8,,,,,,,,,121,,,WIN,False,9
,False,67,False,92658764,not_lethal,v8,,,,,,,,,121,,,WIN,False,9
,False,68,False,92658764,no_retreat_option,v8,,,,,,,,,121,,,WIN,False,9
,False,69,False,92658764,not_lethal,v8,,,,,,,,,121,,,WIN,False,9
,True,70,False,92658764,not_lethal,v8,,,,,,,,,121,,,WIN,False,9
,False,71,False,92658764,no_retreat_option,v8,,,,,,,,,121,,,WIN,False,9
,False,72,False,92658764,no_retreat_option,v8,,,,,,,,,121,,,WIN,False,9
,False,73,False,92658764,no_retreat_option,v8,,,,,,,,,121,,,WIN,False,9
,False,74,False,92658764,no_retreat_option,v8,,,,,,,,,121,,,WIN,False,9
,False,75,False,92658764,no_retreat_option,v8,,,,,,,,,121,,,WIN,False,9
,False,76,False,92658764,no_retreat_option,v8,,,,,,,,,121,,,WIN,False,9
,False,77,False,92658764,no_active,v8,,,,,,,,,121,,,WIN,False,9
,False,0,False,92659740,no_active,v8,,,,,,,,,,,,WIN,False,
,False,1,False,92659740,no_active,v8,,,,,,,,,,,,WIN,False,
,False,2,False,92659740,no_active,v8,,,,,,,,,,,,WIN,False,0
,False,3,False,92659740,no_active,v8,,,,,,,,,,,,WIN,False,0
,False,4,False,92659740,no_retreat_option,v8,,,,,,,,,119,,,WIN,False,2
,False,5,False,92659740,no_retreat_option,v8,,,,,,,,,119,,,WIN,False,2
,False,6,False,92659740,no_retreat_option,v8,,,,,,,,,119,,,WIN,False,2
,False,7,False,92659740,no_retreat_option,v8,,,,,,,,,119,,,WIN,False,2
,False,8,False,92659740,no_retreat_option,v8,,,,,,,,,119,,,WIN,False,2
,False,9,False,92659740,no_retreat_option,v8,,,,,,,,,119,,,WIN,False,2
,False,10,False,92659740,no_retreat_option,v8,,,,,,,,,119,,,WIN,False,2
,False,11,False,92659740,no_retreat_option,v8,,,,,,,,,119,,,WIN,False,2
,False,12,False,92659740,no_retreat_option,v8,,,,,,,,,119,,,WIN,False,2
,False,13,False,92659740,no_retreat_option,v8,,,,,,,,,119,,,WIN,False,2
,False,14,False,92659740,not_2prize_ex,v8,,,,,,,,,119,,,WIN,True,2
,False,15,False,92659740,no_retreat_option,v8,,,,,,,,,119,,,WIN,False,2
,False,16,False,92659740,no_retreat_option,v8,,,,,,,,,235,,,WIN,False,2
,False,17,False,92659740,not_2prize_ex,v8,,,,,,,,,235,,,WIN,False,4
,False,18,False,92659740,not_2prize_ex,v8,,,,,,,,,235,,,WIN,False,4
,False,19,False,92659740,no_retreat_option,v8,,,,,,,,,235,,,WIN,False,4
,False,20,False,92659740,not_2prize_ex,v8,,,,,,,,,235,,,WIN,False,4
,False,21,False,92659740,not_2prize_ex,v8,,,,,,,,,235,,,WIN,False,4
,False,22,False,92659740,not_2prize_ex,v8,,,,,,,,,235,,,WIN,False,6
,False,23,False,92659740,not_2prize_ex,v8,,,,,,,,,235,,,WIN,False,6
,False,24,False,92659740,no_retreat_option,v8,,,,,,,,,235,,,WIN,False,6
,False,25,False,92659740,no_retreat_option,v8,,,,,,,,,235,,,WIN,False,6
,False,26,False,92659740,no_retreat_option,v8,,,,,,,,,235,,,WIN,False,6
,False,27,False,92659740,not_2prize_ex,v8,,,,,,,,,235,,,WIN,False,6
,False,28,False,92659740,not_2prize_ex,v8,,,,,,,,,235,,,WIN,True,6
,False,29,False,92659740,no_retreat_option,v8,,,,,,,,,235,,,WIN,False,6
,True,30,False,92659740,no_retreat_option,v8,,,,,,,,,121,,,WIN,False,6
,False,31,False,92659740,no_retreat_option,v8,,,,,,,,,121,,,WIN,False,6
,False,32,False,92659740,no_retreat_option,v8,,,,,,,,,121,,,WIN,False,6
,False,33,False,92659740,no_retreat_option,v8,,,,,,,,,121,,,WIN,False,6
,False,34,False,92659740,no_retreat_option,v8,,,,,,,,,121,,,WIN,False,6
,False,35,False,92659740,no_retreat_option,v8,,,,,,,,,121,,,WIN,False,6
,False,36,False,92659740,no_retreat_option,v8,,,,,,,,,121,,,WIN,False,6
,False,37,False,92659740,no_active,v8,,,,,,,,,121,,,WIN,False,6
False,False,38,True,92659740,,v8,2,Marnie's Grimmsnarl ex,320,Shadow Bullet,180,Dragapult ex,1,140,121,1,,WIN,False,8
,False,39,False,92659740,no_retreat_option,v8,,,,,,,,,121,,,WIN,False,8
False,False,40,True,92659740,,v8,2,Marnie's Grimmsnarl ex,320,Shadow Bullet,180,Dragapult ex,1,140,121,1,,WIN,False,8
,False,41,False,92659740,no_retreat_option,v8,,,,,,,,,121,,,WIN,False,8
False,False,42,True,92659740,,v8,2,Marnie's Grimmsnarl ex,320,Shadow Bullet,180,Dragapult ex,1,140,121,1,,WIN,False,8
,False,43,False,92659740,no_retreat_option,v8,,,,,,,,,121,,,WIN,False,8
False,False,44,True,92659740,,v8,2,Marnie's Grimmsnarl ex,320,Shadow Bullet,180,Dragapult ex,1,140,121,1,,WIN,False,8
False,False,45,True,92659740,,v8,1,Marnie's Grimmsnarl ex,320,Shadow Bullet,180,Dragapult ex,1,140,121,1,,WIN,False,8
,False,46,False,92659740,no_retreat_option,v8,,,,,,,,,121,,,WIN,False,8
False,False,47,True,92659740,,v8,1,Marnie's Grimmsnarl ex,320,Shadow Bullet,180,Dragapult ex,1,140,121,1,,WIN,False,8
,False,48,False,92659740,no_retreat_option,v8,,,,,,,,,121,,,WIN,False,8
False,False,49,True,92659740,,v8,1,Marnie's Grimmsnarl ex,320,Shadow Bullet,180,Dragapult ex,1,140,121,1,,WIN,False,8
False,False,50,True,92659740,,v8,2,Marnie's Grimmsnarl ex,320,Shadow Bullet,180,Dragapult ex,1,140,121,1,,WIN,True,8
,False,51,False,92659740,no_retreat_option,v8,,,,,,,,,121,,,WIN,False,8
,False,52,False,92659740,no_retreat_option,v8,,,,,,,,,121,,,WIN,False,8
,False,53,False,92659740,no_retreat_option,v8,,,,,,,,,121,,,WIN,False,8
True,False,54,True,92659740,,v8,2,Marnie's Grimmsnarl ex,250,Shadow Bullet,180,Dragapult ex,1,140,121,1,,WIN,False,10
,False,55,False,92659740,no_retreat_option,v8,,,,,,,,,121,,,WIN,False,10
,False,56,False,92659740,no_retreat_option,v8,,,,,,,,,121,,,WIN,False,10
True,False,57,True,92659740,,v8,2,Marnie's Grimmsnarl ex,250,Shadow Bullet,180,Dragapult ex,1,140,121,1,,WIN,False,10
,False,58,False,92659740,no_retreat_option,v8,,,,,,,,,121,,,WIN,False,10
True,False,59,True,92659740,,v8,2,Marnie's Grimmsnarl ex,250,Shadow Bullet,180,Dragapult ex,1,140,121,1,,WIN,False,10
,False,60,False,92659740,no_retreat_option,v8,,,,,,,,,121,,,WIN,False,10
True,False,61,True,92659740,,v8,2,Marnie's Grimmsnarl ex,250,Shadow Bullet,180,Dragapult ex,1,140,121,1,,WIN,False,10
,False,62,False,92659740,no_retreat_option,v8,,,,,,,,,121,,,WIN,False,10
,False,63,False,92659740,no_retreat_option,v8,,,,,,,,,121,,,WIN,False,10
,False,64,False,92659740,no_retreat_option,v8,,,,,,,,,121,,,WIN,False,10
True,False,65,True,92659740,,v8,2,Marnie's Grimmsnarl ex,250,Shadow Bullet,180,Dragapult ex,1,140,121,1,,WIN,False,10
True,False,66,True,92659740,,v8,2,Marnie's Grimmsnarl ex,250,Shadow Bullet,180,Dragapult ex,1,140,121,1,,WIN,True,10
,False,67,False,92659740,no_retreat_option,v8,,,,,,,,,121,,,WIN,False,10
,False,68,False,92659740,no_retreat_option,v8,,,,,,,,,121,,,WIN,False,10
,True,69,False,92659740,no_retreat_option,v8,,,,,,,,,121,,,WIN,False,10
,False,70,False,92659740,no_retreat_option,v8,,,,,,,,,121,,,WIN,False,10
,False,71,False,92659740,no_retreat_option,v8,,,,,,,,,121,,,WIN,False,10
,False,72,False,92659740,no_retreat_option,v8,,,,,,,,,121,,,WIN,False,10
,False,73,False,92659740,no_retreat_option,v8,,,,,,,,,121,,,WIN,False,10
,False,74,False,92659740,no_retreat_option,v8,,,,,,,,,121,,,WIN,False,10
,False,75,False,92659740,no_retreat_option,v8,,,,,,,,,121,,,WIN,False,10
,False,76,False,92659740,no_active,v8,,,,,,,,,,,,WIN,False,11
,False,77,False,92659740,not_2prize_ex,v8,,,,,,,,,235,,,WIN,False,12
,False,78,False,92659740,no_retreat_option,v8,,,,,,,,,235,,,WIN,False,12
,False,79,False,92659740,not_2prize_ex,v8,,,,,,,,,235,,,WIN,False,12
,False,80,False,92659740,not_2prize_ex,v8,,,,,,,,,235,,,WIN,False,12
,False,81,False,92659740,no_retreat_option,v8,,,,,,,,,235,,,WIN,False,12
,False,82,False,92659740,not_2prize_ex,v8,,,,,,,,,235,,,WIN,False,12
,False,83,False,92659740,not_2prize_ex,v8,,,,,,,,,235,,,WIN,False,12
,False,84,False,92659740,not_2prize_ex,v8,,,,,,,,,235,,,WIN,False,12
,False,85,False,92659740,no_retreat_option,v8,,,,,,,,,235,,,WIN,False,12
,False,86,False,92659740,not_2prize_ex,v8,,,,,,,,,235,,,WIN,False,12
,False,87,False,92659740,no_retreat_option,v8,,,,,,,,,235,,,WIN,False,12
,False,88,False,92659740,not_2prize_ex,v8,,,,,,,,,235,,,WIN,True,12
,False,89,False,92659740,no_retreat_option,v8,,,,,,,,,235,,,WIN,False,12
,True,90,False,92659740,no_retreat_option,v8,,,,,,,,,121,,,WIN,False,12
,False,91,False,92659740,no_retreat_option,v8,,,,,,,,,121,,,WIN,False,12
,False,92,False,92659740,no_retreat_option,v8,,,,,,,,,121,,,WIN,False,12
,False,93,False,92659740,no_retreat_option,v8,,,,,,,,,121,,,WIN,False,12
,False,94,False,92659740,no_retreat_option,v8,,,,,,,,,121,,,WIN,False,12
,False,95,False,92659740,no_retreat_option,v8,,,,,,,,,121,,,WIN,False,12
,False,96,False,92659740,no_retreat_option,v8,,,,,,,,,121,,,WIN,False,12
,False,97,False,92659740,no_active,v8,,,,,,,,,121,,,WIN,False,12
,False,98,False,92659740,not_lethal,v8,,,,,,,,,121,,,WIN,False,14
,False,99,False,92659740,no_retreat_option,v8,,,,,,,,,121,,,WIN,False,14
,False,100,False,92659740,not_lethal,v8,,,,,,,,,121,,,WIN,False,14
,False,101,False,92659740,not_lethal,v8,,,,,,,,,121,,,WIN,False,14
,False,102,False,92659740,not_lethal,v8,,,,,,,,,121,,,WIN,False,14
,False,103,False,92659740,no_retreat_option,v8,,,,,,,,,121,,,WIN,False,14
,False,104,False,92659740,not_lethal,v8,,,,,,,,,121,,,WIN,False,14
,False,105,False,92659740,not_lethal,v8,,,,,,,,,121,,,WIN,False,14
,True,106,False,92659740,not_lethal,v8,,,,,,,,,121,,,WIN,False,14
,False,107,False,92659740,no_retreat_option,v8,,,,,,,,,121,,,WIN,False,14
,False,108,False,92659740,no_retreat_option,v8,,,,,,,,,121,,,WIN,False,14
,False,109,False,92659740,no_retreat_option,v8,,,,,,,,,121,,,WIN,False,14
,False,110,False,92659740,no_retreat_option,v8,,,,,,,,,121,,,WIN,False,14
,False,111,False,92659740,no_retreat_option,v8,,,,,,,,,121,,,WIN,False,14
,False,112,False,92659740,no_retreat_option,v8,,,,,,,,,121,,,WIN,False,14
