counter_archetype,target_archetype,date,games_before,wins_before,win_rate_before,wilson_lo_before,target_meta_share_14d,counter_meta_share_14d,stat_gate_pass,full_gate_pass,consecutive_full_gate_passes,is_candidate_date,is_detection_date
Cynthia's Garchomp ex,Fezandipiti ex,2026-06-16,0,0,0.0,0.0,,,False,False,0,False,False
Cynthia's Garchomp ex,Fezandipiti ex,2026-06-17,0,0,0.0,0.0,0.0455,0.0,False,False,0,False,False
Cynthia's Garchomp ex,Fezandipiti ex,2026-06-18,0,0,0.0,0.0,0.0682,0.0,False,False,0,False,False
Cynthia's Garchomp ex,Fezandipiti ex,2026-06-19,0,0,0.0,0.0,0.0758,0.0,False,False,0,False,False
Cynthia's Garchomp ex,Fezandipiti ex,2026-06-20,0,0,0.0,0.0,0.0698,0.0,False,False,0,False,False
Cynthia's Garchomp ex,Fezandipiti ex,2026-06-21,0,0,0.0,0.0,0.0652,0.0,False,False,0,False,False
Cynthia's Garchomp ex,Fezandipiti ex,2026-06-22,0,0,0.0,0.0,0.0647,0.0,False,False,0,False,False
Cynthia's Garchomp ex,Fezandipiti ex,2026-06-23,1,0,0.0,0.0,0.0774,0.003,False,False,0,False,False
Cynthia's Garchomp ex,Fezandipiti ex,2026-06-24,1,0,0.0,0.0,0.0807,0.0026,False,False,0,False,False
Cynthia's Garchomp ex,Fezandipiti ex,2026-06-25,1,0,0.0,0.0,0.0787,0.0023,False,False,0,False,False
Cynthia's Garchomp ex,Fezandipiti ex,2026-06-26,1,0,0.0,0.0,0.0754,0.0022,False,False,0,False,False
Cynthia's Garchomp ex,Fezandipiti ex,2026-06-27,1,0,0.0,0.0,0.0712,0.0019,False,False,0,False,False
Cynthia's Garchomp ex,Fezandipiti ex,2026-06-28,1,0,0.0,0.0,0.0739,0.0018,False,False,0,False,False
Cynthia's Garchomp ex,Fezandipiti ex,2026-06-29,1,0,0.0,0.0,0.0714,0.0032,False,False,0,False,False
Cynthia's Garchomp ex,Fezandipiti ex,2026-06-30,1,0,0.0,0.0,0.0729,0.003,False,False,0,False,False
Cynthia's Garchomp ex,Fezandipiti ex,2026-07-01,1,0,0.0,0.0,0.081,0.0071,False,False,0,False,False
Cynthia's Garchomp ex,Fezandipiti ex,2026-07-02,1,0,0.0,0.0,0.0841,0.0075,False,False,0,False,False
Cynthia's Garchomp ex,Fezandipiti ex,2026-07-03,1,0,0.0,0.0,0.0826,0.0101,False,False,0,False,False
Cynthia's Garchomp ex,Fezandipiti ex,2026-07-04,1,0,0.0,0.0,0.0868,0.0118,False,False,0,False,False
Cynthia's Garchomp ex,Fezandipiti ex,2026-07-05,1,0,0.0,0.0,0.0855,0.0147,False,False,0,False,False
Cynthia's Garchomp ex,Fezandipiti ex,2026-07-06,2,0,0.0,0.0,0.0875,0.0208,False,False,0,False,False
Cynthia's Garchomp ex,Fezandipiti ex,2026-07-07,2,0,0.0,0.0,0.0831,0.0242,False,False,0,False,False
Cynthia's Garchomp ex,Fezandipiti ex,2026-07-08,3,1,0.3333,0.0615,0.084,0.0388,False,False,0,False,False
Cynthia's Garchomp ex,Fezandipiti ex,2026-07-09,4,1,0.25,0.0456,0.0878,0.0508,False,False,0,False,False
Cynthia's Garchomp ex,Fezandipiti ex,2026-07-10,7,2,0.2857,0.0822,0.1144,0.0557,False,False,0,False,False
Cynthia's Garchomp ex,Fezandipiti ex,2026-07-11,10,3,0.3,0.1078,0.1423,0.0581,False,False,0,False,False
Cynthia's Garchomp ex,Fezandipiti ex,2026-07-12,12,4,0.3333,0.1381,0.161,0.0599,False,False,0,False,False
Cynthia's Garchomp ex,Fezandipiti ex,2026-07-13,14,6,0.4286,0.2138,0.1809,0.0598,False,False,0,False,False
Cynthia's Garchomp ex,Fezandipiti ex,2026-07-14,16,7,0.4375,0.231,0.2065,0.0593,False,False,0,False,False
Cynthia's Garchomp ex,Fezandipiti ex,2026-07-15,16,7,0.4375,0.231,0.2325,0.0531,False,False,0,False,False
Cynthia's Garchomp ex,Fezandipiti ex,2026-07-16,16,7,0.4375,0.231,0.2471,0.0501,False,False,0,False,False
Cynthia's Garchomp ex,Fezandipiti ex,2026-07-17,19,9,0.4737,0.2733,0.2584,0.0518,False,False,0,False,False
Cynthia's Garchomp ex,Fezandipiti ex,2026-07-18,22,11,0.5,0.3072,0.2763,0.0527,False,False,0,False,False
Cynthia's Garchomp ex,Fezandipiti ex,2026-07-19,25,12,0.48,0.3003,0.286,0.0551,False,False,0,False,False
Cynthia's Garchomp ex,Fezandipiti ex,2026-07-20,29,15,0.5172,0.3443,0.2966,0.0553,False,False,0,False,False
Cynthia's Garchomp ex,Fezandipiti ex,2026-07-21,32,16,0.5,0.3363,0.3024,0.0562,False,False,0,False,False
Cynthia's Garchomp ex,Fezandipiti ex,2026-07-22,38,18,0.4737,0.3248,0.3175,0.0549,False,False,0,False,False
Cynthia's Garchomp ex,Fezandipiti ex,2026-07-23,39,18,0.4615,0.3157,0.324,0.0534,False,False,0,False,False
Cynthia's Garchomp ex,Fezandipiti ex,2026-07-24,43,19,0.4419,0.3043,0.3267,0.0573,False,False,0,False,False
Cynthia's Garchomp ex,Fezandipiti ex,2026-07-25,43,19,0.4419,0.3043,0.3138,0.0567,False,False,0,False,False
Cynthia's Garchomp ex,Fezandipiti ex,2026-07-26,46,21,0.4565,0.3215,0.3021,0.0616,False,False,0,False,False
Cynthia's Garchomp ex,Fezandipiti ex,2026-07-27,47,22,0.4681,0.3333,0.2942,0.0611,False,False,0,False,False
Cynthia's Garchomp ex,Fezandipiti ex,2026-07-28,47,22,0.4681,0.3333,0.2736,0.061,False,False,0,False,False
Cynthia's Garchomp ex,Fezandipiti ex,2026-07-29,47,22,0.4681,0.3333,0.2481,0.0614,False,False,0,False,False
Cynthia's Garchomp ex,Fezandipiti ex,2026-07-30,47,22,0.4681,0.3333,0.2273,0.0603,False,False,0,False,False
Cynthia's Garchomp ex,Fezandipiti ex,2026-07-31,48,23,0.4792,0.3447,0.2138,0.0571,False,False,0,False,False
Cynthia's Garchomp ex,Fezandipiti ex,2026-08-01,48,23,0.4792,0.3447,0.1928,0.0554,False,False,0,False,False
Cynthia's Garchomp ex,Fezandipiti ex,2026-08-02,51,23,0.451,0.3227,0.1793,0.0546,False,False,0,False,False
Cynthia's Garchomp ex,Fezandipiti ex,2026-08-03,51,23,0.451,0.3227,0.1601,0.0526,False,False,0,False,False
Cynthia's Garchomp ex,Fezandipiti ex,2026-08-04,52,23,0.4423,0.3159,0.1484,0.0536,False,False,0,False,False
Cynthia's Garchomp ex,Fezandipiti ex,2026-08-05,54,23,0.4259,0.3033,0.141,0.0506,False,False,0,False,False
Cynthia's Garchomp ex,Fezandipiti ex,2026-08-06,54,23,0.4259,0.3033,0.1403,0.0458,False,False,0,False,False
Cynthia's Garchomp ex,Fezandipiti ex,2026-08-07,55,24,0.4364,0.3137,0.1355,0.0396,False,False,0,False,False
Cynthia's Garchomp ex,Fezandipiti ex,2026-08-08,55,24,0.4364,0.3137,0.1379,0.0379,False,False,0,False,False
Cynthia's Garchomp ex,Fezandipiti ex,2026-08-09,56,25,0.4464,0.3239,0.1432,0.0307,False,False,0,False,False
Cynthia's Garchomp ex,Fezandipiti ex,2026-08-10,56,25,0.4464,0.3239,0.1425,0.0294,False,False,0,False,False
Cynthia's Garchomp ex,Marnie's Grimmsnarl ex,2026-06-16,0,0,0.0,0.0,,,False,False,0,False,False
Cynthia's Garchomp ex,Marnie's Grimmsnarl ex,2026-06-17,0,0,0.0,0.0,0.0,0.0,False,False,0,False,False
Cynthia's Garchomp ex,Marnie's Grimmsnarl ex,2026-06-18,0,0,0.0,0.0,0.0,0.0,False,False,0,False,False
Cynthia's Garchomp ex,Marnie's Grimmsnarl ex,2026-06-19,0,0,0.0,0.0,0.0,0.0,False,False,0,False,False
Cynthia's Garchomp ex,Marnie's Grimmsnarl ex,2026-06-20,0,0,0.0,0.0,0.0,0.0,False,False,0,False,False
Cynthia's Garchomp ex,Marnie's Grimmsnarl ex,2026-06-21,0,0,0.0,0.0,0.0,0.0,False,False,0,False,False
Cynthia's Garchomp ex,Marnie's Grimmsnarl ex,2026-06-22,0,0,0.0,0.0,0.0,0.0,False,False,0,False,False
Cynthia's Garchomp ex,Marnie's Grimmsnarl ex,2026-06-23,0,0,0.0,0.0,0.0,0.003,False,False,0,False,False
Cynthia's Garchomp ex,Marnie's Grimmsnarl ex,2026-06-24,0,0,0.0,0.0,0.0,0.0026,False,False,0,False,False
Cynthia's Garchomp ex,Marnie's Grimmsnarl ex,2026-06-25,0,0,0.0,0.0,0.0,0.0023,False,False,0,False,False
Cynthia's Garchomp ex,Marnie's Grimmsnarl ex,2026-06-26,0,0,0.0,0.0,0.0,0.0022,False,False,0,False,False
Cynthia's Garchomp ex,Marnie's Grimmsnarl ex,2026-06-27,0,0,0.0,0.0,0.0,0.0019,False,False,0,False,False
Cynthia's Garchomp ex,Marnie's Grimmsnarl ex,2026-06-28,0,0,0.0,0.0,0.0,0.0018,False,False,0,False,False
Cynthia's Garchomp ex,Marnie's Grimmsnarl ex,2026-06-29,0,0,0.0,0.0,0.0,0.0032,False,False,0,False,False
Cynthia's Garchomp ex,Marnie's Grimmsnarl ex,2026-06-30,0,0,0.0,0.0,0.0,0.003,False,False,0,False,False
Cynthia's Garchomp ex,Marnie's Grimmsnarl ex,2026-07-01,0,0,0.0,0.0,0.0043,0.0071,False,False,0,False,False
Cynthia's Garchomp ex,Marnie's Grimmsnarl ex,2026-07-02,0,0,0.0,0.0,0.0135,0.0075,False,False,0,False,False
Cynthia's Garchomp ex,Marnie's Grimmsnarl ex,2026-07-03,0,0,0.0,0.0,0.042,0.0101,False,False,0,False,False
Cynthia's Garchomp ex,Marnie's Grimmsnarl ex,2026-07-04,1,0,0.0,0.0,0.05,0.0118,False,False,0,False,False
Cynthia's Garchomp ex,Marnie's Grimmsnarl ex,2026-07-05,2,1,0.5,0.0945,0.0826,0.0147,False,False,0,False,False
Cynthia's Garchomp ex,Marnie's Grimmsnarl ex,2026-07-06,3,2,0.6667,0.2077,0.1024,0.0208,False,False,0,False,False
Cynthia's Garchomp ex,Marnie's Grimmsnarl ex,2026-07-07,4,2,0.5,0.15,0.1284,0.0242,False,False,0,False,False
Cynthia's Garchomp ex,Marnie's Grimmsnarl ex,2026-07-08,7,4,0.5714,0.2505,0.146,0.0388,False,False,0,False,False
Cynthia's Garchomp ex,Marnie's Grimmsnarl ex,2026-07-09,9,6,0.6667,0.3542,0.1686,0.0508,False,False,0,False,False
Cynthia's Garchomp ex,Marnie's Grimmsnarl ex,2026-07-10,11,6,0.5455,0.2801,0.168,0.0557,False,False,0,False,False
Cynthia's Garchomp ex,Marnie's Grimmsnarl ex,2026-07-11,12,7,0.5833,0.3195,0.1798,0.0581,False,False,0,False,False
Cynthia's Garchomp ex,Marnie's Grimmsnarl ex,2026-07-12,12,7,0.5833,0.3195,0.1781,0.0599,False,False,0,False,False
Cynthia's Garchomp ex,Marnie's Grimmsnarl ex,2026-07-13,12,7,0.5833,0.3195,0.1809,0.0598,False,False,0,False,False
Cynthia's Garchomp ex,Marnie's Grimmsnarl ex,2026-07-14,12,7,0.5833,0.3195,0.1847,0.0593,False,False,0,False,False
Cynthia's Garchomp ex,Marnie's Grimmsnarl ex,2026-07-15,12,7,0.5833,0.3195,0.1844,0.0531,False,False,0,False,False
Cynthia's Garchomp ex,Marnie's Grimmsnarl ex,2026-07-16,13,7,0.5385,0.2914,0.1827,0.0501,False,False,0,False,False
Cynthia's Garchomp ex,Marnie's Grimmsnarl ex,2026-07-17,14,8,0.5714,0.3259,0.1742,0.0518,False,False,0,False,False
Cynthia's Garchomp ex,Marnie's Grimmsnarl ex,2026-07-18,16,8,0.5,0.28,0.1745,0.0527,False,False,0,False,False
Cynthia's Garchomp ex,Marnie's Grimmsnarl ex,2026-07-19,19,11,0.5789,0.3628,0.1742,0.0551,False,False,0,False,False
Cynthia's Garchomp ex,Marnie's Grimmsnarl ex,2026-07-20,26,16,0.6154,0.4253,0.1812,0.0553,False,False,0,False,False
Cynthia's Garchomp ex,Marnie's Grimmsnarl ex,2026-07-21,30,19,0.6333,0.4551,0.1861,0.0562,False,False,0,False,False
Cynthia's Garchomp ex,Marnie's Grimmsnarl ex,2026-07-22,32,21,0.6562,0.4831,0.1978,0.0549,False,False,0,False,False
Cynthia's Garchomp ex,Marnie's Grimmsnarl ex,2026-07-23,36,23,0.6389,0.4757,0.2111,0.0534,False,False,0,False,False
Cynthia's Garchomp ex,Marnie's Grimmsnarl ex,2026-07-24,44,29,0.6591,0.5114,0.2296,0.0573,False,False,0,False,False
Cynthia's Garchomp ex,Marnie's Grimmsnarl ex,2026-07-25,50,29,0.58,0.4423,0.2618,0.0567,False,False,0,False,False
Cynthia's Garchomp ex,Marnie's Grimmsnarl ex,2026-07-26,59,34,0.5763,0.4493,0.2944,0.0616,False,False,0,False,False
Cynthia's Garchomp ex,Marnie's Grimmsnarl ex,2026-07-27,64,36,0.5625,0.4409,0.3219,0.0611,False,False,0,False,False
Cynthia's Garchomp ex,Marnie's Grimmsnarl ex,2026-07-28,68,40,0.5882,0.4696,0.3552,0.061,False,False,0,False,False
Cynthia's Garchomp ex,Marnie's Grimmsnarl ex,2026-07-29,71,41,0.5775,0.4615,0.3946,0.0614,False,False,0,False,False
Cynthia's Garchomp ex,Marnie's Grimmsnarl ex,2026-07-30,71,41,0.5775,0.4615,0.4268,0.0603,False,False,0,False,False
Cynthia's Garchomp ex,Marnie's Grimmsnarl ex,2026-07-31,74,43,0.5811,0.4674,0.4615,0.0571,False,False,0,False,False
Cynthia's Garchomp ex,Marnie's Grimmsnarl ex,2026-08-01,76,45,0.5921,0.4798,0.4873,0.0554,False,False,0,False,False
Cynthia's Garchomp ex,Marnie's Grimmsnarl ex,2026-08-02,79,46,0.5823,0.4722,0.4985,0.0546,False,False,0,False,False
Cynthia's Garchomp ex,Marnie's Grimmsnarl ex,2026-08-03,82,48,0.5854,0.4773,0.5084,0.0526,False,False,0,False,False
Cynthia's Garchomp ex,Marnie's Grimmsnarl ex,2026-08-04,90,51,0.5667,0.4636,0.5052,0.0536,False,False,0,False,False
Cynthia's Garchomp ex,Marnie's Grimmsnarl ex,2026-08-05,92,52,0.5652,0.4633,0.5071,0.0506,False,False,0,False,False
Cynthia's Garchomp ex,Marnie's Grimmsnarl ex,2026-08-06,93,52,0.5591,0.4579,0.5026,0.0458,False,False,0,False,False
Cynthia's Garchomp ex,Marnie's Grimmsnarl ex,2026-08-07,94,52,0.5532,0.4526,0.5019,0.0396,False,False,0,False,False
Cynthia's Garchomp ex,Marnie's Grimmsnarl ex,2026-08-08,95,53,0.5579,0.4577,0.485,0.0379,False,False,0,False,False
Cynthia's Garchomp ex,Marnie's Grimmsnarl ex,2026-08-09,96,54,0.5625,0.4628,0.4726,0.0307,False,False,0,False,False
Cynthia's Garchomp ex,Marnie's Grimmsnarl ex,2026-08-10,97,55,0.567,0.4677,0.4566,0.0294,False,False,0,False,False
Cynthia's Garchomp ex,Mega Kangaskhan ex,2026-06-16,0,0,0.0,0.0,,,False,False,0,False,False
Cynthia's Garchomp ex,Mega Kangaskhan ex,2026-06-17,0,0,0.0,0.0,0.0455,0.0,False,False,0,False,False
Cynthia's Garchomp ex,Mega Kangaskhan ex,2026-06-18,0,0,0.0,0.0,0.0114,0.0,False,False,0,False,False
Cynthia's Garchomp ex,Mega Kangaskhan ex,2026-06-19,0,0,0.0,0.0,0.0152,0.0,False,False,0,False,False
Cynthia's Garchomp ex,Mega Kangaskhan ex,2026-06-20,0,0,0.0,0.0,0.0116,0.0,False,False,0,False,False
Cynthia's Garchomp ex,Mega Kangaskhan ex,2026-06-21,0,0,0.0,0.0,0.0087,0.0,False,False,0,False,False
Cynthia's Garchomp ex,Mega Kangaskhan ex,2026-06-22,0,0,0.0,0.0,0.0072,0.0,False,False,0,False,False
Cynthia's Garchomp ex,Mega Kangaskhan ex,2026-06-23,0,0,0.0,0.0,0.006,0.003,False,False,0,False,False
Cynthia's Garchomp ex,Mega Kangaskhan ex,2026-06-24,0,0,0.0,0.0,0.0052,0.0026,False,False,0,False,False
Cynthia's Garchomp ex,Mega Kangaskhan ex,2026-06-25,0,0,0.0,0.0,0.0069,0.0023,False,False,0,False,False
Cynthia's Garchomp ex,Mega Kangaskhan ex,2026-06-26,0,0,0.0,0.0,0.0086,0.0022,False,False,0,False,False
Cynthia's Garchomp ex,Mega Kangaskhan ex,2026-06-27,0,0,0.0,0.0,0.0077,0.0019,False,False,0,False,False
Cynthia's Garchomp ex,Mega Kangaskhan ex,2026-06-28,0,0,0.0,0.0,0.007,0.0018,False,False,0,False,False
Cynthia's Garchomp ex,Mega Kangaskhan ex,2026-06-29,0,0,0.0,0.0,0.0063,0.0032,False,False,0,False,False
Cynthia's Garchomp ex,Mega Kangaskhan ex,2026-06-30,0,0,0.0,0.0,0.006,0.003,False,False,0,False,False
Cynthia's Garchomp ex,Mega Kangaskhan ex,2026-07-01,0,0,0.0,0.0,0.0043,0.0071,False,False,0,False,False
Cynthia's Garchomp ex,Mega Kangaskhan ex,2026-07-02,0,0,0.0,0.0,0.0075,0.0075,False,False,0,False,False
Cynthia's Garchomp ex,Mega Kangaskhan ex,2026-07-03,0,0,0.0,0.0,0.0058,0.0101,False,False,0,False,False
Cynthia's Garchomp ex,Mega Kangaskhan ex,2026-07-04,0,0,0.0,0.0,0.0074,0.0118,False,False,0,False,False
Cynthia's Garchomp ex,Mega Kangaskhan ex,2026-07-05,1,1,1.0,0.2065,0.0147,0.0147,False,False,0,False,False
Cynthia's Garchomp ex,Mega Kangaskhan ex,2026-07-06,1,1,1.0,0.2065,0.0208,0.0208,False,False,0,False,False
Cynthia's Garchomp ex,Mega Kangaskhan ex,2026-07-07,2,2,1.0,0.3424,0.0287,0.0242,False,False,0,False,False
Cynthia's Garchomp ex,Mega Kangaskhan ex,2026-07-08,4,2,0.5,0.15,0.0491,0.0388,False,False,0,False,False
Cynthia's Garchomp ex,Mega Kangaskhan ex,2026-07-09,5,2,0.4,0.1176,0.0624,0.0508,False,False,0,False,False
Cynthia's Garchomp ex,Mega Kangaskhan ex,2026-07-10,6,3,0.5,0.1876,0.0759,0.0557,False,False,0,False,False
Cynthia's Garchomp ex,Mega Kangaskhan ex,2026-07-11,6,3,0.5,0.1876,0.0899,0.0581,False,False,0,False,False
Cynthia's Garchomp ex,Mega Kangaskhan ex,2026-07-12,6,3,0.5,0.1876,0.1087,0.0599,False,False,0,False,False
Cynthia's Garchomp ex,Mega Kangaskhan ex,2026-07-13,7,3,0.4286,0.1582,0.1252,0.0598,False,False,0,False,False
Cynthia's Garchomp ex,Mega Kangaskhan ex,2026-07-14,9,4,0.4444,0.1888,0.1366,0.0593,False,False,0,False,False
Cynthia's Garchomp ex,Mega Kangaskhan ex,2026-07-15,9,4,0.4444,0.1888,0.1466,0.0531,False,False,0,False,False
Cynthia's Garchomp ex,Mega Kangaskhan ex,2026-07-16,9,4,0.4444,0.1888,0.1515,0.0501,False,False,0,False,False
Cynthia's Garchomp ex,Mega Kangaskhan ex,2026-07-17,11,6,0.5455,0.2801,0.1604,0.0518,False,False,0,False,False
Cynthia's Garchomp ex,Mega Kangaskhan ex,2026-07-18,12,7,0.5833,0.3195,0.1563,0.0527,False,False,0,False,False
Cynthia's Garchomp ex,Mega Kangaskhan ex,2026-07-19,15,10,0.6667,0.4171,0.1607,0.0551,False,False,0,False,False
Cynthia's Garchomp ex,Mega Kangaskhan ex,2026-07-20,15,10,0.6667,0.4171,0.1528,0.0553,False,False,0,False,False
Cynthia's Garchomp ex,Mega Kangaskhan ex,2026-07-21,17,11,0.6471,0.413,0.1494,0.0562,False,False,0,False,False
Cynthia's Garchomp ex,Mega Kangaskhan ex,2026-07-22,19,13,0.6842,0.4601,0.1459,0.0549,False,False,0,False,False
Cynthia's Garchomp ex,Mega Kangaskhan ex,2026-07-23,22,14,0.6364,0.4295,0.1428,0.0534,False,False,0,False,False
Cynthia's Garchomp ex,Mega Kangaskhan ex,2026-07-24,26,16,0.6154,0.4253,0.134,0.0573,False,False,0,False,False
Cynthia's Garchomp ex,Mega Kangaskhan ex,2026-07-25,27,16,0.5926,0.4073,0.1276,0.0567,False,False,0,False,False
Cynthia's Garchomp ex,Mega Kangaskhan ex,2026-07-26,29,17,0.5862,0.4074,0.115,0.0616,False,False,0,False,False
Cynthia's Garchomp ex,Mega Kangaskhan ex,2026-07-27,30,17,0.5667,0.392,0.1042,0.0611,False,False,0,False,False
Cynthia's Garchomp ex,Mega Kangaskhan ex,2026-07-28,31,17,0.5484,0.3777,0.0988,0.061,False,False,0,False,False
Cynthia's Garchomp ex,Mega Kangaskhan ex,2026-07-29,31,17,0.5484,0.3777,0.0948,0.0614,False,False,0,False,False
Cynthia's Garchomp ex,Mega Kangaskhan ex,2026-07-30,32,17,0.5312,0.3645,0.0943,0.0603,False,False,0,False,False
Cynthia's Garchomp ex,Mega Kangaskhan ex,2026-07-31,32,17,0.5312,0.3645,0.0887,0.0571,False,False,0,False,False
Cynthia's Garchomp ex,Mega Kangaskhan ex,2026-08-01,33,18,0.5455,0.3799,0.09,0.0554,False,False,0,False,False
Cynthia's Garchomp ex,Mega Kangaskhan ex,2026-08-02,36,18,0.5,0.3447,0.086,0.0546,False,False,0,False,False
Cynthia's Garchomp ex,Mega Kangaskhan ex,2026-08-03,36,18,0.5,0.3447,0.0864,0.0526,False,False,0,False,False
Cynthia's Garchomp ex,Mega Kangaskhan ex,2026-08-04,37,18,0.4865,0.3345,0.087,0.0536,False,False,0,False,False
Cynthia's Garchomp ex,Mega Kangaskhan ex,2026-08-05,37,18,0.4865,0.3345,0.0855,0.0506,False,False,0,False,False
Cynthia's Garchomp ex,Mega Kangaskhan ex,2026-08-06,37,18,0.4865,0.3345,0.087,0.0458,False,False,0,False,False
Cynthia's Garchomp ex,Mega Kangaskhan ex,2026-08-07,38,18,0.4737,0.3248,0.0904,0.0396,False,False,0,False,False
Cynthia's Garchomp ex,Mega Kangaskhan ex,2026-08-08,40,18,0.45,0.3071,0.0926,0.0379,False,False,0,False,False
Cynthia's Garchomp ex,Mega Kangaskhan ex,2026-08-09,40,18,0.45,0.3071,0.0971,0.0307,False,False,0,False,False
Cynthia's Garchomp ex,Mega Kangaskhan ex,2026-08-10,40,18,0.45,0.3071,0.0984,0.0294,False,False,0,False,False
Cynthia's Garchomp ex,Team Rocket's Mewtwo ex,2026-06-16,0,0,0.0,0.0,,,False,False,0,False,False
Cynthia's Garchomp ex,Team Rocket's Mewtwo ex,2026-06-17,0,0,0.0,0.0,0.0,0.0,False,False,0,False,False
Cynthia's Garchomp ex,Team Rocket's Mewtwo ex,2026-06-18,0,0,0.0,0.0,0.0,0.0,False,False,0,False,False
Cynthia's Garchomp ex,Team Rocket's Mewtwo ex,2026-06-19,0,0,0.0,0.0,0.0,0.0,False,False,0,False,False
Cynthia's Garchomp ex,Team Rocket's Mewtwo ex,2026-06-20,0,0,0.0,0.0,0.0,0.0,False,False,0,False,False
Cynthia's Garchomp ex,Team Rocket's Mewtwo ex,2026-06-21,0,0,0.0,0.0,0.0043,0.0,False,False,0,False,False
Cynthia's Garchomp ex,Team Rocket's Mewtwo ex,2026-06-22,0,0,0.0,0.0,0.0072,0.0,False,False,0,False,False
Cynthia's Garchomp ex,Team Rocket's Mewtwo ex,2026-06-23,0,0,0.0,0.0,0.0089,0.003,False,False,0,False,False
Cynthia's Garchomp ex,Team Rocket's Mewtwo ex,2026-06-24,0,0,0.0,0.0,0.0078,0.0026,False,False,0,False,False
Cynthia's Garchomp ex,Team Rocket's Mewtwo ex,2026-06-25,0,0,0.0,0.0,0.0069,0.0023,False,False,0,False,False
Cynthia's Garchomp ex,Team Rocket's Mewtwo ex,2026-06-26,0,0,0.0,0.0,0.0065,0.0022,False,False,0,False,False
Cynthia's Garchomp ex,Team Rocket's Mewtwo ex,2026-06-27,0,0,0.0,0.0,0.0096,0.0019,False,False,0,False,False
Cynthia's Garchomp ex,Team Rocket's Mewtwo ex,2026-06-28,0,0,0.0,0.0,0.0088,0.0018,False,False,0,False,False
Cynthia's Garchomp ex,Team Rocket's Mewtwo ex,2026-06-29,0,0,0.0,0.0,0.0095,0.0032,False,False,0,False,False
Cynthia's Garchomp ex,Team Rocket's Mewtwo ex,2026-06-30,0,0,0.0,0.0,0.0089,0.003,False,False,0,False,False
Cynthia's Garchomp ex,Team Rocket's Mewtwo ex,2026-07-01,0,0,0.0,0.0,0.0085,0.0071,False,False,0,False,False
Cynthia's Garchomp ex,Team Rocket's Mewtwo ex,2026-07-02,0,0,0.0,0.0,0.009,0.0075,False,False,0,False,False
Cynthia's Garchomp ex,Team Rocket's Mewtwo ex,2026-07-03,0,0,0.0,0.0,0.0087,0.0101,False,False,0,False,False
Cynthia's Garchomp ex,Team Rocket's Mewtwo ex,2026-07-04,0,0,0.0,0.0,0.0088,0.0118,False,False,0,False,False
Cynthia's Garchomp ex,Team Rocket's Mewtwo ex,2026-07-05,0,0,0.0,0.0,0.0103,0.0147,False,False,0,False,False
Cynthia's Garchomp ex,Team Rocket's Mewtwo ex,2026-07-06,0,0,0.0,0.0,0.0104,0.0208,False,False,0,False,False
Cynthia's Garchomp ex,Team Rocket's Mewtwo ex,2026-07-07,0,0,0.0,0.0,0.0091,0.0242,False,False,0,False,False
Cynthia's Garchomp ex,Team Rocket's Mewtwo ex,2026-07-08,1,0,0.0,0.0,0.0116,0.0388,False,False,0,False,False
Cynthia's Garchomp ex,Team Rocket's Mewtwo ex,2026-07-09,1,0,0.0,0.0,0.0104,0.0508,False,False,0,False,False
Cynthia's Garchomp ex,Team Rocket's Mewtwo ex,2026-07-10,1,0,0.0,0.0,0.0111,0.0557,False,False,0,False,False
Cynthia's Garchomp ex,Team Rocket's Mewtwo ex,2026-07-11,1,0,0.0,0.0,0.0112,0.0581,False,False,0,False,False
Cynthia's Garchomp ex,Team Rocket's Mewtwo ex,2026-07-12,2,1,0.5,0.0945,0.0128,0.0599,False,False,0,False,False
Cynthia's Garchomp ex,Team Rocket's Mewtwo ex,2026-07-13,2,1,0.5,0.0945,0.0153,0.0598,False,False,0,False,False
Cynthia's Garchomp ex,Team Rocket's Mewtwo ex,2026-07-14,2,1,0.5,0.0945,0.0173,0.0593,False,False,0,False,False
Cynthia's Garchomp ex,Team Rocket's Mewtwo ex,2026-07-15,2,1,0.5,0.0945,0.0175,0.0531,False,False,0,False,False
Cynthia's Garchomp ex,Team Rocket's Mewtwo ex,2026-07-16,2,1,0.5,0.0945,0.0306,0.0501,False,False,0,False,False
Cynthia's Garchomp ex,Team Rocket's Mewtwo ex,2026-07-17,2,1,0.5,0.0945,0.0368,0.0518,False,False,0,False,False
Cynthia's Garchomp ex,Team Rocket's Mewtwo ex,2026-07-18,3,2,0.6667,0.2077,0.0404,0.0527,False,False,0,False,False
Cynthia's Garchomp ex,Team Rocket's Mewtwo ex,2026-07-19,4,2,0.5,0.15,0.0455,0.0551,False,False,0,False,False
Cynthia's Garchomp ex,Team Rocket's Mewtwo ex,2026-07-20,4,2,0.5,0.15,0.0522,0.0553,False,False,0,False,False
Cynthia's Garchomp ex,Team Rocket's Mewtwo ex,2026-07-21,5,2,0.4,0.1176,0.0597,0.0562,False,False,0,False,False
Cynthia's Garchomp ex,Team Rocket's Mewtwo ex,2026-07-22,8,5,0.625,0.3057,0.0727,0.0549,False,False,0,False,False
Cynthia's Garchomp ex,Team Rocket's Mewtwo ex,2026-07-23,11,5,0.4545,0.2127,0.0841,0.0534,False,False,0,False,False
Cynthia's Garchomp ex,Team Rocket's Mewtwo ex,2026-07-24,14,6,0.4286,0.2138,0.0885,0.0573,False,False,0,False,False
Cynthia's Garchomp ex,Team Rocket's Mewtwo ex,2026-07-25,14,6,0.4286,0.2138,0.0908,0.0567,False,False,0,False,False
Cynthia's Garchomp ex,Team Rocket's Mewtwo ex,2026-07-26,18,8,0.4444,0.2456,0.1005,0.0616,False,False,0,False,False
Cynthia's Garchomp ex,Team Rocket's Mewtwo ex,2026-07-27,19,9,0.4737,0.2733,0.1029,0.0611,False,False,0,False,False
Cynthia's Garchomp ex,Team Rocket's Mewtwo ex,2026-07-28,20,10,0.5,0.2993,0.104,0.061,False,False,0,False,False
Cynthia's Garchomp ex,Team Rocket's Mewtwo ex,2026-07-29,20,10,0.5,0.2993,0.1075,0.0614,False,False,0,False,False
Cynthia's Garchomp ex,Team Rocket's Mewtwo ex,2026-07-30,20,10,0.5,0.2993,0.1027,0.0603,False,False,0,False,False
Cynthia's Garchomp ex,Team Rocket's Mewtwo ex,2026-07-31,20,10,0.5,0.2993,0.1004,0.0571,False,False,0,False,False
Cynthia's Garchomp ex,Team Rocket's Mewtwo ex,2026-08-01,21,11,0.5238,0.3237,0.098,0.0554,False,False,0,False,False
Cynthia's Garchomp ex,Team Rocket's Mewtwo ex,2026-08-02,21,11,0.5238,0.3237,0.0922,0.0546,False,False,0,False,False
Cynthia's Garchomp ex,Team Rocket's Mewtwo ex,2026-08-03,22,12,0.5455,0.3466,0.0856,0.0526,False,False,0,False,False
Cynthia's Garchomp ex,Team Rocket's Mewtwo ex,2026-08-04,22,12,0.5455,0.3466,0.0765,0.0536,False,False,0,False,False
Cynthia's Garchomp ex,Team Rocket's Mewtwo ex,2026-08-05,22,12,0.5455,0.3466,0.0653,0.0506,False,False,0,False,False
Cynthia's Garchomp ex,Team Rocket's Mewtwo ex,2026-08-06,22,12,0.5455,0.3466,0.0566,0.0458,False,False,0,False,False
Cynthia's Garchomp ex,Team Rocket's Mewtwo ex,2026-08-07,23,13,0.5652,0.3681,0.0534,0.0396,False,False,0,False,False
Cynthia's Garchomp ex,Team Rocket's Mewtwo ex,2026-08-08,23,13,0.5652,0.3681,0.0487,0.0379,False,False,0,False,False
Cynthia's Garchomp ex,Team Rocket's Mewtwo ex,2026-08-09,23,13,0.5652,0.3681,0.039,0.0307,False,False,0,False,False
Cynthia's Garchomp ex,Team Rocket's Mewtwo ex,2026-08-10,23,13,0.5652,0.3681,0.0336,0.0294,False,False,0,False,False
Dragapult ex,Fezandipiti ex,2026-06-16,0,0,0.0,0.0,,,False,False,0,False,False
Dragapult ex,Fezandipiti ex,2026-06-17,1,1,1.0,0.2065,0.0455,0.3182,False,False,0,False,False
Dragapult ex,Fezandipiti ex,2026-06-18,2,1,0.5,0.0945,0.0682,0.1136,False,False,0,False,False
Dragapult ex,Fezandipiti ex,2026-06-19,2,1,0.5,0.0945,0.0758,0.0758,False,False,0,False,False
Dragapult ex,Fezandipiti ex,2026-06-20,2,1,0.5,0.0945,0.0698,0.0581,False,False,0,False,False
Dragapult ex,Fezandipiti ex,2026-06-21,2,1,0.5,0.0945,0.0652,0.0478,False,False,0,False,False
Dragapult ex,Fezandipiti ex,2026-06-22,2,1,0.5,0.0945,0.0647,0.054,False,False,0,False,False
Dragapult ex,Fezandipiti ex,2026-06-23,4,2,0.5,0.15,0.0774,0.0685,False,False,0,False,False
Dragapult ex,Fezandipiti ex,2026-06-24,6,3,0.5,0.1876,0.0807,0.0807,False,False,0,False,False
Dragapult ex,Fezandipiti ex,2026-06-25,6,3,0.5,0.1876,0.0787,0.088,False,False,0,False,False
Dragapult ex,Fezandipiti ex,2026-06-26,7,4,0.5714,0.2505,0.0754,0.0927,False,False,0,False,False
Dragapult ex,Fezandipiti ex,2026-06-27,8,4,0.5,0.2152,0.0712,0.0904,False,False,0,False,False
Dragapult ex,Fezandipiti ex,2026-06-28,9,5,0.5556,0.2666,0.0739,0.088,False,False,0,False,False
Dragapult ex,Fezandipiti ex,2026-06-29,10,5,0.5,0.2366,0.0714,0.0825,False,False,0,False,False
Dragapult ex,Fezandipiti ex,2026-06-30,11,5,0.4545,0.2127,0.0729,0.0818,False,False,0,False,False
Dragapult ex,Fezandipiti ex,2026-07-01,11,5,0.4545,0.2127,0.081,0.0739,False,False,0,False,False
Dragapult ex,Fezandipiti ex,2026-07-02,11,5,0.4545,0.2127,0.0841,0.0751,False,False,0,False,False
Dragapult ex,Fezandipiti ex,2026-07-03,11,5,0.4545,0.2127,0.0826,0.0739,False,False,0,False,False
Dragapult ex,Fezandipiti ex,2026-07-04,11,5,0.4545,0.2127,0.0868,0.075,False,False,0,False,False
Dragapult ex,Fezandipiti ex,2026-07-05,12,6,0.5,0.2538,0.0855,0.0752,False,False,0,False,False
Dragapult ex,Fezandipiti ex,2026-07-06,12,6,0.5,0.2538,0.0875,0.0697,False,False,0,False,False
Dragapult ex,Fezandipiti ex,2026-07-07,12,6,0.5,0.2538,0.0831,0.0619,False,False,0,False,False
Dragapult ex,Fezandipiti ex,2026-07-08,14,6,0.4286,0.2138,0.084,0.0543,False,False,0,False,False
Dragapult ex,Fezandipiti ex,2026-07-09,14,6,0.4286,0.2138,0.0878,0.0462,False,False,0,False,False
Dragapult ex,Fezandipiti ex,2026-07-10,14,6,0.4286,0.2138,0.1144,0.0385,False,False,0,False,False
Dragapult ex,Fezandipiti ex,2026-07-11,14,6,0.4286,0.2138,0.1423,0.0346,False,False,0,False,False
Dragapult ex,Fezandipiti ex,2026-07-12,18,8,0.4444,0.2456,0.161,0.0428,False,False,0,False,False
Dragapult ex,Fezandipiti ex,2026-07-13,20,10,0.5,0.2993,0.1809,0.0468,False,False,0,False,False
Dragapult ex,Fezandipiti ex,2026-07-14,21,11,0.5238,0.3237,0.2065,0.0428,False,False,0,False,False
Dragapult ex,Fezandipiti ex,2026-07-15,21,11,0.5238,0.3237,0.2325,0.037,False,False,0,False,False
Dragapult ex,Fezandipiti ex,2026-07-16,21,11,0.5238,0.3237,0.2471,0.0338,False,False,0,False,False
Dragapult ex,Fezandipiti ex,2026-07-17,22,12,0.5455,0.3466,0.2584,0.0368,False,False,0,False,False
Dragapult ex,Fezandipiti ex,2026-07-18,28,16,0.5714,0.3907,0.2763,0.0398,False,False,0,False,False
Dragapult ex,Fezandipiti ex,2026-07-19,28,16,0.5714,0.3907,0.286,0.0404,False,False,0,False,False
Dragapult ex,Fezandipiti ex,2026-07-20,30,18,0.6,0.4232,0.2966,0.0421,False,False,0,False,False
Dragapult ex,Fezandipiti ex,2026-07-21,34,21,0.6176,0.4504,0.3024,0.0446,False,False,0,False,False
Dragapult ex,Fezandipiti ex,2026-07-22,39,25,0.641,0.4842,0.3175,0.0455,False,False,0,False,False
Dragapult ex,Fezandipiti ex,2026-07-23,40,26,0.65,0.4951,0.324,0.0457,False,False,0,False,False
Dragapult ex,Fezandipiti ex,2026-07-24,43,28,0.6512,0.5017,0.3267,0.0459,False,False,0,False,False
Dragapult ex,Fezandipiti ex,2026-07-25,44,28,0.6364,0.4887,0.3138,0.0452,False,False,0,False,False
Dragapult ex,Fezandipiti ex,2026-07-26,44,28,0.6364,0.4887,0.3021,0.0376,False,False,0,False,False
Dragapult ex,Fezandipiti ex,2026-07-27,50,30,0.6,0.4618,0.2942,0.0374,False,False,0,False,False
Dragapult ex,Fezandipiti ex,2026-07-28,51,31,0.6078,0.4708,0.2736,0.0382,False,False,0,False,False
Dragapult ex,Fezandipiti ex,2026-07-29,52,32,0.6154,0.4796,0.2481,0.0385,False,False,0,False,False
Dragapult ex,Fezandipiti ex,2026-07-30,52,32,0.6154,0.4796,0.2273,0.0382,False,False,0,False,False
Dragapult ex,Fezandipiti ex,2026-07-31,53,33,0.6226,0.4881,0.2138,0.0356,False,False,0,False,False
Dragapult ex,Fezandipiti ex,2026-08-01,53,33,0.6226,0.4881,0.1928,0.0327,False,False,0,False,False
Dragapult ex,Fezandipiti ex,2026-08-02,54,34,0.6296,0.4963,0.1793,0.0314,False,False,0,False,False
Dragapult ex,Fezandipiti ex,2026-08-03,54,34,0.6296,0.4963,0.1601,0.0315,False,False,0,False,False
Dragapult ex,Fezandipiti ex,2026-08-04,56,36,0.6429,0.5119,0.1484,0.0322,True,True,1,True,False
Dragapult ex,Fezandipiti ex,2026-08-05,61,40,0.6557,0.5305,0.141,0.033,True,True,2,False,True
Dragapult ex,Marnie's Grimmsnarl ex,2026-06-16,0,0,0.0,0.0,,,False,False,0,False,False
Dragapult ex,Marnie's Grimmsnarl ex,2026-06-17,0,0,0.0,0.0,0.0,0.3182,False,False,0,False,False
Dragapult ex,Marnie's Grimmsnarl ex,2026-06-18,0,0,0.0,0.0,0.0,0.1136,False,False,0,False,False
Dragapult ex,Marnie's Grimmsnarl ex,2026-06-19,0,0,0.0,0.0,0.0,0.0758,False,False,0,False,False
Dragapult ex,Marnie's Grimmsnarl ex,2026-06-20,0,0,0.0,0.0,0.0,0.0581,False,False,0,False,False
Dragapult ex,Marnie's Grimmsnarl ex,2026-06-21,0,0,0.0,0.0,0.0,0.0478,False,False,0,False,False
Dragapult ex,Marnie's Grimmsnarl ex,2026-06-22,0,0,0.0,0.0,0.0,0.054,False,False,0,False,False
Dragapult ex,Marnie's Grimmsnarl ex,2026-06-23,0,0,0.0,0.0,0.0,0.0685,False,False,0,False,False
Dragapult ex,Marnie's Grimmsnarl ex,2026-06-24,0,0,0.0,0.0,0.0,0.0807,False,False,0,False,False
Dragapult ex,Marnie's Grimmsnarl ex,2026-06-25,0,0,0.0,0.0,0.0,0.088,False,False,0,False,False
Dragapult ex,Marnie's Grimmsnarl ex,2026-06-26,0,0,0.0,0.0,0.0,0.0927,False,False,0,False,False
Dragapult ex,Marnie's Grimmsnarl ex,2026-06-27,0,0,0.0,0.0,0.0,0.0904,False,False,0,False,False
Dragapult ex,Marnie's Grimmsnarl ex,2026-06-28,0,0,0.0,0.0,0.0,0.088,False,False,0,False,False
Dragapult ex,Marnie's Grimmsnarl ex,2026-06-29,0,0,0.0,0.0,0.0,0.0825,False,False,0,False,False
Dragapult ex,Marnie's Grimmsnarl ex,2026-06-30,0,0,0.0,0.0,0.0,0.0818,False,False,0,False,False
Dragapult ex,Marnie's Grimmsnarl ex,2026-07-01,0,0,0.0,0.0,0.0043,0.0739,False,False,0,False,False
Dragapult ex,Marnie's Grimmsnarl ex,2026-07-02,0,0,0.0,0.0,0.0135,0.0751,False,False,0,False,False
Dragapult ex,Marnie's Grimmsnarl ex,2026-07-03,0,0,0.0,0.0,0.042,0.0739,False,False,0,False,False
Dragapult ex,Marnie's Grimmsnarl ex,2026-07-04,0,0,0.0,0.0,0.05,0.075,False,False,0,False,False
Dragapult ex,Marnie's Grimmsnarl ex,2026-07-05,0,0,0.0,0.0,0.0826,0.0752,False,False,0,False,False
Dragapult ex,Marnie's Grimmsnarl ex,2026-07-06,0,0,0.0,0.0,0.1024,0.0697,False,False,0,False,False
Dragapult ex,Marnie's Grimmsnarl ex,2026-07-07,1,0,0.0,0.0,0.1284,0.0619,False,False,0,False,False
Dragapult ex,Marnie's Grimmsnarl ex,2026-07-08,1,0,0.0,0.0,0.146,0.0543,False,False,0,False,False
Dragapult ex,Marnie's Grimmsnarl ex,2026-07-09,1,0,0.0,0.0,0.1686,0.0462,False,False,0,False,False
Dragapult ex,Marnie's Grimmsnarl ex,2026-07-10,1,0,0.0,0.0,0.168,0.0385,False,False,0,False,False
Dragapult ex,Marnie's Grimmsnarl ex,2026-07-11,1,0,0.0,0.0,0.1798,0.0346,False,False,0,False,False
Dragapult ex,Marnie's Grimmsnarl ex,2026-07-12,2,0,0.0,0.0,0.1781,0.0428,False,False,0,False,False
Dragapult ex,Marnie's Grimmsnarl ex,2026-07-13,3,1,0.3333,0.0615,0.1809,0.0468,False,False,0,False,False
Dragapult ex,Marnie's Grimmsnarl ex,2026-07-14,3,1,0.3333,0.0615,0.1847,0.0428,False,False,0,False,False
Dragapult ex,Marnie's Grimmsnarl ex,2026-07-15,3,1,0.3333,0.0615,0.1844,0.037,False,False,0,False,False
Dragapult ex,Marnie's Grimmsnarl ex,2026-07-16,3,1,0.3333,0.0615,0.1827,0.0338,False,False,0,False,False
Dragapult ex,Marnie's Grimmsnarl ex,2026-07-17,4,2,0.5,0.15,0.1742,0.0368,False,False,0,False,False
Dragapult ex,Marnie's Grimmsnarl ex,2026-07-18,5,3,0.6,0.2307,0.1745,0.0398,False,False,0,False,False
Dragapult ex,Marnie's Grimmsnarl ex,2026-07-19,7,5,0.7143,0.3589,0.1742,0.0404,False,False,0,False,False
Dragapult ex,Marnie's Grimmsnarl ex,2026-07-20,11,6,0.5455,0.2801,0.1812,0.0421,False,False,0,False,False
Dragapult ex,Marnie's Grimmsnarl ex,2026-07-21,14,7,0.5,0.268,0.1861,0.0446,False,False,0,False,False
Dragapult ex,Marnie's Grimmsnarl ex,2026-07-22,18,10,0.5556,0.3372,0.1978,0.0455,False,False,0,False,False
Dragapult ex,Marnie's Grimmsnarl ex,2026-07-23,23,12,0.5217,0.3296,0.2111,0.0457,False,False,0,False,False
Dragapult ex,Marnie's Grimmsnarl ex,2026-07-24,24,12,0.5,0.3143,0.2296,0.0459,False,False,0,False,False
Dragapult ex,Marnie's Grimmsnarl ex,2026-07-25,26,14,0.5385,0.3546,0.2618,0.0452,False,False,0,False,False
Dragapult ex,Marnie's Grimmsnarl ex,2026-07-26,26,14,0.5385,0.3546,0.2944,0.0376,False,False,0,False,False
Dragapult ex,Marnie's Grimmsnarl ex,2026-07-27,31,17,0.5484,0.3777,0.3219,0.0374,False,False,0,False,False
Dragapult ex,Marnie's Grimmsnarl ex,2026-07-28,32,18,0.5625,0.3933,0.3552,0.0382,False,False,0,False,False
Dragapult ex,Marnie's Grimmsnarl ex,2026-07-29,33,18,0.5455,0.3799,0.3946,0.0385,False,False,0,False,False
Dragapult ex,Marnie's Grimmsnarl ex,2026-07-30,34,18,0.5294,0.3674,0.4268,0.0382,False,False,0,False,False
Dragapult ex,Marnie's Grimmsnarl ex,2026-07-31,36,19,0.5278,0.3701,0.4615,0.0356,False,False,0,False,False
Dragapult ex,Marnie's Grimmsnarl ex,2026-08-01,37,19,0.5135,0.3589,0.4873,0.0327,False,False,0,False,False
Dragapult ex,Marnie's Grimmsnarl ex,2026-08-02,39,20,0.5128,0.362,0.4985,0.0314,False,False,0,False,False
Dragapult ex,Marnie's Grimmsnarl ex,2026-08-03,47,24,0.5106,0.3724,0.5084,0.0315,False,False,0,False,False
Dragapult ex,Marnie's Grimmsnarl ex,2026-08-04,53,28,0.5283,0.3966,0.5052,0.0322,False,False,0,False,False
Dragapult ex,Marnie's Grimmsnarl ex,2026-08-05,56,31,0.5536,0.4241,0.5071,0.033,False,False,0,False,False
Dragapult ex,Marnie's Grimmsnarl ex,2026-08-06,58,33,0.569,0.4412,0.5026,0.0356,False,False,0,False,False
Dragapult ex,Marnie's Grimmsnarl ex,2026-08-07,63,36,0.5714,0.4486,0.5019,0.037,False,False,0,False,False
Dragapult ex,Marnie's Grimmsnarl ex,2026-08-08,65,37,0.5692,0.4483,0.485,0.0397,False,False,0,False,False
Dragapult ex,Marnie's Grimmsnarl ex,2026-08-09,69,41,0.5942,0.4764,0.4726,0.0439,False,False,0,False,False
Dragapult ex,Marnie's Grimmsnarl ex,2026-08-10,72,43,0.5972,0.4818,0.4566,0.046,False,False,0,False,False
Dragapult ex,Mega Kangaskhan ex,2026-06-16,0,0,0.0,0.0,,,False,False,0,False,False
Dragapult ex,Mega Kangaskhan ex,2026-06-17,0,0,0.0,0.0,0.0455,0.3182,False,False,0,False,False
Dragapult ex,Mega Kangaskhan ex,2026-06-18,0,0,0.0,0.0,0.0114,0.1136,False,False,0,False,False
Dragapult ex,Mega Kangaskhan ex,2026-06-19,0,0,0.0,0.0,0.0152,0.0758,False,False,0,False,False
Dragapult ex,Mega Kangaskhan ex,2026-06-20,0,0,0.0,0.0,0.0116,0.0581,False,False,0,False,False
Dragapult ex,Mega Kangaskhan ex,2026-06-21,0,0,0.0,0.0,0.0087,0.0478,False,False,0,False,False
Dragapult ex,Mega Kangaskhan ex,2026-06-22,0,0,0.0,0.0,0.0072,0.054,False,False,0,False,False
Dragapult ex,Mega Kangaskhan ex,2026-06-23,0,0,0.0,0.0,0.006,0.0685,False,False,0,False,False
Dragapult ex,Mega Kangaskhan ex,2026-06-24,0,0,0.0,0.0,0.0052,0.0807,False,False,0,False,False
Dragapult ex,Mega Kangaskhan ex,2026-06-25,1,0,0.0,0.0,0.0069,0.088,False,False,0,False,False
Dragapult ex,Mega Kangaskhan ex,2026-06-26,1,0,0.0,0.0,0.0086,0.0927,False,False,0,False,False
Dragapult ex,Mega Kangaskhan ex,2026-06-27,1,0,0.0,0.0,0.0077,0.0904,False,False,0,False,False
Dragapult ex,Mega Kangaskhan ex,2026-06-28,1,0,0.0,0.0,0.007,0.088,False,False,0,False,False
Dragapult ex,Mega Kangaskhan ex,2026-06-29,1,0,0.0,0.0,0.0063,0.0825,False,False,0,False,False
Dragapult ex,Mega Kangaskhan ex,2026-06-30,1,0,0.0,0.0,0.006,0.0818,False,False,0,False,False
Dragapult ex,Mega Kangaskhan ex,2026-07-01,1,0,0.0,0.0,0.0043,0.0739,False,False,0,False,False
Dragapult ex,Mega Kangaskhan ex,2026-07-02,1,0,0.0,0.0,0.0075,0.0751,False,False,0,False,False
Dragapult ex,Mega Kangaskhan ex,2026-07-03,1,0,0.0,0.0,0.0058,0.0739,False,False,0,False,False
Dragapult ex,Mega Kangaskhan ex,2026-07-04,1,0,0.0,0.0,0.0074,0.075,False,False,0,False,False
Dragapult ex,Mega Kangaskhan ex,2026-07-05,1,0,0.0,0.0,0.0147,0.0752,False,False,0,False,False
Dragapult ex,Mega Kangaskhan ex,2026-07-06,1,0,0.0,0.0,0.0208,0.0697,False,False,0,False,False
Dragapult ex,Mega Kangaskhan ex,2026-07-07,2,0,0.0,0.0,0.0287,0.0619,False,False,0,False,False
Dragapult ex,Mega Kangaskhan ex,2026-07-08,3,0,0.0,0.0,0.0491,0.0543,False,False,0,False,False
Dragapult ex,Mega Kangaskhan ex,2026-07-09,5,2,0.4,0.1176,0.0624,0.0462,False,False,0,False,False
Dragapult ex,Mega Kangaskhan ex,2026-07-10,5,2,0.4,0.1176,0.0759,0.0385,False,False,0,False,False
Dragapult ex,Mega Kangaskhan ex,2026-07-11,6,2,0.3333,0.0968,0.0899,0.0346,False,False,0,False,False
Dragapult ex,Mega Kangaskhan ex,2026-07-12,10,2,0.2,0.0567,0.1087,0.0428,False,False,0,False,False
Dragapult ex,Mega Kangaskhan ex,2026-07-13,13,4,0.3077,0.1268,0.1252,0.0468,False,False,0,False,False
Dragapult ex,Mega Kangaskhan ex,2026-07-14,14,4,0.2857,0.1172,0.1366,0.0428,False,False,0,False,False
Dragapult ex,Mega Kangaskhan ex,2026-07-15,14,4,0.2857,0.1172,0.1466,0.037,False,False,0,False,False
Dragapult ex,Mega Kangaskhan ex,2026-07-16,14,4,0.2857,0.1172,0.1515,0.0338,False,False,0,False,False
Dragapult ex,Mega Kangaskhan ex,2026-07-17,17,5,0.2941,0.1328,0.1604,0.0368,False,False,0,False,False
Dragapult ex,Mega Kangaskhan ex,2026-07-18,17,5,0.2941,0.1328,0.1563,0.0398,False,False,0,False,False
Dragapult ex,Mega Kangaskhan ex,2026-07-19,18,6,0.3333,0.1628,0.1607,0.0404,False,False,0,False,False
Dragapult ex,Mega Kangaskhan ex,2026-07-20,18,6,0.3333,0.1628,0.1528,0.0421,False,False,0,False,False
Dragapult ex,Mega Kangaskhan ex,2026-07-21,19,7,0.3684,0.1915,0.1494,0.0446,False,False,0,False,False
Dragapult ex,Mega Kangaskhan ex,2026-07-22,20,7,0.35,0.1812,0.1459,0.0455,False,False,0,False,False
Dragapult ex,Mega Kangaskhan ex,2026-07-23,20,7,0.35,0.1812,0.1428,0.0457,False,False,0,False,False
Dragapult ex,Mega Kangaskhan ex,2026-07-24,20,7,0.35,0.1812,0.134,0.0459,False,False,0,False,False
Dragapult ex,Mega Kangaskhan ex,2026-07-25,20,7,0.35,0.1812,0.1276,0.0452,False,False,0,False,False
Dragapult ex,Mega Kangaskhan ex,2026-07-26,20,7,0.35,0.1812,0.115,0.0376,False,False,0,False,False
Dragapult ex,Mega Kangaskhan ex,2026-07-27,21,7,0.3333,0.1719,0.1042,0.0374,False,False,0,False,False
Dragapult ex,Mega Kangaskhan ex,2026-07-28,23,7,0.3043,0.156,0.0988,0.0382,False,False,0,False,False
Dragapult ex,Mega Kangaskhan ex,2026-07-29,23,7,0.3043,0.156,0.0948,0.0385,False,False,0,False,False
Dragapult ex,Mega Kangaskhan ex,2026-07-30,23,7,0.3043,0.156,0.0943,0.0382,False,False,0,False,False
Dragapult ex,Mega Kangaskhan ex,2026-07-31,24,7,0.2917,0.1491,0.0887,0.0356,False,False,0,False,False
Dragapult ex,Mega Kangaskhan ex,2026-08-01,24,7,0.2917,0.1491,0.09,0.0327,False,False,0,False,False
Dragapult ex,Mega Kangaskhan ex,2026-08-02,25,8,0.32,0.172,0.086,0.0314,False,False,0,False,False
Dragapult ex,Mega Kangaskhan ex,2026-08-03,25,8,0.32,0.172,0.0864,0.0315,False,False,0,False,False
Dragapult ex,Mega Kangaskhan ex,2026-08-04,26,8,0.3077,0.165,0.087,0.0322,False,False,0,False,False
Dragapult ex,Mega Kangaskhan ex,2026-08-05,27,9,0.3333,0.1864,0.0855,0.033,False,False,0,False,False
Dragapult ex,Mega Kangaskhan ex,2026-08-06,29,9,0.3103,0.1728,0.087,0.0356,False,False,0,False,False
Dragapult ex,Mega Kangaskhan ex,2026-08-07,29,9,0.3103,0.1728,0.0904,0.037,False,False,0,False,False
Dragapult ex,Mega Kangaskhan ex,2026-08-08,30,10,0.3333,0.1923,0.0926,0.0397,False,False,0,False,False
Dragapult ex,Mega Kangaskhan ex,2026-08-09,33,12,0.3636,0.2219,0.0971,0.0439,False,False,0,False,False
Dragapult ex,Mega Kangaskhan ex,2026-08-10,36,13,0.3611,0.2248,0.0984,0.046,False,False,0,False,False
Fezandipiti ex,Cynthia's Garchomp ex,2026-06-16,0,0,0.0,0.0,,,False,False,0,False,False
Fezandipiti ex,Cynthia's Garchomp ex,2026-06-17,0,0,0.0,0.0,0.0,0.0455,False,False,0,False,False
Fezandipiti ex,Cynthia's Garchomp ex,2026-06-18,0,0,0.0,0.0,0.0,0.0682,False,False,0,False,False
Fezandipiti ex,Cynthia's Garchomp ex,2026-06-19,0,0,0.0,0.0,0.0,0.0758,False,False,0,False,False
Fezandipiti ex,Cynthia's Garchomp ex,2026-06-20,0,0,0.0,0.0,0.0,0.0698,False,False,0,False,False
Fezandipiti ex,Cynthia's Garchomp ex,2026-06-21,0,0,0.0,0.0,0.0,0.0652,False,False,0,False,False
Fezandipiti ex,Cynthia's Garchomp ex,2026-06-22,0,0,0.0,0.0,0.0,0.0647,False,False,0,False,False
Fezandipiti ex,Cynthia's Garchomp ex,2026-06-23,1,1,1.0,0.2065,0.003,0.0774,False,False,0,False,False
Fezandipiti ex,Cynthia's Garchomp ex,2026-06-24,1,1,1.0,0.2065,0.0026,0.0807,False,False,0,False,False
Fezandipiti ex,Cynthia's Garchomp ex,2026-06-25,1,1,1.0,0.2065,0.0023,0.0787,False,False,0,False,False
Fezandipiti ex,Cynthia's Garchomp ex,2026-06-26,1,1,1.0,0.2065,0.0022,0.0754,False,False,0,False,False
Fezandipiti ex,Cynthia's Garchomp ex,2026-06-27,1,1,1.0,0.2065,0.0019,0.0712,False,False,0,False,False
Fezandipiti ex,Cynthia's Garchomp ex,2026-06-28,1,1,1.0,0.2065,0.0018,0.0739,False,False,0,False,False
Fezandipiti ex,Cynthia's Garchomp ex,2026-06-29,1,1,1.0,0.2065,0.0032,0.0714,False,False,0,False,False
Fezandipiti ex,Cynthia's Garchomp ex,2026-06-30,1,1,1.0,0.2065,0.003,0.0729,False,False,0,False,False
Fezandipiti ex,Cynthia's Garchomp ex,2026-07-01,1,1,1.0,0.2065,0.0071,0.081,False,False,0,False,False
Fezandipiti ex,Cynthia's Garchomp ex,2026-07-02,1,1,1.0,0.2065,0.0075,0.0841,False,False,0,False,False
Fezandipiti ex,Cynthia's Garchomp ex,2026-07-03,1,1,1.0,0.2065,0.0101,0.0826,False,False,0,False,False
Fezandipiti ex,Cynthia's Garchomp ex,2026-07-04,1,1,1.0,0.2065,0.0118,0.0868,False,False,0,False,False
Fezandipiti ex,Cynthia's Garchomp ex,2026-07-05,1,1,1.0,0.2065,0.0147,0.0855,False,False,0,False,False
Fezandipiti ex,Cynthia's Garchomp ex,2026-07-06,2,2,1.0,0.3424,0.0208,0.0875,False,False,0,False,False
Fezandipiti ex,Cynthia's Garchomp ex,2026-07-07,2,2,1.0,0.3424,0.0242,0.0831,False,False,0,False,False
Fezandipiti ex,Cynthia's Garchomp ex,2026-07-08,3,2,0.6667,0.2077,0.0388,0.084,False,False,0,False,False
Fezandipiti ex,Cynthia's Garchomp ex,2026-07-09,4,3,0.75,0.3006,0.0508,0.0878,False,False,0,False,False
Fezandipiti ex,Cynthia's Garchomp ex,2026-07-10,7,5,0.7143,0.3589,0.0557,0.1144,False,False,0,False,False
Fezandipiti ex,Cynthia's Garchomp ex,2026-07-11,10,7,0.7,0.3968,0.0581,0.1423,False,False,0,False,False
Fezandipiti ex,Cynthia's Garchomp ex,2026-07-12,12,8,0.6667,0.3906,0.0599,0.161,False,False,0,False,False
Fezandipiti ex,Cynthia's Garchomp ex,2026-07-13,14,8,0.5714,0.3259,0.0598,0.1809,False,False,0,False,False
Fezandipiti ex,Cynthia's Garchomp ex,2026-07-14,16,9,0.5625,0.3318,0.0593,0.2065,False,False,0,False,False
Fezandipiti ex,Cynthia's Garchomp ex,2026-07-15,16,9,0.5625,0.3318,0.0531,0.2325,False,False,0,False,False
Fezandipiti ex,Cynthia's Garchomp ex,2026-07-16,16,9,0.5625,0.3318,0.0501,0.2471,False,False,0,False,False
Fezandipiti ex,Cynthia's Garchomp ex,2026-07-17,19,10,0.5263,0.3171,0.0518,0.2584,False,False,0,False,False
Fezandipiti ex,Cynthia's Garchomp ex,2026-07-18,22,11,0.5,0.3072,0.0527,0.2763,False,False,0,False,False
Fezandipiti ex,Cynthia's Garchomp ex,2026-07-19,25,13,0.52,0.335,0.0551,0.286,False,False,0,False,False
Fezandipiti ex,Cynthia's Garchomp ex,2026-07-20,29,14,0.4828,0.3139,0.0553,0.2966,False,False,0,False,False
Fezandipiti ex,Cynthia's Garchomp ex,2026-07-21,32,16,0.5,0.3363,0.0562,0.3024,False,False,0,False,False
Fezandipiti ex,Cynthia's Garchomp ex,2026-07-22,38,20,0.5263,0.3726,0.0549,0.3175,False,False,0,False,False
Fezandipiti ex,Cynthia's Garchomp ex,2026-07-23,39,21,0.5385,0.3857,0.0534,0.324,False,False,0,False,False
Fezandipiti ex,Cynthia's Garchomp ex,2026-07-24,43,24,0.5581,0.4111,0.0573,0.3267,False,False,0,False,False
Fezandipiti ex,Cynthia's Garchomp ex,2026-07-25,43,24,0.5581,0.4111,0.0567,0.3138,False,False,0,False,False
Fezandipiti ex,Cynthia's Garchomp ex,2026-07-26,46,25,0.5435,0.4018,0.0616,0.3021,False,False,0,False,False
Fezandipiti ex,Cynthia's Garchomp ex,2026-07-27,47,25,0.5319,0.3923,0.0611,0.2942,False,False,0,False,False
Fezandipiti ex,Cynthia's Garchomp ex,2026-07-28,47,25,0.5319,0.3923,0.061,0.2736,False,False,0,False,False
Fezandipiti ex,Cynthia's Garchomp ex,2026-07-29,47,25,0.5319,0.3923,0.0614,0.2481,False,False,0,False,False
Fezandipiti ex,Cynthia's Garchomp ex,2026-07-30,47,25,0.5319,0.3923,0.0603,0.2273,False,False,0,False,False
Fezandipiti ex,Cynthia's Garchomp ex,2026-07-31,48,25,0.5208,0.3833,0.0571,0.2138,False,False,0,False,False
Fezandipiti ex,Cynthia's Garchomp ex,2026-08-01,48,25,0.5208,0.3833,0.0554,0.1928,False,False,0,False,False
Fezandipiti ex,Cynthia's Garchomp ex,2026-08-02,51,28,0.549,0.4138,0.0546,0.1793,False,False,0,False,False
Fezandipiti ex,Cynthia's Garchomp ex,2026-08-03,51,28,0.549,0.4138,0.0526,0.1601,False,False,0,False,False
Fezandipiti ex,Cynthia's Garchomp ex,2026-08-04,52,29,0.5577,0.4234,0.0536,0.1484,False,False,0,False,False
Fezandipiti ex,Cynthia's Garchomp ex,2026-08-05,54,31,0.5741,0.4416,0.0506,0.141,False,False,0,False,False
Fezandipiti ex,Cynthia's Garchomp ex,2026-08-06,54,31,0.5741,0.4416,0.0458,0.1403,False,False,0,False,False
Fezandipiti ex,Cynthia's Garchomp ex,2026-08-07,55,31,0.5636,0.4327,0.0396,0.1355,False,False,0,False,False
Fezandipiti ex,Cynthia's Garchomp ex,2026-08-08,55,31,0.5636,0.4327,0.0379,0.1379,False,False,0,False,False
Fezandipiti ex,Cynthia's Garchomp ex,2026-08-09,56,31,0.5536,0.4241,0.0307,0.1432,False,False,0,False,False
Fezandipiti ex,Cynthia's Garchomp ex,2026-08-10,56,31,0.5536,0.4241,0.0294,0.1425,False,False,0,False,False
Fezandipiti ex,Dragapult ex,2026-06-16,0,0,0.0,0.0,,,False,False,0,False,False
Fezandipiti ex,Dragapult ex,2026-06-17,1,0,0.0,0.0,0.3182,0.0455,False,False,0,False,False
Fezandipiti ex,Dragapult ex,2026-06-18,2,1,0.5,0.0945,0.1136,0.0682,False,False,0,False,False
Fezandipiti ex,Dragapult ex,2026-06-19,2,1,0.5,0.0945,0.0758,0.0758,False,False,0,False,False
Fezandipiti ex,Dragapult ex,2026-06-20,2,1,0.5,0.0945,0.0581,0.0698,False,False,0,False,False
Fezandipiti ex,Dragapult ex,2026-06-21,2,1,0.5,0.0945,0.0478,0.0652,False,False,0,False,False
Fezandipiti ex,Dragapult ex,2026-06-22,2,1,0.5,0.0945,0.054,0.0647,False,False,0,False,False
Fezandipiti ex,Dragapult ex,2026-06-23,4,2,0.5,0.15,0.0685,0.0774,False,False,0,False,False
Fezandipiti ex,Dragapult ex,2026-06-24,6,3,0.5,0.1876,0.0807,0.0807,False,False,0,False,False
Fezandipiti ex,Dragapult ex,2026-06-25,6,3,0.5,0.1876,0.088,0.0787,False,False,0,False,False
Fezandipiti ex,Dragapult ex,2026-06-26,7,3,0.4286,0.1582,0.0927,0.0754,False,False,0,False,False
Fezandipiti ex,Dragapult ex,2026-06-27,8,4,0.5,0.2152,0.0904,0.0712,False,False,0,False,False
Fezandipiti ex,Dragapult ex,2026-06-28,9,4,0.4444,0.1888,0.088,0.0739,False,False,0,False,False
Fezandipiti ex,Dragapult ex,2026-06-29,10,5,0.5,0.2366,0.0825,0.0714,False,False,0,False,False
Fezandipiti ex,Dragapult ex,2026-06-30,11,6,0.5455,0.2801,0.0818,0.0729,False,False,0,False,False
Fezandipiti ex,Dragapult ex,2026-07-01,11,6,0.5455,0.2801,0.0739,0.081,False,False,0,False,False
Fezandipiti ex,Dragapult ex,2026-07-02,11,6,0.5455,0.2801,0.0751,0.0841,False,False,0,False,False
Fezandipiti ex,Dragapult ex,2026-07-03,11,6,0.5455,0.2801,0.0739,0.0826,False,False,0,False,False
Fezandipiti ex,Dragapult ex,2026-07-04,11,6,0.5455,0.2801,0.075,0.0868,False,False,0,False,False
Fezandipiti ex,Dragapult ex,2026-07-05,12,6,0.5,0.2538,0.0752,0.0855,False,False,0,False,False
Fezandipiti ex,Dragapult ex,2026-07-06,12,6,0.5,0.2538,0.0697,0.0875,False,False,0,False,False
Fezandipiti ex,Dragapult ex,2026-07-07,12,6,0.5,0.2538,0.0619,0.0831,False,False,0,False,False
Fezandipiti ex,Dragapult ex,2026-07-08,14,8,0.5714,0.3259,0.0543,0.084,False,False,0,False,False
Fezandipiti ex,Dragapult ex,2026-07-09,14,8,0.5714,0.3259,0.0462,0.0878,False,False,0,False,False
Fezandipiti ex,Dragapult ex,2026-07-10,14,8,0.5714,0.3259,0.0385,0.1144,False,False,0,False,False
Fezandipiti ex,Dragapult ex,2026-07-11,14,8,0.5714,0.3259,0.0346,0.1423,False,False,0,False,False
Fezandipiti ex,Dragapult ex,2026-07-12,18,10,0.5556,0.3372,0.0428,0.161,False,False,0,False,False
Fezandipiti ex,Dragapult ex,2026-07-13,20,10,0.5,0.2993,0.0468,0.1809,False,False,0,False,False
Fezandipiti ex,Dragapult ex,2026-07-14,21,10,0.4762,0.2834,0.0428,0.2065,False,False,0,False,False
Fezandipiti ex,Dragapult ex,2026-07-15,21,10,0.4762,0.2834,0.037,0.2325,False,False,0,False,False
Fezandipiti ex,Dragapult ex,2026-07-16,21,10,0.4762,0.2834,0.0338,0.2471,False,False,0,False,False
Fezandipiti ex,Dragapult ex,2026-07-17,22,10,0.4545,0.2692,0.0368,0.2584,False,False,0,False,False
Fezandipiti ex,Dragapult ex,2026-07-18,28,12,0.4286,0.2651,0.0398,0.2763,False,False,0,False,False
Fezandipiti ex,Dragapult ex,2026-07-19,28,12,0.4286,0.2651,0.0404,0.286,False,False,0,False,False
Fezandipiti ex,Dragapult ex,2026-07-20,30,12,0.4,0.2459,0.0421,0.2966,False,False,0,False,False
Fezandipiti ex,Dragapult ex,2026-07-21,34,13,0.3824,0.239,0.0446,0.3024,False,False,0,False,False
Fezandipiti ex,Dragapult ex,2026-07-22,39,14,0.359,0.2274,0.0455,0.3175,False,False,0,False,False
Fezandipiti ex,Dragapult ex,2026-07-23,40,14,0.35,0.2213,0.0457,0.324,False,False,0,False,False
Fezandipiti ex,Dragapult ex,2026-07-24,43,15,0.3488,0.2242,0.0459,0.3267,False,False,0,False,False
Fezandipiti ex,Dragapult ex,2026-07-25,44,16,0.3636,0.2378,0.0452,0.3138,False,False,0,False,False
Fezandipiti ex,Dragapult ex,2026-07-26,44,16,0.3636,0.2378,0.0376,0.3021,False,False,0,False,False
Fezandipiti ex,Dragapult ex,2026-07-27,50,20,0.4,0.2761,0.0374,0.2942,False,False,0,False,False
Fezandipiti ex,Dragapult ex,2026-07-28,51,20,0.3922,0.2703,0.0382,0.2736,False,False,0,False,False
Fezandipiti ex,Dragapult ex,2026-07-29,52,20,0.3846,0.2647,0.0385,0.2481,False,False,0,False,False
Fezandipiti ex,Dragapult ex,2026-07-30,52,20,0.3846,0.2647,0.0382,0.2273,False,False,0,False,False
Fezandipiti ex,Dragapult ex,2026-07-31,53,20,0.3774,0.2594,0.0356,0.2138,False,False,0,False,False
Fezandipiti ex,Dragapult ex,2026-08-01,53,20,0.3774,0.2594,0.0327,0.1928,False,False,0,False,False
Fezandipiti ex,Dragapult ex,2026-08-02,54,20,0.3704,0.2542,0.0314,0.1793,False,False,0,False,False
Fezandipiti ex,Dragapult ex,2026-08-03,54,20,0.3704,0.2542,0.0315,0.1601,False,False,0,False,False
Fezandipiti ex,Dragapult ex,2026-08-04,56,20,0.3571,0.2446,0.0322,0.1484,False,False,0,False,False
Fezandipiti ex,Dragapult ex,2026-08-05,61,21,0.3443,0.2375,0.033,0.141,False,False,0,False,False
Fezandipiti ex,Dragapult ex,2026-08-06,62,21,0.3387,0.2334,0.0356,0.1403,False,False,0,False,False
Fezandipiti ex,Dragapult ex,2026-08-07,63,22,0.3492,0.2433,0.037,0.1355,False,False,0,False,False
Fezandipiti ex,Dragapult ex,2026-08-08,66,22,0.3333,0.2316,0.0397,0.1379,False,False,0,False,False
Fezandipiti ex,Dragapult ex,2026-08-09,70,25,0.3571,0.255,0.0439,0.1432,False,False,0,False,False
Fezandipiti ex,Dragapult ex,2026-08-10,73,26,0.3562,0.256,0.046,0.1425,False,False,0,False,False
Fezandipiti ex,Marnie's Grimmsnarl ex,2026-06-16,0,0,0.0,0.0,,,False,False,0,False,False
Fezandipiti ex,Marnie's Grimmsnarl ex,2026-06-17,0,0,0.0,0.0,0.0,0.0455,False,False,0,False,False
Fezandipiti ex,Marnie's Grimmsnarl ex,2026-06-18,0,0,0.0,0.0,0.0,0.0682,False,False,0,False,False
Fezandipiti ex,Marnie's Grimmsnarl ex,2026-06-19,0,0,0.0,0.0,0.0,0.0758,False,False,0,False,False
Fezandipiti ex,Marnie's Grimmsnarl ex,2026-06-20,0,0,0.0,0.0,0.0,0.0698,False,False,0,False,False
Fezandipiti ex,Marnie's Grimmsnarl ex,2026-06-21,0,0,0.0,0.0,0.0,0.0652,False,False,0,False,False
Fezandipiti ex,Marnie's Grimmsnarl ex,2026-06-22,0,0,0.0,0.0,0.0,0.0647,False,False,0,False,False
Fezandipiti ex,Marnie's Grimmsnarl ex,2026-06-23,0,0,0.0,0.0,0.0,0.0774,False,False,0,False,False
Fezandipiti ex,Marnie's Grimmsnarl ex,2026-06-24,0,0,0.0,0.0,0.0,0.0807,False,False,0,False,False
Fezandipiti ex,Marnie's Grimmsnarl ex,2026-06-25,0,0,0.0,0.0,0.0,0.0787,False,False,0,False,False
Fezandipiti ex,Marnie's Grimmsnarl ex,2026-06-26,0,0,0.0,0.0,0.0,0.0754,False,False,0,False,False
Fezandipiti ex,Marnie's Grimmsnarl ex,2026-06-27,0,0,0.0,0.0,0.0,0.0712,False,False,0,False,False
Fezandipiti ex,Marnie's Grimmsnarl ex,2026-06-28,0,0,0.0,0.0,0.0,0.0739,False,False,0,False,False
Fezandipiti ex,Marnie's Grimmsnarl ex,2026-06-29,0,0,0.0,0.0,0.0,0.0714,False,False,0,False,False
Fezandipiti ex,Marnie's Grimmsnarl ex,2026-06-30,0,0,0.0,0.0,0.0,0.0729,False,False,0,False,False
Fezandipiti ex,Marnie's Grimmsnarl ex,2026-07-01,0,0,0.0,0.0,0.0043,0.081,False,False,0,False,False
Fezandipiti ex,Marnie's Grimmsnarl ex,2026-07-02,1,1,1.0,0.2065,0.0135,0.0841,False,False,0,False,False
Fezandipiti ex,Marnie's Grimmsnarl ex,2026-07-03,2,1,0.5,0.0945,0.042,0.0826,False,False,0,False,False
Fezandipiti ex,Marnie's Grimmsnarl ex,2026-07-04,2,1,0.5,0.0945,0.05,0.0868,False,False,0,False,False
Fezandipiti ex,Marnie's Grimmsnarl ex,2026-07-05,2,1,0.5,0.0945,0.0826,0.0855,False,False,0,False,False
Fezandipiti ex,Marnie's Grimmsnarl ex,2026-07-06,2,1,0.5,0.0945,0.1024,0.0875,False,False,0,False,False
Fezandipiti ex,Marnie's Grimmsnarl ex,2026-07-07,2,1,0.5,0.0945,0.1284,0.0831,False,False,0,False,False
Fezandipiti ex,Marnie's Grimmsnarl ex,2026-07-08,4,2,0.5,0.15,0.146,0.084,False,False,0,False,False
Fezandipiti ex,Marnie's Grimmsnarl ex,2026-07-09,9,5,0.5556,0.2666,0.1686,0.0878,False,False,0,False,False
Fezandipiti ex,Marnie's Grimmsnarl ex,2026-07-10,15,9,0.6,0.3575,0.168,0.1144,False,False,0,False,False
Fezandipiti ex,Marnie's Grimmsnarl ex,2026-07-11,25,13,0.52,0.335,0.1798,0.1423,False,False,0,False,False
Fezandipiti ex,Marnie's Grimmsnarl ex,2026-07-12,27,14,0.5185,0.3399,0.1781,0.161,False,False,0,False,False
Fezandipiti ex,Marnie's Grimmsnarl ex,2026-07-13,33,16,0.4848,0.325,0.1809,0.1809,False,False,0,False,False
Fezandipiti ex,Marnie's Grimmsnarl ex,2026-07-14,44,21,0.4773,0.3375,0.1847,0.2065,False,False,0,False,False
Fezandipiti ex,Marnie's Grimmsnarl ex,2026-07-15,57,24,0.4211,0.3019,0.1844,0.2325,False,False,0,False,False
Fezandipiti ex,Marnie's Grimmsnarl ex,2026-07-16,62,27,0.4355,0.3194,0.1827,0.2471,False,False,0,False,False
Fezandipiti ex,Marnie's Grimmsnarl ex,2026-07-17,68,29,0.4265,0.316,0.1742,0.2584,False,False,0,False,False
Fezandipiti ex,Marnie's Grimmsnarl ex,2026-07-18,86,38,0.4419,0.3416,0.1745,0.2763,False,False,0,False,False
Fezandipiti ex,Marnie's Grimmsnarl ex,2026-07-19,99,43,0.4343,0.341,0.1742,0.286,False,False,0,False,False
Fezandipiti ex,Marnie's Grimmsnarl ex,2026-07-20,116,53,0.4569,0.3691,0.1812,0.2966,False,False,0,False,False
Fezandipiti ex,Marnie's Grimmsnarl ex,2026-07-21,133,60,0.4511,0.3691,0.1861,0.3024,False,False,0,False,False
Fezandipiti ex,Marnie's Grimmsnarl ex,2026-07-22,152,67,0.4408,0.3643,0.1978,0.3175,False,False,0,False,False
Fezandipiti ex,Marnie's Grimmsnarl ex,2026-07-23,174,76,0.4368,0.3652,0.2111,0.324,False,False,0,False,False
Fezandipiti ex,Marnie's Grimmsnarl ex,2026-07-24,196,86,0.4388,0.3711,0.2296,0.3267,False,False,0,False,False
Fezandipiti ex,Marnie's Grimmsnarl ex,2026-07-25,209,91,0.4354,0.37,0.2618,0.3138,False,False,0,False,False
Fezandipiti ex,Marnie's Grimmsnarl ex,2026-07-26,225,101,0.4489,0.3853,0.2944,0.3021,False,False,0,False,False
Fezandipiti ex,Marnie's Grimmsnarl ex,2026-07-27,245,108,0.4408,0.38,0.3219,0.2942,False,False,0,False,False
Fezandipiti ex,Marnie's Grimmsnarl ex,2026-07-28,263,119,0.4525,0.3934,0.3552,0.2736,False,False,0,False,False
Fezandipiti ex,Marnie's Grimmsnarl ex,2026-07-29,274,121,0.4416,0.384,0.3946,0.2481,False,False,0,False,False
Fezandipiti ex,Marnie's Grimmsnarl ex,2026-07-30,282,127,0.4504,0.3933,0.4268,0.2273,False,False,0,False,False
Fezandipiti ex,Marnie's Grimmsnarl ex,2026-07-31,295,132,0.4475,0.3918,0.4615,0.2138,False,False,0,False,False
Fezandipiti ex,Marnie's Grimmsnarl ex,2026-08-01,307,138,0.4495,0.3948,0.4873,0.1928,False,False,0,False,False
Fezandipiti ex,Marnie's Grimmsnarl ex,2026-08-02,314,139,0.4427,0.3888,0.4985,0.1793,False,False,0,False,False
Fezandipiti ex,Marnie's Grimmsnarl ex,2026-08-03,320,142,0.4437,0.3903,0.5084,0.1601,False,False,0,False,False
Fezandipiti ex,Marnie's Grimmsnarl ex,2026-08-04,326,146,0.4479,0.3948,0.5052,0.1484,False,False,0,False,False
Fezandipiti ex,Marnie's Grimmsnarl ex,2026-08-05,337,148,0.4392,0.3872,0.5071,0.141,False,False,0,False,False
Fezandipiti ex,Marnie's Grimmsnarl ex,2026-08-06,350,155,0.4429,0.3917,0.5026,0.1403,False,False,0,False,False
Fezandipiti ex,Marnie's Grimmsnarl ex,2026-08-07,363,162,0.4463,0.396,0.5019,0.1355,False,False,0,False,False
Fezandipiti ex,Marnie's Grimmsnarl ex,2026-08-08,373,168,0.4504,0.4007,0.485,0.1379,False,False,0,False,False
Fezandipiti ex,Marnie's Grimmsnarl ex,2026-08-09,390,179,0.459,0.4102,0.4726,0.1432,False,False,0,False,False
Fezandipiti ex,Marnie's Grimmsnarl ex,2026-08-10,399,182,0.4561,0.4079,0.4566,0.1425,False,False,0,False,False
Fezandipiti ex,Mega Kangaskhan ex,2026-06-16,0,0,0.0,0.0,,,False,False,0,False,False
Fezandipiti ex,Mega Kangaskhan ex,2026-06-17,0,0,0.0,0.0,0.0455,0.0455,False,False,0,False,False
Fezandipiti ex,Mega Kangaskhan ex,2026-06-18,0,0,0.0,0.0,0.0114,0.0682,False,False,0,False,False
Fezandipiti ex,Mega Kangaskhan ex,2026-06-19,0,0,0.0,0.0,0.0152,0.0758,False,False,0,False,False
Fezandipiti ex,Mega Kangaskhan ex,2026-06-20,0,0,0.0,0.0,0.0116,0.0698,False,False,0,False,False
Fezandipiti ex,Mega Kangaskhan ex,2026-06-21,0,0,0.0,0.0,0.0087,0.0652,False,False,0,False,False
Fezandipiti ex,Mega Kangaskhan ex,2026-06-22,0,0,0.0,0.0,0.0072,0.0647,False,False,0,False,False
Fezandipiti ex,Mega Kangaskhan ex,2026-06-23,0,0,0.0,0.0,0.006,0.0774,False,False,0,False,False
Fezandipiti ex,Mega Kangaskhan ex,2026-06-24,0,0,0.0,0.0,0.0052,0.0807,False,False,0,False,False
Fezandipiti ex,Mega Kangaskhan ex,2026-06-25,0,0,0.0,0.0,0.0069,0.0787,False,False,0,False,False
Fezandipiti ex,Mega Kangaskhan ex,2026-06-26,0,0,0.0,0.0,0.0086,0.0754,False,False,0,False,False
Fezandipiti ex,Mega Kangaskhan ex,2026-06-27,0,0,0.0,0.0,0.0077,0.0712,False,False,0,False,False
Fezandipiti ex,Mega Kangaskhan ex,2026-06-28,0,0,0.0,0.0,0.007,0.0739,False,False,0,False,False
Fezandipiti ex,Mega Kangaskhan ex,2026-06-29,0,0,0.0,0.0,0.0063,0.0714,False,False,0,False,False
Fezandipiti ex,Mega Kangaskhan ex,2026-06-30,0,0,0.0,0.0,0.006,0.0729,False,False,0,False,False
Fezandipiti ex,Mega Kangaskhan ex,2026-07-01,0,0,0.0,0.0,0.0043,0.081,False,False,0,False,False
Fezandipiti ex,Mega Kangaskhan ex,2026-07-02,0,0,0.0,0.0,0.0075,0.0841,False,False,0,False,False
Fezandipiti ex,Mega Kangaskhan ex,2026-07-03,0,0,0.0,0.0,0.0058,0.0826,False,False,0,False,False
Fezandipiti ex,Mega Kangaskhan ex,2026-07-04,0,0,0.0,0.0,0.0074,0.0868,False,False,0,False,False
Fezandipiti ex,Mega Kangaskhan ex,2026-07-05,0,0,0.0,0.0,0.0147,0.0855,False,False,0,False,False
Fezandipiti ex,Mega Kangaskhan ex,2026-07-06,1,1,1.0,0.2065,0.0208,0.0875,False,False,0,False,False
Fezandipiti ex,Mega Kangaskhan ex,2026-07-07,1,1,1.0,0.2065,0.0287,0.0831,False,False,0,False,False
Fezandipiti ex,Mega Kangaskhan ex,2026-07-08,2,2,1.0,0.3424,0.0491,0.084,False,False,0,False,False
Fezandipiti ex,Mega Kangaskhan ex,2026-07-09,2,2,1.0,0.3424,0.0624,0.0878,False,False,0,False,False
Fezandipiti ex,Mega Kangaskhan ex,2026-07-10,6,4,0.6667,0.3,0.0759,0.1144,False,False,0,False,False
Fezandipiti ex,Mega Kangaskhan ex,2026-07-11,13,5,0.3846,0.1771,0.0899,0.1423,False,False,0,False,False
Fezandipiti ex,Mega Kangaskhan ex,2026-07-12,27,15,0.5556,0.3731,0.1087,0.161,False,False,0,False,False
Fezandipiti ex,Mega Kangaskhan ex,2026-07-13,35,21,0.6,0.4357,0.1252,0.1809,False,False,0,False,False
Fezandipiti ex,Mega Kangaskhan ex,2026-07-14,48,28,0.5833,0.4428,0.1366,0.2065,False,False,0,False,False
Fezandipiti ex,Mega Kangaskhan ex,2026-07-15,61,36,0.5902,0.465,0.1466,0.2325,False,False,0,False,False
Fezandipiti ex,Mega Kangaskhan ex,2026-07-16,70,40,0.5714,0.4548,0.1515,0.2471,False,False,0,False,False
Fezandipiti ex,Mega Kangaskhan ex,2026-07-17,79,44,0.557,0.4473,0.1604,0.2584,False,False,0,False,False
Fezandipiti ex,Mega Kangaskhan ex,2026-07-18,84,46,0.5476,0.4414,0.1563,0.2763,False,False,0,False,False
Fezandipiti ex,Mega Kangaskhan ex,2026-07-19,94,51,0.5426,0.4422,0.1607,0.286,False,False,0,False,False
Fezandipiti ex,Mega Kangaskhan ex,2026-07-20,96,53,0.5521,0.4525,0.1528,0.2966,False,False,0,False,False
Fezandipiti ex,Mega Kangaskhan ex,2026-07-21,100,55,0.55,0.4524,0.1494,0.3024,False,False,0,False,False
Fezandipiti ex,Mega Kangaskhan ex,2026-07-22,106,58,0.5472,0.4524,0.1459,0.3175,False,False,0,False,False
Fezandipiti ex,Mega Kangaskhan ex,2026-07-23,113,61,0.5398,0.4481,0.1428,0.324,False,False,0,False,False
Fezandipiti ex,Mega Kangaskhan ex,2026-07-24,115,63,0.5478,0.4568,0.134,0.3267,False,False,0,False,False
Fezandipiti ex,Mega Kangaskhan ex,2026-07-25,118,63,0.5339,0.4442,0.1276,0.3138,False,False,0,False,False
Fezandipiti ex,Mega Kangaskhan ex,2026-07-26,118,63,0.5339,0.4442,0.115,0.3021,False,False,0,False,False
Fezandipiti ex,Mega Kangaskhan ex,2026-07-27,119,64,0.5378,0.4485,0.1042,0.2942,False,False,0,False,False
Fezandipiti ex,Mega Kangaskhan ex,2026-07-28,121,64,0.5289,0.4405,0.0988,0.2736,False,False,0,False,False
Fezandipiti ex,Mega Kangaskhan ex,2026-07-29,124,65,0.5242,0.4369,0.0948,0.2481,False,False,0,False,False
Fezandipiti ex,Mega Kangaskhan ex,2026-07-30,127,66,0.5197,0.4335,0.0943,0.2273,False,False,0,False,False
Fezandipiti ex,Mega Kangaskhan ex,2026-07-31,129,67,0.5194,0.4339,0.0887,0.2138,False,False,0,False,False
Fezandipiti ex,Mega Kangaskhan ex,2026-08-01,134,69,0.5149,0.4311,0.09,0.1928,False,False,0,False,False
Fezandipiti ex,Mega Kangaskhan ex,2026-08-02,138,71,0.5145,0.4318,0.086,0.1793,False,False,0,False,False
Fezandipiti ex,Mega Kangaskhan ex,2026-08-03,138,71,0.5145,0.4318,0.0864,0.1601,False,False,0,False,False
Fezandipiti ex,Mega Kangaskhan ex,2026-08-04,140,73,0.5214,0.4392,0.087,0.1484,False,False,0,False,False
Fezandipiti ex,Mega Kangaskhan ex,2026-08-05,140,73,0.5214,0.4392,0.0855,0.141,False,False,0,False,False
Fezandipiti ex,Mega Kangaskhan ex,2026-08-06,147,76,0.517,0.4368,0.087,0.1403,False,False,0,False,False
Fezandipiti ex,Mega Kangaskhan ex,2026-08-07,151,77,0.5099,0.4309,0.0904,0.1355,False,False,0,False,False
Fezandipiti ex,Mega Kangaskhan ex,2026-08-08,155,80,0.5161,0.438,0.0926,0.1379,False,False,0,False,False
Fezandipiti ex,Mega Kangaskhan ex,2026-08-09,157,81,0.5159,0.4383,0.0971,0.1432,False,False,0,False,False
Fezandipiti ex,Mega Kangaskhan ex,2026-08-10,158,82,0.519,0.4416,0.0984,0.1425,False,False,0,False,False
Fezandipiti ex,Mega Lopunny ex,2026-06-16,0,0,0.0,0.0,,,False,False,0,False,False
Fezandipiti ex,Mega Lopunny ex,2026-06-17,0,0,0.0,0.0,0.0,0.0455,False,False,0,False,False
Fezandipiti ex,Mega Lopunny ex,2026-06-18,0,0,0.0,0.0,0.0,0.0682,False,False,0,False,False
Fezandipiti ex,Mega Lopunny ex,2026-06-19,0,0,0.0,0.0,0.0,0.0758,False,False,0,False,False
Fezandipiti ex,Mega Lopunny ex,2026-06-20,0,0,0.0,0.0,0.0,0.0698,False,False,0,False,False
Fezandipiti ex,Mega Lopunny ex,2026-06-21,0,0,0.0,0.0,0.0,0.0652,False,False,0,False,False
Fezandipiti ex,Mega Lopunny ex,2026-06-22,0,0,0.0,0.0,0.0,0.0647,False,False,0,False,False
Fezandipiti ex,Mega Lopunny ex,2026-06-23,0,0,0.0,0.0,0.0,0.0774,False,False,0,False,False
Fezandipiti ex,Mega Lopunny ex,2026-06-24,0,0,0.0,0.0,0.0,0.0807,False,False,0,False,False
Fezandipiti ex,Mega Lopunny ex,2026-06-25,0,0,0.0,0.0,0.0,0.0787,False,False,0,False,False
Fezandipiti ex,Mega Lopunny ex,2026-06-26,0,0,0.0,0.0,0.0022,0.0754,False,False,0,False,False
Fezandipiti ex,Mega Lopunny ex,2026-06-27,0,0,0.0,0.0,0.0019,0.0712,False,False,0,False,False
Fezandipiti ex,Mega Lopunny ex,2026-06-28,0,0,0.0,0.0,0.0018,0.0739,False,False,0,False,False
Fezandipiti ex,Mega Lopunny ex,2026-06-29,0,0,0.0,0.0,0.0016,0.0714,False,False,0,False,False
Fezandipiti ex,Mega Lopunny ex,2026-06-30,0,0,0.0,0.0,0.0015,0.0729,False,False,0,False,False
Fezandipiti ex,Mega Lopunny ex,2026-07-01,0,0,0.0,0.0,0.0014,0.081,False,False,0,False,False
Fezandipiti ex,Mega Lopunny ex,2026-07-02,0,0,0.0,0.0,0.0015,0.0841,False,False,0,False,False
Fezandipiti ex,Mega Lopunny ex,2026-07-03,0,0,0.0,0.0,0.0014,0.0826,False,False,0,False,False
Fezandipiti ex,Mega Lopunny ex,2026-07-04,0,0,0.0,0.0,0.0015,0.0868,False,False,0,False,False
Fezandipiti ex,Mega Lopunny ex,2026-07-05,0,0,0.0,0.0,0.0015,0.0855,False,False,0,False,False
Fezandipiti ex,Mega Lopunny ex,2026-07-06,0,0,0.0,0.0,0.003,0.0875,False,False,0,False,False
Fezandipiti ex,Mega Lopunny ex,2026-07-07,0,0,0.0,0.0,0.003,0.0831,False,False,0,False,False
Fezandipiti ex,Mega Lopunny ex,2026-07-08,1,1,1.0,0.2065,0.0052,0.084,False,False,0,False,False
Fezandipiti ex,Mega Lopunny ex,2026-07-09,1,1,1.0,0.2065,0.0069,0.0878,False,False,0,False,False
Fezandipiti ex,Mega Lopunny ex,2026-07-10,1,1,1.0,0.2065,0.0051,0.1144,False,False,0,False,False
Fezandipiti ex,Mega Lopunny ex,2026-07-11,1,1,1.0,0.2065,0.0056,0.1423,False,False,0,False,False
Fezandipiti ex,Mega Lopunny ex,2026-07-12,1,1,1.0,0.2065,0.0051,0.161,False,False,0,False,False
Fezandipiti ex,Mega Lopunny ex,2026-07-13,1,1,1.0,0.2065,0.0081,0.1809,False,False,0,False,False
Fezandipiti ex,Mega Lopunny ex,2026-07-14,2,2,1.0,0.3424,0.009,0.2065,False,False,0,False,False
Fezandipiti ex,Mega Lopunny ex,2026-07-15,3,2,0.6667,0.2077,0.0091,0.2325,False,False,0,False,False
Fezandipiti ex,Mega Lopunny ex,2026-07-16,3,2,0.6667,0.2077,0.0085,0.2471,False,False,0,False,False
Fezandipiti ex,Mega Lopunny ex,2026-07-17,3,2,0.6667,0.2077,0.0081,0.2584,False,False,0,False,False
Fezandipiti ex,Mega Lopunny ex,2026-07-18,3,2,0.6667,0.2077,0.0076,0.2763,False,False,0,False,False
Fezandipiti ex,Mega Lopunny ex,2026-07-19,3,2,0.6667,0.2077,0.0073,0.286,False,False,0,False,False
Fezandipiti ex,Mega Lopunny ex,2026-07-20,3,2,0.6667,0.2077,0.0068,0.2966,False,False,0,False,False
Fezandipiti ex,Mega Lopunny ex,2026-07-21,4,3,0.75,0.3006,0.007,0.3024,False,False,0,False,False
Fezandipiti ex,Mega Lopunny ex,2026-07-22,4,3,0.75,0.3006,0.0059,0.3175,False,False,0,False,False
Fezandipiti ex,Mega Lopunny ex,2026-07-23,6,5,0.8333,0.4365,0.0077,0.324,False,False,0,False,False
Fezandipiti ex,Mega Lopunny ex,2026-07-24,8,7,0.875,0.5291,0.0114,0.3267,False,False,0,False,False
Fezandipiti ex,Mega Lopunny ex,2026-07-25,8,7,0.875,0.5291,0.0111,0.3138,False,False,0,False,False
Fezandipiti ex,Mega Lopunny ex,2026-07-26,8,7,0.875,0.5291,0.0113,0.3021,False,False,0,False,False
Fezandipiti ex,Mega Lopunny ex,2026-07-27,9,7,0.7778,0.4526,0.011,0.2942,False,False,0,False,False
Fezandipiti ex,Mega Lopunny ex,2026-07-28,9,7,0.7778,0.4526,0.0112,0.2736,False,False,0,False,False
Fezandipiti ex,Mega Lopunny ex,2026-07-29,9,7,0.7778,0.4526,0.0114,0.2481,False,False,0,False,False
Fezandipiti ex,Mega Lopunny ex,2026-07-30,9,7,0.7778,0.4526,0.0116,0.2273,False,False,0,False,False
Fezandipiti ex,Mega Lopunny ex,2026-07-31,10,8,0.8,0.4902,0.0121,0.2138,False,False,0,False,False
Fezandipiti ex,Mega Lopunny ex,2026-08-01,10,8,0.8,0.4902,0.0155,0.1928,False,False,0,False,False
Fezandipiti ex,Mega Lopunny ex,2026-08-02,11,8,0.7273,0.4343,0.0229,0.1793,False,False,0,False,False
Fezandipiti ex,Mega Lopunny ex,2026-08-03,16,9,0.5625,0.3318,0.0319,0.1601,False,False,0,False,False
Fezandipiti ex,Mega Lopunny ex,2026-08-04,20,12,0.6,0.3866,0.0439,0.1484,False,False,0,False,False
Fezandipiti ex,Mega Lopunny ex,2026-08-05,22,12,0.5455,0.3466,0.0555,0.141,False,False,0,False,False
Fezandipiti ex,Mega Lopunny ex,2026-08-06,26,15,0.5769,0.3895,0.0615,0.1403,False,False,0,False,False
Fezandipiti ex,Mega Lopunny ex,2026-08-07,29,15,0.5172,0.3443,0.0642,0.1355,False,False,0,False,False
Fezandipiti ex,Mega Lopunny ex,2026-08-08,35,17,0.4857,0.3299,0.0731,0.1379,False,False,0,False,False
Fezandipiti ex,Mega Lopunny ex,2026-08-09,36,17,0.4722,0.3199,0.0795,0.1432,False,False,0,False,False
Fezandipiti ex,Mega Lopunny ex,2026-08-10,42,21,0.5,0.3553,0.0875,0.1425,False,False,0,False,False
Fezandipiti ex,Mega Lucario ex,2026-06-16,0,0,0.0,0.0,,,False,False,0,False,False
Fezandipiti ex,Mega Lucario ex,2026-06-17,0,0,0.0,0.0,0.0909,0.0455,False,False,0,False,False
Fezandipiti ex,Mega Lucario ex,2026-06-18,1,0,0.0,0.0,0.2386,0.0682,False,False,0,False,False
Fezandipiti ex,Mega Lucario ex,2026-06-19,4,1,0.25,0.0456,0.2652,0.0758,False,False,0,False,False
Fezandipiti ex,Mega Lucario ex,2026-06-20,5,2,0.4,0.1176,0.343,0.0698,False,False,0,False,False
Fezandipiti ex,Mega Lucario ex,2026-06-21,5,2,0.4,0.1176,0.3609,0.0652,False,False,0,False,False
Fezandipiti ex,Mega Lucario ex,2026-06-22,5,2,0.4,0.1176,0.3381,0.0647,False,False,0,False,False
Fezandipiti ex,Mega Lucario ex,2026-06-23,5,2,0.4,0.1176,0.2946,0.0774,False,False,0,False,False
Fezandipiti ex,Mega Lucario ex,2026-06-24,6,3,0.5,0.1876,0.3021,0.0807,False,False,0,False,False
Fezandipiti ex,Mega Lucario ex,2026-06-25,6,3,0.5,0.1876,0.3032,0.0787,False,False,0,False,False
Fezandipiti ex,Mega Lucario ex,2026-06-26,6,3,0.5,0.1876,0.2931,0.0754,False,False,0,False,False
Fezandipiti ex,Mega Lucario ex,2026-06-27,6,3,0.5,0.1876,0.2808,0.0712,False,False,0,False,False
Fezandipiti ex,Mega Lucario ex,2026-06-28,6,3,0.5,0.1876,0.2711,0.0739,False,False,0,False,False
Fezandipiti ex,Mega Lucario ex,2026-06-29,6,3,0.5,0.1876,0.2587,0.0714,False,False,0,False,False
Fezandipiti ex,Mega Lucario ex,2026-06-30,6,3,0.5,0.1876,0.2485,0.0729,False,False,0,False,False
Fezandipiti ex,Mega Lucario ex,2026-07-01,6,3,0.5,0.1876,0.2344,0.081,False,False,0,False,False
Fezandipiti ex,Mega Lucario ex,2026-07-02,6,3,0.5,0.1876,0.2207,0.0841,False,False,0,False,False
Fezandipiti ex,Mega Lucario ex,2026-07-03,8,4,0.5,0.2152,0.1986,0.0826,False,False,0,False,False
Fezandipiti ex,Mega Lucario ex,2026-07-04,8,4,0.5,0.2152,0.1676,0.0868,False,False,0,False,False
Fezandipiti ex,Mega Lucario ex,2026-07-05,8,4,0.5,0.2152,0.1342,0.0855,False,False,0,False,False
Fezandipiti ex,Mega Lucario ex,2026-07-06,8,4,0.5,0.2152,0.1202,0.0875,False,False,0,False,False
Fezandipiti ex,Mega Lucario ex,2026-07-07,8,4,0.5,0.2152,0.1148,0.0831,False,False,0,False,False
Fezandipiti ex,Mega Lucario ex,2026-07-08,8,4,0.5,0.2152,0.084,0.084,False,False,0,False,False
Fezandipiti ex,Mega Lucario ex,2026-07-09,8,4,0.5,0.2152,0.0647,0.0878,False,False,0,False,False
Fezandipiti ex,Mega Lucario ex,2026-07-10,9,5,0.5556,0.2666,0.0577,0.1144,False,False,0,False,False
Fezandipiti ex,Mega Lucario ex,2026-07-11,9,5,0.5556,0.2666,0.0459,0.1423,False,False,0,False,False
Fezandipiti ex,Mega Lucario ex,2026-07-12,10,6,0.6,0.3127,0.0394,0.161,False,False,0,False,False
Fezandipiti ex,Mega Lucario ex,2026-07-13,10,6,0.6,0.3127,0.0307,0.1809,False,False,0,False,False
Fezandipiti ex,Mega Lucario ex,2026-07-14,10,6,0.6,0.3127,0.0255,0.2065,False,False,0,False,False
Fezandipiti ex,Mega Lucario ex,2026-07-15,10,6,0.6,0.3127,0.0237,0.2325,False,False,0,False,False
Fezandipiti ex,Mega Lucario ex,2026-07-16,11,6,0.5455,0.2801,0.0221,0.2471,False,False,0,False,False
Fezandipiti ex,Mega Lucario ex,2026-07-17,11,6,0.5455,0.2801,0.0187,0.2584,False,False,0,False,False
Fezandipiti ex,Mega Lucario ex,2026-07-18,11,6,0.5455,0.2801,0.017,0.2763,False,False,0,False,False
Fezandipiti ex,Mega Lucario ex,2026-07-19,11,6,0.5455,0.2801,0.0157,0.286,False,False,0,False,False
Fezandipiti ex,Mega Lucario ex,2026-07-20,11,6,0.5455,0.2801,0.0142,0.2966,False,False,0,False,False
Fezandipiti ex,Mega Lucario ex,2026-07-21,11,6,0.5455,0.2801,0.0135,0.3024,False,False,0,False,False
Fezandipiti ex,Mega Lucario ex,2026-07-22,11,6,0.5455,0.2801,0.0104,0.3175,False,False,0,False,False
Fezandipiti ex,Mega Lucario ex,2026-07-23,11,6,0.5455,0.2801,0.0072,0.324,False,False,0,False,False
Fezandipiti ex,Mega Lucario ex,2026-07-24,11,6,0.5455,0.2801,0.0043,0.3267,False,False,0,False,False
Fezandipiti ex,Mega Lucario ex,2026-07-25,12,7,0.5833,0.3195,0.0037,0.3138,False,False,0,False,False
Fezandipiti ex,Mega Lucario ex,2026-07-26,12,7,0.5833,0.3195,0.0014,0.3021,False,False,0,False,False
Fezandipiti ex,Mega Lucario ex,2026-07-27,12,7,0.5833,0.3195,0.0009,0.2942,False,False,0,False,False
Fezandipiti ex,Mega Lucario ex,2026-07-28,12,7,0.5833,0.3195,0.0009,0.2736,False,False,0,False,False
Fezandipiti ex,Mega Lucario ex,2026-07-29,12,7,0.5833,0.3195,0.0008,0.2481,False,False,0,False,False
Fezandipiti ex,Mega Lucario ex,2026-07-30,12,7,0.5833,0.3195,0.0008,0.2273,False,False,0,False,False
Fezandipiti ex,Mega Lucario ex,2026-07-31,12,7,0.5833,0.3195,0.0008,0.2138,False,False,0,False,False
Fezandipiti ex,Mega Lucario ex,2026-08-01,12,7,0.5833,0.3195,0.0008,0.1928,False,False,0,False,False
Fezandipiti ex,Mega Lucario ex,2026-08-02,12,7,0.5833,0.3195,0.0012,0.1793,False,False,0,False,False
Fezandipiti ex,Mega Lucario ex,2026-08-03,12,7,0.5833,0.3195,0.0023,0.1601,False,False,0,False,False
Fezandipiti ex,Mega Lucario ex,2026-08-04,13,7,0.5385,0.2914,0.0056,0.1484,False,False,0,False,False
Fezandipiti ex,Mega Lucario ex,2026-08-05,17,8,0.4706,0.2616,0.0086,0.141,False,False,0,False,False
Fezandipiti ex,Mega Lucario ex,2026-08-06,18,9,0.5,0.2903,0.0116,0.1403,False,False,0,False,False
Fezandipiti ex,Mega Lucario ex,2026-08-07,20,10,0.5,0.2993,0.0131,0.1355,False,False,0,False,False
Fezandipiti ex,Mega Lucario ex,2026-08-08,20,10,0.5,0.2993,0.0157,0.1379,False,False,0,False,False
Fezandipiti ex,Mega Lucario ex,2026-08-09,21,11,0.5238,0.3237,0.0176,0.1432,False,False,0,False,False
Fezandipiti ex,Mega Lucario ex,2026-08-10,22,12,0.5455,0.3466,0.0204,0.1425,False,False,0,False,False
Fezandipiti ex,Teal Mask Ogerpon ex,2026-06-16,0,0,0.0,0.0,,,False,False,0,False,False
Fezandipiti ex,Teal Mask Ogerpon ex,2026-06-17,0,0,0.0,0.0,0.0,0.0455,False,False,0,False,False
Fezandipiti ex,Teal Mask Ogerpon ex,2026-06-18,0,0,0.0,0.0,0.0114,0.0682,False,False,0,False,False
Fezandipiti ex,Teal Mask Ogerpon ex,2026-06-19,0,0,0.0,0.0,0.0152,0.0758,False,False,0,False,False
Fezandipiti ex,Teal Mask Ogerpon ex,2026-06-20,0,0,0.0,0.0,0.0116,0.0698,False,False,0,False,False
Fezandipiti ex,Teal Mask Ogerpon ex,2026-06-21,0,0,0.0,0.0,0.0087,0.0652,False,False,0,False,False
Fezandipiti ex,Teal Mask Ogerpon ex,2026-06-22,0,0,0.0,0.0,0.0072,0.0647,False,False,0,False,False
Fezandipiti ex,Teal Mask Ogerpon ex,2026-06-23,0,0,0.0,0.0,0.006,0.0774,False,False,0,False,False
Fezandipiti ex,Teal Mask Ogerpon ex,2026-06-24,0,0,0.0,0.0,0.0052,0.0807,False,False,0,False,False
Fezandipiti ex,Teal Mask Ogerpon ex,2026-06-25,0,0,0.0,0.0,0.0046,0.0787,False,False,0,False,False
Fezandipiti ex,Teal Mask Ogerpon ex,2026-06-26,0,0,0.0,0.0,0.0043,0.0754,False,False,0,False,False
Fezandipiti ex,Teal Mask Ogerpon ex,2026-06-27,0,0,0.0,0.0,0.0038,0.0712,False,False,0,False,False
Fezandipiti ex,Teal Mask Ogerpon ex,2026-06-28,0,0,0.0,0.0,0.0035,0.0739,False,False,0,False,False
Fezandipiti ex,Teal Mask Ogerpon ex,2026-06-29,0,0,0.0,0.0,0.0032,0.0714,False,False,0,False,False
Fezandipiti ex,Teal Mask Ogerpon ex,2026-06-30,0,0,0.0,0.0,0.003,0.0729,False,False,0,False,False
Fezandipiti ex,Teal Mask Ogerpon ex,2026-07-01,0,0,0.0,0.0,0.0028,0.081,False,False,0,False,False
Fezandipiti ex,Teal Mask Ogerpon ex,2026-07-02,0,0,0.0,0.0,0.0015,0.0841,False,False,0,False,False
Fezandipiti ex,Teal Mask Ogerpon ex,2026-07-03,0,0,0.0,0.0,0.0,0.0826,False,False,0,False,False
Fezandipiti ex,Teal Mask Ogerpon ex,2026-07-04,0,0,0.0,0.0,0.0,0.0868,False,False,0,False,False
Fezandipiti ex,Teal Mask Ogerpon ex,2026-07-05,0,0,0.0,0.0,0.0,0.0855,False,False,0,False,False
Fezandipiti ex,Teal Mask Ogerpon ex,2026-07-06,0,0,0.0,0.0,0.0,0.0875,False,False,0,False,False
Fezandipiti ex,Teal Mask Ogerpon ex,2026-07-07,0,0,0.0,0.0,0.0015,0.0831,False,False,0,False,False
Fezandipiti ex,Teal Mask Ogerpon ex,2026-07-08,1,0,0.0,0.0,0.0039,0.084,False,False,0,False,False
Fezandipiti ex,Teal Mask Ogerpon ex,2026-07-09,1,0,0.0,0.0,0.0058,0.0878,False,False,0,False,False
Fezandipiti ex,Teal Mask Ogerpon ex,2026-07-10,1,0,0.0,0.0,0.0051,0.1144,False,False,0,False,False
Fezandipiti ex,Teal Mask Ogerpon ex,2026-07-11,1,0,0.0,0.0,0.0047,0.1423,False,False,0,False,False
Fezandipiti ex,Teal Mask Ogerpon ex,2026-07-12,1,0,0.0,0.0,0.0043,0.161,False,False,0,False,False
Fezandipiti ex,Teal Mask Ogerpon ex,2026-07-13,1,0,0.0,0.0,0.004,0.1809,False,False,0,False,False
Fezandipiti ex,Teal Mask Ogerpon ex,2026-07-14,1,0,0.0,0.0,0.0045,0.2065,False,False,0,False,False
Fezandipiti ex,Teal Mask Ogerpon ex,2026-07-15,1,0,0.0,0.0,0.0042,0.2325,False,False,0,False,False
Fezandipiti ex,Teal Mask Ogerpon ex,2026-07-16,1,0,0.0,0.0,0.0039,0.2471,False,False,0,False,False
Fezandipiti ex,Teal Mask Ogerpon ex,2026-07-17,1,0,0.0,0.0,0.0037,0.2584,False,False,0,False,False
Fezandipiti ex,Teal Mask Ogerpon ex,2026-07-18,1,0,0.0,0.0,0.0035,0.2763,False,False,0,False,False
Fezandipiti ex,Teal Mask Ogerpon ex,2026-07-19,1,0,0.0,0.0,0.0034,0.286,False,False,0,False,False
Fezandipiti ex,Teal Mask Ogerpon ex,2026-07-20,1,0,0.0,0.0,0.0032,0.2966,False,False,0,False,False
Fezandipiti ex,Teal Mask Ogerpon ex,2026-07-21,1,0,0.0,0.0,0.0025,0.3024,False,False,0,False,False
Fezandipiti ex,Teal Mask Ogerpon ex,2026-07-22,1,0,0.0,0.0,0.0015,0.3175,False,False,0,False,False
Fezandipiti ex,Teal Mask Ogerpon ex,2026-07-23,1,0,0.0,0.0,0.0005,0.324,False,False,0,False,False
Fezandipiti ex,Teal Mask Ogerpon ex,2026-07-24,1,0,0.0,0.0,0.0005,0.3267,False,False,0,False,False
Fezandipiti ex,Teal Mask Ogerpon ex,2026-07-25,1,0,0.0,0.0,0.0005,0.3138,False,False,0,False,False
Fezandipiti ex,Teal Mask Ogerpon ex,2026-07-26,1,0,0.0,0.0,0.0009,0.3021,False,False,0,False,False
Fezandipiti ex,Teal Mask Ogerpon ex,2026-07-27,1,0,0.0,0.0,0.0009,0.2942,False,False,0,False,False
Fezandipiti ex,Teal Mask Ogerpon ex,2026-07-28,1,0,0.0,0.0,0.0004,0.2736,False,False,0,False,False
Fezandipiti ex,Teal Mask Ogerpon ex,2026-07-29,1,0,0.0,0.0,0.0004,0.2481,False,False,0,False,False
Fezandipiti ex,Teal Mask Ogerpon ex,2026-07-30,1,0,0.0,0.0,0.0004,0.2273,False,False,0,False,False
Fezandipiti ex,Teal Mask Ogerpon ex,2026-07-31,1,0,0.0,0.0,0.0004,0.2138,False,False,0,False,False
Fezandipiti ex,Teal Mask Ogerpon ex,2026-08-01,2,1,0.5,0.0945,0.0032,0.1928,False,False,0,False,False
Fezandipiti ex,Teal Mask Ogerpon ex,2026-08-02,2,1,0.5,0.0945,0.0093,0.1793,False,False,0,False,False
Fezandipiti ex,Teal Mask Ogerpon ex,2026-08-03,3,2,0.6667,0.2077,0.018,0.1601,False,False,0,False,False
Fezandipiti ex,Teal Mask Ogerpon ex,2026-08-04,9,7,0.7778,0.4526,0.024,0.1484,False,False,0,False,False
Fezandipiti ex,Teal Mask Ogerpon ex,2026-08-05,13,10,0.7692,0.4974,0.0311,0.141,False,False,0,False,False
Fezandipiti ex,Teal Mask Ogerpon ex,2026-08-06,20,14,0.7,0.481,0.0375,0.1403,False,False,0,False,False
Fezandipiti ex,Teal Mask Ogerpon ex,2026-08-07,23,16,0.6957,0.4913,0.0444,0.1355,False,False,0,False,False
Fezandipiti ex,Teal Mask Ogerpon ex,2026-08-08,26,18,0.6923,0.5001,0.0517,0.1379,False,False,0,False,False
Fezandipiti ex,Teal Mask Ogerpon ex,2026-08-09,29,21,0.7241,0.5428,0.0558,0.1432,False,False,0,False,False
Fezandipiti ex,Teal Mask Ogerpon ex,2026-08-10,33,23,0.697,0.5266,0.0641,0.1425,False,False,0,False,False
Fezandipiti ex,Team Rocket's Mewtwo ex,2026-06-16,0,0,0.0,0.0,,,False,False,0,False,False
Fezandipiti ex,Team Rocket's Mewtwo ex,2026-06-17,0,0,0.0,0.0,0.0,0.0455,False,False,0,False,False
Fezandipiti ex,Team Rocket's Mewtwo ex,2026-06-18,0,0,0.0,0.0,0.0,0.0682,False,False,0,False,False
Fezandipiti ex,Team Rocket's Mewtwo ex,2026-06-19,0,0,0.0,0.0,0.0,0.0758,False,False,0,False,False
Fezandipiti ex,Team Rocket's Mewtwo ex,2026-06-20,0,0,0.0,0.0,0.0,0.0698,False,False,0,False,False
Fezandipiti ex,Team Rocket's Mewtwo ex,2026-06-21,0,0,0.0,0.0,0.0043,0.0652,False,False,0,False,False
Fezandipiti ex,Team Rocket's Mewtwo ex,2026-06-22,0,0,0.0,0.0,0.0072,0.0647,False,False,0,False,False
Fezandipiti ex,Team Rocket's Mewtwo ex,2026-06-23,0,0,0.0,0.0,0.0089,0.0774,False,False,0,False,False
Fezandipiti ex,Team Rocket's Mewtwo ex,2026-06-24,0,0,0.0,0.0,0.0078,0.0807,False,False,0,False,False
Fezandipiti ex,Team Rocket's Mewtwo ex,2026-06-25,0,0,0.0,0.0,0.0069,0.0787,False,False,0,False,False
Fezandipiti ex,Team Rocket's Mewtwo ex,2026-06-26,0,0,0.0,0.0,0.0065,0.0754,False,False,0,False,False
Fezandipiti ex,Team Rocket's Mewtwo ex,2026-06-27,0,0,0.0,0.0,0.0096,0.0712,False,False,0,False,False
Fezandipiti ex,Team Rocket's Mewtwo ex,2026-06-28,0,0,0.0,0.0,0.0088,0.0739,False,False,0,False,False
Fezandipiti ex,Team Rocket's Mewtwo ex,2026-06-29,0,0,0.0,0.0,0.0095,0.0714,False,False,0,False,False
Fezandipiti ex,Team Rocket's Mewtwo ex,2026-06-30,0,0,0.0,0.0,0.0089,0.0729,False,False,0,False,False
Fezandipiti ex,Team Rocket's Mewtwo ex,2026-07-01,0,0,0.0,0.0,0.0085,0.081,False,False,0,False,False
Fezandipiti ex,Team Rocket's Mewtwo ex,2026-07-02,0,0,0.0,0.0,0.009,0.0841,False,False,0,False,False
Fezandipiti ex,Team Rocket's Mewtwo ex,2026-07-03,0,0,0.0,0.0,0.0087,0.0826,False,False,0,False,False
Fezandipiti ex,Team Rocket's Mewtwo ex,2026-07-04,0,0,0.0,0.0,0.0088,0.0868,False,False,0,False,False
Fezandipiti ex,Team Rocket's Mewtwo ex,2026-07-05,1,1,1.0,0.2065,0.0103,0.0855,False,False,0,False,False
Fezandipiti ex,Team Rocket's Mewtwo ex,2026-07-06,1,1,1.0,0.2065,0.0104,0.0875,False,False,0,False,False
Fezandipiti ex,Team Rocket's Mewtwo ex,2026-07-07,1,1,1.0,0.2065,0.0091,0.0831,False,False,0,False,False
Fezandipiti ex,Team Rocket's Mewtwo ex,2026-07-08,1,1,1.0,0.2065,0.0116,0.084,False,False,0,False,False
Fezandipiti ex,Team Rocket's Mewtwo ex,2026-07-09,1,1,1.0,0.2065,0.0104,0.0878,False,False,0,False,False
Fezandipiti ex,Team Rocket's Mewtwo ex,2026-07-10,3,1,0.3333,0.0615,0.0111,0.1144,False,False,0,False,False
Fezandipiti ex,Team Rocket's Mewtwo ex,2026-07-11,5,2,0.4,0.1176,0.0112,0.1423,False,False,0,False,False
Fezandipiti ex,Team Rocket's Mewtwo ex,2026-07-12,6,2,0.3333,0.0968,0.0128,0.161,False,False,0,False,False
Fezandipiti ex,Team Rocket's Mewtwo ex,2026-07-13,9,2,0.2222,0.0632,0.0153,0.1809,False,False,0,False,False
Fezandipiti ex,Team Rocket's Mewtwo ex,2026-07-14,13,4,0.3077,0.1268,0.0173,0.2065,False,False,0,False,False
Fezandipiti ex,Team Rocket's Mewtwo ex,2026-07-15,13,4,0.3077,0.1268,0.0175,0.2325,False,False,0,False,False
Fezandipiti ex,Team Rocket's Mewtwo ex,2026-07-16,21,7,0.3333,0.1719,0.0306,0.2471,False,False,0,False,False
Fezandipiti ex,Team Rocket's Mewtwo ex,2026-07-17,26,9,0.3462,0.1941,0.0368,0.2584,False,False,0,False,False
Fezandipiti ex,Team Rocket's Mewtwo ex,2026-07-18,31,11,0.3548,0.2112,0.0404,0.2763,False,False,0,False,False
Fezandipiti ex,Team Rocket's Mewtwo ex,2026-07-19,36,12,0.3333,0.2021,0.0455,0.286,False,False,0,False,False
Fezandipiti ex,Team Rocket's Mewtwo ex,2026-07-20,46,13,0.2826,0.1732,0.0522,0.2966,False,False,0,False,False
Fezandipiti ex,Team Rocket's Mewtwo ex,2026-07-21,51,14,0.2745,0.1711,0.0597,0.3024,False,False,0,False,False
Fezandipiti ex,Team Rocket's Mewtwo ex,2026-07-22,59,16,0.2712,0.1744,0.0727,0.3175,False,False,0,False,False
Fezandipiti ex,Team Rocket's Mewtwo ex,2026-07-23,61,16,0.2623,0.1684,0.0841,0.324,False,False,0,False,False
Fezandipiti ex,Team Rocket's Mewtwo ex,2026-07-24,64,16,0.25,0.1601,0.0885,0.3267,False,False,0,False,False
Fezandipiti ex,Team Rocket's Mewtwo ex,2026-07-25,66,16,0.2424,0.1551,0.0908,0.3138,False,False,0,False,False
Fezandipiti ex,Team Rocket's Mewtwo ex,2026-07-26,72,17,0.2361,0.153,0.1005,0.3021,False,False,0,False,False
Fezandipiti ex,Team Rocket's Mewtwo ex,2026-07-27,74,18,0.2432,0.1598,0.1029,0.2942,False,False,0,False,False
Fezandipiti ex,Team Rocket's Mewtwo ex,2026-07-28,75,18,0.24,0.1575,0.104,0.2736,False,False,0,False,False
Fezandipiti ex,Team Rocket's Mewtwo ex,2026-07-29,76,18,0.2368,0.1554,0.1075,0.2481,False,False,0,False,False
Fezandipiti ex,Team Rocket's Mewtwo ex,2026-07-30,77,18,0.2338,0.1533,0.1027,0.2273,False,False,0,False,False
Fezandipiti ex,Team Rocket's Mewtwo ex,2026-07-31,77,18,0.2338,0.1533,0.1004,0.2138,False,False,0,False,False
Fezandipiti ex,Team Rocket's Mewtwo ex,2026-08-01,77,18,0.2338,0.1533,0.098,0.1928,False,False,0,False,False
Fezandipiti ex,Team Rocket's Mewtwo ex,2026-08-02,77,18,0.2338,0.1533,0.0922,0.1793,False,False,0,False,False
Fezandipiti ex,Team Rocket's Mewtwo ex,2026-08-03,77,18,0.2338,0.1533,0.0856,0.1601,False,False,0,False,False
Fezandipiti ex,Team Rocket's Mewtwo ex,2026-08-04,78,19,0.2436,0.1619,0.0765,0.1484,False,False,0,False,False
Fezandipiti ex,Team Rocket's Mewtwo ex,2026-08-05,78,19,0.2436,0.1619,0.0653,0.141,False,False,0,False,False
Fezandipiti ex,Team Rocket's Mewtwo ex,2026-08-06,80,19,0.2375,0.1576,0.0566,0.1403,False,False,0,False,False
Fezandipiti ex,Team Rocket's Mewtwo ex,2026-08-07,82,20,0.2439,0.1638,0.0534,0.1355,False,False,0,False,False
Fezandipiti ex,Team Rocket's Mewtwo ex,2026-08-08,82,20,0.2439,0.1638,0.0487,0.1379,False,False,0,False,False
Fezandipiti ex,Team Rocket's Mewtwo ex,2026-08-09,83,20,0.241,0.1617,0.039,0.1432,False,False,0,False,False
Fezandipiti ex,Team Rocket's Mewtwo ex,2026-08-10,85,20,0.2353,0.1578,0.0336,0.1425,False,False,0,False,False
Marnie's Grimmsnarl ex,Cynthia's Garchomp ex,2026-06-16,0,0,0.0,0.0,,,False,False,0,False,False
Marnie's Grimmsnarl ex,Cynthia's Garchomp ex,2026-06-17,0,0,0.0,0.0,0.0,0.0,False,False,0,False,False
Marnie's Grimmsnarl ex,Cynthia's Garchomp ex,2026-06-18,0,0,0.0,0.0,0.0,0.0,False,False,0,False,False
Marnie's Grimmsnarl ex,Cynthia's Garchomp ex,2026-06-19,0,0,0.0,0.0,0.0,0.0,False,False,0,False,False
Marnie's Grimmsnarl ex,Cynthia's Garchomp ex,2026-06-20,0,0,0.0,0.0,0.0,0.0,False,False,0,False,False
Marnie's Grimmsnarl ex,Cynthia's Garchomp ex,2026-06-21,0,0,0.0,0.0,0.0,0.0,False,False,0,False,False
Marnie's Grimmsnarl ex,Cynthia's Garchomp ex,2026-06-22,0,0,0.0,0.0,0.0,0.0,False,False,0,False,False
Marnie's Grimmsnarl ex,Cynthia's Garchomp ex,2026-06-23,0,0,0.0,0.0,0.003,0.0,False,False,0,False,False
Marnie's Grimmsnarl ex,Cynthia's Garchomp ex,2026-06-24,0,0,0.0,0.0,0.0026,0.0,False,False,0,False,False
Marnie's Grimmsnarl ex,Cynthia's Garchomp ex,2026-06-25,0,0,0.0,0.0,0.0023,0.0,False,False,0,False,False
Marnie's Grimmsnarl ex,Cynthia's Garchomp ex,2026-06-26,0,0,0.0,0.0,0.0022,0.0,False,False,0,False,False
Marnie's Grimmsnarl ex,Cynthia's Garchomp ex,2026-06-27,0,0,0.0,0.0,0.0019,0.0,False,False,0,False,False
Marnie's Grimmsnarl ex,Cynthia's Garchomp ex,2026-06-28,0,0,0.0,0.0,0.0018,0.0,False,False,0,False,False
Marnie's Grimmsnarl ex,Cynthia's Garchomp ex,2026-06-29,0,0,0.0,0.0,0.0032,0.0,False,False,0,False,False
Marnie's Grimmsnarl ex,Cynthia's Garchomp ex,2026-06-30,0,0,0.0,0.0,0.003,0.0,False,False,0,False,False
Marnie's Grimmsnarl ex,Cynthia's Garchomp ex,2026-07-01,0,0,0.0,0.0,0.0071,0.0043,False,False,0,False,False
Marnie's Grimmsnarl ex,Cynthia's Garchomp ex,2026-07-02,0,0,0.0,0.0,0.0075,0.0135,False,False,0,False,False
Marnie's Grimmsnarl ex,Cynthia's Garchomp ex,2026-07-03,0,0,0.0,0.0,0.0101,0.042,False,False,0,False,False
Marnie's Grimmsnarl ex,Cynthia's Garchomp ex,2026-07-04,1,1,1.0,0.2065,0.0118,0.05,False,False,0,False,False
Marnie's Grimmsnarl ex,Cynthia's Garchomp ex,2026-07-05,2,1,0.5,0.0945,0.0147,0.0826,False,False,0,False,False
Marnie's Grimmsnarl ex,Cynthia's Garchomp ex,2026-07-06,3,1,0.3333,0.0615,0.0208,0.1024,False,False,0,False,False
Marnie's Grimmsnarl ex,Cynthia's Garchomp ex,2026-07-07,4,2,0.5,0.15,0.0242,0.1284,False,False,0,False,False
Marnie's Grimmsnarl ex,Cynthia's Garchomp ex,2026-07-08,7,3,0.4286,0.1582,0.0388,0.146,False,False,0,False,False
Marnie's Grimmsnarl ex,Cynthia's Garchomp ex,2026-07-09,9,3,0.3333,0.1206,0.0508,0.1686,False,False,0,False,False
Marnie's Grimmsnarl ex,Cynthia's Garchomp ex,2026-07-10,11,5,0.4545,0.2127,0.0557,0.168,False,False,0,False,False
Marnie's Grimmsnarl ex,Cynthia's Garchomp ex,2026-07-11,12,5,0.4167,0.1933,0.0581,0.1798,False,False,0,False,False
Marnie's Grimmsnarl ex,Cynthia's Garchomp ex,2026-07-12,12,5,0.4167,0.1933,0.0599,0.1781,False,False,0,False,False
Marnie's Grimmsnarl ex,Cynthia's Garchomp ex,2026-07-13,12,5,0.4167,0.1933,0.0598,0.1809,False,False,0,False,False
Marnie's Grimmsnarl ex,Cynthia's Garchomp ex,2026-07-14,12,5,0.4167,0.1933,0.0593,0.1847,False,False,0,False,False
Marnie's Grimmsnarl ex,Cynthia's Garchomp ex,2026-07-15,12,5,0.4167,0.1933,0.0531,0.1844,False,False,0,False,False
Marnie's Grimmsnarl ex,Cynthia's Garchomp ex,2026-07-16,13,6,0.4615,0.2321,0.0501,0.1827,False,False,0,False,False
Marnie's Grimmsnarl ex,Cynthia's Garchomp ex,2026-07-17,14,6,0.4286,0.2138,0.0518,0.1742,False,False,0,False,False
Marnie's Grimmsnarl ex,Cynthia's Garchomp ex,2026-07-18,16,8,0.5,0.28,0.0527,0.1745,False,False,0,False,False
Marnie's Grimmsnarl ex,Cynthia's Garchomp ex,2026-07-19,19,8,0.4211,0.2314,0.0551,0.1742,False,False,0,False,False
Marnie's Grimmsnarl ex,Cynthia's Garchomp ex,2026-07-20,26,10,0.3846,0.2243,0.0553,0.1812,False,False,0,False,False
Marnie's Grimmsnarl ex,Cynthia's Garchomp ex,2026-07-21,30,11,0.3667,0.2187,0.0562,0.1861,False,False,0,False,False
Marnie's Grimmsnarl ex,Cynthia's Garchomp ex,2026-07-22,32,11,0.3438,0.2041,0.0549,0.1978,False,False,0,False,False
Marnie's Grimmsnarl ex,Cynthia's Garchomp ex,2026-07-23,36,13,0.3611,0.2248,0.0534,0.2111,False,False,0,False,False
Marnie's Grimmsnarl ex,Cynthia's Garchomp ex,2026-07-24,44,15,0.3409,0.2188,0.0573,0.2296,False,False,0,False,False
Marnie's Grimmsnarl ex,Cynthia's Garchomp ex,2026-07-25,50,21,0.42,0.2937,0.0567,0.2618,False,False,0,False,False
Marnie's Grimmsnarl ex,Cynthia's Garchomp ex,2026-07-26,59,25,0.4237,0.3061,0.0616,0.2944,False,False,0,False,False
Marnie's Grimmsnarl ex,Cynthia's Garchomp ex,2026-07-27,64,28,0.4375,0.3229,0.0611,0.3219,False,False,0,False,False
Marnie's Grimmsnarl ex,Cynthia's Garchomp ex,2026-07-28,68,28,0.4118,0.3026,0.061,0.3552,False,False,0,False,False
Marnie's Grimmsnarl ex,Cynthia's Garchomp ex,2026-07-29,71,30,0.4225,0.3145,0.0614,0.3946,False,False,0,False,False
Marnie's Grimmsnarl ex,Cynthia's Garchomp ex,2026-07-30,71,30,0.4225,0.3145,0.0603,0.4268,False,False,0,False,False
Marnie's Grimmsnarl ex,Cynthia's Garchomp ex,2026-07-31,74,31,0.4189,0.3132,0.0571,0.4615,False,False,0,False,False
Marnie's Grimmsnarl ex,Cynthia's Garchomp ex,2026-08-01,76,31,0.4079,0.3044,0.0554,0.4873,False,False,0,False,False
Marnie's Grimmsnarl ex,Cynthia's Garchomp ex,2026-08-02,79,33,0.4177,0.3153,0.0546,0.4985,False,False,0,False,False
Marnie's Grimmsnarl ex,Cynthia's Garchomp ex,2026-08-03,82,34,0.4146,0.3142,0.0526,0.5084,False,False,0,False,False
Marnie's Grimmsnarl ex,Cynthia's Garchomp ex,2026-08-04,90,39,0.4333,0.3358,0.0536,0.5052,False,False,0,False,False
Marnie's Grimmsnarl ex,Cynthia's Garchomp ex,2026-08-05,92,40,0.4348,0.3381,0.0506,0.5071,False,False,0,False,False
Marnie's Grimmsnarl ex,Cynthia's Garchomp ex,2026-08-06,93,41,0.4409,0.3443,0.0458,0.5026,False,False,0,False,False
Marnie's Grimmsnarl ex,Cynthia's Garchomp ex,2026-08-07,94,42,0.4468,0.3504,0.0396,0.5019,False,False,0,False,False
Marnie's Grimmsnarl ex,Cynthia's Garchomp ex,2026-08-08,95,42,0.4421,0.3464,0.0379,0.485,False,False,0,False,False
Marnie's Grimmsnarl ex,Cynthia's Garchomp ex,2026-08-09,96,42,0.4375,0.3426,0.0307,0.4726,False,False,0,False,False
Marnie's Grimmsnarl ex,Cynthia's Garchomp ex,2026-08-10,97,42,0.433,0.3388,0.0294,0.4566,False,False,0,False,False
Marnie's Grimmsnarl ex,Dragapult ex,2026-06-16,0,0,0.0,0.0,,,False,False,0,False,False
Marnie's Grimmsnarl ex,Dragapult ex,2026-06-17,0,0,0.0,0.0,0.3182,0.0,False,False,0,False,False
Marnie's Grimmsnarl ex,Dragapult ex,2026-06-18,0,0,0.0,0.0,0.1136,0.0,False,False,0,False,False
Marnie's Grimmsnarl ex,Dragapult ex,2026-06-19,0,0,0.0,0.0,0.0758,0.0,False,False,0,False,False
Marnie's Grimmsnarl ex,Dragapult ex,2026-06-20,0,0,0.0,0.0,0.0581,0.0,False,False,0,False,False
Marnie's Grimmsnarl ex,Dragapult ex,2026-06-21,0,0,0.0,0.0,0.0478,0.0,False,False,0,False,False
Marnie's Grimmsnarl ex,Dragapult ex,2026-06-22,0,0,0.0,0.0,0.054,0.0,False,False,0,False,False
Marnie's Grimmsnarl ex,Dragapult ex,2026-06-23,0,0,0.0,0.0,0.0685,0.0,False,False,0,False,False
Marnie's Grimmsnarl ex,Dragapult ex,2026-06-24,0,0,0.0,0.0,0.0807,0.0,False,False,0,False,False
Marnie's Grimmsnarl ex,Dragapult ex,2026-06-25,0,0,0.0,0.0,0.088,0.0,False,False,0,False,False
Marnie's Grimmsnarl ex,Dragapult ex,2026-06-26,0,0,0.0,0.0,0.0927,0.0,False,False,0,False,False
Marnie's Grimmsnarl ex,Dragapult ex,2026-06-27,0,0,0.0,0.0,0.0904,0.0,False,False,0,False,False
Marnie's Grimmsnarl ex,Dragapult ex,2026-06-28,0,0,0.0,0.0,0.088,0.0,False,False,0,False,False
Marnie's Grimmsnarl ex,Dragapult ex,2026-06-29,0,0,0.0,0.0,0.0825,0.0,False,False,0,False,False
Marnie's Grimmsnarl ex,Dragapult ex,2026-06-30,0,0,0.0,0.0,0.0818,0.0,False,False,0,False,False
Marnie's Grimmsnarl ex,Dragapult ex,2026-07-01,0,0,0.0,0.0,0.0739,0.0043,False,False,0,False,False
Marnie's Grimmsnarl ex,Dragapult ex,2026-07-02,0,0,0.0,0.0,0.0751,0.0135,False,False,0,False,False
Marnie's Grimmsnarl ex,Dragapult ex,2026-07-03,0,0,0.0,0.0,0.0739,0.042,False,False,0,False,False
Marnie's Grimmsnarl ex,Dragapult ex,2026-07-04,0,0,0.0,0.0,0.075,0.05,False,False,0,False,False
Marnie's Grimmsnarl ex,Dragapult ex,2026-07-05,0,0,0.0,0.0,0.0752,0.0826,False,False,0,False,False
Marnie's Grimmsnarl ex,Dragapult ex,2026-07-06,0,0,0.0,0.0,0.0697,0.1024,False,False,0,False,False
Marnie's Grimmsnarl ex,Dragapult ex,2026-07-07,1,1,1.0,0.2065,0.0619,0.1284,False,False,0,False,False
Marnie's Grimmsnarl ex,Dragapult ex,2026-07-08,1,1,1.0,0.2065,0.0543,0.146,False,False,0,False,False
Marnie's Grimmsnarl ex,Dragapult ex,2026-07-09,1,1,1.0,0.2065,0.0462,0.1686,False,False,0,False,False
Marnie's Grimmsnarl ex,Dragapult ex,2026-07-10,1,1,1.0,0.2065,0.0385,0.168,False,False,0,False,False
Marnie's Grimmsnarl ex,Dragapult ex,2026-07-11,1,1,1.0,0.2065,0.0346,0.1798,False,False,0,False,False
Marnie's Grimmsnarl ex,Dragapult ex,2026-07-12,2,2,1.0,0.3424,0.0428,0.1781,False,False,0,False,False
Marnie's Grimmsnarl ex,Dragapult ex,2026-07-13,3,2,0.6667,0.2077,0.0468,0.1809,False,False,0,False,False
Marnie's Grimmsnarl ex,Dragapult ex,2026-07-14,3,2,0.6667,0.2077,0.0428,0.1847,False,False,0,False,False
Marnie's Grimmsnarl ex,Dragapult ex,2026-07-15,3,2,0.6667,0.2077,0.037,0.1844,False,False,0,False,False
Marnie's Grimmsnarl ex,Dragapult ex,2026-07-16,3,2,0.6667,0.2077,0.0338,0.1827,False,False,0,False,False
Marnie's Grimmsnarl ex,Dragapult ex,2026-07-17,4,2,0.5,0.15,0.0368,0.1742,False,False,0,False,False
Marnie's Grimmsnarl ex,Dragapult ex,2026-07-18,5,2,0.4,0.1176,0.0398,0.1745,False,False,0,False,False
Marnie's Grimmsnarl ex,Dragapult ex,2026-07-19,7,2,0.2857,0.0822,0.0404,0.1742,False,False,0,False,False
Marnie's Grimmsnarl ex,Dragapult ex,2026-07-20,11,5,0.4545,0.2127,0.0421,0.1812,False,False,0,False,False
Marnie's Grimmsnarl ex,Dragapult ex,2026-07-21,14,7,0.5,0.268,0.0446,0.1861,False,False,0,False,False
Marnie's Grimmsnarl ex,Dragapult ex,2026-07-22,18,8,0.4444,0.2456,0.0455,0.1978,False,False,0,False,False
Marnie's Grimmsnarl ex,Dragapult ex,2026-07-23,23,11,0.4783,0.2924,0.0457,0.2111,False,False,0,False,False
Marnie's Grimmsnarl ex,Dragapult ex,2026-07-24,24,12,0.5,0.3143,0.0459,0.2296,False,False,0,False,False
Marnie's Grimmsnarl ex,Dragapult ex,2026-07-25,26,12,0.4615,0.2876,0.0452,0.2618,False,False,0,False,False
Marnie's Grimmsnarl ex,Dragapult ex,2026-07-26,26,12,0.4615,0.2876,0.0376,0.2944,False,False,0,False,False
Marnie's Grimmsnarl ex,Dragapult ex,2026-07-27,31,14,0.4516,0.2916,0.0374,0.3219,False,False,0,False,False
Marnie's Grimmsnarl ex,Dragapult ex,2026-07-28,32,14,0.4375,0.2817,0.0382,0.3552,False,False,0,False,False
Marnie's Grimmsnarl ex,Dragapult ex,2026-07-29,33,15,0.4545,0.2984,0.0385,0.3946,False,False,0,False,False
Marnie's Grimmsnarl ex,Dragapult ex,2026-07-30,34,16,0.4706,0.3145,0.0382,0.4268,False,False,0,False,False
Marnie's Grimmsnarl ex,Dragapult ex,2026-07-31,36,17,0.4722,0.3199,0.0356,0.4615,False,False,0,False,False
Marnie's Grimmsnarl ex,Dragapult ex,2026-08-01,37,18,0.4865,0.3345,0.0327,0.4873,False,False,0,False,False
Marnie's Grimmsnarl ex,Dragapult ex,2026-08-02,39,19,0.4872,0.3386,0.0314,0.4985,False,False,0,False,False
Marnie's Grimmsnarl ex,Dragapult ex,2026-08-03,47,23,0.4894,0.3528,0.0315,0.5084,False,False,0,False,False
Marnie's Grimmsnarl ex,Dragapult ex,2026-08-04,53,25,0.4717,0.3438,0.0322,0.5052,False,False,0,False,False
Marnie's Grimmsnarl ex,Dragapult ex,2026-08-05,56,25,0.4464,0.3239,0.033,0.5071,False,False,0,False,False
Marnie's Grimmsnarl ex,Dragapult ex,2026-08-06,58,25,0.431,0.3118,0.0356,0.5026,False,False,0,False,False
Marnie's Grimmsnarl ex,Dragapult ex,2026-08-07,63,27,0.4286,0.314,0.037,0.5019,False,False,0,False,False
Marnie's Grimmsnarl ex,Dragapult ex,2026-08-08,65,28,0.4308,0.3176,0.0397,0.485,False,False,0,False,False
Marnie's Grimmsnarl ex,Dragapult ex,2026-08-09,69,28,0.4058,0.2979,0.0439,0.4726,False,False,0,False,False
Marnie's Grimmsnarl ex,Dragapult ex,2026-08-10,72,29,0.4028,0.2972,0.046,0.4566,False,False,0,False,False
Marnie's Grimmsnarl ex,Fezandipiti ex,2026-06-16,0,0,0.0,0.0,,,False,False,0,False,False
Marnie's Grimmsnarl ex,Fezandipiti ex,2026-06-17,0,0,0.0,0.0,0.0455,0.0,False,False,0,False,False
Marnie's Grimmsnarl ex,Fezandipiti ex,2026-06-18,0,0,0.0,0.0,0.0682,0.0,False,False,0,False,False
Marnie's Grimmsnarl ex,Fezandipiti ex,2026-06-19,0,0,0.0,0.0,0.0758,0.0,False,False,0,False,False
Marnie's Grimmsnarl ex,Fezandipiti ex,2026-06-20,0,0,0.0,0.0,0.0698,0.0,False,False,0,False,False
Marnie's Grimmsnarl ex,Fezandipiti ex,2026-06-21,0,0,0.0,0.0,0.0652,0.0,False,False,0,False,False
Marnie's Grimmsnarl ex,Fezandipiti ex,2026-06-22,0,0,0.0,0.0,0.0647,0.0,False,False,0,False,False
Marnie's Grimmsnarl ex,Fezandipiti ex,2026-06-23,0,0,0.0,0.0,0.0774,0.0,False,False,0,False,False
Marnie's Grimmsnarl ex,Fezandipiti ex,2026-06-24,0,0,0.0,0.0,0.0807,0.0,False,False,0,False,False
Marnie's Grimmsnarl ex,Fezandipiti ex,2026-06-25,0,0,0.0,0.0,0.0787,0.0,False,False,0,False,False
Marnie's Grimmsnarl ex,Fezandipiti ex,2026-06-26,0,0,0.0,0.0,0.0754,0.0,False,False,0,False,False
Marnie's Grimmsnarl ex,Fezandipiti ex,2026-06-27,0,0,0.0,0.0,0.0712,0.0,False,False,0,False,False
Marnie's Grimmsnarl ex,Fezandipiti ex,2026-06-28,0,0,0.0,0.0,0.0739,0.0,False,False,0,False,False
Marnie's Grimmsnarl ex,Fezandipiti ex,2026-06-29,0,0,0.0,0.0,0.0714,0.0,False,False,0,False,False
Marnie's Grimmsnarl ex,Fezandipiti ex,2026-06-30,0,0,0.0,0.0,0.0729,0.0,False,False,0,False,False
Marnie's Grimmsnarl ex,Fezandipiti ex,2026-07-01,0,0,0.0,0.0,0.081,0.0043,False,False,0,False,False
Marnie's Grimmsnarl ex,Fezandipiti ex,2026-07-02,1,0,0.0,0.0,0.0841,0.0135,False,False,0,False,False
Marnie's Grimmsnarl ex,Fezandipiti ex,2026-07-03,2,1,0.5,0.0945,0.0826,0.042,False,False,0,False,False
Marnie's Grimmsnarl ex,Fezandipiti ex,2026-07-04,2,1,0.5,0.0945,0.0868,0.05,False,False,0,False,False
Marnie's Grimmsnarl ex,Fezandipiti ex,2026-07-05,2,1,0.5,0.0945,0.0855,0.0826,False,False,0,False,False
Marnie's Grimmsnarl ex,Fezandipiti ex,2026-07-06,2,1,0.5,0.0945,0.0875,0.1024,False,False,0,False,False
Marnie's Grimmsnarl ex,Fezandipiti ex,2026-07-07,2,1,0.5,0.0945,0.0831,0.1284,False,False,0,False,False
Marnie's Grimmsnarl ex,Fezandipiti ex,2026-07-08,4,2,0.5,0.15,0.084,0.146,False,False,0,False,False
Marnie's Grimmsnarl ex,Fezandipiti ex,2026-07-09,9,4,0.4444,0.1888,0.0878,0.1686,False,False,0,False,False
Marnie's Grimmsnarl ex,Fezandipiti ex,2026-07-10,15,6,0.4,0.1982,0.1144,0.168,False,False,0,False,False
Marnie's Grimmsnarl ex,Fezandipiti ex,2026-07-11,25,12,0.48,0.3003,0.1423,0.1798,False,False,0,False,False
Marnie's Grimmsnarl ex,Fezandipiti ex,2026-07-12,27,13,0.4815,0.3074,0.161,0.1781,False,False,0,False,False
Marnie's Grimmsnarl ex,Fezandipiti ex,2026-07-13,33,17,0.5152,0.3522,0.1809,0.1809,False,False,0,False,False
Marnie's Grimmsnarl ex,Fezandipiti ex,2026-07-14,44,23,0.5227,0.3794,0.2065,0.1847,False,False,0,False,False
Marnie's Grimmsnarl ex,Fezandipiti ex,2026-07-15,57,33,0.5789,0.4498,0.2325,0.1844,False,False,0,False,False
Marnie's Grimmsnarl ex,Fezandipiti ex,2026-07-16,62,35,0.5645,0.4409,0.2471,0.1827,False,False,0,False,False
Marnie's Grimmsnarl ex,Fezandipiti ex,2026-07-17,68,39,0.5735,0.4552,0.2584,0.1742,False,False,0,False,False
Marnie's Grimmsnarl ex,Fezandipiti ex,2026-07-18,86,48,0.5581,0.4529,0.2763,0.1745,False,False,0,False,False
Marnie's Grimmsnarl ex,Fezandipiti ex,2026-07-19,99,56,0.5657,0.4674,0.286,0.1742,False,False,0,False,False
Marnie's Grimmsnarl ex,Fezandipiti ex,2026-07-20,116,63,0.5431,0.4525,0.2966,0.1812,False,False,0,False,False
Marnie's Grimmsnarl ex,Fezandipiti ex,2026-07-21,133,73,0.5489,0.4641,0.3024,0.1861,False,False,0,False,False
Marnie's Grimmsnarl ex,Fezandipiti ex,2026-07-22,152,85,0.5592,0.4798,0.3175,0.1978,False,False,0,False,False
Marnie's Grimmsnarl ex,Fezandipiti ex,2026-07-23,174,98,0.5632,0.4889,0.324,0.2111,False,False,0,False,False
Marnie's Grimmsnarl ex,Fezandipiti ex,2026-07-24,196,110,0.5612,0.4912,0.3267,0.2296,False,False,0,False,False
Marnie's Grimmsnarl ex,Fezandipiti ex,2026-07-25,209,118,0.5646,0.4968,0.3138,0.2618,False,False,0,False,False
Marnie's Grimmsnarl ex,Fezandipiti ex,2026-07-26,225,124,0.5511,0.4858,0.3021,0.2944,False,False,0,False,False
Marnie's Grimmsnarl ex,Fezandipiti ex,2026-07-27,245,137,0.5592,0.4966,0.2942,0.3219,False,False,0,False,False
Marnie's Grimmsnarl ex,Fezandipiti ex,2026-07-28,263,144,0.5475,0.4871,0.2736,0.3552,False,False,0,False,False
Marnie's Grimmsnarl ex,Fezandipiti ex,2026-07-29,274,153,0.5584,0.4992,0.2481,0.3946,False,False,0,False,False
Marnie's Grimmsnarl ex,Fezandipiti ex,2026-07-30,282,155,0.5496,0.4913,0.2273,0.4268,False,False,0,False,False
Marnie's Grimmsnarl ex,Fezandipiti ex,2026-07-31,295,163,0.5525,0.4955,0.2138,0.4615,False,False,0,False,False
Marnie's Grimmsnarl ex,Fezandipiti ex,2026-08-01,307,169,0.5505,0.4946,0.1928,0.4873,False,False,0,False,False
Marnie's Grimmsnarl ex,Fezandipiti ex,2026-08-02,314,175,0.5573,0.502,0.1793,0.4985,False,False,0,False,False
Marnie's Grimmsnarl ex,Fezandipiti ex,2026-08-03,320,178,0.5563,0.5015,0.1601,0.5084,False,False,0,False,False
Marnie's Grimmsnarl ex,Fezandipiti ex,2026-08-04,326,180,0.5521,0.4979,0.1484,0.5052,False,False,0,False,False
Marnie's Grimmsnarl ex,Fezandipiti ex,2026-08-05,337,189,0.5608,0.5075,0.141,0.5071,False,False,0,False,False
Marnie's Grimmsnarl ex,Fezandipiti ex,2026-08-06,350,195,0.5571,0.5048,0.1403,0.5026,False,False,0,False,False
Marnie's Grimmsnarl ex,Fezandipiti ex,2026-08-07,363,201,0.5537,0.5023,0.1355,0.5019,False,False,0,False,False
Marnie's Grimmsnarl ex,Fezandipiti ex,2026-08-08,373,205,0.5496,0.4989,0.1379,0.485,False,False,0,False,False
Marnie's Grimmsnarl ex,Fezandipiti ex,2026-08-09,390,211,0.541,0.4914,0.1432,0.4726,False,False,0,False,False
Marnie's Grimmsnarl ex,Fezandipiti ex,2026-08-10,399,217,0.5439,0.4948,0.1425,0.4566,False,False,0,False,False
Marnie's Grimmsnarl ex,Mega Kangaskhan ex,2026-06-16,0,0,0.0,0.0,,,False,False,0,False,False
Marnie's Grimmsnarl ex,Mega Kangaskhan ex,2026-06-17,0,0,0.0,0.0,0.0455,0.0,False,False,0,False,False
Marnie's Grimmsnarl ex,Mega Kangaskhan ex,2026-06-18,0,0,0.0,0.0,0.0114,0.0,False,False,0,False,False
Marnie's Grimmsnarl ex,Mega Kangaskhan ex,2026-06-19,0,0,0.0,0.0,0.0152,0.0,False,False,0,False,False
Marnie's Grimmsnarl ex,Mega Kangaskhan ex,2026-06-20,0,0,0.0,0.0,0.0116,0.0,False,False,0,False,False
Marnie's Grimmsnarl ex,Mega Kangaskhan ex,2026-06-21,0,0,0.0,0.0,0.0087,0.0,False,False,0,False,False
Marnie's Grimmsnarl ex,Mega Kangaskhan ex,2026-06-22,0,0,0.0,0.0,0.0072,0.0,False,False,0,False,False
Marnie's Grimmsnarl ex,Mega Kangaskhan ex,2026-06-23,0,0,0.0,0.0,0.006,0.0,False,False,0,False,False
Marnie's Grimmsnarl ex,Mega Kangaskhan ex,2026-06-24,0,0,0.0,0.0,0.0052,0.0,False,False,0,False,False
Marnie's Grimmsnarl ex,Mega Kangaskhan ex,2026-06-25,0,0,0.0,0.0,0.0069,0.0,False,False,0,False,False
Marnie's Grimmsnarl ex,Mega Kangaskhan ex,2026-06-26,0,0,0.0,0.0,0.0086,0.0,False,False,0,False,False
Marnie's Grimmsnarl ex,Mega Kangaskhan ex,2026-06-27,0,0,0.0,0.0,0.0077,0.0,False,False,0,False,False
Marnie's Grimmsnarl ex,Mega Kangaskhan ex,2026-06-28,0,0,0.0,0.0,0.007,0.0,False,False,0,False,False
Marnie's Grimmsnarl ex,Mega Kangaskhan ex,2026-06-29,0,0,0.0,0.0,0.0063,0.0,False,False,0,False,False
Marnie's Grimmsnarl ex,Mega Kangaskhan ex,2026-06-30,0,0,0.0,0.0,0.006,0.0,False,False,0,False,False
Marnie's Grimmsnarl ex,Mega Kangaskhan ex,2026-07-01,0,0,0.0,0.0,0.0043,0.0043,False,False,0,False,False
Marnie's Grimmsnarl ex,Mega Kangaskhan ex,2026-07-02,1,1,1.0,0.2065,0.0075,0.0135,False,False,0,False,False
Marnie's Grimmsnarl ex,Mega Kangaskhan ex,2026-07-03,1,1,1.0,0.2065,0.0058,0.042,False,False,0,False,False
Marnie's Grimmsnarl ex,Mega Kangaskhan ex,2026-07-04,1,1,1.0,0.2065,0.0074,0.05,False,False,0,False,False
Marnie's Grimmsnarl ex,Mega Kangaskhan ex,2026-07-05,3,2,0.6667,0.2077,0.0147,0.0826,False,False,0,False,False
Marnie's Grimmsnarl ex,Mega Kangaskhan ex,2026-07-06,4,2,0.5,0.15,0.0208,0.1024,False,False,0,False,False
Marnie's Grimmsnarl ex,Mega Kangaskhan ex,2026-07-07,5,2,0.4,0.1176,0.0287,0.1284,False,False,0,False,False
Marnie's Grimmsnarl ex,Mega Kangaskhan ex,2026-07-08,8,3,0.375,0.1368,0.0491,0.146,False,False,0,False,False
Marnie's Grimmsnarl ex,Mega Kangaskhan ex,2026-07-09,14,5,0.3571,0.1634,0.0624,0.1686,False,False,0,False,False
Marnie's Grimmsnarl ex,Mega Kangaskhan ex,2026-07-10,16,5,0.3125,0.1416,0.0759,0.168,False,False,0,False,False
Marnie's Grimmsnarl ex,Mega Kangaskhan ex,2026-07-11,22,6,0.2727,0.1315,0.0899,0.1798,False,False,0,False,False
Marnie's Grimmsnarl ex,Mega Kangaskhan ex,2026-07-12,27,8,0.2963,0.1585,0.1087,0.1781,False,False,0,False,False
Marnie's Grimmsnarl ex,Mega Kangaskhan ex,2026-07-13,32,8,0.25,0.1325,0.1252,0.1809,False,False,0,False,False
Marnie's Grimmsnarl ex,Mega Kangaskhan ex,2026-07-14,35,9,0.2571,0.1416,0.1366,0.1847,False,False,0,False,False
Marnie's Grimmsnarl ex,Mega Kangaskhan ex,2026-07-15,39,10,0.2564,0.1457,0.1466,0.1844,False,False,0,False,False
Marnie's Grimmsnarl ex,Mega Kangaskhan ex,2026-07-16,45,12,0.2667,0.1596,0.1515,0.1827,False,False,0,False,False
Marnie's Grimmsnarl ex,Mega Kangaskhan ex,2026-07-17,50,13,0.26,0.1587,0.1604,0.1742,False,False,0,False,False
Marnie's Grimmsnarl ex,Mega Kangaskhan ex,2026-07-18,51,14,0.2745,0.1711,0.1563,0.1745,False,False,0,False,False
Marnie's Grimmsnarl ex,Mega Kangaskhan ex,2026-07-19,54,16,0.2963,0.1914,0.1607,0.1742,False,False,0,False,False
Marnie's Grimmsnarl ex,Mega Kangaskhan ex,2026-07-20,59,18,0.3051,0.2025,0.1528,0.1812,False,False,0,False,False
Marnie's Grimmsnarl ex,Mega Kangaskhan ex,2026-07-21,61,19,0.3115,0.2094,0.1494,0.1861,False,False,0,False,False
Marnie's Grimmsnarl ex,Mega Kangaskhan ex,2026-07-22,65,20,0.3077,0.2089,0.1459,0.1978,False,False,0,False,False
Marnie's Grimmsnarl ex,Mega Kangaskhan ex,2026-07-23,72,25,0.3472,0.2475,0.1428,0.2111,False,False,0,False,False
Marnie's Grimmsnarl ex,Mega Kangaskhan ex,2026-07-24,73,26,0.3562,0.256,0.134,0.2296,False,False,0,False,False
Marnie's Grimmsnarl ex,Mega Kangaskhan ex,2026-07-25,82,27,0.3293,0.2372,0.1276,0.2618,False,False,0,False,False
Marnie's Grimmsnarl ex,Mega Kangaskhan ex,2026-07-26,87,29,0.3333,0.2432,0.115,0.2944,False,False,0,False,False
Marnie's Grimmsnarl ex,Mega Kangaskhan ex,2026-07-27,93,33,0.3548,0.2651,0.1042,0.3219,False,False,0,False,False
Marnie's Grimmsnarl ex,Mega Kangaskhan ex,2026-07-28,106,38,0.3585,0.2736,0.0988,0.3552,False,False,0,False,False
Marnie's Grimmsnarl ex,Mega Kangaskhan ex,2026-07-29,119,46,0.3866,0.3039,0.0948,0.3946,False,False,0,False,False
Marnie's Grimmsnarl ex,Mega Kangaskhan ex,2026-07-30,135,55,0.4074,0.3282,0.0943,0.4268,False,False,0,False,False
Marnie's Grimmsnarl ex,Mega Kangaskhan ex,2026-07-31,142,59,0.4155,0.3377,0.0887,0.4615,False,False,0,False,False
Marnie's Grimmsnarl ex,Mega Kangaskhan ex,2026-08-01,151,66,0.4371,0.3605,0.09,0.4873,False,False,0,False,False
Marnie's Grimmsnarl ex,Mega Kangaskhan ex,2026-08-02,158,70,0.443,0.3678,0.086,0.4985,False,False,0,False,False
Marnie's Grimmsnarl ex,Mega Kangaskhan ex,2026-08-03,165,73,0.4424,0.3688,0.0864,0.5084,False,False,0,False,False
Marnie's Grimmsnarl ex,Mega Kangaskhan ex,2026-08-04,171,76,0.4444,0.372,0.087,0.5052,False,False,0,False,False
Marnie's Grimmsnarl ex,Mega Kangaskhan ex,2026-08-05,174,77,0.4425,0.3708,0.0855,0.5071,False,False,0,False,False
Marnie's Grimmsnarl ex,Mega Kangaskhan ex,2026-08-06,179,79,0.4413,0.3706,0.087,0.5026,False,False,0,False,False
Marnie's Grimmsnarl ex,Mega Kangaskhan ex,2026-08-07,184,80,0.4348,0.3652,0.0904,0.5019,False,False,0,False,False
Marnie's Grimmsnarl ex,Mega Kangaskhan ex,2026-08-08,193,84,0.4352,0.3672,0.0926,0.485,False,False,0,False,False
Marnie's Grimmsnarl ex,Mega Kangaskhan ex,2026-08-09,202,91,0.4505,0.3834,0.0971,0.4726,False,False,0,False,False
Marnie's Grimmsnarl ex,Mega Kangaskhan ex,2026-08-10,206,92,0.4466,0.3803,0.0984,0.4566,False,False,0,False,False
Marnie's Grimmsnarl ex,Mega Lopunny ex,2026-06-16,0,0,0.0,0.0,,,False,False,0,False,False
Marnie's Grimmsnarl ex,Mega Lopunny ex,2026-06-17,0,0,0.0,0.0,0.0,0.0,False,False,0,False,False
Marnie's Grimmsnarl ex,Mega Lopunny ex,2026-06-18,0,0,0.0,0.0,0.0,0.0,False,False,0,False,False
Marnie's Grimmsnarl ex,Mega Lopunny ex,2026-06-19,0,0,0.0,0.0,0.0,0.0,False,False,0,False,False
Marnie's Grimmsnarl ex,Mega Lopunny ex,2026-06-20,0,0,0.0,0.0,0.0,0.0,False,False,0,False,False
Marnie's Grimmsnarl ex,Mega Lopunny ex,2026-06-21,0,0,0.0,0.0,0.0,0.0,False,False,0,False,False
Marnie's Grimmsnarl ex,Mega Lopunny ex,2026-06-22,0,0,0.0,0.0,0.0,0.0,False,False,0,False,False
Marnie's Grimmsnarl ex,Mega Lopunny ex,2026-06-23,0,0,0.0,0.0,0.0,0.0,False,False,0,False,False
Marnie's Grimmsnarl ex,Mega Lopunny ex,2026-06-24,0,0,0.0,0.0,0.0,0.0,False,False,0,False,False
Marnie's Grimmsnarl ex,Mega Lopunny ex,2026-06-25,0,0,0.0,0.0,0.0,0.0,False,False,0,False,False
Marnie's Grimmsnarl ex,Mega Lopunny ex,2026-06-26,0,0,0.0,0.0,0.0022,0.0,False,False,0,False,False
Marnie's Grimmsnarl ex,Mega Lopunny ex,2026-06-27,0,0,0.0,0.0,0.0019,0.0,False,False,0,False,False
Marnie's Grimmsnarl ex,Mega Lopunny ex,2026-06-28,0,0,0.0,0.0,0.0018,0.0,False,False,0,False,False
Marnie's Grimmsnarl ex,Mega Lopunny ex,2026-06-29,0,0,0.0,0.0,0.0016,0.0,False,False,0,False,False
Marnie's Grimmsnarl ex,Mega Lopunny ex,2026-06-30,0,0,0.0,0.0,0.0015,0.0,False,False,0,False,False
Marnie's Grimmsnarl ex,Mega Lopunny ex,2026-07-01,0,0,0.0,0.0,0.0014,0.0043,False,False,0,False,False
Marnie's Grimmsnarl ex,Mega Lopunny ex,2026-07-02,0,0,0.0,0.0,0.0015,0.0135,False,False,0,False,False
Marnie's Grimmsnarl ex,Mega Lopunny ex,2026-07-03,0,0,0.0,0.0,0.0014,0.042,False,False,0,False,False
Marnie's Grimmsnarl ex,Mega Lopunny ex,2026-07-04,0,0,0.0,0.0,0.0015,0.05,False,False,0,False,False
Marnie's Grimmsnarl ex,Mega Lopunny ex,2026-07-05,0,0,0.0,0.0,0.0015,0.0826,False,False,0,False,False
Marnie's Grimmsnarl ex,Mega Lopunny ex,2026-07-06,0,0,0.0,0.0,0.003,0.1024,False,False,0,False,False
Marnie's Grimmsnarl ex,Mega Lopunny ex,2026-07-07,0,0,0.0,0.0,0.003,0.1284,False,False,0,False,False
Marnie's Grimmsnarl ex,Mega Lopunny ex,2026-07-08,0,0,0.0,0.0,0.0052,0.146,False,False,0,False,False
Marnie's Grimmsnarl ex,Mega Lopunny ex,2026-07-09,0,0,0.0,0.0,0.0069,0.1686,False,False,0,False,False
Marnie's Grimmsnarl ex,Mega Lopunny ex,2026-07-10,0,0,0.0,0.0,0.0051,0.168,False,False,0,False,False
Marnie's Grimmsnarl ex,Mega Lopunny ex,2026-07-11,1,1,1.0,0.2065,0.0056,0.1798,False,False,0,False,False
Marnie's Grimmsnarl ex,Mega Lopunny ex,2026-07-12,1,1,1.0,0.2065,0.0051,0.1781,False,False,0,False,False
Marnie's Grimmsnarl ex,Mega Lopunny ex,2026-07-13,2,2,1.0,0.3424,0.0081,0.1809,False,False,0,False,False
Marnie's Grimmsnarl ex,Mega Lopunny ex,2026-07-14,3,3,1.0,0.4385,0.009,0.1847,False,False,0,False,False
Marnie's Grimmsnarl ex,Mega Lopunny ex,2026-07-15,3,3,1.0,0.4385,0.0091,0.1844,False,False,0,False,False
Marnie's Grimmsnarl ex,Mega Lopunny ex,2026-07-16,3,3,1.0,0.4385,0.0085,0.1827,False,False,0,False,False
Marnie's Grimmsnarl ex,Mega Lopunny ex,2026-07-17,3,3,1.0,0.4385,0.0081,0.1742,False,False,0,False,False
Marnie's Grimmsnarl ex,Mega Lopunny ex,2026-07-18,3,3,1.0,0.4385,0.0076,0.1745,False,False,0,False,False
Marnie's Grimmsnarl ex,Mega Lopunny ex,2026-07-19,3,3,1.0,0.4385,0.0073,0.1742,False,False,0,False,False
Marnie's Grimmsnarl ex,Mega Lopunny ex,2026-07-20,3,3,1.0,0.4385,0.0068,0.1812,False,False,0,False,False
Marnie's Grimmsnarl ex,Mega Lopunny ex,2026-07-21,3,3,1.0,0.4385,0.007,0.1861,False,False,0,False,False
Marnie's Grimmsnarl ex,Mega Lopunny ex,2026-07-22,3,3,1.0,0.4385,0.0059,0.1978,False,False,0,False,False
Marnie's Grimmsnarl ex,Mega Lopunny ex,2026-07-23,5,4,0.8,0.3755,0.0077,0.2111,False,False,0,False,False
Marnie's Grimmsnarl ex,Mega Lopunny ex,2026-07-24,6,5,0.8333,0.4365,0.0114,0.2296,False,False,0,False,False
Marnie's Grimmsnarl ex,Mega Lopunny ex,2026-07-25,7,5,0.7143,0.3589,0.0111,0.2618,False,False,0,False,False
Marnie's Grimmsnarl ex,Mega Lopunny ex,2026-07-26,8,5,0.625,0.3057,0.0113,0.2944,False,False,0,False,False
Marnie's Grimmsnarl ex,Mega Lopunny ex,2026-07-27,11,8,0.7273,0.4343,0.011,0.3219,False,False,0,False,False
Marnie's Grimmsnarl ex,Mega Lopunny ex,2026-07-28,13,9,0.6923,0.4237,0.0112,0.3552,False,False,0,False,False
Marnie's Grimmsnarl ex,Mega Lopunny ex,2026-07-29,15,10,0.6667,0.4171,0.0114,0.3946,False,False,0,False,False
Marnie's Grimmsnarl ex,Mega Lopunny ex,2026-07-30,16,10,0.625,0.3864,0.0116,0.4268,False,False,0,False,False
Marnie's Grimmsnarl ex,Mega Lopunny ex,2026-07-31,16,10,0.625,0.3864,0.0121,0.4615,False,False,0,False,False
Marnie's Grimmsnarl ex,Mega Lopunny ex,2026-08-01,20,13,0.65,0.4329,0.0155,0.4873,False,False,0,False,False
Marnie's Grimmsnarl ex,Mega Lopunny ex,2026-08-02,29,16,0.5517,0.3755,0.0229,0.4985,False,False,0,False,False
Marnie's Grimmsnarl ex,Mega Lopunny ex,2026-08-03,39,20,0.5128,0.362,0.0319,0.5084,False,False,0,False,False
Marnie's Grimmsnarl ex,Mega Lopunny ex,2026-08-04,50,24,0.48,0.348,0.0439,0.5052,False,False,0,False,False
Marnie's Grimmsnarl ex,Mega Lopunny ex,2026-08-05,62,28,0.4516,0.3342,0.0555,0.5071,False,False,0,False,False
Marnie's Grimmsnarl ex,Mega Lopunny ex,2026-08-06,68,30,0.4412,0.3295,0.0615,0.5026,False,False,0,False,False
Marnie's Grimmsnarl ex,Mega Lopunny ex,2026-08-07,74,33,0.4459,0.3382,0.0642,0.5019,False,False,0,False,False
Marnie's Grimmsnarl ex,Mega Lopunny ex,2026-08-08,80,35,0.4375,0.3341,0.0731,0.485,False,False,0,False,False
Marnie's Grimmsnarl ex,Mega Lopunny ex,2026-08-09,87,36,0.4138,0.3161,0.0795,0.4726,False,False,0,False,False
Marnie's Grimmsnarl ex,Mega Lopunny ex,2026-08-10,93,40,0.4301,0.3342,0.0875,0.4566,False,False,0,False,False
Marnie's Grimmsnarl ex,Mega Lucario ex,2026-06-16,0,0,0.0,0.0,,,False,False,0,False,False
Marnie's Grimmsnarl ex,Mega Lucario ex,2026-06-17,0,0,0.0,0.0,0.0909,0.0,False,False,0,False,False
Marnie's Grimmsnarl ex,Mega Lucario ex,2026-06-18,0,0,0.0,0.0,0.2386,0.0,False,False,0,False,False
Marnie's Grimmsnarl ex,Mega Lucario ex,2026-06-19,0,0,0.0,0.0,0.2652,0.0,False,False,0,False,False
Marnie's Grimmsnarl ex,Mega Lucario ex,2026-06-20,0,0,0.0,0.0,0.343,0.0,False,False,0,False,False
Marnie's Grimmsnarl ex,Mega Lucario ex,2026-06-21,0,0,0.0,0.0,0.3609,0.0,False,False,0,False,False
Marnie's Grimmsnarl ex,Mega Lucario ex,2026-06-22,0,0,0.0,0.0,0.3381,0.0,False,False,0,False,False
Marnie's Grimmsnarl ex,Mega Lucario ex,2026-06-23,0,0,0.0,0.0,0.2946,0.0,False,False,0,False,False
Marnie's Grimmsnarl ex,Mega Lucario ex,2026-06-24,0,0,0.0,0.0,0.3021,0.0,False,False,0,False,False
Marnie's Grimmsnarl ex,Mega Lucario ex,2026-06-25,0,0,0.0,0.0,0.3032,0.0,False,False,0,False,False
Marnie's Grimmsnarl ex,Mega Lucario ex,2026-06-26,0,0,0.0,0.0,0.2931,0.0,False,False,0,False,False
Marnie's Grimmsnarl ex,Mega Lucario ex,2026-06-27,0,0,0.0,0.0,0.2808,0.0,False,False,0,False,False
Marnie's Grimmsnarl ex,Mega Lucario ex,2026-06-28,0,0,0.0,0.0,0.2711,0.0,False,False,0,False,False
Marnie's Grimmsnarl ex,Mega Lucario ex,2026-06-29,0,0,0.0,0.0,0.2587,0.0,False,False,0,False,False
Marnie's Grimmsnarl ex,Mega Lucario ex,2026-06-30,0,0,0.0,0.0,0.2485,0.0,False,False,0,False,False
Marnie's Grimmsnarl ex,Mega Lucario ex,2026-07-01,0,0,0.0,0.0,0.2344,0.0043,False,False,0,False,False
Marnie's Grimmsnarl ex,Mega Lucario ex,2026-07-02,0,0,0.0,0.0,0.2207,0.0135,False,False,0,False,False
Marnie's Grimmsnarl ex,Mega Lucario ex,2026-07-03,1,0,0.0,0.0,0.1986,0.042,False,False,0,False,False
Marnie's Grimmsnarl ex,Mega Lucario ex,2026-07-04,1,0,0.0,0.0,0.1676,0.05,False,False,0,False,False
Marnie's Grimmsnarl ex,Mega Lucario ex,2026-07-05,1,0,0.0,0.0,0.1342,0.0826,False,False,0,False,False
Marnie's Grimmsnarl ex,Mega Lucario ex,2026-07-06,2,0,0.0,0.0,0.1202,0.1024,False,False,0,False,False
Marnie's Grimmsnarl ex,Mega Lucario ex,2026-07-07,2,0,0.0,0.0,0.1148,0.1284,False,False,0,False,False
Marnie's Grimmsnarl ex,Mega Lucario ex,2026-07-08,5,0,0.0,0.0,0.084,0.146,False,False,0,False,False
Marnie's Grimmsnarl ex,Mega Lucario ex,2026-07-09,7,0,0.0,0.0,0.0647,0.1686,False,False,0,False,False
Marnie's Grimmsnarl ex,Mega Lucario ex,2026-07-10,8,1,0.125,0.0224,0.0577,0.168,False,False,0,False,False
Marnie's Grimmsnarl ex,Mega Lucario ex,2026-07-11,8,1,0.125,0.0224,0.0459,0.1798,False,False,0,False,False
Marnie's Grimmsnarl ex,Mega Lucario ex,2026-07-12,9,2,0.2222,0.0632,0.0394,0.1781,False,False,0,False,False
Marnie's Grimmsnarl ex,Mega Lucario ex,2026-07-13,9,2,0.2222,0.0632,0.0307,0.1809,False,False,0,False,False
Marnie's Grimmsnarl ex,Mega Lucario ex,2026-07-14,9,2,0.2222,0.0632,0.0255,0.1847,False,False,0,False,False
Marnie's Grimmsnarl ex,Mega Lucario ex,2026-07-15,9,2,0.2222,0.0632,0.0237,0.1844,False,False,0,False,False
Marnie's Grimmsnarl ex,Mega Lucario ex,2026-07-16,9,2,0.2222,0.0632,0.0221,0.1827,False,False,0,False,False
Marnie's Grimmsnarl ex,Mega Lucario ex,2026-07-17,9,2,0.2222,0.0632,0.0187,0.1742,False,False,0,False,False
Marnie's Grimmsnarl ex,Mega Lucario ex,2026-07-18,9,2,0.2222,0.0632,0.017,0.1745,False,False,0,False,False
Marnie's Grimmsnarl ex,Mega Lucario ex,2026-07-19,9,2,0.2222,0.0632,0.0157,0.1742,False,False,0,False,False
Marnie's Grimmsnarl ex,Mega Lucario ex,2026-07-20,9,2,0.2222,0.0632,0.0142,0.1812,False,False,0,False,False
Marnie's Grimmsnarl ex,Mega Lucario ex,2026-07-21,9,2,0.2222,0.0632,0.0135,0.1861,False,False,0,False,False
Marnie's Grimmsnarl ex,Mega Lucario ex,2026-07-22,9,2,0.2222,0.0632,0.0104,0.1978,False,False,0,False,False
Marnie's Grimmsnarl ex,Mega Lucario ex,2026-07-23,9,2,0.2222,0.0632,0.0072,0.2111,False,False,0,False,False
Marnie's Grimmsnarl ex,Mega Lucario ex,2026-07-24,9,2,0.2222,0.0632,0.0043,0.2296,False,False,0,False,False
Marnie's Grimmsnarl ex,Mega Lucario ex,2026-07-25,9,2,0.2222,0.0632,0.0037,0.2618,False,False,0,False,False
Marnie's Grimmsnarl ex,Mega Lucario ex,2026-07-26,9,2,0.2222,0.0632,0.0014,0.2944,False,False,0,False,False
Marnie's Grimmsnarl ex,Mega Lucario ex,2026-07-27,9,2,0.2222,0.0632,0.0009,0.3219,False,False,0,False,False
Marnie's Grimmsnarl ex,Mega Lucario ex,2026-07-28,9,2,0.2222,0.0632,0.0009,0.3552,False,False,0,False,False
Marnie's Grimmsnarl ex,Mega Lucario ex,2026-07-29,9,2,0.2222,0.0632,0.0008,0.3946,False,False,0,False,False
Marnie's Grimmsnarl ex,Mega Lucario ex,2026-07-30,9,2,0.2222,0.0632,0.0008,0.4268,False,False,0,False,False
Marnie's Grimmsnarl ex,Mega Lucario ex,2026-07-31,9,2,0.2222,0.0632,0.0008,0.4615,False,False,0,False,False
Marnie's Grimmsnarl ex,Mega Lucario ex,2026-08-01,9,2,0.2222,0.0632,0.0008,0.4873,False,False,0,False,False
Marnie's Grimmsnarl ex,Mega Lucario ex,2026-08-02,10,3,0.3,0.1078,0.0012,0.4985,False,False,0,False,False
Marnie's Grimmsnarl ex,Mega Lucario ex,2026-08-03,13,5,0.3846,0.1771,0.0023,0.5084,False,False,0,False,False
Marnie's Grimmsnarl ex,Mega Lucario ex,2026-08-04,17,7,0.4118,0.2161,0.0056,0.5052,False,False,0,False,False
Marnie's Grimmsnarl ex,Mega Lucario ex,2026-08-05,18,7,0.3889,0.203,0.0086,0.5071,False,False,0,False,False
Marnie's Grimmsnarl ex,Mega Lucario ex,2026-08-06,20,8,0.4,0.2188,0.0116,0.5026,False,False,0,False,False
Marnie's Grimmsnarl ex,Mega Lucario ex,2026-08-07,21,9,0.4286,0.2447,0.0131,0.5019,False,False,0,False,False
Marnie's Grimmsnarl ex,Mega Lucario ex,2026-08-08,25,12,0.48,0.3003,0.0157,0.485,False,False,0,False,False
Marnie's Grimmsnarl ex,Mega Lucario ex,2026-08-09,26,13,0.5,0.3206,0.0176,0.4726,False,False,0,False,False
Marnie's Grimmsnarl ex,Mega Lucario ex,2026-08-10,28,13,0.4643,0.2953,0.0204,0.4566,False,False,0,False,False
Marnie's Grimmsnarl ex,Teal Mask Ogerpon ex,2026-06-16,0,0,0.0,0.0,,,False,False,0,False,False
Marnie's Grimmsnarl ex,Teal Mask Ogerpon ex,2026-06-17,0,0,0.0,0.0,0.0,0.0,False,False,0,False,False
Marnie's Grimmsnarl ex,Teal Mask Ogerpon ex,2026-06-18,0,0,0.0,0.0,0.0114,0.0,False,False,0,False,False
Marnie's Grimmsnarl ex,Teal Mask Ogerpon ex,2026-06-19,0,0,0.0,0.0,0.0152,0.0,False,False,0,False,False
Marnie's Grimmsnarl ex,Teal Mask Ogerpon ex,2026-06-20,0,0,0.0,0.0,0.0116,0.0,False,False,0,False,False
Marnie's Grimmsnarl ex,Teal Mask Ogerpon ex,2026-06-21,0,0,0.0,0.0,0.0087,0.0,False,False,0,False,False
Marnie's Grimmsnarl ex,Teal Mask Ogerpon ex,2026-06-22,0,0,0.0,0.0,0.0072,0.0,False,False,0,False,False
Marnie's Grimmsnarl ex,Teal Mask Ogerpon ex,2026-06-23,0,0,0.0,0.0,0.006,0.0,False,False,0,False,False
Marnie's Grimmsnarl ex,Teal Mask Ogerpon ex,2026-06-24,0,0,0.0,0.0,0.0052,0.0,False,False,0,False,False
Marnie's Grimmsnarl ex,Teal Mask Ogerpon ex,2026-06-25,0,0,0.0,0.0,0.0046,0.0,False,False,0,False,False
Marnie's Grimmsnarl ex,Teal Mask Ogerpon ex,2026-06-26,0,0,0.0,0.0,0.0043,0.0,False,False,0,False,False
Marnie's Grimmsnarl ex,Teal Mask Ogerpon ex,2026-06-27,0,0,0.0,0.0,0.0038,0.0,False,False,0,False,False
Marnie's Grimmsnarl ex,Teal Mask Ogerpon ex,2026-06-28,0,0,0.0,0.0,0.0035,0.0,False,False,0,False,False
Marnie's Grimmsnarl ex,Teal Mask Ogerpon ex,2026-06-29,0,0,0.0,0.0,0.0032,0.0,False,False,0,False,False
Marnie's Grimmsnarl ex,Teal Mask Ogerpon ex,2026-06-30,0,0,0.0,0.0,0.003,0.0,False,False,0,False,False
Marnie's Grimmsnarl ex,Teal Mask Ogerpon ex,2026-07-01,0,0,0.0,0.0,0.0028,0.0043,False,False,0,False,False
Marnie's Grimmsnarl ex,Teal Mask Ogerpon ex,2026-07-02,0,0,0.0,0.0,0.0015,0.0135,False,False,0,False,False
Marnie's Grimmsnarl ex,Teal Mask Ogerpon ex,2026-07-03,0,0,0.0,0.0,0.0,0.042,False,False,0,False,False
Marnie's Grimmsnarl ex,Teal Mask Ogerpon ex,2026-07-04,0,0,0.0,0.0,0.0,0.05,False,False,0,False,False
Marnie's Grimmsnarl ex,Teal Mask Ogerpon ex,2026-07-05,0,0,0.0,0.0,0.0,0.0826,False,False,0,False,False
Marnie's Grimmsnarl ex,Teal Mask Ogerpon ex,2026-07-06,0,0,0.0,0.0,0.0,0.1024,False,False,0,False,False
Marnie's Grimmsnarl ex,Teal Mask Ogerpon ex,2026-07-07,1,0,0.0,0.0,0.0015,0.1284,False,False,0,False,False
Marnie's Grimmsnarl ex,Teal Mask Ogerpon ex,2026-07-08,1,0,0.0,0.0,0.0039,0.146,False,False,0,False,False
Marnie's Grimmsnarl ex,Teal Mask Ogerpon ex,2026-07-09,1,0,0.0,0.0,0.0058,0.1686,False,False,0,False,False
Marnie's Grimmsnarl ex,Teal Mask Ogerpon ex,2026-07-10,1,0,0.0,0.0,0.0051,0.168,False,False,0,False,False
Marnie's Grimmsnarl ex,Teal Mask Ogerpon ex,2026-07-11,1,0,0.0,0.0,0.0047,0.1798,False,False,0,False,False
Marnie's Grimmsnarl ex,Teal Mask Ogerpon ex,2026-07-12,1,0,0.0,0.0,0.0043,0.1781,False,False,0,False,False
Marnie's Grimmsnarl ex,Teal Mask Ogerpon ex,2026-07-13,1,0,0.0,0.0,0.004,0.1809,False,False,0,False,False
Marnie's Grimmsnarl ex,Teal Mask Ogerpon ex,2026-07-14,2,0,0.0,0.0,0.0045,0.1847,False,False,0,False,False
Marnie's Grimmsnarl ex,Teal Mask Ogerpon ex,2026-07-15,2,0,0.0,0.0,0.0042,0.1844,False,False,0,False,False
Marnie's Grimmsnarl ex,Teal Mask Ogerpon ex,2026-07-16,2,0,0.0,0.0,0.0039,0.1827,False,False,0,False,False
Marnie's Grimmsnarl ex,Teal Mask Ogerpon ex,2026-07-17,2,0,0.0,0.0,0.0037,0.1742,False,False,0,False,False
Marnie's Grimmsnarl ex,Teal Mask Ogerpon ex,2026-07-18,2,0,0.0,0.0,0.0035,0.1745,False,False,0,False,False
Marnie's Grimmsnarl ex,Teal Mask Ogerpon ex,2026-07-19,2,0,0.0,0.0,0.0034,0.1742,False,False,0,False,False
Marnie's Grimmsnarl ex,Teal Mask Ogerpon ex,2026-07-20,2,0,0.0,0.0,0.0032,0.1812,False,False,0,False,False
Marnie's Grimmsnarl ex,Teal Mask Ogerpon ex,2026-07-21,2,0,0.0,0.0,0.0025,0.1861,False,False,0,False,False
Marnie's Grimmsnarl ex,Teal Mask Ogerpon ex,2026-07-22,2,0,0.0,0.0,0.0015,0.1978,False,False,0,False,False
Marnie's Grimmsnarl ex,Teal Mask Ogerpon ex,2026-07-23,2,0,0.0,0.0,0.0005,0.2111,False,False,0,False,False
Marnie's Grimmsnarl ex,Teal Mask Ogerpon ex,2026-07-24,2,0,0.0,0.0,0.0005,0.2296,False,False,0,False,False
Marnie's Grimmsnarl ex,Teal Mask Ogerpon ex,2026-07-25,2,0,0.0,0.0,0.0005,0.2618,False,False,0,False,False
Marnie's Grimmsnarl ex,Teal Mask Ogerpon ex,2026-07-26,2,0,0.0,0.0,0.0009,0.2944,False,False,0,False,False
Marnie's Grimmsnarl ex,Teal Mask Ogerpon ex,2026-07-27,2,0,0.0,0.0,0.0009,0.3219,False,False,0,False,False
Marnie's Grimmsnarl ex,Teal Mask Ogerpon ex,2026-07-28,2,0,0.0,0.0,0.0004,0.3552,False,False,0,False,False
Marnie's Grimmsnarl ex,Teal Mask Ogerpon ex,2026-07-29,2,0,0.0,0.0,0.0004,0.3946,False,False,0,False,False
Marnie's Grimmsnarl ex,Teal Mask Ogerpon ex,2026-07-30,2,0,0.0,0.0,0.0004,0.4268,False,False,0,False,False
Marnie's Grimmsnarl ex,Teal Mask Ogerpon ex,2026-07-31,2,0,0.0,0.0,0.0004,0.4615,False,False,0,False,False
Marnie's Grimmsnarl ex,Teal Mask Ogerpon ex,2026-08-01,4,0,0.0,0.0,0.0032,0.4873,False,False,0,False,False
Marnie's Grimmsnarl ex,Teal Mask Ogerpon ex,2026-08-02,11,1,0.0909,0.0162,0.0093,0.4985,False,False,0,False,False
Marnie's Grimmsnarl ex,Teal Mask Ogerpon ex,2026-08-03,22,4,0.1818,0.0731,0.018,0.5084,False,False,0,False,False
Marnie's Grimmsnarl ex,Teal Mask Ogerpon ex,2026-08-04,27,6,0.2222,0.1061,0.024,0.5052,False,False,0,False,False
Marnie's Grimmsnarl ex,Teal Mask Ogerpon ex,2026-08-05,36,7,0.1944,0.0975,0.0311,0.5071,False,False,0,False,False
Marnie's Grimmsnarl ex,Teal Mask Ogerpon ex,2026-08-06,41,8,0.1951,0.1023,0.0375,0.5026,False,False,0,False,False
Marnie's Grimmsnarl ex,Teal Mask Ogerpon ex,2026-08-07,49,9,0.1837,0.0998,0.0444,0.5019,False,False,0,False,False
Marnie's Grimmsnarl ex,Teal Mask Ogerpon ex,2026-08-08,56,11,0.1964,0.1134,0.0517,0.485,False,False,0,False,False
Marnie's Grimmsnarl ex,Teal Mask Ogerpon ex,2026-08-09,60,11,0.1833,0.1056,0.0558,0.4726,False,False,0,False,False
Marnie's Grimmsnarl ex,Teal Mask Ogerpon ex,2026-08-10,69,13,0.1884,0.1135,0.0641,0.4566,False,False,0,False,False
Marnie's Grimmsnarl ex,Team Rocket's Mewtwo ex,2026-06-16,0,0,0.0,0.0,,,False,False,0,False,False
Marnie's Grimmsnarl ex,Team Rocket's Mewtwo ex,2026-06-17,0,0,0.0,0.0,0.0,0.0,False,False,0,False,False
Marnie's Grimmsnarl ex,Team Rocket's Mewtwo ex,2026-06-18,0,0,0.0,0.0,0.0,0.0,False,False,0,False,False
Marnie's Grimmsnarl ex,Team Rocket's Mewtwo ex,2026-06-19,0,0,0.0,0.0,0.0,0.0,False,False,0,False,False
Marnie's Grimmsnarl ex,Team Rocket's Mewtwo ex,2026-06-20,0,0,0.0,0.0,0.0,0.0,False,False,0,False,False
Marnie's Grimmsnarl ex,Team Rocket's Mewtwo ex,2026-06-21,0,0,0.0,0.0,0.0043,0.0,False,False,0,False,False
Marnie's Grimmsnarl ex,Team Rocket's Mewtwo ex,2026-06-22,0,0,0.0,0.0,0.0072,0.0,False,False,0,False,False
Marnie's Grimmsnarl ex,Team Rocket's Mewtwo ex,2026-06-23,0,0,0.0,0.0,0.0089,0.0,False,False,0,False,False
Marnie's Grimmsnarl ex,Team Rocket's Mewtwo ex,2026-06-24,0,0,0.0,0.0,0.0078,0.0,False,False,0,False,False
Marnie's Grimmsnarl ex,Team Rocket's Mewtwo ex,2026-06-25,0,0,0.0,0.0,0.0069,0.0,False,False,0,False,False
Marnie's Grimmsnarl ex,Team Rocket's Mewtwo ex,2026-06-26,0,0,0.0,0.0,0.0065,0.0,False,False,0,False,False
Marnie's Grimmsnarl ex,Team Rocket's Mewtwo ex,2026-06-27,0,0,0.0,0.0,0.0096,0.0,False,False,0,False,False
Marnie's Grimmsnarl ex,Team Rocket's Mewtwo ex,2026-06-28,0,0,0.0,0.0,0.0088,0.0,False,False,0,False,False
Marnie's Grimmsnarl ex,Team Rocket's Mewtwo ex,2026-06-29,0,0,0.0,0.0,0.0095,0.0,False,False,0,False,False
Marnie's Grimmsnarl ex,Team Rocket's Mewtwo ex,2026-06-30,0,0,0.0,0.0,0.0089,0.0,False,False,0,False,False
Marnie's Grimmsnarl ex,Team Rocket's Mewtwo ex,2026-07-01,0,0,0.0,0.0,0.0085,0.0043,False,False,0,False,False
Marnie's Grimmsnarl ex,Team Rocket's Mewtwo ex,2026-07-02,0,0,0.0,0.0,0.009,0.0135,False,False,0,False,False
Marnie's Grimmsnarl ex,Team Rocket's Mewtwo ex,2026-07-03,0,0,0.0,0.0,0.0087,0.042,False,False,0,False,False
Marnie's Grimmsnarl ex,Team Rocket's Mewtwo ex,2026-07-04,0,0,0.0,0.0,0.0088,0.05,False,False,0,False,False
Marnie's Grimmsnarl ex,Team Rocket's Mewtwo ex,2026-07-05,1,1,1.0,0.2065,0.0103,0.0826,False,False,0,False,False
Marnie's Grimmsnarl ex,Team Rocket's Mewtwo ex,2026-07-06,1,1,1.0,0.2065,0.0104,0.1024,False,False,0,False,False
Marnie's Grimmsnarl ex,Team Rocket's Mewtwo ex,2026-07-07,1,1,1.0,0.2065,0.0091,0.1284,False,False,0,False,False
Marnie's Grimmsnarl ex,Team Rocket's Mewtwo ex,2026-07-08,1,1,1.0,0.2065,0.0116,0.146,False,False,0,False,False
Marnie's Grimmsnarl ex,Team Rocket's Mewtwo ex,2026-07-09,1,1,1.0,0.2065,0.0104,0.1686,False,False,0,False,False
Marnie's Grimmsnarl ex,Team Rocket's Mewtwo ex,2026-07-10,1,1,1.0,0.2065,0.0111,0.168,False,False,0,False,False
Marnie's Grimmsnarl ex,Team Rocket's Mewtwo ex,2026-07-11,1,1,1.0,0.2065,0.0112,0.1798,False,False,0,False,False
Marnie's Grimmsnarl ex,Team Rocket's Mewtwo ex,2026-07-12,1,1,1.0,0.2065,0.0128,0.1781,False,False,0,False,False
Marnie's Grimmsnarl ex,Team Rocket's Mewtwo ex,2026-07-13,1,1,1.0,0.2065,0.0153,0.1809,False,False,0,False,False
Marnie's Grimmsnarl ex,Team Rocket's Mewtwo ex,2026-07-14,1,1,1.0,0.2065,0.0173,0.1847,False,False,0,False,False
Marnie's Grimmsnarl ex,Team Rocket's Mewtwo ex,2026-07-15,1,1,1.0,0.2065,0.0175,0.1844,False,False,0,False,False
Marnie's Grimmsnarl ex,Team Rocket's Mewtwo ex,2026-07-16,6,4,0.6667,0.3,0.0306,0.1827,False,False,0,False,False
Marnie's Grimmsnarl ex,Team Rocket's Mewtwo ex,2026-07-17,7,5,0.7143,0.3589,0.0368,0.1742,False,False,0,False,False
Marnie's Grimmsnarl ex,Team Rocket's Mewtwo ex,2026-07-18,8,6,0.75,0.4093,0.0404,0.1745,False,False,0,False,False
Marnie's Grimmsnarl ex,Team Rocket's Mewtwo ex,2026-07-19,14,11,0.7857,0.5241,0.0455,0.1742,False,False,0,False,False
Marnie's Grimmsnarl ex,Team Rocket's Mewtwo ex,2026-07-20,19,12,0.6316,0.4104,0.0522,0.1812,False,False,0,False,False
Marnie's Grimmsnarl ex,Team Rocket's Mewtwo ex,2026-07-21,28,19,0.6786,0.4934,0.0597,0.1861,False,False,0,False,False
Marnie's Grimmsnarl ex,Team Rocket's Mewtwo ex,2026-07-22,36,22,0.6111,0.4486,0.0727,0.1978,False,False,0,False,False
Marnie's Grimmsnarl ex,Team Rocket's Mewtwo ex,2026-07-23,48,33,0.6875,0.5467,0.0841,0.2111,False,False,0,False,False
Marnie's Grimmsnarl ex,Team Rocket's Mewtwo ex,2026-07-24,53,37,0.6981,0.5646,0.0885,0.2296,True,True,1,True,False
Marnie's Grimmsnarl ex,Team Rocket's Mewtwo ex,2026-07-25,61,44,0.7213,0.5983,0.0908,0.2618,True,True,2,False,True
Mega Kangaskhan ex,Cynthia's Garchomp ex,2026-06-16,0,0,0.0,0.0,,,False,False,0,False,False
Mega Kangaskhan ex,Cynthia's Garchomp ex,2026-06-17,0,0,0.0,0.0,0.0,0.0455,False,False,0,False,False
Mega Kangaskhan ex,Cynthia's Garchomp ex,2026-06-18,0,0,0.0,0.0,0.0,0.0114,False,False,0,False,False
Mega Kangaskhan ex,Cynthia's Garchomp ex,2026-06-19,0,0,0.0,0.0,0.0,0.0152,False,False,0,False,False
Mega Kangaskhan ex,Cynthia's Garchomp ex,2026-06-20,0,0,0.0,0.0,0.0,0.0116,False,False,0,False,False
Mega Kangaskhan ex,Cynthia's Garchomp ex,2026-06-21,0,0,0.0,0.0,0.0,0.0087,False,False,0,False,False
Mega Kangaskhan ex,Cynthia's Garchomp ex,2026-06-22,0,0,0.0,0.0,0.0,0.0072,False,False,0,False,False
Mega Kangaskhan ex,Cynthia's Garchomp ex,2026-06-23,0,0,0.0,0.0,0.003,0.006,False,False,0,False,False
Mega Kangaskhan ex,Cynthia's Garchomp ex,2026-06-24,0,0,0.0,0.0,0.0026,0.0052,False,False,0,False,False
Mega Kangaskhan ex,Cynthia's Garchomp ex,2026-06-25,0,0,0.0,0.0,0.0023,0.0069,False,False,0,False,False
Mega Kangaskhan ex,Cynthia's Garchomp ex,2026-06-26,0,0,0.0,0.0,0.0022,0.0086,False,False,0,False,False
Mega Kangaskhan ex,Cynthia's Garchomp ex,2026-06-27,0,0,0.0,0.0,0.0019,0.0077,False,False,0,False,False
Mega Kangaskhan ex,Cynthia's Garchomp ex,2026-06-28,0,0,0.0,0.0,0.0018,0.007,False,False,0,False,False
Mega Kangaskhan ex,Cynthia's Garchomp ex,2026-06-29,0,0,0.0,0.0,0.0032,0.0063,False,False,0,False,False
Mega Kangaskhan ex,Cynthia's Garchomp ex,2026-06-30,0,0,0.0,0.0,0.003,0.006,False,False,0,False,False
Mega Kangaskhan ex,Cynthia's Garchomp ex,2026-07-01,0,0,0.0,0.0,0.0071,0.0043,False,False,0,False,False
Mega Kangaskhan ex,Cynthia's Garchomp ex,2026-07-02,0,0,0.0,0.0,0.0075,0.0075,False,False,0,False,False
Mega Kangaskhan ex,Cynthia's Garchomp ex,2026-07-03,0,0,0.0,0.0,0.0101,0.0058,False,False,0,False,False
Mega Kangaskhan ex,Cynthia's Garchomp ex,2026-07-04,0,0,0.0,0.0,0.0118,0.0074,False,False,0,False,False
Mega Kangaskhan ex,Cynthia's Garchomp ex,2026-07-05,1,0,0.0,0.0,0.0147,0.0147,False,False,0,False,False
Mega Kangaskhan ex,Cynthia's Garchomp ex,2026-07-06,1,0,0.0,0.0,0.0208,0.0208,False,False,0,False,False
Mega Kangaskhan ex,Cynthia's Garchomp ex,2026-07-07,2,0,0.0,0.0,0.0242,0.0287,False,False,0,False,False
Mega Kangaskhan ex,Cynthia's Garchomp ex,2026-07-08,4,2,0.5,0.15,0.0388,0.0491,False,False,0,False,False
Mega Kangaskhan ex,Cynthia's Garchomp ex,2026-07-09,5,3,0.6,0.2307,0.0508,0.0624,False,False,0,False,False
Mega Kangaskhan ex,Cynthia's Garchomp ex,2026-07-10,6,3,0.5,0.1876,0.0557,0.0759,False,False,0,False,False
Mega Kangaskhan ex,Cynthia's Garchomp ex,2026-07-11,6,3,0.5,0.1876,0.0581,0.0899,False,False,0,False,False
Mega Kangaskhan ex,Cynthia's Garchomp ex,2026-07-12,6,3,0.5,0.1876,0.0599,0.1087,False,False,0,False,False
Mega Kangaskhan ex,Cynthia's Garchomp ex,2026-07-13,7,4,0.5714,0.2505,0.0598,0.1252,False,False,0,False,False
Mega Kangaskhan ex,Cynthia's Garchomp ex,2026-07-14,9,5,0.5556,0.2666,0.0593,0.1366,False,False,0,False,False
Mega Kangaskhan ex,Cynthia's Garchomp ex,2026-07-15,9,5,0.5556,0.2666,0.0531,0.1466,False,False,0,False,False
Mega Kangaskhan ex,Cynthia's Garchomp ex,2026-07-16,9,5,0.5556,0.2666,0.0501,0.1515,False,False,0,False,False
Mega Kangaskhan ex,Cynthia's Garchomp ex,2026-07-17,11,5,0.4545,0.2127,0.0518,0.1604,False,False,0,False,False
Mega Kangaskhan ex,Cynthia's Garchomp ex,2026-07-18,12,5,0.4167,0.1933,0.0527,0.1563,False,False,0,False,False
Mega Kangaskhan ex,Cynthia's Garchomp ex,2026-07-19,15,5,0.3333,0.1518,0.0551,0.1607,False,False,0,False,False
Mega Kangaskhan ex,Cynthia's Garchomp ex,2026-07-20,15,5,0.3333,0.1518,0.0553,0.1528,False,False,0,False,False
Mega Kangaskhan ex,Cynthia's Garchomp ex,2026-07-21,17,6,0.3529,0.1731,0.0562,0.1494,False,False,0,False,False
Mega Kangaskhan ex,Cynthia's Garchomp ex,2026-07-22,19,6,0.3158,0.1536,0.0549,0.1459,False,False,0,False,False
Mega Kangaskhan ex,Cynthia's Garchomp ex,2026-07-23,22,8,0.3636,0.1973,0.0534,0.1428,False,False,0,False,False
Mega Kangaskhan ex,Cynthia's Garchomp ex,2026-07-24,26,10,0.3846,0.2243,0.0573,0.134,False,False,0,False,False
Mega Kangaskhan ex,Cynthia's Garchomp ex,2026-07-25,27,11,0.4074,0.2451,0.0567,0.1276,False,False,0,False,False
Mega Kangaskhan ex,Cynthia's Garchomp ex,2026-07-26,29,12,0.4138,0.2551,0.0616,0.115,False,False,0,False,False
Mega Kangaskhan ex,Cynthia's Garchomp ex,2026-07-27,30,13,0.4333,0.2738,0.0611,0.1042,False,False,0,False,False
Mega Kangaskhan ex,Cynthia's Garchomp ex,2026-07-28,31,14,0.4516,0.2916,0.061,0.0988,False,False,0,False,False
Mega Kangaskhan ex,Cynthia's Garchomp ex,2026-07-29,31,14,0.4516,0.2916,0.0614,0.0948,False,False,0,False,False
Mega Kangaskhan ex,Cynthia's Garchomp ex,2026-07-30,32,15,0.4688,0.3087,0.0603,0.0943,False,False,0,False,False
Mega Kangaskhan ex,Cynthia's Garchomp ex,2026-07-31,32,15,0.4688,0.3087,0.0571,0.0887,False,False,0,False,False
Mega Kangaskhan ex,Cynthia's Garchomp ex,2026-08-01,33,15,0.4545,0.2984,0.0554,0.09,False,False,0,False,False
Mega Kangaskhan ex,Cynthia's Garchomp ex,2026-08-02,36,18,0.5,0.3447,0.0546,0.086,False,False,0,False,False
Mega Kangaskhan ex,Cynthia's Garchomp ex,2026-08-03,36,18,0.5,0.3447,0.0526,0.0864,False,False,0,False,False
Mega Kangaskhan ex,Cynthia's Garchomp ex,2026-08-04,37,19,0.5135,0.3589,0.0536,0.087,False,False,0,False,False
Mega Kangaskhan ex,Cynthia's Garchomp ex,2026-08-05,37,19,0.5135,0.3589,0.0506,0.0855,False,False,0,False,False
Mega Kangaskhan ex,Cynthia's Garchomp ex,2026-08-06,37,19,0.5135,0.3589,0.0458,0.087,False,False,0,False,False
Mega Kangaskhan ex,Cynthia's Garchomp ex,2026-08-07,38,20,0.5263,0.3726,0.0396,0.0904,False,False,0,False,False
Mega Kangaskhan ex,Cynthia's Garchomp ex,2026-08-08,40,22,0.55,0.3983,0.0379,0.0926,False,False,0,False,False
Mega Kangaskhan ex,Cynthia's Garchomp ex,2026-08-09,40,22,0.55,0.3983,0.0307,0.0971,False,False,0,False,False
Mega Kangaskhan ex,Cynthia's Garchomp ex,2026-08-10,40,22,0.55,0.3983,0.0294,0.0984,False,False,0,False,False
Mega Kangaskhan ex,Dragapult ex,2026-06-16,0,0,0.0,0.0,,,False,False,0,False,False
Mega Kangaskhan ex,Dragapult ex,2026-06-17,0,0,0.0,0.0,0.3182,0.0455,False,False,0,False,False
Mega Kangaskhan ex,Dragapult ex,2026-06-18,0,0,0.0,0.0,0.1136,0.0114,False,False,0,False,False
Mega Kangaskhan ex,Dragapult ex,2026-06-19,0,0,0.0,0.0,0.0758,0.0152,False,False,0,False,False
Mega Kangaskhan ex,Dragapult ex,2026-06-20,0,0,0.0,0.0,0.0581,0.0116,False,False,0,False,False
Mega Kangaskhan ex,Dragapult ex,2026-06-21,0,0,0.0,0.0,0.0478,0.0087,False,False,0,False,False
Mega Kangaskhan ex,Dragapult ex,2026-06-22,0,0,0.0,0.0,0.054,0.0072,False,False,0,False,False
Mega Kangaskhan ex,Dragapult ex,2026-06-23,0,0,0.0,0.0,0.0685,0.006,False,False,0,False,False
Mega Kangaskhan ex,Dragapult ex,2026-06-24,0,0,0.0,0.0,0.0807,0.0052,False,False,0,False,False
Mega Kangaskhan ex,Dragapult ex,2026-06-25,1,1,1.0,0.2065,0.088,0.0069,False,False,0,False,False
Mega Kangaskhan ex,Dragapult ex,2026-06-26,1,1,1.0,0.2065,0.0927,0.0086,False,False,0,False,False
Mega Kangaskhan ex,Dragapult ex,2026-06-27,1,1,1.0,0.2065,0.0904,0.0077,False,False,0,False,False
Mega Kangaskhan ex,Dragapult ex,2026-06-28,1,1,1.0,0.2065,0.088,0.007,False,False,0,False,False
Mega Kangaskhan ex,Dragapult ex,2026-06-29,1,1,1.0,0.2065,0.0825,0.0063,False,False,0,False,False
Mega Kangaskhan ex,Dragapult ex,2026-06-30,1,1,1.0,0.2065,0.0818,0.006,False,False,0,False,False
Mega Kangaskhan ex,Dragapult ex,2026-07-01,1,1,1.0,0.2065,0.0739,0.0043,False,False,0,False,False
Mega Kangaskhan ex,Dragapult ex,2026-07-02,1,1,1.0,0.2065,0.0751,0.0075,False,False,0,False,False
Mega Kangaskhan ex,Dragapult ex,2026-07-03,1,1,1.0,0.2065,0.0739,0.0058,False,False,0,False,False
Mega Kangaskhan ex,Dragapult ex,2026-07-04,1,1,1.0,0.2065,0.075,0.0074,False,False,0,False,False
Mega Kangaskhan ex,Dragapult ex,2026-07-05,1,1,1.0,0.2065,0.0752,0.0147,False,False,0,False,False
Mega Kangaskhan ex,Dragapult ex,2026-07-06,1,1,1.0,0.2065,0.0697,0.0208,False,False,0,False,False
Mega Kangaskhan ex,Dragapult ex,2026-07-07,2,2,1.0,0.3424,0.0619,0.0287,False,False,0,False,False
Mega Kangaskhan ex,Dragapult ex,2026-07-08,3,3,1.0,0.4385,0.0543,0.0491,False,False,0,False,False
Mega Kangaskhan ex,Dragapult ex,2026-07-09,5,3,0.6,0.2307,0.0462,0.0624,False,False,0,False,False
Mega Kangaskhan ex,Dragapult ex,2026-07-10,5,3,0.6,0.2307,0.0385,0.0759,False,False,0,False,False
Mega Kangaskhan ex,Dragapult ex,2026-07-11,6,4,0.6667,0.3,0.0346,0.0899,False,False,0,False,False
Mega Kangaskhan ex,Dragapult ex,2026-07-12,10,8,0.8,0.4902,0.0428,0.1087,False,False,0,False,False
Mega Kangaskhan ex,Dragapult ex,2026-07-13,13,9,0.6923,0.4237,0.0468,0.1252,False,False,0,False,False
Mega Kangaskhan ex,Dragapult ex,2026-07-14,14,10,0.7143,0.4535,0.0428,0.1366,False,False,0,False,False
Mega Kangaskhan ex,Dragapult ex,2026-07-15,14,10,0.7143,0.4535,0.037,0.1466,False,False,0,False,False
Mega Kangaskhan ex,Dragapult ex,2026-07-16,14,10,0.7143,0.4535,0.0338,0.1515,False,False,0,False,False
Mega Kangaskhan ex,Dragapult ex,2026-07-17,17,12,0.7059,0.4687,0.0368,0.1604,False,False,0,False,False
Mega Kangaskhan ex,Dragapult ex,2026-07-18,17,12,0.7059,0.4687,0.0398,0.1563,False,False,0,False,False
Mega Kangaskhan ex,Dragapult ex,2026-07-19,18,12,0.6667,0.4375,0.0404,0.1607,False,False,0,False,False
Mega Kangaskhan ex,Dragapult ex,2026-07-20,18,12,0.6667,0.4375,0.0421,0.1528,False,False,0,False,False
Mega Kangaskhan ex,Dragapult ex,2026-07-21,19,12,0.6316,0.4104,0.0446,0.1494,False,False,0,False,False
Mega Kangaskhan ex,Dragapult ex,2026-07-22,20,13,0.65,0.4329,0.0455,0.1459,False,False,0,False,False
Mega Kangaskhan ex,Dragapult ex,2026-07-23,20,13,0.65,0.4329,0.0457,0.1428,False,False,0,False,False
Mega Kangaskhan ex,Dragapult ex,2026-07-24,20,13,0.65,0.4329,0.0459,0.134,False,False,0,False,False
Mega Kangaskhan ex,Dragapult ex,2026-07-25,20,13,0.65,0.4329,0.0452,0.1276,False,False,0,False,False
Mega Kangaskhan ex,Dragapult ex,2026-07-26,20,13,0.65,0.4329,0.0376,0.115,False,False,0,False,False
Mega Kangaskhan ex,Dragapult ex,2026-07-27,21,14,0.6667,0.4537,0.0374,0.1042,False,False,0,False,False
Mega Kangaskhan ex,Dragapult ex,2026-07-28,23,16,0.6957,0.4913,0.0382,0.0988,False,False,0,False,False
Mega Kangaskhan ex,Dragapult ex,2026-07-29,23,16,0.6957,0.4913,0.0385,0.0948,False,False,0,False,False
Mega Kangaskhan ex,Dragapult ex,2026-07-30,23,16,0.6957,0.4913,0.0382,0.0943,False,False,0,False,False
Mega Kangaskhan ex,Dragapult ex,2026-07-31,24,17,0.7083,0.5083,0.0356,0.0887,False,False,0,False,False
Mega Kangaskhan ex,Dragapult ex,2026-08-01,24,17,0.7083,0.5083,0.0327,0.09,False,False,0,False,False
Mega Kangaskhan ex,Dragapult ex,2026-08-02,25,17,0.68,0.4841,0.0314,0.086,False,False,0,False,False
Mega Kangaskhan ex,Dragapult ex,2026-08-03,25,17,0.68,0.4841,0.0315,0.0864,False,False,0,False,False
Mega Kangaskhan ex,Dragapult ex,2026-08-04,26,18,0.6923,0.5001,0.0322,0.087,False,False,0,False,False
Mega Kangaskhan ex,Dragapult ex,2026-08-05,27,18,0.6667,0.4782,0.033,0.0855,False,False,0,False,False
Mega Kangaskhan ex,Dragapult ex,2026-08-06,29,20,0.6897,0.5077,0.0356,0.087,False,False,0,False,False
Mega Kangaskhan ex,Dragapult ex,2026-08-07,29,20,0.6897,0.5077,0.037,0.0904,False,False,0,False,False
Mega Kangaskhan ex,Dragapult ex,2026-08-08,30,20,0.6667,0.4878,0.0397,0.0926,False,False,0,False,False
Mega Kangaskhan ex,Dragapult ex,2026-08-09,33,21,0.6364,0.4662,0.0439,0.0971,False,False,0,False,False
Mega Kangaskhan ex,Dragapult ex,2026-08-10,36,23,0.6389,0.4757,0.046,0.0984,False,False,0,False,False
Mega Kangaskhan ex,Fezandipiti ex,2026-06-16,0,0,0.0,0.0,,,False,False,0,False,False
Mega Kangaskhan ex,Fezandipiti ex,2026-06-17,0,0,0.0,0.0,0.0455,0.0455,False,False,0,False,False
Mega Kangaskhan ex,Fezandipiti ex,2026-06-18,0,0,0.0,0.0,0.0682,0.0114,False,False,0,False,False
Mega Kangaskhan ex,Fezandipiti ex,2026-06-19,0,0,0.0,0.0,0.0758,0.0152,False,False,0,False,False
Mega Kangaskhan ex,Fezandipiti ex,2026-06-20,0,0,0.0,0.0,0.0698,0.0116,False,False,0,False,False
Mega Kangaskhan ex,Fezandipiti ex,2026-06-21,0,0,0.0,0.0,0.0652,0.0087,False,False,0,False,False
Mega Kangaskhan ex,Fezandipiti ex,2026-06-22,0,0,0.0,0.0,0.0647,0.0072,False,False,0,False,False
Mega Kangaskhan ex,Fezandipiti ex,2026-06-23,0,0,0.0,0.0,0.0774,0.006,False,False,0,False,False
Mega Kangaskhan ex,Fezandipiti ex,2026-06-24,0,0,0.0,0.0,0.0807,0.0052,False,False,0,False,False
Mega Kangaskhan ex,Fezandipiti ex,2026-06-25,0,0,0.0,0.0,0.0787,0.0069,False,False,0,False,False
Mega Kangaskhan ex,Fezandipiti ex,2026-06-26,0,0,0.0,0.0,0.0754,0.0086,False,False,0,False,False
Mega Kangaskhan ex,Fezandipiti ex,2026-06-27,0,0,0.0,0.0,0.0712,0.0077,False,False,0,False,False
Mega Kangaskhan ex,Fezandipiti ex,2026-06-28,0,0,0.0,0.0,0.0739,0.007,False,False,0,False,False
Mega Kangaskhan ex,Fezandipiti ex,2026-06-29,0,0,0.0,0.0,0.0714,0.0063,False,False,0,False,False
Mega Kangaskhan ex,Fezandipiti ex,2026-06-30,0,0,0.0,0.0,0.0729,0.006,False,False,0,False,False
Mega Kangaskhan ex,Fezandipiti ex,2026-07-01,0,0,0.0,0.0,0.081,0.0043,False,False,0,False,False
Mega Kangaskhan ex,Fezandipiti ex,2026-07-02,0,0,0.0,0.0,0.0841,0.0075,False,False,0,False,False
Mega Kangaskhan ex,Fezandipiti ex,2026-07-03,0,0,0.0,0.0,0.0826,0.0058,False,False,0,False,False
Mega Kangaskhan ex,Fezandipiti ex,2026-07-04,0,0,0.0,0.0,0.0868,0.0074,False,False,0,False,False
Mega Kangaskhan ex,Fezandipiti ex,2026-07-05,0,0,0.0,0.0,0.0855,0.0147,False,False,0,False,False
Mega Kangaskhan ex,Fezandipiti ex,2026-07-06,1,0,0.0,0.0,0.0875,0.0208,False,False,0,False,False
Mega Kangaskhan ex,Fezandipiti ex,2026-07-07,1,0,0.0,0.0,0.0831,0.0287,False,False,0,False,False
Mega Kangaskhan ex,Fezandipiti ex,2026-07-08,2,0,0.0,0.0,0.084,0.0491,False,False,0,False,False
Mega Kangaskhan ex,Fezandipiti ex,2026-07-09,2,0,0.0,0.0,0.0878,0.0624,False,False,0,False,False
Mega Kangaskhan ex,Fezandipiti ex,2026-07-10,6,2,0.3333,0.0968,0.1144,0.0759,False,False,0,False,False
Mega Kangaskhan ex,Fezandipiti ex,2026-07-11,13,8,0.6154,0.3552,0.1423,0.0899,False,False,0,False,False
Mega Kangaskhan ex,Fezandipiti ex,2026-07-12,27,12,0.4444,0.2759,0.161,0.1087,False,False,0,False,False
Mega Kangaskhan ex,Fezandipiti ex,2026-07-13,35,14,0.4,0.2555,0.1809,0.1252,False,False,0,False,False
Mega Kangaskhan ex,Fezandipiti ex,2026-07-14,48,20,0.4167,0.2885,0.2065,0.1366,False,False,0,False,False
Mega Kangaskhan ex,Fezandipiti ex,2026-07-15,61,25,0.4098,0.2954,0.2325,0.1466,False,False,0,False,False
Mega Kangaskhan ex,Fezandipiti ex,2026-07-16,70,30,0.4286,0.3194,0.2471,0.1515,False,False,0,False,False
Mega Kangaskhan ex,Fezandipiti ex,2026-07-17,79,35,0.443,0.3387,0.2584,0.1604,False,False,0,False,False
Mega Kangaskhan ex,Fezandipiti ex,2026-07-18,84,38,0.4524,0.3504,0.2763,0.1563,False,False,0,False,False
Mega Kangaskhan ex,Fezandipiti ex,2026-07-19,94,43,0.4574,0.3604,0.286,0.1607,False,False,0,False,False
Mega Kangaskhan ex,Fezandipiti ex,2026-07-20,96,43,0.4479,0.3524,0.2966,0.1528,False,False,0,False,False
Mega Kangaskhan ex,Fezandipiti ex,2026-07-21,100,45,0.45,0.3561,0.3024,0.1494,False,False,0,False,False
Mega Kangaskhan ex,Fezandipiti ex,2026-07-22,106,48,0.4528,0.3614,0.3175,0.1459,False,False,0,False,False
Mega Kangaskhan ex,Fezandipiti ex,2026-07-23,113,52,0.4602,0.3711,0.324,0.1428,False,False,0,False,False
Mega Kangaskhan ex,Fezandipiti ex,2026-07-24,115,52,0.4522,0.3642,0.3267,0.134,False,False,0,False,False
Mega Kangaskhan ex,Fezandipiti ex,2026-07-25,118,55,0.4661,0.3786,0.3138,0.1276,False,False,0,False,False
Mega Kangaskhan ex,Fezandipiti ex,2026-07-26,118,55,0.4661,0.3786,0.3021,0.115,False,False,0,False,False
Mega Kangaskhan ex,Fezandipiti ex,2026-07-27,119,55,0.4622,0.3752,0.2942,0.1042,False,False,0,False,False
Mega Kangaskhan ex,Fezandipiti ex,2026-07-28,121,57,0.4711,0.3844,0.2736,0.0988,False,False,0,False,False
Mega Kangaskhan ex,Fezandipiti ex,2026-07-29,124,59,0.4758,0.39,0.2481,0.0948,False,False,0,False,False
Mega Kangaskhan ex,Fezandipiti ex,2026-07-30,127,61,0.4803,0.3953,0.2273,0.0943,False,False,0,False,False
Mega Kangaskhan ex,Fezandipiti ex,2026-07-31,129,62,0.4806,0.3962,0.2138,0.0887,False,False,0,False,False
Mega Kangaskhan ex,Fezandipiti ex,2026-08-01,134,65,0.4851,0.4021,0.1928,0.09,False,False,0,False,False
Mega Kangaskhan ex,Fezandipiti ex,2026-08-02,138,67,0.4855,0.4036,0.1793,0.086,False,False,0,False,False
Mega Kangaskhan ex,Fezandipiti ex,2026-08-03,138,67,0.4855,0.4036,0.1601,0.0864,False,False,0,False,False
Mega Kangaskhan ex,Fezandipiti ex,2026-08-04,140,67,0.4786,0.3975,0.1484,0.087,False,False,0,False,False
Mega Kangaskhan ex,Fezandipiti ex,2026-08-05,140,67,0.4786,0.3975,0.141,0.0855,False,False,0,False,False
Mega Kangaskhan ex,Fezandipiti ex,2026-08-06,147,71,0.483,0.4037,0.1403,0.087,False,False,0,False,False
Mega Kangaskhan ex,Fezandipiti ex,2026-08-07,151,74,0.4901,0.4116,0.1355,0.0904,False,False,0,False,False
Mega Kangaskhan ex,Fezandipiti ex,2026-08-08,155,75,0.4839,0.4065,0.1379,0.0926,False,False,0,False,False
Mega Kangaskhan ex,Fezandipiti ex,2026-08-09,157,76,0.4841,0.4072,0.1432,0.0971,False,False,0,False,False
Mega Kangaskhan ex,Fezandipiti ex,2026-08-10,158,76,0.481,0.4045,0.1425,0.0984,False,False,0,False,False
Mega Kangaskhan ex,Marnie's Grimmsnarl ex,2026-06-16,0,0,0.0,0.0,,,False,False,0,False,False
Mega Kangaskhan ex,Marnie's Grimmsnarl ex,2026-06-17,0,0,0.0,0.0,0.0,0.0455,False,False,0,False,False
Mega Kangaskhan ex,Marnie's Grimmsnarl ex,2026-06-18,0,0,0.0,0.0,0.0,0.0114,False,False,0,False,False
Mega Kangaskhan ex,Marnie's Grimmsnarl ex,2026-06-19,0,0,0.0,0.0,0.0,0.0152,False,False,0,False,False
Mega Kangaskhan ex,Marnie's Grimmsnarl ex,2026-06-20,0,0,0.0,0.0,0.0,0.0116,False,False,0,False,False
Mega Kangaskhan ex,Marnie's Grimmsnarl ex,2026-06-21,0,0,0.0,0.0,0.0,0.0087,False,False,0,False,False
Mega Kangaskhan ex,Marnie's Grimmsnarl ex,2026-06-22,0,0,0.0,0.0,0.0,0.0072,False,False,0,False,False
Mega Kangaskhan ex,Marnie's Grimmsnarl ex,2026-06-23,0,0,0.0,0.0,0.0,0.006,False,False,0,False,False
Mega Kangaskhan ex,Marnie's Grimmsnarl ex,2026-06-24,0,0,0.0,0.0,0.0,0.0052,False,False,0,False,False
Mega Kangaskhan ex,Marnie's Grimmsnarl ex,2026-06-25,0,0,0.0,0.0,0.0,0.0069,False,False,0,False,False
Mega Kangaskhan ex,Marnie's Grimmsnarl ex,2026-06-26,0,0,0.0,0.0,0.0,0.0086,False,False,0,False,False
Mega Kangaskhan ex,Marnie's Grimmsnarl ex,2026-06-27,0,0,0.0,0.0,0.0,0.0077,False,False,0,False,False
Mega Kangaskhan ex,Marnie's Grimmsnarl ex,2026-06-28,0,0,0.0,0.0,0.0,0.007,False,False,0,False,False
Mega Kangaskhan ex,Marnie's Grimmsnarl ex,2026-06-29,0,0,0.0,0.0,0.0,0.0063,False,False,0,False,False
Mega Kangaskhan ex,Marnie's Grimmsnarl ex,2026-06-30,0,0,0.0,0.0,0.0,0.006,False,False,0,False,False
Mega Kangaskhan ex,Marnie's Grimmsnarl ex,2026-07-01,0,0,0.0,0.0,0.0043,0.0043,False,False,0,False,False
Mega Kangaskhan ex,Marnie's Grimmsnarl ex,2026-07-02,1,0,0.0,0.0,0.0135,0.0075,False,False,0,False,False
Mega Kangaskhan ex,Marnie's Grimmsnarl ex,2026-07-03,1,0,0.0,0.0,0.042,0.0058,False,False,0,False,False
Mega Kangaskhan ex,Marnie's Grimmsnarl ex,2026-07-04,1,0,0.0,0.0,0.05,0.0074,False,False,0,False,False
Mega Kangaskhan ex,Marnie's Grimmsnarl ex,2026-07-05,3,1,0.3333,0.0615,0.0826,0.0147,False,False,0,False,False
Mega Kangaskhan ex,Marnie's Grimmsnarl ex,2026-07-06,4,2,0.5,0.15,0.1024,0.0208,False,False,0,False,False
Mega Kangaskhan ex,Marnie's Grimmsnarl ex,2026-07-07,5,3,0.6,0.2307,0.1284,0.0287,False,False,0,False,False
Mega Kangaskhan ex,Marnie's Grimmsnarl ex,2026-07-08,8,5,0.625,0.3057,0.146,0.0491,False,False,0,False,False
Mega Kangaskhan ex,Marnie's Grimmsnarl ex,2026-07-09,14,9,0.6429,0.3876,0.1686,0.0624,False,False,0,False,False
Mega Kangaskhan ex,Marnie's Grimmsnarl ex,2026-07-10,16,11,0.6875,0.444,0.168,0.0759,False,False,0,False,False
Mega Kangaskhan ex,Marnie's Grimmsnarl ex,2026-07-11,22,16,0.7273,0.5185,0.1798,0.0899,False,False,0,False,False
Mega Kangaskhan ex,Marnie's Grimmsnarl ex,2026-07-12,27,19,0.7037,0.5152,0.1781,0.1087,False,False,0,False,False
Mega Kangaskhan ex,Marnie's Grimmsnarl ex,2026-07-13,32,24,0.75,0.5789,0.1809,0.1252,False,False,0,False,False
Mega Kangaskhan ex,Marnie's Grimmsnarl ex,2026-07-14,35,26,0.7429,0.5793,0.1847,0.1366,False,False,0,False,False
Mega Kangaskhan ex,Marnie's Grimmsnarl ex,2026-07-15,39,29,0.7436,0.5892,0.1844,0.1466,False,False,0,False,False
Mega Kangaskhan ex,Marnie's Grimmsnarl ex,2026-07-16,45,33,0.7333,0.5896,0.1827,0.1515,False,False,0,False,False
Mega Kangaskhan ex,Marnie's Grimmsnarl ex,2026-07-17,50,37,0.74,0.6045,0.1742,0.1604,True,True,1,True,False
Mega Kangaskhan ex,Marnie's Grimmsnarl ex,2026-07-18,51,37,0.7255,0.5905,0.1745,0.1563,True,True,2,False,True
Mega Kangaskhan ex,Mega Lopunny ex,2026-06-16,0,0,0.0,0.0,,,False,False,0,False,False
Mega Kangaskhan ex,Mega Lopunny ex,2026-06-17,0,0,0.0,0.0,0.0,0.0455,False,False,0,False,False
Mega Kangaskhan ex,Mega Lopunny ex,2026-06-18,0,0,0.0,0.0,0.0,0.0114,False,False,0,False,False
Mega Kangaskhan ex,Mega Lopunny ex,2026-06-19,0,0,0.0,0.0,0.0,0.0152,False,False,0,False,False
Mega Kangaskhan ex,Mega Lopunny ex,2026-06-20,0,0,0.0,0.0,0.0,0.0116,False,False,0,False,False
Mega Kangaskhan ex,Mega Lopunny ex,2026-06-21,0,0,0.0,0.0,0.0,0.0087,False,False,0,False,False
Mega Kangaskhan ex,Mega Lopunny ex,2026-06-22,0,0,0.0,0.0,0.0,0.0072,False,False,0,False,False
Mega Kangaskhan ex,Mega Lopunny ex,2026-06-23,0,0,0.0,0.0,0.0,0.006,False,False,0,False,False
Mega Kangaskhan ex,Mega Lopunny ex,2026-06-24,0,0,0.0,0.0,0.0,0.0052,False,False,0,False,False
Mega Kangaskhan ex,Mega Lopunny ex,2026-06-25,0,0,0.0,0.0,0.0,0.0069,False,False,0,False,False
Mega Kangaskhan ex,Mega Lopunny ex,2026-06-26,0,0,0.0,0.0,0.0022,0.0086,False,False,0,False,False
Mega Kangaskhan ex,Mega Lopunny ex,2026-06-27,0,0,0.0,0.0,0.0019,0.0077,False,False,0,False,False
Mega Kangaskhan ex,Mega Lopunny ex,2026-06-28,0,0,0.0,0.0,0.0018,0.007,False,False,0,False,False
Mega Kangaskhan ex,Mega Lopunny ex,2026-06-29,0,0,0.0,0.0,0.0016,0.0063,False,False,0,False,False
Mega Kangaskhan ex,Mega Lopunny ex,2026-06-30,0,0,0.0,0.0,0.0015,0.006,False,False,0,False,False
Mega Kangaskhan ex,Mega Lopunny ex,2026-07-01,0,0,0.0,0.0,0.0014,0.0043,False,False,0,False,False
Mega Kangaskhan ex,Mega Lopunny ex,2026-07-02,0,0,0.0,0.0,0.0015,0.0075,False,False,0,False,False
Mega Kangaskhan ex,Mega Lopunny ex,2026-07-03,0,0,0.0,0.0,0.0014,0.0058,False,False,0,False,False
Mega Kangaskhan ex,Mega Lopunny ex,2026-07-04,0,0,0.0,0.0,0.0015,0.0074,False,False,0,False,False
Mega Kangaskhan ex,Mega Lopunny ex,2026-07-05,0,0,0.0,0.0,0.0015,0.0147,False,False,0,False,False
Mega Kangaskhan ex,Mega Lopunny ex,2026-07-06,0,0,0.0,0.0,0.003,0.0208,False,False,0,False,False
Mega Kangaskhan ex,Mega Lopunny ex,2026-07-07,0,0,0.0,0.0,0.003,0.0287,False,False,0,False,False
Mega Kangaskhan ex,Mega Lopunny ex,2026-07-08,0,0,0.0,0.0,0.0052,0.0491,False,False,0,False,False
Mega Kangaskhan ex,Mega Lopunny ex,2026-07-09,0,0,0.0,0.0,0.0069,0.0624,False,False,0,False,False
Mega Kangaskhan ex,Mega Lopunny ex,2026-07-10,0,0,0.0,0.0,0.0051,0.0759,False,False,0,False,False
Mega Kangaskhan ex,Mega Lopunny ex,2026-07-11,0,0,0.0,0.0,0.0056,0.0899,False,False,0,False,False
Mega Kangaskhan ex,Mega Lopunny ex,2026-07-12,0,0,0.0,0.0,0.0051,0.1087,False,False,0,False,False
Mega Kangaskhan ex,Mega Lopunny ex,2026-07-13,0,0,0.0,0.0,0.0081,0.1252,False,False,0,False,False
Mega Kangaskhan ex,Mega Lopunny ex,2026-07-14,0,0,0.0,0.0,0.009,0.1366,False,False,0,False,False
Mega Kangaskhan ex,Mega Lopunny ex,2026-07-15,0,0,0.0,0.0,0.0091,0.1466,False,False,0,False,False
Mega Kangaskhan ex,Mega Lopunny ex,2026-07-16,0,0,0.0,0.0,0.0085,0.1515,False,False,0,False,False
Mega Kangaskhan ex,Mega Lopunny ex,2026-07-17,0,0,0.0,0.0,0.0081,0.1604,False,False,0,False,False
Mega Kangaskhan ex,Mega Lopunny ex,2026-07-18,0,0,0.0,0.0,0.0076,0.1563,False,False,0,False,False
Mega Kangaskhan ex,Mega Lopunny ex,2026-07-19,0,0,0.0,0.0,0.0073,0.1607,False,False,0,False,False
Mega Kangaskhan ex,Mega Lopunny ex,2026-07-20,1,1,1.0,0.2065,0.0068,0.1528,False,False,0,False,False
Mega Kangaskhan ex,Mega Lopunny ex,2026-07-21,1,1,1.0,0.2065,0.007,0.1494,False,False,0,False,False
Mega Kangaskhan ex,Mega Lopunny ex,2026-07-22,1,1,1.0,0.2065,0.0059,0.1459,False,False,0,False,False
Mega Kangaskhan ex,Mega Lopunny ex,2026-07-23,1,1,1.0,0.2065,0.0077,0.1428,False,False,0,False,False
Mega Kangaskhan ex,Mega Lopunny ex,2026-07-24,1,1,1.0,0.2065,0.0114,0.134,False,False,0,False,False
Mega Kangaskhan ex,Mega Lopunny ex,2026-07-25,1,1,1.0,0.2065,0.0111,0.1276,False,False,0,False,False
Mega Kangaskhan ex,Mega Lopunny ex,2026-07-26,1,1,1.0,0.2065,0.0113,0.115,False,False,0,False,False
Mega Kangaskhan ex,Mega Lopunny ex,2026-07-27,1,1,1.0,0.2065,0.011,0.1042,False,False,0,False,False
Mega Kangaskhan ex,Mega Lopunny ex,2026-07-28,1,1,1.0,0.2065,0.0112,0.0988,False,False,0,False,False
Mega Kangaskhan ex,Mega Lopunny ex,2026-07-29,1,1,1.0,0.2065,0.0114,0.0948,False,False,0,False,False
Mega Kangaskhan ex,Mega Lopunny ex,2026-07-30,1,1,1.0,0.2065,0.0116,0.0943,False,False,0,False,False
Mega Kangaskhan ex,Mega Lopunny ex,2026-07-31,2,2,1.0,0.3424,0.0121,0.0887,False,False,0,False,False
Mega Kangaskhan ex,Mega Lopunny ex,2026-08-01,3,3,1.0,0.4385,0.0155,0.09,False,False,0,False,False
Mega Kangaskhan ex,Mega Lopunny ex,2026-08-02,6,3,0.5,0.1876,0.0229,0.086,False,False,0,False,False
Mega Kangaskhan ex,Mega Lopunny ex,2026-08-03,7,3,0.4286,0.1582,0.0319,0.0864,False,False,0,False,False
Mega Kangaskhan ex,Mega Lopunny ex,2026-08-04,11,3,0.2727,0.0975,0.0439,0.087,False,False,0,False,False
Mega Kangaskhan ex,Mega Lopunny ex,2026-08-05,16,4,0.25,0.1018,0.0555,0.0855,False,False,0,False,False
Mega Kangaskhan ex,Mega Lopunny ex,2026-08-06,19,5,0.2632,0.1181,0.0615,0.087,False,False,0,False,False
Mega Kangaskhan ex,Mega Lopunny ex,2026-08-07,21,6,0.2857,0.1381,0.0642,0.0904,False,False,0,False,False
Mega Kangaskhan ex,Mega Lopunny ex,2026-08-08,24,7,0.2917,0.1491,0.0731,0.0926,False,False,0,False,False
Mega Kangaskhan ex,Mega Lopunny ex,2026-08-09,26,8,0.3077,0.165,0.0795,0.0971,False,False,0,False,False
Mega Kangaskhan ex,Mega Lopunny ex,2026-08-10,28,8,0.2857,0.1525,0.0875,0.0984,False,False,0,False,False
Mega Kangaskhan ex,Team Rocket's Mewtwo ex,2026-06-16,0,0,0.0,0.0,,,False,False,0,False,False
Mega Kangaskhan ex,Team Rocket's Mewtwo ex,2026-06-17,0,0,0.0,0.0,0.0,0.0455,False,False,0,False,False
Mega Kangaskhan ex,Team Rocket's Mewtwo ex,2026-06-18,0,0,0.0,0.0,0.0,0.0114,False,False,0,False,False
Mega Kangaskhan ex,Team Rocket's Mewtwo ex,2026-06-19,0,0,0.0,0.0,0.0,0.0152,False,False,0,False,False
Mega Kangaskhan ex,Team Rocket's Mewtwo ex,2026-06-20,0,0,0.0,0.0,0.0,0.0116,False,False,0,False,False
Mega Kangaskhan ex,Team Rocket's Mewtwo ex,2026-06-21,0,0,0.0,0.0,0.0043,0.0087,False,False,0,False,False
Mega Kangaskhan ex,Team Rocket's Mewtwo ex,2026-06-22,0,0,0.0,0.0,0.0072,0.0072,False,False,0,False,False
Mega Kangaskhan ex,Team Rocket's Mewtwo ex,2026-06-23,0,0,0.0,0.0,0.0089,0.006,False,False,0,False,False
Mega Kangaskhan ex,Team Rocket's Mewtwo ex,2026-06-24,0,0,0.0,0.0,0.0078,0.0052,False,False,0,False,False
Mega Kangaskhan ex,Team Rocket's Mewtwo ex,2026-06-25,0,0,0.0,0.0,0.0069,0.0069,False,False,0,False,False
Mega Kangaskhan ex,Team Rocket's Mewtwo ex,2026-06-26,0,0,0.0,0.0,0.0065,0.0086,False,False,0,False,False
Mega Kangaskhan ex,Team Rocket's Mewtwo ex,2026-06-27,0,0,0.0,0.0,0.0096,0.0077,False,False,0,False,False
Mega Kangaskhan ex,Team Rocket's Mewtwo ex,2026-06-28,0,0,0.0,0.0,0.0088,0.007,False,False,0,False,False
Mega Kangaskhan ex,Team Rocket's Mewtwo ex,2026-06-29,0,0,0.0,0.0,0.0095,0.0063,False,False,0,False,False
Mega Kangaskhan ex,Team Rocket's Mewtwo ex,2026-06-30,0,0,0.0,0.0,0.0089,0.006,False,False,0,False,False
Mega Kangaskhan ex,Team Rocket's Mewtwo ex,2026-07-01,0,0,0.0,0.0,0.0085,0.0043,False,False,0,False,False
Mega Kangaskhan ex,Team Rocket's Mewtwo ex,2026-07-02,0,0,0.0,0.0,0.009,0.0075,False,False,0,False,False
Mega Kangaskhan ex,Team Rocket's Mewtwo ex,2026-07-03,0,0,0.0,0.0,0.0087,0.0058,False,False,0,False,False
Mega Kangaskhan ex,Team Rocket's Mewtwo ex,2026-07-04,0,0,0.0,0.0,0.0088,0.0074,False,False,0,False,False
Mega Kangaskhan ex,Team Rocket's Mewtwo ex,2026-07-05,0,0,0.0,0.0,0.0103,0.0147,False,False,0,False,False
Mega Kangaskhan ex,Team Rocket's Mewtwo ex,2026-07-06,1,1,1.0,0.2065,0.0104,0.0208,False,False,0,False,False
Mega Kangaskhan ex,Team Rocket's Mewtwo ex,2026-07-07,1,1,1.0,0.2065,0.0091,0.0287,False,False,0,False,False
Mega Kangaskhan ex,Team Rocket's Mewtwo ex,2026-07-08,2,1,0.5,0.0945,0.0116,0.0491,False,False,0,False,False
Mega Kangaskhan ex,Team Rocket's Mewtwo ex,2026-07-09,2,1,0.5,0.0945,0.0104,0.0624,False,False,0,False,False
Mega Kangaskhan ex,Team Rocket's Mewtwo ex,2026-07-10,2,1,0.5,0.0945,0.0111,0.0759,False,False,0,False,False
Mega Kangaskhan ex,Team Rocket's Mewtwo ex,2026-07-11,2,1,0.5,0.0945,0.0112,0.0899,False,False,0,False,False
Mega Kangaskhan ex,Team Rocket's Mewtwo ex,2026-07-12,2,1,0.5,0.0945,0.0128,0.1087,False,False,0,False,False
Mega Kangaskhan ex,Team Rocket's Mewtwo ex,2026-07-13,3,1,0.3333,0.0615,0.0153,0.1252,False,False,0,False,False
Mega Kangaskhan ex,Team Rocket's Mewtwo ex,2026-07-14,3,1,0.3333,0.0615,0.0173,0.1366,False,False,0,False,False
Mega Kangaskhan ex,Team Rocket's Mewtwo ex,2026-07-15,4,1,0.25,0.0456,0.0175,0.1466,False,False,0,False,False
Mega Kangaskhan ex,Team Rocket's Mewtwo ex,2026-07-16,8,2,0.25,0.0715,0.0306,0.1515,False,False,0,False,False
Mega Kangaskhan ex,Team Rocket's Mewtwo ex,2026-07-17,10,2,0.2,0.0567,0.0368,0.1604,False,False,0,False,False
Mega Kangaskhan ex,Team Rocket's Mewtwo ex,2026-07-18,11,2,0.1818,0.0514,0.0404,0.1563,False,False,0,False,False
Mega Kangaskhan ex,Team Rocket's Mewtwo ex,2026-07-19,12,3,0.25,0.0889,0.0455,0.1607,False,False,0,False,False
Mega Kangaskhan ex,Team Rocket's Mewtwo ex,2026-07-20,12,3,0.25,0.0889,0.0522,0.1528,False,False,0,False,False
Mega Kangaskhan ex,Team Rocket's Mewtwo ex,2026-07-21,14,5,0.3571,0.1634,0.0597,0.1494,False,False,0,False,False
Mega Kangaskhan ex,Team Rocket's Mewtwo ex,2026-07-22,17,5,0.2941,0.1328,0.0727,0.1459,False,False,0,False,False
Mega Kangaskhan ex,Team Rocket's Mewtwo ex,2026-07-23,19,5,0.2632,0.1181,0.0841,0.1428,False,False,0,False,False
Mega Kangaskhan ex,Team Rocket's Mewtwo ex,2026-07-24,20,6,0.3,0.1455,0.0885,0.134,False,False,0,False,False
Mega Kangaskhan ex,Team Rocket's Mewtwo ex,2026-07-25,21,7,0.3333,0.1719,0.0908,0.1276,False,False,0,False,False
Mega Kangaskhan ex,Team Rocket's Mewtwo ex,2026-07-26,22,7,0.3182,0.1636,0.1005,0.115,False,False,0,False,False
Mega Kangaskhan ex,Team Rocket's Mewtwo ex,2026-07-27,24,8,0.3333,0.1797,0.1029,0.1042,False,False,0,False,False
Mega Kangaskhan ex,Team Rocket's Mewtwo ex,2026-07-28,24,8,0.3333,0.1797,0.104,0.0988,False,False,0,False,False
Mega Kangaskhan ex,Team Rocket's Mewtwo ex,2026-07-29,25,9,0.36,0.2025,0.1075,0.0948,False,False,0,False,False
Mega Kangaskhan ex,Team Rocket's Mewtwo ex,2026-07-30,28,11,0.3929,0.2357,0.1027,0.0943,False,False,0,False,False
Mega Kangaskhan ex,Team Rocket's Mewtwo ex,2026-07-31,31,13,0.4194,0.2642,0.1004,0.0887,False,False,0,False,False
Mega Kangaskhan ex,Team Rocket's Mewtwo ex,2026-08-01,33,13,0.3939,0.2468,0.098,0.09,False,False,0,False,False
Mega Kangaskhan ex,Team Rocket's Mewtwo ex,2026-08-02,34,14,0.4118,0.2637,0.0922,0.086,False,False,0,False,False
Mega Kangaskhan ex,Team Rocket's Mewtwo ex,2026-08-03,34,14,0.4118,0.2637,0.0856,0.0864,False,False,0,False,False
Mega Kangaskhan ex,Team Rocket's Mewtwo ex,2026-08-04,34,14,0.4118,0.2637,0.0765,0.087,False,False,0,False,False
Mega Kangaskhan ex,Team Rocket's Mewtwo ex,2026-08-05,34,14,0.4118,0.2637,0.0653,0.0855,False,False,0,False,False
Mega Kangaskhan ex,Team Rocket's Mewtwo ex,2026-08-06,34,14,0.4118,0.2637,0.0566,0.087,False,False,0,False,False
Mega Kangaskhan ex,Team Rocket's Mewtwo ex,2026-08-07,34,14,0.4118,0.2637,0.0534,0.0904,False,False,0,False,False
Mega Kangaskhan ex,Team Rocket's Mewtwo ex,2026-08-08,34,14,0.4118,0.2637,0.0487,0.0926,False,False,0,False,False
Mega Kangaskhan ex,Team Rocket's Mewtwo ex,2026-08-09,34,14,0.4118,0.2637,0.039,0.0971,False,False,0,False,False
Mega Kangaskhan ex,Team Rocket's Mewtwo ex,2026-08-10,34,14,0.4118,0.2637,0.0336,0.0984,False,False,0,False,False
Mega Lopunny ex,Fezandipiti ex,2026-06-16,0,0,0.0,0.0,,,False,False,0,False,False
Mega Lopunny ex,Fezandipiti ex,2026-06-17,0,0,0.0,0.0,0.0455,0.0,False,False,0,False,False
Mega Lopunny ex,Fezandipiti ex,2026-06-18,0,0,0.0,0.0,0.0682,0.0,False,False,0,False,False
Mega Lopunny ex,Fezandipiti ex,2026-06-19,0,0,0.0,0.0,0.0758,0.0,False,False,0,False,False
Mega Lopunny ex,Fezandipiti ex,2026-06-20,0,0,0.0,0.0,0.0698,0.0,False,False,0,False,False
Mega Lopunny ex,Fezandipiti ex,2026-06-21,0,0,0.0,0.0,0.0652,0.0,False,False,0,False,False
Mega Lopunny ex,Fezandipiti ex,2026-06-22,0,0,0.0,0.0,0.0647,0.0,False,False,0,False,False
Mega Lopunny ex,Fezandipiti ex,2026-06-23,0,0,0.0,0.0,0.0774,0.0,False,False,0,False,False
Mega Lopunny ex,Fezandipiti ex,2026-06-24,0,0,0.0,0.0,0.0807,0.0,False,False,0,False,False
Mega Lopunny ex,Fezandipiti ex,2026-06-25,0,0,0.0,0.0,0.0787,0.0,False,False,0,False,False
Mega Lopunny ex,Fezandipiti ex,2026-06-26,0,0,0.0,0.0,0.0754,0.0022,False,False,0,False,False
Mega Lopunny ex,Fezandipiti ex,2026-06-27,0,0,0.0,0.0,0.0712,0.0019,False,False,0,False,False
Mega Lopunny ex,Fezandipiti ex,2026-06-28,0,0,0.0,0.0,0.0739,0.0018,False,False,0,False,False
Mega Lopunny ex,Fezandipiti ex,2026-06-29,0,0,0.0,0.0,0.0714,0.0016,False,False,0,False,False
Mega Lopunny ex,Fezandipiti ex,2026-06-30,0,0,0.0,0.0,0.0729,0.0015,False,False,0,False,False
Mega Lopunny ex,Fezandipiti ex,2026-07-01,0,0,0.0,0.0,0.081,0.0014,False,False,0,False,False
Mega Lopunny ex,Fezandipiti ex,2026-07-02,0,0,0.0,0.0,0.0841,0.0015,False,False,0,False,False
Mega Lopunny ex,Fezandipiti ex,2026-07-03,0,0,0.0,0.0,0.0826,0.0014,False,False,0,False,False
Mega Lopunny ex,Fezandipiti ex,2026-07-04,0,0,0.0,0.0,0.0868,0.0015,False,False,0,False,False
Mega Lopunny ex,Fezandipiti ex,2026-07-05,0,0,0.0,0.0,0.0855,0.0015,False,False,0,False,False
Mega Lopunny ex,Fezandipiti ex,2026-07-06,0,0,0.0,0.0,0.0875,0.003,False,False,0,False,False
Mega Lopunny ex,Fezandipiti ex,2026-07-07,0,0,0.0,0.0,0.0831,0.003,False,False,0,False,False
Mega Lopunny ex,Fezandipiti ex,2026-07-08,1,0,0.0,0.0,0.084,0.0052,False,False,0,False,False
Mega Lopunny ex,Fezandipiti ex,2026-07-09,1,0,0.0,0.0,0.0878,0.0069,False,False,0,False,False
Mega Lopunny ex,Fezandipiti ex,2026-07-10,1,0,0.0,0.0,0.1144,0.0051,False,False,0,False,False
Mega Lopunny ex,Fezandipiti ex,2026-07-11,1,0,0.0,0.0,0.1423,0.0056,False,False,0,False,False
Mega Lopunny ex,Fezandipiti ex,2026-07-12,1,0,0.0,0.0,0.161,0.0051,False,False,0,False,False
Mega Lopunny ex,Fezandipiti ex,2026-07-13,1,0,0.0,0.0,0.1809,0.0081,False,False,0,False,False
Mega Lopunny ex,Fezandipiti ex,2026-07-14,2,0,0.0,0.0,0.2065,0.009,False,False,0,False,False
Mega Lopunny ex,Fezandipiti ex,2026-07-15,3,1,0.3333,0.0615,0.2325,0.0091,False,False,0,False,False
Mega Lopunny ex,Fezandipiti ex,2026-07-16,3,1,0.3333,0.0615,0.2471,0.0085,False,False,0,False,False
Mega Lopunny ex,Fezandipiti ex,2026-07-17,3,1,0.3333,0.0615,0.2584,0.0081,False,False,0,False,False
Mega Lopunny ex,Fezandipiti ex,2026-07-18,3,1,0.3333,0.0615,0.2763,0.0076,False,False,0,False,False
Mega Lopunny ex,Fezandipiti ex,2026-07-19,3,1,0.3333,0.0615,0.286,0.0073,False,False,0,False,False
Mega Lopunny ex,Fezandipiti ex,2026-07-20,3,1,0.3333,0.0615,0.2966,0.0068,False,False,0,False,False
Mega Lopunny ex,Fezandipiti ex,2026-07-21,4,1,0.25,0.0456,0.3024,0.007,False,False,0,False,False
Mega Lopunny ex,Fezandipiti ex,2026-07-22,4,1,0.25,0.0456,0.3175,0.0059,False,False,0,False,False
Mega Lopunny ex,Fezandipiti ex,2026-07-23,6,1,0.1667,0.0301,0.324,0.0077,False,False,0,False,False
Mega Lopunny ex,Fezandipiti ex,2026-07-24,8,1,0.125,0.0224,0.3267,0.0114,False,False,0,False,False
Mega Lopunny ex,Fezandipiti ex,2026-07-25,8,1,0.125,0.0224,0.3138,0.0111,False,False,0,False,False
Mega Lopunny ex,Fezandipiti ex,2026-07-26,8,1,0.125,0.0224,0.3021,0.0113,False,False,0,False,False
Mega Lopunny ex,Fezandipiti ex,2026-07-27,9,2,0.2222,0.0632,0.2942,0.011,False,False,0,False,False
Mega Lopunny ex,Fezandipiti ex,2026-07-28,9,2,0.2222,0.0632,0.2736,0.0112,False,False,0,False,False
Mega Lopunny ex,Fezandipiti ex,2026-07-29,9,2,0.2222,0.0632,0.2481,0.0114,False,False,0,False,False
Mega Lopunny ex,Fezandipiti ex,2026-07-30,9,2,0.2222,0.0632,0.2273,0.0116,False,False,0,False,False
Mega Lopunny ex,Fezandipiti ex,2026-07-31,10,2,0.2,0.0567,0.2138,0.0121,False,False,0,False,False
Mega Lopunny ex,Fezandipiti ex,2026-08-01,10,2,0.2,0.0567,0.1928,0.0155,False,False,0,False,False
Mega Lopunny ex,Fezandipiti ex,2026-08-02,11,3,0.2727,0.0975,0.1793,0.0229,False,False,0,False,False
Mega Lopunny ex,Fezandipiti ex,2026-08-03,16,7,0.4375,0.231,0.1601,0.0319,False,False,0,False,False
Mega Lopunny ex,Fezandipiti ex,2026-08-04,20,8,0.4,0.2188,0.1484,0.0439,False,False,0,False,False
Mega Lopunny ex,Fezandipiti ex,2026-08-05,22,10,0.4545,0.2692,0.141,0.0555,False,False,0,False,False
Mega Lopunny ex,Fezandipiti ex,2026-08-06,26,11,0.4231,0.2554,0.1403,0.0615,False,False,0,False,False
Mega Lopunny ex,Fezandipiti ex,2026-08-07,29,14,0.4828,0.3139,0.1355,0.0642,False,False,0,False,False
Mega Lopunny ex,Fezandipiti ex,2026-08-08,35,18,0.5143,0.3557,0.1379,0.0731,False,False,0,False,False
Mega Lopunny ex,Fezandipiti ex,2026-08-09,36,19,0.5278,0.3701,0.1432,0.0795,False,False,0,False,False
Mega Lopunny ex,Fezandipiti ex,2026-08-10,42,21,0.5,0.3553,0.1425,0.0875,False,False,0,False,False
Mega Lopunny ex,Marnie's Grimmsnarl ex,2026-06-16,0,0,0.0,0.0,,,False,False,0,False,False
Mega Lopunny ex,Marnie's Grimmsnarl ex,2026-06-17,0,0,0.0,0.0,0.0,0.0,False,False,0,False,False
Mega Lopunny ex,Marnie's Grimmsnarl ex,2026-06-18,0,0,0.0,0.0,0.0,0.0,False,False,0,False,False
Mega Lopunny ex,Marnie's Grimmsnarl ex,2026-06-19,0,0,0.0,0.0,0.0,0.0,False,False,0,False,False
Mega Lopunny ex,Marnie's Grimmsnarl ex,2026-06-20,0,0,0.0,0.0,0.0,0.0,False,False,0,False,False
Mega Lopunny ex,Marnie's Grimmsnarl ex,2026-06-21,0,0,0.0,0.0,0.0,0.0,False,False,0,False,False
Mega Lopunny ex,Marnie's Grimmsnarl ex,2026-06-22,0,0,0.0,0.0,0.0,0.0,False,False,0,False,False
Mega Lopunny ex,Marnie's Grimmsnarl ex,2026-06-23,0,0,0.0,0.0,0.0,0.0,False,False,0,False,False
Mega Lopunny ex,Marnie's Grimmsnarl ex,2026-06-24,0,0,0.0,0.0,0.0,0.0,False,False,0,False,False
Mega Lopunny ex,Marnie's Grimmsnarl ex,2026-06-25,0,0,0.0,0.0,0.0,0.0,False,False,0,False,False
Mega Lopunny ex,Marnie's Grimmsnarl ex,2026-06-26,0,0,0.0,0.0,0.0,0.0022,False,False,0,False,False
Mega Lopunny ex,Marnie's Grimmsnarl ex,2026-06-27,0,0,0.0,0.0,0.0,0.0019,False,False,0,False,False
Mega Lopunny ex,Marnie's Grimmsnarl ex,2026-06-28,0,0,0.0,0.0,0.0,0.0018,False,False,0,False,False
Mega Lopunny ex,Marnie's Grimmsnarl ex,2026-06-29,0,0,0.0,0.0,0.0,0.0016,False,False,0,False,False
Mega Lopunny ex,Marnie's Grimmsnarl ex,2026-06-30,0,0,0.0,0.0,0.0,0.0015,False,False,0,False,False
Mega Lopunny ex,Marnie's Grimmsnarl ex,2026-07-01,0,0,0.0,0.0,0.0043,0.0014,False,False,0,False,False
Mega Lopunny ex,Marnie's Grimmsnarl ex,2026-07-02,0,0,0.0,0.0,0.0135,0.0015,False,False,0,False,False
Mega Lopunny ex,Marnie's Grimmsnarl ex,2026-07-03,0,0,0.0,0.0,0.042,0.0014,False,False,0,False,False
Mega Lopunny ex,Marnie's Grimmsnarl ex,2026-07-04,0,0,0.0,0.0,0.05,0.0015,False,False,0,False,False
Mega Lopunny ex,Marnie's Grimmsnarl ex,2026-07-05,0,0,0.0,0.0,0.0826,0.0015,False,False,0,False,False
Mega Lopunny ex,Marnie's Grimmsnarl ex,2026-07-06,0,0,0.0,0.0,0.1024,0.003,False,False,0,False,False
Mega Lopunny ex,Marnie's Grimmsnarl ex,2026-07-07,0,0,0.0,0.0,0.1284,0.003,False,False,0,False,False
Mega Lopunny ex,Marnie's Grimmsnarl ex,2026-07-08,0,0,0.0,0.0,0.146,0.0052,False,False,0,False,False
Mega Lopunny ex,Marnie's Grimmsnarl ex,2026-07-09,0,0,0.0,0.0,0.1686,0.0069,False,False,0,False,False
Mega Lopunny ex,Marnie's Grimmsnarl ex,2026-07-10,0,0,0.0,0.0,0.168,0.0051,False,False,0,False,False
Mega Lopunny ex,Marnie's Grimmsnarl ex,2026-07-11,1,0,0.0,0.0,0.1798,0.0056,False,False,0,False,False
Mega Lopunny ex,Marnie's Grimmsnarl ex,2026-07-12,1,0,0.0,0.0,0.1781,0.0051,False,False,0,False,False
Mega Lopunny ex,Marnie's Grimmsnarl ex,2026-07-13,2,0,0.0,0.0,0.1809,0.0081,False,False,0,False,False
Mega Lopunny ex,Marnie's Grimmsnarl ex,2026-07-14,3,0,0.0,0.0,0.1847,0.009,False,False,0,False,False
Mega Lopunny ex,Marnie's Grimmsnarl ex,2026-07-15,3,0,0.0,0.0,0.1844,0.0091,False,False,0,False,False
Mega Lopunny ex,Marnie's Grimmsnarl ex,2026-07-16,3,0,0.0,0.0,0.1827,0.0085,False,False,0,False,False
Mega Lopunny ex,Marnie's Grimmsnarl ex,2026-07-17,3,0,0.0,0.0,0.1742,0.0081,False,False,0,False,False
Mega Lopunny ex,Marnie's Grimmsnarl ex,2026-07-18,3,0,0.0,0.0,0.1745,0.0076,False,False,0,False,False
Mega Lopunny ex,Marnie's Grimmsnarl ex,2026-07-19,3,0,0.0,0.0,0.1742,0.0073,False,False,0,False,False
Mega Lopunny ex,Marnie's Grimmsnarl ex,2026-07-20,3,0,0.0,0.0,0.1812,0.0068,False,False,0,False,False
Mega Lopunny ex,Marnie's Grimmsnarl ex,2026-07-21,3,0,0.0,0.0,0.1861,0.007,False,False,0,False,False
Mega Lopunny ex,Marnie's Grimmsnarl ex,2026-07-22,3,0,0.0,0.0,0.1978,0.0059,False,False,0,False,False
Mega Lopunny ex,Marnie's Grimmsnarl ex,2026-07-23,5,1,0.2,0.0362,0.2111,0.0077,False,False,0,False,False
Mega Lopunny ex,Marnie's Grimmsnarl ex,2026-07-24,6,1,0.1667,0.0301,0.2296,0.0114,False,False,0,False,False
Mega Lopunny ex,Marnie's Grimmsnarl ex,2026-07-25,7,2,0.2857,0.0822,0.2618,0.0111,False,False,0,False,False
Mega Lopunny ex,Marnie's Grimmsnarl ex,2026-07-26,8,3,0.375,0.1368,0.2944,0.0113,False,False,0,False,False
Mega Lopunny ex,Marnie's Grimmsnarl ex,2026-07-27,11,3,0.2727,0.0975,0.3219,0.011,False,False,0,False,False
Mega Lopunny ex,Marnie's Grimmsnarl ex,2026-07-28,13,4,0.3077,0.1268,0.3552,0.0112,False,False,0,False,False
Mega Lopunny ex,Marnie's Grimmsnarl ex,2026-07-29,15,5,0.3333,0.1518,0.3946,0.0114,False,False,0,False,False
Mega Lopunny ex,Marnie's Grimmsnarl ex,2026-07-30,16,6,0.375,0.1848,0.4268,0.0116,False,False,0,False,False
Mega Lopunny ex,Marnie's Grimmsnarl ex,2026-07-31,16,6,0.375,0.1848,0.4615,0.0121,False,False,0,False,False
Mega Lopunny ex,Marnie's Grimmsnarl ex,2026-08-01,20,7,0.35,0.1812,0.4873,0.0155,False,False,0,False,False
Mega Lopunny ex,Marnie's Grimmsnarl ex,2026-08-02,29,13,0.4483,0.2841,0.4985,0.0229,False,False,0,False,False
Mega Lopunny ex,Marnie's Grimmsnarl ex,2026-08-03,39,19,0.4872,0.3386,0.5084,0.0319,False,False,0,False,False
Mega Lopunny ex,Marnie's Grimmsnarl ex,2026-08-04,50,26,0.52,0.3851,0.5052,0.0439,False,False,0,False,False
Mega Lopunny ex,Marnie's Grimmsnarl ex,2026-08-05,62,34,0.5484,0.4253,0.5071,0.0555,False,False,0,False,False
Mega Lopunny ex,Marnie's Grimmsnarl ex,2026-08-06,68,38,0.5588,0.4408,0.5026,0.0615,False,False,0,False,False
Mega Lopunny ex,Marnie's Grimmsnarl ex,2026-08-07,74,41,0.5541,0.4409,0.5019,0.0642,False,False,0,False,False
Mega Lopunny ex,Marnie's Grimmsnarl ex,2026-08-08,80,45,0.5625,0.4534,0.485,0.0731,False,False,0,False,False
Mega Lopunny ex,Marnie's Grimmsnarl ex,2026-08-09,87,51,0.5862,0.4812,0.4726,0.0795,False,False,0,False,False
Mega Lopunny ex,Marnie's Grimmsnarl ex,2026-08-10,93,53,0.5699,0.4685,0.4566,0.0875,False,False,0,False,False
Mega Lopunny ex,Mega Kangaskhan ex,2026-06-16,0,0,0.0,0.0,,,False,False,0,False,False
Mega Lopunny ex,Mega Kangaskhan ex,2026-06-17,0,0,0.0,0.0,0.0455,0.0,False,False,0,False,False
Mega Lopunny ex,Mega Kangaskhan ex,2026-06-18,0,0,0.0,0.0,0.0114,0.0,False,False,0,False,False
Mega Lopunny ex,Mega Kangaskhan ex,2026-06-19,0,0,0.0,0.0,0.0152,0.0,False,False,0,False,False
Mega Lopunny ex,Mega Kangaskhan ex,2026-06-20,0,0,0.0,0.0,0.0116,0.0,False,False,0,False,False
Mega Lopunny ex,Mega Kangaskhan ex,2026-06-21,0,0,0.0,0.0,0.0087,0.0,False,False,0,False,False
Mega Lopunny ex,Mega Kangaskhan ex,2026-06-22,0,0,0.0,0.0,0.0072,0.0,False,False,0,False,False
Mega Lopunny ex,Mega Kangaskhan ex,2026-06-23,0,0,0.0,0.0,0.006,0.0,False,False,0,False,False
Mega Lopunny ex,Mega Kangaskhan ex,2026-06-24,0,0,0.0,0.0,0.0052,0.0,False,False,0,False,False
Mega Lopunny ex,Mega Kangaskhan ex,2026-06-25,0,0,0.0,0.0,0.0069,0.0,False,False,0,False,False
Mega Lopunny ex,Mega Kangaskhan ex,2026-06-26,0,0,0.0,0.0,0.0086,0.0022,False,False,0,False,False
Mega Lopunny ex,Mega Kangaskhan ex,2026-06-27,0,0,0.0,0.0,0.0077,0.0019,False,False,0,False,False
Mega Lopunny ex,Mega Kangaskhan ex,2026-06-28,0,0,0.0,0.0,0.007,0.0018,False,False,0,False,False
Mega Lopunny ex,Mega Kangaskhan ex,2026-06-29,0,0,0.0,0.0,0.0063,0.0016,False,False,0,False,False
Mega Lopunny ex,Mega Kangaskhan ex,2026-06-30,0,0,0.0,0.0,0.006,0.0015,False,False,0,False,False
Mega Lopunny ex,Mega Kangaskhan ex,2026-07-01,0,0,0.0,0.0,0.0043,0.0014,False,False,0,False,False
Mega Lopunny ex,Mega Kangaskhan ex,2026-07-02,0,0,0.0,0.0,0.0075,0.0015,False,False,0,False,False
Mega Lopunny ex,Mega Kangaskhan ex,2026-07-03,0,0,0.0,0.0,0.0058,0.0014,False,False,0,False,False
Mega Lopunny ex,Mega Kangaskhan ex,2026-07-04,0,0,0.0,0.0,0.0074,0.0015,False,False,0,False,False
Mega Lopunny ex,Mega Kangaskhan ex,2026-07-05,0,0,0.0,0.0,0.0147,0.0015,False,False,0,False,False
Mega Lopunny ex,Mega Kangaskhan ex,2026-07-06,0,0,0.0,0.0,0.0208,0.003,False,False,0,False,False
Mega Lopunny ex,Mega Kangaskhan ex,2026-07-07,0,0,0.0,0.0,0.0287,0.003,False,False,0,False,False
Mega Lopunny ex,Mega Kangaskhan ex,2026-07-08,0,0,0.0,0.0,0.0491,0.0052,False,False,0,False,False
Mega Lopunny ex,Mega Kangaskhan ex,2026-07-09,0,0,0.0,0.0,0.0624,0.0069,False,False,0,False,False
Mega Lopunny ex,Mega Kangaskhan ex,2026-07-10,0,0,0.0,0.0,0.0759,0.0051,False,False,0,False,False
Mega Lopunny ex,Mega Kangaskhan ex,2026-07-11,0,0,0.0,0.0,0.0899,0.0056,False,False,0,False,False
Mega Lopunny ex,Mega Kangaskhan ex,2026-07-12,0,0,0.0,0.0,0.1087,0.0051,False,False,0,False,False
Mega Lopunny ex,Mega Kangaskhan ex,2026-07-13,0,0,0.0,0.0,0.1252,0.0081,False,False,0,False,False
Mega Lopunny ex,Mega Kangaskhan ex,2026-07-14,0,0,0.0,0.0,0.1366,0.009,False,False,0,False,False
Mega Lopunny ex,Mega Kangaskhan ex,2026-07-15,0,0,0.0,0.0,0.1466,0.0091,False,False,0,False,False
Mega Lopunny ex,Mega Kangaskhan ex,2026-07-16,0,0,0.0,0.0,0.1515,0.0085,False,False,0,False,False
Mega Lopunny ex,Mega Kangaskhan ex,2026-07-17,0,0,0.0,0.0,0.1604,0.0081,False,False,0,False,False
Mega Lopunny ex,Mega Kangaskhan ex,2026-07-18,0,0,0.0,0.0,0.1563,0.0076,False,False,0,False,False
Mega Lopunny ex,Mega Kangaskhan ex,2026-07-19,0,0,0.0,0.0,0.1607,0.0073,False,False,0,False,False
Mega Lopunny ex,Mega Kangaskhan ex,2026-07-20,1,0,0.0,0.0,0.1528,0.0068,False,False,0,False,False
Mega Lopunny ex,Mega Kangaskhan ex,2026-07-21,1,0,0.0,0.0,0.1494,0.007,False,False,0,False,False
Mega Lopunny ex,Mega Kangaskhan ex,2026-07-22,1,0,0.0,0.0,0.1459,0.0059,False,False,0,False,False
Mega Lopunny ex,Mega Kangaskhan ex,2026-07-23,1,0,0.0,0.0,0.1428,0.0077,False,False,0,False,False
Mega Lopunny ex,Mega Kangaskhan ex,2026-07-24,1,0,0.0,0.0,0.134,0.0114,False,False,0,False,False
Mega Lopunny ex,Mega Kangaskhan ex,2026-07-25,1,0,0.0,0.0,0.1276,0.0111,False,False,0,False,False
Mega Lopunny ex,Mega Kangaskhan ex,2026-07-26,1,0,0.0,0.0,0.115,0.0113,False,False,0,False,False
Mega Lopunny ex,Mega Kangaskhan ex,2026-07-27,1,0,0.0,0.0,0.1042,0.011,False,False,0,False,False
Mega Lopunny ex,Mega Kangaskhan ex,2026-07-28,1,0,0.0,0.0,0.0988,0.0112,False,False,0,False,False
Mega Lopunny ex,Mega Kangaskhan ex,2026-07-29,1,0,0.0,0.0,0.0948,0.0114,False,False,0,False,False
Mega Lopunny ex,Mega Kangaskhan ex,2026-07-30,1,0,0.0,0.0,0.0943,0.0116,False,False,0,False,False
Mega Lopunny ex,Mega Kangaskhan ex,2026-07-31,2,0,0.0,0.0,0.0887,0.0121,False,False,0,False,False
Mega Lopunny ex,Mega Kangaskhan ex,2026-08-01,3,0,0.0,0.0,0.09,0.0155,False,False,0,False,False
Mega Lopunny ex,Mega Kangaskhan ex,2026-08-02,6,3,0.5,0.1876,0.086,0.0229,False,False,0,False,False
Mega Lopunny ex,Mega Kangaskhan ex,2026-08-03,7,4,0.5714,0.2505,0.0864,0.0319,False,False,0,False,False
Mega Lopunny ex,Mega Kangaskhan ex,2026-08-04,11,8,0.7273,0.4343,0.087,0.0439,False,False,0,False,False
Mega Lopunny ex,Mega Kangaskhan ex,2026-08-05,16,12,0.75,0.505,0.0855,0.0555,False,False,0,False,False
Mega Lopunny ex,Mega Kangaskhan ex,2026-08-06,19,14,0.7368,0.5121,0.087,0.0615,False,False,0,False,False
Mega Lopunny ex,Mega Kangaskhan ex,2026-08-07,21,15,0.7143,0.5004,0.0904,0.0642,False,False,0,False,False
Mega Lopunny ex,Mega Kangaskhan ex,2026-08-08,24,17,0.7083,0.5083,0.0926,0.0731,False,False,0,False,False
Mega Lopunny ex,Mega Kangaskhan ex,2026-08-09,26,18,0.6923,0.5001,0.0971,0.0795,False,False,0,False,False
Mega Lopunny ex,Mega Kangaskhan ex,2026-08-10,28,20,0.7143,0.5294,0.0984,0.0875,False,False,0,False,False
Mega Lopunny ex,Teal Mask Ogerpon ex,2026-06-16,0,0,0.0,0.0,,,False,False,0,False,False
Mega Lopunny ex,Teal Mask Ogerpon ex,2026-06-17,0,0,0.0,0.0,0.0,0.0,False,False,0,False,False
Mega Lopunny ex,Teal Mask Ogerpon ex,2026-06-18,0,0,0.0,0.0,0.0114,0.0,False,False,0,False,False
Mega Lopunny ex,Teal Mask Ogerpon ex,2026-06-19,0,0,0.0,0.0,0.0152,0.0,False,False,0,False,False
Mega Lopunny ex,Teal Mask Ogerpon ex,2026-06-20,0,0,0.0,0.0,0.0116,0.0,False,False,0,False,False
Mega Lopunny ex,Teal Mask Ogerpon ex,2026-06-21,0,0,0.0,0.0,0.0087,0.0,False,False,0,False,False
Mega Lopunny ex,Teal Mask Ogerpon ex,2026-06-22,0,0,0.0,0.0,0.0072,0.0,False,False,0,False,False
Mega Lopunny ex,Teal Mask Ogerpon ex,2026-06-23,0,0,0.0,0.0,0.006,0.0,False,False,0,False,False
Mega Lopunny ex,Teal Mask Ogerpon ex,2026-06-24,0,0,0.0,0.0,0.0052,0.0,False,False,0,False,False
Mega Lopunny ex,Teal Mask Ogerpon ex,2026-06-25,0,0,0.0,0.0,0.0046,0.0,False,False,0,False,False
Mega Lopunny ex,Teal Mask Ogerpon ex,2026-06-26,0,0,0.0,0.0,0.0043,0.0022,False,False,0,False,False
Mega Lopunny ex,Teal Mask Ogerpon ex,2026-06-27,0,0,0.0,0.0,0.0038,0.0019,False,False,0,False,False
Mega Lopunny ex,Teal Mask Ogerpon ex,2026-06-28,0,0,0.0,0.0,0.0035,0.0018,False,False,0,False,False
Mega Lopunny ex,Teal Mask Ogerpon ex,2026-06-29,0,0,0.0,0.0,0.0032,0.0016,False,False,0,False,False
Mega Lopunny ex,Teal Mask Ogerpon ex,2026-06-30,0,0,0.0,0.0,0.003,0.0015,False,False,0,False,False
Mega Lopunny ex,Teal Mask Ogerpon ex,2026-07-01,0,0,0.0,0.0,0.0028,0.0014,False,False,0,False,False
Mega Lopunny ex,Teal Mask Ogerpon ex,2026-07-02,0,0,0.0,0.0,0.0015,0.0015,False,False,0,False,False
Mega Lopunny ex,Teal Mask Ogerpon ex,2026-07-03,0,0,0.0,0.0,0.0,0.0014,False,False,0,False,False
Mega Lopunny ex,Teal Mask Ogerpon ex,2026-07-04,0,0,0.0,0.0,0.0,0.0015,False,False,0,False,False
Mega Lopunny ex,Teal Mask Ogerpon ex,2026-07-05,0,0,0.0,0.0,0.0,0.0015,False,False,0,False,False
Mega Lopunny ex,Teal Mask Ogerpon ex,2026-07-06,0,0,0.0,0.0,0.0,0.003,False,False,0,False,False
Mega Lopunny ex,Teal Mask Ogerpon ex,2026-07-07,0,0,0.0,0.0,0.0015,0.003,False,False,0,False,False
Mega Lopunny ex,Teal Mask Ogerpon ex,2026-07-08,0,0,0.0,0.0,0.0039,0.0052,False,False,0,False,False
Mega Lopunny ex,Teal Mask Ogerpon ex,2026-07-09,0,0,0.0,0.0,0.0058,0.0069,False,False,0,False,False
Mega Lopunny ex,Teal Mask Ogerpon ex,2026-07-10,0,0,0.0,0.0,0.0051,0.0051,False,False,0,False,False
Mega Lopunny ex,Teal Mask Ogerpon ex,2026-07-11,0,0,0.0,0.0,0.0047,0.0056,False,False,0,False,False
Mega Lopunny ex,Teal Mask Ogerpon ex,2026-07-12,0,0,0.0,0.0,0.0043,0.0051,False,False,0,False,False
Mega Lopunny ex,Teal Mask Ogerpon ex,2026-07-13,0,0,0.0,0.0,0.004,0.0081,False,False,0,False,False
Mega Lopunny ex,Teal Mask Ogerpon ex,2026-07-14,0,0,0.0,0.0,0.0045,0.009,False,False,0,False,False
Mega Lopunny ex,Teal Mask Ogerpon ex,2026-07-15,0,0,0.0,0.0,0.0042,0.0091,False,False,0,False,False
Mega Lopunny ex,Teal Mask Ogerpon ex,2026-07-16,0,0,0.0,0.0,0.0039,0.0085,False,False,0,False,False
Mega Lopunny ex,Teal Mask Ogerpon ex,2026-07-17,0,0,0.0,0.0,0.0037,0.0081,False,False,0,False,False
Mega Lopunny ex,Teal Mask Ogerpon ex,2026-07-18,0,0,0.0,0.0,0.0035,0.0076,False,False,0,False,False
Mega Lopunny ex,Teal Mask Ogerpon ex,2026-07-19,0,0,0.0,0.0,0.0034,0.0073,False,False,0,False,False
Mega Lopunny ex,Teal Mask Ogerpon ex,2026-07-20,0,0,0.0,0.0,0.0032,0.0068,False,False,0,False,False
Mega Lopunny ex,Teal Mask Ogerpon ex,2026-07-21,0,0,0.0,0.0,0.0025,0.007,False,False,0,False,False
Mega Lopunny ex,Teal Mask Ogerpon ex,2026-07-22,0,0,0.0,0.0,0.0015,0.0059,False,False,0,False,False
Mega Lopunny ex,Teal Mask Ogerpon ex,2026-07-23,0,0,0.0,0.0,0.0005,0.0077,False,False,0,False,False
Mega Lopunny ex,Teal Mask Ogerpon ex,2026-07-24,0,0,0.0,0.0,0.0005,0.0114,False,False,0,False,False
Mega Lopunny ex,Teal Mask Ogerpon ex,2026-07-25,0,0,0.0,0.0,0.0005,0.0111,False,False,0,False,False
Mega Lopunny ex,Teal Mask Ogerpon ex,2026-07-26,0,0,0.0,0.0,0.0009,0.0113,False,False,0,False,False
Mega Lopunny ex,Teal Mask Ogerpon ex,2026-07-27,0,0,0.0,0.0,0.0009,0.011,False,False,0,False,False
Mega Lopunny ex,Teal Mask Ogerpon ex,2026-07-28,0,0,0.0,0.0,0.0004,0.0112,False,False,0,False,False
Mega Lopunny ex,Teal Mask Ogerpon ex,2026-07-29,0,0,0.0,0.0,0.0004,0.0114,False,False,0,False,False
Mega Lopunny ex,Teal Mask Ogerpon ex,2026-07-30,0,0,0.0,0.0,0.0004,0.0116,False,False,0,False,False
Mega Lopunny ex,Teal Mask Ogerpon ex,2026-07-31,0,0,0.0,0.0,0.0004,0.0121,False,False,0,False,False
Mega Lopunny ex,Teal Mask Ogerpon ex,2026-08-01,3,3,1.0,0.4385,0.0032,0.0155,False,False,0,False,False
Mega Lopunny ex,Teal Mask Ogerpon ex,2026-08-02,5,5,1.0,0.5655,0.0093,0.0229,False,False,0,False,False
Mega Lopunny ex,Teal Mask Ogerpon ex,2026-08-03,10,10,1.0,0.7225,0.018,0.0319,False,False,0,False,False
Mega Lopunny ex,Teal Mask Ogerpon ex,2026-08-04,14,12,0.8571,0.6006,0.024,0.0439,False,False,0,False,False
Mega Lopunny ex,Teal Mask Ogerpon ex,2026-08-05,17,14,0.8235,0.5897,0.0311,0.0555,False,False,0,False,False
Mega Lopunny ex,Teal Mask Ogerpon ex,2026-08-06,18,15,0.8333,0.6078,0.0375,0.0615,False,False,0,False,False
Mega Lopunny ex,Teal Mask Ogerpon ex,2026-08-07,21,15,0.7143,0.5004,0.0444,0.0642,False,False,0,False,False
Mega Lopunny ex,Teal Mask Ogerpon ex,2026-08-08,23,17,0.7391,0.5353,0.0517,0.0731,False,False,0,False,False
Mega Lopunny ex,Teal Mask Ogerpon ex,2026-08-09,25,19,0.76,0.5657,0.0558,0.0795,False,False,0,False,False
Mega Lopunny ex,Teal Mask Ogerpon ex,2026-08-10,28,22,0.7857,0.6046,0.0641,0.0875,False,False,0,False,False
Mega Lucario ex,Fezandipiti ex,2026-06-16,0,0,0.0,0.0,,,False,False,0,False,False
Mega Lucario ex,Fezandipiti ex,2026-06-17,0,0,0.0,0.0,0.0455,0.0909,False,False,0,False,False
Mega Lucario ex,Fezandipiti ex,2026-06-18,1,1,1.0,0.2065,0.0682,0.2386,False,False,0,False,False
Mega Lucario ex,Fezandipiti ex,2026-06-19,4,3,0.75,0.3006,0.0758,0.2652,False,False,0,False,False
Mega Lucario ex,Fezandipiti ex,2026-06-20,5,3,0.6,0.2307,0.0698,0.343,False,False,0,False,False
Mega Lucario ex,Fezandipiti ex,2026-06-21,5,3,0.6,0.2307,0.0652,0.3609,False,False,0,False,False
Mega Lucario ex,Fezandipiti ex,2026-06-22,5,3,0.6,0.2307,0.0647,0.3381,False,False,0,False,False
Mega Lucario ex,Fezandipiti ex,2026-06-23,5,3,0.6,0.2307,0.0774,0.2946,False,False,0,False,False
Mega Lucario ex,Fezandipiti ex,2026-06-24,6,3,0.5,0.1876,0.0807,0.3021,False,False,0,False,False
Mega Lucario ex,Fezandipiti ex,2026-06-25,6,3,0.5,0.1876,0.0787,0.3032,False,False,0,False,False
Mega Lucario ex,Fezandipiti ex,2026-06-26,6,3,0.5,0.1876,0.0754,0.2931,False,False,0,False,False
Mega Lucario ex,Fezandipiti ex,2026-06-27,6,3,0.5,0.1876,0.0712,0.2808,False,False,0,False,False
Mega Lucario ex,Fezandipiti ex,2026-06-28,6,3,0.5,0.1876,0.0739,0.2711,False,False,0,False,False
Mega Lucario ex,Fezandipiti ex,2026-06-29,6,3,0.5,0.1876,0.0714,0.2587,False,False,0,False,False
Mega Lucario ex,Fezandipiti ex,2026-06-30,6,3,0.5,0.1876,0.0729,0.2485,False,False,0,False,False
Mega Lucario ex,Fezandipiti ex,2026-07-01,6,3,0.5,0.1876,0.081,0.2344,False,False,0,False,False
Mega Lucario ex,Fezandipiti ex,2026-07-02,6,3,0.5,0.1876,0.0841,0.2207,False,False,0,False,False
Mega Lucario ex,Fezandipiti ex,2026-07-03,8,4,0.5,0.2152,0.0826,0.1986,False,False,0,False,False
Mega Lucario ex,Fezandipiti ex,2026-07-04,8,4,0.5,0.2152,0.0868,0.1676,False,False,0,False,False
Mega Lucario ex,Fezandipiti ex,2026-07-05,8,4,0.5,0.2152,0.0855,0.1342,False,False,0,False,False
Mega Lucario ex,Fezandipiti ex,2026-07-06,8,4,0.5,0.2152,0.0875,0.1202,False,False,0,False,False
Mega Lucario ex,Fezandipiti ex,2026-07-07,8,4,0.5,0.2152,0.0831,0.1148,False,False,0,False,False
Mega Lucario ex,Fezandipiti ex,2026-07-08,8,4,0.5,0.2152,0.084,0.084,False,False,0,False,False
Mega Lucario ex,Fezandipiti ex,2026-07-09,8,4,0.5,0.2152,0.0878,0.0647,False,False,0,False,False
Mega Lucario ex,Fezandipiti ex,2026-07-10,9,4,0.4444,0.1888,0.1144,0.0577,False,False,0,False,False
Mega Lucario ex,Fezandipiti ex,2026-07-11,9,4,0.4444,0.1888,0.1423,0.0459,False,False,0,False,False
Mega Lucario ex,Fezandipiti ex,2026-07-12,10,4,0.4,0.1682,0.161,0.0394,False,False,0,False,False
Mega Lucario ex,Fezandipiti ex,2026-07-13,10,4,0.4,0.1682,0.1809,0.0307,False,False,0,False,False
Mega Lucario ex,Fezandipiti ex,2026-07-14,10,4,0.4,0.1682,0.2065,0.0255,False,False,0,False,False
Mega Lucario ex,Fezandipiti ex,2026-07-15,10,4,0.4,0.1682,0.2325,0.0237,False,False,0,False,False
Mega Lucario ex,Fezandipiti ex,2026-07-16,11,5,0.4545,0.2127,0.2471,0.0221,False,False,0,False,False
Mega Lucario ex,Fezandipiti ex,2026-07-17,11,5,0.4545,0.2127,0.2584,0.0187,False,False,0,False,False
Mega Lucario ex,Fezandipiti ex,2026-07-18,11,5,0.4545,0.2127,0.2763,0.017,False,False,0,False,False
Mega Lucario ex,Fezandipiti ex,2026-07-19,11,5,0.4545,0.2127,0.286,0.0157,False,False,0,False,False
Mega Lucario ex,Fezandipiti ex,2026-07-20,11,5,0.4545,0.2127,0.2966,0.0142,False,False,0,False,False
Mega Lucario ex,Fezandipiti ex,2026-07-21,11,5,0.4545,0.2127,0.3024,0.0135,False,False,0,False,False
Mega Lucario ex,Fezandipiti ex,2026-07-22,11,5,0.4545,0.2127,0.3175,0.0104,False,False,0,False,False
Mega Lucario ex,Fezandipiti ex,2026-07-23,11,5,0.4545,0.2127,0.324,0.0072,False,False,0,False,False
Mega Lucario ex,Fezandipiti ex,2026-07-24,11,5,0.4545,0.2127,0.3267,0.0043,False,False,0,False,False
Mega Lucario ex,Fezandipiti ex,2026-07-25,12,5,0.4167,0.1933,0.3138,0.0037,False,False,0,False,False
Mega Lucario ex,Fezandipiti ex,2026-07-26,12,5,0.4167,0.1933,0.3021,0.0014,False,False,0,False,False
Mega Lucario ex,Fezandipiti ex,2026-07-27,12,5,0.4167,0.1933,0.2942,0.0009,False,False,0,False,False
Mega Lucario ex,Fezandipiti ex,2026-07-28,12,5,0.4167,0.1933,0.2736,0.0009,False,False,0,False,False
Mega Lucario ex,Fezandipiti ex,2026-07-29,12,5,0.4167,0.1933,0.2481,0.0008,False,False,0,False,False
Mega Lucario ex,Fezandipiti ex,2026-07-30,12,5,0.4167,0.1933,0.2273,0.0008,False,False,0,False,False
Mega Lucario ex,Fezandipiti ex,2026-07-31,12,5,0.4167,0.1933,0.2138,0.0008,False,False,0,False,False
Mega Lucario ex,Fezandipiti ex,2026-08-01,12,5,0.4167,0.1933,0.1928,0.0008,False,False,0,False,False
Mega Lucario ex,Fezandipiti ex,2026-08-02,12,5,0.4167,0.1933,0.1793,0.0012,False,False,0,False,False
Mega Lucario ex,Fezandipiti ex,2026-08-03,12,5,0.4167,0.1933,0.1601,0.0023,False,False,0,False,False
Mega Lucario ex,Fezandipiti ex,2026-08-04,13,6,0.4615,0.2321,0.1484,0.0056,False,False,0,False,False
Mega Lucario ex,Fezandipiti ex,2026-08-05,17,9,0.5294,0.3096,0.141,0.0086,False,False,0,False,False
Mega Lucario ex,Fezandipiti ex,2026-08-06,18,9,0.5,0.2903,0.1403,0.0116,False,False,0,False,False
Mega Lucario ex,Fezandipiti ex,2026-08-07,20,10,0.5,0.2993,0.1355,0.0131,False,False,0,False,False
Mega Lucario ex,Fezandipiti ex,2026-08-08,20,10,0.5,0.2993,0.1379,0.0157,False,False,0,False,False
Mega Lucario ex,Fezandipiti ex,2026-08-09,21,10,0.4762,0.2834,0.1432,0.0176,False,False,0,False,False
Mega Lucario ex,Fezandipiti ex,2026-08-10,22,10,0.4545,0.2692,0.1425,0.0204,False,False,0,False,False
Mega Lucario ex,Marnie's Grimmsnarl ex,2026-06-16,0,0,0.0,0.0,,,False,False,0,False,False
Mega Lucario ex,Marnie's Grimmsnarl ex,2026-06-17,0,0,0.0,0.0,0.0,0.0909,False,False,0,False,False
Mega Lucario ex,Marnie's Grimmsnarl ex,2026-06-18,0,0,0.0,0.0,0.0,0.2386,False,False,0,False,False
Mega Lucario ex,Marnie's Grimmsnarl ex,2026-06-19,0,0,0.0,0.0,0.0,0.2652,False,False,0,False,False
Mega Lucario ex,Marnie's Grimmsnarl ex,2026-06-20,0,0,0.0,0.0,0.0,0.343,False,False,0,False,False
Mega Lucario ex,Marnie's Grimmsnarl ex,2026-06-21,0,0,0.0,0.0,0.0,0.3609,False,False,0,False,False
Mega Lucario ex,Marnie's Grimmsnarl ex,2026-06-22,0,0,0.0,0.0,0.0,0.3381,False,False,0,False,False
Mega Lucario ex,Marnie's Grimmsnarl ex,2026-06-23,0,0,0.0,0.0,0.0,0.2946,False,False,0,False,False
Mega Lucario ex,Marnie's Grimmsnarl ex,2026-06-24,0,0,0.0,0.0,0.0,0.3021,False,False,0,False,False
Mega Lucario ex,Marnie's Grimmsnarl ex,2026-06-25,0,0,0.0,0.0,0.0,0.3032,False,False,0,False,False
Mega Lucario ex,Marnie's Grimmsnarl ex,2026-06-26,0,0,0.0,0.0,0.0,0.2931,False,False,0,False,False
Mega Lucario ex,Marnie's Grimmsnarl ex,2026-06-27,0,0,0.0,0.0,0.0,0.2808,False,False,0,False,False
Mega Lucario ex,Marnie's Grimmsnarl ex,2026-06-28,0,0,0.0,0.0,0.0,0.2711,False,False,0,False,False
Mega Lucario ex,Marnie's Grimmsnarl ex,2026-06-29,0,0,0.0,0.0,0.0,0.2587,False,False,0,False,False
Mega Lucario ex,Marnie's Grimmsnarl ex,2026-06-30,0,0,0.0,0.0,0.0,0.2485,False,False,0,False,False
Mega Lucario ex,Marnie's Grimmsnarl ex,2026-07-01,0,0,0.0,0.0,0.0043,0.2344,False,False,0,False,False
Mega Lucario ex,Marnie's Grimmsnarl ex,2026-07-02,0,0,0.0,0.0,0.0135,0.2207,False,False,0,False,False
Mega Lucario ex,Marnie's Grimmsnarl ex,2026-07-03,1,1,1.0,0.2065,0.042,0.1986,False,False,0,False,False
Mega Lucario ex,Marnie's Grimmsnarl ex,2026-07-04,1,1,1.0,0.2065,0.05,0.1676,False,False,0,False,False
Mega Lucario ex,Marnie's Grimmsnarl ex,2026-07-05,1,1,1.0,0.2065,0.0826,0.1342,False,False,0,False,False
Mega Lucario ex,Marnie's Grimmsnarl ex,2026-07-06,2,2,1.0,0.3424,0.1024,0.1202,False,False,0,False,False
Mega Lucario ex,Marnie's Grimmsnarl ex,2026-07-07,2,2,1.0,0.3424,0.1284,0.1148,False,False,0,False,False
Mega Lucario ex,Marnie's Grimmsnarl ex,2026-07-08,5,5,1.0,0.5655,0.146,0.084,False,False,0,False,False
Mega Lucario ex,Marnie's Grimmsnarl ex,2026-07-09,7,7,1.0,0.6457,0.1686,0.0647,False,False,0,False,False
Mega Lucario ex,Marnie's Grimmsnarl ex,2026-07-10,8,7,0.875,0.5291,0.168,0.0577,False,False,0,False,False
Mega Lucario ex,Marnie's Grimmsnarl ex,2026-07-11,8,7,0.875,0.5291,0.1798,0.0459,False,False,0,False,False
Mega Lucario ex,Marnie's Grimmsnarl ex,2026-07-12,9,7,0.7778,0.4526,0.1781,0.0394,False,False,0,False,False
Mega Lucario ex,Marnie's Grimmsnarl ex,2026-07-13,9,7,0.7778,0.4526,0.1809,0.0307,False,False,0,False,False
Mega Lucario ex,Marnie's Grimmsnarl ex,2026-07-14,9,7,0.7778,0.4526,0.1847,0.0255,False,False,0,False,False
Mega Lucario ex,Marnie's Grimmsnarl ex,2026-07-15,9,7,0.7778,0.4526,0.1844,0.0237,False,False,0,False,False
Mega Lucario ex,Marnie's Grimmsnarl ex,2026-07-16,9,7,0.7778,0.4526,0.1827,0.0221,False,False,0,False,False
Mega Lucario ex,Marnie's Grimmsnarl ex,2026-07-17,9,7,0.7778,0.4526,0.1742,0.0187,False,False,0,False,False
Mega Lucario ex,Marnie's Grimmsnarl ex,2026-07-18,9,7,0.7778,0.4526,0.1745,0.017,False,False,0,False,False
Mega Lucario ex,Marnie's Grimmsnarl ex,2026-07-19,9,7,0.7778,0.4526,0.1742,0.0157,False,False,0,False,False
Mega Lucario ex,Marnie's Grimmsnarl ex,2026-07-20,9,7,0.7778,0.4526,0.1812,0.0142,False,False,0,False,False
Mega Lucario ex,Marnie's Grimmsnarl ex,2026-07-21,9,7,0.7778,0.4526,0.1861,0.0135,False,False,0,False,False
Mega Lucario ex,Marnie's Grimmsnarl ex,2026-07-22,9,7,0.7778,0.4526,0.1978,0.0104,False,False,0,False,False
Mega Lucario ex,Marnie's Grimmsnarl ex,2026-07-23,9,7,0.7778,0.4526,0.2111,0.0072,False,False,0,False,False
Mega Lucario ex,Marnie's Grimmsnarl ex,2026-07-24,9,7,0.7778,0.4526,0.2296,0.0043,False,False,0,False,False
Mega Lucario ex,Marnie's Grimmsnarl ex,2026-07-25,9,7,0.7778,0.4526,0.2618,0.0037,False,False,0,False,False
Mega Lucario ex,Marnie's Grimmsnarl ex,2026-07-26,9,7,0.7778,0.4526,0.2944,0.0014,False,False,0,False,False
Mega Lucario ex,Marnie's Grimmsnarl ex,2026-07-27,9,7,0.7778,0.4526,0.3219,0.0009,False,False,0,False,False
Mega Lucario ex,Marnie's Grimmsnarl ex,2026-07-28,9,7,0.7778,0.4526,0.3552,0.0009,False,False,0,False,False
Mega Lucario ex,Marnie's Grimmsnarl ex,2026-07-29,9,7,0.7778,0.4526,0.3946,0.0008,False,False,0,False,False
Mega Lucario ex,Marnie's Grimmsnarl ex,2026-07-30,9,7,0.7778,0.4526,0.4268,0.0008,False,False,0,False,False
Mega Lucario ex,Marnie's Grimmsnarl ex,2026-07-31,9,7,0.7778,0.4526,0.4615,0.0008,False,False,0,False,False
Mega Lucario ex,Marnie's Grimmsnarl ex,2026-08-01,9,7,0.7778,0.4526,0.4873,0.0008,False,False,0,False,False
Mega Lucario ex,Marnie's Grimmsnarl ex,2026-08-02,10,7,0.7,0.3968,0.4985,0.0012,False,False,0,False,False
Mega Lucario ex,Marnie's Grimmsnarl ex,2026-08-03,13,8,0.6154,0.3552,0.5084,0.0023,False,False,0,False,False
Mega Lucario ex,Marnie's Grimmsnarl ex,2026-08-04,17,10,0.5882,0.3601,0.5052,0.0056,False,False,0,False,False
Mega Lucario ex,Marnie's Grimmsnarl ex,2026-08-05,18,11,0.6111,0.3862,0.5071,0.0086,False,False,0,False,False
Mega Lucario ex,Marnie's Grimmsnarl ex,2026-08-06,20,12,0.6,0.3866,0.5026,0.0116,False,False,0,False,False
Mega Lucario ex,Marnie's Grimmsnarl ex,2026-08-07,21,12,0.5714,0.3655,0.5019,0.0131,False,False,0,False,False
Mega Lucario ex,Marnie's Grimmsnarl ex,2026-08-08,25,13,0.52,0.335,0.485,0.0157,False,False,0,False,False
Mega Lucario ex,Marnie's Grimmsnarl ex,2026-08-09,26,13,0.5,0.3206,0.4726,0.0176,False,False,0,False,False
Mega Lucario ex,Marnie's Grimmsnarl ex,2026-08-10,28,15,0.5357,0.3581,0.4566,0.0204,False,False,0,False,False
Teal Mask Ogerpon ex,Fezandipiti ex,2026-06-16,0,0,0.0,0.0,,,False,False,0,False,False
Teal Mask Ogerpon ex,Fezandipiti ex,2026-06-17,0,0,0.0,0.0,0.0455,0.0,False,False,0,False,False
Teal Mask Ogerpon ex,Fezandipiti ex,2026-06-18,0,0,0.0,0.0,0.0682,0.0114,False,False,0,False,False
Teal Mask Ogerpon ex,Fezandipiti ex,2026-06-19,0,0,0.0,0.0,0.0758,0.0152,False,False,0,False,False
Teal Mask Ogerpon ex,Fezandipiti ex,2026-06-20,0,0,0.0,0.0,0.0698,0.0116,False,False,0,False,False
Teal Mask Ogerpon ex,Fezandipiti ex,2026-06-21,0,0,0.0,0.0,0.0652,0.0087,False,False,0,False,False
Teal Mask Ogerpon ex,Fezandipiti ex,2026-06-22,0,0,0.0,0.0,0.0647,0.0072,False,False,0,False,False
Teal Mask Ogerpon ex,Fezandipiti ex,2026-06-23,0,0,0.0,0.0,0.0774,0.006,False,False,0,False,False
Teal Mask Ogerpon ex,Fezandipiti ex,2026-06-24,0,0,0.0,0.0,0.0807,0.0052,False,False,0,False,False
Teal Mask Ogerpon ex,Fezandipiti ex,2026-06-25,0,0,0.0,0.0,0.0787,0.0046,False,False,0,False,False
Teal Mask Ogerpon ex,Fezandipiti ex,2026-06-26,0,0,0.0,0.0,0.0754,0.0043,False,False,0,False,False
Teal Mask Ogerpon ex,Fezandipiti ex,2026-06-27,0,0,0.0,0.0,0.0712,0.0038,False,False,0,False,False
Teal Mask Ogerpon ex,Fezandipiti ex,2026-06-28,0,0,0.0,0.0,0.0739,0.0035,False,False,0,False,False
Teal Mask Ogerpon ex,Fezandipiti ex,2026-06-29,0,0,0.0,0.0,0.0714,0.0032,False,False,0,False,False
Teal Mask Ogerpon ex,Fezandipiti ex,2026-06-30,0,0,0.0,0.0,0.0729,0.003,False,False,0,False,False
Teal Mask Ogerpon ex,Fezandipiti ex,2026-07-01,0,0,0.0,0.0,0.081,0.0028,False,False,0,False,False
Teal Mask Ogerpon ex,Fezandipiti ex,2026-07-02,0,0,0.0,0.0,0.0841,0.0015,False,False,0,False,False
Teal Mask Ogerpon ex,Fezandipiti ex,2026-07-03,0,0,0.0,0.0,0.0826,0.0,False,False,0,False,False
Teal Mask Ogerpon ex,Fezandipiti ex,2026-07-04,0,0,0.0,0.0,0.0868,0.0,False,False,0,False,False
Teal Mask Ogerpon ex,Fezandipiti ex,2026-07-05,0,0,0.0,0.0,0.0855,0.0,False,False,0,False,False
Teal Mask Ogerpon ex,Fezandipiti ex,2026-07-06,0,0,0.0,0.0,0.0875,0.0,False,False,0,False,False
Teal Mask Ogerpon ex,Fezandipiti ex,2026-07-07,0,0,0.0,0.0,0.0831,0.0015,False,False,0,False,False
Teal Mask Ogerpon ex,Fezandipiti ex,2026-07-08,1,1,1.0,0.2065,0.084,0.0039,False,False,0,False,False
Teal Mask Ogerpon ex,Fezandipiti ex,2026-07-09,1,1,1.0,0.2065,0.0878,0.0058,False,False,0,False,False
Teal Mask Ogerpon ex,Fezandipiti ex,2026-07-10,1,1,1.0,0.2065,0.1144,0.0051,False,False,0,False,False
Teal Mask Ogerpon ex,Fezandipiti ex,2026-07-11,1,1,1.0,0.2065,0.1423,0.0047,False,False,0,False,False
Teal Mask Ogerpon ex,Fezandipiti ex,2026-07-12,1,1,1.0,0.2065,0.161,0.0043,False,False,0,False,False
Teal Mask Ogerpon ex,Fezandipiti ex,2026-07-13,1,1,1.0,0.2065,0.1809,0.004,False,False,0,False,False
Teal Mask Ogerpon ex,Fezandipiti ex,2026-07-14,1,1,1.0,0.2065,0.2065,0.0045,False,False,0,False,False
Teal Mask Ogerpon ex,Fezandipiti ex,2026-07-15,1,1,1.0,0.2065,0.2325,0.0042,False,False,0,False,False
Teal Mask Ogerpon ex,Fezandipiti ex,2026-07-16,1,1,1.0,0.2065,0.2471,0.0039,False,False,0,False,False
Teal Mask Ogerpon ex,Fezandipiti ex,2026-07-17,1,1,1.0,0.2065,0.2584,0.0037,False,False,0,False,False
Teal Mask Ogerpon ex,Fezandipiti ex,2026-07-18,1,1,1.0,0.2065,0.2763,0.0035,False,False,0,False,False
Teal Mask Ogerpon ex,Fezandipiti ex,2026-07-19,1,1,1.0,0.2065,0.286,0.0034,False,False,0,False,False
Teal Mask Ogerpon ex,Fezandipiti ex,2026-07-20,1,1,1.0,0.2065,0.2966,0.0032,False,False,0,False,False
Teal Mask Ogerpon ex,Fezandipiti ex,2026-07-21,1,1,1.0,0.2065,0.3024,0.0025,False,False,0,False,False
Teal Mask Ogerpon ex,Fezandipiti ex,2026-07-22,1,1,1.0,0.2065,0.3175,0.0015,False,False,0,False,False
Teal Mask Ogerpon ex,Fezandipiti ex,2026-07-23,1,1,1.0,0.2065,0.324,0.0005,False,False,0,False,False
Teal Mask Ogerpon ex,Fezandipiti ex,2026-07-24,1,1,1.0,0.2065,0.3267,0.0005,False,False,0,False,False
Teal Mask Ogerpon ex,Fezandipiti ex,2026-07-25,1,1,1.0,0.2065,0.3138,0.0005,False,False,0,False,False
Teal Mask Ogerpon ex,Fezandipiti ex,2026-07-26,1,1,1.0,0.2065,0.3021,0.0009,False,False,0,False,False
Teal Mask Ogerpon ex,Fezandipiti ex,2026-07-27,1,1,1.0,0.2065,0.2942,0.0009,False,False,0,False,False
Teal Mask Ogerpon ex,Fezandipiti ex,2026-07-28,1,1,1.0,0.2065,0.2736,0.0004,False,False,0,False,False
Teal Mask Ogerpon ex,Fezandipiti ex,2026-07-29,1,1,1.0,0.2065,0.2481,0.0004,False,False,0,False,False
Teal Mask Ogerpon ex,Fezandipiti ex,2026-07-30,1,1,1.0,0.2065,0.2273,0.0004,False,False,0,False,False
Teal Mask Ogerpon ex,Fezandipiti ex,2026-07-31,1,1,1.0,0.2065,0.2138,0.0004,False,False,0,False,False
Teal Mask Ogerpon ex,Fezandipiti ex,2026-08-01,2,1,0.5,0.0945,0.1928,0.0032,False,False,0,False,False
Teal Mask Ogerpon ex,Fezandipiti ex,2026-08-02,2,1,0.5,0.0945,0.1793,0.0093,False,False,0,False,False
Teal Mask Ogerpon ex,Fezandipiti ex,2026-08-03,3,1,0.3333,0.0615,0.1601,0.018,False,False,0,False,False
Teal Mask Ogerpon ex,Fezandipiti ex,2026-08-04,9,2,0.2222,0.0632,0.1484,0.024,False,False,0,False,False
Teal Mask Ogerpon ex,Fezandipiti ex,2026-08-05,13,3,0.2308,0.0818,0.141,0.0311,False,False,0,False,False
Teal Mask Ogerpon ex,Fezandipiti ex,2026-08-06,20,6,0.3,0.1455,0.1403,0.0375,False,False,0,False,False
Teal Mask Ogerpon ex,Fezandipiti ex,2026-08-07,23,7,0.3043,0.156,0.1355,0.0444,False,False,0,False,False
Teal Mask Ogerpon ex,Fezandipiti ex,2026-08-08,26,8,0.3077,0.165,0.1379,0.0517,False,False,0,False,False
Teal Mask Ogerpon ex,Fezandipiti ex,2026-08-09,29,8,0.2759,0.147,0.1432,0.0558,False,False,0,False,False
Teal Mask Ogerpon ex,Fezandipiti ex,2026-08-10,33,10,0.303,0.1738,0.1425,0.0641,False,False,0,False,False
Teal Mask Ogerpon ex,Marnie's Grimmsnarl ex,2026-06-16,0,0,0.0,0.0,,,False,False,0,False,False
Teal Mask Ogerpon ex,Marnie's Grimmsnarl ex,2026-06-17,0,0,0.0,0.0,0.0,0.0,False,False,0,False,False
Teal Mask Ogerpon ex,Marnie's Grimmsnarl ex,2026-06-18,0,0,0.0,0.0,0.0,0.0114,False,False,0,False,False
Teal Mask Ogerpon ex,Marnie's Grimmsnarl ex,2026-06-19,0,0,0.0,0.0,0.0,0.0152,False,False,0,False,False
Teal Mask Ogerpon ex,Marnie's Grimmsnarl ex,2026-06-20,0,0,0.0,0.0,0.0,0.0116,False,False,0,False,False
Teal Mask Ogerpon ex,Marnie's Grimmsnarl ex,2026-06-21,0,0,0.0,0.0,0.0,0.0087,False,False,0,False,False
Teal Mask Ogerpon ex,Marnie's Grimmsnarl ex,2026-06-22,0,0,0.0,0.0,0.0,0.0072,False,False,0,False,False
Teal Mask Ogerpon ex,Marnie's Grimmsnarl ex,2026-06-23,0,0,0.0,0.0,0.0,0.006,False,False,0,False,False
Teal Mask Ogerpon ex,Marnie's Grimmsnarl ex,2026-06-24,0,0,0.0,0.0,0.0,0.0052,False,False,0,False,False
Teal Mask Ogerpon ex,Marnie's Grimmsnarl ex,2026-06-25,0,0,0.0,0.0,0.0,0.0046,False,False,0,False,False
Teal Mask Ogerpon ex,Marnie's Grimmsnarl ex,2026-06-26,0,0,0.0,0.0,0.0,0.0043,False,False,0,False,False
Teal Mask Ogerpon ex,Marnie's Grimmsnarl ex,2026-06-27,0,0,0.0,0.0,0.0,0.0038,False,False,0,False,False
Teal Mask Ogerpon ex,Marnie's Grimmsnarl ex,2026-06-28,0,0,0.0,0.0,0.0,0.0035,False,False,0,False,False
Teal Mask Ogerpon ex,Marnie's Grimmsnarl ex,2026-06-29,0,0,0.0,0.0,0.0,0.0032,False,False,0,False,False
Teal Mask Ogerpon ex,Marnie's Grimmsnarl ex,2026-06-30,0,0,0.0,0.0,0.0,0.003,False,False,0,False,False
Teal Mask Ogerpon ex,Marnie's Grimmsnarl ex,2026-07-01,0,0,0.0,0.0,0.0043,0.0028,False,False,0,False,False
Teal Mask Ogerpon ex,Marnie's Grimmsnarl ex,2026-07-02,0,0,0.0,0.0,0.0135,0.0015,False,False,0,False,False
Teal Mask Ogerpon ex,Marnie's Grimmsnarl ex,2026-07-03,0,0,0.0,0.0,0.042,0.0,False,False,0,False,False
Teal Mask Ogerpon ex,Marnie's Grimmsnarl ex,2026-07-04,0,0,0.0,0.0,0.05,0.0,False,False,0,False,False
Teal Mask Ogerpon ex,Marnie's Grimmsnarl ex,2026-07-05,0,0,0.0,0.0,0.0826,0.0,False,False,0,False,False
Teal Mask Ogerpon ex,Marnie's Grimmsnarl ex,2026-07-06,0,0,0.0,0.0,0.1024,0.0,False,False,0,False,False
Teal Mask Ogerpon ex,Marnie's Grimmsnarl ex,2026-07-07,1,1,1.0,0.2065,0.1284,0.0015,False,False,0,False,False
Teal Mask Ogerpon ex,Marnie's Grimmsnarl ex,2026-07-08,1,1,1.0,0.2065,0.146,0.0039,False,False,0,False,False
Teal Mask Ogerpon ex,Marnie's Grimmsnarl ex,2026-07-09,1,1,1.0,0.2065,0.1686,0.0058,False,False,0,False,False
Teal Mask Ogerpon ex,Marnie's Grimmsnarl ex,2026-07-10,1,1,1.0,0.2065,0.168,0.0051,False,False,0,False,False
Teal Mask Ogerpon ex,Marnie's Grimmsnarl ex,2026-07-11,1,1,1.0,0.2065,0.1798,0.0047,False,False,0,False,False
Teal Mask Ogerpon ex,Marnie's Grimmsnarl ex,2026-07-12,1,1,1.0,0.2065,0.1781,0.0043,False,False,0,False,False
Teal Mask Ogerpon ex,Marnie's Grimmsnarl ex,2026-07-13,1,1,1.0,0.2065,0.1809,0.004,False,False,0,False,False
Teal Mask Ogerpon ex,Marnie's Grimmsnarl ex,2026-07-14,2,2,1.0,0.3424,0.1847,0.0045,False,False,0,False,False
Teal Mask Ogerpon ex,Marnie's Grimmsnarl ex,2026-07-15,2,2,1.0,0.3424,0.1844,0.0042,False,False,0,False,False
Teal Mask Ogerpon ex,Marnie's Grimmsnarl ex,2026-07-16,2,2,1.0,0.3424,0.1827,0.0039,False,False,0,False,False
Teal Mask Ogerpon ex,Marnie's Grimmsnarl ex,2026-07-17,2,2,1.0,0.3424,0.1742,0.0037,False,False,0,False,False
Teal Mask Ogerpon ex,Marnie's Grimmsnarl ex,2026-07-18,2,2,1.0,0.3424,0.1745,0.0035,False,False,0,False,False
Teal Mask Ogerpon ex,Marnie's Grimmsnarl ex,2026-07-19,2,2,1.0,0.3424,0.1742,0.0034,False,False,0,False,False
Teal Mask Ogerpon ex,Marnie's Grimmsnarl ex,2026-07-20,2,2,1.0,0.3424,0.1812,0.0032,False,False,0,False,False
Teal Mask Ogerpon ex,Marnie's Grimmsnarl ex,2026-07-21,2,2,1.0,0.3424,0.1861,0.0025,False,False,0,False,False
Teal Mask Ogerpon ex,Marnie's Grimmsnarl ex,2026-07-22,2,2,1.0,0.3424,0.1978,0.0015,False,False,0,False,False
Teal Mask Ogerpon ex,Marnie's Grimmsnarl ex,2026-07-23,2,2,1.0,0.3424,0.2111,0.0005,False,False,0,False,False
Teal Mask Ogerpon ex,Marnie's Grimmsnarl ex,2026-07-24,2,2,1.0,0.3424,0.2296,0.0005,False,False,0,False,False
Teal Mask Ogerpon ex,Marnie's Grimmsnarl ex,2026-07-25,2,2,1.0,0.3424,0.2618,0.0005,False,False,0,False,False
Teal Mask Ogerpon ex,Marnie's Grimmsnarl ex,2026-07-26,2,2,1.0,0.3424,0.2944,0.0009,False,False,0,False,False
Teal Mask Ogerpon ex,Marnie's Grimmsnarl ex,2026-07-27,2,2,1.0,0.3424,0.3219,0.0009,False,False,0,False,False
Teal Mask Ogerpon ex,Marnie's Grimmsnarl ex,2026-07-28,2,2,1.0,0.3424,0.3552,0.0004,False,False,0,False,False
Teal Mask Ogerpon ex,Marnie's Grimmsnarl ex,2026-07-29,2,2,1.0,0.3424,0.3946,0.0004,False,False,0,False,False
Teal Mask Ogerpon ex,Marnie's Grimmsnarl ex,2026-07-30,2,2,1.0,0.3424,0.4268,0.0004,False,False,0,False,False
Teal Mask Ogerpon ex,Marnie's Grimmsnarl ex,2026-07-31,2,2,1.0,0.3424,0.4615,0.0004,False,False,0,False,False
Teal Mask Ogerpon ex,Marnie's Grimmsnarl ex,2026-08-01,4,4,1.0,0.5101,0.4873,0.0032,False,False,0,False,False
Teal Mask Ogerpon ex,Marnie's Grimmsnarl ex,2026-08-02,11,10,0.9091,0.6226,0.4985,0.0093,False,False,0,False,False
Teal Mask Ogerpon ex,Marnie's Grimmsnarl ex,2026-08-03,22,18,0.8182,0.6148,0.5084,0.018,False,False,0,False,False
Teal Mask Ogerpon ex,Marnie's Grimmsnarl ex,2026-08-04,27,21,0.7778,0.5924,0.5052,0.024,False,False,0,False,False
Teal Mask Ogerpon ex,Marnie's Grimmsnarl ex,2026-08-05,36,29,0.8056,0.6497,0.5071,0.0311,False,False,0,False,False
Teal Mask Ogerpon ex,Marnie's Grimmsnarl ex,2026-08-06,41,33,0.8049,0.6599,0.5026,0.0375,False,False,0,False,False
Teal Mask Ogerpon ex,Marnie's Grimmsnarl ex,2026-08-07,49,40,0.8163,0.6864,0.5019,0.0444,False,False,0,False,False
Teal Mask Ogerpon ex,Marnie's Grimmsnarl ex,2026-08-08,56,45,0.8036,0.6816,0.485,0.0517,True,True,1,True,False
Teal Mask Ogerpon ex,Marnie's Grimmsnarl ex,2026-08-09,60,49,0.8167,0.7008,0.4726,0.0558,True,True,2,False,True
Teal Mask Ogerpon ex,Mega Lopunny ex,2026-06-16,0,0,0.0,0.0,,,False,False,0,False,False
Teal Mask Ogerpon ex,Mega Lopunny ex,2026-06-17,0,0,0.0,0.0,0.0,0.0,False,False,0,False,False
Teal Mask Ogerpon ex,Mega Lopunny ex,2026-06-18,0,0,0.0,0.0,0.0,0.0114,False,False,0,False,False
Teal Mask Ogerpon ex,Mega Lopunny ex,2026-06-19,0,0,0.0,0.0,0.0,0.0152,False,False,0,False,False
Teal Mask Ogerpon ex,Mega Lopunny ex,2026-06-20,0,0,0.0,0.0,0.0,0.0116,False,False,0,False,False
Teal Mask Ogerpon ex,Mega Lopunny ex,2026-06-21,0,0,0.0,0.0,0.0,0.0087,False,False,0,False,False
Teal Mask Ogerpon ex,Mega Lopunny ex,2026-06-22,0,0,0.0,0.0,0.0,0.0072,False,False,0,False,False
Teal Mask Ogerpon ex,Mega Lopunny ex,2026-06-23,0,0,0.0,0.0,0.0,0.006,False,False,0,False,False
Teal Mask Ogerpon ex,Mega Lopunny ex,2026-06-24,0,0,0.0,0.0,0.0,0.0052,False,False,0,False,False
Teal Mask Ogerpon ex,Mega Lopunny ex,2026-06-25,0,0,0.0,0.0,0.0,0.0046,False,False,0,False,False
Teal Mask Ogerpon ex,Mega Lopunny ex,2026-06-26,0,0,0.0,0.0,0.0022,0.0043,False,False,0,False,False
Teal Mask Ogerpon ex,Mega Lopunny ex,2026-06-27,0,0,0.0,0.0,0.0019,0.0038,False,False,0,False,False
Teal Mask Ogerpon ex,Mega Lopunny ex,2026-06-28,0,0,0.0,0.0,0.0018,0.0035,False,False,0,False,False
Teal Mask Ogerpon ex,Mega Lopunny ex,2026-06-29,0,0,0.0,0.0,0.0016,0.0032,False,False,0,False,False
Teal Mask Ogerpon ex,Mega Lopunny ex,2026-06-30,0,0,0.0,0.0,0.0015,0.003,False,False,0,False,False
Teal Mask Ogerpon ex,Mega Lopunny ex,2026-07-01,0,0,0.0,0.0,0.0014,0.0028,False,False,0,False,False
Teal Mask Ogerpon ex,Mega Lopunny ex,2026-07-02,0,0,0.0,0.0,0.0015,0.0015,False,False,0,False,False
Teal Mask Ogerpon ex,Mega Lopunny ex,2026-07-03,0,0,0.0,0.0,0.0014,0.0,False,False,0,False,False
Teal Mask Ogerpon ex,Mega Lopunny ex,2026-07-04,0,0,0.0,0.0,0.0015,0.0,False,False,0,False,False
Teal Mask Ogerpon ex,Mega Lopunny ex,2026-07-05,0,0,0.0,0.0,0.0015,0.0,False,False,0,False,False
Teal Mask Ogerpon ex,Mega Lopunny ex,2026-07-06,0,0,0.0,0.0,0.003,0.0,False,False,0,False,False
Teal Mask Ogerpon ex,Mega Lopunny ex,2026-07-07,0,0,0.0,0.0,0.003,0.0015,False,False,0,False,False
Teal Mask Ogerpon ex,Mega Lopunny ex,2026-07-08,0,0,0.0,0.0,0.0052,0.0039,False,False,0,False,False
Teal Mask Ogerpon ex,Mega Lopunny ex,2026-07-09,0,0,0.0,0.0,0.0069,0.0058,False,False,0,False,False
Teal Mask Ogerpon ex,Mega Lopunny ex,2026-07-10,0,0,0.0,0.0,0.0051,0.0051,False,False,0,False,False
Teal Mask Ogerpon ex,Mega Lopunny ex,2026-07-11,0,0,0.0,0.0,0.0056,0.0047,False,False,0,False,False
Teal Mask Ogerpon ex,Mega Lopunny ex,2026-07-12,0,0,0.0,0.0,0.0051,0.0043,False,False,0,False,False
Teal Mask Ogerpon ex,Mega Lopunny ex,2026-07-13,0,0,0.0,0.0,0.0081,0.004,False,False,0,False,False
Teal Mask Ogerpon ex,Mega Lopunny ex,2026-07-14,0,0,0.0,0.0,0.009,0.0045,False,False,0,False,False
Teal Mask Ogerpon ex,Mega Lopunny ex,2026-07-15,0,0,0.0,0.0,0.0091,0.0042,False,False,0,False,False
Teal Mask Ogerpon ex,Mega Lopunny ex,2026-07-16,0,0,0.0,0.0,0.0085,0.0039,False,False,0,False,False
Teal Mask Ogerpon ex,Mega Lopunny ex,2026-07-17,0,0,0.0,0.0,0.0081,0.0037,False,False,0,False,False
Teal Mask Ogerpon ex,Mega Lopunny ex,2026-07-18,0,0,0.0,0.0,0.0076,0.0035,False,False,0,False,False
Teal Mask Ogerpon ex,Mega Lopunny ex,2026-07-19,0,0,0.0,0.0,0.0073,0.0034,False,False,0,False,False
Teal Mask Ogerpon ex,Mega Lopunny ex,2026-07-20,0,0,0.0,0.0,0.0068,0.0032,False,False,0,False,False
Teal Mask Ogerpon ex,Mega Lopunny ex,2026-07-21,0,0,0.0,0.0,0.007,0.0025,False,False,0,False,False
Teal Mask Ogerpon ex,Mega Lopunny ex,2026-07-22,0,0,0.0,0.0,0.0059,0.0015,False,False,0,False,False
Teal Mask Ogerpon ex,Mega Lopunny ex,2026-07-23,0,0,0.0,0.0,0.0077,0.0005,False,False,0,False,False
Teal Mask Ogerpon ex,Mega Lopunny ex,2026-07-24,0,0,0.0,0.0,0.0114,0.0005,False,False,0,False,False
Teal Mask Ogerpon ex,Mega Lopunny ex,2026-07-25,0,0,0.0,0.0,0.0111,0.0005,False,False,0,False,False
Teal Mask Ogerpon ex,Mega Lopunny ex,2026-07-26,0,0,0.0,0.0,0.0113,0.0009,False,False,0,False,False
Teal Mask Ogerpon ex,Mega Lopunny ex,2026-07-27,0,0,0.0,0.0,0.011,0.0009,False,False,0,False,False
Teal Mask Ogerpon ex,Mega Lopunny ex,2026-07-28,0,0,0.0,0.0,0.0112,0.0004,False,False,0,False,False
Teal Mask Ogerpon ex,Mega Lopunny ex,2026-07-29,0,0,0.0,0.0,0.0114,0.0004,False,False,0,False,False
Teal Mask Ogerpon ex,Mega Lopunny ex,2026-07-30,0,0,0.0,0.0,0.0116,0.0004,False,False,0,False,False
Teal Mask Ogerpon ex,Mega Lopunny ex,2026-07-31,0,0,0.0,0.0,0.0121,0.0004,False,False,0,False,False
Teal Mask Ogerpon ex,Mega Lopunny ex,2026-08-01,3,0,0.0,0.0,0.0155,0.0032,False,False,0,False,False
Teal Mask Ogerpon ex,Mega Lopunny ex,2026-08-02,5,0,0.0,0.0,0.0229,0.0093,False,False,0,False,False
Teal Mask Ogerpon ex,Mega Lopunny ex,2026-08-03,10,0,0.0,0.0,0.0319,0.018,False,False,0,False,False
Teal Mask Ogerpon ex,Mega Lopunny ex,2026-08-04,14,2,0.1429,0.0401,0.0439,0.024,False,False,0,False,False
Teal Mask Ogerpon ex,Mega Lopunny ex,2026-08-05,17,3,0.1765,0.0619,0.0555,0.0311,False,False,0,False,False
Teal Mask Ogerpon ex,Mega Lopunny ex,2026-08-06,18,3,0.1667,0.0584,0.0615,0.0375,False,False,0,False,False
Teal Mask Ogerpon ex,Mega Lopunny ex,2026-08-07,21,6,0.2857,0.1381,0.0642,0.0444,False,False,0,False,False
Teal Mask Ogerpon ex,Mega Lopunny ex,2026-08-08,23,6,0.2609,0.1255,0.0731,0.0517,False,False,0,False,False
Teal Mask Ogerpon ex,Mega Lopunny ex,2026-08-09,25,6,0.24,0.115,0.0795,0.0558,False,False,0,False,False
Teal Mask Ogerpon ex,Mega Lopunny ex,2026-08-10,28,6,0.2143,0.1021,0.0875,0.0641,False,False,0,False,False
Team Rocket's Mewtwo ex,Cynthia's Garchomp ex,2026-06-16,0,0,0.0,0.0,,,False,False,0,False,False
Team Rocket's Mewtwo ex,Cynthia's Garchomp ex,2026-06-17,0,0,0.0,0.0,0.0,0.0,False,False,0,False,False
Team Rocket's Mewtwo ex,Cynthia's Garchomp ex,2026-06-18,0,0,0.0,0.0,0.0,0.0,False,False,0,False,False
Team Rocket's Mewtwo ex,Cynthia's Garchomp ex,2026-06-19,0,0,0.0,0.0,0.0,0.0,False,False,0,False,False
Team Rocket's Mewtwo ex,Cynthia's Garchomp ex,2026-06-20,0,0,0.0,0.0,0.0,0.0,False,False,0,False,False
Team Rocket's Mewtwo ex,Cynthia's Garchomp ex,2026-06-21,0,0,0.0,0.0,0.0,0.0043,False,False,0,False,False
Team Rocket's Mewtwo ex,Cynthia's Garchomp ex,2026-06-22,0,0,0.0,0.0,0.0,0.0072,False,False,0,False,False
Team Rocket's Mewtwo ex,Cynthia's Garchomp ex,2026-06-23,0,0,0.0,0.0,0.003,0.0089,False,False,0,False,False
Team Rocket's Mewtwo ex,Cynthia's Garchomp ex,2026-06-24,0,0,0.0,0.0,0.0026,0.0078,False,False,0,False,False
Team Rocket's Mewtwo ex,Cynthia's Garchomp ex,2026-06-25,0,0,0.0,0.0,0.0023,0.0069,False,False,0,False,False
Team Rocket's Mewtwo ex,Cynthia's Garchomp ex,2026-06-26,0,0,0.0,0.0,0.0022,0.0065,False,False,0,False,False
Team Rocket's Mewtwo ex,Cynthia's Garchomp ex,2026-06-27,0,0,0.0,0.0,0.0019,0.0096,False,False,0,False,False
Team Rocket's Mewtwo ex,Cynthia's Garchomp ex,2026-06-28,0,0,0.0,0.0,0.0018,0.0088,False,False,0,False,False
Team Rocket's Mewtwo ex,Cynthia's Garchomp ex,2026-06-29,0,0,0.0,0.0,0.0032,0.0095,False,False,0,False,False
Team Rocket's Mewtwo ex,Cynthia's Garchomp ex,2026-06-30,0,0,0.0,0.0,0.003,0.0089,False,False,0,False,False
Team Rocket's Mewtwo ex,Cynthia's Garchomp ex,2026-07-01,0,0,0.0,0.0,0.0071,0.0085,False,False,0,False,False
Team Rocket's Mewtwo ex,Cynthia's Garchomp ex,2026-07-02,0,0,0.0,0.0,0.0075,0.009,False,False,0,False,False
Team Rocket's Mewtwo ex,Cynthia's Garchomp ex,2026-07-03,0,0,0.0,0.0,0.0101,0.0087,False,False,0,False,False
Team Rocket's Mewtwo ex,Cynthia's Garchomp ex,2026-07-04,0,0,0.0,0.0,0.0118,0.0088,False,False,0,False,False
Team Rocket's Mewtwo ex,Cynthia's Garchomp ex,2026-07-05,0,0,0.0,0.0,0.0147,0.0103,False,False,0,False,False
Team Rocket's Mewtwo ex,Cynthia's Garchomp ex,2026-07-06,0,0,0.0,0.0,0.0208,0.0104,False,False,0,False,False
Team Rocket's Mewtwo ex,Cynthia's Garchomp ex,2026-07-07,0,0,0.0,0.0,0.0242,0.0091,False,False,0,False,False
Team Rocket's Mewtwo ex,Cynthia's Garchomp ex,2026-07-08,1,1,1.0,0.2065,0.0388,0.0116,False,False,0,False,False
Team Rocket's Mewtwo ex,Cynthia's Garchomp ex,2026-07-09,1,1,1.0,0.2065,0.0508,0.0104,False,False,0,False,False
Team Rocket's Mewtwo ex,Cynthia's Garchomp ex,2026-07-10,1,1,1.0,0.2065,0.0557,0.0111,False,False,0,False,False
Team Rocket's Mewtwo ex,Cynthia's Garchomp ex,2026-07-11,1,1,1.0,0.2065,0.0581,0.0112,False,False,0,False,False
Team Rocket's Mewtwo ex,Cynthia's Garchomp ex,2026-07-12,2,1,0.5,0.0945,0.0599,0.0128,False,False,0,False,False
Team Rocket's Mewtwo ex,Cynthia's Garchomp ex,2026-07-13,2,1,0.5,0.0945,0.0598,0.0153,False,False,0,False,False
Team Rocket's Mewtwo ex,Cynthia's Garchomp ex,2026-07-14,2,1,0.5,0.0945,0.0593,0.0173,False,False,0,False,False
Team Rocket's Mewtwo ex,Cynthia's Garchomp ex,2026-07-15,2,1,0.5,0.0945,0.0531,0.0175,False,False,0,False,False
Team Rocket's Mewtwo ex,Cynthia's Garchomp ex,2026-07-16,2,1,0.5,0.0945,0.0501,0.0306,False,False,0,False,False
Team Rocket's Mewtwo ex,Cynthia's Garchomp ex,2026-07-17,2,1,0.5,0.0945,0.0518,0.0368,False,False,0,False,False
Team Rocket's Mewtwo ex,Cynthia's Garchomp ex,2026-07-18,3,1,0.3333,0.0615,0.0527,0.0404,False,False,0,False,False
Team Rocket's Mewtwo ex,Cynthia's Garchomp ex,2026-07-19,4,2,0.5,0.15,0.0551,0.0455,False,False,0,False,False
Team Rocket's Mewtwo ex,Cynthia's Garchomp ex,2026-07-20,4,2,0.5,0.15,0.0553,0.0522,False,False,0,False,False
Team Rocket's Mewtwo ex,Cynthia's Garchomp ex,2026-07-21,5,3,0.6,0.2307,0.0562,0.0597,False,False,0,False,False
Team Rocket's Mewtwo ex,Cynthia's Garchomp ex,2026-07-22,8,3,0.375,0.1368,0.0549,0.0727,False,False,0,False,False
Team Rocket's Mewtwo ex,Cynthia's Garchomp ex,2026-07-23,11,6,0.5455,0.2801,0.0534,0.0841,False,False,0,False,False
Team Rocket's Mewtwo ex,Cynthia's Garchomp ex,2026-07-24,14,8,0.5714,0.3259,0.0573,0.0885,False,False,0,False,False
Team Rocket's Mewtwo ex,Cynthia's Garchomp ex,2026-07-25,14,8,0.5714,0.3259,0.0567,0.0908,False,False,0,False,False
Team Rocket's Mewtwo ex,Cynthia's Garchomp ex,2026-07-26,18,10,0.5556,0.3372,0.0616,0.1005,False,False,0,False,False
Team Rocket's Mewtwo ex,Cynthia's Garchomp ex,2026-07-27,19,10,0.5263,0.3171,0.0611,0.1029,False,False,0,False,False
Team Rocket's Mewtwo ex,Cynthia's Garchomp ex,2026-07-28,20,10,0.5,0.2993,0.061,0.104,False,False,0,False,False
Team Rocket's Mewtwo ex,Cynthia's Garchomp ex,2026-07-29,20,10,0.5,0.2993,0.0614,0.1075,False,False,0,False,False
Team Rocket's Mewtwo ex,Cynthia's Garchomp ex,2026-07-30,20,10,0.5,0.2993,0.0603,0.1027,False,False,0,False,False
Team Rocket's Mewtwo ex,Cynthia's Garchomp ex,2026-07-31,20,10,0.5,0.2993,0.0571,0.1004,False,False,0,False,False
Team Rocket's Mewtwo ex,Cynthia's Garchomp ex,2026-08-01,21,10,0.4762,0.2834,0.0554,0.098,False,False,0,False,False
Team Rocket's Mewtwo ex,Cynthia's Garchomp ex,2026-08-02,21,10,0.4762,0.2834,0.0546,0.0922,False,False,0,False,False
Team Rocket's Mewtwo ex,Cynthia's Garchomp ex,2026-08-03,22,10,0.4545,0.2692,0.0526,0.0856,False,False,0,False,False
Team Rocket's Mewtwo ex,Cynthia's Garchomp ex,2026-08-04,22,10,0.4545,0.2692,0.0536,0.0765,False,False,0,False,False
Team Rocket's Mewtwo ex,Cynthia's Garchomp ex,2026-08-05,22,10,0.4545,0.2692,0.0506,0.0653,False,False,0,False,False
Team Rocket's Mewtwo ex,Cynthia's Garchomp ex,2026-08-06,22,10,0.4545,0.2692,0.0458,0.0566,False,False,0,False,False
Team Rocket's Mewtwo ex,Cynthia's Garchomp ex,2026-08-07,23,10,0.4348,0.2563,0.0396,0.0534,False,False,0,False,False
Team Rocket's Mewtwo ex,Cynthia's Garchomp ex,2026-08-08,23,10,0.4348,0.2563,0.0379,0.0487,False,False,0,False,False
Team Rocket's Mewtwo ex,Cynthia's Garchomp ex,2026-08-09,23,10,0.4348,0.2563,0.0307,0.039,False,False,0,False,False
Team Rocket's Mewtwo ex,Cynthia's Garchomp ex,2026-08-10,23,10,0.4348,0.2563,0.0294,0.0336,False,False,0,False,False
Team Rocket's Mewtwo ex,Fezandipiti ex,2026-06-16,0,0,0.0,0.0,,,False,False,0,False,False
Team Rocket's Mewtwo ex,Fezandipiti ex,2026-06-17,0,0,0.0,0.0,0.0455,0.0,False,False,0,False,False
Team Rocket's Mewtwo ex,Fezandipiti ex,2026-06-18,0,0,0.0,0.0,0.0682,0.0,False,False,0,False,False
Team Rocket's Mewtwo ex,Fezandipiti ex,2026-06-19,0,0,0.0,0.0,0.0758,0.0,False,False,0,False,False
Team Rocket's Mewtwo ex,Fezandipiti ex,2026-06-20,0,0,0.0,0.0,0.0698,0.0,False,False,0,False,False
Team Rocket's Mewtwo ex,Fezandipiti ex,2026-06-21,0,0,0.0,0.0,0.0652,0.0043,False,False,0,False,False
Team Rocket's Mewtwo ex,Fezandipiti ex,2026-06-22,0,0,0.0,0.0,0.0647,0.0072,False,False,0,False,False
Team Rocket's Mewtwo ex,Fezandipiti ex,2026-06-23,0,0,0.0,0.0,0.0774,0.0089,False,False,0,False,False
Team Rocket's Mewtwo ex,Fezandipiti ex,2026-06-24,0,0,0.0,0.0,0.0807,0.0078,False,False,0,False,False
Team Rocket's Mewtwo ex,Fezandipiti ex,2026-06-25,0,0,0.0,0.0,0.0787,0.0069,False,False,0,False,False
Team Rocket's Mewtwo ex,Fezandipiti ex,2026-06-26,0,0,0.0,0.0,0.0754,0.0065,False,False,0,False,False
Team Rocket's Mewtwo ex,Fezandipiti ex,2026-06-27,0,0,0.0,0.0,0.0712,0.0096,False,False,0,False,False
Team Rocket's Mewtwo ex,Fezandipiti ex,2026-06-28,0,0,0.0,0.0,0.0739,0.0088,False,False,0,False,False
Team Rocket's Mewtwo ex,Fezandipiti ex,2026-06-29,0,0,0.0,0.0,0.0714,0.0095,False,False,0,False,False
Team Rocket's Mewtwo ex,Fezandipiti ex,2026-06-30,0,0,0.0,0.0,0.0729,0.0089,False,False,0,False,False
Team Rocket's Mewtwo ex,Fezandipiti ex,2026-07-01,0,0,0.0,0.0,0.081,0.0085,False,False,0,False,False
Team Rocket's Mewtwo ex,Fezandipiti ex,2026-07-02,0,0,0.0,0.0,0.0841,0.009,False,False,0,False,False
Team Rocket's Mewtwo ex,Fezandipiti ex,2026-07-03,0,0,0.0,0.0,0.0826,0.0087,False,False,0,False,False
Team Rocket's Mewtwo ex,Fezandipiti ex,2026-07-04,0,0,0.0,0.0,0.0868,0.0088,False,False,0,False,False
Team Rocket's Mewtwo ex,Fezandipiti ex,2026-07-05,1,0,0.0,0.0,0.0855,0.0103,False,False,0,False,False
Team Rocket's Mewtwo ex,Fezandipiti ex,2026-07-06,1,0,0.0,0.0,0.0875,0.0104,False,False,0,False,False
Team Rocket's Mewtwo ex,Fezandipiti ex,2026-07-07,1,0,0.0,0.0,0.0831,0.0091,False,False,0,False,False
Team Rocket's Mewtwo ex,Fezandipiti ex,2026-07-08,1,0,0.0,0.0,0.084,0.0116,False,False,0,False,False
Team Rocket's Mewtwo ex,Fezandipiti ex,2026-07-09,1,0,0.0,0.0,0.0878,0.0104,False,False,0,False,False
Team Rocket's Mewtwo ex,Fezandipiti ex,2026-07-10,3,2,0.6667,0.2077,0.1144,0.0111,False,False,0,False,False
Team Rocket's Mewtwo ex,Fezandipiti ex,2026-07-11,5,3,0.6,0.2307,0.1423,0.0112,False,False,0,False,False
Team Rocket's Mewtwo ex,Fezandipiti ex,2026-07-12,6,4,0.6667,0.3,0.161,0.0128,False,False,0,False,False
Team Rocket's Mewtwo ex,Fezandipiti ex,2026-07-13,9,7,0.7778,0.4526,0.1809,0.0153,False,False,0,False,False
Team Rocket's Mewtwo ex,Fezandipiti ex,2026-07-14,13,9,0.6923,0.4237,0.2065,0.0173,False,False,0,False,False
Team Rocket's Mewtwo ex,Fezandipiti ex,2026-07-15,13,9,0.6923,0.4237,0.2325,0.0175,False,False,0,False,False
Team Rocket's Mewtwo ex,Fezandipiti ex,2026-07-16,21,14,0.6667,0.4537,0.2471,0.0306,False,False,0,False,False
Team Rocket's Mewtwo ex,Fezandipiti ex,2026-07-17,26,17,0.6538,0.4622,0.2584,0.0368,False,False,0,False,False
Team Rocket's Mewtwo ex,Fezandipiti ex,2026-07-18,31,20,0.6452,0.4695,0.2763,0.0404,False,False,0,False,False
Team Rocket's Mewtwo ex,Fezandipiti ex,2026-07-19,36,24,0.6667,0.5033,0.286,0.0455,False,False,0,False,False
Team Rocket's Mewtwo ex,Fezandipiti ex,2026-07-20,46,33,0.7174,0.5745,0.2966,0.0522,False,False,0,False,False
Team Rocket's Mewtwo ex,Fezandipiti ex,2026-07-21,51,37,0.7255,0.5905,0.3024,0.0597,True,True,1,True,False
Team Rocket's Mewtwo ex,Fezandipiti ex,2026-07-22,59,43,0.7288,0.604,0.3175,0.0727,True,True,2,False,True
Team Rocket's Mewtwo ex,Marnie's Grimmsnarl ex,2026-06-16,0,0,0.0,0.0,,,False,False,0,False,False
Team Rocket's Mewtwo ex,Marnie's Grimmsnarl ex,2026-06-17,0,0,0.0,0.0,0.0,0.0,False,False,0,False,False
Team Rocket's Mewtwo ex,Marnie's Grimmsnarl ex,2026-06-18,0,0,0.0,0.0,0.0,0.0,False,False,0,False,False
Team Rocket's Mewtwo ex,Marnie's Grimmsnarl ex,2026-06-19,0,0,0.0,0.0,0.0,0.0,False,False,0,False,False
Team Rocket's Mewtwo ex,Marnie's Grimmsnarl ex,2026-06-20,0,0,0.0,0.0,0.0,0.0,False,False,0,False,False
Team Rocket's Mewtwo ex,Marnie's Grimmsnarl ex,2026-06-21,0,0,0.0,0.0,0.0,0.0043,False,False,0,False,False
Team Rocket's Mewtwo ex,Marnie's Grimmsnarl ex,2026-06-22,0,0,0.0,0.0,0.0,0.0072,False,False,0,False,False
Team Rocket's Mewtwo ex,Marnie's Grimmsnarl ex,2026-06-23,0,0,0.0,0.0,0.0,0.0089,False,False,0,False,False
Team Rocket's Mewtwo ex,Marnie's Grimmsnarl ex,2026-06-24,0,0,0.0,0.0,0.0,0.0078,False,False,0,False,False
Team Rocket's Mewtwo ex,Marnie's Grimmsnarl ex,2026-06-25,0,0,0.0,0.0,0.0,0.0069,False,False,0,False,False
Team Rocket's Mewtwo ex,Marnie's Grimmsnarl ex,2026-06-26,0,0,0.0,0.0,0.0,0.0065,False,False,0,False,False
Team Rocket's Mewtwo ex,Marnie's Grimmsnarl ex,2026-06-27,0,0,0.0,0.0,0.0,0.0096,False,False,0,False,False
Team Rocket's Mewtwo ex,Marnie's Grimmsnarl ex,2026-06-28,0,0,0.0,0.0,0.0,0.0088,False,False,0,False,False
Team Rocket's Mewtwo ex,Marnie's Grimmsnarl ex,2026-06-29,0,0,0.0,0.0,0.0,0.0095,False,False,0,False,False
Team Rocket's Mewtwo ex,Marnie's Grimmsnarl ex,2026-06-30,0,0,0.0,0.0,0.0,0.0089,False,False,0,False,False
Team Rocket's Mewtwo ex,Marnie's Grimmsnarl ex,2026-07-01,0,0,0.0,0.0,0.0043,0.0085,False,False,0,False,False
Team Rocket's Mewtwo ex,Marnie's Grimmsnarl ex,2026-07-02,0,0,0.0,0.0,0.0135,0.009,False,False,0,False,False
Team Rocket's Mewtwo ex,Marnie's Grimmsnarl ex,2026-07-03,0,0,0.0,0.0,0.042,0.0087,False,False,0,False,False
Team Rocket's Mewtwo ex,Marnie's Grimmsnarl ex,2026-07-04,0,0,0.0,0.0,0.05,0.0088,False,False,0,False,False
Team Rocket's Mewtwo ex,Marnie's Grimmsnarl ex,2026-07-05,1,0,0.0,0.0,0.0826,0.0103,False,False,0,False,False
Team Rocket's Mewtwo ex,Marnie's Grimmsnarl ex,2026-07-06,1,0,0.0,0.0,0.1024,0.0104,False,False,0,False,False
Team Rocket's Mewtwo ex,Marnie's Grimmsnarl ex,2026-07-07,1,0,0.0,0.0,0.1284,0.0091,False,False,0,False,False
Team Rocket's Mewtwo ex,Marnie's Grimmsnarl ex,2026-07-08,1,0,0.0,0.0,0.146,0.0116,False,False,0,False,False
Team Rocket's Mewtwo ex,Marnie's Grimmsnarl ex,2026-07-09,1,0,0.0,0.0,0.1686,0.0104,False,False,0,False,False
Team Rocket's Mewtwo ex,Marnie's Grimmsnarl ex,2026-07-10,1,0,0.0,0.0,0.168,0.0111,False,False,0,False,False
Team Rocket's Mewtwo ex,Marnie's Grimmsnarl ex,2026-07-11,1,0,0.0,0.0,0.1798,0.0112,False,False,0,False,False
Team Rocket's Mewtwo ex,Marnie's Grimmsnarl ex,2026-07-12,1,0,0.0,0.0,0.1781,0.0128,False,False,0,False,False
Team Rocket's Mewtwo ex,Marnie's Grimmsnarl ex,2026-07-13,1,0,0.0,0.0,0.1809,0.0153,False,False,0,False,False
Team Rocket's Mewtwo ex,Marnie's Grimmsnarl ex,2026-07-14,1,0,0.0,0.0,0.1847,0.0173,False,False,0,False,False
Team Rocket's Mewtwo ex,Marnie's Grimmsnarl ex,2026-07-15,1,0,0.0,0.0,0.1844,0.0175,False,False,0,False,False
Team Rocket's Mewtwo ex,Marnie's Grimmsnarl ex,2026-07-16,6,2,0.3333,0.0968,0.1827,0.0306,False,False,0,False,False
Team Rocket's Mewtwo ex,Marnie's Grimmsnarl ex,2026-07-17,7,2,0.2857,0.0822,0.1742,0.0368,False,False,0,False,False
Team Rocket's Mewtwo ex,Marnie's Grimmsnarl ex,2026-07-18,8,2,0.25,0.0715,0.1745,0.0404,False,False,0,False,False
Team Rocket's Mewtwo ex,Marnie's Grimmsnarl ex,2026-07-19,14,3,0.2143,0.0757,0.1742,0.0455,False,False,0,False,False
Team Rocket's Mewtwo ex,Marnie's Grimmsnarl ex,2026-07-20,19,7,0.3684,0.1915,0.1812,0.0522,False,False,0,False,False
Team Rocket's Mewtwo ex,Marnie's Grimmsnarl ex,2026-07-21,28,9,0.3214,0.1793,0.1861,0.0597,False,False,0,False,False
Team Rocket's Mewtwo ex,Marnie's Grimmsnarl ex,2026-07-22,36,14,0.3889,0.2478,0.1978,0.0727,False,False,0,False,False
Team Rocket's Mewtwo ex,Marnie's Grimmsnarl ex,2026-07-23,48,15,0.3125,0.1995,0.2111,0.0841,False,False,0,False,False
Team Rocket's Mewtwo ex,Marnie's Grimmsnarl ex,2026-07-24,53,16,0.3019,0.1952,0.2296,0.0885,False,False,0,False,False
Team Rocket's Mewtwo ex,Marnie's Grimmsnarl ex,2026-07-25,61,17,0.2787,0.1819,0.2618,0.0908,False,False,0,False,False
Team Rocket's Mewtwo ex,Marnie's Grimmsnarl ex,2026-07-26,75,25,0.3333,0.2371,0.2944,0.1005,False,False,0,False,False
Team Rocket's Mewtwo ex,Marnie's Grimmsnarl ex,2026-07-27,85,30,0.3529,0.2597,0.3219,0.1029,False,False,0,False,False
Team Rocket's Mewtwo ex,Marnie's Grimmsnarl ex,2026-07-28,94,36,0.383,0.2911,0.3552,0.104,False,False,0,False,False
Team Rocket's Mewtwo ex,Marnie's Grimmsnarl ex,2026-07-29,103,41,0.3981,0.3088,0.3946,0.1075,False,False,0,False,False
Team Rocket's Mewtwo ex,Marnie's Grimmsnarl ex,2026-07-30,114,43,0.3772,0.2936,0.4268,0.1027,False,False,0,False,False
Team Rocket's Mewtwo ex,Marnie's Grimmsnarl ex,2026-07-31,122,45,0.3689,0.2885,0.4615,0.1004,False,False,0,False,False
Team Rocket's Mewtwo ex,Marnie's Grimmsnarl ex,2026-08-01,125,47,0.376,0.296,0.4873,0.098,False,False,0,False,False
Team Rocket's Mewtwo ex,Marnie's Grimmsnarl ex,2026-08-02,128,50,0.3906,0.3105,0.4985,0.0922,False,False,0,False,False
Team Rocket's Mewtwo ex,Marnie's Grimmsnarl ex,2026-08-03,130,51,0.3923,0.3126,0.5084,0.0856,False,False,0,False,False
Team Rocket's Mewtwo ex,Marnie's Grimmsnarl ex,2026-08-04,130,51,0.3923,0.3126,0.5052,0.0765,False,False,0,False,False
Team Rocket's Mewtwo ex,Marnie's Grimmsnarl ex,2026-08-05,131,51,0.3893,0.3101,0.5071,0.0653,False,False,0,False,False
Team Rocket's Mewtwo ex,Marnie's Grimmsnarl ex,2026-08-06,132,52,0.3939,0.3147,0.5026,0.0566,False,False,0,False,False
Team Rocket's Mewtwo ex,Marnie's Grimmsnarl ex,2026-08-07,133,53,0.3985,0.3193,0.5019,0.0534,False,False,0,False,False
Team Rocket's Mewtwo ex,Marnie's Grimmsnarl ex,2026-08-08,133,53,0.3985,0.3193,0.485,0.0487,False,False,0,False,False
Team Rocket's Mewtwo ex,Marnie's Grimmsnarl ex,2026-08-09,134,54,0.403,0.3238,0.4726,0.039,False,False,0,False,False
Team Rocket's Mewtwo ex,Marnie's Grimmsnarl ex,2026-08-10,134,54,0.403,0.3238,0.4566,0.0336,False,False,0,False,False
Team Rocket's Mewtwo ex,Mega Kangaskhan ex,2026-06-16,0,0,0.0,0.0,,,False,False,0,False,False
Team Rocket's Mewtwo ex,Mega Kangaskhan ex,2026-06-17,0,0,0.0,0.0,0.0455,0.0,False,False,0,False,False
Team Rocket's Mewtwo ex,Mega Kangaskhan ex,2026-06-18,0,0,0.0,0.0,0.0114,0.0,False,False,0,False,False
Team Rocket's Mewtwo ex,Mega Kangaskhan ex,2026-06-19,0,0,0.0,0.0,0.0152,0.0,False,False,0,False,False
Team Rocket's Mewtwo ex,Mega Kangaskhan ex,2026-06-20,0,0,0.0,0.0,0.0116,0.0,False,False,0,False,False
Team Rocket's Mewtwo ex,Mega Kangaskhan ex,2026-06-21,0,0,0.0,0.0,0.0087,0.0043,False,False,0,False,False
Team Rocket's Mewtwo ex,Mega Kangaskhan ex,2026-06-22,0,0,0.0,0.0,0.0072,0.0072,False,False,0,False,False
Team Rocket's Mewtwo ex,Mega Kangaskhan ex,2026-06-23,0,0,0.0,0.0,0.006,0.0089,False,False,0,False,False
Team Rocket's Mewtwo ex,Mega Kangaskhan ex,2026-06-24,0,0,0.0,0.0,0.0052,0.0078,False,False,0,False,False
Team Rocket's Mewtwo ex,Mega Kangaskhan ex,2026-06-25,0,0,0.0,0.0,0.0069,0.0069,False,False,0,False,False
Team Rocket's Mewtwo ex,Mega Kangaskhan ex,2026-06-26,0,0,0.0,0.0,0.0086,0.0065,False,False,0,False,False
Team Rocket's Mewtwo ex,Mega Kangaskhan ex,2026-06-27,0,0,0.0,0.0,0.0077,0.0096,False,False,0,False,False
Team Rocket's Mewtwo ex,Mega Kangaskhan ex,2026-06-28,0,0,0.0,0.0,0.007,0.0088,False,False,0,False,False
Team Rocket's Mewtwo ex,Mega Kangaskhan ex,2026-06-29,0,0,0.0,0.0,0.0063,0.0095,False,False,0,False,False
Team Rocket's Mewtwo ex,Mega Kangaskhan ex,2026-06-30,0,0,0.0,0.0,0.006,0.0089,False,False,0,False,False
Team Rocket's Mewtwo ex,Mega Kangaskhan ex,2026-07-01,0,0,0.0,0.0,0.0043,0.0085,False,False,0,False,False
Team Rocket's Mewtwo ex,Mega Kangaskhan ex,2026-07-02,0,0,0.0,0.0,0.0075,0.009,False,False,0,False,False
Team Rocket's Mewtwo ex,Mega Kangaskhan ex,2026-07-03,0,0,0.0,0.0,0.0058,0.0087,False,False,0,False,False
Team Rocket's Mewtwo ex,Mega Kangaskhan ex,2026-07-04,0,0,0.0,0.0,0.0074,0.0088,False,False,0,False,False
Team Rocket's Mewtwo ex,Mega Kangaskhan ex,2026-07-05,0,0,0.0,0.0,0.0147,0.0103,False,False,0,False,False
Team Rocket's Mewtwo ex,Mega Kangaskhan ex,2026-07-06,1,0,0.0,0.0,0.0208,0.0104,False,False,0,False,False
Team Rocket's Mewtwo ex,Mega Kangaskhan ex,2026-07-07,1,0,0.0,0.0,0.0287,0.0091,False,False,0,False,False
Team Rocket's Mewtwo ex,Mega Kangaskhan ex,2026-07-08,2,1,0.5,0.0945,0.0491,0.0116,False,False,0,False,False
Team Rocket's Mewtwo ex,Mega Kangaskhan ex,2026-07-09,2,1,0.5,0.0945,0.0624,0.0104,False,False,0,False,False
Team Rocket's Mewtwo ex,Mega Kangaskhan ex,2026-07-10,2,1,0.5,0.0945,0.0759,0.0111,False,False,0,False,False
Team Rocket's Mewtwo ex,Mega Kangaskhan ex,2026-07-11,2,1,0.5,0.0945,0.0899,0.0112,False,False,0,False,False
Team Rocket's Mewtwo ex,Mega Kangaskhan ex,2026-07-12,2,1,0.5,0.0945,0.1087,0.0128,False,False,0,False,False
Team Rocket's Mewtwo ex,Mega Kangaskhan ex,2026-07-13,3,2,0.6667,0.2077,0.1252,0.0153,False,False,0,False,False
Team Rocket's Mewtwo ex,Mega Kangaskhan ex,2026-07-14,3,2,0.6667,0.2077,0.1366,0.0173,False,False,0,False,False
Team Rocket's Mewtwo ex,Mega Kangaskhan ex,2026-07-15,4,3,0.75,0.3006,0.1466,0.0175,False,False,0,False,False
Team Rocket's Mewtwo ex,Mega Kangaskhan ex,2026-07-16,8,6,0.75,0.4093,0.1515,0.0306,False,False,0,False,False
Team Rocket's Mewtwo ex,Mega Kangaskhan ex,2026-07-17,10,8,0.8,0.4902,0.1604,0.0368,False,False,0,False,False
Team Rocket's Mewtwo ex,Mega Kangaskhan ex,2026-07-18,11,9,0.8182,0.523,0.1563,0.0404,False,False,0,False,False
Team Rocket's Mewtwo ex,Mega Kangaskhan ex,2026-07-19,12,9,0.75,0.4677,0.1607,0.0455,False,False,0,False,False
Team Rocket's Mewtwo ex,Mega Kangaskhan ex,2026-07-20,12,9,0.75,0.4677,0.1528,0.0522,False,False,0,False,False
Team Rocket's Mewtwo ex,Mega Kangaskhan ex,2026-07-21,14,9,0.6429,0.3876,0.1494,0.0597,False,False,0,False,False
Team Rocket's Mewtwo ex,Mega Kangaskhan ex,2026-07-22,17,12,0.7059,0.4687,0.1459,0.0727,False,False,0,False,False
Team Rocket's Mewtwo ex,Mega Kangaskhan ex,2026-07-23,19,14,0.7368,0.5121,0.1428,0.0841,False,False,0,False,False
Team Rocket's Mewtwo ex,Mega Kangaskhan ex,2026-07-24,20,14,0.7,0.481,0.134,0.0885,False,False,0,False,False
Team Rocket's Mewtwo ex,Mega Kangaskhan ex,2026-07-25,21,14,0.6667,0.4537,0.1276,0.0908,False,False,0,False,False
Team Rocket's Mewtwo ex,Mega Kangaskhan ex,2026-07-26,22,15,0.6818,0.4732,0.115,0.1005,False,False,0,False,False
Team Rocket's Mewtwo ex,Mega Kangaskhan ex,2026-07-27,24,16,0.6667,0.4671,0.1042,0.1029,False,False,0,False,False
Team Rocket's Mewtwo ex,Mega Kangaskhan ex,2026-07-28,24,16,0.6667,0.4671,0.0988,0.104,False,False,0,False,False
Team Rocket's Mewtwo ex,Mega Kangaskhan ex,2026-07-29,25,16,0.64,0.4452,0.0948,0.1075,False,False,0,False,False
Team Rocket's Mewtwo ex,Mega Kangaskhan ex,2026-07-30,28,17,0.6071,0.4241,0.0943,0.1027,False,False,0,False,False
Team Rocket's Mewtwo ex,Mega Kangaskhan ex,2026-07-31,31,18,0.5806,0.4077,0.0887,0.1004,False,False,0,False,False
Team Rocket's Mewtwo ex,Mega Kangaskhan ex,2026-08-01,33,20,0.6061,0.4368,0.09,0.098,False,False,0,False,False
Team Rocket's Mewtwo ex,Mega Kangaskhan ex,2026-08-02,34,20,0.5882,0.4222,0.086,0.0922,False,False,0,False,False
Team Rocket's Mewtwo ex,Mega Kangaskhan ex,2026-08-03,34,20,0.5882,0.4222,0.0864,0.0856,False,False,0,False,False
Team Rocket's Mewtwo ex,Mega Kangaskhan ex,2026-08-04,34,20,0.5882,0.4222,0.087,0.0765,False,False,0,False,False
Team Rocket's Mewtwo ex,Mega Kangaskhan ex,2026-08-05,34,20,0.5882,0.4222,0.0855,0.0653,False,False,0,False,False
Team Rocket's Mewtwo ex,Mega Kangaskhan ex,2026-08-06,34,20,0.5882,0.4222,0.087,0.0566,False,False,0,False,False
Team Rocket's Mewtwo ex,Mega Kangaskhan ex,2026-08-07,34,20,0.5882,0.4222,0.0904,0.0534,False,False,0,False,False
Team Rocket's Mewtwo ex,Mega Kangaskhan ex,2026-08-08,34,20,0.5882,0.4222,0.0926,0.0487,False,False,0,False,False
Team Rocket's Mewtwo ex,Mega Kangaskhan ex,2026-08-09,34,20,0.5882,0.4222,0.0971,0.039,False,False,0,False,False
Team Rocket's Mewtwo ex,Mega Kangaskhan ex,2026-08-10,34,20,0.5882,0.4222,0.0984,0.0336,False,False,0,False,False
