exact_deck_hash,exact_deck_list,archetype_id,archetype_name
0065b4cfff358aba,5:3;13:1;19:4;65:4;66:3;741:4;742:4;743:4;1079:4;1081:4;1086:4;1097:3;1129:1;1152:4;1182:2;1184:1;1197:2;1225:4;1231:4,UNLABELED_CLUSTER_01,Abra / Alakazam / Dudunsparce / Dunsparce / Kadabra
0069e1f158b8f95c,1:5;4:4;5:2;8:1;16:1;24:1;44:1;126:2;160:2;175:2;184:2;210:1;233:1;272:1;414:1;586:1;756:2;1097:1;1119:1;1122:4;1126:1;1134:1;1147:4;1152:2;1182:4;1188:2;1198:3;1210:1;1219:4;1246:2,Mega Kangaskhan ex,Mega Kangaskhan ex
0078ce0f297a4597,7:10;104:2;112:4;646:4;647:2;648:3;860:2;1079:3;1080:1;1086:4;1097:3;1152:4;1182:2;1197:1;1219:4;1227:4;1231:3;1259:4,Marnie's Grimmsnarl ex,Marnie's Grimmsnarl ex
00926e891310648e,7:9;104:2;112:4;235:1;646:4;647:2;648:3;649:1;689:1;860:2;1079:4;1080:1;1086:3;1097:2;1122:2;1152:4;1174:1;1182:2;1219:4;1227:4;1259:4,Marnie's Grimmsnarl ex,Marnie's Grimmsnarl ex
00932bb6c7f7e12a,7:10;141:1;257:1;258:1;292:4;293:4;303:2;848:1;849:1;906:1;1086:4;1097:2;1113:4;1121:3;1152:4;1159:1;1182:2;1205:3;1213:3;1227:4;1253:2;1256:2,Mega Lopunny ex,Mega Lopunny ex
00ac5196e6530f86,7:10;66:2;112:4;305:2;306:1;646:4;647:3;648:3;1079:4;1080:1;1086:4;1097:2;1152:4;1182:3;1197:2;1227:4;1231:3;1259:4,Marnie's Grimmsnarl ex,Marnie's Grimmsnarl ex
0155f6b15993e7a7,11:4;12:1;19:3;65:4;66:3;304:2;878:4;879:2;1086:4;1097:2;1115:3;1122:4;1129:1;1152:4;1171:4;1194:2;1210:2;1219:3;1227:4;1255:4,UNLABELED_CLUSTER_05,Dudunsparce / Dunsparce / Hop's Phantump / Hop's Trevenant / Hop’s Snorlax
0173ceef418f1aed,2:4;5:4;7:2;66:2;112:2;119:4;120:4;121:3;140:1;235:1;305:2;306:1;1071:1;1086:4;1121:4;1137:1;1152:4;1159:1;1182:3;1197:1;1198:2;1213:2;1227:4;1240:1;1260:2,Dragapult ex,Dragapult ex
01e3b9c098771ebd,2:4;5:4;119:4;120:4;121:3;140:1;184:1;235:2;1071:1;1079:3;1080:1;1086:4;1097:2;1120:3;1121:4;1152:4;1182:3;1198:4;1210:2;1227:4;1256:2,Dragapult ex,Dragapult ex
01f31cfad9010e89,5:3;13:1;19:4;66:3;305:4;741:4;742:4;743:4;1079:4;1081:4;1086:4;1097:1;1129:1;1152:4;1182:3;1184:1;1197:3;1225:4;1231:4,UNLABELED_CLUSTER_01,Abra / Alakazam / Dudunsparce / Dunsparce / Kadabra
020506086cb2e7b0,3:2;5:3;7:4;11:2;112:3;175:3;233:1;414:2;756:4;1097:1;1122:4;1123:2;1147:4;1152:3;1159:1;1182:2;1190:1;1198:3;1210:4;1213:2;1219:2;1227:3;1251:4,Mega Kangaskhan ex,Mega Kangaskhan ex
029019fef4a5042d,1:4;3:4;15:2;18:4;344:4;345:4;414:2;756:2;1097:2;1122:3;1123:1;1134:2;1147:4;1152:4;1159:1;1182:2;1198:4;1209:2;1210:1;1219:4;1225:1;1227:3,Mega Kangaskhan ex,Mega Kangaskhan ex
0416c1e6c4217101,2:3;5:4;7:2;112:2;119:4;120:4;121:3;140:1;235:2;1071:1;1080:1;1086:4;1097:2;1120:4;1121:4;1152:4;1161:1;1182:3;1198:3;1213:1;1227:4;1231:1;1256:2,Dragapult ex,Dragapult ex
04ecfe41e2898127,5:3;12:1;19:4;66:3;305:4;741:4;742:4;743:4;1079:4;1081:4;1086:4;1097:3;1129:1;1146:1;1152:4;1182:2;1203:1;1225:4;1231:4;1266:1,UNLABELED_CLUSTER_01,Abra / Alakazam / Dudunsparce / Dunsparce / Kadabra
05413f44dfa35d63,7:10;104:2;112:4;646:4;647:2;648:3;860:2;1079:3;1080:1;1086:4;1097:3;1122:1;1152:4;1197:2;1219:4;1227:4;1231:3;1259:4,Marnie's Grimmsnarl ex,Marnie's Grimmsnarl ex
057fd0ffbc716756,1:1;11:4;14:2;18:4;20:4;117:2;344:4;345:3;756:3;1086:3;1120:4;1122:3;1147:4;1159:1;1175:1;1182:1;1187:3;1197:3;1225:3;1227:4;1264:3,Mega Kangaskhan ex,Mega Kangaskhan ex
058f82abd5449e39,2:4;5:4;7:2;112:2;119:4;120:4;121:3;140:1;235:2;1071:1;1080:1;1086:4;1097:2;1120:4;1121:4;1152:4;1182:3;1198:3;1213:1;1227:4;1231:1;1246:2,Dragapult ex,Dragapult ex
05aba4123d4ac622,5:3;19:4;66:3;140:1;305:3;741:4;742:4;743:4;1079:4;1081:4;1086:4;1097:1;1129:1;1152:4;1156:1;1182:3;1184:1;1197:3;1225:3;1231:4;1247:1,Fezandipiti ex,Fezandipiti ex
05d630ea10f7d16b,1:1;11:4;14:4;17:1;18:4;344:4;345:4;756:4;1086:4;1087:1;1095:1;1122:4;1123:4;1147:4;1182:2;1197:4;1225:4;1227:4;1264:2,Mega Kangaskhan ex,Mega Kangaskhan ex
05e63c3f2a7ecec1,15:4;17:4;414:1;463:4;473:2;474:2;891:4;1077:3;1097:2;1109:1;1122:2;1134:4;1137:1;1152:4;1216:4;1217:3;1218:4;1219:4;1220:4;1257:3,UNLABELED_CLUSTER_36,Team Rocket's Articuno / Team Rocket's Honchkrow / Team Rocket's Murkrow / Team Rocket's Porygon / Team Rocket's Porygon2
05eb715b17b613fe,3:3;11:4;13:1;66:3;174:1;305:4;848:2;849:2;860:2;861:2;1086:4;1087:3;1097:1;1121:4;1122:2;1152:4;1174:2;1182:2;1225:3;1227:4;1229:4;1264:3,Mega Lopunny ex,Mega Lopunny ex
061e24144a6ce11a,1:13;92:2;93:2;96:4;140:1;150:2;655:1;709:2;710:2;917:2;920:1;1071:2;1080:1;1094:4;1097:2;1121:4;1152:1;1182:2;1184:1;1188:1;1201:1;1227:4;1231:1;1261:4,Teal Mask Ogerpon ex,Teal Mask Ogerpon ex
06382fe8bcef5212,5:1;13:1;19:4;66:3;140:1;142:1;222:1;305:3;521:1;741:4;742:4;743:3;858:1;1079:3;1081:2;1086:4;1097:1;1129:1;1152:4;1156:1;1161:2;1182:2;1184:1;1225:3;1231:4;1266:4,Fezandipiti ex,Fezandipiti ex
0741acc7a0a81516,6:9;12:1;16:4;112:1;116:3;675:2;676:3;1051:2;1052:2;1097:2;1118:2;1122:3;1137:1;1142:4;1152:4;1174:3;1182:4;1187:3;1227:4;1238:2;1264:1,UNLABELED_CLUSTER_60,Barbaracle / Binacle / Lunatone / Munkidori / Okidogi / Solrock
079a59b4e50730a5,5:3;13:1;19:4;65:3;66:3;140:1;343:1;741:4;742:4;743:4;1079:3;1081:4;1086:4;1097:1;1129:1;1146:1;1152:4;1182:3;1184:1;1225:4;1231:4;1264:2,Fezandipiti ex,Fezandipiti ex
07ab87cf5acd3608,5:2;13:1;19:4;66:3;140:1;305:3;343:1;741:4;742:4;743:4;1079:3;1081:2;1086:4;1097:1;1129:1;1146:1;1152:4;1182:3;1184:1;1197:1;1225:4;1231:4;1264:4,Fezandipiti ex,Fezandipiti ex
07d37d40a18e4197,6:10;16:4;116:3;135:1;675:2;676:4;1051:2;1052:2;1097:3;1142:4;1152:4;1174:2;1182:3;1194:2;1197:1;1213:2;1227:4;1238:3;1247:1;1264:3,UNLABELED_CLUSTER_31,Barbaracle / Binacle / Bloodmoon Ursaluna / Lunatone / Okidogi / Solrock
07ff69c74632b4c4,1:10;2:6;343:1;344:4;345:4;352:3;353:3;354:2;1086:4;1094:4;1097:3;1121:4;1152:4;1198:2;1215:2;1227:4,UNLABELED_CLUSTER_55,Crustle / Dwebble / Ethan's Cyndaquil / Ethan's Quilava / Ethan's Typhlosion / Shaymin
08243e2321f0e11e,6:11;20:3;675:3;676:3;677:4;678:4;1102:4;1123:3;1141:4;1142:4;1152:4;1159:1;1182:3;1192:3;1227:4;1229:2,Mega Lucario ex,Mega Lucario ex
086aae342648ca9e,1:1;11:4;14:4;18:4;344:3;345:3;756:4;1086:2;1087:1;1121:1;1122:4;1123:1;1147:4;1159:1;1182:4;1186:3;1190:1;1197:1;1204:1;1219:4;1225:2;1227:4;1245:1;1257:2,Mega Kangaskhan ex,Mega Kangaskhan ex
0b80f6a47f968786,5:3;13:1;19:4;65:1;66:3;140:1;305:2;343:1;741:4;742:4;743:3;1079:3;1081:4;1086:4;1097:1;1129:1;1137:1;1152:4;1182:3;1184:1;1197:1;1225:4;1231:4;1264:2,Fezandipiti ex,Fezandipiti ex
0b99dec21056b2f3,11:4;12:1;19:4;65:4;66:3;304:2;878:4;879:3;1086:4;1097:3;1115:3;1122:4;1152:4;1171:4;1182:2;1197:2;1225:2;1227:4;1255:3,UNLABELED_CLUSTER_05,Dudunsparce / Dunsparce / Hop's Phantump / Hop's Trevenant / Hop’s Snorlax
0bf953f8612d58ea,1:6;89:4;90:4;93:4;100:2;149:4;240:2;1080:1;1086:4;1094:4;1097:2;1152:4;1174:2;1175:2;1182:2;1184:1;1191:1;1210:2;1211:1;1227:4;1245:4,UNLABELED_CLUSTER_19,Applin / Dipplin / Goldeen / Grookey / Seaking / Thwackey
0cba3f750cdde2c5,5:3;13:1;19:4;66:3;305:3;741:4;742:4;743:4;1079:3;1081:4;1086:4;1097:3;1129:1;1146:1;1152:4;1182:3;1184:1;1225:3;1231:4;1264:3,UNLABELED_CLUSTER_01,Abra / Alakazam / Dudunsparce / Dunsparce / Kadabra
0d18cb26af1f820a,7:10;104:2;112:4;235:1;646:3;647:3;648:3;689:1;860:3;1079:3;1080:1;1086:3;1097:3;1152:4;1174:1;1182:3;1219:4;1227:4;1259:4,Marnie's Grimmsnarl ex,Marnie's Grimmsnarl ex
0d2a3e2649f24fb1,3:12;58:1;66:2;305:2;343:2;506:4;1081:4;1086:4;1097:4;1120:4;1122:4;1123:1;1152:4;1197:2;1208:4;1227:4;1247:1;1264:1,UNLABELED_CLUSTER_66,Cubchoo / Dudunsparce / Dunsparce / Great Tusk / Shaymin
0d651d7ecc471d41,6:13;673:2;674:2;675:2;676:3;677:3;678:4;1102:4;1123:2;1141:4;1142:4;1152:4;1158:1;1182:2;1192:4;1227:4;1252:2,Mega Lucario ex,Mega Lucario ex
0e05ea288ae6e6a6,5:2;13:1;19:4;66:3;140:1;305:3;343:1;741:4;742:4;743:4;1079:3;1081:3;1086:4;1097:1;1129:1;1152:4;1182:2;1184:1;1197:2;1225:4;1231:4;1266:4,Fezandipiti ex,Fezandipiti ex
0e7a9c48c0fbb1bb,15:4;17:4;414:1;463:4;473:2;474:1;891:3;1077:4;1097:3;1134:4;1152:4;1175:2;1216:4;1217:4;1218:4;1219:4;1220:4;1247:1;1257:3,UNLABELED_CLUSTER_36,Team Rocket's Articuno / Team Rocket's Honchkrow / Team Rocket's Murkrow / Team Rocket's Porygon / Team Rocket's Porygon2
0e8ba7dfa2b3a1b7,3:7;6:1;117:1;414:1;666:2;860:3;861:3;1030:3;1031:3;1086:4;1118:1;1121:3;1122:3;1145:3;1159:1;1182:2;1189:1;1197:2;1224:1;1225:3;1227:4;1229:4;1262:4,UNLABELED_CLUSTER_12,Cornerstone Mask Ogerpon ex / Mega Froslass ex / Mega Starmie ex
0eb1f4f9633c4cd0,1:7;5:3;15:4;400:4;401:4;414:2;431:2;432:1;463:2;1094:3;1097:1;1119:2;1134:4;1152:4;1159:1;1216:4;1217:1;1218:3;1220:4;1227:2;1257:2,Team Rocket's Mewtwo ex,Team Rocket's Mewtwo ex
0f8ded0dab3abdd6,8:14;57:2;169:4;190:4;414:1;1097:4;1121:4;1122:4;1152:4;1159:1;1182:4;1192:4;1213:2;1227:4;1244:4,UNLABELED_CLUSTER_02,Archaludon ex
0fb452788ceca249,1:9;3:2;4:2;5:2;6:2;63:2;96:3;108:1;140:1;184:2;272:1;756:4;1071:3;1088:1;1097:2;1098:2;1116:4;1121:4;1182:2;1197:1;1198:4;1205:2;1250:4,Mega Kangaskhan ex,Mega Kangaskhan ex
0fe5bb1f17b6b854,1:8;15:4;400:4;401:4;414:2;431:2;434:3;1086:1;1094:3;1121:1;1134:4;1152:4;1159:1;1175:1;1186:1;1216:3;1217:1;1218:3;1220:4;1227:3;1257:3,Team Rocket's Mewtwo ex,Team Rocket's Mewtwo ex
101254ad244275c0,3:8;66:3;235:2;305:3;941:4;942:2;943:4;1079:4;1081:3;1086:4;1097:1;1104:1;1120:4;1122:2;1129:2;1152:4;1213:2;1227:4;1231:3,UNLABELED_CLUSTER_35,Budew / Dudunsparce / Dunsparce / Sealeo / Spheal / Walrein
102b0ac263351177,1:11;13:1;96:4;650:2;651:2;652:2;708:3;709:2;710:2;756:2;1094:4;1118:1;1122:2;1123:1;1145:2;1152:2;1182:1;1194:2;1197:1;1225:3;1229:4;1231:2;1261:4,Teal Mask Ogerpon ex,Teal Mask Ogerpon ex
102eedd09a52a911,6:13;673:2;674:2;675:2;676:3;677:3;678:4;1102:4;1123:3;1141:4;1142:4;1152:3;1159:1;1182:3;1192:4;1227:4;1252:1,Mega Lucario ex,Mega Lucario ex
104f0ed21c6e5b31,5:7;16:3;19:4;112:2;117:2;183:1;184:1;272:1;343:1;414:2;597:1;745:4;746:3;747:3;848:1;849:1;1079:1;1145:2;1152:4;1182:2;1194:3;1197:3;1227:4;1231:2;1249:1;1256:1,Mega Lopunny ex,Mega Lopunny ex
111d0a87c7071fde,1:17;93:2;96:4;140:1;149:1;150:2;346:1;709:1;710:2;917:2;918:1;1071:2;1080:1;1094:4;1097:1;1121:4;1152:1;1182:2;1184:1;1188:1;1227:4;1231:1;1261:4,Teal Mask Ogerpon ex,Teal Mask Ogerpon ex
11537082a1d27571,7:10;66:2;112:4;305:3;646:4;647:3;648:3;1079:4;1086:4;1097:2;1119:1;1139:1;1152:4;1159:1;1197:2;1227:4;1231:4;1259:4,Marnie's Grimmsnarl ex,Marnie's Grimmsnarl ex
11b04dcb725c356f,6:10;20:4;117:2;675:2;676:3;677:4;678:4;1121:3;1123:2;1141:4;1142:4;1152:4;1159:1;1197:2;1213:2;1227:4;1229:4;1252:1,Mega Lucario ex,Mega Lucario ex
11b0a2d81e5449a3,5:2;13:1;19:4;66:3;140:1;305:3;741:4;742:4;743:3;1079:3;1081:3;1086:4;1097:1;1129:1;1137:1;1152:4;1156:2;1174:1;1182:2;1184:1;1225:4;1231:4;1264:4,Fezandipiti ex,Fezandipiti ex
13ea47d998aa99fa,11:4;13:1;14:3;66:4;174:1;305:4;848:4;849:3;1086:4;1121:4;1122:4;1152:4;1174:4;1182:4;1225:4;1227:4;1229:4,Mega Lopunny ex,Mega Lopunny ex
1461973842ae99c3,5:1;13:1;19:4;65:3;66:3;140:1;142:1;214:1;222:1;741:4;742:4;743:3;959:1;1079:3;1081:2;1086:4;1129:1;1152:4;1156:1;1161:1;1174:1;1182:3;1184:1;1225:3;1231:4;1264:4,Fezandipiti ex,Fezandipiti ex
147595d71b360f2c,1:1;11:4;14:4;18:4;344:3;345:3;756:4;1086:4;1087:1;1121:1;1122:3;1123:2;1147:4;1159:1;1182:4;1186:2;1197:1;1212:1;1219:4;1225:3;1227:4;1242:1;1257:1,Mega Kangaskhan ex,Mega Kangaskhan ex
14833e9b4c2389a3,1:7;89:4;90:4;92:4;93:4;140:1;1080:1;1086:4;1094:4;1097:2;1122:4;1129:1;1137:1;1152:4;1175:3;1211:2;1227:4;1231:2;1245:4,Fezandipiti ex,Fezandipiti ex
14db4b34cc8fbbb7,1:1;11:4;14:4;18:4;344:4;345:4;756:4;1086:4;1087:2;1122:4;1123:4;1147:4;1159:1;1182:2;1197:4;1225:4;1227:4;1264:2,Mega Kangaskhan ex,Mega Kangaskhan ex
156485fe400622e4,8:13;57:2;169:4;190:4;414:1;1097:4;1121:4;1122:4;1152:4;1159:1;1182:4;1192:4;1197:1;1213:2;1227:4;1244:4,UNLABELED_CLUSTER_02,Archaludon ex
157ad0f02530292c,3:29;721:4;722:4;723:4;1121:4;1126:1;1145:2;1163:1;1192:4;1227:4;1262:3,Mega Abomasnow ex,Mega Abomasnow ex
15b2a18ec6e238e1,8:15;57:1;169:4;190:4;666:4;1097:3;1121:4;1122:4;1147:4;1152:4;1159:1;1185:4;1227:4;1244:4,UNLABELED_CLUSTER_02,Archaludon ex
16122d69e068716f,7:14;112:4;646:4;647:2;648:4;649:2;1079:4;1080:1;1086:4;1097:2;1152:4;1182:1;1197:2;1227:4;1231:4;1259:4,Marnie's Grimmsnarl ex,Marnie's Grimmsnarl ex
16545c60396b882b,5:3;13:1;19:4;66:2;140:1;305:3;343:1;741:4;742:4;743:4;1079:4;1081:4;1086:4;1097:1;1129:1;1152:4;1182:3;1184:1;1197:3;1225:4;1231:4,Fezandipiti ex,Fezandipiti ex
1659ede5d05ada54,2:6;119:2;120:2;140:1;202:1;344:3;345:2;352:4;353:4;354:3;1079:2;1086:4;1092:1;1097:2;1121:3;1122:1;1123:1;1152:2;1175:2;1182:2;1184:1;1191:2;1213:2;1215:4;1227:1;1256:1;1264:1,Fezandipiti ex,Fezandipiti ex
16eb558bab120cba,7:10;104:2;112:4;646:4;647:3;648:3;860:2;1079:4;1080:1;1086:4;1097:2;1152:4;1182:3;1197:2;1202:1;1219:4;1227:3;1259:4,Marnie's Grimmsnarl ex,Marnie's Grimmsnarl ex
1780347646b3b151,5:2;13:1;19:3;66:4;174:1;214:1;305:4;343:1;741:4;742:3;743:4;959:1;1079:4;1081:2;1086:4;1097:2;1129:1;1146:1;1152:4;1182:2;1224:1;1225:3;1231:3;1264:4,UNLABELED_CLUSTER_47,Abra / Alakazam / Dudunsparce / Dunsparce / Fan Rotom / Kadabra / Shaymin / Togekiss / Togepi
17d163ba9b2ec58c,1:5;42:1;73:1;74:1;89:4;90:3;91:1;93:4;100:2;149:3;240:1;343:1;1086:4;1092:1;1094:3;1097:2;1152:4;1174:2;1175:2;1182:2;1184:1;1191:1;1211:1;1227:4;1231:2;1245:4,UNLABELED_CLUSTER_30,Applin / Dipplin / Goldeen / Grookey / Rabsca / Rellor / Rillaboom / Seaking / Shaymin / Thwackey
17e0e94afdf4984b,1:7;15:4;400:4;401:4;414:2;431:2;434:3;1080:1;1086:1;1094:3;1121:2;1134:4;1152:4;1175:1;1216:4;1217:1;1218:3;1220:4;1227:3;1257:3,Team Rocket's Mewtwo ex,Team Rocket's Mewtwo ex
18b76759876ddefa,11:4;19:4;304:2;311:3;878:4;879:4;1092:1;1097:1;1115:4;1122:4;1134:4;1152:3;1171:4;1182:2;1219:4;1225:4;1227:4;1255:4,UNLABELED_CLUSTER_10,Hop's Phantump / Hop's Trevenant / Hop’s Cramorant / Hop’s Snorlax
19a01ac1cebb1e8b,11:4;13:1;14:3;66:4;174:1;305:4;848:4;849:3;1086:4;1121:4;1122:4;1152:4;1174:4;1182:3;1197:1;1225:4;1227:4;1229:4,Mega Lopunny ex,Mega Lopunny ex
19e9a6845fd135a0,5:2;13:1;19:4;66:2;140:1;305:3;741:4;742:4;743:4;1079:4;1081:3;1086:4;1097:1;1129:1;1146:1;1152:4;1182:3;1184:1;1197:2;1225:4;1231:4;1264:3,Fezandipiti ex,Fezandipiti ex
1a0c457584213a4b,5:2;13:1;19:4;65:3;66:3;140:1;174:1;214:1;343:1;741:4;742:4;743:4;880:1;959:1;1079:3;1081:2;1086:4;1097:2;1129:1;1146:1;1152:4;1182:3;1184:1;1225:4;1231:4,Fezandipiti ex,Fezandipiti ex
1a151591a6ec4386,5:3;13:1;19:4;66:3;305:3;741:4;742:4;743:4;1079:3;1081:2;1086:4;1097:4;1129:2;1152:4;1182:4;1225:3;1231:4;1264:4,UNLABELED_CLUSTER_01,Abra / Alakazam / Dudunsparce / Dunsparce / Kadabra
1a6bef5759001c56,7:10;104:2;112:4;646:4;647:2;648:3;860:2;1079:3;1080:1;1086:4;1097:2;1137:1;1152:4;1161:1;1182:2;1197:3;1219:4;1227:4;1259:4,Marnie's Grimmsnarl ex,Marnie's Grimmsnarl ex
1aab0237a6569b2c,5:3;13:1;19:4;66:3;140:1;305:3;741:4;742:4;743:4;1079:3;1081:4;1086:4;1097:1;1129:1;1137:1;1152:2;1182:2;1184:2;1197:3;1225:4;1231:4;1266:2,Fezandipiti ex,Fezandipiti ex
1b63cff39ca1b990,1:12;16:2;18:3;24:1;96:4;117:1;414:2;848:2;849:1;1094:4;1121:4;1122:3;1127:3;1147:2;1152:2;1159:1;1182:3;1201:1;1213:3;1227:4;1256:2,Teal Mask Ogerpon ex,Teal Mask Ogerpon ex
1b96d77f991ff5b1,6:13;673:2;674:2;675:2;676:3;677:3;678:4;1097:2;1102:3;1123:3;1141:4;1142:4;1152:4;1159:1;1182:2;1197:1;1224:1;1225:2;1227:4,Mega Lucario ex,Mega Lucario ex
1d0dee049c97c9e7,1:9;42:4;89:4;90:4;93:4;100:2;240:2;343:1;1080:1;1086:4;1094:4;1122:1;1129:1;1137:1;1152:4;1175:2;1182:2;1211:2;1227:4;1245:4,UNLABELED_CLUSTER_27,Applin / Dipplin / Goldeen / Grookey / Seaking / Shaymin / Thwackey
1d1ce49f8102bb10,1:6;89:4;90:4;91:1;93:4;100:1;149:4;235:1;1080:1;1086:4;1094:4;1097:1;1152:4;1174:2;1175:2;1182:2;1184:2;1211:2;1213:3;1227:4;1245:4,UNLABELED_CLUSTER_72,Applin / Budew / Dipplin / Goldeen / Grookey / Rillaboom / Thwackey
1d4926b966aa2486,6:10;20:3;675:2;676:3;677:4;678:4;1102:4;1123:3;1141:4;1142:4;1152:4;1159:1;1182:2;1192:3;1197:1;1227:4;1229:3;1252:1,Mega Lucario ex,Mega Lucario ex
1d74e3b00be01a64,1:12;3:1;12:1;16:1;18:4;96:4;117:1;414:2;848:1;849:1;1094:4;1121:3;1122:3;1127:3;1147:3;1152:3;1182:3;1201:1;1213:3;1227:4;1246:2,Teal Mask Ogerpon ex,Teal Mask Ogerpon ex
1e1aceae4b6358f6,1:9;15:4;400:4;401:4;414:2;431:2;434:3;1094:3;1121:1;1134:4;1152:4;1159:1;1175:1;1216:4;1217:1;1218:3;1220:4;1227:3;1257:3,Team Rocket's Mewtwo ex,Team Rocket's Mewtwo ex
1e58a553d59975a3,1:9;15:4;343:1;400:4;401:4;414:2;431:2;434:2;1094:3;1121:1;1134:4;1152:4;1159:1;1216:4;1217:2;1218:3;1220:4;1227:3;1257:3,Team Rocket's Mewtwo ex,Team Rocket's Mewtwo ex
1f8703b476d6d38a,1:16;18:4;96:4;1094:4;1118:2;1119:4;1122:4;1127:2;1137:1;1147:2;1159:1;1182:4;1201:1;1213:4;1223:1;1227:4;1251:2,Teal Mask Ogerpon ex,Teal Mask Ogerpon ex
200d57a432545513,7:10;104:2;112:4;646:4;647:3;648:3;860:2;1079:3;1080:1;1086:3;1097:3;1116:2;1152:4;1182:1;1213:2;1219:4;1227:4;1231:1;1259:4,Marnie's Grimmsnarl ex,Marnie's Grimmsnarl ex
20627125ffab9207,5:2;13:1;19:4;66:2;140:1;305:3;343:1;741:4;742:4;743:4;1079:4;1081:4;1086:4;1097:1;1129:1;1152:4;1182:3;1184:1;1197:3;1225:4;1231:4;1266:1,Fezandipiti ex,Fezandipiti ex
20ba66c22462a120,1:15;11:4;14:4;18:4;344:4;345:4;1086:4;1120:2;1147:4;1152:2;1159:1;1212:4;1227:4;1235:4,UNLABELED_CLUSTER_06,Crustle / Dwebble
20bd60dc632d10b8,5:2;13:1;19:4;65:4;66:3;140:1;174:1;343:2;741:4;742:4;743:4;858:1;1079:3;1081:2;1086:4;1097:1;1129:1;1146:1;1152:4;1182:3;1184:1;1225:4;1231:3;1264:2,Fezandipiti ex,Fezandipiti ex
215bc19f41007af0,2:4;5:4;119:4;120:4;121:3;140:1;184:1;235:2;1071:1;1079:2;1080:1;1086:4;1097:2;1120:3;1121:4;1152:4;1156:1;1182:3;1198:4;1210:2;1227:4;1256:2,Dragapult ex,Dragapult ex
219bb78661ad6ccd,2:4;5:4;7:2;112:2;119:4;120:4;121:3;140:1;235:2;1071:1;1080:1;1086:4;1097:2;1120:3;1121:4;1152:4;1182:3;1197:1;1198:3;1213:1;1227:4;1231:1;1246:2,Dragapult ex,Dragapult ex
2209c374c5fe2353,5:6;11:3;12:1;19:4;304:2;305:2;311:1;878:4;879:4;1086:2;1097:3;1115:4;1122:4;1134:1;1152:2;1171:4;1182:2;1194:2;1197:1;1210:2;1219:2;1227:2;1255:2,UNLABELED_CLUSTER_57,Dunsparce / Hop's Phantump / Hop's Trevenant / Hop’s Cramorant / Hop’s Snorlax
22a47c5a1058b921,1:7;89:4;90:3;92:4;93:4;140:1;1080:1;1086:4;1094:4;1097:3;1122:4;1129:1;1137:1;1152:4;1175:3;1184:1;1197:1;1227:4;1231:2;1245:4,Fezandipiti ex,Fezandipiti ex
22d3f669e8184599,8:13;169:4;190:4;666:4;1097:4;1120:1;1121:4;1122:4;1147:3;1152:4;1159:1;1185:4;1197:2;1227:4;1244:4,UNLABELED_CLUSTER_02,Archaludon ex
22e465ba34de23db,5:1;13:1;19:4;66:3;140:1;305:3;343:1;741:4;742:4;743:3;1079:3;1081:3;1086:4;1097:1;1129:1;1137:1;1152:4;1182:3;1184:1;1197:2;1225:4;1231:4;1266:4,Fezandipiti ex,Fezandipiti ex
23b16a1d79ac3afc,5:3;19:4;66:3;140:1;305:4;741:4;742:4;743:4;1079:4;1081:2;1086:4;1097:3;1123:1;1129:1;1152:4;1182:3;1225:4;1231:4;1247:1;1264:2,Fezandipiti ex,Fezandipiti ex
247a5dc95aff7788,6:13;673:1;674:2;675:2;676:3;677:4;678:4;1102:4;1123:2;1141:4;1142:4;1152:4;1159:1;1182:2;1192:4;1227:4;1252:2,Mega Lucario ex,Mega Lucario ex
248f452e8b8aa953,8:14;169:4;190:4;666:4;1097:4;1121:4;1122:4;1147:2;1152:4;1159:1;1185:4;1197:2;1213:1;1227:4;1244:4,UNLABELED_CLUSTER_02,Archaludon ex
24d2f0bf0cee8dde,5:2;13:1;19:4;66:2;140:1;305:3;343:1;741:4;742:4;743:4;1079:4;1081:4;1086:4;1097:1;1129:1;1152:4;1182:2;1184:1;1197:2;1225:4;1231:4;1264:3,Fezandipiti ex,Fezandipiti ex
25cfcf0100ef1145,11:4;12:1;19:4;65:3;66:3;304:1;311:1;878:4;879:3;1086:4;1097:3;1115:3;1122:4;1152:4;1171:4;1182:2;1194:2;1210:2;1227:4;1255:4,UNLABELED_CLUSTER_22,Dudunsparce / Dunsparce / Hop's Phantump / Hop's Trevenant / Hop’s Cramorant / Hop’s Snorlax
2603936f8d49f47b,2:4;5:3;7:1;112:1;119:4;120:4;121:3;131:2;132:2;133:1;140:1;235:1;791:1;1071:1;1080:1;1086:4;1097:2;1120:3;1121:4;1152:4;1182:3;1198:3;1227:4;1231:1;1256:2,Dragapult ex,Dragapult ex
2655572b2591c7f6,5:4;19:4;115:1;140:1;144:2;162:4;163:4;183:2;184:2;224:1;756:3;1071:1;1088:1;1097:4;1121:4;1123:1;1146:3;1152:4;1188:4;1194:1;1225:1;1227:4;1248:4,Mega Kangaskhan ex,Mega Kangaskhan ex
26bc83edcbd7dada,5:2;13:1;19:3;66:4;174:1;214:1;305:4;343:1;741:4;742:3;743:4;959:1;1079:4;1081:3;1086:4;1097:2;1129:1;1146:1;1152:4;1182:1;1224:1;1225:3;1231:3;1264:4,UNLABELED_CLUSTER_47,Abra / Alakazam / Dudunsparce / Dunsparce / Fan Rotom / Kadabra / Shaymin / Togekiss / Togepi
26c6379657a2c820,5:3;19:4;66:3;305:4;741:4;742:4;743:4;1079:4;1081:4;1086:4;1097:3;1129:1;1146:1;1152:4;1182:2;1197:2;1225:4;1231:4;1247:1,UNLABELED_CLUSTER_01,Abra / Alakazam / Dudunsparce / Dunsparce / Kadabra
272e341949227f9c,3:5;7:3;12:1;17:2;66:3;112:3;305:4;860:3;861:3;1030:3;1031:3;1086:4;1122:2;1137:1;1145:3;1152:4;1198:2;1224:4;1225:4;1229:3,UNLABELED_CLUSTER_07,Mega Froslass ex / Mega Starmie ex
272e624d9683e14e,5:3;13:1;19:4;66:3;140:1;305:3;741:4;742:4;743:3;1079:3;1081:2;1086:4;1097:2;1129:1;1146:1;1152:4;1182:3;1184:1;1197:1;1225:4;1227:4;1231:4,Fezandipiti ex,Fezandipiti ex
2759046d45c803ab,2:3;5:3;7:3;112:2;119:4;120:4;121:3;140:1;141:1;235:1;272:1;689:1;791:1;1071:2;1086:4;1088:1;1097:4;1121:4;1152:4;1182:4;1198:2;1213:1;1227:4;1250:2,Dragapult ex,Dragapult ex
2768139fe1eb6d0b,5:3;19:4;65:4;66:4;741:4;742:4;743:3;1079:3;1081:3;1086:4;1097:1;1129:1;1146:1;1152:4;1159:1;1182:3;1184:1;1225:4;1231:4;1264:4,UNLABELED_CLUSTER_01,Abra / Alakazam / Dudunsparce / Dunsparce / Kadabra
27b307e62db35245,3:7;17:4;131:2;132:2;133:2;1030:4;1031:3;1086:4;1119:2;1121:4;1122:3;1152:4;1167:1;1192:3;1213:3;1225:4;1227:4;1229:4,UNLABELED_CLUSTER_03,Mega Starmie ex
28e08086f5844701,11:4;12:1;19:4;65:3;66:3;304:1;311:1;878:4;879:3;1086:4;1097:3;1115:3;1122:4;1152:4;1171:4;1182:2;1194:2;1197:2;1227:4;1255:4,UNLABELED_CLUSTER_22,Dudunsparce / Dunsparce / Hop's Phantump / Hop's Trevenant / Hop’s Cramorant / Hop’s Snorlax
2a57f95a0978f0cc,5:4;19:4;66:3;305:4;741:4;742:4;743:4;1079:4;1081:4;1086:4;1097:1;1129:3;1152:4;1182:4;1225:4;1231:4;1247:1,UNLABELED_CLUSTER_01,Abra / Alakazam / Dudunsparce / Dunsparce / Kadabra
2a8c2e76cea8afd6,5:4;19:4;66:3;305:4;741:4;742:4;743:4;1079:4;1081:4;1086:4;1097:1;1129:2;1152:4;1182:4;1184:2;1225:4;1231:4,UNLABELED_CLUSTER_01,Abra / Alakazam / Dudunsparce / Dunsparce / Kadabra
2b2e5439cf9cc23e,1:27;11:4;18:4;344:4;345:4;1147:4;1159:1;1212:4;1224:4;1264:4,UNLABELED_CLUSTER_06,Crustle / Dwebble
2b3108749e2032d7,8:11;57:1;169:4;190:4;666:4;1097:3;1121:4;1122:4;1147:4;1152:4;1159:1;1182:4;1185:4;1227:4;1244:4,UNLABELED_CLUSTER_02,Archaludon ex
2b38095c5eca59f6,1:18;18:2;96:4;1094:4;1118:2;1119:4;1122:3;1127:2;1137:1;1147:2;1159:1;1182:3;1201:1;1213:4;1221:1;1223:2;1227:4;1251:2,Teal Mask Ogerpon ex,Teal Mask Ogerpon ex
2c9b6cbbab859256,5:1;13:1;19:4;66:3;109:4;142:1;245:1;305:4;343:1;742:4;743:3;858:1;1079:3;1086:4;1097:1;1129:1;1146:1;1152:4;1156:1;1161:2;1182:3;1184:1;1225:3;1231:4;1264:4,UNLABELED_CLUSTER_49,Abra / Alakazam / Dudunsparce / Dunsparce / Genesect / Kadabra / Psyduck / Shaymin
2d0a90fa804b68f1,2:3;5:4;7:2;66:1;112:2;119:4;120:4;121:3;140:1;184:1;235:2;305:2;306:1;1071:1;1079:2;1080:1;1086:4;1097:3;1121:4;1152:4;1182:2;1198:3;1227:4;1246:2,Dragapult ex,Dragapult ex
2d71c6f1996fb778,6:18;675:2;676:3;677:4;678:4;1102:4;1123:4;1141:4;1142:4;1152:2;1182:3;1192:4;1227:4,Mega Lucario ex,Mega Lucario ex
2da70d7f4cb16df3,5:2;13:1;19:4;66:3;140:1;305:3;741:4;742:4;743:4;1079:3;1081:4;1086:4;1097:2;1129:1;1137:1;1152:4;1182:3;1184:1;1197:1;1225:4;1231:4;1264:2,Fezandipiti ex,Fezandipiti ex
2dad2c302cbb4a32,3:10;12:1;17:4;666:4;1030:3;1031:4;1081:1;1086:4;1097:1;1122:4;1124:4;1145:2;1152:2;1189:4;1213:2;1227:4;1229:4;1246:2,UNLABELED_CLUSTER_03,Mega Starmie ex
2dc0367808ff9740,5:4;19:4;73:1;74:1;164:4;414:1;817:3;818:3;1086:4;1097:4;1120:4;1123:2;1129:2;1144:2;1152:4;1161:2;1197:4;1225:4;1227:4;1247:1;1264:2,UNLABELED_CLUSTER_44,Brambleghast / Bramblin / Comfey / Rabsca / Rellor / Team Rocket's Articuno
2e52301ff6911308,1:8;3:1;4:2;5:2;6:2;63:2;75:1;96:3;108:1;140:1;184:2;209:1;272:1;756:3;978:1;1071:3;1080:1;1097:2;1098:2;1116:4;1121:4;1182:2;1188:1;1198:4;1205:1;1213:1;1227:1;1250:3,Mega Kangaskhan ex,Mega Kangaskhan ex
2e6ecf8381bfd901,11:4;12:1;19:4;65:4;66:3;304:2;343:1;878:4;879:2;1086:4;1097:3;1115:3;1122:3;1152:4;1171:4;1182:2;1194:2;1210:2;1227:4;1255:4,UNLABELED_CLUSTER_58,Dudunsparce / Dunsparce / Hop's Phantump / Hop's Trevenant / Hop’s Snorlax / Shaymin
2e79a10ee3ba9449,6:9;7:1;12:1;16:4;112:1;116:4;117:1;675:2;676:3;1051:2;1052:2;1097:3;1122:1;1137:1;1142:4;1152:4;1174:2;1182:2;1187:2;1213:2;1227:4;1238:2;1256:3,UNLABELED_CLUSTER_04,Cornerstone Mask Ogerpon ex
2f94e9ff474c39a1,7:11;112:2;827:3;828:3;833:2;834:2;848:1;849:1;1080:1;1086:4;1097:2;1121:2;1137:1;1145:2;1152:1;1182:2;1189:2;1197:2;1213:2;1225:2;1227:4;1229:4;1246:2;1252:2,Mega Lopunny ex,Mega Lopunny ex
2fa84cd9495ec752,5:4;19:4;66:4;305:4;741:4;742:4;743:4;1079:4;1081:3;1086:4;1097:2;1129:2;1152:4;1155:1;1156:2;1182:2;1184:1;1225:3;1231:4,UNLABELED_CLUSTER_01,Abra / Alakazam / Dudunsparce / Dunsparce / Kadabra
2fcf79f31ecdb9ff,6:10;20:2;673:2;674:2;675:2;676:3;677:4;678:3;1071:1;1097:1;1121:4;1122:3;1141:4;1142:4;1158:1;1174:1;1182:3;1213:3;1227:4;1229:1;1252:1;1256:1,Mega Lucario ex,Mega Lucario ex
30d909f08c1a652e,1:7;5:3;15:4;400:4;401:4;414:2;431:2;432:1;463:2;1094:3;1097:1;1119:2;1134:4;1152:4;1158:1;1216:4;1217:1;1218:3;1219:1;1220:4;1227:1;1256:2,Team Rocket's Mewtwo ex,Team Rocket's Mewtwo ex
30db1ee024042ec8,7:10;103:2;104:2;112:4;646:4;647:3;648:3;1079:3;1080:1;1086:4;1097:3;1122:1;1137:1;1152:4;1182:2;1219:4;1227:4;1231:1;1259:4,Marnie's Grimmsnarl ex,Marnie's Grimmsnarl ex
31075c9e53d1a13d,2:4;5:4;119:4;120:4;121:3;140:1;184:1;235:2;1079:2;1080:1;1086:4;1097:2;1120:4;1121:4;1123:1;1152:3;1156:1;1182:3;1198:4;1210:2;1227:4;1256:2,Dragapult ex,Dragapult ex
31235eddd9aefebc,5:2;13:1;19:4;66:4;305:4;741:4;742:4;743:4;1079:4;1081:3;1086:4;1097:3;1129:1;1152:4;1182:4;1184:1;1225:4;1231:4;1264:1,UNLABELED_CLUSTER_01,Abra / Alakazam / Dudunsparce / Dunsparce / Kadabra
3371c6e0d2105401,1:3;3:1;6:1;7:3;16:4;18:2;112:4;117:2;344:4;345:4;414:2;1086:4;1120:1;1147:4;1152:4;1159:1;1198:4;1210:4;1227:4;1236:4,UNLABELED_CLUSTER_04,Cornerstone Mask Ogerpon ex
338eafbad291cdbe,1:7;42:2;89:4;90:4;92:2;93:4;343:1;655:3;1086:4;1094:4;1097:3;1102:1;1129:1;1152:4;1155:1;1175:1;1182:2;1211:1;1225:3;1227:4;1245:4,UNLABELED_CLUSTER_34,Applin / Celebi / Dipplin / Grookey / Shaymin / Thwackey
3654c8b86446be5e,1:1;11:4;14:4;18:4;344:4;345:3;756:4;1086:4;1120:4;1122:4;1123:4;1147:3;1159:1;1182:2;1197:4;1225:4;1227:4;1264:2,Mega Kangaskhan ex,Mega Kangaskhan ex
36b9eec2910872dd,2:3;5:3;7:2;112:1;119:4;120:4;121:3;131:2;132:1;133:1;140:1;235:1;1071:1;1079:3;1080:1;1086:4;1097:2;1121:4;1152:4;1182:3;1198:2;1227:4;1231:2;1240:1;1246:1;1256:2,Dragapult ex,Dragapult ex
37e9db4920994509,2:3;5:4;7:2;66:1;112:2;119:4;120:4;121:3;140:1;235:1;305:2;306:1;1071:1;1079:2;1080:1;1086:4;1097:3;1121:4;1152:4;1182:3;1198:3;1227:4;1240:1;1246:2,Dragapult ex,Dragapult ex
37f128dd13a7fe6c,6:11;20:2;673:3;674:2;675:2;676:3;677:4;678:4;1102:4;1123:2;1141:4;1142:4;1152:4;1159:1;1182:2;1192:2;1227:4;1252:2,Mega Lucario ex,Mega Lucario ex
37f2032236fb6baf,1:1;11:4;14:4;18:4;343:1;344:4;345:4;756:4;1086:4;1087:1;1122:4;1123:4;1147:4;1159:1;1182:2;1197:4;1225:4;1227:4;1264:2,Mega Kangaskhan ex,Mega Kangaskhan ex
37fabc1f62f64d07,1:6;89:4;90:4;92:4;93:4;247:4;1080:1;1086:4;1094:4;1097:3;1122:2;1129:1;1152:4;1175:4;1182:1;1197:2;1227:4;1245:4,UNLABELED_CLUSTER_13,Applin / Dipplin / Grookey / Swirlix / Thwackey
37fca0625bdfcba0,6:4;20:4;341:4;342:4;343:1;379:4;380:4;381:3;1080:1;1086:4;1097:2;1142:3;1152:4;1173:3;1182:3;1203:1;1208:1;1213:2;1225:2;1227:4;1261:2,Cynthia's Garchomp ex,Cynthia's Garchomp ex
38fa8a4262f5f9e0,5:6;19:4;164:4;343:1;817:2;818:2;1081:2;1086:4;1097:4;1120:4;1122:2;1152:4;1161:3;1184:2;1197:4;1225:4;1227:4;1228:3;1247:1,UNLABELED_CLUSTER_18,Brambleghast / Bramblin / Comfey / Shaymin
393e490e6960de29,5:2;13:1;19:4;66:2;140:1;305:3;343:1;741:4;742:4;743:4;1079:3;1081:4;1086:4;1097:1;1129:1;1152:4;1182:3;1184:1;1197:3;1225:4;1231:4;1264:2,Fezandipiti ex,Fezandipiti ex
3a7349781963f0b1,1:6;3:2;4:4;5:2;6:2;24:1;63:1;75:1;108:2;117:1;126:2;140:1;160:2;184:2;272:2;414:1;756:1;781:1;1071:1;1097:2;1119:2;1121:4;1126:1;1134:2;1182:2;1194:1;1198:4;1219:4;1227:1;1250:2,Mega Kangaskhan ex,Mega Kangaskhan ex
3a9221cdc7ce6934,2:4;5:4;7:2;112:2;119:4;120:4;121:3;140:1;235:2;1071:1;1080:1;1086:4;1097:3;1120:2;1121:4;1152:4;1182:3;1197:1;1198:3;1213:1;1227:4;1231:1;1256:2,Dragapult ex,Dragapult ex
3aff49e27d78ff81,2:4;5:5;7:2;56:2;112:2;119:4;120:3;121:3;122:1;1079:2;1086:2;1121:4;1122:4;1130:4;1143:2;1158:1;1174:1;1188:2;1189:2;1198:4;1227:4;1235:2,Dragapult ex,Dragapult ex
3b336973fe7b01c6,2:6;5:5;119:4;120:4;121:4;140:1;184:1;235:2;1079:4;1080:1;1086:4;1097:2;1121:4;1152:2;1182:4;1198:4;1210:2;1227:4;1256:2,Dragapult ex,Dragapult ex
3c1906459f149732,6:11;673:2;674:2;675:2;676:3;677:3;678:3;1102:4;1123:3;1141:4;1142:4;1152:4;1159:1;1182:2;1192:2;1213:2;1227:4;1229:2;1252:2,Mega Lucario ex,Mega Lucario ex
3c623d17a29ea8c0,3:14;860:4;861:4;1030:4;1031:4;1086:4;1120:4;1122:4;1159:1;1182:1;1189:4;1206:4;1227:4;1229:4,UNLABELED_CLUSTER_07,Mega Froslass ex / Mega Starmie ex
3c6df30f8a7a9ba8,6:4;20:4;341:4;342:4;379:4;380:4;381:3;387:1;1086:4;1097:1;1137:1;1141:1;1142:3;1152:4;1173:3;1182:4;1194:1;1213:2;1219:2;1227:4;1249:1;1256:1,Cynthia's Garchomp ex,Cynthia's Garchomp ex
3c825a3abd501753,8:14;57:2;169:4;190:4;414:1;1097:4;1121:4;1122:4;1152:4;1159:1;1182:4;1192:4;1197:1;1213:2;1227:4;1244:3,UNLABELED_CLUSTER_02,Archaludon ex
3da418017b237a5f,7:10;104:2;112:4;646:4;647:4;648:4;860:2;1079:3;1080:1;1086:4;1097:3;1152:3;1161:1;1182:2;1219:2;1227:4;1231:3;1259:4,Marnie's Grimmsnarl ex,Marnie's Grimmsnarl ex
3ee0afc0c1b58a95,2:3;5:4;7:3;65:1;66:1;112:2;119:4;120:4;121:3;140:1;235:1;306:1;1071:1;1080:1;1086:4;1097:2;1120:4;1121:4;1152:4;1182:2;1198:3;1213:1;1227:4;1246:1;1260:1,Dragapult ex,Dragapult ex
3f0180aa6166785a,8:13;57:1;169:4;190:4;666:4;1087:2;1097:4;1121:4;1122:4;1147:4;1152:4;1159:1;1182:3;1185:4;1227:4,UNLABELED_CLUSTER_02,Archaludon ex
3f1f09c8f684f280,1:4;4:4;5:1;8:2;16:1;24:1;44:1;126:2;160:2;175:2;184:2;210:1;233:1;272:1;414:1;586:1;756:2;1097:1;1119:1;1122:4;1126:1;1134:1;1147:4;1152:2;1178:1;1182:4;1188:2;1198:3;1210:1;1219:4;1246:2,Mega Kangaskhan ex,Mega Kangaskhan ex
3fb280bccb7483a7,1:19;11:4;14:4;18:4;344:4;345:4;1086:4;1120:3;1147:4;1159:1;1212:1;1227:4;1235:4,UNLABELED_CLUSTER_06,Crustle / Dwebble
3fc2cb03df5b2747,5:3;19:4;66:3;140:1;305:4;741:4;742:4;743:4;1079:4;1081:4;1086:4;1097:1;1129:1;1152:4;1182:3;1184:1;1197:3;1225:3;1231:4;1247:1,Fezandipiti ex,Fezandipiti ex
3fe56fcd5e43bce7,1:7;15:4;400:4;401:4;414:2;431:2;434:3;1086:2;1094:3;1121:1;1134:4;1152:4;1159:1;1175:1;1216:4;1217:1;1218:3;1220:4;1227:3;1257:3,Team Rocket's Mewtwo ex,Team Rocket's Mewtwo ex
40f1021085a61e0f,1:1;11:4;14:1;18:4;20:4;117:2;344:4;345:3;756:3;1086:3;1096:1;1120:4;1122:3;1147:4;1175:2;1182:2;1187:3;1197:2;1225:4;1227:4;1264:2,Mega Kangaskhan ex,Mega Kangaskhan ex
40fa447486e93faf,1:13;11:4;14:4;18:4;96:2;344:4;345:4;1086:4;1097:1;1147:4;1159:1;1197:4;1212:4;1227:4;1235:3,Teal Mask Ogerpon ex,Teal Mask Ogerpon ex
4164643d1cfb5694,1:4;2:8;18:4;344:4;345:4;352:4;353:4;354:4;1079:2;1121:3;1147:2;1152:2;1159:1;1182:4;1192:2;1215:4;1227:4,UNLABELED_CLUSTER_17,Crustle / Dwebble / Ethan's Cyndaquil / Ethan's Quilava / Ethan's Typhlosion
41e645122e9d59c6,5:2;13:1;19:4;66:3;140:1;305:3;741:4;742:4;743:3;1079:3;1081:2;1086:4;1097:1;1129:1;1152:4;1156:2;1174:1;1182:3;1184:2;1225:4;1231:4;1266:4,Fezandipiti ex,Fezandipiti ex
424b6ebe66ea61f8,7:9;141:1;257:1;258:1;292:4;293:4;303:2;848:1;849:1;906:1;1086:4;1097:2;1113:4;1121:3;1137:1;1152:4;1159:1;1182:3;1197:1;1205:3;1213:2;1227:4;1253:2;1256:1,Mega Lopunny ex,Mega Lopunny ex
429baecf852e7cb3,5:3;13:1;19:4;66:3;140:1;305:3;741:4;742:4;743:3;1079:3;1081:4;1086:4;1097:1;1129:1;1146:1;1152:4;1182:3;1184:1;1225:4;1231:4;1264:4,Fezandipiti ex,Fezandipiti ex
42c823200429ac49,1:8;42:3;88:3;89:4;90:4;92:1;93:4;343:1;1080:1;1086:4;1094:4;1097:2;1129:1;1152:4;1175:1;1182:1;1210:1;1211:1;1225:4;1227:4;1245:4,UNLABELED_CLUSTER_33,Applin / Dipplin / Grookey / Shaymin / Thwackey / Volbeat
433c63791dfad146,5:2;13:1;19:4;65:3;66:3;109:4;140:1;343:1;742:4;743:3;858:1;1079:3;1081:2;1086:4;1097:1;1129:1;1146:1;1152:4;1182:3;1184:1;1186:1;1225:4;1231:4;1264:4,Fezandipiti ex,Fezandipiti ex
438ae9574c66cf2b,1:1;11:4;14:2;18:4;20:4;117:2;344:4;345:3;756:3;1086:3;1120:3;1122:3;1147:4;1159:1;1187:3;1197:3;1212:1;1225:4;1227:4;1264:4,Mega Kangaskhan ex,Mega Kangaskhan ex
43a84eaf17fde18d,5:1;13:1;19:4;66:3;140:1;305:3;343:1;741:4;742:4;743:3;1079:4;1081:4;1086:4;1097:1;1129:1;1137:1;1152:4;1182:3;1184:1;1197:2;1225:4;1231:4;1266:2,Fezandipiti ex,Fezandipiti ex
449ba799a24fb205,3:6;7:2;66:2;112:2;305:2;414:1;506:4;1081:3;1086:1;1097:1;1119:2;1120:4;1122:4;1137:1;1152:4;1166:4;1182:2;1184:2;1194:1;1197:1;1219:4;1227:4;1247:1;1264:2,UNLABELED_CLUSTER_25,Cubchoo / Dudunsparce / Dunsparce / Munkidori / Team Rocket's Articuno
450b46f82d284492,1:13;92:2;93:2;96:4;140:1;150:2;709:2;710:2;917:2;920:2;1071:2;1080:1;1094:4;1097:2;1121:4;1152:3;1182:2;1184:1;1227:4;1231:1;1261:4,Teal Mask Ogerpon ex,Teal Mask Ogerpon ex
4511e2f8da72f777,3:8;6:1;117:1;414:1;666:2;860:3;861:3;1030:3;1031:3;1086:4;1121:3;1122:3;1145:3;1159:1;1182:2;1189:1;1197:2;1224:1;1225:3;1227:4;1229:4;1262:4,UNLABELED_CLUSTER_12,Cornerstone Mask Ogerpon ex / Mega Froslass ex / Mega Starmie ex
452f97ef2f4d3154,3:3;11:4;13:1;66:4;174:1;305:4;848:2;849:2;860:2;861:2;1086:4;1087:2;1097:1;1121:4;1122:1;1145:1;1152:4;1174:3;1182:2;1225:3;1227:4;1229:4;1264:2,Mega Lopunny ex,Mega Lopunny ex
45ba6b3928b96ea0,1:8;15:4;400:4;401:4;414:2;431:2;434:2;1086:1;1094:4;1097:2;1121:1;1134:4;1152:4;1159:1;1175:2;1216:4;1218:2;1219:1;1220:2;1227:2;1252:1;1257:3,Team Rocket's Mewtwo ex,Team Rocket's Mewtwo ex
45d76ffee028359f,1:6;89:4;90:4;91:1;93:4;100:1;140:1;149:4;235:1;1080:1;1086:4;1094:4;1097:1;1129:1;1152:4;1175:2;1182:2;1184:2;1211:1;1213:3;1225:1;1227:4;1245:4,Fezandipiti ex,Fezandipiti ex
45e8cc6322697f80,3:9;860:3;861:3;1030:3;1031:3;1077:3;1086:4;1087:1;1097:2;1145:3;1152:3;1159:1;1182:2;1189:2;1197:2;1224:2;1225:3;1227:4;1229:3;1262:4,UNLABELED_CLUSTER_07,Mega Froslass ex / Mega Starmie ex
4687026fcbc2d0cb,1:6;89:4;90:4;92:4;93:4;100:1;240:1;343:1;1086:4;1092:1;1094:4;1097:2;1152:4;1174:2;1175:2;1182:2;1184:1;1191:2;1202:1;1227:4;1231:2;1245:4,UNLABELED_CLUSTER_27,Applin / Dipplin / Goldeen / Grookey / Seaking / Shaymin / Thwackey
46b184ae9968549d,7:9;104:2;112:4;235:1;646:4;647:2;648:3;649:1;860:2;1079:4;1080:1;1086:4;1097:2;1122:2;1152:4;1174:1;1182:2;1219:4;1227:4;1259:4,Marnie's Grimmsnarl ex,Marnie's Grimmsnarl ex
46becdc8f8899835,5:3;13:1;19:4;66:4;140:1;305:4;741:4;742:4;743:4;1079:4;1081:4;1086:4;1129:1;1152:4;1182:2;1225:4;1231:4;1264:4,Fezandipiti ex,Fezandipiti ex
46e13a8eb7e183af,8:13;57:1;169:4;190:4;666:4;1097:4;1121:4;1122:4;1147:3;1152:4;1159:1;1185:4;1197:2;1227:4;1244:4,UNLABELED_CLUSTER_02,Archaludon ex
478924c6d1995606,3:9;17:4;131:2;132:2;133:2;1030:4;1031:3;1086:4;1121:4;1122:3;1152:4;1167:1;1192:3;1213:3;1225:4;1227:4;1229:4,UNLABELED_CLUSTER_03,Mega Starmie ex
47e257e33ef5f5a6,1:7;89:4;90:3;92:4;93:4;1080:1;1086:4;1094:4;1097:2;1122:4;1123:2;1129:1;1152:4;1174:1;1175:1;1184:1;1213:4;1227:4;1231:1;1245:4,UNLABELED_CLUSTER_41,Applin / Dipplin / Grookey / Thwackey
48462cea7bb2adca,5:2;13:1;19:3;66:3;142:1;305:4;343:1;741:4;742:4;743:4;858:1;1079:3;1086:4;1097:1;1129:1;1146:1;1152:4;1156:4;1182:3;1184:1;1225:4;1231:3;1264:3,UNLABELED_CLUSTER_49,Abra / Alakazam / Dudunsparce / Dunsparce / Genesect / Kadabra / Psyduck / Shaymin
48ce6cc5310e298f,8:12;57:1;169:4;190:4;666:4;1087:1;1097:4;1121:4;1122:4;1147:2;1152:4;1159:1;1182:3;1185:4;1227:4;1244:4,UNLABELED_CLUSTER_02,Archaludon ex
48d55595933d4482,5:4;19:4;66:3;140:1;174:1;305:3;343:2;741:4;742:4;743:4;1079:3;1081:2;1086:3;1097:2;1104:1;1129:1;1152:4;1156:1;1174:1;1182:2;1197:2;1225:3;1231:4;1266:1,Fezandipiti ex,Fezandipiti ex
48dcbf6680fdded7,11:4;19:4;66:3;304:2;305:3;311:2;878:4;879:3;1086:4;1115:4;1122:3;1123:1;1152:4;1171:4;1182:3;1194:3;1227:4;1247:1;1255:4,UNLABELED_CLUSTER_22,Dudunsparce / Dunsparce / Hop's Phantump / Hop's Trevenant / Hop’s Cramorant / Hop’s Snorlax
48dd52a2dbec2f58,1:27;96:4;848:4;849:4;1121:4;1127:4;1159:1;1205:4;1210:4;1231:4,Teal Mask Ogerpon ex,Teal Mask Ogerpon ex
4911d251036bbddc,3:34;721:2;722:4;723:4;1121:4;1126:1;1192:4;1227:4;1262:3,Mega Abomasnow ex,Mega Abomasnow ex
4941578511f48d1e,8:13;169:4;190:4;666:4;1097:4;1121:4;1122:4;1147:3;1152:4;1159:1;1182:1;1185:4;1197:2;1227:4;1244:4,UNLABELED_CLUSTER_02,Archaludon ex
495b41c6bf629ba8,3:8;6:1;117:1;666:2;860:3;861:3;1030:3;1031:3;1086:4;1087:2;1121:2;1122:3;1145:3;1159:1;1182:2;1197:2;1224:2;1225:3;1227:4;1229:4;1262:4,UNLABELED_CLUSTER_12,Cornerstone Mask Ogerpon ex / Mega Froslass ex / Mega Starmie ex
49c73af4f8ad03d9,5:3;13:1;19:4;66:3;305:4;591:1;741:4;742:4;743:4;1079:4;1081:3;1086:4;1097:1;1129:1;1152:4;1182:3;1184:1;1197:3;1225:4;1231:4,UNLABELED_CLUSTER_67,Abra / Alakazam / Dudunsparce / Dunsparce / Kadabra / Sigilyph
49d41435c571ef3d,5:2;19:4;66:1;140:1;142:2;305:3;343:1;741:4;742:3;743:3;858:1;1079:3;1081:3;1086:3;1097:3;1129:1;1152:4;1156:3;1182:1;1184:3;1224:1;1225:3;1231:4;1264:3,Fezandipiti ex,Fezandipiti ex
4a12527f6d92c9a2,8:11;57:1;169:4;190:4;666:4;1097:3;1121:4;1122:4;1147:4;1152:4;1159:1;1182:3;1185:4;1197:2;1227:4;1244:3,UNLABELED_CLUSTER_02,Archaludon ex
4a256a933ac66a7b,6:14;673:2;674:2;675:2;676:3;677:4;678:4;1102:4;1123:2;1141:4;1142:4;1152:2;1159:1;1182:3;1192:4;1227:4;1252:1,Mega Lucario ex,Mega Lucario ex
4a4bdaa4cc799960,2:5;5:4;119:4;120:4;121:3;140:1;184:1;235:2;318:1;1079:2;1080:1;1086:4;1097:2;1120:3;1121:4;1123:1;1152:3;1156:1;1182:3;1198:4;1210:2;1227:4;1256:1,Dragapult ex,Dragapult ex
4a4c8fdc31bc148f,8:11;57:1;169:4;190:4;666:4;1087:1;1097:3;1121:4;1122:4;1147:4;1152:4;1159:1;1182:1;1185:4;1197:1;1213:1;1227:4;1244:4,UNLABELED_CLUSTER_02,Archaludon ex
4ae75c6f572cbf5a,1:18;18:2;96:4;1094:4;1118:2;1119:4;1122:4;1127:2;1137:1;1147:2;1159:1;1182:4;1201:1;1213:4;1223:1;1227:4;1251:2,Teal Mask Ogerpon ex,Teal Mask Ogerpon ex
4c5a6821e863e617,1:1;11:4;14:3;18:4;20:2;117:1;344:4;345:3;756:2;1086:2;1121:3;1122:4;1123:1;1147:4;1159:1;1182:4;1187:1;1194:2;1197:1;1212:1;1219:4;1225:2;1227:4;1242:1;1257:1,Mega Kangaskhan ex,Mega Kangaskhan ex
4c938c6bf506dfd6,3:6;7:3;112:3;506:4;1081:4;1086:1;1097:1;1119:3;1120:3;1122:4;1137:1;1152:4;1166:4;1182:2;1184:2;1194:1;1197:1;1219:4;1227:4;1247:1;1256:1;1264:3,UNLABELED_CLUSTER_50,Cubchoo / Munkidori
4d503cd6c360c028,1:9;15:4;400:4;401:4;414:2;431:2;434:2;1094:3;1116:1;1121:1;1134:4;1152:4;1159:1;1175:1;1216:4;1217:1;1218:3;1220:4;1227:3;1257:3,Team Rocket's Mewtwo ex,Team Rocket's Mewtwo ex
4fa2d13d3f52f835,5:2;13:1;19:4;66:2;140:1;305:3;741:4;742:4;743:4;1079:3;1081:3;1086:4;1097:3;1129:1;1152:4;1182:3;1184:1;1197:4;1225:4;1231:4;1266:1,Fezandipiti ex,Fezandipiti ex
50bffd8b08d6667c,3:7;17:4;666:4;1030:3;1031:4;1086:4;1097:1;1118:1;1119:4;1121:2;1122:4;1145:2;1159:1;1182:1;1189:4;1213:2;1227:4;1229:4;1260:4,UNLABELED_CLUSTER_03,Mega Starmie ex
50f4fed941e7bd61,1:8;42:2;89:4;90:4;92:2;93:4;655:4;1086:4;1094:4;1097:1;1102:1;1129:1;1152:4;1155:1;1182:2;1197:3;1225:3;1227:4;1245:4,UNLABELED_CLUSTER_26,Applin / Celebi / Dipplin / Grookey / Thwackey
51b56fb88dab93cf,1:14;96:4;650:4;651:4;652:3;920:1;1080:1;1094:4;1102:4;1122:4;1182:2;1187:2;1197:1;1227:4;1229:4;1261:4,Teal Mask Ogerpon ex,Teal Mask Ogerpon ex
52bf12478558b725,5:2;13:1;19:4;66:2;140:1;142:1;305:3;343:1;741:4;742:4;743:3;858:1;1079:3;1081:3;1086:4;1097:1;1129:1;1152:4;1156:3;1182:2;1225:4;1231:4;1264:4,Fezandipiti ex,Fezandipiti ex
5386aba595f8d879,2:3;5:3;7:2;112:2;119:4;120:4;121:3;131:2;132:2;133:1;140:1;235:1;343:1;791:1;1071:1;1079:3;1080:1;1086:4;1097:2;1121:4;1152:4;1182:2;1198:2;1227:4;1240:1;1256:2,Dragapult ex,Dragapult ex
5391bfeaeabddaaa,3:3;11:4;13:1;66:4;174:1;305:4;414:1;848:3;849:3;1086:4;1121:4;1122:4;1152:4;1174:3;1182:2;1225:4;1227:4;1229:4;1266:3,Mega Lopunny ex,Mega Lopunny ex
53f420cb63036c6b,5:2;13:1;19:4;65:4;66:4;140:1;741:4;742:4;743:4;1079:3;1081:3;1086:4;1097:2;1129:1;1146:1;1152:4;1182:3;1184:1;1225:4;1231:4;1264:2,Fezandipiti ex,Fezandipiti ex
543ca4bbd0093585,5:2;13:1;19:4;66:3;140:1;305:4;343:1;741:4;742:4;743:3;1079:4;1081:3;1086:4;1097:2;1121:1;1129:1;1146:1;1152:4;1182:2;1184:1;1225:4;1231:4;1264:2,Fezandipiti ex,Fezandipiti ex
54454f5d1343798a,5:2;13:1;19:4;66:2;140:1;305:3;741:4;742:4;743:4;1079:3;1081:4;1086:4;1097:1;1129:1;1146:1;1152:4;1182:3;1184:1;1197:3;1225:4;1231:4;1264:2,Fezandipiti ex,Fezandipiti ex
54a3f4c2301cdbd5,1:1;11:4;14:4;18:4;344:4;345:4;756:4;1086:4;1087:1;1122:4;1123:3;1147:4;1159:1;1182:2;1186:1;1197:4;1225:4;1227:4;1264:3,Mega Kangaskhan ex,Mega Kangaskhan ex
54a81ccb36ebe329,1:11;16:4;31:1;96:4;108:1;112:1;117:2;140:1;184:2;272:2;756:2;1071:2;1080:1;1094:4;1097:1;1116:4;1121:4;1127:1;1182:3;1188:1;1221:1;1227:4;1250:3,Teal Mask Ogerpon ex,Teal Mask Ogerpon ex
55a418e3d6a8787d,1:4;2:7;18:4;344:4;345:4;352:4;353:4;354:4;414:1;1079:2;1086:3;1121:1;1147:1;1152:4;1159:1;1182:4;1215:4;1227:4,UNLABELED_CLUSTER_42,Crustle / Dwebble / Ethan's Cyndaquil / Ethan's Quilava / Ethan's Typhlosion / Team Rocket's Articuno
56e7f229dce76854,1:4;11:4;14:4;18:4;20:4;117:3;344:4;345:4;1086:4;1122:4;1123:2;1147:4;1159:1;1186:1;1197:4;1212:3;1227:4;1264:2,UNLABELED_CLUSTER_04,Cornerstone Mask Ogerpon ex
587e178e82ddbea5,7:11;104:2;112:4;646:4;647:3;648:3;860:2;1079:3;1080:1;1086:4;1097:3;1122:1;1137:1;1152:4;1182:2;1219:4;1227:4;1259:4,Marnie's Grimmsnarl ex,Marnie's Grimmsnarl ex
58c4d89cf8edc355,1:7;5:3;15:4;400:4;401:4;414:2;431:2;432:1;463:2;1094:3;1097:1;1119:2;1134:4;1152:4;1159:1;1175:1;1216:4;1217:1;1218:3;1219:1;1220:2;1227:2;1257:2,Team Rocket's Mewtwo ex,Team Rocket's Mewtwo ex
59138a345c6b933a,2:4;5:4;119:4;120:4;121:3;140:1;184:1;235:2;1071:1;1079:2;1080:1;1086:4;1097:2;1120:4;1121:4;1152:3;1156:1;1182:3;1198:4;1210:2;1227:4;1256:2,Dragapult ex,Dragapult ex
593615e603566f8f,3:9;17:4;666:4;1030:4;1031:3;1086:4;1097:2;1120:4;1121:1;1122:4;1145:3;1159:1;1182:1;1189:4;1197:2;1223:2;1227:4;1229:4,UNLABELED_CLUSTER_03,Mega Starmie ex
596d814be92eab55,8:13;169:4;190:4;666:4;1097:4;1121:4;1122:4;1147:4;1152:4;1159:1;1185:4;1197:2;1227:4;1244:4,UNLABELED_CLUSTER_02,Archaludon ex
5970215cd0f6968c,6:14;673:2;674:2;675:2;676:3;677:4;678:4;1102:2;1123:2;1141:4;1142:4;1152:2;1159:1;1182:3;1192:4;1227:4;1252:3,Mega Lucario ex,Mega Lucario ex
598876e4552e2f81,5:3;13:1;19:4;66:2;140:1;142:1;305:3;343:1;741:4;742:4;743:4;858:1;1079:3;1081:3;1086:4;1097:1;1129:1;1152:4;1156:2;1182:1;1225:4;1231:4;1264:4,Fezandipiti ex,Fezandipiti ex
59aefb1a7dfb20a9,1:19;11:4;14:4;18:4;344:4;345:4;1086:4;1147:4;1159:1;1212:4;1227:4;1235:4,UNLABELED_CLUSTER_06,Crustle / Dwebble
59c1b32644e6d6e9,1:12;16:4;24:1;96:4;116:1;117:1;414:2;848:1;849:1;1094:4;1121:4;1122:3;1127:3;1137:1;1147:2;1152:2;1159:1;1182:3;1213:3;1226:1;1227:4;1251:2,Teal Mask Ogerpon ex,Teal Mask Ogerpon ex
5b0df51eb3e5dafa,6:4;20:4;341:4;342:4;379:4;380:4;381:3;387:1;1086:4;1087:1;1097:1;1137:1;1141:1;1142:3;1152:4;1173:3;1182:4;1194:1;1213:1;1219:2;1227:4;1249:1;1256:1,Cynthia's Garchomp ex,Cynthia's Garchomp ex
5bbe78c7df6a16a2,1:7;14:4;18:4;344:4;345:3;756:3;1086:2;1121:2;1122:4;1123:1;1147:4;1159:1;1177:1;1182:4;1186:1;1197:1;1203:1;1212:1;1219:4;1225:2;1227:4;1235:1;1257:1,Mega Kangaskhan ex,Mega Kangaskhan ex
5c3b250ebbd0471c,5:4;19:4;66:4;305:4;741:4;742:4;743:4;1079:4;1081:4;1086:4;1097:2;1129:2;1152:4;1182:3;1184:1;1225:4;1231:4,UNLABELED_CLUSTER_01,Abra / Alakazam / Dudunsparce / Dunsparce / Kadabra
5d6516d5aaf4c75d,6:16;675:2;676:4;677:4;678:4;1102:4;1123:3;1141:3;1142:4;1152:4;1159:1;1182:3;1192:3;1227:3;1229:2,Mega Lucario ex,Mega Lucario ex
5dc2661b39f914a2,7:12;104:1;112:4;646:4;647:2;648:3;860:1;1079:4;1080:1;1086:4;1097:3;1152:4;1182:2;1219:4;1227:4;1231:2;1259:4;1267:1,Marnie's Grimmsnarl ex,Marnie's Grimmsnarl ex
5ef1f4c673271c4f,1:1;11:4;14:4;18:4;344:3;345:3;756:4;1086:4;1120:4;1122:4;1123:4;1147:4;1159:1;1182:2;1197:4;1225:4;1227:4;1264:2,Mega Kangaskhan ex,Mega Kangaskhan ex
5f5f62912ed0d081,6:14;673:2;674:2;675:2;676:3;677:3;678:4;1102:4;1123:2;1141:4;1142:4;1152:4;1159:1;1182:2;1192:4;1227:4;1252:1,Mega Lucario ex,Mega Lucario ex
5f973872992c4b08,8:14;57:2;169:4;190:3;414:1;840:1;1097:4;1121:4;1122:4;1152:4;1159:1;1182:4;1192:4;1197:1;1213:2;1227:4;1244:3,UNLABELED_CLUSTER_02,Archaludon ex
608037127de0670f,6:15;673:1;674:1;675:2;676:4;677:4;678:4;1102:4;1123:3;1141:4;1142:4;1152:4;1167:1;1182:1;1192:3;1227:4;1252:1,Mega Lucario ex,Mega Lucario ex
60c3e5ab24904782,2:4;5:4;10:1;119:4;120:4;121:3;140:1;184:1;235:2;1071:1;1079:2;1086:4;1097:2;1120:2;1121:4;1152:3;1156:1;1182:3;1198:4;1210:2;1225:2;1227:4;1256:2,Dragapult ex,Dragapult ex
6143634cde029e33,1:17;11:4;14:4;18:4;344:4;345:4;1086:4;1097:2;1147:4;1159:1;1212:4;1224:4;1264:4,UNLABELED_CLUSTER_06,Crustle / Dwebble
619c4f503791d5d8,1:6;5:2;7:4;18:4;112:4;344:4;345:4;1086:3;1120:4;1122:4;1123:2;1152:4;1159:1;1182:4;1198:4;1219:2;1227:4,UNLABELED_CLUSTER_48,Crustle / Dwebble / Munkidori
61c5f1394e265863,1:5;73:1;74:1;89:4;90:4;92:4;93:4;142:1;343:1;1080:1;1086:4;1094:4;1097:2;1152:4;1174:2;1175:2;1182:2;1184:1;1187:1;1191:2;1211:1;1223:1;1227:4;1245:4,UNLABELED_CLUSTER_15,Applin / Dipplin / Genesect / Grookey / Rabsca / Rellor / Shaymin / Thwackey
61f90c30a060ef40,7:10;104:2;112:4;646:4;647:3;648:3;860:2;1079:3;1080:1;1086:4;1097:3;1122:1;1152:4;1182:2;1197:1;1219:4;1227:4;1231:1;1259:4,Marnie's Grimmsnarl ex,Marnie's Grimmsnarl ex
6320e3b35bf45d3c,2:3;11:4;13:1;65:1;66:3;109:1;174:1;305:3;791:2;848:3;849:3;1086:3;1097:1;1120:2;1121:3;1122:3;1137:1;1152:4;1174:3;1182:2;1197:1;1225:4;1227:3;1229:2;1264:3,Mega Lopunny ex,Mega Lopunny ex
633a6e693834e6a7,11:4;19:4;66:3;304:2;305:3;878:4;879:4;1080:1;1086:4;1097:4;1115:2;1122:2;1123:2;1152:4;1171:4;1182:3;1213:2;1227:4;1255:4,UNLABELED_CLUSTER_05,Dudunsparce / Dunsparce / Hop's Phantump / Hop's Trevenant / Hop’s Snorlax
637a70372eb9874c,1:9;42:3;88:3;89:4;90:4;92:1;93:4;343:1;1080:1;1086:4;1094:4;1097:2;1129:1;1152:4;1175:1;1182:2;1225:4;1227:4;1245:4,UNLABELED_CLUSTER_33,Applin / Dipplin / Grookey / Shaymin / Thwackey / Volbeat
6384bf64d82fbece,1:3;3:1;6:1;7:3;16:4;18:2;112:4;117:2;344:4;345:4;414:2;1086:4;1147:4;1152:4;1159:1;1198:4;1210:4;1227:4;1236:3;1264:2,UNLABELED_CLUSTER_04,Cornerstone Mask Ogerpon ex
63cc39b3cfe59c37,2:4;5:3;7:3;65:2;66:2;112:2;119:4;120:4;121:3;140:1;235:1;306:1;1071:1;1086:4;1097:2;1121:4;1152:4;1159:1;1182:3;1198:3;1213:2;1227:4;1260:2,Dragapult ex,Dragapult ex
64e146b2133f7b99,6:13;673:3;674:3;675:2;676:3;677:4;678:4;1102:4;1123:3;1141:2;1142:3;1152:4;1159:1;1182:2;1192:4;1227:3;1252:2,Mega Lucario ex,Mega Lucario ex
6549b75f119a0b62,1:17;18:2;96:4;1094:4;1118:1;1119:2;1120:4;1122:3;1127:4;1137:1;1147:3;1159:1;1182:1;1201:1;1213:4;1221:1;1223:1;1227:4;1251:2,Teal Mask Ogerpon ex,Teal Mask Ogerpon ex
65c1c1667f96d6d8,6:6;20:4;341:3;342:3;379:4;380:4;381:3;1079:2;1080:1;1086:4;1129:1;1141:3;1142:4;1152:4;1173:4;1197:1;1225:3;1227:4;1261:2,Cynthia's Garchomp ex,Cynthia's Garchomp ex
6618cabff34b2735,2:4;5:4;7:2;66:2;112:2;119:4;120:4;121:3;140:1;235:2;305:2;306:1;1071:1;1086:4;1121:4;1137:1;1152:4;1159:1;1182:3;1197:1;1198:2;1213:1;1227:4;1240:1;1260:2,Dragapult ex,Dragapult ex
6620d7bcbd15b965,1:18;344:4;345:4;1086:4;1097:2;1102:4;1121:4;1123:2;1152:4;1159:1;1182:3;1192:4;1227:4;1252:2,UNLABELED_CLUSTER_06,Crustle / Dwebble
664b36fb6a71c47d,8:14;57:1;169:4;190:4;414:1;1097:4;1121:4;1122:4;1152:4;1159:1;1182:4;1192:4;1197:1;1213:2;1227:4;1244:4,UNLABELED_CLUSTER_02,Archaludon ex
671aea4c78b10f87,1:1;11:4;14:4;18:4;344:4;345:4;756:4;1086:4;1087:2;1122:4;1123:4;1147:4;1152:2;1159:1;1197:4;1225:4;1227:4;1264:2,Mega Kangaskhan ex,Mega Kangaskhan ex
680da0c6c840cf99,5:5;6:1;7:3;19:4;54:3;55:4;112:3;117:2;184:3;335:1;1071:3;1086:3;1101:4;1119:4;1121:4;1122:1;1152:4;1159:1;1189:4;1225:1;1227:2,UNLABELED_CLUSTER_68,Cornerstone Mask Ogerpon ex / Latias ex / Meowth ex
69252ea384766495,1:1;11:4;14:4;18:4;344:3;345:3;756:4;1086:3;1087:1;1121:1;1122:3;1123:2;1147:4;1159:1;1161:1;1182:4;1186:2;1197:1;1204:1;1219:4;1225:3;1227:4;1242:1;1257:1,Mega Kangaskhan ex,Mega Kangaskhan ex
6948b9208b17fad2,11:4;19:4;304:2;311:3;878:4;879:4;1092:1;1097:1;1115:4;1122:4;1134:4;1152:2;1171:4;1182:2;1197:2;1219:4;1225:3;1227:4;1255:4,UNLABELED_CLUSTER_10,Hop's Phantump / Hop's Trevenant / Hop’s Cramorant / Hop’s Snorlax
69b44e61ab6725cf,3:9;104:2;860:4;861:2;1030:3;1031:3;1086:4;1087:2;1097:1;1122:3;1145:3;1152:2;1159:1;1182:2;1189:1;1197:2;1224:2;1225:2;1227:4;1229:4;1262:4,UNLABELED_CLUSTER_07,Mega Froslass ex / Mega Starmie ex
69d88f938f8b3f54,3:18;235:4;506:4;1086:4;1097:4;1121:4;1122:4;1123:1;1152:4;1197:4;1227:4;1247:1;1264:4,UNLABELED_CLUSTER_56,Budew / Cubchoo
6a52f924c124b4df,5:2;13:1;19:4;65:4;66:3;140:1;214:1;741:4;742:4;743:3;959:1;1079:4;1081:2;1086:4;1097:1;1129:1;1152:4;1156:1;1182:3;1184:1;1225:4;1231:4;1264:3,Fezandipiti ex,Fezandipiti ex
6a5ea46694ab74f1,6:13;673:2;674:2;675:2;676:3;677:4;678:4;1102:4;1123:3;1141:4;1142:4;1152:4;1159:1;1182:2;1192:4;1227:4,Mega Lucario ex,Mega Lucario ex
6b0907ec35e835bd,1:19;18:3;96:4;1094:4;1118:1;1119:2;1122:3;1127:4;1147:3;1159:1;1182:2;1201:1;1213:4;1221:2;1227:4;1251:3,Teal Mask Ogerpon ex,Teal Mask Ogerpon ex
6b960e3ec5086fd3,5:3;13:1;19:4;66:3;140:1;305:3;741:4;742:4;743:3;1079:3;1081:4;1086:4;1097:1;1129:1;1137:1;1152:4;1156:1;1182:3;1184:1;1197:1;1225:4;1231:4;1266:2,Fezandipiti ex,Fezandipiti ex
6bcc792fc6e11051,3:35;12:1;414:1;666:4;722:4;723:4;1121:3;1206:4;1231:4,Mega Abomasnow ex,Mega Abomasnow ex
6c534f1524e51c74,6:13;673:2;674:2;675:2;676:3;677:3;678:4;1102:4;1123:2;1141:4;1142:4;1152:4;1159:1;1182:2;1192:4;1227:4;1252:2,Mega Lucario ex,Mega Lucario ex
6ceb5146e7203de6,6:4;20:3;341:4;342:4;379:4;380:4;381:3;387:1;1086:4;1097:1;1123:1;1137:1;1141:1;1142:3;1152:4;1173:3;1182:4;1194:1;1213:2;1219:2;1227:4;1249:1;1256:1,Cynthia's Garchomp ex,Cynthia's Garchomp ex
6d3e4f8dfdc7aeaf,1:6;5:2;15:4;400:4;401:4;414:2;431:2;434:2;1086:1;1094:2;1097:3;1134:4;1152:4;1175:1;1216:3;1217:2;1218:3;1220:3;1227:4;1246:1;1247:1;1257:2,Team Rocket's Mewtwo ex,Team Rocket's Mewtwo ex
6d7d4d82b45a1f8b,5:2;13:1;19:4;66:3;140:1;305:3;343:1;741:4;742:4;743:3;858:1;1079:3;1081:3;1086:4;1097:1;1129:1;1146:1;1152:4;1182:3;1184:1;1225:4;1231:4;1264:4,Fezandipiti ex,Fezandipiti ex
6dda26bc0a584b26,1:2;11:4;14:4;18:4;344:4;345:3;756:4;1086:3;1087:1;1121:1;1122:3;1123:2;1147:4;1159:1;1182:4;1197:2;1204:1;1219:4;1225:3;1227:4;1242:1;1257:1,Mega Kangaskhan ex,Mega Kangaskhan ex
6e15dd0f2dd6c299,6:15;117:1;673:1;674:1;675:2;676:3;677:4;678:4;1102:4;1137:1;1141:4;1142:4;1152:4;1159:1;1182:1;1197:1;1213:3;1227:4;1229:1;1252:1,Mega Lucario ex,Mega Lucario ex
6f11053c647355ae,5:2;13:1;19:4;65:3;66:3;140:1;343:1;741:4;742:3;743:4;858:1;1079:4;1081:2;1086:4;1097:1;1129:1;1152:4;1156:2;1182:3;1225:4;1231:4;1264:4,Fezandipiti ex,Fezandipiti ex
6f38a6915ee11a29,1:1;11:4;14:3;18:4;20:4;117:1;344:4;345:4;756:3;1086:4;1087:2;1121:1;1122:4;1123:1;1147:4;1159:1;1187:2;1197:3;1225:4;1227:4;1264:2,Mega Kangaskhan ex,Mega Kangaskhan ex
6f8d904a64e7ca25,7:10;66:2;112:4;305:2;646:4;647:3;648:3;1079:4;1080:1;1086:4;1097:3;1152:4;1182:3;1197:2;1227:4;1231:3;1259:4,Marnie's Grimmsnarl ex,Marnie's Grimmsnarl ex
70645f1ff74e9b48,5:9;97:4;98:4;164:4;494:2;1079:4;1086:4;1097:2;1112:1;1119:1;1123:2;1152:4;1155:1;1197:2;1219:2;1227:4;1228:3;1231:3;1264:4,UNLABELED_CLUSTER_71,Chandelure / Comfey / Lampent / Litwick
706f433a5ad22f75,1:10;16:4;18:2;24:1;96:4;117:1;414:2;848:1;849:1;890:1;1094:4;1121:4;1122:3;1127:3;1137:1;1147:2;1152:2;1159:1;1182:3;1201:1;1213:3;1227:4;1251:2,Teal Mask Ogerpon ex,Teal Mask Ogerpon ex
7076f6b88c1d7538,2:3;5:3;7:2;112:1;119:4;120:4;121:2;131:2;132:2;133:1;140:1;235:1;1071:1;1080:1;1086:4;1097:2;1120:4;1121:4;1152:4;1161:1;1182:2;1198:3;1227:4;1231:1;1246:1;1256:2,Dragapult ex,Dragapult ex
70bab7cb8c68f6d0,3:33;721:2;722:4;723:4;1092:1;1121:2;1145:2;1163:2;1219:4;1227:4;1262:2,Mega Abomasnow ex,Mega Abomasnow ex
71056fd1f7a89b2a,7:15;104:2;112:3;646:4;647:3;648:3;860:2;1079:3;1080:1;1086:3;1097:3;1152:3;1182:2;1219:4;1227:4;1231:1;1259:4,Marnie's Grimmsnarl ex,Marnie's Grimmsnarl ex
711c9c6119886c6e,5:2;19:4;66:3;140:1;305:3;741:4;742:4;743:4;1079:4;1081:3;1086:4;1097:2;1129:1;1152:4;1182:3;1184:1;1197:3;1225:4;1231:4;1247:1;1264:1,Fezandipiti ex,Fezandipiti ex
712e7e9d851a570b,1:14;93:2;96:4;140:1;149:1;150:2;346:1;655:1;709:1;710:2;917:2;918:1;920:1;1071:2;1080:1;1094:4;1097:1;1121:4;1152:1;1182:2;1184:1;1188:1;1201:1;1227:4;1231:1;1261:4,Teal Mask Ogerpon ex,Teal Mask Ogerpon ex
713a673323897fef,8:13;57:1;169:4;190:4;666:4;1097:4;1121:3;1122:4;1147:3;1152:4;1159:1;1185:4;1197:3;1227:4;1244:4,UNLABELED_CLUSTER_02,Archaludon ex
71774939c0095e11,7:9;112:1;141:1;257:1;258:1;292:4;293:4;303:2;848:1;849:1;906:1;1086:4;1097:2;1113:4;1121:2;1122:3;1152:4;1159:1;1182:2;1205:2;1213:2;1227:4;1253:2;1256:2,Mega Lopunny ex,Mega Lopunny ex
71837a73b1294f82,6:17;675:2;676:3;677:4;678:4;1121:4;1123:2;1141:4;1142:4;1145:4;1182:2;1205:3;1227:4;1235:3,Mega Lucario ex,Mega Lucario ex
72425533dadc98a1,1:6;89:4;90:4;92:4;93:4;247:4;343:1;1080:1;1086:4;1094:4;1097:4;1122:2;1152:4;1175:3;1182:1;1197:2;1227:4;1245:4,UNLABELED_CLUSTER_51,Applin / Dipplin / Grookey / Shaymin / Swirlix / Thwackey
7398c8069a08a8d1,3:7;11:4;65:3;66:2;174:2;758:3;849:3;860:2;861:2;1071:1;1086:3;1097:1;1121:3;1123:2;1152:3;1159:1;1182:3;1186:1;1213:1;1225:3;1227:4;1229:3;1264:3,Mega Lopunny ex,Mega Lopunny ex
73b0ed38b2c7f5ea,2:4;5:4;119:4;120:4;121:4;140:1;184:1;235:2;1071:1;1079:3;1080:1;1086:4;1097:2;1120:4;1121:4;1152:2;1182:3;1198:4;1210:2;1227:4;1256:2,Dragapult ex,Dragapult ex
73b8e8e2162f22b1,1:6;2:6;18:4;344:4;345:4;352:4;353:4;354:4;1079:4;1121:4;1152:4;1182:4;1215:4;1227:4,UNLABELED_CLUSTER_17,Crustle / Dwebble / Ethan's Cyndaquil / Ethan's Quilava / Ethan's Typhlosion
74338cad5e6dbc8b,1:9;15:4;400:4;401:4;414:2;431:2;434:2;1094:3;1121:1;1134:4;1152:4;1159:1;1175:2;1216:4;1217:1;1218:3;1220:4;1227:3;1257:3,Team Rocket's Mewtwo ex,Team Rocket's Mewtwo ex
7436a436fd90a94d,5:2;13:1;19:4;66:2;142:1;305:3;343:1;741:4;742:4;743:3;1079:3;1081:3;1086:4;1129:2;1152:4;1161:3;1182:2;1184:1;1197:1;1225:4;1231:4;1266:4,UNLABELED_CLUSTER_23,Abra / Alakazam / Dudunsparce / Dunsparce / Genesect / Kadabra / Shaymin
7452774657ad1444,11:4;12:1;19:4;65:4;66:4;304:2;878:4;879:3;1086:4;1097:3;1115:3;1122:4;1152:4;1171:4;1194:2;1210:2;1227:4;1255:4,UNLABELED_CLUSTER_05,Dudunsparce / Dunsparce / Hop's Phantump / Hop's Trevenant / Hop’s Snorlax
7465611391547243,2:4;5:4;7:3;112:2;119:4;120:4;121:3;140:1;235:1;1071:1;1080:1;1086:4;1097:3;1121:4;1152:4;1182:3;1198:3;1213:1;1227:4;1231:2;1246:4,Dragapult ex,Dragapult ex
74c27650b18b57e3,5:3;19:4;65:4;66:4;741:4;742:4;743:3;1079:3;1081:3;1086:4;1129:2;1146:1;1152:4;1182:3;1184:1;1225:4;1231:4;1247:1;1264:4,UNLABELED_CLUSTER_01,Abra / Alakazam / Dudunsparce / Dunsparce / Kadabra
74f419fc4f947422,1:1;11:4;14:4;18:4;344:4;345:4;756:4;1086:4;1087:1;1122:4;1123:4;1147:4;1159:1;1182:2;1197:4;1225:4;1227:4;1264:3,Mega Kangaskhan ex,Mega Kangaskhan ex
753c7d1f9e30d5be,5:3;13:1;19:4;66:3;305:4;741:4;742:4;743:4;1079:4;1081:4;1086:4;1097:2;1129:1;1152:4;1182:3;1225:4;1231:4;1264:3,UNLABELED_CLUSTER_01,Abra / Alakazam / Dudunsparce / Dunsparce / Kadabra
755af6541b064429,8:14;57:2;169:4;190:4;1097:4;1121:4;1122:3;1123:2;1152:4;1159:1;1182:3;1192:4;1213:4;1227:4;1244:3,UNLABELED_CLUSTER_02,Archaludon ex
766ca153ce8e65d8,1:1;11:4;14:4;18:4;20:2;117:1;344:4;345:3;756:2;1086:2;1112:1;1121:2;1122:4;1123:1;1147:4;1159:1;1182:4;1194:2;1197:2;1219:4;1225:2;1227:4;1257:1;1261:1,Mega Kangaskhan ex,Mega Kangaskhan ex
76d558d342480e95,6:15;673:3;674:3;675:2;676:3;677:4;678:4;1102:4;1123:3;1141:1;1142:3;1152:4;1159:1;1182:2;1192:4;1227:3;1252:1,Mega Lucario ex,Mega Lucario ex
7702f27dfc110b71,2:3;5:4;7:2;112:2;119:4;120:4;121:3;140:1;235:2;1071:1;1086:4;1097:2;1120:4;1121:4;1152:4;1159:1;1182:3;1197:1;1198:3;1213:1;1227:4;1231:1;1256:2,Dragapult ex,Dragapult ex
772413e4790654e2,5:3;13:1;19:4;66:3;305:4;741:4;742:4;743:4;1079:4;1081:1;1086:4;1097:3;1129:1;1152:4;1182:3;1184:1;1225:4;1231:4;1264:4,UNLABELED_CLUSTER_01,Abra / Alakazam / Dudunsparce / Dunsparce / Kadabra
7800c70ef460208a,6:10;20:3;675:2;676:3;677:4;678:4;1102:4;1123:3;1141:4;1142:4;1152:4;1159:1;1182:2;1192:3;1197:2;1227:4;1229:3,Mega Lucario ex,Mega Lucario ex
78424bb7b3831f69,5:1;13:1;19:4;66:3;174:1;305:4;741:4;742:4;743:4;1079:3;1081:2;1086:4;1097:2;1129:1;1152:4;1182:4;1184:1;1197:2;1225:3;1231:4;1266:4,UNLABELED_CLUSTER_29,Abra / Alakazam / Dudunsparce / Dunsparce / Fan Rotom / Kadabra
79181fc7b7433c70,5:2;13:1;19:4;66:3;305:4;521:1;741:4;742:4;743:4;1079:4;1081:4;1086:4;1097:1;1129:1;1152:4;1156:1;1182:2;1197:1;1209:1;1225:3;1231:4;1266:3,UNLABELED_CLUSTER_54,Abra / Alakazam / Dudunsparce / Dunsparce / Elgyem / Kadabra
795a6c78e1194ccd,5:4;19:4;66:3;140:1;305:4;343:1;741:4;742:4;743:4;1079:4;1081:4;1086:4;1097:1;1129:1;1152:4;1182:2;1184:1;1197:2;1225:4;1231:4,Fezandipiti ex,Fezandipiti ex
797fcd4985090800,5:2;13:1;19:4;65:3;66:2;109:4;140:1;343:1;742:4;743:4;1079:3;1081:4;1086:4;1097:1;1129:1;1152:4;1182:3;1184:1;1197:3;1225:4;1231:4;1266:2,Fezandipiti ex,Fezandipiti ex
7a3dfdac5c420dd6,3:9;666:2;860:3;861:3;1030:3;1031:3;1086:4;1087:2;1116:1;1122:3;1145:3;1152:1;1159:1;1182:2;1189:2;1197:2;1213:2;1225:2;1227:4;1229:4;1262:4,UNLABELED_CLUSTER_07,Mega Froslass ex / Mega Starmie ex
7b8dec20710c5b73,1:11;11:4;14:4;18:4;112:2;344:4;345:4;1086:4;1121:2;1122:4;1147:2;1159:1;1182:2;1212:4;1224:2;1227:4;1235:2,UNLABELED_CLUSTER_48,Crustle / Dwebble / Munkidori
7c0a454617fc9ab4,1:9;3:1;4:2;5:2;6:2;63:2;96:3;108:1;140:2;184:2;272:2;756:4;1071:3;1088:1;1097:2;1098:2;1116:4;1121:4;1182:2;1198:4;1205:2;1250:4,Mega Kangaskhan ex,Mega Kangaskhan ex
7c58f3915e31351e,11:4;20:4;58:4;344:4;345:4;607:1;1086:4;1121:1;1122:4;1123:4;1142:4;1147:1;1152:4;1182:4;1185:4;1194:2;1197:4;1204:2;1247:1,UNLABELED_CLUSTER_20,Crustle / Dwebble / Great Tusk / Terrakion
7d3dd55013032486,2:3;5:4;7:2;66:1;112:2;119:4;120:4;121:3;140:1;235:1;305:2;306:1;1071:1;1079:2;1080:1;1086:4;1097:3;1121:4;1152:4;1182:3;1198:3;1227:4;1240:1;1260:2,Dragapult ex,Dragapult ex
7d49edaa78ac6f8c,1:10;42:4;89:2;90:2;93:4;100:4;240:4;1080:1;1086:4;1094:4;1102:3;1129:1;1137:1;1152:4;1219:4;1227:4;1245:4,UNLABELED_CLUSTER_19,Applin / Dipplin / Goldeen / Grookey / Seaking / Thwackey
7d60eec45120e5f0,8:14;169:4;190:4;666:4;1087:1;1097:4;1121:4;1122:4;1147:2;1152:3;1159:1;1185:4;1197:2;1213:1;1227:4;1244:4,UNLABELED_CLUSTER_02,Archaludon ex
7d6f431b88be3307,11:4;14:4;18:4;20:2;117:1;344:4;345:3;756:2;1086:2;1120:4;1121:2;1122:4;1123:1;1147:4;1159:1;1182:4;1197:1;1212:1;1219:4;1225:3;1227:4;1257:1,Mega Kangaskhan ex,Mega Kangaskhan ex
7e126a3431e21d4d,3:5;7:3;17:2;112:2;131:2;132:2;133:1;235:1;1030:4;1031:3;1071:1;1086:4;1121:4;1122:3;1152:4;1159:1;1182:3;1197:1;1225:4;1227:4;1229:2;1260:4,UNLABELED_CLUSTER_38,Mega Starmie ex / Meowth ex
7e359b4676816133,1:7;3:3;6:2;16:4;18:1;117:2;343:1;344:4;345:4;414:2;666:4;1086:4;1152:4;1159:1;1182:2;1198:4;1210:3;1227:4;1256:1;1264:3,UNLABELED_CLUSTER_04,Cornerstone Mask Ogerpon ex
7e52672c91577618,7:9;112:2;235:1;292:4;293:4;303:2;906:1;1080:1;1086:4;1097:2;1113:4;1121:3;1152:3;1176:2;1182:4;1188:1;1195:1;1197:1;1205:3;1213:1;1227:4;1253:3,UNLABELED_CLUSTER_21,N’s Zoroark ex
7eeb119d5acc4906,5:2;13:1;19:4;66:3;140:1;142:1;305:3;343:1;741:4;742:4;743:3;858:1;1079:4;1081:3;1086:4;1097:1;1129:1;1152:4;1182:3;1225:4;1227:4;1231:4,Fezandipiti ex,Fezandipiti ex
7f16d36ae4847ce5,7:9;104:2;112:4;235:1;646:4;647:2;648:3;689:1;860:2;1079:3;1080:1;1086:3;1097:2;1119:1;1122:2;1134:1;1152:4;1182:3;1219:4;1227:4;1259:4,Marnie's Grimmsnarl ex,Marnie's Grimmsnarl ex
7f6aeb19dceb3577,5:8;19:4;164:4;343:1;817:3;818:2;1081:3;1086:4;1087:2;1095:1;1097:4;1120:3;1139:3;1152:4;1184:2;1197:4;1225:4;1227:4,UNLABELED_CLUSTER_18,Brambleghast / Bramblin / Comfey / Shaymin
815f539a0c57442e,1:11;15:4;400:4;401:4;414:2;431:2;434:2;1094:3;1121:1;1122:1;1134:4;1152:3;1159:1;1216:4;1217:2;1218:3;1220:4;1227:3;1257:2,Team Rocket's Mewtwo ex,Team Rocket's Mewtwo ex
81a40d929609bf7c,6:13;673:2;674:2;675:2;676:3;677:3;678:4;1102:4;1123:2;1141:4;1142:4;1152:4;1159:1;1182:2;1192:4;1211:2;1227:4,Mega Lucario ex,Mega Lucario ex
831fd3a04060c7c2,5:3;13:1;19:4;66:3;305:4;741:4;742:4;743:4;1079:4;1081:4;1086:4;1097:3;1129:1;1152:4;1182:3;1184:1;1225:4;1231:4;1264:1,UNLABELED_CLUSTER_01,Abra / Alakazam / Dudunsparce / Dunsparce / Kadabra
834b6eda21fb1237,1:4;5:2;7:2;11:4;18:4;344:4;345:4;1086:3;1122:4;1147:4;1159:1;1182:3;1197:2;1198:4;1212:4;1219:4;1227:4;1257:3,UNLABELED_CLUSTER_06,Crustle / Dwebble
840698aa5f175aeb,5:2;13:1;19:4;66:2;140:1;305:3;343:1;741:4;742:4;743:4;1079:3;1081:4;1086:4;1097:1;1129:1;1152:4;1182:3;1184:1;1197:3;1225:4;1231:4;1264:1;1266:1,Fezandipiti ex,Fezandipiti ex
8417597ea8879a72,5:2;13:1;19:4;66:3;214:1;305:4;741:4;742:4;743:4;959:1;1079:4;1081:3;1086:4;1129:2;1146:1;1152:4;1182:2;1184:1;1225:4;1231:4;1264:3,UNLABELED_CLUSTER_16,Abra / Alakazam / Dudunsparce / Dunsparce / Kadabra / Togekiss / Togepi
842972d3b3962877,3:2;4:4;5:4;6:2;108:2;117:1;140:2;184:3;272:4;756:4;957:1;1071:4;1088:1;1102:4;1121:4;1146:3;1172:2;1182:3;1198:4;1205:2;1250:4,Mega Kangaskhan ex,Mega Kangaskhan ex
8638514a3b38c1c8,6:13;673:3;674:3;675:2;676:3;677:4;678:4;1102:4;1123:3;1141:2;1142:4;1152:4;1159:1;1182:2;1192:3;1227:3;1252:2,Mega Lucario ex,Mega Lucario ex
8646527a9765ecf5,1:1;11:4;14:1;18:4;20:4;117:2;344:4;345:3;756:3;1086:3;1120:4;1122:3;1147:4;1159:1;1182:2;1187:3;1197:2;1225:4;1227:4;1264:4,Mega Kangaskhan ex,Mega Kangaskhan ex
86499e4fd823b2f6,5:6;7:2;19:4;54:1;55:4;65:3;66:2;112:2;184:1;272:1;335:3;1071:1;1086:4;1092:1;1101:3;1119:2;1121:2;1129:1;1152:4;1174:1;1184:1;1189:4;1198:2;1225:1;1227:3;1263:1,UNLABELED_CLUSTER_61,Latias ex / Lillie’s Clefairy ex / Meowth ex
86c088ba7b657377,5:2;19:4;66:4;140:1;305:4;741:4;742:4;743:3;1079:3;1081:3;1086:4;1097:1;1129:1;1152:4;1159:1;1182:2;1197:3;1225:4;1231:4;1264:4,Fezandipiti ex,Fezandipiti ex
86f48729d55f8661,5:2;13:1;19:4;65:4;66:4;140:1;741:4;742:4;743:4;1079:3;1081:3;1086:4;1097:2;1129:1;1146:1;1152:4;1182:3;1184:1;1197:1;1225:3;1231:4;1264:2,Fezandipiti ex,Fezandipiti ex
875223feb861ca74,7:10;104:2;112:4;646:4;647:3;648:3;860:2;1079:4;1080:1;1086:4;1097:2;1152:4;1182:3;1197:1;1202:2;1219:3;1227:4;1259:4,Marnie's Grimmsnarl ex,Marnie's Grimmsnarl ex
87878bec14a895a0,5:2;19:4;66:3;305:4;741:4;742:4;743:4;1079:4;1081:4;1086:4;1102:4;1104:1;1129:2;1152:4;1184:1;1225:4;1231:4;1264:3,UNLABELED_CLUSTER_01,Abra / Alakazam / Dudunsparce / Dunsparce / Kadabra
878d8d9ada634b46,3:9;17:4;666:4;1030:4;1031:3;1086:4;1097:2;1120:4;1121:1;1122:4;1145:4;1159:1;1182:1;1189:4;1197:1;1223:1;1225:2;1227:4;1229:3,UNLABELED_CLUSTER_03,Mega Starmie ex
87b0ed2ad6405a26,6:13;117:1;673:2;674:2;675:2;676:3;677:4;678:3;1102:4;1123:2;1141:4;1142:4;1152:2;1159:1;1182:1;1192:3;1213:2;1227:4;1229:2;1252:1,Mega Lucario ex,Mega Lucario ex
884c0683209ead35,2:4;5:4;7:2;112:1;119:4;120:4;121:3;140:1;184:1;235:2;1071:1;1080:1;1086:4;1097:2;1120:4;1121:4;1152:4;1182:3;1198:3;1213:1;1227:4;1231:1;1246:2,Dragapult ex,Dragapult ex
88739802da194717,5:2;13:1;19:4;66:2;140:1;305:3;741:4;742:4;743:4;1079:3;1081:4;1086:4;1097:1;1129:1;1146:1;1152:4;1182:3;1184:1;1197:3;1225:4;1231:4;1246:2,Fezandipiti ex,Fezandipiti ex
888826866a5bccdd,1:1;11:4;14:3;18:4;20:2;117:1;344:4;345:3;756:2;1086:2;1121:3;1122:4;1123:1;1147:4;1159:1;1177:1;1182:4;1187:1;1194:2;1197:1;1219:4;1225:2;1227:4;1242:1;1257:1,Mega Kangaskhan ex,Mega Kangaskhan ex
8907612d396f895a,7:15;112:4;646:4;647:2;648:4;649:2;1079:4;1086:4;1097:2;1152:2;1159:1;1197:4;1202:2;1227:4;1231:4;1259:2,Marnie's Grimmsnarl ex,Marnie's Grimmsnarl ex
890af7220ecf499d,8:13;169:4;190:4;666:4;1097:4;1121:4;1122:4;1147:2;1152:4;1159:1;1182:1;1185:4;1197:3;1227:4;1244:4,UNLABELED_CLUSTER_02,Archaludon ex
8945c20fc38af9f1,1:8;15:4;400:4;401:4;414:2;431:2;434:2;1086:1;1094:3;1097:2;1121:2;1134:4;1152:4;1159:1;1175:2;1216:4;1218:2;1219:1;1220:2;1227:3;1264:3,Team Rocket's Mewtwo ex,Team Rocket's Mewtwo ex
898f15c46cf94538,6:12;673:3;674:3;675:2;676:2;677:4;678:4;1097:2;1102:2;1123:2;1141:4;1142:4;1152:3;1159:1;1182:2;1213:2;1227:4;1229:2;1252:2,Mega Lucario ex,Mega Lucario ex
89c3e2c479a23d14,2:4;5:4;7:2;112:2;119:4;120:4;121:3;140:1;235:2;1071:2;1080:1;1086:4;1097:2;1120:4;1121:4;1152:4;1182:3;1198:3;1227:4;1231:1;1246:2,Dragapult ex,Dragapult ex
8b02f194cdf581d4,1:16;11:4;14:4;18:4;344:4;345:4;1086:4;1122:2;1147:4;1159:1;1212:4;1227:4;1235:4;1264:1,UNLABELED_CLUSTER_06,Crustle / Dwebble
8be72bbfa0bafaff,6:11;20:4;675:2;676:3;677:4;678:4;1102:4;1123:2;1141:4;1142:4;1152:4;1159:1;1192:3;1197:2;1227:4;1229:4,Mega Lucario ex,Mega Lucario ex
8be9c7c4fe9d0254,11:4;13:1;19:4;66:3;304:2;305:3;311:1;878:4;879:3;1086:4;1115:4;1122:3;1129:1;1152:4;1171:4;1182:3;1225:4;1227:4;1255:4,UNLABELED_CLUSTER_22,Dudunsparce / Dunsparce / Hop's Phantump / Hop's Trevenant / Hop’s Cramorant / Hop’s Snorlax
8c6a91def4dd5f6c,5:4;9:2;19:4;115:2;140:1;144:2;162:4;163:4;183:2;184:2;224:2;756:2;1071:1;1092:1;1097:3;1121:4;1146:3;1152:4;1168:1;1188:4;1227:4;1248:4,Mega Kangaskhan ex,Mega Kangaskhan ex
8ce08ead92022fde,1:7;15:4;400:4;401:4;414:2;431:2;434:3;1080:1;1086:1;1094:3;1121:2;1134:4;1152:4;1216:4;1218:3;1220:4;1227:4;1264:4,Team Rocket's Mewtwo ex,Team Rocket's Mewtwo ex
8d8af3b7021430ef,5:4;13:1;19:4;66:3;305:4;741:4;742:4;743:4;1079:4;1081:4;1086:4;1097:3;1129:2;1152:4;1182:2;1184:1;1225:4;1231:4,UNLABELED_CLUSTER_01,Abra / Alakazam / Dudunsparce / Dunsparce / Kadabra
8da9c9d12374effd,5:3;19:4;66:3;140:1;305:3;741:4;742:4;743:4;1079:3;1081:4;1086:4;1097:1;1129:1;1152:4;1156:1;1182:3;1184:1;1197:3;1225:3;1231:4;1247:1;1266:1,Fezandipiti ex,Fezandipiti ex
8e44b412c21c5dfa,5:3;19:4;66:4;305:4;741:4;742:4;743:4;1079:4;1081:3;1086:4;1097:3;1129:1;1152:2;1159:1;1182:4;1197:1;1225:4;1227:1;1231:4;1264:1,UNLABELED_CLUSTER_01,Abra / Alakazam / Dudunsparce / Dunsparce / Kadabra
8e69a0e7db2dd8a7,6:12;673:2;674:2;675:2;676:3;677:4;678:4;1102:4;1123:3;1141:4;1142:4;1152:4;1159:1;1182:2;1192:4;1227:4;1252:1,Mega Lucario ex,Mega Lucario ex
8e82656e634ac2da,8:14;57:1;169:4;190:4;1097:4;1121:4;1122:4;1152:4;1159:1;1182:4;1192:4;1213:4;1227:4;1244:4,UNLABELED_CLUSTER_02,Archaludon ex
8f4c6902beadfd10,5:1;13:1;19:4;66:3;140:1;142:1;222:1;305:3;343:1;521:1;741:4;742:4;743:3;1079:3;1081:2;1086:4;1097:1;1129:1;1152:4;1156:1;1161:1;1174:1;1182:2;1184:1;1225:3;1231:4;1266:4,Fezandipiti ex,Fezandipiti ex
8ff1e185fabb8099,5:4;16:4;19:4;164:4;343:1;689:2;1086:4;1097:4;1120:4;1122:4;1152:4;1182:4;1194:4;1197:4;1227:4;1228:4;1247:1,UNLABELED_CLUSTER_14,Comfey / Shaymin / Yveltal
9009f46efe8e7721,5:3;19:4;66:3;305:4;741:4;742:4;743:4;1079:4;1080:1;1081:4;1086:4;1097:3;1129:1;1146:1;1152:4;1182:2;1203:1;1225:4;1231:4;1266:1,UNLABELED_CLUSTER_01,Abra / Alakazam / Dudunsparce / Dunsparce / Kadabra
902b00d2b6f713c2,5:3;19:4;65:4;66:4;741:4;742:4;743:4;1079:4;1081:3;1086:4;1097:3;1129:1;1152:2;1159:1;1182:4;1197:1;1225:4;1227:1;1231:4;1264:1,UNLABELED_CLUSTER_01,Abra / Alakazam / Dudunsparce / Dunsparce / Kadabra
9043e889671bc0f6,3:8;6:1;117:1;414:2;666:2;860:3;861:3;1030:3;1031:3;1086:4;1121:2;1122:3;1145:3;1159:1;1182:2;1189:1;1197:2;1224:1;1225:3;1227:4;1229:4;1262:4,UNLABELED_CLUSTER_12,Cornerstone Mask Ogerpon ex / Mega Froslass ex / Mega Starmie ex
90c1a3f3163f9edd,5:2;13:1;19:4;66:2;305:3;741:4;742:4;743:4;1079:4;1081:3;1086:4;1097:2;1129:1;1152:4;1156:2;1182:2;1184:2;1225:4;1231:4;1264:4,UNLABELED_CLUSTER_01,Abra / Alakazam / Dudunsparce / Dunsparce / Kadabra
910dcaefeb77a2f0,7:10;66:3;112:3;140:1;235:1;305:3;646:4;647:2;648:4;689:1;1079:4;1086:4;1137:1;1152:4;1159:1;1182:2;1197:1;1227:4;1231:3;1259:3;1260:1,Marnie's Grimmsnarl ex,Marnie's Grimmsnarl ex
93554da5c89db39a,6:1;11:4;14:4;18:4;117:1;344:3;345:3;414:1;756:4;1086:2;1120:4;1121:1;1122:3;1123:1;1147:4;1159:1;1182:4;1186:1;1190:1;1197:1;1212:1;1219:4;1225:2;1227:4;1257:1,Mega Kangaskhan ex,Mega Kangaskhan ex
948b0508c38b60ba,11:4;12:1;19:4;65:2;66:1;304:2;878:4;879:3;1086:4;1097:4;1115:4;1122:4;1152:3;1171:4;1182:3;1194:3;1210:3;1227:3;1255:4,UNLABELED_CLUSTER_05,Dudunsparce / Dunsparce / Hop's Phantump / Hop's Trevenant / Hop’s Snorlax
94a74a2b69d27207,5:3;13:1;19:4;66:2;142:1;305:3;741:4;742:4;743:3;1079:3;1081:3;1086:4;1097:1;1129:2;1146:1;1152:4;1156:3;1182:2;1225:4;1231:4;1264:4,UNLABELED_CLUSTER_59,Abra / Alakazam / Dudunsparce / Dunsparce / Genesect / Kadabra
94d15b6068715910,15:4;17:4;414:1;463:4;473:2;474:1;891:4;1077:4;1097:3;1109:1;1134:4;1152:4;1174:1;1216:4;1217:4;1218:4;1219:4;1220:4;1257:3,UNLABELED_CLUSTER_36,Team Rocket's Articuno / Team Rocket's Honchkrow / Team Rocket's Murkrow / Team Rocket's Porygon / Team Rocket's Porygon2
94f469280059e654,5:3;13:1;19:4;66:3;140:1;305:3;741:4;742:4;743:4;1079:3;1081:3;1086:4;1097:2;1129:1;1152:4;1182:3;1184:1;1197:2;1225:4;1231:4;1264:2,Fezandipiti ex,Fezandipiti ex
95af6e29bfb80f8c,1:12;96:4;140:1;235:1;402:2;403:2;404:2;708:2;709:2;710:2;1071:2;1080:1;1094:4;1097:1;1121:4;1152:2;1174:1;1182:2;1184:1;1213:1;1227:4;1231:3;1261:4,Teal Mask Ogerpon ex,Teal Mask Ogerpon ex
95cf523ef7febb46,6:13;673:3;674:3;675:2;676:3;677:4;678:4;1102:4;1123:3;1141:2;1142:3;1152:4;1159:1;1182:2;1192:4;1213:1;1227:2;1252:2,Mega Lucario ex,Mega Lucario ex
9726a91cb9cdbd95,7:10;66:2;112:4;117:2;305:3;646:4;647:3;648:4;649:1;1079:4;1086:4;1097:1;1152:4;1159:1;1197:1;1213:1;1227:4;1231:3;1259:4,Marnie's Grimmsnarl ex,Marnie's Grimmsnarl ex
975a7d1f164387d5,3:8;6:1;17:4;117:1;666:4;1030:3;1031:3;1086:4;1097:2;1120:2;1121:1;1122:4;1145:4;1159:1;1182:1;1189:4;1197:1;1223:2;1225:2;1227:4;1229:4,UNLABELED_CLUSTER_43,Cornerstone Mask Ogerpon ex / Mega Starmie ex
98df4170353e7c8e,5:3;13:1;19:4;66:3;305:4;741:4;742:4;743:4;1079:4;1081:4;1086:4;1097:3;1129:1;1152:4;1182:3;1184:1;1197:1;1225:4;1231:4,UNLABELED_CLUSTER_01,Abra / Alakazam / Dudunsparce / Dunsparce / Kadabra
98ecdbce8bd61a0f,8:17;57:1;169:4;190:4;666:4;1097:3;1121:4;1122:4;1147:3;1152:3;1159:1;1185:4;1197:2;1227:4;1244:2,UNLABELED_CLUSTER_02,Archaludon ex
9908e937128aa33b,11:4;12:1;19:4;65:4;66:4;304:3;878:4;879:4;1086:1;1097:4;1102:4;1115:4;1122:4;1152:2;1171:4;1210:1;1227:4;1255:4,UNLABELED_CLUSTER_05,Dudunsparce / Dunsparce / Hop's Phantump / Hop's Trevenant / Hop’s Snorlax
995f93195aa795aa,1:1;11:4;14:3;18:4;20:4;117:1;344:4;345:4;756:3;1086:4;1087:1;1121:2;1122:4;1123:1;1147:4;1159:1;1187:2;1197:3;1225:4;1227:4;1264:2,Mega Kangaskhan ex,Mega Kangaskhan ex
999a5669c80f5ad1,1:4;2:8;18:4;344:4;345:4;352:4;353:4;354:4;1079:2;1121:3;1147:2;1152:2;1159:1;1182:3;1192:2;1215:4;1227:4;1264:1,UNLABELED_CLUSTER_17,Crustle / Dwebble / Ethan's Cyndaquil / Ethan's Quilava / Ethan's Typhlosion
99ee137d28bac0f3,1:19;11:4;14:4;18:4;344:4;345:4;1086:4;1147:4;1159:1;1212:4;1227:4;1235:2;1264:2,UNLABELED_CLUSTER_06,Crustle / Dwebble
9a800fb2e1b7d966,7:9;104:2;112:4;646:4;647:3;648:3;860:2;1079:3;1080:1;1086:4;1097:3;1152:4;1161:2;1182:2;1197:1;1219:4;1227:4;1231:1;1259:4,Marnie's Grimmsnarl ex,Marnie's Grimmsnarl ex
9a8414bc1605d25a,6:3;10:1;20:4;341:4;342:4;379:4;380:4;381:3;387:1;1086:3;1097:1;1141:1;1142:4;1152:4;1173:3;1182:4;1213:3;1219:1;1225:2;1227:4;1256:2,Cynthia's Garchomp ex,Cynthia's Garchomp ex
9b0067512e7461eb,5:2;13:1;19:4;65:3;66:2;140:1;214:1;343:1;741:4;742:4;743:3;959:1;1079:4;1081:2;1086:4;1097:1;1129:1;1146:1;1152:4;1156:2;1182:3;1184:1;1225:4;1231:4;1264:2,Fezandipiti ex,Fezandipiti ex
9c8099036f7d7f16,5:4;19:4;97:3;98:3;164:4;343:1;494:2;1079:1;1081:1;1086:4;1097:2;1119:2;1120:2;1123:1;1152:4;1166:2;1182:3;1186:2;1197:3;1225:3;1227:4;1231:1;1247:1;1264:3,UNLABELED_CLUSTER_11,Chandelure / Comfey / Lampent / Litwick / Shaymin
9c9bdd6f955942f8,1:12;2:7;11:2;14:2;18:4;344:4;345:4;663:3;1086:4;1147:3;1152:4;1159:1;1212:2;1227:4;1235:4,UNLABELED_CLUSTER_52,Crustle / Dwebble / Volcanion
9cf95f0d27401a58,2:4;5:4;119:4;120:4;121:3;140:1;184:1;235:2;1071:2;1079:4;1080:1;1086:4;1097:2;1121:4;1152:4;1182:4;1198:4;1210:2;1227:4;1256:2,Dragapult ex,Dragapult ex
9d1dad39ec641aa0,6:10;20:3;675:3;676:3;677:4;678:4;1102:4;1123:3;1141:4;1142:4;1152:4;1159:1;1182:2;1192:3;1197:2;1227:4;1229:2,Mega Lucario ex,Mega Lucario ex
9d6219ef6950f794,1:14;96:4;140:1;235:1;402:2;403:2;404:2;708:2;709:2;710:2;1071:2;1080:1;1094:4;1116:1;1121:4;1152:2;1182:2;1184:1;1213:1;1227:4;1231:2;1261:4,Teal Mask Ogerpon ex,Teal Mask Ogerpon ex
9dfcab39e3ed21bf,1:13;92:2;93:2;96:4;140:1;150:2;709:2;710:2;917:2;920:2;1071:2;1080:1;1094:4;1097:2;1121:4;1152:1;1182:2;1184:1;1197:2;1227:4;1231:1;1261:4,Teal Mask Ogerpon ex,Teal Mask Ogerpon ex
9e2749ec691d6925,2:3;5:4;7:3;66:1;112:2;119:4;120:4;121:3;140:1;235:1;305:1;1071:1;1080:1;1086:4;1097:2;1120:4;1121:4;1152:4;1182:3;1198:3;1213:1;1227:4;1260:2,Dragapult ex,Dragapult ex
9e430faa7c831500,5:2;13:1;19:4;66:3;245:1;305:3;343:1;741:4;742:4;743:3;1079:4;1081:4;1086:4;1097:2;1129:1;1152:4;1182:3;1184:2;1197:1;1225:4;1231:4;1264:1,UNLABELED_CLUSTER_08,Abra / Alakazam / Dudunsparce / Dunsparce / Kadabra / Shaymin
9e806ea24e98166b,5:3;13:1;19:4;65:4;66:4;741:4;742:4;743:4;1079:3;1086:4;1097:2;1129:2;1146:1;1152:4;1182:3;1184:1;1225:4;1231:4;1264:4,UNLABELED_CLUSTER_01,Abra / Alakazam / Dudunsparce / Dunsparce / Kadabra
9f7b10daf7dc00ca,5:3;19:4;65:4;66:4;741:4;742:4;743:3;1079:3;1081:4;1086:4;1097:1;1129:1;1152:4;1159:1;1182:3;1184:1;1225:4;1231:4;1264:4,UNLABELED_CLUSTER_01,Abra / Alakazam / Dudunsparce / Dunsparce / Kadabra
a033289729234cd2,5:2;13:1;19:4;66:2;142:1;305:3;343:1;741:4;742:4;743:3;1079:3;1081:3;1086:4;1129:2;1152:4;1156:1;1174:2;1182:2;1184:1;1197:1;1225:4;1231:4;1266:4,UNLABELED_CLUSTER_23,Abra / Alakazam / Dudunsparce / Dunsparce / Genesect / Kadabra / Shaymin
a08c00547af63ae9,5:2;13:1;19:4;65:1;66:2;140:1;305:2;343:1;741:4;742:4;743:3;1079:3;1081:4;1086:4;1097:1;1129:1;1152:4;1156:1;1174:1;1182:3;1184:2;1225:4;1231:4;1266:3,Fezandipiti ex,Fezandipiti ex
a1e9ec76aecc4e58,7:9;104:2;112:4;235:1;414:1;646:4;647:2;648:3;860:2;1079:4;1080:1;1086:4;1097:2;1122:2;1152:4;1174:1;1182:2;1219:4;1227:4;1259:4,Marnie's Grimmsnarl ex,Marnie's Grimmsnarl ex
a27827186fbb722b,2:3;3:2;5:5;31:2;108:2;140:2;184:4;272:4;414:2;756:4;1071:4;1088:1;1102:4;1121:3;1146:4;1172:2;1182:3;1198:4;1205:1;1250:4,Mega Kangaskhan ex,Mega Kangaskhan ex
a2a92c0b83d4b6c5,1:8;15:4;400:4;401:4;414:2;431:2;434:2;464:1;1094:3;1121:1;1134:4;1152:4;1159:1;1175:1;1197:1;1216:4;1217:1;1218:3;1220:4;1225:2;1227:1;1257:3,Team Rocket's Mewtwo ex,Team Rocket's Mewtwo ex
a303839777316bee,7:10;104:2;112:4;646:4;647:3;648:3;860:2;1079:4;1080:1;1086:4;1097:3;1122:1;1152:4;1182:2;1219:4;1227:4;1231:1;1259:4,Marnie's Grimmsnarl ex,Marnie's Grimmsnarl ex
a38180053506b20f,5:3;19:4;65:4;66:4;741:4;742:4;743:4;1079:4;1081:3;1086:4;1097:3;1129:1;1152:4;1159:1;1182:2;1197:2;1225:4;1227:1;1231:4,UNLABELED_CLUSTER_01,Abra / Alakazam / Dudunsparce / Dunsparce / Kadabra
a3f1d2935659226e,6:14;673:2;674:2;675:2;676:3;677:4;678:4;1102:4;1123:2;1141:4;1142:4;1152:4;1159:1;1182:2;1192:3;1227:4;1252:1,Mega Lucario ex,Mega Lucario ex
a52543fc87a97ef2,8:13;57:2;169:4;190:4;1097:4;1121:4;1122:4;1123:2;1152:4;1159:1;1182:4;1192:4;1213:4;1227:4;1244:2,UNLABELED_CLUSTER_02,Archaludon ex
a5437fdb9a42f891,6:13;673:2;674:2;675:2;676:3;677:3;678:4;1102:4;1123:2;1141:4;1142:4;1152:4;1159:1;1182:2;1192:3;1197:1;1227:4;1252:2,Mega Lucario ex,Mega Lucario ex
a60edec4f2dfc3e5,1:8;15:4;400:4;401:4;414:2;431:2;434:3;1086:2;1094:3;1121:1;1134:4;1152:4;1159:1;1175:1;1216:3;1217:1;1218:3;1220:4;1227:3;1257:3,Team Rocket's Mewtwo ex,Team Rocket's Mewtwo ex
a61ad8dc4eb8b1d6,5:4;19:4;66:4;305:4;741:4;742:4;743:4;1079:4;1081:4;1086:4;1097:2;1129:2;1152:4;1156:2;1182:2;1184:1;1225:3;1231:4,UNLABELED_CLUSTER_01,Abra / Alakazam / Dudunsparce / Dunsparce / Kadabra
a6441a73d162c977,3:11;860:4;861:4;1030:4;1031:4;1086:4;1120:4;1122:4;1152:4;1159:1;1189:4;1206:4;1227:4;1229:4,UNLABELED_CLUSTER_07,Mega Froslass ex / Mega Starmie ex
a6449dd6b7ace502,6:4;20:4;341:4;342:3;379:4;380:4;381:3;387:2;1080:1;1086:4;1097:2;1122:1;1142:4;1152:4;1173:3;1182:2;1197:2;1225:3;1227:4;1261:2,Cynthia's Garchomp ex,Cynthia's Garchomp ex
a75a8d5778834ad9,11:4;19:4;304:2;309:1;310:1;311:1;343:1;878:4;879:4;1092:1;1097:3;1115:2;1121:1;1122:3;1123:1;1152:4;1171:4;1174:1;1182:3;1193:2;1209:1;1219:4;1227:4;1255:4,UNLABELED_CLUSTER_39,Hop's Phantump / Hop's Trevenant / Hop’s Cramorant / Hop’s Dubwool / Hop’s Snorlax / Hop’s Wooloo / Shaymin
a77981dc1b5cc27c,1:12;96:4;140:1;235:1;402:2;403:2;404:2;708:2;709:2;710:2;920:1;1071:2;1080:1;1094:4;1097:1;1116:1;1121:4;1152:1;1182:2;1184:1;1213:1;1227:4;1231:3;1261:4,Teal Mask Ogerpon ex,Teal Mask Ogerpon ex
a7d5394d86394bcd,7:10;104:2;112:4;646:4;647:2;648:3;860:2;1079:3;1080:1;1086:4;1097:3;1122:1;1137:1;1152:4;1182:2;1213:1;1219:4;1227:4;1231:1;1259:4,Marnie's Grimmsnarl ex,Marnie's Grimmsnarl ex
a7ecb399eff72c6a,5:3;13:1;19:4;65:4;66:3;741:4;742:4;743:4;1079:3;1081:3;1086:4;1097:3;1137:1;1152:4;1182:3;1197:1;1225:4;1231:4;1264:3,UNLABELED_CLUSTER_01,Abra / Alakazam / Dudunsparce / Dunsparce / Kadabra
a847f32547a773fd,11:4;12:1;19:4;65:4;66:3;304:2;878:4;879:3;1086:4;1097:3;1115:3;1122:4;1152:4;1171:4;1182:2;1194:2;1210:1;1227:4;1255:4,UNLABELED_CLUSTER_05,Dudunsparce / Dunsparce / Hop's Phantump / Hop's Trevenant / Hop’s Snorlax
a88ac606b2d71a36,3:6;117:1;414:1;506:4;1081:4;1086:2;1097:3;1119:3;1120:4;1122:4;1123:1;1137:1;1152:2;1166:3;1182:4;1194:2;1197:2;1219:4;1227:4;1247:1;1256:2;1264:2,UNLABELED_CLUSTER_04,Cornerstone Mask Ogerpon ex
aa0e3183d195e2d3,7:9;141:1;257:1;258:1;292:4;293:4;303:2;848:1;849:1;906:1;1086:4;1097:2;1113:4;1121:3;1152:4;1158:1;1182:3;1205:3;1211:2;1213:2;1227:4;1253:2;1256:1,Mega Lopunny ex,Mega Lopunny ex
aa2398e69a3549ad,3:9;17:4;666:4;1030:3;1031:3;1086:4;1097:2;1120:4;1121:1;1122:4;1145:4;1159:1;1182:1;1189:4;1223:2;1225:2;1227:4;1229:4,UNLABELED_CLUSTER_03,Mega Starmie ex
aa2fdb668e14e9c4,11:4;13:1;19:4;66:3;304:2;305:3;311:2;878:4;879:3;1086:4;1115:4;1122:3;1123:1;1152:4;1171:4;1182:3;1225:3;1227:4;1255:4,UNLABELED_CLUSTER_22,Dudunsparce / Dunsparce / Hop's Phantump / Hop's Trevenant / Hop’s Cramorant / Hop’s Snorlax
aa4a785fce84445d,11:4;19:4;304:2;311:3;878:4;879:4;1092:1;1097:2;1115:4;1122:4;1134:4;1152:2;1171:4;1182:2;1194:1;1197:1;1219:4;1225:2;1227:4;1255:4,UNLABELED_CLUSTER_10,Hop's Phantump / Hop's Trevenant / Hop’s Cramorant / Hop’s Snorlax
abf375974152bc4e,1:5;73:1;74:1;89:4;90:4;92:4;93:4;343:1;1086:4;1092:1;1094:4;1097:2;1123:1;1152:4;1174:2;1175:2;1182:2;1184:1;1191:2;1211:1;1227:4;1231:2;1245:4,UNLABELED_CLUSTER_09,Applin / Dipplin / Grookey / Rabsca / Rellor / Shaymin / Thwackey
ac5c7f212a5dd251,8:13;57:2;169:4;190:4;666:4;1097:4;1121:4;1122:3;1147:2;1152:4;1159:1;1182:1;1185:4;1197:2;1227:4;1244:4,UNLABELED_CLUSTER_02,Archaludon ex
ac9855a643a150ea,3:8;6:1;117:1;666:2;860:3;861:3;1030:3;1031:3;1086:4;1087:2;1121:2;1122:3;1145:3;1159:1;1182:2;1197:2;1213:2;1225:3;1227:4;1229:4;1262:4,UNLABELED_CLUSTER_12,Cornerstone Mask Ogerpon ex / Mega Froslass ex / Mega Starmie ex
ad9eb15621c47305,3:9;11:1;12:1;17:1;860:4;861:3;1030:4;1031:3;1086:4;1097:1;1119:4;1122:3;1123:2;1145:2;1182:2;1189:4;1211:1;1225:2;1227:4;1229:3;1252:2,UNLABELED_CLUSTER_07,Mega Froslass ex / Mega Starmie ex
ae0a52064d430013,7:11;66:2;112:4;305:3;646:4;647:3;648:3;649:1;1079:3;1086:4;1097:2;1139:1;1152:4;1159:1;1197:2;1227:4;1231:4;1259:4,Marnie's Grimmsnarl ex,Marnie's Grimmsnarl ex
ae0d14ce9fa3b86f,5:4;13:1;19:4;66:3;305:4;741:4;742:4;743:4;1079:4;1081:4;1086:4;1097:3;1129:1;1152:4;1182:2;1184:1;1225:4;1231:4;1264:1,UNLABELED_CLUSTER_01,Abra / Alakazam / Dudunsparce / Dunsparce / Kadabra
afaa4ac744b28ee5,7:10;104:2;112:4;646:4;647:3;648:3;860:2;1079:3;1080:1;1086:4;1097:3;1152:4;1161:2;1182:2;1206:1;1219:4;1227:4;1259:4,Marnie's Grimmsnarl ex,Marnie's Grimmsnarl ex
afdee5230b0c5b97,5:2;13:1;19:4;66:2;140:1;305:4;343:1;741:4;742:4;743:4;1079:3;1081:4;1086:4;1097:1;1129:1;1152:4;1182:3;1184:1;1197:3;1225:3;1231:4;1266:2,Fezandipiti ex,Fezandipiti ex
b034cc9d268c1961,3:7;6:1;117:1;414:2;666:2;860:3;861:3;1030:3;1031:3;1086:4;1118:1;1121:3;1122:3;1145:3;1159:1;1182:2;1189:1;1197:2;1225:3;1227:4;1229:4;1262:4,UNLABELED_CLUSTER_12,Cornerstone Mask Ogerpon ex / Mega Froslass ex / Mega Starmie ex
b04165f456e6f563,6:9;20:4;673:2;674:2;675:2;676:3;677:4;678:4;1102:4;1123:2;1141:4;1142:4;1152:4;1182:3;1192:4;1227:4;1252:1,Mega Lucario ex,Mega Lucario ex
b0ac2e64118eeabf,1:18;18:2;96:4;1094:4;1118:2;1119:2;1122:3;1127:2;1137:1;1147:2;1159:1;1182:3;1201:1;1213:4;1221:1;1223:2;1227:4;1251:4,Teal Mask Ogerpon ex,Teal Mask Ogerpon ex
b114cc9bd6f2c80c,6:10;20:3;673:2;674:2;675:2;676:3;677:4;678:4;1102:3;1123:2;1137:1;1141:4;1142:4;1152:4;1159:1;1182:2;1192:3;1225:1;1227:4;1252:1,Mega Lucario ex,Mega Lucario ex
b13b062a5e20bcf3,6:6;20:4;341:4;342:4;379:4;380:4;381:3;1079:1;1080:1;1086:4;1129:1;1141:3;1142:4;1152:4;1173:4;1197:1;1225:2;1227:4;1261:2,Cynthia's Garchomp ex,Cynthia's Garchomp ex
b1513b47b94933fa,1:17;18:2;96:4;920:1;1094:4;1118:1;1119:2;1120:3;1122:3;1127:4;1147:3;1159:1;1182:2;1201:1;1213:4;1221:1;1223:1;1227:4;1251:2,Teal Mask Ogerpon ex,Teal Mask Ogerpon ex
b166b6b93aa1670b,8:11;57:1;169:4;190:4;666:4;1097:3;1121:4;1122:4;1147:4;1152:4;1159:1;1182:3;1185:4;1213:1;1227:4;1244:4,UNLABELED_CLUSTER_02,Archaludon ex
b1adeb52225c848f,5:2;13:1;19:4;66:2;140:1;214:1;305:3;741:4;742:4;743:3;959:1;1079:3;1081:4;1086:4;1120:4;1129:1;1137:1;1146:1;1152:4;1182:3;1184:1;1208:1;1225:4;1227:2;1264:1,Fezandipiti ex,Fezandipiti ex
b1af26bae039a041,5:1;13:1;19:4;66:3;174:1;305:4;343:1;741:4;742:4;743:4;1079:3;1081:4;1086:4;1097:2;1129:1;1152:3;1182:4;1184:1;1225:3;1231:4;1266:4,UNLABELED_CLUSTER_63,Abra / Alakazam / Dudunsparce / Dunsparce / Fan Rotom / Kadabra / Shaymin
b20e3e96100a11d5,5:2;13:1;19:4;66:2;140:1;305:3;343:1;741:4;742:4;743:4;1079:3;1081:3;1086:4;1097:1;1129:1;1152:4;1182:3;1184:1;1197:3;1225:4;1231:4;1266:3,Fezandipiti ex,Fezandipiti ex
b25e7963304a20a1,6:13;673:2;674:2;675:2;676:3;677:4;678:4;1102:4;1123:2;1141:4;1142:4;1152:4;1182:3;1192:4;1227:4;1252:1,Mega Lucario ex,Mega Lucario ex
b28bceb540618967,5:2;19:4;66:2;140:1;305:3;343:1;741:4;742:4;743:3;858:1;1079:3;1081:3;1086:4;1097:1;1129:3;1146:1;1152:4;1182:2;1184:2;1225:4;1231:4;1247:1;1266:3,Fezandipiti ex,Fezandipiti ex
b303167d8f7d6113,5:2;13:1;19:4;66:3;140:1;214:1;305:4;741:4;742:4;743:4;959:1;1079:4;1081:3;1086:4;1097:1;1129:1;1146:1;1152:4;1184:1;1197:1;1225:4;1231:4;1266:3,Fezandipiti ex,Fezandipiti ex
b3043b6d5221e93a,7:12;112:4;646:4;647:3;648:4;1079:4;1080:1;1086:4;1116:1;1122:3;1152:4;1197:3;1219:4;1227:4;1231:1;1259:4,Marnie's Grimmsnarl ex,Marnie's Grimmsnarl ex
b3f8f5a936f62434,3:38;722:4;723:4;1121:2;1145:4;1227:4;1235:4,Mega Abomasnow ex,Mega Abomasnow ex
b41dab6a922e3a11,5:2;13:1;19:4;65:3;66:2;140:1;214:1;343:1;741:4;742:4;743:3;959:1;1079:4;1086:4;1097:2;1129:1;1137:1;1146:1;1152:4;1156:1;1182:3;1184:1;1225:4;1231:4;1264:3,Fezandipiti ex,Fezandipiti ex
b42b2ee66670b06f,1:7;42:2;89:4;90:4;92:2;93:4;343:1;655:3;1086:4;1094:4;1097:3;1102:1;1126:1;1129:1;1152:4;1175:1;1182:1;1194:1;1211:1;1225:3;1227:4;1245:4,UNLABELED_CLUSTER_34,Applin / Celebi / Dipplin / Grookey / Shaymin / Thwackey
b43a53d96da0f0b5,7:10;104:2;112:4;646:4;647:3;648:3;860:2;1079:3;1080:1;1086:4;1097:3;1152:4;1161:2;1182:2;1219:4;1227:4;1231:1;1259:4,Marnie's Grimmsnarl ex,Marnie's Grimmsnarl ex
b4469cd28d438fb3,1:13;42:4;89:2;90:2;93:4;100:4;240:4;1080:1;1086:4;1094:4;1122:4;1152:4;1210:2;1213:4;1245:4,UNLABELED_CLUSTER_19,Applin / Dipplin / Goldeen / Grookey / Seaking / Thwackey
b4b5a378368fad61,1:9;15:4;400:4;401:4;414:2;431:2;434:2;1094:3;1121:1;1134:4;1152:4;1159:1;1175:1;1216:4;1217:2;1218:3;1220:4;1227:3;1257:3,Team Rocket's Mewtwo ex,Team Rocket's Mewtwo ex
b4d63a18cb52e991,1:3;2:5;18:4;235:1;344:4;345:4;352:4;353:4;354:4;1097:2;1121:1;1152:4;1159:1;1182:3;1194:2;1213:2;1215:4;1227:4;1267:4,UNLABELED_CLUSTER_64,Budew / Crustle / Dwebble / Ethan's Cyndaquil / Ethan's Quilava / Ethan's Typhlosion
b4ef20e5475def6f,5:3;13:1;19:4;66:4;142:1;305:4;343:1;741:4;742:4;743:4;1079:4;1086:4;1129:1;1152:4;1161:4;1184:1;1225:4;1231:4;1264:4,UNLABELED_CLUSTER_23,Abra / Alakazam / Dudunsparce / Dunsparce / Genesect / Kadabra / Shaymin
b520caec0c3511ff,2:4;5:5;31:1;119:4;120:4;121:3;140:1;184:1;235:1;272:1;1071:1;1079:2;1080:1;1086:4;1097:2;1120:4;1121:3;1152:4;1182:3;1198:3;1210:2;1227:4;1256:1;1260:1,Dragapult ex,Dragapult ex
b55af43e0b922162,5:4;13:1;19:4;65:4;66:3;741:4;742:4;743:4;1079:4;1081:4;1086:4;1097:3;1129:1;1152:4;1182:3;1184:1;1225:4;1231:3;1264:1,UNLABELED_CLUSTER_01,Abra / Alakazam / Dudunsparce / Dunsparce / Kadabra
b5d70706436c5264,7:10;104:2;112:4;646:4;647:3;648:3;860:2;1079:4;1080:1;1086:3;1097:3;1152:4;1161:1;1182:2;1197:1;1219:4;1227:4;1231:1;1259:4,Marnie's Grimmsnarl ex,Marnie's Grimmsnarl ex
b7308eebc0b485e6,1:7;15:4;400:4;401:4;414:2;431:2;434:3;1086:1;1094:3;1121:2;1134:4;1152:4;1175:1;1216:4;1217:1;1218:3;1220:4;1227:3;1247:1;1257:3,Team Rocket's Mewtwo ex,Team Rocket's Mewtwo ex
b76538df393ecad6,6:14;673:2;674:2;675:3;676:3;677:4;678:4;1102:4;1123:1;1141:4;1142:4;1152:4;1159:1;1182:1;1197:1;1213:3;1227:4;1229:1,Mega Lucario ex,Mega Lucario ex
b78aa05e94236e10,1:9;3:2;4:2;5:1;6:2;63:2;96:3;108:1;140:1;184:2;272:1;756:3;978:1;1071:3;1088:1;1097:2;1098:2;1116:4;1121:4;1182:2;1197:2;1198:4;1205:2;1250:4,Mega Kangaskhan ex,Mega Kangaskhan ex
b7d26f5c7d715607,5:3;13:1;19:4;66:3;305:3;741:4;742:4;743:4;1079:4;1081:4;1086:4;1097:3;1129:1;1152:4;1182:3;1184:1;1197:1;1225:4;1231:4;1264:1,UNLABELED_CLUSTER_01,Abra / Alakazam / Dudunsparce / Dunsparce / Kadabra
b7fe4794b7f5835b,6:6;20:4;341:4;342:3;379:4;380:4;381:3;387:2;1080:1;1086:4;1129:1;1141:1;1142:4;1152:4;1173:4;1182:2;1197:1;1225:3;1227:4;1261:1,Cynthia's Garchomp ex,Cynthia's Garchomp ex
b8027dd41807d784,11:4;12:1;19:4;65:4;66:3;304:1;878:4;879:4;1086:4;1097:3;1115:3;1122:3;1152:3;1171:3;1182:3;1194:3;1210:3;1227:4;1255:3,UNLABELED_CLUSTER_05,Dudunsparce / Dunsparce / Hop's Phantump / Hop's Trevenant / Hop’s Snorlax
b82361d3db04432f,7:10;104:2;112:4;646:4;647:2;648:3;860:2;1079:4;1080:1;1086:4;1097:2;1122:2;1152:4;1156:1;1182:2;1219:4;1227:4;1231:1;1259:4,Marnie's Grimmsnarl ex,Marnie's Grimmsnarl ex
b888258643d0b247,7:11;827:4;828:4;829:1;833:2;834:2;1080:1;1086:4;1097:3;1122:2;1137:1;1145:4;1152:3;1182:2;1189:2;1197:2;1225:2;1227:4;1229:4;1246:2,UNLABELED_CLUSTER_70,Mega Sharpedo ex
b89226f24fe868a6,5:8;255:2;414:2;521:2;1027:4;1081:4;1097:4;1120:4;1137:2;1152:4;1161:4;1182:4;1197:2;1200:4;1210:3;1227:4;1247:1;1266:2,UNLABELED_CLUSTER_65,Elgyem / Maractus / Team Rocket's Articuno / Turtonator
b8a17357fd357b34,5:2;13:1;19:4;66:3;140:1;214:1;305:4;741:4;742:4;743:4;959:1;1079:4;1081:3;1086:4;1097:1;1129:1;1146:1;1152:4;1197:2;1225:4;1231:4;1266:3,Fezandipiti ex,Fezandipiti ex
b8e2515051817ff7,7:9;112:2;235:1;292:4;293:4;303:2;906:2;1080:1;1086:4;1097:2;1113:4;1121:3;1152:3;1176:2;1182:4;1188:1;1195:1;1197:1;1205:3;1227:4;1253:3,UNLABELED_CLUSTER_21,N’s Zoroark ex
b943fd9e7cc70064,1:1;11:4;14:4;18:4;20:3;117:1;344:4;345:4;756:3;1086:4;1121:2;1122:4;1123:2;1147:4;1159:1;1182:2;1197:3;1225:4;1227:4;1264:2,Mega Kangaskhan ex,Mega Kangaskhan ex
b9d645da110e5c06,5:2;13:1;19:4;66:2;140:1;305:3;343:1;741:4;742:4;743:4;1079:3;1081:4;1086:4;1097:1;1129:1;1152:4;1182:3;1184:1;1197:2;1225:4;1231:4;1264:3,Fezandipiti ex,Fezandipiti ex
bb2006b5432dd110,2:6;6:12;11:2;81:1;140:1;204:2;319:2;320:3;675:2;676:2;1071:1;1097:3;1121:4;1128:1;1142:4;1152:3;1182:3;1185:2;1192:4;1201:1;1246:1,Fezandipiti ex,Fezandipiti ex
bb2d316213f97f70,5:3;13:1;19:4;66:3;305:4;741:4;742:4;743:4;1079:4;1081:4;1086:4;1097:3;1129:1;1152:4;1174:1;1182:3;1184:1;1225:4;1231:4,UNLABELED_CLUSTER_01,Abra / Alakazam / Dudunsparce / Dunsparce / Kadabra
bb394cfcc536b3c2,6:9;7:1;12:1;16:4;116:4;117:1;675:2;676:2;791:1;1051:2;1052:2;1097:2;1122:2;1137:1;1142:4;1152:4;1174:2;1182:4;1187:3;1227:4;1238:2;1264:3,UNLABELED_CLUSTER_04,Cornerstone Mask Ogerpon ex
bc913d2ec5e06497,2:3;5:3;7:2;31:1;45:1;112:2;119:4;120:4;121:2;140:1;235:1;272:1;324:2;325:1;326:2;1071:1;1079:2;1080:1;1086:4;1097:2;1121:4;1152:3;1182:3;1198:2;1213:1;1227:4;1231:1;1250:1;1256:1,Dragapult ex,Dragapult ex
bd0509fb088518b1,1:8;15:4;400:4;401:4;414:2;431:2;434:3;1094:3;1121:1;1134:4;1152:4;1159:1;1175:1;1186:1;1216:4;1217:1;1218:3;1220:4;1227:3;1257:3,Team Rocket's Mewtwo ex,Team Rocket's Mewtwo ex
bd3a5d98cf29cbc3,4:22;265:3;268:3;269:3;270:3;271:3;1086:3;1097:2;1110:1;1118:1;1121:3;1152:2;1227:4;1233:4;1254:3,Iono's (Bellibolt/Voltorb),Iono's (Bellibolt/Voltorb)
be1ffbbc6c01f2c1,1:1;7:1;11:2;13:1;14:3;16:1;18:4;19:1;140:1;344:3;345:3;756:4;849:1;1086:4;1097:1;1120:4;1122:3;1123:4;1147:4;1174:1;1182:1;1197:3;1225:3;1227:3;1264:3,Mega Kangaskhan ex,Mega Kangaskhan ex
be3a8e357b9439ff,5:4;19:4;66:4;140:1;305:4;741:4;742:4;743:4;1079:4;1081:3;1086:4;1097:2;1129:2;1152:4;1182:3;1225:4;1231:4;1247:1,Fezandipiti ex,Fezandipiti ex
bf4fd9046cb2d210,5:2;13:1;19:4;66:3;140:1;305:3;343:1;741:4;742:4;743:3;1079:3;1081:3;1086:4;1097:2;1121:1;1129:1;1146:1;1152:4;1182:2;1184:1;1186:1;1197:1;1225:4;1231:4;1264:2,Fezandipiti ex,Fezandipiti ex
bf935b4da2e041b7,5:2;13:1;19:4;66:2;140:1;142:1;305:2;343:1;741:4;742:4;743:4;858:1;1079:3;1081:3;1086:4;1097:1;1129:1;1152:4;1156:3;1182:2;1225:4;1231:4;1264:4,Fezandipiti ex,Fezandipiti ex
bfb8a7a58fcd4295,6:4;20:4;341:4;342:4;379:4;380:4;381:3;387:1;1079:1;1080:1;1086:4;1097:1;1122:2;1142:4;1152:4;1173:4;1182:3;1225:4;1227:4,Cynthia's Garchomp ex,Cynthia's Garchomp ex
bfe17f933d600385,3:8;66:3;235:3;305:3;941:4;942:3;943:4;1079:4;1081:4;1086:4;1097:2;1104:1;1120:2;1122:2;1129:2;1152:2;1174:1;1227:4;1231:4,UNLABELED_CLUSTER_35,Budew / Dudunsparce / Dunsparce / Sealeo / Spheal / Walrein
c1a4aa00d710cc27,2:4;5:5;119:4;120:4;121:3;140:1;184:1;235:2;1071:1;1079:2;1080:1;1086:4;1097:2;1120:4;1121:4;1152:3;1156:1;1182:3;1198:4;1210:2;1227:4;1256:1,Dragapult ex,Dragapult ex
c1bdf4d2201556a3,11:4;13:1;19:3;66:3;174:1;184:1;272:2;305:4;848:3;849:3;1086:4;1087:1;1097:1;1121:3;1122:2;1152:3;1174:3;1182:2;1197:2;1225:3;1227:4;1229:4;1264:3,Mega Lopunny ex,Mega Lopunny ex
c1dbf7dfcca53308,7:10;104:2;112:4;646:4;647:2;648:3;860:2;1079:4;1080:1;1086:4;1097:2;1122:2;1152:4;1182:2;1219:4;1227:4;1231:2;1259:4,Marnie's Grimmsnarl ex,Marnie's Grimmsnarl ex
c24bf0ab54319e9f,5:6;19:4;164:4;343:1;817:2;818:2;1081:2;1086:4;1095:1;1097:4;1120:4;1122:2;1152:4;1161:3;1184:2;1197:4;1225:4;1227:4;1228:3,UNLABELED_CLUSTER_18,Brambleghast / Bramblin / Comfey / Shaymin
c2b584b6ca73cc31,2:3;5:3;7:3;66:1;112:2;119:4;120:4;121:3;140:1;235:1;305:2;306:1;689:1;1071:2;1080:1;1086:4;1097:2;1121:4;1123:1;1152:4;1182:3;1198:2;1213:1;1227:4;1246:1;1260:2,Dragapult ex,Dragapult ex
c2e2a1d6f6290e71,2:4;5:4;119:4;120:4;121:4;140:1;184:1;235:2;1071:1;1079:3;1080:1;1086:4;1097:2;1120:3;1121:4;1152:3;1182:4;1198:4;1210:2;1227:4;1256:1,Dragapult ex,Dragapult ex
c2ee4dbcdf7ec7e4,5:2;13:1;19:4;66:3;214:1;305:4;343:1;741:4;742:4;743:4;959:1;1079:4;1081:3;1086:4;1129:2;1146:1;1152:4;1182:2;1184:1;1225:4;1231:4;1264:2,UNLABELED_CLUSTER_28,Abra / Alakazam / Dudunsparce / Dunsparce / Kadabra / Shaymin / Togekiss / Togepi
c32b0ee23a53e88a,1:17;11:4;14:4;18:4;344:4;345:4;1086:4;1147:4;1159:1;1182:2;1212:4;1227:4;1235:4,UNLABELED_CLUSTER_06,Crustle / Dwebble
c4401e2db5bd7036,2:4;5:4;7:2;31:1;112:2;119:4;120:4;121:3;140:1;184:1;235:2;272:1;1071:1;1080:1;1086:4;1097:2;1121:4;1152:4;1182:3;1198:3;1210:3;1227:4;1260:2,Dragapult ex,Dragapult ex
c4ebaf6e42fc8a2a,1:7;89:4;90:4;92:4;93:4;140:1;1080:1;1086:4;1094:4;1097:3;1122:4;1129:1;1137:1;1152:4;1175:3;1197:1;1227:4;1231:2;1245:4,Fezandipiti ex,Fezandipiti ex
c51189f519cd1c07,5:2;13:1;19:4;66:3;214:1;305:3;343:1;741:4;742:4;743:4;959:1;1079:4;1081:3;1086:4;1129:2;1146:1;1152:4;1182:2;1184:1;1225:4;1231:4;1264:3,UNLABELED_CLUSTER_28,Abra / Alakazam / Dudunsparce / Dunsparce / Kadabra / Shaymin / Togekiss / Togepi
c560f1caa3468d1c,1:19;11:4;14:4;18:4;344:4;345:4;1086:4;1147:4;1159:1;1212:4;1224:4;1264:4,UNLABELED_CLUSTER_06,Crustle / Dwebble
c5c2d4ee92fd71f5,1:1;11:4;14:3;18:4;20:4;117:2;344:4;345:4;756:3;1086:4;1122:3;1147:4;1159:1;1182:1;1187:3;1197:3;1225:4;1227:4;1264:4,Mega Kangaskhan ex,Mega Kangaskhan ex
c61a10379c017038,6:13;673:2;674:2;675:2;676:3;677:4;678:3;1102:4;1123:2;1141:4;1142:4;1152:2;1159:1;1182:2;1192:3;1213:2;1227:4;1229:2;1252:1,Mega Lucario ex,Mega Lucario ex
c62b983d72cc9030,3:8;66:3;235:3;305:4;941:4;942:3;943:4;1079:4;1080:1;1081:4;1086:4;1097:2;1120:1;1122:2;1129:1;1137:1;1152:2;1174:1;1227:4;1231:4,UNLABELED_CLUSTER_35,Budew / Dudunsparce / Dunsparce / Sealeo / Spheal / Walrein
c6970cfeed44b34d,1:8;3:1;15:4;400:4;401:4;414:2;431:2;434:3;1094:3;1121:1;1134:4;1152:4;1159:1;1175:1;1216:4;1217:1;1218:3;1220:4;1227:3;1257:3,Team Rocket's Mewtwo ex,Team Rocket's Mewtwo ex
c6fb751bd0d1b301,11:4;20:4;58:4;344:4;345:4;607:1;1086:4;1122:4;1123:4;1129:2;1142:4;1152:4;1182:4;1185:4;1194:2;1197:4;1204:2;1247:1,UNLABELED_CLUSTER_20,Crustle / Dwebble / Great Tusk / Terrakion
c7178b65df7faade,1:1;11:4;14:3;18:4;20:4;117:1;344:4;345:4;756:3;1086:4;1121:1;1122:4;1147:4;1159:1;1182:1;1187:3;1197:4;1225:4;1227:4;1264:2,Mega Kangaskhan ex,Mega Kangaskhan ex
c7200b56dc7c4c6f,5:2;13:1;19:4;65:1;66:3;140:1;305:2;343:1;741:4;742:4;743:4;1079:3;1081:3;1086:4;1097:2;1137:1;1152:4;1174:1;1182:3;1184:2;1225:4;1231:4;1266:2,Fezandipiti ex,Fezandipiti ex
c7bb3c9d30cf02de,1:14;96:4;140:1;650:2;651:2;652:2;709:2;710:2;917:2;920:1;1071:2;1080:1;1094:4;1097:1;1121:4;1127:1;1152:2;1182:2;1184:1;1213:2;1227:4;1261:4,Teal Mask Ogerpon ex,Teal Mask Ogerpon ex
c80ecfa9fa17df43,6:15;673:1;674:1;675:2;676:3;677:4;678:4;1102:4;1123:1;1137:1;1141:4;1142:4;1152:4;1159:1;1182:1;1197:1;1213:3;1227:4;1229:1;1252:1,Mega Lucario ex,Mega Lucario ex
c8c1bf9764932d8d,1:11;11:4;14:4;18:4;344:4;345:4;1086:4;1120:4;1147:4;1152:4;1159:1;1212:4;1227:4;1235:4,UNLABELED_CLUSTER_06,Crustle / Dwebble
c8c8ca4e003ab163,7:10;66:2;112:4;117:2;305:3;646:4;647:3;648:4;649:1;1079:4;1086:4;1097:1;1152:4;1159:1;1197:1;1227:4;1231:4;1259:4,Marnie's Grimmsnarl ex,Marnie's Grimmsnarl ex
c8e3597d524a0e79,1:7;5:2;15:4;400:4;401:4;414:2;431:2;432:1;434:1;1094:3;1121:1;1134:4;1152:4;1159:1;1175:1;1216:4;1217:2;1218:3;1220:4;1227:3;1257:3,Team Rocket's Mewtwo ex,Team Rocket's Mewtwo ex
c9917240e9bd8067,5:2;13:1;19:4;66:3;140:1;305:3;741:4;742:4;743:4;1079:4;1081:3;1086:4;1097:2;1129:1;1146:1;1152:4;1182:3;1184:1;1197:3;1225:4;1231:4,Fezandipiti ex,Fezandipiti ex
c9a5452977af0b41,8:13;57:2;169:4;190:4;414:1;666:3;1071:2;1097:3;1121:4;1152:4;1159:1;1182:2;1192:2;1197:2;1213:3;1227:4;1239:4;1244:2,UNLABELED_CLUSTER_69,Archaludon ex / Meowth ex
c9d8794e26a87fa3,7:10;66:2;112:4;305:3;646:4;647:3;648:3;649:1;1079:3;1086:4;1097:2;1119:1;1139:1;1152:4;1159:1;1197:2;1227:4;1231:4;1259:4,Marnie's Grimmsnarl ex,Marnie's Grimmsnarl ex
c9eba9795f3be059,1:19;11:4;14:4;18:4;344:4;345:4;1081:2;1086:4;1147:4;1159:1;1182:3;1212:3;1227:4,UNLABELED_CLUSTER_06,Crustle / Dwebble
ca8556aeaedd5e09,5:3;13:1;19:4;66:3;214:1;305:3;741:4;742:4;743:4;959:1;1079:4;1081:3;1086:4;1129:2;1146:1;1152:4;1182:2;1184:1;1225:4;1231:4;1264:3,UNLABELED_CLUSTER_16,Abra / Alakazam / Dudunsparce / Dunsparce / Kadabra / Togekiss / Togepi
cad0e42d5a0a29dd,2:3;5:4;7:3;66:1;112:2;119:4;120:4;121:3;140:1;235:1;305:1;306:1;1071:1;1080:1;1086:4;1097:2;1120:4;1121:4;1152:4;1182:2;1198:3;1213:1;1227:4;1246:1;1260:1,Dragapult ex,Dragapult ex
cb942fc9fc700141,1:9;15:4;400:4;401:4;414:2;431:2;434:2;1094:3;1121:2;1122:1;1134:4;1152:3;1159:1;1182:2;1216:4;1217:3;1220:4;1227:3;1257:3,Team Rocket's Mewtwo ex,Team Rocket's Mewtwo ex
cc30dfc61693132d,1:3;18:2;89:4;90:4;91:1;93:3;100:2;149:4;240:1;343:1;858:1;1080:1;1086:4;1094:3;1097:1;1123:1;1129:1;1152:4;1174:1;1175:2;1182:2;1184:1;1191:2;1211:1;1213:1;1227:4;1231:1;1245:4,UNLABELED_CLUSTER_45,Applin / Dipplin / Goldeen / Grookey / Psyduck / Rillaboom / Seaking / Shaymin / Thwackey
cc84b1b9f1e05949,2:3;5:3;7:2;31:1;112:2;119:4;120:4;121:3;140:1;235:1;1071:1;1080:1;1086:4;1097:3;1120:4;1121:4;1152:4;1182:3;1197:1;1198:3;1213:1;1227:4;1246:1;1256:2,Dragapult ex,Dragapult ex
ccd41f8554b530ab,3:10;11:2;17:2;860:3;861:3;1030:4;1031:4;1086:4;1102:4;1122:3;1145:3;1152:4;1159:1;1225:4;1227:4;1229:2;1262:3,UNLABELED_CLUSTER_07,Mega Froslass ex / Mega Starmie ex
cd20dc40ab299bd9,1:8;42:3;88:3;89:4;90:4;92:1;93:4;1080:1;1086:4;1094:4;1097:2;1129:1;1152:4;1175:1;1182:2;1210:1;1211:1;1225:4;1227:4;1245:4,UNLABELED_CLUSTER_46,Applin / Dipplin / Grookey / Thwackey / Volbeat
cda996a02f18641b,7:12;104:1;112:4;646:4;647:3;648:3;860:1;1079:3;1080:1;1086:4;1097:3;1152:4;1161:1;1182:1;1197:2;1219:3;1227:4;1231:2;1259:4,Marnie's Grimmsnarl ex,Marnie's Grimmsnarl ex
cf0f955995a47140,8:15;12:1;169:4;190:4;1097:4;1121:4;1122:2;1123:2;1152:4;1182:4;1192:4;1213:4;1227:4;1244:4,UNLABELED_CLUSTER_02,Archaludon ex
cf3a7feaf2e07bff,5:2;19:4;65:2;66:4;305:1;741:4;742:4;743:4;1079:4;1081:3;1086:4;1097:3;1129:1;1152:4;1182:3;1184:1;1197:2;1225:4;1227:1;1231:4;1247:1,UNLABELED_CLUSTER_01,Abra / Alakazam / Dudunsparce / Dunsparce / Kadabra
cf54338b6b99acc3,11:4;12:1;19:4;65:4;66:3;304:2;878:4;879:2;1086:4;1097:3;1115:3;1122:4;1152:4;1171:4;1182:2;1194:2;1210:2;1227:4;1255:4,UNLABELED_CLUSTER_05,Dudunsparce / Dunsparce / Hop's Phantump / Hop's Trevenant / Hop’s Snorlax
cf6d10eb0b2ec055,5:1;13:1;19:4;66:3;174:1;305:4;741:4;742:4;743:4;1079:3;1081:3;1086:4;1097:2;1129:1;1152:3;1182:4;1184:1;1197:2;1225:3;1231:4;1266:4,UNLABELED_CLUSTER_29,Abra / Alakazam / Dudunsparce / Dunsparce / Fan Rotom / Kadabra
cf827fff53a7d57b,3:9;666:2;860:3;861:3;1030:3;1031:3;1086:4;1087:2;1097:1;1122:3;1145:3;1152:1;1159:1;1182:2;1189:2;1197:2;1224:2;1225:2;1227:4;1229:4;1262:4,UNLABELED_CLUSTER_07,Mega Froslass ex / Mega Starmie ex
d11306618e7ece62,1:1;11:4;14:2;18:4;20:4;117:2;344:4;345:3;756:3;1086:3;1096:1;1120:4;1122:3;1147:4;1175:1;1182:1;1187:3;1197:2;1225:3;1227:4;1264:4,Mega Kangaskhan ex,Mega Kangaskhan ex
d1582f2a04774329,2:3;5:3;7:3;31:1;112:2;119:4;120:4;121:3;140:1;235:1;1071:2;1080:1;1086:4;1097:2;1120:4;1121:4;1152:4;1182:3;1198:3;1227:4;1231:1;1246:1;1256:2,Dragapult ex,Dragapult ex
d17ff875cf148c46,5:2;13:1;19:4;65:3;66:3;140:1;174:1;343:1;741:4;742:4;743:3;858:1;1079:3;1081:2;1086:4;1097:1;1129:1;1146:1;1152:4;1182:3;1184:1;1186:1;1225:4;1231:4;1264:3,Fezandipiti ex,Fezandipiti ex
d19dd275a0b6998b,3:9;666:2;860:3;861:3;1030:3;1031:3;1086:4;1087:2;1097:1;1122:3;1145:3;1152:1;1159:1;1182:2;1189:2;1197:2;1224:2;1225:3;1227:4;1229:3;1262:4,UNLABELED_CLUSTER_07,Mega Froslass ex / Mega Starmie ex
d253f23f46f8b4ba,1:5;89:4;90:4;92:4;93:4;343:1;1080:1;1086:4;1094:4;1097:4;1122:4;1129:1;1152:4;1175:4;1227:4;1231:4;1245:4,UNLABELED_CLUSTER_32,Applin / Dipplin / Grookey / Shaymin / Thwackey
d263d4de37a37f2b,5:2;13:1;19:4;65:3;66:3;140:1;174:1;214:1;741:4;742:4;743:4;880:1;959:1;1079:3;1081:3;1086:4;1097:2;1129:1;1146:1;1152:4;1182:3;1184:1;1225:4;1231:4,Fezandipiti ex,Fezandipiti ex
d27ab9465febb3da,1:9;3:1;4:2;5:2;6:2;63:2;96:3;108:1;140:1;184:2;272:1;756:3;978:1;1071:3;1088:1;1097:2;1098:2;1116:4;1121:4;1182:2;1197:2;1198:4;1205:2;1250:4,Mega Kangaskhan ex,Mega Kangaskhan ex
d28a5e94534aae0c,5:2;19:4;66:4;174:2;305:4;741:4;742:4;743:4;1079:4;1081:4;1086:4;1097:1;1129:2;1152:4;1182:4;1225:4;1231:4;1247:1,UNLABELED_CLUSTER_29,Abra / Alakazam / Dudunsparce / Dunsparce / Fan Rotom / Kadabra
d2b031fb79e19d00,5:4;16:3;19:4;164:4;343:1;689:2;1086:4;1097:4;1120:4;1122:3;1152:4;1161:2;1182:4;1194:4;1197:4;1227:4;1228:4;1247:1,UNLABELED_CLUSTER_14,Comfey / Shaymin / Yveltal
d2e1bedcf0288b4f,5:2;13:1;19:4;66:2;245:1;305:3;343:1;741:4;742:4;743:3;1079:4;1081:4;1086:4;1097:2;1129:1;1152:4;1182:3;1184:2;1197:2;1225:4;1231:4;1264:1,UNLABELED_CLUSTER_08,Abra / Alakazam / Dudunsparce / Dunsparce / Kadabra / Shaymin
d3d944ac94530cb6,11:4;12:1;19:4;65:4;66:3;304:2;878:4;879:2;1086:4;1097:3;1115:3;1122:4;1152:4;1171:4;1182:2;1194:1;1210:2;1225:1;1227:4;1255:4,UNLABELED_CLUSTER_05,Dudunsparce / Dunsparce / Hop's Phantump / Hop's Trevenant / Hop’s Snorlax
d47d8a3b679e2d6f,2:3;5:3;7:2;31:1;112:2;119:4;120:4;121:3;140:1;235:1;326:2;410:2;411:1;412:1;1071:1;1079:2;1080:1;1086:4;1097:2;1121:4;1152:3;1182:3;1198:2;1213:1;1227:4;1231:1;1250:1;1256:1,Dragapult ex,Dragapult ex
d4a88fa6447152fe,2:3;5:4;7:2;66:1;112:2;119:4;120:4;121:3;140:1;235:1;305:2;306:1;1071:1;1079:2;1080:1;1086:4;1097:3;1121:4;1152:4;1182:2;1198:3;1213:1;1227:4;1240:1;1246:2,Dragapult ex,Dragapult ex
d5466d070c71fde7,6:9;20:4;66:2;305:3;675:2;676:2;677:4;678:3;1086:2;1121:2;1141:4;1142:4;1152:4;1159:1;1182:3;1213:1;1225:2;1227:4;1229:2;1252:2,Mega Lucario ex,Mega Lucario ex
d562e376a3d71d6b,7:12;112:4;646:4;647:3;648:3;1079:4;1080:1;1086:4;1097:3;1122:1;1152:4;1182:3;1219:4;1227:4;1231:2;1259:4,Marnie's Grimmsnarl ex,Marnie's Grimmsnarl ex
d598b9166f5f51ae,5:3;19:4;66:3;140:1;305:4;343:1;741:4;742:4;743:4;1079:3;1081:4;1086:4;1097:1;1129:1;1152:3;1182:3;1184:1;1197:3;1225:4;1231:4;1264:1,Fezandipiti ex,Fezandipiti ex
d5a00cd9fec5560e,6:15;673:2;674:2;675:2;676:3;677:3;678:4;1087:1;1102:4;1123:2;1141:4;1142:4;1152:4;1159:1;1182:2;1213:3;1227:4,Mega Lucario ex,Mega Lucario ex
d5cacb6709e59f7a,2:3;5:4;7:3;66:1;112:2;119:4;120:4;121:3;140:1;235:1;305:1;343:1;1071:1;1080:1;1086:4;1097:2;1120:3;1121:4;1152:4;1182:3;1198:3;1213:1;1227:4;1260:2,Dragapult ex,Dragapult ex
d5e2e6b068b45bf0,6:9;12:1;16:4;116:4;675:2;676:3;1051:2;1052:2;1097:3;1122:2;1137:2;1142:4;1152:4;1174:2;1182:3;1213:4;1227:4;1238:2;1256:3,UNLABELED_CLUSTER_37,Barbaracle / Binacle / Lunatone / Okidogi / Solrock
d60bd450662912be,2:4;5:4;119:4;120:4;121:3;140:1;184:1;235:2;272:1;1071:1;1079:2;1080:1;1086:4;1097:2;1121:4;1152:4;1182:3;1187:2;1198:3;1219:2;1227:4;1231:1;1240:1;1246:2,Dragapult ex,Dragapult ex
d618f01afde0c0c5,8:11;57:1;169:4;190:4;666:4;1097:3;1121:4;1122:4;1147:2;1152:4;1159:1;1182:4;1185:2;1213:4;1227:4;1244:4,UNLABELED_CLUSTER_02,Archaludon ex
d7849c79633b5627,1:7;89:4;90:4;93:4;100:1;149:4;240:1;1080:1;1086:4;1094:4;1097:2;1121:2;1122:1;1129:1;1152:4;1174:2;1175:2;1182:2;1191:1;1211:1;1227:4;1245:4,UNLABELED_CLUSTER_19,Applin / Dipplin / Goldeen / Grookey / Seaking / Thwackey
d787bd2fa5f6c5e3,1:3;2:9;18:4;344:4;345:4;352:4;353:4;354:4;1079:4;1086:4;1121:4;1152:1;1159:1;1182:2;1215:4;1227:4,UNLABELED_CLUSTER_17,Crustle / Dwebble / Ethan's Cyndaquil / Ethan's Quilava / Ethan's Typhlosion
d7c3cf38cf288455,1:9;15:4;400:4;401:4;414:2;431:2;434:2;1094:3;1121:1;1122:1;1134:4;1152:3;1159:1;1216:4;1217:3;1218:3;1220:4;1227:3;1257:3,Team Rocket's Mewtwo ex,Team Rocket's Mewtwo ex
d818ad189e127a04,1:8;42:2;89:4;90:4;92:2;93:4;655:4;1086:4;1094:4;1097:1;1102:1;1129:1;1152:4;1155:1;1175:2;1182:2;1211:1;1225:3;1227:4;1245:4,UNLABELED_CLUSTER_26,Applin / Celebi / Dipplin / Grookey / Thwackey
d83b61b3461e6f3d,1:17;18:2;96:4;1094:4;1118:1;1119:2;1120:4;1122:3;1127:4;1147:3;1159:1;1182:2;1201:1;1213:4;1221:1;1223:1;1227:4;1251:2,Teal Mask Ogerpon ex,Teal Mask Ogerpon ex
d8c9db09b2d04f55,7:15;112:4;646:4;647:2;648:4;649:2;1079:4;1086:4;1097:3;1139:1;1152:3;1159:1;1197:3;1227:4;1231:4;1259:2,Marnie's Grimmsnarl ex,Marnie's Grimmsnarl ex
d9022add08284118,6:12;20:2;117:2;675:2;676:3;677:4;678:4;1121:3;1123:2;1141:4;1142:4;1152:4;1159:1;1197:2;1213:2;1227:4;1229:4;1252:1,Mega Lucario ex,Mega Lucario ex
d9614beda9774552,5:4;19:4;97:3;98:3;164:4;343:1;494:2;1079:1;1081:1;1086:4;1097:2;1119:2;1120:4;1123:1;1152:4;1166:2;1182:3;1186:2;1197:3;1225:3;1227:4;1231:1;1247:1;1264:1,UNLABELED_CLUSTER_11,Chandelure / Comfey / Lampent / Litwick / Shaymin
d97004b63104f708,8:11;57:1;169:4;190:4;666:4;1097:3;1102:1;1121:4;1122:4;1147:4;1152:4;1159:1;1182:3;1185:4;1227:4;1244:4,UNLABELED_CLUSTER_02,Archaludon ex
da2a64c2ecaab66a,3:35;721:2;722:4;723:4;1145:4;1158:1;1205:2;1227:4;1235:4,Mega Abomasnow ex,Mega Abomasnow ex
da71c738ef47665c,6:5;20:4;341:4;342:3;379:4;380:4;381:3;387:1;1080:1;1086:4;1122:2;1123:1;1141:2;1142:3;1152:4;1173:4;1182:4;1206:2;1219:1;1227:4,Cynthia's Garchomp ex,Cynthia's Garchomp ex
da98983292e95622,1:7;15:4;400:4;401:4;414:2;431:2;434:3;1080:1;1086:1;1094:3;1121:2;1134:4;1152:4;1187:1;1216:4;1218:2;1220:4;1227:4;1257:2;1264:2,Team Rocket's Mewtwo ex,Team Rocket's Mewtwo ex
dafa1e6efd85150e,6:9;12:1;16:4;112:1;116:3;117:1;675:2;676:3;1051:2;1052:2;1097:2;1118:1;1122:4;1137:1;1142:4;1152:4;1174:2;1182:3;1187:4;1227:4;1238:2;1264:1,UNLABELED_CLUSTER_04,Cornerstone Mask Ogerpon ex
db6f0378eb8b85ba,5:2;13:1;19:4;66:3;140:1;305:3;343:1;741:4;742:4;743:3;1079:3;1081:3;1086:4;1097:2;1129:1;1152:4;1182:2;1184:1;1197:2;1225:4;1231:4;1264:4,Fezandipiti ex,Fezandipiti ex
db7e43390449b177,7:11;104:2;112:4;646:4;647:2;648:4;860:2;1079:4;1080:1;1086:4;1097:2;1152:4;1182:2;1213:1;1219:4;1227:4;1231:1;1259:4,Marnie's Grimmsnarl ex,Marnie's Grimmsnarl ex
dbd9c475e049b908,1:12;16:4;24:1;96:4;116:1;117:1;272:1;414:2;848:1;849:1;1094:4;1121:4;1122:3;1127:2;1137:1;1147:2;1152:2;1159:1;1182:3;1213:3;1226:1;1227:4;1251:2,Teal Mask Ogerpon ex,Teal Mask Ogerpon ex
dbfc1ba8fdabeb39,3:12;66:1;305:1;666:2;860:3;861:3;1030:3;1031:3;1086:4;1087:2;1122:2;1145:3;1152:1;1159:1;1182:3;1197:3;1225:3;1227:3;1229:4;1262:3,UNLABELED_CLUSTER_07,Mega Froslass ex / Mega Starmie ex
dc00190f2a5ba462,1:1;11:4;14:4;18:4;20:3;117:1;344:4;345:3;756:3;1086:2;1121:2;1122:4;1123:1;1147:4;1159:1;1182:3;1194:2;1197:2;1219:4;1225:2;1227:4;1257:2,Mega Kangaskhan ex,Mega Kangaskhan ex
dc2ce39b94cbbb38,7:10;104:2;112:4;646:4;647:3;648:3;860:2;1079:3;1080:1;1086:4;1097:3;1122:1;1137:1;1152:4;1182:2;1219:4;1227:4;1231:1;1259:4,Marnie's Grimmsnarl ex,Marnie's Grimmsnarl ex
dc762c6de252f8b4,5:7;16:3;19:4;112:2;117:2;183:1;184:1;272:1;343:1;414:1;597:1;745:4;746:3;747:3;848:1;849:1;1079:1;1145:2;1152:4;1182:2;1194:3;1197:3;1227:4;1231:2;1249:1;1266:2,Mega Lopunny ex,Mega Lopunny ex
dcdb898bf51e0fb7,6:12;673:2;674:2;675:2;676:3;677:3;678:4;1102:4;1123:2;1141:4;1142:4;1152:4;1159:1;1182:2;1213:3;1227:4;1229:2;1252:2,Mega Lucario ex,Mega Lucario ex
de141cdc55266782,2:3;5:4;7:3;65:1;66:1;112:2;119:4;120:4;121:3;140:1;235:1;1071:1;1080:1;1086:4;1097:2;1120:4;1121:4;1152:4;1182:3;1198:3;1213:1;1227:4;1260:2,Dragapult ex,Dragapult ex
dec7cdaef424b950,5:2;13:1;19:4;66:3;140:1;305:3;741:4;742:4;743:3;1079:3;1081:4;1086:4;1097:1;1129:1;1152:4;1156:1;1174:1;1182:3;1184:2;1225:4;1231:4;1266:3,Fezandipiti ex,Fezandipiti ex
dfc731fac71f26f1,1:7;89:4;90:4;93:4;100:2;149:4;240:2;1086:4;1092:1;1094:4;1097:2;1137:1;1152:4;1174:1;1175:2;1182:2;1211:4;1227:4;1245:4,UNLABELED_CLUSTER_19,Applin / Dipplin / Goldeen / Grookey / Seaking / Thwackey
e06df914d47f033e,7:10;66:3;112:3;305:3;646:4;647:3;648:4;689:1;1079:4;1086:4;1152:4;1159:1;1197:4;1227:4;1231:4;1259:4,Marnie's Grimmsnarl ex,Marnie's Grimmsnarl ex
e13fd1ccc84b095d,5:2;13:1;19:4;66:3;305:4;741:4;742:4;743:4;1079:4;1081:4;1086:4;1097:2;1129:1;1152:4;1182:3;1184:1;1197:2;1225:4;1231:4;1264:1,UNLABELED_CLUSTER_01,Abra / Alakazam / Dudunsparce / Dunsparce / Kadabra
e219a37a1170ce98,5:2;13:1;19:4;65:4;66:3;741:4;742:4;743:3;1079:4;1081:2;1086:4;1097:2;1129:1;1152:4;1156:2;1182:4;1184:1;1225:4;1231:4;1264:3,UNLABELED_CLUSTER_01,Abra / Alakazam / Dudunsparce / Dunsparce / Kadabra
e2db90241152a724,8:14;57:2;169:4;190:3;414:1;840:1;1097:4;1121:4;1122:4;1152:4;1159:1;1182:4;1192:4;1213:2;1227:4;1244:4,UNLABELED_CLUSTER_02,Archaludon ex
e34dae96b1984485,6:5;20:4;341:4;342:3;379:4;380:4;381:3;387:2;1080:1;1086:4;1097:2;1142:4;1152:4;1173:3;1182:2;1197:1;1203:1;1225:3;1227:4;1261:2,Cynthia's Garchomp ex,Cynthia's Garchomp ex
e359a7f47a4cb94a,5:2;13:1;19:4;65:4;66:3;140:1;343:1;741:4;742:4;743:3;1079:3;1081:2;1086:4;1097:1;1152:4;1182:3;1184:2;1197:2;1225:4;1231:4;1264:4,Fezandipiti ex,Fezandipiti ex
e3d8207f64216ae8,7:10;103:2;104:2;112:4;646:4;647:3;648:3;1079:3;1080:1;1086:4;1097:3;1152:4;1161:2;1182:2;1219:4;1227:4;1231:1;1259:4,Marnie's Grimmsnarl ex,Marnie's Grimmsnarl ex
e4465735c1f698e2,2:4;5:4;7:2;112:2;119:4;120:4;121:3;131:2;132:1;133:1;140:1;235:2;1079:2;1080:1;1086:4;1097:2;1121:3;1152:4;1182:3;1197:1;1198:3;1213:1;1227:4;1246:1;1256:1,Dragapult ex,Dragapult ex
e44a46bfcc0214e4,7:9;112:2;292:4;293:4;303:2;906:2;1086:4;1097:2;1113:4;1121:3;1152:4;1159:1;1176:2;1182:4;1188:1;1195:1;1197:1;1205:3;1227:4;1253:3,UNLABELED_CLUSTER_21,N’s Zoroark ex
e4aabd354cc35f91,2:3;5:4;7:2;66:1;112:2;119:4;120:4;121:3;140:1;235:1;305:2;306:1;343:1;1071:1;1079:2;1080:1;1086:4;1097:3;1121:4;1152:4;1182:3;1198:3;1227:4;1246:2,Dragapult ex,Dragapult ex
e4af24fa5d0d619b,1:15;18:4;96:4;1094:4;1118:1;1119:2;1120:4;1122:3;1127:4;1147:3;1159:1;1182:2;1213:4;1221:1;1223:2;1227:3;1251:3,Teal Mask Ogerpon ex,Teal Mask Ogerpon ex
e4e79fcca78f4293,6:10;20:3;673:2;674:2;675:2;676:3;677:3;678:4;1102:4;1123:2;1141:4;1142:4;1152:4;1159:1;1182:2;1192:4;1212:2;1227:4,Mega Lucario ex,Mega Lucario ex
e51fedf968c4efda,8:13;57:1;169:4;190:4;666:4;1097:4;1121:4;1122:3;1147:2;1152:3;1159:1;1182:4;1185:4;1213:3;1227:4;1244:2,UNLABELED_CLUSTER_02,Archaludon ex
e5766997074f72cb,8:15;57:1;169:4;190:4;666:4;1097:4;1121:2;1122:4;1147:4;1152:4;1159:1;1185:4;1197:2;1227:4;1244:3,UNLABELED_CLUSTER_02,Archaludon ex
e69858a31af3698a,3:6;12:1;66:4;174:2;305:4;414:2;860:4;861:4;1086:4;1120:4;1122:3;1123:2;1145:2;1152:4;1225:3;1227:4;1228:3;1229:4,UNLABELED_CLUSTER_24,Mega Froslass ex
e6c8c8b46da53cae,3:6;65:3;66:2;174:1;506:4;1081:4;1086:4;1091:1;1097:4;1102:2;1119:4;1120:4;1137:1;1152:4;1166:2;1182:2;1186:1;1197:2;1227:4;1247:1;1266:4,UNLABELED_CLUSTER_40,Cubchoo / Dudunsparce / Dunsparce / Fan Rotom
e7e6ae056098df1c,3:5;7:3;17:4;112:2;1030:4;1031:3;1086:4;1120:4;1122:4;1145:2;1152:4;1159:1;1174:2;1182:2;1189:3;1223:2;1225:3;1227:4;1229:4,UNLABELED_CLUSTER_03,Mega Starmie ex
e8cc78ff2aca77a9,6:30;677:4;678:4;1102:4;1121:4;1123:2;1142:4;1145:4;1227:4,Mega Lucario ex,Mega Lucario ex
e9647ebbaa869e6b,2:4;5:4;7:2;112:2;119:4;120:4;121:3;140:1;235:2;1071:1;1080:1;1086:4;1097:3;1120:2;1121:4;1152:4;1182:3;1197:1;1198:3;1213:1;1227:4;1231:1;1246:2,Dragapult ex,Dragapult ex
e97ea339c59eb7e9,1:7;15:4;400:4;401:4;414:2;431:2;434:3;1080:1;1086:1;1094:3;1121:2;1134:4;1152:4;1187:1;1216:4;1218:2;1220:4;1227:4;1264:4,Team Rocket's Mewtwo ex,Team Rocket's Mewtwo ex
e986f2371864e201,1:14;96:4;140:1;149:2;150:2;655:1;709:2;710:2;917:3;919:1;921:2;1071:1;1080:1;1094:4;1097:2;1121:3;1152:2;1182:2;1184:1;1213:1;1227:3;1231:2;1261:4,Teal Mask Ogerpon ex,Teal Mask Ogerpon ex
e9bb6661a3de3f80,6:10;20:3;117:1;675:2;676:4;677:4;678:4;1102:4;1123:3;1141:4;1142:4;1152:3;1159:1;1182:1;1192:2;1197:2;1227:4;1229:3;1252:1,Mega Lucario ex,Mega Lucario ex
eac7d1e616d44bf4,2:15;46:4;140:2;235:1;259:3;357:2;573:3;1086:4;1088:1;1097:3;1102:3;1121:4;1139:2;1182:2;1192:3;1198:1;1199:1;1205:4;1213:2,Fezandipiti ex,Fezandipiti ex
eaf1d2f9fc5cc13b,1:1;11:4;14:2;18:4;20:4;117:1;344:4;345:4;756:3;1086:4;1087:1;1121:1;1122:4;1123:1;1147:4;1159:1;1182:2;1187:2;1197:3;1225:4;1227:4;1264:2,Mega Kangaskhan ex,Mega Kangaskhan ex
eb1222900df9baf0,6:13;673:2;674:2;675:2;676:3;677:3;678:4;1121:4;1123:2;1141:4;1142:4;1152:4;1159:1;1182:2;1213:4;1227:4;1229:2,Mega Lucario ex,Mega Lucario ex
ec1564bfeb05c103,3:4;11:4;13:1;65:1;66:3;109:1;174:1;305:3;848:3;849:2;860:3;861:2;1086:3;1087:2;1097:1;1121:3;1122:1;1137:1;1152:4;1174:3;1182:2;1225:3;1227:3;1229:3;1264:3,Mega Lopunny ex,Mega Lopunny ex
ec6f84cdcccc913b,5:3;13:1;19:4;66:3;140:1;305:3;741:4;742:4;743:3;1079:3;1081:2;1086:4;1097:2;1129:1;1146:1;1152:4;1182:3;1184:1;1197:2;1225:4;1227:3;1231:4,Fezandipiti ex,Fezandipiti ex
ec75fde5aaa1daf0,3:9;17:4;666:4;1030:3;1031:3;1086:4;1097:2;1120:4;1121:1;1122:4;1145:2;1152:2;1159:1;1182:1;1189:4;1223:2;1225:2;1227:4;1229:4,UNLABELED_CLUSTER_03,Mega Starmie ex
ecb9fd41d48b6ccb,8:14;57:1;169:4;190:4;666:4;1097:4;1121:4;1122:4;1147:2;1152:4;1159:1;1185:4;1197:2;1227:4;1244:4,UNLABELED_CLUSTER_02,Archaludon ex
ecf06b29e2a9ff12,1:5;89:4;90:4;92:4;93:4;343:1;1080:1;1086:4;1094:4;1097:2;1122:4;1129:1;1152:4;1174:2;1175:4;1227:4;1231:4;1245:4,UNLABELED_CLUSTER_32,Applin / Dipplin / Grookey / Shaymin / Thwackey
ed8af32e00d56c9a,3:6;7:3;112:3;506:4;1081:4;1086:1;1097:1;1119:3;1120:3;1122:4;1137:2;1152:4;1166:3;1182:2;1184:2;1194:1;1197:2;1219:4;1227:4;1247:1;1264:3,UNLABELED_CLUSTER_50,Cubchoo / Munkidori
ef078dead3d0980e,1:1;11:4;14:2;18:4;20:4;117:2;344:4;345:4;756:3;1086:3;1122:4;1147:4;1159:1;1182:2;1187:3;1197:3;1225:4;1227:4;1264:4,Mega Kangaskhan ex,Mega Kangaskhan ex
ef1c3cb4eae26467,8:13;169:4;190:4;666:4;1097:4;1121:4;1122:4;1147:3;1152:4;1159:1;1182:2;1185:4;1197:1;1227:4;1244:4,UNLABELED_CLUSTER_02,Archaludon ex
efd433b04c8c2099,4:3;11:4;13:1;66:3;174:1;305:4;848:3;849:3;869:1;1086:4;1087:3;1097:1;1121:4;1122:2;1152:4;1174:3;1182:2;1225:3;1227:4;1229:4;1264:3,Mega Lopunny ex,Mega Lopunny ex
f106156986534f4a,6:1;11:4;14:4;18:4;117:1;344:3;345:3;756:4;858:1;1086:2;1120:4;1121:1;1122:3;1123:1;1147:4;1159:1;1182:4;1186:1;1190:1;1197:1;1212:1;1219:4;1225:2;1227:4;1257:1,Mega Kangaskhan ex,Mega Kangaskhan ex
f12a75c0e5a5c261,5:3;13:1;19:4;66:3;305:4;343:1;741:4;742:4;743:4;1079:4;1081:3;1086:4;1097:1;1129:1;1152:4;1182:3;1184:1;1225:4;1231:4;1264:3,UNLABELED_CLUSTER_08,Abra / Alakazam / Dudunsparce / Dunsparce / Kadabra / Shaymin
f1b53d2f908f682e,1:2;11:4;14:4;18:4;20:2;117:1;344:4;345:3;756:2;1086:2;1121:2;1122:4;1123:1;1137:1;1147:4;1159:1;1182:4;1194:2;1197:1;1219:4;1225:2;1227:4;1257:1;1264:1,Mega Kangaskhan ex,Mega Kangaskhan ex
f2361cdbad25851b,1:20;95:4;344:4;345:4;1086:4;1097:2;1110:1;1118:2;1119:2;1121:4;1123:3;1182:2;1227:4;1235:4,Teal Mask Ogerpon ex,Teal Mask Ogerpon ex
f2390a7e5d8e3c94,6:14;12:1;673:2;674:2;675:2;676:3;677:4;678:4;1102:4;1123:2;1141:4;1142:4;1152:2;1182:3;1192:4;1227:4;1252:1,Mega Lucario ex,Mega Lucario ex
f26c077f8702317c,5:2;13:1;19:4;65:4;66:4;140:1;741:4;742:4;743:3;1079:3;1081:2;1086:4;1097:1;1129:1;1152:4;1161:3;1182:2;1184:2;1197:1;1225:4;1231:4;1264:2,Fezandipiti ex,Fezandipiti ex
f2d7e132a10b9ad9,5:2;13:1;19:4;66:3;140:1;305:3;343:1;741:4;742:4;743:3;1079:3;1081:2;1086:4;1097:1;1129:1;1146:1;1152:4;1182:3;1184:1;1186:1;1225:4;1231:4;1248:4;1264:1,Fezandipiti ex,Fezandipiti ex
f3a66a435b68dcf2,6:10;12:1;16:4;116:4;626:1;675:2;676:2;791:1;1051:2;1052:2;1097:2;1122:2;1123:3;1141:2;1142:4;1152:4;1182:3;1187:2;1227:4;1238:2;1256:1;1264:2,UNLABELED_CLUSTER_62,Barbaracle / Binacle / Lunatone / Moltres / Okidogi / Patrat / Solrock
f459fe7a54523885,1:5;42:4;73:1;74:1;89:4;90:4;93:4;343:1;1086:4;1092:1;1094:4;1097:2;1123:1;1152:4;1174:2;1175:2;1182:2;1184:1;1191:2;1211:1;1227:4;1231:2;1245:4,UNLABELED_CLUSTER_09,Applin / Dipplin / Grookey / Rabsca / Rellor / Shaymin / Thwackey
f4f9e0b2dfde5a5c,7:12;66:3;112:3;140:1;305:3;646:4;647:2;648:4;1079:4;1080:1;1086:4;1097:1;1152:4;1161:2;1182:2;1227:4;1231:3;1259:3,Marnie's Grimmsnarl ex,Marnie's Grimmsnarl ex
f519414181f507a2,11:3;12:1;19:4;65:4;66:3;304:2;878:4;879:3;1086:4;1097:3;1115:3;1122:4;1152:4;1171:4;1182:3;1194:2;1210:1;1227:4;1255:4,UNLABELED_CLUSTER_05,Dudunsparce / Dunsparce / Hop's Phantump / Hop's Trevenant / Hop’s Snorlax
f52b72943cdb12d7,5:7;7:3;12:1;19:4;112:3;210:3;315:4;961:4;1097:4;1102:4;1152:4;1174:2;1182:3;1198:2;1210:4;1225:4;1227:4,UNLABELED_CLUSTER_53,Pikachu ex
f575288d2b9f7bd3,1:9;15:4;400:4;401:4;414:2;431:2;434:2;1094:3;1121:1;1134:4;1152:4;1159:1;1216:4;1217:3;1218:3;1220:4;1227:3;1257:3,Team Rocket's Mewtwo ex,Team Rocket's Mewtwo ex
f59e852fe5450580,7:10;104:2;112:4;646:4;647:3;648:3;860:2;1079:3;1080:1;1086:4;1097:3;1122:1;1152:4;1161:2;1182:2;1219:4;1227:4;1259:4,Marnie's Grimmsnarl ex,Marnie's Grimmsnarl ex
f5c72d899ca8b632,6:11;20:3;673:2;674:2;675:2;676:3;677:3;678:4;1102:4;1123:2;1141:4;1142:4;1152:4;1159:1;1182:1;1191:2;1192:2;1227:4;1252:2,Mega Lucario ex,Mega Lucario ex
f5fadf03018935e6,5:2;13:1;19:4;66:3;140:1;305:4;741:4;742:4;743:3;1079:4;1081:2;1086:4;1097:3;1129:1;1152:4;1182:3;1184:1;1197:2;1225:4;1231:4;1264:2,Fezandipiti ex,Fezandipiti ex
f62466cb40363d5e,1:15;11:4;14:4;18:4;344:4;345:4;1081:4;1086:4;1147:4;1159:1;1212:4;1224:4;1264:4,UNLABELED_CLUSTER_06,Crustle / Dwebble
f68ccef625779ef7,5:2;13:1;19:4;66:3;140:1;305:3;741:4;742:4;743:3;1079:4;1081:4;1086:4;1097:3;1129:1;1152:4;1182:2;1184:1;1225:4;1231:4;1264:4,Fezandipiti ex,Fezandipiti ex
f8261f22b9cd0c48,2:3;5:3;7:2;31:1;112:2;119:4;120:4;121:2;140:1;235:1;272:1;324:2;325:1;326:2;343:1;1071:1;1079:2;1080:1;1086:4;1097:2;1121:4;1152:3;1182:3;1198:2;1213:1;1227:4;1231:1;1250:1;1256:1,Dragapult ex,Dragapult ex
f86ba61cccf3ccb1,11:4;12:1;19:4;65:4;66:4;304:2;878:4;879:2;1086:4;1097:3;1115:3;1122:4;1152:4;1171:4;1182:2;1194:2;1210:2;1227:4;1255:3,UNLABELED_CLUSTER_05,Dudunsparce / Dunsparce / Hop's Phantump / Hop's Trevenant / Hop’s Snorlax
f8dc4ccd39e98d12,7:10;104:2;112:4;646:4;647:3;648:3;860:2;1079:3;1080:1;1086:4;1097:3;1152:4;1182:2;1197:2;1219:4;1227:4;1231:1;1259:4,Marnie's Grimmsnarl ex,Marnie's Grimmsnarl ex
f90d43e354d19683,5:2;13:1;19:4;66:2;140:1;305:3;343:1;741:4;742:4;743:4;1079:3;1081:3;1086:4;1097:1;1129:1;1152:4;1182:3;1184:1;1197:4;1225:4;1231:4;1266:2,Fezandipiti ex,Fezandipiti ex
f95d704202ebc6d7,11:4;19:4;65:4;66:3;304:2;878:4;879:2;1086:4;1097:3;1115:3;1122:4;1152:4;1171:4;1194:2;1210:2;1219:3;1227:4;1255:4,UNLABELED_CLUSTER_05,Dudunsparce / Dunsparce / Hop's Phantump / Hop's Trevenant / Hop’s Snorlax
f9b67c5efbba736e,5:4;13:1;19:4;66:4;305:4;741:4;742:4;743:4;1079:4;1081:4;1086:4;1097:2;1129:2;1152:4;1156:1;1182:2;1184:1;1225:3;1231:4,UNLABELED_CLUSTER_01,Abra / Alakazam / Dudunsparce / Dunsparce / Kadabra
fa4545d6a064914a,6:5;20:4;341:4;342:3;379:4;380:4;381:3;387:2;1080:1;1086:4;1097:2;1142:4;1152:4;1173:3;1182:2;1197:1;1225:4;1227:4;1261:2,Cynthia's Garchomp ex,Cynthia's Garchomp ex
fa628b3fd76fd4c1,2:5;65:3;66:3;140:1;174:1;235:3;343:1;352:4;353:4;354:3;1079:2;1086:4;1097:1;1121:3;1152:4;1158:1;1174:1;1175:2;1182:3;1184:1;1215:4;1227:4;1264:2,Fezandipiti ex,Fezandipiti ex
fa99a994b272cc28,6:8;7:1;12:1;16:4;20:1;112:1;116:3;117:1;135:1;675:2;676:3;1051:2;1052:2;1097:2;1122:2;1137:1;1142:4;1152:4;1174:2;1182:3;1187:1;1197:1;1213:1;1227:4;1238:3;1264:2,UNLABELED_CLUSTER_04,Cornerstone Mask Ogerpon ex
fb6542fd45093b86,3:3;11:4;13:1;66:3;174:1;305:4;848:2;849:2;860:2;861:2;1086:4;1087:3;1121:4;1122:2;1152:4;1174:3;1182:2;1225:3;1227:4;1229:4;1264:3,Mega Lopunny ex,Mega Lopunny ex
fb6d7f5767de6f81,1:7;15:4;400:4;401:4;414:2;431:2;434:3;1086:1;1094:3;1121:2;1134:4;1152:4;1159:1;1175:1;1216:4;1217:1;1218:3;1220:4;1227:3;1257:3,Team Rocket's Mewtwo ex,Team Rocket's Mewtwo ex
fb85400b6df83aa3,5:2;13:1;19:4;65:4;66:4;140:1;741:4;742:4;743:4;1079:4;1081:3;1086:4;1097:2;1129:2;1152:4;1182:1;1184:1;1197:2;1225:3;1231:4;1264:2,Fezandipiti ex,Fezandipiti ex
fb8f0ed22caee7b4,6:10;16:4;116:3;117:1;135:1;675:2;676:4;1051:2;1052:2;1097:3;1142:4;1152:4;1174:2;1182:3;1194:2;1197:1;1213:2;1227:4;1238:3;1247:1;1264:2,UNLABELED_CLUSTER_04,Cornerstone Mask Ogerpon ex
fbbd8ac1e662e82c,5:2;13:1;19:4;66:2;140:1;305:3;343:1;741:4;742:4;743:4;1079:3;1081:3;1086:4;1097:1;1129:1;1152:4;1182:3;1184:1;1197:3;1225:4;1231:4;1246:3,Fezandipiti ex,Fezandipiti ex
fbce070f0c6c02f0,2:4;5:6;19:1;119:4;120:4;121:3;131:2;132:1;133:2;140:1;174:1;235:1;1079:4;1086:4;1088:1;1097:2;1119:2;1121:4;1123:2;1168:1;1182:3;1192:3;1227:4,Dragapult ex,Dragapult ex
fc239cfea35c4828,7:10;104:2;112:4;122:1;646:4;647:2;648:3;860:2;1079:3;1080:1;1086:4;1097:3;1152:4;1197:2;1219:4;1227:4;1231:3;1259:4,Marnie's Grimmsnarl ex,Marnie's Grimmsnarl ex
fcac695071c3f3cf,5:2;13:1;19:4;66:2;140:1;305:3;343:1;741:4;742:4;743:4;1079:3;1081:4;1086:4;1097:1;1129:1;1152:4;1182:3;1184:1;1197:3;1225:4;1231:4;1266:2,Fezandipiti ex,Fezandipiti ex
fce93e7e9e521c17,3:6;117:1;414:1;506:4;1081:4;1086:2;1097:3;1119:2;1120:4;1122:4;1123:1;1129:1;1139:1;1152:2;1166:3;1182:4;1194:2;1197:2;1219:4;1227:4;1247:1;1256:2;1264:2,UNLABELED_CLUSTER_04,Cornerstone Mask Ogerpon ex
fd97aba1b0111c21,5:2;13:1;19:4;66:3;305:3;343:1;741:4;742:4;743:4;1079:4;1081:4;1086:4;1097:1;1129:1;1152:4;1182:3;1184:2;1197:1;1225:4;1231:4;1264:2,UNLABELED_CLUSTER_08,Abra / Alakazam / Dudunsparce / Dunsparce / Kadabra / Shaymin
ff6eff37c766e3c7,1:7;15:4;400:4;401:4;414:2;431:2;434:3;1080:1;1086:1;1094:3;1121:2;1134:4;1152:4;1216:4;1217:1;1218:2;1220:4;1227:4;1257:2;1264:2,Team Rocket's Mewtwo ex,Team Rocket's Mewtwo ex
ffb78ce042dc36d9,1:8;15:4;400:4;401:4;414:2;431:2;434:2;1086:1;1094:3;1097:2;1121:1;1134:4;1152:4;1159:1;1175:2;1216:4;1218:2;1219:1;1220:2;1227:4;1257:3,Team Rocket's Mewtwo ex,Team Rocket's Mewtwo ex
