level,player_deck_hash,opponent_deck_hash,games,wins,losses,win_rate,wilson_lo,wilson_hi,confidence
ARCHETYPE,Fezandipiti ex,Marnie's Grimmsnarl ex,417,190,227,0.4556,0.4085,0.5036,USABLE
ARCHETYPE,Mega Kangaskhan ex,Marnie's Grimmsnarl ex,210,115,95,0.5476,0.48,0.6135,USABLE
ARCHETYPE,Fezandipiti ex,Mega Kangaskhan ex,160,83,77,0.5188,0.4418,0.5948,USABLE
ARCHETYPE,Team Rocket's Mewtwo ex,Marnie's Grimmsnarl ex,134,54,80,0.403,0.3238,0.4876,USABLE
ARCHETYPE,Marnie's Grimmsnarl ex,Cynthia's Garchomp ex,98,42,56,0.4286,0.3351,0.5274,USABLE
ARCHETYPE,Marnie's Grimmsnarl ex,Mega Lopunny ex,98,42,56,0.4286,0.3351,0.5274,USABLE
ARCHETYPE,Team Rocket's Mewtwo ex,Fezandipiti ex,85,65,20,0.7647,0.6643,0.8422,USABLE
ARCHETYPE,Marnie's Grimmsnarl ex,Teal Mask Ogerpon ex,77,14,63,0.1818,0.1115,0.2824,USABLE
ARCHETYPE,Fezandipiti ex,Dragapult ex,76,27,49,0.3553,0.257,0.4674,USABLE
ARCHETYPE,Marnie's Grimmsnarl ex,Dragapult ex,76,30,46,0.3947,0.2925,0.5071,USABLE
ARCHETYPE,Fezandipiti ex,Cynthia's Garchomp ex,57,32,25,0.5614,0.4328,0.6823,USABLE
ARCHETYPE,Fezandipiti ex,Mega Lopunny ex,46,23,23,0.5,0.3612,0.6388,LOW_CONFIDENCE
ARCHETYPE,Cynthia's Garchomp ex,Mega Kangaskhan ex,40,18,22,0.45,0.3071,0.6017,LOW_CONFIDENCE
ARCHETYPE,Fezandipiti ex,Teal Mask Ogerpon ex,38,26,12,0.6842,0.5254,0.8092,LOW_CONFIDENCE
ARCHETYPE,Mega Kangaskhan ex,Dragapult ex,37,23,14,0.6216,0.461,0.7594,LOW_CONFIDENCE
ARCHETYPE,Mega Kangaskhan ex,Team Rocket's Mewtwo ex,34,14,20,0.4118,0.2637,0.5778,LOW_CONFIDENCE
ARCHETYPE,Marnie's Grimmsnarl ex,UNLABELED_CLUSTER_01,32,15,17,0.4688,0.3087,0.6355,LOW_CONFIDENCE
ARCHETYPE,Mega Kangaskhan ex,Mega Lopunny ex,31,10,21,0.3226,0.1857,0.4986,LOW_CONFIDENCE
ARCHETYPE,Marnie's Grimmsnarl ex,Mega Lucario ex,30,14,16,0.4667,0.3023,0.6386,LOW_CONFIDENCE
ARCHETYPE,Teal Mask Ogerpon ex,Mega Lopunny ex,29,7,22,0.2414,0.1222,0.4211,LOW_CONFIDENCE
ARCHETYPE,Mega Lucario ex,UNLABELED_CLUSTER_05,24,8,16,0.3333,0.1797,0.5329,LOW_CONFIDENCE
ARCHETYPE,Fezandipiti ex,UNLABELED_CLUSTER_01,23,9,14,0.3913,0.2216,0.5921,LOW_CONFIDENCE
ARCHETYPE,Cynthia's Garchomp ex,Team Rocket's Mewtwo ex,23,13,10,0.5652,0.3681,0.7437,LOW_CONFIDENCE
ARCHETYPE,Mega Lucario ex,Fezandipiti ex,22,10,12,0.4545,0.2692,0.6534,LOW_CONFIDENCE
ARCHETYPE,UNLABELED_CLUSTER_04,Marnie's Grimmsnarl ex,22,11,11,0.5,0.3072,0.6928,LOW_CONFIDENCE
ARCHETYPE,UNLABELED_CLUSTER_02,Fezandipiti ex,20,8,12,0.4,0.2188,0.6134,LOW_CONFIDENCE
ARCHETYPE,UNLABELED_CLUSTER_02,Marnie's Grimmsnarl ex,18,8,10,0.4444,0.2456,0.6628,INSUFFICIENT
ARCHETYPE,Marnie's Grimmsnarl ex,UNLABELED_CLUSTER_03,17,13,4,0.7647,0.5274,0.9045,INSUFFICIENT
ARCHETYPE,Mega Lucario ex,UNLABELED_CLUSTER_01,17,10,7,0.5882,0.3601,0.7839,INSUFFICIENT
ARCHETYPE,Mega Kangaskhan ex,Mega Lucario ex,17,7,10,0.4118,0.2161,0.6399,INSUFFICIENT
ARCHETYPE,Mega Lopunny ex,Dragapult ex,17,6,11,0.3529,0.1731,0.587,INSUFFICIENT
ARCHETYPE,UNLABELED_CLUSTER_06,Mega Lucario ex,16,9,7,0.5625,0.3318,0.769,INSUFFICIENT
ARCHETYPE,Dragapult ex,Mega Lucario ex,16,2,14,0.125,0.035,0.3602,INSUFFICIENT
ARCHETYPE,UNLABELED_CLUSTER_03,Fezandipiti ex,15,5,10,0.3333,0.1518,0.5829,INSUFFICIENT
ARCHETYPE,UNLABELED_CLUSTER_01,Mega Kangaskhan ex,14,10,4,0.7143,0.4535,0.8828,INSUFFICIENT
ARCHETYPE,UNLABELED_CLUSTER_07,Fezandipiti ex,14,8,6,0.5714,0.3259,0.7862,INSUFFICIENT
ARCHETYPE,Cynthia's Garchomp ex,Dragapult ex,13,6,7,0.4615,0.2321,0.7086,INSUFFICIENT
ARCHETYPE,Teal Mask Ogerpon ex,Mega Kangaskhan ex,13,6,7,0.4615,0.2321,0.7086,INSUFFICIENT
ARCHETYPE,Fezandipiti ex,UNLABELED_CLUSTER_04,12,6,6,0.5,0.2538,0.7462,INSUFFICIENT
ARCHETYPE,Team Rocket's Mewtwo ex,Dragapult ex,12,2,10,0.1667,0.047,0.448,INSUFFICIENT
ARCHETYPE,Cynthia's Garchomp ex,UNLABELED_CLUSTER_01,11,7,4,0.6364,0.3538,0.8483,INSUFFICIENT
ARCHETYPE,Cynthia's Garchomp ex,Mega Lopunny ex,11,9,2,0.8182,0.523,0.9486,INSUFFICIENT
ARCHETYPE,UNLABELED_CLUSTER_01,UNLABELED_CLUSTER_02,10,8,2,0.8,0.4902,0.9433,INSUFFICIENT
ARCHETYPE,Teal Mask Ogerpon ex,Dragapult ex,10,6,4,0.6,0.3127,0.8318,INSUFFICIENT
ARCHETYPE,Mega Kangaskhan ex,UNLABELED_CLUSTER_04,9,6,3,0.6667,0.3542,0.8794,INSUFFICIENT
ARCHETYPE,UNLABELED_CLUSTER_08,Fezandipiti ex,9,6,3,0.6667,0.3542,0.8794,INSUFFICIENT
ARCHETYPE,Mega Lopunny ex,Mega Lucario ex,9,0,9,0.0,0.0,0.2992,INSUFFICIENT
ARCHETYPE,Dragapult ex,UNLABELED_CLUSTER_05,8,7,1,0.875,0.5291,0.9776,INSUFFICIENT
ARCHETYPE,UNLABELED_CLUSTER_06,UNLABELED_CLUSTER_17,8,1,7,0.125,0.0224,0.4709,INSUFFICIENT
ARCHETYPE,UNLABELED_CLUSTER_02,Mega Kangaskhan ex,8,3,5,0.375,0.1368,0.6943,INSUFFICIENT
ARCHETYPE,Marnie's Grimmsnarl ex,UNLABELED_CLUSTER_15,8,2,6,0.25,0.0715,0.5907,INSUFFICIENT
ARCHETYPE,Mega Lopunny ex,Team Rocket's Mewtwo ex,8,8,0,1.0,0.6756,1.0,INSUFFICIENT
ARCHETYPE,Marnie's Grimmsnarl ex,UNLABELED_CLUSTER_09,8,2,6,0.25,0.0715,0.5907,INSUFFICIENT
ARCHETYPE,Marnie's Grimmsnarl ex,UNLABELED_CLUSTER_12,8,5,3,0.625,0.3057,0.8632,INSUFFICIENT
ARCHETYPE,UNLABELED_CLUSTER_03,UNLABELED_CLUSTER_05,7,5,2,0.7143,0.3589,0.9178,INSUFFICIENT
ARCHETYPE,UNLABELED_CLUSTER_05,Fezandipiti ex,7,4,3,0.5714,0.2505,0.8418,INSUFFICIENT
ARCHETYPE,Mega Lucario ex,UNLABELED_CLUSTER_10,7,0,7,0.0,0.0,0.3543,INSUFFICIENT
ARCHETYPE,UNLABELED_CLUSTER_03,Dragapult ex,7,4,3,0.5714,0.2505,0.8418,INSUFFICIENT
ARCHETYPE,UNLABELED_CLUSTER_01,Dragapult ex,7,6,1,0.8571,0.4869,0.9743,INSUFFICIENT
ARCHETYPE,Mega Lucario ex,UNLABELED_CLUSTER_02,7,2,5,0.2857,0.0822,0.6411,INSUFFICIENT
ARCHETYPE,UNLABELED_CLUSTER_09,Fezandipiti ex,7,6,1,0.8571,0.4869,0.9743,INSUFFICIENT
ARCHETYPE,Iono's (Bellibolt/Voltorb),Mega Lucario ex,6,2,4,0.3333,0.0968,0.7,INSUFFICIENT
ARCHETYPE,UNLABELED_CLUSTER_03,UNLABELED_CLUSTER_02,6,2,4,0.3333,0.0968,0.7,INSUFFICIENT
ARCHETYPE,UNLABELED_CLUSTER_05,UNLABELED_CLUSTER_01,6,4,2,0.6667,0.3,0.9032,INSUFFICIENT
ARCHETYPE,UNLABELED_CLUSTER_03,UNLABELED_CLUSTER_01,6,4,2,0.6667,0.3,0.9032,INSUFFICIENT
ARCHETYPE,UNLABELED_CLUSTER_03,Mega Kangaskhan ex,6,4,2,0.6667,0.3,0.9032,INSUFFICIENT
ARCHETYPE,Mega Lucario ex,Teal Mask Ogerpon ex,6,3,3,0.5,0.1876,0.8124,INSUFFICIENT
ARCHETYPE,UNLABELED_CLUSTER_08,Mega Kangaskhan ex,6,5,1,0.8333,0.4365,0.9699,INSUFFICIENT
ARCHETYPE,UNLABELED_CLUSTER_05,UNLABELED_CLUSTER_02,5,1,4,0.2,0.0362,0.6245,INSUFFICIENT
ARCHETYPE,Dragapult ex,UNLABELED_CLUSTER_07,5,1,4,0.2,0.0362,0.6245,INSUFFICIENT
ARCHETYPE,UNLABELED_CLUSTER_01,UNLABELED_CLUSTER_04,5,3,2,0.6,0.2307,0.8824,INSUFFICIENT
ARCHETYPE,Mega Lucario ex,Mega Abomasnow ex,5,2,3,0.4,0.1176,0.7693,INSUFFICIENT
ARCHETYPE,UNLABELED_CLUSTER_13,Marnie's Grimmsnarl ex,5,2,3,0.4,0.1176,0.7693,INSUFFICIENT
ARCHETYPE,Dragapult ex,UNLABELED_CLUSTER_04,5,5,0,1.0,0.5655,1.0,INSUFFICIENT
ARCHETYPE,Cynthia's Garchomp ex,Teal Mask Ogerpon ex,5,0,5,0.0,0.0,0.4345,INSUFFICIENT
ARCHETYPE,Fezandipiti ex,UNLABELED_CLUSTER_18,5,3,2,0.6,0.2307,0.8824,INSUFFICIENT
ARCHETYPE,UNLABELED_CLUSTER_03,Mega Lucario ex,4,0,4,0.0,0.0,0.4899,INSUFFICIENT
ARCHETYPE,UNLABELED_CLUSTER_14,Marnie's Grimmsnarl ex,4,0,4,0.0,0.0,0.4899,INSUFFICIENT
ARCHETYPE,Cynthia's Garchomp ex,UNLABELED_CLUSTER_02,4,4,0,1.0,0.5101,1.0,INSUFFICIENT
ARCHETYPE,Fezandipiti ex,UNLABELED_CLUSTER_20,4,2,2,0.5,0.15,0.85,INSUFFICIENT
ARCHETYPE,UNLABELED_CLUSTER_11,UNLABELED_CLUSTER_01,4,4,0,1.0,0.5101,1.0,INSUFFICIENT
ARCHETYPE,UNLABELED_CLUSTER_01,Team Rocket's Mewtwo ex,4,2,2,0.5,0.15,0.85,INSUFFICIENT
ARCHETYPE,UNLABELED_CLUSTER_01,UNLABELED_CLUSTER_14,4,3,1,0.75,0.3006,0.9544,INSUFFICIENT
ARCHETYPE,UNLABELED_CLUSTER_13,Mega Kangaskhan ex,4,4,0,1.0,0.5101,1.0,INSUFFICIENT
ARCHETYPE,Teal Mask Ogerpon ex,Team Rocket's Mewtwo ex,4,1,3,0.25,0.0456,0.6994,INSUFFICIENT
ARCHETYPE,UNLABELED_CLUSTER_02,UNLABELED_CLUSTER_04,4,0,4,0.0,0.0,0.4899,INSUFFICIENT
ARCHETYPE,UNLABELED_CLUSTER_01,UNLABELED_CLUSTER_07,3,2,1,0.6667,0.2077,0.9385,INSUFFICIENT
ARCHETYPE,UNLABELED_CLUSTER_04,UNLABELED_CLUSTER_03,3,0,3,0.0,0.0,0.5615,INSUFFICIENT
ARCHETYPE,UNLABELED_CLUSTER_06,Fezandipiti ex,3,1,2,0.3333,0.0615,0.7923,INSUFFICIENT
ARCHETYPE,UNLABELED_CLUSTER_02,UNLABELED_CLUSTER_11,3,0,3,0.0,0.0,0.5615,INSUFFICIENT
ARCHETYPE,UNLABELED_CLUSTER_05,UNLABELED_CLUSTER_10,3,3,0,1.0,0.4385,1.0,INSUFFICIENT
ARCHETYPE,UNLABELED_CLUSTER_10,UNLABELED_CLUSTER_01,3,1,2,0.3333,0.0615,0.7923,INSUFFICIENT
ARCHETYPE,Dragapult ex,Mega Abomasnow ex,3,0,3,0.0,0.0,0.5615,INSUFFICIENT
ARCHETYPE,UNLABELED_CLUSTER_03,Cynthia's Garchomp ex,3,1,2,0.3333,0.0615,0.7923,INSUFFICIENT
ARCHETYPE,UNLABELED_CLUSTER_10,UNLABELED_CLUSTER_02,3,1,2,0.3333,0.0615,0.7923,INSUFFICIENT
ARCHETYPE,UNLABELED_CLUSTER_02,Dragapult ex,3,2,1,0.6667,0.2077,0.9385,INSUFFICIENT
ARCHETYPE,UNLABELED_CLUSTER_16,Fezandipiti ex,3,2,1,0.6667,0.2077,0.9385,INSUFFICIENT
ARCHETYPE,UNLABELED_CLUSTER_04,Mega Lopunny ex,3,1,2,0.3333,0.0615,0.7923,INSUFFICIENT
ARCHETYPE,UNLABELED_CLUSTER_03,Team Rocket's Mewtwo ex,3,1,2,0.3333,0.0615,0.7923,INSUFFICIENT
ARCHETYPE,UNLABELED_CLUSTER_11,Marnie's Grimmsnarl ex,3,1,2,0.3333,0.0615,0.7923,INSUFFICIENT
ARCHETYPE,Cynthia's Garchomp ex,UNLABELED_CLUSTER_07,3,3,0,1.0,0.4385,1.0,INSUFFICIENT
ARCHETYPE,UNLABELED_CLUSTER_12,Mega Kangaskhan ex,3,2,1,0.6667,0.2077,0.9385,INSUFFICIENT
ARCHETYPE,UNLABELED_CLUSTER_04,Cynthia's Garchomp ex,3,2,1,0.6667,0.2077,0.9385,INSUFFICIENT
ARCHETYPE,Marnie's Grimmsnarl ex,UNLABELED_CLUSTER_07,3,1,2,0.3333,0.0615,0.7923,INSUFFICIENT
ARCHETYPE,Fezandipiti ex,UNLABELED_CLUSTER_27,3,0,3,0.0,0.0,0.5615,INSUFFICIENT
ARCHETYPE,UNLABELED_CLUSTER_34,Marnie's Grimmsnarl ex,3,2,1,0.6667,0.2077,0.9385,INSUFFICIENT
ARCHETYPE,Mega Lucario ex,UNLABELED_CLUSTER_04,3,2,1,0.6667,0.2077,0.9385,INSUFFICIENT
ARCHETYPE,UNLABELED_CLUSTER_01,Mega Lopunny ex,3,1,2,0.3333,0.0615,0.7923,INSUFFICIENT
ARCHETYPE,Fezandipiti ex,UNLABELED_CLUSTER_11,3,2,1,0.6667,0.2077,0.9385,INSUFFICIENT
ARCHETYPE,UNLABELED_CLUSTER_08,Marnie's Grimmsnarl ex,3,2,1,0.6667,0.2077,0.9385,INSUFFICIENT
ARCHETYPE,UNLABELED_CLUSTER_18,Mega Kangaskhan ex,3,1,2,0.3333,0.0615,0.7923,INSUFFICIENT
ARCHETYPE,UNLABELED_CLUSTER_12,Fezandipiti ex,3,1,2,0.3333,0.0615,0.7923,INSUFFICIENT
ARCHETYPE,Fezandipiti ex,UNLABELED_CLUSTER_15,3,1,2,0.3333,0.0615,0.7923,INSUFFICIENT
ARCHETYPE,UNLABELED_CLUSTER_06,UNLABELED_CLUSTER_01,2,2,0,1.0,0.3424,1.0,INSUFFICIENT
ARCHETYPE,Iono's (Bellibolt/Voltorb),UNLABELED_CLUSTER_05,2,1,1,0.5,0.0945,0.9055,INSUFFICIENT
ARCHETYPE,UNLABELED_CLUSTER_23,Dragapult ex,2,2,0,1.0,0.3424,1.0,INSUFFICIENT
ARCHETYPE,UNLABELED_CLUSTER_29,UNLABELED_CLUSTER_01,2,1,1,0.5,0.0945,0.9055,INSUFFICIENT
ARCHETYPE,UNLABELED_CLUSTER_03,UNLABELED_CLUSTER_10,2,1,1,0.5,0.0945,0.9055,INSUFFICIENT
ARCHETYPE,UNLABELED_CLUSTER_16,Dragapult ex,2,0,2,0.0,0.0,0.6576,INSUFFICIENT
ARCHETYPE,UNLABELED_CLUSTER_03,UNLABELED_CLUSTER_08,2,0,2,0.0,0.0,0.6576,INSUFFICIENT
ARCHETYPE,UNLABELED_CLUSTER_19,Mega Lucario ex,2,1,1,0.5,0.0945,0.9055,INSUFFICIENT
ARCHETYPE,Dragapult ex,Iono's (Bellibolt/Voltorb),2,2,0,1.0,0.3424,1.0,INSUFFICIENT
ARCHETYPE,Mega Lucario ex,UNLABELED_CLUSTER_22,2,0,2,0.0,0.0,0.6576,INSUFFICIENT
ARCHETYPE,Fezandipiti ex,UNLABELED_CLUSTER_22,2,1,1,0.5,0.0945,0.9055,INSUFFICIENT
ARCHETYPE,Mega Abomasnow ex,Fezandipiti ex,2,1,1,0.5,0.0945,0.9055,INSUFFICIENT
ARCHETYPE,UNLABELED_CLUSTER_17,Mega Lucario ex,2,0,2,0.0,0.0,0.6576,INSUFFICIENT
ARCHETYPE,UNLABELED_CLUSTER_10,Dragapult ex,2,1,1,0.5,0.0945,0.9055,INSUFFICIENT
ARCHETYPE,UNLABELED_CLUSTER_08,UNLABELED_CLUSTER_01,2,1,1,0.5,0.0945,0.9055,INSUFFICIENT
ARCHETYPE,UNLABELED_CLUSTER_14,Cynthia's Garchomp ex,2,2,0,1.0,0.3424,1.0,INSUFFICIENT
ARCHETYPE,UNLABELED_CLUSTER_12,Team Rocket's Mewtwo ex,2,2,0,1.0,0.3424,1.0,INSUFFICIENT
ARCHETYPE,UNLABELED_CLUSTER_11,UNLABELED_CLUSTER_04,2,0,2,0.0,0.0,0.6576,INSUFFICIENT
ARCHETYPE,Dragapult ex,UNLABELED_CLUSTER_50,2,2,0,1.0,0.3424,1.0,INSUFFICIENT
ARCHETYPE,UNLABELED_CLUSTER_09,Mega Kangaskhan ex,2,2,0,1.0,0.3424,1.0,INSUFFICIENT
ARCHETYPE,Mega Lucario ex,Cynthia's Garchomp ex,2,0,2,0.0,0.0,0.6576,INSUFFICIENT
ARCHETYPE,Marnie's Grimmsnarl ex,UNLABELED_CLUSTER_19,2,0,2,0.0,0.0,0.6576,INSUFFICIENT
ARCHETYPE,UNLABELED_CLUSTER_33,Marnie's Grimmsnarl ex,2,2,0,1.0,0.3424,1.0,INSUFFICIENT
ARCHETYPE,UNLABELED_CLUSTER_26,Marnie's Grimmsnarl ex,2,1,1,0.5,0.0945,0.9055,INSUFFICIENT
ARCHETYPE,UNLABELED_CLUSTER_09,Mega Lopunny ex,2,0,2,0.0,0.0,0.6576,INSUFFICIENT
ARCHETYPE,UNLABELED_CLUSTER_21,Mega Lopunny ex,2,2,0,1.0,0.3424,1.0,INSUFFICIENT
ARCHETYPE,UNLABELED_CLUSTER_42,Marnie's Grimmsnarl ex,2,1,1,0.5,0.0945,0.9055,INSUFFICIENT
ARCHETYPE,UNLABELED_CLUSTER_04,Team Rocket's Mewtwo ex,2,1,1,0.5,0.0945,0.9055,INSUFFICIENT
ARCHETYPE,Cynthia's Garchomp ex,UNLABELED_CLUSTER_24,2,1,1,0.5,0.0945,0.9055,INSUFFICIENT
ARCHETYPE,Mega Kangaskhan ex,UNLABELED_CLUSTER_11,2,1,1,0.5,0.0945,0.9055,INSUFFICIENT
ARCHETYPE,UNLABELED_CLUSTER_43,Marnie's Grimmsnarl ex,2,0,2,0.0,0.0,0.6576,INSUFFICIENT
ARCHETYPE,UNLABELED_CLUSTER_07,UNLABELED_CLUSTER_08,2,0,2,0.0,0.0,0.6576,INSUFFICIENT
ARCHETYPE,UNLABELED_CLUSTER_25,Dragapult ex,2,0,2,0.0,0.0,0.6576,INSUFFICIENT
ARCHETYPE,Mega Kangaskhan ex,UNLABELED_CLUSTER_25,2,1,1,0.5,0.0945,0.9055,INSUFFICIENT
ARCHETYPE,UNLABELED_CLUSTER_09,UNLABELED_CLUSTER_13,2,0,2,0.0,0.0,0.6576,INSUFFICIENT
ARCHETYPE,Mega Kangaskhan ex,UNLABELED_CLUSTER_07,2,1,1,0.5,0.0945,0.9055,INSUFFICIENT
ARCHETYPE,UNLABELED_CLUSTER_26,Fezandipiti ex,2,0,2,0.0,0.0,0.6576,INSUFFICIENT
ARCHETYPE,Fezandipiti ex,UNLABELED_CLUSTER_21,2,2,0,1.0,0.3424,1.0,INSUFFICIENT
ARCHETYPE,UNLABELED_CLUSTER_12,Cynthia's Garchomp ex,2,1,1,0.5,0.0945,0.9055,INSUFFICIENT
ARCHETYPE,UNLABELED_CLUSTER_21,Marnie's Grimmsnarl ex,2,2,0,1.0,0.3424,1.0,INSUFFICIENT
ARCHETYPE,Fezandipiti ex,UNLABELED_CLUSTER_19,2,1,1,0.5,0.0945,0.9055,INSUFFICIENT
ARCHETYPE,UNLABELED_CLUSTER_47,Fezandipiti ex,1,1,0,1.0,0.2065,1.0,INSUFFICIENT
ARCHETYPE,UNLABELED_CLUSTER_51,UNLABELED_CLUSTER_01,1,1,0,1.0,0.2065,1.0,INSUFFICIENT
ARCHETYPE,UNLABELED_CLUSTER_02,Mega Abomasnow ex,1,1,0,1.0,0.2065,1.0,INSUFFICIENT
ARCHETYPE,Mega Abomasnow ex,Teal Mask Ogerpon ex,1,0,1,0.0,0.0,0.7935,INSUFFICIENT
ARCHETYPE,UNLABELED_CLUSTER_35,UNLABELED_CLUSTER_01,1,1,0,1.0,0.2065,1.0,INSUFFICIENT
ARCHETYPE,UNLABELED_CLUSTER_06,UNLABELED_CLUSTER_52,1,1,0,1.0,0.2065,1.0,INSUFFICIENT
ARCHETYPE,UNLABELED_CLUSTER_48,UNLABELED_CLUSTER_06,1,1,0,1.0,0.2065,1.0,INSUFFICIENT
ARCHETYPE,UNLABELED_CLUSTER_27,Mega Lucario ex,1,1,0,1.0,0.2065,1.0,INSUFFICIENT
ARCHETYPE,Mega Lucario ex,UNLABELED_CLUSTER_49,1,1,0,1.0,0.2065,1.0,INSUFFICIENT
ARCHETYPE,UNLABELED_CLUSTER_37,UNLABELED_CLUSTER_01,1,0,1,0.0,0.0,0.7935,INSUFFICIENT
ARCHETYPE,Marnie's Grimmsnarl ex,UNLABELED_CLUSTER_05,1,1,0,1.0,0.2065,1.0,INSUFFICIENT
ARCHETYPE,UNLABELED_CLUSTER_07,Iono's (Bellibolt/Voltorb),1,0,1,0.0,0.0,0.7935,INSUFFICIENT
ARCHETYPE,UNLABELED_CLUSTER_22,UNLABELED_CLUSTER_05,1,1,0,1.0,0.2065,1.0,INSUFFICIENT
ARCHETYPE,Iono's (Bellibolt/Voltorb),UNLABELED_CLUSTER_01,1,0,1,0.0,0.0,0.7935,INSUFFICIENT
ARCHETYPE,UNLABELED_CLUSTER_47,Mega Lucario ex,1,1,0,1.0,0.2065,1.0,INSUFFICIENT
ARCHETYPE,Fezandipiti ex,UNLABELED_CLUSTER_53,1,1,0,1.0,0.2065,1.0,INSUFFICIENT
ARCHETYPE,UNLABELED_CLUSTER_02,UNLABELED_CLUSTER_28,1,1,0,1.0,0.2065,1.0,INSUFFICIENT
ARCHETYPE,Mega Lucario ex,UNLABELED_CLUSTER_20,1,0,1,0.0,0.0,0.7935,INSUFFICIENT
ARCHETYPE,Mega Lopunny ex,UNLABELED_CLUSTER_06,1,1,0,1.0,0.2065,1.0,INSUFFICIENT
ARCHETYPE,UNLABELED_CLUSTER_38,UNLABELED_CLUSTER_01,1,1,0,1.0,0.2065,1.0,INSUFFICIENT
ARCHETYPE,UNLABELED_CLUSTER_23,UNLABELED_CLUSTER_16,1,1,0,1.0,0.2065,1.0,INSUFFICIENT
ARCHETYPE,UNLABELED_CLUSTER_54,UNLABELED_CLUSTER_03,1,0,1,0.0,0.0,0.7935,INSUFFICIENT
ARCHETYPE,Mega Abomasnow ex,UNLABELED_CLUSTER_06,1,0,1,0.0,0.0,0.7935,INSUFFICIENT
ARCHETYPE,UNLABELED_CLUSTER_06,UNLABELED_CLUSTER_49,1,0,1,0.0,0.0,0.7935,INSUFFICIENT
ARCHETYPE,UNLABELED_CLUSTER_22,UNLABELED_CLUSTER_35,1,1,0,1.0,0.2065,1.0,INSUFFICIENT
ARCHETYPE,UNLABELED_CLUSTER_16,Mega Lucario ex,1,0,1,0.0,0.0,0.7935,INSUFFICIENT
ARCHETYPE,Mega Lucario ex,UNLABELED_CLUSTER_55,1,0,1,0.0,0.0,0.7935,INSUFFICIENT
ARCHETYPE,Marnie's Grimmsnarl ex,UNLABELED_CLUSTER_56,1,1,0,1.0,0.2065,1.0,INSUFFICIENT
ARCHETYPE,UNLABELED_CLUSTER_48,Mega Lucario ex,1,1,0,1.0,0.2065,1.0,INSUFFICIENT
ARCHETYPE,UNLABELED_CLUSTER_04,UNLABELED_CLUSTER_23,1,0,1,0.0,0.0,0.7935,INSUFFICIENT
ARCHETYPE,UNLABELED_CLUSTER_11,Dragapult ex,1,0,1,0.0,0.0,0.7935,INSUFFICIENT
ARCHETYPE,Mega Lucario ex,UNLABELED_CLUSTER_28,1,1,0,1.0,0.2065,1.0,INSUFFICIENT
ARCHETYPE,UNLABELED_CLUSTER_38,UNLABELED_CLUSTER_03,1,0,1,0.0,0.0,0.7935,INSUFFICIENT
ARCHETYPE,UNLABELED_CLUSTER_28,UNLABELED_CLUSTER_04,1,0,1,0.0,0.0,0.7935,INSUFFICIENT
ARCHETYPE,UNLABELED_CLUSTER_57,UNLABELED_CLUSTER_02,1,0,1,0.0,0.0,0.7935,INSUFFICIENT
ARCHETYPE,Iono's (Bellibolt/Voltorb),UNLABELED_CLUSTER_27,1,0,1,0.0,0.0,0.7935,INSUFFICIENT
ARCHETYPE,Fezandipiti ex,UNLABELED_CLUSTER_58,1,1,0,1.0,0.2065,1.0,INSUFFICIENT
ARCHETYPE,UNLABELED_CLUSTER_01,UNLABELED_CLUSTER_16,1,0,1,0.0,0.0,0.7935,INSUFFICIENT
ARCHETYPE,UNLABELED_CLUSTER_22,Dragapult ex,1,0,1,0.0,0.0,0.7935,INSUFFICIENT
ARCHETYPE,UNLABELED_CLUSTER_17,Dragapult ex,1,1,0,1.0,0.2065,1.0,INSUFFICIENT
ARCHETYPE,UNLABELED_CLUSTER_22,UNLABELED_CLUSTER_03,1,0,1,0.0,0.0,0.7935,INSUFFICIENT
ARCHETYPE,UNLABELED_CLUSTER_05,UNLABELED_CLUSTER_36,1,0,1,0.0,0.0,0.7935,INSUFFICIENT
ARCHETYPE,UNLABELED_CLUSTER_02,UNLABELED_CLUSTER_07,1,0,1,0.0,0.0,0.7935,INSUFFICIENT
ARCHETYPE,Fezandipiti ex,UNLABELED_CLUSTER_23,1,1,0,1.0,0.2065,1.0,INSUFFICIENT
ARCHETYPE,UNLABELED_CLUSTER_59,Dragapult ex,1,1,0,1.0,0.2065,1.0,INSUFFICIENT
ARCHETYPE,UNLABELED_CLUSTER_02,UNLABELED_CLUSTER_23,1,0,1,0.0,0.0,0.7935,INSUFFICIENT
ARCHETYPE,UNLABELED_CLUSTER_01,UNLABELED_CLUSTER_39,1,0,1,0.0,0.0,0.7935,INSUFFICIENT
ARCHETYPE,Team Rocket's Mewtwo ex,Mega Lucario ex,1,1,0,1.0,0.2065,1.0,INSUFFICIENT
ARCHETYPE,UNLABELED_CLUSTER_01,UNLABELED_CLUSTER_36,1,0,1,0.0,0.0,0.7935,INSUFFICIENT
ARCHETYPE,Dragapult ex,UNLABELED_CLUSTER_20,1,1,0,1.0,0.2065,1.0,INSUFFICIENT
ARCHETYPE,UNLABELED_CLUSTER_40,Fezandipiti ex,1,1,0,1.0,0.2065,1.0,INSUFFICIENT
ARCHETYPE,UNLABELED_CLUSTER_36,UNLABELED_CLUSTER_07,1,0,1,0.0,0.0,0.7935,INSUFFICIENT
ARCHETYPE,UNLABELED_CLUSTER_29,Team Rocket's Mewtwo ex,1,0,1,0.0,0.0,0.7935,INSUFFICIENT
ARCHETYPE,UNLABELED_CLUSTER_37,UNLABELED_CLUSTER_60,1,1,0,1.0,0.2065,1.0,INSUFFICIENT
ARCHETYPE,Marnie's Grimmsnarl ex,UNLABELED_CLUSTER_20,1,1,0,1.0,0.2065,1.0,INSUFFICIENT
ARCHETYPE,UNLABELED_CLUSTER_61,UNLABELED_CLUSTER_10,1,0,1,0.0,0.0,0.7935,INSUFFICIENT
ARCHETYPE,UNLABELED_CLUSTER_24,UNLABELED_CLUSTER_01,1,1,0,1.0,0.2065,1.0,INSUFFICIENT
ARCHETYPE,UNLABELED_CLUSTER_62,Fezandipiti ex,1,1,0,1.0,0.2065,1.0,INSUFFICIENT
ARCHETYPE,Mega Lucario ex,UNLABELED_CLUSTER_07,1,0,1,0.0,0.0,0.7935,INSUFFICIENT
ARCHETYPE,Mega Kangaskhan ex,Mega Abomasnow ex,1,1,0,1.0,0.2065,1.0,INSUFFICIENT
ARCHETYPE,UNLABELED_CLUSTER_63,Mega Lucario ex,1,0,1,0.0,0.0,0.7935,INSUFFICIENT
ARCHETYPE,UNLABELED_CLUSTER_06,Iono's (Bellibolt/Voltorb),1,0,1,0.0,0.0,0.7935,INSUFFICIENT
ARCHETYPE,UNLABELED_CLUSTER_39,UNLABELED_CLUSTER_02,1,0,1,0.0,0.0,0.7935,INSUFFICIENT
ARCHETYPE,Team Rocket's Mewtwo ex,UNLABELED_CLUSTER_05,1,1,0,1.0,0.2065,1.0,INSUFFICIENT
ARCHETYPE,UNLABELED_CLUSTER_03,UNLABELED_CLUSTER_19,1,1,0,1.0,0.2065,1.0,INSUFFICIENT
ARCHETYPE,UNLABELED_CLUSTER_29,Dragapult ex,1,0,1,0.0,0.0,0.7935,INSUFFICIENT
ARCHETYPE,UNLABELED_CLUSTER_64,Marnie's Grimmsnarl ex,1,0,1,0.0,0.0,0.7935,INSUFFICIENT
ARCHETYPE,UNLABELED_CLUSTER_16,UNLABELED_CLUSTER_03,1,0,1,0.0,0.0,0.7935,INSUFFICIENT
ARCHETYPE,UNLABELED_CLUSTER_23,UNLABELED_CLUSTER_01,1,1,0,1.0,0.2065,1.0,INSUFFICIENT
ARCHETYPE,Marnie's Grimmsnarl ex,UNLABELED_CLUSTER_40,1,1,0,1.0,0.2065,1.0,INSUFFICIENT
ARCHETYPE,UNLABELED_CLUSTER_35,Fezandipiti ex,1,1,0,1.0,0.2065,1.0,INSUFFICIENT
ARCHETYPE,Mega Kangaskhan ex,UNLABELED_CLUSTER_10,1,0,1,0.0,0.0,0.7935,INSUFFICIENT
ARCHETYPE,UNLABELED_CLUSTER_65,Mega Lucario ex,1,0,1,0.0,0.0,0.7935,INSUFFICIENT
ARCHETYPE,UNLABELED_CLUSTER_19,Iono's (Bellibolt/Voltorb),1,1,0,1.0,0.2065,1.0,INSUFFICIENT
ARCHETYPE,UNLABELED_CLUSTER_21,Mega Kangaskhan ex,1,0,1,0.0,0.0,0.7935,INSUFFICIENT
ARCHETYPE,Fezandipiti ex,UNLABELED_CLUSTER_24,1,0,1,0.0,0.0,0.7935,INSUFFICIENT
ARCHETYPE,UNLABELED_CLUSTER_07,Team Rocket's Mewtwo ex,1,1,0,1.0,0.2065,1.0,INSUFFICIENT
ARCHETYPE,Mega Kangaskhan ex,UNLABELED_CLUSTER_28,1,0,1,0.0,0.0,0.7935,INSUFFICIENT
ARCHETYPE,Mega Kangaskhan ex,UNLABELED_CLUSTER_16,1,1,0,1.0,0.2065,1.0,INSUFFICIENT
ARCHETYPE,Team Rocket's Mewtwo ex,UNLABELED_CLUSTER_02,1,0,1,0.0,0.0,0.7935,INSUFFICIENT
ARCHETYPE,Mega Lucario ex,UNLABELED_CLUSTER_66,1,0,1,0.0,0.0,0.7935,INSUFFICIENT
ARCHETYPE,UNLABELED_CLUSTER_67,Cynthia's Garchomp ex,1,0,1,0.0,0.0,0.7935,INSUFFICIENT
ARCHETYPE,UNLABELED_CLUSTER_25,UNLABELED_CLUSTER_03,1,1,0,1.0,0.2065,1.0,INSUFFICIENT
ARCHETYPE,UNLABELED_CLUSTER_07,UNLABELED_CLUSTER_04,1,0,1,0.0,0.0,0.7935,INSUFFICIENT
ARCHETYPE,Mega Lopunny ex,UNLABELED_CLUSTER_68,1,1,0,1.0,0.2065,1.0,INSUFFICIENT
ARCHETYPE,UNLABELED_CLUSTER_32,Marnie's Grimmsnarl ex,1,1,0,1.0,0.2065,1.0,INSUFFICIENT
ARCHETYPE,UNLABELED_CLUSTER_21,Mega Lucario ex,1,0,1,0.0,0.0,0.7935,INSUFFICIENT
ARCHETYPE,Cynthia's Garchomp ex,UNLABELED_CLUSTER_15,1,0,1,0.0,0.0,0.7935,INSUFFICIENT
ARCHETYPE,UNLABELED_CLUSTER_30,Fezandipiti ex,1,0,1,0.0,0.0,0.7935,INSUFFICIENT
ARCHETYPE,Marnie's Grimmsnarl ex,UNLABELED_CLUSTER_41,1,1,0,1.0,0.2065,1.0,INSUFFICIENT
ARCHETYPE,Teal Mask Ogerpon ex,UNLABELED_CLUSTER_11,1,1,0,1.0,0.2065,1.0,INSUFFICIENT
ARCHETYPE,UNLABELED_CLUSTER_04,UNLABELED_CLUSTER_20,1,1,0,1.0,0.2065,1.0,INSUFFICIENT
ARCHETYPE,UNLABELED_CLUSTER_14,UNLABELED_CLUSTER_02,1,1,0,1.0,0.2065,1.0,INSUFFICIENT
ARCHETYPE,Fezandipiti ex,UNLABELED_CLUSTER_14,1,0,1,0.0,0.0,0.7935,INSUFFICIENT
ARCHETYPE,Marnie's Grimmsnarl ex,UNLABELED_CLUSTER_24,1,1,0,1.0,0.2065,1.0,INSUFFICIENT
ARCHETYPE,UNLABELED_CLUSTER_01,UNLABELED_CLUSTER_31,1,1,0,1.0,0.2065,1.0,INSUFFICIENT
ARCHETYPE,UNLABELED_CLUSTER_31,Mega Kangaskhan ex,1,1,0,1.0,0.2065,1.0,INSUFFICIENT
ARCHETYPE,UNLABELED_CLUSTER_04,UNLABELED_CLUSTER_24,1,0,1,0.0,0.0,0.7935,INSUFFICIENT
ARCHETYPE,UNLABELED_CLUSTER_14,Mega Kangaskhan ex,1,0,1,0.0,0.0,0.7935,INSUFFICIENT
ARCHETYPE,Cynthia's Garchomp ex,UNLABELED_CLUSTER_08,1,0,1,0.0,0.0,0.7935,INSUFFICIENT
ARCHETYPE,Cynthia's Garchomp ex,UNLABELED_CLUSTER_31,1,0,1,0.0,0.0,0.7935,INSUFFICIENT
ARCHETYPE,UNLABELED_CLUSTER_14,UNLABELED_CLUSTER_11,1,0,1,0.0,0.0,0.7935,INSUFFICIENT
ARCHETYPE,UNLABELED_CLUSTER_08,Mega Lopunny ex,1,1,0,1.0,0.2065,1.0,INSUFFICIENT
ARCHETYPE,Dragapult ex,UNLABELED_CLUSTER_18,1,0,1,0.0,0.0,0.7935,INSUFFICIENT
ARCHETYPE,UNLABELED_CLUSTER_02,UNLABELED_CLUSTER_18,1,0,1,0.0,0.0,0.7935,INSUFFICIENT
ARCHETYPE,UNLABELED_CLUSTER_16,Cynthia's Garchomp ex,1,0,1,0.0,0.0,0.7935,INSUFFICIENT
ARCHETYPE,UNLABELED_CLUSTER_18,Marnie's Grimmsnarl ex,1,0,1,0.0,0.0,0.7935,INSUFFICIENT
ARCHETYPE,UNLABELED_CLUSTER_13,UNLABELED_CLUSTER_04,1,1,0,1.0,0.2065,1.0,INSUFFICIENT
ARCHETYPE,UNLABELED_CLUSTER_08,UNLABELED_CLUSTER_12,1,0,1,0.0,0.0,0.7935,INSUFFICIENT
ARCHETYPE,Mega Kangaskhan ex,UNLABELED_CLUSTER_26,1,0,1,0.0,0.0,0.7935,INSUFFICIENT
ARCHETYPE,Dragapult ex,UNLABELED_CLUSTER_08,1,0,1,0.0,0.0,0.7935,INSUFFICIENT
ARCHETYPE,Cynthia's Garchomp ex,UNLABELED_CLUSTER_09,1,1,0,1.0,0.2065,1.0,INSUFFICIENT
ARCHETYPE,Team Rocket's Mewtwo ex,UNLABELED_CLUSTER_69,1,0,1,0.0,0.0,0.7935,INSUFFICIENT
ARCHETYPE,UNLABELED_CLUSTER_09,UNLABELED_CLUSTER_03,1,0,1,0.0,0.0,0.7935,INSUFFICIENT
ARCHETYPE,UNLABELED_CLUSTER_70,Marnie's Grimmsnarl ex,1,0,1,0.0,0.0,0.7935,INSUFFICIENT
ARCHETYPE,Team Rocket's Mewtwo ex,UNLABELED_CLUSTER_44,1,1,0,1.0,0.2065,1.0,INSUFFICIENT
ARCHETYPE,UNLABELED_CLUSTER_13,Dragapult ex,1,0,1,0.0,0.0,0.7935,INSUFFICIENT
ARCHETYPE,UNLABELED_CLUSTER_44,Marnie's Grimmsnarl ex,1,0,1,0.0,0.0,0.7935,INSUFFICIENT
ARCHETYPE,UNLABELED_CLUSTER_13,Fezandipiti ex,1,0,1,0.0,0.0,0.7935,INSUFFICIENT
ARCHETYPE,UNLABELED_CLUSTER_13,Team Rocket's Mewtwo ex,1,0,1,0.0,0.0,0.7935,INSUFFICIENT
ARCHETYPE,UNLABELED_CLUSTER_30,Mega Kangaskhan ex,1,0,1,0.0,0.0,0.7935,INSUFFICIENT
ARCHETYPE,UNLABELED_CLUSTER_30,Mega Lopunny ex,1,0,1,0.0,0.0,0.7935,INSUFFICIENT
ARCHETYPE,Teal Mask Ogerpon ex,UNLABELED_CLUSTER_04,1,0,1,0.0,0.0,0.7935,INSUFFICIENT
ARCHETYPE,Cynthia's Garchomp ex,UNLABELED_CLUSTER_19,1,0,1,0.0,0.0,0.7935,INSUFFICIENT
ARCHETYPE,UNLABELED_CLUSTER_45,Marnie's Grimmsnarl ex,1,1,0,1.0,0.2065,1.0,INSUFFICIENT
ARCHETYPE,UNLABELED_CLUSTER_45,Teal Mask Ogerpon ex,1,1,0,1.0,0.2065,1.0,INSUFFICIENT
ARCHETYPE,UNLABELED_CLUSTER_32,Mega Lucario ex,1,1,0,1.0,0.2065,1.0,INSUFFICIENT
ARCHETYPE,Mega Lopunny ex,UNLABELED_CLUSTER_33,1,1,0,1.0,0.2065,1.0,INSUFFICIENT
ARCHETYPE,Marnie's Grimmsnarl ex,UNLABELED_CLUSTER_71,1,1,0,1.0,0.2065,1.0,INSUFFICIENT
ARCHETYPE,Teal Mask Ogerpon ex,UNLABELED_CLUSTER_32,1,0,1,0.0,0.0,0.7935,INSUFFICIENT
ARCHETYPE,UNLABELED_CLUSTER_46,Fezandipiti ex,1,0,1,0.0,0.0,0.7935,INSUFFICIENT
ARCHETYPE,UNLABELED_CLUSTER_46,Marnie's Grimmsnarl ex,1,1,0,1.0,0.2065,1.0,INSUFFICIENT
ARCHETYPE,Mega Lopunny ex,UNLABELED_CLUSTER_07,1,0,1,0.0,0.0,0.7935,INSUFFICIENT
ARCHETYPE,UNLABELED_CLUSTER_72,Marnie's Grimmsnarl ex,1,1,0,1.0,0.2065,1.0,INSUFFICIENT
ARCHETYPE,UNLABELED_CLUSTER_41,Dragapult ex,1,0,1,0.0,0.0,0.7935,INSUFFICIENT
EXACT,fcac695071c3f3cf,dc2ce39b94cbbb38,191,80,111,0.4188,0.3512,0.4897,USABLE
EXACT,dc2ce39b94cbbb38,b43a53d96da0f0b5,97,44,53,0.4536,0.3582,0.5526,USABLE
EXACT,fcac695071c3f3cf,b43a53d96da0f0b5,51,24,27,0.4706,0.3405,0.6048,USABLE
EXACT,e34dae96b1984485,dc2ce39b94cbbb38,49,27,22,0.551,0.4131,0.6815,LOW_CONFIDENCE
EXACT,fcac695071c3f3cf,b20e3e96100a11d5,32,15,17,0.4688,0.3087,0.6355,LOW_CONFIDENCE
EXACT,37f2032236fb6baf,fcac695071c3f3cf,31,11,20,0.3548,0.2112,0.5305,LOW_CONFIDENCE
EXACT,dc2ce39b94cbbb38,fb6542fd45093b86,30,9,21,0.3,0.1666,0.4788,LOW_CONFIDENCE
EXACT,b78aa05e94236e10,dc2ce39b94cbbb38,29,13,16,0.4483,0.2841,0.6245,LOW_CONFIDENCE
EXACT,37f2032236fb6baf,b20e3e96100a11d5,27,14,13,0.5185,0.3399,0.6926,LOW_CONFIDENCE
EXACT,e34dae96b1984485,fcac695071c3f3cf,27,12,15,0.4444,0.2759,0.6269,LOW_CONFIDENCE
EXACT,b43a53d96da0f0b5,e34dae96b1984485,25,9,16,0.36,0.2025,0.5548,LOW_CONFIDENCE
EXACT,19a01ac1cebb1e8b,dc2ce39b94cbbb38,25,12,13,0.48,0.3003,0.665,LOW_CONFIDENCE
EXACT,dc2ce39b94cbbb38,2b38095c5eca59f6,21,2,19,0.0952,0.0265,0.2891,LOW_CONFIDENCE
EXACT,dc2ce39b94cbbb38,c4ebaf6e42fc8a2a,21,11,10,0.5238,0.3237,0.7166,LOW_CONFIDENCE
EXACT,58c4d89cf8edc355,dc2ce39b94cbbb38,18,3,15,0.1667,0.0584,0.3922,INSUFFICIENT
EXACT,dc2ce39b94cbbb38,058f82abd5449e39,18,5,13,0.2778,0.125,0.5087,INSUFFICIENT
EXACT,14db4b34cc8fbbb7,fcac695071c3f3cf,18,11,7,0.6111,0.3862,0.797,INSUFFICIENT
EXACT,dc2ce39b94cbbb38,61f90c30a060ef40,17,6,11,0.3529,0.1731,0.587,INSUFFICIENT
EXACT,f1b53d2f908f682e,dc2ce39b94cbbb38,17,5,12,0.2941,0.1328,0.5313,INSUFFICIENT
EXACT,dc2ce39b94cbbb38,13ea47d998aa99fa,16,7,9,0.4375,0.231,0.6682,INSUFFICIENT
EXACT,fcac695071c3f3cf,fb6542fd45093b86,16,7,9,0.4375,0.231,0.6682,INSUFFICIENT
EXACT,14db4b34cc8fbbb7,dc2ce39b94cbbb38,16,3,13,0.1875,0.0659,0.4301,INSUFFICIENT
EXACT,eb1222900df9baf0,dc2ce39b94cbbb38,15,8,7,0.5333,0.3012,0.7519,INSUFFICIENT
EXACT,3fe56fcd5e43bce7,dc2ce39b94cbbb38,15,7,8,0.4667,0.2481,0.6988,INSUFFICIENT
EXACT,dc2ce39b94cbbb38,5ef1f4c673271c4f,14,6,8,0.4286,0.2138,0.6741,INSUFFICIENT
EXACT,b43a53d96da0f0b5,14db4b34cc8fbbb7,13,3,10,0.2308,0.0818,0.5026,INSUFFICIENT
EXACT,dc2ce39b94cbbb38,37f2032236fb6baf,13,4,9,0.3077,0.1268,0.5763,INSUFFICIENT
EXACT,dc2ce39b94cbbb38,0eb1f4f9633c4cd0,13,10,3,0.7692,0.4974,0.9182,INSUFFICIENT
EXACT,b20e3e96100a11d5,dc2ce39b94cbbb38,12,7,5,0.5833,0.3195,0.8067,INSUFFICIENT
EXACT,0d18cb26af1f820a,dc2ce39b94cbbb38,12,6,6,0.5,0.2538,0.7462,INSUFFICIENT
EXACT,fcac695071c3f3cf,1e1aceae4b6358f6,11,4,7,0.3636,0.1517,0.6462,INSUFFICIENT
EXACT,58c4d89cf8edc355,fcac695071c3f3cf,11,11,0,1.0,0.7412,1.0,INSUFFICIENT
EXACT,b20e3e96100a11d5,e34dae96b1984485,11,6,5,0.5455,0.2801,0.7873,INSUFFICIENT
EXACT,fb6d7f5767de6f81,dc2ce39b94cbbb38,11,5,6,0.4545,0.2127,0.7199,INSUFFICIENT
EXACT,b20e3e96100a11d5,b43a53d96da0f0b5,10,7,3,0.7,0.3968,0.8922,INSUFFICIENT
EXACT,fcac695071c3f3cf,61f90c30a060ef40,10,6,4,0.6,0.3127,0.8318,INSUFFICIENT
EXACT,dc2ce39b94cbbb38,2603936f8d49f47b,10,4,6,0.4,0.1682,0.6873,INSUFFICIENT
EXACT,b20e3e96100a11d5,3fc2cb03df5b2747,10,6,4,0.6,0.3127,0.8318,INSUFFICIENT
EXACT,d83b61b3461e6f3d,dc2ce39b94cbbb38,10,10,0,1.0,0.7225,1.0,INSUFFICIENT
EXACT,2603936f8d49f47b,fcac695071c3f3cf,10,4,6,0.4,0.1682,0.6873,INSUFFICIENT
EXACT,14db4b34cc8fbbb7,e34dae96b1984485,9,1,8,0.1111,0.0199,0.435,INSUFFICIENT
EXACT,1e1aceae4b6358f6,dc2ce39b94cbbb38,9,3,6,0.3333,0.1206,0.6458,INSUFFICIENT
EXACT,cf54338b6b99acc3,6c534f1524e51c74,8,5,3,0.625,0.3057,0.8632,INSUFFICIENT
EXACT,0eb1f4f9633c4cd0,fcac695071c3f3cf,8,7,1,0.875,0.5291,0.9776,INSUFFICIENT
EXACT,b20e3e96100a11d5,910dcaefeb77a2f0,8,3,5,0.375,0.1368,0.6943,INSUFFICIENT
EXACT,b20e3e96100a11d5,14db4b34cc8fbbb7,8,2,6,0.25,0.0715,0.5907,INSUFFICIENT
EXACT,dc2ce39b94cbbb38,f68ccef625779ef7,8,2,6,0.25,0.0715,0.5907,INSUFFICIENT
EXACT,dc2ce39b94cbbb38,4d503cd6c360c028,8,4,4,0.5,0.2152,0.7848,INSUFFICIENT
EXACT,2b38095c5eca59f6,fcac695071c3f3cf,8,4,4,0.5,0.2152,0.7848,INSUFFICIENT
EXACT,fcac695071c3f3cf,058f82abd5449e39,8,1,7,0.125,0.0224,0.4709,INSUFFICIENT
EXACT,e34dae96b1984485,831fd3a04060c7c2,7,6,1,0.8571,0.4869,0.9743,INSUFFICIENT
EXACT,fcac695071c3f3cf,3fc2cb03df5b2747,7,4,3,0.5714,0.2505,0.8418,INSUFFICIENT
EXACT,3fc2cb03df5b2747,37f2032236fb6baf,7,6,1,0.8571,0.4869,0.9743,INSUFFICIENT
EXACT,dc2ce39b94cbbb38,61c5f1394e265863,7,2,5,0.2857,0.0822,0.6411,INSUFFICIENT
EXACT,fcac695071c3f3cf,219bb78661ad6ccd,7,1,6,0.1429,0.0257,0.5131,INSUFFICIENT
EXACT,dc2ce39b94cbbb38,7d6f431b88be3307,7,4,3,0.5714,0.2505,0.8418,INSUFFICIENT
EXACT,c1bdf4d2201556a3,dc2ce39b94cbbb38,7,3,4,0.4286,0.1582,0.7495,INSUFFICIENT
EXACT,e34dae96b1984485,37f2032236fb6baf,7,4,3,0.5714,0.2505,0.8418,INSUFFICIENT
EXACT,dc2ce39b94cbbb38,888826866a5bccdd,7,2,5,0.2857,0.0822,0.6411,INSUFFICIENT
EXACT,b43a53d96da0f0b5,aa2398e69a3549ad,6,4,2,0.6667,0.3,0.9032,INSUFFICIENT
EXACT,b43a53d96da0f0b5,831fd3a04060c7c2,6,1,5,0.1667,0.0301,0.5635,INSUFFICIENT
EXACT,37f2032236fb6baf,b43a53d96da0f0b5,6,2,4,0.3333,0.0968,0.7,INSUFFICIENT
EXACT,37f2032236fb6baf,14db4b34cc8fbbb7,6,3,3,0.5,0.1876,0.8124,INSUFFICIENT
EXACT,58c4d89cf8edc355,2603936f8d49f47b,6,1,5,0.1667,0.0301,0.5635,INSUFFICIENT
EXACT,fcac695071c3f3cf,13ea47d998aa99fa,6,6,0,1.0,0.6097,1.0,INSUFFICIENT
EXACT,fb6542fd45093b86,19a01ac1cebb1e8b,6,5,1,0.8333,0.4365,0.9699,INSUFFICIENT
EXACT,ffb78ce042dc36d9,dc2ce39b94cbbb38,6,6,0,1.0,0.6097,1.0,INSUFFICIENT
EXACT,dc2ce39b94cbbb38,1a6bef5759001c56,6,5,1,0.8333,0.4365,0.9699,INSUFFICIENT
EXACT,102b0ac263351177,dc2ce39b94cbbb38,6,4,2,0.6667,0.3,0.9032,INSUFFICIENT
EXACT,07ab87cf5acd3608,dc2ce39b94cbbb38,6,5,1,0.8333,0.4365,0.9699,INSUFFICIENT
EXACT,eb1222900df9baf0,fb6542fd45093b86,6,6,0,1.0,0.6097,1.0,INSUFFICIENT
EXACT,cf54338b6b99acc3,2b3108749e2032d7,5,1,4,0.2,0.0362,0.6245,INSUFFICIENT
EXACT,59aefb1a7dfb20a9,6c534f1524e51c74,5,3,2,0.6,0.2307,0.8824,INSUFFICIENT
EXACT,4a256a933ac66a7b,6c534f1524e51c74,5,4,1,0.8,0.3755,0.9638,INSUFFICIENT
EXACT,831fd3a04060c7c2,69252ea384766495,5,4,1,0.8,0.3755,0.9638,INSUFFICIENT
EXACT,58c4d89cf8edc355,b43a53d96da0f0b5,5,3,2,0.6,0.2307,0.8824,INSUFFICIENT
EXACT,b20e3e96100a11d5,831fd3a04060c7c2,5,3,2,0.6,0.2307,0.8824,INSUFFICIENT
EXACT,fcac695071c3f3cf,d19dd275a0b6998b,5,2,3,0.4,0.1176,0.7693,INSUFFICIENT
EXACT,b43a53d96da0f0b5,2603936f8d49f47b,5,4,1,0.8,0.3755,0.9638,INSUFFICIENT
EXACT,3371c6e0d2105401,b20e3e96100a11d5,5,2,3,0.4,0.1176,0.7693,INSUFFICIENT
EXACT,156485fe400622e4,b20e3e96100a11d5,5,4,1,0.8,0.3755,0.9638,INSUFFICIENT
EXACT,5ef1f4c673271c4f,fcac695071c3f3cf,5,2,3,0.4,0.1176,0.7693,INSUFFICIENT
EXACT,61f90c30a060ef40,58c4d89cf8edc355,5,1,4,0.2,0.0362,0.6245,INSUFFICIENT
EXACT,b43a53d96da0f0b5,fb6542fd45093b86,5,3,2,0.6,0.2307,0.8824,INSUFFICIENT
EXACT,dc2ce39b94cbbb38,abf375974152bc4e,5,1,4,0.2,0.0362,0.6245,INSUFFICIENT
EXACT,e34dae96b1984485,058f82abd5449e39,5,4,1,0.8,0.3755,0.9638,INSUFFICIENT
EXACT,0d18cb26af1f820a,b43a53d96da0f0b5,5,2,3,0.4,0.1176,0.7693,INSUFFICIENT
EXACT,fb6d7f5767de6f81,fcac695071c3f3cf,5,4,1,0.8,0.3755,0.9638,INSUFFICIENT
EXACT,fcac695071c3f3cf,eb1222900df9baf0,5,1,4,0.2,0.0362,0.6245,INSUFFICIENT
EXACT,910dcaefeb77a2f0,37f2032236fb6baf,5,3,2,0.6,0.2307,0.8824,INSUFFICIENT
EXACT,910dcaefeb77a2f0,fcac695071c3f3cf,5,4,1,0.8,0.3755,0.9638,INSUFFICIENT
EXACT,5ef1f4c673271c4f,b20e3e96100a11d5,5,4,1,0.8,0.3755,0.9638,INSUFFICIENT
EXACT,fcac695071c3f3cf,d83b61b3461e6f3d,5,5,0,1.0,0.5655,1.0,INSUFFICIENT
EXACT,dc2ce39b94cbbb38,de141cdc55266782,5,3,2,0.6,0.2307,0.8824,INSUFFICIENT
EXACT,19a01ac1cebb1e8b,fcac695071c3f3cf,5,2,3,0.4,0.1176,0.7693,INSUFFICIENT
EXACT,c9d8794e26a87fa3,831fd3a04060c7c2,4,3,1,0.75,0.3006,0.9544,INSUFFICIENT
EXACT,cf54338b6b99acc3,4a256a933ac66a7b,4,4,0,1.0,0.5101,1.0,INSUFFICIENT
EXACT,cf54338b6b99acc3,59138a345c6b933a,4,0,4,0.0,0.0,0.4899,INSUFFICIENT
EXACT,831fd3a04060c7c2,478924c6d1995606,4,2,2,0.5,0.15,0.85,INSUFFICIENT
EXACT,b43a53d96da0f0b5,910dcaefeb77a2f0,4,1,3,0.25,0.0456,0.6994,INSUFFICIENT
EXACT,831fd3a04060c7c2,910dcaefeb77a2f0,4,3,1,0.75,0.3006,0.9544,INSUFFICIENT
EXACT,14db4b34cc8fbbb7,219bb78661ad6ccd,4,3,1,0.75,0.3006,0.9544,INSUFFICIENT
EXACT,bd0509fb088518b1,fcac695071c3f3cf,4,2,2,0.5,0.15,0.85,INSUFFICIENT
EXACT,58c4d89cf8edc355,37f2032236fb6baf,4,1,3,0.25,0.0456,0.6994,INSUFFICIENT
EXACT,c9d8794e26a87fa3,e34dae96b1984485,4,1,3,0.25,0.0456,0.6994,INSUFFICIENT
EXACT,f90d43e354d19683,fcac695071c3f3cf,4,2,2,0.5,0.15,0.85,INSUFFICIENT
EXACT,f8261f22b9cd0c48,dc2ce39b94cbbb38,4,4,0,1.0,0.5101,1.0,INSUFFICIENT
EXACT,dc2ce39b94cbbb38,079a59b4e50730a5,4,2,2,0.5,0.15,0.85,INSUFFICIENT
EXACT,fb6542fd45093b86,2b38095c5eca59f6,4,4,0,1.0,0.5101,1.0,INSUFFICIENT
EXACT,fcac695071c3f3cf,3fe56fcd5e43bce7,4,2,2,0.5,0.15,0.85,INSUFFICIENT
EXACT,a7d5394d86394bcd,dc2ce39b94cbbb38,4,3,1,0.75,0.3006,0.9544,INSUFFICIENT
EXACT,e34dae96b1984485,5ef1f4c673271c4f,4,1,3,0.25,0.0456,0.6994,INSUFFICIENT
EXACT,0d18cb26af1f820a,fcac695071c3f3cf,4,3,1,0.75,0.3006,0.9544,INSUFFICIENT
EXACT,dc2ce39b94cbbb38,89c3e2c479a23d14,4,2,2,0.5,0.15,0.85,INSUFFICIENT
EXACT,a6449dd6b7ace502,dc2ce39b94cbbb38,4,4,0,1.0,0.5101,1.0,INSUFFICIENT
EXACT,b78aa05e94236e10,fcac695071c3f3cf,4,3,1,0.75,0.3006,0.9544,INSUFFICIENT
EXACT,fcac695071c3f3cf,f1b53d2f908f682e,4,3,1,0.75,0.3006,0.9544,INSUFFICIENT
EXACT,eb1222900df9baf0,89c3e2c479a23d14,4,4,0,1.0,0.5101,1.0,INSUFFICIENT
EXACT,b43a53d96da0f0b5,61f90c30a060ef40,4,4,0,1.0,0.5101,1.0,INSUFFICIENT
EXACT,b20e3e96100a11d5,1e1aceae4b6358f6,4,2,2,0.5,0.15,0.85,INSUFFICIENT
EXACT,478924c6d1995606,b20e3e96100a11d5,4,0,4,0.0,0.0,0.4899,INSUFFICIENT
EXACT,b20e3e96100a11d5,61f90c30a060ef40,4,2,2,0.5,0.15,0.85,INSUFFICIENT
EXACT,a60edec4f2dfc3e5,fcac695071c3f3cf,4,4,0,1.0,0.5101,1.0,INSUFFICIENT
EXACT,58c4d89cf8edc355,e34dae96b1984485,4,2,2,0.5,0.15,0.85,INSUFFICIENT
EXACT,fcac695071c3f3cf,6f38a6915ee11a29,4,1,3,0.25,0.0456,0.6994,INSUFFICIENT
EXACT,fcac695071c3f3cf,ffb78ce042dc36d9,4,1,3,0.25,0.0456,0.6994,INSUFFICIENT
EXACT,17e0e94afdf4984b,dc2ce39b94cbbb38,4,2,2,0.5,0.15,0.85,INSUFFICIENT
EXACT,b43a53d96da0f0b5,f1b53d2f908f682e,4,3,1,0.75,0.3006,0.9544,INSUFFICIENT
EXACT,19a01ac1cebb1e8b,2b38095c5eca59f6,4,3,1,0.75,0.3006,0.9544,INSUFFICIENT
EXACT,4a256a933ac66a7b,6948b9208b17fad2,3,0,3,0.0,0.0,0.5615,INSUFFICIENT
EXACT,bf4fd9046cb2d210,b43a53d96da0f0b5,3,2,1,0.6667,0.2077,0.9385,INSUFFICIENT
EXACT,aa2398e69a3549ad,4a256a933ac66a7b,3,0,3,0.0,0.0,0.5615,INSUFFICIENT
EXACT,b43a53d96da0f0b5,c9d8794e26a87fa3,3,1,2,0.3333,0.0615,0.7923,INSUFFICIENT
EXACT,4a256a933ac66a7b,64e146b2133f7b99,3,3,0,1.0,0.4385,1.0,INSUFFICIENT
EXACT,2b3108749e2032d7,831fd3a04060c7c2,3,0,3,0.0,0.0,0.5615,INSUFFICIENT
EXACT,b43a53d96da0f0b5,0065b4cfff358aba,3,2,1,0.6667,0.2077,0.9385,INSUFFICIENT
EXACT,b166b6b93aa1670b,2b3108749e2032d7,3,0,3,0.0,0.0,0.5615,INSUFFICIENT
EXACT,d9614beda9774552,831fd3a04060c7c2,3,3,0,1.0,0.4385,1.0,INSUFFICIENT
EXACT,478924c6d1995606,910dcaefeb77a2f0,3,1,2,0.3333,0.0615,0.7923,INSUFFICIENT
EXACT,478924c6d1995606,fcac695071c3f3cf,3,1,2,0.3333,0.0615,0.7923,INSUFFICIENT
EXACT,f90d43e354d19683,b20e3e96100a11d5,3,2,1,0.6667,0.2077,0.9385,INSUFFICIENT
EXACT,d8c9db09b2d04f55,69252ea384766495,3,1,2,0.3333,0.0615,0.7923,INSUFFICIENT
EXACT,2603936f8d49f47b,61f90c30a060ef40,3,3,0,1.0,0.4385,1.0,INSUFFICIENT
EXACT,0fe5bb1f17b6b854,b20e3e96100a11d5,3,3,0,1.0,0.4385,1.0,INSUFFICIENT
EXACT,b20e3e96100a11d5,c9d8794e26a87fa3,3,1,2,0.3333,0.0615,0.7923,INSUFFICIENT
EXACT,fcac695071c3f3cf,0fe5bb1f17b6b854,3,1,2,0.3333,0.0615,0.7923,INSUFFICIENT
EXACT,fcac695071c3f3cf,cf827fff53a7d57b,3,0,3,0.0,0.0,0.5615,INSUFFICIENT
EXACT,3371c6e0d2105401,b43a53d96da0f0b5,3,2,1,0.6667,0.2077,0.9385,INSUFFICIENT
EXACT,fcac695071c3f3cf,46b184ae9968549d,3,2,1,0.6667,0.2077,0.9385,INSUFFICIENT
EXACT,d2e1bedcf0288b4f,b20e3e96100a11d5,3,2,1,0.6667,0.2077,0.9385,INSUFFICIENT
EXACT,f8261f22b9cd0c48,fcac695071c3f3cf,3,2,1,0.6667,0.2077,0.9385,INSUFFICIENT
EXACT,f8261f22b9cd0c48,fb6542fd45093b86,3,1,2,0.3333,0.0615,0.7923,INSUFFICIENT
EXACT,e34dae96b1984485,2b38095c5eca59f6,3,0,3,0.0,0.0,0.5615,INSUFFICIENT
EXACT,dc2ce39b94cbbb38,a60edec4f2dfc3e5,3,3,0,1.0,0.4385,1.0,INSUFFICIENT
EXACT,7d6f431b88be3307,fcac695071c3f3cf,3,1,2,0.3333,0.0615,0.7923,INSUFFICIENT
EXACT,dc2ce39b94cbbb38,2655572b2591c7f6,3,2,1,0.6667,0.2077,0.9385,INSUFFICIENT
EXACT,7d6f431b88be3307,13ea47d998aa99fa,3,1,2,0.3333,0.0615,0.7923,INSUFFICIENT
EXACT,dc2ce39b94cbbb38,8da9c9d12374effd,3,2,1,0.6667,0.2077,0.9385,INSUFFICIENT
EXACT,3a9221cdc7ce6934,fcac695071c3f3cf,3,3,0,1.0,0.4385,1.0,INSUFFICIENT
EXACT,19a01ac1cebb1e8b,f1b53d2f908f682e,3,3,0,1.0,0.4385,1.0,INSUFFICIENT
EXACT,2b38095c5eca59f6,c1bdf4d2201556a3,3,0,3,0.0,0.0,0.5615,INSUFFICIENT
EXACT,c4ebaf6e42fc8a2a,b43a53d96da0f0b5,3,1,2,0.3333,0.0615,0.7923,INSUFFICIENT
EXACT,2655572b2591c7f6,fb6542fd45093b86,3,2,1,0.6667,0.2077,0.9385,INSUFFICIENT
EXACT,b43a53d96da0f0b5,2b38095c5eca59f6,3,1,2,0.3333,0.0615,0.7923,INSUFFICIENT
EXACT,fb85400b6df83aa3,1d0dee049c97c9e7,3,0,3,0.0,0.0,0.5615,INSUFFICIENT
EXACT,24d2f0bf0cee8dde,dc2ce39b94cbbb38,3,0,3,0.0,0.0,0.5615,INSUFFICIENT
EXACT,e34dae96b1984485,19a01ac1cebb1e8b,3,2,1,0.6667,0.2077,0.9385,INSUFFICIENT
EXACT,4d503cd6c360c028,b43a53d96da0f0b5,3,1,2,0.3333,0.0615,0.7923,INSUFFICIENT
EXACT,fcac695071c3f3cf,f68ccef625779ef7,3,1,2,0.3333,0.0615,0.7923,INSUFFICIENT
EXACT,69252ea384766495,910dcaefeb77a2f0,3,2,1,0.6667,0.2077,0.9385,INSUFFICIENT
EXACT,9d1dad39ec641aa0,69252ea384766495,3,1,2,0.3333,0.0615,0.7923,INSUFFICIENT
EXACT,69252ea384766495,3371c6e0d2105401,3,2,1,0.6667,0.2077,0.9385,INSUFFICIENT
EXACT,fc239cfea35c4828,b20e3e96100a11d5,3,3,0,1.0,0.4385,1.0,INSUFFICIENT
EXACT,61f90c30a060ef40,14db4b34cc8fbbb7,3,0,3,0.0,0.0,0.5615,INSUFFICIENT
EXACT,abf375974152bc4e,b20e3e96100a11d5,3,3,0,1.0,0.4385,1.0,INSUFFICIENT
EXACT,dc2ce39b94cbbb38,219bb78661ad6ccd,3,1,2,0.3333,0.0615,0.7923,INSUFFICIENT
EXACT,b20e3e96100a11d5,2603936f8d49f47b,3,1,2,0.3333,0.0615,0.7923,INSUFFICIENT
EXACT,dc2ce39b94cbbb38,3a9221cdc7ce6934,3,2,1,0.6667,0.2077,0.9385,INSUFFICIENT
EXACT,37fabc1f62f64d07,dc2ce39b94cbbb38,3,0,3,0.0,0.0,0.5615,INSUFFICIENT
EXACT,1e1aceae4b6358f6,b43a53d96da0f0b5,3,2,1,0.6667,0.2077,0.9385,INSUFFICIENT
EXACT,f1b53d2f908f682e,e34dae96b1984485,3,3,0,1.0,0.4385,1.0,INSUFFICIENT
EXACT,dc2ce39b94cbbb38,cda996a02f18641b,3,1,2,0.3333,0.0615,0.7923,INSUFFICIENT
EXACT,13ea47d998aa99fa,e34dae96b1984485,3,1,2,0.3333,0.0615,0.7923,INSUFFICIENT
EXACT,dc2ce39b94cbbb38,831fd3a04060c7c2,3,1,2,0.3333,0.0615,0.7923,INSUFFICIENT
EXACT,bc913d2ec5e06497,dc2ce39b94cbbb38,3,1,2,0.3333,0.0615,0.7923,INSUFFICIENT
EXACT,b43a53d96da0f0b5,19a01ac1cebb1e8b,3,0,3,0.0,0.0,0.5615,INSUFFICIENT
EXACT,c4ebaf6e42fc8a2a,f1b53d2f908f682e,3,0,3,0.0,0.0,0.5615,INSUFFICIENT
EXACT,393e490e6960de29,dc2ce39b94cbbb38,3,1,2,0.3333,0.0615,0.7923,INSUFFICIENT
EXACT,d83b61b3461e6f3d,b43a53d96da0f0b5,3,2,1,0.6667,0.2077,0.9385,INSUFFICIENT
EXACT,dc2ce39b94cbbb38,712e7e9d851a570b,3,0,3,0.0,0.0,0.5615,INSUFFICIENT
EXACT,111d0a87c7071fde,dc2ce39b94cbbb38,3,2,1,0.6667,0.2077,0.9385,INSUFFICIENT
EXACT,6c534f1524e51c74,6143634cde029e33,2,0,2,0.0,0.0,0.6576,INSUFFICIENT
EXACT,cf54338b6b99acc3,dec7cdaef424b950,2,0,2,0.0,0.0,0.6576,INSUFFICIENT
EXACT,d263d4de37a37f2b,cf54338b6b99acc3,2,0,2,0.0,0.0,0.6576,INSUFFICIENT
EXACT,bd3a5d98cf29cbc3,cf54338b6b99acc3,2,1,1,0.5,0.0945,0.9055,INSUFFICIENT
EXACT,52bf12478558b725,59138a345c6b933a,2,0,2,0.0,0.0,0.6576,INSUFFICIENT
EXACT,3c1906459f149732,59aefb1a7dfb20a9,2,1,1,0.5,0.0945,0.9055,INSUFFICIENT
EXACT,a88ac606b2d71a36,b43a53d96da0f0b5,2,0,2,0.0,0.0,0.6576,INSUFFICIENT
EXACT,c9d8794e26a87fa3,842972d3b3962877,2,2,0,1.0,0.3424,1.0,INSUFFICIENT
EXACT,c9d8794e26a87fa3,910dcaefeb77a2f0,2,0,2,0.0,0.0,0.6576,INSUFFICIENT
EXACT,59138a345c6b933a,da2a64c2ecaab66a,2,0,2,0.0,0.0,0.6576,INSUFFICIENT
EXACT,4a256a933ac66a7b,2b3108749e2032d7,2,0,2,0.0,0.0,0.6576,INSUFFICIENT
EXACT,e4465735c1f698e2,6c534f1524e51c74,2,0,2,0.0,0.0,0.6576,INSUFFICIENT
EXACT,a3f1d2935659226e,cf54338b6b99acc3,2,0,2,0.0,0.0,0.6576,INSUFFICIENT
EXACT,6948b9208b17fad2,2b3108749e2032d7,2,0,2,0.0,0.0,0.6576,INSUFFICIENT
EXACT,4a256a933ac66a7b,2768139fe1eb6d0b,2,2,0,1.0,0.3424,1.0,INSUFFICIENT
EXACT,59138a345c6b933a,bd3a5d98cf29cbc3,2,2,0,1.0,0.3424,1.0,INSUFFICIENT
EXACT,4164643d1cfb5694,59aefb1a7dfb20a9,2,2,0,1.0,0.3424,1.0,INSUFFICIENT
EXACT,64e146b2133f7b99,1659ede5d05ada54,2,1,1,0.5,0.0945,0.9055,INSUFFICIENT
EXACT,c560f1caa3468d1c,4164643d1cfb5694,2,0,2,0.0,0.0,0.6576,INSUFFICIENT
EXACT,c9d8794e26a87fa3,a88ac606b2d71a36,2,1,1,0.5,0.0945,0.9055,INSUFFICIENT
EXACT,aa2398e69a3549ad,cf54338b6b99acc3,2,1,1,0.5,0.0945,0.9055,INSUFFICIENT
EXACT,e34dae96b1984485,8c6a91def4dd5f6c,2,1,1,0.5,0.0945,0.9055,INSUFFICIENT
EXACT,64e146b2133f7b99,6c534f1524e51c74,2,1,1,0.5,0.0945,0.9055,INSUFFICIENT
EXACT,59138a345c6b933a,4a256a933ac66a7b,2,0,2,0.0,0.0,0.6576,INSUFFICIENT
EXACT,4a256a933ac66a7b,bd3a5d98cf29cbc3,2,2,0,1.0,0.3424,1.0,INSUFFICIENT
EXACT,831fd3a04060c7c2,4a256a933ac66a7b,2,0,2,0.0,0.0,0.6576,INSUFFICIENT
EXACT,6c534f1524e51c74,bd3a5d98cf29cbc3,2,2,0,1.0,0.3424,1.0,INSUFFICIENT
EXACT,da2a64c2ecaab66a,6c534f1524e51c74,2,2,0,1.0,0.3424,1.0,INSUFFICIENT
EXACT,6948b9208b17fad2,59138a345c6b933a,2,1,1,0.5,0.0945,0.9055,INSUFFICIENT
EXACT,b20e3e96100a11d5,0fb452788ceca249,2,2,0,1.0,0.3424,1.0,INSUFFICIENT
EXACT,bd0509fb088518b1,3fc2cb03df5b2747,2,0,2,0.0,0.0,0.6576,INSUFFICIENT
EXACT,37f2032236fb6baf,7d3dd55013032486,2,1,1,0.5,0.0945,0.9055,INSUFFICIENT
EXACT,9e430faa7c831500,831fd3a04060c7c2,2,1,1,0.5,0.0945,0.9055,INSUFFICIENT
EXACT,b20e3e96100a11d5,45e8cc6322697f80,2,2,0,1.0,0.3424,1.0,INSUFFICIENT
EXACT,88739802da194717,b20e3e96100a11d5,2,0,2,0.0,0.0,0.6576,INSUFFICIENT
EXACT,8ff1e185fabb8099,e34dae96b1984485,2,2,0,1.0,0.3424,1.0,INSUFFICIENT
EXACT,37f2032236fb6baf,3371c6e0d2105401,2,1,1,0.5,0.0945,0.9055,INSUFFICIENT
EXACT,37fabc1f62f64d07,61f90c30a060ef40,2,2,0,1.0,0.3424,1.0,INSUFFICIENT
EXACT,831fd3a04060c7c2,147595d71b360f2c,2,2,0,1.0,0.3424,1.0,INSUFFICIENT
EXACT,831fd3a04060c7c2,8ff1e185fabb8099,2,2,0,1.0,0.3424,1.0,INSUFFICIENT
EXACT,0eb1f4f9633c4cd0,b20e3e96100a11d5,2,2,0,1.0,0.3424,1.0,INSUFFICIENT
EXACT,00926e891310648e,58c4d89cf8edc355,2,2,0,1.0,0.3424,1.0,INSUFFICIENT
EXACT,219bb78661ad6ccd,b20e3e96100a11d5,2,2,0,1.0,0.3424,1.0,INSUFFICIENT
EXACT,884c0683209ead35,dafa1e6efd85150e,2,2,0,1.0,0.3424,1.0,INSUFFICIENT
EXACT,37f2032236fb6baf,219bb78661ad6ccd,2,1,1,0.5,0.0945,0.9055,INSUFFICIENT
EXACT,d9614beda9774552,dafa1e6efd85150e,2,0,2,0.0,0.0,0.6576,INSUFFICIENT
EXACT,8907612d396f895a,fcac695071c3f3cf,2,0,2,0.0,0.0,0.6576,INSUFFICIENT
EXACT,dafa1e6efd85150e,e34dae96b1984485,2,2,0,1.0,0.3424,1.0,INSUFFICIENT
EXACT,69252ea384766495,b20e3e96100a11d5,2,0,2,0.0,0.0,0.6576,INSUFFICIENT
EXACT,9d1dad39ec641aa0,b43a53d96da0f0b5,2,2,0,1.0,0.3424,1.0,INSUFFICIENT
EXACT,a60edec4f2dfc3e5,58c4d89cf8edc355,2,2,0,1.0,0.3424,1.0,INSUFFICIENT
EXACT,37fabc1f62f64d07,5ef1f4c673271c4f,2,2,0,1.0,0.3424,1.0,INSUFFICIENT
EXACT,58c4d89cf8edc355,f5fadf03018935e6,2,2,0,1.0,0.3424,1.0,INSUFFICIENT
EXACT,69252ea384766495,16eb558bab120cba,2,2,0,1.0,0.3424,1.0,INSUFFICIENT
EXACT,37fabc1f62f64d07,37f2032236fb6baf,2,2,0,1.0,0.3424,1.0,INSUFFICIENT
EXACT,13ea47d998aa99fa,fb6542fd45093b86,2,0,2,0.0,0.0,0.6576,INSUFFICIENT
EXACT,b78aa05e94236e10,5ef1f4c673271c4f,2,1,1,0.5,0.0945,0.9055,INSUFFICIENT
EXACT,3fe56fcd5e43bce7,61f90c30a060ef40,2,1,1,0.5,0.0945,0.9055,INSUFFICIENT
EXACT,dc2ce39b94cbbb38,0bf953f8612d58ea,2,0,2,0.0,0.0,0.6576,INSUFFICIENT
EXACT,5ef1f4c673271c4f,e9647ebbaa869e6b,2,0,2,0.0,0.0,0.6576,INSUFFICIENT
EXACT,b82361d3db04432f,dc2ce39b94cbbb38,2,2,0,1.0,0.3424,1.0,INSUFFICIENT
EXACT,fcac695071c3f3cf,450b46f82d284492,2,2,0,1.0,0.3424,1.0,INSUFFICIENT
EXACT,fcac695071c3f3cf,111d0a87c7071fde,2,2,0,1.0,0.3424,1.0,INSUFFICIENT
EXACT,e34dae96b1984485,3fe56fcd5e43bce7,2,2,0,1.0,0.3424,1.0,INSUFFICIENT
EXACT,fcac695071c3f3cf,fb85400b6df83aa3,2,2,0,1.0,0.3424,1.0,INSUFFICIENT
EXACT,b78aa05e94236e10,b43a53d96da0f0b5,2,2,0,1.0,0.3424,1.0,INSUFFICIENT
EXACT,2e79a10ee3ba9449,fcac695071c3f3cf,2,1,1,0.5,0.0945,0.9055,INSUFFICIENT
EXACT,54a81ccb36ebe329,fcac695071c3f3cf,2,2,0,1.0,0.3424,1.0,INSUFFICIENT
EXACT,7d6f431b88be3307,c4ebaf6e42fc8a2a,2,2,0,1.0,0.3424,1.0,INSUFFICIENT
EXACT,1a6bef5759001c56,e34dae96b1984485,2,2,0,1.0,0.3424,1.0,INSUFFICIENT
EXACT,19a01ac1cebb1e8b,eb1222900df9baf0,2,0,2,0.0,0.0,0.6576,INSUFFICIENT
EXACT,89c3e2c479a23d14,fcac695071c3f3cf,2,1,1,0.5,0.0945,0.9055,INSUFFICIENT
EXACT,fcac695071c3f3cf,057fd0ffbc716756,2,1,1,0.5,0.0945,0.9055,INSUFFICIENT
EXACT,fb6d7f5767de6f81,e34dae96b1984485,2,1,1,0.5,0.0945,0.9055,INSUFFICIENT
EXACT,58c4d89cf8edc355,14db4b34cc8fbbb7,2,2,0,1.0,0.3424,1.0,INSUFFICIENT
EXACT,dc2ce39b94cbbb38,6384bf64d82fbece,2,1,1,0.5,0.0945,0.9055,INSUFFICIENT
EXACT,c1bdf4d2201556a3,b43a53d96da0f0b5,2,1,1,0.5,0.0945,0.9055,INSUFFICIENT
EXACT,e34dae96b1984485,0eb1f4f9633c4cd0,2,1,1,0.5,0.0945,0.9055,INSUFFICIENT
EXACT,c4ebaf6e42fc8a2a,e34dae96b1984485,2,2,0,1.0,0.3424,1.0,INSUFFICIENT
EXACT,55a418e3d6a8787d,dc2ce39b94cbbb38,2,1,1,0.5,0.0945,0.9055,INSUFFICIENT
EXACT,fb6542fd45093b86,d83b61b3461e6f3d,2,2,0,1.0,0.3424,1.0,INSUFFICIENT
EXACT,eb1222900df9baf0,b78aa05e94236e10,2,2,0,1.0,0.3424,1.0,INSUFFICIENT
EXACT,fcac695071c3f3cf,2655572b2591c7f6,2,2,0,1.0,0.3424,1.0,INSUFFICIENT
EXACT,4fa2d13d3f52f835,dc2ce39b94cbbb38,2,0,2,0.0,0.0,0.6576,INSUFFICIENT
EXACT,5ef1f4c673271c4f,58c4d89cf8edc355,2,1,1,0.5,0.0945,0.9055,INSUFFICIENT
EXACT,831fd3a04060c7c2,0fb452788ceca249,2,1,1,0.5,0.0945,0.9055,INSUFFICIENT
EXACT,e34dae96b1984485,e69858a31af3698a,2,1,1,0.5,0.0945,0.9055,INSUFFICIENT
EXACT,c9d8794e26a87fa3,0fb452788ceca249,2,0,2,0.0,0.0,0.6576,INSUFFICIENT
EXACT,831fd3a04060c7c2,664b36fb6a71c47d,2,1,1,0.5,0.0945,0.9055,INSUFFICIENT
EXACT,9e430faa7c831500,afaa4ac744b28ee5,2,2,0,1.0,0.3424,1.0,INSUFFICIENT
EXACT,910dcaefeb77a2f0,e34dae96b1984485,2,2,0,1.0,0.3424,1.0,INSUFFICIENT
EXACT,9e430faa7c831500,b20e3e96100a11d5,2,1,1,0.5,0.0945,0.9055,INSUFFICIENT
EXACT,4d503cd6c360c028,b20e3e96100a11d5,2,2,0,1.0,0.3424,1.0,INSUFFICIENT
EXACT,9e430faa7c831500,69252ea384766495,2,2,0,1.0,0.3424,1.0,INSUFFICIENT
EXACT,bf4fd9046cb2d210,b20e3e96100a11d5,2,0,2,0.0,0.0,0.6576,INSUFFICIENT
EXACT,b20e3e96100a11d5,7f6aeb19dceb3577,2,1,1,0.5,0.0945,0.9055,INSUFFICIENT
EXACT,910dcaefeb77a2f0,3fc2cb03df5b2747,2,2,0,1.0,0.3424,1.0,INSUFFICIENT
EXACT,3fc2cb03df5b2747,16eb558bab120cba,2,2,0,1.0,0.3424,1.0,INSUFFICIENT
EXACT,e34dae96b1984485,3fc2cb03df5b2747,2,2,0,1.0,0.3424,1.0,INSUFFICIENT
EXACT,219bb78661ad6ccd,3371c6e0d2105401,2,2,0,1.0,0.3424,1.0,INSUFFICIENT
EXACT,63cc39b3cfe59c37,b20e3e96100a11d5,2,1,1,0.5,0.0945,0.9055,INSUFFICIENT
EXACT,1e1aceae4b6358f6,e34dae96b1984485,2,1,1,0.5,0.0945,0.9055,INSUFFICIENT
EXACT,fc239cfea35c4828,fcac695071c3f3cf,2,2,0,1.0,0.3424,1.0,INSUFFICIENT
EXACT,5ef1f4c673271c4f,449ba799a24fb205,2,1,1,0.5,0.0945,0.9055,INSUFFICIENT
EXACT,fbbd8ac1e662e82c,b20e3e96100a11d5,2,1,1,0.5,0.0945,0.9055,INSUFFICIENT
EXACT,14db4b34cc8fbbb7,0065b4cfff358aba,2,0,2,0.0,0.0,0.6576,INSUFFICIENT
EXACT,a6449dd6b7ace502,fbbd8ac1e662e82c,2,1,1,0.5,0.0945,0.9055,INSUFFICIENT
EXACT,afaa4ac744b28ee5,495b41c6bf629ba8,2,2,0,1.0,0.3424,1.0,INSUFFICIENT
EXACT,37f2032236fb6baf,890af7220ecf499d,2,1,1,0.5,0.0945,0.9055,INSUFFICIENT
EXACT,37f2032236fb6baf,5ef1f4c673271c4f,2,1,1,0.5,0.0945,0.9055,INSUFFICIENT
EXACT,3fc2cb03df5b2747,14db4b34cc8fbbb7,2,0,2,0.0,0.0,0.6576,INSUFFICIENT
EXACT,f90d43e354d19683,478924c6d1995606,2,2,0,1.0,0.3424,1.0,INSUFFICIENT
EXACT,37f2032236fb6baf,61f90c30a060ef40,2,2,0,1.0,0.3424,1.0,INSUFFICIENT
EXACT,8907612d396f895a,37f2032236fb6baf,2,1,1,0.5,0.0945,0.9055,INSUFFICIENT
EXACT,0eb1f4f9633c4cd0,5ef1f4c673271c4f,2,0,2,0.0,0.0,0.6576,INSUFFICIENT
EXACT,afaa4ac744b28ee5,e34dae96b1984485,2,1,1,0.5,0.0945,0.9055,INSUFFICIENT
EXACT,abf375974152bc4e,37fabc1f62f64d07,2,0,2,0.0,0.0,0.6576,INSUFFICIENT
EXACT,14db4b34cc8fbbb7,bd0509fb088518b1,2,0,2,0.0,0.0,0.6576,INSUFFICIENT
EXACT,b43a53d96da0f0b5,5ef1f4c673271c4f,2,0,2,0.0,0.0,0.6576,INSUFFICIENT
EXACT,14db4b34cc8fbbb7,8907612d396f895a,2,0,2,0.0,0.0,0.6576,INSUFFICIENT
EXACT,fcac695071c3f3cf,0065b4cfff358aba,2,0,2,0.0,0.0,0.6576,INSUFFICIENT
EXACT,abf375974152bc4e,fcac695071c3f3cf,2,1,1,0.5,0.0945,0.9055,INSUFFICIENT
EXACT,14db4b34cc8fbbb7,0eb1f4f9633c4cd0,2,0,2,0.0,0.0,0.6576,INSUFFICIENT
EXACT,fcac695071c3f3cf,c9d8794e26a87fa3,2,1,1,0.5,0.0945,0.9055,INSUFFICIENT
EXACT,61f90c30a060ef40,0fe5bb1f17b6b854,2,2,0,1.0,0.3424,1.0,INSUFFICIENT
EXACT,e34dae96b1984485,46b184ae9968549d,2,1,1,0.5,0.0945,0.9055,INSUFFICIENT
EXACT,b20e3e96100a11d5,58c4d89cf8edc355,2,0,2,0.0,0.0,0.6576,INSUFFICIENT
EXACT,61c5f1394e265863,fcac695071c3f3cf,2,1,1,0.5,0.0945,0.9055,INSUFFICIENT
EXACT,e9647ebbaa869e6b,fcac695071c3f3cf,2,2,0,1.0,0.3424,1.0,INSUFFICIENT
EXACT,4fa2d13d3f52f835,3a9221cdc7ce6934,2,0,2,0.0,0.0,0.6576,INSUFFICIENT
EXACT,50f4fed941e7bd61,fcac695071c3f3cf,2,0,2,0.0,0.0,0.6576,INSUFFICIENT
EXACT,6f38a6915ee11a29,dc2ce39b94cbbb38,2,2,0,1.0,0.3424,1.0,INSUFFICIENT
EXACT,7e52672c91577618,dc2ce39b94cbbb38,2,2,0,1.0,0.3424,1.0,INSUFFICIENT
EXACT,14db4b34cc8fbbb7,fb6d7f5767de6f81,2,1,1,0.5,0.0945,0.9055,INSUFFICIENT
EXACT,fb6d7f5767de6f81,1e1aceae4b6358f6,2,2,0,1.0,0.3424,1.0,INSUFFICIENT
EXACT,71774939c0095e11,dc2ce39b94cbbb38,2,2,0,1.0,0.3424,1.0,INSUFFICIENT
EXACT,888826866a5bccdd,e34dae96b1984485,2,2,0,1.0,0.3424,1.0,INSUFFICIENT
EXACT,ffb78ce042dc36d9,e34dae96b1984485,2,1,1,0.5,0.0945,0.9055,INSUFFICIENT
EXACT,fcac695071c3f3cf,1a6bef5759001c56,2,1,1,0.5,0.0945,0.9055,INSUFFICIENT
EXACT,079a59b4e50730a5,e34dae96b1984485,2,2,0,1.0,0.3424,1.0,INSUFFICIENT
EXACT,e34dae96b1984485,17e0e94afdf4984b,2,1,1,0.5,0.0945,0.9055,INSUFFICIENT
EXACT,d47d8a3b679e2d6f,5ef1f4c673271c4f,2,0,2,0.0,0.0,0.6576,INSUFFICIENT
EXACT,b78aa05e94236e10,e34dae96b1984485,2,2,0,1.0,0.3424,1.0,INSUFFICIENT
EXACT,b78aa05e94236e10,0d18cb26af1f820a,2,1,1,0.5,0.0945,0.9055,INSUFFICIENT
EXACT,dc2ce39b94cbbb38,b3043b6d5221e93a,2,0,2,0.0,0.0,0.6576,INSUFFICIENT
EXACT,13ea47d998aa99fa,b43a53d96da0f0b5,2,0,2,0.0,0.0,0.6576,INSUFFICIENT
EXACT,f1b53d2f908f682e,b78aa05e94236e10,2,0,2,0.0,0.0,0.6576,INSUFFICIENT
EXACT,b43a53d96da0f0b5,b82361d3db04432f,2,1,1,0.5,0.0945,0.9055,INSUFFICIENT
EXACT,7d6f431b88be3307,b43a53d96da0f0b5,2,1,1,0.5,0.0945,0.9055,INSUFFICIENT
EXACT,f1b53d2f908f682e,058f82abd5449e39,2,2,0,1.0,0.3424,1.0,INSUFFICIENT
EXACT,13ea47d998aa99fa,2b38095c5eca59f6,2,2,0,1.0,0.3424,1.0,INSUFFICIENT
EXACT,fb6542fd45093b86,f1b53d2f908f682e,2,2,0,1.0,0.3424,1.0,INSUFFICIENT
EXACT,dc2ce39b94cbbb38,f459fe7a54523885,2,1,1,0.5,0.0945,0.9055,INSUFFICIENT
EXACT,d83b61b3461e6f3d,a7d5394d86394bcd,2,2,0,1.0,0.3424,1.0,INSUFFICIENT
EXACT,8945c20fc38af9f1,dc2ce39b94cbbb38,2,1,1,0.5,0.0945,0.9055,INSUFFICIENT
EXACT,19a01ac1cebb1e8b,058f82abd5449e39,2,2,0,1.0,0.3424,1.0,INSUFFICIENT
EXACT,37f2032236fb6baf,fb6542fd45093b86,2,0,2,0.0,0.0,0.6576,INSUFFICIENT
EXACT,fcac695071c3f3cf,b0ac2e64118eeabf,2,1,1,0.5,0.0945,0.9055,INSUFFICIENT
EXACT,7d6f431b88be3307,19a01ac1cebb1e8b,2,1,1,0.5,0.0945,0.9055,INSUFFICIENT
EXACT,3ee0afc0c1b58a95,dc2ce39b94cbbb38,2,2,0,1.0,0.3424,1.0,INSUFFICIENT
EXACT,fcac695071c3f3cf,c4ebaf6e42fc8a2a,2,1,1,0.5,0.0945,0.9055,INSUFFICIENT
EXACT,b43a53d96da0f0b5,058f82abd5449e39,2,1,1,0.5,0.0945,0.9055,INSUFFICIENT
EXACT,89c3e2c479a23d14,fb6542fd45093b86,2,2,0,1.0,0.3424,1.0,INSUFFICIENT
EXACT,b1513b47b94933fa,dc2ce39b94cbbb38,2,1,1,0.5,0.0945,0.9055,INSUFFICIENT
EXACT,058f82abd5449e39,13ea47d998aa99fa,2,2,0,1.0,0.3424,1.0,INSUFFICIENT
EXACT,da98983292e95622,fcac695071c3f3cf,2,2,0,1.0,0.3424,1.0,INSUFFICIENT
EXACT,fb6542fd45093b86,058f82abd5449e39,2,0,2,0.0,0.0,0.6576,INSUFFICIENT
EXACT,d83b61b3461e6f3d,058f82abd5449e39,2,1,1,0.5,0.0945,0.9055,INSUFFICIENT
EXACT,2655572b2591c7f6,eb1222900df9baf0,2,0,2,0.0,0.0,0.6576,INSUFFICIENT
EXACT,fcac695071c3f3cf,14833e9b4c2389a3,2,2,0,1.0,0.3424,1.0,INSUFFICIENT
EXACT,13ea47d998aa99fa,e97ea339c59eb7e9,2,2,0,1.0,0.3424,1.0,INSUFFICIENT
EXACT,e97ea339c59eb7e9,fcac695071c3f3cf,2,1,1,0.5,0.0945,0.9055,INSUFFICIENT
EXACT,dc2ce39b94cbbb38,d1582f2a04774329,2,1,1,0.5,0.0945,0.9055,INSUFFICIENT
EXACT,d27ab9465febb3da,dc2ce39b94cbbb38,2,1,1,0.5,0.0945,0.9055,INSUFFICIENT
EXACT,24d2f0bf0cee8dde,fb6542fd45093b86,2,1,1,0.5,0.0945,0.9055,INSUFFICIENT
EXACT,fb6542fd45093b86,5ef1f4c673271c4f,2,2,0,1.0,0.3424,1.0,INSUFFICIENT
EXACT,111d0a87c7071fde,fb6542fd45093b86,2,1,1,0.5,0.0945,0.9055,INSUFFICIENT
EXACT,450b46f82d284492,dc2ce39b94cbbb38,2,2,0,1.0,0.3424,1.0,INSUFFICIENT
EXACT,db6f0378eb8b85ba,dc2ce39b94cbbb38,2,1,1,0.5,0.0945,0.9055,INSUFFICIENT
EXACT,6549b75f119a0b62,dc2ce39b94cbbb38,2,2,0,1.0,0.3424,1.0,INSUFFICIENT
EXACT,057fd0ffbc716756,fb6542fd45093b86,2,1,1,0.5,0.0945,0.9055,INSUFFICIENT
EXACT,d27ab9465febb3da,fb6542fd45093b86,2,1,1,0.5,0.0945,0.9055,INSUFFICIENT
EXACT,e8cc78ff2aca77a9,6c534f1524e51c74,1,0,1,0.0,0.0,0.7935,INSUFFICIENT
EXACT,11b0a2d81e5449a3,bf4fd9046cb2d210,1,0,1,0.0,0.0,0.7935,INSUFFICIENT
EXACT,1780347646b3b151,f26c077f8702317c,1,1,0,1.0,0.2065,1.0,INSUFFICIENT
EXACT,72425533dadc98a1,831fd3a04060c7c2,1,1,0,1.0,0.2065,1.0,INSUFFICIENT
EXACT,2b3108749e2032d7,6bcc792fc6e11051,1,1,0,1.0,0.2065,1.0,INSUFFICIENT
EXACT,a5437fdb9a42f891,772413e4790654e2,1,0,1,0.0,0.0,0.7935,INSUFFICIENT
EXACT,59aefb1a7dfb20a9,2768139fe1eb6d0b,1,1,0,1.0,0.2065,1.0,INSUFFICIENT
EXACT,c9eba9795f3be059,8e69a0e7db2dd8a7,1,0,1,0.0,0.0,0.7935,INSUFFICIENT
EXACT,d618f01afde0c0c5,2b3108749e2032d7,1,1,0,1.0,0.2065,1.0,INSUFFICIENT
EXACT,da2a64c2ecaab66a,48dd52a2dbec2f58,1,0,1,0.0,0.0,0.7935,INSUFFICIENT
EXACT,e4e79fcca78f4293,7452774657ad1444,1,1,0,1.0,0.2065,1.0,INSUFFICIENT
EXACT,c9d8794e26a87fa3,9d1dad39ec641aa0,1,0,1,0.0,0.0,0.7935,INSUFFICIENT
EXACT,27b307e62db35245,cf54338b6b99acc3,1,0,1,0.0,0.0,0.7935,INSUFFICIENT
EXACT,d60bd450662912be,0b99dec21056b2f3,1,0,1,0.0,0.0,0.7935,INSUFFICIENT
EXACT,59aefb1a7dfb20a9,64e146b2133f7b99,1,1,0,1.0,0.2065,1.0,INSUFFICIENT
EXACT,101254ad244275c0,831fd3a04060c7c2,1,1,0,1.0,0.2065,1.0,INSUFFICIENT
EXACT,bb2d316213f97f70,ad9eb15621c47305,1,1,0,1.0,0.2065,1.0,INSUFFICIENT
EXACT,a88ac606b2d71a36,27b307e62db35245,1,0,1,0.0,0.0,0.7935,INSUFFICIENT
EXACT,8f4c6902beadfd10,fbce070f0c6c02f0,1,1,0,1.0,0.2065,1.0,INSUFFICIENT
EXACT,59aefb1a7dfb20a9,9c9bdd6f955942f8,1,1,0,1.0,0.2065,1.0,INSUFFICIENT
EXACT,7b8dec20710c5b73,99ee137d28bac0f3,1,1,0,1.0,0.2065,1.0,INSUFFICIENT
EXACT,9d1dad39ec641aa0,b41dab6a922e3a11,1,1,0,1.0,0.2065,1.0,INSUFFICIENT
EXACT,4687026fcbc2d0cb,c61a10379c017038,1,1,0,1.0,0.2065,1.0,INSUFFICIENT
EXACT,272e341949227f9c,2fa84cd9495ec752,1,1,0,1.0,0.2065,1.0,INSUFFICIENT
EXACT,bd3a5d98cf29cbc3,76d558d342480e95,1,1,0,1.0,0.2065,1.0,INSUFFICIENT
EXACT,755af6541b064429,d97004b63104f708,1,0,1,0.0,0.0,0.7935,INSUFFICIENT
EXACT,f5c72d899ca8b632,2c9b6cbbab859256,1,1,0,1.0,0.2065,1.0,INSUFFICIENT
EXACT,b166b6b93aa1670b,c9d8794e26a87fa3,1,0,1,0.0,0.0,0.7935,INSUFFICIENT
EXACT,0fb452788ceca249,b43a53d96da0f0b5,1,1,0,1.0,0.2065,1.0,INSUFFICIENT
EXACT,0078ce0f297a4597,b13b062a5e20bcf3,1,1,0,1.0,0.2065,1.0,INSUFFICIENT
EXACT,d5e2e6b068b45bf0,04ecfe41e2898127,1,0,1,0.0,0.0,0.7935,INSUFFICIENT
EXACT,b43a53d96da0f0b5,e2db90241152a724,1,0,1,0.0,0.0,0.7935,INSUFFICIENT
EXACT,59138a345c6b933a,ad9eb15621c47305,1,0,1,0.0,0.0,0.7935,INSUFFICIENT
EXACT,a033289729234cd2,59138a345c6b933a,1,1,0,1.0,0.2065,1.0,INSUFFICIENT
EXACT,f4f9e0b2dfde5a5c,0b99dec21056b2f3,1,1,0,1.0,0.2065,1.0,INSUFFICIENT
EXACT,2b3108749e2032d7,48ce6cc5310e298f,1,0,1,0.0,0.0,0.7935,INSUFFICIENT
EXACT,c560f1caa3468d1c,b25e7963304a20a1,1,1,0,1.0,0.2065,1.0,INSUFFICIENT
EXACT,bf4fd9046cb2d210,831fd3a04060c7c2,1,1,0,1.0,0.2065,1.0,INSUFFICIENT
EXACT,64e146b2133f7b99,6948b9208b17fad2,1,0,1,0.0,0.0,0.7935,INSUFFICIENT
EXACT,ad9eb15621c47305,bd3a5d98cf29cbc3,1,0,1,0.0,0.0,0.7935,INSUFFICIENT
EXACT,c560f1caa3468d1c,6f11053c647355ae,1,0,1,0.0,0.0,0.7935,INSUFFICIENT
EXACT,831fd3a04060c7c2,b166b6b93aa1670b,1,0,1,0.0,0.0,0.7935,INSUFFICIENT
EXACT,78424bb7b3831f69,831fd3a04060c7c2,1,0,1,0.0,0.0,0.7935,INSUFFICIENT
EXACT,aa2398e69a3549ad,60c3e5ab24904782,1,1,0,1.0,0.2065,1.0,INSUFFICIENT
EXACT,890af7220ecf499d,d9614beda9774552,1,0,1,0.0,0.0,0.7935,INSUFFICIENT
EXACT,59138a345c6b933a,f95d704202ebc6d7,1,1,0,1.0,0.2065,1.0,INSUFFICIENT
EXACT,08243e2321f0e11e,04ecfe41e2898127,1,0,1,0.0,0.0,0.7935,INSUFFICIENT
EXACT,633a6e693834e6a7,6948b9208b17fad2,1,1,0,1.0,0.2065,1.0,INSUFFICIENT
EXACT,2b3108749e2032d7,6d7d4d82b45a1f8b,1,0,1,0.0,0.0,0.7935,INSUFFICIENT
EXACT,831fd3a04060c7c2,c8c8ca4e003ab163,1,1,0,1.0,0.2065,1.0,INSUFFICIENT
EXACT,aa2fdb668e14e9c4,cf54338b6b99acc3,1,1,0,1.0,0.2065,1.0,INSUFFICIENT
EXACT,f9b67c5efbba736e,a88ac606b2d71a36,1,1,0,1.0,0.2065,1.0,INSUFFICIENT
EXACT,bd3a5d98cf29cbc3,831fd3a04060c7c2,1,0,1,0.0,0.0,0.7935,INSUFFICIENT
EXACT,8b02f194cdf581d4,4164643d1cfb5694,1,0,1,0.0,0.0,0.7935,INSUFFICIENT
EXACT,aa2398e69a3549ad,6948b9208b17fad2,1,0,1,0.0,0.0,0.7935,INSUFFICIENT
EXACT,26bc83edcbd7dada,64e146b2133f7b99,1,1,0,1.0,0.2065,1.0,INSUFFICIENT
EXACT,6b960e3ec5086fd3,2b3108749e2032d7,1,1,0,1.0,0.2065,1.0,INSUFFICIENT
EXACT,f9b67c5efbba736e,215bc19f41007af0,1,1,0,1.0,0.2065,1.0,INSUFFICIENT
EXACT,dec7cdaef424b950,f52b72943cdb12d7,1,1,0,1.0,0.2065,1.0,INSUFFICIENT
EXACT,6a5ea46694ab74f1,831fd3a04060c7c2,1,1,0,1.0,0.2065,1.0,INSUFFICIENT
EXACT,4a4bdaa4cc799960,7436a436fd90a94d,1,0,1,0.0,0.0,0.7935,INSUFFICIENT
EXACT,831fd3a04060c7c2,53f420cb63036c6b,1,1,0,1.0,0.2065,1.0,INSUFFICIENT
EXACT,831fd3a04060c7c2,fb85400b6df83aa3,1,0,1,0.0,0.0,0.7935,INSUFFICIENT
EXACT,4a256a933ac66a7b,b76538df393ecad6,1,0,1,0.0,0.0,0.7935,INSUFFICIENT
EXACT,b166b6b93aa1670b,c51189f519cd1c07,1,1,0,1.0,0.2065,1.0,INSUFFICIENT
EXACT,5f973872992c4b08,7c0a454617fc9ab4,1,0,1,0.0,0.0,0.7935,INSUFFICIENT
EXACT,9d1dad39ec641aa0,7c58f3915e31351e,1,0,1,0.0,0.0,0.7935,INSUFFICIENT
EXACT,86f48729d55f8661,2da70d7f4cb16df3,1,1,0,1.0,0.2065,1.0,INSUFFICIENT
EXACT,7398c8069a08a8d1,c560f1caa3468d1c,1,1,0,1.0,0.2065,1.0,INSUFFICIENT
EXACT,fa628b3fd76fd4c1,6c534f1524e51c74,1,0,1,0.0,0.0,0.7935,INSUFFICIENT
EXACT,cf54338b6b99acc3,46becdc8f8899835,1,1,0,1.0,0.2065,1.0,INSUFFICIENT
EXACT,27b307e62db35245,b43a53d96da0f0b5,1,0,1,0.0,0.0,0.7935,INSUFFICIENT
EXACT,7e126a3431e21d4d,2a57f95a0978f0cc,1,1,0,1.0,0.2065,1.0,INSUFFICIENT
EXACT,aa2398e69a3549ad,48ce6cc5310e298f,1,0,1,0.0,0.0,0.7935,INSUFFICIENT
EXACT,6a52f924c124b4df,2b3108749e2032d7,1,0,1,0.0,0.0,0.7935,INSUFFICIENT
EXACT,81a40d929609bf7c,429baecf852e7cb3,1,0,1,0.0,0.0,0.7935,INSUFFICIENT
EXACT,ec75fde5aaa1daf0,a08c00547af63ae9,1,0,1,0.0,0.0,0.7935,INSUFFICIENT
EXACT,cf54338b6b99acc3,52bf12478558b725,1,1,0,1.0,0.2065,1.0,INSUFFICIENT
EXACT,cf54338b6b99acc3,5c3b250ebbd0471c,1,1,0,1.0,0.2065,1.0,INSUFFICIENT
EXACT,7436a436fd90a94d,8417597ea8879a72,1,1,0,1.0,0.2065,1.0,INSUFFICIENT
EXACT,8ff1e185fabb8099,0078ce0f297a4597,1,0,1,0.0,0.0,0.7935,INSUFFICIENT
EXACT,6948b9208b17fad2,831fd3a04060c7c2,1,1,0,1.0,0.2065,1.0,INSUFFICIENT
EXACT,79181fc7b7433c70,aa2398e69a3549ad,1,0,1,0.0,0.0,0.7935,INSUFFICIENT
EXACT,ca8556aeaedd5e09,59138a345c6b933a,1,0,1,0.0,0.0,0.7935,INSUFFICIENT
EXACT,2b3108749e2032d7,910dcaefeb77a2f0,1,1,0,1.0,0.2065,1.0,INSUFFICIENT
EXACT,3da418017b237a5f,910dcaefeb77a2f0,1,0,1,0.0,0.0,0.7935,INSUFFICIENT
EXACT,27b307e62db35245,c9d8794e26a87fa3,1,0,1,0.0,0.0,0.7935,INSUFFICIENT
EXACT,6c534f1524e51c74,52bf12478558b725,1,0,1,0.0,0.0,0.7935,INSUFFICIENT
EXACT,cf54338b6b99acc3,74c27650b18b57e3,1,0,1,0.0,0.0,0.7935,INSUFFICIENT
EXACT,7d3dd55013032486,6b960e3ec5086fd3,1,1,0,1.0,0.2065,1.0,INSUFFICIENT
EXACT,f62466cb40363d5e,6c534f1524e51c74,1,0,1,0.0,0.0,0.7935,INSUFFICIENT
EXACT,70bab7cb8c68f6d0,2b2e5439cf9cc23e,1,0,1,0.0,0.0,0.7935,INSUFFICIENT
EXACT,95cf523ef7febb46,4911d251036bbddc,1,1,0,1.0,0.2065,1.0,INSUFFICIENT
EXACT,a847f32547a773fd,59138a345c6b933a,1,0,1,0.0,0.0,0.7935,INSUFFICIENT
EXACT,aa2398e69a3549ad,f12a75c0e5a5c261,1,0,1,0.0,0.0,0.7935,INSUFFICIENT
EXACT,948b0508c38b60ba,4a256a933ac66a7b,1,0,1,0.0,0.0,0.7935,INSUFFICIENT
EXACT,6620d7bcbd15b965,48462cea7bb2adca,1,0,1,0.0,0.0,0.7935,INSUFFICIENT
EXACT,48dcbf6680fdded7,c62b983d72cc9030,1,1,0,1.0,0.2065,1.0,INSUFFICIENT
EXACT,59138a345c6b933a,9f7b10daf7dc00ca,1,0,1,0.0,0.0,0.7935,INSUFFICIENT
EXACT,9b0067512e7461eb,31235eddd9aefebc,1,0,1,0.0,0.0,0.7935,INSUFFICIENT
EXACT,9e806ea24e98166b,59aefb1a7dfb20a9,1,0,1,0.0,0.0,0.7935,INSUFFICIENT
EXACT,633a6e693834e6a7,e7e6ae056098df1c,1,0,1,0.0,0.0,0.7935,INSUFFICIENT
EXACT,dec7cdaef424b950,890af7220ecf499d,1,0,1,0.0,0.0,0.7935,INSUFFICIENT
EXACT,59138a345c6b933a,eac7d1e616d44bf4,1,1,0,1.0,0.2065,1.0,INSUFFICIENT
EXACT,8417597ea8879a72,c80ecfa9fa17df43,1,0,1,0.0,0.0,0.7935,INSUFFICIENT
EXACT,aa2398e69a3549ad,831fd3a04060c7c2,1,1,0,1.0,0.2065,1.0,INSUFFICIENT
EXACT,7d49edaa78ac6f8c,6c534f1524e51c74,1,1,0,1.0,0.2065,1.0,INSUFFICIENT
EXACT,433c63791dfad146,aa2398e69a3549ad,1,1,0,1.0,0.2065,1.0,INSUFFICIENT
EXACT,2dad2c302cbb4a32,da71c738ef47665c,1,0,1,0.0,0.0,0.7935,INSUFFICIENT
EXACT,831fd3a04060c7c2,f2d7e132a10b9ad9,1,0,1,0.0,0.0,0.7935,INSUFFICIENT
EXACT,06382fe8bcef5212,59aefb1a7dfb20a9,1,1,0,1.0,0.2065,1.0,INSUFFICIENT
EXACT,6c534f1524e51c74,07ff69c74632b4c4,1,0,1,0.0,0.0,0.7935,INSUFFICIENT
EXACT,59aefb1a7dfb20a9,0d651d7ecc471d41,1,0,1,0.0,0.0,0.7935,INSUFFICIENT
EXACT,6c534f1524e51c74,59138a345c6b933a,1,1,0,1.0,0.2065,1.0,INSUFFICIENT
EXACT,b43a53d96da0f0b5,69d88f938f8b3f54,1,1,0,1.0,0.2065,1.0,INSUFFICIENT
EXACT,65c1c1667f96d6d8,596d814be92eab55,1,1,0,1.0,0.2065,1.0,INSUFFICIENT
EXACT,c9d8794e26a87fa3,2fa84cd9495ec752,1,1,0,1.0,0.2065,1.0,INSUFFICIENT
EXACT,a847f32547a773fd,6948b9208b17fad2,1,1,0,1.0,0.2065,1.0,INSUFFICIENT
EXACT,6c534f1524e51c74,1a151591a6ec4386,1,1,0,1.0,0.2065,1.0,INSUFFICIENT
EXACT,69252ea384766495,2b3108749e2032d7,1,0,1,0.0,0.0,0.7935,INSUFFICIENT
EXACT,713a673323897fef,59138a345c6b933a,1,1,0,1.0,0.2065,1.0,INSUFFICIENT
EXACT,9009f46efe8e7721,831fd3a04060c7c2,1,1,0,1.0,0.2065,1.0,INSUFFICIENT
EXACT,619c4f503791d5d8,8638514a3b38c1c8,1,1,0,1.0,0.2065,1.0,INSUFFICIENT
EXACT,3aff49e27d78ff81,4911d251036bbddc,1,0,1,0.0,0.0,0.7935,INSUFFICIENT
EXACT,31235eddd9aefebc,2b3108749e2032d7,1,1,0,1.0,0.2065,1.0,INSUFFICIENT
EXACT,b43a53d96da0f0b5,0f8ded0dab3abdd6,1,1,0,1.0,0.2065,1.0,INSUFFICIENT
EXACT,b04165f456e6f563,831fd3a04060c7c2,1,0,1,0.0,0.0,0.7935,INSUFFICIENT
EXACT,831fd3a04060c7c2,afaa4ac744b28ee5,1,1,0,1.0,0.2065,1.0,INSUFFICIENT
EXACT,2768139fe1eb6d0b,eb1222900df9baf0,1,0,1,0.0,0.0,0.7935,INSUFFICIENT
EXACT,6b960e3ec5086fd3,e34dae96b1984485,1,1,0,1.0,0.2065,1.0,INSUFFICIENT
EXACT,a38180053506b20f,e34dae96b1984485,1,1,0,1.0,0.2065,1.0,INSUFFICIENT
EXACT,2e79a10ee3ba9449,7436a436fd90a94d,1,0,1,0.0,0.0,0.7935,INSUFFICIENT
EXACT,d9614beda9774552,59138a345c6b933a,1,0,1,0.0,0.0,0.7935,INSUFFICIENT
EXACT,2b3108749e2032d7,272e624d9683e14e,1,1,0,1.0,0.2065,1.0,INSUFFICIENT
EXACT,b43a53d96da0f0b5,c8c8ca4e003ab163,1,1,0,1.0,0.2065,1.0,INSUFFICIENT
EXACT,890af7220ecf499d,65c1c1667f96d6d8,1,0,1,0.0,0.0,0.7935,INSUFFICIENT
EXACT,4a256a933ac66a7b,c51189f519cd1c07,1,1,0,1.0,0.2065,1.0,INSUFFICIENT
EXACT,7c0a454617fc9ab4,9d1dad39ec641aa0,1,1,0,1.0,0.2065,1.0,INSUFFICIENT
EXACT,7e126a3431e21d4d,aa2398e69a3549ad,1,0,1,0.0,0.0,0.7935,INSUFFICIENT
EXACT,f2390a7e5d8e3c94,28e08086f5844701,1,0,1,0.0,0.0,0.7935,INSUFFICIENT
EXACT,c2e2a1d6f6290e71,cf54338b6b99acc3,1,1,0,1.0,0.2065,1.0,INSUFFICIENT
EXACT,c51189f519cd1c07,a88ac606b2d71a36,1,0,1,0.0,0.0,0.7935,INSUFFICIENT
EXACT,86c088ba7b657377,6ceb5146e7203de6,1,1,0,1.0,0.2065,1.0,INSUFFICIENT
EXACT,102eedd09a52a911,831fd3a04060c7c2,1,1,0,1.0,0.2065,1.0,INSUFFICIENT
EXACT,5c3b250ebbd0471c,1461973842ae99c3,1,1,0,1.0,0.2065,1.0,INSUFFICIENT
EXACT,598876e4552e2f81,25cfcf0100ef1145,1,1,0,1.0,0.2065,1.0,INSUFFICIENT
EXACT,59138a345c6b933a,ec75fde5aaa1daf0,1,0,1,0.0,0.0,0.7935,INSUFFICIENT
EXACT,b4469cd28d438fb3,64e146b2133f7b99,1,0,1,0.0,0.0,0.7935,INSUFFICIENT
EXACT,2209c374c5fe2353,2b3108749e2032d7,1,0,1,0.0,0.0,0.7935,INSUFFICIENT
EXACT,bd3a5d98cf29cbc3,4687026fcbc2d0cb,1,0,1,0.0,0.0,0.7935,INSUFFICIENT
EXACT,7c0a454617fc9ab4,c8c8ca4e003ab163,1,1,0,1.0,0.2065,1.0,INSUFFICIENT
EXACT,22e465ba34de23db,2b3108749e2032d7,1,1,0,1.0,0.2065,1.0,INSUFFICIENT
EXACT,4911d251036bbddc,6c534f1524e51c74,1,0,1,0.0,0.0,0.7935,INSUFFICIENT
EXACT,aa2398e69a3549ad,dafa1e6efd85150e,1,1,0,1.0,0.2065,1.0,INSUFFICIENT
EXACT,e219a37a1170ce98,272e341949227f9c,1,1,0,1.0,0.2065,1.0,INSUFFICIENT
EXACT,bd3a5d98cf29cbc3,08243e2321f0e11e,1,1,0,1.0,0.2065,1.0,INSUFFICIENT
EXACT,b166b6b93aa1670b,9c8099036f7d7f16,1,0,1,0.0,0.0,0.7935,INSUFFICIENT
EXACT,48d55595933d4482,2e6ecf8381bfd901,1,1,0,1.0,0.2065,1.0,INSUFFICIENT
EXACT,2fa84cd9495ec752,831fd3a04060c7c2,1,1,0,1.0,0.2065,1.0,INSUFFICIENT
EXACT,a08c00547af63ae9,8d8af3b7021430ef,1,0,1,0.0,0.0,0.7935,INSUFFICIENT
EXACT,8417597ea8879a72,23b16a1d79ac3afc,1,1,0,1.0,0.2065,1.0,INSUFFICIENT
EXACT,831fd3a04060c7c2,8417597ea8879a72,1,0,1,0.0,0.0,0.7935,INSUFFICIENT
EXACT,28e08086f5844701,59138a345c6b933a,1,0,1,0.0,0.0,0.7935,INSUFFICIENT
EXACT,247a5dc95aff7788,6948b9208b17fad2,1,0,1,0.0,0.0,0.7935,INSUFFICIENT
EXACT,da2a64c2ecaab66a,1461973842ae99c3,1,0,1,0.0,0.0,0.7935,INSUFFICIENT
EXACT,4164643d1cfb5694,36b9eec2910872dd,1,1,0,1.0,0.2065,1.0,INSUFFICIENT
EXACT,11537082a1d27571,b43a53d96da0f0b5,1,0,1,0.0,0.0,0.7935,INSUFFICIENT
EXACT,37f128dd13a7fe6c,6c534f1524e51c74,1,1,0,1.0,0.2065,1.0,INSUFFICIENT
EXACT,831fd3a04060c7c2,59138a345c6b933a,1,1,0,1.0,0.2065,1.0,INSUFFICIENT
EXACT,5d6516d5aaf4c75d,b166b6b93aa1670b,1,0,1,0.0,0.0,0.7935,INSUFFICIENT
EXACT,8be9c7c4fe9d0254,ec75fde5aaa1daf0,1,0,1,0.0,0.0,0.7935,INSUFFICIENT
EXACT,b43a53d96da0f0b5,40fa447486e93faf,1,0,1,0.0,0.0,0.7935,INSUFFICIENT
EXACT,8f4c6902beadfd10,6c534f1524e51c74,1,0,1,0.0,0.0,0.7935,INSUFFICIENT
EXACT,15b2a18ec6e238e1,22d3f669e8184599,1,1,0,1.0,0.2065,1.0,INSUFFICIENT
EXACT,999a5669c80f5ad1,c32b0ee23a53e88a,1,1,0,1.0,0.2065,1.0,INSUFFICIENT
EXACT,a52543fc87a97ef2,6c534f1524e51c74,1,1,0,1.0,0.2065,1.0,INSUFFICIENT
EXACT,d97004b63104f708,2b3108749e2032d7,1,1,0,1.0,0.2065,1.0,INSUFFICIENT
EXACT,cf54338b6b99acc3,05e63c3f2a7ecec1,1,0,1,0.0,0.0,0.7935,INSUFFICIENT
EXACT,26c6379657a2c820,d8c9db09b2d04f55,1,0,1,0.0,0.0,0.7935,INSUFFICIENT
EXACT,cf54338b6b99acc3,633a6e693834e6a7,1,1,0,1.0,0.2065,1.0,INSUFFICIENT
EXACT,52bf12478558b725,48dcbf6680fdded7,1,0,1,0.0,0.0,0.7935,INSUFFICIENT
EXACT,b114cc9bd6f2c80c,59138a345c6b933a,1,1,0,1.0,0.2065,1.0,INSUFFICIENT
EXACT,50bffd8b08d6667c,0fb452788ceca249,1,0,1,0.0,0.0,0.7935,INSUFFICIENT
EXACT,2b3108749e2032d7,ad9eb15621c47305,1,0,1,0.0,0.0,0.7935,INSUFFICIENT
EXACT,04ecfe41e2898127,6948b9208b17fad2,1,1,0,1.0,0.2065,1.0,INSUFFICIENT
EXACT,b4b5a378368fad61,b43a53d96da0f0b5,1,0,1,0.0,0.0,0.7935,INSUFFICIENT
EXACT,7c0a454617fc9ab4,884c0683209ead35,1,1,0,1.0,0.2065,1.0,INSUFFICIENT
EXACT,27b307e62db35245,c8c8ca4e003ab163,1,0,1,0.0,0.0,0.7935,INSUFFICIENT
EXACT,b43a53d96da0f0b5,7c0a454617fc9ab4,1,0,1,0.0,0.0,0.7935,INSUFFICIENT
EXACT,2b3108749e2032d7,ec75fde5aaa1daf0,1,1,0,1.0,0.2065,1.0,INSUFFICIENT
EXACT,ec6f84cdcccc913b,a033289729234cd2,1,1,0,1.0,0.2065,1.0,INSUFFICIENT
EXACT,f519414181f507a2,f95d704202ebc6d7,1,1,0,1.0,0.2065,1.0,INSUFFICIENT
EXACT,94a74a2b69d27207,d60bd450662912be,1,1,0,1.0,0.2065,1.0,INSUFFICIENT
EXACT,543ca4bbd0093585,22d3f669e8184599,1,1,0,1.0,0.2065,1.0,INSUFFICIENT
EXACT,cf54338b6b99acc3,e7e6ae056098df1c,1,0,1,0.0,0.0,0.7935,INSUFFICIENT
EXACT,64e146b2133f7b99,831fd3a04060c7c2,1,1,0,1.0,0.2065,1.0,INSUFFICIENT
EXACT,c7200b56dc7c4c6f,7c58f3915e31351e,1,1,0,1.0,0.2065,1.0,INSUFFICIENT
EXACT,c9d8794e26a87fa3,dafa1e6efd85150e,1,1,0,1.0,0.2065,1.0,INSUFFICIENT
EXACT,4a256a933ac66a7b,f86ba61cccf3ccb1,1,0,1,0.0,0.0,0.7935,INSUFFICIENT
EXACT,2b3108749e2032d7,7436a436fd90a94d,1,0,1,0.0,0.0,0.7935,INSUFFICIENT
EXACT,898f15c46cf94538,3da418017b237a5f,1,1,0,1.0,0.2065,1.0,INSUFFICIENT
EXACT,b43a53d96da0f0b5,902b00d2b6f713c2,1,1,0,1.0,0.2065,1.0,INSUFFICIENT
EXACT,31235eddd9aefebc,a75a8d5778834ad9,1,0,1,0.0,0.0,0.7935,INSUFFICIENT
EXACT,a7ecb399eff72c6a,bf4fd9046cb2d210,1,0,1,0.0,0.0,0.7935,INSUFFICIENT
EXACT,ad9eb15621c47305,dec7cdaef424b950,1,1,0,1.0,0.2065,1.0,INSUFFICIENT
EXACT,b43a53d96da0f0b5,e51fedf968c4efda,1,1,0,1.0,0.2065,1.0,INSUFFICIENT
EXACT,6c534f1524e51c74,aa2398e69a3549ad,1,1,0,1.0,0.2065,1.0,INSUFFICIENT
EXACT,2b3108749e2032d7,433c63791dfad146,1,1,0,1.0,0.2065,1.0,INSUFFICIENT
EXACT,fb8f0ed22caee7b4,6320e3b35bf45d3c,1,1,0,1.0,0.2065,1.0,INSUFFICIENT
EXACT,cb942fc9fc700141,6c534f1524e51c74,1,1,0,1.0,0.2065,1.0,INSUFFICIENT
EXACT,ecb9fd41d48b6ccb,831fd3a04060c7c2,1,0,1,0.0,0.0,0.7935,INSUFFICIENT
EXACT,aa2398e69a3549ad,815f539a0c57442e,1,1,0,1.0,0.2065,1.0,INSUFFICIENT
EXACT,46becdc8f8899835,59138a345c6b933a,1,1,0,1.0,0.2065,1.0,INSUFFICIENT
EXACT,831fd3a04060c7c2,94d15b6068715910,1,0,1,0.0,0.0,0.7935,INSUFFICIENT
EXACT,4164643d1cfb5694,3c1906459f149732,1,0,1,0.0,0.0,0.7935,INSUFFICIENT
EXACT,59138a345c6b933a,7c58f3915e31351e,1,1,0,1.0,0.2065,1.0,INSUFFICIENT
EXACT,e6c8c8b46da53cae,86f48729d55f8661,1,1,0,1.0,0.2065,1.0,INSUFFICIENT
EXACT,4a256a933ac66a7b,90c1a3f3163f9edd,1,0,1,0.0,0.0,0.7935,INSUFFICIENT
EXACT,d787bd2fa5f6c5e3,4a256a933ac66a7b,1,0,1,0.0,0.0,0.7935,INSUFFICIENT
EXACT,0e7a9c48c0fbb1bb,ccd41f8554b530ab,1,0,1,0.0,0.0,0.7935,INSUFFICIENT
EXACT,bb2006b5432dd110,4911d251036bbddc,1,0,1,0.0,0.0,0.7935,INSUFFICIENT
EXACT,2b3108749e2032d7,aa2398e69a3549ad,1,1,0,1.0,0.2065,1.0,INSUFFICIENT
EXACT,98df4170353e7c8e,b8a17357fd357b34,1,0,1,0.0,0.0,0.7935,INSUFFICIENT
EXACT,cf54338b6b99acc3,878d8d9ada634b46,1,0,1,0.0,0.0,0.7935,INSUFFICIENT
EXACT,c9d8794e26a87fa3,65c1c1667f96d6d8,1,1,0,1.0,0.2065,1.0,INSUFFICIENT
EXACT,e5766997074f72cb,c9d8794e26a87fa3,1,1,0,1.0,0.2065,1.0,INSUFFICIENT
EXACT,ae0a52064d430013,478924c6d1995606,1,1,0,1.0,0.2065,1.0,INSUFFICIENT
EXACT,9908e937128aa33b,31235eddd9aefebc,1,0,1,0.0,0.0,0.7935,INSUFFICIENT
EXACT,cf54338b6b99acc3,593615e603566f8f,1,0,1,0.0,0.0,0.7935,INSUFFICIENT
EXACT,01e3b9c098771ebd,aa2398e69a3549ad,1,1,0,1.0,0.2065,1.0,INSUFFICIENT
EXACT,4a4c8fdc31bc148f,53f420cb63036c6b,1,0,1,0.0,0.0,0.7935,INSUFFICIENT
EXACT,98ecdbce8bd61a0f,910dcaefeb77a2f0,1,0,1,0.0,0.0,0.7935,INSUFFICIENT
EXACT,831fd3a04060c7c2,a88ac606b2d71a36,1,1,0,1.0,0.2065,1.0,INSUFFICIENT
EXACT,78424bb7b3831f69,f575288d2b9f7bd3,1,0,1,0.0,0.0,0.7935,INSUFFICIENT
EXACT,c9d8794e26a87fa3,2b3108749e2032d7,1,0,1,0.0,0.0,0.7935,INSUFFICIENT
EXACT,d5e2e6b068b45bf0,0741acc7a0a81516,1,1,0,1.0,0.2065,1.0,INSUFFICIENT
EXACT,cf0f955995a47140,6948b9208b17fad2,1,0,1,0.0,0.0,0.7935,INSUFFICIENT
EXACT,b8027dd41807d784,4a256a933ac66a7b,1,1,0,1.0,0.2065,1.0,INSUFFICIENT
EXACT,4911d251036bbddc,70bab7cb8c68f6d0,1,1,0,1.0,0.2065,1.0,INSUFFICIENT
EXACT,9c8099036f7d7f16,910dcaefeb77a2f0,1,0,1,0.0,0.0,0.7935,INSUFFICIENT
EXACT,cf6d10eb0b2ec055,2768139fe1eb6d0b,1,1,0,1.0,0.2065,1.0,INSUFFICIENT
EXACT,18b76759876ddefa,6c534f1524e51c74,1,1,0,1.0,0.2065,1.0,INSUFFICIENT
EXACT,2b3108749e2032d7,902b00d2b6f713c2,1,0,1,0.0,0.0,0.7935,INSUFFICIENT
EXACT,c9d8794e26a87fa3,7c58f3915e31351e,1,1,0,1.0,0.2065,1.0,INSUFFICIENT
EXACT,86499e4fd823b2f6,6948b9208b17fad2,1,0,1,0.0,0.0,0.7935,INSUFFICIENT
EXACT,7c0a454617fc9ab4,e34dae96b1984485,1,0,1,0.0,0.0,0.7935,INSUFFICIENT
EXACT,831fd3a04060c7c2,9cf95f0d27401a58,1,1,0,1.0,0.2065,1.0,INSUFFICIENT
EXACT,8d8af3b7021430ef,59138a345c6b933a,1,1,0,1.0,0.2065,1.0,INSUFFICIENT
EXACT,20ba66c22462a120,41e645122e9d59c6,1,1,0,1.0,0.2065,1.0,INSUFFICIENT
EXACT,cf54338b6b99acc3,7eeb119d5acc4906,1,0,1,0.0,0.0,0.7935,INSUFFICIENT
EXACT,753c7d1f9e30d5be,4a256a933ac66a7b,1,1,0,1.0,0.2065,1.0,INSUFFICIENT
EXACT,e3d8207f64216ae8,884c0683209ead35,1,1,0,1.0,0.2065,1.0,INSUFFICIENT
EXACT,cf3a7feaf2e07bff,7c0a454617fc9ab4,1,1,0,1.0,0.2065,1.0,INSUFFICIENT
EXACT,b166b6b93aa1670b,59138a345c6b933a,1,0,1,0.0,0.0,0.7935,INSUFFICIENT
EXACT,890af7220ecf499d,ec75fde5aaa1daf0,1,1,0,1.0,0.2065,1.0,INSUFFICIENT
EXACT,2fcf79f31ecdb9ff,6c534f1524e51c74,1,1,0,1.0,0.2065,1.0,INSUFFICIENT
EXACT,c560f1caa3468d1c,6c534f1524e51c74,1,1,0,1.0,0.2065,1.0,INSUFFICIENT
EXACT,e69858a31af3698a,a7ecb399eff72c6a,1,1,0,1.0,0.2065,1.0,INSUFFICIENT
EXACT,831fd3a04060c7c2,cf54338b6b99acc3,1,0,1,0.0,0.0,0.7935,INSUFFICIENT
EXACT,6b960e3ec5086fd3,7c0a454617fc9ab4,1,1,0,1.0,0.2065,1.0,INSUFFICIENT
EXACT,aa4a785fce84445d,6c534f1524e51c74,1,1,0,1.0,0.2065,1.0,INSUFFICIENT
EXACT,18b76759876ddefa,aa2398e69a3549ad,1,0,1,0.0,0.0,0.7935,INSUFFICIENT
EXACT,831fd3a04060c7c2,0cba3f750cdde2c5,1,1,0,1.0,0.2065,1.0,INSUFFICIENT
EXACT,f3a66a435b68dcf2,d17ff875cf148c46,1,1,0,1.0,0.2065,1.0,INSUFFICIENT
EXACT,d3d944ac94530cb6,6c534f1524e51c74,1,1,0,1.0,0.2065,1.0,INSUFFICIENT
EXACT,64e146b2133f7b99,ad9eb15621c47305,1,0,1,0.0,0.0,0.7935,INSUFFICIENT
EXACT,da71c738ef47665c,ad9eb15621c47305,1,1,0,1.0,0.2065,1.0,INSUFFICIENT
EXACT,6c534f1524e51c74,f2361cdbad25851b,1,0,1,0.0,0.0,0.7935,INSUFFICIENT
EXACT,59138a345c6b933a,a08c00547af63ae9,1,0,1,0.0,0.0,0.7935,INSUFFICIENT
EXACT,2b3108749e2032d7,bf4fd9046cb2d210,1,0,1,0.0,0.0,0.7935,INSUFFICIENT
EXACT,f106156986534f4a,157ad0f02530292c,1,1,0,1.0,0.2065,1.0,INSUFFICIENT
EXACT,cf54338b6b99acc3,2768139fe1eb6d0b,1,1,0,1.0,0.2065,1.0,INSUFFICIENT
EXACT,0f8ded0dab3abdd6,9c8099036f7d7f16,1,0,1,0.0,0.0,0.7935,INSUFFICIENT
EXACT,c1a4aa00d710cc27,1a0c457584213a4b,1,1,0,1.0,0.2065,1.0,INSUFFICIENT
EXACT,2d71c6f1996fb778,0155f6b15993e7a7,1,0,1,0.0,0.0,0.7935,INSUFFICIENT
EXACT,9d1dad39ec641aa0,842972d3b3962877,1,0,1,0.0,0.0,0.7935,INSUFFICIENT
EXACT,f4f9e0b2dfde5a5c,a61ad8dc4eb8b1d6,1,1,0,1.0,0.2065,1.0,INSUFFICIENT
EXACT,902b00d2b6f713c2,cf54338b6b99acc3,1,0,1,0.0,0.0,0.7935,INSUFFICIENT
EXACT,3fb280bccb7483a7,4164643d1cfb5694,1,0,1,0.0,0.0,0.7935,INSUFFICIENT
EXACT,f4f9e0b2dfde5a5c,478924c6d1995606,1,1,0,1.0,0.2065,1.0,INSUFFICIENT
EXACT,59aefb1a7dfb20a9,4a256a933ac66a7b,1,0,1,0.0,0.0,0.7935,INSUFFICIENT
EXACT,da71c738ef47665c,0078ce0f297a4597,1,1,0,1.0,0.2065,1.0,INSUFFICIENT
EXACT,aa2398e69a3549ad,0f8ded0dab3abdd6,1,1,0,1.0,0.2065,1.0,INSUFFICIENT
EXACT,73b8e8e2162f22b1,20ba66c22462a120,1,0,1,0.0,0.0,0.7935,INSUFFICIENT
EXACT,1b96d77f991ff5b1,2b3108749e2032d7,1,0,1,0.0,0.0,0.7935,INSUFFICIENT
EXACT,cf54338b6b99acc3,3c1906459f149732,1,0,1,0.0,0.0,0.7935,INSUFFICIENT
EXACT,74c27650b18b57e3,d7c3cf38cf288455,1,0,1,0.0,0.0,0.7935,INSUFFICIENT
EXACT,59138a345c6b933a,b1adeb52225c848f,1,1,0,1.0,0.2065,1.0,INSUFFICIENT
EXACT,c9d8794e26a87fa3,890af7220ecf499d,1,0,1,0.0,0.0,0.7935,INSUFFICIENT
EXACT,cf54338b6b99acc3,6948b9208b17fad2,1,1,0,1.0,0.2065,1.0,INSUFFICIENT
EXACT,59138a345c6b933a,272e624d9683e14e,1,0,1,0.0,0.0,0.7935,INSUFFICIENT
EXACT,7c0a454617fc9ab4,b4b5a378368fad61,1,1,0,1.0,0.2065,1.0,INSUFFICIENT
EXACT,b1af26bae039a041,a3f1d2935659226e,1,0,1,0.0,0.0,0.7935,INSUFFICIENT
EXACT,1e58a553d59975a3,6b960e3ec5086fd3,1,0,1,0.0,0.0,0.7935,INSUFFICIENT
EXACT,9c8099036f7d7f16,b43a53d96da0f0b5,1,1,0,1.0,0.2065,1.0,INSUFFICIENT
EXACT,dec7cdaef424b950,87878bec14a895a0,1,0,1,0.0,0.0,0.7935,INSUFFICIENT
EXACT,2b3108749e2032d7,753c7d1f9e30d5be,1,0,1,0.0,0.0,0.7935,INSUFFICIENT
EXACT,59138a345c6b933a,608037127de0670f,1,1,0,1.0,0.2065,1.0,INSUFFICIENT
EXACT,6948b9208b17fad2,8e44b412c21c5dfa,1,0,1,0.0,0.0,0.7935,INSUFFICIENT
EXACT,5f5f62912ed0d081,cf54338b6b99acc3,1,1,0,1.0,0.2065,1.0,INSUFFICIENT
EXACT,71837a73b1294f82,831fd3a04060c7c2,1,0,1,0.0,0.0,0.7935,INSUFFICIENT
EXACT,c8c1bf9764932d8d,bd3a5d98cf29cbc3,1,0,1,0.0,0.0,0.7935,INSUFFICIENT
EXACT,3f0180aa6166785a,6b960e3ec5086fd3,1,0,1,0.0,0.0,0.7935,INSUFFICIENT
EXACT,831fd3a04060c7c2,bfb8a7a58fcd4295,1,1,0,1.0,0.2065,1.0,INSUFFICIENT
EXACT,dafa1e6efd85150e,a61ad8dc4eb8b1d6,1,0,1,0.0,0.0,0.7935,INSUFFICIENT
EXACT,020506086cb2e7b0,b520caec0c3511ff,1,1,0,1.0,0.2065,1.0,INSUFFICIENT
EXACT,b3f8f5a936f62434,6c534f1524e51c74,1,1,0,1.0,0.2065,1.0,INSUFFICIENT
EXACT,59138a345c6b933a,49d41435c571ef3d,1,0,1,0.0,0.0,0.7935,INSUFFICIENT
EXACT,a75a8d5778834ad9,2b3108749e2032d7,1,0,1,0.0,0.0,0.7935,INSUFFICIENT
EXACT,bf4fd9046cb2d210,aa2398e69a3549ad,1,0,1,0.0,0.0,0.7935,INSUFFICIENT
EXACT,6c534f1524e51c74,3b336973fe7b01c6,1,1,0,1.0,0.2065,1.0,INSUFFICIENT
EXACT,4a256a933ac66a7b,2a8c2e76cea8afd6,1,0,1,0.0,0.0,0.7935,INSUFFICIENT
EXACT,a3f1d2935659226e,48dcbf6680fdded7,1,0,1,0.0,0.0,0.7935,INSUFFICIENT
EXACT,c9d8794e26a87fa3,43a84eaf17fde18d,1,0,1,0.0,0.0,0.7935,INSUFFICIENT
EXACT,815f539a0c57442e,cf54338b6b99acc3,1,1,0,1.0,0.2065,1.0,INSUFFICIENT
EXACT,831fd3a04060c7c2,b41dab6a922e3a11,1,1,0,1.0,0.2065,1.0,INSUFFICIENT
EXACT,aa2398e69a3549ad,dfc731fac71f26f1,1,1,0,1.0,0.2065,1.0,INSUFFICIENT
EXACT,a3f1d2935659226e,0b99dec21056b2f3,1,0,1,0.0,0.0,0.7935,INSUFFICIENT
EXACT,8e82656e634ac2da,2b3108749e2032d7,1,0,1,0.0,0.0,0.7935,INSUFFICIENT
EXACT,b166b6b93aa1670b,890af7220ecf499d,1,0,1,0.0,0.0,0.7935,INSUFFICIENT
EXACT,d28a5e94534aae0c,59138a345c6b933a,1,0,1,0.0,0.0,0.7935,INSUFFICIENT
EXACT,b55af43e0b922162,d7c3cf38cf288455,1,1,0,1.0,0.2065,1.0,INSUFFICIENT
EXACT,b4d63a18cb52e991,b43a53d96da0f0b5,1,0,1,0.0,0.0,0.7935,INSUFFICIENT
EXACT,4a256a933ac66a7b,ef1c3cb4eae26467,1,1,0,1.0,0.2065,1.0,INSUFFICIENT
EXACT,8417597ea8879a72,aa2398e69a3549ad,1,0,1,0.0,0.0,0.7935,INSUFFICIENT
EXACT,b4ef20e5475def6f,831fd3a04060c7c2,1,1,0,1.0,0.2065,1.0,INSUFFICIENT
EXACT,b43a53d96da0f0b5,e6c8c8b46da53cae,1,1,0,1.0,0.2065,1.0,INSUFFICIENT
EXACT,c9d8794e26a87fa3,902b00d2b6f713c2,1,0,1,0.0,0.0,0.7935,INSUFFICIENT
EXACT,bfe17f933d600385,bf935b4da2e041b7,1,1,0,1.0,0.2065,1.0,INSUFFICIENT
EXACT,b43a53d96da0f0b5,3c825a3abd501753,1,1,0,1.0,0.2065,1.0,INSUFFICIENT
EXACT,f9b67c5efbba736e,c9d8794e26a87fa3,1,0,1,0.0,0.0,0.7935,INSUFFICIENT
EXACT,cf54338b6b99acc3,95cf523ef7febb46,1,0,1,0.0,0.0,0.7935,INSUFFICIENT
EXACT,b28bceb540618967,59138a345c6b933a,1,1,0,1.0,0.2065,1.0,INSUFFICIENT
EXACT,a3f1d2935659226e,4a256a933ac66a7b,1,0,1,0.0,0.0,0.7935,INSUFFICIENT
EXACT,a27827186fbb722b,6948b9208b17fad2,1,0,1,0.0,0.0,0.7935,INSUFFICIENT
EXACT,0cba3f750cdde2c5,4a256a933ac66a7b,1,0,1,0.0,0.0,0.7935,INSUFFICIENT
EXACT,6c534f1524e51c74,5bbe78c7df6a16a2,1,1,0,1.0,0.2065,1.0,INSUFFICIENT
EXACT,1a0c457584213a4b,429baecf852e7cb3,1,1,0,1.0,0.2065,1.0,INSUFFICIENT
EXACT,834b6eda21fb1237,c560f1caa3468d1c,1,0,1,0.0,0.0,0.7935,INSUFFICIENT
EXACT,b89226f24fe868a6,64e146b2133f7b99,1,0,1,0.0,0.0,0.7935,INSUFFICIENT
EXACT,7d49edaa78ac6f8c,bd3a5d98cf29cbc3,1,1,0,1.0,0.2065,1.0,INSUFFICIENT
EXACT,9d1dad39ec641aa0,bf4fd9046cb2d210,1,0,1,0.0,0.0,0.7935,INSUFFICIENT
EXACT,7c58f3915e31351e,bf4fd9046cb2d210,1,1,0,1.0,0.2065,1.0,INSUFFICIENT
EXACT,8907612d396f895a,478924c6d1995606,1,1,0,1.0,0.2065,1.0,INSUFFICIENT
EXACT,ae0d14ce9fa3b86f,875223feb861ca74,1,0,1,0.0,0.0,0.7935,INSUFFICIENT
EXACT,63cc39b3cfe59c37,d19dd275a0b6998b,1,0,1,0.0,0.0,0.7935,INSUFFICIENT
EXACT,f90d43e354d19683,dc762c6de252f8b4,1,0,1,0.0,0.0,0.7935,INSUFFICIENT
EXACT,0078ce0f297a4597,7800c70ef460208a,1,0,1,0.0,0.0,0.7935,INSUFFICIENT
EXACT,2da70d7f4cb16df3,910dcaefeb77a2f0,1,0,1,0.0,0.0,0.7935,INSUFFICIENT
EXACT,fb8f0ed22caee7b4,478924c6d1995606,1,0,1,0.0,0.0,0.7935,INSUFFICIENT
EXACT,910dcaefeb77a2f0,219bb78661ad6ccd,1,1,0,1.0,0.2065,1.0,INSUFFICIENT
EXACT,afaa4ac744b28ee5,fcac695071c3f3cf,1,1,0,1.0,0.2065,1.0,INSUFFICIENT
EXACT,b20e3e96100a11d5,a88ac606b2d71a36,1,0,1,0.0,0.0,0.7935,INSUFFICIENT
EXACT,910dcaefeb77a2f0,0eb1f4f9633c4cd0,1,0,1,0.0,0.0,0.7935,INSUFFICIENT
EXACT,d5a00cd9fec5560e,3fc2cb03df5b2747,1,1,0,1.0,0.2065,1.0,INSUFFICIENT
EXACT,8907612d396f895a,910dcaefeb77a2f0,1,0,1,0.0,0.0,0.7935,INSUFFICIENT
EXACT,2d0a90fa804b68f1,be3a8e357b9439ff,1,0,1,0.0,0.0,0.7935,INSUFFICIENT
EXACT,fbbd8ac1e662e82c,fcac695071c3f3cf,1,0,1,0.0,0.0,0.7935,INSUFFICIENT
EXACT,fcac695071c3f3cf,00926e891310648e,1,0,1,0.0,0.0,0.7935,INSUFFICIENT
EXACT,d8c9db09b2d04f55,6e15dd0f2dd6c299,1,0,1,0.0,0.0,0.7935,INSUFFICIENT
EXACT,d8c9db09b2d04f55,b20e3e96100a11d5,1,1,0,1.0,0.2065,1.0,INSUFFICIENT
EXACT,e44a46bfcc0214e4,69252ea384766495,1,0,1,0.0,0.0,0.7935,INSUFFICIENT
EXACT,e34dae96b1984485,e13fd1ccc84b095d,1,0,1,0.0,0.0,0.7935,INSUFFICIENT
EXACT,b43a53d96da0f0b5,478924c6d1995606,1,1,0,1.0,0.2065,1.0,INSUFFICIENT
EXACT,fcac695071c3f3cf,995f93195aa795aa,1,1,0,1.0,0.2065,1.0,INSUFFICIENT
EXACT,478924c6d1995606,69252ea384766495,1,0,1,0.0,0.0,0.7935,INSUFFICIENT
EXACT,e34dae96b1984485,7d3dd55013032486,1,0,1,0.0,0.0,0.7935,INSUFFICIENT
EXACT,b20e3e96100a11d5,e69858a31af3698a,1,0,1,0.0,0.0,0.7935,INSUFFICIENT
EXACT,3fc2cb03df5b2747,219bb78661ad6ccd,1,1,0,1.0,0.2065,1.0,INSUFFICIENT
EXACT,8ff1e185fabb8099,0065b4cfff358aba,1,0,1,0.0,0.0,0.7935,INSUFFICIENT
EXACT,d19dd275a0b6998b,bd0509fb088518b1,1,1,0,1.0,0.2065,1.0,INSUFFICIENT
EXACT,7a3dfdac5c420dd6,219bb78661ad6ccd,1,1,0,1.0,0.2065,1.0,INSUFFICIENT
EXACT,495b41c6bf629ba8,14db4b34cc8fbbb7,1,1,0,1.0,0.2065,1.0,INSUFFICIENT
EXACT,69252ea384766495,6e15dd0f2dd6c299,1,1,0,1.0,0.2065,1.0,INSUFFICIENT
EXACT,aa2398e69a3549ad,e34dae96b1984485,1,1,0,1.0,0.2065,1.0,INSUFFICIENT
EXACT,147595d71b360f2c,c2ee4dbcdf7ec7e4,1,0,1,0.0,0.0,0.7935,INSUFFICIENT
EXACT,478924c6d1995606,156485fe400622e4,1,1,0,1.0,0.2065,1.0,INSUFFICIENT
EXACT,c6970cfeed44b34d,b20e3e96100a11d5,1,1,0,1.0,0.2065,1.0,INSUFFICIENT
EXACT,795a6c78e1194ccd,831fd3a04060c7c2,1,0,1,0.0,0.0,0.7935,INSUFFICIENT
EXACT,54454f5d1343798a,e34dae96b1984485,1,0,1,0.0,0.0,0.7935,INSUFFICIENT
EXACT,d9614beda9774552,b43a53d96da0f0b5,1,0,1,0.0,0.0,0.7935,INSUFFICIENT
EXACT,13ea47d998aa99fa,7d3dd55013032486,1,1,0,1.0,0.2065,1.0,INSUFFICIENT
EXACT,910dcaefeb77a2f0,0fb452788ceca249,1,0,1,0.0,0.0,0.7935,INSUFFICIENT
EXACT,ac9855a643a150ea,58c4d89cf8edc355,1,1,0,1.0,0.2065,1.0,INSUFFICIENT
EXACT,0078ce0f297a4597,b43a53d96da0f0b5,1,0,1,0.0,0.0,0.7935,INSUFFICIENT
EXACT,831fd3a04060c7c2,3371c6e0d2105401,1,0,1,0.0,0.0,0.7935,INSUFFICIENT
EXACT,831fd3a04060c7c2,c6970cfeed44b34d,1,1,0,1.0,0.2065,1.0,INSUFFICIENT
EXACT,37f2032236fb6baf,8417597ea8879a72,1,1,0,1.0,0.2065,1.0,INSUFFICIENT
EXACT,910dcaefeb77a2f0,6320e3b35bf45d3c,1,1,0,1.0,0.2065,1.0,INSUFFICIENT
EXACT,a38180053506b20f,910dcaefeb77a2f0,1,1,0,1.0,0.2065,1.0,INSUFFICIENT
EXACT,b7fe4794b7f5835b,69252ea384766495,1,0,1,0.0,0.0,0.7935,INSUFFICIENT
EXACT,4941578511f48d1e,37f2032236fb6baf,1,0,1,0.0,0.0,0.7935,INSUFFICIENT
EXACT,69252ea384766495,3fc2cb03df5b2747,1,1,0,1.0,0.2065,1.0,INSUFFICIENT
EXACT,910dcaefeb77a2f0,14db4b34cc8fbbb7,1,0,1,0.0,0.0,0.7935,INSUFFICIENT
EXACT,b7fe4794b7f5835b,40fa447486e93faf,1,0,1,0.0,0.0,0.7935,INSUFFICIENT
EXACT,8c6a91def4dd5f6c,831fd3a04060c7c2,1,1,0,1.0,0.2065,1.0,INSUFFICIENT
EXACT,c8e3597d524a0e79,248f452e8b8aa953,1,0,1,0.0,0.0,0.7935,INSUFFICIENT
EXACT,bd0509fb088518b1,478924c6d1995606,1,1,0,1.0,0.2065,1.0,INSUFFICIENT
EXACT,478924c6d1995606,219bb78661ad6ccd,1,0,1,0.0,0.0,0.7935,INSUFFICIENT
EXACT,7800c70ef460208a,0d2a3e2649f24fb1,1,0,1,0.0,0.0,0.7935,INSUFFICIENT
EXACT,219bb78661ad6ccd,831fd3a04060c7c2,1,1,0,1.0,0.2065,1.0,INSUFFICIENT
EXACT,147595d71b360f2c,b20e3e96100a11d5,1,0,1,0.0,0.0,0.7935,INSUFFICIENT
EXACT,49c73af4f8ad03d9,e34dae96b1984485,1,0,1,0.0,0.0,0.7935,INSUFFICIENT
EXACT,156485fe400622e4,b7fe4794b7f5835b,1,0,1,0.0,0.0,0.7935,INSUFFICIENT
EXACT,b43a53d96da0f0b5,2b3108749e2032d7,1,0,1,0.0,0.0,0.7935,INSUFFICIENT
EXACT,5ef1f4c673271c4f,1e1aceae4b6358f6,1,0,1,0.0,0.0,0.7935,INSUFFICIENT
EXACT,16eb558bab120cba,14db4b34cc8fbbb7,1,0,1,0.0,0.0,0.7935,INSUFFICIENT
EXACT,6e15dd0f2dd6c299,910dcaefeb77a2f0,1,1,0,1.0,0.2065,1.0,INSUFFICIENT
EXACT,37f2032236fb6baf,831fd3a04060c7c2,1,1,0,1.0,0.2065,1.0,INSUFFICIENT
EXACT,449ba799a24fb205,478924c6d1995606,1,1,0,1.0,0.2065,1.0,INSUFFICIENT
EXACT,fce93e7e9e521c17,fcac695071c3f3cf,1,1,0,1.0,0.2065,1.0,INSUFFICIENT
EXACT,7d3dd55013032486,ed8af32e00d56c9a,1,1,0,1.0,0.2065,1.0,INSUFFICIENT
EXACT,59138a345c6b933a,b20e3e96100a11d5,1,0,1,0.0,0.0,0.7935,INSUFFICIENT
EXACT,fcac695071c3f3cf,c4401e2db5bd7036,1,0,1,0.0,0.0,0.7935,INSUFFICIENT
EXACT,478924c6d1995606,14db4b34cc8fbbb7,1,1,0,1.0,0.2065,1.0,INSUFFICIENT
EXACT,0065b4cfff358aba,831fd3a04060c7c2,1,1,0,1.0,0.2065,1.0,INSUFFICIENT
EXACT,c9d8794e26a87fa3,f90d43e354d19683,1,0,1,0.0,0.0,0.7935,INSUFFICIENT
EXACT,cf827fff53a7d57b,2e79a10ee3ba9449,1,0,1,0.0,0.0,0.7935,INSUFFICIENT
EXACT,69252ea384766495,884c0683209ead35,1,1,0,1.0,0.2065,1.0,INSUFFICIENT
EXACT,e34dae96b1984485,0e05ea288ae6e6a6,1,1,0,1.0,0.2065,1.0,INSUFFICIENT
EXACT,b20e3e96100a11d5,7c58f3915e31351e,1,0,1,0.0,0.0,0.7935,INSUFFICIENT
EXACT,3fc2cb03df5b2747,156485fe400622e4,1,1,0,1.0,0.2065,1.0,INSUFFICIENT
EXACT,b5d70706436c5264,3fc2cb03df5b2747,1,1,0,1.0,0.2065,1.0,INSUFFICIENT
EXACT,69252ea384766495,7d3dd55013032486,1,0,1,0.0,0.0,0.7935,INSUFFICIENT
EXACT,69252ea384766495,afaa4ac744b28ee5,1,1,0,1.0,0.2065,1.0,INSUFFICIENT
EXACT,d9614beda9774552,01f31cfad9010e89,1,1,0,1.0,0.2065,1.0,INSUFFICIENT
EXACT,dc2ce39b94cbbb38,8be72bbfa0bafaff,1,1,0,1.0,0.2065,1.0,INSUFFICIENT
EXACT,13ea47d998aa99fa,3fc2cb03df5b2747,1,0,1,0.0,0.0,0.7935,INSUFFICIENT
EXACT,abf375974152bc4e,14db4b34cc8fbbb7,1,1,0,1.0,0.2065,1.0,INSUFFICIENT
EXACT,a38180053506b20f,7f16d36ae4847ce5,1,1,0,1.0,0.2065,1.0,INSUFFICIENT
EXACT,1e1aceae4b6358f6,b303167d8f7d6113,1,1,0,1.0,0.2065,1.0,INSUFFICIENT
EXACT,3fc2cb03df5b2747,d19dd275a0b6998b,1,0,1,0.0,0.0,0.7935,INSUFFICIENT
EXACT,898f15c46cf94538,e34dae96b1984485,1,0,1,0.0,0.0,0.7935,INSUFFICIENT
EXACT,fbbd8ac1e662e82c,c6970cfeed44b34d,1,0,1,0.0,0.0,0.7935,INSUFFICIENT
EXACT,19a01ac1cebb1e8b,680da0c6c840cf99,1,1,0,1.0,0.2065,1.0,INSUFFICIENT
EXACT,b78aa05e94236e10,fb6d7f5767de6f81,1,1,0,1.0,0.2065,1.0,INSUFFICIENT
EXACT,450b46f82d284492,058f82abd5449e39,1,1,0,1.0,0.2065,1.0,INSUFFICIENT
EXACT,d83b61b3461e6f3d,ec1564bfeb05c103,1,1,0,1.0,0.2065,1.0,INSUFFICIENT
EXACT,07ab87cf5acd3608,e34dae96b1984485,1,0,1,0.0,0.0,0.7935,INSUFFICIENT
EXACT,e34dae96b1984485,c1bdf4d2201556a3,1,1,0,1.0,0.2065,1.0,INSUFFICIENT
EXACT,7d6f431b88be3307,2655572b2591c7f6,1,0,1,0.0,0.0,0.7935,INSUFFICIENT
EXACT,f68ccef625779ef7,057fd0ffbc716756,1,1,0,1.0,0.2065,1.0,INSUFFICIENT
EXACT,0eb1f4f9633c4cd0,fb6d7f5767de6f81,1,0,1,0.0,0.0,0.7935,INSUFFICIENT
EXACT,c4ebaf6e42fc8a2a,2b38095c5eca59f6,1,1,0,1.0,0.2065,1.0,INSUFFICIENT
EXACT,dc2ce39b94cbbb38,200d57a432545513,1,0,1,0.0,0.0,0.7935,INSUFFICIENT
EXACT,058f82abd5449e39,d5466d070c71fde7,1,0,1,0.0,0.0,0.7935,INSUFFICIENT
EXACT,07ab87cf5acd3608,13ea47d998aa99fa,1,1,0,1.0,0.2065,1.0,INSUFFICIENT
EXACT,ecf06b29e2a9ff12,b43a53d96da0f0b5,1,1,0,1.0,0.2065,1.0,INSUFFICIENT
EXACT,f59e852fe5450580,e34dae96b1984485,1,0,1,0.0,0.0,0.7935,INSUFFICIENT
EXACT,42c823200429ac49,dc2ce39b94cbbb38,1,1,0,1.0,0.2065,1.0,INSUFFICIENT
EXACT,dc2ce39b94cbbb38,3fc2cb03df5b2747,1,1,0,1.0,0.2065,1.0,INSUFFICIENT
EXACT,fb6542fd45093b86,6b0907ec35e835bd,1,1,0,1.0,0.2065,1.0,INSUFFICIENT
EXACT,c4ebaf6e42fc8a2a,712e7e9d851a570b,1,1,0,1.0,0.2065,1.0,INSUFFICIENT
EXACT,c5c2d4ee92fd71f5,61f90c30a060ef40,1,1,0,1.0,0.2065,1.0,INSUFFICIENT
EXACT,c1bdf4d2201556a3,8ce08ead92022fde,1,1,0,1.0,0.2065,1.0,INSUFFICIENT
EXACT,a303839777316bee,dc2ce39b94cbbb38,1,1,0,1.0,0.2065,1.0,INSUFFICIENT
EXACT,b8e2515051817ff7,eb1222900df9baf0,1,0,1,0.0,0.0,0.7935,INSUFFICIENT
EXACT,b0ac2e64118eeabf,c1bdf4d2201556a3,1,1,0,1.0,0.2065,1.0,INSUFFICIENT
EXACT,102b0ac263351177,fb6542fd45093b86,1,0,1,0.0,0.0,0.7935,INSUFFICIENT
EXACT,e34dae96b1984485,61c5f1394e265863,1,0,1,0.0,0.0,0.7935,INSUFFICIENT
EXACT,63cc39b3cfe59c37,d83b61b3461e6f3d,1,0,1,0.0,0.0,0.7935,INSUFFICIENT
EXACT,bf4fd9046cb2d210,dc2ce39b94cbbb38,1,0,1,0.0,0.0,0.7935,INSUFFICIENT
EXACT,db6f0378eb8b85ba,7702f27dfc110b71,1,1,0,1.0,0.2065,1.0,INSUFFICIENT
EXACT,a6449dd6b7ace502,14db4b34cc8fbbb7,1,0,1,0.0,0.0,0.7935,INSUFFICIENT
EXACT,13ea47d998aa99fa,71774939c0095e11,1,0,1,0.0,0.0,0.7935,INSUFFICIENT
EXACT,a7d5394d86394bcd,5ef1f4c673271c4f,1,0,1,0.0,0.0,0.7935,INSUFFICIENT
EXACT,0d18cb26af1f820a,102b0ac263351177,1,0,1,0.0,0.0,0.7935,INSUFFICIENT
EXACT,a6441a73d162c977,fcac695071c3f3cf,1,0,1,0.0,0.0,0.7935,INSUFFICIENT
EXACT,e34dae96b1984485,e97ea339c59eb7e9,1,1,0,1.0,0.2065,1.0,INSUFFICIENT
EXACT,d562e376a3d71d6b,dc2ce39b94cbbb38,1,1,0,1.0,0.2065,1.0,INSUFFICIENT
EXACT,dc2ce39b94cbbb38,69b44e61ab6725cf,1,1,0,1.0,0.2065,1.0,INSUFFICIENT
EXACT,9dfcab39e3ed21bf,dc2ce39b94cbbb38,1,0,1,0.0,0.0,0.7935,INSUFFICIENT
EXACT,9d6219ef6950f794,dcdb898bf51e0fb7,1,1,0,1.0,0.2065,1.0,INSUFFICIENT
EXACT,19a01ac1cebb1e8b,a6449dd6b7ace502,1,0,1,0.0,0.0,0.7935,INSUFFICIENT
EXACT,5ef1f4c673271c4f,4511e2f8da72f777,1,1,0,1.0,0.2065,1.0,INSUFFICIENT
EXACT,dc2ce39b94cbbb38,a77981dc1b5cc27c,1,1,0,1.0,0.2065,1.0,INSUFFICIENT
EXACT,17d163ba9b2ec58c,f68ccef625779ef7,1,0,1,0.0,0.0,0.7935,INSUFFICIENT
EXACT,61f90c30a060ef40,0eb1f4f9633c4cd0,1,0,1,0.0,0.0,0.7935,INSUFFICIENT
EXACT,b9d645da110e5c06,19a01ac1cebb1e8b,1,0,1,0.0,0.0,0.7935,INSUFFICIENT
EXACT,2b38095c5eca59f6,b78aa05e94236e10,1,0,1,0.0,0.0,0.7935,INSUFFICIENT
EXACT,fb6542fd45093b86,db6f0378eb8b85ba,1,1,0,1.0,0.2065,1.0,INSUFFICIENT
EXACT,d27ab9465febb3da,13ea47d998aa99fa,1,1,0,1.0,0.2065,1.0,INSUFFICIENT
EXACT,dc2ce39b94cbbb38,47e257e33ef5f5a6,1,1,0,1.0,0.2065,1.0,INSUFFICIENT
EXACT,6384bf64d82fbece,b3043b6d5221e93a,1,1,0,1.0,0.2065,1.0,INSUFFICIENT
EXACT,8da9c9d12374effd,eb1222900df9baf0,1,0,1,0.0,0.0,0.7935,INSUFFICIENT
EXACT,dc2ce39b94cbbb38,1b63cff39ca1b990,1,0,1,0.0,0.0,0.7935,INSUFFICIENT
EXACT,d27ab9465febb3da,f59e852fe5450580,1,1,0,1.0,0.2065,1.0,INSUFFICIENT
EXACT,fb6542fd45093b86,766ca153ce8e65d8,1,1,0,1.0,0.2065,1.0,INSUFFICIENT
EXACT,50f4fed941e7bd61,dc2ce39b94cbbb38,1,1,0,1.0,0.2065,1.0,INSUFFICIENT
EXACT,05eb715b17b613fe,058f82abd5449e39,1,1,0,1.0,0.2065,1.0,INSUFFICIENT
EXACT,bc913d2ec5e06497,f1b53d2f908f682e,1,1,0,1.0,0.2065,1.0,INSUFFICIENT
EXACT,b42b2ee66670b06f,dc2ce39b94cbbb38,1,1,0,1.0,0.2065,1.0,INSUFFICIENT
EXACT,dc2ce39b94cbbb38,8646527a9765ecf5,1,0,1,0.0,0.0,0.7935,INSUFFICIENT
EXACT,f1b53d2f908f682e,9dfcab39e3ed21bf,1,0,1,0.0,0.0,0.7935,INSUFFICIENT
EXACT,b1513b47b94933fa,fb6542fd45093b86,1,0,1,0.0,0.0,0.7935,INSUFFICIENT
EXACT,b43a53d96da0f0b5,45ba6b3928b96ea0,1,1,0,1.0,0.2065,1.0,INSUFFICIENT
EXACT,f459fe7a54523885,c1bdf4d2201556a3,1,0,1,0.0,0.0,0.7935,INSUFFICIENT
EXACT,8945c20fc38af9f1,b43a53d96da0f0b5,1,1,0,1.0,0.2065,1.0,INSUFFICIENT
EXACT,9dfcab39e3ed21bf,079a59b4e50730a5,1,1,0,1.0,0.2065,1.0,INSUFFICIENT
EXACT,dc2ce39b94cbbb38,3654c8b86446be5e,1,1,0,1.0,0.2065,1.0,INSUFFICIENT
EXACT,b8e2515051817ff7,13ea47d998aa99fa,1,1,0,1.0,0.2065,1.0,INSUFFICIENT
EXACT,14db4b34cc8fbbb7,4fa2d13d3f52f835,1,0,1,0.0,0.0,0.7935,INSUFFICIENT
EXACT,fcac695071c3f3cf,b1513b47b94933fa,1,1,0,1.0,0.2065,1.0,INSUFFICIENT
EXACT,c1bdf4d2201556a3,db7e43390449b177,1,1,0,1.0,0.2065,1.0,INSUFFICIENT
EXACT,fcac695071c3f3cf,74f419fc4f947422,1,0,1,0.0,0.0,0.7935,INSUFFICIENT
EXACT,dc2ce39b94cbbb38,14833e9b4c2389a3,1,0,1,0.0,0.0,0.7935,INSUFFICIENT
EXACT,0eb1f4f9633c4cd0,f1b53d2f908f682e,1,0,1,0.0,0.0,0.7935,INSUFFICIENT
EXACT,45ba6b3928b96ea0,dc2ce39b94cbbb38,1,1,0,1.0,0.2065,1.0,INSUFFICIENT
EXACT,2b38095c5eca59f6,3fe56fcd5e43bce7,1,0,1,0.0,0.0,0.7935,INSUFFICIENT
EXACT,05413f44dfa35d63,dc2ce39b94cbbb38,1,0,1,0.0,0.0,0.7935,INSUFFICIENT
EXACT,fcac695071c3f3cf,c5c2d4ee92fd71f5,1,0,1,0.0,0.0,0.7935,INSUFFICIENT
EXACT,147595d71b360f2c,8c6a91def4dd5f6c,1,0,1,0.0,0.0,0.7935,INSUFFICIENT
EXACT,dafa1e6efd85150e,74338cad5e6dbc8b,1,1,0,1.0,0.2065,1.0,INSUFFICIENT
EXACT,b166b6b93aa1670b,dafa1e6efd85150e,1,0,1,0.0,0.0,0.7935,INSUFFICIENT
EXACT,40fa447486e93faf,d9614beda9774552,1,1,0,1.0,0.2065,1.0,INSUFFICIENT
EXACT,884c0683209ead35,831fd3a04060c7c2,1,0,1,0.0,0.0,0.7935,INSUFFICIENT
EXACT,147595d71b360f2c,d9614beda9774552,1,0,1,0.0,0.0,0.7935,INSUFFICIENT
EXACT,dafa1e6efd85150e,7c58f3915e31351e,1,1,0,1.0,0.2065,1.0,INSUFFICIENT
EXACT,e34dae96b1984485,d8c9db09b2d04f55,1,1,0,1.0,0.2065,1.0,INSUFFICIENT
EXACT,d8c9db09b2d04f55,7c0a454617fc9ab4,1,1,0,1.0,0.2065,1.0,INSUFFICIENT
EXACT,0fb452788ceca249,147595d71b360f2c,1,0,1,0.0,0.0,0.7935,INSUFFICIENT
EXACT,b20e3e96100a11d5,0b80f6a47f968786,1,1,0,1.0,0.2065,1.0,INSUFFICIENT
EXACT,0fb452788ceca249,e34dae96b1984485,1,1,0,1.0,0.2065,1.0,INSUFFICIENT
EXACT,05aba4123d4ac622,69252ea384766495,1,1,0,1.0,0.2065,1.0,INSUFFICIENT
EXACT,dafa1e6efd85150e,0078ce0f297a4597,1,0,1,0.0,0.0,0.7935,INSUFFICIENT
EXACT,8ff1e185fabb8099,2b3108749e2032d7,1,1,0,1.0,0.2065,1.0,INSUFFICIENT
EXACT,dafa1e6efd85150e,156485fe400622e4,1,1,0,1.0,0.2065,1.0,INSUFFICIENT
EXACT,0b80f6a47f968786,8ff1e185fabb8099,1,0,1,0.0,0.0,0.7935,INSUFFICIENT
EXACT,b43a53d96da0f0b5,e69858a31af3698a,1,1,0,1.0,0.2065,1.0,INSUFFICIENT
EXACT,a38180053506b20f,07d37d40a18e4197,1,1,0,1.0,0.2065,1.0,INSUFFICIENT
EXACT,13ea47d998aa99fa,05aba4123d4ac622,1,0,1,0.0,0.0,0.7935,INSUFFICIENT
EXACT,07d37d40a18e4197,147595d71b360f2c,1,1,0,1.0,0.2065,1.0,INSUFFICIENT
EXACT,478924c6d1995606,884c0683209ead35,1,0,1,0.0,0.0,0.7935,INSUFFICIENT
EXACT,dafa1e6efd85150e,e69858a31af3698a,1,0,1,0.0,0.0,0.7935,INSUFFICIENT
EXACT,3fc2cb03df5b2747,478924c6d1995606,1,0,1,0.0,0.0,0.7935,INSUFFICIENT
EXACT,0b80f6a47f968786,40fa447486e93faf,1,0,1,0.0,0.0,0.7935,INSUFFICIENT
EXACT,b13b062a5e20bcf3,884c0683209ead35,1,0,1,0.0,0.0,0.7935,INSUFFICIENT
EXACT,9d1dad39ec641aa0,dafa1e6efd85150e,1,1,0,1.0,0.2065,1.0,INSUFFICIENT
EXACT,831fd3a04060c7c2,424b6ebe66ea61f8,1,0,1,0.0,0.0,0.7935,INSUFFICIENT
EXACT,3371c6e0d2105401,7f16d36ae4847ce5,1,1,0,1.0,0.2065,1.0,INSUFFICIENT
EXACT,fb85400b6df83aa3,910dcaefeb77a2f0,1,1,0,1.0,0.2065,1.0,INSUFFICIENT
EXACT,e34dae96b1984485,74338cad5e6dbc8b,1,0,1,0.0,0.0,0.7935,INSUFFICIENT
EXACT,94f469280059e654,831fd3a04060c7c2,1,1,0,1.0,0.2065,1.0,INSUFFICIENT
EXACT,74338cad5e6dbc8b,147595d71b360f2c,1,1,0,1.0,0.2065,1.0,INSUFFICIENT
EXACT,b43a53d96da0f0b5,fb85400b6df83aa3,1,1,0,1.0,0.2065,1.0,INSUFFICIENT
EXACT,147595d71b360f2c,156485fe400622e4,1,1,0,1.0,0.2065,1.0,INSUFFICIENT
EXACT,884c0683209ead35,6e15dd0f2dd6c299,1,0,1,0.0,0.0,0.7935,INSUFFICIENT
EXACT,ac5c7f212a5dd251,e34dae96b1984485,1,0,1,0.0,0.0,0.7935,INSUFFICIENT
EXACT,dafa1e6efd85150e,b7d26f5c7d715607,1,1,0,1.0,0.2065,1.0,INSUFFICIENT
EXACT,d2b031fb79e19d00,7c0a454617fc9ab4,1,0,1,0.0,0.0,0.7935,INSUFFICIENT
EXACT,d2b031fb79e19d00,910dcaefeb77a2f0,1,0,1,0.0,0.0,0.7935,INSUFFICIENT
EXACT,40fa447486e93faf,87b0ed2ad6405a26,1,0,1,0.0,0.0,0.7935,INSUFFICIENT
EXACT,c9d8794e26a87fa3,7f16d36ae4847ce5,1,0,1,0.0,0.0,0.7935,INSUFFICIENT
EXACT,c9d8794e26a87fa3,8ff1e185fabb8099,1,1,0,1.0,0.2065,1.0,INSUFFICIENT
EXACT,ac5c7f212a5dd251,147595d71b360f2c,1,0,1,0.0,0.0,0.7935,INSUFFICIENT
EXACT,aa2398e69a3549ad,7d3dd55013032486,1,1,0,1.0,0.2065,1.0,INSUFFICIENT
EXACT,c9d8794e26a87fa3,fa99a994b272cc28,1,1,0,1.0,0.2065,1.0,INSUFFICIENT
EXACT,3371c6e0d2105401,46e13a8eb7e183af,1,1,0,1.0,0.2065,1.0,INSUFFICIENT
EXACT,156485fe400622e4,afaa4ac744b28ee5,1,0,1,0.0,0.0,0.7935,INSUFFICIENT
EXACT,fb85400b6df83aa3,875223feb861ca74,1,0,1,0.0,0.0,0.7935,INSUFFICIENT
EXACT,6618cabff34b2735,e34dae96b1984485,1,1,0,1.0,0.2065,1.0,INSUFFICIENT
EXACT,e34dae96b1984485,fd97aba1b0111c21,1,0,1,0.0,0.0,0.7935,INSUFFICIENT
EXACT,831fd3a04060c7c2,74c27650b18b57e3,1,1,0,1.0,0.2065,1.0,INSUFFICIENT
EXACT,147595d71b360f2c,c9d8794e26a87fa3,1,1,0,1.0,0.2065,1.0,INSUFFICIENT
EXACT,bf4fd9046cb2d210,c9d8794e26a87fa3,1,1,0,1.0,0.2065,1.0,INSUFFICIENT
EXACT,e34dae96b1984485,07d37d40a18e4197,1,0,1,0.0,0.0,0.7935,INSUFFICIENT
EXACT,13ea47d998aa99fa,831fd3a04060c7c2,1,1,0,1.0,0.2065,1.0,INSUFFICIENT
EXACT,890af7220ecf499d,bf4fd9046cb2d210,1,0,1,0.0,0.0,0.7935,INSUFFICIENT
EXACT,fb85400b6df83aa3,2da70d7f4cb16df3,1,0,1,0.0,0.0,0.7935,INSUFFICIENT
EXACT,fb85400b6df83aa3,e34dae96b1984485,1,1,0,1.0,0.2065,1.0,INSUFFICIENT
EXACT,0fb452788ceca249,875223feb861ca74,1,1,0,1.0,0.2065,1.0,INSUFFICIENT
EXACT,975a7d1f164387d5,c9d8794e26a87fa3,1,0,1,0.0,0.0,0.7935,INSUFFICIENT
EXACT,9d1dad39ec641aa0,3371c6e0d2105401,1,0,1,0.0,0.0,0.7935,INSUFFICIENT
EXACT,2da70d7f4cb16df3,478924c6d1995606,1,0,1,0.0,0.0,0.7935,INSUFFICIENT
EXACT,c9d8794e26a87fa3,afaa4ac744b28ee5,1,0,1,0.0,0.0,0.7935,INSUFFICIENT
EXACT,910dcaefeb77a2f0,975a7d1f164387d5,1,1,0,1.0,0.2065,1.0,INSUFFICIENT
EXACT,4941578511f48d1e,e3d8207f64216ae8,1,1,0,1.0,0.2065,1.0,INSUFFICIENT
EXACT,7800c70ef460208a,7f16d36ae4847ce5,1,0,1,0.0,0.0,0.7935,INSUFFICIENT
EXACT,16545c60396b882b,831fd3a04060c7c2,1,0,1,0.0,0.0,0.7935,INSUFFICIENT
EXACT,2da70d7f4cb16df3,d9614beda9774552,1,0,1,0.0,0.0,0.7935,INSUFFICIENT
EXACT,bf4fd9046cb2d210,9e430faa7c831500,1,1,0,1.0,0.2065,1.0,INSUFFICIENT
EXACT,2da70d7f4cb16df3,c9d8794e26a87fa3,1,1,0,1.0,0.2065,1.0,INSUFFICIENT
EXACT,0065b4cfff358aba,d2b031fb79e19d00,1,0,1,0.0,0.0,0.7935,INSUFFICIENT
EXACT,0065b4cfff358aba,9a8414bc1605d25a,1,0,1,0.0,0.0,0.7935,INSUFFICIENT
EXACT,6b960e3ec5086fd3,478924c6d1995606,1,0,1,0.0,0.0,0.7935,INSUFFICIENT
EXACT,d2b031fb79e19d00,d9614beda9774552,1,0,1,0.0,0.0,0.7935,INSUFFICIENT
EXACT,910dcaefeb77a2f0,dafa1e6efd85150e,1,0,1,0.0,0.0,0.7935,INSUFFICIENT
EXACT,3371c6e0d2105401,c9d8794e26a87fa3,1,1,0,1.0,0.2065,1.0,INSUFFICIENT
EXACT,3fc2cb03df5b2747,c24bf0ab54319e9f,1,1,0,1.0,0.2065,1.0,INSUFFICIENT
EXACT,e34dae96b1984485,69252ea384766495,1,1,0,1.0,0.2065,1.0,INSUFFICIENT
EXACT,bf4fd9046cb2d210,afaa4ac744b28ee5,1,1,0,1.0,0.2065,1.0,INSUFFICIENT
EXACT,b20e3e96100a11d5,6e15dd0f2dd6c299,1,1,0,1.0,0.2065,1.0,INSUFFICIENT
EXACT,c24bf0ab54319e9f,37f2032236fb6baf,1,0,1,0.0,0.0,0.7935,INSUFFICIENT
EXACT,37f2032236fb6baf,086aae342648ca9e,1,1,0,1.0,0.2065,1.0,INSUFFICIENT
EXACT,fd97aba1b0111c21,69252ea384766495,1,1,0,1.0,0.2065,1.0,INSUFFICIENT
EXACT,b20e3e96100a11d5,0065b4cfff358aba,1,0,1,0.0,0.0,0.7935,INSUFFICIENT
EXACT,6e15dd0f2dd6c299,fb8f0ed22caee7b4,1,1,0,1.0,0.2065,1.0,INSUFFICIENT
EXACT,b20e3e96100a11d5,fd97aba1b0111c21,1,0,1,0.0,0.0,0.7935,INSUFFICIENT
EXACT,20bd60dc632d10b8,c24bf0ab54319e9f,1,0,1,0.0,0.0,0.7935,INSUFFICIENT
EXACT,7d3dd55013032486,6e15dd0f2dd6c299,1,1,0,1.0,0.2065,1.0,INSUFFICIENT
EXACT,8be72bbfa0bafaff,156485fe400622e4,1,1,0,1.0,0.2065,1.0,INSUFFICIENT
EXACT,d9614beda9774552,69252ea384766495,1,0,1,0.0,0.0,0.7935,INSUFFICIENT
EXACT,910dcaefeb77a2f0,e3d8207f64216ae8,1,1,0,1.0,0.2065,1.0,INSUFFICIENT
EXACT,2da70d7f4cb16df3,37f2032236fb6baf,1,0,1,0.0,0.0,0.7935,INSUFFICIENT
EXACT,a3f1d2935659226e,37f2032236fb6baf,1,1,0,1.0,0.2065,1.0,INSUFFICIENT
EXACT,e34dae96b1984485,3371c6e0d2105401,1,1,0,1.0,0.2065,1.0,INSUFFICIENT
EXACT,fb8f0ed22caee7b4,37f2032236fb6baf,1,1,0,1.0,0.2065,1.0,INSUFFICIENT
EXACT,b20e3e96100a11d5,d9614beda9774552,1,1,0,1.0,0.2065,1.0,INSUFFICIENT
EXACT,bf4fd9046cb2d210,e34dae96b1984485,1,0,1,0.0,0.0,0.7935,INSUFFICIENT
EXACT,b20e3e96100a11d5,c24bf0ab54319e9f,1,1,0,1.0,0.2065,1.0,INSUFFICIENT
EXACT,37f2032236fb6baf,9e430faa7c831500,1,1,0,1.0,0.2065,1.0,INSUFFICIENT
EXACT,45e8cc6322697f80,d2e1bedcf0288b4f,1,0,1,0.0,0.0,0.7935,INSUFFICIENT
EXACT,bf4fd9046cb2d210,d9614beda9774552,1,1,0,1.0,0.2065,1.0,INSUFFICIENT
EXACT,4a12527f6d92c9a2,2d0a90fa804b68f1,1,1,0,1.0,0.2065,1.0,INSUFFICIENT
EXACT,c9d8794e26a87fa3,69252ea384766495,1,0,1,0.0,0.0,0.7935,INSUFFICIENT
EXACT,890af7220ecf499d,16eb558bab120cba,1,0,1,0.0,0.0,0.7935,INSUFFICIENT
EXACT,3371c6e0d2105401,147595d71b360f2c,1,0,1,0.0,0.0,0.7935,INSUFFICIENT
EXACT,16eb558bab120cba,37f2032236fb6baf,1,0,1,0.0,0.0,0.7935,INSUFFICIENT
EXACT,910dcaefeb77a2f0,890af7220ecf499d,1,1,0,1.0,0.2065,1.0,INSUFFICIENT
EXACT,16eb558bab120cba,bf4fd9046cb2d210,1,1,0,1.0,0.2065,1.0,INSUFFICIENT
EXACT,424b6ebe66ea61f8,b43a53d96da0f0b5,1,0,1,0.0,0.0,0.7935,INSUFFICIENT
EXACT,3371c6e0d2105401,890af7220ecf499d,1,1,0,1.0,0.2065,1.0,INSUFFICIENT
EXACT,831fd3a04060c7c2,1e1aceae4b6358f6,1,0,1,0.0,0.0,0.7935,INSUFFICIENT
EXACT,8be72bbfa0bafaff,69252ea384766495,1,1,0,1.0,0.2065,1.0,INSUFFICIENT
EXACT,7f6aeb19dceb3577,69252ea384766495,1,1,0,1.0,0.2065,1.0,INSUFFICIENT
EXACT,b20e3e96100a11d5,9d1dad39ec641aa0,1,1,0,1.0,0.2065,1.0,INSUFFICIENT
EXACT,59138a345c6b933a,3371c6e0d2105401,1,1,0,1.0,0.2065,1.0,INSUFFICIENT
EXACT,14db4b34cc8fbbb7,664b36fb6a71c47d,1,0,1,0.0,0.0,0.7935,INSUFFICIENT
EXACT,b20e3e96100a11d5,16eb558bab120cba,1,1,0,1.0,0.2065,1.0,INSUFFICIENT
EXACT,449ba799a24fb205,63cc39b3cfe59c37,1,0,1,0.0,0.0,0.7935,INSUFFICIENT
EXACT,478924c6d1995606,2603936f8d49f47b,1,1,0,1.0,0.2065,1.0,INSUFFICIENT
EXACT,37f2032236fb6baf,8be72bbfa0bafaff,1,0,1,0.0,0.0,0.7935,INSUFFICIENT
EXACT,e34dae96b1984485,8be72bbfa0bafaff,1,1,0,1.0,0.2065,1.0,INSUFFICIENT
EXACT,63cc39b3cfe59c37,14db4b34cc8fbbb7,1,0,1,0.0,0.0,0.7935,INSUFFICIENT
EXACT,0fb452788ceca249,219bb78661ad6ccd,1,1,0,1.0,0.2065,1.0,INSUFFICIENT
EXACT,8907612d396f895a,d2b031fb79e19d00,1,1,0,1.0,0.2065,1.0,INSUFFICIENT
EXACT,fc239cfea35c4828,910dcaefeb77a2f0,1,0,1,0.0,0.0,0.7935,INSUFFICIENT
EXACT,5ef1f4c673271c4f,478924c6d1995606,1,0,1,0.0,0.0,0.7935,INSUFFICIENT
EXACT,9726a91cb9cdbd95,fc239cfea35c4828,1,0,1,0.0,0.0,0.7935,INSUFFICIENT
EXACT,14db4b34cc8fbbb7,19e9a6845fd135a0,1,0,1,0.0,0.0,0.7935,INSUFFICIENT
EXACT,d2e1bedcf0288b4f,5ef1f4c673271c4f,1,1,0,1.0,0.2065,1.0,INSUFFICIENT
EXACT,478924c6d1995606,01f31cfad9010e89,1,1,0,1.0,0.2065,1.0,INSUFFICIENT
EXACT,4c938c6bf506dfd6,219bb78661ad6ccd,1,0,1,0.0,0.0,0.7935,INSUFFICIENT
EXACT,147595d71b360f2c,b43a53d96da0f0b5,1,1,0,1.0,0.2065,1.0,INSUFFICIENT
EXACT,d2e1bedcf0288b4f,6320e3b35bf45d3c,1,1,0,1.0,0.2065,1.0,INSUFFICIENT
EXACT,31075c9e53d1a13d,7f6aeb19dceb3577,1,0,1,0.0,0.0,0.7935,INSUFFICIENT
EXACT,8417597ea8879a72,37e9db4920994509,1,0,1,0.0,0.0,0.7935,INSUFFICIENT
EXACT,910dcaefeb77a2f0,1aab0237a6569b2c,1,1,0,1.0,0.2065,1.0,INSUFFICIENT
EXACT,14db4b34cc8fbbb7,6f8d904a64e7ca25,1,1,0,1.0,0.2065,1.0,INSUFFICIENT
EXACT,16eb558bab120cba,219bb78661ad6ccd,1,0,1,0.0,0.0,0.7935,INSUFFICIENT
EXACT,156485fe400622e4,7f6aeb19dceb3577,1,0,1,0.0,0.0,0.7935,INSUFFICIENT
EXACT,16eb558bab120cba,910dcaefeb77a2f0,1,0,1,0.0,0.0,0.7935,INSUFFICIENT
EXACT,d2e1bedcf0288b4f,147595d71b360f2c,1,1,0,1.0,0.2065,1.0,INSUFFICIENT
EXACT,b20e3e96100a11d5,19e9a6845fd135a0,1,1,0,1.0,0.2065,1.0,INSUFFICIENT
EXACT,5ef1f4c673271c4f,c6970cfeed44b34d,1,0,1,0.0,0.0,0.7935,INSUFFICIENT
EXACT,910dcaefeb77a2f0,fbbd8ac1e662e82c,1,1,0,1.0,0.2065,1.0,INSUFFICIENT
EXACT,3371c6e0d2105401,1e1aceae4b6358f6,1,0,1,0.0,0.0,0.7935,INSUFFICIENT
EXACT,a6449dd6b7ace502,37f2032236fb6baf,1,0,1,0.0,0.0,0.7935,INSUFFICIENT
EXACT,14db4b34cc8fbbb7,69252ea384766495,1,0,1,0.0,0.0,0.7935,INSUFFICIENT
EXACT,fbbd8ac1e662e82c,8907612d396f895a,1,1,0,1.0,0.2065,1.0,INSUFFICIENT
EXACT,8417597ea8879a72,a6449dd6b7ace502,1,0,1,0.0,0.0,0.7935,INSUFFICIENT
EXACT,c6fb751bd0d1b301,711c9c6119886c6e,1,0,1,0.0,0.0,0.7935,INSUFFICIENT
EXACT,7f6aeb19dceb3577,910dcaefeb77a2f0,1,0,1,0.0,0.0,0.7935,INSUFFICIENT
EXACT,219bb78661ad6ccd,449ba799a24fb205,1,1,0,1.0,0.2065,1.0,INSUFFICIENT
EXACT,8417597ea8879a72,fbbd8ac1e662e82c,1,0,1,0.0,0.0,0.7935,INSUFFICIENT
EXACT,69252ea384766495,38fa8a4262f5f9e0,1,1,0,1.0,0.2065,1.0,INSUFFICIENT
EXACT,3371c6e0d2105401,dc00190f2a5ba462,1,0,1,0.0,0.0,0.7935,INSUFFICIENT
EXACT,aa0e3183d195e2d3,37fca0625bdfcba0,1,0,1,0.0,0.0,0.7935,INSUFFICIENT
EXACT,831fd3a04060c7c2,6320e3b35bf45d3c,1,1,0,1.0,0.2065,1.0,INSUFFICIENT
EXACT,d4a88fa6447152fe,b20e3e96100a11d5,1,1,0,1.0,0.2065,1.0,INSUFFICIENT
EXACT,3fc2cb03df5b2747,1e1aceae4b6358f6,1,1,0,1.0,0.2065,1.0,INSUFFICIENT
EXACT,b43a53d96da0f0b5,450b46f82d284492,1,0,1,0.0,0.0,0.7935,INSUFFICIENT
EXACT,c4401e2db5bd7036,37f2032236fb6baf,1,0,1,0.0,0.0,0.7935,INSUFFICIENT
EXACT,f90d43e354d19683,fbbd8ac1e662e82c,1,0,1,0.0,0.0,0.7935,INSUFFICIENT
EXACT,fcac695071c3f3cf,b5d70706436c5264,1,1,0,1.0,0.2065,1.0,INSUFFICIENT
EXACT,8417597ea8879a72,f90d43e354d19683,1,1,0,1.0,0.2065,1.0,INSUFFICIENT
EXACT,37f2032236fb6baf,69252ea384766495,1,1,0,1.0,0.2065,1.0,INSUFFICIENT
EXACT,478924c6d1995606,b5d70706436c5264,1,1,0,1.0,0.2065,1.0,INSUFFICIENT
EXACT,61f90c30a060ef40,0e05ea288ae6e6a6,1,0,1,0.0,0.0,0.7935,INSUFFICIENT
EXACT,d2e1bedcf0288b4f,a1e9ec76aecc4e58,1,0,1,0.0,0.0,0.7935,INSUFFICIENT
EXACT,f90d43e354d19683,8907612d396f895a,1,1,0,1.0,0.2065,1.0,INSUFFICIENT
EXACT,16122d69e068716f,910dcaefeb77a2f0,1,0,1,0.0,0.0,0.7935,INSUFFICIENT
EXACT,d2e1bedcf0288b4f,478924c6d1995606,1,1,0,1.0,0.2065,1.0,INSUFFICIENT
EXACT,d2e1bedcf0288b4f,3fc2cb03df5b2747,1,1,0,1.0,0.2065,1.0,INSUFFICIENT
EXACT,e34dae96b1984485,69b44e61ab6725cf,1,1,0,1.0,0.2065,1.0,INSUFFICIENT
EXACT,61f90c30a060ef40,5ef1f4c673271c4f,1,0,1,0.0,0.0,0.7935,INSUFFICIENT
EXACT,61f90c30a060ef40,13ea47d998aa99fa,1,1,0,1.0,0.2065,1.0,INSUFFICIENT
EXACT,b20e3e96100a11d5,890af7220ecf499d,1,1,0,1.0,0.2065,1.0,INSUFFICIENT
EXACT,3fc2cb03df5b2747,fbbd8ac1e662e82c,1,1,0,1.0,0.2065,1.0,INSUFFICIENT
EXACT,a1e9ec76aecc4e58,3fc2cb03df5b2747,1,1,0,1.0,0.2065,1.0,INSUFFICIENT
EXACT,e06df914d47f033e,3fc2cb03df5b2747,1,0,1,0.0,0.0,0.7935,INSUFFICIENT
EXACT,37fabc1f62f64d07,3371c6e0d2105401,1,1,0,1.0,0.2065,1.0,INSUFFICIENT
EXACT,147595d71b360f2c,478924c6d1995606,1,0,1,0.0,0.0,0.7935,INSUFFICIENT
EXACT,37f2032236fb6baf,f90d43e354d19683,1,0,1,0.0,0.0,0.7935,INSUFFICIENT
EXACT,3fc2cb03df5b2747,61f90c30a060ef40,1,0,1,0.0,0.0,0.7935,INSUFFICIENT
EXACT,b20e3e96100a11d5,cf827fff53a7d57b,1,1,0,1.0,0.2065,1.0,INSUFFICIENT
EXACT,d2e1bedcf0288b4f,495b41c6bf629ba8,1,0,1,0.0,0.0,0.7935,INSUFFICIENT
EXACT,910dcaefeb77a2f0,3371c6e0d2105401,1,0,1,0.0,0.0,0.7935,INSUFFICIENT
EXACT,9a800fb2e1b7d966,495b41c6bf629ba8,1,1,0,1.0,0.2065,1.0,INSUFFICIENT
EXACT,495b41c6bf629ba8,b20e3e96100a11d5,1,0,1,0.0,0.0,0.7935,INSUFFICIENT
EXACT,fbbd8ac1e662e82c,37f2032236fb6baf,1,1,0,1.0,0.2065,1.0,INSUFFICIENT
EXACT,d2e1bedcf0288b4f,cf827fff53a7d57b,1,1,0,1.0,0.2065,1.0,INSUFFICIENT
EXACT,fbbd8ac1e662e82c,d2e1bedcf0288b4f,1,0,1,0.0,0.0,0.7935,INSUFFICIENT
EXACT,b43a53d96da0f0b5,88739802da194717,1,0,1,0.0,0.0,0.7935,INSUFFICIENT
EXACT,bd0509fb088518b1,b20e3e96100a11d5,1,1,0,1.0,0.2065,1.0,INSUFFICIENT
EXACT,bd0509fb088518b1,1e1aceae4b6358f6,1,0,1,0.0,0.0,0.7935,INSUFFICIENT
EXACT,478924c6d1995606,37f2032236fb6baf,1,1,0,1.0,0.2065,1.0,INSUFFICIENT
EXACT,37f2032236fb6baf,d818ad189e127a04,1,0,1,0.0,0.0,0.7935,INSUFFICIENT
EXACT,14db4b34cc8fbbb7,afaa4ac744b28ee5,1,0,1,0.0,0.0,0.7935,INSUFFICIENT
EXACT,147595d71b360f2c,37f2032236fb6baf,1,1,0,1.0,0.2065,1.0,INSUFFICIENT
EXACT,bd0509fb088518b1,46b184ae9968549d,1,0,1,0.0,0.0,0.7935,INSUFFICIENT
EXACT,8907612d396f895a,bd0509fb088518b1,1,1,0,1.0,0.2065,1.0,INSUFFICIENT
EXACT,c6970cfeed44b34d,37f2032236fb6baf,1,1,0,1.0,0.2065,1.0,INSUFFICIENT
EXACT,abf375974152bc4e,b43a53d96da0f0b5,1,1,0,1.0,0.2065,1.0,INSUFFICIENT
EXACT,abf375974152bc4e,3fc2cb03df5b2747,1,1,0,1.0,0.2065,1.0,INSUFFICIENT
EXACT,61f90c30a060ef40,bd0509fb088518b1,1,1,0,1.0,0.2065,1.0,INSUFFICIENT
EXACT,88739802da194717,9a800fb2e1b7d966,1,1,0,1.0,0.2065,1.0,INSUFFICIENT
EXACT,0eb1f4f9633c4cd0,bd0509fb088518b1,1,1,0,1.0,0.2065,1.0,INSUFFICIENT
EXACT,1e1aceae4b6358f6,14db4b34cc8fbbb7,1,1,0,1.0,0.2065,1.0,INSUFFICIENT
EXACT,afaa4ac744b28ee5,f90d43e354d19683,1,1,0,1.0,0.2065,1.0,INSUFFICIENT
EXACT,bd0509fb088518b1,afaa4ac744b28ee5,1,1,0,1.0,0.2065,1.0,INSUFFICIENT
EXACT,910dcaefeb77a2f0,0065b4cfff358aba,1,1,0,1.0,0.2065,1.0,INSUFFICIENT
EXACT,c9d8794e26a87fa3,0eb1f4f9633c4cd0,1,1,0,1.0,0.2065,1.0,INSUFFICIENT
EXACT,0eb1f4f9633c4cd0,219bb78661ad6ccd,1,0,1,0.0,0.0,0.7935,INSUFFICIENT
EXACT,219bb78661ad6ccd,d2e1bedcf0288b4f,1,0,1,0.0,0.0,0.7935,INSUFFICIENT
EXACT,8907612d396f895a,0173ceef418f1aed,1,0,1,0.0,0.0,0.7935,INSUFFICIENT
EXACT,c9d8794e26a87fa3,61f90c30a060ef40,1,0,1,0.0,0.0,0.7935,INSUFFICIENT
EXACT,37f2032236fb6baf,abf375974152bc4e,1,0,1,0.0,0.0,0.7935,INSUFFICIENT
EXACT,e34dae96b1984485,abf375974152bc4e,1,1,0,1.0,0.2065,1.0,INSUFFICIENT
EXACT,b20e3e96100a11d5,ac9855a643a150ea,1,1,0,1.0,0.2065,1.0,INSUFFICIENT
EXACT,afaa4ac744b28ee5,3fc2cb03df5b2747,1,1,0,1.0,0.2065,1.0,INSUFFICIENT
EXACT,b943fd9e7cc70064,0173ceef418f1aed,1,1,0,1.0,0.2065,1.0,INSUFFICIENT
EXACT,30d909f08c1a652e,c9a5452977af0b41,1,0,1,0.0,0.0,0.7935,INSUFFICIENT
EXACT,fcac695071c3f3cf,93554da5c89db39a,1,1,0,1.0,0.2065,1.0,INSUFFICIENT
EXACT,93554da5c89db39a,219bb78661ad6ccd,1,0,1,0.0,0.0,0.7935,INSUFFICIENT
EXACT,478924c6d1995606,1e1aceae4b6358f6,1,0,1,0.0,0.0,0.7935,INSUFFICIENT
EXACT,abf375974152bc4e,478924c6d1995606,1,0,1,0.0,0.0,0.7935,INSUFFICIENT
EXACT,37f2032236fb6baf,afaa4ac744b28ee5,1,1,0,1.0,0.2065,1.0,INSUFFICIENT
EXACT,478924c6d1995606,e34dae96b1984485,1,0,1,0.0,0.0,0.7935,INSUFFICIENT
EXACT,fcac695071c3f3cf,b943fd9e7cc70064,1,0,1,0.0,0.0,0.7935,INSUFFICIENT
EXACT,890af7220ecf499d,afaa4ac744b28ee5,1,0,1,0.0,0.0,0.7935,INSUFFICIENT
EXACT,c9917240e9bd8067,abf375974152bc4e,1,0,1,0.0,0.0,0.7935,INSUFFICIENT
EXACT,dc2ce39b94cbbb38,d19dd275a0b6998b,1,0,1,0.0,0.0,0.7935,INSUFFICIENT
EXACT,e34dae96b1984485,f90d43e354d19683,1,1,0,1.0,0.2065,1.0,INSUFFICIENT
EXACT,14db4b34cc8fbbb7,d19dd275a0b6998b,1,0,1,0.0,0.0,0.7935,INSUFFICIENT
EXACT,fcac695071c3f3cf,a88ac606b2d71a36,1,0,1,0.0,0.0,0.7935,INSUFFICIENT
EXACT,2603936f8d49f47b,797fcd4985090800,1,0,1,0.0,0.0,0.7935,INSUFFICIENT
EXACT,30d909f08c1a652e,dc2ce39b94cbbb38,1,0,1,0.0,0.0,0.7935,INSUFFICIENT
EXACT,d19dd275a0b6998b,e34dae96b1984485,1,0,1,0.0,0.0,0.7935,INSUFFICIENT
EXACT,d19dd275a0b6998b,219bb78661ad6ccd,1,0,1,0.0,0.0,0.7935,INSUFFICIENT
EXACT,3fc2cb03df5b2747,58c4d89cf8edc355,1,0,1,0.0,0.0,0.7935,INSUFFICIENT
EXACT,46b184ae9968549d,61f90c30a060ef40,1,0,1,0.0,0.0,0.7935,INSUFFICIENT
EXACT,dc2ce39b94cbbb38,f5fadf03018935e6,1,1,0,1.0,0.2065,1.0,INSUFFICIENT
EXACT,fcac695071c3f3cf,54454f5d1343798a,1,1,0,1.0,0.2065,1.0,INSUFFICIENT
EXACT,37f2032236fb6baf,2603936f8d49f47b,1,0,1,0.0,0.0,0.7935,INSUFFICIENT
EXACT,58c4d89cf8edc355,63cc39b3cfe59c37,1,0,1,0.0,0.0,0.7935,INSUFFICIENT
EXACT,0fe5bb1f17b6b854,e34dae96b1984485,1,1,0,1.0,0.2065,1.0,INSUFFICIENT
EXACT,d19dd275a0b6998b,61f90c30a060ef40,1,1,0,1.0,0.2065,1.0,INSUFFICIENT
EXACT,6f38a6915ee11a29,61f90c30a060ef40,1,1,0,1.0,0.2065,1.0,INSUFFICIENT
EXACT,61c5f1394e265863,b43a53d96da0f0b5,1,1,0,1.0,0.2065,1.0,INSUFFICIENT
EXACT,b43a53d96da0f0b5,6f38a6915ee11a29,1,1,0,1.0,0.2065,1.0,INSUFFICIENT
EXACT,9043e889671bc0f6,fcac695071c3f3cf,1,1,0,1.0,0.2065,1.0,INSUFFICIENT
EXACT,b20e3e96100a11d5,e9647ebbaa869e6b,1,0,1,0.0,0.0,0.7935,INSUFFICIENT
EXACT,e9647ebbaa869e6b,58c4d89cf8edc355,1,0,1,0.0,0.0,0.7935,INSUFFICIENT
EXACT,b888258643d0b247,b43a53d96da0f0b5,1,0,1,0.0,0.0,0.7935,INSUFFICIENT
EXACT,b20e3e96100a11d5,61c5f1394e265863,1,0,1,0.0,0.0,0.7935,INSUFFICIENT
EXACT,54454f5d1343798a,61f90c30a060ef40,1,0,1,0.0,0.0,0.7935,INSUFFICIENT
EXACT,b43a53d96da0f0b5,9043e889671bc0f6,1,1,0,1.0,0.2065,1.0,INSUFFICIENT
EXACT,14db4b34cc8fbbb7,00932bb6c7f7e12a,1,1,0,1.0,0.2065,1.0,INSUFFICIENT
EXACT,a60edec4f2dfc3e5,2603936f8d49f47b,1,0,1,0.0,0.0,0.7935,INSUFFICIENT
EXACT,00926e891310648e,dc2ce39b94cbbb38,1,0,1,0.0,0.0,0.7935,INSUFFICIENT
EXACT,fcac695071c3f3cf,104f0ed21c6e5b31,1,1,0,1.0,0.2065,1.0,INSUFFICIENT
EXACT,14db4b34cc8fbbb7,e9647ebbaa869e6b,1,0,1,0.0,0.0,0.7935,INSUFFICIENT
EXACT,3fe56fcd5e43bce7,00926e891310648e,1,0,1,0.0,0.0,0.7935,INSUFFICIENT
EXACT,58c4d89cf8edc355,029019fef4a5042d,1,1,0,1.0,0.2065,1.0,INSUFFICIENT
EXACT,3a9221cdc7ce6934,14db4b34cc8fbbb7,1,0,1,0.0,0.0,0.7935,INSUFFICIENT
EXACT,61f90c30a060ef40,4fa2d13d3f52f835,1,0,1,0.0,0.0,0.7935,INSUFFICIENT
EXACT,a2a92c0b83d4b6c5,dc2ce39b94cbbb38,1,1,0,1.0,0.2065,1.0,INSUFFICIENT
EXACT,3a9221cdc7ce6934,fc239cfea35c4828,1,1,0,1.0,0.2065,1.0,INSUFFICIENT
EXACT,fb6d7f5767de6f81,a60edec4f2dfc3e5,1,0,1,0.0,0.0,0.7935,INSUFFICIENT
EXACT,3a9221cdc7ce6934,b43a53d96da0f0b5,1,0,1,0.0,0.0,0.7935,INSUFFICIENT
EXACT,3fe56fcd5e43bce7,a60edec4f2dfc3e5,1,1,0,1.0,0.2065,1.0,INSUFFICIENT
EXACT,e34dae96b1984485,6f38a6915ee11a29,1,1,0,1.0,0.2065,1.0,INSUFFICIENT
EXACT,a2a92c0b83d4b6c5,2dc0367808ff9740,1,1,0,1.0,0.2065,1.0,INSUFFICIENT
EXACT,50f4fed941e7bd61,b43a53d96da0f0b5,1,0,1,0.0,0.0,0.7935,INSUFFICIENT
EXACT,b43a53d96da0f0b5,4fa2d13d3f52f835,1,1,0,1.0,0.2065,1.0,INSUFFICIENT
EXACT,0eb1f4f9633c4cd0,a6449dd6b7ace502,1,1,0,1.0,0.2065,1.0,INSUFFICIENT
EXACT,4511e2f8da72f777,61f90c30a060ef40,1,1,0,1.0,0.2065,1.0,INSUFFICIENT
EXACT,56e7f229dce76854,fcac695071c3f3cf,1,0,1,0.0,0.0,0.7935,INSUFFICIENT
EXACT,4511e2f8da72f777,58c4d89cf8edc355,1,1,0,1.0,0.2065,1.0,INSUFFICIENT
EXACT,fcac695071c3f3cf,6dda26bc0a584b26,1,1,0,1.0,0.2065,1.0,INSUFFICIENT
EXACT,e34dae96b1984485,3a9221cdc7ce6934,1,1,0,1.0,0.2065,1.0,INSUFFICIENT
EXACT,a6449dd6b7ace502,5ef1f4c673271c4f,1,0,1,0.0,0.0,0.7935,INSUFFICIENT
EXACT,b43a53d96da0f0b5,a6449dd6b7ace502,1,1,0,1.0,0.2065,1.0,INSUFFICIENT
EXACT,fb6542fd45093b86,58c4d89cf8edc355,1,1,0,1.0,0.2065,1.0,INSUFFICIENT
EXACT,fc239cfea35c4828,dc2ce39b94cbbb38,1,0,1,0.0,0.0,0.7935,INSUFFICIENT
EXACT,61f90c30a060ef40,fb6d7f5767de6f81,1,1,0,1.0,0.2065,1.0,INSUFFICIENT
EXACT,f8dc4ccd39e98d12,58c4d89cf8edc355,1,1,0,1.0,0.2065,1.0,INSUFFICIENT
EXACT,b43a53d96da0f0b5,fb6d7f5767de6f81,1,1,0,1.0,0.2065,1.0,INSUFFICIENT
EXACT,58c4d89cf8edc355,0eb1f4f9633c4cd0,1,1,0,1.0,0.2065,1.0,INSUFFICIENT
EXACT,8907612d396f895a,b43a53d96da0f0b5,1,0,1,0.0,0.0,0.7935,INSUFFICIENT
EXACT,efd433b04c8c2099,58c4d89cf8edc355,1,1,0,1.0,0.2065,1.0,INSUFFICIENT
EXACT,fb6d7f5767de6f81,58c4d89cf8edc355,1,1,0,1.0,0.2065,1.0,INSUFFICIENT
EXACT,37fabc1f62f64d07,2603936f8d49f47b,1,0,1,0.0,0.0,0.7935,INSUFFICIENT
EXACT,dc2ce39b94cbbb38,6dda26bc0a584b26,1,0,1,0.0,0.0,0.7935,INSUFFICIENT
EXACT,fcac695071c3f3cf,efd433b04c8c2099,1,1,0,1.0,0.2065,1.0,INSUFFICIENT
EXACT,eaf1d2f9fc5cc13b,e34dae96b1984485,1,0,1,0.0,0.0,0.7935,INSUFFICIENT
EXACT,58c4d89cf8edc355,1a6bef5759001c56,1,0,1,0.0,0.0,0.7935,INSUFFICIENT
EXACT,890af7220ecf499d,b43a53d96da0f0b5,1,1,0,1.0,0.2065,1.0,INSUFFICIENT
EXACT,b20e3e96100a11d5,7e52672c91577618,1,1,0,1.0,0.2065,1.0,INSUFFICIENT
EXACT,fb6542fd45093b86,fb6d7f5767de6f81,1,1,0,1.0,0.2065,1.0,INSUFFICIENT
EXACT,2dc0367808ff9740,dc2ce39b94cbbb38,1,0,1,0.0,0.0,0.7935,INSUFFICIENT
EXACT,4511e2f8da72f777,e34dae96b1984485,1,1,0,1.0,0.2065,1.0,INSUFFICIENT
EXACT,890af7220ecf499d,fcac695071c3f3cf,1,0,1,0.0,0.0,0.7935,INSUFFICIENT
EXACT,2603936f8d49f47b,fb6d7f5767de6f81,1,1,0,1.0,0.2065,1.0,INSUFFICIENT
EXACT,13ea47d998aa99fa,abf375974152bc4e,1,1,0,1.0,0.2065,1.0,INSUFFICIENT
EXACT,7e359b4676816133,dc2ce39b94cbbb38,1,0,1,0.0,0.0,0.7935,INSUFFICIENT
EXACT,3c6df30f8a7a9ba8,fcac695071c3f3cf,1,0,1,0.0,0.0,0.7935,INSUFFICIENT
EXACT,efd433b04c8c2099,e34dae96b1984485,1,0,1,0.0,0.0,0.7935,INSUFFICIENT
EXACT,8be72bbfa0bafaff,fcac695071c3f3cf,1,0,1,0.0,0.0,0.7935,INSUFFICIENT
EXACT,dc2ce39b94cbbb38,fb85400b6df83aa3,1,0,1,0.0,0.0,0.7935,INSUFFICIENT
EXACT,fcac695071c3f3cf,888826866a5bccdd,1,0,1,0.0,0.0,0.7935,INSUFFICIENT
EXACT,1a6bef5759001c56,61f90c30a060ef40,1,1,0,1.0,0.2065,1.0,INSUFFICIENT
EXACT,14db4b34cc8fbbb7,bf4fd9046cb2d210,1,1,0,1.0,0.2065,1.0,INSUFFICIENT
EXACT,dc2ce39b94cbbb38,4511e2f8da72f777,1,0,1,0.0,0.0,0.7935,INSUFFICIENT
EXACT,30db1ee024042ec8,219bb78661ad6ccd,1,0,1,0.0,0.0,0.7935,INSUFFICIENT
EXACT,e34dae96b1984485,2603936f8d49f47b,1,0,1,0.0,0.0,0.7935,INSUFFICIENT
EXACT,fc239cfea35c4828,079a59b4e50730a5,1,0,1,0.0,0.0,0.7935,INSUFFICIENT
EXACT,fcac695071c3f3cf,b7308eebc0b485e6,1,0,1,0.0,0.0,0.7935,INSUFFICIENT
EXACT,45ba6b3928b96ea0,e34dae96b1984485,1,0,1,0.0,0.0,0.7935,INSUFFICIENT
EXACT,9dfcab39e3ed21bf,17e0e94afdf4984b,1,0,1,0.0,0.0,0.7935,INSUFFICIENT
EXACT,219bb78661ad6ccd,e34dae96b1984485,1,1,0,1.0,0.2065,1.0,INSUFFICIENT
EXACT,b7308eebc0b485e6,b43a53d96da0f0b5,1,0,1,0.0,0.0,0.7935,INSUFFICIENT
EXACT,b43a53d96da0f0b5,1a6bef5759001c56,1,1,0,1.0,0.2065,1.0,INSUFFICIENT
EXACT,338eafbad291cdbe,b43a53d96da0f0b5,1,1,0,1.0,0.2065,1.0,INSUFFICIENT
EXACT,b78aa05e94236e10,61f90c30a060ef40,1,1,0,1.0,0.2065,1.0,INSUFFICIENT
EXACT,ffb78ce042dc36d9,1e1aceae4b6358f6,1,1,0,1.0,0.2065,1.0,INSUFFICIENT
EXACT,00ac5196e6530f86,17e0e94afdf4984b,1,0,1,0.0,0.0,0.7935,INSUFFICIENT
EXACT,1e1aceae4b6358f6,4d503cd6c360c028,1,1,0,1.0,0.2065,1.0,INSUFFICIENT
EXACT,61f90c30a060ef40,7d60eec45120e5f0,1,1,0,1.0,0.2065,1.0,INSUFFICIENT
EXACT,b034cc9d268c1961,b43a53d96da0f0b5,1,0,1,0.0,0.0,0.7935,INSUFFICIENT
EXACT,dc2ce39b94cbbb38,b034cc9d268c1961,1,0,1,0.0,0.0,0.7935,INSUFFICIENT
EXACT,e34dae96b1984485,4d503cd6c360c028,1,1,0,1.0,0.2065,1.0,INSUFFICIENT
EXACT,fcac695071c3f3cf,2f94e9ff474c39a1,1,0,1,0.0,0.0,0.7935,INSUFFICIENT
EXACT,d47d8a3b679e2d6f,fcac695071c3f3cf,1,0,1,0.0,0.0,0.7935,INSUFFICIENT
EXACT,4d503cd6c360c028,0d18cb26af1f820a,1,0,1,0.0,0.0,0.7935,INSUFFICIENT
EXACT,5ef1f4c673271c4f,0d18cb26af1f820a,1,1,0,1.0,0.2065,1.0,INSUFFICIENT
EXACT,4d503cd6c360c028,b78aa05e94236e10,1,1,0,1.0,0.2065,1.0,INSUFFICIENT
EXACT,058f82abd5449e39,3fe56fcd5e43bce7,1,1,0,1.0,0.2065,1.0,INSUFFICIENT
EXACT,b78aa05e94236e10,058f82abd5449e39,1,1,0,1.0,0.2065,1.0,INSUFFICIENT
EXACT,c7178b65df7faade,b43a53d96da0f0b5,1,0,1,0.0,0.0,0.7935,INSUFFICIENT
EXACT,37fabc1f62f64d07,fcac695071c3f3cf,1,0,1,0.0,0.0,0.7935,INSUFFICIENT
EXACT,d598b9166f5f51ae,dc2ce39b94cbbb38,1,1,0,1.0,0.2065,1.0,INSUFFICIENT
EXACT,37fabc1f62f64d07,4d503cd6c360c028,1,0,1,0.0,0.0,0.7935,INSUFFICIENT
EXACT,3371c6e0d2105401,7d6f431b88be3307,1,0,1,0.0,0.0,0.7935,INSUFFICIENT
EXACT,b43a53d96da0f0b5,671aea4c78b10f87,1,1,0,1.0,0.2065,1.0,INSUFFICIENT
EXACT,07ab87cf5acd3608,5ef1f4c673271c4f,1,1,0,1.0,0.2065,1.0,INSUFFICIENT
EXACT,c4ebaf6e42fc8a2a,b78aa05e94236e10,1,0,1,0.0,0.0,0.7935,INSUFFICIENT
EXACT,d47d8a3b679e2d6f,dc2ce39b94cbbb38,1,0,1,0.0,0.0,0.7935,INSUFFICIENT
EXACT,c5c2d4ee92fd71f5,37f2032236fb6baf,1,0,1,0.0,0.0,0.7935,INSUFFICIENT
EXACT,b78aa05e94236e10,b82361d3db04432f,1,1,0,1.0,0.2065,1.0,INSUFFICIENT
EXACT,c5c2d4ee92fd71f5,07ab87cf5acd3608,1,1,0,1.0,0.2065,1.0,INSUFFICIENT
EXACT,c5c2d4ee92fd71f5,dc2ce39b94cbbb38,1,0,1,0.0,0.0,0.7935,INSUFFICIENT
EXACT,5b0df51eb3e5dafa,7d6f431b88be3307,1,0,1,0.0,0.0,0.7935,INSUFFICIENT
EXACT,fb6d7f5767de6f81,f1b53d2f908f682e,1,0,1,0.0,0.0,0.7935,INSUFFICIENT
EXACT,fb6d7f5767de6f81,74f419fc4f947422,1,1,0,1.0,0.2065,1.0,INSUFFICIENT
EXACT,3fe56fcd5e43bce7,b78aa05e94236e10,1,0,1,0.0,0.0,0.7935,INSUFFICIENT
EXACT,e9bb6661a3de3f80,f1b53d2f908f682e,1,0,1,0.0,0.0,0.7935,INSUFFICIENT
EXACT,4d503cd6c360c028,14db4b34cc8fbbb7,1,1,0,1.0,0.2065,1.0,INSUFFICIENT
EXACT,b78aa05e94236e10,7d6f431b88be3307,1,0,1,0.0,0.0,0.7935,INSUFFICIENT
EXACT,dc2ce39b94cbbb38,5b0df51eb3e5dafa,1,1,0,1.0,0.2065,1.0,INSUFFICIENT
EXACT,dc2ce39b94cbbb38,b5d70706436c5264,1,1,0,1.0,0.2065,1.0,INSUFFICIENT
EXACT,fcac695071c3f3cf,7076f6b88c1d7538,1,0,1,0.0,0.0,0.7935,INSUFFICIENT
EXACT,dc2ce39b94cbbb38,3371c6e0d2105401,1,0,1,0.0,0.0,0.7935,INSUFFICIENT
EXACT,8945c20fc38af9f1,0eb1f4f9633c4cd0,1,1,0,1.0,0.2065,1.0,INSUFFICIENT
EXACT,14db4b34cc8fbbb7,3fe56fcd5e43bce7,1,1,0,1.0,0.2065,1.0,INSUFFICIENT
EXACT,7d6f431b88be3307,3fe56fcd5e43bce7,1,1,0,1.0,0.2065,1.0,INSUFFICIENT
EXACT,766ca153ce8e65d8,dc2ce39b94cbbb38,1,1,0,1.0,0.2065,1.0,INSUFFICIENT
EXACT,ffb78ce042dc36d9,0d18cb26af1f820a,1,1,0,1.0,0.2065,1.0,INSUFFICIENT
EXACT,2b38095c5eca59f6,058f82abd5449e39,1,1,0,1.0,0.2065,1.0,INSUFFICIENT
EXACT,fcac695071c3f3cf,ef078dead3d0980e,1,1,0,1.0,0.2065,1.0,INSUFFICIENT
EXACT,c1bdf4d2201556a3,b78aa05e94236e10,1,0,1,0.0,0.0,0.7935,INSUFFICIENT
EXACT,f1b53d2f908f682e,b82361d3db04432f,1,1,0,1.0,0.2065,1.0,INSUFFICIENT
EXACT,3fe56fcd5e43bce7,05d630ea10f7d16b,1,1,0,1.0,0.2065,1.0,INSUFFICIENT
EXACT,ffb78ce042dc36d9,4d503cd6c360c028,1,0,1,0.0,0.0,0.7935,INSUFFICIENT
EXACT,7d6f431b88be3307,ffb78ce042dc36d9,1,0,1,0.0,0.0,0.7935,INSUFFICIENT
EXACT,dc2ce39b94cbbb38,8ce08ead92022fde,1,0,1,0.0,0.0,0.7935,INSUFFICIENT
EXACT,13ea47d998aa99fa,bc913d2ec5e06497,1,0,1,0.0,0.0,0.7935,INSUFFICIENT
EXACT,f1b53d2f908f682e,13ea47d998aa99fa,1,0,1,0.0,0.0,0.7935,INSUFFICIENT
EXACT,8ce08ead92022fde,d83b61b3461e6f3d,1,0,1,0.0,0.0,0.7935,INSUFFICIENT
EXACT,3371c6e0d2105401,c1bdf4d2201556a3,1,0,1,0.0,0.0,0.7935,INSUFFICIENT
EXACT,11b04dcb725c356f,dc2ce39b94cbbb38,1,0,1,0.0,0.0,0.7935,INSUFFICIENT
EXACT,c4ebaf6e42fc8a2a,c1bdf4d2201556a3,1,0,1,0.0,0.0,0.7935,INSUFFICIENT
EXACT,d83b61b3461e6f3d,e34dae96b1984485,1,1,0,1.0,0.2065,1.0,INSUFFICIENT
EXACT,e34dae96b1984485,d598b9166f5f51ae,1,0,1,0.0,0.0,0.7935,INSUFFICIENT
EXACT,b78aa05e94236e10,19a01ac1cebb1e8b,1,0,1,0.0,0.0,0.7935,INSUFFICIENT
EXACT,b43a53d96da0f0b5,b42b2ee66670b06f,1,1,0,1.0,0.2065,1.0,INSUFFICIENT
EXACT,bc913d2ec5e06497,fcac695071c3f3cf,1,1,0,1.0,0.2065,1.0,INSUFFICIENT
EXACT,dc2ce39b94cbbb38,1d4926b966aa2486,1,1,0,1.0,0.2065,1.0,INSUFFICIENT
EXACT,e34dae96b1984485,8ce08ead92022fde,1,1,0,1.0,0.2065,1.0,INSUFFICIENT
EXACT,17d163ba9b2ec58c,f1b53d2f908f682e,1,0,1,0.0,0.0,0.7935,INSUFFICIENT
EXACT,102b0ac263351177,f1b53d2f908f682e,1,0,1,0.0,0.0,0.7935,INSUFFICIENT
EXACT,bc913d2ec5e06497,b43a53d96da0f0b5,1,0,1,0.0,0.0,0.7935,INSUFFICIENT
EXACT,c1bdf4d2201556a3,fcac695071c3f3cf,1,1,0,1.0,0.2065,1.0,INSUFFICIENT
EXACT,61f90c30a060ef40,89c3e2c479a23d14,1,0,1,0.0,0.0,0.7935,INSUFFICIENT
EXACT,17d163ba9b2ec58c,19a01ac1cebb1e8b,1,0,1,0.0,0.0,0.7935,INSUFFICIENT
EXACT,2655572b2591c7f6,2b38095c5eca59f6,1,1,0,1.0,0.2065,1.0,INSUFFICIENT
EXACT,0d18cb26af1f820a,2b38095c5eca59f6,1,1,0,1.0,0.2065,1.0,INSUFFICIENT
EXACT,e34dae96b1984485,0e8ba7dfa2b3a1b7,1,1,0,1.0,0.2065,1.0,INSUFFICIENT
EXACT,f8261f22b9cd0c48,e34dae96b1984485,1,1,0,1.0,0.2065,1.0,INSUFFICIENT
EXACT,c1bdf4d2201556a3,102b0ac263351177,1,0,1,0.0,0.0,0.7935,INSUFFICIENT
EXACT,d83b61b3461e6f3d,61f90c30a060ef40,1,1,0,1.0,0.2065,1.0,INSUFFICIENT
EXACT,438ae9574c66cf2b,0e8ba7dfa2b3a1b7,1,0,1,0.0,0.0,0.7935,INSUFFICIENT
EXACT,9d6219ef6950f794,c1bdf4d2201556a3,1,1,0,1.0,0.2065,1.0,INSUFFICIENT
EXACT,2b38095c5eca59f6,07ab87cf5acd3608,1,0,1,0.0,0.0,0.7935,INSUFFICIENT
EXACT,0d18cb26af1f820a,4a256a933ac66a7b,1,1,0,1.0,0.2065,1.0,INSUFFICIENT
EXACT,fcac695071c3f3cf,102b0ac263351177,1,1,0,1.0,0.2065,1.0,INSUFFICIENT
EXACT,d5cacb6709e59f7a,de141cdc55266782,1,1,0,1.0,0.2065,1.0,INSUFFICIENT
EXACT,3fe56fcd5e43bce7,c4ebaf6e42fc8a2a,1,0,1,0.0,0.0,0.7935,INSUFFICIENT
EXACT,058f82abd5449e39,a77981dc1b5cc27c,1,0,1,0.0,0.0,0.7935,INSUFFICIENT
EXACT,19a01ac1cebb1e8b,0d18cb26af1f820a,1,1,0,1.0,0.2065,1.0,INSUFFICIENT
EXACT,4c5a6821e863e617,dc2ce39b94cbbb38,1,0,1,0.0,0.0,0.7935,INSUFFICIENT
EXACT,db7e43390449b177,dc2ce39b94cbbb38,1,1,0,1.0,0.2065,1.0,INSUFFICIENT
EXACT,f1b53d2f908f682e,c1bdf4d2201556a3,1,0,1,0.0,0.0,0.7935,INSUFFICIENT
EXACT,d83b61b3461e6f3d,2655572b2591c7f6,1,1,0,1.0,0.2065,1.0,INSUFFICIENT
EXACT,a7d5394d86394bcd,e34dae96b1984485,1,0,1,0.0,0.0,0.7935,INSUFFICIENT
EXACT,19a01ac1cebb1e8b,37f2032236fb6baf,1,1,0,1.0,0.2065,1.0,INSUFFICIENT
EXACT,fcac695071c3f3cf,a77981dc1b5cc27c,1,1,0,1.0,0.2065,1.0,INSUFFICIENT
EXACT,dc2ce39b94cbbb38,b9d645da110e5c06,1,0,1,0.0,0.0,0.7935,INSUFFICIENT
EXACT,102b0ac263351177,19a01ac1cebb1e8b,1,0,1,0.0,0.0,0.7935,INSUFFICIENT
EXACT,37f2032236fb6baf,058f82abd5449e39,1,0,1,0.0,0.0,0.7935,INSUFFICIENT
EXACT,07ab87cf5acd3608,fcac695071c3f3cf,1,0,1,0.0,0.0,0.7935,INSUFFICIENT
EXACT,c1dbf7dfcca53308,dc2ce39b94cbbb38,1,1,0,1.0,0.2065,1.0,INSUFFICIENT
EXACT,f5fadf03018935e6,d83b61b3461e6f3d,1,1,0,1.0,0.2065,1.0,INSUFFICIENT
EXACT,5970215cd0f6968c,c4ebaf6e42fc8a2a,1,0,1,0.0,0.0,0.7935,INSUFFICIENT
EXACT,fcac695071c3f3cf,1f8703b476d6d38a,1,0,1,0.0,0.0,0.7935,INSUFFICIENT
EXACT,95af6e29bfb80f8c,a7d5394d86394bcd,1,1,0,1.0,0.2065,1.0,INSUFFICIENT
EXACT,d83b61b3461e6f3d,b78aa05e94236e10,1,1,0,1.0,0.2065,1.0,INSUFFICIENT
EXACT,a7d5394d86394bcd,fcac695071c3f3cf,1,1,0,1.0,0.2065,1.0,INSUFFICIENT
EXACT,24d2f0bf0cee8dde,058f82abd5449e39,1,0,1,0.0,0.0,0.7935,INSUFFICIENT
EXACT,fcac695071c3f3cf,bb394cfcc536b3c2,1,1,0,1.0,0.2065,1.0,INSUFFICIENT
EXACT,058f82abd5449e39,3ee0afc0c1b58a95,1,1,0,1.0,0.2065,1.0,INSUFFICIENT
EXACT,4a256a933ac66a7b,b43a53d96da0f0b5,1,1,0,1.0,0.2065,1.0,INSUFFICIENT
EXACT,fcac695071c3f3cf,54a3f4c2301cdbd5,1,0,1,0.0,0.0,0.7935,INSUFFICIENT
EXACT,40f1021085a61e0f,2655572b2591c7f6,1,0,1,0.0,0.0,0.7935,INSUFFICIENT
EXACT,5ef1f4c673271c4f,058f82abd5449e39,1,1,0,1.0,0.2065,1.0,INSUFFICIENT
EXACT,da98983292e95622,19a01ac1cebb1e8b,1,0,1,0.0,0.0,0.7935,INSUFFICIENT
EXACT,f1b53d2f908f682e,b0ac2e64118eeabf,1,1,0,1.0,0.2065,1.0,INSUFFICIENT
EXACT,d27ab9465febb3da,3ee0afc0c1b58a95,1,1,0,1.0,0.2065,1.0,INSUFFICIENT
EXACT,5ef1f4c673271c4f,14db4b34cc8fbbb7,1,1,0,1.0,0.2065,1.0,INSUFFICIENT
EXACT,1b63cff39ca1b990,5391bfeaeabddaaa,1,0,1,0.0,0.0,0.7935,INSUFFICIENT
EXACT,f5fadf03018935e6,fcac695071c3f3cf,1,0,1,0.0,0.0,0.7935,INSUFFICIENT
EXACT,95af6e29bfb80f8c,3371c6e0d2105401,1,0,1,0.0,0.0,0.7935,INSUFFICIENT
EXACT,4ae75c6f572cbf5a,fcac695071c3f3cf,1,0,1,0.0,0.0,0.7935,INSUFFICIENT
EXACT,e97ea339c59eb7e9,d83b61b3461e6f3d,1,1,0,1.0,0.2065,1.0,INSUFFICIENT
EXACT,c4ebaf6e42fc8a2a,fb6542fd45093b86,1,0,1,0.0,0.0,0.7935,INSUFFICIENT
EXACT,fcac695071c3f3cf,2759046d45c803ab,1,1,0,1.0,0.2065,1.0,INSUFFICIENT
EXACT,a77981dc1b5cc27c,c1dbf7dfcca53308,1,1,0,1.0,0.2065,1.0,INSUFFICIENT
EXACT,450b46f82d284492,14db4b34cc8fbbb7,1,1,0,1.0,0.2065,1.0,INSUFFICIENT
EXACT,f8261f22b9cd0c48,89c3e2c479a23d14,1,1,0,1.0,0.2065,1.0,INSUFFICIENT
EXACT,14db4b34cc8fbbb7,f59e852fe5450580,1,0,1,0.0,0.0,0.7935,INSUFFICIENT
EXACT,3ee0afc0c1b58a95,eb1222900df9baf0,1,0,1,0.0,0.0,0.7935,INSUFFICIENT
EXACT,1b63cff39ca1b990,b0ac2e64118eeabf,1,1,0,1.0,0.2065,1.0,INSUFFICIENT
EXACT,fcac695071c3f3cf,d562e376a3d71d6b,1,1,0,1.0,0.2065,1.0,INSUFFICIENT
EXACT,061e24144a6ce11a,fcac695071c3f3cf,1,0,1,0.0,0.0,0.7935,INSUFFICIENT
EXACT,2e79a10ee3ba9449,dc2ce39b94cbbb38,1,0,1,0.0,0.0,0.7935,INSUFFICIENT
EXACT,3a7349781963f0b1,2b38095c5eca59f6,1,1,0,1.0,0.2065,1.0,INSUFFICIENT
EXACT,f1b53d2f908f682e,d27ab9465febb3da,1,1,0,1.0,0.2065,1.0,INSUFFICIENT
EXACT,d83b61b3461e6f3d,19a01ac1cebb1e8b,1,1,0,1.0,0.2065,1.0,INSUFFICIENT
EXACT,fcac695071c3f3cf,5dc2661b39f914a2,1,0,1,0.0,0.0,0.7935,INSUFFICIENT
EXACT,fcac695071c3f3cf,6c534f1524e51c74,1,1,0,1.0,0.2065,1.0,INSUFFICIENT
EXACT,22a47c5a1058b921,fcac695071c3f3cf,1,1,0,1.0,0.2065,1.0,INSUFFICIENT
EXACT,e34dae96b1984485,0bf953f8612d58ea,1,0,1,0.0,0.0,0.7935,INSUFFICIENT
EXACT,1d74e3b00be01a64,dc2ce39b94cbbb38,1,0,1,0.0,0.0,0.7935,INSUFFICIENT
EXACT,b43a53d96da0f0b5,6384bf64d82fbece,1,1,0,1.0,0.2065,1.0,INSUFFICIENT
EXACT,b0ac2e64118eeabf,dc2ce39b94cbbb38,1,1,0,1.0,0.2065,1.0,INSUFFICIENT
EXACT,dbfc1ba8fdabeb39,f1b53d2f908f682e,1,0,1,0.0,0.0,0.7935,INSUFFICIENT
EXACT,d27ab9465febb3da,712e7e9d851a570b,1,1,0,1.0,0.2065,1.0,INSUFFICIENT
EXACT,0416c1e6c4217101,fcac695071c3f3cf,1,1,0,1.0,0.2065,1.0,INSUFFICIENT
EXACT,c1bdf4d2201556a3,9e2749ec691d6925,1,0,1,0.0,0.0,0.7935,INSUFFICIENT
EXACT,13ea47d998aa99fa,d11306618e7ece62,1,1,0,1.0,0.2065,1.0,INSUFFICIENT
EXACT,fcac695071c3f3cf,45d76ffee028359f,1,1,0,1.0,0.2065,1.0,INSUFFICIENT
EXACT,d11306618e7ece62,fcac695071c3f3cf,1,0,1,0.0,0.0,0.7935,INSUFFICIENT
EXACT,24d2f0bf0cee8dde,2655572b2591c7f6,1,0,1,0.0,0.0,0.7935,INSUFFICIENT
EXACT,5ef1f4c673271c4f,fa4545d6a064914a,1,1,0,1.0,0.2065,1.0,INSUFFICIENT
EXACT,be1ffbbc6c01f2c1,dc2ce39b94cbbb38,1,1,0,1.0,0.2065,1.0,INSUFFICIENT
EXACT,e4aabd354cc35f91,fcac695071c3f3cf,1,1,0,1.0,0.2065,1.0,INSUFFICIENT
EXACT,fcac695071c3f3cf,0bf953f8612d58ea,1,1,0,1.0,0.2065,1.0,INSUFFICIENT
EXACT,200d57a432545513,b43a53d96da0f0b5,1,1,0,1.0,0.2065,1.0,INSUFFICIENT
EXACT,eb1222900df9baf0,b43a53d96da0f0b5,1,0,1,0.0,0.0,0.7935,INSUFFICIENT
EXACT,dc2ce39b94cbbb38,d11306618e7ece62,1,1,0,1.0,0.2065,1.0,INSUFFICIENT
EXACT,24d2f0bf0cee8dde,f68ccef625779ef7,1,0,1,0.0,0.0,0.7935,INSUFFICIENT
EXACT,2b38095c5eca59f6,712e7e9d851a570b,1,0,1,0.0,0.0,0.7935,INSUFFICIENT
EXACT,eb1222900df9baf0,111d0a87c7071fde,1,0,1,0.0,0.0,0.7935,INSUFFICIENT
EXACT,c1bdf4d2201556a3,eb1222900df9baf0,1,0,1,0.0,0.0,0.7935,INSUFFICIENT
EXACT,2655572b2591c7f6,058f82abd5449e39,1,0,1,0.0,0.0,0.7935,INSUFFICIENT
EXACT,712e7e9d851a570b,5ef1f4c673271c4f,1,1,0,1.0,0.2065,1.0,INSUFFICIENT
EXACT,111d0a87c7071fde,f59e852fe5450580,1,1,0,1.0,0.2065,1.0,INSUFFICIENT
EXACT,45d76ffee028359f,d27ab9465febb3da,1,1,0,1.0,0.2065,1.0,INSUFFICIENT
EXACT,fb6542fd45093b86,45d76ffee028359f,1,1,0,1.0,0.2065,1.0,INSUFFICIENT
EXACT,706f433a5ad22f75,dc2ce39b94cbbb38,1,0,1,0.0,0.0,0.7935,INSUFFICIENT
EXACT,b1513b47b94933fa,db6f0378eb8b85ba,1,1,0,1.0,0.2065,1.0,INSUFFICIENT
EXACT,13ea47d998aa99fa,2655572b2591c7f6,1,0,1,0.0,0.0,0.7935,INSUFFICIENT
EXACT,dc2ce39b94cbbb38,d5466d070c71fde7,1,1,0,1.0,0.2065,1.0,INSUFFICIENT
EXACT,2e52301ff6911308,fcac695071c3f3cf,1,0,1,0.0,0.0,0.7935,INSUFFICIENT
EXACT,2e79a10ee3ba9449,fb6542fd45093b86,1,0,1,0.0,0.0,0.7935,INSUFFICIENT
EXACT,e4af24fa5d0d619b,eb1222900df9baf0,1,0,1,0.0,0.0,0.7935,INSUFFICIENT
EXACT,73b0ed38b2c7f5ea,2b38095c5eca59f6,1,1,0,1.0,0.2065,1.0,INSUFFICIENT
EXACT,cda996a02f18641b,f1b53d2f908f682e,1,0,1,0.0,0.0,0.7935,INSUFFICIENT
EXACT,fcac695071c3f3cf,831fd3a04060c7c2,1,0,1,0.0,0.0,0.7935,INSUFFICIENT
EXACT,d27ab9465febb3da,b20e3e96100a11d5,1,0,1,0.0,0.0,0.7935,INSUFFICIENT
EXACT,0069e1f158b8f95c,dc2ce39b94cbbb38,1,0,1,0.0,0.0,0.7935,INSUFFICIENT
EXACT,b43a53d96da0f0b5,59c1b32644e6d6e9,1,0,1,0.0,0.0,0.7935,INSUFFICIENT
EXACT,d9022add08284118,f68ccef625779ef7,1,0,1,0.0,0.0,0.7935,INSUFFICIENT
EXACT,cc30dfc61693132d,dc2ce39b94cbbb38,1,1,0,1.0,0.2065,1.0,INSUFFICIENT
EXACT,cc30dfc61693132d,d83b61b3461e6f3d,1,1,0,1.0,0.2065,1.0,INSUFFICIENT
EXACT,d253f23f46f8b4ba,eb1222900df9baf0,1,1,0,1.0,0.2065,1.0,INSUFFICIENT
EXACT,d11306618e7ece62,b43a53d96da0f0b5,1,1,0,1.0,0.2065,1.0,INSUFFICIENT
EXACT,c7bb3c9d30cf02de,5ef1f4c673271c4f,1,1,0,1.0,0.2065,1.0,INSUFFICIENT
EXACT,24d2f0bf0cee8dde,b8e2515051817ff7,1,1,0,1.0,0.2065,1.0,INSUFFICIENT
EXACT,f1b53d2f908f682e,9e2749ec691d6925,1,1,0,1.0,0.2065,1.0,INSUFFICIENT
EXACT,587e178e82ddbea5,f59e852fe5450580,1,0,1,0.0,0.0,0.7935,INSUFFICIENT
EXACT,7d6f431b88be3307,20627125ffab9207,1,1,0,1.0,0.2065,1.0,INSUFFICIENT
EXACT,d7849c79633b5627,fcac695071c3f3cf,1,1,0,1.0,0.2065,1.0,INSUFFICIENT
EXACT,89c3e2c479a23d14,be1ffbbc6c01f2c1,1,1,0,1.0,0.2065,1.0,INSUFFICIENT
EXACT,111d0a87c7071fde,f68ccef625779ef7,1,0,1,0.0,0.0,0.7935,INSUFFICIENT
EXACT,fb6542fd45093b86,637a70372eb9874c,1,1,0,1.0,0.2065,1.0,INSUFFICIENT
EXACT,587e178e82ddbea5,dc2ce39b94cbbb38,1,1,0,1.0,0.2065,1.0,INSUFFICIENT
EXACT,dc2ce39b94cbbb38,840698aa5f175aeb,1,1,0,1.0,0.2065,1.0,INSUFFICIENT
EXACT,cad0e42d5a0a29dd,fcac695071c3f3cf,1,0,1,0.0,0.0,0.7935,INSUFFICIENT
EXACT,b8e2515051817ff7,fb6542fd45093b86,1,1,0,1.0,0.2065,1.0,INSUFFICIENT
EXACT,712e7e9d851a570b,f59e852fe5450580,1,1,0,1.0,0.2065,1.0,INSUFFICIENT
EXACT,e9647ebbaa869e6b,058f82abd5449e39,1,0,1,0.0,0.0,0.7935,INSUFFICIENT
EXACT,e986f2371864e201,058f82abd5449e39,1,0,1,0.0,0.0,0.7935,INSUFFICIENT
EXACT,058f82abd5449e39,a6449dd6b7ace502,1,0,1,0.0,0.0,0.7935,INSUFFICIENT
EXACT,b43a53d96da0f0b5,cc84b1b9f1e05949,1,0,1,0.0,0.0,0.7935,INSUFFICIENT
EXACT,fcac695071c3f3cf,e359a7f47a4cb94a,1,1,0,1.0,0.2065,1.0,INSUFFICIENT
EXACT,f68ccef625779ef7,19a01ac1cebb1e8b,1,0,1,0.0,0.0,0.7935,INSUFFICIENT
EXACT,e4af24fa5d0d619b,19a01ac1cebb1e8b,1,0,1,0.0,0.0,0.7935,INSUFFICIENT
EXACT,5386aba595f8d879,8646527a9765ecf5,1,0,1,0.0,0.0,0.7935,INSUFFICIENT
EXACT,e34dae96b1984485,fb6542fd45093b86,1,1,0,1.0,0.2065,1.0,INSUFFICIENT
EXACT,61f90c30a060ef40,70645f1ff74e9b48,1,1,0,1.0,0.2065,1.0,INSUFFICIENT
EXACT,f1b53d2f908f682e,71056fd1f7a89b2a,1,1,0,1.0,0.2065,1.0,INSUFFICIENT
EXACT,7465611391547243,f68ccef625779ef7,1,1,0,1.0,0.2065,1.0,INSUFFICIENT
EXACT,eb1222900df9baf0,057fd0ffbc716756,1,1,0,1.0,0.2065,1.0,INSUFFICIENT
EXACT,eb1222900df9baf0,f68ccef625779ef7,1,0,1,0.0,0.0,0.7935,INSUFFICIENT
EXACT,058f82abd5449e39,7465611391547243,1,1,0,1.0,0.2065,1.0,INSUFFICIENT
EXACT,e359a7f47a4cb94a,fb6542fd45093b86,1,0,1,0.0,0.0,0.7935,INSUFFICIENT
EXACT,6549b75f119a0b62,ecf06b29e2a9ff12,1,0,1,0.0,0.0,0.7935,INSUFFICIENT
EXACT,b1513b47b94933fa,cda996a02f18641b,1,1,0,1.0,0.2065,1.0,INSUFFICIENT
EXACT,dc2ce39b94cbbb38,dbd9c475e049b908,1,1,0,1.0,0.2065,1.0,INSUFFICIENT
EXACT,cd20dc40ab299bd9,fcac695071c3f3cf,1,0,1,0.0,0.0,0.7935,INSUFFICIENT
EXACT,cd20dc40ab299bd9,dc2ce39b94cbbb38,1,1,0,1.0,0.2065,1.0,INSUFFICIENT
EXACT,fcac695071c3f3cf,6d3e4f8dfdc7aeaf,1,0,1,0.0,0.0,0.7935,INSUFFICIENT
EXACT,e9647ebbaa869e6b,fb6542fd45093b86,1,1,0,1.0,0.2065,1.0,INSUFFICIENT
EXACT,e9647ebbaa869e6b,057fd0ffbc716756,1,0,1,0.0,0.0,0.7935,INSUFFICIENT
EXACT,51b56fb88dab93cf,13ea47d998aa99fa,1,0,1,0.0,0.0,0.7935,INSUFFICIENT
EXACT,b1513b47b94933fa,14db4b34cc8fbbb7,1,0,1,0.0,0.0,0.7935,INSUFFICIENT
EXACT,2b38095c5eca59f6,f68ccef625779ef7,1,0,1,0.0,0.0,0.7935,INSUFFICIENT
EXACT,8be72bbfa0bafaff,2655572b2591c7f6,1,0,1,0.0,0.0,0.7935,INSUFFICIENT
EXACT,19a01ac1cebb1e8b,3c623d17a29ea8c0,1,0,1,0.0,0.0,0.7935,INSUFFICIENT
EXACT,fcac695071c3f3cf,393e490e6960de29,1,0,1,0.0,0.0,0.7935,INSUFFICIENT
EXACT,587e178e82ddbea5,e986f2371864e201,1,0,1,0.0,0.0,0.7935,INSUFFICIENT
EXACT,dc2ce39b94cbbb38,057fd0ffbc716756,1,1,0,1.0,0.2065,1.0,INSUFFICIENT
EXACT,587e178e82ddbea5,42c823200429ac49,1,0,1,0.0,0.0,0.7935,INSUFFICIENT
EXACT,fcac695071c3f3cf,452f97ef2f4d3154,1,1,0,1.0,0.2065,1.0,INSUFFICIENT
EXACT,f68ccef625779ef7,fb6542fd45093b86,1,0,1,0.0,0.0,0.7935,INSUFFICIENT
EXACT,dafa1e6efd85150e,dc2ce39b94cbbb38,1,1,0,1.0,0.2065,1.0,INSUFFICIENT
EXACT,afdee5230b0c5b97,e34dae96b1984485,1,1,0,1.0,0.2065,1.0,INSUFFICIENT
EXACT,1d1ce49f8102bb10,dc2ce39b94cbbb38,1,1,0,1.0,0.2065,1.0,INSUFFICIENT
EXACT,eb1222900df9baf0,9dfcab39e3ed21bf,1,1,0,1.0,0.2065,1.0,INSUFFICIENT
EXACT,3ee0afc0c1b58a95,fb6542fd45093b86,1,1,0,1.0,0.2065,1.0,INSUFFICIENT
EXACT,b43a53d96da0f0b5,3f1f09c8f684f280,1,1,0,1.0,0.2065,1.0,INSUFFICIENT
EXACT,058f82abd5449e39,9dfcab39e3ed21bf,1,1,0,1.0,0.2065,1.0,INSUFFICIENT
EXACT,dc2ce39b94cbbb38,54a81ccb36ebe329,1,0,1,0.0,0.0,0.7935,INSUFFICIENT
EXACT,c2b584b6ca73cc31,dc2ce39b94cbbb38,1,1,0,1.0,0.2065,1.0,INSUFFICIENT
EXACT,058f82abd5449e39,a6441a73d162c977,1,0,1,0.0,0.0,0.7935,INSUFFICIENT
EXACT,47e257e33ef5f5a6,7465611391547243,1,0,1,0.0,0.0,0.7935,INSUFFICIENT
EXACT,393e490e6960de29,c2b584b6ca73cc31,1,1,0,1.0,0.2065,1.0,INSUFFICIENT
EXACT,712e7e9d851a570b,fcac695071c3f3cf,1,0,1,0.0,0.0,0.7935,INSUFFICIENT
EXACT,2655572b2591c7f6,e9647ebbaa869e6b,1,0,1,0.0,0.0,0.7935,INSUFFICIENT
EXACT,fb6542fd45093b86,ff6eff37c766e3c7,1,1,0,1.0,0.2065,1.0,INSUFFICIENT
EXACT,393e490e6960de29,e9647ebbaa869e6b,1,0,1,0.0,0.0,0.7935,INSUFFICIENT
EXACT,fcac695071c3f3cf,c2b584b6ca73cc31,1,0,1,0.0,0.0,0.7935,INSUFFICIENT
EXACT,6549b75f119a0b62,fcac695071c3f3cf,1,1,0,1.0,0.2065,1.0,INSUFFICIENT
EXACT,e9647ebbaa869e6b,9dfcab39e3ed21bf,1,0,1,0.0,0.0,0.7935,INSUFFICIENT
EXACT,5391bfeaeabddaaa,dc2ce39b94cbbb38,1,1,0,1.0,0.2065,1.0,INSUFFICIENT
EXACT,058f82abd5449e39,c2b584b6ca73cc31,1,0,1,0.0,0.0,0.7935,INSUFFICIENT
EXACT,dbd9c475e049b908,712e7e9d851a570b,1,1,0,1.0,0.2065,1.0,INSUFFICIENT
