game_index,decision_index,elapsed_ms,eligible,search_begin_ok,visits
0,0,0.5946,0,0,0
0,1,1.8578,0,0,0
0,2,704.2840,1,1,92
0,3,0.7993,0,0,0
0,4,1.0964,0,0,0
0,5,703.9972,1,1,84
0,6,707.1771,1,1,71
1,0,0.2034,0,0,0
1,1,0.8806,0,0,0
1,2,706.7905,1,1,103
1,3,1.2257,0,0,0
1,4,701.5521,1,1,149
1,5,1.1308,0,0,0
1,6,704.0132,1,1,147
1,7,702.6353,1,1,169
1,8,1.0895,0,0,0
1,9,701.3702,1,1,151
1,10,710.1457,1,1,71
1,11,708.7534,1,1,78
1,12,707.8706,1,1,59
1,13,1.4073,0,0,0
1,14,703.0336,1,1,57
1,15,708.2858,1,1,61
1,16,709.4541,1,1,61
1,17,1.2239,0,0,0
1,18,702.8003,1,1,60
1,19,1.1510,0,0,0
1,20,712.2266,1,1,60
1,21,712.0633,1,1,53
1,22,1.4477,0,0,0
1,23,1.1293,0,0,0
1,24,713.6757,1,1,54
1,25,1.6250,0,0,0
1,26,1.2634,0,0,0
1,27,1.5490,0,0,0
1,28,710.1969,1,1,51
1,29,2.0048,0,0,0
1,30,711.1431,1,1,73
1,31,702.3183,1,1,73
1,32,1.3441,0,0,0
1,33,0.9719,0,0,0
1,34,1.0117,0,0,0
1,35,0.9809,0,0,0
1,36,1.1452,0,0,0
1,37,0.9139,0,0,0
1,38,1.4117,0,0,0
1,39,705.3076,1,1,168
1,40,1.1543,0,0,0
1,41,705.0620,1,1,174
1,42,701.4754,1,1,167
1,43,704.6722,1,1,175
1,44,1.1177,0,0,0
1,45,702.9454,1,1,198
1,46,701.4264,1,1,205
2,0,0.1891,0,0,0
2,1,0.8123,0,0,0
2,2,0.6874,0,0,0
2,3,703.6582,1,1,74
2,4,0.7392,0,0,0
2,5,1.4723,0,0,0
2,6,703.6548,1,1,84
2,7,708.0481,1,1,83
2,8,1.1529,0,0,0
2,9,704.3935,1,1,94
2,10,705.1145,1,1,88
2,11,706.5369,1,1,87
2,12,708.1015,1,1,68
2,13,711.3671,1,1,70
2,14,705.2797,1,1,69
2,15,0.8417,0,0,0
2,16,703.3074,1,1,64
2,17,702.7862,1,1,65
2,18,0.9171,0,0,0
2,19,710.8994,1,1,65
2,20,703.0241,1,1,70
2,21,701.6673,1,1,70
2,22,0.9715,0,0,0
2,23,705.8903,1,1,55
2,24,707.8004,1,1,69
2,25,708.8348,1,1,75
2,26,705.7743,1,1,67
2,27,0.9462,0,0,0
2,28,705.7207,1,1,74
2,29,1.0904,0,0,0
2,30,1.1619,0,0,0
2,31,0.8909,0,0,0
2,32,1.1142,0,0,0
2,33,1.0109,0,0,0
2,34,1.0213,0,0,0
2,35,1.2863,0,0,0
2,36,0.9017,0,0,0
2,37,704.6657,1,1,107
2,38,704.5568,1,1,112
2,39,1.2870,0,0,0
2,40,725.3633,1,1,104
2,41,706.8417,1,1,117
2,42,1.1966,0,0,0
2,43,1.2679,0,0,0
2,44,701.8558,1,1,122
2,45,1.2538,0,0,0
2,46,702.0563,1,1,110
2,47,704.9518,1,1,123
2,48,701.3843,1,1,122
2,49,1.4285,0,0,0
2,50,704.7582,1,1,125
2,51,1.1462,0,0,0
2,52,1.0139,0,0,0
2,53,1.0257,0,0,0
2,54,0.8640,0,0,0
2,55,0.8480,0,0,0
2,56,0.9755,0,0,0
2,57,1.3003,0,0,0
2,58,0.8360,0,0,0
2,59,703.6770,1,1,479
2,60,1.3045,0,0,0
2,61,701.6134,1,1,699
2,62,701.9693,1,1,974
2,63,1.3933,0,0,0
2,64,701.6685,1,1,1581
2,65,702.5251,1,1,784
2,66,1.0414,0,0,0
3,0,0.2465,0,0,0
3,1,1.2190,0,0,0
3,2,1.3272,0,0,0
3,3,705.3763,1,1,80
3,4,1.2426,0,0,0
3,5,702.3517,1,1,114
3,6,702.0680,1,1,113
3,7,702.3608,1,1,104
3,8,0.9762,0,0,0
3,9,1.1366,0,0,0
3,10,701.9684,1,1,127
3,11,702.2115,1,1,126
3,12,705.5554,1,1,114
3,13,0.6810,0,0,0
3,14,0.6550,0,0,0
3,15,706.5827,1,1,69
3,16,711.6268,1,1,69
3,17,701.7508,1,1,72
3,18,703.3405,1,1,62
3,19,1.7423,0,0,0
3,20,705.9472,1,1,61
3,21,1.1998,0,0,0
3,22,0.8874,0,0,0
3,23,709.9788,1,1,60
3,24,1.0929,0,0,0
3,25,712.8152,1,1,60
3,26,706.3574,1,1,60
3,27,707.2592,1,1,60
3,28,702.0065,1,1,55
3,29,1.2489,0,0,0
3,30,1.2305,0,0,0
3,31,705.7992,1,1,50
3,32,1.0145,0,0,0
3,33,703.4172,1,1,50
3,34,1.1336,0,0,0
3,35,706.9505,1,1,49
3,36,704.9383,1,1,46
3,37,712.8032,1,1,48
3,38,1.5422,0,0,0
3,39,710.3517,1,1,48
3,40,714.2098,1,1,49
3,41,704.8964,1,1,48
3,42,703.8273,1,1,48
3,43,2.1145,0,0,0
3,44,705.0694,1,1,50
3,45,713.2632,1,1,49
3,46,1.4612,0,0,0
3,47,713.2336,1,1,48
3,48,702.0545,1,1,47
3,49,1.5639,0,0,0
3,50,707.0674,1,1,47
3,51,1.5698,0,0,0
3,52,716.8016,1,1,48
3,53,1.6399,0,0,0
3,54,708.8411,1,1,54
3,55,707.4746,1,1,51
3,56,1.3328,0,0,0
3,57,704.4342,1,1,53
3,58,701.9549,1,1,59
3,59,705.4079,1,1,66
3,60,1.5781,0,0,0
3,61,703.7269,1,1,66
4,0,0.2332,0,0,0
4,1,0.7111,0,0,0
4,2,704.0205,1,1,85
4,3,703.9953,1,1,84
4,4,1.1252,0,0,0
4,5,706.4639,1,1,106
4,6,706.1063,1,1,83
4,7,704.1059,1,1,74
4,8,703.6800,1,1,70
4,9,1.3712,0,0,0
4,10,705.7849,1,1,70
4,11,1.1667,0,0,0
4,12,705.6822,1,1,71
4,13,705.4812,1,1,70
4,14,703.9154,1,1,71
4,15,0.9339,0,0,0
4,16,703.2329,1,1,69
4,17,1.0183,0,0,0
4,18,706.5095,1,1,70
4,19,705.6070,1,1,70
4,20,0.9478,0,0,0
4,21,705.1841,1,1,69
4,22,703.8236,1,1,69
4,23,706.3486,1,1,68
4,24,709.5561,1,1,68
4,25,710.5734,1,1,69
4,26,1.1571,0,0,0
4,27,704.2961,1,1,68
4,28,1.2659,0,0,0
4,29,1.3148,0,0,0
4,30,710.0956,1,1,73
4,31,0.9878,0,0,0
4,32,1.0261,0,0,0
4,33,711.7303,1,1,79
4,34,1.3215,0,0,0
4,35,704.9103,1,1,76
4,36,703.7969,1,1,82
4,37,702.2002,1,1,143
4,38,707.2911,1,1,72
4,39,706.3611,1,1,71
4,40,702.8865,1,1,72
4,41,1.1509,0,0,0
4,42,706.9968,1,1,83
4,43,703.0691,1,1,76
4,44,1.0450,0,0,0
5,0,0.2336,0,0,0
5,1,0.7712,0,0,0
5,2,0.8208,0,0,0
5,3,701.6385,1,1,97
5,4,707.9735,1,1,90
5,5,1.0718,0,0,0
5,6,1.1713,0,0,0
5,7,708.0552,1,1,91
5,8,705.6764,1,1,92
5,9,702.9421,1,1,94
5,10,706.2138,1,1,76
5,11,709.3513,1,1,77
5,12,708.4466,1,1,76
5,13,704.1416,1,1,76
5,14,0.7724,0,0,0
5,15,0.7505,0,0,0
5,16,705.3796,1,1,76
5,17,705.7569,1,1,76
5,18,1.0633,0,0,0
5,19,701.4177,1,1,75
5,20,1.7845,0,0,0
5,21,702.7422,1,1,66
5,22,706.5297,1,1,66
5,23,1.0709,0,0,0
5,24,0.8971,0,0,0
5,25,709.0340,1,1,64
5,26,1.0537,0,0,0
5,27,710.3243,1,1,66
5,28,701.6234,1,1,65
5,29,1.4903,0,0,0
5,30,709.1580,1,1,66
5,31,710.0890,1,1,62
5,32,1.3791,0,0,0
5,33,1.3599,0,0,0
5,34,701.9578,1,1,63
5,35,704.8977,1,1,62
5,36,704.6837,1,1,61
5,37,1.2991,0,0,0
5,38,1.3130,0,0,0
5,39,705.1390,1,1,67
5,40,1.4838,0,0,0
5,41,703.0895,1,1,70
5,42,1.3796,0,0,0
5,43,708.4371,1,1,114
5,44,701.6907,1,1,105
5,45,704.0427,1,1,114
5,46,1.5780,0,0,0
5,47,703.2606,1,1,133
5,48,708.1869,1,1,116
5,49,1.2971,0,0,0
5,50,1.5821,0,0,0
5,51,701.8128,1,1,167
5,52,1.2199,0,0,0
5,53,702.7813,1,1,190
5,54,703.0327,1,1,179
5,55,1.2929,0,0,0
5,56,1.1186,0,0,0
5,57,1.0379,0,0,0
6,0,0.2393,0,0,0
6,1,1.4632,0,0,0
6,2,0.9510,0,0,0
6,3,703.8608,1,1,82
6,4,0.7351,0,0,0
6,5,1.3671,0,0,0
6,6,709.4939,1,1,149
6,7,701.7359,1,1,169
6,8,0.7232,0,0,0
6,9,702.9301,1,1,167
6,10,1.1278,0,0,0
6,11,704.0402,1,1,223
6,12,1.2264,0,0,0
6,13,703.6527,1,1,95
6,14,701.6599,1,1,99
6,15,0.9636,0,0,0
6,16,704.0495,1,1,103
6,17,1.2225,0,0,0
6,18,1.3529,0,0,0
6,19,0.9935,0,0,0
6,20,702.1046,1,1,119
6,21,704.1743,1,1,116
6,22,1.2393,0,0,0
6,23,703.2187,1,1,77
6,24,707.4228,1,1,77
6,25,0.9805,0,0,0
6,26,701.3714,1,1,78
6,27,1.0198,0,0,0
6,28,1.2015,0,0,0
6,29,1.0781,0,0,0
6,30,0.8533,0,0,0
6,31,0.9456,0,0,0
6,32,0.8817,0,0,0
6,33,0.8050,0,0,0
6,34,706.7015,1,1,84
6,35,703.6275,1,1,99
6,36,1.0601,0,0,0
6,37,1.4248,0,0,0
6,38,703.3499,1,1,110
6,39,706.9197,1,1,112
6,40,706.2820,1,1,117
6,41,1.3026,0,0,0
6,42,0.9421,0,0,0
6,43,0.8927,0,0,0
6,44,0.9308,0,0,0
6,45,1.0306,0,0,0
6,46,0.8590,0,0,0
6,47,0.9255,0,0,0
7,0,0.2313,0,0,0
7,1,0.7352,0,0,0
7,2,709.4852,1,1,114
7,3,703.0653,1,1,84
7,4,704.9140,1,1,79
7,5,708.2477,1,1,75
7,6,702.6171,1,1,66
7,7,704.7495,1,1,68
7,8,705.2162,1,1,67
7,9,1.4394,0,0,0
7,10,1.1051,0,0,0
7,11,1.0401,0,0,0
7,12,711.0252,1,1,66
7,13,706.4642,1,1,68
7,14,705.8080,1,1,67
7,15,709.0160,1,1,68
7,16,708.0560,1,1,68
7,17,1.1119,0,0,0
7,18,0.8842,0,0,0
7,19,703.0580,1,1,66
7,20,707.9470,1,1,66
7,21,706.0056,1,1,66
7,22,708.8522,1,1,66
7,23,1.1787,0,0,0
7,24,707.3883,1,1,64
7,25,710.0005,1,1,63
7,26,708.0564,1,1,63
7,27,704.7082,1,1,61
7,28,702.1559,1,1,62
7,29,703.4497,1,1,62
7,30,1.2584,0,0,0
7,31,1.2024,0,0,0
7,32,707.4816,1,1,63
7,33,1.0808,0,0,0
7,34,712.0540,1,1,63
7,35,1.0473,0,0,0
7,36,705.0147,1,1,59
7,37,1.5015,0,0,0
7,38,712.7490,1,1,62
7,39,707.2226,1,1,60
7,40,1.0628,0,0,0
7,41,710.9740,1,1,57
7,42,706.5116,1,1,62
7,43,710.0204,1,1,63
7,44,708.5730,1,1,63
7,45,706.0454,1,1,63
7,46,1.0741,0,0,0
7,47,702.4692,1,1,63
7,48,704.0337,1,1,63
7,49,1.1435,0,0,0
7,50,1.0702,0,0,0
7,51,1.3626,0,0,0
7,52,1.2628,0,0,0
7,53,1.1477,0,0,0
7,54,1.0319,0,0,0
7,55,1.1241,0,0,0
7,56,705.0101,1,1,99
7,57,1.3257,0,0,0
7,58,1.2183,0,0,0
7,59,701.6897,1,1,155
7,60,706.7126,1,1,159
7,61,1.1816,0,0,0
7,62,703.6335,1,1,168
7,63,703.3255,1,1,172
7,64,1.3038,0,0,0
7,65,706.1643,1,1,132
7,66,1.2521,0,0,0
7,67,1.3736,0,0,0
7,68,703.1552,1,1,136
7,69,1.3981,0,0,0
7,70,702.2074,1,1,132
7,71,702.2926,1,1,191
7,72,705.0102,1,1,198
7,73,703.8010,1,1,193
7,74,1.3969,0,0,0
7,75,1.4020,0,0,0
7,76,1.5074,0,0,0
7,77,1.1845,0,0,0
7,78,1.0829,0,0,0
7,79,1.4157,0,0,0
7,80,1.2621,0,0,0
7,81,1.1039,0,0,0
8,0,0.2124,0,0,0
8,1,1.1600,0,0,0
8,2,0.6127,0,0,0
8,3,707.4307,1,1,91
8,4,704.3270,1,1,98
8,5,705.5174,1,1,59
8,6,708.7554,1,1,62
8,7,710.4569,1,1,72
8,8,707.4169,1,1,69
8,9,703.7196,1,1,70
8,10,703.3948,1,1,71
8,11,1.2351,0,0,0
8,12,1.2857,0,0,0
8,13,1.0292,0,0,0
8,14,705.6675,1,1,72
8,15,1.5789,0,0,0
8,16,702.3529,1,1,62
8,17,704.6713,1,1,59
8,18,708.9461,1,1,56
8,19,703.6030,1,1,55
8,20,709.7486,1,1,54
8,21,707.8514,1,1,55
8,22,711.6306,1,1,43
8,23,712.3270,1,1,54
8,24,1.1281,0,0,0
8,25,703.9324,1,1,54
8,26,712.7421,1,1,55
8,27,1.5033,0,0,0
8,28,702.8074,1,1,57
8,29,704.4731,1,1,57
8,30,1.3549,0,0,0
8,31,704.1943,1,1,57
8,32,1.3525,0,0,0
8,33,703.4100,1,1,53
8,34,1.2378,0,0,0
8,35,712.5978,1,1,58
8,36,711.6189,1,1,54
8,37,1.6699,0,0,0
8,38,710.0156,1,1,58
8,39,710.4072,1,1,59
8,40,709.8245,1,1,59
8,41,1.6305,0,0,0
8,42,703.4258,1,1,58
8,43,1.4703,0,0,0
8,44,1.4176,0,0,0
8,45,1.3103,0,0,0
8,46,705.5492,1,1,64
8,47,703.2469,1,1,65
8,48,1.7268,0,0,0
8,49,702.2353,1,1,378
8,50,701.8894,1,1,234
8,51,1.5274,0,0,0
8,52,1.3624,0,0,0
8,53,704.4947,1,1,265
8,54,1.5215,0,0,0
8,55,701.6285,1,1,291
8,56,705.7738,1,1,210
8,57,1.4822,0,0,0
8,58,702.3706,1,1,209
8,59,703.8854,1,1,205
9,0,0.2700,0,0,0
9,1,0.8702,0,0,0
9,2,0.7776,0,0,0
9,3,708.0350,1,1,86
9,4,706.0087,1,1,84
9,5,703.3607,1,1,84
9,6,701.0656,1,1,85
9,7,701.6304,1,1,74
9,8,703.1023,1,1,57
9,9,1.3720,0,0,0
9,10,1.1742,0,0,0
9,11,1.1048,0,0,0
9,12,701.7165,1,1,58
9,13,706.7507,1,1,59
9,14,702.5891,1,1,58
9,15,1.4849,0,0,0
9,16,702.0359,1,1,53
9,17,1.2912,0,0,0
9,18,703.9298,1,1,56
9,19,0.9783,0,0,0
9,20,1.3476,0,0,0
9,21,703.1611,1,1,56
9,22,711.6509,1,1,56
9,23,707.4470,1,1,57
9,24,1.6721,0,0,0
9,25,1.2977,0,0,0
9,26,708.0553,1,1,54
9,27,706.3032,1,1,55
9,28,712.8681,1,1,55
9,29,713.9251,1,1,56
9,30,712.1497,1,1,56
9,31,1.1179,0,0,0
9,32,1.2503,0,0,0
9,33,705.7610,1,1,55
9,34,1.1102,0,0,0
9,35,712.7506,1,1,51
9,36,703.1678,1,1,52
9,37,1.1987,0,0,0
9,38,708.8333,1,1,54
9,39,704.0706,1,1,54
9,40,1.6090,0,0,0
9,41,707.9104,1,1,56
9,42,1.6807,0,0,0
9,43,705.4785,1,1,56
9,44,1.3133,0,0,0
9,45,712.6024,1,1,59
9,46,1.4614,0,0,0
9,47,1.5572,0,0,0
9,48,5.1551,0,0,0
9,49,708.0148,1,1,71
9,50,707.6585,1,1,75
9,51,710.6495,1,1,56
9,52,706.8071,1,1,58
9,53,706.8420,1,1,57
9,54,1.3617,0,0,0
9,55,1.2804,0,0,0
9,56,709.9914,1,1,59
9,57,702.3819,1,1,74
9,58,1.3414,0,0,0
9,59,706.8418,1,1,75
9,60,1.8725,0,0,0
9,61,702.0466,1,1,134
9,62,1.4234,0,0,0
9,63,704.0766,1,1,147
9,64,704.7329,1,1,154
9,65,1.5266,0,0,0
9,66,704.9247,1,1,175
9,67,702.6082,1,1,186
9,68,1.2706,0,0,0
9,69,703.1767,1,1,227
9,70,703.3372,1,1,207
9,71,1.3485,0,0,0
9,72,1.3461,0,0,0
9,73,1.1261,0,0,0
9,74,1.1806,0,0,0
9,75,1.4442,0,0,0
9,76,1.1482,0,0,0
9,77,1.1466,0,0,0
10,0,0.2345,0,0,0
10,1,1.2147,0,0,0
10,2,710.1694,1,1,78
10,3,1.0961,0,0,0
10,4,703.0829,1,1,82
10,5,1.1504,0,0,0
10,6,702.7318,1,1,80
10,7,703.9944,1,1,79
10,8,702.3351,1,1,113
10,9,1.1252,0,0,0
10,10,707.5646,1,1,78
10,11,1.3379,0,0,0
10,12,1.4975,0,0,0
10,13,704.8576,1,1,75
10,14,0.9711,0,0,0
10,15,1.2876,0,0,0
10,16,705.7561,1,1,75
10,17,706.6351,1,1,75
10,18,703.3137,1,1,75
10,19,709.5841,1,1,73
10,20,0.9282,0,0,0
10,21,709.5807,1,1,75
10,22,702.7163,1,1,74
10,23,706.4900,1,1,70
10,24,702.9594,1,1,68
10,25,707.0539,1,1,71
10,26,1.3276,0,0,0
10,27,707.4753,1,1,70
10,28,1.0223,0,0,0
10,29,702.8206,1,1,72
10,30,704.9839,1,1,71
10,31,708.6243,1,1,64
11,0,0.1990,0,0,0
11,1,0.7551,0,0,0
11,2,701.2323,1,1,277
11,3,702.1471,1,1,298
11,4,701.8460,1,1,296
11,5,702.3803,1,1,319
11,6,709.3246,1,1,72
11,7,702.1315,1,1,71
11,8,717.8844,1,1,71
11,9,0.8950,0,0,0
11,10,704.6278,1,1,68
11,11,705.0171,1,1,72
11,12,0.9450,0,0,0
11,13,702.5534,1,1,77
11,14,703.4971,1,1,79
11,15,1.0388,0,0,0
11,16,703.4842,1,1,126
11,17,1.0164,0,0,0
11,18,704.7222,1,1,83
11,19,1.1873,0,0,0
11,20,706.4199,1,1,101
11,21,707.6625,1,1,73
11,22,1.0799,0,0,0
11,23,705.2165,1,1,70
11,24,0.9698,0,0,0
11,25,701.3954,1,1,70
11,26,701.7684,1,1,70
11,27,707.8857,1,1,70
11,28,705.0444,1,1,65
11,29,1.0377,0,0,0
11,30,1.0499,0,0,0
11,31,1.0335,0,0,0
11,32,0.9379,0,0,0
11,33,0.8310,0,0,0
11,34,0.8352,0,0,0
11,35,1.5939,0,0,0
11,36,701.5714,1,1,60
11,37,1.0754,0,0,0
11,38,1.3221,0,0,0
11,39,701.2954,1,1,83
11,40,706.2371,1,1,90
11,41,706.2303,1,1,101
11,42,1.3315,0,0,0
11,43,701.4954,1,1,102
11,44,1.2291,0,0,0
11,45,707.2409,1,1,84
12,0,0.2108,0,0,0
12,1,1.1330,0,0,0
12,2,1.0024,0,0,0
12,3,706.9557,1,1,79
12,4,0.7309,0,0,0
12,5,1.2131,0,0,0
12,6,705.9066,1,1,96
12,7,705.9779,1,1,98
12,8,711.0870,1,1,69
12,9,703.0028,1,1,64
12,10,1.5110,0,0,0
12,11,703.4663,1,1,61
12,12,706.0809,1,1,62
12,13,703.6736,1,1,55
12,14,705.7844,1,1,62
12,15,0.9705,0,0,0
12,16,711.0867,1,1,61
12,17,710.9254,1,1,58
12,18,0.9748,0,0,0
12,19,710.9907,1,1,60
12,20,709.9743,1,1,60
12,21,714.2276,1,1,56
12,22,704.7794,1,1,59
12,23,708.2808,1,1,56
12,24,711.0641,1,1,56
12,25,708.8928,1,1,54
12,26,709.5644,1,1,51
12,27,714.1017,1,1,51
12,28,1.1626,0,0,0
12,29,703.8189,1,1,49
12,30,1.6189,0,0,0
12,31,703.1303,1,1,49
12,32,1.2587,0,0,0
12,33,702.6553,1,1,49
12,34,704.3737,1,1,46
12,35,1.7638,0,0,0
12,36,709.4018,1,1,41
12,37,1.4418,0,0,0
12,38,701.5102,1,1,48
12,39,1.4800,0,0,0
12,40,1.3103,0,0,0
12,41,704.5616,1,1,50
12,42,715.9059,1,1,49
12,43,706.2106,1,1,48
12,44,1.5304,0,0,0
12,45,1.7237,0,0,0
12,46,1.2326,0,0,0
12,47,710.4127,1,1,48
12,48,714.6657,1,1,49
12,49,706.6878,1,1,48
12,50,1.2508,0,0,0
12,51,714.5055,1,1,49
12,52,714.9080,1,1,49
12,53,1.4021,0,0,0
12,54,705.0202,1,1,48
12,55,702.5216,1,1,48
12,56,1.3631,0,0,0
12,57,1.3669,0,0,0
12,58,1.1521,0,0,0
12,59,1.6376,0,0,0
12,60,1.3205,0,0,0
12,61,1.3164,0,0,0
12,62,1.2173,0,0,0
12,63,2.3511,0,0,0
12,64,711.4180,1,1,64
12,65,707.9834,1,1,63
12,66,712.5772,1,1,63
12,67,1.3029,0,0,0
12,68,701.8479,1,1,63
12,69,1.5247,0,0,0
12,70,713.0348,1,1,66
12,71,705.6094,1,1,66
12,72,1.6407,0,0,0
12,73,1.7923,0,0,0
12,74,703.0251,1,1,69
12,75,706.2390,1,1,70
12,76,1.4903,0,0,0
12,77,705.0687,1,1,74
12,78,1.6132,0,0,0
12,79,1.2998,0,0,0
12,80,1.3557,0,0,0
12,81,1.3541,0,0,0
12,82,1.2198,0,0,0
12,83,1.2408,0,0,0
12,84,1.3538,0,0,0
12,85,704.9283,1,1,166
12,86,1.4599,0,0,0
12,87,702.5434,1,1,201
12,88,1.4913,0,0,0
12,89,702.4635,1,1,232
12,90,1.6008,0,0,0
12,91,703.1516,1,1,281
12,92,1.4484,0,0,0
12,93,701.8747,1,1,322
12,94,1.6148,0,0,0
12,95,1.3081,0,0,0
12,96,1.5718,0,0,0
12,97,1.3281,0,0,0
12,98,1.2389,0,0,0
12,99,1.3726,0,0,0
12,100,1.3584,0,0,0
12,101,1.1886,0,0,0
13,0,0.1950,0,0,0
13,1,1.0188,0,0,0
13,2,709.1029,1,1,152
13,3,0.8856,0,0,0
13,4,709.7712,1,1,63
13,5,704.9284,1,1,57
13,6,705.6992,1,1,56
13,7,712.9260,1,1,47
13,8,1.3759,0,0,0
13,9,1.1555,0,0,0
13,10,1.1980,0,0,0
13,11,707.6119,1,1,49
13,12,703.8923,1,1,47
13,13,1.4867,0,0,0
13,14,707.8828,1,1,59
13,15,1.6827,0,0,0
13,16,1.7418,0,0,0
13,17,1.3521,0,0,0
13,18,704.7993,1,1,63
13,19,709.7193,1,1,62
13,20,1.2712,0,0,0
13,21,1.4840,0,0,0
13,22,705.4615,1,1,62
13,23,710.5071,1,1,64
13,24,704.4879,1,1,63
13,25,709.3419,1,1,63
13,26,0.9624,0,0,0
13,27,0.7989,0,0,0
13,28,707.5380,1,1,63
13,29,1.2684,0,0,0
13,30,701.6516,1,1,413
13,31,1.6037,0,0,0
13,32,1.2274,0,0,0
13,33,1.1531,0,0,0
13,34,701.2446,1,1,574
13,35,701.1134,1,1,619
14,0,0.1998,0,0,0
14,1,1.0968,0,0,0
14,2,702.1987,1,1,189
14,3,701.6138,1,1,194
14,4,1.3083,0,0,0
14,5,704.2857,1,1,171
14,6,705.9324,1,1,159
14,7,1.1841,0,0,0
14,8,703.1405,1,1,146
14,9,702.4334,1,1,107
14,10,705.2888,1,1,104
14,11,0.9507,0,0,0
14,12,706.8691,1,1,89
14,13,1.2259,0,0,0
14,14,709.8095,1,1,70
14,15,1.6143,0,0,0
14,16,704.9938,1,1,68
14,17,1.2785,0,0,0
14,18,1.1448,0,0,0
14,19,1.3601,0,0,0
14,20,710.8504,1,1,71
14,21,710.5785,1,1,71
14,22,1.2785,0,0,0
14,23,701.2366,1,1,65
14,24,710.0089,1,1,68
14,25,703.5449,1,1,74
14,26,1.1218,0,0,0
14,27,1.2156,0,0,0
14,28,708.9321,1,1,67
14,29,1.2512,0,0,0
14,30,706.6709,1,1,80
14,31,1.0809,0,0,0
14,32,703.5595,1,1,79
14,33,701.4237,1,1,79
14,34,708.4757,1,1,79
14,35,709.0856,1,1,79
14,36,1.1515,0,0,0
14,37,1.0708,0,0,0
14,38,0.9011,0,0,0
14,39,0.9402,0,0,0
14,40,0.8933,0,0,0
14,41,0.9920,0,0,0
14,42,0.9328,0,0,0
14,43,707.7217,1,1,112
14,44,711.5090,1,1,101
14,45,1.5269,0,0,0
14,46,706.7727,1,1,103
14,47,1.2703,0,0,0
14,48,1.4218,0,0,0
14,49,1.1501,0,0,0
14,50,0.9948,0,0,0
14,51,1.2228,0,0,0
14,52,1.1608,0,0,0
14,53,1.1988,0,0,0
14,54,0.9850,0,0,0
14,55,706.2407,1,1,98
14,56,702.9774,1,1,97
14,57,703.2896,1,1,102
14,58,1.4906,0,0,0
14,59,702.5745,1,1,98
14,60,1.1261,0,0,0
14,61,1.6268,0,0,0
14,62,705.5696,1,1,115
14,63,706.0170,1,1,122
14,64,1.5086,0,0,0
14,65,706.6675,1,1,118
14,66,1.3244,0,0,0
14,67,1.5048,0,0,0
14,68,707.5770,1,1,106
14,69,703.9760,1,1,275
14,70,701.8856,1,1,217
14,71,702.9189,1,1,262
14,72,1.1254,0,0,0
14,73,703.4586,1,1,271
14,74,1.3363,0,0,0
14,75,1.2762,0,0,0
14,76,1.2628,0,0,0
14,77,1.1481,0,0,0
14,78,1.5147,0,0,0
14,79,1.0663,0,0,0
14,80,1.1636,0,0,0
15,0,0.2134,0,0,0
15,1,1.2607,0,0,0
15,2,709.1699,1,1,80
15,3,701.5385,1,1,78
15,4,710.9185,1,1,82
15,5,701.3249,1,1,82
15,6,701.9818,1,1,95
16,0,0.2147,0,0,0
16,1,0.7306,0,0,0
16,2,0.9025,0,0,0
16,3,0.4872,0,0,0
16,4,705.0151,1,1,101
16,5,709.5253,1,1,89
16,6,701.5973,1,1,89
16,7,703.6606,1,1,95
16,8,0.7902,0,0,0
16,9,1.2321,0,0,0
16,10,708.1781,1,1,111
16,11,705.1992,1,1,76
16,12,708.3066,1,1,84
16,13,711.1652,1,1,66
16,14,706.2315,1,1,65
16,15,707.1284,1,1,62
16,16,711.0126,1,1,59
16,17,1.3230,0,0,0
16,18,1.1836,0,0,0
16,19,1.3356,0,0,0
16,20,704.9906,1,1,55
16,21,1.1668,0,0,0
16,22,711.8974,1,1,51
16,23,712.4642,1,1,52
16,24,1.1927,0,0,0
16,25,1.1169,0,0,0
16,26,1.1556,0,0,0
16,27,1.1324,0,0,0
16,28,1.4985,0,0,0
16,29,1.2288,0,0,0
16,30,1.5023,0,0,0
16,31,704.2702,1,1,51
16,32,1.8099,0,0,0
16,33,712.9328,1,1,53
16,34,1.4867,0,0,0
16,35,1.6914,0,0,0
16,36,714.1186,1,1,55
16,37,703.5481,1,1,49
16,38,1.2236,0,0,0
16,39,702.8125,1,1,49
16,40,1.4888,0,0,0
16,41,705.6496,1,1,49
16,42,707.1119,1,1,50
16,43,706.4802,1,1,52
16,44,1.2815,0,0,0
16,45,703.4024,1,1,51
16,46,703.0853,1,1,53
16,47,710.4636,1,1,57
16,48,1.6274,0,0,0
16,49,711.3298,1,1,51
16,50,706.3064,1,1,51
16,51,1.6488,0,0,0
16,52,710.1010,1,1,69
16,53,704.9027,1,1,69
16,54,709.3758,1,1,77
16,55,1.3608,0,0,0
16,56,707.8473,1,1,75
16,57,1.6102,0,0,0
16,58,707.3407,1,1,84
16,59,706.1908,1,1,85
16,60,703.1769,1,1,85
16,61,707.6763,1,1,80
16,62,1.5875,0,0,0
16,63,708.6351,1,1,102
16,64,707.5964,1,1,72
16,65,1.4609,0,0,0
16,66,703.4021,1,1,105
16,67,705.3591,1,1,158
16,68,703.7631,1,1,180
16,69,1.7055,0,0,0
17,0,0.2226,0,0,0
17,1,1.9525,0,0,0
17,2,0.7057,0,0,0
17,3,702.0195,1,1,100
17,4,704.0756,1,1,96
17,5,701.0029,1,1,97
17,6,705.6691,1,1,99
17,7,709.2430,1,1,79
17,8,703.0724,1,1,67
17,9,1.0047,0,0,0
17,10,701.6900,1,1,69
17,11,704.7104,1,1,66
17,12,0.9421,0,0,0
17,13,0.8630,0,0,0
17,14,701.6077,1,1,63
17,15,1.4312,0,0,0
17,16,1.5083,0,0,0
17,17,702.1549,1,1,77
17,18,710.6462,1,1,63
17,19,701.3879,1,1,62
17,20,709.6953,1,1,59
17,21,704.7613,1,1,62
17,22,1.1064,0,0,0
17,23,705.8933,1,1,84
17,24,1.2102,0,0,0
17,25,703.6976,1,1,157
17,26,1.0025,0,0,0
17,27,706.2272,1,1,162
17,28,702.5090,1,1,175
17,29,705.2473,1,1,184
17,30,706.0659,1,1,72
17,31,709.8106,1,1,73
17,32,1.5352,0,0,0
17,33,1.4936,0,0,0
17,34,1.2222,0,0,0
17,35,703.0594,1,1,73
17,36,710.8428,1,1,71
17,37,1.2390,0,0,0
17,38,0.9921,0,0,0
17,39,1.0792,0,0,0
17,40,1.1395,0,0,0
17,41,0.9236,0,0,0
17,42,1.0304,0,0,0
17,43,0.9743,0,0,0
17,44,704.3806,1,1,174
17,45,1.4639,0,0,0
17,46,701.4595,1,1,227
17,47,704.3663,1,1,242
17,48,1.3632,0,0,0
17,49,703.2121,1,1,227
17,50,701.5396,1,1,240
17,51,1.3460,0,0,0
17,52,703.1701,1,1,275
17,53,703.9539,1,1,234
17,54,1.4364,0,0,0
17,55,702.5505,1,1,117
17,56,1.1856,0,0,0
17,57,1.2225,0,0,0
17,58,703.4278,1,1,131
17,59,1.4166,0,0,0
17,60,1.5923,0,0,0
17,61,702.8801,1,1,157
17,62,1.3106,0,0,0
17,63,704.4515,1,1,173
17,64,704.2131,1,1,179
17,65,1.2740,0,0,0
17,66,702.8692,1,1,211
17,67,1.2753,0,0,0
17,68,702.2002,1,1,233
17,69,703.7205,1,1,213
17,70,702.6158,1,1,239
17,71,702.3380,1,1,243
17,72,703.2520,1,1,276
18,0,0.2203,0,0,0
18,1,1.2774,0,0,0
18,2,0.6344,0,0,0
18,3,705.1607,1,1,149
18,4,1.1877,0,0,0
18,5,706.4773,1,1,152
18,6,702.3415,1,1,150
18,7,704.3760,1,1,147
18,8,702.0274,1,1,148
18,9,0.9177,0,0,0
18,10,702.8248,1,1,222
18,11,703.5394,1,1,63
18,12,711.0114,1,1,50
18,13,1.5755,0,0,0
18,14,1.5003,0,0,0
18,15,711.8856,1,1,46
18,16,715.8315,1,1,46
18,17,0.9920,0,0,0
18,18,704.7576,1,1,45
18,19,707.2621,1,1,49
18,20,1.4904,0,0,0
18,21,709.8497,1,1,56
18,22,709.2970,1,1,57
18,23,1.4779,0,0,0
18,24,704.7122,1,1,57
18,25,713.8748,1,1,57
18,26,1.1532,0,0,0
18,27,1.5379,0,0,0
18,28,711.4674,1,1,57
18,29,705.8936,1,1,56
18,30,1.1859,0,0,0
18,31,711.7898,1,1,56
18,32,711.7733,1,1,56
18,33,712.0447,1,1,56
18,34,1.1567,0,0,0
18,35,711.5858,1,1,52
18,36,708.8992,1,1,57
18,37,1.0351,0,0,0
18,38,1.4412,0,0,0
18,39,705.0376,1,1,76
18,40,1.5009,0,0,0
18,41,706.2563,1,1,102
18,42,702.6453,1,1,142
18,43,1.3731,0,0,0
18,44,705.6662,1,1,145
18,45,702.6354,1,1,148
18,46,1.7167,0,0,0
18,47,711.8070,1,1,153
18,48,704.2888,1,1,161
18,49,1.4469,0,0,0
18,50,702.7413,1,1,165
18,51,702.2262,1,1,171
18,52,704.0642,1,1,150
18,53,703.4183,1,1,199
18,54,705.1101,1,1,227
18,55,703.7904,1,1,222
18,56,1.3415,0,0,0
18,57,704.3680,1,1,247
18,58,1.3966,0,0,0
18,59,1.2141,0,0,0
18,60,703.1412,1,1,269
19,0,0.2360,0,0,0
19,1,0.8807,0,0,0
19,2,0.7736,0,0,0
19,3,701.2086,1,1,82
19,4,703.0427,1,1,83
19,5,705.3298,1,1,98
19,6,1.1501,0,0,0
19,7,1.1854,0,0,0
19,8,704.9301,1,1,123
19,9,705.5252,1,1,117
19,10,0.7463,0,0,0
19,11,1.2467,0,0,0
19,12,702.5936,1,1,137
19,13,701.9743,1,1,65
19,14,711.1865,1,1,70
19,15,0.9226,0,0,0
19,16,704.3853,1,1,71
19,17,706.6541,1,1,73
19,18,710.9325,1,1,66
19,19,1.0268,0,0,0
19,20,712.5083,1,1,63
19,21,1.5930,0,0,0
19,22,709.0697,1,1,79
19,23,702.4995,1,1,80
19,24,705.5945,1,1,82
19,25,1.0780,0,0,0
19,26,712.6242,1,1,61
19,27,711.7844,1,1,61
19,28,1.4907,0,0,0
19,29,710.3447,1,1,65
19,30,701.3595,1,1,65
19,31,1.2790,0,0,0
19,32,711.5994,1,1,66
19,33,709.2476,1,1,73
19,34,712.2013,1,1,72
19,35,704.8022,1,1,66
19,36,1.5548,0,0,0
19,37,1.2015,0,0,0
19,38,1.1960,0,0,0
19,39,702.4043,1,1,69
19,40,1.4363,0,0,0
19,41,704.9619,1,1,70
19,42,1.0703,0,0,0
19,43,1.2149,0,0,0
19,44,710.4134,1,1,77
19,45,706.8108,1,1,62
19,46,1.0171,0,0,0
19,47,0.9625,0,0,0
19,48,701.8594,1,1,61
19,49,704.6172,1,1,61
19,50,709.8268,1,1,63
19,51,1.5756,0,0,0
19,52,707.6177,1,1,67
19,53,702.5361,1,1,68
19,54,703.9844,1,1,65
19,55,1.9411,0,0,0
19,56,702.1797,1,1,72
19,57,709.1033,1,1,75
19,58,712.1521,1,1,90
19,59,1.4567,0,0,0
19,60,705.9620,1,1,94
19,61,2.5289,0,0,0
19,62,707.5916,1,1,163
19,63,1.3949,0,0,0
19,64,1.3103,0,0,0
19,65,707.1021,1,1,190
19,66,1.4989,0,0,0
19,67,1.4415,0,0,0
19,68,1.5411,0,0,0
19,69,704.2043,1,1,180
19,70,1.3889,0,0,0
19,71,1.6735,0,0,0
19,72,1.1402,0,0,0
19,73,1.3250,0,0,0
19,74,1.3714,0,0,0
19,75,1.2890,0,0,0
19,76,1.3075,0,0,0
20,0,0.2864,0,0,0
20,1,1.1134,0,0,0
20,2,708.5446,1,1,81
20,3,707.8216,1,1,68
20,4,704.2853,1,1,73
20,5,704.0661,1,1,72
20,6,708.3897,1,1,72
20,7,708.4603,1,1,69
20,8,705.8951,1,1,69
20,9,702.2756,1,1,67
20,10,0.9956,0,0,0
20,11,704.4022,1,1,66
20,12,1.3939,0,0,0
20,13,1.4174,0,0,0
20,14,1.1379,0,0,0
20,15,703.3350,1,1,67
20,16,704.4734,1,1,66
20,17,702.6739,1,1,67
20,18,704.8020,1,1,69
20,19,709.5681,1,1,67
20,20,706.5875,1,1,70
20,21,702.3926,1,1,68
20,22,710.1869,1,1,69
20,23,704.2364,1,1,70
20,24,1.2187,0,0,0
20,25,708.9518,1,1,90
20,26,1.1180,0,0,0
20,27,0.9656,0,0,0
20,28,0.9290,0,0,0
20,29,1.0427,0,0,0
20,30,0.8590,0,0,0
20,31,0.9707,0,0,0
20,32,1.2599,0,0,0
20,33,0.8868,0,0,0
20,34,709.2946,1,1,60
20,35,1.3175,0,0,0
20,36,705.6185,1,1,63
20,37,706.3061,1,1,61
20,38,702.7232,1,1,62
20,39,701.6787,1,1,61
20,40,702.7777,1,1,61
20,41,1.6629,0,0,0
20,42,707.4603,1,1,65
20,43,1.0561,0,0,0
20,44,0.9831,0,0,0
20,45,702.1530,1,1,67
20,46,703.0146,1,1,67
20,47,1.4669,0,0,0
20,48,707.2105,1,1,77
20,49,711.0105,1,1,78
20,50,1.2450,0,0,0
20,51,704.9320,1,1,74
20,52,1.3542,0,0,0
20,53,713.8934,1,1,63
20,54,1.0609,0,0,0
20,55,1.3369,0,0,0
20,56,703.9529,1,1,61
20,57,704.3991,1,1,60
20,58,710.4750,1,1,56
20,59,707.6976,1,1,59
20,60,704.7691,1,1,60
20,61,1.1856,0,0,0
20,62,1.0779,0,0,0
20,63,711.3038,1,1,62
20,64,1.6756,0,0,0
20,65,708.4707,1,1,80
20,66,1.6955,0,0,0
20,67,703.1252,1,1,80
20,68,1.5124,0,0,0
20,69,702.9123,1,1,70
20,70,1.2679,0,0,0
20,71,1.4013,0,0,0
20,72,703.2319,1,1,72
20,73,703.7091,1,1,71
20,74,1.3804,0,0,0
20,75,702.4926,1,1,67
20,76,706.6058,1,1,82
20,77,702.8868,1,1,81
20,78,1.6636,0,0,0
20,79,705.9546,1,1,86
20,80,1.3253,0,0,0
21,0,0.2465,0,0,0
21,1,0.7645,0,0,0
21,2,0.8596,0,0,0
21,3,0.4801,0,0,0
21,4,701.9702,1,1,84
21,5,704.6507,1,1,85
21,6,1.3224,0,0,0
21,7,704.6127,1,1,106
21,8,0.7409,0,0,0
21,9,1.2043,0,0,0
21,10,704.2353,1,1,117
21,11,701.8940,1,1,119
21,12,707.9596,1,1,64
21,13,704.3547,1,1,63
21,14,705.9899,1,1,61
21,15,715.5197,1,1,51
21,16,1.0735,0,0,0
21,17,2.3125,0,0,0
21,18,710.5106,1,1,57
21,19,1.4153,0,0,0
21,20,703.8216,1,1,117
21,21,1.1719,0,0,0
21,22,1.5240,0,0,0
21,23,701.9831,1,1,161
21,24,702.4895,1,1,163
21,25,705.5418,1,1,164
21,26,701.6285,1,1,168
21,27,1.4033,0,0,0
21,28,704.6132,1,1,182
21,29,701.4790,1,1,192
21,30,1.3870,0,0,0
21,31,704.4603,1,1,179
21,32,1.1398,0,0,0
21,33,703.8911,1,1,188
21,34,703.6719,1,1,191
21,35,1.1630,0,0,0
21,36,0.9329,0,0,0
22,0,0.2512,0,0,0
22,1,1.1768,0,0,0
22,2,705.8450,1,1,88
22,3,707.8330,1,1,65
22,4,1.4084,0,0,0
22,5,1.1393,0,0,0
22,6,709.0456,1,1,66
22,7,702.6524,1,1,63
22,8,707.3963,1,1,63
22,9,1.3450,0,0,0
22,10,1.6688,0,0,0
22,11,1.0671,0,0,0
22,12,702.9442,1,1,62
22,13,708.2255,1,1,65
22,14,0.9640,0,0,0
23,0,0.2400,0,0,0
23,1,0.9176,0,0,0
23,2,0.9744,0,0,0
23,3,705.0856,1,1,81
23,4,710.8568,1,1,72
23,5,702.0894,1,1,71
23,6,706.7101,1,1,71
23,7,705.6642,1,1,69
23,8,0.8063,0,0,0
23,9,705.4082,1,1,69
23,10,701.6412,1,1,60
23,11,708.2233,1,1,58
23,12,1.3642,0,0,0
23,13,711.8657,1,1,68
23,14,0.9291,0,0,0
23,15,1.5269,0,0,0
23,16,702.4911,1,1,63
23,17,705.5067,1,1,64
24,0,0.2064,0,0,0
24,1,0.7320,0,0,0
24,2,703.7739,1,1,78
24,3,709.2575,1,1,69
24,4,1.2920,0,0,0
24,5,1.0161,0,0,0
24,6,1.0299,0,0,0
24,7,703.3107,1,1,69
24,8,710.3360,1,1,66
24,9,708.8954,1,1,72
24,10,706.3501,1,1,71
24,11,709.3841,1,1,69
24,12,0.8262,0,0,0
24,13,1.0059,0,0,0
24,14,1.2590,0,0,0
24,15,709.8936,1,1,69
24,16,701.4240,1,1,71
24,17,1.3917,0,0,0
24,18,701.9603,1,1,67
24,19,702.3987,1,1,67
24,20,1.0927,0,0,0
24,21,704.2709,1,1,68
24,22,1.0100,0,0,0
24,23,711.3369,1,1,69
24,24,1.3366,0,0,0
24,25,707.4482,1,1,62
24,26,711.3480,1,1,61
24,27,710.2888,1,1,61
24,28,1.1265,0,0,0
24,29,703.3326,1,1,87
24,30,703.5360,1,1,91
24,31,1.6252,0,0,0
24,32,707.1188,1,1,60
24,33,1.8779,0,0,0
24,34,1.2831,0,0,0
24,35,1.4051,0,0,0
24,36,709.0000,1,1,57
24,37,1.8992,0,0,0
24,38,706.0893,1,1,98
24,39,708.3667,1,1,116
24,40,703.2486,1,1,119
24,41,1.4817,0,0,0
24,42,707.1220,1,1,133
24,43,706.0308,1,1,122
24,44,1.2558,0,0,0
24,45,704.3565,1,1,130
24,46,706.0313,1,1,134
24,47,706.4281,1,1,156
24,48,1.1431,0,0,0
24,49,704.4073,1,1,134
25,0,0.1931,0,0,0
25,1,0.7807,0,0,0
25,2,0.9450,0,0,0
25,3,704.3712,1,1,100
25,4,707.2620,1,1,93
25,5,1.2151,0,0,0
25,6,703.1131,1,1,148
25,7,701.9311,1,1,147
25,8,1.0992,0,0,0
25,9,701.9429,1,1,163
25,10,702.5753,1,1,158
25,11,706.5752,1,1,66
25,12,706.3513,1,1,65
25,13,704.0806,1,1,63
25,14,704.6288,1,1,62
25,15,704.2865,1,1,61
25,16,0.9813,0,0,0
25,17,0.8913,0,0,0
25,18,711.3616,1,1,61
25,19,702.9825,1,1,58
25,20,705.3962,1,1,58
25,21,704.2140,1,1,59
25,22,701.9612,1,1,59
25,23,1.0206,0,0,0
25,24,706.8855,1,1,60
25,25,710.5562,1,1,60
25,26,702.6785,1,1,55
25,27,1.1901,0,0,0
25,28,1.2484,0,0,0
25,29,704.4862,1,1,54
25,30,1.4467,0,0,0
25,31,707.9316,1,1,54
25,32,709.5936,1,1,54
25,33,1.1632,0,0,0
25,34,709.7681,1,1,54
25,35,708.1286,1,1,54
25,36,705.1227,1,1,53
25,37,1.3324,0,0,0
25,38,712.3407,1,1,56
25,39,701.6155,1,1,54
25,40,1.1678,0,0,0
25,41,1.5283,0,0,0
25,42,709.6512,1,1,54
25,43,707.0206,1,1,51
25,44,702.5745,1,1,51
25,45,1.7611,0,0,0
25,46,1.4933,0,0,0
25,47,1.3326,0,0,0
25,48,713.7349,1,1,52
25,49,1.3778,0,0,0
25,50,709.8600,1,1,52
25,51,1.8092,0,0,0
25,52,1.1780,0,0,0
25,53,1.0963,0,0,0
25,54,1.3271,0,0,0
25,55,1.2085,0,0,0
25,56,1.1244,0,0,0
25,57,1.3883,0,0,0
25,58,715.8556,1,1,49
25,59,1.4439,0,0,0
25,60,714.3662,1,1,49
25,61,1.3358,0,0,0
25,62,705.9379,1,1,48
25,63,1.6712,0,0,0
25,64,702.4031,1,1,50
25,65,1.6544,0,0,0
25,66,1.8094,0,0,0
25,67,1.2902,0,0,0
25,68,703.2035,1,1,54
25,69,712.7464,1,1,57
25,70,1.3869,0,0,0
25,71,1.6520,0,0,0
25,72,707.8709,1,1,60
25,73,711.5853,1,1,61
25,74,712.8777,1,1,61
25,75,1.5819,0,0,0
25,76,1.3096,0,0,0
25,77,704.6075,1,1,65
25,78,711.1675,1,1,68
25,79,1.4255,0,0,0
25,80,708.4811,1,1,71
25,81,1.6730,0,0,0
25,82,1.2617,0,0,0
25,83,1.2644,0,0,0
25,84,1.4273,0,0,0
25,85,1.3280,0,0,0
25,86,1.2348,0,0,0
25,87,1.3794,0,0,0
25,88,703.9334,1,1,130
25,89,1.2821,0,0,0
25,90,703.9697,1,1,147
25,91,1.4988,0,0,0
25,92,706.8625,1,1,152
25,93,702.0609,1,1,175
25,94,1.4646,0,0,0
25,95,702.2673,1,1,257
25,96,1.3261,0,0,0
25,97,703.6126,1,1,112
25,98,1.5511,0,0,0
25,99,1.5383,0,0,0
25,100,704.8088,1,1,100
25,101,1.3999,0,0,0
25,102,1.2004,0,0,0
25,103,1.3495,0,0,0
25,104,1.2445,0,0,0
25,105,1.3759,0,0,0
25,106,1.4728,0,0,0
25,107,702.4562,1,1,245
25,108,1.8989,0,0,0
25,109,708.6702,1,1,156
25,110,1.4151,0,0,0
25,111,1.4869,0,0,0
25,112,1.2181,0,0,0
25,113,1.2505,0,0,0
25,114,1.6818,0,0,0
25,115,1.2427,0,0,0
25,116,1.2487,0,0,0
25,117,1.4506,0,0,0
26,0,0.2216,0,0,0
26,1,0.7718,0,0,0
26,2,0.8667,0,0,0
26,3,0.4633,0,0,0
26,4,708.0896,1,1,76
26,5,0.7384,0,0,0
26,6,1.6190,0,0,0
26,7,707.1088,1,1,100
26,8,702.6727,1,1,68
26,9,1.3686,0,0,0
26,10,1.0920,0,0,0
26,11,1.1128,0,0,0
26,12,707.5839,1,1,73
26,13,707.3282,1,1,68
26,14,703.6830,1,1,67
26,15,703.6109,1,1,66
26,16,705.6137,1,1,69
26,17,705.6292,1,1,70
26,18,707.2785,1,1,70
26,19,703.4782,1,1,70
26,20,702.7541,1,1,63
26,21,712.1186,1,1,65
26,22,1.8030,0,0,0
26,23,1.1547,0,0,0
26,24,1.1657,0,0,0
26,25,704.7488,1,1,65
26,26,706.4188,1,1,60
26,27,1.4461,0,0,0
26,28,1.3528,0,0,0
26,29,702.4038,1,1,63
26,30,1.1455,0,0,0
26,31,1.1858,0,0,0
26,32,0.8908,0,0,0
26,33,0.8811,0,0,0
26,34,0.9398,0,0,0
26,35,0.8656,0,0,0
26,36,703.7418,1,1,61
26,37,1.6558,0,0,0
26,38,705.1934,1,1,62
26,39,706.0026,1,1,61
26,40,711.6857,1,1,62
26,41,704.8212,1,1,62
26,42,1.7389,0,0,0
26,43,1.3805,0,0,0
26,44,705.5354,1,1,86
26,45,708.3338,1,1,87
26,46,703.8004,1,1,91
26,47,703.2444,1,1,80
26,48,1.2709,0,0,0
26,49,1.4795,0,0,0
26,50,1.2681,0,0,0
26,51,1.0186,0,0,0
26,52,1.2002,0,0,0
26,53,1.2738,0,0,0
26,54,1.0605,0,0,0
26,55,1.8829,0,0,0
26,56,702.1777,1,1,119
26,57,701.9107,1,1,178
26,58,702.3012,1,1,182
26,59,1.6065,0,0,0
26,60,704.8094,1,1,208
26,61,703.0426,1,1,173
26,62,1.6195,0,0,0
26,63,1.4248,0,0,0
26,64,701.2545,1,1,205
26,65,703.6091,1,1,216
26,66,704.2254,1,1,217
26,67,1.3849,0,0,0
26,68,705.1325,1,1,194
26,69,1.5750,0,0,0
26,70,705.2691,1,1,209
26,71,703.9759,1,1,217
26,72,1.3070,0,0,0
26,73,702.1665,1,1,255
26,74,1.5490,0,0,0
26,75,1.3173,0,0,0
26,76,703.7210,1,1,288
27,0,0.2227,0,0,0
27,1,1.1723,0,0,0
27,2,0.6843,0,0,0
27,3,707.2986,1,1,78
27,4,705.1353,1,1,77
27,5,1.0769,0,0,0
27,6,709.6909,1,1,71
27,7,0.8636,0,0,0
27,8,1.2100,0,0,0
27,9,702.9710,1,1,85
27,10,703.9254,1,1,81
27,11,1.3309,0,0,0
27,12,1.1788,0,0,0
27,13,1.3087,0,0,0
27,14,703.6481,1,1,80
27,15,707.0216,1,1,77
27,16,0.8980,0,0,0
27,17,710.0725,1,1,80
27,18,708.2273,1,1,81
27,19,0.9545,0,0,0
27,20,706.2096,1,1,74
27,21,1.0359,0,0,0
27,22,705.0558,1,1,58
27,23,1.3553,0,0,0
27,24,704.2489,1,1,58
27,25,711.2985,1,1,63
27,26,1.9408,0,0,0
27,27,709.2239,1,1,60
27,28,1.4365,0,0,0
27,29,705.6700,1,1,61
27,30,1.5161,0,0,0
27,31,705.8725,1,1,105
27,32,703.8738,1,1,107
27,33,1.0730,0,0,0
27,34,706.9055,1,1,68
27,35,709.3570,1,1,65
27,36,1.4476,0,0,0
27,37,1.4274,0,0,0
27,38,1.2165,0,0,0
27,39,704.4244,1,1,105
27,40,1.2333,0,0,0
27,41,704.4110,1,1,103
27,42,1.1585,0,0,0
27,43,701.3587,1,1,103
27,44,706.1084,1,1,62
27,45,1.3812,0,0,0
27,46,1.1818,0,0,0
27,47,1.0899,0,0,0
27,48,1.6631,0,0,0
27,49,702.4570,1,1,225
27,50,1.2663,0,0,0
27,51,704.8440,1,1,211
27,52,1.6658,0,0,0
27,53,1.2503,0,0,0
27,54,1.3695,0,0,0
27,55,701.8877,1,1,190
27,56,1.7304,0,0,0
28,0,0.2028,0,0,0
28,1,0.7703,0,0,0
28,2,0.6754,0,0,0
28,3,707.5194,1,1,94
28,4,1.1221,0,0,0
28,5,703.1168,1,1,165
28,6,703.9540,1,1,225
28,7,702.4056,1,1,214
28,8,701.2418,1,1,233
28,9,701.0102,1,1,237
28,10,706.6479,1,1,128
28,11,702.2208,1,1,118
28,12,0.9215,0,0,0
28,13,701.5341,1,1,104
28,14,701.7912,1,1,100
28,15,702.4893,1,1,101
28,16,703.7433,1,1,117
28,17,706.3342,1,1,121
28,18,706.7320,1,1,88
28,19,1.5023,0,0,0
28,20,704.5085,1,1,62
28,21,1.3289,0,0,0
28,22,705.0342,1,1,67
28,23,1.5174,0,0,0
28,24,1.1531,0,0,0
28,25,1.1866,0,0,0
28,26,703.3678,1,1,67
28,27,702.8950,1,1,70
28,28,1.6025,0,0,0
28,29,708.5901,1,1,68
28,30,707.5470,1,1,69
28,31,1.3366,0,0,0
28,32,1.6470,0,0,0
28,33,707.8975,1,1,71
28,34,1.0178,0,0,0
28,35,710.8933,1,1,73
28,36,1.4390,0,0,0
28,37,704.7611,1,1,76
28,38,1.2112,0,0,0
28,39,702.1240,1,1,78
28,40,706.1392,1,1,80
28,41,711.2682,1,1,70
28,42,1.0995,0,0,0
28,43,1.0889,0,0,0
28,44,705.3968,1,1,75
28,45,1.7484,0,0,0
28,46,706.6854,1,1,83
28,47,712.0515,1,1,83
28,48,702.0850,1,1,93
28,49,1.3469,0,0,0
28,50,1.2970,0,0,0
28,51,702.1611,1,1,106
28,52,1.3764,0,0,0
28,53,708.1564,1,1,117
28,54,1.1947,0,0,0
28,55,702.6203,1,1,127
28,56,704.9252,1,1,120
28,57,702.6515,1,1,130
28,58,1.3337,0,0,0
28,59,1.0302,0,0,0
28,60,1.2354,0,0,0
28,61,1.3704,0,0,0
28,62,1.0914,0,0,0
28,63,1.0112,0,0,0
28,64,1.1540,0,0,0
28,65,706.0475,1,1,142
28,66,1.3563,0,0,0
28,67,1.4014,0,0,0
28,68,1.6864,0,0,0
28,69,704.3381,1,1,167
28,70,1.2972,0,0,0
28,71,1.4929,0,0,0
28,72,1.1044,0,0,0
28,73,1.1147,0,0,0
28,74,0.9948,0,0,0
28,75,1.1495,0,0,0
28,76,1.1178,0,0,0
28,77,704.8971,1,1,183
28,78,1.2228,0,0,0
28,79,704.8177,1,1,181
28,80,702.3872,1,1,192
28,81,1.1434,0,0,0
28,82,702.7761,1,1,194
28,83,704.3229,1,1,185
28,84,1.1464,0,0,0
28,85,1.0575,0,0,0
28,86,1.1293,0,0,0
28,87,1.3968,0,0,0
28,88,1.0832,0,0,0
28,89,1.1215,0,0,0
28,90,1.3035,0,0,0
28,91,702.4403,1,1,485
28,92,1.3430,0,0,0
28,93,1.2871,0,0,0
28,94,702.2676,1,1,602
28,95,702.3757,1,1,708
28,96,1.3265,0,0,0
28,97,701.8724,1,1,638
28,98,701.6814,1,1,436
28,99,1.8189,0,0,0
29,0,0.2044,0,0,0
29,1,1.1205,0,0,0
29,2,707.4273,1,1,75
29,3,0.8759,0,0,0
29,4,1.6326,0,0,0
29,5,709.3757,1,1,81
29,6,705.8094,1,1,71
29,7,1.3771,0,0,0
29,8,1.0837,0,0,0
29,9,1.0973,0,0,0
29,10,710.4982,1,1,71
29,11,703.8633,1,1,70
29,12,709.0033,1,1,70
29,13,702.4209,1,1,69
29,14,708.8106,1,1,69
29,15,0.7986,0,0,0
29,16,0.7720,0,0,0
29,17,710.3263,1,1,68
29,18,701.6962,1,1,64
29,19,707.6732,1,1,68
29,20,1.7162,0,0,0
29,21,706.6754,1,1,67
29,22,0.9554,0,0,0
29,23,705.0417,1,1,72
29,24,701.7906,1,1,77
29,25,1.3170,0,0,0
29,26,706.9538,1,1,71
29,27,1.4503,0,0,0
29,28,709.1835,1,1,89
29,29,708.5344,1,1,83
29,30,702.4426,1,1,105
29,31,702.2122,1,1,107
29,32,0.9767,0,0,0
29,33,710.1052,1,1,102
29,34,1.3953,0,0,0
29,35,0.9310,0,0,0
29,36,0.8760,0,0,0
29,37,0.9200,0,0,0
29,38,1.0547,0,0,0
29,39,0.8415,0,0,0
29,40,0.9796,0,0,0
29,41,702.9941,1,1,69
29,42,1.4562,0,0,0
29,43,701.3318,1,1,69
29,44,1.1245,0,0,0
29,45,1.1183,0,0,0
29,46,709.3293,1,1,64
29,47,1.8184,0,0,0
29,48,702.0160,1,1,95
29,49,1.3954,0,0,0
29,50,706.2739,1,1,101
29,51,707.0418,1,1,100
29,52,1.1990,0,0,0
29,53,702.4587,1,1,112
29,54,1.5123,0,0,0
29,55,1.2852,0,0,0
29,56,1.7943,0,0,0
29,57,705.1664,1,1,142
29,58,701.6150,1,1,145
29,59,1.1892,0,0,0
29,60,5.0322,0,0,0
29,61,1.1237,0,0,0
29,62,1.0095,0,0,0
29,63,1.2396,0,0,0
29,64,0.9716,0,0,0
30,0,0.3633,0,0,0
30,1,0.8733,0,0,0
30,2,708.1749,1,1,114
30,3,705.4560,1,1,98
30,4,703.0041,1,1,88
30,5,705.9928,1,1,83
30,6,711.0088,1,1,84
30,7,703.9271,1,1,114
30,8,704.9163,1,1,109
30,9,703.3994,1,1,105
30,10,0.8739,0,0,0
30,11,703.4922,1,1,94
30,12,706.0218,1,1,91
30,13,704.0843,1,1,79
30,14,704.4851,1,1,82
30,15,1.3382,0,0,0
30,16,1.0654,0,0,0
30,17,1.3062,0,0,0
30,18,707.4962,1,1,94
30,19,709.9959,1,1,58
30,20,705.3018,1,1,63
30,21,1.0299,0,0,0
30,22,0.9323,0,0,0
30,23,702.5171,1,1,64
30,24,1.2319,0,0,0
30,25,705.4462,1,1,65
30,26,711.1890,1,1,60
30,27,1.0749,0,0,0
30,28,714.0564,1,1,58
30,29,1.5327,0,0,0
30,30,703.5870,1,1,57
30,31,1.3067,0,0,0
30,32,709.8644,1,1,60
30,33,1.4879,0,0,0
30,34,1.5090,0,0,0
30,35,1.6132,0,0,0
30,36,709.5492,1,1,59
30,37,705.0431,1,1,58
30,38,1.3099,0,0,0
30,39,1.6288,0,0,0
30,40,708.5682,1,1,59
30,41,705.0270,1,1,61
30,42,703.4894,1,1,61
30,43,1.7087,0,0,0
30,44,710.3661,1,1,60
30,45,710.4674,1,1,59
30,46,2.1978,0,0,0
30,47,701.5590,1,1,57
30,48,708.6919,1,1,60
30,49,707.5097,1,1,59
30,50,1.4952,0,0,0
30,51,708.7128,1,1,59
30,52,1.4326,0,0,0
30,53,711.7108,1,1,59
30,54,711.2130,1,1,58
30,55,1.3899,0,0,0
30,56,707.8036,1,1,57
30,57,1.6534,0,0,0
30,58,712.0448,1,1,59
30,59,705.4441,1,1,59
30,60,1.4753,0,0,0
30,61,702.1562,1,1,59
30,62,709.8589,1,1,59
30,63,711.3925,1,1,54
30,64,712.7651,1,1,58
30,65,706.9079,1,1,58
30,66,704.3134,1,1,58
30,67,1.6340,0,0,0
30,68,707.1754,1,1,59
30,69,708.0733,1,1,59
30,70,1.6250,0,0,0
30,71,708.0309,1,1,58
30,72,1.5974,0,0,0
30,73,1.6690,0,0,0
30,74,1.4498,0,0,0
30,75,1.4235,0,0,0
30,76,1.0352,0,0,0
30,77,1.7314,0,0,0
30,78,705.0751,1,1,65
30,79,1.4926,0,0,0
30,80,705.0934,1,1,68
30,81,707.6015,1,1,69
30,82,1.4505,0,0,0
30,83,706.8287,1,1,69
30,84,1.4273,0,0,0
30,85,1.1612,0,0,0
30,86,1.5129,0,0,0
30,87,1.4234,0,0,0
30,88,1.1251,0,0,0
30,89,1.1968,0,0,0
30,90,1.0885,0,0,0
30,91,1.0251,0,0,0
30,92,709.7356,1,1,116
30,93,1.6480,0,0,0
30,94,1.4610,0,0,0
30,95,701.8826,1,1,129
30,96,704.0657,1,1,134
30,97,1.7330,0,0,0
30,98,706.8808,1,1,133
30,99,704.0129,1,1,120
30,100,1.8687,0,0,0
30,101,703.0409,1,1,161
30,102,1.7754,0,0,0
30,103,702.8976,1,1,269
30,104,704.4644,1,1,218
30,105,1.4803,0,0,0
30,106,702.5682,1,1,249
30,107,705.4462,1,1,242
30,108,703.9278,1,1,345
30,109,703.1872,1,1,322
30,110,1.8956,0,0,0
30,111,1.4210,0,0,0
30,112,1.4320,0,0,0
30,113,1.1573,0,0,0
30,114,1.5649,0,0,0
30,115,1.2283,0,0,0
30,116,1.1945,0,0,0
31,0,0.2278,0,0,0
31,1,0.8308,0,0,0
31,2,0.9300,0,0,0
31,3,701.1502,1,1,141
31,4,703.5695,1,1,160
31,5,702.3333,1,1,178
31,6,702.5293,1,1,203
31,7,1.6376,0,0,0
31,8,703.3234,1,1,154
31,9,712.1129,1,1,64
31,10,703.8423,1,1,63
31,11,1.6023,0,0,0
31,12,703.1526,1,1,62
31,13,712.6401,1,1,63
31,14,1.4570,0,0,0
31,15,707.4835,1,1,66
31,16,702.4365,1,1,66
31,17,2.0097,0,0,0
31,18,706.9293,1,1,70
31,19,1.2473,0,0,0
31,20,702.5257,1,1,69
31,21,1.0973,0,0,0
31,22,705.2337,1,1,70
31,23,1.1372,0,0,0
31,24,707.8788,1,1,67
31,25,712.0677,1,1,67
31,26,1.9971,0,0,0
31,27,1.2109,0,0,0
31,28,1.4360,0,0,0
31,29,709.2145,1,1,68
31,30,704.6170,1,1,69
31,31,1.2101,0,0,0
31,32,710.9069,1,1,69
31,33,1.1599,0,0,0
31,34,1.0634,0,0,0
31,35,1.0727,0,0,0
31,36,0.9508,0,0,0
31,37,0.9507,0,0,0
31,38,1.0195,0,0,0
31,39,1.1766,0,0,0
31,40,704.7772,1,1,91
31,41,710.0017,1,1,88
31,42,1.7508,0,0,0
31,43,705.5586,1,1,90
31,44,702.0212,1,1,90
31,45,1.2558,0,0,0
31,46,1.4420,0,0,0
31,47,1.0251,0,0,0
31,48,1.2665,0,0,0
31,49,0.9850,0,0,0
31,50,1.1261,0,0,0
31,51,1.3338,0,0,0
31,52,703.4306,1,1,118
31,53,703.7586,1,1,115
31,54,705.1953,1,1,131
31,55,1.4616,0,0,0
31,56,1.4813,0,0,0
31,57,1.3514,0,0,0
31,58,1.0851,0,0,0
31,59,1.0487,0,0,0
31,60,1.2947,0,0,0
31,61,702.4013,1,1,181
31,62,1.3507,0,0,0
31,63,1.5700,0,0,0
31,64,1.3040,0,0,0
31,65,1.6109,0,0,0
31,66,1.1821,0,0,0
31,67,1.3646,0,0,0
31,68,1.0222,0,0,0
31,69,704.1451,1,1,269
31,70,702.5825,1,1,239
31,71,2.1870,0,0,0
31,72,701.6846,1,1,259
31,73,1.3563,0,0,0
31,74,703.6614,1,1,260
31,75,1.3351,0,0,0
31,76,1.6276,0,0,0
31,77,1.4059,0,0,0
31,78,1.1654,0,0,0
31,79,1.2218,0,0,0
31,80,1.1688,0,0,0
31,81,1.3691,0,0,0
32,0,0.2500,0,0,0
32,1,0.8864,0,0,0
32,2,1.0311,0,0,0
32,3,703.6729,1,1,207
32,4,702.3612,1,1,201
32,5,1.4378,0,0,0
32,6,701.4276,1,1,247
32,7,702.4225,1,1,240
32,8,712.9366,1,1,68
32,9,702.0820,1,1,69
32,10,703.9077,1,1,65
32,11,1.8945,0,0,0
32,12,711.6581,1,1,65
32,13,1.1103,0,0,0
32,14,702.1662,1,1,64
32,15,1.3544,0,0,0
32,16,708.4171,1,1,64
32,17,1.6495,0,0,0
32,18,711.2093,1,1,67
32,19,707.0948,1,1,65
32,20,702.2632,1,1,65
32,21,1.5603,0,0,0
32,22,1.3592,0,0,0
32,23,1.2401,0,0,0
32,24,705.3723,1,1,66
32,25,1.4926,0,0,0
32,26,707.5722,1,1,66
32,27,711.8778,1,1,67
32,28,704.8190,1,1,63
32,29,1.6343,0,0,0
32,30,1.0500,0,0,0
32,31,1.0808,0,0,0
32,32,1.1431,0,0,0
32,33,1.1160,0,0,0
32,34,1.2169,0,0,0
32,35,1.2635,0,0,0
32,36,710.0210,1,1,76
32,37,1.8414,0,0,0
32,38,1.7112,0,0,0
32,39,1.6879,0,0,0
32,40,702.9322,1,1,63
32,41,702.9723,1,1,70
32,42,709.4308,1,1,74
32,43,1.5200,0,0,0
32,44,1.2014,0,0,0
32,45,1.2843,0,0,0
32,46,1.4549,0,0,0
32,47,1.0254,0,0,0
32,48,1.0559,0,0,0
32,49,1.5679,0,0,0
32,50,1.7304,0,0,0
32,51,701.9432,1,1,105
32,52,702.1042,1,1,114
32,53,710.5353,1,1,110
32,54,705.6384,1,1,123
32,55,1.5871,0,0,0
32,56,703.1972,1,1,204
32,57,705.4378,1,1,126
32,58,1.5744,0,0,0
32,59,1.1490,0,0,0
32,60,703.9156,1,1,129
32,61,703.0964,1,1,189
32,62,703.1249,1,1,222
32,63,1.8747,0,0,0
32,64,704.1506,1,1,245
32,65,703.5047,1,1,264
32,66,1.6120,0,0,0
32,67,703.9364,1,1,247
32,68,2.0302,0,0,0
32,69,704.9549,1,1,84
32,70,1.7098,0,0,0
32,71,703.5891,1,1,88
32,72,708.7338,1,1,72
32,73,1.6727,0,0,0
32,74,2.0293,0,0,0
32,75,706.2389,1,1,78
32,76,703.1085,1,1,78
32,77,1.8800,0,0,0
32,78,707.1775,1,1,83
32,79,710.5838,1,1,81
32,80,1.7403,0,0,0
32,81,708.0381,1,1,82
32,82,1.8786,0,0,0
32,83,705.1316,1,1,88
32,84,705.6162,1,1,96
32,85,2.0898,0,0,0
32,86,1.8228,0,0,0
32,87,1.6612,0,0,0
32,88,1.4835,0,0,0
32,89,1.7172,0,0,0
32,90,1.7175,0,0,0
32,91,1.7299,0,0,0
32,92,703.1905,1,1,199
32,93,1.7428,0,0,0
32,94,704.8197,1,1,232
32,95,1.4781,0,0,0
32,96,704.5541,1,1,239
32,97,704.7624,1,1,275
32,98,1.8882,0,0,0
32,99,703.6258,1,1,319
32,100,2.0053,0,0,0
32,101,703.9850,1,1,363
32,102,1.7273,0,0,0
32,103,1.6276,0,0,0
32,104,1.3962,0,0,0
32,105,1.8584,0,0,0
32,106,2.1666,0,0,0
32,107,1.5452,0,0,0
32,108,1.7282,0,0,0
33,0,0.2552,0,0,0
33,1,1.3963,0,0,0
33,2,0.6792,0,0,0
33,3,708.0763,1,1,92
33,4,1.2701,0,0,0
33,5,1.5466,0,0,0
33,6,702.5195,1,1,106
33,7,0.8763,0,0,0
33,8,701.3762,1,1,105
33,9,1.2506,0,0,0
33,10,702.4859,1,1,117
33,11,1.1292,0,0,0
33,12,709.4198,1,1,63
33,13,703.0827,1,1,62
33,14,1.0091,0,0,0
33,15,709.2999,1,1,63
33,16,708.2316,1,1,63
33,17,1.7720,0,0,0
33,18,710.8452,1,1,62
33,19,706.6490,1,1,59
33,20,702.8376,1,1,55
33,21,712.2231,1,1,52
33,22,712.5025,1,1,58
33,23,1.1229,0,0,0
33,24,708.3486,1,1,58
33,25,710.1048,1,1,56
33,26,707.1184,1,1,57
33,27,709.9795,1,1,56
33,28,707.5435,1,1,57
33,29,1.3293,0,0,0
33,30,702.7925,1,1,57
33,31,1.4142,0,0,0
33,32,704.0089,1,1,52
33,33,1.3597,0,0,0
33,34,707.8234,1,1,54
33,35,1.9944,0,0,0
33,36,1.5937,0,0,0
33,37,1.3398,0,0,0
33,38,711.9975,1,1,53
33,39,1.5069,0,0,0
33,40,1.4857,0,0,0
33,41,709.7118,1,1,50
33,42,1.4435,0,0,0
33,43,705.7013,1,1,51
33,44,704.7234,1,1,64
33,45,710.4791,1,1,66
33,46,707.7915,1,1,67
33,47,1.5126,0,0,0
33,48,704.8514,1,1,69
33,49,1.4120,0,0,0
33,50,1.5309,0,0,0
33,51,1.1882,0,0,0
33,52,1.0718,0,0,0
33,53,1.1635,0,0,0
33,54,1.3507,0,0,0
33,55,1.4082,0,0,0
33,56,1.7658,0,0,0
33,57,709.9500,1,1,52
33,58,1.4773,0,0,0
33,59,702.6809,1,1,52
33,60,702.8982,1,1,56
33,61,715.7461,1,1,57
33,62,1.9018,0,0,0
33,63,707.8455,1,1,57
33,64,711.3000,1,1,60
33,65,1.7395,0,0,0
33,66,701.8352,1,1,62
33,67,712.6311,1,1,59
33,68,711.5655,1,1,72
33,69,708.8888,1,1,74
33,70,1.5143,0,0,0
33,71,1.4316,0,0,0
33,72,1.5908,0,0,0
33,73,1.5573,0,0,0
33,74,1.5804,0,0,0
33,75,1.5692,0,0,0
33,76,1.5374,0,0,0
34,0,0.2301,0,0,0
34,1,0.9052,0,0,0
34,2,1.1919,0,0,0
34,3,708.2826,1,1,75
34,4,0.9463,0,0,0
34,5,1.6307,0,0,0
34,6,709.6554,1,1,80
34,7,1.3840,0,0,0
34,8,701.1924,1,1,86
34,9,703.4656,1,1,73
34,10,706.2557,1,1,78
34,11,708.7750,1,1,87
35,0,0.3244,0,0,0
35,1,1.0083,0,0,0
35,2,0.8698,0,0,0
35,3,701.9932,1,1,113
35,4,704.6085,1,1,119
35,5,703.0711,1,1,111
35,6,702.6039,1,1,115
35,7,708.3261,1,1,59
35,8,711.2971,1,1,64
35,9,706.2803,1,1,62
35,10,702.9329,1,1,64
35,11,1.6754,0,0,0
35,12,1.3182,0,0,0
35,13,1.3833,0,0,0
35,14,710.8304,1,1,65
35,15,1.0340,0,0,0
35,16,711.5673,1,1,64
35,17,1.0792,0,0,0
35,18,708.2707,1,1,60
35,19,1.6864,0,0,0
35,20,704.9809,1,1,59
35,21,706.1919,1,1,62
35,22,1.3784,0,0,0
35,23,707.4135,1,1,62
35,24,704.8066,1,1,61
35,25,706.7893,1,1,61
35,26,1.7103,0,0,0
35,27,1.5836,0,0,0
35,28,710.4427,1,1,62
35,29,1.9120,0,0,0
35,30,701.5754,1,1,61
35,31,1.7075,0,0,0
35,32,703.2033,1,1,56
35,33,1.7693,0,0,0
35,34,1.7251,0,0,0
35,35,1.6312,0,0,0
35,36,711.2238,1,1,81
35,37,708.5614,1,1,79
35,38,706.3483,1,1,81
35,39,711.1423,1,1,57
35,40,1.3271,0,0,0
35,41,1.0239,0,0,0
35,42,707.2172,1,1,62
35,43,1.9873,0,0,0
35,44,702.9802,1,1,61
35,45,711.5882,1,1,61
35,46,2.3021,0,0,0
35,47,709.0826,1,1,127
35,48,707.1384,1,1,111
35,49,1.2883,0,0,0
35,50,1.9460,0,0,0
35,51,707.5192,1,1,103
35,52,1.3996,0,0,0
35,53,703.4103,1,1,119
35,54,701.9230,1,1,126
35,55,703.8801,1,1,139
35,56,1.7317,0,0,0
35,57,705.1725,1,1,141
35,58,1.5549,0,0,0
35,59,703.3754,1,1,142
35,60,706.1826,1,1,153
35,61,1.8341,0,0,0
35,62,706.2512,1,1,160
35,63,707.0558,1,1,139
35,64,703.6875,1,1,154
35,65,1.9550,0,0,0
35,66,704.8434,1,1,170
35,67,1.5154,0,0,0
35,68,702.0818,1,1,187
35,69,703.7105,1,1,198
35,70,1.5183,0,0,0
35,71,703.6936,1,1,220
35,72,1.2773,0,0,0
35,73,1.3029,0,0,0
35,74,702.6559,1,1,253
36,0,0.2180,0,0,0
36,1,0.7855,0,0,0
36,2,705.0509,1,1,89
36,3,703.6631,1,1,87
36,4,706.6528,1,1,87
36,5,703.1172,1,1,73
36,6,1.0240,0,0,0
36,7,1.7354,0,0,0
36,8,704.4480,1,1,78
36,9,0.8056,0,0,0
36,10,703.4000,1,1,77
36,11,707.1772,1,1,65
36,12,706.0903,1,1,65
36,13,1.2624,0,0,0
36,14,1.2297,0,0,0
36,15,703.4452,1,1,66
36,16,707.2432,1,1,71
36,17,705.8364,1,1,73
36,18,701.9762,1,1,60
36,19,706.4225,1,1,62
36,20,713.1795,1,1,55
36,21,1.8685,0,0,0
36,22,1.1165,0,0,0
36,23,1.3488,0,0,0
36,24,707.2472,1,1,60
36,25,709.4837,1,1,60
36,26,1.1645,0,0,0
36,27,1.2875,0,0,0
36,28,703.4219,1,1,59
36,29,1.7754,0,0,0
36,30,709.1589,1,1,57
36,31,1.4821,0,0,0
36,32,708.0981,1,1,56
36,33,703.0764,1,1,54
36,34,708.1080,1,1,54
36,35,1.7476,0,0,0
36,36,710.4671,1,1,55
36,37,707.4033,1,1,55
36,38,705.8185,1,1,55
36,39,710.4820,1,1,55
36,40,708.8303,1,1,55
36,41,705.9816,1,1,54
36,42,707.2923,1,1,55
36,43,711.4498,1,1,54
36,44,2.1466,0,0,0
36,45,710.2169,1,1,58
36,46,713.8458,1,1,59
36,47,701.9560,1,1,81
37,0,0.2692,0,0,0
37,1,0.9286,0,0,0
37,2,708.1263,1,1,75
37,3,0.9532,0,0,0
37,4,709.0439,1,1,69
37,5,713.7966,1,1,56
38,0,0.2519,0,0,0
38,1,1.1586,0,0,0
38,2,707.2630,1,1,80
38,3,1.2566,0,0,0
38,4,702.3503,1,1,96
38,5,713.0118,1,1,59
38,6,711.3774,1,1,52
38,7,1.6086,0,0,0
38,8,1.5455,0,0,0
38,9,701.5799,1,1,54
38,10,704.2250,1,1,54
38,11,707.0434,1,1,53
38,12,1.2052,0,0,0
38,13,707.6566,1,1,53
38,14,705.2975,1,1,52
38,15,2.1738,0,0,0
38,16,711.4875,1,1,54
38,17,713.0747,1,1,52
38,18,712.1785,1,1,52
38,19,705.3363,1,1,50
38,20,703.0186,1,1,51
38,21,703.6806,1,1,49
38,22,1.6167,0,0,0
38,23,703.3362,1,1,53
38,24,1.7244,0,0,0
38,25,1.4545,0,0,0
38,26,701.4763,1,1,52
38,27,1.1423,0,0,0
38,28,706.0683,1,1,54
38,29,704.8814,1,1,54
38,30,707.9329,1,1,54
38,31,707.3682,1,1,56
38,32,1.8178,0,0,0
38,33,704.2499,1,1,60
38,34,706.4847,1,1,61
38,35,710.1166,1,1,58
38,36,702.1970,1,1,59
38,37,1.3924,0,0,0
38,38,1.6216,0,0,0
38,39,707.4443,1,1,103
38,40,710.1749,1,1,63
38,41,1.5334,0,0,0
38,42,1.7789,0,0,0
38,43,706.6875,1,1,117
38,44,1.3507,0,0,0
38,45,708.0745,1,1,83
38,46,2.1984,0,0,0
38,47,704.1969,1,1,131
38,48,705.9879,1,1,112
38,49,702.8050,1,1,135
38,50,1.4581,0,0,0
38,51,702.2408,1,1,140
38,52,702.5501,1,1,147
38,53,703.2483,1,1,167
38,54,702.5211,1,1,163
38,55,1.9650,0,0,0
38,56,703.9556,1,1,186
38,57,702.4258,1,1,195
38,58,1.5161,0,0,0
38,59,703.0204,1,1,204
38,60,1.8200,0,0,0
38,61,1.6892,0,0,0
38,62,702.9438,1,1,231
39,0,0.2494,0,0,0
39,1,0.8657,0,0,0
39,2,1.8206,0,0,0
39,3,708.3824,1,1,76
39,4,704.5917,1,1,64
39,5,1.6221,0,0,0
39,6,1.6466,0,0,0
39,7,709.7407,1,1,68
39,8,707.5073,1,1,68
39,9,704.9598,1,1,67
39,10,712.7054,1,1,60
39,11,1.5029,0,0,0
39,12,1.7009,0,0,0
39,13,1.1624,0,0,0
39,14,702.4657,1,1,57
39,15,702.7472,1,1,59
39,16,711.3181,1,1,58
39,17,1.4558,0,0,0
39,18,701.4608,1,1,57
39,19,1.9287,0,0,0
39,20,709.5787,1,1,58
39,21,1.1332,0,0,0
39,22,704.1903,1,1,57
39,23,1.5011,0,0,0
39,24,1.8288,0,0,0
39,25,707.7354,1,1,58
39,26,706.7905,1,1,58
39,27,707.2554,1,1,54
39,28,1.4769,0,0,0
39,29,708.8587,1,1,57
39,30,1.2693,0,0,0
39,31,0.9782,0,0,0
39,32,712.6411,1,1,56
39,33,703.4534,1,1,55
39,34,1.4468,0,0,0
39,35,705.9722,1,1,55
39,36,1.3606,0,0,0
39,37,707.4232,1,1,56
39,38,1.6133,0,0,0
39,39,1.5852,0,0,0
39,40,1.3282,0,0,0
39,41,714.1330,1,1,57
39,42,704.0914,1,1,58
39,43,704.0831,1,1,122
39,44,1.3177,0,0,0
39,45,702.8792,1,1,117
39,46,1.7622,0,0,0
39,47,704.8376,1,1,121
39,48,707.1710,1,1,90
39,49,1.6052,0,0,0
39,50,704.9339,1,1,101
39,51,705.3508,1,1,113
39,52,1.7962,0,0,0
39,53,1.4812,0,0,0
39,54,1.2553,0,0,0
39,55,703.9628,1,1,122
39,56,704.3385,1,1,124
39,57,1.6407,0,0,0
39,58,704.9123,1,1,150
39,59,704.1769,1,1,121
39,60,1.4253,0,0,0
39,61,1.3525,0,0,0
39,62,705.4463,1,1,146
39,63,1.6631,0,0,0
39,64,1.6783,0,0,0
39,65,705.0299,1,1,150
39,66,1.4550,0,0,0
39,67,1.5712,0,0,0
39,68,1.4499,0,0,0
39,69,1.6066,0,0,0
39,70,1.1993,0,0,0
39,71,1.7220,0,0,0
39,72,1.1226,0,0,0
40,0,0.2269,0,0,0
40,1,0.8600,0,0,0
40,2,702.9253,1,1,118
40,3,702.7770,1,1,122
40,4,702.3208,1,1,142
40,5,1.2131,0,0,0
40,6,701.2680,1,1,104
40,7,702.2253,1,1,73
40,8,702.2525,1,1,75
40,9,707.3877,1,1,71
40,10,1.7212,0,0,0
40,11,1.0689,0,0,0
40,12,1.3453,0,0,0
40,13,708.7651,1,1,73
40,14,1.1278,0,0,0
41,0,0.2624,0,0,0
41,1,1.0494,0,0,0
41,2,1.2102,0,0,0
41,3,0.5602,0,0,0
41,4,709.1066,1,1,74
41,5,0.8240,0,0,0
41,6,1.3965,0,0,0
41,7,704.1480,1,1,93
41,8,1.4207,0,0,0
41,9,701.5442,1,1,93
41,10,1.4048,0,0,0
41,11,707.4963,1,1,103
41,12,703.3132,1,1,102
41,13,1.5197,0,0,0
41,14,706.3154,1,1,107
41,15,701.9995,1,1,112
41,16,705.6688,1,1,73
41,17,711.9466,1,1,75
41,18,702.8235,1,1,71
41,19,706.4003,1,1,61
41,20,1.5889,0,0,0
41,21,707.1847,1,1,84
41,22,1.2329,0,0,0
41,23,701.8862,1,1,73
41,24,1.1014,0,0,0
41,25,706.3637,1,1,79
41,26,708.1552,1,1,79
41,27,1.5231,0,0,0
41,28,705.8992,1,1,85
41,29,1.6394,0,0,0
41,30,1.2851,0,0,0
41,31,1.4006,0,0,0
41,32,704.9779,1,1,104
41,33,704.6581,1,1,93
41,34,1.1433,0,0,0
41,35,1.4500,0,0,0
41,36,0.9889,0,0,0
41,37,0.8629,0,0,0
41,38,0.8636,0,0,0
41,39,1.7109,0,0,0
41,40,1.0855,0,0,0
41,41,701.8206,1,1,101
41,42,1.6722,0,0,0
41,43,702.1503,1,1,125
41,44,1.3068,0,0,0
41,45,701.4405,1,1,120
41,46,701.9689,1,1,116
41,47,1.2379,0,0,0
41,48,705.4042,1,1,114
41,49,1.4196,0,0,0
41,50,1.5886,0,0,0
41,51,1.1942,0,0,0
41,52,0.9821,0,0,0
41,53,0.9216,0,0,0
41,54,1.0853,0,0,0
41,55,1.3032,0,0,0
41,56,1.2403,0,0,0
41,57,703.2420,1,1,62
41,58,703.3736,1,1,81
41,59,709.8042,1,1,80
41,60,1.4891,0,0,0
41,61,707.0579,1,1,98
41,62,1.9257,0,0,0
41,63,1.5924,0,0,0
41,64,2.6980,0,0,0
41,65,702.5375,1,1,61
41,66,1.2183,0,0,0
41,67,1.3935,0,0,0
41,68,702.5265,1,1,64
41,69,711.6809,1,1,60
41,70,1.7353,0,0,0
41,71,709.4567,1,1,66
41,72,706.8835,1,1,69
41,73,710.3712,1,1,69
41,74,707.8608,1,1,59
41,75,705.5625,1,1,76
41,76,1.5585,0,0,0
41,77,709.9920,1,1,80
41,78,1.8348,0,0,0
41,79,711.9046,1,1,87
41,80,1.6641,0,0,0
41,81,704.9193,1,1,89
41,82,705.6729,1,1,99
41,83,702.4622,1,1,102
41,84,1.8316,0,0,0
41,85,708.6675,1,1,96
41,86,707.8400,1,1,101
41,87,702.1132,1,1,101
41,88,1.5485,0,0,0
41,89,1.5603,0,0,0
41,90,705.3768,1,1,108
41,91,1.3477,0,0,0
41,92,1.5312,0,0,0
41,93,1.3710,0,0,0
41,94,1.0609,0,0,0
41,95,1.3165,0,0,0
41,96,1.2159,0,0,0
41,97,702.6174,1,1,252
41,98,1.4863,0,0,0
41,99,704.2592,1,1,263
41,100,1.4001,0,0,0
41,101,701.9164,1,1,279
41,102,705.8827,1,1,274
41,103,1.3604,0,0,0
41,104,704.1737,1,1,315
41,105,1.7977,0,0,0
41,106,1.4827,0,0,0
41,107,1.1937,0,0,0
41,108,1.6835,0,0,0
41,109,1.1103,0,0,0
41,110,1.4779,0,0,0
41,111,1.4317,0,0,0
42,0,0.2304,0,0,0
42,1,0.8563,0,0,0
42,2,0.9532,0,0,0
42,3,0.4469,0,0,0
42,4,700.9822,1,1,80
42,5,703.1603,1,1,78
42,6,705.6476,1,1,80
42,7,708.4288,1,1,63
42,8,1.5873,0,0,0
42,9,711.4298,1,1,63
42,10,1.4821,0,0,0
42,11,709.4029,1,1,63
42,12,705.7526,1,1,63
42,13,701.9276,1,1,63
42,14,709.3334,1,1,58
42,15,702.3032,1,1,58
42,16,1.1452,0,0,0
42,17,712.3162,1,1,55
42,18,707.0586,1,1,53
42,19,2.0773,0,0,0
42,20,711.8511,1,1,49
42,21,1.3862,0,0,0
42,22,714.5915,1,1,49
42,23,1.1656,0,0,0
42,24,706.6408,1,1,48
42,25,1.8967,0,0,0
42,26,705.7826,1,1,47
42,27,704.7227,1,1,47
42,28,704.2856,1,1,47
42,29,707.3858,1,1,46
42,30,702.8386,1,1,46
42,31,1.3091,0,0,0
42,32,714.7581,1,1,47
42,33,1.8295,0,0,0
42,34,703.0844,1,1,46
42,35,1.5871,0,0,0
42,36,1.3601,0,0,0
42,37,711.8903,1,1,43
42,38,1.2307,0,0,0
42,39,2.1167,0,0,0
42,40,703.1705,1,1,43
42,41,710.4687,1,1,46
42,42,716.5073,1,1,47
42,43,703.6133,1,1,46
42,44,708.9368,1,1,49
42,45,1.3212,0,0,0
42,46,715.1230,1,1,50
42,47,703.0941,1,1,49
42,48,711.1555,1,1,50
42,49,1.4646,0,0,0
42,50,703.8946,1,1,49
42,51,1.3888,0,0,0
42,52,1.5802,0,0,0
42,53,714.1873,1,1,50
42,54,711.6781,1,1,49
42,55,711.7910,1,1,50
42,56,708.2308,1,1,49
42,57,1.5315,0,0,0
42,58,701.7978,1,1,48
42,59,704.7202,1,1,50
42,60,1.4059,0,0,0
42,61,1.2127,0,0,0
42,62,1.5450,0,0,0
42,63,1.3998,0,0,0
42,64,1.3913,0,0,0
42,65,1.3305,0,0,0
42,66,1.3942,0,0,0
43,0,0.2869,0,0,0
43,1,1.5755,0,0,0
43,2,0.8131,0,0,0
43,3,706.9530,1,1,92
43,4,706.9687,1,1,95
43,5,705.2866,1,1,91
43,6,706.1201,1,1,78
43,7,0.7216,0,0,0
43,8,0.6458,0,0,0
43,9,0.7359,0,0,0
43,10,707.4057,1,1,68
43,11,705.4499,1,1,67
43,12,701.2153,1,1,66
43,13,703.7078,1,1,66
43,14,1.0559,0,0,0
43,15,707.9455,1,1,65
43,16,704.2535,1,1,65
43,17,713.5453,1,1,60
43,18,712.8200,1,1,56
43,19,1.2677,0,0,0
43,20,706.7846,1,1,58
43,21,1.4132,0,0,0
43,22,705.6130,1,1,57
43,23,705.9108,1,1,56
43,24,1.3343,0,0,0
43,25,704.2061,1,1,56
43,26,705.8774,1,1,56
43,27,701.9386,1,1,55
43,28,1.2971,0,0,0
43,29,701.6398,1,1,55
43,30,711.6443,1,1,53
43,31,1.4101,0,0,0
43,32,709.8740,1,1,53
43,33,2.1705,0,0,0
43,34,707.2097,1,1,55
43,35,1.2925,0,0,0
43,36,707.7232,1,1,55
43,37,1.6810,0,0,0
43,38,1.4400,0,0,0
43,39,1.4506,0,0,0
43,40,705.6449,1,1,55
43,41,1.6100,0,0,0
43,42,701.9516,1,1,55
43,43,710.8180,1,1,55
43,44,1.3264,0,0,0
43,45,1.7594,0,0,0
43,46,714.7470,1,1,55
43,47,1.4102,0,0,0
43,48,0.9906,0,0,0
43,49,710.2662,1,1,55
43,50,1.1892,0,0,0
43,51,709.5381,1,1,53
43,52,1.6712,0,0,0
43,53,706.6287,1,1,52
43,54,2.3377,0,0,0
43,55,713.3000,1,1,46
43,56,1.8463,0,0,0
43,57,703.5396,1,1,46
43,58,1.7636,0,0,0
43,59,1.3445,0,0,0
43,60,713.0702,1,1,45
43,61,701.8435,1,1,45
43,62,713.1215,1,1,45
43,63,705.5192,1,1,44
43,64,712.1861,1,1,42
43,65,710.2185,1,1,44
43,66,1.5213,0,0,0
43,67,713.0421,1,1,44
43,68,706.4145,1,1,96
43,69,1.9908,0,0,0
43,70,1.8306,0,0,0
43,71,704.7111,1,1,111
43,72,703.8269,1,1,113
43,73,706.6365,1,1,117
43,74,709.2646,1,1,121
43,75,1.8595,0,0,0
43,76,1.8473,0,0,0
43,77,703.8872,1,1,137
43,78,703.2577,1,1,147
43,79,1.6371,0,0,0
43,80,703.8916,1,1,148
43,81,1.9583,0,0,0
43,82,703.8394,1,1,160
43,83,2.4002,0,0,0
43,84,1.4912,0,0,0
44,0,0.3164,0,0,0
44,1,0.9902,0,0,0
44,2,1.1058,0,0,0
44,3,0.6749,0,0,0
44,4,703.0850,1,1,74
44,5,0.9149,0,0,0
44,6,1.8237,0,0,0
44,7,706.2086,1,1,93
44,8,705.1012,1,1,89
44,9,702.3707,1,1,105
44,10,707.1232,1,1,60
44,11,707.7548,1,1,60
44,12,710.4095,1,1,60
44,13,701.9025,1,1,58
44,14,702.4728,1,1,58
44,15,1.5564,0,0,0
44,16,712.7497,1,1,59
44,17,705.3459,1,1,59
44,18,713.5269,1,1,55
44,19,713.7792,1,1,57
44,20,1.2395,0,0,0
44,21,704.8326,1,1,54
44,22,1.3259,0,0,0
44,23,702.2968,1,1,51
44,24,713.2441,1,1,54
44,25,705.7149,1,1,52
44,26,1.7821,0,0,0
44,27,708.0698,1,1,52
44,28,706.6630,1,1,52
44,29,1.2753,0,0,0
44,30,713.3857,1,1,57
44,31,1.6954,0,0,0
44,32,1.5892,0,0,0
44,33,1.4294,0,0,0
44,34,709.5834,1,1,57
44,35,1.9108,0,0,0
44,36,708.7303,1,1,62
44,37,1.6539,0,0,0
44,38,704.3920,1,1,72
44,39,2.0745,0,0,0
44,40,703.5476,1,1,116
44,41,706.1223,1,1,107
44,42,1.6112,0,0,0
44,43,705.9710,1,1,144
44,44,705.6422,1,1,130
44,45,1.2455,0,0,0
44,46,703.6024,1,1,162
44,47,702.3985,1,1,138
44,48,1.3179,0,0,0
44,49,1.7715,0,0,0
44,50,703.7925,1,1,166
44,51,704.6953,1,1,172
44,52,702.4062,1,1,135
44,53,1.6715,0,0,0
44,54,704.8016,1,1,153
44,55,705.8979,1,1,160
44,56,1.5871,0,0,0
44,57,705.1776,1,1,171
44,58,1.4533,0,0,0
44,59,1.7447,0,0,0
44,60,702.4235,1,1,193
45,0,0.2506,0,0,0
45,1,1.2988,0,0,0
45,2,0.5517,0,0,0
45,3,705.6176,1,1,143
45,4,703.2806,1,1,151
45,5,701.8593,1,1,160
45,6,713.3507,1,1,56
45,7,706.7475,1,1,91
45,8,2.4986,0,0,0
45,9,701.1788,1,1,98
45,10,1.4267,0,0,0
45,11,702.9259,1,1,116
45,12,0.9599,0,0,0
45,13,732.8848,1,1,66
45,14,1.0650,0,0,0
45,15,706.7587,1,1,54
45,16,708.9891,1,1,62
45,17,1.8643,0,0,0
45,18,704.9650,1,1,64
45,19,1.9078,0,0,0
45,20,703.6047,1,1,64
45,21,711.9160,1,1,66
45,22,1.8271,0,0,0
45,23,1.6444,0,0,0
45,24,703.8743,1,1,75
45,25,705.9519,1,1,83
45,26,709.5820,1,1,70
45,27,1.3717,0,0,0
45,28,1.6074,0,0,0
45,29,706.5761,1,1,88
45,30,1.6514,0,0,0
45,31,701.8103,1,1,96
45,32,704.3459,1,1,91
45,33,708.9069,1,1,58
45,34,705.7574,1,1,74
45,35,704.1481,1,1,72
45,36,1.4599,0,0,0
45,37,1.7916,0,0,0
45,38,702.1786,1,1,85
45,39,706.8034,1,1,89
45,40,1.2508,0,0,0
45,41,1.2827,0,0,0
45,42,1.7200,0,0,0
45,43,703.5761,1,1,154
45,44,1.7703,0,0,0
45,45,1.2556,0,0,0
45,46,1.7309,0,0,0
45,47,703.8455,1,1,232
45,48,702.1988,1,1,143
45,49,703.7755,1,1,165
45,50,1.6271,0,0,0
45,51,704.9567,1,1,183
45,52,1.5257,0,0,0
45,53,702.2408,1,1,200
45,54,704.1453,1,1,205
45,55,704.6772,1,1,215
45,56,1.3565,0,0,0
45,57,704.1083,1,1,199
45,58,1.6290,0,0,0
45,59,701.9391,1,1,223
45,60,704.2196,1,1,234
45,61,701.8685,1,1,266
45,62,1.4751,0,0,0
45,63,1.5894,0,0,0
45,64,703.3628,1,1,305
46,0,0.2099,0,0,0
46,1,1.4774,0,0,0
46,2,0.8761,0,0,0
46,3,705.1419,1,1,89
46,4,702.2699,1,1,90
46,5,0.9906,0,0,0
46,6,1.9751,0,0,0
46,7,709.3041,1,1,106
46,8,706.8225,1,1,80
46,9,701.5264,1,1,77
46,10,701.8531,1,1,79
46,11,0.8652,0,0,0
46,12,707.0301,1,1,83
46,13,707.1307,1,1,63
46,14,708.8988,1,1,58
46,15,711.0711,1,1,64
46,16,0.9245,0,0,0
46,17,701.7296,1,1,65
46,18,707.9628,1,1,62
46,19,1.8164,0,0,0
46,20,704.8659,1,1,72
46,21,1.2804,0,0,0
46,22,706.0256,1,1,65
46,23,1.4422,0,0,0
46,24,1.7498,0,0,0
46,25,710.3001,1,1,67
46,26,1.7471,0,0,0
46,27,705.9464,1,1,90
46,28,703.3726,1,1,91
46,29,703.4414,1,1,105
46,30,1.2456,0,0,0
46,31,706.9275,1,1,90
46,32,1.6766,0,0,0
46,33,704.6218,1,1,225
46,34,1.5924,0,0,0
46,35,1.2353,0,0,0
46,36,1.7362,0,0,0
46,37,703.4590,1,1,264
46,38,703.1400,1,1,263
47,0,0.2309,0,0,0
47,1,0.8545,0,0,0
47,2,0.6592,0,0,0
47,3,702.0695,1,1,136
47,4,701.5575,1,1,143
47,5,704.1233,1,1,143
47,6,703.3916,1,1,74
47,7,707.4609,1,1,73
47,8,701.3991,1,1,93
47,9,704.7758,1,1,74
47,10,1.0652,0,0,0
47,11,1.4800,0,0,0
47,12,709.9761,1,1,67
47,13,0.8926,0,0,0
47,14,1.2204,0,0,0
47,15,705.7542,1,1,62
47,16,707.5377,1,1,62
47,17,701.6971,1,1,62
47,18,706.7742,1,1,64
47,19,707.9689,1,1,74
47,20,1.6341,0,0,0
47,21,707.1810,1,1,85
47,22,705.8229,1,1,75
47,23,706.9953,1,1,75
47,24,1.5434,0,0,0
47,25,702.4803,1,1,75
47,26,1.1223,0,0,0
47,27,1.2517,0,0,0
47,28,1.0487,0,0,0
47,29,1.1795,0,0,0
47,30,1.0941,0,0,0
47,31,1.0759,0,0,0
47,32,1.2218,0,0,0
47,33,1.0339,0,0,0
47,34,704.8361,1,1,68
47,35,2.0785,0,0,0
47,36,702.1127,1,1,70
47,37,1.1824,0,0,0
47,38,706.1682,1,1,79
47,39,1.2346,0,0,0
47,40,703.6840,1,1,95
47,41,705.1481,1,1,85
47,42,1.5405,0,0,0
47,43,1.6414,0,0,0
47,44,702.8815,1,1,83
47,45,1.5318,0,0,0
47,46,1.9434,0,0,0
47,47,706.5590,1,1,77
47,48,705.1106,1,1,81
47,49,1.3097,0,0,0
47,50,701.6110,1,1,91
47,51,703.8872,1,1,81
47,52,705.8463,1,1,71
47,53,1.7080,0,0,0
47,54,709.8374,1,1,73
47,55,1.5844,0,0,0
47,56,708.9849,1,1,72
47,57,706.3588,1,1,74
47,58,1.4745,0,0,0
47,59,704.2371,1,1,90
47,60,2.2241,0,0,0
47,61,708.9009,1,1,79
47,62,707.6865,1,1,109
47,63,1.5992,0,0,0
47,64,703.4132,1,1,164
47,65,705.9856,1,1,151
47,66,1.6886,0,0,0
47,67,702.7261,1,1,164
47,68,1.3848,0,0,0
47,69,702.9557,1,1,192
47,70,1.7888,0,0,0
47,71,1.6270,0,0,0
47,72,1.6706,0,0,0
47,73,702.5320,1,1,251
47,74,701.7700,1,1,258
47,75,1.4662,0,0,0
47,76,1.3559,0,0,0
47,77,1.3141,0,0,0
47,78,1.1987,0,0,0
47,79,1.3644,0,0,0
47,80,1.0726,0,0,0
47,81,1.7271,0,0,0
48,0,0.2550,0,0,0
48,1,0.9647,0,0,0
48,2,1.1857,0,0,0
48,3,707.0173,1,1,76
48,4,0.8334,0,0,0
48,5,1.8356,0,0,0
48,6,711.7843,1,1,84
48,7,1.1173,0,0,0
48,8,707.9630,1,1,79
48,9,706.0647,1,1,61
48,10,702.0174,1,1,62
48,11,709.4202,1,1,62
48,12,705.8254,1,1,56
48,13,709.6848,1,1,56
48,14,703.2719,1,1,56
48,15,705.5528,1,1,56
48,16,1.0783,0,0,0
48,17,712.0844,1,1,55
48,18,703.0174,1,1,49
48,19,709.2825,1,1,60
48,20,1.4581,0,0,0
48,21,1.5963,0,0,0
48,22,1.5133,0,0,0
48,23,703.3092,1,1,62
48,24,703.5143,1,1,61
48,25,1.8183,0,0,0
48,26,711.2108,1,1,77
48,27,1.8812,0,0,0
48,28,708.0979,1,1,71
48,29,709.5533,1,1,70
48,30,709.7278,1,1,73
48,31,711.0006,1,1,71
48,32,705.8962,1,1,71
48,33,1.4853,0,0,0
48,34,1.2297,0,0,0
48,35,704.5690,1,1,68
48,36,1.3411,0,0,0
48,37,1.6882,0,0,0
48,38,6.9415,0,0,0
48,39,703.6654,1,1,103
48,40,1.6175,0,0,0
48,41,710.5143,1,1,87
48,42,706.1774,1,1,82
48,43,1.3960,0,0,0
48,44,701.5662,1,1,84
48,45,1.5299,0,0,0
48,46,1.7080,0,0,0
48,47,703.3517,1,1,93
48,48,705.1920,1,1,95
48,49,707.6313,1,1,91
48,50,1.4307,0,0,0
48,51,704.2190,1,1,95
48,52,702.3097,1,1,94
48,53,706.7409,1,1,99
48,54,706.1980,1,1,94
48,55,1.5222,0,0,0
48,56,706.0647,1,1,105
48,57,705.8252,1,1,164
48,58,705.2074,1,1,174
48,59,704.8371,1,1,181
48,60,1.7045,0,0,0
48,61,704.5354,1,1,195
48,62,704.6198,1,1,200
48,63,705.1772,1,1,203
48,64,704.4100,1,1,210
48,65,1.7444,0,0,0
48,66,703.1587,1,1,227
49,0,0.2176,0,0,0
49,1,0.8873,0,0,0
49,2,0.8935,0,0,0
49,3,0.4912,0,0,0
49,4,712.6323,1,1,56
49,5,707.7364,1,1,86
49,6,702.5655,1,1,93
49,7,703.1872,1,1,100
49,8,1.1676,0,0,0
49,9,708.1024,1,1,72
49,10,710.4493,1,1,70
49,11,704.7703,1,1,70
49,12,1.0621,0,0,0
49,13,707.2454,1,1,70
49,14,702.4968,1,1,80
49,15,0.8995,0,0,0
49,16,701.0343,1,1,75
49,17,1.4234,0,0,0
49,18,708.4690,1,1,81
49,19,1.1925,0,0,0
49,20,702.2227,1,1,78
49,21,702.7823,1,1,85
49,22,1.3462,0,0,0
49,23,703.7363,1,1,77
49,24,702.2099,1,1,67
49,25,1.3980,0,0,0
49,26,2.0599,0,0,0
49,27,712.0329,1,1,68
49,28,1.3778,0,0,0
49,29,705.8874,1,1,67
49,30,706.1328,1,1,117
49,31,1.2493,0,0,0
49,32,707.1657,1,1,120
49,33,705.9460,1,1,128
49,34,1.2399,0,0,0
49,35,703.5946,1,1,123
49,36,1.1720,0,0,0
49,37,701.2820,1,1,122
49,38,701.2471,1,1,154
49,39,1.0253,0,0,0
49,40,1.2290,0,0,0
49,41,0.9345,0,0,0
49,42,0.8109,0,0,0
49,43,0.8587,0,0,0
49,44,0.9708,0,0,0
49,45,1.1033,0,0,0
49,46,1.5097,0,0,0
49,47,701.8217,1,1,259
49,48,0.9717,0,0,0
49,49,1.3879,0,0,0
49,50,702.3547,1,1,323
49,51,1.1386,0,0,0
49,52,703.0155,1,1,356
49,53,701.6358,1,1,364
49,54,1.2461,0,0,0
49,55,701.5521,1,1,411
49,56,702.3253,1,1,487
49,57,701.6574,1,1,538
49,58,1.7293,0,0,0
49,59,701.3440,1,1,824
49,60,701.8388,1,1,985
49,61,1.2466,0,0,0
49,62,701.8652,1,1,848
49,63,1.3068,0,0,0
49,64,1.2713,0,0,0
49,65,701.5424,1,1,2156
49,66,1.4752,0,0,0
50,0,0.2451,0,0,0
50,1,1.2619,0,0,0
50,2,0.9572,0,0,0
50,3,703.6947,1,1,75
50,4,1.1800,0,0,0
50,5,706.7300,1,1,80
50,6,709.2518,1,1,77
50,7,705.5179,1,1,79
50,8,0.8767,0,0,0
50,9,706.2330,1,1,61
50,10,712.4485,1,1,60
50,11,1.4579,0,0,0
50,12,1.0794,0,0,0
50,13,1.2132,0,0,0
50,14,0.7843,0,0,0
50,15,1.4262,0,0,0
50,16,709.9720,1,1,65
50,17,708.4378,1,1,64
50,18,711.1613,1,1,63
50,19,1.7623,0,0,0
50,20,707.7917,1,1,62
50,21,709.9147,1,1,63
50,22,710.7257,1,1,64
50,23,705.5695,1,1,63
50,24,1.2329,0,0,0
50,25,1.3667,0,0,0
50,26,707.1073,1,1,63
50,27,703.5695,1,1,57
50,28,710.6960,1,1,63
50,29,1.4504,0,0,0
50,30,711.7156,1,1,60
50,31,709.9395,1,1,59
50,32,1.0824,0,0,0
50,33,711.3618,1,1,62
50,34,1.0844,0,0,0
50,35,711.2667,1,1,63
50,36,1.2203,0,0,0
50,37,711.9809,1,1,65
50,38,1.2895,0,0,0
50,39,710.7817,1,1,64
50,40,1.5766,0,0,0
50,41,711.6736,1,1,67
50,42,707.1421,1,1,68
50,43,1.6085,0,0,0
50,44,703.6823,1,1,68
50,45,710.1466,1,1,69
50,46,701.7144,1,1,70
50,47,1.4455,0,0,0
50,48,1.0600,0,0,0
50,49,1.0835,0,0,0
50,50,1.1439,0,0,0
50,51,1.2487,0,0,0
50,52,1.0459,0,0,0
50,53,1.1151,0,0,0
50,54,703.0623,1,1,78
50,55,702.2562,1,1,76
50,56,1.5233,0,0,0
50,57,709.0983,1,1,79
50,58,1.5678,0,0,0
50,59,703.8196,1,1,70
50,60,709.9434,1,1,81
50,61,1.5862,0,0,0
50,62,1.4101,0,0,0
50,63,1.3995,0,0,0
50,64,1.3528,0,0,0
50,65,1.1665,0,0,0
50,66,1.2119,0,0,0
50,67,1.3294,0,0,0
51,0,0.2101,0,0,0
51,1,0.7531,0,0,0
51,2,702.1344,1,1,141
51,3,702.5418,1,1,154
51,4,702.5209,1,1,76
51,5,711.5827,1,1,76
51,6,711.0612,1,1,72
51,7,707.8953,1,1,72
51,8,706.1353,1,1,59
51,9,1.5013,0,0,0
51,10,1.4057,0,0,0
51,11,711.0457,1,1,65
51,12,705.9396,1,1,64
51,13,709.6487,1,1,65
51,14,709.5877,1,1,64
51,15,709.0669,1,1,64
51,16,707.7239,1,1,62
51,17,712.1420,1,1,62
51,18,706.3899,1,1,61
51,19,1.2100,0,0,0
51,20,703.6900,1,1,60
51,21,711.9391,1,1,61
51,22,705.3952,1,1,60
51,23,1.2595,0,0,0
51,24,710.1203,1,1,61
51,25,1.2502,0,0,0
51,26,1.0467,0,0,0
51,27,1.4534,0,0,0
51,28,711.6509,1,1,61
51,29,1.0281,0,0,0
51,30,708.8779,1,1,61
51,31,709.9503,1,1,59
51,32,703.4862,1,1,58
51,33,1.3534,0,0,0
51,34,705.0203,1,1,59
51,35,706.8042,1,1,59
51,36,1.1136,0,0,0
51,37,705.0799,1,1,57
51,38,1.2107,0,0,0
51,39,710.0956,1,1,56
51,40,1.3199,0,0,0
51,41,709.1734,1,1,57
51,42,705.8338,1,1,57
51,43,1.0559,0,0,0
51,44,704.8447,1,1,57
51,45,1.5582,0,0,0
51,46,709.1531,1,1,52
51,47,1.1120,0,0,0
51,48,712.8788,1,1,52
51,49,1.8636,0,0,0
51,50,707.2152,1,1,52
51,51,1.3047,0,0,0
51,52,706.0342,1,1,47
51,53,704.0194,1,1,65
51,54,712.2254,1,1,67
51,55,1.3766,0,0,0
51,56,711.2963,1,1,68
51,57,707.0088,1,1,69
51,58,1.2435,0,0,0
51,59,707.2710,1,1,69
51,60,1.3150,0,0,0
51,61,711.0974,1,1,71
51,62,1.4936,0,0,0
51,63,710.8861,1,1,63
51,64,1.4518,0,0,0
51,65,711.0726,1,1,67
51,66,1.2785,0,0,0
51,67,1.6511,0,0,0
51,68,708.7182,1,1,69
51,69,1.9729,0,0,0
51,70,703.7703,1,1,80
51,71,1.6122,0,0,0
51,72,710.2784,1,1,105
51,73,707.0919,1,1,105
51,74,1.2149,0,0,0
51,75,702.4055,1,1,136
51,76,704.4608,1,1,122
51,77,704.6862,1,1,136
51,78,701.6578,1,1,138
51,79,1.3525,0,0,0
51,80,705.5450,1,1,147
51,81,705.6445,1,1,159
51,82,1.4578,0,0,0
51,83,702.5988,1,1,166
51,84,1.7093,0,0,0
51,85,703.3609,1,1,180
51,86,704.5363,1,1,186
51,87,1.3750,0,0,0
51,88,1.1474,0,0,0
51,89,702.2516,1,1,206
52,0,0.2571,0,0,0
52,1,0.8536,0,0,0
52,2,701.6550,1,1,249
52,3,704.5803,1,1,65
52,4,703.8337,1,1,67
52,5,711.0840,1,1,64
52,6,705.1212,1,1,63
52,7,702.1971,1,1,58
52,8,710.0100,1,1,62
52,9,708.5980,1,1,60
52,10,1.4950,0,0,0
52,11,1.1190,0,0,0
52,12,1.0467,0,0,0
52,13,708.6559,1,1,59
52,14,703.8944,1,1,56
52,15,703.0283,1,1,56
52,16,1.5505,0,0,0
52,17,1.5005,0,0,0
52,18,712.4590,1,1,56
52,19,710.0263,1,1,56
52,20,704.9491,1,1,55
52,21,1.3300,0,0,0
52,22,705.4436,1,1,55
52,23,702.5282,1,1,57
52,24,1.4071,0,0,0
52,25,1.3572,0,0,0
52,26,1.4041,0,0,0
52,27,701.5295,1,1,57
52,28,705.3743,1,1,58
52,29,709.6561,1,1,50
52,30,709.2719,1,1,50
52,31,710.1449,1,1,49
52,32,1.7401,0,0,0
52,33,702.6414,1,1,48
52,34,1.5087,0,0,0
52,35,2.2768,0,0,0
52,36,714.2756,1,1,51
52,37,1.4978,0,0,0
52,38,713.5868,1,1,52
52,39,706.0908,1,1,52
52,40,1.3410,0,0,0
52,41,713.9524,1,1,52
52,42,708.1471,1,1,52
52,43,713.4868,1,1,52
52,44,1.8343,0,0,0
52,45,711.5479,1,1,53
52,46,1.6688,0,0,0
52,47,706.1459,1,1,52
52,48,1.9329,0,0,0
52,49,710.0040,1,1,54
52,50,1.4366,0,0,0
52,51,1.6312,0,0,0
52,52,1.2486,0,0,0
52,53,1.2529,0,0,0
52,54,1.2640,0,0,0
52,55,1.0834,0,0,0
52,56,1.1835,0,0,0
52,57,1.1771,0,0,0
52,58,706.1098,1,1,73
52,59,1.8168,0,0,0
52,60,702.9251,1,1,83
52,61,2.7377,0,0,0
52,62,1.6262,0,0,0
52,63,1.6077,0,0,0
52,64,715.8950,1,1,93
52,65,707.1553,1,1,92
52,66,1.4895,0,0,0
52,67,703.4173,1,1,101
52,68,702.1897,1,1,87
52,69,1.5037,0,0,0
52,70,1.8424,0,0,0
52,71,1.3031,0,0,0
52,72,1.3380,0,0,0
52,73,1.3788,0,0,0
52,74,1.4590,0,0,0
52,75,1.4141,0,0,0
52,76,702.4038,1,1,196
52,77,1.6564,0,0,0
52,78,702.7764,1,1,198
52,79,705.8877,1,1,209
52,80,2.1976,0,0,0
52,81,706.2556,1,1,226
52,82,702.0421,1,1,230
52,83,703.4336,1,1,227
52,84,1.5693,0,0,0
52,85,1.4011,0,0,0
52,86,1.5730,0,0,0
52,87,1.6570,0,0,0
52,88,1.1990,0,0,0
52,89,1.2491,0,0,0
52,90,1.6265,0,0,0
53,0,0.2348,0,0,0
53,1,1.0366,0,0,0
53,2,703.2918,1,1,357
53,3,701.9138,1,1,482
53,4,1.4228,0,0,0
53,5,701.5311,1,1,529
53,6,704.1959,1,1,245
53,7,709.3342,1,1,79
53,8,703.7901,1,1,66
53,9,712.0147,1,1,66
53,10,703.3127,1,1,65
53,11,3.6117,0,0,0
53,12,705.7822,1,1,62
53,13,1.7341,0,0,0
53,14,701.6328,1,1,60
53,15,1.0103,0,0,0
53,16,712.2263,1,1,59
53,17,1.4005,0,0,0
53,18,712.5717,1,1,58
53,19,711.1852,1,1,54
53,20,1.0739,0,0,0
53,21,707.0621,1,1,57
53,22,704.9101,1,1,52
53,23,1.2827,0,0,0
53,24,1.6587,0,0,0
53,25,702.0454,1,1,52
53,26,706.3397,1,1,53
53,27,708.7989,1,1,53
53,28,1.1117,0,0,0
53,29,1.1179,0,0,0
53,30,702.1315,1,1,54
53,31,709.1930,1,1,54
53,32,708.4825,1,1,51
53,33,1.7080,0,0,0
53,34,705.6923,1,1,50
53,35,703.8788,1,1,49
53,36,2.3609,0,0,0
53,37,713.7942,1,1,53
53,38,712.9892,1,1,55
53,39,706.7940,1,1,52
53,40,1.6480,0,0,0
53,41,1.4688,0,0,0
53,42,1.5656,0,0,0
53,43,702.1982,1,1,49
53,44,713.4494,1,1,50
53,45,1.2702,0,0,0
53,46,702.8746,1,1,49
53,47,1.2863,0,0,0
53,48,1.0885,0,0,0
53,49,1.1231,0,0,0
53,50,706.8220,1,1,127
53,51,706.5977,1,1,142
53,52,1.5762,0,0,0
53,53,703.7067,1,1,156
53,54,702.8371,1,1,163
53,55,1.4760,0,0,0
53,56,705.4567,1,1,165
53,57,1.6150,0,0,0
53,58,702.4645,1,1,174
53,59,704.7576,1,1,190
53,60,1.3634,0,0,0
53,61,702.0248,1,1,202
54,0,0.2652,0,0,0
54,1,0.9636,0,0,0
54,2,701.3485,1,1,102
54,3,706.3923,1,1,67
54,4,1.1845,0,0,0
54,5,709.2798,1,1,65
54,6,703.5067,1,1,61
54,7,703.0782,1,1,60
54,8,1.2118,0,0,0
54,9,712.7839,1,1,57
54,10,707.8452,1,1,60
54,11,711.9422,1,1,61
54,12,1.4942,0,0,0
54,13,1.1848,0,0,0
54,14,1.2571,0,0,0
54,15,702.7733,1,1,59
54,16,706.8576,1,1,59
54,17,1.1460,0,0,0
54,18,709.5166,1,1,59
54,19,714.0454,1,1,56
54,20,1.3162,0,0,0
54,21,708.4075,1,1,55
54,22,1.8154,0,0,0
54,23,702.0659,1,1,53
54,24,1.5775,0,0,0
54,25,711.7805,1,1,54
54,26,712.5774,1,1,55
54,27,1.2576,0,0,0
54,28,714.1135,1,1,53
54,29,1.4040,0,0,0
54,30,1.6964,0,0,0
54,31,708.8207,1,1,52
54,32,1.1931,0,0,0
54,33,712.9734,1,1,53
54,34,1.6362,0,0,0
54,35,1.5931,0,0,0
54,36,714.2245,1,1,53
54,37,1.6951,0,0,0
54,38,703.5308,1,1,52
54,39,701.8759,1,1,55
54,40,708.1403,1,1,53
54,41,1.9758,0,0,0
54,42,705.3310,1,1,63
54,43,708.2516,1,1,56
54,44,1.2932,0,0,0
54,45,703.4294,1,1,60
54,46,706.7787,1,1,60
54,47,706.5618,1,1,63
54,48,1.9252,0,0,0
54,49,707.0508,1,1,65
54,50,1.6198,0,0,0
54,51,706.5321,1,1,62
54,52,1.8560,0,0,0
54,53,702.6357,1,1,64
54,54,714.6236,1,1,67
54,55,707.1874,1,1,70
54,56,1.5071,0,0,0
54,57,703.2079,1,1,76
54,58,712.4252,1,1,59
54,59,702.7193,1,1,72
54,60,1.6549,0,0,0
54,61,1.3642,0,0,0
54,62,1.2121,0,0,0
54,63,2.0007,0,0,0
54,64,1.4152,0,0,0
54,65,1.3481,0,0,0
54,66,1.3178,0,0,0
55,0,0.2858,0,0,0
55,1,0.7757,0,0,0
55,2,1.5097,0,0,0
55,3,702.3132,1,1,100
55,4,1.2467,0,0,0
55,5,701.7005,1,1,98
55,6,705.3157,1,1,99
55,7,709.1092,1,1,100
55,8,0.9058,0,0,0
55,9,1.3132,0,0,0
55,10,702.4635,1,1,101
55,11,709.7692,1,1,64
55,12,704.2920,1,1,65
55,13,1.8280,0,0,0
55,14,703.6516,1,1,65
55,15,711.7832,1,1,66
55,16,711.3202,1,1,66
55,17,1.0284,0,0,0
55,18,707.3302,1,1,64
55,19,1.4265,0,0,0
55,20,709.2603,1,1,66
55,21,703.6431,1,1,65
55,22,704.6615,1,1,54
55,23,1.7597,0,0,0
55,24,701.9458,1,1,59
55,25,1.1528,0,0,0
55,26,1.3619,0,0,0
55,27,709.9870,1,1,51
55,28,714.5101,1,1,48
55,29,713.2034,1,1,49
55,30,715.0155,1,1,46
55,31,715.4832,1,1,47
55,32,1.7411,0,0,0
55,33,1.5680,0,0,0
55,34,1.9176,0,0,0
55,35,710.1054,1,1,48
55,36,1.4331,0,0,0
55,37,711.0396,1,1,48
55,38,1.3717,0,0,0
55,39,703.6217,1,1,48
55,40,706.2447,1,1,47
55,41,711.2329,1,1,49
55,42,2.1807,0,0,0
55,43,714.9892,1,1,48
55,44,712.7144,1,1,46
55,45,711.7213,1,1,47
55,46,711.4843,1,1,46
55,47,705.8379,1,1,45
55,48,1.5463,0,0,0
55,49,703.0077,1,1,45
55,50,1.6784,0,0,0
55,51,1.5167,0,0,0
55,52,703.8442,1,1,45
55,53,1.8548,0,0,0
55,54,706.0146,1,1,45
55,55,1.5493,0,0,0
55,56,715.1885,1,1,46
55,57,704.6311,1,1,121
55,58,1.8151,0,0,0
55,59,706.1929,1,1,146
55,60,704.4154,1,1,131
55,61,704.5396,1,1,136
55,62,1.5459,0,0,0
55,63,707.6044,1,1,147
56,0,0.2500,0,0,0
56,1,0.9049,0,0,0
56,2,702.2571,1,1,96
56,3,703.6793,1,1,97
56,4,702.0068,1,1,76
56,5,702.3491,1,1,75
56,6,0.9863,0,0,0
56,7,711.3536,1,1,72
56,8,709.8145,1,1,61
56,9,1.1047,0,0,0
56,10,709.8871,1,1,61
56,11,706.9467,1,1,59
56,12,1.1324,0,0,0
56,13,2.1719,0,0,0
56,14,706.0229,1,1,62
56,15,709.9486,1,1,67
56,16,706.6267,1,1,68
56,17,705.8715,1,1,67
56,18,1.4368,0,0,0
56,19,710.1105,1,1,73
56,20,1.2588,0,0,0
56,21,708.4431,1,1,75
56,22,707.6707,1,1,78
56,23,1.3594,0,0,0
56,24,704.0911,1,1,78
56,25,709.5766,1,1,81
56,26,1.1120,0,0,0
56,27,1.3001,0,0,0
56,28,1.1178,0,0,0
56,29,1.0079,0,0,0
56,30,1.0143,0,0,0
56,31,1.2751,0,0,0
56,32,0.9817,0,0,0
56,33,0.8604,0,0,0
56,34,712.6498,1,1,65
56,35,1.6056,0,0,0
56,36,704.6842,1,1,72
56,37,702.5381,1,1,77
56,38,1.2027,0,0,0
56,39,706.4542,1,1,80
56,40,1.6081,0,0,0
56,41,1.3535,0,0,0
56,42,1.1592,0,0,0
56,43,1.1426,0,0,0
56,44,1.3164,0,0,0
56,45,1.1547,0,0,0
56,46,1.6370,0,0,0
56,47,701.9428,1,1,183
56,48,701.9704,1,1,166
57,0,0.2293,0,0,0
57,1,1.2828,0,0,0
57,2,706.2069,1,1,85
57,3,1.2740,0,0,0
57,4,707.1402,1,1,101
57,5,1.6021,0,0,0
57,6,708.0680,1,1,103
57,7,706.7966,1,1,106
57,8,703.2801,1,1,110
57,9,1.1731,0,0,0
57,10,0.7637,0,0,0
57,11,711.3420,1,1,55
57,12,711.1272,1,1,59
57,13,704.8826,1,1,57
57,14,709.1317,1,1,49
57,15,716.1562,1,1,47
57,16,1.2710,0,0,0
57,17,718.0788,1,1,46
57,18,1.8300,0,0,0
57,19,701.3110,1,1,55
57,20,1.2638,0,0,0
57,21,1.4785,0,0,0
57,22,706.8587,1,1,54
57,23,1.3807,0,0,0
57,24,708.4370,1,1,52
57,25,711.9877,1,1,53
57,26,710.1095,1,1,52
57,27,701.8383,1,1,51
57,28,706.7761,1,1,48
57,29,1.5380,0,0,0
57,30,707.5086,1,1,48
57,31,1.5517,0,0,0
57,32,1.8140,0,0,0
57,33,704.7626,1,1,53
57,34,1.6918,0,0,0
57,35,1.7388,0,0,0
57,36,707.0744,1,1,52
57,37,1.9737,0,0,0
57,38,711.1028,1,1,52
57,39,714.3799,1,1,52
57,40,1.5400,0,0,0
57,41,1.9399,0,0,0
57,42,707.5187,1,1,52
57,43,1.7993,0,0,0
57,44,1.8200,0,0,0
57,45,1.3987,0,0,0
57,46,704.4076,1,1,53
57,47,714.9458,1,1,62
57,48,708.7538,1,1,54
57,49,1.5412,0,0,0
57,50,1.3414,0,0,0
57,51,710.6802,1,1,67
57,52,1.3354,0,0,0
57,53,703.1758,1,1,57
57,54,1.6696,0,0,0
57,55,704.8937,1,1,70
57,56,713.6476,1,1,65
57,57,703.3710,1,1,84
57,58,1.3540,0,0,0
57,59,1.1575,0,0,0
57,60,1.4252,0,0,0
57,61,1.2664,0,0,0
57,62,1.6094,0,0,0
57,63,1.5571,0,0,0
57,64,1.5904,0,0,0
58,0,0.2234,0,0,0
58,1,0.9069,0,0,0
58,2,703.4072,1,1,218
58,3,701.1098,1,1,223
58,4,1.2118,0,0,0
58,5,704.0101,1,1,169
58,6,1.5369,0,0,0
58,7,701.6130,1,1,155
58,8,709.9564,1,1,64
58,9,711.4556,1,1,65
58,10,707.4664,1,1,64
58,11,1.5821,0,0,0
58,12,1.3443,0,0,0
58,13,1.2125,0,0,0
58,14,701.3164,1,1,62
58,15,1.4605,0,0,0
58,16,706.1379,1,1,66
58,17,1.0339,0,0,0
58,18,0.8800,0,0,0
58,19,709.0171,1,1,60
58,20,711.6819,1,1,63
58,21,706.4555,1,1,68
58,22,1.0372,0,0,0
58,23,702.5623,1,1,61
58,24,711.3197,1,1,61
58,25,1.3515,0,0,0
58,26,711.6623,1,1,61
58,27,704.3536,1,1,61
58,28,701.6642,1,1,60
58,29,710.6115,1,1,58
58,30,1.1981,0,0,0
58,31,710.3751,1,1,58
58,32,712.7380,1,1,56
58,33,2.1589,0,0,0
58,34,701.9904,1,1,52
58,35,710.7604,1,1,52
58,36,1.1766,0,0,0
58,37,1.4965,0,0,0
58,38,711.4396,1,1,52
58,39,1.6789,0,0,0
58,40,702.1192,1,1,53
58,41,1.8535,0,0,0
58,42,713.0711,1,1,53
58,43,1.3462,0,0,0
58,44,1.8502,0,0,0
58,45,703.0957,1,1,56
58,46,707.3516,1,1,61
58,47,709.8063,1,1,57
58,48,706.8716,1,1,59
58,49,1.3308,0,0,0
58,50,708.2346,1,1,61
58,51,709.2251,1,1,58
58,52,1.4465,0,0,0
58,53,703.8906,1,1,57
59,0,0.2131,0,0,0
59,1,0.7944,0,0,0
59,2,702.0667,1,1,80
59,3,701.2634,1,1,76
59,4,1.2751,0,0,0
59,5,1.2390,0,0,0
59,6,702.1083,1,1,114
59,7,701.4331,1,1,106
59,8,1.3024,0,0,0
59,9,701.9056,1,1,116
59,10,705.4623,1,1,74
59,11,708.4657,1,1,82
59,12,703.9878,1,1,88
59,13,1.4251,0,0,0
59,14,702.3295,1,1,74
59,15,1.1274,0,0,0
59,16,701.1995,1,1,72
59,17,703.9958,1,1,72
59,18,1.2080,0,0,0
59,19,707.5039,1,1,93
59,20,1.1073,0,0,0
59,21,704.5984,1,1,95
59,22,1.0270,0,0,0
59,23,705.0851,1,1,66
59,24,706.4330,1,1,66
59,25,702.1310,1,1,66
59,26,710.2271,1,1,62
59,27,709.9016,1,1,61
59,28,1.4487,0,0,0
59,29,706.0241,1,1,60
59,30,1.6028,0,0,0
59,31,704.2932,1,1,63
59,32,706.9525,1,1,64
59,33,1.2041,0,0,0
59,34,701.9925,1,1,65
59,35,1.6699,0,0,0
59,36,703.8346,1,1,70
59,37,1.4407,0,0,0
59,38,706.0397,1,1,71
59,39,1.5909,0,0,0
59,40,706.0396,1,1,74
59,41,1.2840,0,0,0
59,42,701.6609,1,1,78
59,43,1.9856,0,0,0
59,44,1.7564,0,0,0
59,45,1.4609,0,0,0
59,46,709.0100,1,1,88
59,47,705.4666,1,1,59
59,48,1.8193,0,0,0
59,49,708.8074,1,1,63
59,50,1.2958,0,0,0
59,51,1.4922,0,0,0
59,52,701.9821,1,1,90
59,53,1.3588,0,0,0
59,54,702.0361,1,1,93
59,55,1.2285,0,0,0
59,56,704.3699,1,1,92
59,57,1.3099,0,0,0
59,58,705.0315,1,1,104
59,59,1.3402,0,0,0
59,60,1.3165,0,0,0
59,61,1.2657,0,0,0
59,62,1.0455,0,0,0
59,63,0.9976,0,0,0
59,64,1.1382,0,0,0
59,65,0.9874,0,0,0
59,66,1.1729,0,0,0
59,67,707.5953,1,1,180
59,68,1.5085,0,0,0
59,69,705.5131,1,1,143
59,70,703.1578,1,1,149
59,71,706.2113,1,1,112
59,72,705.6110,1,1,69
59,73,1.1970,0,0,0
59,74,1.0394,0,0,0
59,75,704.3502,1,1,72
59,76,704.4597,1,1,81
59,77,1.5096,0,0,0
59,78,707.2956,1,1,165
59,79,1.6858,0,0,0
59,80,2.0689,0,0,0
59,81,1.8054,0,0,0
59,82,702.3421,1,1,205
59,83,702.7001,1,1,202
59,84,1.6738,0,0,0
59,85,1.3839,0,0,0
59,86,703.8782,1,1,220
59,87,1.7533,0,0,0
59,88,1.3208,0,0,0
59,89,1.1457,0,0,0
59,90,1.2801,0,0,0
59,91,1.1237,0,0,0
59,92,1.1505,0,0,0
60,0,0.3254,0,0,0
60,1,0.9685,0,0,0
60,2,707.7400,1,1,151
60,3,0.7987,0,0,0
60,4,707.4876,1,1,66
60,5,704.0329,1,1,65
60,6,702.5744,1,1,67
60,7,0.8102,0,0,0
60,8,707.2576,1,1,66
60,9,709.0129,1,1,63
60,10,711.0603,1,1,62
60,11,704.0526,1,1,58
60,12,1.3181,0,0,0
60,13,1.0665,0,0,0
60,14,1.1405,0,0,0
60,15,704.3553,1,1,70
60,16,709.8845,1,1,72
60,17,0.9943,0,0,0
60,18,709.3682,1,1,68
60,19,709.0307,1,1,68
60,20,710.5455,1,1,69
60,21,711.8185,1,1,67
60,22,708.6600,1,1,67
60,23,707.7485,1,1,67
60,24,705.6673,1,1,67
60,25,705.5896,1,1,67
60,26,711.2687,1,1,69
60,27,1.0455,0,0,0
60,28,0.9251,0,0,0
60,29,707.4128,1,1,73
60,30,1.4922,0,0,0
60,31,1.1669,0,0,0
60,32,1.0528,0,0,0
60,33,1.2937,0,0,0
60,34,1.4146,0,0,0
60,35,1.2106,0,0,0
60,36,1.0104,0,0,0
60,37,703.4577,1,1,65
60,38,1.1930,0,0,0
60,39,0.9852,0,0,0
60,40,1.2006,0,0,0
60,41,0.9969,0,0,0
60,42,1.0638,0,0,0
60,43,1.0715,0,0,0
60,44,1.1915,0,0,0
60,45,0.9294,0,0,0
60,46,704.0909,1,1,88
60,47,705.9991,1,1,92
60,48,1.3250,0,0,0
60,49,705.2939,1,1,93
60,50,1.4435,0,0,0
60,51,710.7118,1,1,90
60,52,1.6865,0,0,0
60,53,1.7736,0,0,0
60,54,707.1503,1,1,100
60,55,703.8698,1,1,102
60,56,710.6896,1,1,80
60,57,1.5388,0,0,0
60,58,1.3482,0,0,0
60,59,1.2864,0,0,0
60,60,1.0001,0,0,0
60,61,1.1963,0,0,0
60,62,1.2890,0,0,0
60,63,1.0977,0,0,0
60,64,703.8880,1,1,261
60,65,1.6974,0,0,0
60,66,702.4496,1,1,252
60,67,1.9008,0,0,0
60,68,701.9001,1,1,288
60,69,702.1028,1,1,298
60,70,1.6472,0,0,0
60,71,702.0552,1,1,271
60,72,704.4561,1,1,226
60,73,704.9515,1,1,237
60,74,1.3798,0,0,0
60,75,1.6192,0,0,0
60,76,1.3472,0,0,0
60,77,1.4814,0,0,0
60,78,1.4521,0,0,0
60,79,1.2450,0,0,0
60,80,1.9609,0,0,0
61,0,0.2724,0,0,0
61,1,0.8400,0,0,0
61,2,702.4606,1,1,94
61,3,703.4517,1,1,86
61,4,0.9433,0,0,0
61,5,1.2153,0,0,0
61,6,703.3778,1,1,125
61,7,706.3870,1,1,87
61,8,706.7859,1,1,86
61,9,712.6265,1,1,59
61,10,710.5469,1,1,57
61,11,706.0318,1,1,58
61,12,1.2075,0,0,0
61,13,708.1896,1,1,58
61,14,704.8446,1,1,58
61,15,1.6749,0,0,0
61,16,1.1388,0,0,0
61,17,1.1027,0,0,0
61,18,705.0911,1,1,58
61,19,704.3688,1,1,57
61,20,706.6811,1,1,56
61,21,705.6978,1,1,56
61,22,1.5153,0,0,0
61,23,708.7277,1,1,55
62,0,0.3223,0,0,0
62,1,1.5094,0,0,0
62,2,0.8706,0,0,0
62,3,703.2034,1,1,203
62,4,703.9812,1,1,213
62,5,702.4027,1,1,212
62,6,1.3088,0,0,0
62,7,701.4817,1,1,260
62,8,703.0894,1,1,279
62,9,701.6738,1,1,302
62,10,707.8580,1,1,118
62,11,703.1519,1,1,130
62,12,703.9772,1,1,157
62,13,702.7205,1,1,157
62,14,1.0938,0,0,0
62,15,704.2511,1,1,151
62,16,702.1798,1,1,175
62,17,702.8876,1,1,187
62,18,1.2885,0,0,0
62,19,1.4473,0,0,0
62,20,1.5683,0,0,0
62,21,703.7221,1,1,228
62,22,0.8983,0,0,0
62,23,701.7817,1,1,231
62,24,1.0166,0,0,0
62,25,1.1208,0,0,0
62,26,0.9742,0,0,0
62,27,1.2256,0,0,0
62,28,0.9775,0,0,0
62,29,0.8068,0,0,0
62,30,1.0911,0,0,0
62,31,705.0254,1,1,243
62,32,704.2544,1,1,288
62,33,1.3358,0,0,0
62,34,702.6043,1,1,262
62,35,1.1332,0,0,0
62,36,1.0045,0,0,0
62,37,0.9465,0,0,0
62,38,1.1476,0,0,0
62,39,0.8664,0,0,0
62,40,0.9356,0,0,0
62,41,1.0005,0,0,0
62,42,0.8936,0,0,0
62,43,0.7429,0,0,0
63,0,0.2243,0,0,0
63,1,1.0463,0,0,0
63,2,0.8381,0,0,0
63,3,701.9489,1,1,152
63,4,712.1726,1,1,64
63,5,703.5217,1,1,63
63,6,708.9227,1,1,64
63,7,706.6494,1,1,62
63,8,710.1333,1,1,61
63,9,0.9270,0,0,0
63,10,1.3335,0,0,0
63,11,705.7120,1,1,63
63,12,708.1523,1,1,63
63,13,1.7290,0,0,0
63,14,1.2309,0,0,0
63,15,1.0771,0,0,0
63,16,710.4340,1,1,63
63,17,1.4936,0,0,0
63,18,709.7937,1,1,60
63,19,708.6398,1,1,62
63,20,1.5302,0,0,0
63,21,1.1918,0,0,0
63,22,1.2560,0,0,0
63,23,709.0649,1,1,59
63,24,711.9264,1,1,59
63,25,1.4549,0,0,0
63,26,1.4681,0,0,0
63,27,702.9794,1,1,59
63,28,1.4219,0,0,0
63,29,708.1824,1,1,62
63,30,1.4912,0,0,0
63,31,706.2783,1,1,65
63,32,703.5074,1,1,59
63,33,712.0008,1,1,59
63,34,1.2546,0,0,0
63,35,1.2700,0,0,0
63,36,705.2423,1,1,63
63,37,1.5291,0,0,0
63,38,703.9745,1,1,67
63,39,712.2105,1,1,62
63,40,703.6518,1,1,66
63,41,1.9943,0,0,0
63,42,709.0572,1,1,66
63,43,706.3587,1,1,67
64,0,0.2413,0,0,0
64,1,1.3768,0,0,0
64,2,707.2272,1,1,130
64,3,1.0957,0,0,0
64,4,702.5928,1,1,233
64,5,702.9020,1,1,235
64,6,701.8501,1,1,243
64,7,705.8215,1,1,76
64,8,704.7679,1,1,72
64,9,1.7388,0,0,0
64,10,709.4256,1,1,69
64,11,701.7439,1,1,78
64,12,707.3020,1,1,70
64,13,1.0260,0,0,0
64,14,707.2944,1,1,69
64,15,711.4618,1,1,69
64,16,705.0919,1,1,68
64,17,1.4983,0,0,0
64,18,1.5859,0,0,0
64,19,1.3557,0,0,0
64,20,711.0415,1,1,69
64,21,1.0565,0,0,0
64,22,709.0620,1,1,68
64,23,1.4825,0,0,0
64,24,703.4949,1,1,68
64,25,703.2776,1,1,68
64,26,1.1573,0,0,0
64,27,1.5737,0,0,0
64,28,707.3261,1,1,68
64,29,706.0352,1,1,61
64,30,710.4716,1,1,61
64,31,710.9945,1,1,64
64,32,709.1383,1,1,64
64,33,1.5215,0,0,0
64,34,706.0099,1,1,62
64,35,709.5846,1,1,57
64,36,1.1863,0,0,0
64,37,1.6217,0,0,0
64,38,709.1110,1,1,56
64,39,1.2106,0,0,0
64,40,1.4342,0,0,0
64,41,702.1464,1,1,56
64,42,710.3722,1,1,56
64,43,707.1462,1,1,57
64,44,703.1282,1,1,58
64,45,1.1605,0,0,0
64,46,709.1839,1,1,57
64,47,709.0526,1,1,60
64,48,707.4974,1,1,65
64,49,701.6950,1,1,74
64,50,1.5317,0,0,0
64,51,706.8916,1,1,80
64,52,1.4913,0,0,0
64,53,1.1565,0,0,0
64,54,1.5956,0,0,0
64,55,1.1302,0,0,0
64,56,1.2248,0,0,0
64,57,1.1420,0,0,0
64,58,1.2801,0,0,0
64,59,2.1906,0,0,0
64,60,701.9440,1,1,179
64,61,1.5537,0,0,0
64,62,701.7953,1,1,196
64,63,704.0744,1,1,213
64,64,1.3918,0,0,0
64,65,703.2706,1,1,253
64,66,1.2625,0,0,0
64,67,703.3774,1,1,286
65,0,0.2688,0,0,0
65,1,0.8047,0,0,0
65,2,702.3338,1,1,79
65,3,0.8469,0,0,0
65,4,1.3971,0,0,0
65,5,709.2642,1,1,83
65,6,704.4054,1,1,76
65,7,713.2556,1,1,63
65,8,1.4361,0,0,0
65,9,1.4191,0,0,0
65,10,1.4377,0,0,0
65,11,711.1619,1,1,61
65,12,707.0970,1,1,56
65,13,1.6539,0,0,0
65,14,701.6494,1,1,64
65,15,707.1055,1,1,64
65,16,1.1070,0,0,0
65,17,1.9809,0,0,0
65,18,706.8657,1,1,64
65,19,1.2259,0,0,0
65,20,704.5266,1,1,61
65,21,1.2374,0,0,0
65,22,702.4908,1,1,59
65,23,701.7905,1,1,57
65,24,1.3483,0,0,0
65,25,701.3625,1,1,57
65,26,713.0229,1,1,57
65,27,703.4261,1,1,56
65,28,1.2476,0,0,0
65,29,1.4092,0,0,0
65,30,703.5192,1,1,56
65,31,714.0617,1,1,56
65,32,715.5208,1,1,54
65,33,1.6458,0,0,0
65,34,1.4094,0,0,0
65,35,1.4588,0,0,0
65,36,702.6689,1,1,55
65,37,702.2002,1,1,58
65,38,1.7326,0,0,0
65,39,1.2748,0,0,0
65,40,1.4842,0,0,0
65,41,1.6078,0,0,0
65,42,1.3188,0,0,0
65,43,1.2585,0,0,0
65,44,1.9061,0,0,0
65,45,705.3291,1,1,89
65,46,710.7233,1,1,76
65,47,1.3802,0,0,0
65,48,713.6332,1,1,66
65,49,1.4653,0,0,0
65,50,706.8802,1,1,71
65,51,1.8229,0,0,0
65,52,712.6790,1,1,77
65,53,702.2085,1,1,71
65,54,1.7283,0,0,0
65,55,703.6344,1,1,71
65,56,1.3054,0,0,0
65,57,707.4607,1,1,47
65,58,1.6063,0,0,0
65,59,1.1570,0,0,0
65,60,706.7060,1,1,52
65,61,701.8489,1,1,54
65,62,705.2133,1,1,45
65,63,713.7600,1,1,48
65,64,708.9082,1,1,63
65,65,712.8745,1,1,61
65,66,1.8815,0,0,0
65,67,710.9061,1,1,64
65,68,707.8981,1,1,65
65,69,1.5057,0,0,0
65,70,706.2148,1,1,67
65,71,709.6341,1,1,66
65,72,1.6594,0,0,0
65,73,1.4995,0,0,0
65,74,708.8654,1,1,69
65,75,1.8153,0,0,0
65,76,709.4198,1,1,74
65,77,1.4333,0,0,0
65,78,706.9486,1,1,79
65,79,704.1062,1,1,92
65,80,708.8014,1,1,91
65,81,709.0360,1,1,90
65,82,707.2946,1,1,89
65,83,706.4390,1,1,89
65,84,708.5522,1,1,90
65,85,1.5242,0,0,0
65,86,2.1441,0,0,0
65,87,704.7928,1,1,93
65,88,704.1919,1,1,92
65,89,708.6532,1,1,89
65,90,702.6997,1,1,133
65,91,704.8767,1,1,154
65,92,701.9505,1,1,1782
66,0,0.2675,0,0,0
66,1,0.8357,0,0,0
66,2,701.5037,1,1,206
66,3,703.7499,1,1,70
66,4,703.7120,1,1,62
66,5,1.6544,0,0,0
66,6,1.2233,0,0,0
66,7,706.5894,1,1,66
66,8,709.7866,1,1,64
66,9,711.0683,1,1,64
66,10,1.4149,0,0,0
66,11,711.7144,1,1,62
66,12,702.4058,1,1,61
66,13,2.0573,0,0,0
66,14,1.4675,0,0,0
66,15,702.7831,1,1,63
66,16,709.2028,1,1,63
66,17,706.4241,1,1,57
66,18,710.3164,1,1,58
66,19,712.2575,1,1,58
66,20,1.1840,0,0,0
66,21,1.1761,0,0,0
66,22,705.0916,1,1,57
66,23,712.1574,1,1,59
66,24,713.4168,1,1,52
66,25,1.4947,0,0,0
66,26,709.9283,1,1,52
66,27,704.9187,1,1,51
66,28,708.8675,1,1,50
66,29,705.2715,1,1,50
66,30,708.1115,1,1,49
66,31,1.7264,0,0,0
66,32,1.7263,0,0,0
66,33,706.7657,1,1,47
66,34,1.4297,0,0,0
66,35,708.1048,1,1,48
66,36,1.4344,0,0,0
66,37,704.3009,1,1,47
66,38,714.6266,1,1,49
66,39,1.4794,0,0,0
66,40,1.6648,0,0,0
66,41,708.2281,1,1,48
66,42,710.0336,1,1,48
66,43,710.1152,1,1,44
66,44,1.3949,0,0,0
66,45,705.0108,1,1,48
66,46,706.5406,1,1,48
66,47,707.2510,1,1,48
66,48,2.1391,0,0,0
66,49,710.8067,1,1,53
66,50,718.6985,1,1,54
66,51,1.7256,0,0,0
66,52,713.9946,1,1,59
66,53,706.2171,1,1,71
66,54,711.6398,1,1,73
66,55,1.5493,0,0,0
66,56,709.2422,1,1,77
66,57,702.7299,1,1,77
66,58,1.6027,0,0,0
66,59,709.6668,1,1,78
67,0,0.2105,0,0,0
67,1,0.8770,0,0,0
67,2,0.7811,0,0,0
67,3,703.5130,1,1,115
67,4,703.4239,1,1,113
67,5,702.7917,1,1,74
67,6,701.5083,1,1,83
67,7,701.2120,1,1,83
67,8,706.7688,1,1,83
67,9,0.8105,0,0,0
67,10,710.0454,1,1,92
68,0,0.2151,0,0,0
68,1,0.7895,0,0,0
68,2,0.6284,0,0,0
68,3,701.9896,1,1,142
68,4,703.7079,1,1,252
68,5,1.2517,0,0,0
68,6,704.4430,1,1,278
68,7,0.7052,0,0,0
68,8,709.7684,1,1,78
68,9,1.2821,0,0,0
68,10,1.1455,0,0,0
68,11,703.4182,1,1,69
68,12,701.8556,1,1,63
68,13,703.7073,1,1,68
68,14,707.1640,1,1,68
68,15,1.1101,0,0,0
68,16,707.3952,1,1,67
68,17,709.0864,1,1,67
68,18,705.3203,1,1,66
68,19,709.5439,1,1,65
68,20,711.2765,1,1,66
68,21,705.6078,1,1,65
68,22,710.0900,1,1,62
68,23,711.4000,1,1,62
68,24,0.9802,0,0,0
68,25,704.1678,1,1,60
68,26,703.1158,1,1,60
68,27,709.9720,1,1,60
68,28,1.1579,0,0,0
68,29,709.7362,1,1,60
68,30,702.9651,1,1,60
68,31,1.5890,0,0,0
68,32,1.0888,0,0,0
68,33,1.6644,0,0,0
68,34,711.9403,1,1,60
68,35,705.6188,1,1,65
68,36,1.3500,0,0,0
68,37,706.9948,1,1,60
68,38,1.2040,0,0,0
68,39,703.6207,1,1,59
68,40,1.6893,0,0,0
68,41,711.6458,1,1,57
68,42,1.7950,0,0,0
68,43,711.4783,1,1,57
68,44,1.6319,0,0,0
68,45,702.0740,1,1,57
68,46,702.6442,1,1,57
68,47,1.3805,0,0,0
68,48,1.4427,0,0,0
68,49,713.8889,1,1,58
68,50,702.4555,1,1,58
68,51,1.2784,0,0,0
68,52,714.4445,1,1,58
68,53,1.3650,0,0,0
68,54,713.7710,1,1,62
68,55,1.4990,0,0,0
68,56,702.8574,1,1,64
68,57,1.2823,0,0,0
68,58,704.7742,1,1,68
68,59,701.9936,1,1,70
68,60,705.5974,1,1,70
68,61,1.2801,0,0,0
68,62,705.9031,1,1,75
68,63,1.3196,0,0,0
68,64,711.0935,1,1,87
68,65,703.1954,1,1,78
68,66,710.9299,1,1,80
68,67,1.6627,0,0,0
68,68,702.1762,1,1,94
68,69,1.4810,0,0,0
68,70,703.4979,1,1,113
68,71,702.7961,1,1,111
68,72,707.7455,1,1,108
68,73,1.4481,0,0,0
68,74,1.3567,0,0,0
68,75,701.8766,1,1,95
68,76,1.9189,0,0,0
68,77,703.7377,1,1,126
68,78,1.3869,0,0,0
68,79,1.2387,0,0,0
68,80,702.0246,1,1,147
68,81,1.4658,0,0,0
68,82,705.8689,1,1,156
68,83,702.1649,1,1,179
68,84,702.4258,1,1,174
68,85,1.7620,0,0,0
68,86,702.4407,1,1,175
68,87,704.7485,1,1,196
68,88,1.4418,0,0,0
68,89,703.7719,1,1,212
68,90,704.1375,1,1,222
68,91,702.4848,1,1,218
68,92,1.6010,0,0,0
68,93,1.4123,0,0,0
68,94,702.7567,1,1,256
69,0,0.2748,0,0,0
69,1,1.2048,0,0,0
69,2,701.2311,1,1,117
69,3,708.2707,1,1,119
69,4,703.9624,1,1,121
69,5,711.3373,1,1,61
69,6,1.7109,0,0,0
69,7,1.1326,0,0,0
69,8,706.6325,1,1,62
69,9,703.3948,1,1,62
69,10,701.5851,1,1,61
69,11,710.9292,1,1,62
69,12,0.9345,0,0,0
69,13,709.6181,1,1,61
69,14,712.6093,1,1,60
69,15,1.4689,0,0,0
69,16,1.3683,0,0,0
69,17,1.3926,0,0,0
69,18,705.5060,1,1,59
69,19,704.8457,1,1,59
69,20,705.7283,1,1,56
69,21,704.6668,1,1,53
69,22,1.0389,0,0,0
69,23,713.8693,1,1,57
69,24,1.2604,0,0,0
69,25,1.2747,0,0,0
69,26,705.5866,1,1,57
69,27,709.9670,1,1,57
69,28,1.3673,0,0,0
69,29,703.2396,1,1,56
69,30,703.3378,1,1,56
69,31,1.4599,0,0,0
69,32,1.4588,0,0,0
69,33,1.4624,0,0,0
69,34,710.4353,1,1,57
69,35,1.3933,0,0,0
69,36,709.7899,1,1,59
69,37,711.0237,1,1,59
69,38,709.4950,1,1,60
69,39,1.2493,0,0,0
69,40,703.4521,1,1,59
69,41,702.1018,1,1,60
69,42,1.2434,0,0,0
69,43,710.7453,1,1,62
69,44,704.3653,1,1,78
69,45,1.5394,0,0,0
69,46,705.2142,1,1,84
69,47,702.2906,1,1,87
69,48,1.6451,0,0,0
69,49,708.8421,1,1,92
69,50,702.4895,1,1,95
69,51,708.9261,1,1,87
69,52,707.1007,1,1,89
69,53,707.2475,1,1,93
69,54,1.1458,0,0,0
69,55,708.7954,1,1,91
69,56,707.4832,1,1,104
69,57,1.2154,0,0,0
69,58,1.4917,0,0,0
69,59,1.2452,0,0,0
69,60,1.1851,0,0,0
69,61,1.0507,0,0,0
69,62,1.3700,0,0,0
69,63,711.5973,1,1,65
69,64,1.3609,0,0,0
69,65,711.5375,1,1,67
69,66,1.3406,0,0,0
69,67,702.3356,1,1,69
69,68,1.5430,0,0,0
69,69,706.4074,1,1,70
69,70,707.1171,1,1,66
69,71,1.3447,0,0,0
69,72,1.1473,0,0,0
69,73,1.1916,0,0,0
69,74,1.2746,0,0,0
69,75,1.0967,0,0,0
69,76,1.1676,0,0,0
69,77,1.5310,0,0,0
69,78,1.5639,0,0,0
69,79,2.0970,0,0,0
69,80,703.2050,1,1,171
69,81,1.6339,0,0,0
69,82,706.6560,1,1,164
69,83,704.7092,1,1,172
69,84,1.6686,0,0,0
69,85,704.1371,1,1,183
69,86,702.3739,1,1,191
69,87,704.9301,1,1,182
69,88,1.5863,0,0,0
69,89,704.1286,1,1,192
69,90,703.0936,1,1,201
69,91,702.8603,1,1,222
69,92,703.0493,1,1,242
69,93,1.5529,0,0,0
69,94,702.0636,1,1,264
70,0,0.2243,0,0,0
70,1,1.9871,0,0,0
70,2,703.7261,1,1,73
70,3,0.8063,0,0,0
70,4,1.6497,0,0,0
70,5,701.3675,1,1,81
70,6,709.8437,1,1,88
70,7,705.2313,1,1,77
70,8,0.6907,0,0,0
70,9,0.6409,0,0,0
70,10,707.5779,1,1,79
70,11,703.5422,1,1,66
70,12,704.4152,1,1,66
70,13,707.5656,1,1,65
70,14,703.9360,1,1,65
70,15,702.1695,1,1,64
70,16,709.6532,1,1,65
70,17,701.4460,1,1,64
70,18,711.0115,1,1,55
70,19,706.1258,1,1,57
70,20,1.0682,0,0,0
70,21,711.2402,1,1,63
70,22,1.3359,0,0,0
70,23,708.6013,1,1,58
70,24,1.5786,0,0,0
70,25,708.2918,1,1,59
70,26,706.1908,1,1,59
70,27,1.8568,0,0,0
70,28,701.6814,1,1,60
70,29,1.8757,0,0,0
70,30,704.5490,1,1,74
70,31,1.5069,0,0,0
70,32,709.2020,1,1,77
70,33,1.5805,0,0,0
70,34,1.3456,0,0,0
70,35,705.6507,1,1,93
70,36,704.9089,1,1,86
70,37,709.2731,1,1,74
70,38,1.4016,0,0,0
70,39,1.5064,0,0,0
70,40,704.5831,1,1,69
70,41,1.3761,0,0,0
70,42,1.3260,0,0,0
70,43,701.5460,1,1,78
70,44,705.3443,1,1,80
70,45,1.5768,0,0,0
70,46,704.1910,1,1,84
70,47,1.4811,0,0,0
70,48,705.8723,1,1,90
70,49,704.3853,1,1,89
70,50,1.4253,0,0,0
71,0,0.2248,0,0,0
71,1,0.9337,0,0,0
71,2,702.5371,1,1,193
71,3,704.8387,1,1,80
71,4,706.9481,1,1,81
71,5,709.1226,1,1,81
71,6,708.9823,1,1,65
71,7,1.0875,0,0,0
71,8,709.7769,1,1,65
71,9,1.0054,0,0,0
72,0,0.2422,0,0,0
72,1,0.9263,0,0,0
72,2,1.0331,0,0,0
72,3,0.6379,0,0,0
72,4,706.3248,1,1,89
72,5,704.0289,1,1,94
72,6,702.1336,1,1,92
72,7,0.8928,0,0,0
72,8,707.5112,1,1,67
72,9,707.5744,1,1,66
72,10,712.0058,1,1,65
72,11,711.1275,1,1,67
72,12,1.1157,0,0,0
72,13,707.5284,1,1,66
72,14,701.2280,1,1,65
72,15,711.5380,1,1,66
72,16,701.4940,1,1,64
72,17,704.1250,1,1,65
72,18,1.0342,0,0,0
72,19,704.9912,1,1,66
72,20,1.2177,0,0,0
72,21,1.2427,0,0,0
72,22,702.1390,1,1,74
72,23,1.1684,0,0,0
72,24,708.5719,1,1,78
72,25,708.8051,1,1,78
72,26,1.5977,0,0,0
72,27,703.7245,1,1,83
72,28,706.5397,1,1,83
72,29,701.3715,1,1,86
72,30,709.2984,1,1,87
72,31,1.4376,0,0,0
72,32,703.3641,1,1,82
72,33,709.3800,1,1,84
72,34,1.3695,0,0,0
72,35,708.0624,1,1,81
72,36,702.5755,1,1,91
72,37,1.1246,0,0,0
72,38,1.2285,0,0,0
72,39,1.2760,0,0,0
72,40,1.0274,0,0,0
72,41,1.1466,0,0,0
72,42,1.2134,0,0,0
72,43,1.0779,0,0,0
72,44,704.2145,1,1,147
72,45,1.2090,0,0,0
72,46,705.1517,1,1,151
72,47,1.0648,0,0,0
72,48,701.9083,1,1,126
72,49,701.9308,1,1,132
72,50,1.1591,0,0,0
72,51,705.0067,1,1,130
72,52,1.2582,0,0,0
72,53,0.8680,0,0,0
72,54,0.9630,0,0,0
72,55,0.9760,0,0,0
72,56,1.1358,0,0,0
72,57,0.8644,0,0,0
72,58,0.8614,0,0,0
72,59,0.9077,0,0,0
72,60,701.6407,1,1,464
72,61,1.1354,0,0,0
72,62,702.3443,1,1,560
72,63,1.4235,0,0,0
72,64,702.0381,1,1,1057
72,65,703.1448,1,1,671
72,66,702.1344,1,1,386
72,67,1.0883,0,0,0
73,0,0.2217,0,0,0
73,1,0.7662,0,0,0
73,2,0.8809,0,0,0
73,3,707.2068,1,1,101
73,4,703.0184,1,1,65
73,5,1.5429,0,0,0
73,6,1.3570,0,0,0
73,7,1.0891,0,0,0
73,8,706.8826,1,1,65
73,9,1.1173,0,0,0
73,10,1.1744,0,0,0
73,11,703.3546,1,1,65
73,12,0.8879,0,0,0
73,13,702.3700,1,1,65
73,14,1.4505,0,0,0
73,15,712.6618,1,1,57
73,16,706.1698,1,1,53
73,17,0.9643,0,0,0
73,18,702.1262,1,1,53
73,19,1.1654,0,0,0
73,20,1.0564,0,0,0
73,21,1.3493,0,0,0
73,22,705.1270,1,1,73
73,23,1.4829,0,0,0
73,24,707.0649,1,1,80
73,25,1.4393,0,0,0
73,26,1.4738,0,0,0
73,27,1.0381,0,0,0
73,28,704.9019,1,1,82
73,29,701.4941,1,1,80
73,30,707.5502,1,1,90
73,31,704.5183,1,1,73
73,32,1.0648,0,0,0
73,33,1.2992,0,0,0
73,34,701.9995,1,1,77
73,35,1.0338,0,0,0
73,36,1.0358,0,0,0
73,37,705.0878,1,1,91
73,38,703.2210,1,1,90
73,39,708.3950,1,1,90
73,40,706.8458,1,1,93
73,41,1.7155,0,0,0
73,42,706.0006,1,1,96
73,43,1.1682,0,0,0
73,44,708.2349,1,1,118
73,45,703.5953,1,1,162
73,46,707.0112,1,1,117
73,47,1.2784,0,0,0
73,48,1.6845,0,0,0
73,49,702.7620,1,1,149
73,50,702.0441,1,1,162
73,51,6.1698,0,0,0
73,52,703.9467,1,1,193
73,53,704.0901,1,1,206
73,54,701.9529,1,1,184
73,55,1.4215,0,0,0
73,56,701.6807,1,1,203
73,57,703.3761,1,1,210
73,58,1.4455,0,0,0
73,59,1.1884,0,0,0
74,0,0.3429,0,0,0
74,1,1.9276,0,0,0
74,2,0.7614,0,0,0
74,3,709.4923,1,1,90
74,4,706.0356,1,1,95
75,0,0.2431,0,0,0
75,1,0.8991,0,0,0
75,2,0.8278,0,0,0
75,3,701.8479,1,1,95
75,4,710.1605,1,1,99
75,5,701.7269,1,1,95
75,6,1.1680,0,0,0
75,7,702.0240,1,1,102
75,8,708.9629,1,1,109
75,9,712.2460,1,1,61
75,10,1.1216,0,0,0
75,11,702.9567,1,1,61
75,12,710.0348,1,1,63
75,13,705.0218,1,1,63
75,14,1.1394,0,0,0
75,15,702.5822,1,1,62
75,16,1.0943,0,0,0
75,17,1.0526,0,0,0
75,18,708.2393,1,1,62
75,19,706.9041,1,1,58
75,20,1.2736,0,0,0
75,21,705.9359,1,1,58
75,22,1.1639,0,0,0
75,23,1.5664,0,0,0
75,24,708.2127,1,1,55
75,25,1.2664,0,0,0
75,26,1.3738,0,0,0
75,27,706.6139,1,1,55
75,28,1.5647,0,0,0
75,29,709.9341,1,1,55
75,30,704.1517,1,1,54
75,31,1.5749,0,0,0
75,32,712.6868,1,1,55
75,33,1.3607,0,0,0
75,34,704.0668,1,1,54
75,35,1.3456,0,0,0
75,36,707.7044,1,1,53
75,37,705.6207,1,1,53
75,38,1.1886,0,0,0
75,39,709.3863,1,1,54
75,40,713.9852,1,1,54
75,41,1.3441,0,0,0
75,42,701.4589,1,1,51
75,43,710.9214,1,1,49
75,44,1.1414,0,0,0
75,45,708.2954,1,1,51
75,46,714.8080,1,1,53
75,47,714.7090,1,1,53
75,48,1.3773,0,0,0
75,49,703.8783,1,1,50
75,50,712.4766,1,1,50
75,51,2.3422,0,0,0
75,52,705.4349,1,1,52
75,53,1.6891,0,0,0
75,54,1.3232,0,0,0
75,55,702.0506,1,1,48
75,56,715.5760,1,1,48
75,57,710.3523,1,1,47
75,58,702.3179,1,1,47
75,59,715.5741,1,1,48
75,60,713.0386,1,1,48
75,61,1.5211,0,0,0
75,62,707.3343,1,1,47
75,63,1.4687,0,0,0
75,64,713.9327,1,1,47
75,65,704.4483,1,1,51
75,66,1.1908,0,0,0
75,67,711.1539,1,1,68
76,0,0.2198,0,0,0
76,1,0.8113,0,0,0
76,2,703.0992,1,1,207
76,3,701.6381,1,1,221
76,4,702.0200,1,1,248
76,5,1.4258,0,0,0
76,6,703.8322,1,1,196
76,7,702.2364,1,1,184
76,8,783.3139,1,1,68
76,9,709.2747,1,1,50
76,10,702.6019,1,1,67
76,11,1.0113,0,0,0
76,12,706.4321,1,1,70
76,13,703.9279,1,1,52
76,14,712.8507,1,1,52
76,15,703.0030,1,1,53
76,16,1.4474,0,0,0
76,17,707.2345,1,1,53
76,18,0.9993,0,0,0
76,19,709.9337,1,1,52
76,20,705.9222,1,1,50
76,21,1.3013,0,0,0
76,22,1.7971,0,0,0
76,23,706.3227,1,1,57
76,24,1.6474,0,0,0
76,25,706.1405,1,1,57
76,26,709.1523,1,1,57
76,27,1.9728,0,0,0
76,28,1.6542,0,0,0
76,29,1.5116,0,0,0
76,30,703.7988,1,1,57
76,31,704.4829,1,1,57
76,32,1.2071,0,0,0
76,33,707.4404,1,1,55
76,34,1.3161,0,0,0
76,35,1.7236,0,0,0
76,36,712.3121,1,1,60
76,37,1.1311,0,0,0
76,38,1.1854,0,0,0
76,39,1.0821,0,0,0
76,40,0.9415,0,0,0
76,41,1.4341,0,0,0
76,42,1.0899,0,0,0
76,43,1.3569,0,0,0
76,44,706.2235,1,1,68
76,45,711.8614,1,1,68
76,46,705.1457,1,1,67
76,47,1.4479,0,0,0
76,48,702.4375,1,1,72
76,49,702.1697,1,1,71
76,50,1.3473,0,0,0
76,51,1.3941,0,0,0
76,52,1.3620,0,0,0
76,53,1.5081,0,0,0
76,54,1.0348,0,0,0
76,55,1.1376,0,0,0
76,56,1.1443,0,0,0
76,57,1.6307,0,0,0
76,58,703.2618,1,1,353
76,59,1.6358,0,0,0
76,60,702.0988,1,1,407
76,61,1.1353,0,0,0
76,62,1.0127,0,0,0
76,63,1.2113,0,0,0
76,64,1.2026,0,0,0
76,65,0.9950,0,0,0
76,66,0.9673,0,0,0
76,67,1.1142,0,0,0
77,0,0.2513,0,0,0
77,1,1.1455,0,0,0
77,2,702.9129,1,1,101
77,3,704.3433,1,1,104
77,4,1.4773,0,0,0
77,5,700.8912,1,1,122
77,6,1.1641,0,0,0
77,7,701.2290,1,1,136
77,8,704.5144,1,1,131
77,9,702.1974,1,1,83
77,10,704.3672,1,1,83
77,11,1.0225,0,0,0
77,12,1.3914,0,0,0
77,13,702.8865,1,1,92
77,14,1.4663,0,0,0
77,15,709.8843,1,1,76
77,16,704.1433,1,1,72
77,17,783.8538,1,1,67
77,18,708.9440,1,1,61
77,19,1.4932,0,0,0
77,20,706.8598,1,1,61
77,21,708.5185,1,1,63
77,22,701.7554,1,1,63
77,23,0.9578,0,0,0
77,24,710.3757,1,1,64
77,25,705.7352,1,1,62
77,26,703.3695,1,1,116
77,27,1.5377,0,0,0
77,28,703.5772,1,1,124
77,29,706.6251,1,1,120
77,30,1.2988,0,0,0
77,31,1.3619,0,0,0
77,32,701.8529,1,1,152
77,33,1.3447,0,0,0
77,34,701.5065,1,1,155
77,35,703.3102,1,1,173
77,36,702.5863,1,1,152
77,37,1.7181,0,0,0
77,38,1.3844,0,0,0
77,39,1.3044,0,0,0
77,40,703.9761,1,1,162
77,41,706.3159,1,1,125
77,42,1.9736,0,0,0
77,43,705.8849,1,1,152
77,44,1.2648,0,0,0
77,45,702.3223,1,1,102
77,46,704.1808,1,1,143
77,47,1.1912,0,0,0
77,48,1.4864,0,0,0
77,49,704.4695,1,1,122
77,50,1.3486,0,0,0
77,51,701.8468,1,1,156
77,52,1.5520,0,0,0
77,53,701.7744,1,1,170
77,54,705.7035,1,1,165
77,55,702.0418,1,1,175
77,56,704.5489,1,1,187
77,57,1.6104,0,0,0
77,58,1.4590,0,0,0
77,59,1.2417,0,0,0
77,60,1.1993,0,0,0
77,61,1.2587,0,0,0
77,62,1.2047,0,0,0
77,63,704.6191,1,1,150
77,64,702.5176,1,1,155
77,65,1.4116,0,0,0
77,66,706.1100,1,1,164
77,67,1.2930,0,0,0
77,68,1.1957,0,0,0
77,69,1.3795,0,0,0
77,70,1.1030,0,0,0
77,71,1.1304,0,0,0
77,72,1.4150,0,0,0
77,73,1.1758,0,0,0
77,74,1.1255,0,0,0
77,75,1.3518,0,0,0
78,0,0.2281,0,0,0
78,1,0.7857,0,0,0
78,2,702.2025,1,1,240
78,3,704.5559,1,1,94
78,4,707.3002,1,1,78
78,5,707.9590,1,1,73
78,6,702.1943,1,1,70
78,7,706.0096,1,1,80
78,8,708.7035,1,1,80
78,9,705.8707,1,1,78
78,10,707.4072,1,1,72
78,11,703.3325,1,1,75
78,12,1.6120,0,0,0
78,13,701.4534,1,1,503
79,0,0.3937,0,0,0
79,1,0.8843,0,0,0
79,2,1.5157,0,0,0
79,3,0.6195,0,0,0
79,4,703.3531,1,1,74
79,5,0.7840,0,0,0
79,6,1.4525,0,0,0
79,7,706.8035,1,1,144
79,8,708.0673,1,1,149
79,9,704.3836,1,1,141
79,10,1.4126,0,0,0
79,11,705.3561,1,1,152
79,12,704.3128,1,1,74
79,13,711.6059,1,1,77
79,14,709.7153,1,1,70
79,15,706.2958,1,1,69
79,16,711.3891,1,1,67
79,17,704.2015,1,1,68
79,18,708.5266,1,1,72
79,19,708.7421,1,1,73
79,20,1.2490,0,0,0
79,21,706.2319,1,1,74
79,22,1.2858,0,0,0
79,23,709.3736,1,1,75
79,24,703.7984,1,1,73
79,25,1.2533,0,0,0
79,26,0.8617,0,0,0
79,27,1.7539,0,0,0
79,28,707.7243,1,1,60
79,29,710.9218,1,1,60
79,30,1.4713,0,0,0
79,31,709.3934,1,1,61
79,32,1.2643,0,0,0
79,33,1.3568,0,0,0
79,34,712.1474,1,1,59
79,35,1.4864,0,0,0
79,36,707.1592,1,1,58
79,37,702.8833,1,1,59
79,38,1.8586,0,0,0
79,39,709.9697,1,1,54
79,40,708.0327,1,1,57
79,41,707.2111,1,1,76
79,42,702.9536,1,1,79
79,43,710.6949,1,1,96
79,44,705.3372,1,1,70
79,45,1.7173,0,0,0
79,46,703.7417,1,1,135
79,47,704.3172,1,1,149
79,48,1.5469,0,0,0
79,49,1.6175,0,0,0
79,50,703.9806,1,1,201
79,51,702.6446,1,1,151
79,52,1.2478,0,0,0
79,53,1.2356,0,0,0
79,54,1.2242,0,0,0
79,55,1.1953,0,0,0
79,56,1.1312,0,0,0
79,57,1.3255,0,0,0
79,58,1.3941,0,0,0
79,59,1.1321,0,0,0
79,60,703.4815,1,1,166
79,61,1.4862,0,0,0
79,62,702.5856,1,1,180
79,63,1.8114,0,0,0
79,64,702.8816,1,1,244
79,65,705.1946,1,1,212
79,66,1.5523,0,0,0
79,67,705.5038,1,1,157
79,68,705.4783,1,1,171
79,69,702.6294,1,1,350
79,70,1.3109,0,0,0
79,71,1.1495,0,0,0
79,72,1.2719,0,0,0
79,73,1.1513,0,0,0
79,74,1.1112,0,0,0
79,75,1.2244,0,0,0
80,0,0.2820,0,0,0
80,1,0.7676,0,0,0
80,2,0.8796,0,0,0
80,3,703.7144,1,1,250
80,4,703.2100,1,1,306
80,5,702.2521,1,1,71
80,6,709.1257,1,1,56
80,7,708.6453,1,1,55
80,8,1.7444,0,0,0
80,9,734.1009,1,1,35
80,10,1.4526,0,0,0
80,11,1.5198,0,0,0
80,12,705.3053,1,1,28
80,13,713.6449,1,1,43
80,14,1.1482,0,0,0
80,15,709.3008,1,1,38
80,16,714.5938,1,1,49
80,17,711.9915,1,1,50
80,18,704.8520,1,1,50
80,19,1.3491,0,0,0
80,20,707.6166,1,1,50
80,21,1.6538,0,0,0
80,22,703.1696,1,1,54
80,23,1.4779,0,0,0
80,24,1.5971,0,0,0
80,25,701.9262,1,1,113
80,26,706.4890,1,1,85
80,27,708.4418,1,1,92
80,28,706.8640,1,1,75
80,29,702.6460,1,1,54
80,30,1.2075,0,0,0
80,31,707.4503,1,1,61
81,0,0.3464,0,0,0
81,1,0.8812,0,0,0
81,2,704.6092,1,1,114
81,3,706.3887,1,1,112
81,4,0.8310,0,0,0
81,5,1.2813,0,0,0
81,6,703.7101,1,1,163
81,7,703.8241,1,1,156
81,8,0.6826,0,0,0
81,9,703.7496,1,1,193
81,10,1.2734,0,0,0
81,11,0.8244,0,0,0
81,12,709.7394,1,1,65
81,13,702.3882,1,1,63
81,14,711.7066,1,1,57
81,15,1.4876,0,0,0
81,16,704.3164,1,1,58
81,17,1.0371,0,0,0
81,18,704.6292,1,1,58
81,19,712.0479,1,1,58
81,20,711.1901,1,1,57
81,21,710.0182,1,1,57
81,22,707.0729,1,1,57
81,23,710.5711,1,1,57
81,24,1.4229,0,0,0
81,25,706.6913,1,1,56
81,26,1.2280,0,0,0
81,27,1.6462,0,0,0
81,28,705.3024,1,1,56
81,29,1.3208,0,0,0
81,30,704.2376,1,1,56
81,31,1.8172,0,0,0
81,32,701.6842,1,1,94
81,33,1.6091,0,0,0
81,34,1.4019,0,0,0
81,35,1.1703,0,0,0
81,36,701.8985,1,1,150
81,37,702.1103,1,1,171
81,38,702.7666,1,1,175
81,39,703.1846,1,1,193
81,40,705.4325,1,1,176
81,41,1.3102,0,0,0
81,42,1.2093,0,0,0
81,43,702.6155,1,1,199
81,44,1.3860,0,0,0
81,45,1.1923,0,0,0
81,46,1.1682,0,0,0
81,47,1.1208,0,0,0
81,48,1.4137,0,0,0
81,49,1.0118,0,0,0
81,50,1.2498,0,0,0
82,0,0.2230,0,0,0
82,1,0.8002,0,0,0
82,2,0.8904,0,0,0
82,3,703.7420,1,1,76
82,4,1.4524,0,0,0
82,5,705.4080,1,1,85
82,6,703.3786,1,1,89
82,7,702.6986,1,1,86
82,8,703.0566,1,1,80
82,9,710.7763,1,1,67
82,10,1.4214,0,0,0
82,11,1.5285,0,0,0
82,12,708.4863,1,1,67
82,13,704.6441,1,1,67
82,14,703.6185,1,1,66
82,15,708.8153,1,1,61
82,16,710.9029,1,1,62
82,17,702.7114,1,1,62
82,18,1.2694,0,0,0
82,19,701.8822,1,1,63
82,20,703.8874,1,1,63
82,21,1.0144,0,0,0
82,22,702.5352,1,1,62
82,23,701.6061,1,1,63
82,24,711.1404,1,1,64
82,25,1.3430,0,0,0
82,26,1.6375,0,0,0
82,27,1.2850,0,0,0
82,28,712.4259,1,1,63
82,29,704.9444,1,1,62
82,30,1.3229,0,0,0
82,31,703.1829,1,1,62
82,32,1.3912,0,0,0
82,33,701.9377,1,1,61
82,34,711.4384,1,1,62
82,35,706.9410,1,1,62
82,36,1.3973,0,0,0
82,37,703.6029,1,1,61
82,38,709.9731,1,1,53
82,39,1.4584,0,0,0
82,40,708.7824,1,1,55
82,41,714.0038,1,1,57
82,42,1.2188,0,0,0
82,43,701.8747,1,1,57
82,44,1.2860,0,0,0
82,45,1.5497,0,0,0
82,46,706.7788,1,1,58
82,47,703.1045,1,1,59
82,48,712.5147,1,1,58
82,49,2.1905,0,0,0
82,50,709.8287,1,1,52
82,51,1.5720,0,0,0
82,52,714.9663,1,1,52
82,53,1.3559,0,0,0
82,54,707.8192,1,1,51
82,55,704.2186,1,1,51
82,56,703.3520,1,1,53
82,57,1.5183,0,0,0
82,58,1.3233,0,0,0
82,59,1.1759,0,0,0
82,60,1.2820,0,0,0
82,61,1.2407,0,0,0
82,62,1.1075,0,0,0
82,63,1.1737,0,0,0
82,64,1.2696,0,0,0
82,65,704.6252,1,1,62
82,66,706.1233,1,1,63
82,67,707.7261,1,1,65
82,68,705.2976,1,1,66
82,69,1.4991,0,0,0
82,70,1.4069,0,0,0
82,71,707.9286,1,1,71
82,72,705.6111,1,1,73
82,73,708.9078,1,1,74
82,74,705.1300,1,1,76
82,75,1.2562,0,0,0
82,76,1.3058,0,0,0
82,77,708.7800,1,1,82
82,78,1.4165,0,0,0
82,79,1.4132,0,0,0
82,80,1.4618,0,0,0
82,81,1.2603,0,0,0
82,82,1.1865,0,0,0
82,83,1.2661,0,0,0
82,84,1.2851,0,0,0
82,85,702.6759,1,1,354
82,86,732.2837,1,1,403
82,87,701.7651,1,1,363
82,88,1.7481,0,0,0
82,89,1.6849,0,0,0
82,90,1.4442,0,0,0
82,91,1.7214,0,0,0
82,92,1.3401,0,0,0
82,93,1.4640,0,0,0
82,94,1.5569,0,0,0
83,0,0.2598,0,0,0
83,1,1.0940,0,0,0
83,2,703.2909,1,1,184
83,3,704.3020,1,1,188
83,4,701.8239,1,1,201
83,5,1.1671,0,0,0
83,6,702.5366,1,1,204
83,7,710.6254,1,1,61
83,8,711.9692,1,1,59
83,9,710.0007,1,1,56
83,10,710.7995,1,1,57
83,11,1.0488,0,0,0
83,12,0.9719,0,0,0
83,13,711.6382,1,1,56
83,14,2.0128,0,0,0
83,15,1.1093,0,0,0
83,16,706.4126,1,1,53
83,17,1.0570,0,0,0
83,18,1.4778,0,0,0
83,19,707.0455,1,1,53
83,20,1.8807,0,0,0
83,21,709.0279,1,1,56
83,22,1.3440,0,0,0
83,23,1.4213,0,0,0
83,24,708.9358,1,1,57
83,25,2.0521,0,0,0
83,26,706.5892,1,1,66
83,27,1.1451,0,0,0
83,28,1.2594,0,0,0
83,29,710.0041,1,1,74
83,30,702.9394,1,1,74
83,31,1.2421,0,0,0
83,32,709.8110,1,1,80
83,33,708.8456,1,1,81
83,34,703.7911,1,1,84
83,35,708.7231,1,1,78
83,36,1.6308,0,0,0
83,37,703.6867,1,1,83
83,38,706.4909,1,1,81
83,39,704.2771,1,1,82
83,40,1.6481,0,0,0
83,41,704.7167,1,1,131
83,42,701.8654,1,1,136
83,43,1.2632,0,0,0
83,44,705.7215,1,1,160
83,45,702.8306,1,1,168
83,46,1.3660,0,0,0
83,47,704.8524,1,1,175
83,48,1.5477,0,0,0
83,49,704.0616,1,1,192
83,50,703.2256,1,1,193
83,51,705.9454,1,1,194
83,52,1.5167,0,0,0
83,53,704.2901,1,1,212
83,54,703.7562,1,1,222
83,55,704.3074,1,1,233
83,56,704.2548,1,1,258
83,57,1.6050,0,0,0
83,58,1.1829,0,0,0
83,59,703.7191,1,1,298
84,0,0.2279,0,0,0
84,1,0.9027,0,0,0
84,2,0.6821,0,0,0
84,3,702.2521,1,1,342
84,4,701.2367,1,1,268
84,5,701.2396,1,1,388
84,6,706.3282,1,1,85
84,7,707.0809,1,1,107
84,8,709.3249,1,1,92
84,9,706.4393,1,1,105
84,10,1.0356,0,0,0
84,11,701.9383,1,1,104
84,12,1.3873,0,0,0
84,13,1.0516,0,0,0
84,14,1.2125,0,0,0
84,15,707.9893,1,1,81
84,16,707.2094,1,1,91
84,17,0.8917,0,0,0
84,18,704.0753,1,1,93
84,19,1.0636,0,0,0
84,20,711.6126,1,1,71
84,21,706.1100,1,1,78
84,22,0.9947,0,0,0
84,23,1.0113,0,0,0
84,24,0.9145,0,0,0
84,25,1.1339,0,0,0
84,26,0.7975,0,0,0
84,27,0.8445,0,0,0
84,28,0.8953,0,0,0
84,29,708.3864,1,1,87
84,30,706.8704,1,1,94
84,31,1.3761,0,0,0
84,32,706.4743,1,1,89
84,33,1.3051,0,0,0
84,34,1.6342,0,0,0
84,35,705.2561,1,1,102
84,36,1.1632,0,0,0
84,37,704.7615,1,1,105
84,38,1.6074,0,0,0
84,39,705.3324,1,1,118
84,40,702.8277,1,1,110
84,41,1.3668,0,0,0
84,42,1.3263,0,0,0
84,43,1.2711,0,0,0
84,44,1.2409,0,0,0
84,45,0.9777,0,0,0
84,46,1.0991,0,0,0
84,47,0.9767,0,0,0
84,48,1.4900,0,0,0
84,49,703.2000,1,1,76
84,50,709.5276,1,1,78
84,51,1.2114,0,0,0
84,52,704.2872,1,1,84
84,53,706.8354,1,1,78
84,54,1.5818,0,0,0
84,55,708.0157,1,1,83
84,56,1.4593,0,0,0
84,57,702.6616,1,1,87
84,58,706.9854,1,1,86
84,59,1.4293,0,0,0
84,60,1.2842,0,0,0
84,61,1.4200,0,0,0
84,62,703.5352,1,1,158
84,63,704.8673,1,1,147
84,64,1.3392,0,0,0
84,65,1.2843,0,0,0
84,66,1.3639,0,0,0
84,67,1.1680,0,0,0
84,68,1.3047,0,0,0
84,69,1.5162,0,0,0
84,70,1.2119,0,0,0
84,71,708.5929,1,1,102
84,72,1.3345,0,0,0
84,73,702.2466,1,1,104
84,74,1.4603,0,0,0
84,75,702.4031,1,1,115
84,76,703.3846,1,1,119
84,77,1.5865,0,0,0
84,78,705.8333,1,1,122
84,79,705.4926,1,1,150
84,80,704.1790,1,1,162
84,81,1.3295,0,0,0
84,82,1.4222,0,0,0
84,83,1.5247,0,0,0
84,84,1.2588,0,0,0
84,85,1.2883,0,0,0
84,86,1.3345,0,0,0
84,87,703.3821,1,1,198
84,88,1.2580,0,0,0
84,89,1.4058,0,0,0
84,90,704.8617,1,1,227
84,91,1.2592,0,0,0
84,92,704.8324,1,1,247
84,93,1.6574,0,0,0
84,94,704.7169,1,1,233
84,95,1.6414,0,0,0
84,96,702.9309,1,1,231
84,97,702.2166,1,1,250
84,98,1.3693,0,0,0
84,99,1.4009,0,0,0
84,100,1.1124,0,0,0
84,101,1.2007,0,0,0
84,102,1.2755,0,0,0
84,103,1.2574,0,0,0
84,104,1.1751,0,0,0
85,0,0.2191,0,0,0
85,1,1.0230,0,0,0
85,2,1.0656,0,0,0
85,3,0.5668,0,0,0
85,4,704.3268,1,1,107
85,5,710.7010,1,1,78
85,6,709.2799,1,1,78
85,7,1.2127,0,0,0
85,8,1.0797,0,0,0
85,9,1.0550,0,0,0
85,10,709.8676,1,1,76
85,11,1.3857,0,0,0
85,12,710.9202,1,1,73
85,13,707.9681,1,1,60
85,14,704.9973,1,1,66
85,15,0.8630,0,0,0
85,16,1.4118,0,0,0
85,17,709.7735,1,1,66
85,18,704.5893,1,1,65
85,19,1.0342,0,0,0
85,20,709.7157,1,1,65
85,21,702.2833,1,1,65
85,22,701.6669,1,1,69
85,23,1.5580,0,0,0
85,24,705.7433,1,1,72
85,25,707.2390,1,1,74
85,26,707.0855,1,1,74
85,27,1.3293,0,0,0
85,28,1.2325,0,0,0
85,29,0.9863,0,0,0
85,30,1.3394,0,0,0
85,31,1.0005,0,0,0
85,32,1.0521,0,0,0
85,33,1.5492,0,0,0
85,34,708.2061,1,1,72
85,35,1.0085,0,0,0
85,36,0.9705,0,0,0
85,37,1.0790,0,0,0
85,38,0.9273,0,0,0
85,39,1.4653,0,0,0
85,40,0.9964,0,0,0
85,41,1.0906,0,0,0
85,42,1.0149,0,0,0
85,43,703.4362,1,1,426
85,44,702.0356,1,1,471
85,45,1.0007,0,0,0
85,46,701.5146,1,1,580
85,47,1.3112,0,0,0
85,48,1.2430,0,0,0
85,49,0.8563,0,0,0
85,50,0.8778,0,0,0
85,51,0.8768,0,0,0
85,52,0.9518,0,0,0
85,53,1.0084,0,0,0
85,54,0.8750,0,0,0
86,0,0.1930,0,0,0
86,1,0.6817,0,0,0
86,2,701.7611,1,1,91
86,3,0.7619,0,0,0
86,4,710.1452,1,1,69
86,5,1.3178,0,0,0
86,6,1.1293,0,0,0
86,7,701.5847,1,1,72
86,8,701.3236,1,1,72
86,9,710.6515,1,1,72
86,10,0.8736,0,0,0
86,11,0.9666,0,0,0
86,12,702.3389,1,1,71
86,13,707.8675,1,1,74
86,14,706.2932,1,1,70
86,15,709.9722,1,1,71
86,16,0.8178,0,0,0
86,17,710.1706,1,1,75
86,18,707.9338,1,1,74
86,19,710.1838,1,1,67
86,20,1.0055,0,0,0
86,21,705.4803,1,1,60
86,22,1.4757,0,0,0
86,23,701.8427,1,1,58
86,24,708.1910,1,1,57
86,25,1.4206,0,0,0
86,26,708.3877,1,1,56
86,27,1.2007,0,0,0
86,28,712.9490,1,1,56
86,29,702.3099,1,1,56
86,30,711.4683,1,1,57
86,31,1.7192,0,0,0
86,32,704.5665,1,1,58
86,33,711.7447,1,1,55
86,34,1.4311,0,0,0
86,35,706.1095,1,1,55
86,36,705.4006,1,1,55
86,37,1.2638,0,0,0
86,38,712.8195,1,1,55
86,39,1.1132,0,0,0
86,40,709.7273,1,1,54
86,41,705.8066,1,1,56
86,42,1.6510,0,0,0
86,43,711.6367,1,1,58
86,44,1.3563,0,0,0
86,45,702.3132,1,1,58
86,46,712.5166,1,1,57
86,47,1.3580,0,0,0
86,48,702.4895,1,1,64
86,49,701.6870,1,1,56
87,0,0.2126,0,0,0
87,1,0.8680,0,0,0
87,2,0.9170,0,0,0
87,3,0.5022,0,0,0
87,4,702.5619,1,1,80
87,5,709.5550,1,1,79
87,6,706.3691,1,1,79
87,7,706.1614,1,1,80
87,8,707.5690,1,1,74
87,9,1.1709,0,0,0
87,10,1.0264,0,0,0
87,11,1.0525,0,0,0
87,12,706.8581,1,1,80
87,13,703.4927,1,1,78
87,14,710.5010,1,1,67
87,15,705.3104,1,1,67
87,16,706.1887,1,1,66
87,17,708.4031,1,1,64
87,18,0.9486,0,0,0
87,19,704.0443,1,1,62
87,20,704.7010,1,1,61
87,21,1.5479,0,0,0
87,22,710.1721,1,1,57
87,23,711.7057,1,1,58
87,24,706.1942,1,1,58
87,25,713.5991,1,1,58
87,26,712.5551,1,1,58
87,27,703.2979,1,1,56
87,28,1.1492,0,0,0
87,29,704.0084,1,1,57
87,30,1.4990,0,0,0
87,31,710.7519,1,1,57
87,32,1.5002,0,0,0
87,33,703.6327,1,1,57
87,34,708.3508,1,1,56
87,35,1.6145,0,0,0
87,36,703.1432,1,1,155
87,37,1.7080,0,0,0
87,38,701.9531,1,1,147
87,39,705.3622,1,1,174
87,40,1.1301,0,0,0
87,41,705.2778,1,1,194
87,42,702.5218,1,1,197
87,43,1.2193,0,0,0
87,44,701.5902,1,1,221
87,45,702.6905,1,1,192
87,46,1.2749,0,0,0
87,47,701.5891,1,1,207
87,48,702.9605,1,1,208
87,49,1.6285,0,0,0
87,50,701.6338,1,1,243
87,51,701.9454,1,1,253
87,52,703.8677,1,1,228
87,53,1.2537,0,0,0
87,54,1.3548,0,0,0
87,55,703.7271,1,1,273
87,56,1.3541,0,0,0
88,0,0.2989,0,0,0
88,1,0.8322,0,0,0
88,2,0.6806,0,0,0
88,3,705.6543,1,1,127
88,4,702.3395,1,1,119
88,5,1.6172,0,0,0
88,6,0.9680,0,0,0
88,7,0.9123,0,0,0
88,8,706.3903,1,1,203
88,9,702.4536,1,1,209
88,10,701.5328,1,1,151
88,11,705.7920,1,1,86
88,12,1.8034,0,0,0
88,13,703.9697,1,1,87
88,14,702.9242,1,1,81
88,15,0.9827,0,0,0
88,16,1.5040,0,0,0
88,17,707.2961,1,1,85
88,18,705.0677,1,1,84
88,19,1.0117,0,0,0
88,20,704.9000,1,1,84
88,21,1.4349,0,0,0
88,22,703.8705,1,1,90
88,23,705.1118,1,1,93
88,24,704.2376,1,1,85
88,25,1.5839,0,0,0
88,26,1.4265,0,0,0
88,27,1.2626,0,0,0
88,28,708.6951,1,1,98
88,29,703.5019,1,1,100
88,30,1.4065,0,0,0
88,31,1.0099,0,0,0
88,32,1.0436,0,0,0
88,33,0.9165,0,0,0
88,34,0.9196,0,0,0
88,35,1.0140,0,0,0
88,36,1.0031,0,0,0
88,37,702.4775,1,1,80
88,38,702.6935,1,1,100
88,39,1.0605,0,0,0
88,40,1.0085,0,0,0
88,41,1.0730,0,0,0
88,42,1.0710,0,0,0
88,43,0.9027,0,0,0
88,44,0.9532,0,0,0
88,45,0.9504,0,0,0
88,46,704.6225,1,1,93
88,47,1.2008,0,0,0
88,48,1.3442,0,0,0
88,49,1.0165,0,0,0
88,50,0.9401,0,0,0
88,51,1.2008,0,0,0
88,52,1.1420,0,0,0
88,53,0.9879,0,0,0
88,54,1.9184,0,0,0
88,55,707.3124,1,1,130
88,56,703.5386,1,1,134
88,57,1.7337,0,0,0
88,58,703.4115,1,1,156
88,59,1.4988,0,0,0
88,60,2.0170,0,0,0
88,61,701.8356,1,1,203
88,62,1.3791,0,0,0
88,63,701.8788,1,1,230
88,64,1.4411,0,0,0
88,65,702.7994,1,1,237
88,66,704.2909,1,1,262
88,67,1.2194,0,0,0
88,68,705.2871,1,1,299
88,69,1.7995,0,0,0
88,70,1.3283,0,0,0
88,71,1.5612,0,0,0
88,72,701.8663,1,1,361
88,73,703.0938,1,1,363
88,74,1.4064,0,0,0
88,75,1.4496,0,0,0
88,76,1.3042,0,0,0
88,77,1.2013,0,0,0
88,78,1.8005,0,0,0
88,79,1.4078,0,0,0
88,80,1.3408,0,0,0
89,0,0.2023,0,0,0
89,1,1.3361,0,0,0
89,2,706.8570,1,1,80
89,3,710.0668,1,1,106
89,4,705.8891,1,1,79
89,5,708.2544,1,1,74
89,6,0.8571,0,0,0
89,7,706.3047,1,1,72
89,8,713.0878,1,1,73
89,9,705.2405,1,1,72
89,10,707.6848,1,1,72
89,11,0.9161,0,0,0
89,12,712.5305,1,1,63
89,13,1.0666,0,0,0
89,14,1.2119,0,0,0
89,15,708.4067,1,1,61
89,16,1.2431,0,0,0
89,17,711.9368,1,1,64
89,18,1.3417,0,0,0
89,19,701.8877,1,1,63
89,20,1.5191,0,0,0
89,21,704.7775,1,1,75
89,22,710.4052,1,1,77
89,23,721.8064,1,1,65
89,24,1.3180,0,0,0
89,25,1.4630,0,0,0
89,26,710.2079,1,1,64
89,27,1.2661,0,0,0
89,28,706.9003,1,1,63
89,29,709.7794,1,1,65
89,30,1.7095,0,0,0
89,31,1.3521,0,0,0
89,32,1.4388,0,0,0
89,33,707.8653,1,1,68
89,34,709.8322,1,1,66
89,35,1.0754,0,0,0
89,36,709.7303,1,1,66
89,37,1.2474,0,0,0
89,38,702.8184,1,1,77
89,39,705.4995,1,1,91
89,40,703.2765,1,1,104
89,41,1.1674,0,0,0
89,42,709.8407,1,1,93
89,43,1.0492,0,0,0
89,44,704.4036,1,1,57
89,45,710.1996,1,1,56
89,46,703.8499,1,1,52
89,47,709.8606,1,1,62
89,48,1.2511,0,0,0
89,49,702.4732,1,1,63
89,50,1.2273,0,0,0
89,51,711.0671,1,1,48
89,52,709.4489,1,1,53
89,53,704.6500,1,1,57
89,54,708.8602,1,1,58
89,55,1.6674,0,0,0
89,56,705.2436,1,1,61
89,57,709.4664,1,1,62
89,58,1.7948,0,0,0
89,59,1.2847,0,0,0
89,60,1.1795,0,0,0
89,61,1.5892,0,0,0
89,62,1.1969,0,0,0
89,63,1.3710,0,0,0
89,64,705.4414,1,1,77
89,65,1.6965,0,0,0
89,66,703.0422,1,1,71
89,67,1.5391,0,0,0
89,68,720.1391,1,1,78
89,69,711.5231,1,1,70
89,70,1.4504,0,0,0
89,71,706.3095,1,1,84
89,72,706.6926,1,1,87
89,73,1.3690,0,0,0
89,74,1.4631,0,0,0
89,75,1.1834,0,0,0
89,76,1.1067,0,0,0
89,77,1.2670,0,0,0
89,78,1.3710,0,0,0
89,79,1.7022,0,0,0
89,80,704.8036,1,1,203
89,81,701.9758,1,1,131
89,82,1.4463,0,0,0
89,83,702.3133,1,1,127
89,84,1.8904,0,0,0
89,85,710.5558,1,1,107
89,86,1.4717,0,0,0
89,87,703.1511,1,1,218
89,88,702.2747,1,1,199
89,89,1.6057,0,0,0
89,90,2.0661,0,0,0
89,91,1.5395,0,0,0
89,92,1.3674,0,0,0
89,93,1.8139,0,0,0
89,94,1.5632,0,0,0
89,95,1.5627,0,0,0
89,96,1.3295,0,0,0
90,0,0.2294,0,0,0
90,1,0.7780,0,0,0
90,2,703.7221,1,1,81
90,3,0.8280,0,0,0
90,4,1.0882,0,0,0
90,5,709.7030,1,1,107
90,6,702.4518,1,1,64
90,7,711.1538,1,1,64
90,8,706.3879,1,1,59
90,9,705.0827,1,1,58
90,10,710.8634,1,1,63
90,11,0.8691,0,0,0
90,12,708.5075,1,1,62
90,13,704.1877,1,1,54
90,14,702.1472,1,1,54
90,15,705.4284,1,1,54
90,16,701.8431,1,1,53
90,17,0.9611,0,0,0
90,18,705.5094,1,1,53
90,19,708.0849,1,1,59
90,20,1.6824,0,0,0
90,21,704.8246,1,1,54
90,22,1.3520,0,0,0
90,23,707.2851,1,1,54
90,24,709.7805,1,1,54
90,25,1.3853,0,0,0
90,26,711.0559,1,1,55
90,27,1.6540,0,0,0
90,28,707.2551,1,1,62
90,29,1.1193,0,0,0
90,30,710.0774,1,1,56
90,31,1.4543,0,0,0
90,32,712.3498,1,1,54
90,33,704.0925,1,1,50
90,34,1.6981,0,0,0
90,35,705.9071,1,1,105
90,36,704.9165,1,1,108
90,37,707.5456,1,1,79
90,38,708.5787,1,1,73
90,39,1.2014,0,0,0
90,40,702.7928,1,1,109
90,41,1.2311,0,0,0
90,42,705.5434,1,1,70
90,43,1.1292,0,0,0
90,44,702.0327,1,1,72
90,45,709.3408,1,1,78
90,46,1.4234,0,0,0
90,47,1.0922,0,0,0
90,48,0.9886,0,0,0
90,49,1.0168,0,0,0
90,50,1.2527,0,0,0
90,51,1.1347,0,0,0
90,52,1.5905,0,0,0
90,53,705.5095,1,1,126
90,54,1.4133,0,0,0
90,55,703.5140,1,1,149
90,56,1.6679,0,0,0
90,57,702.0310,1,1,140
90,58,1.3855,0,0,0
90,59,1.7155,0,0,0
90,60,703.6875,1,1,164
90,61,1.4718,0,0,0
90,62,704.1278,1,1,179
90,63,1.3216,0,0,0
90,64,1.4210,0,0,0
90,65,1.3544,0,0,0
90,66,1.2208,0,0,0
90,67,1.2498,0,0,0
90,68,1.4086,0,0,0
90,69,1.2488,0,0,0
90,70,1.0391,0,0,0
91,0,0.2102,0,0,0
91,1,0.7953,0,0,0
91,2,1.0513,0,0,0
91,3,0.5542,0,0,0
91,4,704.6291,1,1,82
91,5,709.7047,1,1,81
91,6,703.5433,1,1,80
91,7,707.6947,1,1,79
91,8,703.1904,1,1,63
91,9,701.6171,1,1,63
91,10,711.0711,1,1,66
91,11,707.8685,1,1,66
91,12,0.9113,0,0,0
91,13,0.9779,0,0,0
91,14,702.8053,1,1,64
91,15,705.4904,1,1,63
91,16,711.9527,1,1,65
91,17,705.5719,1,1,60
91,18,712.3357,1,1,59
91,19,1.2010,0,0,0
91,20,702.1014,1,1,58
91,21,702.3027,1,1,58
91,22,705.2351,1,1,58
91,23,1.1297,0,0,0
91,24,710.3898,1,1,59
91,25,1.5634,0,0,0
91,26,1.4349,0,0,0
91,27,1.2741,0,0,0
91,28,705.3362,1,1,59
91,29,1.6434,0,0,0
91,30,706.5518,1,1,57
91,31,706.6303,1,1,62
91,32,710.2458,1,1,62
91,33,709.0415,1,1,62
91,34,1.1304,0,0,0
91,35,705.6203,1,1,62
91,36,1.1179,0,0,0
91,37,1.2729,0,0,0
91,38,711.1001,1,1,63
91,39,1.0990,0,0,0
91,40,708.8815,1,1,60
91,41,711.2916,1,1,60
91,42,1.1821,0,0,0
91,43,702.2757,1,1,58
91,44,1.2345,0,0,0
91,45,1.5533,0,0,0
91,46,709.8875,1,1,60
91,47,1.1918,0,0,0
91,48,1.4770,0,0,0
91,49,1.3864,0,0,0
91,50,1.0012,0,0,0
91,51,1.0665,0,0,0
91,52,1.0751,0,0,0
91,53,1.1725,0,0,0
91,54,711.7552,1,1,54
91,55,708.5806,1,1,57
91,56,712.5581,1,1,59
91,57,707.1969,1,1,59
91,58,1.4345,0,0,0
91,59,703.4512,1,1,53
91,60,1.6380,0,0,0
91,61,704.5194,1,1,56
91,62,1.4941,0,0,0
91,63,1.4391,0,0,0
91,64,709.7577,1,1,61
91,65,703.5433,1,1,63
91,66,1.6579,0,0,0
91,67,706.6262,1,1,73
91,68,710.6423,1,1,70
91,69,1.5915,0,0,0
91,70,1.4351,0,0,0
91,71,1.2798,0,0,0
91,72,1.4319,0,0,0
91,73,1.1040,0,0,0
91,74,1.0965,0,0,0
91,75,1.1942,0,0,0
92,0,0.3265,0,0,0
92,1,0.8833,0,0,0
92,2,702.8859,1,1,79
92,3,703.2271,1,1,68
92,4,0.8635,0,0,0
92,5,709.6273,1,1,69
92,6,1.0134,0,0,0
92,7,1.3893,0,0,0
92,8,703.5301,1,1,69
92,9,0.7657,0,0,0
92,10,0.7235,0,0,0
92,11,709.9247,1,1,63
92,12,702.6327,1,1,62
92,13,1.5446,0,0,0
92,14,713.0943,1,1,60
92,15,1.1625,0,0,0
92,16,708.3147,1,1,59
92,17,1.4412,0,0,0
92,18,707.8059,1,1,59
92,19,709.7970,1,1,58
92,20,1.1223,0,0,0
92,21,706.5993,1,1,57
92,22,708.0801,1,1,57
92,23,1.8476,0,0,0
92,24,713.1561,1,1,56
92,25,1.3982,0,0,0
92,26,1.5230,0,0,0
92,27,708.2134,1,1,56
92,28,1.4158,0,0,0
92,29,704.7019,1,1,55
92,30,1.1423,0,0,0
92,31,708.0047,1,1,57
92,32,701.6463,1,1,56
92,33,706.9740,1,1,55
92,34,706.7337,1,1,54
92,35,705.5113,1,1,55
92,36,705.1970,1,1,59
92,37,1.3401,0,0,0
92,38,1.3478,0,0,0
92,39,703.5638,1,1,54
92,40,705.6727,1,1,59
92,41,1.4884,0,0,0
92,42,706.5173,1,1,59
92,43,705.5510,1,1,69
92,44,1.2602,0,0,0
92,45,706.6962,1,1,77
92,46,1.3376,0,0,0
92,47,703.3798,1,1,79
93,0,0.2119,0,0,0
93,1,1.3165,0,0,0
93,2,705.9224,1,1,123
93,3,701.3964,1,1,76
93,4,711.7848,1,1,68
93,5,0.8624,0,0,0
93,6,1.1630,0,0,0
93,7,711.7944,1,1,64
93,8,705.7911,1,1,60
93,9,1.6545,0,0,0
93,10,1.2346,0,0,0
93,11,710.4516,1,1,61
93,12,1.4589,0,0,0
93,13,709.7623,1,1,56
93,14,0.9935,0,0,0
93,15,710.7323,1,1,56
93,16,1.5355,0,0,0
93,17,713.1940,1,1,56
93,18,711.1153,1,1,55
93,19,708.0182,1,1,55
93,20,712.1489,1,1,56
93,21,706.8276,1,1,56
93,22,704.6554,1,1,56
93,23,1.7097,0,0,0
93,24,702.2026,1,1,55
93,25,1.5912,0,0,0
93,26,702.6567,1,1,55
93,27,1.3242,0,0,0
93,28,1.1414,0,0,0
93,29,711.8315,1,1,55
93,30,707.2128,1,1,55
93,31,1.4159,0,0,0
93,32,712.5582,1,1,53
93,33,1.1716,0,0,0
93,34,705.0618,1,1,56
93,35,712.2933,1,1,57
93,36,705.7727,1,1,57
93,37,1.1657,0,0,0
93,38,707.9156,1,1,58
93,39,1.4487,0,0,0
93,40,1.2020,0,0,0
93,41,1.2940,0,0,0
93,42,704.6431,1,1,68
93,43,707.7123,1,1,69
93,44,1.1569,0,0,0
93,45,704.1743,1,1,59
93,46,1.1027,0,0,0
93,47,0.9998,0,0,0
93,48,705.5870,1,1,60
93,49,1.4041,0,0,0
93,50,1.0853,0,0,0
93,51,703.1814,1,1,108
93,52,1.1793,0,0,0
93,53,703.4427,1,1,146
93,54,1.3323,0,0,0
93,55,704.8071,1,1,150
93,56,1.2474,0,0,0
93,57,702.6089,1,1,177
93,58,704.2351,1,1,162
93,59,1.2617,0,0,0
93,60,1.8126,0,0,0
93,61,704.1155,1,1,132
93,62,702.6489,1,1,134
93,63,1.3314,0,0,0
93,64,702.6659,1,1,134
93,65,1.5879,0,0,0
93,66,704.4291,1,1,132
93,67,1.4619,0,0,0
93,68,1.0633,0,0,0
93,69,1.1007,0,0,0
93,70,1.1244,0,0,0
93,71,1.1909,0,0,0
93,72,1.0198,0,0,0
93,73,1.1303,0,0,0
93,74,1.9939,0,0,0
93,75,708.8948,1,1,116
93,76,1.4048,0,0,0
93,77,704.3829,1,1,125
93,78,1.4032,0,0,0
93,79,706.4095,1,1,143
93,80,1.4335,0,0,0
93,81,705.6251,1,1,146
93,82,1.3694,0,0,0
93,83,1.4848,0,0,0
93,84,1.3553,0,0,0
93,85,1.1268,0,0,0
93,86,1.1765,0,0,0
93,87,1.3826,0,0,0
93,88,1.1872,0,0,0
94,0,0.2324,0,0,0
94,1,0.7551,0,0,0
94,2,708.4457,1,1,69
94,3,1.2614,0,0,0
94,4,706.6937,1,1,74
94,5,707.4686,1,1,69
94,6,703.6665,1,1,67
94,7,709.1384,1,1,64
94,8,705.2454,1,1,63
94,9,711.1562,1,1,64
94,10,707.6493,1,1,63
94,11,0.8225,0,0,0
94,12,703.4569,1,1,59
94,13,1.6238,0,0,0
94,14,707.6201,1,1,69
94,15,1.1528,0,0,0
94,16,1.4980,0,0,0
94,17,709.3654,1,1,70
94,18,706.2909,1,1,73
94,19,1.0824,0,0,0
94,20,1.1170,0,0,0
94,21,709.0309,1,1,74
94,22,1.3894,0,0,0
94,23,708.0191,1,1,72
94,24,708.8785,1,1,70
94,25,1.1655,0,0,0
94,26,710.7006,1,1,71
94,27,1.0540,0,0,0
94,28,712.6096,1,1,65
94,29,702.6807,1,1,95
94,30,707.3319,1,1,107
94,31,1.3133,0,0,0
94,32,1.2205,0,0,0
94,33,0.9597,0,0,0
94,34,1.0183,0,0,0
94,35,0.9705,0,0,0
94,36,1.2487,0,0,0
94,37,0.9579,0,0,0
95,0,0.2048,0,0,0
95,1,0.7931,0,0,0
95,2,1.1002,0,0,0
95,3,0.5539,0,0,0
95,4,701.1710,1,1,83
95,5,1.7157,0,0,0
95,6,704.1875,1,1,110
95,7,706.9451,1,1,110
95,8,707.3959,1,1,79
95,9,707.3399,1,1,83
95,10,707.8950,1,1,87
95,11,706.8020,1,1,90
95,12,1.5032,0,0,0
95,13,705.8702,1,1,99
95,14,0.8233,0,0,0
95,15,704.8597,1,1,105
95,16,707.3933,1,1,97
95,17,0.9259,0,0,0
95,18,703.6229,1,1,103
95,19,703.0858,1,1,72
95,20,0.9116,0,0,0
95,21,701.8142,1,1,71
95,22,0.9991,0,0,0
95,23,704.7462,1,1,70
95,24,705.1585,1,1,68
95,25,1.2778,0,0,0
95,26,707.0713,1,1,69
95,27,1.3057,0,0,0
95,28,706.8329,1,1,70
95,29,712.7917,1,1,68
95,30,1.0368,0,0,0
95,31,703.1002,1,1,64
95,32,1.2973,0,0,0
95,33,702.9491,1,1,70
95,34,704.7200,1,1,69
95,35,1.5836,0,0,0
95,36,705.6619,1,1,70
95,37,1.0686,0,0,0
95,38,704.6255,1,1,70
95,39,1.1344,0,0,0
95,40,0.9211,0,0,0
95,41,709.8670,1,1,72
95,42,708.8935,1,1,70
95,43,706.4177,1,1,67
95,44,711.3283,1,1,68
95,45,1.4736,0,0,0
95,46,1.1178,0,0,0
95,47,1.2100,0,0,0
95,48,708.4056,1,1,69
95,49,1.4993,0,0,0
95,50,704.3730,1,1,71
95,51,708.1199,1,1,63
95,52,712.1056,1,1,57
95,53,1.2896,0,0,0
95,54,1.0716,0,0,0
95,55,1.1312,0,0,0
95,56,1.1841,0,0,0
95,57,1.0212,0,0,0
95,58,1.0326,0,0,0
95,59,1.0316,0,0,0
95,60,707.3126,1,1,98
95,61,1.2902,0,0,0
95,62,1.4092,0,0,0
95,63,1.1433,0,0,0
95,64,1.1728,0,0,0
95,65,1.1759,0,0,0
95,66,1.3052,0,0,0
95,67,1.1600,0,0,0
95,68,2.0571,0,0,0
95,69,711.5684,1,1,97
95,70,705.2905,1,1,111
95,71,1.9381,0,0,0
95,72,707.3940,1,1,118
95,73,1.3519,0,0,0
95,74,1.5150,0,0,0
95,75,711.5316,1,1,150
95,76,703.5232,1,1,155
95,77,705.6645,1,1,159
95,78,1.4384,0,0,0
95,79,704.0782,1,1,212
95,80,702.0531,1,1,225
95,81,1.3347,0,0,0
95,82,703.7444,1,1,247
95,83,701.9554,1,1,262
95,84,701.5619,1,1,280
95,85,1.3728,0,0,0
95,86,702.2064,1,1,313
96,0,0.2454,0,0,0
96,1,1.1401,0,0,0
96,2,702.4297,1,1,127
96,3,1.0781,0,0,0
96,4,703.1864,1,1,135
96,5,701.8126,1,1,148
96,6,705.2296,1,1,86
96,7,1.4176,0,0,0
96,8,706.3160,1,1,93
96,9,0.9114,0,0,0
96,10,705.2500,1,1,103
96,11,707.5939,1,1,101
96,12,1.0154,0,0,0
96,13,0.8488,0,0,0
96,14,701.5246,1,1,76
96,15,0.9748,0,0,0
96,16,708.0232,1,1,76
96,17,702.5111,1,1,77
96,18,1.6309,0,0,0
96,19,1.1118,0,0,0
96,20,1.0729,0,0,0
96,21,701.8446,1,1,82
96,22,709.0347,1,1,78
96,23,1.3029,0,0,0
96,24,0.9228,0,0,0
96,25,0.8695,0,0,0
96,26,0.8437,0,0,0
96,27,0.9649,0,0,0
96,28,0.9503,0,0,0
96,29,0.8368,0,0,0
96,30,704.8328,1,1,82
96,31,1.4828,0,0,0
96,32,710.2314,1,1,77
96,33,1.0536,0,0,0
96,34,0.8869,0,0,0
96,35,1.0051,0,0,0
96,36,1.1728,0,0,0
96,37,1.0116,0,0,0
96,38,0.8520,0,0,0
96,39,0.9518,0,0,0
96,40,1.6279,0,0,0
96,41,702.9331,1,1,124
96,42,1.3372,0,0,0
96,43,1.2553,0,0,0
96,44,1.2845,0,0,0
96,45,1.0526,0,0,0
96,46,1.0013,0,0,0
96,47,0.9870,0,0,0
96,48,1.1967,0,0,0
96,49,1.0218,0,0,0
96,50,1.8358,0,0,0
96,51,702.7597,1,1,81
96,52,1.3024,0,0,0
96,53,706.5948,1,1,75
96,54,706.5521,1,1,74
96,55,712.8440,1,1,75
96,56,1.4084,0,0,0
96,57,703.6271,1,1,77
96,58,1.3007,0,0,0
96,59,701.5136,1,1,77
96,60,1.1852,0,0,0
96,61,703.8435,1,1,77
96,62,702.2516,1,1,82
96,63,710.2725,1,1,79
96,64,711.2054,1,1,78
96,65,708.7792,1,1,81
96,66,1.5244,0,0,0
96,67,1.5918,0,0,0
96,68,702.8194,1,1,83
96,69,705.3154,1,1,86
96,70,1.3434,0,0,0
96,71,708.5991,1,1,91
96,72,701.6510,1,1,100
96,73,706.5003,1,1,97
96,74,703.5052,1,1,102
96,75,710.8820,1,1,107
96,76,1.5640,0,0,0
96,77,706.6156,1,1,118
96,78,705.9878,1,1,115
96,79,1.4170,0,0,0
96,80,701.5852,1,1,119
96,81,1.3482,0,0,0
96,82,705.9909,1,1,124
96,83,703.2645,1,1,139
96,84,1.6327,0,0,0
96,85,701.8011,1,1,155
96,86,704.1084,1,1,160
96,87,1.5043,0,0,0
96,88,1.5213,0,0,0
96,89,702.7646,1,1,169
96,90,1.7092,0,0,0
96,91,704.3676,1,1,163
96,92,1.9304,0,0,0
96,93,1.6674,0,0,0
96,94,1.6206,0,0,0
96,95,702.3576,1,1,246
96,96,702.3428,1,1,235
96,97,1.4989,0,0,0
96,98,703.8836,1,1,263
96,99,1.6675,0,0,0
96,100,1.1416,0,0,0
96,101,1.2617,0,0,0
96,102,1.2537,0,0,0
96,103,1.1022,0,0,0
96,104,1.5248,0,0,0
96,105,1.3923,0,0,0
97,0,0.2213,0,0,0
97,1,0.7825,0,0,0
97,2,1.1243,0,0,0
97,3,0.5521,0,0,0
97,4,700.8220,1,1,216
97,5,702.1439,1,1,223
97,6,702.7216,1,1,226
97,7,701.6914,1,1,221
97,8,709.5989,1,1,66
97,9,710.8801,1,1,66
97,10,0.9251,0,0,0
97,11,702.2189,1,1,65
97,12,1.5136,0,0,0
97,13,711.2750,1,1,68
97,14,705.1863,1,1,67
97,15,705.1904,1,1,66
97,16,5.9951,0,0,0
97,17,702.3768,1,1,64
97,18,707.0534,1,1,63
97,19,1.0730,0,0,0
97,20,705.7034,1,1,63
97,21,1.3206,0,0,0
97,22,703.2867,1,1,62
97,23,706.9581,1,1,62
97,24,712.1694,1,1,62
97,25,705.4979,1,1,61
97,26,1.1543,0,0,0
97,27,1.2957,0,0,0
97,28,711.4428,1,1,63
97,29,1.2053,0,0,0
97,30,703.1872,1,1,60
97,31,1.7455,0,0,0
97,32,701.2199,1,1,61
97,33,1.0638,0,0,0
97,34,705.6240,1,1,63
97,35,703.7632,1,1,62
97,36,705.2178,1,1,64
97,37,701.6966,1,1,67
97,38,1.2649,0,0,0
97,39,1.5131,0,0,0
97,40,705.5606,1,1,70
97,41,710.0554,1,1,69
97,42,1.3054,0,0,0
97,43,1.4346,0,0,0
97,44,702.0418,1,1,75
97,45,706.4109,1,1,85
97,46,1.1355,0,0,0
97,47,707.1311,1,1,74
97,48,1.0055,0,0,0
97,49,711.2590,1,1,77
97,50,705.5264,1,1,74
97,51,704.9114,1,1,73
97,52,1.8606,0,0,0
97,53,1.4562,0,0,0
97,54,1.4357,0,0,0
97,55,704.1393,1,1,89
97,56,711.0548,1,1,90
97,57,1.1639,0,0,0
97,58,706.5089,1,1,89
97,59,706.2877,1,1,77
97,60,1.4468,0,0,0
97,61,1.3164,0,0,0
97,62,1.2288,0,0,0
97,63,1.0655,0,0,0
97,64,1.1765,0,0,0
97,65,1.0642,0,0,0
97,66,1.2896,0,0,0
97,67,705.4890,1,1,139
97,68,1.2149,0,0,0
97,69,703.2157,1,1,169
97,70,704.3884,1,1,164
97,71,1.2656,0,0,0
97,72,705.9581,1,1,156
97,73,1.7698,0,0,0
97,74,1.2370,0,0,0
97,75,1.2086,0,0,0
97,76,703.8911,1,1,232
97,77,1.3848,0,0,0
97,78,1.5046,0,0,0
97,79,701.8905,1,1,191
97,80,702.0001,1,1,206
97,81,1.3236,0,0,0
97,82,702.0821,1,1,220
97,83,1.3241,0,0,0
97,84,1.0576,0,0,0
97,85,1.2712,0,0,0
97,86,1.1200,0,0,0
97,87,1.0100,0,0,0
97,88,1.1479,0,0,0
97,89,0.9715,0,0,0
97,90,1.0286,0,0,0
98,0,0.2238,0,0,0
98,1,0.6982,0,0,0
98,2,0.6689,0,0,0
98,3,704.3223,1,1,133
98,4,702.0844,1,1,154
98,5,702.5513,1,1,147
98,6,708.2953,1,1,76
98,7,708.2534,1,1,71
98,8,1.4406,0,0,0
98,9,1.5815,0,0,0
98,10,1.0204,0,0,0
98,11,705.3422,1,1,69
98,12,704.6078,1,1,69
98,13,0.9889,0,0,0
98,14,704.0140,1,1,78
98,15,0.9661,0,0,0
98,16,704.7463,1,1,78
98,17,704.7536,1,1,78
98,18,709.8923,1,1,67
98,19,1.0279,0,0,0
98,20,713.9166,1,1,58
98,21,1.0791,0,0,0
98,22,703.1546,1,1,57
98,23,1.5881,0,0,0
98,24,712.8689,1,1,57
98,25,1.3804,0,0,0
98,26,706.8084,1,1,55
98,27,709.4373,1,1,52
98,28,1.6929,0,0,0
98,29,703.2806,1,1,54
98,30,704.8026,1,1,53
98,31,1.6378,0,0,0
98,32,702.2630,1,1,53
98,33,1.2323,0,0,0
98,34,707.5222,1,1,54
98,35,1.6711,0,0,0
98,36,711.2900,1,1,52
98,37,1.6404,0,0,0
98,38,709.1013,1,1,73
98,39,704.3507,1,1,86
98,40,1.1771,0,0,0
98,41,703.0235,1,1,89
98,42,1.3106,0,0,0
98,43,1.5843,0,0,0
98,44,704.2020,1,1,100
98,45,1.6780,0,0,0
98,46,1.5217,0,0,0
98,47,1.2461,0,0,0
98,48,702.8504,1,1,117
98,49,703.7151,1,1,132
98,50,1.8049,0,0,0
98,51,1.2103,0,0,0
98,52,1.1323,0,0,0
98,53,0.9883,0,0,0
98,54,1.1871,0,0,0
98,55,1.2107,0,0,0
98,56,703.7430,1,1,178
98,57,703.7603,1,1,199
98,58,702.2502,1,1,224
98,59,1.5142,0,0,0
98,60,702.0686,1,1,186
98,61,1.4166,0,0,0
98,62,1.4521,0,0,0
98,63,1.1213,0,0,0
98,64,1.1016,0,0,0
98,65,1.2165,0,0,0
98,66,1.1758,0,0,0
98,67,1.4036,0,0,0
98,68,1.1474,0,0,0
99,0,0.2435,0,0,0
99,1,0.7542,0,0,0
99,2,0.7122,0,0,0
99,3,707.1908,1,1,99
99,4,709.8028,1,1,75
99,5,0.7991,0,0,0
99,6,1.2350,0,0,0
99,7,702.7489,1,1,75
99,8,708.4041,1,1,76
99,9,703.5044,1,1,73
99,10,705.3246,1,1,60
99,11,705.6739,1,1,57
99,12,701.8440,1,1,48
99,13,704.5319,1,1,48
99,14,717.6473,1,1,49
99,15,1.6819,0,0,0
99,16,1.2139,0,0,0
99,17,1.4055,0,0,0
99,18,703.2936,1,1,51
99,19,1.1138,0,0,0
99,20,0.7995,0,0,0
99,21,1.2832,0,0,0
99,22,701.4315,1,1,83
99,23,1.7267,0,0,0
99,24,708.3326,1,1,80
99,25,1.6580,0,0,0
99,26,709.2419,1,1,81
99,27,1.3894,0,0,0
99,28,705.9440,1,1,81
99,29,705.0832,1,1,77
99,30,1.1439,0,0,0
99,31,709.8667,1,1,79
99,32,1.3440,0,0,0
99,33,701.9111,1,1,137
99,34,704.9328,1,1,139
99,35,705.0329,1,1,181
99,36,1.1663,0,0,0
99,37,703.2297,1,1,199
99,38,1.5527,0,0,0
99,39,1.1678,0,0,0
99,40,703.9153,1,1,306
99,41,702.4808,1,1,245
99,42,701.4471,1,1,249
99,43,702.7785,1,1,251
100,0,1.2337,0,0,0
100,1,701.3662,1,1,74
100,2,707.3798,1,1,56
100,3,1.4244,0,0,0
100,4,1.2322,0,0,0
100,5,1.1663,0,0,0
100,6,702.6497,1,1,317
100,7,1.1952,0,0,0
101,0,0.8332,0,0,0
101,1,703.4294,1,1,84
101,2,0.7775,0,0,0
101,3,1.3850,0,0,0
101,4,706.7776,1,1,101
101,5,1.5816,0,0,0
101,6,1.2002,0,0,0
101,7,706.8300,1,1,101
101,8,708.9927,1,1,102
101,9,708.5650,1,1,107
101,10,1.2853,0,0,0
101,11,703.1261,1,1,106
101,12,705.4035,1,1,108
101,13,0.8232,0,0,0
101,14,704.1851,1,1,118
101,15,704.2359,1,1,112
101,16,701.7397,1,1,121
101,17,704.0465,1,1,128
101,18,1.3659,0,0,0
101,19,1.0957,0,0,0
101,20,1.0720,0,0,0
101,21,704.8738,1,1,133
101,22,701.7525,1,1,166
101,23,1.3844,0,0,0
101,24,705.7553,1,1,97
101,25,706.8327,1,1,89
101,26,0.8804,0,0,0
101,27,704.7187,1,1,104
101,28,703.7957,1,1,106
101,29,0.9563,0,0,0
101,30,1.2554,0,0,0
101,31,701.1693,1,1,133
101,32,1.2174,0,0,0
101,33,701.1788,1,1,129
101,34,703.7916,1,1,210
101,35,1.4588,0,0,0
101,36,703.1972,1,1,206
101,37,701.3020,1,1,296
101,38,0.9602,0,0,0
101,39,1.0433,0,0,0
101,40,701.8921,1,1,194
101,41,706.1578,1,1,97
101,42,708.8712,1,1,89
101,43,1.1914,0,0,0
101,44,705.8637,1,1,108
101,45,704.2580,1,1,114
101,46,1.4224,0,0,0
101,47,705.5406,1,1,122
101,48,1.3991,0,0,0
101,49,1.1798,0,0,0
101,50,703.4331,1,1,139
101,51,1.1052,0,0,0
101,52,702.2755,1,1,135
101,53,703.5653,1,1,144
101,54,705.0264,1,1,137
101,55,1.0720,0,0,0
101,56,704.5567,1,1,177
101,57,703.9790,1,1,85
101,58,1.1950,0,0,0
101,59,704.1829,1,1,88
101,60,1.3586,0,0,0
101,61,704.4775,1,1,91
101,62,703.7532,1,1,92
101,63,1.2451,0,0,0
101,64,702.7528,1,1,105
101,65,704.6266,1,1,113
101,66,1.1512,0,0,0
101,67,706.8573,1,1,125
101,68,704.6249,1,1,130
101,69,1.6000,0,0,0
101,70,1.2998,0,0,0
101,71,1.1584,0,0,0
101,72,0.9789,0,0,0
101,73,1.3723,0,0,0
101,74,1.2057,0,0,0
101,75,1.4406,0,0,0
101,76,706.0123,1,1,170
101,77,702.8773,1,1,197
101,78,1.4538,0,0,0
101,79,702.2114,1,1,206
101,80,704.4832,1,1,188
101,81,1.4990,0,0,0
101,82,707.1539,1,1,168
101,83,1.4529,0,0,0
101,84,702.9002,1,1,212
101,85,706.3932,1,1,219
101,86,1.4979,0,0,0
101,87,1.4973,0,0,0
101,88,1.5055,0,0,0
101,89,1.2811,0,0,0
101,90,1.3622,0,0,0
101,91,1.3967,0,0,0
101,92,1.2921,0,0,0
101,93,1.2095,0,0,0
101,94,1.5403,0,0,0
102,0,1.3410,0,0,0
102,1,706.3887,1,1,176
102,2,707.1146,1,1,67
102,3,1.3062,0,0,0
102,4,708.0205,1,1,87
102,5,703.5547,1,1,88
102,6,701.8108,1,1,90
102,7,1.2734,0,0,0
102,8,708.5771,1,1,88
102,9,1.3399,0,0,0
102,10,703.8666,1,1,85
102,11,1.2795,0,0,0
102,12,704.1138,1,1,86
102,13,705.9556,1,1,80
102,14,709.4600,1,1,80
102,15,707.6306,1,1,94
102,16,705.8745,1,1,99
102,17,1.0378,0,0,0
102,18,701.6509,1,1,103
102,19,706.9928,1,1,102
102,20,710.1864,1,1,92
102,21,705.6730,1,1,97
102,22,1.4109,0,0,0
102,23,1.1128,0,0,0
102,24,1.1158,0,0,0
102,25,703.5881,1,1,104
102,26,702.7362,1,1,97
102,27,1.0610,0,0,0
102,28,701.4960,1,1,107
102,29,1.0122,0,0,0
102,30,1.0939,0,0,0
102,31,0.9169,0,0,0
102,32,0.8488,0,0,0
102,33,0.9209,0,0,0
102,34,0.7859,0,0,0
102,35,1.0233,0,0,0
102,36,707.0464,1,1,75
102,37,708.0046,1,1,72
102,38,1.5092,0,0,0
102,39,1.5479,0,0,0
102,40,1.5018,0,0,0
102,41,711.3675,1,1,73
102,42,1.2279,0,0,0
102,43,1.2844,0,0,0
102,44,1.0108,0,0,0
102,45,1.0268,0,0,0
102,46,1.0128,0,0,0
102,47,1.2256,0,0,0
102,48,0.9974,0,0,0
102,49,0.9271,0,0,0
102,50,705.8572,1,1,89
102,51,703.7145,1,1,91
102,52,712.2301,1,1,90
102,53,707.2881,1,1,78
102,54,1.4932,0,0,0
102,55,1.2127,0,0,0
102,56,1.0488,0,0,0
102,57,1.8262,0,0,0
102,58,1.2689,0,0,0
102,59,1.2899,0,0,0
102,60,1.2507,0,0,0
102,61,1.1805,0,0,0
102,62,702.7744,1,1,337
102,63,1.3300,0,0,0
102,64,702.5990,1,1,339
102,65,704.0092,1,1,335
102,66,1.3832,0,0,0
102,67,701.5353,1,1,330
102,68,1.4795,0,0,0
102,69,1.5050,0,0,0
102,70,1.2466,0,0,0
102,71,1.3194,0,0,0
102,72,1.1530,0,0,0
102,73,1.0754,0,0,0
102,74,1.2728,0,0,0
103,0,0.8005,0,0,0
103,1,711.3093,1,1,83
103,2,704.7714,1,1,55
103,3,1.3548,0,0,0
103,4,1.2463,0,0,0
103,5,704.7814,1,1,67
103,6,710.8605,1,1,68
103,7,706.3374,1,1,67
103,8,709.6570,1,1,67
103,9,0.8503,0,0,0
103,10,0.7967,0,0,0
103,11,706.1904,1,1,66
103,12,709.0399,1,1,68
103,13,707.6819,1,1,66
103,14,1.0132,0,0,0
103,15,1.4461,0,0,0
103,16,701.0526,1,1,63
103,17,1.5352,0,0,0
103,18,707.4405,1,1,60
103,19,1.2942,0,0,0
103,20,703.4222,1,1,59
103,21,703.2673,1,1,59
103,22,1.2596,0,0,0
103,23,1.4034,0,0,0
103,24,712.4202,1,1,55
103,25,702.8555,1,1,56
103,26,711.9829,1,1,58
103,27,710.3819,1,1,59
103,28,1.0792,0,0,0
103,29,6.1907,0,0,0
103,30,709.6716,1,1,58
103,31,1.4434,0,0,0
103,32,706.7621,1,1,59
103,33,1.6898,0,0,0
103,34,703.7187,1,1,100
103,35,1.3354,0,0,0
103,36,703.8362,1,1,90
103,37,706.8431,1,1,93
103,38,1.1723,0,0,0
103,39,704.2763,1,1,88
103,40,1.3431,0,0,0
103,41,711.9464,1,1,82
103,42,1.4290,0,0,0
103,43,1.8422,0,0,0
103,44,1.3874,0,0,0
103,45,709.5921,1,1,91
103,46,706.0152,1,1,93
103,47,706.2265,1,1,97
103,48,1.3181,0,0,0
103,49,1.2445,0,0,0
103,50,1.0405,0,0,0
103,51,1.2033,0,0,0
103,52,1.0365,0,0,0
103,53,1.1583,0,0,0
103,54,0.9946,0,0,0
103,55,707.4274,1,1,91
103,56,702.7668,1,1,96
103,57,702.8232,1,1,112
103,58,1.7153,0,0,0
103,59,1.3611,0,0,0
103,60,1.7157,0,0,0
103,61,1.5250,0,0,0
103,62,1.2759,0,0,0
103,63,1.3491,0,0,0
103,64,1.4190,0,0,0
103,65,1.0978,0,0,0
103,66,702.0883,1,1,171
103,67,703.2094,1,1,178
103,68,1.6413,0,0,0
103,69,1.6058,0,0,0
103,70,702.6398,1,1,237
103,71,703.6830,1,1,292
103,72,1.3633,0,0,0
103,73,704.4131,1,1,291
103,74,1.9003,0,0,0
103,75,1.3889,0,0,0
103,76,701.4474,1,1,343
103,77,1.6769,0,0,0
103,78,1.4357,0,0,0
103,79,1.3067,0,0,0
103,80,703.6395,1,1,451
103,81,1.3865,0,0,0
103,82,1.2142,0,0,0
103,83,1.3393,0,0,0
103,84,1.2690,0,0,0
103,85,1.1409,0,0,0
103,86,1.9385,0,0,0
104,0,1.6549,0,0,0
104,1,701.7495,1,1,67
104,2,701.9048,1,1,70
104,3,704.5147,1,1,69
104,4,703.9360,1,1,66
104,5,701.5417,1,1,65
104,6,702.9249,1,1,64
104,7,1.4526,0,0,0
104,8,701.7256,1,1,92
104,9,713.1816,1,1,61
104,10,701.3272,1,1,60
104,11,1.6996,0,0,0
104,12,704.8270,1,1,60
104,13,0.9690,0,0,0
104,14,711.3722,1,1,59
104,15,704.3267,1,1,62
104,16,1.4843,0,0,0
104,17,707.1956,1,1,66
104,18,705.1061,1,1,66
104,19,708.4992,1,1,63
104,20,1.0639,0,0,0
104,21,1.5401,0,0,0
104,22,702.9651,1,1,63
104,23,1.0033,0,0,0
104,24,0.9186,0,0,0
104,25,1.0377,0,0,0
104,26,0.8593,0,0,0
104,27,0.7983,0,0,0
104,28,0.9043,0,0,0
104,29,1.7924,0,0,0
104,30,708.5381,1,1,66
104,31,1.4095,0,0,0
104,32,1.1913,0,0,0
104,33,1.0948,0,0,0
104,34,1.0811,0,0,0
104,35,1.3434,0,0,0
104,36,1.0727,0,0,0
104,37,1.2023,0,0,0
104,38,0.9857,0,0,0
104,39,704.5284,1,1,198
104,40,705.1142,1,1,205
104,41,703.4049,1,1,209
104,42,1.1140,0,0,0
104,43,1.7372,0,0,0
104,44,701.5045,1,1,204
104,45,702.1136,1,1,215
104,46,1.2420,0,0,0
104,47,1.2567,0,0,0
104,48,1.0236,0,0,0
104,49,0.9884,0,0,0
104,50,1.0907,0,0,0
104,51,1.6711,0,0,0
105,0,0.9421,0,0,0
105,1,0.7364,0,0,0
105,2,702.8257,1,1,68
105,3,701.4048,1,1,68
105,4,1.1410,0,0,0
105,5,708.0833,1,1,66
105,6,708.9490,1,1,56
105,7,707.4870,1,1,56
105,8,706.4933,1,1,56
105,9,709.0811,1,1,56
105,10,1.0334,0,0,0
105,11,702.2590,1,1,56
105,12,0.9458,0,0,0
105,13,710.8937,1,1,56
105,14,712.3526,1,1,55
105,15,706.2690,1,1,53
105,16,1.2357,0,0,0
105,17,707.0546,1,1,56
105,18,1.4173,0,0,0
105,19,1.3386,0,0,0
105,20,703.8065,1,1,60
105,21,703.0715,1,1,59
105,22,1.1518,0,0,0
105,23,708.8046,1,1,58
105,24,1.3944,0,0,0
105,25,1.1709,0,0,0
105,26,1.1126,0,0,0
105,27,708.7883,1,1,57
105,28,709.3489,1,1,58
105,29,1.3859,0,0,0
105,30,710.7530,1,1,60
105,31,1.7029,0,0,0
105,32,705.8067,1,1,61
105,33,1.1635,0,0,0
105,34,708.7807,1,1,65
105,35,1.2806,0,0,0
105,36,705.7544,1,1,60
105,37,709.8723,1,1,81
105,38,1.5331,0,0,0
105,39,703.0371,1,1,117
105,40,702.7388,1,1,267
105,41,1.6726,0,0,0
105,42,703.3495,1,1,257
106,0,1.2493,0,0,0
106,1,708.4021,1,1,73
106,2,704.6423,1,1,73
106,3,1.2298,0,0,0
106,4,704.6636,1,1,77
106,5,704.3802,1,1,68
106,6,0.9726,0,0,0
106,7,1.4325,0,0,0
106,8,706.6162,1,1,69
106,9,1.4261,0,0,0
106,10,706.1164,1,1,65
106,11,1.3900,0,0,0
106,12,701.6503,1,1,64
106,13,701.7938,1,1,63
106,14,0.9954,0,0,0
106,15,702.9076,1,1,63
106,16,710.8001,1,1,63
106,17,705.6697,1,1,65
106,18,1.4745,0,0,0
106,19,1.4275,0,0,0
106,20,1.4945,0,0,0
106,21,710.5192,1,1,66
106,22,1.3635,0,0,0
106,23,701.7865,1,1,65
106,24,1.6874,0,0,0
106,25,704.2515,1,1,66
106,26,702.4607,1,1,66
106,27,1.3334,0,0,0
106,28,706.4774,1,1,75
106,29,1.5689,0,0,0
106,30,704.7768,1,1,67
106,31,705.7663,1,1,61
106,32,1.2532,0,0,0
106,33,706.2261,1,1,65
106,34,704.9692,1,1,62
106,35,712.3564,1,1,79
106,36,1.1128,0,0,0
106,37,1.0896,0,0,0
106,38,703.5034,1,1,82
106,39,701.7137,1,1,59
106,40,706.6620,1,1,60
106,41,1.3781,0,0,0
106,42,1.2756,0,0,0
106,43,711.7129,1,1,55
106,44,707.0493,1,1,53
106,45,703.8167,1,1,54
106,46,1.2950,0,0,0
106,47,701.6082,1,1,49
106,48,1.9488,0,0,0
106,49,705.2621,1,1,52
106,50,1.3352,0,0,0
106,51,709.4011,1,1,53
106,52,708.1021,1,1,52
106,53,1.2215,0,0,0
106,54,711.7052,1,1,54
106,55,1.5398,0,0,0
106,56,705.8275,1,1,58
106,57,1.2964,0,0,0
106,58,1.5714,0,0,0
106,59,713.1430,1,1,56
106,60,710.1108,1,1,52
106,61,708.8311,1,1,55
106,62,712.8073,1,1,61
106,63,701.8021,1,1,61
106,64,1.5988,0,0,0
106,65,704.3751,1,1,67
106,66,705.3983,1,1,52
106,67,705.5715,1,1,51
106,68,1.3757,0,0,0
106,69,716.1637,1,1,49
106,70,706.5562,1,1,49
106,71,704.8975,1,1,49
107,0,1.6130,0,0,0
107,1,0.6059,0,0,0
107,2,701.8834,1,1,67
107,3,709.5333,1,1,65
107,4,705.1945,1,1,66
107,5,0.7936,0,0,0
107,6,706.4580,1,1,64
107,7,704.3030,1,1,50
107,8,0.9599,0,0,0
107,9,707.5858,1,1,49
107,10,704.6879,1,1,51
107,11,0.8239,0,0,0
107,12,0.9707,0,0,0
107,13,712.0497,1,1,50
107,14,1.4977,0,0,0
107,15,1.3487,0,0,0
107,16,1.4496,0,0,0
107,17,709.4657,1,1,51
107,18,706.2030,1,1,69
107,19,711.2686,1,1,79
107,20,1.4228,0,0,0
107,21,703.7851,1,1,128
107,22,703.3314,1,1,61
107,23,0.9416,0,0,0
107,24,702.1922,1,1,60
107,25,705.5256,1,1,188
107,26,702.4895,1,1,193
107,27,1.0986,0,0,0
107,28,703.2286,1,1,199
107,29,703.7015,1,1,211
107,30,702.4470,1,1,224
107,31,1.0545,0,0,0
107,32,703.8595,1,1,239
107,33,1.5622,0,0,0
107,34,707.2348,1,1,127
107,35,705.6409,1,1,103
107,36,707.3872,1,1,107
107,37,0.9680,0,0,0
107,38,705.3161,1,1,108
107,39,1.6187,0,0,0
107,40,702.7751,1,1,138
107,41,1.4725,0,0,0
107,42,705.1319,1,1,137
107,43,1.1125,0,0,0
107,44,704.4279,1,1,103
108,0,0.8024,0,0,0
108,1,706.9109,1,1,69
108,2,1.4816,0,0,0
108,3,1.2506,0,0,0
108,4,701.0405,1,1,69
108,5,710.7773,1,1,70
108,6,705.8632,1,1,70
108,7,0.7722,0,0,0
108,8,706.8959,1,1,68
108,9,711.6880,1,1,55
108,10,701.9917,1,1,58
108,11,1.1492,0,0,0
108,12,704.3369,1,1,59
108,13,712.1961,1,1,59
108,14,709.1467,1,1,54
108,15,710.1992,1,1,54
108,16,1.0979,0,0,0
108,17,713.1416,1,1,54
108,18,1.0922,0,0,0
108,19,707.4043,1,1,55
108,20,1.6370,0,0,0
108,21,703.0309,1,1,66
108,22,708.8460,1,1,66
108,23,1.0234,0,0,0
108,24,701.8964,1,1,62
108,25,1.3399,0,0,0
108,26,1.3087,0,0,0
108,27,711.7722,1,1,63
108,28,708.5348,1,1,63
108,29,1.4506,0,0,0
108,30,708.9975,1,1,63
108,31,1.4357,0,0,0
108,32,707.2739,1,1,62
108,33,1.5644,0,0,0
108,34,709.4676,1,1,61
108,35,1.5918,0,0,0
108,36,705.3902,1,1,74
108,37,705.0738,1,1,73
108,38,1.0885,0,0,0
108,39,711.4161,1,1,80
108,40,703.3453,1,1,167
108,41,1.0485,0,0,0
108,42,701.6008,1,1,123
108,43,704.4738,1,1,114
108,44,708.4238,1,1,83
108,45,705.3946,1,1,106
108,46,705.2853,1,1,109
108,47,704.6271,1,1,195
108,48,1.2315,0,0,0
108,49,1.2321,0,0,0
108,50,701.2117,1,1,259
108,51,1.4183,0,0,0
108,52,701.3401,1,1,289
108,53,702.9952,1,1,267
108,54,1.1215,0,0,0
108,55,1.2042,0,0,0
108,56,0.9681,0,0,0
108,57,0.9598,0,0,0
108,58,0.9163,0,0,0
108,59,1.2318,0,0,0
109,0,1.0571,0,0,0
109,1,708.7189,1,1,76
109,2,1.4646,0,0,0
109,3,1.1544,0,0,0
109,4,704.5186,1,1,87
109,5,0.7318,0,0,0
109,6,707.5034,1,1,84
109,7,705.2362,1,1,87
109,8,701.3222,1,1,85
109,9,707.4266,1,1,85
109,10,0.7268,0,0,0
109,11,710.4054,1,1,82
109,12,704.1755,1,1,81
109,13,706.4021,1,1,64
109,14,1.4755,0,0,0
109,15,703.8576,1,1,62
109,16,702.5410,1,1,63
109,17,1.5471,0,0,0
109,18,710.7359,1,1,59
109,19,0.9558,0,0,0
109,20,711.5911,1,1,60
109,21,704.5309,1,1,59
109,22,1.6344,0,0,0
109,23,1.5487,0,0,0
109,24,1.3227,0,0,0
109,25,708.8604,1,1,59
109,26,1.5234,0,0,0
109,27,705.7010,1,1,78
109,28,707.4758,1,1,89
109,29,1.2194,0,0,0
109,30,703.9981,1,1,93
109,31,1.1344,0,0,0
109,32,710.9726,1,1,67
109,33,2.2437,0,0,0
109,34,711.6078,1,1,55
109,35,1.0786,0,0,0
109,36,715.8280,1,1,55
109,37,705.3206,1,1,54
110,0,1.8270,0,0,0
110,1,0.6735,0,0,0
110,2,704.2456,1,1,63
110,3,709.8489,1,1,67
110,4,703.7011,1,1,62
110,5,710.6291,1,1,63
110,6,702.2560,1,1,48
110,7,1.4732,0,0,0
110,8,708.3091,1,1,59
110,9,1.4548,0,0,0
110,10,708.1999,1,1,58
110,11,712.8724,1,1,59
110,12,704.2685,1,1,57
110,13,1.8507,0,0,0
110,14,1.3162,0,0,0
110,15,700.9994,1,1,56
110,16,710.7379,1,1,60
110,17,1.3816,0,0,0
110,18,1.3424,0,0,0
110,19,1.0869,0,0,0
110,20,704.2800,1,1,61
110,21,1.3411,0,0,0
110,22,702.6235,1,1,58
110,23,713.3418,1,1,60
110,24,712.5737,1,1,59
110,25,1.0548,0,0,0
110,26,1.4404,0,0,0
110,27,702.6094,1,1,56
110,28,1.3628,0,0,0
110,29,1.2663,0,0,0
110,30,1.0581,0,0,0
110,31,0.9683,0,0,0
110,32,1.0369,0,0,0
110,33,1.1757,0,0,0
110,34,0.9272,0,0,0
110,35,1.9780,0,0,0
110,36,702.6448,1,1,61
110,37,708.0958,1,1,61
110,38,708.7753,1,1,61
110,39,1.1429,0,0,0
110,40,713.0642,1,1,60
110,41,1.3539,0,0,0
110,42,707.5611,1,1,55
110,43,1.7810,0,0,0
110,44,706.1299,1,1,129
110,45,702.1520,1,1,110
110,46,709.4959,1,1,99
110,47,1.3097,0,0,0
110,48,703.0569,1,1,100
110,49,704.6503,1,1,94
110,50,1.2261,0,0,0
110,51,1.0138,0,0,0
110,52,704.3853,1,1,107
110,53,709.3387,1,1,94
110,54,703.1299,1,1,98
110,55,703.6743,1,1,145
110,56,701.9426,1,1,148
110,57,703.5237,1,1,151
110,58,706.2761,1,1,146
110,59,1.4733,0,0,0
110,60,1.5062,0,0,0
110,61,703.7124,1,1,149
110,62,702.6565,1,1,157
110,63,703.6702,1,1,172
110,64,1.3962,0,0,0
110,65,703.4946,1,1,189
111,0,1.4823,0,0,0
111,1,0.6314,0,0,0
111,2,702.6836,1,1,86
111,3,703.8499,1,1,78
111,4,0.8358,0,0,0
111,5,704.6325,1,1,77
111,6,0.8917,0,0,0
111,7,1.1718,0,0,0
111,8,707.8568,1,1,78
111,9,707.1740,1,1,79
111,10,704.5283,1,1,78
111,11,705.7724,1,1,87
111,12,705.2631,1,1,119
111,13,703.5449,1,1,123
111,14,1.1112,0,0,0
111,15,704.0033,1,1,126
111,16,705.6568,1,1,126
111,17,704.6904,1,1,161
111,18,704.2814,1,1,166
111,19,1.4442,0,0,0
111,20,1.1645,0,0,0
111,21,1.2081,0,0,0
111,22,703.5160,1,1,236
111,23,702.0667,1,1,256
111,24,1.2989,0,0,0
111,25,702.7998,1,1,274
111,26,703.9683,1,1,250
111,27,714.6335,1,1,245
111,28,1.1116,0,0,0
111,29,1.0285,0,0,0
111,30,0.7545,0,0,0
111,31,0.7348,0,0,0
111,32,0.7490,0,0,0
111,33,0.7336,0,0,0
111,34,0.9418,0,0,0
111,35,704.8903,1,1,137
111,36,704.8359,1,1,145
111,37,1.1651,0,0,0
111,38,702.3818,1,1,154
111,39,702.9403,1,1,159
111,40,1.4027,0,0,0
111,41,1.0570,0,0,0
111,42,0.9842,0,0,0
111,43,1.0178,0,0,0
111,44,0.9250,0,0,0
111,45,0.9781,0,0,0
111,46,1.0295,0,0,0
111,47,709.0007,1,1,82
111,48,705.6325,1,1,79
111,49,709.9464,1,1,78
111,50,1.2555,0,0,0
111,51,1.1929,0,0,0
111,52,1.1116,0,0,0
111,53,1.1871,0,0,0
111,54,1.0639,0,0,0
111,55,1.3290,0,0,0
111,56,1.3119,0,0,0
111,57,703.9691,1,1,194
111,58,1.5785,0,0,0
111,59,705.1829,1,1,235
111,60,1.5461,0,0,0
111,61,1.5678,0,0,0
111,62,702.5786,1,1,227
111,63,704.1415,1,1,215
111,64,702.0384,1,1,168
111,65,703.3522,1,1,184
111,66,1.6187,0,0,0
111,67,702.3142,1,1,161
111,68,1.4854,0,0,0
111,69,703.5317,1,1,162
111,70,1.5735,0,0,0
111,71,1.4428,0,0,0
111,72,1.4627,0,0,0
111,73,1.1003,0,0,0
111,74,1.2809,0,0,0
111,75,1.4312,0,0,0
111,76,1.1925,0,0,0
111,77,1.1620,0,0,0
112,0,0.9203,0,0,0
112,1,0.8255,0,0,0
112,2,708.8253,1,1,73
112,3,701.1586,1,1,71
112,4,711.1348,1,1,55
112,5,707.0869,1,1,55
112,6,1.0618,0,0,0
112,7,703.5383,1,1,56
112,8,712.4276,1,1,57
112,9,1.6861,0,0,0
112,10,709.5712,1,1,78
112,11,0.9276,0,0,0
112,12,707.4734,1,1,79
112,13,1.6996,0,0,0
112,14,706.5480,1,1,73
112,15,1.0142,0,0,0
112,16,705.7108,1,1,74
112,17,703.2872,1,1,70
112,18,1.2046,0,0,0
112,19,709.5765,1,1,70
112,20,1.0638,0,0,0
112,21,703.3606,1,1,70
112,22,703.3464,1,1,68
112,23,1.1757,0,0,0
112,24,707.4513,1,1,66
112,25,1.6904,0,0,0
112,26,1.4399,0,0,0
112,27,1.3106,0,0,0
112,28,704.9924,1,1,71
112,29,1.0578,0,0,0
112,30,704.6863,1,1,73
112,31,705.9151,1,1,73
112,32,704.3517,1,1,125
112,33,1.0796,0,0,0
112,34,707.2909,1,1,115
112,35,1.0657,0,0,0
112,36,702.5953,1,1,119
112,37,702.6669,1,1,121
112,38,1.0500,0,0,0
112,39,705.3224,1,1,121
112,40,1.5003,0,0,0
112,41,1.0025,0,0,0
112,42,1.1988,0,0,0
112,43,1.0827,0,0,0
112,44,1.3692,0,0,0
112,45,0.9996,0,0,0
112,46,1.8131,0,0,0
112,47,710.0773,1,1,174
112,48,702.1364,1,1,169
112,49,704.8591,1,1,198
112,50,1.5845,0,0,0
112,51,703.3119,1,1,171
112,52,1.3544,0,0,0
112,53,702.5478,1,1,165
112,54,705.9354,1,1,170
112,55,702.9109,1,1,176
112,56,702.9836,1,1,231
112,57,1.7098,0,0,0
112,58,703.9692,1,1,255
112,59,703.0995,1,1,276
112,60,701.9431,1,1,292
112,61,1.7497,0,0,0
112,62,701.8886,1,1,330
113,0,0.8409,0,0,0
113,1,1.1400,0,0,0
113,2,703.8408,1,1,103
113,3,701.4007,1,1,99
113,4,1.1242,0,0,0
113,5,702.6576,1,1,164
113,6,701.0674,1,1,153
113,7,704.3933,1,1,158
113,8,0.7953,0,0,0
113,9,0.9418,0,0,0
113,10,701.0256,1,1,170
113,11,709.2734,1,1,71
113,12,704.7480,1,1,73
113,13,711.8738,1,1,64
113,14,1.1123,0,0,0
113,15,1.5443,0,0,0
113,16,707.8182,1,1,65
113,17,1.2668,0,0,0
113,18,710.4954,1,1,65
113,19,0.9670,0,0,0
113,20,705.0856,1,1,64
113,21,704.2106,1,1,59
113,22,707.9111,1,1,59
113,23,0.9845,0,0,0
113,24,710.7273,1,1,58
113,25,703.1465,1,1,56
113,26,1.5045,0,0,0
113,27,704.9291,1,1,58
113,28,709.8771,1,1,57
113,29,1.4540,0,0,0
113,30,706.1405,1,1,55
113,31,706.9693,1,1,54
113,32,713.0882,1,1,54
113,33,1.5325,0,0,0
113,34,704.4789,1,1,54
113,35,1.0823,0,0,0
113,36,705.3141,1,1,54
113,37,1.5266,0,0,0
113,38,712.8101,1,1,54
113,39,1.3847,0,0,0
113,40,1.4761,0,0,0
113,41,704.1613,1,1,53
113,42,706.1937,1,1,53
113,43,1.9818,0,0,0
113,44,712.0457,1,1,46
113,45,701.6578,1,1,50
113,46,1.4948,0,0,0
113,47,709.7307,1,1,51
113,48,702.8361,1,1,51
113,49,713.5509,1,1,51
113,50,709.3333,1,1,52
113,51,706.3739,1,1,52
113,52,709.3781,1,1,52
113,53,1.4150,0,0,0
113,54,703.9115,1,1,52
113,55,704.0306,1,1,52
113,56,1.3612,0,0,0
113,57,1.1634,0,0,0
113,58,714.4740,1,1,53
113,59,1.6827,0,0,0
113,60,706.5987,1,1,52
113,61,1.4107,0,0,0
113,62,713.2867,1,1,52
113,63,715.2521,1,1,52
113,64,1.7776,0,0,0
113,65,702.1528,1,1,159
113,66,702.0370,1,1,168
113,67,707.4341,1,1,139
113,68,1.4646,0,0,0
113,69,1.4342,0,0,0
113,70,703.1994,1,1,159
113,71,1.5406,0,0,0
113,72,1.4338,0,0,0
113,73,1.7015,0,0,0
113,74,703.9529,1,1,201
113,75,703.7277,1,1,210
113,76,1.3646,0,0,0
113,77,702.1333,1,1,221
113,78,1.3359,0,0,0
113,79,1.4065,0,0,0
113,80,1.1758,0,0,0
113,81,1.2341,0,0,0
113,82,1.2489,0,0,0
113,83,1.1878,0,0,0
113,84,1.2104,0,0,0
114,0,0.9437,0,0,0
114,1,701.6741,1,1,78
114,2,705.1389,1,1,77
114,3,706.1364,1,1,76
114,4,1.4215,0,0,0
114,5,1.1012,0,0,0
114,6,0.9563,0,0,0
114,7,704.7731,1,1,89
114,8,703.3434,1,1,78
114,9,708.3746,1,1,75
114,10,706.0933,1,1,79
114,11,702.7145,1,1,72
114,12,0.9763,0,0,0
114,13,708.8989,1,1,69
114,14,708.8185,1,1,69
114,15,710.0614,1,1,69
114,16,709.0124,1,1,66
114,17,1.6898,0,0,0
114,18,703.6805,1,1,55
114,19,1.1476,0,0,0
114,20,1.3232,0,0,0
114,21,713.8393,1,1,56
114,22,704.1278,1,1,55
114,23,706.0063,1,1,54
114,24,708.4153,1,1,56
114,25,1.2976,0,0,0
114,26,707.6933,1,1,56
114,27,1.5533,0,0,0
114,28,1.4949,0,0,0
114,29,1.2042,0,0,0
114,30,709.7269,1,1,56
114,31,1.8073,0,0,0
114,32,702.3912,1,1,55
114,33,709.5372,1,1,55
114,34,711.8503,1,1,57
114,35,1.3858,0,0,0
114,36,1.1407,0,0,0
114,37,1.1378,0,0,0
114,38,1.0280,0,0,0
114,39,1.2517,0,0,0
114,40,1.0052,0,0,0
114,41,1.0102,0,0,0
114,42,712.5564,1,1,70
114,43,711.9747,1,1,74
114,44,703.1791,1,1,88
114,45,1.7637,0,0,0
114,46,708.6175,1,1,87
114,47,1.1989,0,0,0
114,48,702.6071,1,1,91
114,49,701.5416,1,1,92
114,50,1.2460,0,0,0
114,51,705.4515,1,1,92
114,52,1.3780,0,0,0
114,53,704.8618,1,1,101
114,54,702.8419,1,1,94
114,55,1.2440,0,0,0
114,56,703.8580,1,1,96
114,57,1.5859,0,0,0
114,58,1.1928,0,0,0
114,59,1.2390,0,0,0
114,60,1.2741,0,0,0
114,61,1.2508,0,0,0
114,62,1.1781,0,0,0
114,63,1.3242,0,0,0
114,64,1.0010,0,0,0
114,65,704.1964,1,1,191
114,66,702.2559,1,1,216
114,67,1.3716,0,0,0
114,68,1.5469,0,0,0
114,69,702.1406,1,1,281
114,70,1.4267,0,0,0
114,71,703.9745,1,1,337
114,72,1.1809,0,0,0
114,73,702.6752,1,1,418
114,74,701.9808,1,1,141
114,75,1.1641,0,0,0
114,76,1.1710,0,0,0
114,77,1.1606,0,0,0
114,78,1.0341,0,0,0
114,79,1.1670,0,0,0
114,80,1.2627,0,0,0
114,81,1.2706,0,0,0
115,0,0.7090,0,0,0
115,1,0.6188,0,0,0
115,2,707.8584,1,1,74
115,3,1.2873,0,0,0
115,4,707.0542,1,1,101
115,5,707.7172,1,1,83
115,6,1.2406,0,0,0
115,7,708.2622,1,1,84
115,8,708.0294,1,1,84
115,9,0.8191,0,0,0
115,10,701.5999,1,1,82
115,11,704.3926,1,1,109
115,12,0.9546,0,0,0
115,13,706.1550,1,1,114
115,14,704.7284,1,1,116
115,15,703.4686,1,1,98
115,16,707.2666,1,1,101
115,17,1.6613,0,0,0
115,18,1.0466,0,0,0
115,19,1.0962,0,0,0
115,20,705.2234,1,1,119
115,21,704.9513,1,1,122
115,22,1.2467,0,0,0
115,23,704.1736,1,1,104
115,24,1.2200,0,0,0
115,25,706.9071,1,1,107
115,26,704.8498,1,1,109
115,27,702.7489,1,1,90
115,28,1.1381,0,0,0
115,29,706.2568,1,1,101
115,30,1.0124,0,0,0
115,31,0.8754,0,0,0
115,32,1.1320,0,0,0
115,33,0.7758,0,0,0
115,34,0.7879,0,0,0
115,35,0.8127,0,0,0
115,36,0.8269,0,0,0
115,37,707.3345,1,1,105
115,38,1.3516,0,0,0
115,39,704.7022,1,1,99
115,40,1.2628,0,0,0
115,41,1.1429,0,0,0
115,42,1.3009,0,0,0
115,43,1.3761,0,0,0
115,44,1.1019,0,0,0
115,45,1.0669,0,0,0
115,46,1.0969,0,0,0
115,47,704.5092,1,1,197
115,48,703.7756,1,1,334
115,49,1.2334,0,0,0
115,50,702.3276,1,1,270
115,51,1.2085,0,0,0
115,52,1.6602,0,0,0
115,53,702.3813,1,1,311
115,54,701.6400,1,1,287
115,55,702.8245,1,1,252
115,56,703.4599,1,1,270
115,57,1.3467,0,0,0
115,58,704.9413,1,1,215
115,59,1.4555,0,0,0
115,60,1.2844,0,0,0
115,61,1.4547,0,0,0
115,62,1.1525,0,0,0
115,63,1.1017,0,0,0
115,64,1.1388,0,0,0
115,65,1.3507,0,0,0
115,66,0.9578,0,0,0
116,0,0.7696,0,0,0
116,1,707.5745,1,1,95
116,2,702.6953,1,1,95
116,3,1.2344,0,0,0
116,4,1.0544,0,0,0
116,5,701.2844,1,1,228
116,6,704.2013,1,1,240
116,7,703.2773,1,1,239
116,8,1.0248,0,0,0
116,9,701.7632,1,1,233
116,10,0.8358,0,0,0
116,11,702.9436,1,1,253
116,12,705.6743,1,1,57
116,13,704.5083,1,1,48
116,14,1.4741,0,0,0
116,15,709.8900,1,1,58
116,16,1.0584,0,0,0
116,17,1.2968,0,0,0
116,18,703.2754,1,1,57
116,19,1.0318,0,0,0
116,20,706.6041,1,1,57
116,21,712.6210,1,1,55
116,22,709.6576,1,1,55
116,23,1.5503,0,0,0
116,24,708.4724,1,1,52
116,25,704.6836,1,1,55
116,26,706.3194,1,1,55
116,27,704.7195,1,1,55
116,28,1.1793,0,0,0
116,29,1.6328,0,0,0
116,30,705.3689,1,1,55
116,31,711.7198,1,1,55
116,32,1.0914,0,0,0
116,33,705.5634,1,1,54
116,34,1.8409,0,0,0
116,35,712.6167,1,1,55
116,36,702.9748,1,1,53
116,37,712.8201,1,1,54
116,38,1.7800,0,0,0
116,39,713.5322,1,1,51
116,40,705.2322,1,1,51
116,41,1.6713,0,0,0
116,42,709.9870,1,1,51
116,43,704.5317,1,1,51
116,44,715.4714,1,1,52
116,45,710.4019,1,1,52
116,46,1.3332,0,0,0
116,47,715.1506,1,1,52
116,48,712.7027,1,1,51
116,49,1.2338,0,0,0
116,50,703.5363,1,1,50
116,51,708.3183,1,1,53
116,52,713.1278,1,1,54
116,53,1.4627,0,0,0
116,54,1.4177,0,0,0
116,55,1.2257,0,0,0
116,56,706.2516,1,1,72
116,57,702.3033,1,1,107
116,58,1.2415,0,0,0
116,59,707.1321,1,1,109
116,60,1.5139,0,0,0
116,61,704.3980,1,1,153
116,62,702.0682,1,1,113
116,63,1.4335,0,0,0
116,64,1.1654,0,0,0
116,65,702.0011,1,1,73
116,66,1.4751,0,0,0
116,67,1.1066,0,0,0
116,68,1.1830,0,0,0
116,69,1.2573,0,0,0
116,70,1.1806,0,0,0
116,71,1.2333,0,0,0
116,72,1.3931,0,0,0
117,0,0.7422,0,0,0
117,1,0.6912,0,0,0
117,2,703.4332,1,1,71
117,3,1.3915,0,0,0
117,4,702.5908,1,1,72
117,5,702.0391,1,1,66
117,6,703.1945,1,1,63
117,7,1.2788,0,0,0
117,8,707.4152,1,1,69
117,9,1.5793,0,0,0
117,10,1.0902,0,0,0
117,11,0.9697,0,0,0
117,12,711.2344,1,1,64
117,13,1.0901,0,0,0
117,14,1.5868,0,0,0
117,15,709.6719,1,1,64
117,16,706.9693,1,1,64
117,17,703.4079,1,1,62
117,18,1.4499,0,0,0
117,19,704.0690,1,1,62
117,20,1.4720,0,0,0
117,21,706.7660,1,1,61
117,22,711.1435,1,1,61
117,23,703.0003,1,1,60
117,24,1.1467,0,0,0
117,25,706.8996,1,1,60
117,26,1.2052,0,0,0
117,27,1.2769,0,0,0
117,28,710.3300,1,1,60
117,29,1.0659,0,0,0
117,30,703.1237,1,1,59
117,31,1.1296,0,0,0
117,32,709.4611,1,1,59
117,33,703.0145,1,1,59
117,34,1.1499,0,0,0
117,35,0.9167,0,0,0
117,36,712.0989,1,1,59
117,37,703.9982,1,1,138
117,38,704.8107,1,1,150
117,39,1.3068,0,0,0
117,40,706.2226,1,1,141
117,41,703.4096,1,1,151
117,42,1.1423,0,0,0
117,43,703.1978,1,1,174
117,44,704.1027,1,1,166
117,45,702.4224,1,1,209
117,46,1.3343,0,0,0
117,47,701.2137,1,1,219
117,48,1.0931,0,0,0
117,49,1.1170,0,0,0
117,50,701.4382,1,1,235
118,0,0.7730,0,0,0
118,1,706.3020,1,1,71
118,2,704.1008,1,1,67
118,3,0.8062,0,0,0
118,4,1.0746,0,0,0
118,5,701.8395,1,1,68
118,6,1.5345,0,0,0
118,7,705.3867,1,1,68
118,8,0.8148,0,0,0
118,9,703.5050,1,1,67
118,10,708.2718,1,1,62
118,11,702.7695,1,1,62
118,12,701.8529,1,1,67
118,13,705.1616,1,1,59
118,14,707.0946,1,1,58
118,15,707.1620,1,1,65
118,16,1.3303,0,0,0
118,17,1.2782,0,0,0
118,18,704.2417,1,1,65
118,19,1.1806,0,0,0
118,20,707.4151,1,1,66
118,21,702.5203,1,1,72
118,22,1.0321,0,0,0
118,23,709.4732,1,1,76
118,24,701.5421,1,1,77
118,25,1.1345,0,0,0
118,26,702.4723,1,1,65
118,27,705.8957,1,1,60
118,28,705.3786,1,1,60
118,29,708.1087,1,1,62
118,30,709.6233,1,1,60
118,31,1.7334,0,0,0
118,32,711.8163,1,1,57
118,33,1.4316,0,0,0
118,34,713.1312,1,1,58
118,35,1.6887,0,0,0
118,36,702.0877,1,1,58
118,37,1.3622,0,0,0
118,38,703.2316,1,1,60
118,39,711.1249,1,1,61
118,40,701.7094,1,1,59
118,41,1.2368,0,0,0
118,42,1.3813,0,0,0
118,43,1.0215,0,0,0
118,44,1.1636,0,0,0
118,45,0.9870,0,0,0
118,46,1.1456,0,0,0
119,0,0.8032,0,0,0
119,1,702.8584,1,1,93
119,2,0.7758,0,0,0
119,3,703.7126,1,1,101
119,4,706.0247,1,1,98
119,5,705.9697,1,1,72
119,6,1.0540,0,0,0
119,7,703.9047,1,1,71
119,8,703.4916,1,1,71
119,9,701.6307,1,1,66
119,10,1.1441,0,0,0
119,11,702.5015,1,1,65
119,12,703.7010,1,1,66
119,13,1.4361,0,0,0
119,14,1.2987,0,0,0
119,15,1.1803,0,0,0
119,16,705.0510,1,1,69
119,17,0.8794,0,0,0
119,18,701.7978,1,1,68
119,19,702.2538,1,1,68
119,20,705.7973,1,1,69
119,21,705.1996,1,1,69
119,22,0.9834,0,0,0
119,23,705.4889,1,1,69
119,24,1.0412,0,0,0
119,25,1.4101,0,0,0
119,26,705.0560,1,1,68
119,27,709.2199,1,1,69
119,28,701.4167,1,1,68
119,29,1.0829,0,0,0
119,30,1.1011,0,0,0
119,31,0.8044,0,0,0
119,32,0.8176,0,0,0
119,33,0.8222,0,0,0
119,34,0.8437,0,0,0
119,35,705.0275,1,1,67
119,36,705.8657,1,1,66
119,37,1.5746,0,0,0
119,38,710.9332,1,1,68
119,39,702.2737,1,1,67
119,40,705.9962,1,1,67
119,41,1.1888,0,0,0
119,42,1.1390,0,0,0
119,43,1.1079,0,0,0
119,44,0.9354,0,0,0
119,45,0.9651,0,0,0
119,46,1.1847,0,0,0
119,47,0.9680,0,0,0
119,48,1.8205,0,0,0
119,49,703.0856,1,1,274
119,50,0.9857,0,0,0
119,51,0.9989,0,0,0
119,52,0.8314,0,0,0
119,53,0.7963,0,0,0
119,54,1.1928,0,0,0
119,55,0.8121,0,0,0
119,56,0.9922,0,0,0
119,57,0.7605,0,0,0
119,58,702.3987,1,1,646
119,59,703.6542,1,1,723
119,60,1.2148,0,0,0
120,0,1.2095,0,0,0
120,1,705.4359,1,1,70
120,2,1.5013,0,0,0
120,3,1.0776,0,0,0
120,4,1.1858,0,0,0
120,5,703.5702,1,1,75
120,6,705.1555,1,1,74
120,7,1.4933,0,0,0
120,8,703.4761,1,1,71
120,9,703.2135,1,1,61
120,10,707.1252,1,1,69
120,11,702.3151,1,1,68
120,12,1.6296,0,0,0
120,13,708.1867,1,1,69
120,14,708.2710,1,1,70
120,15,1.1080,0,0,0
120,16,704.1155,1,1,59
120,17,0.9307,0,0,0
120,18,704.8313,1,1,65
120,19,710.7448,1,1,65
120,20,709.3874,1,1,63
120,21,706.5723,1,1,62
120,22,0.9935,0,0,0
120,23,708.8405,1,1,61
120,24,1.8208,0,0,0
120,25,710.9395,1,1,62
120,26,1.1383,0,0,0
120,27,705.1195,1,1,61
120,28,706.8235,1,1,60
120,29,1.1529,0,0,0
120,30,704.1553,1,1,61
120,31,1.4019,0,0,0
120,32,1.3355,0,0,0
120,33,1.2521,0,0,0
120,34,701.8826,1,1,61
120,35,704.5064,1,1,57
120,36,703.0491,1,1,58
120,37,1.2806,0,0,0
120,38,702.1860,1,1,61
120,39,1.1645,0,0,0
120,40,702.9235,1,1,62
120,41,702.4584,1,1,58
120,42,1.7673,0,0,0
120,43,708.9488,1,1,58
120,44,1.2545,0,0,0
120,45,1.2795,0,0,0
120,46,705.6898,1,1,57
120,47,1.1960,0,0,0
120,48,705.5626,1,1,59
120,49,702.2566,1,1,59
120,50,1.3594,0,0,0
120,51,711.8708,1,1,60
120,52,1.2622,0,0,0
120,53,1.9164,0,0,0
120,54,712.7914,1,1,60
120,55,707.0358,1,1,60
120,56,1.4854,0,0,0
120,57,703.4032,1,1,59
120,58,708.7509,1,1,59
120,59,1.3688,0,0,0
120,60,1.5002,0,0,0
120,61,709.0029,1,1,59
120,62,1.2844,0,0,0
120,63,1.4929,0,0,0
120,64,703.2036,1,1,61
120,65,710.9120,1,1,62
120,66,1.2207,0,0,0
120,67,1.4512,0,0,0
120,68,0.9915,0,0,0
120,69,1.0401,0,0,0
120,70,1.3786,0,0,0
120,71,1.1600,0,0,0
120,72,710.0656,1,1,64
120,73,1.2693,0,0,0
120,74,705.9878,1,1,80
120,75,710.3214,1,1,73
120,76,705.7896,1,1,72
120,77,704.3329,1,1,91
120,78,704.3623,1,1,96
120,79,1.3709,0,0,0
120,80,1.3373,0,0,0
120,81,1.5108,0,0,0
120,82,1.4520,0,0,0
120,83,1.3082,0,0,0
120,84,1.4963,0,0,0
120,85,1.2934,0,0,0
120,86,1.8780,0,0,0
120,87,701.8254,1,1,139
120,88,701.9968,1,1,205
120,89,702.8656,1,1,197
120,90,703.8806,1,1,171
120,91,703.8214,1,1,175
121,0,0.7246,0,0,0
121,1,0.8414,0,0,0
121,2,707.7523,1,1,78
121,3,704.8567,1,1,82
121,4,1.1989,0,0,0
121,5,703.4704,1,1,74
121,6,702.1722,1,1,65
121,7,710.2687,1,1,66
121,8,1.5943,0,0,0
121,9,1.1292,0,0,0
121,10,1.0224,0,0,0
121,11,701.2223,1,1,68
121,12,0.9081,0,0,0
121,13,6.0474,0,0,0
121,14,709.9594,1,1,67
121,15,703.4992,1,1,53
121,16,703.2743,1,1,53
121,17,706.2697,1,1,53
121,18,707.9860,1,1,55
121,19,712.4063,1,1,56
121,20,709.3530,1,1,56
121,21,1.1951,0,0,0
121,22,707.4629,1,1,56
121,23,1.0464,0,0,0
121,24,705.4044,1,1,55
121,25,1.8592,0,0,0
121,26,703.1561,1,1,53
121,27,1.1958,0,0,0
121,28,715.2230,1,1,54
121,29,1.2059,0,0,0
121,30,1.3707,0,0,0
121,31,713.2078,1,1,54
121,32,703.7078,1,1,53
121,33,1.4641,0,0,0
121,34,710.3144,1,1,54
121,35,1.6656,0,0,0
121,36,703.8673,1,1,75
121,37,1.1885,0,0,0
121,38,708.4087,1,1,92
121,39,709.8002,1,1,80
121,40,1.4255,0,0,0
121,41,708.2153,1,1,85
121,42,1.2383,0,0,0
121,43,2.2661,0,0,0
121,44,706.7300,1,1,80
121,45,709.6340,1,1,80
121,46,1.5998,0,0,0
121,47,704.8620,1,1,82
121,48,704.0359,1,1,80
121,49,706.5281,1,1,91
121,50,706.5904,1,1,172
121,51,1.5582,0,0,0
121,52,703.4346,1,1,173
121,53,702.4576,1,1,178
121,54,1.4627,0,0,0
121,55,1.4858,0,0,0
121,56,1.6856,0,0,0
121,57,1.2827,0,0,0
121,58,1.2022,0,0,0
121,59,1.2899,0,0,0
121,60,1.5838,0,0,0
122,0,0.8216,0,0,0
122,1,1.0287,0,0,0
122,2,0.5035,0,0,0
122,3,702.7055,1,1,95
122,4,708.2747,1,1,102
122,5,704.5946,1,1,68
122,6,711.3338,1,1,57
122,7,707.2980,1,1,58
122,8,707.0218,1,1,58
122,9,1.4854,0,0,0
122,10,1.4746,0,0,0
122,11,1.0485,0,0,0
122,12,708.6842,1,1,61
122,13,708.4944,1,1,61
122,14,1.5250,0,0,0
122,15,706.2786,1,1,60
122,16,707.9774,1,1,61
122,17,1.4139,0,0,0
122,18,711.2799,1,1,59
123,0,0.7958,0,0,0
123,1,705.4776,1,1,65
123,2,703.2924,1,1,64
123,3,708.0037,1,1,64
123,4,1.3860,0,0,0
123,5,703.9760,1,1,66
123,6,702.5696,1,1,61
123,7,1.0244,0,0,0
123,8,1.1919,0,0,0
123,9,709.2613,1,1,65
123,10,1.1255,0,0,0
123,11,0.8543,0,0,0
123,12,705.2016,1,1,63
123,13,702.8808,1,1,63
123,14,707.2997,1,1,63
123,15,702.0834,1,1,62
123,16,1.3912,0,0,0
123,17,712.3402,1,1,62
123,18,1.4229,0,0,0
123,19,708.8884,1,1,59
123,20,711.4131,1,1,59
123,21,706.4453,1,1,59
123,22,707.6168,1,1,70
123,23,0.9652,0,0,0
123,24,706.7936,1,1,71
123,25,0.9896,0,0,0
123,26,701.5535,1,1,60
123,27,1.2713,0,0,0
123,28,709.1165,1,1,61
123,29,707.7207,1,1,60
123,30,1.4275,0,0,0
123,31,704.1960,1,1,59
123,32,1.4520,0,0,0
123,33,705.3900,1,1,61
123,34,705.6362,1,1,61
123,35,1.0424,0,0,0
123,36,712.4314,1,1,61
123,37,701.7284,1,1,61
123,38,1.5772,0,0,0
123,39,1.1526,0,0,0
123,40,1.0905,0,0,0
123,41,707.1571,1,1,61
123,42,709.1427,1,1,61
123,43,1.3847,0,0,0
123,44,1.3168,0,0,0
123,45,703.7943,1,1,61
123,46,702.4759,1,1,62
123,47,701.2059,1,1,61
123,48,1.1179,0,0,0
123,49,1.0515,0,0,0
123,50,1.1442,0,0,0
123,51,1.0540,0,0,0
123,52,0.9680,0,0,0
123,53,0.9452,0,0,0
123,54,1.7589,0,0,0
123,55,703.2715,1,1,56
123,56,1.1894,0,0,0
123,57,1.1466,0,0,0
123,58,1.2211,0,0,0
123,59,1.0128,0,0,0
123,60,0.9858,0,0,0
123,61,1.0398,0,0,0
123,62,1.2055,0,0,0
123,63,1.0386,0,0,0
123,64,703.2851,1,1,111
123,65,704.1860,1,1,152
123,66,703.7809,1,1,168
123,67,1.4802,0,0,0
123,68,1.5596,0,0,0
123,69,703.1113,1,1,199
123,70,1.2532,0,0,0
123,71,705.4483,1,1,211
123,72,704.6775,1,1,212
123,73,704.2523,1,1,195
123,74,702.0778,1,1,232
123,75,1.6024,0,0,0
123,76,1.4718,0,0,0
123,77,1.3808,0,0,0
123,78,704.5113,1,1,234
123,79,703.2190,1,1,274
123,80,1.3928,0,0,0
123,81,1.4020,0,0,0
123,82,1.2352,0,0,0
123,83,1.1103,0,0,0
123,84,1.4215,0,0,0
123,85,1.2008,0,0,0
124,0,0.9718,0,0,0
124,1,710.4492,1,1,66
124,2,702.4723,1,1,62
124,3,1.1877,0,0,0
124,4,701.1012,1,1,70
124,5,707.6659,1,1,71
124,6,704.5347,1,1,71
124,7,708.1704,1,1,74
124,8,703.6942,1,1,93
124,9,706.6917,1,1,85
124,10,705.5819,1,1,83
124,11,1.5139,0,0,0
124,12,702.6947,1,1,82
124,13,1.7404,0,0,0
124,14,1.3535,0,0,0
124,15,1.3385,0,0,0
124,16,703.5366,1,1,96
124,17,704.8249,1,1,101
124,18,1.2058,0,0,0
124,19,0.9170,0,0,0
124,20,0.8598,0,0,0
124,21,0.8549,0,0,0
124,22,0.7897,0,0,0
124,23,0.9214,0,0,0
124,24,0.9545,0,0,0
124,25,705.4903,1,1,86
124,26,1.5622,0,0,0
124,27,705.0537,1,1,107
124,28,704.9349,1,1,111
124,29,702.4661,1,1,114
124,30,1.1608,0,0,0
124,31,703.9064,1,1,145
124,32,1.3965,0,0,0
124,33,702.0313,1,1,331
124,34,1.0439,0,0,0
124,35,702.9156,1,1,383
124,36,702.3732,1,1,357
124,37,702.1609,1,1,693
125,0,0.7904,0,0,0
125,1,0.6634,0,0,0
125,2,711.9359,1,1,69
125,3,707.1864,1,1,67
125,4,1.3981,0,0,0
125,5,711.1514,1,1,69
125,6,1.1327,0,0,0
125,7,702.8851,1,1,69
125,8,707.5358,1,1,95
125,9,703.6517,1,1,90
125,10,704.6683,1,1,102
125,11,1.0945,0,0,0
125,12,702.3068,1,1,91
125,13,709.1147,1,1,73
125,14,706.9368,1,1,83
125,15,1.0822,0,0,0
125,16,709.3572,1,1,72
125,17,1.3081,0,0,0
125,18,1.3581,0,0,0
125,19,710.4070,1,1,56
125,20,1.5620,0,0,0
125,21,707.2103,1,1,56
125,22,701.5164,1,1,57
125,23,1.2258,0,0,0
125,24,702.5453,1,1,57
125,25,704.5323,1,1,58
125,26,701.5065,1,1,59
125,27,709.4638,1,1,59
125,28,1.6254,0,0,0
125,29,710.3172,1,1,56
125,30,1.3982,0,0,0
125,31,1.8323,0,0,0
125,32,1.3835,0,0,0
125,33,710.2176,1,1,57
125,34,1.7533,0,0,0
125,35,709.7654,1,1,60
125,36,1.3977,0,0,0
125,37,708.9283,1,1,58
125,38,1.5574,0,0,0
125,39,701.5064,1,1,56
125,40,713.3105,1,1,58
125,41,1.2195,0,0,0
125,42,703.3912,1,1,59
125,43,1.2405,0,0,0
125,44,1.2492,0,0,0
125,45,701.9442,1,1,73
125,46,703.9061,1,1,75
125,47,706.4184,1,1,76
125,48,1.1007,0,0,0
125,49,704.4663,1,1,81
125,50,708.5192,1,1,64
125,51,707.2310,1,1,66
125,52,703.2592,1,1,63
125,53,1.2475,0,0,0
125,54,1.5278,0,0,0
125,55,709.0395,1,1,54
125,56,709.1750,1,1,53
125,57,1.3568,0,0,0
125,58,706.2342,1,1,53
125,59,1.4461,0,0,0
125,60,1.0818,0,0,0
125,61,0.9965,0,0,0
125,62,1.1571,0,0,0
125,63,1.0616,0,0,0
125,64,1.0328,0,0,0
125,65,705.2944,1,1,71
125,66,707.4386,1,1,71
125,67,710.9057,1,1,71
125,68,1.7673,0,0,0
125,69,704.6555,1,1,74
125,70,1.5251,0,0,0
125,71,1.4717,0,0,0
125,72,1.4718,0,0,0
125,73,704.6490,1,1,78
125,74,1.5601,0,0,0
125,75,1.4149,0,0,0
125,76,704.9827,1,1,85
125,77,703.1580,1,1,88
125,78,702.7889,1,1,87
125,79,1.3815,0,0,0
125,80,703.0432,1,1,96
125,81,1.3651,0,0,0
125,82,705.1046,1,1,102
125,83,1.9373,0,0,0
125,84,1.3195,0,0,0
125,85,1.3079,0,0,0
125,86,1.4718,0,0,0
125,87,1.1806,0,0,0
125,88,1.2246,0,0,0
125,89,1.4698,0,0,0
125,90,1.2887,0,0,0
125,91,1.5243,0,0,0
125,92,703.4146,1,1,314
125,93,1.5659,0,0,0
125,94,702.7967,1,1,374
125,95,701.7501,1,1,362
125,96,1.4064,0,0,0
125,97,1.3158,0,0,0
125,98,1.4152,0,0,0
125,99,1.2878,0,0,0
125,100,1.3306,0,0,0
125,101,1.3143,0,0,0
125,102,1.1375,0,0,0
126,0,0.6692,0,0,0
126,1,702.8277,1,1,181
126,2,1.0639,0,0,0
126,3,1.0655,0,0,0
126,4,703.4740,1,1,207
126,5,701.9913,1,1,204
126,6,701.5270,1,1,222
126,7,704.2664,1,1,182
126,8,703.7996,1,1,188
126,9,1.0833,0,0,0
126,10,704.4100,1,1,176
126,11,0.9005,0,0,0
126,12,704.5443,1,1,189
126,13,702.3315,1,1,243
126,14,702.8439,1,1,250
126,15,0.9290,0,0,0
126,16,702.7944,1,1,276
126,17,703.7675,1,1,312
126,18,701.9462,1,1,293
126,19,702.9196,1,1,313
126,20,703.2372,1,1,342
126,21,0.9782,0,0,0
126,22,702.8067,1,1,380
126,23,702.7460,1,1,339
126,24,704.8233,1,1,171
126,25,702.0995,1,1,147
126,26,706.0363,1,1,140
126,27,1.0713,0,0,0
126,28,714.7296,1,1,72
126,29,703.5692,1,1,76
126,30,1.1258,0,0,0
126,31,702.5677,1,1,79
126,32,1.3924,0,0,0
126,33,1.4883,0,0,0
126,34,1.2902,0,0,0
126,35,702.2742,1,1,80
126,36,1.3286,0,0,0
126,37,707.7804,1,1,87
126,38,705.2439,1,1,89
126,39,1.0931,0,0,0
126,40,705.3862,1,1,85
126,41,706.2106,1,1,89
126,42,1.2062,0,0,0
126,43,701.9487,1,1,77
126,44,1.2353,0,0,0
126,45,1.1737,0,0,0
126,46,0.9934,0,0,0
126,47,0.9926,0,0,0
126,48,1.1099,0,0,0
126,49,1.1856,0,0,0
126,50,1.1506,0,0,0
126,51,703.3335,1,1,100
126,52,1.2570,0,0,0
126,53,702.4271,1,1,120
126,54,1.4168,0,0,0
126,55,705.2506,1,1,121
126,56,1.2904,0,0,0
126,57,706.5217,1,1,126
126,58,705.8791,1,1,113
126,59,1.2151,0,0,0
126,60,1.5072,0,0,0
126,61,1.1288,0,0,0
126,62,1.5029,0,0,0
126,63,1.3234,0,0,0
126,64,1.3406,0,0,0
126,65,703.4638,1,1,261
126,66,1.2156,0,0,0
126,67,702.3537,1,1,290
126,68,702.8009,1,1,308
126,69,1.2960,0,0,0
126,70,1.2322,0,0,0
126,71,1.2576,0,0,0
126,72,1.0545,0,0,0
126,73,1.0088,0,0,0
126,74,1.1679,0,0,0
126,75,1.1399,0,0,0
126,76,1.0720,0,0,0
127,0,1.0550,0,0,0
127,1,0.7446,0,0,0
127,2,707.0985,1,1,77
127,3,707.9685,1,1,79
127,4,708.9874,1,1,71
127,5,1.4594,0,0,0
127,6,702.8476,1,1,73
127,7,710.2632,1,1,59
127,8,0.8794,0,0,0
127,9,1.4442,0,0,0
127,10,704.4189,1,1,57
127,11,706.6356,1,1,57
127,12,706.7603,1,1,56
127,13,1.4929,0,0,0
127,14,710.1968,1,1,54
127,15,1.4551,0,0,0
127,16,708.5462,1,1,49
127,17,703.7822,1,1,51
127,18,1.5099,0,0,0
127,19,703.7197,1,1,52
127,20,1.5147,0,0,0
127,21,1.4374,0,0,0
127,22,713.3348,1,1,54
127,23,712.9331,1,1,53
127,24,707.7922,1,1,52
127,25,709.4202,1,1,53
127,26,1.2790,0,0,0
127,27,1.4152,0,0,0
127,28,706.6725,1,1,52
127,29,704.0166,1,1,52
127,30,708.2121,1,1,51
127,31,1.3168,0,0,0
127,32,710.0732,1,1,51
127,33,708.2771,1,1,49
127,34,702.9637,1,1,49
127,35,713.8046,1,1,48
127,36,705.5770,1,1,48
127,37,1.3819,0,0,0
127,38,708.4193,1,1,50
127,39,708.5154,1,1,48
127,40,1.2598,0,0,0
127,41,713.3114,1,1,48
127,42,1.1860,0,0,0
127,43,714.3873,1,1,52
127,44,712.0322,1,1,51
127,45,713.1691,1,1,51
127,46,1.2899,0,0,0
127,47,1.1328,0,0,0
127,48,1.5662,0,0,0
127,49,711.1083,1,1,50
127,50,1.6869,0,0,0
127,51,1.3332,0,0,0
127,52,1.2537,0,0,0
127,53,703.7945,1,1,56
127,54,702.3274,1,1,59
127,55,711.5127,1,1,61
127,56,1.4906,0,0,0
127,57,704.7826,1,1,71
127,58,706.5774,1,1,61
127,59,702.3046,1,1,85
127,60,1.4950,0,0,0
127,61,703.9112,1,1,68
127,62,1.5097,0,0,0
127,63,1.1283,0,0,0
127,64,1.1591,0,0,0
127,65,1.3064,0,0,0
127,66,1.1169,0,0,0
127,67,1.1232,0,0,0
128,0,0.7838,0,0,0
128,1,703.9052,1,1,75
128,2,1.3339,0,0,0
128,3,708.5470,1,1,78
128,4,0.8657,0,0,0
128,5,709.1564,1,1,90
128,6,708.4674,1,1,69
128,7,0.8523,0,0,0
128,8,709.8667,1,1,71
128,9,706.8553,1,1,70
128,10,701.3615,1,1,70
128,11,1.3130,0,0,0
128,12,702.6640,1,1,73
128,13,705.8578,1,1,75
128,14,707.3439,1,1,74
128,15,1.2450,0,0,0
128,16,710.8245,1,1,79
128,17,1.7200,0,0,0
128,18,708.7064,1,1,79
128,19,0.9900,0,0,0
128,20,702.1582,1,1,78
128,21,708.5804,1,1,80
128,22,704.8478,1,1,80
128,23,0.9456,0,0,0
128,24,1.1726,0,0,0
128,25,703.6169,1,1,92
128,26,1.5186,0,0,0
128,27,1.0521,0,0,0
128,28,0.9988,0,0,0
128,29,705.3229,1,1,113
128,30,701.5947,1,1,114
128,31,1.1538,0,0,0
128,32,0.9122,0,0,0
128,33,0.8035,0,0,0
128,34,0.7745,0,0,0
128,35,0.8710,0,0,0
128,36,0.9720,0,0,0
128,37,704.4347,1,1,176
128,38,1.0205,0,0,0
128,39,1.1697,0,0,0
128,40,0.9178,0,0,0
128,41,1.4848,0,0,0
128,42,1.0019,0,0,0
128,43,0.9021,0,0,0
128,44,1.5460,0,0,0
128,45,0.8722,0,0,0
128,46,705.5903,1,1,106
128,47,704.1100,1,1,134
128,48,1.2078,0,0,0
128,49,1.0250,0,0,0
128,50,1.2218,0,0,0
128,51,0.9329,0,0,0
128,52,1.0441,0,0,0
128,53,1.0329,0,0,0
128,54,1.1267,0,0,0
128,55,0.9137,0,0,0
129,0,0.7991,0,0,0
129,1,709.4942,1,1,67
129,2,1.3459,0,0,0
129,3,708.6763,1,1,77
129,4,1.6349,0,0,0
129,5,1.0425,0,0,0
129,6,1.1385,0,0,0
129,7,701.4849,1,1,71
129,8,704.6688,1,1,71
129,9,0.8510,0,0,0
129,10,0.8018,0,0,0
129,11,710.8325,1,1,70
129,12,709.6696,1,1,67
129,13,707.0405,1,1,67
130,0,0.7870,0,0,0
130,1,0.9125,0,0,0
130,2,705.8111,1,1,136
130,3,704.3845,1,1,110
130,4,1.2685,0,0,0
130,5,702.9418,1,1,122
130,6,703.0130,1,1,126
130,7,0.8084,0,0,0
130,8,701.3423,1,1,121
130,9,701.5309,1,1,134
130,10,1.1510,0,0,0
130,11,703.1298,1,1,136
130,12,701.2367,1,1,138
130,13,1.1388,0,0,0
130,14,704.4748,1,1,154
130,15,1.3538,0,0,0
130,16,1.0029,0,0,0
130,17,1.0402,0,0,0
130,18,703.1677,1,1,189
130,19,701.4594,1,1,174
130,20,0.8853,0,0,0
130,21,0.9000,0,0,0
130,22,0.7600,0,0,0
130,23,0.7473,0,0,0
130,24,0.6855,0,0,0
130,25,0.7613,0,0,0
130,26,0.8110,0,0,0
130,27,702.4004,1,1,133
130,28,1.2561,0,0,0
130,29,0.8458,0,0,0
130,30,0.8757,0,0,0
130,31,0.9141,0,0,0
130,32,0.8600,0,0,0
130,33,1.0095,0,0,0
130,34,0.9850,0,0,0
130,35,703.5186,1,1,103
130,36,1.1811,0,0,0
130,37,0.9090,0,0,0
130,38,0.9469,0,0,0
130,39,1.1256,0,0,0
130,40,0.8713,0,0,0
130,41,0.9926,0,0,0
130,42,0.9024,0,0,0
130,43,1.4168,0,0,0
130,44,1.5267,0,0,0
130,45,704.7621,1,1,142
130,46,1.4321,0,0,0
130,47,1.3861,0,0,0
130,48,705.1622,1,1,151
130,49,706.6661,1,1,93
130,50,703.1177,1,1,90
130,51,1.1486,0,0,0
130,52,702.1437,1,1,95
130,53,1.1008,0,0,0
130,54,703.2629,1,1,102
130,55,705.9984,1,1,111
130,56,704.0738,1,1,103
130,57,1.6208,0,0,0
130,58,702.0855,1,1,143
130,59,704.1354,1,1,156
130,60,706.5089,1,1,126
130,61,1.5890,0,0,0
130,62,703.4572,1,1,135
131,0,0.7377,0,0,0
131,1,1.4743,0,0,0
131,2,704.2085,1,1,70
131,3,0.8399,0,0,0
131,4,1.3224,0,0,0
131,5,701.6046,1,1,71
131,6,709.0370,1,1,69
131,7,1.3021,0,0,0
131,8,706.4093,1,1,68
131,9,1.3653,0,0,0
131,10,703.5597,1,1,68
131,11,707.8622,1,1,69
131,12,704.3029,1,1,68
131,13,0.9209,0,0,0
131,14,1.2841,0,0,0
131,15,701.8216,1,1,65
131,16,702.9024,1,1,65
131,17,709.6082,1,1,66
131,18,702.0272,1,1,96
131,19,704.2677,1,1,95
131,20,0.8905,0,0,0
131,21,712.0267,1,1,96
131,22,1.1354,0,0,0
131,23,1.1331,0,0,0
131,24,705.1345,1,1,101
131,25,704.6117,1,1,108
131,26,704.1199,1,1,95
131,27,1.2767,0,0,0
131,28,702.5871,1,1,105
131,29,1.1633,0,0,0
131,30,706.8372,1,1,55
131,31,1.0755,0,0,0
131,32,1.1551,0,0,0
131,33,711.3612,1,1,59
132,0,0.9213,0,0,0
132,1,1.0319,0,0,0
132,2,709.7840,1,1,74
132,3,710.4692,1,1,72
132,4,710.1271,1,1,75
132,5,0.8453,0,0,0
132,6,701.5584,1,1,73
132,7,1.0704,0,0,0
132,8,0.6874,0,0,0
132,9,710.3808,1,1,68
132,10,703.9189,1,1,68
132,11,1.2974,0,0,0
132,12,1.3563,0,0,0
132,13,0.9735,0,0,0
132,14,701.9502,1,1,97
132,15,704.8229,1,1,102
132,16,0.9331,0,0,0
132,17,0.8415,0,0,0
132,18,0.9378,0,0,0
132,19,0.7761,0,0,0
132,20,0.7093,0,0,0
132,21,0.7110,0,0,0
132,22,0.7754,0,0,0
132,23,705.2370,1,1,69
132,24,1.0056,0,0,0
132,25,709.3929,1,1,72
132,26,1.2356,0,0,0
132,27,707.5481,1,1,72
132,28,709.8075,1,1,80
132,29,705.1150,1,1,67
132,30,1.4100,0,0,0
132,31,703.2872,1,1,65
132,32,711.4473,1,1,66
132,33,711.0681,1,1,64
132,34,1.1586,0,0,0
132,35,0.8715,0,0,0
132,36,710.4918,1,1,64
132,37,1.7264,0,0,0
132,38,713.8547,1,1,54
132,39,1.6840,0,0,0
132,40,1.4183,0,0,0
132,41,706.4879,1,1,53
132,42,1.5546,0,0,0
132,43,702.3266,1,1,52
132,44,705.7465,1,1,52
132,45,714.7207,1,1,52
132,46,2.0325,0,0,0
132,47,711.1996,1,1,56
132,48,1.0927,0,0,0
132,49,1.5702,0,0,0
132,50,714.8104,1,1,58
132,51,709.6963,1,1,65
132,52,1.6974,0,0,0
132,53,1.2521,0,0,0
132,54,707.6895,1,1,54
132,55,713.5623,1,1,55
132,56,1.1925,0,0,0
132,57,1.3956,0,0,0
132,58,702.7823,1,1,54
132,59,712.0701,1,1,56
132,60,710.8754,1,1,57
132,61,1.4852,0,0,0
132,62,1.2096,0,0,0
132,63,707.5528,1,1,59
132,64,702.2232,1,1,59
132,65,709.9991,1,1,60
133,0,1.0994,0,0,0
133,1,709.3487,1,1,76
133,2,0.8178,0,0,0
133,3,1.1798,0,0,0
133,4,705.4024,1,1,74
133,5,707.7845,1,1,73
133,6,707.1519,1,1,69
133,7,702.9471,1,1,66
133,8,1.4614,0,0,0
133,9,709.0715,1,1,66
133,10,710.0020,1,1,69
133,11,0.9190,0,0,0
133,12,0.8603,0,0,0
133,13,708.0561,1,1,71
133,14,704.5509,1,1,62
133,15,0.9629,0,0,0
133,16,1.5636,0,0,0
133,17,703.3887,1,1,60
133,18,708.3234,1,1,57
133,19,1.4165,0,0,0
133,20,706.4034,1,1,59
133,21,1.2830,0,0,0
133,22,709.6026,1,1,59
133,23,1.1838,0,0,0
133,24,709.1717,1,1,61
133,25,705.2722,1,1,57
133,26,707.9484,1,1,58
133,27,1.0606,0,0,0
133,28,1.3154,0,0,0
133,29,709.0305,1,1,60
133,30,702.9387,1,1,66
133,31,706.3154,1,1,67
133,32,1.3927,0,0,0
133,33,701.7989,1,1,73
133,34,1.5943,0,0,0
133,35,707.0459,1,1,98
133,36,702.7258,1,1,108
133,37,1.1699,0,0,0
133,38,1.2021,0,0,0
133,39,1.8176,0,0,0
133,40,702.9270,1,1,123
133,41,702.8269,1,1,138
133,42,1.4376,0,0,0
133,43,704.9080,1,1,162
133,44,1.3707,0,0,0
133,45,1.4433,0,0,0
133,46,1.9846,0,0,0
133,47,704.5177,1,1,213
133,48,702.3576,1,1,229
133,49,1.5974,0,0,0
133,50,702.6368,1,1,209
133,51,702.0390,1,1,249
133,52,703.6123,1,1,287
134,0,0.8123,0,0,0
134,1,1.2136,0,0,0
134,2,0.4947,0,0,0
134,3,703.1389,1,1,268
134,4,701.3778,1,1,253
134,5,1.2421,0,0,0
134,6,701.0591,1,1,300
134,7,704.8765,1,1,312
134,8,702.3647,1,1,311
134,9,0.7065,0,0,0
134,10,702.7228,1,1,354
134,11,702.0712,1,1,571
134,12,700.9805,1,1,691
134,13,0.8590,0,0,0
134,14,700.9513,1,1,439
134,15,703.1009,1,1,458
134,16,701.7831,1,1,185
134,17,0.8736,0,0,0
134,18,704.2340,1,1,198
134,19,1.2273,0,0,0
134,20,704.0768,1,1,207
134,21,704.6751,1,1,209
134,22,1.0394,0,0,0
134,23,1.2557,0,0,0
134,24,701.4457,1,1,245
134,25,702.5992,1,1,256
134,26,1.1649,0,0,0
134,27,703.7476,1,1,289
134,28,1.2926,0,0,0
134,29,1.2706,0,0,0
134,30,704.8982,1,1,237
134,31,705.3443,1,1,250
134,32,702.3091,1,1,488
134,33,702.2320,1,1,523
134,34,1.2900,0,0,0
134,35,1.1448,0,0,0
134,36,1.1952,0,0,0
134,37,701.8176,1,1,1576
134,38,701.2922,1,1,443
134,39,1.2272,0,0,0
135,0,0.6922,0,0,0
135,1,707.2924,1,1,66
135,2,1.2847,0,0,0
135,3,1.1874,0,0,0
135,4,0.9501,0,0,0
135,5,702.1696,1,1,75
135,6,706.5943,1,1,66
135,7,1.5448,0,0,0
135,8,706.8768,1,1,67
135,9,1.1166,0,0,0
135,10,703.4900,1,1,66
135,11,1.7529,0,0,0
135,12,1.0955,0,0,0
135,13,704.6812,1,1,68
135,14,703.1186,1,1,67
135,15,711.1651,1,1,66
135,16,702.3219,1,1,78
135,17,0.9732,0,0,0
135,18,703.3659,1,1,82
135,19,709.6831,1,1,84
135,20,705.2737,1,1,83
135,21,1.2301,0,0,0
135,22,705.6462,1,1,87
135,23,1.2634,0,0,0
135,24,1.1528,0,0,0
135,25,0.9541,0,0,0
135,26,0.9257,0,0,0
135,27,0.9302,0,0,0
135,28,1.0464,0,0,0
135,29,1.4300,0,0,0
135,30,702.7784,1,1,94
135,31,1.1118,0,0,0
135,32,0.8906,0,0,0
135,33,0.8578,0,0,0
135,34,0.9644,0,0,0
135,35,0.9918,0,0,0
135,36,0.8456,0,0,0
135,37,0.9280,0,0,0
135,38,0.8781,0,0,0
135,39,702.2530,1,1,205
135,40,1.4999,0,0,0
135,41,704.2591,1,1,233
135,42,1.2693,0,0,0
135,43,703.0024,1,1,257
135,44,703.3200,1,1,275
135,45,1.2699,0,0,0
135,46,701.8069,1,1,277
135,47,1.2153,0,0,0
135,48,702.8146,1,1,282
135,49,702.6685,1,1,303
135,50,1.3562,0,0,0
135,51,703.3058,1,1,323
135,52,702.3392,1,1,236
135,53,1.3009,0,0,0
135,54,1.3167,0,0,0
135,55,0.9444,0,0,0
135,56,0.9686,0,0,0
135,57,0.9534,0,0,0
135,58,1.1498,0,0,0
135,59,1.0893,0,0,0
135,60,0.9470,0,0,0
136,0,1.3946,0,0,0
136,1,0.6750,0,0,0
136,2,702.5008,1,1,77
136,3,707.1603,1,1,80
136,4,711.9903,1,1,55
136,5,1.3266,0,0,0
136,6,1.1118,0,0,0
136,7,1.2475,0,0,0
136,8,710.9917,1,1,64
136,9,708.3567,1,1,63
136,10,710.0656,1,1,62
136,11,0.9641,0,0,0
136,12,710.4162,1,1,57
136,13,710.9753,1,1,63
136,14,709.6171,1,1,62
136,15,0.9425,0,0,0
136,16,705.8053,1,1,60
136,17,1.8341,0,0,0
136,18,704.8450,1,1,59
136,19,1.6590,0,0,0
136,20,705.5661,1,1,55
136,21,710.6580,1,1,59
136,22,706.3902,1,1,57
136,23,1.2505,0,0,0
136,24,703.8397,1,1,61
136,25,1.8057,0,0,0
136,26,1.4375,0,0,0
136,27,707.6258,1,1,66
136,28,1.4030,0,0,0
136,29,701.4478,1,1,75
136,30,702.8454,1,1,67
136,31,712.3047,1,1,79
136,32,702.2449,1,1,68
136,33,1.2200,0,0,0
136,34,709.4987,1,1,82
136,35,710.5762,1,1,85
136,36,702.3028,1,1,75
136,37,1.1559,0,0,0
136,38,1.7530,0,0,0
136,39,708.4454,1,1,89
136,40,1.0640,0,0,0
136,41,706.1941,1,1,78
137,0,0.7495,0,0,0
137,1,0.6093,0,0,0
137,2,708.7271,1,1,102
137,3,705.2281,1,1,122
137,4,705.5044,1,1,80
137,5,705.2113,1,1,75
137,6,704.4745,1,1,80
137,7,1.6228,0,0,0
137,8,1.1181,0,0,0
137,9,0.9693,0,0,0
137,10,701.3458,1,1,82
137,11,702.3344,1,1,93
137,12,0.9444,0,0,0
137,13,1.6021,0,0,0
137,14,705.6408,1,1,79
137,15,0.8925,0,0,0
137,16,704.1703,1,1,78
137,17,1.5121,0,0,0
137,18,708.4691,1,1,79
137,19,706.9142,1,1,77
137,20,1.0023,0,0,0
137,21,709.7847,1,1,78
137,22,711.1146,1,1,77
137,23,1.2469,0,0,0
137,24,705.0683,1,1,78
137,25,708.4463,1,1,80
137,26,708.1064,1,1,83
137,27,706.8863,1,1,83
137,28,1.3268,0,0,0
137,29,710.4881,1,1,62
137,30,710.4859,1,1,62
137,31,1.2960,0,0,0
137,32,711.6511,1,1,62
137,33,713.3482,1,1,61
137,34,706.1448,1,1,61
137,35,705.9696,1,1,61
137,36,1.4982,0,0,0
137,37,709.2616,1,1,61
137,38,712.4551,1,1,62
137,39,1.5450,0,0,0
137,40,703.0066,1,1,59
137,41,1.3842,0,0,0
137,42,701.5506,1,1,60
137,43,712.6256,1,1,55
137,44,1.4862,0,0,0
137,45,1.2485,0,0,0
137,46,1.5057,0,0,0
137,47,709.4817,1,1,57
137,48,703.7258,1,1,65
137,49,1.5020,0,0,0
137,50,706.9680,1,1,67
137,51,1.3869,0,0,0
137,52,704.0346,1,1,50
138,0,1.3367,0,0,0
138,1,708.6592,1,1,70
138,2,703.1734,1,1,69
139,0,0.7639,0,0,0
139,1,1.2674,0,0,0
139,2,0.5050,0,0,0
139,3,710.0351,1,1,71
139,4,702.7306,1,1,70
139,5,703.6134,1,1,70
139,6,708.6609,1,1,70
139,7,710.5172,1,1,62
139,8,1.1928,0,0,0
139,9,703.4063,1,1,69
139,10,710.1028,1,1,69
139,11,0.9215,0,0,0
139,12,708.7126,1,1,70
139,13,1.0085,0,0,0
139,14,703.4106,1,1,64
139,15,0.9623,0,0,0
139,16,1.3285,0,0,0
139,17,701.2416,1,1,66
139,18,709.8659,1,1,70
139,19,708.9417,1,1,66
139,20,1.4301,0,0,0
139,21,709.9339,1,1,66
139,22,704.3109,1,1,64
139,23,1.1819,0,0,0
139,24,706.9308,1,1,65
139,25,712.9419,1,1,66
139,26,1.3545,0,0,0
139,27,705.4237,1,1,65
139,28,707.9918,1,1,66
139,29,707.0405,1,1,66
139,30,0.9892,0,0,0
139,31,701.6668,1,1,65
139,32,706.9746,1,1,66
139,33,706.0196,1,1,66
139,34,0.9610,0,0,0
139,35,1.0687,0,0,0
139,36,710.3654,1,1,67
139,37,1.2273,0,0,0
139,38,703.2641,1,1,66
139,39,1.0290,0,0,0
139,40,705.2835,1,1,66
139,41,1.3727,0,0,0
139,42,708.9566,1,1,67
139,43,703.6755,1,1,61
139,44,708.9244,1,1,61
139,45,706.5981,1,1,58
139,46,1.8226,0,0,0
139,47,1.6802,0,0,0
139,48,703.8189,1,1,55
139,49,1.2492,0,0,0
139,50,703.3640,1,1,60
139,51,1.2916,0,0,0
139,52,707.1079,1,1,61
139,53,709.3409,1,1,59
139,54,703.9693,1,1,58
139,55,701.8603,1,1,54
139,56,704.0746,1,1,57
139,57,1.7034,0,0,0
139,58,1.4151,0,0,0
139,59,701.6671,1,1,57
139,60,709.9043,1,1,58
139,61,709.3121,1,1,62
139,62,1.6821,0,0,0
139,63,711.1940,1,1,58
139,64,712.7891,1,1,57
139,65,1.6360,0,0,0
139,66,704.7332,1,1,58
139,67,712.2496,1,1,59
139,68,710.0509,1,1,70
139,69,711.3844,1,1,66
139,70,1.1905,0,0,0
139,71,1.3109,0,0,0
139,72,710.1995,1,1,70
139,73,1.3902,0,0,0
139,74,711.7479,1,1,71
139,75,708.4770,1,1,73
139,76,1.3680,0,0,0
139,77,707.2005,1,1,67
139,78,1.4677,0,0,0
139,79,1.2673,0,0,0
139,80,1.3518,0,0,0
139,81,1.3021,0,0,0
139,82,1.1176,0,0,0
139,83,1.4432,0,0,0
139,84,1.2193,0,0,0
139,85,703.8001,1,1,110
139,86,1.3173,0,0,0
139,87,702.6588,1,1,111
139,88,1.5887,0,0,0
139,89,701.9742,1,1,273
139,90,701.7389,1,1,268
140,0,0.9079,0,0,0
140,1,707.8435,1,1,73
140,2,709.0010,1,1,74
140,3,1.2583,0,0,0
140,4,1.0453,0,0,0
140,5,701.0318,1,1,74
140,6,1.1127,0,0,0
140,7,706.5176,1,1,70
140,8,704.6576,1,1,65
140,9,705.0234,1,1,62
140,10,706.2226,1,1,62
140,11,707.0035,1,1,62
140,12,708.6230,1,1,61
140,13,702.6446,1,1,61
140,14,702.8961,1,1,61
140,15,0.9713,0,0,0
140,16,704.7685,1,1,59
140,17,709.0205,1,1,55
140,18,703.7677,1,1,51
140,19,1.6127,0,0,0
140,20,1.5627,0,0,0
140,21,1.3900,0,0,0
140,22,715.0703,1,1,52
140,23,707.9547,1,1,51
140,24,1.5385,0,0,0
140,25,709.7497,1,1,53
140,26,1.6060,0,0,0
140,27,713.5058,1,1,53
140,28,1.3037,0,0,0
140,29,708.9896,1,1,52
140,30,708.8818,1,1,52
140,31,1.2951,0,0,0
140,32,712.5462,1,1,54
140,33,1.2141,0,0,0
140,34,705.3004,1,1,56
140,35,715.1514,1,1,58
140,36,1.5616,0,0,0
140,37,1.6731,0,0,0
140,38,702.5477,1,1,55
140,39,1.5073,0,0,0
140,40,709.8889,1,1,57
140,41,706.5942,1,1,59
140,42,1.7313,0,0,0
140,43,1.5730,0,0,0
140,44,708.5507,1,1,60
140,45,1.7520,0,0,0
140,46,707.8830,1,1,52
140,47,1.3474,0,0,0
140,48,1.2756,0,0,0
140,49,708.9970,1,1,52
140,50,707.1002,1,1,51
140,51,711.8497,1,1,52
140,52,708.8582,1,1,49
140,53,1.5280,0,0,0
140,54,1.2575,0,0,0
140,55,1.4201,0,0,0
140,56,1.3433,0,0,0
140,57,1.3036,0,0,0
140,58,1.3528,0,0,0
140,59,1.2398,0,0,0
140,60,704.3581,1,1,64
140,61,1.3256,0,0,0
140,62,711.5214,1,1,64
140,63,1.8343,0,0,0
140,64,711.0129,1,1,66
140,65,1.3183,0,0,0
140,66,707.7502,1,1,69
140,67,1.3527,0,0,0
140,68,702.5301,1,1,71
140,69,1.7993,0,0,0
140,70,1.3076,0,0,0
140,71,1.1466,0,0,0
140,72,1.2794,0,0,0
140,73,1.1975,0,0,0
140,74,1.3648,0,0,0
140,75,1.3536,0,0,0
140,76,702.9681,1,1,157
140,77,1.3749,0,0,0
140,78,1.5929,0,0,0
140,79,706.1863,1,1,170
140,80,1.3929,0,0,0
140,81,704.3420,1,1,184
140,82,704.8933,1,1,187
140,83,1.4649,0,0,0
140,84,703.2280,1,1,208
140,85,1.5279,0,0,0
140,86,703.5616,1,1,210
140,87,704.6706,1,1,195
140,88,1.6247,0,0,0
140,89,704.1886,1,1,213
140,90,702.1130,1,1,225
140,91,701.6720,1,1,254
140,92,1.5463,0,0,0
140,93,701.9501,1,1,277
140,94,703.7772,1,1,324
140,95,702.5195,1,1,356
140,96,1.5969,0,0,0
140,97,1.6942,0,0,0
140,98,1.6126,0,0,0
140,99,1.4995,0,0,0
140,100,1.2886,0,0,0
140,101,1.5050,0,0,0
140,102,1.3838,0,0,0
140,103,1.2948,0,0,0
141,0,0.7169,0,0,0
141,1,0.8928,0,0,0
141,2,711.0879,1,1,63
141,3,1.3104,0,0,0
141,4,709.7345,1,1,62
141,5,0.9670,0,0,0
141,6,1.5321,0,0,0
141,7,700.9697,1,1,61
141,8,1.3486,0,0,0
141,9,710.2124,1,1,62
141,10,710.7552,1,1,57
141,11,709.7735,1,1,67
141,12,711.8296,1,1,67
141,13,1.1472,0,0,0
141,14,710.3555,1,1,69
141,15,709.7442,1,1,64
141,16,704.2371,1,1,64
141,17,1.1185,0,0,0
141,18,704.5704,1,1,63
141,19,1.1590,0,0,0
141,20,711.0635,1,1,66
141,21,706.2717,1,1,66
141,22,1.6163,0,0,0
141,23,712.2881,1,1,57
141,24,1.0407,0,0,0
141,25,713.2661,1,1,57
141,26,712.3103,1,1,57
141,27,1.2075,0,0,0
141,28,1.4390,0,0,0
141,29,705.6404,1,1,56
141,30,1.2753,0,0,0
141,31,703.6260,1,1,56
141,32,705.4076,1,1,57
141,33,711.2598,1,1,58
141,34,1.6965,0,0,0
141,35,1.3476,0,0,0
141,36,1.1941,0,0,0
141,37,703.3650,1,1,56
141,38,1.4950,0,0,0
141,39,709.3175,1,1,57
141,40,1.3303,0,0,0
141,41,1.0589,0,0,0
141,42,1.1355,0,0,0
141,43,1.0823,0,0,0
141,44,1.0653,0,0,0
141,45,0.9957,0,0,0
141,46,1.1857,0,0,0
141,47,2.1056,0,0,0
141,48,707.5095,1,1,76
141,49,1.2129,0,0,0
141,50,1.4556,0,0,0
141,51,1.2922,0,0,0
141,52,1.1973,0,0,0
141,53,1.0130,0,0,0
141,54,1.3528,0,0,0
141,55,1.8118,0,0,0
141,56,705.4720,1,1,82
141,57,1.1192,0,0,0
141,58,1.1447,0,0,0
141,59,702.9566,1,1,87
141,60,1.3315,0,0,0
141,61,709.3263,1,1,79
141,62,707.6259,1,1,83
141,63,706.2323,1,1,86
141,64,711.0647,1,1,101
141,65,708.8068,1,1,101
141,66,1.3022,0,0,0
141,67,1.1205,0,0,0
142,0,0.8087,0,0,0
142,1,0.6451,0,0,0
142,2,702.6303,1,1,66
142,3,702.3026,1,1,65
142,4,1.4342,0,0,0
142,5,1.2747,0,0,0
142,6,1.2982,0,0,0
142,7,707.0266,1,1,72
142,8,706.7097,1,1,63
142,9,709.0828,1,1,65
142,10,1.0324,0,0,0
142,11,709.6615,1,1,62
142,12,1.4225,0,0,0
142,13,705.7040,1,1,67
142,14,1.0220,0,0,0
142,15,705.9260,1,1,66
142,16,702.0074,1,1,66
142,17,1.5013,0,0,0
142,18,710.1543,1,1,62
142,19,711.0704,1,1,60
142,20,704.5845,1,1,60
142,21,1.4945,0,0,0
142,22,704.6983,1,1,60
142,23,709.7875,1,1,61
142,24,712.6870,1,1,60
142,25,708.8574,1,1,60
142,26,1.6990,0,0,0
142,27,1.4561,0,0,0
142,28,705.2304,1,1,75
142,29,702.7405,1,1,78
142,30,704.6362,1,1,87
142,31,1.1420,0,0,0
142,32,1.0186,0,0,0
142,33,704.2533,1,1,68
142,34,1.4999,0,0,0
142,35,706.6728,1,1,88
142,36,1.1516,0,0,0
142,37,701.9786,1,1,104
142,38,703.0413,1,1,63
142,39,702.3054,1,1,68
142,40,1.4778,0,0,0
142,41,1.3827,0,0,0
142,42,1.1986,0,0,0
142,43,706.8376,1,1,70
142,44,1.3718,0,0,0
142,45,1.4170,0,0,0
142,46,710.7932,1,1,61
142,47,1.3292,0,0,0
142,48,1.2290,0,0,0
142,49,702.2836,1,1,59
142,50,710.1567,1,1,61
142,51,708.1231,1,1,62
142,52,1.1719,0,0,0
142,53,1.1651,0,0,0
143,0,1.2464,0,0,0
143,1,706.7752,1,1,70
143,2,709.7172,1,1,70
143,3,1.4426,0,0,0
143,4,703.2368,1,1,69
143,5,709.5717,1,1,69
143,6,0.8062,0,0,0
143,7,702.5143,1,1,68
143,8,1.5326,0,0,0
143,9,1.0721,0,0,0
143,10,706.3062,1,1,68
143,11,702.0878,1,1,67
143,12,0.8885,0,0,0
143,13,703.6536,1,1,57
143,14,712.8720,1,1,57
143,15,0.8994,0,0,0
143,16,705.6629,1,1,55
143,17,703.5829,1,1,55
143,18,1.4870,0,0,0
143,19,707.7618,1,1,52
143,20,702.5926,1,1,51
143,21,714.7467,1,1,51
143,22,1.1348,0,0,0
143,23,705.2892,1,1,52
143,24,1.3864,0,0,0
143,25,714.4317,1,1,52
143,26,702.4222,1,1,57
143,27,1.1740,0,0,0
143,28,704.1863,1,1,57
143,29,1.3221,0,0,0
143,30,713.2874,1,1,58
143,31,711.5258,1,1,58
143,32,1.6135,0,0,0
143,33,1.2754,0,0,0
143,34,1.2535,0,0,0
143,35,705.7698,1,1,54
143,36,1.3143,0,0,0
143,37,710.8821,1,1,58
143,38,1.1585,0,0,0
143,39,707.5344,1,1,57
143,40,710.8478,1,1,57
143,41,1.1545,0,0,0
143,42,706.2358,1,1,57
143,43,705.6298,1,1,57
143,44,1.1580,0,0,0
143,45,0.9791,0,0,0
143,46,708.5802,1,1,57
143,47,1.2092,0,0,0
143,48,1.7611,0,0,0
143,49,1.2327,0,0,0
143,50,0.9920,0,0,0
143,51,1.0145,0,0,0
143,52,1.1220,0,0,0
143,53,0.9387,0,0,0
143,54,706.5261,1,1,51
143,55,1.4222,0,0,0
143,56,704.4129,1,1,50
143,57,713.6926,1,1,52
143,58,704.2762,1,1,52
143,59,1.1960,0,0,0
143,60,713.2502,1,1,51
143,61,1.4342,0,0,0
143,62,708.5708,1,1,51
143,63,704.0891,1,1,49
143,64,711.5144,1,1,51
143,65,703.5588,1,1,48
143,66,1.3635,0,0,0
143,67,1.6372,0,0,0
143,68,712.1535,1,1,47
143,69,711.0913,1,1,44
143,70,1.5921,0,0,0
143,71,1.2506,0,0,0
143,72,1.1291,0,0,0
143,73,1.2652,0,0,0
143,74,1.4355,0,0,0
143,75,1.2978,0,0,0
143,76,1.4672,0,0,0
143,77,704.5135,1,1,49
143,78,714.4440,1,1,50
143,79,1.3468,0,0,0
143,80,713.7460,1,1,50
143,81,1.1769,0,0,0
143,82,1.2840,0,0,0
143,83,702.9204,1,1,51
143,84,1.3552,0,0,0
143,85,707.8238,1,1,57
143,86,1.5691,0,0,0
143,87,1.2131,0,0,0
143,88,1.1006,0,0,0
143,89,1.2714,0,0,0
143,90,1.1992,0,0,0
143,91,1.1092,0,0,0
143,92,1.9030,0,0,0
143,93,706.6640,1,1,72
143,94,705.8901,1,1,73
143,95,705.9026,1,1,75
143,96,1.5148,0,0,0
143,97,706.6340,1,1,81
143,98,706.1438,1,1,79
143,99,1.6017,0,0,0
143,100,702.2753,1,1,84
143,101,1.7663,0,0,0
143,102,706.5731,1,1,107
143,103,1.3626,0,0,0
143,104,2.0375,0,0,0
143,105,702.8564,1,1,137
143,106,1.7549,0,0,0
143,107,702.1613,1,1,210
143,108,1.4094,0,0,0
143,109,705.5279,1,1,153
143,110,702.4624,1,1,217
143,111,1.8143,0,0,0
143,112,703.6666,1,1,264
143,113,703.5190,1,1,314
143,114,703.1839,1,1,315
143,115,1.5664,0,0,0
143,116,1.3749,0,0,0
143,117,1.2169,0,0,0
143,118,1.7025,0,0,0
143,119,1.9334,0,0,0
143,120,1.2067,0,0,0
143,121,1.3033,0,0,0
143,122,1.3761,0,0,0
144,0,1.3237,0,0,0
144,1,707.7629,1,1,72
144,2,1.2622,0,0,0
144,3,1.2378,0,0,0
144,4,1.0659,0,0,0
144,5,701.6062,1,1,74
144,6,709.1192,1,1,74
144,7,701.9862,1,1,75
144,8,705.3285,1,1,75
144,9,704.3272,1,1,69
144,10,1.0703,0,0,0
144,11,1.2839,0,0,0
144,12,710.3766,1,1,68
144,13,710.5723,1,1,68
144,14,703.0817,1,1,67
144,15,702.4372,1,1,63
144,16,709.1963,1,1,64
144,17,0.9870,0,0,0
144,18,1.1225,0,0,0
144,19,708.5212,1,1,64
144,20,709.8028,1,1,64
144,21,1.4568,0,0,0
144,22,705.9410,1,1,62
144,23,1.0838,0,0,0
144,24,708.0044,1,1,60
144,25,702.3026,1,1,59
144,26,707.2668,1,1,62
144,27,1.1476,0,0,0
144,28,707.7849,1,1,63
144,29,1.3973,0,0,0
144,30,706.3877,1,1,62
144,31,1.4237,0,0,0
144,32,1.1570,0,0,0
144,33,1.3631,0,0,0
144,34,706.8140,1,1,60
144,35,1.4358,0,0,0
144,36,702.7137,1,1,60
144,37,705.5122,1,1,62
144,38,705.5720,1,1,63
144,39,705.4165,1,1,61
144,40,1.2828,0,0,0
144,41,712.1403,1,1,63
144,42,1.6338,0,0,0
144,43,709.7374,1,1,74
144,44,1.1247,0,0,0
144,45,705.7269,1,1,69
144,46,1.6047,0,0,0
144,47,1.7057,0,0,0
144,48,1.2443,0,0,0
144,49,706.3831,1,1,76
144,50,709.6787,1,1,79
144,51,1.4565,0,0,0
144,52,706.7489,1,1,88
144,53,703.2330,1,1,89
144,54,1.1299,0,0,0
144,55,705.7569,1,1,85
144,56,707.2654,1,1,87
144,57,708.0319,1,1,87
144,58,1.2605,0,0,0
144,59,1.2029,0,0,0
144,60,1.1549,0,0,0
144,61,1.3294,0,0,0
144,62,1.0872,0,0,0
144,63,1.0721,0,0,0
144,64,1.1763,0,0,0
144,65,1.3227,0,0,0
144,66,706.2524,1,1,176
144,67,1.1866,0,0,0
144,68,703.2176,1,1,182
144,69,1.6952,0,0,0
144,70,704.1197,1,1,204
144,71,1.2917,0,0,0
144,72,1.0681,0,0,0
144,73,1.4217,0,0,0
144,74,0.9698,0,0,0
144,75,0.9673,0,0,0
144,76,1.4740,0,0,0
144,77,1.3165,0,0,0
145,0,1.0704,0,0,0
145,1,0.5711,0,0,0
145,2,710.5039,1,1,73
145,3,705.7104,1,1,54
145,4,705.7965,1,1,50
145,5,1.3013,0,0,0
145,6,709.7801,1,1,62
145,7,707.9889,1,1,61
145,8,1.5867,0,0,0
145,9,702.5062,1,1,61
145,10,710.0295,1,1,61
145,11,707.0452,1,1,56
145,12,711.0587,1,1,61
145,13,1.2820,0,0,0
145,14,0.8855,0,0,0
145,15,1.6502,0,0,0
145,16,703.0997,1,1,87
145,17,702.6213,1,1,92
145,18,1.5455,0,0,0
145,19,1.1762,0,0,0
145,20,1.1957,0,0,0
145,21,704.8235,1,1,105
145,22,1.3455,0,0,0
145,23,703.5631,1,1,318
146,0,0.7893,0,0,0
146,1,709.5149,1,1,81
146,2,705.3407,1,1,74
146,3,701.8281,1,1,65
146,4,701.7841,1,1,69
146,5,1.0493,0,0,0
146,6,705.2049,1,1,68
146,7,701.4368,1,1,68
146,8,704.7829,1,1,68
146,9,701.9893,1,1,66
146,10,708.9383,1,1,66
146,11,708.3619,1,1,68
146,12,1.1426,0,0,0
146,13,701.5360,1,1,63
146,14,1.5804,0,0,0
146,15,703.7528,1,1,72
146,16,708.3911,1,1,63
146,17,1.1286,0,0,0
146,18,710.1573,1,1,70
146,19,1.6709,0,0,0
146,20,1.2764,0,0,0
146,21,1.2515,0,0,0
146,22,709.4493,1,1,66
146,23,1.4595,0,0,0
146,24,701.6098,1,1,65
146,25,1.0281,0,0,0
146,26,704.1476,1,1,65
146,27,707.4376,1,1,61
146,28,1.0592,0,0,0
146,29,704.0918,1,1,65
146,30,702.5645,1,1,65
146,31,706.0589,1,1,68
146,32,0.9777,0,0,0
146,33,708.2499,1,1,68
146,34,709.1719,1,1,66
146,35,704.4423,1,1,71
146,36,709.5533,1,1,69
146,37,1.2060,0,0,0
146,38,1.0847,0,0,0
146,39,702.0138,1,1,64
147,0,0.7568,0,0,0
147,1,0.6698,0,0,0
147,2,708.3590,1,1,77
147,3,702.6291,1,1,74
147,4,710.9890,1,1,67
147,5,703.2668,1,1,66
147,6,711.6032,1,1,67
147,7,705.7522,1,1,66
147,8,706.2064,1,1,67
147,9,0.9677,0,0,0
147,10,0.7734,0,0,0
147,11,709.7603,1,1,64
147,12,1.1556,0,0,0
147,13,703.8054,1,1,65
147,14,1.1084,0,0,0
147,15,712.7253,1,1,61
147,16,703.0500,1,1,60
147,17,710.0980,1,1,68
147,18,706.4394,1,1,66
147,19,705.4570,1,1,66
147,20,709.9503,1,1,69
147,21,1.4835,0,0,0
147,22,1.2697,0,0,0
147,23,1.0628,0,0,0
147,24,704.1148,1,1,66
147,25,705.6221,1,1,66
147,26,1.1299,0,0,0
147,27,1.0273,0,0,0
147,28,1.1486,0,0,0
147,29,0.8667,0,0,0
147,30,0.8712,0,0,0
147,31,0.8719,0,0,0
147,32,0.9522,0,0,0
147,33,712.6467,1,1,59
147,34,1.0959,0,0,0
147,35,1.4809,0,0,0
147,36,712.1384,1,1,59
147,37,1.2624,0,0,0
147,38,0.8658,0,0,0
147,39,711.9999,1,1,58
147,40,1.0298,0,0,0
147,41,1.9656,0,0,0
147,42,701.2913,1,1,57
147,43,711.1081,1,1,60
147,44,704.5513,1,1,59
147,45,707.4619,1,1,55
147,46,1.0686,0,0,0
147,47,1.4343,0,0,0
147,48,707.0592,1,1,59
147,49,711.4464,1,1,60
147,50,1.1704,0,0,0
147,51,2.0021,0,0,0
147,52,704.8528,1,1,65
147,53,1.1401,0,0,0
147,54,1.5327,0,0,0
147,55,707.3517,1,1,87
147,56,703.2041,1,1,87
147,57,708.4384,1,1,60
147,58,709.7510,1,1,63
147,59,704.3963,1,1,50
147,60,1.4066,0,0,0
147,61,701.6418,1,1,50
147,62,1.5603,0,0,0
147,63,707.4248,1,1,49
147,64,1.5441,0,0,0
147,65,706.2329,1,1,50
147,66,704.1470,1,1,51
147,67,1.3310,0,0,0
147,68,706.4498,1,1,59
147,69,1.7554,0,0,0
147,70,706.4344,1,1,66
147,71,704.3879,1,1,61
147,72,1.5656,0,0,0
147,73,705.9634,1,1,57
147,74,1.5741,0,0,0
147,75,712.9748,1,1,63
147,76,1.2095,0,0,0
147,77,1.1485,0,0,0
147,78,708.6572,1,1,64
147,79,1.7708,0,0,0
147,80,702.1693,1,1,98
147,81,708.4319,1,1,97
147,82,702.1034,1,1,108
147,83,702.9783,1,1,109
147,84,1.3734,0,0,0
147,85,701.9676,1,1,116
147,86,706.6697,1,1,127
147,87,1.2897,0,0,0
147,88,704.0656,1,1,117
148,0,0.9504,0,0,0
148,1,0.9228,0,0,0
148,2,704.7833,1,1,86
148,3,708.9667,1,1,87
148,4,708.1224,1,1,68
148,5,701.8441,1,1,66
148,6,704.4816,1,1,65
148,7,708.4475,1,1,51
148,8,706.9702,1,1,52
148,9,1.6015,0,0,0
148,10,0.8802,0,0,0
148,11,1.1895,0,0,0
148,12,709.2987,1,1,53
148,13,706.4792,1,1,53
148,14,707.7012,1,1,71
148,15,1.0402,0,0,0
148,16,702.3370,1,1,74
148,17,711.2703,1,1,57
148,18,1.3999,0,0,0
148,19,701.2389,1,1,84
148,20,705.3227,1,1,83
148,21,1.0987,0,0,0
148,22,701.3907,1,1,84
148,23,1.8559,0,0,0
148,24,1.2493,0,0,0
148,25,701.9134,1,1,105
148,26,703.7924,1,1,97
148,27,708.5758,1,1,100
148,28,704.9437,1,1,102
148,29,1.0309,0,0,0
148,30,702.4183,1,1,100
149,0,0.8029,0,0,0
149,1,701.6373,1,1,185
149,2,1.2050,0,0,0
149,3,701.2755,1,1,166
149,4,1.2087,0,0,0
149,5,703.3591,1,1,180
149,6,703.7643,1,1,162
149,7,703.3105,1,1,181
149,8,0.7288,0,0,0
149,9,0.6769,0,0,0
149,10,703.4611,1,1,184
149,11,703.2333,1,1,75
149,12,702.9300,1,1,75
149,13,706.3419,1,1,81
149,14,709.7053,1,1,76
149,15,0.9166,0,0,0
149,16,702.5511,1,1,73
149,17,703.0981,1,1,76
149,18,1.5900,0,0,0
149,19,1.0820,0,0,0
149,20,1.1563,0,0,0
149,21,703.9808,1,1,81
149,22,1.0365,0,0,0
149,23,1.3011,0,0,0
149,24,707.4832,1,1,60
149,25,707.7380,1,1,63
149,26,1.0322,0,0,0
149,27,1.8502,0,0,0
149,28,706.1957,1,1,57
149,29,710.0958,1,1,56
149,30,713.3964,1,1,56
149,31,1.4357,0,0,0
149,32,713.2710,1,1,61
149,33,1.1321,0,0,0
149,34,705.5216,1,1,66
149,35,705.0067,1,1,56
149,36,1.1688,0,0,0
149,37,1.4331,0,0,0
149,38,710.7806,1,1,55
149,39,710.6803,1,1,55
149,40,1.3333,0,0,0
149,41,707.0675,1,1,54
149,42,706.1780,1,1,54
149,43,1.4107,0,0,0
149,44,1.1458,0,0,0
149,45,702.6163,1,1,56
149,46,1.7168,0,0,0
149,47,704.2138,1,1,68
149,48,1.4218,0,0,0
149,49,705.2101,1,1,75
149,50,705.7799,1,1,77
149,51,710.7550,1,1,74
149,52,1.5406,0,0,0
149,53,706.8241,1,1,72
149,54,1.5218,0,0,0
149,55,708.8376,1,1,84
149,56,706.0238,1,1,93
149,57,1.3630,0,0,0
149,58,706.4336,1,1,94
149,59,706.1543,1,1,94
150,0,0.7903,0,0,0
150,1,710.2925,1,1,69
150,2,1.2762,0,0,0
150,3,709.6195,1,1,70
150,4,709.6741,1,1,66
150,5,708.7258,1,1,67
150,6,0.9598,0,0,0
150,7,1.2494,0,0,0
150,8,702.5236,1,1,66
150,9,709.5507,1,1,66
150,10,1.1627,0,0,0
150,11,707.5818,1,1,65
150,12,701.2753,1,1,65
150,13,703.0826,1,1,65
150,14,0.8792,0,0,0
150,15,702.2776,1,1,64
150,16,1.6228,0,0,0
150,17,708.8800,1,1,68
150,18,708.1998,1,1,67
150,19,706.2718,1,1,69
150,20,711.1902,1,1,68
150,21,705.6388,1,1,70
150,22,0.9707,0,0,0
150,23,703.4599,1,1,71
150,24,1.0811,0,0,0
150,25,702.8375,1,1,71
150,26,709.1365,1,1,64
150,27,1.0056,0,0,0
150,28,1.3671,0,0,0
150,29,701.4443,1,1,65
150,30,705.9353,1,1,98
150,31,704.9446,1,1,81
150,32,1.2447,0,0,0
150,33,710.9043,1,1,60
150,34,1.7005,0,0,0
150,35,1.1502,0,0,0
150,36,1.3007,0,0,0
150,37,705.9048,1,1,82
150,38,1.3715,0,0,0
150,39,0.9567,0,0,0
150,40,0.9339,0,0,0
150,41,0.9024,0,0,0
150,42,1.8941,0,0,0
150,43,1.3320,0,0,0
150,44,1.6295,0,0,0
150,45,702.3604,1,1,110
150,46,1.1509,0,0,0
150,47,1.2362,0,0,0
150,48,0.9738,0,0,0
150,49,1.3044,0,0,0
150,50,0.9725,0,0,0
150,51,1.2088,0,0,0
150,52,1.1253,0,0,0
150,53,0.9624,0,0,0
150,54,711.9893,1,1,73
150,55,1.4081,0,0,0
150,56,703.8333,1,1,76
150,57,708.6478,1,1,79
150,58,706.3316,1,1,88
150,59,702.2698,1,1,85
150,60,705.3542,1,1,88
150,61,1.7117,0,0,0
150,62,1.2081,0,0,0
150,63,1.3176,0,0,0
150,64,1.2865,0,0,0
150,65,1.4817,0,0,0
150,66,1.0587,0,0,0
150,67,1.1616,0,0,0
150,68,704.1317,1,1,174
150,69,1.5890,0,0,0
150,70,1.6431,0,0,0
150,71,703.2256,1,1,191
150,72,1.6002,0,0,0
150,73,1.3830,0,0,0
150,74,1.9603,0,0,0
150,75,702.6983,1,1,234
150,76,703.5597,1,1,252
150,77,1.6752,0,0,0
150,78,703.5318,1,1,256
150,79,705.6613,1,1,237
150,80,1.4666,0,0,0
150,81,1.2370,0,0,0
150,82,1.0945,0,0,0
150,83,1.6140,0,0,0
150,84,1.0543,0,0,0
150,85,1.0832,0,0,0
150,86,1.2045,0,0,0
151,0,0.7543,0,0,0
151,1,1.0288,0,0,0
151,2,0.6939,0,0,0
151,3,701.7499,1,1,68
151,4,1.2903,0,0,0
151,5,710.6911,1,1,72
151,6,710.1985,1,1,70
151,7,704.1371,1,1,70
151,8,708.8988,1,1,63
151,9,703.7315,1,1,70
151,10,707.2583,1,1,69
151,11,707.2263,1,1,71
151,12,708.8829,1,1,87
151,13,704.4674,1,1,66
151,14,703.3745,1,1,65
151,15,1.3886,0,0,0
151,16,709.9706,1,1,63
151,17,707.4856,1,1,63
151,18,1.0636,0,0,0
151,19,705.3087,1,1,62
151,20,1.0732,0,0,0
151,21,710.0033,1,1,59
151,22,1.4270,0,0,0
151,23,710.9818,1,1,59
151,24,1.1479,0,0,0
151,25,702.7049,1,1,59
151,26,1.3057,0,0,0
151,27,709.0523,1,1,44
151,28,710.1230,1,1,58
151,29,1.3641,0,0,0
151,30,703.4718,1,1,57
151,31,712.7185,1,1,59
151,32,1.5996,0,0,0
151,33,707.2186,1,1,63
151,34,705.5052,1,1,64
151,35,709.2662,1,1,67
151,36,703.3089,1,1,56
151,37,1.1198,0,0,0
151,38,702.5557,1,1,55
151,39,1.1315,0,0,0
151,40,709.0081,1,1,54
151,41,705.2404,1,1,57
151,42,1.0721,0,0,0
151,43,702.9357,1,1,57
151,44,1.4827,0,0,0
151,45,712.0394,1,1,52
151,46,707.6243,1,1,59
151,47,1.5031,0,0,0
151,48,711.6336,1,1,63
151,49,1.3384,0,0,0
151,50,706.8914,1,1,64
151,51,1.7813,0,0,0
151,52,1.5702,0,0,0
151,53,1.4647,0,0,0
151,54,710.3462,1,1,70
151,55,709.6811,1,1,70
151,56,1.3496,0,0,0
151,57,1.2406,0,0,0
151,58,1.1903,0,0,0
151,59,1.3868,0,0,0
151,60,1.3695,0,0,0
151,61,1.2160,0,0,0
151,62,1.2369,0,0,0
151,63,1.3635,0,0,0
151,64,1.0826,0,0,0
152,0,1.0787,0,0,0
152,1,0.6261,0,0,0
152,2,706.0697,1,1,90
152,3,711.5094,1,1,62
152,4,702.7214,1,1,61
152,5,1.4379,0,0,0
152,6,1.1610,0,0,0
152,7,1.4558,0,0,0
152,8,708.8651,1,1,64
152,9,1.0732,0,0,0
152,10,1.5941,0,0,0
152,11,706.5080,1,1,63
152,12,705.4101,1,1,61
152,13,1.2910,0,0,0
152,14,704.0123,1,1,61
152,15,711.6300,1,1,61
152,16,707.3881,1,1,60
152,17,709.5508,1,1,58
152,18,1.4149,0,0,0
152,19,708.4270,1,1,56
152,20,703.4256,1,1,55
152,21,0.9799,0,0,0
152,22,710.6361,1,1,57
152,23,709.5713,1,1,53
152,24,1.4846,0,0,0
152,25,711.9616,1,1,52
152,26,713.1012,1,1,51
152,27,704.6407,1,1,51
152,28,711.8361,1,1,49
152,29,1.9425,0,0,0
152,30,709.5398,1,1,66
152,31,1.3561,0,0,0
152,32,704.2830,1,1,72
152,33,1.3080,0,0,0
152,34,701.6112,1,1,72
152,35,708.5630,1,1,82
152,36,702.2230,1,1,51
152,37,711.1065,1,1,53
152,38,1.3191,0,0,0
152,39,709.2170,1,1,53
152,40,1.2604,0,0,0
152,41,702.0614,1,1,86
152,42,704.4071,1,1,54
152,43,1.3171,0,0,0
152,44,1.2104,0,0,0
152,45,1.1064,0,0,0
153,0,0.7634,0,0,0
153,1,708.9822,1,1,69
153,2,709.8260,1,1,59
153,3,705.0586,1,1,58
153,4,0.9694,0,0,0
153,5,1.3031,0,0,0
153,6,705.9143,1,1,58
153,7,0.9728,0,0,0
153,8,1.4175,0,0,0
153,9,709.6075,1,1,59
153,10,710.7093,1,1,59
153,11,1.1125,0,0,0
153,12,1.3813,0,0,0
153,13,702.7098,1,1,58
153,14,704.9083,1,1,57
153,15,0.9897,0,0,0
153,16,711.9410,1,1,57
153,17,702.6735,1,1,54
153,18,702.3658,1,1,56
153,19,707.7014,1,1,54
153,20,708.3215,1,1,54
153,21,1.0043,0,0,0
153,22,705.4537,1,1,53
153,23,711.4992,1,1,56
153,24,702.2569,1,1,56
153,25,1.3287,0,0,0
153,26,703.3438,1,1,56
153,27,1.1546,0,0,0
153,28,701.6883,1,1,56
153,29,713.8290,1,1,57
153,30,1.9232,0,0,0
153,31,708.3583,1,1,57
153,32,702.6545,1,1,57
153,33,710.5569,1,1,54
153,34,704.9884,1,1,56
153,35,710.1343,1,1,57
153,36,1.4475,0,0,0
153,37,1.3135,0,0,0
153,38,1.1582,0,0,0
153,39,704.1018,1,1,50
153,40,708.8076,1,1,52
153,41,709.8540,1,1,53
153,42,711.4118,1,1,57
153,43,704.7529,1,1,50
153,44,704.5141,1,1,51
153,45,1.5638,0,0,0
153,46,1.5082,0,0,0
153,47,704.1000,1,1,52
153,48,705.0297,1,1,53
153,49,708.1745,1,1,52
153,50,1.2051,0,0,0
153,51,703.9828,1,1,53
153,52,705.0515,1,1,58
153,53,1.3436,0,0,0
153,54,713.9382,1,1,55
153,55,1.6888,0,0,0
153,56,1.3197,0,0,0
153,57,1.3136,0,0,0
153,58,1.3581,0,0,0
153,59,1.2756,0,0,0
153,60,1.1958,0,0,0
153,61,713.8376,1,1,57
153,62,1.4423,0,0,0
153,63,1.3508,0,0,0
153,64,711.3571,1,1,58
153,65,708.6962,1,1,57
153,66,703.3120,1,1,59
153,67,1.9263,0,0,0
153,68,711.9230,1,1,64
153,69,702.2697,1,1,65
153,70,1.8590,0,0,0
153,71,709.5203,1,1,71
153,72,701.9023,1,1,57
153,73,1.4262,0,0,0
153,74,1.3084,0,0,0
153,75,702.3028,1,1,60
153,76,702.6834,1,1,60
153,77,1.5549,0,0,0
153,78,708.6541,1,1,61
153,79,708.8013,1,1,62
153,80,709.2453,1,1,63
153,81,1.3530,0,0,0
153,82,1.3197,0,0,0
153,83,1.1533,0,0,0
153,84,1.1515,0,0,0
153,85,1.3994,0,0,0
153,86,1.1944,0,0,0
153,87,1.3715,0,0,0
153,88,708.1667,1,1,99
153,89,703.8304,1,1,102
153,90,706.2890,1,1,107
153,91,1.4630,0,0,0
153,92,705.6439,1,1,117
153,93,1.4398,0,0,0
153,94,1.7010,0,0,0
153,95,1.3712,0,0,0
153,96,1.5049,0,0,0
153,97,1.3769,0,0,0
153,98,1.2422,0,0,0
153,99,1.2580,0,0,0
154,0,1.0862,0,0,0
154,1,706.6969,1,1,70
154,2,709.4094,1,1,70
154,3,707.3428,1,1,65
154,4,0.9028,0,0,0
154,5,1.3657,0,0,0
154,6,710.9394,1,1,64
154,7,707.0987,1,1,57
154,8,703.3044,1,1,59
154,9,706.3432,1,1,60
154,10,711.7002,1,1,64
154,11,1.5868,0,0,0
154,12,713.2625,1,1,56
154,13,1.0556,0,0,0
154,14,1.4079,0,0,0
154,15,712.0806,1,1,56
154,16,706.1089,1,1,56
154,17,1.0944,0,0,0
154,18,708.1201,1,1,54
154,19,1.1822,0,0,0
154,20,1.5935,0,0,0
154,21,708.6989,1,1,53
154,22,1.2892,0,0,0
154,23,706.0799,1,1,51
154,24,1.1733,0,0,0
154,25,1.2476,0,0,0
154,26,709.3398,1,1,53
154,27,1.0079,0,0,0
154,28,1.1939,0,0,0
154,29,712.4585,1,1,52
154,30,702.8293,1,1,51
154,31,711.9734,1,1,50
154,32,711.1663,1,1,50
154,33,706.5771,1,1,50
154,34,1.1729,0,0,0
154,35,702.4527,1,1,49
154,36,1.4609,0,0,0
154,37,702.8359,1,1,48
154,38,715.5819,1,1,49
154,39,712.5245,1,1,48
154,40,1.4709,0,0,0
154,41,706.5045,1,1,47
154,42,1.2892,0,0,0
154,43,1.8195,0,0,0
154,44,702.8356,1,1,104
154,45,706.3419,1,1,108
154,46,1.5976,0,0,0
154,47,704.2231,1,1,124
154,48,704.5705,1,1,134
154,49,1.3973,0,0,0
154,50,703.5420,1,1,148
154,51,704.8355,1,1,162
154,52,704.1184,1,1,162
154,53,1.4953,0,0,0
154,54,704.0311,1,1,195
154,55,704.6796,1,1,196
155,0,0.8773,0,0,0
155,1,0.9326,0,0,0
155,2,0.6010,0,0,0
155,3,701.1264,1,1,75
155,4,1.1027,0,0,0
155,5,703.8962,1,1,83
155,6,709.2427,1,1,83
155,7,709.7603,1,1,77
155,8,704.1949,1,1,71
155,9,0.9049,0,0,0
155,10,1.4901,0,0,0
155,11,705.5348,1,1,72
155,12,707.3699,1,1,71
155,13,701.8714,1,1,69
155,14,1.1912,0,0,0
155,15,703.5226,1,1,69
155,16,1.5772,0,0,0
155,17,703.8584,1,1,66
155,18,705.4788,1,1,67
155,19,707.0183,1,1,68
155,20,0.9694,0,0,0
155,21,710.2693,1,1,69
155,22,709.9877,1,1,70
155,23,1.3488,0,0,0
155,24,1.2294,0,0,0
155,25,0.9985,0,0,0
155,26,702.3632,1,1,67
155,27,1.2474,0,0,0
155,28,1.3960,0,0,0
155,29,710.3923,1,1,65
155,30,1.0010,0,0,0
155,31,1.3677,0,0,0
155,32,704.0668,1,1,65
155,33,705.0886,1,1,64
155,34,709.4872,1,1,63
155,35,1.3296,0,0,0
155,36,1.0029,0,0,0
155,37,711.9987,1,1,64
155,38,709.1845,1,1,59
155,39,1.4106,0,0,0
155,40,708.8846,1,1,63
155,41,1.1797,0,0,0
155,42,708.3229,1,1,64
155,43,1.5791,0,0,0
155,44,707.9585,1,1,64
155,45,705.6995,1,1,73
155,46,705.2257,1,1,77
155,47,705.0459,1,1,93
155,48,710.9714,1,1,82
155,49,704.0638,1,1,92
155,50,1.2277,0,0,0
155,51,2.2390,0,0,0
155,52,708.5798,1,1,83
155,53,1.3181,0,0,0
155,54,704.9029,1,1,94
155,55,1.7080,0,0,0
155,56,708.0095,1,1,103
155,57,704.8511,1,1,111
155,58,1.9027,0,0,0
155,59,1.3023,0,0,0
155,60,1.3207,0,0,0
155,61,1.2312,0,0,0
155,62,1.0581,0,0,0
155,63,1.0649,0,0,0
155,64,705.0637,1,1,169
155,65,1.5228,0,0,0
155,66,705.3421,1,1,179
155,67,1.5568,0,0,0
155,68,1.1982,0,0,0
155,69,1.1697,0,0,0
155,70,1.2175,0,0,0
155,71,1.1205,0,0,0
155,72,1.0868,0,0,0
156,0,0.7436,0,0,0
156,1,1.0502,0,0,0
156,2,701.9142,1,1,76
156,3,0.8750,0,0,0
156,4,1.1710,0,0,0
156,5,707.0576,1,1,89
156,6,0.8069,0,0,0
156,7,1.1714,0,0,0
156,8,701.1050,1,1,96
156,9,702.5552,1,1,92
156,10,709.4473,1,1,93
156,11,708.1509,1,1,83
156,12,1.2095,0,0,0
156,13,704.6705,1,1,90
156,14,1.3833,0,0,0
156,15,704.0541,1,1,79
156,16,707.9595,1,1,82
156,17,703.5511,1,1,78
156,18,0.8472,0,0,0
156,19,1.2916,0,0,0
156,20,706.4857,1,1,85
156,21,702.0763,1,1,86
156,22,701.8361,1,1,90
156,23,0.9089,0,0,0
156,24,706.8814,1,1,97
156,25,703.8534,1,1,69
156,26,709.0298,1,1,70
156,27,0.9687,0,0,0
156,28,706.4774,1,1,72
156,29,708.3231,1,1,57
156,30,1.0739,0,0,0
156,31,709.2192,1,1,58
156,32,1.4905,0,0,0
156,33,712.4511,1,1,57
156,34,1.6325,0,0,0
156,35,702.5831,1,1,56
156,36,1.5326,0,0,0
156,37,1.1722,0,0,0
156,38,1.1356,0,0,0
156,39,702.9556,1,1,56
156,40,706.1307,1,1,56
156,41,1.3295,0,0,0
156,42,713.4833,1,1,56
156,43,712.5384,1,1,55
156,44,708.8019,1,1,54
156,45,1.2492,0,0,0
156,46,713.3725,1,1,55
156,47,1.1489,0,0,0
156,48,1.2838,0,0,0
156,49,709.7951,1,1,55
156,50,1.8136,0,0,0
156,51,706.0527,1,1,69
156,52,702.3084,1,1,61
156,53,712.7867,1,1,59
157,0,0.9110,0,0,0
157,1,0.6938,0,0,0
157,2,705.9210,1,1,74
157,3,708.8190,1,1,75
157,4,1.1686,0,0,0
157,5,705.4587,1,1,98
157,6,710.4743,1,1,63
157,7,1.9231,0,0,0
157,8,703.6058,1,1,64
157,9,704.0691,1,1,65
157,10,701.9052,1,1,63
157,11,1.4388,0,0,0
157,12,704.1211,1,1,64
157,13,1.0101,0,0,0
157,14,1.1700,0,0,0
157,15,709.4438,1,1,63
157,16,704.7215,1,1,62
157,17,1.3792,0,0,0
157,18,1.2570,0,0,0
157,19,1.1534,0,0,0
157,20,702.9961,1,1,63
157,21,712.2001,1,1,65
157,22,706.0998,1,1,64
157,23,1.3421,0,0,0
157,24,712.1021,1,1,91
157,25,1.2129,0,0,0
157,26,708.5018,1,1,99
157,27,1.5327,0,0,0
157,28,709.2816,1,1,71
157,29,1.3178,0,0,0
157,30,1.2203,0,0,0
157,31,1.2332,0,0,0
157,32,708.4646,1,1,68
157,33,703.1971,1,1,65
157,34,704.7221,1,1,66
157,35,1.5427,0,0,0
157,36,1.2080,0,0,0
157,37,701.8748,1,1,69
157,38,1.3548,0,0,0
157,39,709.7280,1,1,72
157,40,1.0851,0,0,0
157,41,1.0459,0,0,0
157,42,0.9162,0,0,0
157,43,1.1055,0,0,0
157,44,0.8951,0,0,0
157,45,0.9470,0,0,0
157,46,0.9419,0,0,0
157,47,1.5144,0,0,0
157,48,703.8107,1,1,150
157,49,1.1533,0,0,0
157,50,1.1929,0,0,0
157,51,1.1842,0,0,0
157,52,1.1558,0,0,0
157,53,0.9112,0,0,0
157,54,0.9262,0,0,0
157,55,1.5278,0,0,0
157,56,702.5068,1,1,236
157,57,1.5399,0,0,0
157,58,703.2673,1,1,274
157,59,1.2793,0,0,0
157,60,701.6919,1,1,306
157,61,1.6708,0,0,0
157,62,701.7422,1,1,348
157,63,1.1752,0,0,0
157,64,701.6524,1,1,437
157,65,702.7045,1,1,476
157,66,1.3842,0,0,0
157,67,1.1945,0,0,0
157,68,1.1659,0,0,0
157,69,1.1852,0,0,0
157,70,1.4684,0,0,0
157,71,1.1054,0,0,0
157,72,1.1581,0,0,0
157,73,1.1843,0,0,0
158,0,0.7982,0,0,0
158,1,0.7094,0,0,0
158,2,701.3485,1,1,86
158,3,708.5295,1,1,71
158,4,709.1870,1,1,70
158,5,1.2816,0,0,0
158,6,707.1804,1,1,69
158,7,707.0987,1,1,72
158,8,1.2464,0,0,0
158,9,1.0731,0,0,0
158,10,0.9807,0,0,0
158,11,704.9075,1,1,74
158,12,704.1591,1,1,74
158,13,709.2369,1,1,71
158,14,703.3341,1,1,72
158,15,706.4545,1,1,75
158,16,706.1929,1,1,67
158,17,704.7351,1,1,68
158,18,0.9389,0,0,0
158,19,709.1716,1,1,68
158,20,710.5501,1,1,68
158,21,704.7603,1,1,67
158,22,711.8761,1,1,61
158,23,1.2886,0,0,0
158,24,1.1104,0,0,0
158,25,1.2925,0,0,0
158,26,706.9467,1,1,62
158,27,1.2404,0,0,0
158,28,702.4879,1,1,60
158,29,702.6338,1,1,60
158,30,1.3369,0,0,0
158,31,706.1486,1,1,59
158,32,1.6171,0,0,0
158,33,705.9782,1,1,60
158,34,704.1599,1,1,60
158,35,709.1900,1,1,60
158,36,706.7791,1,1,63
158,37,1.4475,0,0,0
158,38,706.1382,1,1,68
158,39,1.0070,0,0,0
158,40,706.1745,1,1,73
158,41,1.2037,0,0,0
158,42,1.1297,0,0,0
158,43,0.9780,0,0,0
158,44,0.9065,0,0,0
158,45,0.9001,0,0,0
158,46,1.0075,0,0,0
158,47,1.0146,0,0,0
158,48,0.8715,0,0,0
159,0,0.7559,0,0,0
159,1,701.9452,1,1,70
159,2,707.8355,1,1,56
159,3,0.7803,0,0,0
160,0,0.7276,0,0,0
160,1,0.9150,0,0,0
160,2,0.7194,0,0,0
160,3,701.6649,1,1,70
160,4,1.4804,0,0,0
160,5,1.5230,0,0,0
160,6,701.9627,1,1,71
160,7,701.5731,1,1,71
160,8,708.2629,1,1,71
160,9,710.3845,1,1,72
160,10,711.2259,1,1,71
160,11,0.8546,0,0,0
160,12,1.0647,0,0,0
160,13,709.1783,1,1,70
160,14,706.6622,1,1,68
160,15,705.1921,1,1,67
160,16,703.0811,1,1,67
160,17,705.0394,1,1,69
160,18,705.8936,1,1,65
160,19,705.0100,1,1,70
160,20,706.3798,1,1,68
160,21,1.3922,0,0,0
160,22,709.5230,1,1,61
160,23,705.8259,1,1,61
160,24,710.1051,1,1,62
160,25,704.0478,1,1,66
160,26,709.1514,1,1,64
160,27,705.5704,1,1,65
160,28,1.2831,0,0,0
160,29,708.3806,1,1,65
160,30,1.4419,0,0,0
160,31,1.5410,0,0,0
160,32,1.5735,0,0,0
160,33,703.6398,1,1,67
160,34,702.2317,1,1,68
160,35,1.0819,0,0,0
160,36,1.1211,0,0,0
160,37,0.8994,0,0,0
160,38,0.9713,0,0,0
160,39,0.9880,0,0,0
160,40,1.0367,0,0,0
160,41,0.8970,0,0,0
160,42,711.1635,1,1,66
160,43,1.5364,0,0,0
160,44,710.0250,1,1,66
160,45,1.1782,0,0,0
160,46,706.2247,1,1,66
160,47,1.5216,0,0,0
160,48,701.4567,1,1,67
160,49,1.0993,0,0,0
160,50,1.5500,0,0,0
160,51,712.4654,1,1,65
160,52,1.0998,0,0,0
160,53,1.0325,0,0,0
160,54,712.1215,1,1,63
160,55,707.2854,1,1,62
160,56,1.1540,0,0,0
160,57,1.0434,0,0,0
160,58,1.4941,0,0,0
160,59,710.3425,1,1,69
160,60,703.3267,1,1,68
160,61,1.1151,0,0,0
160,62,708.2774,1,1,71
160,63,1.4950,0,0,0
160,64,1.3584,0,0,0
160,65,1.3728,0,0,0
160,66,708.7270,1,1,75
160,67,703.5007,1,1,72
160,68,709.2127,1,1,81
160,69,1.5189,0,0,0
160,70,708.1268,1,1,78
160,71,702.8231,1,1,94
160,72,1.1803,0,0,0
160,73,1.5317,0,0,0
160,74,701.7805,1,1,127
160,75,702.2782,1,1,108
160,76,704.5130,1,1,149
160,77,1.3361,0,0,0
160,78,1.0579,0,0,0
160,79,1.3728,0,0,0
160,80,0.9965,0,0,0
160,81,1.0533,0,0,0
160,82,1.1027,0,0,0
161,0,0.9927,0,0,0
161,1,0.7285,0,0,0
161,2,702.3950,1,1,199
161,3,706.6616,1,1,78
161,4,704.5667,1,1,76
161,5,1.3867,0,0,0
161,6,1.1569,0,0,0
161,7,1.0890,0,0,0
161,8,704.7935,1,1,83
161,9,713.6083,1,1,60
161,10,704.1853,1,1,58
161,11,702.0174,1,1,56
161,12,708.2119,1,1,55
161,13,706.3577,1,1,55
161,14,1.6300,0,0,0
161,15,714.0586,1,1,53
161,16,1.4040,0,0,0
161,17,704.5876,1,1,52
161,18,1.5038,0,0,0
161,19,1.2385,0,0,0
161,20,1.2666,0,0,0
161,21,708.6642,1,1,48
161,22,710.0119,1,1,52
161,23,703.3544,1,1,52
161,24,1.1140,0,0,0
161,25,701.2432,1,1,51
161,26,708.3619,1,1,52
161,27,703.9075,1,1,51
161,28,709.9231,1,1,51
161,29,710.1101,1,1,51
161,30,1.3604,0,0,0
161,31,708.2359,1,1,51
161,32,1.5160,0,0,0
161,33,701.2156,1,1,85
161,34,705.6032,1,1,86
161,35,704.4751,1,1,68
161,36,712.3740,1,1,61
161,37,1.4935,0,0,0
161,38,709.0385,1,1,90
161,39,702.9258,1,1,170
161,40,701.8167,1,1,142
161,41,1.5257,0,0,0
161,42,1.6024,0,0,0
161,43,701.4183,1,1,186
161,44,1.2124,0,0,0
161,45,703.0106,1,1,158
161,46,1.3775,0,0,0
161,47,1.6043,0,0,0
161,48,703.4553,1,1,200
161,49,703.9962,1,1,199
161,50,1.3647,0,0,0
161,51,705.0000,1,1,217
161,52,1.2288,0,0,0
161,53,1.3239,0,0,0
161,54,703.2895,1,1,234
162,0,0.8240,0,0,0
162,1,0.7969,0,0,0
162,2,706.4763,1,1,60
162,3,710.2941,1,1,60
162,4,711.5602,1,1,59
162,5,709.9557,1,1,58
162,6,1.5302,0,0,0
162,7,707.7563,1,1,62
162,8,0.9206,0,0,0
162,9,702.3720,1,1,61
162,10,0.9526,0,0,0
162,11,710.0130,1,1,63
162,12,706.5792,1,1,59
162,13,1.6168,0,0,0
162,14,703.3988,1,1,66
162,15,1.3361,0,0,0
162,16,712.2257,1,1,68
162,17,704.5684,1,1,67
162,18,704.2459,1,1,64
162,19,1.6408,0,0,0
162,20,703.7599,1,1,107
162,21,1.2169,0,0,0
162,22,702.7212,1,1,92
162,23,1.3679,0,0,0
162,24,1.5077,0,0,0
162,25,704.7703,1,1,89
162,26,708.5180,1,1,69
162,27,1.2398,0,0,0
162,28,1.4048,0,0,0
162,29,704.1071,1,1,67
162,30,1.1307,0,0,0
162,31,1.5185,0,0,0
162,32,707.0465,1,1,70
162,33,1.5882,0,0,0
162,34,1.9583,0,0,0
162,35,1.4336,0,0,0
162,36,704.2951,1,1,89
162,37,706.2630,1,1,103
162,38,701.9706,1,1,92
162,39,1.5573,0,0,0
162,40,702.0738,1,1,105
162,41,1.5752,0,0,0
162,42,1.1440,0,0,0
162,43,1.6833,0,0,0
162,44,1.2007,0,0,0
162,45,1.6243,0,0,0
162,46,1.3126,0,0,0
162,47,1.2211,0,0,0
163,0,0.8386,0,0,0
163,1,1.4004,0,0,0
163,2,0.6848,0,0,0
163,3,706.9702,1,1,70
163,4,706.0314,1,1,75
163,5,703.2206,1,1,63
163,6,704.8984,1,1,65
163,7,1.2935,0,0,0
163,8,1.2031,0,0,0
163,9,1.2731,0,0,0
163,10,704.1738,1,1,65
163,11,1.3288,0,0,0
163,12,701.6095,1,1,64
163,13,703.7347,1,1,65
163,14,1.1621,0,0,0
163,15,707.4836,1,1,65
164,0,0.7620,0,0,0
164,1,0.6269,0,0,0
164,2,705.0430,1,1,68
164,3,0.7816,0,0,0
164,4,1.2357,0,0,0
164,5,701.9239,1,1,81
164,6,0.8101,0,0,0
164,7,703.5778,1,1,171
164,8,0.8307,0,0,0
164,9,702.1646,1,1,184
164,10,1.1020,0,0,0
164,11,1.1098,0,0,0
164,12,701.2578,1,1,203
164,13,0.8214,0,0,0
164,14,703.3722,1,1,210
164,15,1.3780,0,0,0
164,16,0.9663,0,0,0
164,17,0.9384,0,0,0
164,18,701.7222,1,1,265
164,19,702.6672,1,1,267
164,20,0.8715,0,0,0
164,21,0.8713,0,0,0
164,22,0.6446,0,0,0
164,23,0.6556,0,0,0
164,24,0.6444,0,0,0
164,25,0.6118,0,0,0
164,26,0.8017,0,0,0
164,27,704.2711,1,1,205
164,28,701.0097,1,1,189
164,29,705.4889,1,1,91
164,30,703.8496,1,1,100
164,31,704.2631,1,1,91
164,32,1.0952,0,0,0
164,33,1.2742,0,0,0
164,34,701.7110,1,1,82
164,35,709.6877,1,1,79
164,36,1.2025,0,0,0
164,37,706.0858,1,1,73
164,38,1.2018,0,0,0
164,39,0.8828,0,0,0
164,40,706.8776,1,1,76
164,41,1.1565,0,0,0
164,42,1.4787,0,0,0
164,43,703.8760,1,1,86
164,44,704.8771,1,1,87
164,45,702.4533,1,1,68
164,46,1.3728,0,0,0
164,47,1.3880,0,0,0
164,48,704.2917,1,1,80
164,49,705.6692,1,1,78
164,50,1.5711,0,0,0
164,51,705.2369,1,1,80
164,52,1.2415,0,0,0
164,53,707.3164,1,1,89
164,54,702.1947,1,1,90
164,55,1.8723,0,0,0
164,56,704.2548,1,1,104
164,57,708.0158,1,1,88
164,58,1.5113,0,0,0
164,59,704.1282,1,1,93
164,60,702.5363,1,1,96
164,61,1.6138,0,0,0
164,62,702.9663,1,1,105
164,63,703.0091,1,1,109
164,64,1.2407,0,0,0
164,65,1.3331,0,0,0
164,66,1.0404,0,0,0
164,67,1.0939,0,0,0
164,68,1.1593,0,0,0
164,69,1.0078,0,0,0
165,0,1.0388,0,0,0
165,1,702.8533,1,1,70
165,2,1.3532,0,0,0
165,3,709.9886,1,1,72
165,4,707.4193,1,1,74
165,5,0.7249,0,0,0
165,6,709.2662,1,1,77
165,7,1.3954,0,0,0
165,8,704.3968,1,1,76
165,9,713.4191,1,1,60
165,10,706.3691,1,1,60
165,11,711.0069,1,1,60
165,12,706.3028,1,1,55
165,13,709.8487,1,1,54
165,14,703.7577,1,1,51
165,15,1.4364,0,0,0
165,16,1.3566,0,0,0
165,17,1.2989,0,0,0
165,18,710.5194,1,1,52
165,19,708.2464,1,1,50
165,20,701.2659,1,1,50
165,21,707.9274,1,1,50
165,22,704.1575,1,1,46
166,0,1.0502,0,0,0
166,1,707.0710,1,1,101
166,2,708.4945,1,1,97
166,3,1.3988,0,0,0
166,4,705.8733,1,1,120
166,5,705.6995,1,1,116
166,6,1.2139,0,0,0
166,7,1.1592,0,0,0
166,8,701.3123,1,1,233
166,9,704.6313,1,1,257
166,10,702.5323,1,1,248
166,11,701.9506,1,1,290
166,12,0.8125,0,0,0
166,13,703.8239,1,1,213
166,14,704.8429,1,1,69
166,15,1.1696,0,0,0
166,16,704.8752,1,1,69
166,17,709.8870,1,1,70
166,18,0.9140,0,0,0
166,19,0.8153,0,0,0
166,20,1.6059,0,0,0
166,21,707.3295,1,1,60
166,22,1.3389,0,0,0
166,23,703.0369,1,1,174
166,24,1.0865,0,0,0
166,25,1.5452,0,0,0
166,26,703.9339,1,1,128
166,27,1.1620,0,0,0
166,28,1.2673,0,0,0
166,29,704.9210,1,1,157
166,30,704.2988,1,1,146
166,31,1.1221,0,0,0
166,32,701.4518,1,1,184
166,33,1.1209,0,0,0
166,34,702.9089,1,1,158
166,35,705.2011,1,1,185
166,36,702.6696,1,1,193
166,37,1.3513,0,0,0
166,38,1.6241,0,0,0
166,39,702.0455,1,1,234
166,40,704.5229,1,1,210
167,0,0.7992,0,0,0
167,1,0.8184,0,0,0
167,2,707.7822,1,1,81
167,3,705.8333,1,1,92
167,4,702.3767,1,1,76
167,5,709.1267,1,1,76
167,6,709.3811,1,1,74
167,7,710.8525,1,1,72
167,8,707.4988,1,1,69
167,9,0.9334,0,0,0
167,10,1.0766,0,0,0
167,11,710.3017,1,1,71
167,12,1.3107,0,0,0
167,13,706.1102,1,1,69
167,14,1.4572,0,0,0
167,15,708.7835,1,1,70
167,16,709.3549,1,1,70
167,17,707.5794,1,1,70
167,18,1.1329,0,0,0
167,19,1.5523,0,0,0
167,20,706.2080,1,1,70
167,21,1.2237,0,0,0
167,22,708.0993,1,1,70
167,23,707.5663,1,1,76
167,24,1.8445,0,0,0
167,25,704.1127,1,1,97
167,26,705.4637,1,1,74
167,27,709.5640,1,1,74
167,28,1.2692,0,0,0
167,29,705.3618,1,1,73
167,30,1.4100,0,0,0
167,31,1.4801,0,0,0
167,32,1.7848,0,0,0
167,33,701.4228,1,1,97
167,34,1.1236,0,0,0
167,35,707.2247,1,1,100
167,36,705.4951,1,1,81
167,37,1.0785,0,0,0
167,38,1.0438,0,0,0
167,39,702.3366,1,1,85
167,40,1.2668,0,0,0
167,41,702.5083,1,1,86
167,42,1.3061,0,0,0
167,43,708.3975,1,1,110
167,44,704.3114,1,1,230
167,45,1.6060,0,0,0
167,46,706.3779,1,1,122
167,47,1.0194,0,0,0
167,48,1.3785,0,0,0
167,49,705.2515,1,1,136
167,50,708.8021,1,1,126
167,51,702.5704,1,1,155
167,52,1.4420,0,0,0
167,53,702.3030,1,1,156
167,54,703.9620,1,1,190
167,55,1.5083,0,0,0
167,56,1.2463,0,0,0
167,57,1.4585,0,0,0
167,58,707.8400,1,1,207
167,59,1.3748,0,0,0
167,60,1.0715,0,0,0
167,61,1.3438,0,0,0
167,62,1.0513,0,0,0
167,63,1.1981,0,0,0
167,64,1.3011,0,0,0
168,0,0.8531,0,0,0
168,1,0.6972,0,0,0
168,2,705.9080,1,1,76
168,3,1.1538,0,0,0
168,4,1.0105,0,0,0
168,5,0.9007,0,0,0
168,6,702.6285,1,1,69
168,7,701.5978,1,1,70
168,8,702.3435,1,1,68
168,9,701.9296,1,1,65
168,10,1.4314,0,0,0
168,11,1.1787,0,0,0
168,12,1.0772,0,0,0
168,13,708.5913,1,1,86
168,14,1.5275,0,0,0
168,15,0.8894,0,0,0
168,16,705.5058,1,1,48
168,17,1.0184,0,0,0
168,18,709.7146,1,1,49
168,19,706.0384,1,1,51
168,20,1.0959,0,0,0
168,21,1.0793,0,0,0
168,22,1.5102,0,0,0
168,23,704.3057,1,1,65
168,24,701.5725,1,1,63
168,25,703.5075,1,1,57
168,26,1.4580,0,0,0
168,27,703.2253,1,1,153
168,28,704.5630,1,1,164
168,29,704.6236,1,1,202
168,30,701.4981,1,1,147
168,31,1.4418,0,0,0
168,32,702.3704,1,1,155
168,33,701.6248,1,1,207
168,34,1.0301,0,0,0
168,35,1.0264,0,0,0
168,36,701.2048,1,1,226
169,0,0.7731,0,0,0
169,1,0.6561,0,0,0
169,2,701.1042,1,1,341
169,3,702.4301,1,1,399
169,4,1.4469,0,0,0
169,5,1.2421,0,0,0
169,6,1.1218,0,0,0
169,7,702.2249,1,1,459
169,8,702.3062,1,1,506
169,9,703.2798,1,1,186
169,10,704.6608,1,1,191
169,11,1.2085,0,0,0
169,12,1.0467,0,0,0
169,13,1.0647,0,0,0
169,14,703.1821,1,1,261
169,15,1.3325,0,0,0
169,16,1.0920,0,0,0
169,17,705.2675,1,1,148
169,18,0.8288,0,0,0
169,19,705.6222,1,1,168
169,20,1.3271,0,0,0
169,21,702.8971,1,1,192
169,22,701.6333,1,1,180
169,23,1.3390,0,0,0
169,24,1.0364,0,0,0
169,25,1.0854,0,0,0
169,26,703.0693,1,1,196
169,27,1.2690,0,0,0
169,28,1.2748,0,0,0
169,29,703.7762,1,1,235
169,30,703.4989,1,1,271
169,31,701.9719,1,1,404
169,32,1.1624,0,0,0
169,33,701.6724,1,1,540
169,34,703.4373,1,1,395
169,35,704.6360,1,1,137
169,36,1.2346,0,0,0
169,37,1.0781,0,0,0
169,38,0.9800,0,0,0
169,39,1.2096,0,0,0
169,40,0.9287,0,0,0
169,41,0.9297,0,0,0
169,42,0.9737,0,0,0
169,43,1.6350,0,0,0
169,44,709.4379,1,1,72
169,45,1.4359,0,0,0
169,46,703.4503,1,1,77
169,47,1.5589,0,0,0
169,48,701.6368,1,1,78
169,49,705.0382,1,1,115
169,50,1.2619,0,0,0
169,51,1.7258,0,0,0
169,52,704.7933,1,1,154
169,53,704.2045,1,1,157
169,54,706.2251,1,1,135
169,55,704.8160,1,1,157
169,56,1.4067,0,0,0
169,57,701.5835,1,1,157
169,58,1.1826,0,0,0
169,59,1.2402,0,0,0
169,60,1.1782,0,0,0
169,61,1.0006,0,0,0
169,62,0.9865,0,0,0
169,63,1.1243,0,0,0
169,64,0.9869,0,0,0
170,0,0.7361,0,0,0
170,1,0.8558,0,0,0
170,2,709.8300,1,1,77
170,3,1.0881,0,0,0
170,4,703.4706,1,1,179
170,5,702.9743,1,1,186
170,6,703.0493,1,1,199
170,7,704.4462,1,1,203
170,8,0.7977,0,0,0
170,9,704.0521,1,1,207
170,10,702.9258,1,1,81
170,11,1.2030,0,0,0
170,12,708.0187,1,1,70
170,13,0.9330,0,0,0
170,14,701.6112,1,1,100
170,15,1.1320,0,0,0
170,16,704.0144,1,1,91
170,17,708.2581,1,1,88
170,18,1.3570,0,0,0
170,19,704.0438,1,1,95
170,20,1.1414,0,0,0
170,21,706.0227,1,1,104
170,22,1.0210,0,0,0
170,23,702.7719,1,1,126
170,24,701.7802,1,1,179
170,25,1.4456,0,0,0
170,26,702.9682,1,1,221
170,27,701.6974,1,1,233
170,28,1.2997,0,0,0
170,29,706.3267,1,1,196
170,30,1.0388,0,0,0
170,31,1.4847,0,0,0
170,32,701.4325,1,1,166
170,33,1.6005,0,0,0
170,34,1.6048,0,0,0
170,35,1.2935,0,0,0
170,36,703.7534,1,1,213
170,37,702.6972,1,1,165
170,38,1.4103,0,0,0
170,39,1.0444,0,0,0
170,40,1.1136,0,0,0
170,41,1.0059,0,0,0
170,42,1.3657,0,0,0
170,43,1.1011,0,0,0
170,44,1.4117,0,0,0
170,45,701.6639,1,1,216
170,46,1.2235,0,0,0
170,47,702.7899,1,1,219
170,48,1.5074,0,0,0
170,49,703.5344,1,1,237
170,50,703.9393,1,1,241
170,51,1.3937,0,0,0
170,52,1.4920,0,0,0
170,53,1.0578,0,0,0
170,54,1.2847,0,0,0
170,55,1.2608,0,0,0
170,56,1.1100,0,0,0
170,57,1.2650,0,0,0
170,58,1.0256,0,0,0
171,0,0.7500,0,0,0
171,1,707.7295,1,1,108
171,2,0.9276,0,0,0
171,3,1.3087,0,0,0
171,4,706.1234,1,1,103
171,5,709.4180,1,1,102
171,6,703.7015,1,1,70
171,7,1.3518,0,0,0
171,8,1.3675,0,0,0
171,9,709.5094,1,1,73
171,10,705.8646,1,1,73
171,11,707.0466,1,1,73
171,12,704.4395,1,1,68
171,13,707.7945,1,1,68
171,14,707.3751,1,1,68
171,15,707.7513,1,1,68
171,16,0.9637,0,0,0
171,17,706.0929,1,1,65
171,18,0.9051,0,0,0
171,19,705.1553,1,1,65
171,20,704.0196,1,1,66
171,21,1.1390,0,0,0
171,22,702.2006,1,1,78
171,23,1.0365,0,0,0
171,24,701.2911,1,1,87
171,25,1.3977,0,0,0
171,26,701.2033,1,1,85
171,27,705.2192,1,1,96
171,28,1.3782,0,0,0
171,29,1.0927,0,0,0
171,30,1.0760,0,0,0
171,31,705.9426,1,1,117
171,32,701.5192,1,1,99
171,33,0.9271,0,0,0
171,34,0.9305,0,0,0
171,35,702.3056,1,1,109
171,36,705.5708,1,1,124
171,37,702.0019,1,1,116
171,38,1.3338,0,0,0
171,39,703.3444,1,1,149
171,40,702.6331,1,1,139
171,41,1.3410,0,0,0
171,42,706.0544,1,1,151
171,43,1.0684,0,0,0
171,44,704.5237,1,1,125
171,45,1.4258,0,0,0
171,46,702.9334,1,1,134
171,47,1.1200,0,0,0
171,48,702.9013,1,1,145
171,49,1.6007,0,0,0
171,50,701.9954,1,1,148
171,51,704.4831,1,1,152
171,52,1.2158,0,0,0
171,53,704.0396,1,1,165
171,54,702.2884,1,1,191
171,55,704.1503,1,1,232
172,0,0.8071,0,0,0
172,1,1.8441,0,0,0
172,2,0.5687,0,0,0
172,3,706.9883,1,1,83
172,4,705.2991,1,1,65
172,5,0.8844,0,0,0
172,6,1.3763,0,0,0
172,7,705.7414,1,1,68
172,8,703.4924,1,1,65
172,9,704.2454,1,1,67
172,10,1.6473,0,0,0
172,11,1.1432,0,0,0
172,12,1.2543,0,0,0
172,13,705.9975,1,1,68
172,14,707.0922,1,1,65
172,15,1.1535,0,0,0
172,16,711.4827,1,1,67
172,17,1.0197,0,0,0
172,18,1.5693,0,0,0
172,19,710.0011,1,1,60
172,20,1.1598,0,0,0
172,21,708.3074,1,1,60
172,22,712.9619,1,1,61
172,23,703.4959,1,1,60
172,24,711.2710,1,1,60
172,25,1.4033,0,0,0
172,26,704.5507,1,1,59
172,27,1.2715,0,0,0
172,28,1.5007,0,0,0
172,29,704.0347,1,1,59
172,30,1.1461,0,0,0
172,31,1.1502,0,0,0
172,32,707.5107,1,1,60
172,33,1.0473,0,0,0
172,34,706.1590,1,1,60
172,35,709.8521,1,1,60
172,36,703.8188,1,1,58
172,37,707.3301,1,1,59
172,38,705.4863,1,1,57
172,39,707.5869,1,1,58
172,40,1.2078,0,0,0
172,41,703.8661,1,1,61
172,42,708.5649,1,1,63
172,43,1.3959,0,0,0
172,44,705.2534,1,1,67
172,45,1.3514,0,0,0
172,46,707.0950,1,1,70
172,47,1.6353,0,0,0
172,48,709.7656,1,1,71
172,49,1.4337,0,0,0
172,50,708.6541,1,1,72
172,51,709.8534,1,1,86
172,52,703.4081,1,1,104
172,53,1.2035,0,0,0
172,54,1.4985,0,0,0
172,55,702.9756,1,1,117
172,56,706.9036,1,1,122
172,57,702.5844,1,1,104
172,58,701.6287,1,1,123
172,59,1.5527,0,0,0
172,60,707.7511,1,1,145
172,61,1.3063,0,0,0
172,62,703.1739,1,1,153
172,63,1.7192,0,0,0
172,64,702.8383,1,1,171
172,65,702.5446,1,1,176
172,66,1.6644,0,0,0
172,67,704.2186,1,1,142
172,68,1.3512,0,0,0
172,69,1.7297,0,0,0
172,70,1.1369,0,0,0
172,71,1.1661,0,0,0
172,72,1.4686,0,0,0
172,73,1.3517,0,0,0
172,74,702.6564,1,1,128
172,75,1.3470,0,0,0
172,76,706.1210,1,1,100
172,77,702.2764,1,1,115
172,78,1.3323,0,0,0
172,79,706.0450,1,1,152
172,80,1.3293,0,0,0
172,81,704.9676,1,1,104
172,82,1.4577,0,0,0
172,83,704.4122,1,1,108
172,84,1.4794,0,0,0
172,85,708.0004,1,1,91
172,86,1.3617,0,0,0
172,87,1.1759,0,0,0
172,88,1.3596,0,0,0
172,89,1.2986,0,0,0
172,90,1.1089,0,0,0
172,91,1.4970,0,0,0
172,92,1.4936,0,0,0
172,93,1.2153,0,0,0
172,94,702.8167,1,1,164
172,95,1.5553,0,0,0
172,96,705.0409,1,1,183
172,97,1.4357,0,0,0
172,98,702.8225,1,1,215
172,99,1.4746,0,0,0
172,100,701.7869,1,1,269
172,101,702.5423,1,1,297
172,102,1.5053,0,0,0
172,103,703.8505,1,1,314
172,104,1.6433,0,0,0
172,105,702.0652,1,1,370
172,106,702.3595,1,1,415
172,107,1.6942,0,0,0
172,108,1.1985,0,0,0
172,109,1.4147,0,0,0
172,110,1.3924,0,0,0
172,111,1.2163,0,0,0
172,112,1.3737,0,0,0
172,113,1.4489,0,0,0
173,0,1.0771,0,0,0
173,1,706.0416,1,1,68
173,2,705.0716,1,1,68
173,3,0.9482,0,0,0
173,4,708.3720,1,1,68
173,5,1.2587,0,0,0
173,6,1.0276,0,0,0
173,7,0.9843,0,0,0
173,8,709.6463,1,1,67
173,9,707.4446,1,1,67
173,10,706.2165,1,1,75
173,11,707.0992,1,1,91
173,12,0.9192,0,0,0
173,13,709.7468,1,1,72
173,14,705.9738,1,1,80
173,15,702.9840,1,1,81
173,16,1.0690,0,0,0
173,17,1.3825,0,0,0
173,18,1.0246,0,0,0
173,19,1.0221,0,0,0
173,20,0.9500,0,0,0
173,21,0.8422,0,0,0
173,22,1.1963,0,0,0
173,23,704.3407,1,1,69
173,24,1.1489,0,0,0
173,25,1.0729,0,0,0
173,26,1.0228,0,0,0
173,27,1.1220,0,0,0
173,28,0.8441,0,0,0
173,29,1.0496,0,0,0
173,30,1.0118,0,0,0
173,31,704.0523,1,1,109
173,32,1.2798,0,0,0
173,33,1.3020,0,0,0
173,34,706.2051,1,1,109
173,35,1.5311,0,0,0
173,36,704.1418,1,1,104
173,37,1.3756,0,0,0
173,38,705.2393,1,1,131
173,39,1.2633,0,0,0
173,40,704.0756,1,1,139
173,41,701.4713,1,1,104
173,42,1.1784,0,0,0
173,43,1.1764,0,0,0
173,44,0.9499,0,0,0
173,45,0.9602,0,0,0
173,46,0.9394,0,0,0
173,47,1.0002,0,0,0
173,48,1.2076,0,0,0
173,49,702.0799,1,1,152
173,50,1.2104,0,0,0
173,51,1.4298,0,0,0
173,52,702.9914,1,1,183
173,53,703.0946,1,1,188
173,54,702.7128,1,1,171
173,55,1.2485,0,0,0
173,56,1.5446,0,0,0
173,57,704.3613,1,1,196
173,58,705.1697,1,1,231
173,59,1.2210,0,0,0
173,60,702.6817,1,1,236
173,61,1.6262,0,0,0
173,62,702.7303,1,1,328
173,63,702.7645,1,1,285
173,64,1.2299,0,0,0
173,65,702.3324,1,1,293
173,66,1.5806,0,0,0
173,67,703.0068,1,1,239
173,68,704.2246,1,1,151
173,69,1.2302,0,0,0
173,70,1.1169,0,0,0
173,71,1.4970,0,0,0
173,72,1.2287,0,0,0
173,73,0.9685,0,0,0
173,74,1.0447,0,0,0
173,75,1.2785,0,0,0
173,76,0.9743,0,0,0
174,0,0.6738,0,0,0
174,1,0.8468,0,0,0
174,2,706.1180,1,1,87
174,3,705.0421,1,1,112
174,4,708.6914,1,1,89
174,5,703.7560,1,1,97
175,0,0.8004,0,0,0
175,1,708.9630,1,1,104
175,2,709.8472,1,1,80
175,3,706.4160,1,1,82
175,4,701.4150,1,1,85
175,5,709.1347,1,1,87
175,6,703.0684,1,1,92
175,7,707.9185,1,1,93
175,8,704.8530,1,1,96
175,9,703.4394,1,1,99
175,10,1.1286,0,0,0
175,11,701.9314,1,1,94
175,12,1.4707,0,0,0
175,13,1.3419,0,0,0
175,14,1.0843,0,0,0
175,15,705.1237,1,1,85
175,16,1.1222,0,0,0
175,17,705.8024,1,1,108
175,18,705.5062,1,1,102
175,19,1.2270,0,0,0
175,20,703.3252,1,1,178
175,21,702.1521,1,1,148
175,22,704.4830,1,1,226
175,23,701.6907,1,1,258
175,24,0.8897,0,0,0
175,25,0.8234,0,0,0
175,26,702.9331,1,1,228
175,27,1.2451,0,0,0
175,28,0.7694,0,0,0
176,0,1.1777,0,0,0
176,1,706.1774,1,1,77
176,2,710.0583,1,1,77
176,3,709.7730,1,1,76
176,4,0.7356,0,0,0
176,5,703.4609,1,1,70
176,6,710.6639,1,1,62
176,7,1.3158,0,0,0
176,8,1.0852,0,0,0
176,9,1.0162,0,0,0
176,10,709.3590,1,1,64
176,11,705.4226,1,1,64
176,12,709.0323,1,1,65
177,0,0.8530,0,0,0
177,1,1.5160,0,0,0
177,2,0.5562,0,0,0
177,3,701.6785,1,1,78
177,4,704.2214,1,1,85
177,5,709.2804,1,1,63
177,6,711.7123,1,1,63
177,7,0.8803,0,0,0
177,8,701.3962,1,1,63
177,9,703.0507,1,1,60
177,10,1.3259,0,0,0
177,11,709.7288,1,1,62
177,12,1.2793,0,0,0
177,13,701.0163,1,1,59
177,14,701.3312,1,1,65
177,15,708.8714,1,1,65
177,16,704.0160,1,1,64
177,17,1.4770,0,0,0
177,18,1.2352,0,0,0
177,19,710.4206,1,1,65
177,20,1.0867,0,0,0
177,21,704.9854,1,1,64
177,22,703.4800,1,1,63
177,23,0.9423,0,0,0
177,24,707.9357,1,1,64
177,25,1.4213,0,0,0
177,26,706.6260,1,1,60
177,27,1.2975,0,0,0
177,28,710.4673,1,1,60
177,29,707.4123,1,1,60
177,30,707.7608,1,1,59
177,31,710.6235,1,1,59
177,32,1.5708,0,0,0
177,33,706.4633,1,1,63
178,0,0.7660,0,0,0
178,1,701.7158,1,1,73
178,2,0.8602,0,0,0
178,3,1.1423,0,0,0
178,4,707.5736,1,1,74
178,5,1.1885,0,0,0
178,6,703.1135,1,1,74
178,7,707.3083,1,1,62
178,8,708.8812,1,1,60
178,9,0.9852,0,0,0
178,10,704.1546,1,1,59
178,11,705.0088,1,1,59
178,12,703.0398,1,1,58
178,13,0.9289,0,0,0
178,14,708.8753,1,1,62
178,15,0.9973,0,0,0
178,16,710.1293,1,1,62
178,17,701.2488,1,1,61
178,18,703.8090,1,1,59
178,19,705.5690,1,1,56
178,20,704.8147,1,1,59
178,21,712.0721,1,1,60
178,22,704.6125,1,1,61
178,23,707.5107,1,1,62
178,24,1.0888,0,0,0
178,25,704.4839,1,1,62
178,26,705.5228,1,1,60
178,27,1.1903,0,0,0
178,28,702.1473,1,1,59
178,29,707.9253,1,1,61
178,30,1.3502,0,0,0
178,31,702.4772,1,1,58
178,32,712.5466,1,1,59
178,33,707.3813,1,1,59
178,34,1.2495,0,0,0
178,35,711.0458,1,1,59
178,36,703.9319,1,1,58
178,37,1.1312,0,0,0
178,38,705.0193,1,1,58
178,39,1.2505,0,0,0
178,40,703.0696,1,1,56
178,41,1.3526,0,0,0
178,42,1.2942,0,0,0
178,43,1.3724,0,0,0
178,44,711.2738,1,1,57
178,45,702.9042,1,1,56
178,46,1.2190,0,0,0
178,47,705.1511,1,1,56
178,48,1.2503,0,0,0
178,49,708.3139,1,1,55
178,50,1.2101,0,0,0
178,51,1.3602,0,0,0
178,52,1.0673,0,0,0
178,53,1.0559,0,0,0
178,54,1.0258,0,0,0
178,55,1.1615,0,0,0
178,56,1.0253,0,0,0
178,57,712.1710,1,1,56
178,58,1.3147,0,0,0
178,59,703.9116,1,1,56
178,60,1.6310,0,0,0
178,61,712.6767,1,1,58
178,62,1.1872,0,0,0
178,63,1.3974,0,0,0
178,64,713.5169,1,1,56
178,65,1.2444,0,0,0
178,66,708.8329,1,1,57
178,67,702.4796,1,1,56
178,68,706.9699,1,1,55
178,69,1.5293,0,0,0
178,70,702.4372,1,1,57
178,71,708.8864,1,1,57
178,72,1.4867,0,0,0
178,73,1.2202,0,0,0
178,74,1.1346,0,0,0
178,75,1.3617,0,0,0
178,76,1.1957,0,0,0
178,77,1.5291,0,0,0
178,78,1.4037,0,0,0
178,79,2.0059,0,0,0
178,80,705.5834,1,1,82
178,81,1.7133,0,0,0
178,82,708.9575,1,1,85
178,83,701.7076,1,1,74
178,84,705.2504,1,1,88
178,85,1.3830,0,0,0
178,86,705.1066,1,1,117
178,87,707.2411,1,1,141
178,88,703.8614,1,1,130
178,89,1.4620,0,0,0
178,90,1.4811,0,0,0
178,91,703.9982,1,1,139
178,92,703.4079,1,1,170
178,93,1.6058,0,0,0
178,94,701.5192,1,1,175
178,95,702.7412,1,1,169
178,96,1.5213,0,0,0
178,97,1.3066,0,0,0
178,98,1.3043,0,0,0
178,99,1.2740,0,0,0
178,100,1.1884,0,0,0
178,101,1.1410,0,0,0
178,102,1.6011,0,0,0
179,0,0.7527,0,0,0
179,1,701.3110,1,1,136
179,2,703.7913,1,1,156
179,3,1.1698,0,0,0
179,4,702.3649,1,1,263
179,5,1.4495,0,0,0
179,6,0.9553,0,0,0
179,7,0.8874,0,0,0
179,8,702.3947,1,1,362
179,9,702.5269,1,1,351
179,10,0.8626,0,0,0
179,11,701.2624,1,1,399
179,12,702.3146,1,1,169
179,13,1.0931,0,0,0
179,14,704.8255,1,1,177
179,15,1.3066,0,0,0
179,16,704.2181,1,1,201
179,17,703.3614,1,1,200
179,18,1.2998,0,0,0
179,19,701.5898,1,1,242
179,20,702.7098,1,1,233
179,21,0.8839,0,0,0
179,22,701.9730,1,1,258
179,23,1.0667,0,0,0
179,24,0.7972,0,0,0
179,25,0.6885,0,0,0
179,26,0.7031,0,0,0
179,27,0.6685,0,0,0
179,28,0.7306,0,0,0
179,29,0.9062,0,0,0
179,30,702.5720,1,1,392
179,31,0.8617,0,0,0
179,32,1.0334,0,0,0
179,33,0.6868,0,0,0
179,34,0.7393,0,0,0
179,35,0.7174,0,0,0
179,36,0.8256,0,0,0
179,37,1.3437,0,0,0
179,38,0.7922,0,0,0
180,0,0.7107,0,0,0
180,1,1.2846,0,0,0
180,2,0.5860,0,0,0
180,3,704.8146,1,1,71
180,4,705.7079,1,1,71
180,5,706.3225,1,1,70
180,6,0.8314,0,0,0
180,7,708.1608,1,1,71
180,8,1.4208,0,0,0
180,9,0.9999,0,0,0
180,10,704.0657,1,1,74
180,11,706.2542,1,1,74
180,12,702.4567,1,1,70
180,13,0.8717,0,0,0
180,14,707.4682,1,1,69
180,15,713.2583,1,1,62
180,16,706.3577,1,1,60
180,17,703.9169,1,1,61
180,18,710.2643,1,1,61
180,19,0.9488,0,0,0
180,20,705.4137,1,1,59
180,21,0.8714,0,0,0
180,22,702.3645,1,1,58
180,23,706.1672,1,1,53
180,24,1.2379,0,0,0
180,25,708.1710,1,1,52
180,26,714.6718,1,1,50
180,27,713.6929,1,1,50
180,28,1.5320,0,0,0
180,29,1.3415,0,0,0
180,30,706.0472,1,1,53
180,31,1.0854,0,0,0
180,32,708.7324,1,1,55
180,33,703.7676,1,1,52
180,34,1.1771,0,0,0
180,35,704.5622,1,1,48
180,36,704.4633,1,1,50
180,37,706.2877,1,1,52
180,38,1.2219,0,0,0
180,39,718.5966,1,1,52
180,40,715.2257,1,1,53
180,41,1.0630,0,0,0
180,42,703.7464,1,1,52
180,43,702.3045,1,1,52
180,44,711.2318,1,1,51
180,45,1.4512,0,0,0
180,46,703.6644,1,1,50
180,47,1.3246,0,0,0
180,48,713.9410,1,1,50
180,49,704.2064,1,1,51
180,50,1.7107,0,0,0
180,51,701.5342,1,1,48
180,52,1.2132,0,0,0
180,53,711.4890,1,1,49
180,54,1.6183,0,0,0
180,55,704.3791,1,1,48
180,56,715.6436,1,1,45
180,57,1.6448,0,0,0
180,58,712.8451,1,1,50
180,59,1.3560,0,0,0
180,60,711.2014,1,1,49
180,61,705.6913,1,1,47
181,0,1.2485,0,0,0
181,1,707.0138,1,1,73
181,2,709.6375,1,1,71
181,3,703.6458,1,1,70
181,4,708.5857,1,1,70
181,5,1.5853,0,0,0
181,6,701.4741,1,1,125
181,7,1.1418,0,0,0
181,8,705.7017,1,1,139
181,9,702.7761,1,1,142
181,10,703.8374,1,1,149
181,11,705.2413,1,1,103
181,12,0.8855,0,0,0
181,13,704.4364,1,1,110
181,14,1.4849,0,0,0
181,15,1.0606,0,0,0
181,16,1.0673,0,0,0
181,17,705.8014,1,1,125
181,18,704.4492,1,1,127
181,19,1.0556,0,0,0
181,20,702.9840,1,1,111
181,21,1.0694,0,0,0
181,22,0.8731,0,0,0
181,23,0.7773,0,0,0
181,24,0.9358,0,0,0
181,25,0.8643,0,0,0
181,26,0.9602,0,0,0
181,27,0.9097,0,0,0
181,28,704.4826,1,1,78
181,29,707.1610,1,1,74
181,30,1.1301,0,0,0
181,31,1.3493,0,0,0
181,32,703.8700,1,1,74
181,33,1.0645,0,0,0
181,34,1.2544,0,0,0
181,35,708.5284,1,1,82
181,36,707.0028,1,1,80
181,37,702.5124,1,1,83
181,38,705.7620,1,1,83
181,39,709.3251,1,1,84
181,40,1.2425,0,0,0
181,41,709.7026,1,1,85
181,42,707.5357,1,1,89
181,43,1.2174,0,0,0
181,44,1.4735,0,0,0
181,45,1.0305,0,0,0
181,46,0.9567,0,0,0
181,47,1.0343,0,0,0
181,48,1.0697,0,0,0
181,49,1.0951,0,0,0
181,50,1.6641,0,0,0
181,51,702.3822,1,1,348
181,52,702.7146,1,1,327
181,53,1.1829,0,0,0
181,54,702.1606,1,1,313
181,55,702.4716,1,1,291
181,56,702.7677,1,1,333
181,57,1.2859,0,0,0
181,58,701.7482,1,1,350
181,59,702.9674,1,1,262
181,60,1.1636,0,0,0
181,61,1.0897,0,0,0
181,62,1.3766,0,0,0
181,63,1.0120,0,0,0
181,64,0.9712,0,0,0
181,65,1.0938,0,0,0
181,66,1.4959,0,0,0
181,67,1.0518,0,0,0
182,0,0.7498,0,0,0
182,1,0.6339,0,0,0
182,2,708.8772,1,1,79
182,3,706.4743,1,1,124
182,4,710.9002,1,1,71
182,5,703.1727,1,1,69
182,6,701.4130,1,1,69
182,7,0.9074,0,0,0
182,8,706.2576,1,1,68
182,9,1.5324,0,0,0
182,10,1.3448,0,0,0
182,11,711.2238,1,1,67
182,12,701.7618,1,1,71
182,13,706.2688,1,1,71
182,14,706.8408,1,1,70
182,15,710.1685,1,1,70
182,16,1.3418,0,0,0
182,17,710.4723,1,1,64
182,18,1.2692,0,0,0
182,19,701.6217,1,1,63
182,20,1.5904,0,0,0
182,21,1.1074,0,0,0
182,22,1.1177,0,0,0
182,23,708.9549,1,1,64
182,24,707.3585,1,1,64
182,25,1.2152,0,0,0
182,26,707.2967,1,1,81
182,27,1.1250,0,0,0
182,28,701.2672,1,1,81
182,29,1.0505,0,0,0
182,30,704.0279,1,1,91
182,31,1.0219,0,0,0
182,32,710.8565,1,1,104
182,33,702.4376,1,1,110
182,34,705.5294,1,1,100
182,35,1.2632,0,0,0
182,36,703.6071,1,1,112
182,37,1.3500,0,0,0
182,38,1.3274,0,0,0
182,39,701.4564,1,1,183
182,40,701.9919,1,1,194
183,0,1.3138,0,0,0
183,1,0.7578,0,0,0
183,2,701.7488,1,1,74
183,3,701.9546,1,1,81
183,4,704.6954,1,1,66
183,5,1.3177,0,0,0
183,6,702.4602,1,1,69
183,7,0.8885,0,0,0
183,8,0.9352,0,0,0
183,9,706.8162,1,1,69
183,10,0.9926,0,0,0
183,11,1.4185,0,0,0
183,12,704.1230,1,1,70
183,13,709.6734,1,1,69
183,14,711.1581,1,1,68
183,15,1.2302,0,0,0
183,16,701.6577,1,1,66
183,17,1.0079,0,0,0
183,18,710.7283,1,1,65
183,19,705.5756,1,1,64
183,20,709.8597,1,1,64
183,21,711.4769,1,1,64
183,22,1.0768,0,0,0
183,23,710.0293,1,1,63
183,24,706.6647,1,1,63
183,25,1.1952,0,0,0
183,26,1.2662,0,0,0
183,27,711.2405,1,1,60
183,28,701.5126,1,1,58
183,29,1.8051,0,0,0
183,30,709.2927,1,1,60
183,31,710.3354,1,1,55
183,32,709.4122,1,1,59
183,33,1.1760,0,0,0
183,34,1.4322,0,0,0
183,35,712.6031,1,1,61
183,36,704.7268,1,1,61
183,37,1.1053,0,0,0
183,38,711.3324,1,1,62
183,39,1.2677,0,0,0
183,40,708.3631,1,1,58
183,41,1.0939,0,0,0
183,42,1.2084,0,0,0
183,43,713.3530,1,1,58
183,44,704.5478,1,1,57
183,45,704.4781,1,1,57
183,46,2.2325,0,0,0
183,47,710.8058,1,1,66
183,48,1.1746,0,0,0
183,49,708.2154,1,1,56
183,50,712.9911,1,1,57
183,51,705.1051,1,1,65
183,52,1.2878,0,0,0
183,53,704.2407,1,1,69
183,54,710.0996,1,1,71
183,55,714.3722,1,1,54
183,56,1.2027,0,0,0
183,57,1.3434,0,0,0
183,58,713.3433,1,1,53
183,59,713.9022,1,1,55
183,60,708.1237,1,1,65
183,61,1.4641,0,0,0
183,62,1.4486,0,0,0
183,63,1.2100,0,0,0
183,64,706.3456,1,1,75
183,65,702.9219,1,1,72
183,66,1.3603,0,0,0
183,67,701.5884,1,1,78
183,68,704.8762,1,1,90
183,69,705.6415,1,1,76
183,70,706.9469,1,1,92
183,71,707.8349,1,1,82
183,72,1.3423,0,0,0
183,73,1.2172,0,0,0
183,74,1.2752,0,0,0
183,75,1.1314,0,0,0
183,76,1.1621,0,0,0
183,77,1.2655,0,0,0
183,78,1.1361,0,0,0
183,79,2.2370,0,0,0
183,80,705.5271,1,1,79
183,81,1.4609,0,0,0
183,82,704.5078,1,1,218
183,83,702.0282,1,1,223
183,84,702.3243,1,1,223
184,0,0.7605,0,0,0
184,1,704.8003,1,1,71
184,2,708.8566,1,1,58
184,3,707.4406,1,1,58
184,4,708.5486,1,1,57
184,5,1.1013,0,0,0
184,6,706.5824,1,1,55
185,0,1.0638,0,0,0
185,1,704.0170,1,1,91
185,2,1.1666,0,0,0
185,3,702.2321,1,1,99
185,4,1.3502,0,0,0
185,5,702.0684,1,1,133
185,6,701.9888,1,1,135
185,7,705.0498,1,1,149
185,8,705.2626,1,1,122
185,9,0.7782,0,0,0
185,10,706.6098,1,1,120
185,11,707.7229,1,1,70
185,12,708.5389,1,1,69
185,13,0.8633,0,0,0
185,14,709.0921,1,1,67
185,15,710.3517,1,1,67
185,16,1.4698,0,0,0
185,17,708.2810,1,1,74
185,18,1.5399,0,0,0
185,19,1.1644,0,0,0
185,20,1.0840,0,0,0
185,21,702.7249,1,1,74
185,22,1.3962,0,0,0
185,23,704.6555,1,1,58
185,24,1.0866,0,0,0
185,25,708.8839,1,1,58
185,26,706.3803,1,1,58
185,27,703.1806,1,1,58
185,28,1.0372,0,0,0
185,29,1.3030,0,0,0
185,30,705.2312,1,1,59
185,31,1.6722,0,0,0
185,32,708.6661,1,1,60
185,33,1.8849,0,0,0
185,34,712.2201,1,1,65
185,35,1.4252,0,0,0
185,36,710.8683,1,1,68
185,37,703.6418,1,1,64
185,38,708.5876,1,1,70
185,39,703.5546,1,1,68
185,40,703.4395,1,1,81
185,41,708.2190,1,1,75
185,42,1.0502,0,0,0
185,43,1.0307,0,0,0
185,44,705.8461,1,1,68
186,0,0.7397,0,0,0
186,1,0.9909,0,0,0
186,2,709.0329,1,1,93
186,3,708.0684,1,1,83
186,4,707.3100,1,1,83
186,5,0.7729,0,0,0
186,6,704.5649,1,1,64
186,7,0.8776,0,0,0
186,8,708.1416,1,1,64
186,9,1.6042,0,0,0
186,10,1.0908,0,0,0
186,11,705.8204,1,1,67
186,12,704.1786,1,1,67
186,13,709.3646,1,1,67
186,14,1.1813,0,0,0
186,15,710.4933,1,1,69
186,16,5.9460,0,0,0
186,17,705.6025,1,1,69
186,18,0.8627,0,0,0
186,19,704.4211,1,1,75
186,20,1.1176,0,0,0
186,21,710.7071,1,1,89
186,22,0.9283,0,0,0
186,23,705.4738,1,1,71
186,24,0.9391,0,0,0
186,25,1.3587,0,0,0
186,26,705.2531,1,1,72
186,27,1.4934,0,0,0
186,28,704.0684,1,1,75
186,29,703.2457,1,1,79
186,30,706.9589,1,1,73
186,31,710.8579,1,1,64
186,32,701.7480,1,1,64
186,33,1.0165,0,0,0
186,34,703.4134,1,1,66
186,35,1.2594,0,0,0
186,36,709.9505,1,1,71
186,37,701.7022,1,1,69
186,38,704.7312,1,1,133
186,39,1.0827,0,0,0
186,40,703.0319,1,1,96
186,41,1.4178,0,0,0
186,42,702.6117,1,1,177
186,43,1.0893,0,0,0
186,44,703.7399,1,1,199
186,45,703.9009,1,1,205
186,46,704.1419,1,1,141
186,47,1.4839,0,0,0
186,48,701.6424,1,1,151
186,49,1.1503,0,0,0
186,50,1.4388,0,0,0
186,51,702.4483,1,1,179
186,52,705.3052,1,1,193
186,53,1.1646,0,0,0
186,54,701.6987,1,1,191
186,55,1.3848,0,0,0
186,56,703.4739,1,1,207
186,57,703.5479,1,1,206
187,0,0.7747,0,0,0
187,1,0.6537,0,0,0
187,2,701.5682,1,1,65
187,3,1.0617,0,0,0
187,4,1.2089,0,0,0
187,5,0.9243,0,0,0
187,6,710.0739,1,1,77
187,7,706.6510,1,1,84
187,8,710.4870,1,1,82
187,9,1.7180,0,0,0
187,10,703.8792,1,1,85
187,11,1.1271,0,0,0
187,12,702.8217,1,1,78
187,13,1.5479,0,0,0
187,14,710.0866,1,1,88
187,15,702.4768,1,1,86
187,16,711.6329,1,1,71
187,17,1.3096,0,0,0
187,18,706.9826,1,1,67
187,19,0.9064,0,0,0
187,20,705.6946,1,1,70
187,21,1.3772,0,0,0
187,22,701.9128,1,1,125
187,23,702.7408,1,1,94
187,24,0.9786,0,0,0
187,25,703.3322,1,1,62
187,26,701.8518,1,1,63
187,27,705.8494,1,1,63
187,28,1.3845,0,0,0
187,29,705.0653,1,1,57
187,30,1.2875,0,0,0
187,31,1.2288,0,0,0
187,32,1.0893,0,0,0
187,33,703.3930,1,1,60
187,34,711.0415,1,1,61
187,35,703.4857,1,1,62
187,36,1.1652,0,0,0
187,37,704.8659,1,1,61
187,38,709.9481,1,1,65
187,39,1.7009,0,0,0
187,40,701.8130,1,1,110
187,41,701.7488,1,1,109
187,42,702.0172,1,1,135
187,43,704.5629,1,1,134
187,44,1.4023,0,0,0
187,45,710.5205,1,1,127
187,46,703.0783,1,1,123
187,47,1.5829,0,0,0
187,48,712.2626,1,1,88
187,49,706.2565,1,1,75
187,50,1.4839,0,0,0
187,51,710.8738,1,1,72
187,52,1.2221,0,0,0
187,53,708.1946,1,1,70
187,54,1.2476,0,0,0
187,55,702.6350,1,1,60
187,56,706.3789,1,1,61
187,57,1.2405,0,0,0
187,58,1.0343,0,0,0
187,59,1.0147,0,0,0
187,60,1.1798,0,0,0
187,61,1.1171,0,0,0
187,62,1.0235,0,0,0
187,63,1.3692,0,0,0
187,64,702.6595,1,1,116
187,65,710.1908,1,1,130
187,66,1.4411,0,0,0
187,67,704.8986,1,1,148
187,68,1.3044,0,0,0
187,69,703.3322,1,1,158
187,70,732.8263,1,1,149
187,71,703.9890,1,1,123
187,72,1.2860,0,0,0
187,73,705.0577,1,1,179
187,74,1.3256,0,0,0
187,75,1.2229,0,0,0
187,76,1.5398,0,0,0
187,77,1.1726,0,0,0
187,78,1.0779,0,0,0
187,79,1.2330,0,0,0
187,80,1.2498,0,0,0
188,0,0.8025,0,0,0
188,1,0.6826,0,0,0
188,2,707.0462,1,1,68
188,3,1.2982,0,0,0
188,4,1.2501,0,0,0
188,5,708.0980,1,1,83
188,6,702.4981,1,1,67
188,7,710.4459,1,1,69
188,8,702.0743,1,1,67
188,9,707.8002,1,1,68
188,10,704.4370,1,1,67
188,11,0.9794,0,0,0
188,12,703.1105,1,1,68
188,13,703.7316,1,1,69
188,14,0.8314,0,0,0
188,15,0.9368,0,0,0
188,16,711.1211,1,1,68
188,17,0.9423,0,0,0
188,18,705.8348,1,1,66
188,19,707.2624,1,1,71
188,20,1.0933,0,0,0
188,21,703.2657,1,1,72
188,22,705.4559,1,1,70
188,23,705.3340,1,1,70
188,24,1.2725,0,0,0
188,25,701.1390,1,1,72
188,26,704.8424,1,1,69
188,27,1.3609,0,0,0
188,28,701.6319,1,1,65
188,29,1.4127,0,0,0
188,30,1.4382,0,0,0
188,31,1.1344,0,0,0
188,32,712.1806,1,1,66
188,33,707.2242,1,1,68
188,34,702.7735,1,1,70
188,35,1.0346,0,0,0
188,36,703.5110,1,1,70
188,37,1.1397,0,0,0
188,38,1.1918,0,0,0
188,39,0.9189,0,0,0
188,40,0.9604,0,0,0
188,41,0.9177,0,0,0
188,42,1.1223,0,0,0
188,43,0.9074,0,0,0
188,44,704.9654,1,1,191
188,45,702.3739,1,1,197
188,46,1.4345,0,0,0
188,47,701.1087,1,1,256
189,0,1.0562,0,0,0
189,1,1.3060,0,0,0
189,2,0.5727,0,0,0
189,3,701.5760,1,1,353
189,4,1.5304,0,0,0
189,5,0.9979,0,0,0
189,6,0.8939,0,0,0
189,7,703.2337,1,1,334
189,8,701.9719,1,1,300
189,9,707.7807,1,1,96
189,10,705.9664,1,1,97
189,11,704.7448,1,1,105
189,12,1.4876,0,0,0
189,13,1.0717,0,0,0
189,14,1.0683,0,0,0
189,15,705.9065,1,1,108
189,16,702.6437,1,1,114
189,17,703.3178,1,1,66
189,18,0.9602,0,0,0
189,19,706.2477,1,1,68
189,20,0.9680,0,0,0
189,21,710.3561,1,1,67
189,22,703.1902,1,1,55
189,23,1.9463,0,0,0
189,24,705.2939,1,1,55
189,25,711.0515,1,1,55
189,26,1.5172,0,0,0
189,27,704.0420,1,1,54
189,28,710.2907,1,1,55
189,29,1.2265,0,0,0
189,30,704.9649,1,1,55
189,31,701.7739,1,1,55
189,32,1.6571,0,0,0
189,33,707.7342,1,1,57
189,34,1.3196,0,0,0
189,35,709.9356,1,1,57
189,36,710.8778,1,1,58
189,37,1.5382,0,0,0
189,38,708.9729,1,1,57
189,39,1.4357,0,0,0
189,40,1.8160,0,0,0
189,41,1.3042,0,0,0
189,42,702.6716,1,1,58
189,43,706.9045,1,1,60
189,44,711.5599,1,1,53
189,45,705.7265,1,1,57
189,46,709.4228,1,1,59
189,47,710.0987,1,1,58
189,48,1.2082,0,0,0
189,49,704.8763,1,1,56
189,50,1.4179,0,0,0
189,51,1.1341,0,0,0
189,52,1.0137,0,0,0
189,53,1.1466,0,0,0
189,54,1.0394,0,0,0
189,55,1.0499,0,0,0
189,56,1.1471,0,0,0
189,57,1.5018,0,0,0
189,58,705.7027,1,1,82
189,59,1.7115,0,0,0
189,60,709.6993,1,1,85
189,61,1.4302,0,0,0
189,62,705.6727,1,1,90
189,63,1.2293,0,0,0
189,64,1.3018,0,0,0
189,65,708.0492,1,1,110
189,66,1.2915,0,0,0
189,67,703.0029,1,1,116
189,68,702.9990,1,1,116
189,69,1.1986,0,0,0
189,70,705.9600,1,1,127
189,71,708.2500,1,1,121
189,72,1.6550,0,0,0
189,73,1.4488,0,0,0
189,74,704.4935,1,1,153
189,75,1.1880,0,0,0
189,76,702.6379,1,1,150
189,77,702.2372,1,1,154
189,78,1.2889,0,0,0
189,79,701.3969,1,1,164
189,80,1.5636,0,0,0
189,81,1.2283,0,0,0
189,82,1.1446,0,0,0
189,83,1.2217,0,0,0
189,84,1.1310,0,0,0
189,85,1.1951,0,0,0
189,86,1.3586,0,0,0
190,0,1.3422,0,0,0
190,1,705.2427,1,1,75
190,2,1.2156,0,0,0
190,3,1.0542,0,0,0
190,4,1.0538,0,0,0
190,5,708.5593,1,1,74
190,6,709.0328,1,1,74
190,7,1.6307,0,0,0
190,8,707.1219,1,1,76
190,9,701.9016,1,1,54
190,10,702.2493,1,1,50
190,11,1.2017,0,0,0
190,12,713.3018,1,1,48
190,13,0.9602,0,0,0
190,14,709.2192,1,1,47
190,15,710.6426,1,1,47
190,16,713.8366,1,1,57
190,17,708.1288,1,1,57
190,18,0.9559,0,0,0
190,19,701.6519,1,1,56
190,20,711.6956,1,1,59
191,0,1.3023,0,0,0
191,1,0.6262,0,0,0
191,2,703.0709,1,1,72
191,3,0.7753,0,0,0
191,4,708.1979,1,1,71
191,5,707.8806,1,1,70
191,6,711.2430,1,1,69
191,7,701.7611,1,1,67
191,8,705.7943,1,1,62
191,9,707.9658,1,1,67
191,10,710.2790,1,1,67
191,11,703.7464,1,1,66
191,12,0.9880,0,0,0
191,13,708.9945,1,1,68
191,14,0.8691,0,0,0
191,15,704.9098,1,1,67
191,16,0.8737,0,0,0
191,17,1.1568,0,0,0
191,18,702.1906,1,1,68
191,19,710.3894,1,1,69
191,20,713.2939,1,1,71
191,21,0.8287,0,0,0
191,22,705.6250,1,1,70
191,23,1.2242,0,0,0
191,24,707.1943,1,1,71
191,25,0.8895,0,0,0
191,26,1.3528,0,0,0
191,27,705.0238,1,1,68
191,28,704.7404,1,1,68
191,29,707.1614,1,1,69
191,30,1.4971,0,0,0
191,31,708.3207,1,1,69
191,32,0.9899,0,0,0
191,33,0.8462,0,0,0
191,34,707.6704,1,1,70
191,35,1.0753,0,0,0
191,36,705.1965,1,1,71
191,37,704.3624,1,1,71
191,38,1.5108,0,0,0
191,39,1.1632,0,0,0
191,40,707.9354,1,1,79
191,41,1.0885,0,0,0
191,42,1.2707,0,0,0
191,43,707.4371,1,1,79
191,44,703.4018,1,1,81
191,45,1.4387,0,0,0
191,46,704.1163,1,1,95
191,47,714.4329,1,1,104
191,48,701.6359,1,1,101
191,49,704.6902,1,1,113
191,50,704.0804,1,1,117
191,51,704.5999,1,1,119
191,52,701.8397,1,1,133
191,53,1.1715,0,0,0
191,54,1.0549,0,0,0
191,55,1.3086,0,0,0
191,56,702.8802,1,1,170
191,57,1.5511,0,0,0
191,58,1.3172,0,0,0
191,59,1.0663,0,0,0
191,60,703.6446,1,1,273
191,61,703.5648,1,1,305
191,62,703.1959,1,1,320
191,63,701.2874,1,1,362
192,0,0.9636,0,0,0
192,1,705.4986,1,1,68
192,2,701.7237,1,1,70
192,3,702.7006,1,1,63
192,4,1.1820,0,0,0
192,5,711.3549,1,1,64
192,6,0.8854,0,0,0
192,7,1.3573,0,0,0
192,8,703.2768,1,1,63
192,9,703.1869,1,1,65
192,10,0.8405,0,0,0
192,11,1.2667,0,0,0
192,12,710.0559,1,1,66
192,13,0.8793,0,0,0
192,14,701.0767,1,1,65
192,15,710.2258,1,1,65
192,16,1.0272,0,0,0
192,17,705.6679,1,1,69
192,18,702.9380,1,1,66
192,19,701.6824,1,1,66
192,20,702.2807,1,1,64
192,21,704.9849,1,1,65
192,22,1.1170,0,0,0
192,23,707.4787,1,1,65
192,24,1.0147,0,0,0
192,25,702.2906,1,1,64
192,26,1.5129,0,0,0
192,27,704.6233,1,1,66
192,28,705.3977,1,1,65
192,29,703.3824,1,1,66
192,30,1.3505,0,0,0
192,31,709.0718,1,1,55
192,32,1.3912,0,0,0
192,33,1.1842,0,0,0
192,34,1.2956,0,0,0
192,35,701.7660,1,1,50
192,36,703.2694,1,1,49
192,37,714.5022,1,1,50
192,38,1.6082,0,0,0
192,39,1.6482,0,0,0
192,40,1.4313,0,0,0
192,41,709.9392,1,1,49
192,42,705.4049,1,1,49
192,43,711.8559,1,1,49
192,44,1.5346,0,0,0
192,45,1.5417,0,0,0
192,46,714.3189,1,1,48
192,47,712.3589,1,1,50
192,48,1.9094,0,0,0
192,49,703.4520,1,1,50
192,50,1.5263,0,0,0
192,51,709.8122,1,1,51
192,52,1.7248,0,0,0
192,53,712.1529,1,1,52
192,54,702.6382,1,1,54
192,55,1.4832,0,0,0
192,56,1.2929,0,0,0
192,57,1.3036,0,0,0
192,58,1.1095,0,0,0
192,59,1.0939,0,0,0
192,60,1.4379,0,0,0
192,61,1.2911,0,0,0
192,62,1.6993,0,0,0
192,63,702.5809,1,1,69
192,64,707.7138,1,1,72
192,65,1.4866,0,0,0
192,66,706.7853,1,1,76
192,67,706.8766,1,1,77
192,68,1.5206,0,0,0
192,69,708.4885,1,1,81
192,70,705.9747,1,1,85
192,71,706.6719,1,1,83
192,72,1.3943,0,0,0
192,73,706.1187,1,1,86
192,74,1.4487,0,0,0
192,75,701.6992,1,1,89
192,76,703.8104,1,1,104
192,77,705.2208,1,1,91
192,78,1.4014,0,0,0
192,79,705.1078,1,1,106
192,80,1.3765,0,0,0
192,81,1.3331,0,0,0
192,82,1.6827,0,0,0
192,83,1.3046,0,0,0
192,84,1.1199,0,0,0
192,85,1.3714,0,0,0
192,86,1.1116,0,0,0
192,87,704.0894,1,1,182
192,88,1.4042,0,0,0
192,89,704.4273,1,1,225
192,90,702.6454,1,1,268
192,91,1.2932,0,0,0
192,92,703.9424,1,1,316
192,93,702.2166,1,1,338
192,94,1.5061,0,0,0
192,95,702.5224,1,1,400
192,96,702.9715,1,1,405
192,97,1.3701,0,0,0
192,98,1.3155,0,0,0
192,99,1.1662,0,0,0
192,100,1.2066,0,0,0
192,101,1.2767,0,0,0
192,102,1.1085,0,0,0
192,103,1.2459,0,0,0
193,0,0.6951,0,0,0
193,1,704.7372,1,1,86
194,0,0.7888,0,0,0
194,1,710.9146,1,1,68
194,2,0.8129,0,0,0
194,3,709.3438,1,1,67
194,4,1.2896,0,0,0
194,5,1.3122,0,0,0
194,6,701.3379,1,1,65
194,7,709.6127,1,1,69
194,8,0.8719,0,0,0
194,9,1.2733,0,0,0
194,10,709.0929,1,1,64
194,11,1.0624,0,0,0
194,12,705.8618,1,1,63
194,13,702.5646,1,1,62
194,14,712.2651,1,1,63
194,15,702.4245,1,1,62
194,16,1.5524,0,0,0
194,17,1.1792,0,0,0
194,18,709.6494,1,1,62
194,19,704.9614,1,1,62
194,20,706.3506,1,1,61
194,21,1.2394,0,0,0
194,22,707.5198,1,1,61
194,23,707.3730,1,1,60
194,24,705.1735,1,1,60
194,25,1.0065,0,0,0
194,26,702.7103,1,1,61
194,27,1.1377,0,0,0
194,28,710.6150,1,1,58
194,29,1.0278,0,0,0
194,30,703.6338,1,1,62
194,31,0.9588,0,0,0
194,32,705.5331,1,1,63
194,33,1.0733,0,0,0
194,34,711.2867,1,1,62
194,35,1.4035,0,0,0
194,36,1.3201,0,0,0
194,37,712.4241,1,1,62
194,38,712.2917,1,1,59
194,39,711.2702,1,1,59
194,40,705.6297,1,1,59
194,41,704.3546,1,1,58
194,42,1.6928,0,0,0
194,43,705.2089,1,1,60
194,44,1.0737,0,0,0
194,45,701.3940,1,1,59
194,46,1.5116,0,0,0
194,47,1.2038,0,0,0
194,48,1.1317,0,0,0
194,49,709.5237,1,1,57
194,50,710.5260,1,1,58
194,51,1.0756,0,0,0
194,52,703.3834,1,1,67
194,53,711.2235,1,1,62
194,54,1.0984,0,0,0
194,55,708.6583,1,1,64
194,56,710.4965,1,1,66
194,57,1.3902,0,0,0
194,58,704.7242,1,1,61
194,59,1.3640,0,0,0
194,60,1.4621,0,0,0
194,61,1.3443,0,0,0
194,62,706.6281,1,1,69
194,63,705.6723,1,1,70
194,64,1.2133,0,0,0
194,65,709.1132,1,1,70
194,66,703.6772,1,1,74
194,67,1.5162,0,0,0
194,68,1.1461,0,0,0
194,69,1.2489,0,0,0
194,70,1.2151,0,0,0
194,71,1.3038,0,0,0
194,72,1.4649,0,0,0
194,73,1.1503,0,0,0
194,74,708.1784,1,1,92
194,75,1.3452,0,0,0
194,76,701.6753,1,1,95
194,77,1.2791,0,0,0
194,78,704.9799,1,1,99
194,79,1.3735,0,0,0
194,80,704.7444,1,1,99
194,81,1.3192,0,0,0
194,82,703.3036,1,1,102
194,83,706.7108,1,1,76
194,84,1.3987,0,0,0
194,85,1.7353,0,0,0
194,86,1.2462,0,0,0
194,87,1.1197,0,0,0
194,88,1.3146,0,0,0
194,89,1.0590,0,0,0
194,90,1.1829,0,0,0
194,91,1.1499,0,0,0
194,92,703.6825,1,1,195
194,93,704.9429,1,1,174
194,94,702.1993,1,1,170
194,95,1.3762,0,0,0
194,96,706.8190,1,1,183
194,97,706.7568,1,1,154
194,98,1.5775,0,0,0
194,99,1.2649,0,0,0
194,100,1.5686,0,0,0
194,101,1.2659,0,0,0
194,102,1.2917,0,0,0
194,103,1.3473,0,0,0
194,104,1.1647,0,0,0
195,0,0.9952,0,0,0
195,1,0.6825,0,0,0
195,2,706.9375,1,1,66
195,3,703.8964,1,1,69
195,4,705.9309,1,1,64
195,5,1.3095,0,0,0
195,6,1.3190,0,0,0
195,7,702.4888,1,1,64
195,8,703.9689,1,1,63
195,9,712.0480,1,1,65
195,10,701.3479,1,1,63
195,11,711.3020,1,1,64
195,12,1.0585,0,0,0
195,13,0.8739,0,0,0
195,14,707.1685,1,1,62
195,15,701.1746,1,1,61
195,16,707.2295,1,1,62
195,17,0.9010,0,0,0
195,18,0.9948,0,0,0
195,19,702.4483,1,1,60
195,20,705.0519,1,1,58
195,21,707.1622,1,1,58
195,22,702.1616,1,1,58
195,23,711.8877,1,1,59
195,24,1.4069,0,0,0
195,25,712.5823,1,1,58
195,26,702.5239,1,1,58
195,27,1.3610,0,0,0
195,28,704.8756,1,1,55
195,29,1.5133,0,0,0
195,30,710.0090,1,1,52
195,31,702.9482,1,1,55
195,32,711.4463,1,1,56
195,33,1.5419,0,0,0
195,34,1.2819,0,0,0
195,35,1.5466,0,0,0
195,36,713.7243,1,1,57
195,37,703.3759,1,1,56
195,38,703.9201,1,1,55
195,39,1.5084,0,0,0
195,40,1.0981,0,0,0
195,41,1.0829,0,0,0
195,42,0.9997,0,0,0
195,43,1.3308,0,0,0
195,44,0.9935,0,0,0
195,45,1.0419,0,0,0
195,46,1.6248,0,0,0
195,47,713.8460,1,1,56
195,48,702.0691,1,1,56
195,49,1.2499,0,0,0
195,50,702.1076,1,1,59
195,51,1.2216,0,0,0
195,52,709.5407,1,1,62
195,53,707.6372,1,1,62
195,54,1.1931,0,0,0
195,55,1.5164,0,0,0
195,56,702.5898,1,1,67
195,57,704.3293,1,1,72
195,58,710.2149,1,1,76
195,59,1.2029,0,0,0
195,60,1.3724,0,0,0
195,61,1.0935,0,0,0
195,62,1.0893,0,0,0
195,63,1.1026,0,0,0
195,64,1.1822,0,0,0
195,65,1.0870,0,0,0
195,66,705.7130,1,1,115
195,67,1.7696,0,0,0
195,68,1.5575,0,0,0
195,69,705.6834,1,1,177
195,70,1.4926,0,0,0
195,71,1.3689,0,0,0
195,72,702.8941,1,1,189
195,73,1.4449,0,0,0
195,74,702.3416,1,1,197
195,75,703.0303,1,1,206
195,76,703.9106,1,1,211
195,77,1.3108,0,0,0
195,78,701.9752,1,1,216
196,0,0.7969,0,0,0
196,1,0.6293,0,0,0
196,2,707.5237,1,1,71
196,3,0.9742,0,0,0
196,4,1.5009,0,0,0
196,5,703.8533,1,1,71
196,6,708.2326,1,1,66
196,7,709.5581,1,1,67
196,8,1.2510,0,0,0
196,9,702.0312,1,1,57
196,10,0.9077,0,0,0
196,11,705.3811,1,1,56
196,12,704.5428,1,1,60
196,13,704.5127,1,1,59
196,14,711.6321,1,1,59
196,15,1.9282,0,0,0
196,16,1.2509,0,0,0
196,17,709.3900,1,1,59
196,18,708.5831,1,1,58
196,19,706.6139,1,1,58
196,20,1.2407,0,0,0
196,21,1.3324,0,0,0
196,22,704.7637,1,1,57
196,23,707.0561,1,1,57
196,24,1.2691,0,0,0
196,25,710.1670,1,1,58
196,26,1.0808,0,0,0
196,27,701.0383,1,1,57
196,28,704.0021,1,1,77
196,29,703.3933,1,1,82
196,30,702.8600,1,1,85
196,31,705.9633,1,1,86
196,32,1.0787,0,0,0
196,33,707.1955,1,1,82
196,34,706.0550,1,1,89
196,35,1.0260,0,0,0
196,36,706.2199,1,1,92
197,0,0.6997,0,0,0
197,1,1.0636,0,0,0
197,2,702.4155,1,1,62
197,3,1.4206,0,0,0
197,4,707.3645,1,1,66
197,5,709.3195,1,1,62
197,6,1.3157,0,0,0
197,7,710.7190,1,1,64
197,8,1.2979,0,0,0
197,9,706.0258,1,1,64
197,10,708.5189,1,1,65
197,11,1.3400,0,0,0
197,12,710.5892,1,1,64
197,13,1.1201,0,0,0
197,14,709.9616,1,1,64
197,15,707.1435,1,1,61
197,16,711.3508,1,1,58
197,17,1.0108,0,0,0
197,18,708.4430,1,1,61
197,19,1.0269,0,0,0
197,20,702.8977,1,1,61
197,21,702.1539,1,1,61
197,22,1.1666,0,0,0
197,23,711.8243,1,1,62
197,24,1.2425,0,0,0
197,25,1.5682,0,0,0
197,26,711.3393,1,1,61
197,27,711.0309,1,1,62
197,28,704.5597,1,1,62
197,29,1.2543,0,0,0
197,30,707.0974,1,1,63
197,31,710.7576,1,1,64
197,32,708.1188,1,1,65
197,33,1.0431,0,0,0
197,34,706.4710,1,1,67
197,35,1.1027,0,0,0
197,36,1.1546,0,0,0
197,37,0.9272,0,0,0
197,38,0.9652,0,0,0
197,39,0.8461,0,0,0
197,40,1.0438,0,0,0
197,41,0.9355,0,0,0
197,42,708.4701,1,1,62
197,43,1.6586,0,0,0
197,44,709.0676,1,1,60
197,45,1.1577,0,0,0
197,46,706.9665,1,1,60
197,47,1.1748,0,0,0
197,48,713.0297,1,1,60
197,49,712.6175,1,1,57
197,50,713.0178,1,1,57
197,51,1.1945,0,0,0
197,52,709.0970,1,1,57
197,53,1.3890,0,0,0
197,54,1.5508,0,0,0
197,55,712.1532,1,1,57
197,56,710.5800,1,1,57
197,57,711.6453,1,1,58
197,58,702.1798,1,1,59
197,59,707.1418,1,1,61
197,60,1.2354,0,0,0
197,61,1.1978,0,0,0
197,62,1.3175,0,0,0
197,63,1.0376,0,0,0
197,64,1.0251,0,0,0
197,65,1.6468,0,0,0
197,66,1.2880,0,0,0
197,67,710.3867,1,1,68
197,68,1.2639,0,0,0
197,69,701.9739,1,1,75
197,70,1.5605,0,0,0
197,71,705.1785,1,1,85
197,72,1.5620,0,0,0
197,73,708.2728,1,1,80
197,74,1.5982,0,0,0
197,75,1.4128,0,0,0
197,76,707.2847,1,1,93
197,77,705.8750,1,1,92
197,78,706.9933,1,1,89
197,79,1.4027,0,0,0
197,80,702.8562,1,1,109
197,81,1.2108,0,0,0
197,82,1.1960,0,0,0
197,83,1.0363,0,0,0
197,84,1.0131,0,0,0
197,85,1.2876,0,0,0
197,86,1.1342,0,0,0
197,87,1.1506,0,0,0
197,88,704.9719,1,1,150
197,89,1.3513,0,0,0
197,90,702.9603,1,1,159
197,91,1.6291,0,0,0
197,92,1.4695,0,0,0
197,93,702.4588,1,1,203
197,94,704.8537,1,1,222
197,95,1.6031,0,0,0
197,96,703.2196,1,1,207
197,97,1.5774,0,0,0
197,98,703.9058,1,1,240
197,99,702.1754,1,1,229
197,100,704.3495,1,1,242
197,101,701.6895,1,1,286
197,102,1.5023,0,0,0
197,103,703.1486,1,1,342
197,104,1.4258,0,0,0
197,105,701.4287,1,1,428
197,106,1.4566,0,0,0
197,107,1.1783,0,0,0
197,108,1.1281,0,0,0
197,109,1.1736,0,0,0
197,110,1.0473,0,0,0
197,111,1.1179,0,0,0
197,112,1.2661,0,0,0
198,0,1.1526,0,0,0
198,1,0.8517,0,0,0
198,2,703.4340,1,1,75
198,3,709.7041,1,1,77
198,4,701.6104,1,1,79
198,5,0.8015,0,0,0
198,6,709.8181,1,1,80
198,7,707.0438,1,1,81
198,8,709.4207,1,1,75
198,9,704.3470,1,1,75
198,10,704.9921,1,1,75
198,11,706.6064,1,1,81
198,12,701.6046,1,1,80
198,13,0.7989,0,0,0
198,14,0.8686,0,0,0
198,15,707.7546,1,1,77
198,16,0.9267,0,0,0
198,17,707.8671,1,1,78
198,18,1.4017,0,0,0
198,19,708.6097,1,1,78
198,20,1.1181,0,0,0
198,21,1.7012,0,0,0
198,22,708.4748,1,1,71
198,23,1.3018,0,0,0
198,24,703.6435,1,1,71
198,25,701.9932,1,1,67
198,26,0.9851,0,0,0
198,27,1.3135,0,0,0
198,28,706.4909,1,1,73
198,29,0.9486,0,0,0
198,30,708.0430,1,1,73
198,31,706.6792,1,1,75
198,32,704.6845,1,1,76
198,33,705.2102,1,1,77
198,34,703.3027,1,1,59
198,35,713.0526,1,1,61
198,36,708.6139,1,1,59
198,37,703.3469,1,1,60
198,38,1.1121,0,0,0
198,39,708.3382,1,1,59
198,40,1.5144,0,0,0
198,41,703.3450,1,1,59
198,42,1.0952,0,0,0
198,43,1.0115,0,0,0
198,44,713.2961,1,1,59
198,45,1.4124,0,0,0
198,46,706.9044,1,1,60
198,47,1.6676,0,0,0
198,48,705.6134,1,1,66
198,49,706.6788,1,1,64
198,50,705.8891,1,1,67
198,51,1.2551,0,0,0
198,52,712.5115,1,1,61
198,53,708.5150,1,1,61
198,54,1.3823,0,0,0
198,55,710.6140,1,1,60
198,56,701.7379,1,1,60
198,57,1.6796,0,0,0
198,58,1.1853,0,0,0
198,59,1.5383,0,0,0
198,60,711.2295,1,1,61
198,61,1.9208,0,0,0
198,62,708.4370,1,1,66
198,63,706.1018,1,1,66
198,64,1.3169,0,0,0
198,65,1.3871,0,0,0
198,66,1.2398,0,0,0
198,67,1.0580,0,0,0
198,68,1.0415,0,0,0
198,69,1.5127,0,0,0
198,70,1.0698,0,0,0
199,0,1.0743,0,0,0
199,1,0.5472,0,0,0
199,2,706.1329,1,1,71
199,3,0.7495,0,0,0
199,4,1.0591,0,0,0
199,5,701.7765,1,1,90
199,6,710.8813,1,1,92
199,7,703.0996,1,1,93
199,8,1.2182,0,0,0
199,9,704.8693,1,1,126
199,10,0.7286,0,0,0
199,11,705.3079,1,1,131
199,12,703.8983,1,1,97
199,13,707.5345,1,1,92
199,14,702.3305,1,1,86
199,15,701.9608,1,1,91
199,16,0.8966,0,0,0
199,17,705.8917,1,1,87
199,18,706.8321,1,1,90
199,19,1.0575,0,0,0
199,20,707.1576,1,1,117
199,21,1.0344,0,0,0
199,22,706.3465,1,1,78
199,23,707.5078,1,1,85
199,24,0.9993,0,0,0
199,25,702.9219,1,1,75
199,26,706.4103,1,1,118
199,27,705.7102,1,1,121
199,28,704.6272,1,1,124
199,29,1.6457,0,0,0
199,30,704.4827,1,1,121
199,31,1.4351,0,0,0
199,32,1.5876,0,0,0
199,33,1.2669,0,0,0
199,34,701.8549,1,1,172
199,35,705.8048,1,1,139
199,36,1.1047,0,0,0
199,37,702.3797,1,1,133
199,38,1.3673,0,0,0
199,39,0.9444,0,0,0
199,40,0.8241,0,0,0
199,41,0.8031,0,0,0
199,42,0.9955,0,0,0
199,43,0.8578,0,0,0
199,44,1.3445,0,0,0
199,45,712.5569,1,1,66
199,46,707.7962,1,1,68
199,47,1.6460,0,0,0
199,48,1.3019,0,0,0
199,49,702.8992,1,1,65
199,50,709.0750,1,1,64
199,51,709.6992,1,1,61
199,52,707.5569,1,1,60
199,53,1.7589,0,0,0
199,54,708.4049,1,1,60
199,55,1.1964,0,0,0
199,56,707.5473,1,1,56
199,57,1.3488,0,0,0
199,58,1.0777,0,0,0
199,59,1.0009,0,0,0
199,60,1.1033,0,0,0
199,61,1.3591,0,0,0
199,62,1.0573,0,0,0
199,63,1.0528,0,0,0
199,64,2.3526,0,0,0
199,65,703.9057,1,1,214
199,66,703.9562,1,1,210
199,67,1.3820,0,0,0
199,68,704.1511,1,1,271
199,69,703.0530,1,1,298
199,70,1.3107,0,0,0
199,71,703.2699,1,1,373
199,72,702.1000,1,1,404
199,73,1.4855,0,0,0
199,74,1.3281,0,0,0
199,75,1.1556,0,0,0
199,76,1.0657,0,0,0
199,77,1.2904,0,0,0
199,78,1.0653,0,0,0
199,79,1.1781,0,0,0
199,80,1.1585,0,0,0
