deck_hash,label,matched_signature_count,evidence,n_unique_card_ids,n_total_cards,composition,n_games_seen,dates_seen
dc2ce39b94cbbb38,Marnie's Grimmsnarl ex,3,marnie's grimmsnarl ex,19,60,7:10;104:2;112:4;646:4;647:3;648:3;860:2;1079:3;1080:1;1086:4;1097:3;1122:1;1137:1;1152:4;1182:2;1219:4;1227:4;1231:1;1259:4,1438,2026-07-11;2026-07-17;2026-07-18;2026-07-19;2026-07-20;2026-07-21;2026-07-22;2026-07-23;2026-07-24;2026-07-25;2026-07-26;2026-07-27;2026-07-28;2026-07-29;2026-07-30;2026-07-31;2026-08-01;2026-08-02;2026-08-03;2026-08-04;2026-08-05;2026-08-06;2026-08-07;2026-08-08;2026-08-09;2026-08-10
fcac695071c3f3cf,Fezandipiti ex,1,fezandipiti ex,22,60,5:2;13:1;19:4;66:2;140:1;305:3;343:1;741:4;742:4;743:4;1079:3;1081:4;1086:4;1097:1;1129:1;1152:4;1182:3;1184:1;1197:3;1225:4;1231:4;1266:2,767,2026-07-10;2026-07-11;2026-07-12;2026-07-13;2026-07-14;2026-07-15;2026-07-16;2026-07-17;2026-07-18;2026-07-19;2026-07-20;2026-07-21;2026-07-22;2026-07-23;2026-07-24;2026-07-25;2026-07-26;2026-07-27;2026-07-28;2026-07-29;2026-07-30;2026-07-31;2026-08-01;2026-08-02;2026-08-03;2026-08-04;2026-08-05;2026-08-06;2026-08-07;2026-08-08;2026-08-09;2026-08-10
b43a53d96da0f0b5,Marnie's Grimmsnarl ex,3,marnie's grimmsnarl ex,18,60,7:10;104:2;112:4;646:4;647:3;648:3;860:2;1079:3;1080:1;1086:4;1097:3;1152:4;1161:2;1182:2;1219:4;1227:4;1231:1;1259:4,394,2026-06-30;2026-07-02;2026-07-03;2026-07-04;2026-07-05;2026-07-06;2026-07-07;2026-07-08;2026-07-09;2026-07-10;2026-07-11;2026-07-12;2026-07-13;2026-07-14;2026-07-15;2026-07-16;2026-07-17;2026-07-18;2026-07-19;2026-07-20;2026-07-21;2026-07-22;2026-07-23;2026-07-24;2026-07-25;2026-07-26;2026-07-27;2026-07-28;2026-07-29;2026-07-30;2026-07-31;2026-08-01;2026-08-02;2026-08-03;2026-08-04;2026-08-05;2026-08-06;2026-08-07;2026-08-08;2026-08-09;2026-08-10
e34dae96b1984485,Cynthia's Garchomp ex,3,cynthia's garchomp ex,20,60,6:5;20:4;341:4;342:3;379:4;380:4;381:3;387:2;1080:1;1086:4;1097:2;1142:4;1152:4;1173:3;1182:2;1197:1;1203:1;1225:3;1227:4;1261:2,261,2026-07-04;2026-07-05;2026-07-06;2026-07-07;2026-07-08;2026-07-09;2026-07-10;2026-07-11;2026-07-12;2026-07-13;2026-07-15;2026-07-16;2026-07-17;2026-07-18;2026-07-19;2026-07-20;2026-07-21;2026-07-22;2026-07-23;2026-07-24;2026-07-25;2026-07-26;2026-07-27;2026-07-28;2026-07-30;2026-07-31;2026-08-01;2026-08-02;2026-08-03;2026-08-04;2026-08-05;2026-08-06;2026-08-07;2026-08-08;2026-08-09;2026-08-10
b20e3e96100a11d5,Fezandipiti ex,1,fezandipiti ex,22,60,5:2;13:1;19:4;66:2;140:1;305:3;343:1;741:4;742:4;743:4;1079:3;1081:3;1086:4;1097:1;1129:1;1152:4;1182:3;1184:1;1197:3;1225:4;1231:4;1266:3,237,2026-07-07;2026-07-08;2026-07-09;2026-07-10;2026-07-11;2026-07-12;2026-07-13;2026-07-14;2026-07-15;2026-07-16;2026-07-17;2026-07-18;2026-07-19;2026-07-20;2026-07-21;2026-07-22;2026-07-23;2026-07-24;2026-07-26;2026-07-27;2026-07-30;2026-08-06;2026-08-08
37f2032236fb6baf,Mega Kangaskhan ex,4,mega kangaskhan ex,19,60,1:1;11:4;14:4;18:4;343:1;344:4;345:4;756:4;1086:4;1087:1;1122:4;1123:4;1147:4;1159:1;1182:2;1197:4;1225:4;1227:4;1264:2,154,2026-07-08;2026-07-09;2026-07-10;2026-07-11;2026-07-12;2026-07-13;2026-07-14;2026-07-15;2026-07-16;2026-07-17;2026-07-18;2026-07-19;2026-07-20;2026-07-21;2026-07-22;2026-07-27;2026-07-28;2026-07-29;2026-07-30;2026-07-31;2026-08-01;2026-08-03;2026-08-04;2026-08-05;2026-08-06;2026-08-07;2026-08-08
fb6542fd45093b86,Mega Lopunny ex,2,mega lopunny ex,21,60,3:3;11:4;13:1;66:3;174:1;305:4;848:2;849:2;860:2;861:2;1086:4;1087:3;1121:4;1122:2;1152:4;1174:3;1182:2;1225:3;1227:4;1229:4;1264:3,119,2026-07-22;2026-07-23;2026-08-01;2026-08-02;2026-08-03;2026-08-04;2026-08-05;2026-08-06;2026-08-07;2026-08-08;2026-08-09;2026-08-10
14db4b34cc8fbbb7,Mega Kangaskhan ex,4,mega kangaskhan ex,18,60,1:1;11:4;14:4;18:4;344:4;345:4;756:4;1086:4;1087:2;1122:4;1123:4;1147:4;1159:1;1182:2;1197:4;1225:4;1227:4;1264:2,117,2026-07-11;2026-07-12;2026-07-13;2026-07-14;2026-07-15;2026-07-16;2026-07-17;2026-07-18;2026-07-19;2026-07-20;2026-07-21;2026-07-22;2026-07-23;2026-07-24;2026-07-25;2026-07-26;2026-07-28;2026-07-29;2026-07-30;2026-07-31;2026-08-05;2026-08-06;2026-08-08;2026-08-09
831fd3a04060c7c2,UNLABELED,0,,19,60,5:3;13:1;19:4;66:3;305:4;741:4;742:4;743:4;1079:4;1081:4;1086:4;1097:3;1129:1;1152:4;1182:3;1184:1;1225:4;1231:4;1264:1,115,2026-06-18;2026-06-19;2026-06-20;2026-06-21;2026-06-22;2026-06-23;2026-06-25;2026-06-26;2026-06-27;2026-06-28;2026-06-29;2026-06-30;2026-07-01;2026-07-02;2026-07-03;2026-07-04;2026-07-05;2026-07-06;2026-07-07;2026-07-08;2026-07-09;2026-07-10;2026-07-11;2026-07-12;2026-07-30;2026-08-08;2026-08-10
58c4d89cf8edc355,Team Rocket's Mewtwo ex,2,team rocket's mewtwo ex,23,60,1:7;5:3;15:4;400:4;401:4;414:2;431:2;432:1;463:2;1094:3;1097:1;1119:2;1134:4;1152:4;1159:1;1175:1;1216:4;1217:1;1218:3;1219:1;1220:2;1227:2;1257:2,77,2026-07-17;2026-07-18;2026-07-19;2026-07-20;2026-07-21;2026-07-22;2026-07-23;2026-07-24;2026-07-26;2026-07-30;2026-08-04;2026-08-06
61f90c30a060ef40,Marnie's Grimmsnarl ex,3,marnie's grimmsnarl ex,19,60,7:10;104:2;112:4;646:4;647:3;648:3;860:2;1079:3;1080:1;1086:4;1097:3;1122:1;1152:4;1182:2;1197:1;1219:4;1227:4;1231:1;1259:4,75,2026-07-12;2026-07-13;2026-07-14;2026-07-15;2026-07-16;2026-07-18;2026-07-19;2026-07-20;2026-07-21;2026-07-22;2026-07-23;2026-07-24;2026-07-25;2026-07-26;2026-07-28;2026-07-29;2026-07-31;2026-08-01;2026-08-02;2026-08-03;2026-08-09
19a01ac1cebb1e8b,Mega Lopunny ex,3,mega lopunny ex,18,60,11:4;13:1;14:3;66:4;174:1;305:4;848:4;849:3;1086:4;1121:4;1122:4;1152:4;1174:4;1182:3;1197:1;1225:4;1227:4;1229:4,68,2026-07-29;2026-07-31;2026-08-01;2026-08-02;2026-08-03;2026-08-04;2026-08-05;2026-08-06;2026-08-07;2026-08-08;2026-08-09;2026-08-10
910dcaefeb77a2f0,Marnie's Grimmsnarl ex,4,marnie's grimmsnarl ex,21,60,7:10;66:3;112:3;140:1;235:1;305:3;646:4;647:2;648:4;689:1;1079:4;1086:4;1137:1;1152:4;1159:1;1182:2;1197:1;1227:4;1231:3;1259:3;1260:1,67,2026-06-30;2026-07-01;2026-07-02;2026-07-05;2026-07-06;2026-07-07;2026-07-08;2026-07-09;2026-07-10;2026-07-11;2026-07-12;2026-07-13;2026-07-14;2026-07-15;2026-07-16;2026-07-20
2b38095c5eca59f6,Teal Mask Ogerpon ex,4,teal mask ogerpon ex,18,60,1:18;18:2;96:4;1094:4;1118:2;1119:4;1122:3;1127:2;1137:1;1147:2;1159:1;1182:3;1201:1;1213:4;1221:1;1223:2;1227:4;1251:2,65,2026-07-31;2026-08-01;2026-08-02;2026-08-03;2026-08-04;2026-08-05;2026-08-06;2026-08-07;2026-08-08;2026-08-09;2026-08-10
058f82abd5449e39,Dragapult ex,3,dragapult ex,22,60,2:4;5:4;7:2;112:2;119:4;120:4;121:3;140:1;235:2;1071:1;1080:1;1086:4;1097:2;1120:4;1121:4;1152:4;1182:3;1198:3;1213:1;1227:4;1231:1;1246:2,64,2026-07-10;2026-07-26;2026-07-27;2026-07-29;2026-07-30;2026-07-31;2026-08-02;2026-08-03;2026-08-04;2026-08-05;2026-08-07;2026-08-08;2026-08-09;2026-08-10
5ef1f4c673271c4f,Mega Kangaskhan ex,4,mega kangaskhan ex,18,60,1:1;11:4;14:4;18:4;344:3;345:3;756:4;1086:4;1120:4;1122:4;1123:4;1147:4;1159:1;1182:2;1197:4;1225:4;1227:4;1264:2,63,2026-07-11;2026-07-12;2026-07-13;2026-07-14;2026-07-15;2026-07-22;2026-07-23;2026-07-24;2026-07-25;2026-07-26;2026-07-27;2026-07-28;2026-07-29;2026-08-02;2026-08-03;2026-08-04;2026-08-05;2026-08-06;2026-08-07;2026-08-08;2026-08-09
6c534f1524e51c74,Mega Lucario ex,4,mega lucario ex,17,60,6:13;673:2;674:2;675:2;676:3;677:3;678:4;1102:4;1123:2;1141:4;1142:4;1152:4;1159:1;1182:2;1192:4;1227:4;1252:2,61,2026-06-16;2026-06-17;2026-06-18;2026-06-19;2026-06-20;2026-06-21;2026-06-22;2026-06-23;2026-06-24;2026-06-25;2026-06-26;2026-06-27;2026-06-28;2026-08-06
f1b53d2f908f682e,Mega Kangaskhan ex,2,mega kangaskhan ex,24,60,1:2;11:4;14:4;18:4;20:2;117:1;344:4;345:3;756:2;1086:2;1121:2;1122:4;1123:1;1137:1;1147:4;1159:1;1182:4;1194:2;1197:1;1219:4;1225:2;1227:4;1257:1;1264:1,60,2026-07-27;2026-07-28;2026-07-29;2026-07-30;2026-07-31;2026-08-01;2026-08-02;2026-08-03;2026-08-04;2026-08-05;2026-08-06;2026-08-07;2026-08-08;2026-08-09;2026-08-10
cf54338b6b99acc3,UNLABELED,0,,19,60,11:4;12:1;19:4;65:4;66:3;304:2;878:4;879:2;1086:4;1097:3;1115:3;1122:4;1152:4;1171:4;1182:2;1194:2;1210:2;1227:4;1255:4,58,2026-06-19;2026-06-20;2026-06-21;2026-06-22;2026-06-23;2026-06-24;2026-06-25;2026-06-26;2026-06-27;2026-06-28;2026-06-30;2026-07-03
b78aa05e94236e10,Mega Kangaskhan ex,3,mega kangaskhan ex,24,60,1:9;3:2;4:2;5:1;6:2;63:2;96:3;108:1;140:1;184:2;272:1;756:3;978:1;1071:3;1088:1;1097:2;1098:2;1116:4;1121:4;1182:2;1197:2;1198:4;1205:2;1250:4,57,2026-07-25;2026-07-26;2026-07-27;2026-07-28;2026-07-29;2026-07-30;2026-07-31;2026-08-01;2026-08-02;2026-08-03;2026-08-04;2026-08-05
13ea47d998aa99fa,Mega Lopunny ex,3,mega lopunny ex,17,60,11:4;13:1;14:3;66:4;174:1;305:4;848:4;849:3;1086:4;1121:4;1122:4;1152:4;1174:4;1182:4;1225:4;1227:4;1229:4,54,2026-07-07;2026-07-08;2026-07-13;2026-07-23;2026-07-26;2026-07-27;2026-07-28;2026-07-30;2026-07-31;2026-08-01;2026-08-02;2026-08-03;2026-08-04;2026-08-05;2026-08-06;2026-08-07;2026-08-08;2026-08-09
4a256a933ac66a7b,Mega Lucario ex,4,mega lucario ex,17,60,6:14;673:2;674:2;675:2;676:3;677:4;678:4;1102:4;1123:2;1141:4;1142:4;1152:2;1159:1;1182:3;1192:4;1227:4;1252:1,53,2026-06-19;2026-06-20;2026-06-21;2026-06-22;2026-06-23;2026-06-24;2026-06-25;2026-06-26;2026-06-27;2026-06-28;2026-06-29;2026-08-03;2026-08-05
3fc2cb03df5b2747,Fezandipiti ex,1,fezandipiti ex,20,60,5:3;19:4;66:3;140:1;305:4;741:4;742:4;743:4;1079:4;1081:4;1086:4;1097:1;1129:1;1152:4;1182:3;1184:1;1197:3;1225:3;1231:4;1247:1,53,2026-07-07;2026-07-09;2026-07-10;2026-07-11;2026-07-12;2026-07-13;2026-07-14;2026-07-15;2026-07-16;2026-07-17;2026-07-18;2026-08-07;2026-08-10
c9d8794e26a87fa3,Marnie's Grimmsnarl ex,3,marnie's grimmsnarl ex,19,60,7:10;66:2;112:4;305:3;646:4;647:3;648:3;649:1;1079:3;1086:4;1097:2;1119:1;1139:1;1152:4;1159:1;1197:2;1227:4;1231:4;1259:4,50,2026-06-30;2026-07-01;2026-07-02;2026-07-03;2026-07-04;2026-07-06;2026-07-07;2026-07-08;2026-07-09;2026-07-10;2026-07-16;2026-07-21
eb1222900df9baf0,Mega Lucario ex,4,mega lucario ex,17,60,6:13;673:2;674:2;675:2;676:3;677:3;678:4;1121:4;1123:2;1141:4;1142:4;1152:4;1159:1;1182:2;1213:4;1227:4;1229:2,48,2026-06-19;2026-08-02;2026-08-03;2026-08-04;2026-08-05;2026-08-06;2026-08-07;2026-08-08;2026-08-09;2026-08-10
59138a345c6b933a,Dragapult ex,3,dragapult ex,22,60,2:4;5:4;119:4;120:4;121:3;140:1;184:1;235:2;1071:1;1079:2;1080:1;1086:4;1097:2;1120:4;1121:4;1152:3;1156:1;1182:3;1198:4;1210:2;1227:4;1256:2,47,2026-06-16;2026-06-17;2026-06-20;2026-06-21;2026-06-22;2026-06-23;2026-06-24;2026-06-25;2026-06-26;2026-06-27;2026-06-28;2026-06-29;2026-06-30;2026-07-01;2026-07-02;2026-07-07;2026-07-11
2b3108749e2032d7,UNLABELED,0,,15,60,8:11;57:1;169:4;190:4;666:4;1097:3;1121:4;1122:4;1147:4;1152:4;1159:1;1182:4;1185:4;1227:4;1244:4,46,2026-06-26;2026-06-27;2026-06-28;2026-06-29;2026-06-30;2026-07-04;2026-07-05;2026-07-07
69252ea384766495,Mega Kangaskhan ex,4,mega kangaskhan ex,24,60,1:1;11:4;14:4;18:4;344:3;345:3;756:4;1086:3;1087:1;1121:1;1122:3;1123:2;1147:4;1159:1;1161:1;1182:4;1186:2;1197:1;1204:1;1219:4;1225:3;1227:4;1242:1;1257:1,44,2026-07-03;2026-07-05;2026-07-07;2026-07-08;2026-07-09;2026-07-10;2026-07-11;2026-07-12;2026-07-13
2603936f8d49f47b,Dragapult ex,3,dragapult ex,25,60,2:4;5:3;7:1;112:1;119:4;120:4;121:3;131:2;132:2;133:1;140:1;235:1;791:1;1071:1;1080:1;1086:4;1097:2;1120:3;1121:4;1152:4;1182:3;1198:3;1227:4;1231:1;1256:2,44,2026-07-11;2026-07-17;2026-07-18;2026-07-19;2026-07-20;2026-07-21;2026-07-22;2026-07-23;2026-07-24;2026-07-26;2026-07-28;2026-08-02
1e1aceae4b6358f6,Team Rocket's Mewtwo ex,2,team rocket's mewtwo ex,19,60,1:9;15:4;400:4;401:4;414:2;431:2;434:3;1094:3;1121:1;1134:4;1152:4;1159:1;1175:1;1216:4;1217:1;1218:3;1220:4;1227:3;1257:3,42,2026-07-10;2026-07-11;2026-07-12;2026-07-13;2026-07-14;2026-07-15;2026-07-16;2026-07-17;2026-07-22;2026-07-23;2026-07-24;2026-07-25;2026-07-26;2026-07-27;2026-07-28;2026-07-29
478924c6d1995606,UNLABELED,0,,17,60,3:9;17:4;131:2;132:2;133:2;1030:4;1031:3;1086:4;1121:4;1122:3;1152:4;1167:1;1192:3;1213:3;1225:4;1227:4;1229:4,41,2026-07-04;2026-07-05;2026-07-06;2026-07-07;2026-07-08;2026-07-09;2026-07-10;2026-07-11;2026-07-12;2026-07-13;2026-07-14;2026-07-15;2026-07-16;2026-07-17
c4ebaf6e42fc8a2a,Fezandipiti ex,1,fezandipiti ex,19,60,1:7;89:4;90:4;92:4;93:4;140:1;1080:1;1086:4;1094:4;1097:3;1122:4;1129:1;1137:1;1152:4;1175:3;1197:1;1227:4;1231:2;1245:4,40,2026-07-27;2026-07-28;2026-07-29;2026-07-30;2026-07-31;2026-08-01;2026-08-02;2026-08-03;2026-08-04;2026-08-05;2026-08-06
0eb1f4f9633c4cd0,Team Rocket's Mewtwo ex,2,team rocket's mewtwo ex,21,60,1:7;5:3;15:4;400:4;401:4;414:2;431:2;432:1;463:2;1094:3;1097:1;1119:2;1134:4;1152:4;1159:1;1216:4;1217:1;1218:3;1220:4;1227:2;1257:2,39,2026-07-15;2026-07-16;2026-07-17;2026-07-20;2026-07-21;2026-07-22;2026-07-23;2026-07-24;2026-07-26;2026-07-28;2026-07-29;2026-07-30;2026-08-01;2026-08-08;2026-08-09
219bb78661ad6ccd,Dragapult ex,3,dragapult ex,23,60,2:4;5:4;7:2;112:2;119:4;120:4;121:3;140:1;235:2;1071:1;1080:1;1086:4;1097:2;1120:3;1121:4;1152:4;1182:3;1197:1;1198:3;1213:1;1227:4;1231:1;1246:2,35,2026-07-11;2026-07-12;2026-07-16;2026-07-17;2026-07-24;2026-07-25;2026-08-06
d83b61b3461e6f3d,Teal Mask Ogerpon ex,4,teal mask ogerpon ex,18,60,1:17;18:2;96:4;1094:4;1118:1;1119:2;1120:4;1122:3;1127:4;1147:3;1159:1;1182:2;1201:1;1213:4;1221:1;1223:1;1227:4;1251:2,35,2026-08-01;2026-08-02;2026-08-03;2026-08-04;2026-08-05;2026-08-06;2026-08-07;2026-08-08;2026-08-09
3371c6e0d2105401,UNLABELED,0,,20,60,1:3;3:1;6:1;7:3;16:4;18:2;112:4;117:2;344:4;345:4;414:2;1086:4;1120:1;1147:4;1152:4;1159:1;1198:4;1210:4;1227:4;1236:4,32,2026-07-07;2026-07-08;2026-07-09;2026-07-10;2026-07-11;2026-07-12;2026-07-14;2026-07-28;2026-07-30;2026-08-01;2026-08-05
fb6d7f5767de6f81,Team Rocket's Mewtwo ex,2,team rocket's mewtwo ex,20,60,1:7;15:4;400:4;401:4;414:2;431:2;434:3;1086:1;1094:3;1121:2;1134:4;1152:4;1159:1;1175:1;1216:4;1217:1;1218:3;1220:4;1227:3;1257:3,32,2026-07-21;2026-07-22;2026-07-23;2026-07-24;2026-07-25;2026-07-27;2026-07-28;2026-07-29
3fe56fcd5e43bce7,Team Rocket's Mewtwo ex,2,team rocket's mewtwo ex,20,60,1:7;15:4;400:4;401:4;414:2;431:2;434:3;1086:2;1094:3;1121:1;1134:4;1152:4;1159:1;1175:1;1216:4;1217:1;1218:3;1220:4;1227:3;1257:3,32,2026-07-20;2026-07-21;2026-07-27;2026-07-28;2026-07-29;2026-07-30;2026-07-31;2026-08-02;2026-08-03
aa2398e69a3549ad,UNLABELED,0,,18,60,3:9;17:4;666:4;1030:3;1031:3;1086:4;1097:2;1120:4;1121:1;1122:4;1145:4;1159:1;1182:1;1189:4;1223:2;1225:2;1227:4;1229:4,31,2026-06-21;2026-06-22;2026-06-23;2026-06-25;2026-06-26;2026-06-27;2026-06-28;2026-06-29;2026-07-02;2026-07-03;2026-07-04;2026-07-06;2026-07-08;2026-07-09
0d18cb26af1f820a,Marnie's Grimmsnarl ex,3,marnie's grimmsnarl ex,19,60,7:10;104:2;112:4;235:1;646:3;647:3;648:3;689:1;860:3;1079:3;1080:1;1086:3;1097:3;1152:4;1174:1;1182:3;1219:4;1227:4;1259:4,30,2026-07-25;2026-07-26;2026-07-27;2026-07-28;2026-07-29;2026-07-30;2026-07-31;2026-08-01;2026-08-02;2026-08-03;2026-08-05
c1bdf4d2201556a3,Mega Lopunny ex,3,mega lopunny ex,23,60,11:4;13:1;19:3;66:3;174:1;184:1;272:2;305:4;848:3;849:3;1086:4;1087:1;1097:1;1121:3;1122:2;1152:3;1174:3;1182:2;1197:2;1225:3;1227:4;1229:4;1264:3,26,2026-07-31;2026-08-01;2026-08-02;2026-08-03;2026-08-04;2026-08-06;2026-08-07
7d6f431b88be3307,Mega Kangaskhan ex,2,mega kangaskhan ex,22,60,11:4;14:4;18:4;20:2;117:1;344:4;345:3;756:2;1086:2;1120:4;1121:2;1122:4;1123:1;1147:4;1159:1;1182:4;1197:1;1212:1;1219:4;1225:3;1227:4;1257:1,26,2026-07-28;2026-07-29;2026-07-30;2026-07-31;2026-08-03;2026-08-04;2026-08-06;2026-08-07;2026-08-08;2026-08-09
f68ccef625779ef7,Fezandipiti ex,1,fezandipiti ex,20,60,5:2;13:1;19:4;66:3;140:1;305:3;741:4;742:4;743:3;1079:4;1081:4;1086:4;1097:3;1129:1;1152:4;1182:2;1184:1;1225:4;1231:4;1264:4,22,2026-08-02;2026-08-05;2026-08-07;2026-08-08;2026-08-09;2026-08-10
bf4fd9046cb2d210,Fezandipiti ex,1,fezandipiti ex,25,60,5:2;13:1;19:4;66:3;140:1;305:3;343:1;741:4;742:4;743:3;1079:3;1081:3;1086:4;1097:2;1121:1;1129:1;1146:1;1152:4;1182:2;1184:1;1186:1;1197:1;1225:4;1231:4;1264:2,21,2026-06-28;2026-06-30;2026-07-01;2026-07-02;2026-07-08;2026-07-09;2026-07-10;2026-07-11;2026-07-24
59aefb1a7dfb20a9,UNLABELED,0,,12,60,1:19;11:4;14:4;18:4;344:4;345:4;1086:4;1147:4;1159:1;1212:4;1227:4;1235:4,20,2026-06-17;2026-06-18;2026-06-19
abf375974152bc4e,UNLABELED,0,,23,60,1:5;73:1;74:1;89:4;90:4;92:4;93:4;343:1;1086:4;1092:1;1094:4;1097:2;1123:1;1152:4;1174:2;1175:2;1182:2;1184:1;1191:2;1211:1;1227:4;1231:2;1245:4,20,2026-07-14;2026-07-15;2026-07-16;2026-07-23;2026-07-26;2026-08-02;2026-08-03
4d503cd6c360c028,Team Rocket's Mewtwo ex,2,team rocket's mewtwo ex,20,60,1:9;15:4;400:4;401:4;414:2;431:2;434:2;1094:3;1116:1;1121:1;1134:4;1152:4;1159:1;1175:1;1216:4;1217:1;1218:3;1220:4;1227:3;1257:3,20,2026-07-09;2026-07-25;2026-07-26;2026-07-28;2026-07-29;2026-07-30;2026-07-31
6948b9208b17fad2,UNLABELED,0,,19,60,11:4;19:4;304:2;311:3;878:4;879:4;1092:1;1097:1;1115:4;1122:4;1134:4;1152:2;1171:4;1182:2;1197:2;1219:4;1225:3;1227:4;1255:4,19,2026-06-21;2026-06-22;2026-06-24;2026-06-25;2026-06-26;2026-06-28;2026-07-01
dafa1e6efd85150e,UNLABELED,0,,22,60,6:9;12:1;16:4;112:1;116:3;117:1;675:2;676:3;1051:2;1052:2;1097:2;1118:1;1122:4;1137:1;1142:4;1152:4;1174:2;1182:3;1187:4;1227:4;1238:2;1264:1,19,2026-07-02;2026-07-04;2026-07-07;2026-07-08;2026-07-09;2026-08-10
2655572b2591c7f6,Mega Kangaskhan ex,3,mega kangaskhan ex,23,60,5:4;19:4;115:1;140:1;144:2;162:4;163:4;183:2;184:2;224:1;756:3;1071:1;1088:1;1097:4;1121:4;1123:1;1146:3;1152:4;1188:4;1194:1;1225:1;1227:4;1248:4,19,2026-08-02;2026-08-03;2026-08-04;2026-08-05;2026-08-06;2026-08-07;2026-08-08;2026-08-09;2026-08-10
afaa4ac744b28ee5,Marnie's Grimmsnarl ex,3,marnie's grimmsnarl ex,18,60,7:10;104:2;112:4;646:4;647:3;648:3;860:2;1079:3;1080:1;1086:4;1097:3;1152:4;1161:2;1182:2;1206:1;1219:4;1227:4;1259:4,18,2026-07-06;2026-07-08;2026-07-09;2026-07-10;2026-07-13;2026-07-15;2026-07-16;2026-08-10
bd0509fb088518b1,Team Rocket's Mewtwo ex,2,team rocket's mewtwo ex,20,60,1:8;15:4;400:4;401:4;414:2;431:2;434:3;1094:3;1121:1;1134:4;1152:4;1159:1;1175:1;1186:1;1216:4;1217:1;1218:3;1220:4;1227:3;1257:3,17,2026-07-15;2026-07-16;2026-07-17;2026-07-18
f90d43e354d19683,Fezandipiti ex,1,fezandipiti ex,22,60,5:2;13:1;19:4;66:2;140:1;305:3;343:1;741:4;742:4;743:4;1079:3;1081:3;1086:4;1097:1;1129:1;1152:4;1182:3;1184:1;1197:4;1225:4;1231:4;1266:2,17,2026-07-13;2026-07-14;2026-07-15;2026-07-16;2026-07-17
147595d71b360f2c,Mega Kangaskhan ex,4,mega kangaskhan ex,23,60,1:1;11:4;14:4;18:4;344:3;345:3;756:4;1086:4;1087:1;1121:1;1122:3;1123:2;1147:4;1159:1;1182:4;1186:2;1197:1;1212:1;1219:4;1225:3;1227:4;1242:1;1257:1,17,2026-07-07;2026-07-08;2026-07-10;2026-07-11;2026-07-12;2026-07-14;2026-07-15
64e146b2133f7b99,Mega Lucario ex,4,mega lucario ex,17,60,6:13;673:3;674:3;675:2;676:3;677:4;678:4;1102:4;1123:3;1141:2;1142:3;1152:4;1159:1;1182:2;1192:4;1227:3;1252:2,16,2026-06-18;2026-06-19;2026-06-20;2026-06-22;2026-06-23;2026-06-24;2026-06-26
890af7220ecf499d,UNLABELED,0,,15,60,8:13;169:4;190:4;666:4;1097:4;1121:4;1122:4;1147:2;1152:4;1159:1;1182:1;1185:4;1197:3;1227:4;1244:4,16,2026-06-29;2026-06-30;2026-07-01;2026-07-02;2026-07-08;2026-07-10;2026-07-13;2026-07-16;2026-07-23
d9614beda9774552,UNLABELED,0,,24,60,5:4;19:4;97:3;98:3;164:4;343:1;494:2;1079:1;1081:1;1086:4;1097:2;1119:2;1120:4;1123:1;1152:4;1166:2;1182:3;1186:2;1197:3;1225:3;1227:4;1231:1;1247:1;1264:1,16,2026-06-26;2026-07-01;2026-07-02;2026-07-03;2026-07-07;2026-07-08;2026-07-09;2026-07-10
ffb78ce042dc36d9,Team Rocket's Mewtwo ex,2,team rocket's mewtwo ex,21,60,1:8;15:4;400:4;401:4;414:2;431:2;434:2;1086:1;1094:3;1097:2;1121:1;1134:4;1152:4;1159:1;1175:2;1216:4;1218:2;1219:1;1220:2;1227:4;1257:3,16,2026-07-25;2026-07-26;2026-07-30;2026-07-31;2026-08-01
bd3a5d98cf29cbc3,Iono's (Bellibolt/Voltorb),6,"iono's bellibolt ex,iono's voltorb",15,60,4:22;265:3;268:3;269:3;270:3;271:3;1086:3;1097:2;1110:1;1118:1;1121:3;1152:2;1227:4;1233:4;1254:3,15,2026-06-17;2026-06-18;2026-06-19;2026-06-20;2026-06-21;2026-06-22;2026-06-23;2026-06-24;2026-06-25;2026-06-28
37fabc1f62f64d07,UNLABELED,0,,18,60,1:6;89:4;90:4;92:4;93:4;247:4;1080:1;1086:4;1094:4;1097:3;1122:2;1129:1;1152:4;1175:4;1182:1;1197:2;1227:4;1245:4,15,2026-07-14;2026-07-15;2026-07-22;2026-07-26;2026-07-27;2026-07-28;2026-07-29;2026-07-30
89c3e2c479a23d14,Dragapult ex,3,dragapult ex,21,60,2:4;5:4;7:2;112:2;119:4;120:4;121:3;140:1;235:2;1071:2;1080:1;1086:4;1097:2;1120:4;1121:4;1152:4;1182:3;1198:3;1227:4;1231:1;1246:2,15,2026-08-02;2026-08-03;2026-08-04;2026-08-05;2026-08-06;2026-08-07;2026-08-08
9d1dad39ec641aa0,Mega Lucario ex,4,mega lucario ex,17,60,6:10;20:3;675:3;676:3;677:4;678:4;1102:4;1123:3;1141:4;1142:4;1152:4;1159:1;1182:2;1192:3;1197:2;1227:4;1229:2,14,2026-07-01;2026-07-02;2026-07-03;2026-07-04;2026-07-07;2026-07-08;2026-07-11
8907612d396f895a,Marnie's Grimmsnarl ex,4,marnie's grimmsnarl ex,16,60,7:15;112:4;646:4;647:2;648:4;649:2;1079:4;1086:4;1097:2;1152:2;1159:1;1197:4;1202:2;1227:4;1231:4;1259:2,14,2026-07-10;2026-07-11;2026-07-12;2026-07-13;2026-07-15;2026-07-16;2026-07-17;2026-07-18;2026-07-22
d2e1bedcf0288b4f,UNLABELED,0,,22,60,5:2;13:1;19:4;66:2;245:1;305:3;343:1;741:4;742:4;743:3;1079:4;1081:4;1086:4;1097:2;1129:1;1152:4;1182:3;1184:2;1197:2;1225:4;1231:4;1264:1,14,2026-07-10;2026-07-11;2026-07-12;2026-07-13;2026-07-14;2026-07-16
a6449dd6b7ace502,Cynthia's Garchomp ex,3,cynthia's garchomp ex,20,60,6:4;20:4;341:4;342:3;379:4;380:4;381:3;387:2;1080:1;1086:4;1097:2;1122:1;1142:4;1152:4;1173:3;1182:2;1197:2;1225:3;1227:4;1261:2,14,2026-07-12;2026-07-13;2026-07-22;2026-07-23;2026-08-03;2026-08-04;2026-08-09
0fb452788ceca249,Mega Kangaskhan ex,4,mega kangaskhan ex,23,60,1:9;3:2;4:2;5:2;6:2;63:2;96:3;108:1;140:1;184:2;272:1;756:4;1071:3;1088:1;1097:2;1098:2;1116:4;1121:4;1182:2;1197:1;1198:4;1205:2;1250:4,13,2026-07-05;2026-07-06;2026-07-07;2026-07-08;2026-07-09;2026-07-11
0065b4cfff358aba,UNLABELED,0,,19,60,5:3;13:1;19:4;65:4;66:3;741:4;742:4;743:4;1079:4;1081:4;1086:4;1097:3;1129:1;1152:4;1182:2;1184:1;1197:2;1225:4;1231:4,13,2026-07-06;2026-07-07;2026-07-08;2026-07-09;2026-07-12;2026-07-15;2026-07-16
d19dd275a0b6998b,UNLABELED,0,,21,60,3:9;666:2;860:3;861:3;1030:3;1031:3;1086:4;1087:2;1097:1;1122:3;1145:3;1152:1;1159:1;1182:2;1189:2;1197:2;1224:2;1225:3;1227:4;1229:3;1262:4,13,2026-07-12;2026-07-16;2026-07-17;2026-07-18
fbbd8ac1e662e82c,Fezandipiti ex,1,fezandipiti ex,22,60,5:2;13:1;19:4;66:2;140:1;305:3;343:1;741:4;742:4;743:4;1079:3;1081:3;1086:4;1097:1;1129:1;1152:4;1182:3;1184:1;1197:3;1225:4;1231:4;1246:3,13,2026-07-11;2026-07-12;2026-07-13;2026-07-14
156485fe400622e4,UNLABELED,0,,16,60,8:13;57:2;169:4;190:4;414:1;1097:4;1121:4;1122:4;1152:4;1159:1;1182:4;1192:4;1197:1;1213:2;1227:4;1244:4,13,2026-07-07;2026-07-08;2026-07-09;2026-07-12;2026-07-14
e9647ebbaa869e6b,Dragapult ex,3,dragapult ex,23,60,2:4;5:4;7:2;112:2;119:4;120:4;121:3;140:1;235:2;1071:1;1080:1;1086:4;1097:3;1120:2;1121:4;1152:4;1182:3;1197:1;1198:3;1213:1;1227:4;1231:1;1246:2,13,2026-07-19;2026-07-20;2026-08-08;2026-08-09;2026-08-10
1a6bef5759001c56,Marnie's Grimmsnarl ex,3,marnie's grimmsnarl ex,19,60,7:10;104:2;112:4;646:4;647:2;648:3;860:2;1079:3;1080:1;1086:4;1097:2;1137:1;1152:4;1161:1;1182:2;1197:3;1219:4;1227:4;1259:4,13,2026-07-23;2026-07-24;2026-07-25;2026-07-26
da2a64c2ecaab66a,Mega Abomasnow ex,4,mega abomasnow ex,9,60,3:35;721:2;722:4;723:4;1145:4;1158:1;1205:2;1227:4;1235:4,12,2026-06-16;2026-06-17;2026-06-23
fb85400b6df83aa3,Fezandipiti ex,1,fezandipiti ex,21,60,5:2;13:1;19:4;65:4;66:4;140:1;741:4;742:4;743:4;1079:4;1081:3;1086:4;1097:2;1129:2;1152:4;1182:1;1184:1;1197:2;1225:3;1231:4;1264:2,12,2026-07-06;2026-07-07;2026-07-08;2026-07-24;2026-07-25
61c5f1394e265863,UNLABELED,0,,24,60,1:5;73:1;74:1;89:4;90:4;92:4;93:4;142:1;343:1;1080:1;1086:4;1094:4;1097:2;1152:4;1174:2;1175:2;1182:2;1184:1;1187:1;1191:2;1211:1;1223:1;1227:4;1245:4,12,2026-07-19;2026-07-24
a60edec4f2dfc3e5,Team Rocket's Mewtwo ex,2,team rocket's mewtwo ex,20,60,1:8;15:4;400:4;401:4;414:2;431:2;434:3;1086:2;1094:3;1121:1;1134:4;1152:4;1159:1;1175:1;1216:3;1217:1;1218:3;1220:4;1227:3;1257:3,12,2026-07-19;2026-07-20;2026-07-21;2026-07-22;2026-07-26;2026-07-29
f8261f22b9cd0c48,Dragapult ex,2,dragapult ex,29,60,2:3;5:3;7:2;31:1;112:2;119:4;120:4;121:2;140:1;235:1;272:1;324:2;325:1;326:2;343:1;1071:1;1079:2;1080:1;1086:4;1097:2;1121:4;1152:3;1182:3;1198:2;1213:1;1227:4;1231:1;1250:1;1256:1,12,2026-08-03;2026-08-04;2026-08-05;2026-08-06;2026-08-08;2026-08-10
07ab87cf5acd3608,Fezandipiti ex,1,fezandipiti ex,23,60,5:2;13:1;19:4;66:3;140:1;305:3;343:1;741:4;742:4;743:4;1079:3;1081:2;1086:4;1097:1;1129:1;1146:1;1152:4;1182:3;1184:1;1197:1;1225:4;1231:4;1264:4,12,2026-07-28;2026-07-29;2026-07-30;2026-08-03;2026-08-04;2026-08-05;2026-08-08;2026-08-10
102b0ac263351177,Teal Mask Ogerpon ex,4,teal mask ogerpon ex,23,60,1:11;13:1;96:4;650:2;651:2;652:2;708:3;709:2;710:2;756:2;1094:4;1118:1;1122:2;1123:1;1145:2;1152:2;1182:1;1194:2;1197:1;1225:3;1229:4;1231:2;1261:4,12,2026-08-01;2026-08-02;2026-08-03;2026-08-04
3a9221cdc7ce6934,Dragapult ex,3,dragapult ex,23,60,2:4;5:4;7:2;112:2;119:4;120:4;121:3;140:1;235:2;1071:1;1080:1;1086:4;1097:3;1120:2;1121:4;1152:4;1182:3;1197:1;1198:3;1213:1;1227:4;1231:1;1256:2,12,2026-07-21;2026-07-22
b166b6b93aa1670b,UNLABELED,0,,16,60,8:11;57:1;169:4;190:4;666:4;1097:3;1121:4;1122:4;1147:4;1152:4;1159:1;1182:3;1185:4;1213:1;1227:4;1244:4,11,2026-06-29;2026-06-30;2026-07-02;2026-07-07
7c0a454617fc9ab4,Mega Kangaskhan ex,4,mega kangaskhan ex,22,60,1:9;3:1;4:2;5:2;6:2;63:2;96:3;108:1;140:2;184:2;272:2;756:4;1071:3;1088:1;1097:2;1098:2;1116:4;1121:4;1182:2;1198:4;1205:2;1250:4,11,2026-07-04;2026-07-05;2026-07-06;2026-07-07;2026-07-08
16eb558bab120cba,Marnie's Grimmsnarl ex,3,marnie's grimmsnarl ex,18,60,7:10;104:2;112:4;646:4;647:3;648:3;860:2;1079:4;1080:1;1086:4;1097:2;1152:4;1182:3;1197:2;1202:1;1219:4;1227:3;1259:4,11,2026-07-10;2026-07-11;2026-07-12
d27ab9465febb3da,Mega Kangaskhan ex,3,mega kangaskhan ex,24,60,1:9;3:1;4:2;5:2;6:2;63:2;96:3;108:1;140:1;184:2;272:1;756:3;978:1;1071:3;1088:1;1097:2;1098:2;1116:4;1121:4;1182:2;1197:2;1198:4;1205:2;1250:4,11,2026-08-05;2026-08-06;2026-08-07;2026-08-08;2026-08-10
a88ac606b2d71a36,UNLABELED,0,,22,60,3:6;117:1;414:1;506:4;1081:4;1086:2;1097:3;1119:3;1120:4;1122:4;1123:1;1137:1;1152:2;1166:3;1182:4;1194:2;1197:2;1219:4;1227:4;1247:1;1256:2;1264:2,10,2026-07-01;2026-07-02;2026-07-03;2026-07-04;2026-07-17
8417597ea8879a72,UNLABELED,0,,21,60,5:2;13:1;19:4;66:3;214:1;305:4;741:4;742:4;743:4;959:1;1079:4;1081:3;1086:4;1129:2;1146:1;1152:4;1182:2;1184:1;1225:4;1231:4;1264:3,10,2026-07-02;2026-07-03;2026-07-04;2026-07-12;2026-07-13
9e430faa7c831500,UNLABELED,0,,22,60,5:2;13:1;19:4;66:3;245:1;305:3;343:1;741:4;742:4;743:3;1079:4;1081:4;1086:4;1097:2;1129:1;1152:4;1182:3;1184:2;1197:1;1225:4;1231:4;1264:1,10,2026-07-09;2026-07-10
a7d5394d86394bcd,Marnie's Grimmsnarl ex,3,marnie's grimmsnarl ex,20,60,7:10;104:2;112:4;646:4;647:2;648:3;860:2;1079:3;1080:1;1086:4;1097:3;1122:1;1137:1;1152:4;1182:2;1213:1;1219:4;1227:4;1231:1;1259:4,10,2026-08-02;2026-08-03;2026-08-04;2026-08-05
712e7e9d851a570b,Teal Mask Ogerpon ex,4,teal mask ogerpon ex,26,60,1:14;93:2;96:4;140:1;149:1;150:2;346:1;655:1;709:1;710:2;917:2;918:1;920:1;1071:2;1080:1;1094:4;1097:1;1121:4;1152:1;1182:2;1184:1;1188:1;1201:1;1227:4;1231:1;1261:4,10,2026-08-05;2026-08-06;2026-08-07;2026-08-09;2026-08-10
111d0a87c7071fde,Teal Mask Ogerpon ex,4,teal mask ogerpon ex,23,60,1:17;93:2;96:4;140:1;149:1;150:2;346:1;709:1;710:2;917:2;918:1;1071:2;1080:1;1094:4;1097:1;1121:4;1152:1;1182:2;1184:1;1188:1;1227:4;1231:1;1261:4,10,2026-08-07;2026-08-08;2026-08-10
888826866a5bccdd,Mega Kangaskhan ex,2,mega kangaskhan ex,25,60,1:1;11:4;14:3;18:4;20:2;117:1;344:4;345:3;756:2;1086:2;1121:3;1122:4;1123:1;1147:4;1159:1;1177:1;1182:4;1187:1;1194:2;1197:1;1219:4;1225:2;1227:4;1242:1;1257:1,10,2026-07-24;2026-08-07;2026-08-09
fc239cfea35c4828,Marnie's Grimmsnarl ex,3,marnie's grimmsnarl ex,18,60,7:10;104:2;112:4;122:1;646:4;647:2;648:3;860:2;1079:3;1080:1;1086:4;1097:3;1152:4;1197:2;1219:4;1227:4;1231:3;1259:4,10,2026-07-10;2026-07-11;2026-07-12;2026-07-21;2026-07-22;2026-07-24
8ff1e185fabb8099,UNLABELED,0,,17,60,5:4;16:4;19:4;164:4;343:1;689:2;1086:4;1097:4;1120:4;1122:4;1152:4;1182:4;1194:4;1197:4;1227:4;1228:4;1247:1,9,2026-07-06;2026-07-07;2026-07-08;2026-07-09
7d3dd55013032486,Dragapult ex,3,dragapult ex,24,60,2:3;5:4;7:2;66:1;112:2;119:4;120:4;121:3;140:1;235:1;305:2;306:1;1071:1;1079:2;1080:1;1086:4;1097:3;1121:4;1152:4;1182:3;1198:3;1227:4;1240:1;1260:2,9,2026-07-04;2026-07-08;2026-07-09;2026-07-10
884c0683209ead35,Dragapult ex,3,dragapult ex,23,60,2:4;5:4;7:2;112:1;119:4;120:4;121:3;140:1;184:1;235:2;1071:1;1080:1;1086:4;1097:2;1120:4;1121:4;1152:4;1182:3;1198:3;1213:1;1227:4;1231:1;1246:2,9,2026-07-06;2026-07-07
0fe5bb1f17b6b854,Team Rocket's Mewtwo ex,2,team rocket's mewtwo ex,21,60,1:8;15:4;400:4;401:4;414:2;431:2;434:3;1086:1;1094:3;1121:1;1134:4;1152:4;1159:1;1175:1;1186:1;1216:3;1217:1;1218:3;1220:4;1227:3;1257:3,9,2026-07-18;2026-07-19
24d2f0bf0cee8dde,Fezandipiti ex,1,fezandipiti ex,22,60,5:2;13:1;19:4;66:2;140:1;305:3;343:1;741:4;742:4;743:4;1079:4;1081:4;1086:4;1097:1;1129:1;1152:4;1182:2;1184:1;1197:2;1225:4;1231:4;1264:3,9,2026-08-05;2026-08-06;2026-08-07;2026-08-08;2026-08-09;2026-08-10
6f38a6915ee11a29,Mega Kangaskhan ex,3,mega kangaskhan ex,21,60,1:1;11:4;14:3;18:4;20:4;117:1;344:4;345:4;756:3;1086:4;1087:2;1121:1;1122:4;1123:1;1147:4;1159:1;1187:2;1197:3;1225:4;1227:4;1264:2,9,2026-07-19;2026-07-21
4164643d1cfb5694,UNLABELED,0,,17,60,1:4;2:8;18:4;344:4;345:4;352:4;353:4;354:4;1079:2;1121:3;1147:2;1152:2;1159:1;1182:4;1192:2;1215:4;1227:4,8,2026-06-17;2026-06-18;2026-06-23
d8c9db09b2d04f55,Marnie's Grimmsnarl ex,4,marnie's grimmsnarl ex,16,60,7:15;112:4;646:4;647:2;648:4;649:2;1079:4;1086:4;1097:3;1139:1;1152:3;1159:1;1197:3;1227:4;1231:4;1259:2,8,2026-07-05;2026-07-07;2026-07-08;2026-07-09
079a59b4e50730a5,Fezandipiti ex,1,fezandipiti ex,22,60,5:3;13:1;19:4;65:3;66:3;140:1;343:1;741:4;742:4;743:4;1079:3;1081:4;1086:4;1097:1;1129:1;1146:1;1152:4;1182:3;1184:1;1225:4;1231:4;1264:2,8,2026-07-24;2026-07-25;2026-08-03;2026-08-04;2026-08-05
057fd0ffbc716756,Mega Kangaskhan ex,3,mega kangaskhan ex,21,60,1:1;11:4;14:2;18:4;20:4;117:2;344:4;345:3;756:3;1086:3;1120:4;1122:3;1147:4;1159:1;1175:1;1182:1;1187:3;1197:3;1225:3;1227:4;1264:3,8,2026-08-09;2026-08-10
bc913d2ec5e06497,Dragapult ex,2,dragapult ex,29,60,2:3;5:3;7:2;31:1;45:1;112:2;119:4;120:4;121:2;140:1;235:1;272:1;324:2;325:1;326:2;1071:1;1079:2;1080:1;1086:4;1097:2;1121:4;1152:3;1182:3;1198:2;1213:1;1227:4;1231:1;1250:1;1256:1,8,2026-07-30;2026-07-31;2026-08-01;2026-08-02
17e0e94afdf4984b,Team Rocket's Mewtwo ex,2,team rocket's mewtwo ex,20,60,1:7;15:4;400:4;401:4;414:2;431:2;434:3;1080:1;1086:1;1094:3;1121:2;1134:4;1152:4;1175:1;1216:4;1217:1;1218:3;1220:4;1227:3;1257:3,8,2026-07-25;2026-07-26;2026-07-27;2026-07-28
ad9eb15621c47305,UNLABELED,0,,21,60,3:9;11:1;12:1;17:1;860:4;861:3;1030:4;1031:3;1086:4;1097:1;1119:4;1122:3;1123:2;1145:2;1182:2;1189:4;1211:1;1225:2;1227:4;1229:3;1252:2,7,2026-06-20;2026-06-23;2026-06-28;2026-06-30
c560f1caa3468d1c,UNLABELED,0,,12,60,1:19;11:4;14:4;18:4;344:4;345:4;1086:4;1147:4;1159:1;1212:4;1224:4;1264:4,7,2026-06-17;2026-06-18;2026-06-23;2026-06-25
6b960e3ec5086fd3,Fezandipiti ex,1,fezandipiti ex,23,60,5:3;13:1;19:4;66:3;140:1;305:3;741:4;742:4;743:3;1079:3;1081:4;1086:4;1097:1;1129:1;1137:1;1152:4;1156:1;1182:3;1184:1;1197:1;1225:4;1231:4;1266:2,7,2026-06-28;2026-06-30;2026-07-04;2026-07-05;2026-07-09
7c58f3915e31351e,UNLABELED,0,,19,60,11:4;20:4;58:4;344:4;345:4;607:1;1086:4;1121:1;1122:4;1123:4;1142:4;1147:1;1152:4;1182:4;1185:4;1194:2;1197:4;1204:2;1247:1,7,2026-06-30;2026-07-02;2026-07-03;2026-07-07;2026-07-11
2da70d7f4cb16df3,Fezandipiti ex,1,fezandipiti ex,22,60,5:2;13:1;19:4;66:3;140:1;305:3;741:4;742:4;743:4;1079:3;1081:4;1086:4;1097:2;1129:1;1137:1;1152:4;1182:3;1184:1;1197:1;1225:4;1231:4;1264:2,7,2026-07-06;2026-07-08;2026-07-09
a3f1d2935659226e,Mega Lucario ex,4,mega lucario ex,17,60,6:14;673:2;674:2;675:2;676:3;677:4;678:4;1102:4;1123:2;1141:4;1142:4;1152:4;1159:1;1182:2;1192:3;1227:4;1252:1,7,2026-06-20;2026-06-21;2026-06-24;2026-06-26;2026-06-28;2026-07-10
63cc39b3cfe59c37,Dragapult ex,3,dragapult ex,23,60,2:4;5:3;7:3;65:2;66:2;112:2;119:4;120:4;121:3;140:1;235:1;306:1;1071:1;1086:4;1097:2;1121:4;1152:4;1159:1;1182:3;1198:3;1213:2;1227:4;1260:2,7,2026-07-11;2026-07-18;2026-07-23;2026-08-04
6e15dd0f2dd6c299,Mega Lucario ex,4,mega lucario ex,20,60,6:15;117:1;673:1;674:1;675:2;676:3;677:4;678:4;1102:4;1137:1;1141:4;1142:4;1152:4;1159:1;1182:1;1197:1;1213:3;1227:4;1229:1;1252:1,7,2026-07-07;2026-07-08;2026-07-09
46b184ae9968549d,Marnie's Grimmsnarl ex,3,marnie's grimmsnarl ex,20,60,7:9;104:2;112:4;235:1;646:4;647:2;648:3;649:1;860:2;1079:4;1080:1;1086:4;1097:2;1122:2;1152:4;1174:1;1182:2;1219:4;1227:4;1259:4,7,2026-07-15;2026-07-16;2026-07-18;2026-07-19;2026-07-24
8be72bbfa0bafaff,Mega Lucario ex,4,mega lucario ex,16,60,6:11;20:4;675:2;676:3;677:4;678:4;1102:4;1123:2;1141:4;1142:4;1152:4;1159:1;1192:3;1197:2;1227:4;1229:4,7,2026-07-09;2026-07-10;2026-07-11;2026-07-24;2026-08-09
450b46f82d284492,Teal Mask Ogerpon ex,4,teal mask ogerpon ex,21,60,1:13;92:2;93:2;96:4;140:1;150:2;709:2;710:2;917:2;920:2;1071:2;1080:1;1094:4;1097:2;1121:4;1152:3;1182:2;1184:1;1227:4;1231:1;1261:4,7,2026-07-13;2026-08-06;2026-08-07;2026-08-08;2026-08-09;2026-08-10
9dfcab39e3ed21bf,Teal Mask Ogerpon ex,4,teal mask ogerpon ex,22,60,1:13;92:2;93:2;96:4;140:1;150:2;709:2;710:2;917:2;920:2;1071:2;1080:1;1094:4;1097:2;1121:4;1152:1;1182:2;1184:1;1197:2;1227:4;1231:1;1261:4,7,2026-07-25;2026-08-03;2026-08-10
b1513b47b94933fa,Teal Mask Ogerpon ex,4,teal mask ogerpon ex,19,60,1:17;18:2;96:4;920:1;1094:4;1118:1;1119:2;1120:3;1122:3;1127:4;1147:3;1159:1;1182:2;1201:1;1213:4;1221:1;1223:1;1227:4;1251:2,7,2026-08-04;2026-08-05;2026-08-07;2026-08-09
4fa2d13d3f52f835,Fezandipiti ex,1,fezandipiti ex,21,60,5:2;13:1;19:4;66:2;140:1;305:3;741:4;742:4;743:4;1079:3;1081:3;1086:4;1097:3;1129:1;1152:4;1182:3;1184:1;1197:4;1225:4;1231:4;1266:1,7,2026-07-21;2026-07-22
2768139fe1eb6d0b,UNLABELED,0,,20,60,5:3;19:4;65:4;66:4;741:4;742:4;743:3;1079:3;1081:3;1086:4;1097:1;1129:1;1146:1;1152:4;1159:1;1182:3;1184:1;1225:4;1231:4;1264:4,6,2026-06-18;2026-06-19;2026-06-20;2026-06-22;2026-06-25
dec7cdaef424b950,Fezandipiti ex,1,fezandipiti ex,22,60,5:2;13:1;19:4;66:3;140:1;305:3;741:4;742:4;743:3;1079:3;1081:4;1086:4;1097:1;1129:1;1152:4;1156:1;1174:1;1182:3;1184:2;1225:4;1231:4;1266:3,6,2026-06-21;2026-06-24;2026-06-26;2026-06-29;2026-06-30;2026-07-02
0078ce0f297a4597,Marnie's Grimmsnarl ex,3,marnie's grimmsnarl ex,18,60,7:10;104:2;112:4;646:4;647:2;648:3;860:2;1079:3;1080:1;1086:4;1097:3;1152:4;1182:2;1197:1;1219:4;1227:4;1231:3;1259:4,6,2026-07-05;2026-07-06;2026-07-07
2e79a10ee3ba9449,UNLABELED,0,,23,60,6:9;7:1;12:1;16:4;112:1;116:4;117:1;675:2;676:3;1051:2;1052:2;1097:3;1122:1;1137:1;1142:4;1152:4;1174:2;1182:2;1187:2;1213:2;1227:4;1238:2;1256:3,6,2026-07-02;2026-07-14;2026-08-06;2026-08-07
e69858a31af3698a,UNLABELED,0,,18,60,3:6;12:1;66:4;174:2;305:4;414:2;860:4;861:4;1086:4;1120:4;1122:3;1123:2;1145:2;1152:4;1225:3;1227:4;1228:3;1229:4,6,2026-06-30;2026-07-07;2026-07-08
495b41c6bf629ba8,UNLABELED,0,,21,60,3:8;6:1;117:1;666:2;860:3;861:3;1030:3;1031:3;1086:4;1087:2;1121:2;1122:3;1145:3;1159:1;1182:2;1197:2;1224:2;1225:3;1227:4;1229:4;1262:4,6,2026-07-13;2026-07-14;2026-07-15
cf827fff53a7d57b,UNLABELED,0,,21,60,3:9;666:2;860:3;861:3;1030:3;1031:3;1086:4;1087:2;1097:1;1122:3;1145:3;1152:1;1159:1;1182:2;1189:2;1197:2;1224:2;1225:2;1227:4;1229:4;1262:4,6,2026-07-14
f59e852fe5450580,Marnie's Grimmsnarl ex,3,marnie's grimmsnarl ex,18,60,7:10;104:2;112:4;646:4;647:3;648:3;860:2;1079:3;1080:1;1086:4;1097:3;1122:1;1152:4;1161:2;1182:2;1219:4;1227:4;1259:4,6,2026-08-06;2026-08-07;2026-08-08;2026-08-09
b82361d3db04432f,Marnie's Grimmsnarl ex,3,marnie's grimmsnarl ex,19,60,7:10;104:2;112:4;646:4;647:2;648:3;860:2;1079:4;1080:1;1086:4;1097:2;1122:2;1152:4;1156:1;1182:2;1219:4;1227:4;1231:1;1259:4,6,2026-07-29;2026-07-30;2026-07-31
b0ac2e64118eeabf,Teal Mask Ogerpon ex,4,teal mask ogerpon ex,18,60,1:18;18:2;96:4;1094:4;1118:2;1119:2;1122:3;1127:2;1137:1;1147:2;1159:1;1182:3;1201:1;1213:4;1221:1;1223:2;1227:4;1251:4,6,2026-08-03;2026-08-05;2026-08-06
e97ea339c59eb7e9,Team Rocket's Mewtwo ex,2,team rocket's mewtwo ex,19,60,1:7;15:4;400:4;401:4;414:2;431:2;434:3;1080:1;1086:1;1094:3;1121:2;1134:4;1152:4;1187:1;1216:4;1218:2;1220:4;1227:4;1264:4,6,2026-08-05;2026-08-06
7f6aeb19dceb3577,UNLABELED,0,,18,60,5:8;19:4;164:4;343:1;817:3;818:2;1081:3;1086:4;1087:2;1095:1;1097:4;1120:3;1139:3;1152:4;1184:2;1197:4;1225:4;1227:4,6,2026-07-10;2026-07-11;2026-07-12
393e490e6960de29,Fezandipiti ex,1,fezandipiti ex,22,60,5:2;13:1;19:4;66:2;140:1;305:3;343:1;741:4;742:4;743:4;1079:3;1081:4;1086:4;1097:1;1129:1;1152:4;1182:3;1184:1;1197:3;1225:4;1231:4;1264:2,6,2026-08-01;2026-08-03;2026-08-09;2026-08-10
de141cdc55266782,Dragapult ex,3,dragapult ex,23,60,2:3;5:4;7:3;65:1;66:1;112:2;119:4;120:4;121:3;140:1;235:1;1071:1;1080:1;1086:4;1097:2;1120:4;1121:4;1152:4;1182:3;1198:3;1213:1;1227:4;1260:2,6,2026-08-02;2026-08-03
3ee0afc0c1b58a95,Dragapult ex,3,dragapult ex,25,60,2:3;5:4;7:3;65:1;66:1;112:2;119:4;120:4;121:3;140:1;235:1;306:1;1071:1;1080:1;1086:4;1097:2;1120:4;1121:4;1152:4;1182:2;1198:3;1213:1;1227:4;1246:1;1260:1,6,2026-08-04;2026-08-05;2026-08-06;2026-08-10
27b307e62db35245,UNLABELED,0,,18,60,3:7;17:4;131:2;132:2;133:2;1030:4;1031:3;1086:4;1119:2;1121:4;1122:3;1152:4;1167:1;1192:3;1213:3;1225:4;1227:4;1229:4,5,2026-07-01;2026-07-03;2026-07-04
52bf12478558b725,Fezandipiti ex,1,fezandipiti ex,23,60,5:2;13:1;19:4;66:2;140:1;142:1;305:3;343:1;741:4;742:4;743:3;858:1;1079:3;1081:3;1086:4;1097:1;1129:1;1152:4;1156:3;1182:2;1225:4;1231:4;1264:4,5,2026-06-22;2026-06-23;2026-06-24;2026-06-25
ec75fde5aaa1daf0,UNLABELED,0,,19,60,3:9;17:4;666:4;1030:3;1031:3;1086:4;1097:2;1120:4;1121:1;1122:4;1145:2;1152:2;1159:1;1182:1;1189:4;1223:2;1225:2;1227:4;1229:4,5,2026-06-27;2026-06-29;2026-06-30
4911d251036bbddc,Mega Abomasnow ex,4,mega abomasnow ex,9,60,3:34;721:2;722:4;723:4;1121:4;1126:1;1192:4;1227:4;1262:3,5,2026-06-16;2026-06-17;2026-06-23
40fa447486e93faf,Teal Mask Ogerpon ex,2,teal mask ogerpon ex,15,60,1:13;11:4;14:4;18:4;96:2;344:4;345:4;1086:4;1097:1;1147:4;1159:1;1197:4;1212:4;1227:4;1235:3,5,2026-07-06;2026-07-07;2026-07-08
00926e891310648e,Marnie's Grimmsnarl ex,3,marnie's grimmsnarl ex,21,60,7:9;104:2;112:4;235:1;646:4;647:2;648:3;649:1;689:1;860:2;1079:4;1080:1;1086:3;1097:2;1122:2;1152:4;1174:1;1182:2;1219:4;1227:4;1259:4,5,2026-07-20;2026-07-22
c6970cfeed44b34d,Team Rocket's Mewtwo ex,2,team rocket's mewtwo ex,20,60,1:8;3:1;15:4;400:4;401:4;414:2;431:2;434:3;1094:3;1121:1;1134:4;1152:4;1159:1;1175:1;1216:4;1217:1;1218:3;1220:4;1227:3;1257:3,5,2026-07-11;2026-07-12;2026-07-15;2026-07-16
449ba799a24fb205,UNLABELED,0,,24,60,3:6;7:2;66:2;112:2;305:2;414:1;506:4;1081:3;1086:1;1097:1;1119:2;1120:4;1122:4;1137:1;1152:4;1166:4;1182:2;1184:2;1194:1;1197:1;1219:4;1227:4;1247:1;1264:2,5,2026-07-11;2026-07-12;2026-07-13
f5fadf03018935e6,Fezandipiti ex,1,fezandipiti ex,21,60,5:2;13:1;19:4;66:3;140:1;305:4;741:4;742:4;743:3;1079:4;1081:2;1086:4;1097:3;1129:1;1152:4;1182:3;1184:1;1197:2;1225:4;1231:4;1264:2,5,2026-07-18;2026-07-19;2026-08-04;2026-08-05
c5c2d4ee92fd71f5,Mega Kangaskhan ex,3,mega kangaskhan ex,19,60,1:1;11:4;14:3;18:4;20:4;117:2;344:4;345:4;756:3;1086:4;1122:3;1147:4;1159:1;1182:1;1187:3;1197:3;1225:4;1227:4;1264:4,5,2026-07-28;2026-07-29
db6f0378eb8b85ba,Fezandipiti ex,1,fezandipiti ex,22,60,5:2;13:1;19:4;66:3;140:1;305:3;343:1;741:4;742:4;743:3;1079:3;1081:3;1086:4;1097:2;1129:1;1152:4;1182:2;1184:1;1197:2;1225:4;1231:4;1264:4,5,2026-08-07;2026-08-08
4511e2f8da72f777,UNLABELED,0,,22,60,3:8;6:1;117:1;414:1;666:2;860:3;861:3;1030:3;1031:3;1086:4;1121:3;1122:3;1145:3;1159:1;1182:2;1189:1;1197:2;1224:1;1225:3;1227:4;1229:4;1262:4,5,2026-07-22;2026-07-23;2026-07-24
d2b031fb79e19d00,UNLABELED,0,,18,60,5:4;16:3;19:4;164:4;343:1;689:2;1086:4;1097:4;1120:4;1122:3;1152:4;1161:2;1182:4;1194:4;1197:4;1227:4;1228:4;1247:1,5,2026-07-08;2026-07-09;2026-07-11
cda996a02f18641b,Marnie's Grimmsnarl ex,3,marnie's grimmsnarl ex,19,60,7:12;104:1;112:4;646:4;647:3;648:3;860:1;1079:3;1080:1;1086:4;1097:3;1152:4;1161:1;1182:1;1197:2;1219:3;1227:4;1231:2;1259:4,5,2026-07-27;2026-08-07;2026-08-08;2026-08-09
b13b062a5e20bcf3,Cynthia's Garchomp ex,3,cynthia's garchomp ex,19,60,6:6;20:4;341:4;342:4;379:4;380:4;381:3;1079:1;1080:1;1086:4;1129:1;1141:3;1142:4;1152:4;1173:4;1197:1;1225:2;1227:4;1261:2,4,2026-07-02;2026-07-06;2026-07-07
3c1906459f149732,Mega Lucario ex,3,mega lucario ex,19,60,6:11;673:2;674:2;675:2;676:3;677:3;678:3;1102:4;1123:3;1141:4;1142:4;1152:4;1159:1;1182:2;1192:2;1213:2;1227:4;1229:2;1252:2,4,2026-06-18;2026-06-21
c8c8ca4e003ab163,Marnie's Grimmsnarl ex,4,marnie's grimmsnarl ex,18,60,7:10;66:2;112:4;117:2;305:3;646:4;647:3;648:4;649:1;1079:4;1086:4;1097:1;1152:4;1159:1;1197:1;1227:4;1231:4;1259:4,4,2026-07-04;2026-07-05;2026-07-06
7436a436fd90a94d,UNLABELED,0,,22,60,5:2;13:1;19:4;66:2;142:1;305:3;343:1;741:4;742:4;743:3;1079:3;1081:3;1086:4;1129:2;1152:4;1161:3;1182:2;1184:1;1197:1;1225:4;1231:4;1266:4,4,2026-06-25;2026-06-28;2026-07-02
31235eddd9aefebc,UNLABELED,0,,19,60,5:2;13:1;19:4;66:4;305:4;741:4;742:4;743:4;1079:4;1081:3;1086:4;1097:3;1129:1;1152:4;1182:4;1184:1;1225:4;1231:4;1264:1,4,2026-06-26;2026-06-28;2026-06-30
a38180053506b20f,UNLABELED,0,,19,60,5:3;19:4;65:4;66:4;741:4;742:4;743:4;1079:4;1081:3;1086:4;1097:3;1129:1;1152:4;1159:1;1182:2;1197:2;1225:4;1227:1;1231:4,4,2026-07-05;2026-07-07
9c8099036f7d7f16,UNLABELED,0,,24,60,5:4;19:4;97:3;98:3;164:4;343:1;494:2;1079:1;1081:1;1086:4;1097:2;1119:2;1120:2;1123:1;1152:4;1166:2;1182:3;1186:2;1197:3;1225:3;1227:4;1231:1;1247:1;1264:3,4,2026-07-02
902b00d2b6f713c2,UNLABELED,0,,20,60,5:3;19:4;65:4;66:4;741:4;742:4;743:4;1079:4;1081:3;1086:4;1097:3;1129:1;1152:2;1159:1;1182:4;1197:1;1225:4;1227:1;1231:4;1264:1,4,2026-06-27;2026-07-03;2026-07-04
8c6a91def4dd5f6c,Mega Kangaskhan ex,2,mega kangaskhan ex,22,60,5:4;9:2;19:4;115:2;140:1;144:2;162:4;163:4;183:2;184:2;224:2;756:2;1071:1;1092:1;1097:3;1121:4;1146:3;1152:4;1168:1;1188:4;1227:4;1248:4,4,2026-07-06;2026-07-07
fb8f0ed22caee7b4,UNLABELED,0,,21,60,6:10;16:4;116:3;117:1;135:1;675:2;676:4;1051:2;1052:2;1097:3;1142:4;1152:4;1174:2;1182:3;1194:2;1197:1;1213:2;1227:4;1238:3;1247:1;1264:2,4,2026-07-05;2026-07-09;2026-07-10
6320e3b35bf45d3c,Mega Lopunny ex,3,mega lopunny ex,25,60,2:3;11:4;13:1;65:1;66:3;109:1;174:1;305:3;791:2;848:3;849:3;1086:3;1097:1;1120:2;1121:3;1122:3;1137:1;1152:4;1174:3;1182:2;1197:1;1225:4;1227:3;1229:2;1264:3,4,2026-07-05;2026-07-12
88739802da194717,Fezandipiti ex,1,fezandipiti ex,22,60,5:2;13:1;19:4;66:2;140:1;305:3;741:4;742:4;743:4;1079:3;1081:4;1086:4;1097:1;1129:1;1146:1;1152:4;1182:3;1184:1;1197:3;1225:4;1231:4;1246:2,4,2026-07-14;2026-07-15
b5d70706436c5264,Marnie's Grimmsnarl ex,3,marnie's grimmsnarl ex,19,60,7:10;104:2;112:4;646:4;647:3;648:3;860:2;1079:4;1080:1;1086:3;1097:3;1152:4;1161:1;1182:2;1197:1;1219:4;1227:4;1231:1;1259:4,4,2026-07-13;2026-07-30
7f16d36ae4847ce5,Marnie's Grimmsnarl ex,3,marnie's grimmsnarl ex,21,60,7:9;104:2;112:4;235:1;646:4;647:2;648:3;689:1;860:2;1079:3;1080:1;1086:3;1097:2;1119:1;1122:2;1134:1;1152:4;1182:3;1219:4;1227:4;1259:4,4,2026-07-07;2026-07-08;2026-07-09
0bf953f8612d58ea,UNLABELED,0,,21,60,1:6;89:4;90:4;93:4;100:2;149:4;240:2;1080:1;1086:4;1094:4;1097:2;1152:4;1174:2;1175:2;1182:2;1184:1;1191:1;1210:2;1211:1;1227:4;1245:4,4,2026-08-06;2026-08-07;2026-08-09
8ce08ead92022fde,Team Rocket's Mewtwo ex,2,team rocket's mewtwo ex,18,60,1:7;15:4;400:4;401:4;414:2;431:2;434:3;1080:1;1086:1;1094:3;1121:2;1134:4;1152:4;1216:4;1218:3;1220:4;1227:4;1264:4,4,2026-07-31;2026-08-01;2026-08-02
b8e2515051817ff7,UNLABELED,0,,21,60,7:9;112:2;235:1;292:4;293:4;303:2;906:2;1080:1;1086:4;1097:2;1113:4;1121:3;1152:3;1176:2;1182:4;1188:1;1195:1;1197:1;1205:3;1227:4;1253:3,4,2026-08-08;2026-08-09
8da9c9d12374effd,Fezandipiti ex,1,fezandipiti ex,22,60,5:3;19:4;66:3;140:1;305:3;741:4;742:4;743:4;1079:3;1081:4;1086:4;1097:1;1129:1;1152:4;1156:1;1182:3;1184:1;1197:3;1225:3;1231:4;1247:1;1266:1,4,2026-08-05;2026-08-06
a77981dc1b5cc27c,Teal Mask Ogerpon ex,4,teal mask ogerpon ex,24,60,1:12;96:4;140:1;235:1;402:2;403:2;404:2;708:2;709:2;710:2;920:1;1071:2;1080:1;1094:4;1097:1;1116:1;1121:4;1152:1;1182:2;1184:1;1213:1;1227:4;1231:3;1261:4,4,2026-08-03;2026-08-04;2026-08-06;2026-08-09
6384bf64d82fbece,UNLABELED,0,,20,60,1:3;3:1;6:1;7:3;16:4;18:2;112:4;117:2;344:4;345:4;414:2;1086:4;1147:4;1152:4;1159:1;1198:4;1210:4;1227:4;1236:3;1264:2,4,2026-07-28;2026-08-01;2026-08-06
50f4fed941e7bd61,UNLABELED,0,,19,60,1:8;42:2;89:4;90:4;92:2;93:4;655:4;1086:4;1094:4;1097:1;1102:1;1129:1;1152:4;1155:1;1182:2;1197:3;1225:3;1227:4;1245:4,4,2026-07-21
8945c20fc38af9f1,Team Rocket's Mewtwo ex,2,team rocket's mewtwo ex,21,60,1:8;15:4;400:4;401:4;414:2;431:2;434:2;1086:1;1094:3;1097:2;1121:2;1134:4;1152:4;1159:1;1175:2;1216:4;1218:2;1219:1;1220:2;1227:3;1264:3,4,2026-07-30;2026-08-01;2026-08-02;2026-08-05
c24bf0ab54319e9f,UNLABELED,0,,19,60,5:6;19:4;164:4;343:1;817:2;818:2;1081:2;1086:4;1095:1;1097:4;1120:4;1122:2;1152:4;1161:3;1184:2;1197:4;1225:4;1227:4;1228:3,4,2026-07-09;2026-07-10
d47d8a3b679e2d6f,Dragapult ex,3,dragapult ex,28,60,2:3;5:3;7:2;31:1;112:2;119:4;120:4;121:3;140:1;235:1;326:2;410:2;411:1;412:1;1071:1;1079:2;1080:1;1086:4;1097:2;1121:4;1152:3;1182:3;1198:2;1213:1;1227:4;1231:1;1250:1;1256:1,4,2026-07-26;2026-07-27;2026-07-28
d11306618e7ece62,Mega Kangaskhan ex,3,mega kangaskhan ex,21,60,1:1;11:4;14:2;18:4;20:4;117:2;344:4;345:3;756:3;1086:3;1096:1;1120:4;1122:3;1147:4;1175:1;1182:1;1187:3;1197:2;1225:3;1227:4;1264:4,4,2026-08-07;2026-08-08
587e178e82ddbea5,Marnie's Grimmsnarl ex,3,marnie's grimmsnarl ex,18,60,7:11;104:2;112:4;646:4;647:3;648:3;860:2;1079:3;1080:1;1086:4;1097:3;1122:1;1137:1;1152:4;1182:2;1219:4;1227:4;1259:4,4,2026-08-08;2026-08-09;2026-08-10
6549b75f119a0b62,Teal Mask Ogerpon ex,4,teal mask ogerpon ex,19,60,1:17;18:2;96:4;1094:4;1118:1;1119:2;1120:4;1122:3;1127:4;1137:1;1147:3;1159:1;1182:1;1201:1;1213:4;1221:1;1223:1;1227:4;1251:2,4,2026-08-09;2026-08-10
c2b584b6ca73cc31,Dragapult ex,3,dragapult ex,26,60,2:3;5:3;7:3;66:1;112:2;119:4;120:4;121:3;140:1;235:1;305:2;306:1;689:1;1071:2;1080:1;1086:4;1097:2;1121:4;1123:1;1152:4;1182:3;1198:2;1213:1;1227:4;1246:1;1260:2,4,2026-08-10
0b99dec21056b2f3,UNLABELED,0,,19,60,11:4;12:1;19:4;65:4;66:3;304:2;878:4;879:3;1086:4;1097:3;1115:3;1122:4;1152:4;1171:4;1182:2;1197:2;1225:2;1227:4;1255:3,3,2026-06-26;2026-06-28;2026-07-05
2fa84cd9495ec752,UNLABELED,0,,19,60,5:4;19:4;66:4;305:4;741:4;742:4;743:4;1079:4;1081:3;1086:4;1097:2;1129:2;1152:4;1155:1;1156:2;1182:2;1184:1;1225:3;1231:4,3,2026-06-21;2026-06-22;2026-07-02
04ecfe41e2898127,UNLABELED,0,,20,60,5:3;12:1;19:4;66:3;305:4;741:4;742:4;743:4;1079:4;1081:4;1086:4;1097:3;1129:1;1146:1;1152:4;1182:2;1203:1;1225:4;1231:4;1266:1,3,2026-06-21;2026-06-22
f4f9e0b2dfde5a5c,Marnie's Grimmsnarl ex,4,marnie's grimmsnarl ex,18,60,7:12;66:3;112:3;140:1;305:3;646:4;647:2;648:4;1079:4;1080:1;1086:4;1097:1;1152:4;1161:2;1182:2;1227:4;1231:3;1259:3,3,2026-07-04;2026-07-05
633a6e693834e6a7,UNLABELED,0,,19,60,11:4;19:4;66:3;304:2;305:3;878:4;879:4;1080:1;1086:4;1097:4;1115:2;1122:2;1123:2;1152:4;1171:4;1182:3;1213:2;1227:4;1255:4,3,2026-06-21;2026-06-24;2026-06-27
f9b67c5efbba736e,UNLABELED,0,,19,60,5:4;13:1;19:4;66:4;305:4;741:4;742:4;743:4;1079:4;1081:4;1086:4;1097:2;1129:2;1152:4;1156:1;1182:2;1184:1;1225:3;1231:4,3,2026-06-29;2026-07-01;2026-07-02
842972d3b3962877,Mega Kangaskhan ex,4,mega kangaskhan ex,21,60,3:2;4:4;5:4;6:2;108:2;117:1;140:2;184:3;272:4;756:4;957:1;1071:4;1088:1;1102:4;1121:4;1146:3;1172:2;1182:3;1198:4;1205:2;1250:4,3,2026-07-01;2026-07-04
c51189f519cd1c07,UNLABELED,0,,22,60,5:2;13:1;19:4;66:3;214:1;305:3;343:1;741:4;742:4;743:4;959:1;1079:4;1081:3;1086:4;1129:2;1146:1;1152:4;1182:2;1184:1;1225:4;1231:4;1264:3,3,2026-06-29;2026-06-30;2026-07-01
a08c00547af63ae9,Fezandipiti ex,1,fezandipiti ex,24,60,5:2;13:1;19:4;65:1;66:2;140:1;305:2;343:1;741:4;742:4;743:3;1079:3;1081:4;1086:4;1097:1;1129:1;1152:4;1156:1;1174:1;1182:3;1184:2;1225:4;1231:4;1266:3,3,2026-06-29;2026-06-30
74c27650b18b57e3,UNLABELED,0,,19,60,5:3;19:4;65:4;66:4;741:4;742:4;743:3;1079:3;1081:3;1086:4;1129:2;1146:1;1152:4;1182:3;1184:1;1225:4;1231:4;1247:1;1264:4,3,2026-06-22;2026-06-27;2026-07-08
48dcbf6680fdded7,UNLABELED,0,,19,60,11:4;19:4;66:3;304:2;305:3;311:2;878:4;879:3;1086:4;1115:4;1122:3;1123:1;1152:4;1171:4;1182:3;1194:3;1227:4;1247:1;1255:4,3,2026-06-21;2026-06-22
da71c738ef47665c,Cynthia's Garchomp ex,3,cynthia's garchomp ex,20,60,6:5;20:4;341:4;342:3;379:4;380:4;381:3;387:1;1080:1;1086:4;1122:2;1123:1;1141:2;1142:3;1152:4;1173:4;1182:4;1206:2;1219:1;1227:4,3,2026-06-30;2026-07-05
65c1c1667f96d6d8,Cynthia's Garchomp ex,3,cynthia's garchomp ex,19,60,6:6;20:4;341:3;342:3;379:4;380:4;381:3;1079:2;1080:1;1086:4;1129:1;1141:3;1142:4;1152:4;1173:4;1197:1;1225:3;1227:4;1261:2,3,2026-06-28;2026-06-30;2026-07-03
0f8ded0dab3abdd6,UNLABELED,0,,15,60,8:14;57:2;169:4;190:4;414:1;1097:4;1121:4;1122:4;1152:4;1159:1;1182:4;1192:4;1213:2;1227:4;1244:4,3,2026-07-02
e3d8207f64216ae8,Marnie's Grimmsnarl ex,3,marnie's grimmsnarl ex,18,60,7:10;103:2;104:2;112:4;646:4;647:3;648:3;1079:3;1080:1;1086:4;1097:3;1152:4;1161:2;1182:2;1219:4;1227:4;1231:1;1259:4,3,2026-07-06;2026-07-09
875223feb861ca74,Marnie's Grimmsnarl ex,3,marnie's grimmsnarl ex,18,60,7:10;104:2;112:4;646:4;647:3;648:3;860:2;1079:4;1080:1;1086:4;1097:2;1152:4;1182:3;1197:1;1202:2;1219:3;1227:4;1259:4,3,2026-07-07;2026-07-08
45e8cc6322697f80,UNLABELED,0,,20,60,3:9;860:3;861:3;1030:3;1031:3;1077:3;1086:4;1087:1;1097:2;1145:3;1152:3;1159:1;1182:2;1189:2;1197:2;1224:2;1225:3;1227:4;1229:3;1262:4,3,2026-07-10;2026-07-11
7800c70ef460208a,Mega Lucario ex,4,mega lucario ex,17,60,6:10;20:3;675:2;676:3;677:4;678:4;1102:4;1123:3;1141:4;1142:4;1152:4;1159:1;1182:2;1192:3;1197:2;1227:4;1229:3,3,2026-07-07;2026-07-09;2026-07-12
54454f5d1343798a,Fezandipiti ex,1,fezandipiti ex,22,60,5:2;13:1;19:4;66:2;140:1;305:3;741:4;742:4;743:4;1079:3;1081:4;1086:4;1097:1;1129:1;1146:1;1152:4;1182:3;1184:1;1197:3;1225:4;1231:4;1264:2,3,2026-07-18;2026-07-19
b7fe4794b7f5835b,Cynthia's Garchomp ex,3,cynthia's garchomp ex,20,60,6:6;20:4;341:4;342:3;379:4;380:4;381:3;387:2;1080:1;1086:4;1129:1;1141:1;1142:4;1152:4;1173:4;1182:2;1197:1;1225:3;1227:4;1261:1,3,2026-07-08;2026-07-09
54a81ccb36ebe329,Teal Mask Ogerpon ex,4,teal mask ogerpon ex,23,60,1:11;16:4;31:1;96:4;108:1;112:1;117:2;140:1;184:2;272:2;756:2;1071:2;1080:1;1094:4;1097:1;1116:4;1121:4;1127:1;1182:3;1188:1;1221:1;1227:4;1250:3,3,2026-08-09;2026-08-10
71774939c0095e11,Mega Lopunny ex,1,mega lopunny ex,24,60,7:9;112:1;141:1;257:1;258:1;292:4;293:4;303:2;848:1;849:1;906:1;1086:4;1097:2;1113:4;1121:2;1122:3;1152:4;1159:1;1182:2;1205:2;1213:2;1227:4;1253:2;1256:2,3,2026-07-23;2026-07-24;2026-07-25
17d163ba9b2ec58c,UNLABELED,0,,26,60,1:5;42:1;73:1;74:1;89:4;90:3;91:1;93:4;100:2;149:3;240:1;343:1;1086:4;1092:1;1094:3;1097:2;1152:4;1174:2;1175:2;1182:2;1184:1;1191:1;1211:1;1227:4;1231:2;1245:4,3,2026-08-02;2026-08-10
1d0dee049c97c9e7,UNLABELED,0,,20,60,1:9;42:4;89:4;90:4;93:4;100:2;240:2;343:1;1080:1;1086:4;1094:4;1122:1;1129:1;1137:1;1152:4;1175:2;1182:2;1211:2;1227:4;1245:4,3,2026-07-24
b3043b6d5221e93a,Marnie's Grimmsnarl ex,4,marnie's grimmsnarl ex,16,60,7:12;112:4;646:4;647:3;648:4;1079:4;1080:1;1086:4;1116:1;1122:3;1152:4;1197:3;1219:4;1227:4;1231:1;1259:4,3,2026-07-28
1b63cff39ca1b990,Teal Mask Ogerpon ex,4,teal mask ogerpon ex,21,60,1:12;16:2;18:3;24:1;96:4;117:1;414:2;848:2;849:1;1094:4;1121:4;1122:3;1127:3;1147:2;1152:2;1159:1;1182:3;1201:1;1213:3;1227:4;1256:2,3,2026-08-05;2026-08-06
45ba6b3928b96ea0,Team Rocket's Mewtwo ex,2,team rocket's mewtwo ex,22,60,1:8;15:4;400:4;401:4;414:2;431:2;434:2;1086:1;1094:4;1097:2;1121:1;1134:4;1152:4;1159:1;1175:2;1216:4;1218:2;1219:1;1220:2;1227:2;1252:1;1257:3,3,2026-07-25;2026-07-26
f459fe7a54523885,UNLABELED,0,,23,60,1:5;42:4;73:1;74:1;89:4;90:4;93:4;343:1;1086:4;1092:1;1094:4;1097:2;1123:1;1152:4;1174:2;1175:2;1182:2;1184:1;1191:2;1211:1;1227:4;1231:2;1245:4,3,2026-08-01;2026-08-02
14833e9b4c2389a3,Fezandipiti ex,1,fezandipiti ex,19,60,1:7;89:4;90:4;92:4;93:4;140:1;1080:1;1086:4;1094:4;1097:2;1122:4;1129:1;1137:1;1152:4;1175:3;1211:2;1227:4;1231:2;1245:4,3,2026-08-06;2026-08-07
74338cad5e6dbc8b,Team Rocket's Mewtwo ex,2,team rocket's mewtwo ex,19,60,1:9;15:4;400:4;401:4;414:2;431:2;434:2;1094:3;1121:1;1134:4;1152:4;1159:1;1175:2;1216:4;1217:1;1218:3;1220:4;1227:3;1257:3,3,2026-07-07
0b80f6a47f968786,Fezandipiti ex,1,fezandipiti ex,24,60,5:3;13:1;19:4;65:1;66:3;140:1;305:2;343:1;741:4;742:4;743:3;1079:3;1081:4;1086:4;1097:1;1129:1;1137:1;1152:4;1182:3;1184:1;1197:1;1225:4;1231:4;1264:2,3,2026-07-07
07d37d40a18e4197,UNLABELED,0,,20,60,6:10;16:4;116:3;135:1;675:2;676:4;1051:2;1052:2;1097:3;1142:4;1152:4;1174:2;1182:3;1194:2;1197:1;1213:2;1227:4;1238:3;1247:1;1264:3,3,2026-07-07;2026-07-08
664b36fb6a71c47d,UNLABELED,0,,16,60,8:14;57:1;169:4;190:4;414:1;1097:4;1121:4;1122:4;1152:4;1159:1;1182:4;1192:4;1197:1;1213:2;1227:4;1244:4,3,2026-07-08;2026-07-10;2026-07-11
fd97aba1b0111c21,UNLABELED,0,,21,60,5:2;13:1;19:4;66:3;305:3;343:1;741:4;742:4;743:4;1079:4;1081:4;1086:4;1097:1;1129:1;1152:4;1182:3;1184:2;1197:1;1225:4;1231:4;1264:2,3,2026-07-08;2026-07-09
efd433b04c8c2099,Mega Lopunny ex,3,mega lopunny ex,21,60,4:3;11:4;13:1;66:3;174:1;305:4;848:3;849:3;869:1;1086:4;1087:3;1097:1;1121:4;1122:2;1152:4;1174:3;1182:2;1225:3;1227:4;1229:4;1264:3,3,2026-07-22;2026-07-23
7e52672c91577618,UNLABELED,0,,22,60,7:9;112:2;235:1;292:4;293:4;303:2;906:1;1080:1;1086:4;1097:2;1113:4;1121:3;1152:3;1176:2;1182:4;1188:1;1195:1;1197:1;1205:3;1213:1;1227:4;1253:3,3,2026-07-23
da98983292e95622,Team Rocket's Mewtwo ex,2,team rocket's mewtwo ex,20,60,1:7;15:4;400:4;401:4;414:2;431:2;434:3;1080:1;1086:1;1094:3;1121:2;1134:4;1152:4;1187:1;1216:4;1218:2;1220:4;1227:4;1257:2;1264:2,3,2026-08-05
45d76ffee028359f,Fezandipiti ex,1,fezandipiti ex,23,60,1:6;89:4;90:4;91:1;93:4;100:1;140:1;149:4;235:1;1080:1;1086:4;1094:4;1097:1;1129:1;1152:4;1175:2;1182:2;1184:2;1211:1;1213:3;1225:1;1227:4;1245:4,3,2026-08-07
7465611391547243,Dragapult ex,3,dragapult ex,21,60,2:4;5:4;7:3;112:2;119:4;120:4;121:3;140:1;235:1;1071:1;1080:1;1086:4;1097:3;1121:4;1152:4;1182:3;1198:3;1213:1;1227:4;1231:2;1246:4,3,2026-08-09;2026-08-10
d60bd450662912be,Dragapult ex,3,dragapult ex,24,60,2:4;5:4;119:4;120:4;121:3;140:1;184:1;235:2;272:1;1071:1;1079:2;1080:1;1086:4;1097:2;1121:4;1152:4;1182:3;1187:2;1198:3;1219:2;1227:4;1231:1;1240:1;1246:2,2,2026-06-24;2026-06-26
6143634cde029e33,UNLABELED,0,,13,60,1:17;11:4;14:4;18:4;344:4;345:4;1086:4;1097:2;1147:4;1159:1;1212:4;1224:4;1264:4,2,2026-06-18;2026-06-23
8f4c6902beadfd10,Fezandipiti ex,1,fezandipiti ex,27,60,5:1;13:1;19:4;66:3;140:1;142:1;222:1;305:3;343:1;521:1;741:4;742:4;743:3;1079:3;1081:2;1086:4;1097:1;1129:1;1152:4;1156:1;1161:1;1174:1;1182:2;1184:1;1225:3;1231:4;1266:4,2,2026-06-17
b41dab6a922e3a11,Fezandipiti ex,1,fezandipiti ex,25,60,5:2;13:1;19:4;65:3;66:2;140:1;214:1;343:1;741:4;742:4;743:3;959:1;1079:4;1086:4;1097:2;1129:1;1137:1;1146:1;1152:4;1156:1;1182:3;1184:1;1225:4;1231:4;1264:3,2,2026-07-02;2026-07-03
4687026fcbc2d0cb,UNLABELED,0,,22,60,1:6;89:4;90:4;92:4;93:4;100:1;240:1;343:1;1086:4;1092:1;1094:4;1097:2;1152:4;1174:2;1175:2;1182:2;1184:1;1191:2;1202:1;1227:4;1231:2;1245:4,2,2026-06-22;2026-06-24
272e341949227f9c,UNLABELED,0,,20,60,3:5;7:3;12:1;17:2;66:3;112:3;305:4;860:3;861:3;1030:3;1031:3;1086:4;1122:2;1137:1;1145:3;1152:4;1198:2;1224:4;1225:4;1229:3,2,2026-06-21;2026-06-22
d263d4de37a37f2b,Fezandipiti ex,1,fezandipiti ex,24,60,5:2;13:1;19:4;65:3;66:3;140:1;174:1;214:1;741:4;742:4;743:4;880:1;959:1;1079:3;1081:3;1086:4;1097:2;1129:1;1146:1;1152:4;1182:3;1184:1;1225:4;1231:4,2,2026-06-20;2026-06-21
d97004b63104f708,UNLABELED,0,,16,60,8:11;57:1;169:4;190:4;666:4;1097:3;1102:1;1121:4;1122:4;1147:4;1152:4;1159:1;1182:3;1185:4;1227:4;1244:4,2,2026-06-29;2026-06-30
d5e2e6b068b45bf0,UNLABELED,0,,19,60,6:9;12:1;16:4;116:4;675:2;676:3;1051:2;1052:2;1097:3;1122:2;1137:2;1142:4;1152:4;1174:2;1182:3;1213:4;1227:4;1238:2;1256:3,2,2026-06-22;2026-06-29
a033289729234cd2,UNLABELED,0,,23,60,5:2;13:1;19:4;66:2;142:1;305:3;343:1;741:4;742:4;743:3;1079:3;1081:3;1086:4;1129:2;1152:4;1156:1;1174:2;1182:2;1184:1;1197:1;1225:4;1231:4;1266:4,2,2026-06-24
48ce6cc5310e298f,UNLABELED,0,,16,60,8:12;57:1;169:4;190:4;666:4;1087:1;1097:4;1121:4;1122:4;1147:2;1152:4;1159:1;1182:3;1185:4;1227:4;1244:4,2,2026-06-28;2026-07-02
78424bb7b3831f69,UNLABELED,0,,21,60,5:1;13:1;19:4;66:3;174:1;305:4;741:4;742:4;743:4;1079:3;1081:2;1086:4;1097:2;1129:1;1152:4;1182:4;1184:1;1197:2;1225:3;1231:4;1266:4,2,2026-06-26;2026-07-01
f95d704202ebc6d7,UNLABELED,0,,18,60,11:4;19:4;65:4;66:3;304:2;878:4;879:2;1086:4;1097:3;1115:3;1122:4;1152:4;1171:4;1194:2;1210:2;1219:3;1227:4;1255:4,2,2026-06-22;2026-06-26
08243e2321f0e11e,Mega Lucario ex,4,mega lucario ex,16,60,6:11;20:3;675:3;676:3;677:4;678:4;1102:4;1123:3;1141:4;1142:4;1152:4;1159:1;1182:3;1192:3;1227:4;1229:2,2,2026-06-21;2026-06-25
53f420cb63036c6b,Fezandipiti ex,1,fezandipiti ex,21,60,5:2;13:1;19:4;65:4;66:4;140:1;741:4;742:4;743:4;1079:3;1081:3;1086:4;1097:2;1129:1;1146:1;1152:4;1182:3;1184:1;1225:4;1231:4;1264:2,2,2026-07-05
86f48729d55f8661,Fezandipiti ex,1,fezandipiti ex,22,60,5:2;13:1;19:4;65:4;66:4;140:1;741:4;742:4;743:4;1079:3;1081:3;1086:4;1097:2;1129:1;1146:1;1152:4;1182:3;1184:1;1197:1;1225:3;1231:4;1264:2,2,2026-07-06
46becdc8f8899835,Fezandipiti ex,1,fezandipiti ex,18,60,5:3;13:1;19:4;66:4;140:1;305:4;741:4;742:4;743:4;1079:4;1081:4;1086:4;1129:1;1152:4;1182:2;1225:4;1231:4;1264:4,2,2026-06-20;2026-06-26
7e126a3431e21d4d,UNLABELED,0,,22,60,3:5;7:3;17:2;112:2;131:2;132:2;133:1;235:1;1030:4;1031:3;1071:1;1086:4;1121:4;1122:3;1152:4;1159:1;1182:3;1197:1;1225:4;1227:4;1229:2;1260:4,2,2026-06-22;2026-06-26
429baecf852e7cb3,Fezandipiti ex,1,fezandipiti ex,21,60,5:3;13:1;19:4;66:3;140:1;305:3;741:4;742:4;743:3;1079:3;1081:4;1086:4;1097:1;1129:1;1146:1;1152:4;1182:3;1184:1;1225:4;1231:4;1264:4,2,2026-06-19;2026-06-27
5c3b250ebbd0471c,UNLABELED,0,,17,60,5:4;19:4;66:4;305:4;741:4;742:4;743:4;1079:4;1081:4;1086:4;1097:2;1129:2;1152:4;1182:3;1184:1;1225:4;1231:4,2,2026-06-30
3da418017b237a5f,Marnie's Grimmsnarl ex,4,marnie's grimmsnarl ex,18,60,7:10;104:2;112:4;646:4;647:4;648:4;860:2;1079:3;1080:1;1086:4;1097:3;1152:3;1161:1;1182:2;1219:2;1227:4;1231:3;1259:4,2,2026-07-05;2026-07-06
70bab7cb8c68f6d0,Mega Abomasnow ex,4,mega abomasnow ex,11,60,3:33;721:2;722:4;723:4;1092:1;1121:2;1145:2;1163:2;1219:4;1227:4;1262:2,2,2026-06-16;2026-06-17
95cf523ef7febb46,Mega Lucario ex,4,mega lucario ex,18,60,6:13;673:3;674:3;675:2;676:3;677:4;678:4;1102:4;1123:3;1141:2;1142:3;1152:4;1159:1;1182:2;1192:4;1213:1;1227:2;1252:2,2,2026-06-23;2026-06-24
a847f32547a773fd,UNLABELED,0,,19,60,11:4;12:1;19:4;65:4;66:3;304:2;878:4;879:3;1086:4;1097:3;1115:3;1122:4;1152:4;1171:4;1182:2;1194:2;1210:1;1227:4;1255:4,2,2026-06-21;2026-06-22
e4465735c1f698e2,Dragapult ex,3,dragapult ex,25,60,2:4;5:4;7:2;112:2;119:4;120:4;121:3;131:2;132:1;133:1;140:1;235:2;1079:2;1080:1;1086:4;1097:2;1121:3;1152:4;1182:3;1197:1;1198:3;1213:1;1227:4;1246:1;1256:1,2,2026-06-23
e7e6ae056098df1c,UNLABELED,0,,19,60,3:5;7:3;17:4;112:2;1030:4;1031:3;1086:4;1120:4;1122:4;1145:2;1152:4;1159:1;1174:2;1182:2;1189:3;1223:2;1225:3;1227:4;1229:4,2,2026-06-26;2026-06-27
7d49edaa78ac6f8c,UNLABELED,0,,17,60,1:10;42:4;89:2;90:2;93:4;100:4;240:4;1080:1;1086:4;1094:4;1102:3;1129:1;1137:1;1152:4;1219:4;1227:4;1245:4,2,2026-06-20
433c63791dfad146,Fezandipiti ex,1,fezandipiti ex,24,60,5:2;13:1;19:4;65:3;66:3;109:4;140:1;343:1;742:4;743:3;858:1;1079:3;1081:2;1086:4;1097:1;1129:1;1146:1;1152:4;1182:3;1184:1;1186:1;1225:4;1231:4;1264:4,2,2026-06-29;2026-07-03
06382fe8bcef5212,Fezandipiti ex,1,fezandipiti ex,26,60,5:1;13:1;19:4;66:3;140:1;142:1;222:1;305:3;521:1;741:4;742:4;743:3;858:1;1079:3;1081:2;1086:4;1097:1;1129:1;1152:4;1156:1;1161:2;1182:2;1184:1;1225:3;1231:4;1266:4,2,2026-06-17
272e624d9683e14e,Fezandipiti ex,1,fezandipiti ex,22,60,5:3;13:1;19:4;66:3;140:1;305:3;741:4;742:4;743:3;1079:3;1081:2;1086:4;1097:2;1129:1;1146:1;1152:4;1182:3;1184:1;1197:1;1225:4;1227:4;1231:4,2,2026-06-22;2026-06-27
28e08086f5844701,UNLABELED,0,,20,60,11:4;12:1;19:4;65:3;66:3;304:1;311:1;878:4;879:3;1086:4;1097:3;1115:3;1122:4;1152:4;1171:4;1182:2;1194:2;1197:2;1227:4;1255:4,2,2026-06-24;2026-06-27
1461973842ae99c3,Fezandipiti ex,1,fezandipiti ex,26,60,5:1;13:1;19:4;65:3;66:3;140:1;142:1;214:1;222:1;741:4;742:4;743:3;959:1;1079:3;1081:2;1086:4;1129:1;1152:4;1156:1;1161:1;1174:1;1182:3;1184:1;1225:3;1231:4;1264:4,2,2026-06-23;2026-06-30
1659ede5d05ada54,Fezandipiti ex,1,fezandipiti ex,27,60,2:6;119:2;120:2;140:1;202:1;344:3;345:2;352:4;353:4;354:3;1079:2;1086:4;1092:1;1097:2;1121:3;1122:1;1123:1;1152:2;1175:2;1182:2;1184:1;1191:2;1213:2;1215:4;1227:1;1256:1;1264:1,2,2026-06-18
8d8af3b7021430ef,UNLABELED,0,,18,60,5:4;13:1;19:4;66:3;305:4;741:4;742:4;743:4;1079:4;1081:4;1086:4;1097:3;1129:2;1152:4;1182:2;1184:1;1225:4;1231:4,2,2026-06-26;2026-06-30
22d3f669e8184599,UNLABELED,0,,15,60,8:13;169:4;190:4;666:4;1097:4;1120:1;1121:4;1122:4;1147:3;1152:4;1159:1;1185:4;1197:2;1227:4;1244:4,2,2026-07-01
b4b5a378368fad61,Team Rocket's Mewtwo ex,2,team rocket's mewtwo ex,19,60,1:9;15:4;400:4;401:4;414:2;431:2;434:2;1094:3;1121:1;1134:4;1152:4;1159:1;1175:1;1216:4;1217:2;1218:3;1220:4;1227:3;1257:3,2,2026-07-04;2026-07-05
898f15c46cf94538,Mega Lucario ex,4,mega lucario ex,19,60,6:12;673:3;674:3;675:2;676:2;677:4;678:4;1097:2;1102:2;1123:2;1141:4;1142:4;1152:3;1159:1;1182:2;1213:2;1227:4;1229:2;1252:2,2,2026-07-05;2026-07-07
a75a8d5778834ad9,UNLABELED,0,,24,60,11:4;19:4;304:2;309:1;310:1;311:1;343:1;878:4;879:4;1092:1;1097:3;1115:2;1121:1;1122:3;1123:1;1152:4;1171:4;1174:1;1182:3;1193:2;1209:1;1219:4;1227:4;1255:4,2,2026-06-28
a7ecb399eff72c6a,UNLABELED,0,,19,60,5:3;13:1;19:4;65:4;66:3;741:4;742:4;743:4;1079:3;1081:3;1086:4;1097:3;1137:1;1152:4;1182:3;1197:1;1225:4;1231:4;1264:3,2,2026-06-28;2026-06-30
815f539a0c57442e,Team Rocket's Mewtwo ex,2,team rocket's mewtwo ex,19,60,1:11;15:4;400:4;401:4;414:2;431:2;434:2;1094:3;1121:1;1122:1;1134:4;1152:3;1159:1;1216:4;1217:2;1218:3;1220:4;1227:3;1257:2,2,2026-06-26;2026-06-28
e6c8c8b46da53cae,UNLABELED,0,,21,60,3:6;65:3;66:2;174:1;506:4;1081:4;1086:4;1091:1;1097:4;1102:2;1119:4;1120:4;1137:1;1152:4;1166:2;1182:2;1186:1;1197:2;1227:4;1247:1;1266:4,2,2026-07-03;2026-07-06
18b76759876ddefa,UNLABELED,0,,18,60,11:4;19:4;304:2;311:3;878:4;879:4;1092:1;1097:1;1115:4;1122:4;1134:4;1152:3;1171:4;1182:2;1219:4;1225:4;1227:4;1255:4,2,2026-06-19;2026-06-22
20ba66c22462a120,UNLABELED,0,,14,60,1:15;11:4;14:4;18:4;344:4;345:4;1086:4;1120:2;1147:4;1152:2;1159:1;1212:4;1227:4;1235:4,2,2026-06-17
753c7d1f9e30d5be,UNLABELED,0,,18,60,5:3;13:1;19:4;66:3;305:4;741:4;742:4;743:4;1079:4;1081:4;1086:4;1097:2;1129:1;1152:4;1182:3;1225:4;1231:4;1264:3,2,2026-06-28;2026-06-29
0cba3f750cdde2c5,UNLABELED,0,,20,60,5:3;13:1;19:4;66:3;305:3;741:4;742:4;743:4;1079:3;1081:4;1086:4;1097:3;1129:1;1146:1;1152:4;1182:3;1184:1;1225:3;1231:4;1264:3,2,2026-06-19;2026-06-21
1a0c457584213a4b,Fezandipiti ex,1,fezandipiti ex,25,60,5:2;13:1;19:4;65:3;66:3;140:1;174:1;214:1;343:1;741:4;742:4;743:4;880:1;959:1;1079:3;1081:2;1086:4;1097:2;1129:1;1146:1;1152:4;1182:3;1184:1;1225:4;1231:4,2,2026-06-27
a61ad8dc4eb8b1d6,UNLABELED,0,,18,60,5:4;19:4;66:4;305:4;741:4;742:4;743:4;1079:4;1081:4;1086:4;1097:2;1129:2;1152:4;1156:2;1182:2;1184:1;1225:3;1231:4,2,2026-07-04
d7c3cf38cf288455,Team Rocket's Mewtwo ex,2,team rocket's mewtwo ex,19,60,1:9;15:4;400:4;401:4;414:2;431:2;434:2;1094:3;1121:1;1122:1;1134:4;1152:3;1159:1;1216:4;1217:3;1218:3;1220:4;1227:3;1257:3,2,2026-06-21;2026-06-22
2d0a90fa804b68f1,Dragapult ex,3,dragapult ex,24,60,2:3;5:4;7:2;66:1;112:2;119:4;120:4;121:3;140:1;184:1;235:2;305:2;306:1;1071:1;1079:2;1080:1;1086:4;1097:3;1121:4;1152:4;1182:2;1198:3;1227:4;1246:2,2,2026-07-07;2026-07-10
ac9855a643a150ea,UNLABELED,0,,21,60,3:8;6:1;117:1;666:2;860:3;861:3;1030:3;1031:3;1086:4;1087:2;1121:2;1122:3;1145:3;1159:1;1182:2;1197:2;1213:2;1225:3;1227:4;1229:4;1262:4,2,2026-07-16;2026-07-17
4941578511f48d1e,UNLABELED,0,,15,60,8:13;169:4;190:4;666:4;1097:4;1121:4;1122:4;1147:3;1152:4;1159:1;1182:1;1185:4;1197:2;1227:4;1244:4,2,2026-07-09
c4401e2db5bd7036,Dragapult ex,3,dragapult ex,23,60,2:4;5:4;7:2;31:1;112:2;119:4;120:4;121:3;140:1;184:1;235:2;272:1;1071:1;1080:1;1086:4;1097:2;1121:4;1152:4;1182:3;1198:3;1210:3;1227:4;1260:2,2,2026-07-13
0e05ea288ae6e6a6,Fezandipiti ex,1,fezandipiti ex,22,60,5:2;13:1;19:4;66:3;140:1;305:3;343:1;741:4;742:4;743:4;1079:3;1081:3;1086:4;1097:1;1129:1;1152:4;1182:2;1184:1;1197:2;1225:4;1231:4;1266:4,2,2026-07-12;2026-07-13
01f31cfad9010e89,UNLABELED,0,,19,60,5:3;13:1;19:4;66:3;305:4;741:4;742:4;743:4;1079:4;1081:4;1086:4;1097:1;1129:1;1152:4;1182:3;1184:1;1197:3;1225:4;1231:4,2,2026-07-10;2026-07-11
200d57a432545513,Marnie's Grimmsnarl ex,3,marnie's grimmsnarl ex,19,60,7:10;104:2;112:4;646:4;647:3;648:3;860:2;1079:3;1080:1;1086:3;1097:3;1116:2;1152:4;1182:1;1213:2;1219:4;1227:4;1231:1;1259:4,2,2026-08-06;2026-08-07
d5466d070c71fde7,Mega Lucario ex,3,mega lucario ex,20,60,6:9;20:4;66:2;305:3;675:2;676:2;677:4;678:3;1086:2;1121:2;1141:4;1142:4;1152:4;1159:1;1182:3;1213:1;1225:2;1227:4;1229:2;1252:2,2,2026-08-07;2026-08-10
ecf06b29e2a9ff12,UNLABELED,0,,18,60,1:5;89:4;90:4;92:4;93:4;343:1;1080:1;1086:4;1094:4;1097:2;1122:4;1129:1;1152:4;1174:2;1175:4;1227:4;1231:4;1245:4,2,2026-08-09
42c823200429ac49,UNLABELED,0,,21,60,1:8;42:3;88:3;89:4;90:4;92:1;93:4;343:1;1080:1;1086:4;1094:4;1097:2;1129:1;1152:4;1175:1;1182:1;1210:1;1211:1;1225:4;1227:4;1245:4,2,2026-08-10
a6441a73d162c977,UNLABELED,0,,14,60,3:11;860:4;861:4;1030:4;1031:4;1086:4;1120:4;1122:4;1152:4;1159:1;1189:4;1206:4;1227:4;1229:4,2,2026-08-10
d562e376a3d71d6b,Marnie's Grimmsnarl ex,3,marnie's grimmsnarl ex,16,60,7:12;112:4;646:4;647:3;648:3;1079:4;1080:1;1086:4;1097:3;1122:1;1152:4;1182:3;1219:4;1227:4;1231:2;1259:4,2,2026-08-06
69b44e61ab6725cf,UNLABELED,0,,21,60,3:9;104:2;860:4;861:2;1030:3;1031:3;1086:4;1087:2;1097:1;1122:3;1145:3;1152:2;1159:1;1182:2;1189:1;1197:2;1224:2;1225:2;1227:4;1229:4;1262:4,2,2026-07-13;2026-08-04
9d6219ef6950f794,Teal Mask Ogerpon ex,4,teal mask ogerpon ex,22,60,1:14;96:4;140:1;235:1;402:2;403:2;404:2;708:2;709:2;710:2;1071:2;1080:1;1094:4;1116:1;1121:4;1152:2;1182:2;1184:1;1213:1;1227:4;1231:2;1261:4,2,2026-08-03;2026-08-04
b9d645da110e5c06,Fezandipiti ex,1,fezandipiti ex,22,60,5:2;13:1;19:4;66:2;140:1;305:3;343:1;741:4;742:4;743:4;1079:3;1081:4;1086:4;1097:1;1129:1;1152:4;1182:3;1184:1;1197:2;1225:4;1231:4;1264:3,2,2026-08-04
47e257e33ef5f5a6,UNLABELED,0,,20,60,1:7;89:4;90:3;92:4;93:4;1080:1;1086:4;1094:4;1097:2;1122:4;1123:2;1129:1;1152:4;1174:1;1175:1;1184:1;1213:4;1227:4;1231:1;1245:4,2,2026-08-10
766ca153ce8e65d8,Mega Kangaskhan ex,2,mega kangaskhan ex,24,60,1:1;11:4;14:4;18:4;20:2;117:1;344:4;345:3;756:2;1086:2;1112:1;1121:2;1122:4;1123:1;1147:4;1159:1;1182:4;1194:2;1197:2;1219:4;1225:2;1227:4;1257:1;1261:1,2,2026-07-30;2026-08-03
b42b2ee66670b06f,UNLABELED,0,,22,60,1:7;42:2;89:4;90:4;92:2;93:4;343:1;655:3;1086:4;1094:4;1097:3;1102:1;1126:1;1129:1;1152:4;1175:1;1182:1;1194:1;1211:1;1225:3;1227:4;1245:4,2,2026-07-30;2026-08-01
8646527a9765ecf5,Mega Kangaskhan ex,3,mega kangaskhan ex,20,60,1:1;11:4;14:1;18:4;20:4;117:2;344:4;345:3;756:3;1086:3;1120:4;1122:3;1147:4;1159:1;1182:2;1187:3;1197:2;1225:4;1227:4;1264:4,2,2026-08-09;2026-08-10
55a418e3d6a8787d,UNLABELED,0,,18,60,1:4;2:7;18:4;344:4;345:4;352:4;353:4;354:4;414:1;1079:2;1086:3;1121:1;1147:1;1152:4;1159:1;1182:4;1215:4;1227:4,2,2026-08-02;2026-08-05
db7e43390449b177,Marnie's Grimmsnarl ex,4,marnie's grimmsnarl ex,18,60,7:11;104:2;112:4;646:4;647:2;648:4;860:2;1079:4;1080:1;1086:4;1097:2;1152:4;1182:2;1213:1;1219:4;1227:4;1231:1;1259:4,2,2026-08-02;2026-08-03
74f419fc4f947422,Mega Kangaskhan ex,4,mega kangaskhan ex,18,60,1:1;11:4;14:4;18:4;344:4;345:4;756:4;1086:4;1087:1;1122:4;1123:4;1147:4;1159:1;1182:2;1197:4;1225:4;1227:4;1264:3,2,2026-07-29;2026-08-06
05aba4123d4ac622,Fezandipiti ex,1,fezandipiti ex,21,60,5:3;19:4;66:3;140:1;305:3;741:4;742:4;743:4;1079:4;1081:4;1086:4;1097:1;1129:1;1152:4;1156:1;1182:3;1184:1;1197:3;1225:3;1231:4;1247:1,2,2026-07-07
424b6ebe66ea61f8,Mega Lopunny ex,1,mega lopunny ex,24,60,7:9;141:1;257:1;258:1;292:4;293:4;303:2;848:1;849:1;906:1;1086:4;1097:2;1113:4;1121:3;1137:1;1152:4;1159:1;1182:3;1197:1;1205:3;1213:2;1227:4;1253:2;1256:1,2,2026-07-07;2026-07-10
ac5c7f212a5dd251,UNLABELED,0,,16,60,8:13;57:2;169:4;190:4;666:4;1097:4;1121:4;1122:3;1147:2;1152:4;1159:1;1182:1;1185:4;1197:2;1227:4;1244:4,2,2026-07-07;2026-07-08
975a7d1f164387d5,UNLABELED,0,,21,60,3:8;6:1;17:4;117:1;666:4;1030:3;1031:3;1086:4;1097:2;1120:2;1121:1;1122:4;1145:4;1159:1;1182:1;1189:4;1197:1;1223:2;1225:2;1227:4;1229:4,2,2026-07-08
19e9a6845fd135a0,Fezandipiti ex,1,fezandipiti ex,22,60,5:2;13:1;19:4;66:2;140:1;305:3;741:4;742:4;743:4;1079:4;1081:3;1086:4;1097:1;1129:1;1146:1;1152:4;1182:3;1184:1;1197:2;1225:4;1231:4;1264:3,2,2026-07-11;2026-07-12
a1e9ec76aecc4e58,Marnie's Grimmsnarl ex,3,marnie's grimmsnarl ex,20,60,7:9;104:2;112:4;235:1;414:1;646:4;647:2;648:3;860:2;1079:4;1080:1;1086:4;1097:2;1122:2;1152:4;1174:1;1182:2;1219:4;1227:4;1259:4,2,2026-07-13;2026-07-14
9a800fb2e1b7d966,Marnie's Grimmsnarl ex,3,marnie's grimmsnarl ex,19,60,7:9;104:2;112:4;646:4;647:3;648:3;860:2;1079:3;1080:1;1086:4;1097:3;1152:4;1161:2;1182:2;1197:1;1219:4;1227:4;1231:1;1259:4,2,2026-07-14;2026-07-15
0173ceef418f1aed,Dragapult ex,3,dragapult ex,25,60,2:4;5:4;7:2;66:2;112:2;119:4;120:4;121:3;140:1;235:1;305:2;306:1;1071:1;1086:4;1121:4;1137:1;1152:4;1159:1;1182:3;1197:1;1198:2;1213:2;1227:4;1240:1;1260:2,2,2026-07-16
b943fd9e7cc70064,Mega Kangaskhan ex,3,mega kangaskhan ex,20,60,1:1;11:4;14:4;18:4;20:3;117:1;344:4;345:4;756:3;1086:4;1121:2;1122:4;1123:2;1147:4;1159:1;1182:2;1197:3;1225:4;1227:4;1264:2,2,2026-07-16
30d909f08c1a652e,Team Rocket's Mewtwo ex,2,team rocket's mewtwo ex,22,60,1:7;5:3;15:4;400:4;401:4;414:2;431:2;432:1;463:2;1094:3;1097:1;1119:2;1134:4;1152:4;1158:1;1216:4;1217:1;1218:3;1219:1;1220:4;1227:1;1256:2,2,2026-07-16;2026-07-17
93554da5c89db39a,Mega Kangaskhan ex,4,mega kangaskhan ex,25,60,6:1;11:4;14:4;18:4;117:1;344:3;345:3;414:1;756:4;1086:2;1120:4;1121:1;1122:3;1123:1;1147:4;1159:1;1182:4;1186:1;1190:1;1197:1;1212:1;1219:4;1225:2;1227:4;1257:1,2,2026-07-16
9043e889671bc0f6,UNLABELED,0,,22,60,3:8;6:1;117:1;414:2;666:2;860:3;861:3;1030:3;1031:3;1086:4;1121:2;1122:3;1145:3;1159:1;1182:2;1189:1;1197:2;1224:1;1225:3;1227:4;1229:4;1262:4,2,2026-07-19
a2a92c0b83d4b6c5,Team Rocket's Mewtwo ex,2,team rocket's mewtwo ex,22,60,1:8;15:4;400:4;401:4;414:2;431:2;434:2;464:1;1094:3;1121:1;1134:4;1152:4;1159:1;1175:1;1197:1;1216:4;1217:1;1218:3;1220:4;1225:2;1227:1;1257:3,2,2026-07-21
2dc0367808ff9740,UNLABELED,0,,21,60,5:4;19:4;73:1;74:1;164:4;414:1;817:3;818:3;1086:4;1097:4;1120:4;1123:2;1129:2;1144:2;1152:4;1161:2;1197:4;1225:4;1227:4;1247:1;1264:2,2,2026-07-21;2026-07-23
6dda26bc0a584b26,Mega Kangaskhan ex,4,mega kangaskhan ex,22,60,1:2;11:4;14:4;18:4;344:4;345:3;756:4;1086:3;1087:1;1121:1;1122:3;1123:2;1147:4;1159:1;1182:4;1197:2;1204:1;1219:4;1225:3;1227:4;1242:1;1257:1,2,2026-07-22
b7308eebc0b485e6,Team Rocket's Mewtwo ex,2,team rocket's mewtwo ex,20,60,1:7;15:4;400:4;401:4;414:2;431:2;434:3;1086:1;1094:3;1121:2;1134:4;1152:4;1175:1;1216:4;1217:1;1218:3;1220:4;1227:3;1247:1;1257:3,2,2026-07-25
b034cc9d268c1961,UNLABELED,0,,22,60,3:7;6:1;117:1;414:2;666:2;860:3;861:3;1030:3;1031:3;1086:4;1118:1;1121:3;1122:3;1145:3;1159:1;1182:2;1189:1;1197:2;1225:3;1227:4;1229:4;1262:4,2,2026-07-26
d598b9166f5f51ae,Fezandipiti ex,1,fezandipiti ex,21,60,5:3;19:4;66:3;140:1;305:4;343:1;741:4;742:4;743:4;1079:3;1081:4;1086:4;1097:1;1129:1;1152:3;1182:3;1184:1;1197:3;1225:4;1231:4;1264:1,2,2026-07-28;2026-08-01
5b0df51eb3e5dafa,Cynthia's Garchomp ex,3,cynthia's garchomp ex,23,60,6:4;20:4;341:4;342:4;379:4;380:4;381:3;387:1;1086:4;1087:1;1097:1;1137:1;1141:1;1142:3;1152:4;1173:3;1182:4;1194:1;1213:1;1219:2;1227:4;1249:1;1256:1,2,2026-07-29;2026-07-30
0e8ba7dfa2b3a1b7,UNLABELED,0,,23,60,3:7;6:1;117:1;414:1;666:2;860:3;861:3;1030:3;1031:3;1086:4;1118:1;1121:3;1122:3;1145:3;1159:1;1182:2;1189:1;1197:2;1224:1;1225:3;1227:4;1229:4;1262:4,2,2026-08-03
c1dbf7dfcca53308,Marnie's Grimmsnarl ex,3,marnie's grimmsnarl ex,18,60,7:10;104:2;112:4;646:4;647:2;648:3;860:2;1079:4;1080:1;1086:4;1097:2;1122:2;1152:4;1182:2;1219:4;1227:4;1231:2;1259:4,2,2026-08-04;2026-08-06
95af6e29bfb80f8c,Teal Mask Ogerpon ex,4,teal mask ogerpon ex,23,60,1:12;96:4;140:1;235:1;402:2;403:2;404:2;708:2;709:2;710:2;1071:2;1080:1;1094:4;1097:1;1121:4;1152:2;1174:1;1182:2;1184:1;1213:1;1227:4;1231:3;1261:4,2,2026-08-04;2026-08-05
5391bfeaeabddaaa,Mega Lopunny ex,3,mega lopunny ex,19,60,3:3;11:4;13:1;66:4;174:1;305:4;414:1;848:3;849:3;1086:4;1121:4;1122:4;1152:4;1174:3;1182:2;1225:4;1227:4;1229:4;1266:3,2,2026-08-05;2026-08-10
d1582f2a04774329,Dragapult ex,3,dragapult ex,23,60,2:3;5:3;7:3;31:1;112:2;119:4;120:4;121:3;140:1;235:1;1071:2;1080:1;1086:4;1097:2;1120:4;1121:4;1152:4;1182:3;1198:3;1227:4;1231:1;1246:1;1256:2,2,2026-08-06;2026-08-10
9e2749ec691d6925,Dragapult ex,3,dragapult ex,23,60,2:3;5:4;7:3;66:1;112:2;119:4;120:4;121:3;140:1;235:1;305:1;1071:1;1080:1;1086:4;1097:2;1120:4;1121:4;1152:4;1182:3;1198:3;1213:1;1227:4;1260:2,2,2026-08-07;2026-08-08
be1ffbbc6c01f2c1,Mega Kangaskhan ex,4,mega kangaskhan ex,25,60,1:1;7:1;11:2;13:1;14:3;16:1;18:4;19:1;140:1;344:3;345:3;756:4;849:1;1086:4;1097:1;1120:4;1122:3;1123:4;1147:4;1174:1;1182:1;1197:3;1225:3;1227:3;1264:3,2,2026-08-07;2026-08-08
e4af24fa5d0d619b,Teal Mask Ogerpon ex,4,teal mask ogerpon ex,17,60,1:15;18:4;96:4;1094:4;1118:1;1119:2;1120:4;1122:3;1127:4;1147:3;1159:1;1182:2;1213:4;1221:1;1223:2;1227:3;1251:3,2,2026-08-07;2026-08-09
cc30dfc61693132d,UNLABELED,0,,28,60,1:3;18:2;89:4;90:4;91:1;93:3;100:2;149:4;240:1;343:1;858:1;1080:1;1086:4;1094:3;1097:1;1123:1;1129:1;1152:4;1174:1;1175:2;1182:2;1184:1;1191:2;1211:1;1213:1;1227:4;1231:1;1245:4,2,2026-08-08
e986f2371864e201,Teal Mask Ogerpon ex,4,teal mask ogerpon ex,23,60,1:14;96:4;140:1;149:2;150:2;655:1;709:2;710:2;917:3;919:1;921:2;1071:1;1080:1;1094:4;1097:2;1121:3;1152:2;1182:2;1184:1;1213:1;1227:3;1231:2;1261:4,2,2026-08-09
e359a7f47a4cb94a,Fezandipiti ex,1,fezandipiti ex,21,60,5:2;13:1;19:4;65:4;66:3;140:1;343:1;741:4;742:4;743:3;1079:3;1081:2;1086:4;1097:1;1152:4;1182:3;1184:2;1197:2;1225:4;1231:4;1264:4,2,2026-08-09
dbd9c475e049b908,Teal Mask Ogerpon ex,4,teal mask ogerpon ex,23,60,1:12;16:4;24:1;96:4;116:1;117:1;272:1;414:2;848:1;849:1;1094:4;1121:4;1122:3;1127:2;1137:1;1147:2;1152:2;1159:1;1182:3;1213:3;1226:1;1227:4;1251:2,2,2026-08-09;2026-08-10
cd20dc40ab299bd9,UNLABELED,0,,20,60,1:8;42:3;88:3;89:4;90:4;92:1;93:4;1080:1;1086:4;1094:4;1097:2;1129:1;1152:4;1175:1;1182:2;1210:1;1211:1;1225:4;1227:4;1245:4,2,2026-08-09
e8cc78ff2aca77a9,Mega Lucario ex,4,mega lucario ex,9,60,6:30;677:4;678:4;1102:4;1121:4;1123:2;1142:4;1145:4;1227:4,1,2026-06-17
11b0a2d81e5449a3,Fezandipiti ex,1,fezandipiti ex,23,60,5:2;13:1;19:4;66:3;140:1;305:3;741:4;742:4;743:3;1079:3;1081:3;1086:4;1097:1;1129:1;1137:1;1152:4;1156:2;1174:1;1182:2;1184:1;1225:4;1231:4;1264:4,1,2026-07-01
1780347646b3b151,UNLABELED,0,,24,60,5:2;13:1;19:3;66:4;174:1;214:1;305:4;343:1;741:4;742:3;743:4;959:1;1079:4;1081:2;1086:4;1097:2;1129:1;1146:1;1152:4;1182:2;1224:1;1225:3;1231:3;1264:4,1,2026-06-19
f26c077f8702317c,Fezandipiti ex,1,fezandipiti ex,22,60,5:2;13:1;19:4;65:4;66:4;140:1;741:4;742:4;743:3;1079:3;1081:2;1086:4;1097:1;1129:1;1152:4;1161:3;1182:2;1184:2;1197:1;1225:4;1231:4;1264:2,1,2026-06-19
72425533dadc98a1,UNLABELED,0,,18,60,1:6;89:4;90:4;92:4;93:4;247:4;343:1;1080:1;1086:4;1094:4;1097:4;1122:2;1152:4;1175:3;1182:1;1197:2;1227:4;1245:4,1,2026-06-27
6bcc792fc6e11051,Mega Abomasnow ex,4,mega abomasnow ex,9,60,3:35;12:1;414:1;666:4;722:4;723:4;1121:3;1206:4;1231:4,1,2026-06-27
a5437fdb9a42f891,Mega Lucario ex,4,mega lucario ex,18,60,6:13;673:2;674:2;675:2;676:3;677:3;678:4;1102:4;1123:2;1141:4;1142:4;1152:4;1159:1;1182:2;1192:3;1197:1;1227:4;1252:2,1,2026-06-20
772413e4790654e2,UNLABELED,0,,19,60,5:3;13:1;19:4;66:3;305:4;741:4;742:4;743:4;1079:4;1081:1;1086:4;1097:3;1129:1;1152:4;1182:3;1184:1;1225:4;1231:4;1264:4,1,2026-06-20
c9eba9795f3be059,UNLABELED,0,,13,60,1:19;11:4;14:4;18:4;344:4;345:4;1081:2;1086:4;1147:4;1159:1;1182:3;1212:3;1227:4,1,2026-06-19
8e69a0e7db2dd8a7,Mega Lucario ex,4,mega lucario ex,17,60,6:12;673:2;674:2;675:2;676:3;677:4;678:4;1102:4;1123:3;1141:4;1142:4;1152:4;1159:1;1182:2;1192:4;1227:4;1252:1,1,2026-06-19
d618f01afde0c0c5,UNLABELED,0,,16,60,8:11;57:1;169:4;190:4;666:4;1097:3;1121:4;1122:4;1147:2;1152:4;1159:1;1182:4;1185:2;1213:4;1227:4;1244:4,1,2026-06-28
48dd52a2dbec2f58,Teal Mask Ogerpon ex,4,teal mask ogerpon ex,10,60,1:27;96:4;848:4;849:4;1121:4;1127:4;1159:1;1205:4;1210:4;1231:4,1,2026-06-17
e4e79fcca78f4293,Mega Lucario ex,4,mega lucario ex,18,60,6:10;20:3;673:2;674:2;675:2;676:3;677:3;678:4;1102:4;1123:2;1141:4;1142:4;1152:4;1159:1;1182:2;1192:4;1212:2;1227:4,1,2026-06-25
7452774657ad1444,UNLABELED,0,,18,60,11:4;12:1;19:4;65:4;66:4;304:2;878:4;879:3;1086:4;1097:3;1115:3;1122:4;1152:4;1171:4;1194:2;1210:2;1227:4;1255:4,1,2026-06-25
101254ad244275c0,UNLABELED,0,,19,60,3:8;66:3;235:2;305:3;941:4;942:2;943:4;1079:4;1081:3;1086:4;1097:1;1104:1;1120:4;1122:2;1129:2;1152:4;1213:2;1227:4;1231:3,1,2026-06-30
bb2d316213f97f70,UNLABELED,0,,19,60,5:3;13:1;19:4;66:3;305:4;741:4;742:4;743:4;1079:4;1081:4;1086:4;1097:3;1129:1;1152:4;1174:1;1182:3;1184:1;1225:4;1231:4,1,2026-06-28
fbce070f0c6c02f0,Dragapult ex,3,dragapult ex,23,60,2:4;5:6;19:1;119:4;120:4;121:3;131:2;132:1;133:2;140:1;174:1;235:1;1079:4;1086:4;1088:1;1097:2;1119:2;1121:4;1123:2;1168:1;1182:3;1192:3;1227:4,1,2026-06-17
9c9bdd6f955942f8,UNLABELED,0,,15,60,1:12;2:7;11:2;14:2;18:4;344:4;345:4;663:3;1086:4;1147:3;1152:4;1159:1;1212:2;1227:4;1235:4,1,2026-06-17
7b8dec20710c5b73,UNLABELED,0,,17,60,1:11;11:4;14:4;18:4;112:2;344:4;345:4;1086:4;1121:2;1122:4;1147:2;1159:1;1182:2;1212:4;1224:2;1227:4;1235:2,1,2026-06-17
99ee137d28bac0f3,UNLABELED,0,,13,60,1:19;11:4;14:4;18:4;344:4;345:4;1086:4;1147:4;1159:1;1212:4;1227:4;1235:2;1264:2,1,2026-06-17
c61a10379c017038,Mega Lucario ex,3,mega lucario ex,19,60,6:13;673:2;674:2;675:2;676:3;677:4;678:3;1102:4;1123:2;1141:4;1142:4;1152:2;1159:1;1182:2;1192:3;1213:2;1227:4;1229:2;1252:1,1,2026-06-24
76d558d342480e95,Mega Lucario ex,4,mega lucario ex,17,60,6:15;673:3;674:3;675:2;676:3;677:4;678:4;1102:4;1123:3;1141:1;1142:3;1152:4;1159:1;1182:2;1192:4;1227:3;1252:1,1,2026-06-20
755af6541b064429,UNLABELED,0,,15,60,8:14;57:2;169:4;190:4;1097:4;1121:4;1122:3;1123:2;1152:4;1159:1;1182:3;1192:4;1213:4;1227:4;1244:3,1,2026-06-29
f5c72d899ca8b632,Mega Lucario ex,4,mega lucario ex,19,60,6:11;20:3;673:2;674:2;675:2;676:3;677:3;678:4;1102:4;1123:2;1141:4;1142:4;1152:4;1159:1;1182:1;1191:2;1192:2;1227:4;1252:2,1,2026-06-23
2c9b6cbbab859256,UNLABELED,0,,25,60,5:1;13:1;19:4;66:3;109:4;142:1;245:1;305:4;343:1;742:4;743:3;858:1;1079:3;1086:4;1097:1;1129:1;1146:1;1152:4;1156:1;1161:2;1182:3;1184:1;1225:3;1231:4;1264:4,1,2026-06-23
e2db90241152a724,UNLABELED,0,,16,60,8:14;57:2;169:4;190:3;414:1;840:1;1097:4;1121:4;1122:4;1152:4;1159:1;1182:4;1192:4;1213:2;1227:4;1244:4,1,2026-07-02
b25e7963304a20a1,Mega Lucario ex,4,mega lucario ex,16,60,6:13;673:2;674:2;675:2;676:3;677:4;678:4;1102:4;1123:2;1141:4;1142:4;1152:4;1182:3;1192:4;1227:4;1252:1,1,2026-06-17
6f11053c647355ae,Fezandipiti ex,1,fezandipiti ex,22,60,5:2;13:1;19:4;65:3;66:3;140:1;343:1;741:4;742:3;743:4;858:1;1079:4;1081:2;1086:4;1097:1;1129:1;1152:4;1156:2;1182:3;1225:4;1231:4;1264:4,1,2026-06-23
60c3e5ab24904782,Dragapult ex,3,dragapult ex,23,60,2:4;5:4;10:1;119:4;120:4;121:3;140:1;184:1;235:2;1071:1;1079:2;1086:4;1097:2;1120:2;1121:4;1152:3;1156:1;1182:3;1198:4;1210:2;1225:2;1227:4;1256:2,1,2026-06-28
6d7d4d82b45a1f8b,Fezandipiti ex,1,fezandipiti ex,23,60,5:2;13:1;19:4;66:3;140:1;305:3;343:1;741:4;742:4;743:3;858:1;1079:3;1081:3;1086:4;1097:1;1129:1;1146:1;1152:4;1182:3;1184:1;1225:4;1231:4;1264:4,1,2026-06-30
aa2fdb668e14e9c4,UNLABELED,0,,19,60,11:4;13:1;19:4;66:3;304:2;305:3;311:2;878:4;879:3;1086:4;1115:4;1122:3;1123:1;1152:4;1171:4;1182:3;1225:3;1227:4;1255:4,1,2026-06-22
8b02f194cdf581d4,UNLABELED,0,,14,60,1:16;11:4;14:4;18:4;344:4;345:4;1086:4;1122:2;1147:4;1159:1;1212:4;1227:4;1235:4;1264:1,1,2026-06-17
26bc83edcbd7dada,UNLABELED,0,,24,60,5:2;13:1;19:3;66:4;174:1;214:1;305:4;343:1;741:4;742:3;743:4;959:1;1079:4;1081:3;1086:4;1097:2;1129:1;1146:1;1152:4;1182:1;1224:1;1225:3;1231:3;1264:4,1,2026-06-19
215bc19f41007af0,Dragapult ex,3,dragapult ex,22,60,2:4;5:4;119:4;120:4;121:3;140:1;184:1;235:2;1071:1;1079:2;1080:1;1086:4;1097:2;1120:3;1121:4;1152:4;1156:1;1182:3;1198:4;1210:2;1227:4;1256:2,1,2026-06-29
f52b72943cdb12d7,UNLABELED,0,,17,60,5:7;7:3;12:1;19:4;112:3;210:3;315:4;961:4;1097:4;1102:4;1152:4;1174:2;1182:3;1198:2;1210:4;1225:4;1227:4,1,2026-06-24
6a5ea46694ab74f1,Mega Lucario ex,4,mega lucario ex,16,60,6:13;673:2;674:2;675:2;676:3;677:4;678:4;1102:4;1123:3;1141:4;1142:4;1152:4;1159:1;1182:2;1192:4;1227:4,1,2026-06-20
4a4bdaa4cc799960,Dragapult ex,3,dragapult ex,23,60,2:5;5:4;119:4;120:4;121:3;140:1;184:1;235:2;318:1;1079:2;1080:1;1086:4;1097:2;1120:3;1121:4;1123:1;1152:3;1156:1;1182:3;1198:4;1210:2;1227:4;1256:1,1,2026-06-25
b76538df393ecad6,Mega Lucario ex,4,mega lucario ex,18,60,6:14;673:2;674:2;675:3;676:3;677:4;678:4;1102:4;1123:1;1141:4;1142:4;1152:4;1159:1;1182:1;1197:1;1213:3;1227:4;1229:1,1,2026-06-26
5f973872992c4b08,UNLABELED,0,,17,60,8:14;57:2;169:4;190:3;414:1;840:1;1097:4;1121:4;1122:4;1152:4;1159:1;1182:4;1192:4;1197:1;1213:2;1227:4;1244:3,1,2026-07-04
7398c8069a08a8d1,Mega Lopunny ex,3,mega lopunny ex,23,60,3:7;11:4;65:3;66:2;174:2;758:3;849:3;860:2;861:2;1071:1;1086:3;1097:1;1121:3;1123:2;1152:3;1159:1;1182:3;1186:1;1213:1;1225:3;1227:4;1229:3;1264:3,1,2026-06-25
fa628b3fd76fd4c1,Fezandipiti ex,1,fezandipiti ex,23,60,2:5;65:3;66:3;140:1;174:1;235:3;343:1;352:4;353:4;354:3;1079:2;1086:4;1097:1;1121:3;1152:4;1158:1;1174:1;1175:2;1182:3;1184:1;1215:4;1227:4;1264:2,1,2026-06-18
2a57f95a0978f0cc,UNLABELED,0,,17,60,5:4;19:4;66:3;305:4;741:4;742:4;743:4;1079:4;1081:4;1086:4;1097:1;1129:3;1152:4;1182:4;1225:4;1231:4;1247:1,1,2026-06-22
6a52f924c124b4df,Fezandipiti ex,1,fezandipiti ex,23,60,5:2;13:1;19:4;65:4;66:3;140:1;214:1;741:4;742:4;743:3;959:1;1079:4;1081:2;1086:4;1097:1;1129:1;1152:4;1156:1;1182:3;1184:1;1225:4;1231:4;1264:3,1,2026-06-27
81a40d929609bf7c,Mega Lucario ex,4,mega lucario ex,17,60,6:13;673:2;674:2;675:2;676:3;677:3;678:4;1102:4;1123:2;1141:4;1142:4;1152:4;1159:1;1182:2;1192:4;1211:2;1227:4,1,2026-06-19
79181fc7b7433c70,UNLABELED,0,,22,60,5:2;13:1;19:4;66:3;305:4;521:1;741:4;742:4;743:4;1079:4;1081:4;1086:4;1097:1;1129:1;1152:4;1156:1;1182:2;1197:1;1209:1;1225:3;1231:4;1266:3,1,2026-06-27
ca8556aeaedd5e09,UNLABELED,0,,21,60,5:3;13:1;19:4;66:3;214:1;305:3;741:4;742:4;743:4;959:1;1079:4;1081:3;1086:4;1129:2;1146:1;1152:4;1182:2;1184:1;1225:4;1231:4;1264:3,1,2026-06-27
f62466cb40363d5e,UNLABELED,0,,13,60,1:15;11:4;14:4;18:4;344:4;345:4;1081:4;1086:4;1147:4;1159:1;1212:4;1224:4;1264:4,1,2026-06-23
2b2e5439cf9cc23e,UNLABELED,0,,10,60,1:27;11:4;18:4;344:4;345:4;1147:4;1159:1;1212:4;1224:4;1264:4,1,2026-06-16
f12a75c0e5a5c261,UNLABELED,0,,20,60,5:3;13:1;19:4;66:3;305:4;343:1;741:4;742:4;743:4;1079:4;1081:3;1086:4;1097:1;1129:1;1152:4;1182:3;1184:1;1225:4;1231:4;1264:3,1,2026-06-28
948b0508c38b60ba,UNLABELED,0,,19,60,11:4;12:1;19:4;65:2;66:1;304:2;878:4;879:3;1086:4;1097:4;1115:4;1122:4;1152:3;1171:4;1182:3;1194:3;1210:3;1227:3;1255:4,1,2026-06-24
6620d7bcbd15b965,UNLABELED,0,,14,60,1:18;344:4;345:4;1086:4;1097:2;1102:4;1121:4;1123:2;1152:4;1159:1;1182:3;1192:4;1227:4;1252:2,1,2026-06-17
48462cea7bb2adca,UNLABELED,0,,23,60,5:2;13:1;19:3;66:3;142:1;305:4;343:1;741:4;742:4;743:4;858:1;1079:3;1086:4;1097:1;1129:1;1146:1;1152:4;1156:4;1182:3;1184:1;1225:4;1231:3;1264:3,1,2026-06-17
c62b983d72cc9030,UNLABELED,0,,20,60,3:8;66:3;235:3;305:4;941:4;942:3;943:4;1079:4;1080:1;1081:4;1086:4;1097:2;1120:1;1122:2;1129:1;1137:1;1152:2;1174:1;1227:4;1231:4,1,2026-06-22
9f7b10daf7dc00ca,UNLABELED,0,,19,60,5:3;19:4;65:4;66:4;741:4;742:4;743:3;1079:3;1081:4;1086:4;1097:1;1129:1;1152:4;1159:1;1182:3;1184:1;1225:4;1231:4;1264:4,1,2026-06-23
9b0067512e7461eb,Fezandipiti ex,1,fezandipiti ex,25,60,5:2;13:1;19:4;65:3;66:2;140:1;214:1;343:1;741:4;742:4;743:3;959:1;1079:4;1081:2;1086:4;1097:1;1129:1;1146:1;1152:4;1156:2;1182:3;1184:1;1225:4;1231:4;1264:2,1,2026-06-30
9e806ea24e98166b,UNLABELED,0,,19,60,5:3;13:1;19:4;65:4;66:4;741:4;742:4;743:4;1079:3;1086:4;1097:2;1129:2;1146:1;1152:4;1182:3;1184:1;1225:4;1231:4;1264:4,1,2026-06-18
eac7d1e616d44bf4,Fezandipiti ex,2,fezandipiti ex,19,60,2:15;46:4;140:2;235:1;259:3;357:2;573:3;1086:4;1088:1;1097:3;1102:3;1121:4;1139:2;1182:2;1192:3;1198:1;1199:1;1205:4;1213:2,1,2026-06-16
c80ecfa9fa17df43,Mega Lucario ex,4,mega lucario ex,20,60,6:15;673:1;674:1;675:2;676:3;677:4;678:4;1102:4;1123:1;1137:1;1141:4;1142:4;1152:4;1159:1;1182:1;1197:1;1213:3;1227:4;1229:1;1252:1,1,2026-07-02
2dad2c302cbb4a32,UNLABELED,0,,18,60,3:10;12:1;17:4;666:4;1030:3;1031:4;1081:1;1086:4;1097:1;1122:4;1124:4;1145:2;1152:2;1189:4;1213:2;1227:4;1229:4;1246:2,1,2026-06-30
f2d7e132a10b9ad9,Fezandipiti ex,1,fezandipiti ex,24,60,5:2;13:1;19:4;66:3;140:1;305:3;343:1;741:4;742:4;743:3;1079:3;1081:2;1086:4;1097:1;1129:1;1146:1;1152:4;1182:3;1184:1;1186:1;1225:4;1231:4;1248:4;1264:1,1,2026-06-20
07ff69c74632b4c4,UNLABELED,0,,16,60,1:10;2:6;343:1;344:4;345:4;352:3;353:3;354:2;1086:4;1094:4;1097:3;1121:4;1152:4;1198:2;1215:2;1227:4,1,2026-06-17
0d651d7ecc471d41,Mega Lucario ex,4,mega lucario ex,17,60,6:13;673:2;674:2;675:2;676:3;677:3;678:4;1102:4;1123:2;1141:4;1142:4;1152:4;1158:1;1182:2;1192:4;1227:4;1252:2,1,2026-06-17
69d88f938f8b3f54,UNLABELED,0,,13,60,3:18;235:4;506:4;1086:4;1097:4;1121:4;1122:4;1123:1;1152:4;1197:4;1227:4;1247:1;1264:4,1,2026-07-04
596d814be92eab55,UNLABELED,0,,14,60,8:13;169:4;190:4;666:4;1097:4;1121:4;1122:4;1147:4;1152:4;1159:1;1185:4;1197:2;1227:4;1244:4,1,2026-06-28
1a151591a6ec4386,UNLABELED,0,,18,60,5:3;13:1;19:4;66:3;305:3;741:4;742:4;743:4;1079:3;1081:2;1086:4;1097:4;1129:2;1152:4;1182:4;1225:3;1231:4;1264:4,1,2026-06-27
713a673323897fef,UNLABELED,0,,15,60,8:13;57:1;169:4;190:4;666:4;1097:4;1121:3;1122:4;1147:3;1152:4;1159:1;1185:4;1197:3;1227:4;1244:4,1,2026-06-29
9009f46efe8e7721,UNLABELED,0,,20,60,5:3;19:4;66:3;305:4;741:4;742:4;743:4;1079:4;1080:1;1081:4;1086:4;1097:3;1129:1;1146:1;1152:4;1182:2;1203:1;1225:4;1231:4;1266:1,1,2026-06-22
619c4f503791d5d8,UNLABELED,0,,17,60,1:6;5:2;7:4;18:4;112:4;344:4;345:4;1086:3;1120:4;1122:4;1123:2;1152:4;1159:1;1182:4;1198:4;1219:2;1227:4,1,2026-06-18
8638514a3b38c1c8,Mega Lucario ex,4,mega lucario ex,17,60,6:13;673:3;674:3;675:2;676:3;677:4;678:4;1102:4;1123:3;1141:2;1142:4;1152:4;1159:1;1182:2;1192:3;1227:3;1252:2,1,2026-06-18
3aff49e27d78ff81,Dragapult ex,3,dragapult ex,22,60,2:4;5:5;7:2;56:2;112:2;119:4;120:3;121:3;122:1;1079:2;1086:2;1121:4;1122:4;1130:4;1143:2;1158:1;1174:1;1188:2;1189:2;1198:4;1227:4;1235:2,1,2026-06-16
b04165f456e6f563,Mega Lucario ex,4,mega lucario ex,17,60,6:9;20:4;673:2;674:2;675:2;676:3;677:4;678:4;1102:4;1123:2;1141:4;1142:4;1152:4;1182:3;1192:4;1227:4;1252:1,1,2026-06-18
f2390a7e5d8e3c94,Mega Lucario ex,4,mega lucario ex,17,60,6:14;12:1;673:2;674:2;675:2;676:3;677:4;678:4;1102:4;1123:2;1141:4;1142:4;1152:2;1182:3;1192:4;1227:4;1252:1,1,2026-06-27
c2e2a1d6f6290e71,Dragapult ex,4,dragapult ex,21,60,2:4;5:4;119:4;120:4;121:4;140:1;184:1;235:2;1071:1;1079:3;1080:1;1086:4;1097:2;1120:3;1121:4;1152:3;1182:4;1198:4;1210:2;1227:4;1256:1,1,2026-06-22
86c088ba7b657377,Fezandipiti ex,1,fezandipiti ex,20,60,5:2;19:4;66:4;140:1;305:4;741:4;742:4;743:3;1079:3;1081:3;1086:4;1097:1;1129:1;1152:4;1159:1;1182:2;1197:3;1225:4;1231:4;1264:4,1,2026-06-22
6ceb5146e7203de6,Cynthia's Garchomp ex,3,cynthia's garchomp ex,23,60,6:4;20:3;341:4;342:4;379:4;380:4;381:3;387:1;1086:4;1097:1;1123:1;1137:1;1141:1;1142:3;1152:4;1173:3;1182:4;1194:1;1213:2;1219:2;1227:4;1249:1;1256:1,1,2026-06-22
102eedd09a52a911,Mega Lucario ex,4,mega lucario ex,17,60,6:13;673:2;674:2;675:2;676:3;677:3;678:4;1102:4;1123:3;1141:4;1142:4;1152:3;1159:1;1182:3;1192:4;1227:4;1252:1,1,2026-06-27
598876e4552e2f81,Fezandipiti ex,1,fezandipiti ex,23,60,5:3;13:1;19:4;66:2;140:1;142:1;305:3;343:1;741:4;742:4;743:4;858:1;1079:3;1081:3;1086:4;1097:1;1129:1;1152:4;1156:2;1182:1;1225:4;1231:4;1264:4,1,2026-06-22
25cfcf0100ef1145,UNLABELED,0,,20,60,11:4;12:1;19:4;65:3;66:3;304:1;311:1;878:4;879:3;1086:4;1097:3;1115:3;1122:4;1152:4;1171:4;1182:2;1194:2;1210:2;1227:4;1255:4,1,2026-06-22
b4469cd28d438fb3,UNLABELED,0,,15,60,1:13;42:4;89:2;90:2;93:4;100:4;240:4;1080:1;1086:4;1094:4;1122:4;1152:4;1210:2;1213:4;1245:4,1,2026-06-19
2209c374c5fe2353,UNLABELED,0,,23,60,5:6;11:3;12:1;19:4;304:2;305:2;311:1;878:4;879:4;1086:2;1097:3;1115:4;1122:4;1134:1;1152:2;1171:4;1182:2;1194:2;1197:1;1210:2;1219:2;1227:2;1255:2,1,2026-06-28
22e465ba34de23db,Fezandipiti ex,1,fezandipiti ex,23,60,5:1;13:1;19:4;66:3;140:1;305:3;343:1;741:4;742:4;743:3;1079:3;1081:3;1086:4;1097:1;1129:1;1137:1;1152:4;1182:3;1184:1;1197:2;1225:4;1231:4;1266:4,1,2026-06-29
e219a37a1170ce98,UNLABELED,0,,20,60,5:2;13:1;19:4;65:4;66:3;741:4;742:4;743:3;1079:4;1081:2;1086:4;1097:2;1129:1;1152:4;1156:2;1182:4;1184:1;1225:4;1231:4;1264:3,1,2026-06-22
48d55595933d4482,Fezandipiti ex,1,fezandipiti ex,24,60,5:4;19:4;66:3;140:1;174:1;305:3;343:2;741:4;742:4;743:4;1079:3;1081:2;1086:3;1097:2;1104:1;1129:1;1152:4;1156:1;1174:1;1182:2;1197:2;1225:3;1231:4;1266:1,1,2026-06-22
2e6ecf8381bfd901,UNLABELED,0,,20,60,11:4;12:1;19:4;65:4;66:3;304:2;343:1;878:4;879:2;1086:4;1097:3;1115:3;1122:3;1152:4;1171:4;1182:2;1194:2;1210:2;1227:4;1255:4,1,2026-06-22
23b16a1d79ac3afc,Fezandipiti ex,1,fezandipiti ex,20,60,5:3;19:4;66:3;140:1;305:4;741:4;742:4;743:4;1079:4;1081:2;1086:4;1097:3;1123:1;1129:1;1152:4;1182:3;1225:4;1231:4;1247:1;1264:2,1,2026-07-03
247a5dc95aff7788,Mega Lucario ex,4,mega lucario ex,17,60,6:13;673:1;674:2;675:2;676:3;677:4;678:4;1102:4;1123:2;1141:4;1142:4;1152:4;1159:1;1182:2;1192:4;1227:4;1252:2,1,2026-06-24
36b9eec2910872dd,Dragapult ex,3,dragapult ex,26,60,2:3;5:3;7:2;112:1;119:4;120:4;121:3;131:2;132:1;133:1;140:1;235:1;1071:1;1079:3;1080:1;1086:4;1097:2;1121:4;1152:4;1182:3;1198:2;1227:4;1231:2;1240:1;1246:1;1256:2,1,2026-06-23
11537082a1d27571,Marnie's Grimmsnarl ex,3,marnie's grimmsnarl ex,18,60,7:10;66:2;112:4;305:3;646:4;647:3;648:3;1079:4;1086:4;1097:2;1119:1;1139:1;1152:4;1159:1;1197:2;1227:4;1231:4;1259:4,1,2026-07-02
37f128dd13a7fe6c,Mega Lucario ex,4,mega lucario ex,18,60,6:11;20:2;673:3;674:2;675:2;676:3;677:4;678:4;1102:4;1123:2;1141:4;1142:4;1152:4;1159:1;1182:2;1192:2;1227:4;1252:2,1,2026-06-20
5d6516d5aaf4c75d,Mega Lucario ex,4,mega lucario ex,15,60,6:16;675:2;676:4;677:4;678:4;1102:4;1123:3;1141:3;1142:4;1152:4;1159:1;1182:3;1192:3;1227:3;1229:2,1,2026-06-29
8be9c7c4fe9d0254,UNLABELED,0,,19,60,11:4;13:1;19:4;66:3;304:2;305:3;311:1;878:4;879:3;1086:4;1115:4;1122:3;1129:1;1152:4;1171:4;1182:3;1225:4;1227:4;1255:4,1,2026-06-27
15b2a18ec6e238e1,UNLABELED,0,,14,60,8:15;57:1;169:4;190:4;666:4;1097:3;1121:4;1122:4;1147:4;1152:4;1159:1;1185:4;1227:4;1244:4,1,2026-07-01
999a5669c80f5ad1,UNLABELED,0,,18,60,1:4;2:8;18:4;344:4;345:4;352:4;353:4;354:4;1079:2;1121:3;1147:2;1152:2;1159:1;1182:3;1192:2;1215:4;1227:4;1264:1,1,2026-06-18
c32b0ee23a53e88a,UNLABELED,0,,13,60,1:17;11:4;14:4;18:4;344:4;345:4;1086:4;1147:4;1159:1;1182:2;1212:4;1227:4;1235:4,1,2026-06-18
a52543fc87a97ef2,UNLABELED,0,,15,60,8:13;57:2;169:4;190:4;1097:4;1121:4;1122:4;1123:2;1152:4;1159:1;1182:4;1192:4;1213:4;1227:4;1244:2,1,2026-06-26
05e63c3f2a7ecec1,UNLABELED,0,,20,60,15:4;17:4;414:1;463:4;473:2;474:2;891:4;1077:3;1097:2;1109:1;1122:2;1134:4;1137:1;1152:4;1216:4;1217:3;1218:4;1219:4;1220:4;1257:3,1,2026-06-28
26c6379657a2c820,UNLABELED,0,,19,60,5:3;19:4;66:3;305:4;741:4;742:4;743:4;1079:4;1081:4;1086:4;1097:3;1129:1;1146:1;1152:4;1182:2;1197:2;1225:4;1231:4;1247:1,1,2026-07-05
b114cc9bd6f2c80c,Mega Lucario ex,4,mega lucario ex,20,60,6:10;20:3;673:2;674:2;675:2;676:3;677:4;678:4;1102:3;1123:2;1137:1;1141:4;1142:4;1152:4;1159:1;1182:2;1192:3;1225:1;1227:4;1252:1,1,2026-06-21
50bffd8b08d6667c,UNLABELED,0,,19,60,3:7;17:4;666:4;1030:3;1031:4;1086:4;1097:1;1118:1;1119:4;1121:2;1122:4;1145:2;1159:1;1182:1;1189:4;1213:2;1227:4;1229:4;1260:4,1,2026-07-06
ec6f84cdcccc913b,Fezandipiti ex,1,fezandipiti ex,22,60,5:3;13:1;19:4;66:3;140:1;305:3;741:4;742:4;743:3;1079:3;1081:2;1086:4;1097:2;1129:1;1146:1;1152:4;1182:3;1184:1;1197:2;1225:4;1227:3;1231:4,1,2026-06-24
f519414181f507a2,UNLABELED,0,,19,60,11:3;12:1;19:4;65:4;66:3;304:2;878:4;879:3;1086:4;1097:3;1115:3;1122:4;1152:4;1171:4;1182:3;1194:2;1210:1;1227:4;1255:4,1,2026-06-26
94a74a2b69d27207,UNLABELED,0,,21,60,5:3;13:1;19:4;66:2;142:1;305:3;741:4;742:4;743:3;1079:3;1081:3;1086:4;1097:1;1129:2;1146:1;1152:4;1156:3;1182:2;1225:4;1231:4;1264:4,1,2026-06-24
543ca4bbd0093585,Fezandipiti ex,1,fezandipiti ex,23,60,5:2;13:1;19:4;66:3;140:1;305:4;343:1;741:4;742:4;743:3;1079:4;1081:3;1086:4;1097:2;1121:1;1129:1;1146:1;1152:4;1182:2;1184:1;1225:4;1231:4;1264:2,1,2026-07-01
c7200b56dc7c4c6f,Fezandipiti ex,1,fezandipiti ex,23,60,5:2;13:1;19:4;65:1;66:3;140:1;305:2;343:1;741:4;742:4;743:4;1079:3;1081:3;1086:4;1097:2;1137:1;1152:4;1174:1;1182:3;1184:2;1225:4;1231:4;1266:2,1,2026-07-03
f86ba61cccf3ccb1,UNLABELED,0,,19,60,11:4;12:1;19:4;65:4;66:4;304:2;878:4;879:2;1086:4;1097:3;1115:3;1122:4;1152:4;1171:4;1182:2;1194:2;1210:2;1227:4;1255:3,1,2026-06-27
e51fedf968c4efda,UNLABELED,0,,16,60,8:13;57:1;169:4;190:4;666:4;1097:4;1121:4;1122:3;1147:2;1152:3;1159:1;1182:4;1185:4;1213:3;1227:4;1244:2,1,2026-07-02
cb942fc9fc700141,Team Rocket's Mewtwo ex,2,team rocket's mewtwo ex,19,60,1:9;15:4;400:4;401:4;414:2;431:2;434:2;1094:3;1121:2;1122:1;1134:4;1152:3;1159:1;1182:2;1216:4;1217:3;1220:4;1227:3;1257:3,1,2026-06-20
ecb9fd41d48b6ccb,UNLABELED,0,,15,60,8:14;57:1;169:4;190:4;666:4;1097:4;1121:4;1122:4;1147:2;1152:4;1159:1;1185:4;1197:2;1227:4;1244:4,1,2026-07-05
94d15b6068715910,UNLABELED,0,,19,60,15:4;17:4;414:1;463:4;473:2;474:1;891:4;1077:4;1097:3;1109:1;1134:4;1152:4;1174:1;1216:4;1217:4;1218:4;1219:4;1220:4;1257:3,1,2026-06-28
90c1a3f3163f9edd,UNLABELED,0,,20,60,5:2;13:1;19:4;66:2;305:3;741:4;742:4;743:4;1079:4;1081:3;1086:4;1097:2;1129:1;1152:4;1156:2;1182:2;1184:2;1225:4;1231:4;1264:4,1,2026-06-24
d787bd2fa5f6c5e3,UNLABELED,0,,16,60,1:3;2:9;18:4;344:4;345:4;352:4;353:4;354:4;1079:4;1086:4;1121:4;1152:1;1159:1;1182:2;1215:4;1227:4,1,2026-06-19
0e7a9c48c0fbb1bb,UNLABELED,0,,19,60,15:4;17:4;414:1;463:4;473:2;474:1;891:3;1077:4;1097:3;1134:4;1152:4;1175:2;1216:4;1217:4;1218:4;1219:4;1220:4;1247:1;1257:3,1,2026-06-20
ccd41f8554b530ab,UNLABELED,0,,17,60,3:10;11:2;17:2;860:3;861:3;1030:4;1031:4;1086:4;1102:4;1122:3;1145:3;1152:4;1159:1;1225:4;1227:4;1229:2;1262:3,1,2026-06-20
bb2006b5432dd110,Fezandipiti ex,1,fezandipiti ex,21,60,2:6;6:12;11:2;81:1;140:1;204:2;319:2;320:3;675:2;676:2;1071:1;1097:3;1121:4;1128:1;1142:4;1152:3;1182:3;1185:2;1192:4;1201:1;1246:1,1,2026-06-17
98df4170353e7c8e,UNLABELED,0,,19,60,5:3;13:1;19:4;66:3;305:4;741:4;742:4;743:4;1079:4;1081:4;1086:4;1097:3;1129:1;1152:4;1182:3;1184:1;1197:1;1225:4;1231:4,1,2026-06-21
b8a17357fd357b34,Fezandipiti ex,1,fezandipiti ex,22,60,5:2;13:1;19:4;66:3;140:1;214:1;305:4;741:4;742:4;743:4;959:1;1079:4;1081:3;1086:4;1097:1;1129:1;1146:1;1152:4;1197:2;1225:4;1231:4;1266:3,1,2026-06-21
878d8d9ada634b46,UNLABELED,0,,19,60,3:9;17:4;666:4;1030:4;1031:3;1086:4;1097:2;1120:4;1121:1;1122:4;1145:4;1159:1;1182:1;1189:4;1197:1;1223:1;1225:2;1227:4;1229:3,1,2026-06-25
e5766997074f72cb,UNLABELED,0,,15,60,8:15;57:1;169:4;190:4;666:4;1097:4;1121:2;1122:4;1147:4;1152:4;1159:1;1185:4;1197:2;1227:4;1244:3,1,2026-07-02
ae0a52064d430013,Marnie's Grimmsnarl ex,3,marnie's grimmsnarl ex,18,60,7:11;66:2;112:4;305:3;646:4;647:3;648:3;649:1;1079:3;1086:4;1097:2;1139:1;1152:4;1159:1;1197:2;1227:4;1231:4;1259:4,1,2026-07-05
9908e937128aa33b,UNLABELED,0,,18,60,11:4;12:1;19:4;65:4;66:4;304:3;878:4;879:4;1086:1;1097:4;1102:4;1115:4;1122:4;1152:2;1171:4;1210:1;1227:4;1255:4,1,2026-06-26
593615e603566f8f,UNLABELED,0,,18,60,3:9;17:4;666:4;1030:4;1031:3;1086:4;1097:2;1120:4;1121:1;1122:4;1145:3;1159:1;1182:1;1189:4;1197:2;1223:2;1227:4;1229:4,1,2026-06-25
01e3b9c098771ebd,Dragapult ex,3,dragapult ex,21,60,2:4;5:4;119:4;120:4;121:3;140:1;184:1;235:2;1071:1;1079:3;1080:1;1086:4;1097:2;1120:3;1121:4;1152:4;1182:3;1198:4;1210:2;1227:4;1256:2,1,2026-06-23
4a4c8fdc31bc148f,UNLABELED,0,,18,60,8:11;57:1;169:4;190:4;666:4;1087:1;1097:3;1121:4;1122:4;1147:4;1152:4;1159:1;1182:1;1185:4;1197:1;1213:1;1227:4;1244:4,1,2026-07-05
98ecdbce8bd61a0f,UNLABELED,0,,15,60,8:17;57:1;169:4;190:4;666:4;1097:3;1121:4;1122:4;1147:3;1152:3;1159:1;1185:4;1197:2;1227:4;1244:2,1,2026-07-02
f575288d2b9f7bd3,Team Rocket's Mewtwo ex,2,team rocket's mewtwo ex,18,60,1:9;15:4;400:4;401:4;414:2;431:2;434:2;1094:3;1121:1;1134:4;1152:4;1159:1;1216:4;1217:3;1218:3;1220:4;1227:3;1257:3,1,2026-06-26
0741acc7a0a81516,UNLABELED,0,,21,60,6:9;12:1;16:4;112:1;116:3;675:2;676:3;1051:2;1052:2;1097:2;1118:2;1122:3;1137:1;1142:4;1152:4;1174:3;1182:4;1187:3;1227:4;1238:2;1264:1,1,2026-06-29
cf0f955995a47140,UNLABELED,0,,14,60,8:15;12:1;169:4;190:4;1097:4;1121:4;1122:2;1123:2;1152:4;1182:4;1192:4;1213:4;1227:4;1244:4,1,2026-06-24
b8027dd41807d784,UNLABELED,0,,19,60,11:4;12:1;19:4;65:4;66:3;304:1;878:4;879:4;1086:4;1097:3;1115:3;1122:3;1152:3;1171:3;1182:3;1194:3;1210:3;1227:4;1255:3,1,2026-06-27
cf6d10eb0b2ec055,UNLABELED,0,,21,60,5:1;13:1;19:4;66:3;174:1;305:4;741:4;742:4;743:4;1079:3;1081:3;1086:4;1097:2;1129:1;1152:3;1182:4;1184:1;1197:2;1225:3;1231:4;1266:4,1,2026-06-22
86499e4fd823b2f6,UNLABELED,0,,26,60,5:6;7:2;19:4;54:1;55:4;65:3;66:2;112:2;184:1;272:1;335:3;1071:1;1086:4;1092:1;1101:3;1119:2;1121:2;1129:1;1152:4;1174:1;1184:1;1189:4;1198:2;1225:1;1227:3;1263:1,1,2026-06-26
9cf95f0d27401a58,Dragapult ex,3,dragapult ex,20,60,2:4;5:4;119:4;120:4;121:3;140:1;184:1;235:2;1071:2;1079:4;1080:1;1086:4;1097:2;1121:4;1152:4;1182:4;1198:4;1210:2;1227:4;1256:2,1,2026-06-30
41e645122e9d59c6,Fezandipiti ex,1,fezandipiti ex,22,60,5:2;13:1;19:4;66:3;140:1;305:3;741:4;742:4;743:3;1079:3;1081:2;1086:4;1097:1;1129:1;1152:4;1156:2;1174:1;1182:3;1184:2;1225:4;1231:4;1266:4,1,2026-06-17
7eeb119d5acc4906,Fezandipiti ex,1,fezandipiti ex,22,60,5:2;13:1;19:4;66:3;140:1;142:1;305:3;343:1;741:4;742:4;743:3;858:1;1079:4;1081:3;1086:4;1097:1;1129:1;1152:4;1182:3;1225:4;1227:4;1231:4,1,2026-06-22
cf3a7feaf2e07bff,UNLABELED,0,,21,60,5:2;19:4;65:2;66:4;305:1;741:4;742:4;743:4;1079:4;1081:3;1086:4;1097:3;1129:1;1152:4;1182:3;1184:1;1197:2;1225:4;1227:1;1231:4;1247:1,1,2026-07-06
2fcf79f31ecdb9ff,Mega Lucario ex,3,mega lucario ex,22,60,6:10;20:2;673:2;674:2;675:2;676:3;677:4;678:3;1071:1;1097:1;1121:4;1122:3;1141:4;1142:4;1158:1;1174:1;1182:3;1213:3;1227:4;1229:1;1252:1;1256:1,1,2026-06-17
aa4a785fce84445d,UNLABELED,0,,20,60,11:4;19:4;304:2;311:3;878:4;879:4;1092:1;1097:2;1115:4;1122:4;1134:4;1152:2;1171:4;1182:2;1194:1;1197:1;1219:4;1225:2;1227:4;1255:4,1,2026-06-21
f3a66a435b68dcf2,UNLABELED,0,,22,60,6:10;12:1;16:4;116:4;626:1;675:2;676:2;791:1;1051:2;1052:2;1097:2;1122:2;1123:3;1141:2;1142:4;1152:4;1182:3;1187:2;1227:4;1238:2;1256:1;1264:2,1,2026-06-18
d17ff875cf148c46,Fezandipiti ex,1,fezandipiti ex,25,60,5:2;13:1;19:4;65:3;66:3;140:1;174:1;343:1;741:4;742:4;743:3;858:1;1079:3;1081:2;1086:4;1097:1;1129:1;1146:1;1152:4;1182:3;1184:1;1186:1;1225:4;1231:4;1264:3,1,2026-06-18
d3d944ac94530cb6,UNLABELED,0,,20,60,11:4;12:1;19:4;65:4;66:3;304:2;878:4;879:2;1086:4;1097:3;1115:3;1122:4;1152:4;1171:4;1182:2;1194:1;1210:2;1225:1;1227:4;1255:4,1,2026-06-24
f2361cdbad25851b,Teal Mask Ogerpon ex,4,teal mask ogerpon,14,60,1:20;95:4;344:4;345:4;1086:4;1097:2;1110:1;1118:2;1119:2;1121:4;1123:3;1182:2;1227:4;1235:4,1,2026-06-18
f106156986534f4a,Mega Kangaskhan ex,4,mega kangaskhan ex,25,60,6:1;11:4;14:4;18:4;117:1;344:3;345:3;756:4;858:1;1086:2;1120:4;1121:1;1122:3;1123:1;1147:4;1159:1;1182:4;1186:1;1190:1;1197:1;1212:1;1219:4;1225:2;1227:4;1257:1,1,2026-06-16
157ad0f02530292c,Mega Abomasnow ex,4,mega abomasnow ex,11,60,3:29;721:4;722:4;723:4;1121:4;1126:1;1145:2;1163:1;1192:4;1227:4;1262:3,1,2026-06-16
c1a4aa00d710cc27,Dragapult ex,3,dragapult ex,22,60,2:4;5:5;119:4;120:4;121:3;140:1;184:1;235:2;1071:1;1079:2;1080:1;1086:4;1097:2;1120:4;1121:4;1152:3;1156:1;1182:3;1198:4;1210:2;1227:4;1256:1,1,2026-06-27
2d71c6f1996fb778,Mega Lucario ex,4,mega lucario ex,13,60,6:18;675:2;676:3;677:4;678:4;1102:4;1123:4;1141:4;1142:4;1152:2;1182:3;1192:4;1227:4,1,2026-06-23
0155f6b15993e7a7,UNLABELED,0,,20,60,11:4;12:1;19:3;65:4;66:3;304:2;878:4;879:2;1086:4;1097:2;1115:3;1122:4;1129:1;1152:4;1171:4;1194:2;1210:2;1219:3;1227:4;1255:4,1,2026-06-23
3fb280bccb7483a7,UNLABELED,0,,13,60,1:19;11:4;14:4;18:4;344:4;345:4;1086:4;1120:3;1147:4;1159:1;1212:1;1227:4;1235:4,1,2026-06-17
73b8e8e2162f22b1,UNLABELED,0,,14,60,1:6;2:6;18:4;344:4;345:4;352:4;353:4;354:4;1079:4;1121:4;1152:4;1182:4;1215:4;1227:4,1,2026-06-17
1b96d77f991ff5b1,Mega Lucario ex,4,mega lucario ex,19,60,6:13;673:2;674:2;675:2;676:3;677:3;678:4;1097:2;1102:3;1123:3;1141:4;1142:4;1152:4;1159:1;1182:2;1197:1;1224:1;1225:2;1227:4,1,2026-06-26
b1adeb52225c848f,Fezandipiti ex,1,fezandipiti ex,25,60,5:2;13:1;19:4;66:2;140:1;214:1;305:3;741:4;742:4;743:3;959:1;1079:3;1081:4;1086:4;1120:4;1129:1;1137:1;1146:1;1152:4;1182:3;1184:1;1208:1;1225:4;1227:2;1264:1,1,2026-06-23
b1af26bae039a041,UNLABELED,0,,21,60,5:1;13:1;19:4;66:3;174:1;305:4;343:1;741:4;742:4;743:4;1079:3;1081:4;1086:4;1097:2;1129:1;1152:3;1182:4;1184:1;1225:3;1231:4;1266:4,1,2026-06-24
1e58a553d59975a3,Team Rocket's Mewtwo ex,2,team rocket's mewtwo ex,19,60,1:9;15:4;343:1;400:4;401:4;414:2;431:2;434:2;1094:3;1121:1;1134:4;1152:4;1159:1;1216:4;1217:2;1218:3;1220:4;1227:3;1257:3,1,2026-07-04
87878bec14a895a0,UNLABELED,0,,18,60,5:2;19:4;66:3;305:4;741:4;742:4;743:4;1079:4;1081:4;1086:4;1102:4;1104:1;1129:2;1152:4;1184:1;1225:4;1231:4;1264:3,1,2026-06-29
608037127de0670f,Mega Lucario ex,4,mega lucario ex,17,60,6:15;673:1;674:1;675:2;676:4;677:4;678:4;1102:4;1123:3;1141:4;1142:4;1152:4;1167:1;1182:1;1192:3;1227:4;1252:1,1,2026-06-24
8e44b412c21c5dfa,UNLABELED,0,,20,60,5:3;19:4;66:4;305:4;741:4;742:4;743:4;1079:4;1081:3;1086:4;1097:3;1129:1;1152:2;1159:1;1182:4;1197:1;1225:4;1227:1;1231:4;1264:1,1,2026-06-25
5f5f62912ed0d081,Mega Lucario ex,4,mega lucario ex,17,60,6:14;673:2;674:2;675:2;676:3;677:3;678:4;1102:4;1123:2;1141:4;1142:4;1152:4;1159:1;1182:2;1192:4;1227:4;1252:1,1,2026-06-26
71837a73b1294f82,Mega Lucario ex,4,mega lucario ex,14,60,6:17;675:2;676:3;677:4;678:4;1121:4;1123:2;1141:4;1142:4;1145:4;1182:2;1205:3;1227:4;1235:3,1,2026-06-23
c8c1bf9764932d8d,UNLABELED,0,,14,60,1:11;11:4;14:4;18:4;344:4;345:4;1086:4;1120:4;1147:4;1152:4;1159:1;1212:4;1227:4;1235:4,1,2026-06-18
3f0180aa6166785a,UNLABELED,0,,15,60,8:13;57:1;169:4;190:4;666:4;1087:2;1097:4;1121:4;1122:4;1147:4;1152:4;1159:1;1182:3;1185:4;1227:4,1,2026-06-30
bfb8a7a58fcd4295,Cynthia's Garchomp ex,3,cynthia's garchomp ex,19,60,6:4;20:4;341:4;342:4;379:4;380:4;381:3;387:1;1079:1;1080:1;1086:4;1097:1;1122:2;1142:4;1152:4;1173:4;1182:3;1225:4;1227:4,1,2026-07-05
020506086cb2e7b0,Mega Kangaskhan ex,4,mega kangaskhan ex,23,60,3:2;5:3;7:4;11:2;112:3;175:3;233:1;414:2;756:4;1097:1;1122:4;1123:2;1147:4;1152:3;1159:1;1182:2;1190:1;1198:3;1210:4;1213:2;1219:2;1227:3;1251:4,1,2026-06-24
b520caec0c3511ff,Dragapult ex,3,dragapult ex,24,60,2:4;5:5;31:1;119:4;120:4;121:3;140:1;184:1;235:1;272:1;1071:1;1079:2;1080:1;1086:4;1097:2;1120:4;1121:3;1152:4;1182:3;1198:3;1210:2;1227:4;1256:1;1260:1,1,2026-06-24
b3f8f5a936f62434,Mega Abomasnow ex,4,mega abomasnow ex,7,60,3:38;722:4;723:4;1121:2;1145:4;1227:4;1235:4,1,2026-06-17
49d41435c571ef3d,Fezandipiti ex,1,fezandipiti ex,24,60,5:2;19:4;66:1;140:1;142:2;305:3;343:1;741:4;742:3;743:3;858:1;1079:3;1081:3;1086:3;1097:3;1129:1;1152:4;1156:3;1182:1;1184:3;1224:1;1225:3;1231:4;1264:3,1,2026-06-23
3b336973fe7b01c6,Dragapult ex,4,dragapult ex,19,60,2:6;5:5;119:4;120:4;121:4;140:1;184:1;235:2;1079:4;1080:1;1086:4;1097:2;1121:4;1152:2;1182:4;1198:4;1210:2;1227:4;1256:2,1,2026-06-16
2a8c2e76cea8afd6,UNLABELED,0,,17,60,5:4;19:4;66:3;305:4;741:4;742:4;743:4;1079:4;1081:4;1086:4;1097:1;1129:2;1152:4;1182:4;1184:2;1225:4;1231:4,1,2026-06-29
43a84eaf17fde18d,Fezandipiti ex,1,fezandipiti ex,23,60,5:1;13:1;19:4;66:3;140:1;305:3;343:1;741:4;742:4;743:3;1079:4;1081:4;1086:4;1097:1;1129:1;1137:1;1152:4;1182:3;1184:1;1197:2;1225:4;1231:4;1266:2,1,2026-07-01
dfc731fac71f26f1,UNLABELED,0,,19,60,1:7;89:4;90:4;93:4;100:2;149:4;240:2;1086:4;1092:1;1094:4;1097:2;1137:1;1152:4;1174:1;1175:2;1182:2;1211:4;1227:4;1245:4,1,2026-06-25
8e82656e634ac2da,UNLABELED,0,,14,60,8:14;57:1;169:4;190:4;1097:4;1121:4;1122:4;1152:4;1159:1;1182:4;1192:4;1213:4;1227:4;1244:4,1,2026-06-30
d28a5e94534aae0c,UNLABELED,0,,18,60,5:2;19:4;66:4;174:2;305:4;741:4;742:4;743:4;1079:4;1081:4;1086:4;1097:1;1129:2;1152:4;1182:4;1225:4;1231:4;1247:1,1,2026-06-24
b55af43e0b922162,UNLABELED,0,,19,60,5:4;13:1;19:4;65:4;66:3;741:4;742:4;743:4;1079:4;1081:4;1086:4;1097:3;1129:1;1152:4;1182:3;1184:1;1225:4;1231:3;1264:1,1,2026-06-21
b4d63a18cb52e991,UNLABELED,0,,19,60,1:3;2:5;18:4;235:1;344:4;345:4;352:4;353:4;354:4;1097:2;1121:1;1152:4;1159:1;1182:3;1194:2;1213:2;1215:4;1227:4;1267:4,1,2026-07-04
ef1c3cb4eae26467,UNLABELED,0,,15,60,8:13;169:4;190:4;666:4;1097:4;1121:4;1122:4;1147:3;1152:4;1159:1;1182:2;1185:4;1197:1;1227:4;1244:4,1,2026-06-29
b4ef20e5475def6f,UNLABELED,0,,19,60,5:3;13:1;19:4;66:4;142:1;305:4;343:1;741:4;742:4;743:4;1079:4;1086:4;1129:1;1152:4;1161:4;1184:1;1225:4;1231:4;1264:4,1,2026-06-29
bfe17f933d600385,UNLABELED,0,,19,60,3:8;66:3;235:3;305:3;941:4;942:3;943:4;1079:4;1081:4;1086:4;1097:2;1104:1;1120:2;1122:2;1129:2;1152:2;1174:1;1227:4;1231:4,1,2026-06-22
bf935b4da2e041b7,Fezandipiti ex,1,fezandipiti ex,23,60,5:2;13:1;19:4;66:2;140:1;142:1;305:2;343:1;741:4;742:4;743:4;858:1;1079:3;1081:3;1086:4;1097:1;1129:1;1152:4;1156:3;1182:2;1225:4;1231:4;1264:4,1,2026-06-22
3c825a3abd501753,UNLABELED,0,,16,60,8:14;57:2;169:4;190:4;414:1;1097:4;1121:4;1122:4;1152:4;1159:1;1182:4;1192:4;1197:1;1213:2;1227:4;1244:3,1,2026-07-05
b28bceb540618967,Fezandipiti ex,1,fezandipiti ex,23,60,5:2;19:4;66:2;140:1;305:3;343:1;741:4;742:4;743:3;858:1;1079:3;1081:3;1086:4;1097:1;1129:3;1146:1;1152:4;1182:2;1184:2;1225:4;1231:4;1247:1;1266:3,1,2026-06-28
a27827186fbb722b,Mega Kangaskhan ex,4,mega kangaskhan ex,20,60,2:3;3:2;5:5;31:2;108:2;140:2;184:4;272:4;414:2;756:4;1071:4;1088:1;1102:4;1121:3;1146:4;1172:2;1182:3;1198:4;1205:1;1250:4,1,2026-06-25
5bbe78c7df6a16a2,Mega Kangaskhan ex,3,mega kangaskhan ex,23,60,1:7;14:4;18:4;344:4;345:3;756:3;1086:2;1121:2;1122:4;1123:1;1147:4;1159:1;1177:1;1182:4;1186:1;1197:1;1203:1;1212:1;1219:4;1225:2;1227:4;1235:1;1257:1,1,2026-06-18
834b6eda21fb1237,UNLABELED,0,,18,60,1:4;5:2;7:2;11:4;18:4;344:4;345:4;1086:3;1122:4;1147:4;1159:1;1182:3;1197:2;1198:4;1212:4;1219:4;1227:4;1257:3,1,2026-06-18
b89226f24fe868a6,UNLABELED,0,,18,60,5:8;255:2;414:2;521:2;1027:4;1081:4;1097:4;1120:4;1137:2;1152:4;1161:4;1182:4;1197:2;1200:4;1210:3;1227:4;1247:1;1266:2,1,2026-06-23
ae0d14ce9fa3b86f,UNLABELED,0,,19,60,5:4;13:1;19:4;66:3;305:4;741:4;742:4;743:4;1079:4;1081:4;1086:4;1097:3;1129:1;1152:4;1182:2;1184:1;1225:4;1231:4;1264:1,1,2026-07-07
dc762c6de252f8b4,Mega Lopunny ex,1,mega lopunny ex,26,60,5:7;16:3;19:4;112:2;117:2;183:1;184:1;272:1;343:1;414:1;597:1;745:4;746:3;747:3;848:1;849:1;1079:1;1145:2;1152:4;1182:2;1194:3;1197:3;1227:4;1231:2;1249:1;1266:2,1,2026-07-14
d5a00cd9fec5560e,Mega Lucario ex,4,mega lucario ex,17,60,6:15;673:2;674:2;675:2;676:3;677:3;678:4;1087:1;1102:4;1123:2;1141:4;1142:4;1152:4;1159:1;1182:2;1213:3;1227:4,1,2026-07-15
be3a8e357b9439ff,Fezandipiti ex,1,fezandipiti ex,18,60,5:4;19:4;66:4;140:1;305:4;741:4;742:4;743:4;1079:4;1081:3;1086:4;1097:2;1129:2;1152:4;1182:3;1225:4;1231:4;1247:1,1,2026-07-07
e44a46bfcc0214e4,UNLABELED,0,,20,60,7:9;112:2;292:4;293:4;303:2;906:2;1086:4;1097:2;1113:4;1121:3;1152:4;1159:1;1176:2;1182:4;1188:1;1195:1;1197:1;1205:3;1227:4;1253:3,1,2026-07-07
e13fd1ccc84b095d,UNLABELED,0,,20,60,5:2;13:1;19:4;66:3;305:4;741:4;742:4;743:4;1079:4;1081:4;1086:4;1097:2;1129:1;1152:4;1182:3;1184:1;1197:2;1225:4;1231:4;1264:1,1,2026-07-11
995f93195aa795aa,Mega Kangaskhan ex,3,mega kangaskhan ex,21,60,1:1;11:4;14:3;18:4;20:4;117:1;344:4;345:4;756:3;1086:4;1087:1;1121:2;1122:4;1123:1;1147:4;1159:1;1187:2;1197:3;1225:4;1227:4;1264:2,1,2026-07-17
7a3dfdac5c420dd6,UNLABELED,0,,21,60,3:9;666:2;860:3;861:3;1030:3;1031:3;1086:4;1087:2;1116:1;1122:3;1145:3;1152:1;1159:1;1182:2;1189:2;1197:2;1213:2;1225:2;1227:4;1229:4;1262:4,1,2026-07-16
c2ee4dbcdf7ec7e4,UNLABELED,0,,22,60,5:2;13:1;19:4;66:3;214:1;305:4;343:1;741:4;742:4;743:4;959:1;1079:4;1081:3;1086:4;1129:2;1146:1;1152:4;1182:2;1184:1;1225:4;1231:4;1264:2,1,2026-07-08
795a6c78e1194ccd,Fezandipiti ex,1,fezandipiti ex,20,60,5:4;19:4;66:3;140:1;305:4;343:1;741:4;742:4;743:4;1079:4;1081:4;1086:4;1097:1;1129:1;1152:4;1182:2;1184:1;1197:2;1225:4;1231:4,1,2026-07-07
c8e3597d524a0e79,Team Rocket's Mewtwo ex,2,team rocket's mewtwo ex,21,60,1:7;5:2;15:4;400:4;401:4;414:2;431:2;432:1;434:1;1094:3;1121:1;1134:4;1152:4;1159:1;1175:1;1216:4;1217:2;1218:3;1220:4;1227:3;1257:3,1,2026-07-14
248f452e8b8aa953,UNLABELED,0,,15,60,8:14;169:4;190:4;666:4;1097:4;1121:4;1122:4;1147:2;1152:4;1159:1;1185:4;1197:2;1213:1;1227:4;1244:4,1,2026-07-14
0d2a3e2649f24fb1,UNLABELED,0,,18,60,3:12;58:1;66:2;305:2;343:2;506:4;1081:4;1086:4;1097:4;1120:4;1122:4;1123:1;1152:4;1197:2;1208:4;1227:4;1247:1;1264:1,1,2026-07-12
49c73af4f8ad03d9,UNLABELED,0,,20,60,5:3;13:1;19:4;66:3;305:4;591:1;741:4;742:4;743:4;1079:4;1081:3;1086:4;1097:1;1129:1;1152:4;1182:3;1184:1;1197:3;1225:4;1231:4,1,2026-07-11
fce93e7e9e521c17,UNLABELED,0,,23,60,3:6;117:1;414:1;506:4;1081:4;1086:2;1097:3;1119:2;1120:4;1122:4;1123:1;1129:1;1139:1;1152:2;1166:3;1182:4;1194:2;1197:2;1219:4;1227:4;1247:1;1256:2;1264:2,1,2026-07-17
ed8af32e00d56c9a,UNLABELED,0,,21,60,3:6;7:3;112:3;506:4;1081:4;1086:1;1097:1;1119:3;1120:3;1122:4;1137:2;1152:4;1166:3;1182:2;1184:2;1194:1;1197:2;1219:4;1227:4;1247:1;1264:3,1,2026-07-09
b303167d8f7d6113,Fezandipiti ex,1,fezandipiti ex,23,60,5:2;13:1;19:4;66:3;140:1;214:1;305:4;741:4;742:4;743:4;959:1;1079:4;1081:3;1086:4;1097:1;1129:1;1146:1;1152:4;1184:1;1197:1;1225:4;1231:4;1266:3,1,2026-07-10
680da0c6c840cf99,UNLABELED,0,,21,60,5:5;6:1;7:3;19:4;54:3;55:4;112:3;117:2;184:3;335:1;1071:3;1086:3;1101:4;1119:4;1121:4;1122:1;1152:4;1159:1;1189:4;1225:1;1227:2,1,2026-08-09
ec1564bfeb05c103,Mega Lopunny ex,2,mega lopunny ex,25,60,3:4;11:4;13:1;65:1;66:3;109:1;174:1;305:3;848:3;849:2;860:3;861:2;1086:3;1087:2;1097:1;1121:3;1122:1;1137:1;1152:4;1174:3;1182:2;1225:3;1227:3;1229:3;1264:3,1,2026-08-06
6b0907ec35e835bd,Teal Mask Ogerpon ex,4,teal mask ogerpon ex,16,60,1:19;18:3;96:4;1094:4;1118:1;1119:2;1122:3;1127:4;1147:3;1159:1;1182:2;1201:1;1213:4;1221:2;1227:4;1251:3,1,2026-08-08
a303839777316bee,Marnie's Grimmsnarl ex,3,marnie's grimmsnarl ex,18,60,7:10;104:2;112:4;646:4;647:3;648:3;860:2;1079:4;1080:1;1086:4;1097:3;1122:1;1152:4;1182:2;1219:4;1227:4;1231:1;1259:4,1,2026-08-05
7702f27dfc110b71,Dragapult ex,3,dragapult ex,23,60,2:3;5:4;7:2;112:2;119:4;120:4;121:3;140:1;235:2;1071:1;1086:4;1097:2;1120:4;1121:4;1152:4;1159:1;1182:3;1197:1;1198:3;1213:1;1227:4;1231:1;1256:2,1,2026-08-08
dcdb898bf51e0fb7,Mega Lucario ex,4,mega lucario ex,18,60,6:12;673:2;674:2;675:2;676:3;677:3;678:4;1102:4;1123:2;1141:4;1142:4;1152:4;1159:1;1182:2;1213:3;1227:4;1229:2;1252:2,1,2026-08-04
05eb715b17b613fe,Mega Lopunny ex,2,mega lopunny ex,22,60,3:3;11:4;13:1;66:3;174:1;305:4;848:2;849:2;860:2;861:2;1086:4;1087:3;1097:1;1121:4;1122:2;1152:4;1174:2;1182:2;1225:3;1227:4;1229:4;1264:3,1,2026-08-10
3654c8b86446be5e,Mega Kangaskhan ex,4,mega kangaskhan ex,18,60,1:1;11:4;14:4;18:4;344:4;345:3;756:4;1086:4;1120:4;1122:4;1123:4;1147:3;1159:1;1182:2;1197:4;1225:4;1227:4;1264:2,1,2026-08-08
05413f44dfa35d63,Marnie's Grimmsnarl ex,3,marnie's grimmsnarl ex,18,60,7:10;104:2;112:4;646:4;647:2;648:3;860:2;1079:3;1080:1;1086:4;1097:3;1122:1;1152:4;1197:2;1219:4;1227:4;1231:3;1259:4,1,2026-08-03
94f469280059e654,Fezandipiti ex,1,fezandipiti ex,21,60,5:3;13:1;19:4;66:3;140:1;305:3;741:4;742:4;743:4;1079:3;1081:3;1086:4;1097:2;1129:1;1152:4;1182:3;1184:1;1197:2;1225:4;1231:4;1264:2,1,2026-07-07
b7d26f5c7d715607,UNLABELED,0,,20,60,5:3;13:1;19:4;66:3;305:3;741:4;742:4;743:4;1079:4;1081:4;1086:4;1097:3;1129:1;1152:4;1182:3;1184:1;1197:1;1225:4;1231:4;1264:1,1,2026-07-07
87b0ed2ad6405a26,Mega Lucario ex,3,mega lucario ex,20,60,6:13;117:1;673:2;674:2;675:2;676:3;677:4;678:3;1102:4;1123:2;1141:4;1142:4;1152:2;1159:1;1182:1;1192:3;1213:2;1227:4;1229:2;1252:1,1,2026-07-08
fa99a994b272cc28,UNLABELED,0,,26,60,6:8;7:1;12:1;16:4;20:1;112:1;116:3;117:1;135:1;675:2;676:3;1051:2;1052:2;1097:2;1122:2;1137:1;1142:4;1152:4;1174:2;1182:3;1187:1;1197:1;1213:1;1227:4;1238:3;1264:2,1,2026-07-08
46e13a8eb7e183af,UNLABELED,0,,15,60,8:13;57:1;169:4;190:4;666:4;1097:4;1121:4;1122:4;1147:3;1152:4;1159:1;1185:4;1197:2;1227:4;1244:4,1,2026-07-08
6618cabff34b2735,Dragapult ex,3,dragapult ex,25,60,2:4;5:4;7:2;66:2;112:2;119:4;120:4;121:3;140:1;235:2;305:2;306:1;1071:1;1086:4;1121:4;1137:1;1152:4;1159:1;1182:3;1197:1;1198:2;1213:1;1227:4;1240:1;1260:2,1,2026-07-08
16545c60396b882b,Fezandipiti ex,1,fezandipiti ex,21,60,5:3;13:1;19:4;66:2;140:1;305:3;343:1;741:4;742:4;743:4;1079:4;1081:4;1086:4;1097:1;1129:1;1152:4;1182:3;1184:1;1197:3;1225:4;1231:4,1,2026-07-09
9a8414bc1605d25a,Cynthia's Garchomp ex,3,cynthia's garchomp ex,21,60,6:3;10:1;20:4;341:4;342:4;379:4;380:4;381:3;387:1;1086:3;1097:1;1141:1;1142:4;1152:4;1173:3;1182:4;1213:3;1219:1;1225:2;1227:4;1256:2,1,2026-07-09
086aae342648ca9e,Mega Kangaskhan ex,4,mega kangaskhan ex,24,60,1:1;11:4;14:4;18:4;344:3;345:3;756:4;1086:2;1087:1;1121:1;1122:4;1123:1;1147:4;1159:1;1182:4;1186:3;1190:1;1197:1;1204:1;1219:4;1225:2;1227:4;1245:1;1257:2,1,2026-07-09
20bd60dc632d10b8,Fezandipiti ex,1,fezandipiti ex,24,60,5:2;13:1;19:4;65:4;66:3;140:1;174:1;343:2;741:4;742:4;743:4;858:1;1079:3;1081:2;1086:4;1097:1;1129:1;1146:1;1152:4;1182:3;1184:1;1225:4;1231:3;1264:2,1,2026-07-09
4a12527f6d92c9a2,UNLABELED,0,,16,60,8:11;57:1;169:4;190:4;666:4;1097:3;1121:4;1122:4;1147:4;1152:4;1159:1;1182:3;1185:4;1197:2;1227:4;1244:3,1,2026-07-10
9726a91cb9cdbd95,Marnie's Grimmsnarl ex,4,marnie's grimmsnarl ex,19,60,7:10;66:2;112:4;117:2;305:3;646:4;647:3;648:4;649:1;1079:4;1086:4;1097:1;1152:4;1159:1;1197:1;1213:1;1227:4;1231:3;1259:4,1,2026-07-11
4c938c6bf506dfd6,UNLABELED,0,,22,60,3:6;7:3;112:3;506:4;1081:4;1086:1;1097:1;1119:3;1120:3;1122:4;1137:1;1152:4;1166:4;1182:2;1184:2;1194:1;1197:1;1219:4;1227:4;1247:1;1256:1;1264:3,1,2026-07-11
31075c9e53d1a13d,Dragapult ex,3,dragapult ex,22,60,2:4;5:4;119:4;120:4;121:3;140:1;184:1;235:2;1079:2;1080:1;1086:4;1097:2;1120:4;1121:4;1123:1;1152:3;1156:1;1182:3;1198:4;1210:2;1227:4;1256:2,1,2026-07-12
37e9db4920994509,Dragapult ex,3,dragapult ex,24,60,2:3;5:4;7:2;66:1;112:2;119:4;120:4;121:3;140:1;235:1;305:2;306:1;1071:1;1079:2;1080:1;1086:4;1097:3;1121:4;1152:4;1182:3;1198:3;1227:4;1240:1;1246:2,1,2026-07-12
1aab0237a6569b2c,Fezandipiti ex,1,fezandipiti ex,22,60,5:3;13:1;19:4;66:3;140:1;305:3;741:4;742:4;743:4;1079:3;1081:4;1086:4;1097:1;1129:1;1137:1;1152:2;1182:2;1184:2;1197:3;1225:4;1231:4;1266:2,1,2026-07-12
6f8d904a64e7ca25,Marnie's Grimmsnarl ex,3,marnie's grimmsnarl ex,17,60,7:10;66:2;112:4;305:2;646:4;647:3;648:3;1079:4;1080:1;1086:4;1097:3;1152:4;1182:3;1197:2;1227:4;1231:3;1259:4,1,2026-07-12
c6fb751bd0d1b301,UNLABELED,0,,18,60,11:4;20:4;58:4;344:4;345:4;607:1;1086:4;1122:4;1123:4;1129:2;1142:4;1152:4;1182:4;1185:4;1194:2;1197:4;1204:2;1247:1,1,2026-07-12
711c9c6119886c6e,Fezandipiti ex,1,fezandipiti ex,21,60,5:2;19:4;66:3;140:1;305:3;741:4;742:4;743:4;1079:4;1081:3;1086:4;1097:2;1129:1;1152:4;1182:3;1184:1;1197:3;1225:4;1231:4;1247:1;1264:1,1,2026-07-12
38fa8a4262f5f9e0,UNLABELED,0,,19,60,5:6;19:4;164:4;343:1;817:2;818:2;1081:2;1086:4;1097:4;1120:4;1122:2;1152:4;1161:3;1184:2;1197:4;1225:4;1227:4;1228:3;1247:1,1,2026-07-12
dc00190f2a5ba462,Mega Kangaskhan ex,3,mega kangaskhan ex,22,60,1:1;11:4;14:4;18:4;20:3;117:1;344:4;345:3;756:3;1086:2;1121:2;1122:4;1123:1;1147:4;1159:1;1182:3;1194:2;1197:2;1219:4;1225:2;1227:4;1257:2,1,2026-07-12
aa0e3183d195e2d3,Mega Lopunny ex,1,mega lopunny ex,23,60,7:9;141:1;257:1;258:1;292:4;293:4;303:2;848:1;849:1;906:1;1086:4;1097:2;1113:4;1121:3;1152:4;1158:1;1182:3;1205:3;1211:2;1213:2;1227:4;1253:2;1256:1,1,2026-07-12
37fca0625bdfcba0,Cynthia's Garchomp ex,3,cynthia's garchomp ex,21,60,6:4;20:4;341:4;342:4;343:1;379:4;380:4;381:3;1080:1;1086:4;1097:2;1142:3;1152:4;1173:3;1182:3;1203:1;1208:1;1213:2;1225:2;1227:4;1261:2,1,2026-07-12
d4a88fa6447152fe,Dragapult ex,3,dragapult ex,25,60,2:3;5:4;7:2;66:1;112:2;119:4;120:4;121:3;140:1;235:1;305:2;306:1;1071:1;1079:2;1080:1;1086:4;1097:3;1121:4;1152:4;1182:2;1198:3;1213:1;1227:4;1240:1;1246:2,1,2026-07-12
16122d69e068716f,Marnie's Grimmsnarl ex,4,marnie's grimmsnarl ex,16,60,7:14;112:4;646:4;647:2;648:4;649:2;1079:4;1080:1;1086:4;1097:2;1152:4;1182:1;1197:2;1227:4;1231:4;1259:4,1,2026-07-13
e06df914d47f033e,Marnie's Grimmsnarl ex,4,marnie's grimmsnarl ex,16,60,7:10;66:3;112:3;305:3;646:4;647:3;648:4;689:1;1079:4;1086:4;1152:4;1159:1;1197:4;1227:4;1231:4;1259:4,1,2026-07-14
d818ad189e127a04,UNLABELED,0,,20,60,1:8;42:2;89:4;90:4;92:2;93:4;655:4;1086:4;1094:4;1097:1;1102:1;1129:1;1152:4;1155:1;1175:2;1182:2;1211:1;1225:3;1227:4;1245:4,1,2026-07-15
c9a5452977af0b41,UNLABELED,0,,18,60,8:13;57:2;169:4;190:4;414:1;666:3;1071:2;1097:3;1121:4;1152:4;1159:1;1182:2;1192:2;1197:2;1213:3;1227:4;1239:4;1244:2,1,2026-07-16
c9917240e9bd8067,Fezandipiti ex,1,fezandipiti ex,21,60,5:2;13:1;19:4;66:3;140:1;305:3;741:4;742:4;743:4;1079:4;1081:3;1086:4;1097:2;1129:1;1146:1;1152:4;1182:3;1184:1;1197:3;1225:4;1231:4,1,2026-07-16
797fcd4985090800,Fezandipiti ex,1,fezandipiti ex,22,60,5:2;13:1;19:4;65:3;66:2;109:4;140:1;343:1;742:4;743:4;1079:3;1081:4;1086:4;1097:1;1129:1;1152:4;1182:3;1184:1;1197:3;1225:4;1231:4;1266:2,1,2026-07-17
b888258643d0b247,UNLABELED,0,,20,60,7:11;827:4;828:4;829:1;833:2;834:2;1080:1;1086:4;1097:3;1122:2;1137:1;1145:4;1152:3;1182:2;1189:2;1197:2;1225:2;1227:4;1229:4;1246:2,1,2026-07-19
00932bb6c7f7e12a,Mega Lopunny ex,1,mega lopunny ex,22,60,7:10;141:1;257:1;258:1;292:4;293:4;303:2;848:1;849:1;906:1;1086:4;1097:2;1113:4;1121:3;1152:4;1159:1;1182:2;1205:3;1213:3;1227:4;1253:2;1256:2,1,2026-07-19
104f0ed21c6e5b31,Mega Lopunny ex,1,mega lopunny ex,26,60,5:7;16:3;19:4;112:2;117:2;183:1;184:1;272:1;343:1;414:2;597:1;745:4;746:3;747:3;848:1;849:1;1079:1;1145:2;1152:4;1182:2;1194:3;1197:3;1227:4;1231:2;1249:1;1256:1,1,2026-07-20
029019fef4a5042d,Mega Kangaskhan ex,2,mega kangaskhan ex,22,60,1:4;3:4;15:2;18:4;344:4;345:4;414:2;756:2;1097:2;1122:3;1123:1;1134:2;1147:4;1152:4;1159:1;1182:2;1198:4;1209:2;1210:1;1219:4;1225:1;1227:3,1,2026-07-21
56e7f229dce76854,UNLABELED,0,,18,60,1:4;11:4;14:4;18:4;20:4;117:3;344:4;345:4;1086:4;1122:4;1123:2;1147:4;1159:1;1186:1;1197:4;1212:3;1227:4;1264:2,1,2026-07-22
f8dc4ccd39e98d12,Marnie's Grimmsnarl ex,3,marnie's grimmsnarl ex,18,60,7:10;104:2;112:4;646:4;647:3;648:3;860:2;1079:3;1080:1;1086:4;1097:3;1152:4;1182:2;1197:2;1219:4;1227:4;1231:1;1259:4,1,2026-07-22
eaf1d2f9fc5cc13b,Mega Kangaskhan ex,3,mega kangaskhan ex,22,60,1:1;11:4;14:2;18:4;20:4;117:1;344:4;345:4;756:3;1086:4;1087:1;1121:1;1122:4;1123:1;1147:4;1159:1;1182:2;1187:2;1197:3;1225:4;1227:4;1264:2,1,2026-07-23
7e359b4676816133,UNLABELED,0,,20,60,1:7;3:3;6:2;16:4;18:1;117:2;343:1;344:4;345:4;414:2;666:4;1086:4;1152:4;1159:1;1182:2;1198:4;1210:3;1227:4;1256:1;1264:3,1,2026-07-23
3c6df30f8a7a9ba8,Cynthia's Garchomp ex,3,cynthia's garchomp ex,22,60,6:4;20:4;341:4;342:4;379:4;380:4;381:3;387:1;1086:4;1097:1;1137:1;1141:1;1142:3;1152:4;1173:3;1182:4;1194:1;1213:2;1219:2;1227:4;1249:1;1256:1,1,2026-07-23
30db1ee024042ec8,Marnie's Grimmsnarl ex,3,marnie's grimmsnarl ex,19,60,7:10;103:2;104:2;112:4;646:4;647:3;648:3;1079:3;1080:1;1086:4;1097:3;1122:1;1137:1;1152:4;1182:2;1219:4;1227:4;1231:1;1259:4,1,2026-07-24
338eafbad291cdbe,UNLABELED,0,,21,60,1:7;42:2;89:4;90:4;92:2;93:4;343:1;655:3;1086:4;1094:4;1097:3;1102:1;1129:1;1152:4;1155:1;1175:1;1182:2;1211:1;1225:3;1227:4;1245:4,1,2026-07-25
00ac5196e6530f86,Marnie's Grimmsnarl ex,3,marnie's grimmsnarl ex,18,60,7:10;66:2;112:4;305:2;306:1;646:4;647:3;648:3;1079:4;1080:1;1086:4;1097:2;1152:4;1182:3;1197:2;1227:4;1231:3;1259:4,1,2026-07-26
7d60eec45120e5f0,UNLABELED,0,,16,60,8:14;169:4;190:4;666:4;1087:1;1097:4;1121:4;1122:4;1147:2;1152:3;1159:1;1185:4;1197:2;1213:1;1227:4;1244:4,1,2026-07-26
2f94e9ff474c39a1,Mega Lopunny ex,1,mega lopunny ex,24,60,7:11;112:2;827:3;828:3;833:2;834:2;848:1;849:1;1080:1;1086:4;1097:2;1121:2;1137:1;1145:2;1152:1;1182:2;1189:2;1197:2;1213:2;1225:2;1227:4;1229:4;1246:2;1252:2,1,2026-07-26
c7178b65df7faade,Mega Kangaskhan ex,3,mega kangaskhan ex,20,60,1:1;11:4;14:3;18:4;20:4;117:1;344:4;345:4;756:3;1086:4;1121:1;1122:4;1147:4;1159:1;1182:1;1187:3;1197:4;1225:4;1227:4;1264:2,1,2026-07-27
671aea4c78b10f87,Mega Kangaskhan ex,4,mega kangaskhan ex,18,60,1:1;11:4;14:4;18:4;344:4;345:4;756:4;1086:4;1087:2;1122:4;1123:4;1147:4;1152:2;1159:1;1197:4;1225:4;1227:4;1264:2,1,2026-07-28
e9bb6661a3de3f80,Mega Lucario ex,4,mega lucario ex,19,60,6:10;20:3;117:1;675:2;676:4;677:4;678:4;1102:4;1123:3;1141:4;1142:4;1152:3;1159:1;1182:1;1192:2;1197:2;1227:4;1229:3;1252:1,1,2026-07-29
7076f6b88c1d7538,Dragapult ex,2,dragapult ex,26,60,2:3;5:3;7:2;112:1;119:4;120:4;121:2;131:2;132:2;133:1;140:1;235:1;1071:1;1080:1;1086:4;1097:2;1120:4;1121:4;1152:4;1161:1;1182:2;1198:3;1227:4;1231:1;1246:1;1256:2,1,2026-07-30
ef078dead3d0980e,Mega Kangaskhan ex,3,mega kangaskhan ex,19,60,1:1;11:4;14:2;18:4;20:4;117:2;344:4;345:4;756:3;1086:3;1122:4;1147:4;1159:1;1182:2;1187:3;1197:3;1225:4;1227:4;1264:4,1,2026-07-31
05d630ea10f7d16b,Mega Kangaskhan ex,4,mega kangaskhan ex,19,60,1:1;11:4;14:4;17:1;18:4;344:4;345:4;756:4;1086:4;1087:1;1095:1;1122:4;1123:4;1147:4;1182:2;1197:4;1225:4;1227:4;1264:2,1,2026-07-31
11b04dcb725c356f,Mega Lucario ex,4,mega lucario ex,18,60,6:10;20:4;117:2;675:2;676:3;677:4;678:4;1121:3;1123:2;1141:4;1142:4;1152:4;1159:1;1197:2;1213:2;1227:4;1229:4;1252:1,1,2026-08-01
1d4926b966aa2486,Mega Lucario ex,4,mega lucario ex,18,60,6:10;20:3;675:2;676:3;677:4;678:4;1102:4;1123:3;1141:4;1142:4;1152:4;1159:1;1182:2;1192:3;1197:1;1227:4;1229:3;1252:1,1,2026-08-02
438ae9574c66cf2b,Mega Kangaskhan ex,3,mega kangaskhan ex,20,60,1:1;11:4;14:2;18:4;20:4;117:2;344:4;345:3;756:3;1086:3;1120:3;1122:3;1147:4;1159:1;1187:3;1197:3;1212:1;1225:4;1227:4;1264:4,1,2026-08-03
d5cacb6709e59f7a,Dragapult ex,3,dragapult ex,24,60,2:3;5:4;7:3;66:1;112:2;119:4;120:4;121:3;140:1;235:1;305:1;343:1;1071:1;1080:1;1086:4;1097:2;1120:3;1121:4;1152:4;1182:3;1198:3;1213:1;1227:4;1260:2,1,2026-08-03
4c5a6821e863e617,Mega Kangaskhan ex,2,mega kangaskhan ex,25,60,1:1;11:4;14:3;18:4;20:2;117:1;344:4;345:3;756:2;1086:2;1121:3;1122:4;1123:1;1147:4;1159:1;1182:4;1187:1;1194:2;1197:1;1212:1;1219:4;1225:2;1227:4;1242:1;1257:1,1,2026-08-03
5970215cd0f6968c,Mega Lucario ex,4,mega lucario ex,17,60,6:14;673:2;674:2;675:2;676:3;677:4;678:4;1102:2;1123:2;1141:4;1142:4;1152:2;1159:1;1182:3;1192:4;1227:4;1252:3,1,2026-08-04
1f8703b476d6d38a,Teal Mask Ogerpon ex,4,teal mask ogerpon ex,17,60,1:16;18:4;96:4;1094:4;1118:2;1119:4;1122:4;1127:2;1137:1;1147:2;1159:1;1182:4;1201:1;1213:4;1223:1;1227:4;1251:2,1,2026-08-04
bb394cfcc536b3c2,UNLABELED,0,,22,60,6:9;7:1;12:1;16:4;116:4;117:1;675:2;676:2;791:1;1051:2;1052:2;1097:2;1122:2;1137:1;1142:4;1152:4;1174:2;1182:4;1187:3;1227:4;1238:2;1264:3,1,2026-08-05
54a3f4c2301cdbd5,Mega Kangaskhan ex,4,mega kangaskhan ex,19,60,1:1;11:4;14:4;18:4;344:4;345:4;756:4;1086:4;1087:1;1122:4;1123:3;1147:4;1159:1;1182:2;1186:1;1197:4;1225:4;1227:4;1264:3,1,2026-08-05
40f1021085a61e0f,Mega Kangaskhan ex,3,mega kangaskhan ex,21,60,1:1;11:4;14:1;18:4;20:4;117:2;344:4;345:3;756:3;1086:3;1096:1;1120:4;1122:3;1147:4;1175:2;1182:2;1187:3;1197:2;1225:4;1227:4;1264:2,1,2026-08-05
4ae75c6f572cbf5a,Teal Mask Ogerpon ex,4,teal mask ogerpon ex,17,60,1:18;18:2;96:4;1094:4;1118:2;1119:4;1122:4;1127:2;1137:1;1147:2;1159:1;1182:4;1201:1;1213:4;1223:1;1227:4;1251:2,1,2026-08-05
2759046d45c803ab,Dragapult ex,3,dragapult ex,24,60,2:3;5:3;7:3;112:2;119:4;120:4;121:3;140:1;141:1;235:1;272:1;689:1;791:1;1071:2;1086:4;1088:1;1097:4;1121:4;1152:4;1182:4;1198:2;1213:1;1227:4;1250:2,1,2026-08-06
061e24144a6ce11a,Teal Mask Ogerpon ex,4,teal mask ogerpon ex,24,60,1:13;92:2;93:2;96:4;140:1;150:2;655:1;709:2;710:2;917:2;920:1;1071:2;1080:1;1094:4;1097:2;1121:4;1152:1;1182:2;1184:1;1188:1;1201:1;1227:4;1231:1;1261:4,1,2026-08-06
3a7349781963f0b1,Mega Kangaskhan ex,1,mega kangaskhan ex,30,60,1:6;3:2;4:4;5:2;6:2;24:1;63:1;75:1;108:2;117:1;126:2;140:1;160:2;184:2;272:2;414:1;756:1;781:1;1071:1;1097:2;1119:2;1121:4;1126:1;1134:2;1182:2;1194:1;1198:4;1219:4;1227:1;1250:2,1,2026-08-06
5dc2661b39f914a2,Marnie's Grimmsnarl ex,3,marnie's grimmsnarl ex,18,60,7:12;104:1;112:4;646:4;647:2;648:3;860:1;1079:4;1080:1;1086:4;1097:3;1152:4;1182:2;1219:4;1227:4;1231:2;1259:4;1267:1,1,2026-08-06
22a47c5a1058b921,Fezandipiti ex,1,fezandipiti ex,20,60,1:7;89:4;90:3;92:4;93:4;140:1;1080:1;1086:4;1094:4;1097:3;1122:4;1129:1;1137:1;1152:4;1175:3;1184:1;1197:1;1227:4;1231:2;1245:4,1,2026-08-06
1d74e3b00be01a64,Teal Mask Ogerpon ex,4,teal mask ogerpon ex,21,60,1:12;3:1;12:1;16:1;18:4;96:4;117:1;414:2;848:1;849:1;1094:4;1121:3;1122:3;1127:3;1147:3;1152:3;1182:3;1201:1;1213:3;1227:4;1246:2,1,2026-08-06
dbfc1ba8fdabeb39,UNLABELED,0,,20,60,3:12;66:1;305:1;666:2;860:3;861:3;1030:3;1031:3;1086:4;1087:2;1122:2;1145:3;1152:1;1159:1;1182:3;1197:3;1225:3;1227:3;1229:4;1262:3,1,2026-08-06
0416c1e6c4217101,Dragapult ex,3,dragapult ex,23,60,2:3;5:4;7:2;112:2;119:4;120:4;121:3;140:1;235:2;1071:1;1080:1;1086:4;1097:2;1120:4;1121:4;1152:4;1161:1;1182:3;1198:3;1213:1;1227:4;1231:1;1256:2,1,2026-08-07
fa4545d6a064914a,Cynthia's Garchomp ex,3,cynthia's garchomp ex,19,60,6:5;20:4;341:4;342:3;379:4;380:4;381:3;387:2;1080:1;1086:4;1097:2;1142:4;1152:4;1173:3;1182:2;1197:1;1225:4;1227:4;1261:2,1,2026-08-07
e4aabd354cc35f91,Dragapult ex,3,dragapult ex,24,60,2:3;5:4;7:2;66:1;112:2;119:4;120:4;121:3;140:1;235:1;305:2;306:1;343:1;1071:1;1079:2;1080:1;1086:4;1097:3;1121:4;1152:4;1182:3;1198:3;1227:4;1246:2,1,2026-08-07
706f433a5ad22f75,Teal Mask Ogerpon ex,4,teal mask ogerpon ex,23,60,1:10;16:4;18:2;24:1;96:4;117:1;414:2;848:1;849:1;890:1;1094:4;1121:4;1122:3;1127:3;1137:1;1147:2;1152:2;1159:1;1182:3;1201:1;1213:3;1227:4;1251:2,1,2026-08-07
2e52301ff6911308,Mega Kangaskhan ex,3,mega kangaskhan ex,28,60,1:8;3:1;4:2;5:2;6:2;63:2;75:1;96:3;108:1;140:1;184:2;209:1;272:1;756:3;978:1;1071:3;1080:1;1097:2;1098:2;1116:4;1121:4;1182:2;1188:1;1198:4;1205:1;1213:1;1227:1;1250:3,1,2026-08-07
73b0ed38b2c7f5ea,Dragapult ex,4,dragapult ex,21,60,2:4;5:4;119:4;120:4;121:4;140:1;184:1;235:2;1071:1;1079:3;1080:1;1086:4;1097:2;1120:4;1121:4;1152:2;1182:3;1198:4;1210:2;1227:4;1256:2,1,2026-08-07
0069e1f158b8f95c,Mega Kangaskhan ex,2,mega kangaskhan ex,30,60,1:5;4:4;5:2;8:1;16:1;24:1;44:1;126:2;160:2;175:2;184:2;210:1;233:1;272:1;414:1;586:1;756:2;1097:1;1119:1;1122:4;1126:1;1134:1;1147:4;1152:2;1182:4;1188:2;1198:3;1210:1;1219:4;1246:2,1,2026-08-08
59c1b32644e6d6e9,Teal Mask Ogerpon ex,4,teal mask ogerpon ex,22,60,1:12;16:4;24:1;96:4;116:1;117:1;414:2;848:1;849:1;1094:4;1121:4;1122:3;1127:3;1137:1;1147:2;1152:2;1159:1;1182:3;1213:3;1226:1;1227:4;1251:2,1,2026-08-08
d9022add08284118,Mega Lucario ex,4,mega lucario ex,18,60,6:12;20:2;117:2;675:2;676:3;677:4;678:4;1121:3;1123:2;1141:4;1142:4;1152:4;1159:1;1197:2;1213:2;1227:4;1229:4;1252:1,1,2026-08-08
d253f23f46f8b4ba,UNLABELED,0,,17,60,1:5;89:4;90:4;92:4;93:4;343:1;1080:1;1086:4;1094:4;1097:4;1122:4;1129:1;1152:4;1175:4;1227:4;1231:4;1245:4,1,2026-08-08
c7bb3c9d30cf02de,Teal Mask Ogerpon ex,4,teal mask ogerpon ex,22,60,1:14;96:4;140:1;650:2;651:2;652:2;709:2;710:2;917:2;920:1;1071:2;1080:1;1094:4;1097:1;1121:4;1127:1;1152:2;1182:2;1184:1;1213:2;1227:4;1261:4,1,2026-08-08
20627125ffab9207,Fezandipiti ex,1,fezandipiti ex,22,60,5:2;13:1;19:4;66:2;140:1;305:3;343:1;741:4;742:4;743:4;1079:4;1081:4;1086:4;1097:1;1129:1;1152:4;1182:3;1184:1;1197:3;1225:4;1231:4;1266:1,1,2026-08-08
d7849c79633b5627,UNLABELED,0,,22,60,1:7;89:4;90:4;93:4;100:1;149:4;240:1;1080:1;1086:4;1094:4;1097:2;1121:2;1122:1;1129:1;1152:4;1174:2;1175:2;1182:2;1191:1;1211:1;1227:4;1245:4,1,2026-08-08
637a70372eb9874c,UNLABELED,0,,19,60,1:9;42:3;88:3;89:4;90:4;92:1;93:4;343:1;1080:1;1086:4;1094:4;1097:2;1129:1;1152:4;1175:1;1182:2;1225:4;1227:4;1245:4,1,2026-08-08
840698aa5f175aeb,Fezandipiti ex,1,fezandipiti ex,23,60,5:2;13:1;19:4;66:2;140:1;305:3;343:1;741:4;742:4;743:4;1079:3;1081:4;1086:4;1097:1;1129:1;1152:4;1182:3;1184:1;1197:3;1225:4;1231:4;1264:1;1266:1,1,2026-08-09
cad0e42d5a0a29dd,Dragapult ex,3,dragapult ex,25,60,2:3;5:4;7:3;66:1;112:2;119:4;120:4;121:3;140:1;235:1;305:1;306:1;1071:1;1080:1;1086:4;1097:2;1120:4;1121:4;1152:4;1182:2;1198:3;1213:1;1227:4;1246:1;1260:1,1,2026-08-09
cc84b1b9f1e05949,Dragapult ex,3,dragapult ex,24,60,2:3;5:3;7:2;31:1;112:2;119:4;120:4;121:3;140:1;235:1;1071:1;1080:1;1086:4;1097:3;1120:4;1121:4;1152:4;1182:3;1197:1;1198:3;1213:1;1227:4;1246:1;1256:2,1,2026-08-09
5386aba595f8d879,Dragapult ex,3,dragapult ex,26,60,2:3;5:3;7:2;112:2;119:4;120:4;121:3;131:2;132:2;133:1;140:1;235:1;343:1;791:1;1071:1;1079:3;1080:1;1086:4;1097:2;1121:4;1152:4;1182:2;1198:2;1227:4;1240:1;1256:2,1,2026-08-09
70645f1ff74e9b48,UNLABELED,0,,19,60,5:9;97:4;98:4;164:4;494:2;1079:4;1086:4;1097:2;1112:1;1119:1;1123:2;1152:4;1155:1;1197:2;1219:2;1227:4;1228:3;1231:3;1264:4,1,2026-08-09
71056fd1f7a89b2a,Marnie's Grimmsnarl ex,3,marnie's grimmsnarl ex,17,60,7:15;104:2;112:3;646:4;647:3;648:3;860:2;1079:3;1080:1;1086:3;1097:3;1152:3;1182:2;1219:4;1227:4;1231:1;1259:4,1,2026-08-09
6d3e4f8dfdc7aeaf,Team Rocket's Mewtwo ex,2,team rocket's mewtwo ex,22,60,1:6;5:2;15:4;400:4;401:4;414:2;431:2;434:2;1086:1;1094:2;1097:3;1134:4;1152:4;1175:1;1216:3;1217:2;1218:3;1220:3;1227:4;1246:1;1247:1;1257:2,1,2026-08-09
51b56fb88dab93cf,Teal Mask Ogerpon ex,4,teal mask ogerpon ex,16,60,1:14;96:4;650:4;651:4;652:3;920:1;1080:1;1094:4;1102:4;1122:4;1182:2;1187:2;1197:1;1227:4;1229:4;1261:4,1,2026-08-09
3c623d17a29ea8c0,UNLABELED,0,,14,60,3:14;860:4;861:4;1030:4;1031:4;1086:4;1120:4;1122:4;1159:1;1182:1;1189:4;1206:4;1227:4;1229:4,1,2026-08-09
452f97ef2f4d3154,Mega Lopunny ex,2,mega lopunny ex,23,60,3:3;11:4;13:1;66:4;174:1;305:4;848:2;849:2;860:2;861:2;1086:4;1087:2;1097:1;1121:4;1122:1;1145:1;1152:4;1174:3;1182:2;1225:3;1227:4;1229:4;1264:2,1,2026-08-10
afdee5230b0c5b97,Fezandipiti ex,1,fezandipiti ex,22,60,5:2;13:1;19:4;66:2;140:1;305:4;343:1;741:4;742:4;743:4;1079:3;1081:4;1086:4;1097:1;1129:1;1152:4;1182:3;1184:1;1197:3;1225:3;1231:4;1266:2,1,2026-08-10
1d1ce49f8102bb10,UNLABELED,0,,21,60,1:6;89:4;90:4;91:1;93:4;100:1;149:4;235:1;1080:1;1086:4;1094:4;1097:1;1152:4;1174:2;1175:2;1182:2;1184:2;1211:2;1213:3;1227:4;1245:4,1,2026-08-10
3f1f09c8f684f280,Mega Kangaskhan ex,2,mega kangaskhan ex,31,60,1:4;4:4;5:1;8:2;16:1;24:1;44:1;126:2;160:2;175:2;184:2;210:1;233:1;272:1;414:1;586:1;756:2;1097:1;1119:1;1122:4;1126:1;1134:1;1147:4;1152:2;1178:1;1182:4;1188:2;1198:3;1210:1;1219:4;1246:2,1,2026-08-10
ff6eff37c766e3c7,Team Rocket's Mewtwo ex,2,team rocket's mewtwo ex,20,60,1:7;15:4;400:4;401:4;414:2;431:2;434:3;1080:1;1086:1;1094:3;1121:2;1134:4;1152:4;1216:4;1217:1;1218:2;1220:4;1227:4;1257:2;1264:2,1,2026-08-10
