episode_id,opponent_current_score,result,went_first,decision_index,turn,select_context_name,n_options,category,action_class,action_card_id,chosen_option_types,n_available_attacks,n_chosen_attacks,our_active_id,our_active_hp,our_active_maxhp,our_active_prize_value,our_active_damaged,our_bench_n,our_prize_n,retreat_available_this_decision,bench_target_exists,our_active_retreat_cost,our_active_energy_loss_if_retreated,bench_ready_attackers,opp_active_id,opp_active_hp,opp_prize_n,opp_active_id_after,opp_active_hp_after,opp_prize_n_after,opp_lethal_now,opp_lethal_with_one_more_energy,opp_best_attack_name,opp_best_attack_damage,our_active_changed_since_prev_own_decision
92425250,1192.2,WIN,False,0,,,0,UNKNOWN,,,,0,0,,,,,False,,,False,False,,,0,,,,,,,,,,,False
92425250,1192.2,WIN,False,1,,,0,UNKNOWN,,,,0,0,,,,,False,,,False,False,,,0,,,,,,0,,,,,False
92425250,1192.2,WIN,False,2,0,SETUP_ACTIVE_POKEMON,2,EARLY_GAME_SETUP,,,CARD,0,0,,,,,False,0,0,False,False,,,0,,,0,,,6,,,,,False
92425250,1192.2,WIN,False,3,0,SETUP_BENCH_POKEMON,1,BENCH_MANAGEMENT,,,,0,0,,,,,False,0,6,False,False,,,0,,,6,1071,170,6,,,,,False
92425250,1192.2,WIN,False,4,2,MAIN,8,RESOURCE_MANAGEMENT,PLAY_ITEM,1152,PLAY,0,0,676,110,110,1,False,1,6,False,True,1,0,0,1071,170,6,1071,170,6,False,False,,,False
92425250,1192.2,WIN,False,5,2,TO_HAND,9,RESOURCE_MANAGEMENT,,,CARD,0,0,676,110,110,1,False,1,6,False,True,1,0,0,1071,170,6,1071,170,6,False,False,,,False
92425250,1192.2,WIN,False,6,2,MAIN,8,RESOURCE_MANAGEMENT,PLAY_POKEMON,675,PLAY,0,0,676,110,110,1,False,1,6,False,True,1,0,0,1071,170,6,1071,170,6,False,False,,,False
92425250,1192.2,WIN,False,7,2,MAIN,9,RESOURCE_MANAGEMENT,PLAY_ITEM,1121,PLAY,0,0,676,110,110,1,False,2,6,False,True,1,0,0,1071,170,6,1071,170,6,False,False,,,False
92425250,1192.2,WIN,False,8,2,DISCARD,4,RESOURCE_MANAGEMENT,,,CARD;CARD,0,0,676,110,110,1,False,2,6,False,True,1,0,0,1071,170,6,1071,170,6,False,False,,,False
92425250,1192.2,WIN,False,9,2,TO_HAND,12,RESOURCE_MANAGEMENT,,,CARD,0,0,676,110,110,1,False,2,6,False,True,1,0,0,1071,170,6,1071,170,6,False,False,,,False
92425250,1192.2,WIN,False,10,2,MAIN,4,RESOURCE_MANAGEMENT,PLAY_POKEMON,673,PLAY,0,0,676,110,110,1,False,2,6,False,True,1,0,0,1071,170,6,1071,170,6,False,False,,,False
92425250,1192.2,WIN,False,11,2,MAIN,3,RESOURCE_MANAGEMENT,PLAY_SUPPORTER,1227,PLAY,0,0,676,110,110,1,False,3,6,False,True,1,0,0,1071,170,6,1071,170,6,False,False,,,False
92425250,1192.2,WIN,False,12,2,MAIN,17,RESOURCE_MANAGEMENT,ABILITY,,ABILITY,0,0,676,110,110,1,False,3,6,False,True,1,0,0,1071,170,6,1071,170,6,False,False,,,False
92425250,1192.2,WIN,False,13,2,DISCARD,3,RESOURCE_MANAGEMENT,,,CARD,0,0,676,110,110,1,False,3,6,False,True,1,0,0,1071,170,6,1071,170,6,False,False,,,False
92425250,1192.2,WIN,False,14,2,MAIN,14,ENERGY_MANAGEMENT,ATTACH_ENERGY,,ATTACH,0,0,676,110,110,1,False,3,6,False,True,1,0,0,1071,170,6,1071,170,6,False,False,,,False
92425250,1192.2,WIN,False,15,2,MAIN,6,RESOURCE_MANAGEMENT,PLAY_ITEM,1142,PLAY,0,0,676,110,110,1,False,3,6,False,True,1,0,1,1071,170,6,1071,170,6,False,False,,,False
92425250,1192.2,WIN,False,16,2,TO_HAND,13,RESOURCE_MANAGEMENT,,,CARD,0,0,676,110,110,1,False,3,6,False,True,1,0,1,1071,170,6,1071,170,6,False,False,,,False
92425250,1192.2,WIN,False,17,2,MAIN,6,RESOURCE_MANAGEMENT,PLAY_POKEMON,677,PLAY,0,0,676,110,110,1,False,3,6,False,True,1,0,1,1071,170,6,1071,170,6,False,False,,,False
92425250,1192.2,WIN,False,18,2,MAIN,5,RESOURCE_MANAGEMENT,PLAY_POKEMON,676,PLAY,0,0,676,110,110,1,False,4,6,False,True,1,0,1,1071,170,6,1071,170,6,False,False,,,False
92425250,1192.2,WIN,False,19,2,MAIN,4,RESOURCE_MANAGEMENT,PLAY_ITEM,1142,PLAY,0,0,676,110,110,1,False,5,6,False,True,1,0,1,1071,170,6,1071,170,6,False,False,,,False
92425250,1192.2,WIN,False,20,2,TO_HAND,12,RESOURCE_MANAGEMENT,,,CARD,0,0,676,110,110,1,False,5,6,False,True,1,0,1,1071,170,6,1071,170,6,False,False,,,False
92425250,1192.2,WIN,False,21,2,MAIN,3,TIMING,,,,0,0,676,110,110,1,False,5,6,False,True,1,0,1,1071,170,6,96,210,5,False,False,,,False
92425250,1192.2,WIN,False,22,3,TO_ACTIVE,5,ACTIVE_POKEMON_SELECTION,,,CARD,0,0,,,,,False,5,6,False,True,,,1,96,210,5,96,210,5,,,,,True
92425250,1192.2,WIN,False,23,4,MAIN,15,RESOURCE_MANAGEMENT,PLAY_POKEMON,673,PLAY,1,0,677,80,80,1,False,4,6,False,True,2,1,0,96,210,5,96,210,5,False,False,Myriad Leaf Shower,30,False
92425250,1192.2,WIN,False,24,4,MAIN,15,RESOURCE_MANAGEMENT,ABILITY,,ABILITY,1,0,677,80,80,1,False,5,6,False,True,2,1,0,96,210,5,96,210,5,False,False,Myriad Leaf Shower,30,False
92425250,1192.2,WIN,False,25,4,DISCARD,1,RESOURCE_MANAGEMENT,,,CARD,0,0,677,80,80,1,False,5,6,False,True,2,1,0,96,210,5,96,210,5,False,False,Myriad Leaf Shower,30,False
92425250,1192.2,WIN,False,26,4,MAIN,11,RESOURCE_MANAGEMENT,PLAY_ITEM,1141,PLAY,1,0,677,80,80,1,False,5,6,False,True,2,1,0,96,210,5,96,210,5,False,False,Myriad Leaf Shower,30,False
92425250,1192.2,WIN,False,27,4,MAIN,10,RESOURCE_MANAGEMENT,PLAY_ITEM,1152,PLAY,1,0,677,80,80,1,False,5,6,False,True,2,1,0,96,210,5,96,210,5,False,False,Myriad Leaf Shower,30,False
92425250,1192.2,WIN,False,28,4,TO_HAND,4,RESOURCE_MANAGEMENT,,,CARD,0,0,677,80,80,1,False,5,6,False,True,2,1,0,96,210,5,96,210,5,False,False,Myriad Leaf Shower,30,False
92425250,1192.2,WIN,False,29,4,MAIN,10,RESOURCE_MANAGEMENT,PLAY_ITEM,1121,PLAY,1,0,677,80,80,1,False,5,6,False,True,2,1,0,96,210,5,96,210,5,False,False,Myriad Leaf Shower,30,False
92425250,1192.2,WIN,False,30,4,DISCARD,7,RESOURCE_MANAGEMENT,,,CARD;CARD,0,0,677,80,80,1,False,5,6,False,True,2,1,0,96,210,5,96,210,5,False,False,Myriad Leaf Shower,30,False
92425250,1192.2,WIN,False,31,4,TO_HAND,7,RESOURCE_MANAGEMENT,,,CARD,0,0,677,80,80,1,False,5,6,False,True,2,1,0,96,210,5,96,210,5,False,False,Myriad Leaf Shower,30,False
92425250,1192.2,WIN,False,32,4,MAIN,9,BENCH_MANAGEMENT,EVOLVE,,EVOLVE,1,0,677,80,80,1,False,5,6,False,True,2,1,0,96,210,5,96,210,5,False,False,Myriad Leaf Shower,30,False
92425250,1192.2,WIN,False,33,4,MAIN,7,BENCH_MANAGEMENT,EVOLVE,,EVOLVE,1,0,678,340,340,3,False,5,6,False,True,2,1,0,96,210,5,96,210,5,False,False,Myriad Leaf Shower,30,True
92425250,1192.2,WIN,False,34,4,ACTIVATE,2,RESOURCE_MANAGEMENT,,,YES,0,0,678,340,340,3,False,5,6,False,True,2,1,0,96,210,5,96,210,5,False,False,Myriad Leaf Shower,30,False
92425250,1192.2,WIN,False,35,4,SWITCH,5,ACTIVE_POKEMON_SELECTION,,,CARD,0,0,678,340,340,3,False,5,6,False,True,2,1,0,96,210,5,140,210,5,False,False,Myriad Leaf Shower,30,False
92425250,1192.2,WIN,False,36,4,MAIN,6,ATTACK_SELECTION,ATTACK,,ATTACK,1,1,678,340,340,3,False,5,6,False,True,2,1,0,140,210,5,140,0,5,False,False,,,False
92425250,1192.2,WIN,False,37,4,ATTACH_TO,3,ENERGY_MANAGEMENT,,,CARD;CARD;CARD,0,0,678,340,340,3,False,5,6,False,True,2,1,0,140,0,5,140,0,5,False,False,,,False
92425250,1192.2,WIN,False,38,4,ATTACH_FROM,5,ENERGY_MANAGEMENT,,,CARD,0,0,678,340,340,3,False,5,6,False,True,2,1,0,140,0,5,140,0,5,False,False,,,False
92425250,1192.2,WIN,False,39,4,ATTACH_FROM,5,ENERGY_MANAGEMENT,,,CARD,0,0,678,340,340,3,False,5,6,False,True,2,1,1,140,0,5,140,0,5,False,False,,,False
92425250,1192.2,WIN,False,40,4,ATTACH_FROM,5,ENERGY_MANAGEMENT,,,CARD,0,0,678,340,340,3,False,5,6,False,True,2,1,1,140,0,5,,,5,False,False,,,False
92425250,1192.2,WIN,False,41,4,TO_HAND,6,RESOURCE_MANAGEMENT,,,,0,0,678,340,340,3,False,5,6,False,True,2,1,1,,,5,150,330,2,,,,,False
92425250,1192.2,WIN,False,42,5,TO_ACTIVE,5,ACTIVE_POKEMON_SELECTION,,,CARD,0,0,,,,,False,5,4,False,True,,,1,150,330,2,150,330,2,,,,,True
92425250,1192.2,WIN,False,43,6,MAIN,8,RESOURCE_MANAGEMENT,PLAY_ITEM,1142,PLAY,0,0,674,150,150,1,False,4,4,False,True,3,2,1,150,330,2,150,330,2,False,False,Syrup Storm,30,False
92425250,1192.2,WIN,False,44,6,TO_HAND,11,RESOURCE_MANAGEMENT,,,CARD,0,0,674,150,150,1,False,4,4,False,True,3,2,1,150,330,2,150,330,2,False,False,Syrup Storm,30,False
92425250,1192.2,WIN,False,45,6,MAIN,13,RESOURCE_MANAGEMENT,PLAY_SUPPORTER,1182,PLAY,0,0,674,150,150,1,False,4,4,False,True,3,2,1,150,330,2,150,330,2,False,False,Syrup Storm,30,False
92425250,1192.2,WIN,False,46,6,SWITCH,4,ACTIVE_POKEMON_SELECTION,,,CARD,0,0,674,150,150,1,False,4,4,False,True,3,2,1,150,330,2,96,210,2,False,False,Syrup Storm,30,False
92425250,1192.2,WIN,False,47,6,MAIN,8,ENERGY_MANAGEMENT,ATTACH_ENERGY,,ATTACH,0,0,674,150,150,1,False,4,4,False,True,3,2,1,96,210,2,96,210,2,False,False,Myriad Leaf Shower,30,False
92425250,1192.2,WIN,False,48,6,MAIN,4,ATTACK_SELECTION,ATTACK,,ATTACK,1,1,674,150,150,1,False,4,4,True,True,3,3,1,96,210,2,,,2,False,False,Myriad Leaf Shower,30,False
92425250,1192.2,WIN,False,49,6,TO_HAND,4,RESOURCE_MANAGEMENT,,,,0,0,674,80,150,1,True,4,4,False,True,3,3,1,,,2,150,330,1,,,,,False
92425250,1192.2,WIN,False,50,7,TO_ACTIVE,4,ACTIVE_POKEMON_SELECTION,,,CARD,0,0,,,,,False,4,2,False,True,,,1,150,330,1,150,330,1,,,,,True
92425250,1192.2,WIN,False,51,8,MAIN,13,RESOURCE_MANAGEMENT,ABILITY,,ABILITY,1,0,677,80,80,1,False,3,2,False,True,2,1,0,150,330,1,150,330,1,False,False,Syrup Storm,30,False
92425250,1192.2,WIN,False,52,8,DISCARD,1,RESOURCE_MANAGEMENT,,,CARD,0,0,677,80,80,1,False,3,2,False,True,2,1,0,150,330,1,150,330,1,False,False,Syrup Storm,30,False
92425250,1192.2,WIN,False,53,8,MAIN,14,BENCH_MANAGEMENT,EVOLVE,,EVOLVE,1,0,677,80,80,1,False,3,2,False,True,2,1,0,150,330,1,150,330,1,False,False,Syrup Storm,30,False
92425250,1192.2,WIN,False,54,8,MAIN,13,RESOURCE_MANAGEMENT,PLAY_ITEM,1121,PLAY,1,0,678,340,340,3,False,3,2,False,True,2,1,0,150,330,1,150,330,1,False,False,Syrup Storm,30,True
92425250,1192.2,WIN,False,55,8,DISCARD,8,RESOURCE_MANAGEMENT,,,CARD;CARD,0,0,678,340,340,3,False,3,2,False,True,2,1,0,150,330,1,150,330,1,False,False,Syrup Storm,30,False
92425250,1192.2,WIN,False,56,8,TO_HAND,5,RESOURCE_MANAGEMENT,,,CARD,0,0,678,340,340,3,False,3,2,False,True,2,1,0,150,330,1,150,330,1,False,False,Syrup Storm,30,False
92425250,1192.2,WIN,False,57,8,MAIN,12,BENCH_MANAGEMENT,EVOLVE,,EVOLVE,1,0,678,340,340,3,False,3,2,False,True,2,1,0,150,330,1,150,330,1,False,False,Syrup Storm,30,False
92425250,1192.2,WIN,False,58,8,ACTIVATE,2,RESOURCE_MANAGEMENT,,,YES,0,0,678,340,340,3,False,3,2,False,True,2,1,0,150,330,1,150,330,1,False,False,Syrup Storm,30,False
92425250,1192.2,WIN,False,59,8,SWITCH,3,ACTIVE_POKEMON_SELECTION,,,CARD,0,0,678,340,340,3,False,3,2,False,True,2,1,0,150,330,1,1071,170,1,False,False,Syrup Storm,30,False
92425250,1192.2,WIN,False,60,8,MAIN,11,ENERGY_MANAGEMENT,ATTACH_ENERGY,,ATTACH,1,0,678,340,340,3,False,3,2,False,True,2,1,0,1071,170,1,1071,170,1,False,False,,,False
92425250,1192.2,WIN,False,61,8,MAIN,9,ATTACK_SELECTION,ATTACK,,ATTACK,2,1,678,340,340,3,False,3,2,True,True,2,2,0,1071,170,1,,,1,False,False,,,False
92403770,1077.8,WIN,False,0,,,0,UNKNOWN,,,,0,0,,,,,False,,,False,False,,,0,,,,,,,,,,,False
92403770,1077.8,WIN,False,1,,,0,UNKNOWN,,,,0,0,,,,,False,,,False,False,,,0,,,,,,0,,,,,False
92403770,1077.8,WIN,False,2,0,SETUP_ACTIVE_POKEMON,1,EARLY_GAME_SETUP,,,,0,0,,,,,False,0,0,False,False,,,0,,,0,235,30,6,,,,,False
92403770,1077.8,WIN,False,3,2,MAIN,6,RESOURCE_MANAGEMENT,PLAY_POKEMON,676,PLAY,0,0,675,110,110,1,False,0,6,False,False,1,0,0,235,30,6,235,30,6,False,False,Itchy Pollen,10,False
92403770,1077.8,WIN,False,4,2,MAIN,9,RESOURCE_MANAGEMENT,PLAY_ITEM,1123,PLAY,0,0,675,110,110,1,False,1,6,False,True,1,0,0,235,30,6,235,30,6,False,False,Itchy Pollen,10,False
92403770,1077.8,WIN,False,5,2,SWITCH,1,ACTIVE_POKEMON_SELECTION,,,CARD,0,0,675,110,110,1,False,1,6,False,True,1,0,0,235,30,6,235,30,6,False,False,Itchy Pollen,10,False
92403770,1077.8,WIN,False,6,2,MAIN,8,RESOURCE_MANAGEMENT,ABILITY,,ABILITY,0,0,676,110,110,1,False,1,6,False,True,1,0,0,235,30,6,235,30,6,False,False,Itchy Pollen,10,True
92403770,1077.8,WIN,False,7,2,DISCARD,1,RESOURCE_MANAGEMENT,,,CARD,0,0,676,110,110,1,False,1,6,False,True,1,0,0,235,30,6,235,30,6,False,False,Itchy Pollen,10,False
92403770,1077.8,WIN,False,8,2,MAIN,9,ENERGY_MANAGEMENT,ATTACH_ENERGY,,ATTACH,0,0,676,110,110,1,False,1,6,False,True,1,0,0,235,30,6,235,30,6,False,False,Itchy Pollen,10,False
92403770,1077.8,WIN,False,9,2,MAIN,7,ENERGY_MANAGEMENT,ATTACH_ENERGY,,ATTACH,0,0,676,210,210,1,False,1,6,False,True,1,0,0,235,30,6,235,30,6,False,False,Itchy Pollen,10,False
92403770,1077.8,WIN,False,10,2,MAIN,7,RESOURCE_MANAGEMENT,PLAY_SUPPORTER,1227,PLAY,1,0,676,210,210,1,False,1,6,True,True,1,1,0,235,30,6,235,30,6,False,False,Itchy Pollen,10,False
92403770,1077.8,WIN,False,11,2,MAIN,5,RESOURCE_MANAGEMENT,PLAY_ITEM,1121,PLAY,1,0,676,210,210,1,False,1,6,True,True,1,1,0,235,30,6,235,30,6,False,False,Itchy Pollen,10,False
92403770,1077.8,WIN,False,12,2,DISCARD,7,RESOURCE_MANAGEMENT,,,CARD;CARD,0,0,676,210,210,1,False,1,6,False,True,1,1,0,235,30,6,235,30,6,False,False,Itchy Pollen,10,False
92403770,1077.8,WIN,False,13,2,TO_HAND,9,RESOURCE_MANAGEMENT,,,CARD,0,0,676,210,210,1,False,1,6,False,True,1,1,0,235,30,6,235,30,6,False,False,Itchy Pollen,10,False
92403770,1077.8,WIN,False,14,2,MAIN,5,RESOURCE_MANAGEMENT,PLAY_POKEMON,677,PLAY,1,0,676,210,210,1,False,1,6,True,True,1,1,0,235,30,6,235,30,6,False,False,Itchy Pollen,10,False
92403770,1077.8,WIN,False,15,2,MAIN,4,ATTACK_SELECTION,ATTACK,,ATTACK,1,1,676,210,210,1,False,2,6,True,True,1,1,0,235,30,6,,,6,False,False,Itchy Pollen,10,False
92403770,1077.8,WIN,False,16,2,TO_HAND,6,RESOURCE_MANAGEMENT,,,,0,0,676,210,210,1,False,2,6,False,True,1,1,0,,,6,235,30,6,,,,,False
92403770,1077.8,WIN,False,17,4,MAIN,11,ENERGY_MANAGEMENT,ATTACH_ENERGY,,ATTACH,1,0,676,190,210,1,True,2,5,True,True,1,1,0,235,30,6,235,30,6,False,False,Itchy Pollen,10,False
92403770,1077.8,WIN,False,18,4,MAIN,5,RESOURCE_MANAGEMENT,PLAY_SUPPORTER,1213,PLAY,1,0,676,190,210,1,True,2,5,True,True,1,1,1,235,30,6,235,30,6,False,False,Itchy Pollen,10,False
92403770,1077.8,WIN,False,19,4,MAIN,4,RESOURCE_MANAGEMENT,ABILITY,,ABILITY,1,0,676,190,210,1,True,2,5,True,True,1,1,1,235,30,6,235,30,6,False,False,Itchy Pollen,10,False
92403770,1077.8,WIN,False,20,4,DISCARD,1,RESOURCE_MANAGEMENT,,,CARD,0,0,676,190,210,1,True,2,5,False,True,1,1,1,235,30,6,235,30,6,False,False,Itchy Pollen,10,False
92403770,1077.8,WIN,False,21,4,MAIN,4,BENCH_MANAGEMENT,EVOLVE,,EVOLVE,1,0,676,190,210,1,True,2,5,True,True,1,1,1,235,30,6,235,30,6,False,False,Itchy Pollen,10,False
92403770,1077.8,WIN,False,22,4,MAIN,3,RETREAT_SELECTION,RETREAT,,RETREAT,1,0,676,190,210,1,True,2,5,True,True,1,1,1,235,30,6,235,30,6,False,False,Itchy Pollen,10,False
92403770,1077.8,WIN,False,23,4,DISCARD_ENERGY,1,ENERGY_MANAGEMENT,,,ENERGY,0,0,676,190,210,1,True,2,5,False,True,1,1,1,235,30,6,235,30,6,False,False,Itchy Pollen,10,False
92403770,1077.8,WIN,False,24,4,SWITCH,2,ACTIVE_POKEMON_SELECTION,,,CARD,0,0,676,190,210,1,True,2,5,False,True,1,0,1,235,30,6,235,30,6,False,False,Itchy Pollen,10,False
92403770,1077.8,WIN,False,25,4,MAIN,2,ATTACK_SELECTION,ATTACK,,ATTACK,1,1,678,340,340,3,False,2,5,False,True,2,1,0,235,30,6,235,0,6,False,False,Itchy Pollen,10,True
92403770,1077.8,WIN,False,26,4,ATTACH_TO,3,ENERGY_MANAGEMENT,,,CARD;CARD;CARD,0,0,678,340,340,3,False,2,5,False,True,2,1,0,235,0,6,235,0,6,False,False,Itchy Pollen,10,False
92403770,1077.8,WIN,False,27,4,ATTACH_FROM,2,ENERGY_MANAGEMENT,,,CARD,0,0,678,340,340,3,False,2,5,False,True,2,1,0,235,0,6,235,0,6,False,False,Itchy Pollen,10,False
92403770,1077.8,WIN,False,28,4,ATTACH_FROM,2,ENERGY_MANAGEMENT,,,CARD,0,0,678,340,340,3,False,2,5,False,True,2,1,1,235,0,6,235,0,6,False,False,Itchy Pollen,10,False
92403770,1077.8,WIN,False,29,4,ATTACH_FROM,2,ENERGY_MANAGEMENT,,,CARD,0,0,678,340,340,3,False,2,5,False,True,2,1,1,235,0,6,,,6,False,False,Itchy Pollen,10,False
92403770,1077.8,WIN,False,30,4,TO_HAND,5,RESOURCE_MANAGEMENT,,,,0,0,678,340,340,3,False,2,5,False,True,2,1,2,,,6,121,320,6,,,,,False
92403770,1077.8,WIN,False,31,6,MAIN,14,RESOURCE_MANAGEMENT,PLAY_ITEM,1141,PLAY,1,0,678,140,340,3,True,2,4,False,True,2,1,2,121,320,6,121,320,6,True,False,Phantom Dive,200,False
92403770,1077.8,WIN,False,32,6,MAIN,13,RESOURCE_MANAGEMENT,PLAY_ITEM,1141,PLAY,1,0,678,140,340,3,True,2,4,False,True,2,1,2,121,320,6,121,320,6,True,False,Phantom Dive,200,False
92403770,1077.8,WIN,False,33,6,MAIN,12,RESOURCE_MANAGEMENT,PLAY_ITEM,1152,PLAY,1,0,678,140,340,3,True,2,4,False,True,2,1,2,121,320,6,121,320,6,True,False,Phantom Dive,200,False
92403770,1077.8,WIN,False,34,6,TO_HAND,7,RESOURCE_MANAGEMENT,,,CARD,0,0,678,140,340,3,True,2,4,False,True,2,1,2,121,320,6,121,320,6,True,False,Phantom Dive,200,False
92403770,1077.8,WIN,False,35,6,MAIN,12,RESOURCE_MANAGEMENT,PLAY_POKEMON,677,PLAY,1,0,678,140,340,3,True,2,4,False,True,2,1,2,121,320,6,121,320,6,True,False,Phantom Dive,200,False
92403770,1077.8,WIN,False,36,6,MAIN,13,ENERGY_MANAGEMENT,ATTACH_ENERGY,,ATTACH,1,0,678,140,340,3,True,3,4,False,True,2,1,2,121,320,6,121,320,6,True,False,Phantom Dive,200,False
92403770,1077.8,WIN,False,37,6,MAIN,7,RESOURCE_MANAGEMENT,ABILITY,,ABILITY,2,0,678,140,340,3,True,3,4,True,True,2,2,2,121,320,6,121,320,6,True,False,Phantom Dive,200,False
92403770,1077.8,WIN,False,38,6,DISCARD,1,RESOURCE_MANAGEMENT,,,CARD,0,0,678,140,340,3,True,3,4,False,True,2,2,2,121,320,6,121,320,6,True,False,Phantom Dive,200,False
92403770,1077.8,WIN,False,39,6,MAIN,8,RESOURCE_MANAGEMENT,PLAY_ITEM,1121,PLAY,2,0,678,140,340,3,True,3,4,True,True,2,2,2,121,320,6,121,320,6,True,False,Phantom Dive,200,False
92403770,1077.8,WIN,False,40,6,DISCARD,4,RESOURCE_MANAGEMENT,,,CARD;CARD,0,0,678,140,340,3,True,3,4,False,True,2,2,2,121,320,6,121,320,6,True,False,Phantom Dive,200,False
92403770,1077.8,WIN,False,41,6,TO_HAND,9,RESOURCE_MANAGEMENT,,,CARD,0,0,678,140,340,3,True,3,4,False,True,2,2,2,121,320,6,121,320,6,True,False,Phantom Dive,200,False
92403770,1077.8,WIN,False,42,6,MAIN,7,RESOURCE_MANAGEMENT,PLAY_POKEMON,673,PLAY,2,0,678,140,340,3,True,3,4,True,True,2,2,2,121,320,6,121,320,6,True,False,Phantom Dive,200,False
92403770,1077.8,WIN,False,43,6,MAIN,6,RESOURCE_MANAGEMENT,PLAY_SUPPORTER,1227,PLAY,2,0,678,140,340,3,True,4,4,True,True,2,2,2,121,320,6,121,320,6,True,False,Phantom Dive,200,False
92403770,1077.8,WIN,False,44,6,MAIN,7,RESOURCE_MANAGEMENT,PLAY_ITEM,1152,PLAY,2,0,678,140,340,3,True,4,4,True,True,2,2,2,121,320,6,121,320,6,True,False,Phantom Dive,200,False
92403770,1077.8,WIN,False,45,6,TO_HAND,5,RESOURCE_MANAGEMENT,,,CARD,0,0,678,140,340,3,True,4,4,False,True,2,2,2,121,320,6,121,320,6,True,False,Phantom Dive,200,False
92403770,1077.8,WIN,False,46,6,MAIN,6,RESOURCE_MANAGEMENT,PLAY_ITEM,1152,PLAY,2,0,678,140,340,3,True,4,4,True,True,2,2,2,121,320,6,121,320,6,True,False,Phantom Dive,200,False
92403770,1077.8,WIN,False,47,6,TO_HAND,4,RESOURCE_MANAGEMENT,,,CARD,0,0,678,140,340,3,True,4,4,False,True,2,2,2,121,320,6,121,320,6,True,False,Phantom Dive,200,False
92403770,1077.8,WIN,False,48,6,MAIN,6,RESOURCE_MANAGEMENT,PLAY_POKEMON,675,PLAY,2,0,678,140,340,3,True,4,4,True,True,2,2,2,121,320,6,121,320,6,True,False,Phantom Dive,200,False
92403770,1077.8,WIN,False,49,6,MAIN,5,ATTACK_SELECTION,ATTACK,,ATTACK,2,1,678,140,340,3,True,5,4,True,True,2,2,2,121,320,6,,,6,True,False,Phantom Dive,200,False
92403770,1077.8,WIN,False,50,6,TO_HAND,4,RESOURCE_MANAGEMENT,,,,0,0,678,140,340,3,True,5,4,False,True,2,2,2,,,6,121,320,2,,,,,False
92403770,1077.8,WIN,False,51,7,TO_ACTIVE,4,ACTIVE_POKEMON_SELECTION,,,CARD,0,0,,,,,False,4,2,False,True,,,0,121,320,2,121,320,2,,,,,True
92403770,1077.8,WIN,False,52,8,MAIN,12,RESOURCE_MANAGEMENT,ABILITY,,ABILITY,0,0,677,80,80,1,False,3,2,False,True,2,0,0,121,320,2,121,320,2,True,False,Phantom Dive,200,False
92403770,1077.8,WIN,False,53,8,DISCARD,1,RESOURCE_MANAGEMENT,,,CARD,0,0,677,80,80,1,False,3,2,False,True,2,0,0,121,320,2,121,320,2,True,False,Phantom Dive,200,False
92403770,1077.8,WIN,False,54,8,MAIN,16,RESOURCE_MANAGEMENT,PLAY_ITEM,1142,PLAY,0,0,677,80,80,1,False,3,2,False,True,2,0,0,121,320,2,121,320,2,True,False,Phantom Dive,200,False
92403770,1077.8,WIN,False,55,8,TO_HAND,5,RESOURCE_MANAGEMENT,,,CARD,0,0,677,80,80,1,False,3,2,False,True,2,0,0,121,320,2,121,320,2,True,False,Phantom Dive,200,False
92403770,1077.8,WIN,False,56,8,MAIN,16,RESOURCE_MANAGEMENT,PLAY_ITEM,1152,PLAY,0,0,677,80,80,1,False,3,2,False,True,2,0,0,121,320,2,121,320,2,True,False,Phantom Dive,200,False
92403770,1077.8,WIN,False,57,8,TO_HAND,2,RESOURCE_MANAGEMENT,,,CARD,0,0,677,80,80,1,False,3,2,False,True,2,0,0,121,320,2,121,320,2,True,False,Phantom Dive,200,False
92403770,1077.8,WIN,False,58,8,MAIN,16,RESOURCE_MANAGEMENT,PLAY_POKEMON,673,PLAY,0,0,677,80,80,1,False,3,2,False,True,2,0,0,121,320,2,121,320,2,True,False,Phantom Dive,200,False
92403770,1077.8,WIN,False,59,8,MAIN,17,RESOURCE_MANAGEMENT,PLAY_POKEMON,676,PLAY,0,0,677,80,80,1,False,4,2,False,True,2,0,0,121,320,2,121,320,2,True,False,Phantom Dive,200,False
92403770,1077.8,WIN,False,60,8,MAIN,18,ENERGY_MANAGEMENT,ATTACH_ENERGY,,ATTACH,0,0,677,80,80,1,False,5,2,False,True,2,0,0,121,320,2,121,320,2,True,False,Phantom Dive,200,False
92403770,1077.8,WIN,False,61,8,MAIN,7,BENCH_MANAGEMENT,EVOLVE,,EVOLVE,1,0,677,80,80,1,False,5,2,False,True,2,1,0,121,320,2,121,320,2,True,False,Phantom Dive,200,False
92403770,1077.8,WIN,False,62,8,ACTIVATE,2,RESOURCE_MANAGEMENT,,,YES,0,0,677,80,80,1,False,5,2,False,True,2,1,0,121,320,2,121,320,2,True,False,Phantom Dive,200,False
92403770,1077.8,WIN,False,63,8,SWITCH,4,ACTIVE_POKEMON_SELECTION,,,CARD,0,0,677,80,80,1,False,5,2,False,True,2,1,0,121,320,2,140,210,2,True,False,Phantom Dive,200,False
92403770,1077.8,WIN,False,64,8,MAIN,6,RESOURCE_MANAGEMENT,PLAY_ITEM,1141,PLAY,1,0,677,80,80,1,False,5,2,False,True,2,1,0,140,210,2,140,210,2,False,False,,,False
92403770,1077.8,WIN,False,65,8,MAIN,5,RESOURCE_MANAGEMENT,PLAY_SUPPORTER,1227,PLAY,1,0,677,80,80,1,False,5,2,False,True,2,1,0,140,210,2,140,210,2,False,False,,,False
92403770,1077.8,WIN,False,66,8,MAIN,5,BENCH_MANAGEMENT,EVOLVE,,EVOLVE,1,0,677,80,80,1,False,5,2,False,True,2,1,0,140,210,2,140,210,2,False,False,,,False
92403770,1077.8,WIN,False,67,8,MAIN,4,ATTACK_SELECTION,ATTACK,,ATTACK,1,1,678,340,340,3,False,5,2,False,True,2,1,0,140,210,2,140,0,2,False,False,,,True
92403770,1077.8,WIN,False,68,8,ATTACH_TO,8,ENERGY_MANAGEMENT,,,CARD;CARD;CARD,0,0,678,340,340,3,False,5,2,False,True,2,1,0,140,0,2,140,0,2,False,False,,,False
92403770,1077.8,WIN,False,69,8,ATTACH_FROM,5,ENERGY_MANAGEMENT,,,CARD,0,0,678,340,340,3,False,5,2,False,True,2,1,0,140,0,2,140,0,2,False,False,,,False
92403770,1077.8,WIN,False,70,8,ATTACH_FROM,5,ENERGY_MANAGEMENT,,,CARD,0,0,678,340,340,3,False,5,2,False,True,2,1,1,140,0,2,140,0,2,False,False,,,False
92403770,1077.8,WIN,False,71,8,ATTACH_FROM,5,ENERGY_MANAGEMENT,,,CARD,0,0,678,340,340,3,False,5,2,False,True,2,1,1,140,0,2,,,2,False,False,,,False
92396450,980.3,WIN,False,0,,,0,UNKNOWN,,,,0,0,,,,,False,,,False,False,,,0,,,,,,,,,,,False
92396450,980.3,WIN,False,1,,,0,UNKNOWN,,,,0,0,,,,,False,,,False,False,,,0,,,,,,0,,,,,False
92396450,980.3,WIN,False,2,0,SETUP_ACTIVE_POKEMON,1,EARLY_GAME_SETUP,,,,0,0,,,,,False,0,0,False,False,,,0,,,0,112,110,6,,,,,False
92396450,980.3,WIN,False,3,2,MAIN,8,RESOURCE_MANAGEMENT,PLAY_ITEM,1142,PLAY,0,0,677,80,80,1,False,0,6,False,False,2,0,0,112,110,6,112,110,6,False,False,,,False
92396450,980.3,WIN,False,4,2,TO_HAND,17,RESOURCE_MANAGEMENT,,,CARD,0,0,677,80,80,1,False,0,6,False,False,2,0,0,112,110,6,112,110,6,False,False,,,False
92396450,980.3,WIN,False,5,2,MAIN,8,RESOURCE_MANAGEMENT,PLAY_POKEMON,675,PLAY,0,0,677,80,80,1,False,0,6,False,False,2,0,0,112,110,6,112,110,6,False,False,,,False
92396450,980.3,WIN,False,6,2,MAIN,9,RESOURCE_MANAGEMENT,PLAY_ITEM,1142,PLAY,0,0,677,80,80,1,False,1,6,False,True,2,0,0,112,110,6,112,110,6,False,False,,,False
92396450,980.3,WIN,False,7,2,TO_HAND,16,RESOURCE_MANAGEMENT,,,CARD,0,0,677,80,80,1,False,1,6,False,True,2,0,0,112,110,6,112,110,6,False,False,,,False
92396450,980.3,WIN,False,8,2,MAIN,9,RESOURCE_MANAGEMENT,PLAY_POKEMON,676,PLAY,0,0,677,80,80,1,False,1,6,False,True,2,0,0,112,110,6,112,110,6,False,False,,,False
92396450,980.3,WIN,False,9,2,MAIN,11,RESOURCE_MANAGEMENT,ABILITY,,ABILITY,0,0,677,80,80,1,False,2,6,False,True,2,0,0,112,110,6,112,110,6,False,False,,,False
92396450,980.3,WIN,False,10,2,DISCARD,1,RESOURCE_MANAGEMENT,,,CARD,0,0,677,80,80,1,False,2,6,False,True,2,0,0,112,110,6,112,110,6,False,False,,,False
92396450,980.3,WIN,False,11,2,MAIN,12,ENERGY_MANAGEMENT,ATTACH_ENERGY,,ATTACH,0,0,677,80,80,1,False,2,6,False,True,2,0,0,112,110,6,112,110,6,False,False,,,False
92396450,980.3,WIN,False,12,2,MAIN,10,ENERGY_MANAGEMENT,ATTACH_ENERGY,,ATTACH,1,0,677,80,80,1,False,2,6,False,True,2,1,0,112,110,6,112,110,6,False,False,,,False
92396450,980.3,WIN,False,13,2,MAIN,7,RESOURCE_MANAGEMENT,PLAY_ITEM,1152,PLAY,1,0,677,180,180,1,False,2,6,False,True,2,1,0,112,110,6,112,110,6,False,False,,,False
92396450,980.3,WIN,False,14,2,TO_HAND,7,RESOURCE_MANAGEMENT,,,CARD,0,0,677,180,180,1,False,2,6,False,True,2,1,0,112,110,6,112,110,6,False,False,,,False
92396450,980.3,WIN,False,15,2,MAIN,7,RESOURCE_MANAGEMENT,PLAY_POKEMON,677,PLAY,1,0,677,180,180,1,False,2,6,False,True,2,1,0,112,110,6,112,110,6,False,False,,,False
92396450,980.3,WIN,False,16,2,MAIN,6,RESOURCE_MANAGEMENT,PLAY_ITEM,1142,PLAY,1,0,677,180,180,1,False,3,6,False,True,2,1,0,112,110,6,112,110,6,False,False,,,False
92396450,980.3,WIN,False,17,2,TO_HAND,13,RESOURCE_MANAGEMENT,,,CARD,0,0,677,180,180,1,False,3,6,False,True,2,1,0,112,110,6,112,110,6,False,False,,,False
92396450,980.3,WIN,False,18,2,MAIN,6,RESOURCE_MANAGEMENT,PLAY_POKEMON,673,PLAY,1,0,677,180,180,1,False,3,6,False,True,2,1,0,112,110,6,112,110,6,False,False,,,False
92396450,980.3,WIN,False,19,2,MAIN,5,RESOURCE_MANAGEMENT,PLAY_SUPPORTER,1213,PLAY,1,0,677,180,180,1,False,4,6,False,True,2,1,0,112,110,6,112,110,6,False,False,,,False
92396450,980.3,WIN,False,20,2,MAIN,3,RESOURCE_MANAGEMENT,PLAY_ITEM,1142,PLAY,1,0,677,180,180,1,False,4,6,False,True,2,1,0,112,110,6,112,110,6,False,False,,,False
92396450,980.3,WIN,False,21,2,TO_HAND,12,RESOURCE_MANAGEMENT,,,CARD,0,0,677,180,180,1,False,4,6,False,True,2,1,0,112,110,6,112,110,6,False,False,,,False
92396450,980.3,WIN,False,22,2,MAIN,2,TIMING,,,,1,0,677,180,180,1,False,4,6,False,True,2,1,0,112,110,6,112,110,6,False,False,,,False
92396450,980.3,WIN,False,23,4,MAIN,12,BENCH_MANAGEMENT,EVOLVE,,EVOLVE,0,0,677,180,180,1,False,4,6,False,True,2,0,0,112,110,6,112,110,6,False,False,,,False
92396450,980.3,WIN,False,24,4,MAIN,10,ENERGY_MANAGEMENT,ATTACH_ENERGY,,ATTACH,0,0,678,440,440,3,False,4,6,False,True,2,0,0,112,110,6,112,110,6,False,False,,,True
92396450,980.3,WIN,False,25,4,MAIN,5,RESOURCE_MANAGEMENT,PLAY_SUPPORTER,1227,PLAY,1,0,678,440,440,3,False,4,6,False,True,2,1,0,112,110,6,112,110,6,False,False,,,False
92396450,980.3,WIN,False,26,4,MAIN,6,RESOURCE_MANAGEMENT,ABILITY,,ABILITY,1,0,678,440,440,3,False,4,6,False,True,2,1,0,112,110,6,112,110,6,False,False,,,False
92396450,980.3,WIN,False,27,4,DISCARD,2,RESOURCE_MANAGEMENT,,,CARD,0,0,678,440,440,3,False,4,6,False,True,2,1,0,112,110,6,112,110,6,False,False,,,False
92396450,980.3,WIN,False,28,4,MAIN,7,RESOURCE_MANAGEMENT,PLAY_POKEMON,677,PLAY,1,0,678,440,440,3,False,4,6,False,True,2,1,0,112,110,6,112,110,6,False,False,,,False
92396450,980.3,WIN,False,29,4,MAIN,5,BENCH_MANAGEMENT,EVOLVE,,EVOLVE,1,0,678,440,440,3,False,5,6,False,True,2,1,0,112,110,6,112,110,6,False,False,,,False
92396450,980.3,WIN,False,30,4,ACTIVATE,2,RESOURCE_MANAGEMENT,,,YES,0,0,678,440,440,3,False,5,6,False,True,2,1,0,112,110,6,112,110,6,False,False,,,False
92396450,980.3,WIN,False,31,4,SWITCH,5,ACTIVE_POKEMON_SELECTION,,,CARD,0,0,678,440,440,3,False,5,6,False,True,2,1,0,112,110,6,140,210,6,False,False,,,False
92396450,980.3,WIN,False,32,4,MAIN,4,BENCH_MANAGEMENT,EVOLVE,,EVOLVE,1,0,678,440,440,3,False,5,6,False,True,2,1,0,140,210,6,140,210,6,False,False,,,False
92396450,980.3,WIN,False,33,4,MAIN,3,ATTACK_SELECTION,ATTACK,,ATTACK,1,1,678,440,440,3,False,5,6,False,True,2,1,0,140,210,6,140,0,6,False,False,,,False
92396450,980.3,WIN,False,34,4,ATTACH_TO,3,ENERGY_MANAGEMENT,,,CARD;CARD;CARD,0,0,678,440,440,3,False,5,6,False,True,2,1,0,140,0,6,140,0,6,False,False,,,False
92396450,980.3,WIN,False,35,4,ATTACH_FROM,5,ENERGY_MANAGEMENT,,,CARD,0,0,678,440,440,3,False,5,6,False,True,2,1,0,140,0,6,140,0,6,False,False,,,False
92396450,980.3,WIN,False,36,4,ATTACH_FROM,5,ENERGY_MANAGEMENT,,,CARD,0,0,678,440,440,3,False,5,6,False,True,2,1,1,140,0,6,140,0,6,False,False,,,False
92396450,980.3,WIN,False,37,4,ATTACH_FROM,5,ENERGY_MANAGEMENT,,,CARD,0,0,678,440,440,3,False,5,6,False,True,2,1,1,140,0,6,,,6,False,False,,,False
92396450,980.3,WIN,False,38,4,TO_HAND,6,RESOURCE_MANAGEMENT,,,,0,0,678,440,440,3,False,5,6,False,True,2,1,1,,,6,112,110,6,,,,,False
92396450,980.3,WIN,False,39,6,MAIN,25,ENERGY_MANAGEMENT,ATTACH_ENERGY,,ATTACH,1,0,678,440,440,3,False,5,4,False,True,2,1,1,112,110,6,112,110,6,False,False,,,False
92396450,980.3,WIN,False,40,6,MAIN,9,RESOURCE_MANAGEMENT,PLAY_ITEM,1121,PLAY,2,0,678,440,440,3,False,5,4,True,True,2,2,1,112,110,6,112,110,6,False,False,,,False
92396450,980.3,WIN,False,41,6,DISCARD,8,RESOURCE_MANAGEMENT,,,CARD;CARD,0,0,678,440,440,3,False,5,4,False,True,2,2,1,112,110,6,112,110,6,False,False,,,False
92396450,980.3,WIN,False,42,6,TO_HAND,4,RESOURCE_MANAGEMENT,,,CARD,0,0,678,440,440,3,False,5,4,False,True,2,2,1,112,110,6,112,110,6,False,False,,,False
92396450,980.3,WIN,False,43,6,MAIN,7,RESOURCE_MANAGEMENT,ABILITY,,ABILITY,2,0,678,440,440,3,False,5,4,True,True,2,2,1,112,110,6,112,110,6,False,False,,,False
92396450,980.3,WIN,False,44,6,DISCARD,2,RESOURCE_MANAGEMENT,,,CARD,0,0,678,440,440,3,False,5,4,False,True,2,2,1,112,110,6,112,110,6,False,False,,,False
92396450,980.3,WIN,False,45,6,MAIN,9,RESOURCE_MANAGEMENT,PLAY_ITEM,1152,PLAY,2,0,678,440,440,3,False,5,4,True,True,2,2,1,112,110,6,112,110,6,False,False,,,False
92396450,980.3,WIN,False,46,6,TO_HAND,1,RESOURCE_MANAGEMENT,,,CARD,0,0,678,440,440,3,False,5,4,False,True,2,2,1,112,110,6,112,110,6,False,False,,,False
92396450,980.3,WIN,False,47,6,MAIN,8,RESOURCE_MANAGEMENT,PLAY_ITEM,1152,PLAY,2,0,678,440,440,3,False,5,4,True,True,2,2,1,112,110,6,112,110,6,False,False,,,False
92396450,980.3,WIN,False,48,6,MAIN,7,RESOURCE_MANAGEMENT,PLAY_SUPPORTER,1227,PLAY,2,0,678,440,440,3,False,5,4,True,True,2,2,1,112,110,6,112,110,6,False,False,,,False
92396450,980.3,WIN,False,49,6,MAIN,6,ATTACK_SELECTION,ATTACK,,ATTACK,2,1,678,440,440,3,False,5,4,True,True,2,2,1,112,110,6,,,6,False,False,,,False
92396450,980.3,WIN,False,50,6,TO_HAND,4,RESOURCE_MANAGEMENT,,,,0,0,678,440,440,3,False,5,4,False,True,2,2,1,,,6,305,70,6,,,,,False
92396450,980.3,WIN,False,51,8,MAIN,14,RESOURCE_MANAGEMENT,ABILITY,,ABILITY,1,0,678,440,440,3,False,5,3,True,True,2,2,1,305,70,6,305,70,6,False,False,,,False
92396450,980.3,WIN,False,52,8,DISCARD,1,RESOURCE_MANAGEMENT,,,CARD,0,0,678,440,440,3,False,5,3,False,True,2,2,1,305,70,6,305,70,6,False,False,,,False
92396450,980.3,WIN,False,53,8,MAIN,15,BENCH_MANAGEMENT,EVOLVE,,EVOLVE,1,0,678,440,440,3,False,5,3,True,True,2,2,1,305,70,6,305,70,6,False,False,,,False
92396450,980.3,WIN,False,54,8,MAIN,14,ATTACK_SELECTION,ATTACK,,ATTACK,1,1,678,440,440,3,False,5,3,True,True,2,2,1,305,70,6,305,0,6,False,False,,,False
92396450,980.3,WIN,False,55,8,ATTACH_TO,2,ENERGY_MANAGEMENT,,,CARD;CARD,0,0,678,440,440,3,False,5,3,False,True,2,2,1,305,0,6,305,0,6,False,False,,,False
92396450,980.3,WIN,False,56,8,ATTACH_FROM,5,ENERGY_MANAGEMENT,,,CARD,0,0,678,440,440,3,False,5,3,False,True,2,2,1,305,0,6,305,0,6,False,False,,,False
92396450,980.3,WIN,False,57,8,ATTACH_FROM,5,ENERGY_MANAGEMENT,,,CARD,0,0,678,440,440,3,False,5,3,False,True,2,2,2,305,0,6,,,6,False,False,,,False
92396450,980.3,WIN,False,58,8,TO_HAND,3,RESOURCE_MANAGEMENT,,,,0,0,678,440,440,3,False,5,3,False,True,2,2,2,,,6,121,320,6,,,,,False
92396450,980.3,WIN,False,59,10,MAIN,19,RESOURCE_MANAGEMENT,ABILITY,,ABILITY,2,0,678,370,440,3,True,5,2,True,True,2,2,2,121,320,6,121,320,6,False,False,Jet Headbutt,70,False
92396450,980.3,WIN,False,60,10,DISCARD,1,RESOURCE_MANAGEMENT,,,CARD,0,0,678,370,440,3,True,5,2,False,True,2,2,2,121,320,6,121,320,6,False,False,Jet Headbutt,70,False
92396450,980.3,WIN,False,61,10,MAIN,19,RESOURCE_MANAGEMENT,PLAY_ITEM,1141,PLAY,2,0,678,370,440,3,True,5,2,True,True,2,2,2,121,320,6,121,320,6,False,False,Jet Headbutt,70,False
92396450,980.3,WIN,False,62,10,MAIN,18,RESOURCE_MANAGEMENT,PLAY_ITEM,1141,PLAY,2,0,678,370,440,3,True,5,2,True,True,2,2,2,121,320,6,121,320,6,False,False,Jet Headbutt,70,False
92396450,980.3,WIN,False,63,10,MAIN,17,ENERGY_MANAGEMENT,ATTACH_ENERGY,,ATTACH,2,0,678,370,440,3,True,5,2,True,True,2,2,2,121,320,6,121,320,6,False,False,Jet Headbutt,70,False
92396450,980.3,WIN,False,64,10,MAIN,11,RESOURCE_MANAGEMENT,PLAY_SUPPORTER,1213,PLAY,2,0,678,370,440,3,True,5,2,True,True,2,2,2,121,320,6,121,320,6,False,False,Jet Headbutt,70,False
92396450,980.3,WIN,False,65,10,MAIN,5,ATTACK_SELECTION,ATTACK,,ATTACK,2,1,678,370,440,3,True,5,2,True,True,2,2,2,121,320,6,,,6,False,False,Jet Headbutt,70,False
92366701,1039.0,WIN,False,0,,,0,UNKNOWN,,,,0,0,,,,,False,,,False,False,,,0,,,,,,,,,,,False
92366701,1039.0,WIN,False,1,,,0,UNKNOWN,,,,0,0,,,,,False,,,False,False,,,0,,,,,,0,,,,,False
92366701,1039.0,WIN,False,2,0,SETUP_ACTIVE_POKEMON,1,EARLY_GAME_SETUP,,,,0,0,,,,,False,0,0,False,False,,,0,,,0,676,110,6,,,,,False
92366701,1039.0,WIN,False,3,2,MAIN,7,RESOURCE_MANAGEMENT,PLAY_ITEM,1152,PLAY,0,0,676,110,110,1,False,0,6,False,False,1,0,0,676,110,6,676,110,6,False,False,,,False
92366701,1039.0,WIN,False,4,2,TO_HAND,10,RESOURCE_MANAGEMENT,,,CARD,0,0,676,110,110,1,False,0,6,False,False,1,0,0,676,110,6,676,110,6,False,False,,,False
92366701,1039.0,WIN,False,5,2,MAIN,7,RESOURCE_MANAGEMENT,PLAY_ITEM,1142,PLAY,0,0,676,110,110,1,False,0,6,False,False,1,0,0,676,110,6,676,110,6,False,False,,,False
92366701,1039.0,WIN,False,6,2,TO_HAND,18,RESOURCE_MANAGEMENT,,,CARD,0,0,676,110,110,1,False,0,6,False,False,1,0,0,676,110,6,676,110,6,False,False,,,False
92366701,1039.0,WIN,False,7,2,MAIN,7,RESOURCE_MANAGEMENT,PLAY_POKEMON,675,PLAY,0,0,676,110,110,1,False,0,6,False,False,1,0,0,676,110,6,676,110,6,False,False,,,False
92366701,1039.0,WIN,False,8,2,MAIN,9,RESOURCE_MANAGEMENT,PLAY_ITEM,1152,PLAY,0,0,676,110,110,1,False,1,6,False,True,1,0,0,676,110,6,676,110,6,False,False,,,False
92366701,1039.0,WIN,False,9,2,TO_HAND,9,RESOURCE_MANAGEMENT,,,CARD,0,0,676,110,110,1,False,1,6,False,True,1,0,0,676,110,6,676,110,6,False,False,,,False
92366701,1039.0,WIN,False,10,2,MAIN,9,RESOURCE_MANAGEMENT,PLAY_POKEMON,677,PLAY,0,0,676,110,110,1,False,1,6,False,True,1,0,0,676,110,6,676,110,6,False,False,,,False
92366701,1039.0,WIN,False,11,2,MAIN,9,RESOURCE_MANAGEMENT,PLAY_ITEM,1121,PLAY,0,0,676,110,110,1,False,2,6,False,True,1,0,0,676,110,6,676,110,6,False,False,,,False
92366701,1039.0,WIN,False,12,2,DISCARD,4,RESOURCE_MANAGEMENT,,,CARD;CARD,0,0,676,110,110,1,False,2,6,False,True,1,0,0,676,110,6,676,110,6,False,False,,,False
92366701,1039.0,WIN,False,13,2,TO_HAND,12,RESOURCE_MANAGEMENT,,,CARD,0,0,676,110,110,1,False,2,6,False,True,1,0,0,676,110,6,676,110,6,False,False,,,False
92366701,1039.0,WIN,False,14,2,MAIN,7,RESOURCE_MANAGEMENT,PLAY_POKEMON,677,PLAY,0,0,676,110,110,1,False,2,6,False,True,1,0,0,676,110,6,676,110,6,False,False,,,False
92366701,1039.0,WIN,False,15,2,MAIN,7,ENERGY_MANAGEMENT,ATTACH_ENERGY,,ATTACH,0,0,676,110,110,1,False,3,6,False,True,1,0,0,676,110,6,676,110,6,False,False,,,False
92366701,1039.0,WIN,False,16,2,MAIN,4,RESOURCE_MANAGEMENT,PLAY_SUPPORTER,1227,PLAY,1,0,676,110,110,1,False,3,6,True,True,1,1,0,676,110,6,676,110,6,False,False,,,False
92366701,1039.0,WIN,False,17,2,MAIN,6,RESOURCE_MANAGEMENT,ABILITY,,ABILITY,1,0,676,110,110,1,False,3,6,True,True,1,1,0,676,110,6,676,110,6,False,False,,,False
92366701,1039.0,WIN,False,18,2,DISCARD,3,RESOURCE_MANAGEMENT,,,CARD,0,0,676,110,110,1,False,3,6,False,True,1,1,0,676,110,6,676,110,6,False,False,,,False
92366701,1039.0,WIN,False,19,2,MAIN,6,RESOURCE_MANAGEMENT,PLAY_POKEMON,673,PLAY,1,0,676,110,110,1,False,3,6,True,True,1,1,0,676,110,6,676,110,6,False,False,,,False
92366701,1039.0,WIN,False,20,2,MAIN,5,RESOURCE_MANAGEMENT,PLAY_ITEM,1152,PLAY,1,0,676,110,110,1,False,4,6,True,True,1,1,0,676,110,6,676,110,6,False,False,,,False
92366701,1039.0,WIN,False,21,2,TO_HAND,5,RESOURCE_MANAGEMENT,,,CARD,0,0,676,110,110,1,False,4,6,False,True,1,1,0,676,110,6,676,110,6,False,False,,,False
92366701,1039.0,WIN,False,22,2,MAIN,5,RESOURCE_MANAGEMENT,PLAY_POKEMON,676,PLAY,1,0,676,110,110,1,False,4,6,True,True,1,1,0,676,110,6,676,110,6,False,False,,,False
92366701,1039.0,WIN,False,23,2,MAIN,4,TIMING,,,,1,0,676,110,110,1,False,5,6,True,True,1,1,0,676,110,6,676,40,6,False,False,,,False
92366701,1039.0,WIN,False,24,4,MAIN,22,RESOURCE_MANAGEMENT,PLAY_ITEM,1123,PLAY,0,0,673,80,80,1,False,5,6,False,True,2,0,1,676,40,6,676,40,6,False,False,,,True
92366701,1039.0,WIN,False,25,4,SWITCH,5,ACTIVE_POKEMON_SELECTION,,,CARD,0,0,673,80,80,1,False,5,6,False,True,2,0,1,676,40,6,676,40,6,False,False,,,False
92366701,1039.0,WIN,False,26,4,MAIN,21,ENERGY_MANAGEMENT,ATTACH_ENERGY,,ATTACH,0,0,677,80,80,1,False,5,6,False,True,2,0,1,676,40,6,676,40,6,False,False,,,True
92366701,1039.0,WIN,False,27,4,MAIN,10,BENCH_MANAGEMENT,EVOLVE,,EVOLVE,1,0,677,80,80,1,False,5,6,False,True,2,1,1,676,40,6,676,40,6,False,False,,,False
92366701,1039.0,WIN,False,28,4,MAIN,7,RESOURCE_MANAGEMENT,ABILITY,,ABILITY,1,0,678,340,340,3,False,5,6,False,True,2,1,1,676,40,6,676,40,6,False,False,,,True
92366701,1039.0,WIN,False,29,4,DISCARD,1,RESOURCE_MANAGEMENT,,,CARD,0,0,678,340,340,3,False,5,6,False,True,2,1,1,676,40,6,676,40,6,False,False,,,False
92366701,1039.0,WIN,False,30,4,MAIN,7,ATTACK_SELECTION,ATTACK,,ATTACK,1,1,678,340,340,3,False,5,6,False,True,2,1,1,676,40,6,676,0,6,False,False,,,False
92366701,1039.0,WIN,False,31,4,ATTACH_TO,2,ENERGY_MANAGEMENT,,,CARD;CARD,0,0,678,340,340,3,False,5,6,False,True,2,1,1,676,0,6,676,0,6,False,False,,,False
92366701,1039.0,WIN,False,32,4,ATTACH_FROM,5,ENERGY_MANAGEMENT,,,CARD,0,0,678,340,340,3,False,5,6,False,True,2,1,1,676,0,6,676,0,6,False,False,,,False
92366701,1039.0,WIN,False,33,4,ATTACH_FROM,5,ENERGY_MANAGEMENT,,,CARD,0,0,678,340,340,3,False,5,6,False,True,2,1,2,676,0,6,,,6,False,False,,,False
92366701,1039.0,WIN,False,34,4,TO_HAND,6,RESOURCE_MANAGEMENT,,,,0,0,678,340,340,3,False,5,6,False,True,2,1,2,,,6,674,150,6,,,,,False
92366701,1039.0,WIN,False,35,6,MAIN,30,ENERGY_MANAGEMENT,ATTACH_ENERGY,,ATTACH,0,0,673,80,80,1,False,5,5,False,True,2,0,3,674,150,6,674,150,6,False,False,,,True
92366701,1039.0,WIN,False,36,6,MAIN,7,RESOURCE_MANAGEMENT,ABILITY,,ABILITY,1,0,673,80,80,1,False,5,5,False,True,2,1,3,674,150,6,674,150,6,False,False,,,False
92366701,1039.0,WIN,False,37,6,DISCARD,3,RESOURCE_MANAGEMENT,,,CARD,0,0,673,80,80,1,False,5,5,False,True,2,1,3,674,150,6,674,150,6,False,False,,,False
92366701,1039.0,WIN,False,38,6,MAIN,7,TIMING,,,,1,0,673,80,80,1,False,5,5,False,True,2,1,3,674,150,6,674,140,6,False,False,,,False
92366701,1039.0,WIN,False,39,8,MAIN,26,ENERGY_MANAGEMENT,ATTACH_ENERGY,,ATTACH,1,0,673,80,80,1,False,5,5,False,True,2,1,3,674,140,6,674,140,6,False,False,,,False
92366701,1039.0,WIN,False,40,8,MAIN,16,RETREAT_SELECTION,RETREAT,,RETREAT,2,0,673,80,80,1,False,5,5,True,True,2,2,3,674,140,6,674,140,6,False,False,,,False
92366701,1039.0,WIN,False,41,8,DISCARD_ENERGY,2,ENERGY_MANAGEMENT,,,ENERGY,0,0,673,80,80,1,False,5,5,False,True,2,2,3,674,140,6,674,140,6,False,False,,,False
92366701,1039.0,WIN,False,42,8,DISCARD_ENERGY,1,ENERGY_MANAGEMENT,,,ENERGY,0,0,673,80,80,1,False,5,5,False,True,2,1,3,674,140,6,674,140,6,False,False,,,False
92366701,1039.0,WIN,False,43,8,SWITCH,5,ACTIVE_POKEMON_SELECTION,,,CARD,0,0,673,80,80,1,False,5,5,False,True,2,0,3,674,140,6,674,140,6,False,False,,,False
92366701,1039.0,WIN,False,44,8,MAIN,14,BENCH_MANAGEMENT,EVOLVE,,EVOLVE,1,0,677,80,80,1,False,5,5,False,True,2,2,2,674,140,6,674,140,6,False,False,,,True
92366701,1039.0,WIN,False,45,8,MAIN,13,ATTACK_SELECTION,ATTACK,,ATTACK,2,1,678,340,340,3,False,5,5,False,True,2,2,2,674,140,6,,,6,False,False,,,True
92333634,1066.8,WIN,True,0,,,0,UNKNOWN,,,,0,0,,,,,False,,,False,False,,,0,,,,,,,,,,,False
92333634,1066.8,WIN,True,1,,,0,UNKNOWN,,,,0,0,,,,,False,,,False,False,,,0,,,,,,0,,,,,False
92333634,1066.8,WIN,True,2,0,IS_FIRST,2,GOING_FIRST_SECOND,,,YES,0,0,,,,,False,0,0,False,False,,,0,,,0,,,0,,,,,False
92333634,1066.8,WIN,True,3,0,SETUP_ACTIVE_POKEMON,2,EARLY_GAME_SETUP,,,,0,0,,,,,False,0,0,False,False,,,0,,,0,,,6,,,,,False
92333634,1066.8,WIN,True,4,0,SETUP_BENCH_POKEMON,1,BENCH_MANAGEMENT,,,,0,0,,,,,False,0,6,False,False,,,0,,,6,235,30,6,,,,,False
92333634,1066.8,WIN,True,5,1,MAIN,5,RESOURCE_MANAGEMENT,PLAY_POKEMON,676,PLAY,0,0,677,80,80,1,False,0,6,False,False,2,0,0,235,30,6,235,30,6,False,False,Itchy Pollen,10,False
92333634,1066.8,WIN,True,6,1,MAIN,6,RESOURCE_MANAGEMENT,PLAY_ITEM,1142,PLAY,0,0,677,80,80,1,False,1,6,False,True,2,0,0,235,30,6,235,30,6,False,False,Itchy Pollen,10,False
92333634,1066.8,WIN,True,7,1,TO_HAND,17,RESOURCE_MANAGEMENT,,,CARD,0,0,677,80,80,1,False,1,6,False,True,2,0,0,235,30,6,235,30,6,False,False,Itchy Pollen,10,False
92333634,1066.8,WIN,True,8,1,MAIN,6,RESOURCE_MANAGEMENT,PLAY_POKEMON,675,PLAY,0,0,677,80,80,1,False,1,6,False,True,2,0,0,235,30,6,235,30,6,False,False,Itchy Pollen,10,False
92333634,1066.8,WIN,True,9,1,MAIN,8,RESOURCE_MANAGEMENT,ABILITY,,ABILITY,0,0,677,80,80,1,False,2,6,False,True,2,0,0,235,30,6,235,30,6,False,False,Itchy Pollen,10,False
92333634,1066.8,WIN,True,10,1,DISCARD,2,RESOURCE_MANAGEMENT,,,CARD,0,0,677,80,80,1,False,2,6,False,True,2,0,0,235,30,6,235,30,6,False,False,Itchy Pollen,10,False
92333634,1066.8,WIN,True,11,1,MAIN,9,RESOURCE_MANAGEMENT,PLAY_ITEM,1152,PLAY,0,0,677,80,80,1,False,2,6,False,True,2,0,0,235,30,6,235,30,6,False,False,Itchy Pollen,10,False
92333634,1066.8,WIN,True,12,1,TO_HAND,8,RESOURCE_MANAGEMENT,,,CARD,0,0,677,80,80,1,False,2,6,False,True,2,0,0,235,30,6,235,30,6,False,False,Itchy Pollen,10,False
92333634,1066.8,WIN,True,13,1,MAIN,9,RESOURCE_MANAGEMENT,PLAY_POKEMON,677,PLAY,0,0,677,80,80,1,False,2,6,False,True,2,0,0,235,30,6,235,30,6,False,False,Itchy Pollen,10,False
92333634,1066.8,WIN,True,14,1,MAIN,10,ENERGY_MANAGEMENT,ATTACH_ENERGY,,ATTACH,0,0,677,80,80,1,False,3,6,False,True,2,0,0,235,30,6,235,30,6,False,False,Itchy Pollen,10,False
92333634,1066.8,WIN,True,15,1,MAIN,2,TIMING,,,,0,0,677,80,80,1,False,3,6,False,True,2,1,0,235,30,6,235,30,6,False,False,Itchy Pollen,10,False
92333634,1066.8,WIN,True,16,3,MAIN,9,ENERGY_MANAGEMENT,ATTACH_ENERGY,,ATTACH,0,0,677,70,80,1,True,3,6,False,True,2,0,0,235,30,6,235,30,6,False,False,Itchy Pollen,10,False
92333634,1066.8,WIN,True,17,3,MAIN,5,RESOURCE_MANAGEMENT,PLAY_SUPPORTER,1227,PLAY,1,0,677,70,80,1,True,3,6,False,True,2,1,0,235,30,6,235,30,6,False,False,Itchy Pollen,10,False
92333634,1066.8,WIN,True,18,3,MAIN,6,BENCH_MANAGEMENT,EVOLVE,,EVOLVE,1,0,677,70,80,1,True,3,6,False,True,2,1,0,235,30,6,235,30,6,False,False,Itchy Pollen,10,False
92333634,1066.8,WIN,True,19,3,MAIN,4,RESOURCE_MANAGEMENT,PLAY_POKEMON,677,PLAY,1,0,678,330,340,3,True,3,6,False,True,2,1,0,235,30,6,235,30,6,False,False,Itchy Pollen,10,True
92333634,1066.8,WIN,True,20,3,MAIN,3,ATTACK_SELECTION,ATTACK,,ATTACK,1,1,678,330,340,3,True,4,6,False,True,2,1,0,235,30,6,235,0,6,False,False,Itchy Pollen,10,False
92333634,1066.8,WIN,True,21,3,ATTACH_TO,2,ENERGY_MANAGEMENT,,,CARD;CARD,0,0,678,330,340,3,True,4,6,False,True,2,1,0,235,0,6,235,0,6,False,False,Itchy Pollen,10,False
92333634,1066.8,WIN,True,22,3,ATTACH_FROM,4,ENERGY_MANAGEMENT,,,CARD,0,0,678,330,340,3,True,4,6,False,True,2,1,0,235,0,6,235,0,6,False,False,Itchy Pollen,10,False
92333634,1066.8,WIN,True,23,3,ATTACH_FROM,4,ENERGY_MANAGEMENT,,,CARD,0,0,678,330,340,3,True,4,6,False,True,2,1,1,235,0,6,,,6,False,False,Itchy Pollen,10,False
92333634,1066.8,WIN,True,24,3,TO_HAND,6,RESOURCE_MANAGEMENT,,,,0,0,678,330,340,3,True,4,6,False,True,2,1,2,,,6,184,210,6,,,,,False
92333634,1066.8,WIN,True,25,5,MAIN,14,RESOURCE_MANAGEMENT,ABILITY,,ABILITY,1,0,678,330,340,3,True,4,5,False,True,2,1,2,184,210,6,184,210,6,False,False,,,False
92333634,1066.8,WIN,True,26,5,DISCARD,2,RESOURCE_MANAGEMENT,,,CARD,0,0,678,330,340,3,True,4,5,False,True,2,1,2,184,210,6,184,210,6,False,False,,,False
92333634,1066.8,WIN,True,27,5,MAIN,15,ENERGY_MANAGEMENT,ATTACH_ENERGY,,ATTACH,1,0,678,330,340,3,True,4,5,False,True,2,1,2,184,210,6,184,210,6,False,False,,,False
92333634,1066.8,WIN,True,28,5,MAIN,7,RESOURCE_MANAGEMENT,PLAY_ITEM,1142,PLAY,2,0,678,330,340,3,True,4,5,True,True,2,2,2,184,210,6,184,210,6,False,False,,,False
92333634,1066.8,WIN,True,29,5,TO_HAND,9,RESOURCE_MANAGEMENT,,,CARD,0,0,678,330,340,3,True,4,5,False,True,2,2,2,184,210,6,184,210,6,False,False,,,False
92333634,1066.8,WIN,True,30,5,MAIN,7,RESOURCE_MANAGEMENT,PLAY_POKEMON,673,PLAY,2,0,678,330,340,3,True,4,5,True,True,2,2,2,184,210,6,184,210,6,False,False,,,False
92333634,1066.8,WIN,True,31,5,MAIN,5,ATTACK_SELECTION,ATTACK,,ATTACK,2,1,678,330,340,3,True,5,5,True,True,2,2,2,184,210,6,,,6,False,False,,,False
92333634,1066.8,WIN,True,32,5,TO_HAND,5,RESOURCE_MANAGEMENT,,,,0,0,678,330,340,3,True,5,5,False,True,2,2,2,,,6,121,320,6,,,,,False
92333634,1066.8,WIN,True,33,7,MAIN,13,RESOURCE_MANAGEMENT,ABILITY,,ABILITY,1,0,678,130,340,3,True,5,3,False,True,2,1,2,121,320,6,121,320,6,True,False,Phantom Dive,200,False
92333634,1066.8,WIN,True,34,7,DISCARD,1,RESOURCE_MANAGEMENT,,,CARD,0,0,678,130,340,3,True,5,3,False,True,2,1,2,121,320,6,121,320,6,True,False,Phantom Dive,200,False
92333634,1066.8,WIN,True,35,7,MAIN,9,RESOURCE_MANAGEMENT,PLAY_SUPPORTER,1229,PLAY,1,0,678,130,340,3,True,5,3,False,True,2,1,2,121,320,6,121,320,6,True,False,Phantom Dive,200,False
92333634,1066.8,WIN,True,36,7,HEAL,1,RESOURCE_MANAGEMENT,,,CARD,0,0,678,130,340,3,True,5,3,False,True,2,1,2,121,320,6,121,320,6,True,False,Phantom Dive,200,False
92333634,1066.8,WIN,True,37,7,MAIN,12,BENCH_MANAGEMENT,EVOLVE,,EVOLVE,0,0,678,340,340,3,False,5,3,False,True,2,0,2,121,320,6,121,320,6,False,False,Phantom Dive,200,False
92333634,1066.8,WIN,True,38,7,MAIN,10,RESOURCE_MANAGEMENT,PLAY_ITEM,1121,PLAY,0,0,678,340,340,3,False,5,3,False,True,2,0,2,121,320,6,121,320,6,False,False,Phantom Dive,200,False
92333634,1066.8,WIN,True,39,7,DISCARD,6,RESOURCE_MANAGEMENT,,,CARD;CARD,0,0,678,340,340,3,False,5,3,False,True,2,0,2,121,320,6,121,320,6,False,False,Phantom Dive,200,False
92333634,1066.8,WIN,True,40,7,TO_HAND,5,RESOURCE_MANAGEMENT,,,CARD,0,0,678,340,340,3,False,5,3,False,True,2,0,2,121,320,6,121,320,6,False,False,Phantom Dive,200,False
92333634,1066.8,WIN,True,41,7,MAIN,10,BENCH_MANAGEMENT,EVOLVE,,EVOLVE,0,0,678,340,340,3,False,5,3,False,True,2,0,2,121,320,6,121,320,6,False,False,Phantom Dive,200,False
92333634,1066.8,WIN,True,42,7,ACTIVATE,2,RESOURCE_MANAGEMENT,,,YES,0,0,678,340,340,3,False,5,3,False,True,2,0,2,121,320,6,121,320,6,False,False,Phantom Dive,200,False
92333634,1066.8,WIN,True,43,7,SWITCH,5,ACTIVE_POKEMON_SELECTION,,,CARD,0,0,678,340,340,3,False,5,3,False,True,2,0,2,121,320,6,140,210,6,False,False,Phantom Dive,200,False
92333634,1066.8,WIN,True,44,7,MAIN,9,ENERGY_MANAGEMENT,ATTACH_ENERGY,,ATTACH,0,0,678,340,340,3,False,5,3,False,True,2,0,2,140,210,6,140,210,6,False,False,,,False
92333634,1066.8,WIN,True,45,7,MAIN,4,ATTACK_SELECTION,ATTACK,,ATTACK,1,1,678,340,340,3,False,5,3,False,True,2,1,2,140,210,6,140,0,6,False,False,,,False
92333634,1066.8,WIN,True,46,7,ATTACH_TO,3,ENERGY_MANAGEMENT,,,CARD;CARD;CARD,0,0,678,340,340,3,False,5,3,False,True,2,1,2,140,0,6,140,0,6,False,False,,,False
92333634,1066.8,WIN,True,47,7,ATTACH_FROM,5,ENERGY_MANAGEMENT,,,CARD,0,0,678,340,340,3,False,5,3,False,True,2,1,2,140,0,6,140,0,6,False,False,,,False
92333634,1066.8,WIN,True,48,7,ATTACH_FROM,5,ENERGY_MANAGEMENT,,,CARD,0,0,678,340,340,3,False,5,3,False,True,2,1,2,140,0,6,140,0,6,False,False,,,False
92333634,1066.8,WIN,True,49,7,ATTACH_FROM,5,ENERGY_MANAGEMENT,,,CARD,0,0,678,340,340,3,False,5,3,False,True,2,1,2,140,0,6,,,6,False,False,,,False
92333634,1066.8,WIN,True,50,7,TO_HAND,3,RESOURCE_MANAGEMENT,,,,0,0,678,340,340,3,False,5,3,False,True,2,1,2,,,6,121,320,5,,,,,False
92333634,1066.8,WIN,True,51,9,MAIN,8,RESOURCE_MANAGEMENT,PLAY_POKEMON,675,PLAY,1,0,678,140,340,3,True,4,1,False,True,2,1,2,121,320,5,121,320,5,True,False,Phantom Dive,200,False
92333634,1066.8,WIN,True,52,9,MAIN,6,RESOURCE_MANAGEMENT,PLAY_ITEM,1123,PLAY,1,0,678,140,340,3,True,5,1,False,True,2,1,2,121,320,5,121,320,5,True,False,Phantom Dive,200,False
92333634,1066.8,WIN,True,53,9,SWITCH,5,ACTIVE_POKEMON_SELECTION,,,CARD,0,0,678,140,340,3,True,5,1,False,True,2,1,2,121,320,5,121,320,5,True,False,Phantom Dive,200,False
92333634,1066.8,WIN,True,54,9,MAIN,7,RESOURCE_MANAGEMENT,PLAY_ITEM,1141,PLAY,2,0,678,340,340,3,False,5,1,True,True,2,2,2,121,320,5,121,320,5,False,False,Phantom Dive,200,False
92333634,1066.8,WIN,True,55,9,MAIN,6,RESOURCE_MANAGEMENT,PLAY_SUPPORTER,1227,PLAY,2,0,678,340,340,3,False,5,1,True,True,2,2,2,121,320,5,121,320,5,False,False,Phantom Dive,200,False
92333634,1066.8,WIN,True,56,9,MAIN,12,ENERGY_MANAGEMENT,ATTACH_ENERGY,,ATTACH,2,0,678,340,340,3,False,5,1,True,True,2,2,2,121,320,5,121,320,5,False,False,Phantom Dive,200,False
92333634,1066.8,WIN,True,57,9,MAIN,6,RESOURCE_MANAGEMENT,PLAY_ITEM,1142,PLAY,2,0,678,340,340,3,False,5,1,True,True,2,2,2,121,320,5,121,320,5,False,False,Phantom Dive,200,False
92333634,1066.8,WIN,True,58,9,TO_HAND,7,RESOURCE_MANAGEMENT,,,CARD,0,0,678,340,340,3,False,5,1,False,True,2,2,2,121,320,5,121,320,5,False,False,Phantom Dive,200,False
92333634,1066.8,WIN,True,59,9,MAIN,12,RESOURCE_MANAGEMENT,ABILITY,,ABILITY,2,0,678,340,340,3,False,5,1,True,True,2,2,2,121,320,5,121,320,5,False,False,Phantom Dive,200,False
92333634,1066.8,WIN,True,60,9,DISCARD,1,RESOURCE_MANAGEMENT,,,CARD,0,0,678,340,340,3,False,5,1,False,True,2,2,2,121,320,5,121,320,5,False,False,Phantom Dive,200,False
92333634,1066.8,WIN,True,61,9,MAIN,13,RESOURCE_MANAGEMENT,PLAY_ITEM,1141,PLAY,2,0,678,340,340,3,False,5,1,True,True,2,2,2,121,320,5,121,320,5,False,False,Phantom Dive,200,False
92333634,1066.8,WIN,True,62,9,MAIN,12,ATTACK_SELECTION,ATTACK,,ATTACK,2,1,678,340,340,3,False,5,1,True,True,2,2,2,121,320,5,,,5,False,False,Phantom Dive,200,False
92322597,1129.8,WIN,True,0,,,0,UNKNOWN,,,,0,0,,,,,False,,,False,False,,,0,,,,,,,,,,,False
92322597,1129.8,WIN,True,1,,,0,UNKNOWN,,,,0,0,,,,,False,,,False,False,,,0,,,,,,0,,,,,False
92322597,1129.8,WIN,True,2,0,IS_FIRST,2,GOING_FIRST_SECOND,,,YES,0,0,,,,,False,0,0,False,False,,,0,,,0,,,0,,,,,False
92322597,1129.8,WIN,True,3,0,SETUP_ACTIVE_POKEMON,1,EARLY_GAME_SETUP,,,,0,0,,,,,False,0,0,False,False,,,0,,,0,,,6,,,,,False
92322597,1129.8,WIN,True,4,0,DRAW_COUNT,2,SEARCH_DECISION,,,NUMBER,0,0,,,,,False,0,6,False,False,,,0,,,6,920,140,6,,,,,False
92322597,1129.8,WIN,True,5,1,MAIN,4,RESOURCE_MANAGEMENT,PLAY_ITEM,1121,PLAY,0,0,676,110,110,1,False,0,6,False,False,1,0,0,920,140,6,920,140,6,False,False,,,False
92322597,1129.8,WIN,True,6,1,DISCARD,7,RESOURCE_MANAGEMENT,,,CARD;CARD,0,0,676,110,110,1,False,0,6,False,False,1,0,0,920,140,6,920,140,6,False,False,,,False
92322597,1129.8,WIN,True,7,1,TO_HAND,10,RESOURCE_MANAGEMENT,,,CARD,0,0,676,110,110,1,False,0,6,False,False,1,0,0,920,140,6,920,140,6,False,False,,,False
92322597,1129.8,WIN,True,8,1,MAIN,4,RESOURCE_MANAGEMENT,PLAY_POKEMON,675,PLAY,0,0,676,110,110,1,False,0,6,False,False,1,0,0,920,140,6,920,140,6,False,False,,,False
92322597,1129.8,WIN,True,9,1,MAIN,5,RESOURCE_MANAGEMENT,ABILITY,,ABILITY,0,0,676,110,110,1,False,1,6,False,True,1,0,0,920,140,6,920,140,6,False,False,,,False
92322597,1129.8,WIN,True,10,1,DISCARD,1,RESOURCE_MANAGEMENT,,,CARD,0,0,676,110,110,1,False,1,6,False,True,1,0,0,920,140,6,920,140,6,False,False,,,False
92322597,1129.8,WIN,True,11,1,MAIN,5,RESOURCE_MANAGEMENT,PLAY_ITEM,1121,PLAY,0,0,676,110,110,1,False,1,6,False,True,1,0,0,920,140,6,920,140,6,False,False,,,False
92322597,1129.8,WIN,True,12,1,DISCARD,6,RESOURCE_MANAGEMENT,,,CARD;CARD,0,0,676,110,110,1,False,1,6,False,True,1,0,0,920,140,6,920,140,6,False,False,,,False
92322597,1129.8,WIN,True,13,1,TO_HAND,8,RESOURCE_MANAGEMENT,,,CARD,0,0,676,110,110,1,False,1,6,False,True,1,0,0,920,140,6,920,140,6,False,False,,,False
92322597,1129.8,WIN,True,14,1,MAIN,4,RESOURCE_MANAGEMENT,PLAY_POKEMON,677,PLAY,0,0,676,110,110,1,False,1,6,False,True,1,0,0,920,140,6,920,140,6,False,False,,,False
92322597,1129.8,WIN,True,15,1,MAIN,4,ENERGY_MANAGEMENT,ATTACH_ENERGY,,ATTACH,0,0,676,110,110,1,False,2,6,False,True,1,0,0,920,140,6,920,140,6,False,False,,,False
92322597,1129.8,WIN,True,16,1,MAIN,1,TIMING,,,,0,0,676,110,110,1,False,2,6,False,True,1,0,1,920,140,6,920,140,6,False,False,,,False
92322597,1129.8,WIN,True,17,3,MAIN,4,BENCH_MANAGEMENT,EVOLVE,,EVOLVE,0,0,676,110,110,1,False,2,6,False,True,1,0,1,920,140,6,920,140,6,False,False,,,False
92322597,1129.8,WIN,True,18,3,MAIN,3,RESOURCE_MANAGEMENT,PLAY_SUPPORTER,1227,PLAY,0,0,676,110,110,1,False,2,6,False,True,1,0,1,920,140,6,920,140,6,False,False,,,False
92322597,1129.8,WIN,True,19,3,MAIN,14,RESOURCE_MANAGEMENT,PLAY_POKEMON,673,PLAY,0,0,676,110,110,1,False,2,6,False,True,1,0,1,920,140,6,920,140,6,False,False,,,False
92322597,1129.8,WIN,True,20,3,MAIN,16,RESOURCE_MANAGEMENT,ABILITY,,ABILITY,0,0,676,110,110,1,False,3,6,False,True,1,0,1,920,140,6,920,140,6,False,False,,,False
92322597,1129.8,WIN,True,21,3,DISCARD,3,RESOURCE_MANAGEMENT,,,CARD,0,0,676,110,110,1,False,3,6,False,True,1,0,1,920,140,6,920,140,6,False,False,,,False
92322597,1129.8,WIN,True,22,3,MAIN,14,ENERGY_MANAGEMENT,ATTACH_ENERGY,,ATTACH,0,0,676,110,110,1,False,3,6,False,True,1,0,1,920,140,6,920,140,6,False,False,,,False
92322597,1129.8,WIN,True,23,3,MAIN,8,RETREAT_SELECTION,RETREAT,,RETREAT,1,0,676,110,110,1,False,3,6,True,True,1,1,1,920,140,6,920,140,6,False,False,,,False
92322597,1129.8,WIN,True,24,3,DISCARD_ENERGY,1,ENERGY_MANAGEMENT,,,ENERGY,0,0,676,110,110,1,False,3,6,False,True,1,1,1,920,140,6,920,140,6,False,False,,,False
92322597,1129.8,WIN,True,25,3,SWITCH,3,ACTIVE_POKEMON_SELECTION,,,CARD,0,0,676,110,110,1,False,3,6,False,True,1,0,1,920,140,6,920,140,6,False,False,,,False
92322597,1129.8,WIN,True,26,3,MAIN,7,RESOURCE_MANAGEMENT,PLAY_ITEM,1152,PLAY,1,0,678,340,340,3,False,3,6,False,True,2,1,0,920,140,6,920,140,6,False,False,,,True
92322597,1129.8,WIN,True,27,3,TO_HAND,6,RESOURCE_MANAGEMENT,,,CARD,0,0,678,340,340,3,False,3,6,False,True,2,1,0,920,140,6,920,140,6,False,False,,,False
92322597,1129.8,WIN,True,28,3,MAIN,7,RESOURCE_MANAGEMENT,PLAY_POKEMON,677,PLAY,1,0,678,340,340,3,False,3,6,False,True,2,1,0,920,140,6,920,140,6,False,False,,,False
92322597,1129.8,WIN,True,29,3,MAIN,6,RESOURCE_MANAGEMENT,PLAY_ITEM,1152,PLAY,1,0,678,340,340,3,False,4,6,False,True,2,1,0,920,140,6,920,140,6,False,False,,,False
92322597,1129.8,WIN,True,30,3,TO_HAND,5,RESOURCE_MANAGEMENT,,,CARD,0,0,678,340,340,3,False,4,6,False,True,2,1,0,920,140,6,920,140,6,False,False,,,False
92322597,1129.8,WIN,True,31,3,MAIN,6,RESOURCE_MANAGEMENT,PLAY_POKEMON,673,PLAY,1,0,678,340,340,3,False,4,6,False,True,2,1,0,920,140,6,920,140,6,False,False,,,False
92322597,1129.8,WIN,True,32,3,MAIN,5,ATTACK_SELECTION,ATTACK,,ATTACK,1,1,678,340,340,3,False,5,6,False,True,2,1,0,920,140,6,920,10,6,False,False,,,False
92322597,1129.8,WIN,True,33,3,ATTACH_TO,3,ENERGY_MANAGEMENT,,,CARD;CARD;CARD,0,0,678,340,340,3,False,5,6,False,True,2,1,0,920,10,6,920,10,6,False,False,,,False
92322597,1129.8,WIN,True,34,3,ATTACH_FROM,5,ENERGY_MANAGEMENT,,,CARD,0,0,678,340,340,3,False,5,6,False,True,2,1,0,920,10,6,920,10,6,False,False,,,False
92322597,1129.8,WIN,True,35,3,ATTACH_FROM,5,ENERGY_MANAGEMENT,,,CARD,0,0,678,340,340,3,False,5,6,False,True,2,1,1,920,10,6,920,10,6,False,False,,,False
92322597,1129.8,WIN,True,36,3,ATTACH_FROM,5,ENERGY_MANAGEMENT,,,,0,0,678,340,340,3,False,5,6,False,True,2,1,2,920,10,6,920,10,6,False,False,,,False
92322597,1129.8,WIN,True,37,5,MAIN,14,RESOURCE_MANAGEMENT,ABILITY,,ABILITY,1,0,678,340,340,3,False,5,6,False,True,2,1,2,920,10,6,920,10,6,False,False,,,False
92322597,1129.8,WIN,True,38,5,DISCARD,1,RESOURCE_MANAGEMENT,,,CARD,0,0,678,340,340,3,False,5,6,False,True,2,1,2,920,10,6,920,10,6,False,False,,,False
92322597,1129.8,WIN,True,39,5,MAIN,10,RESOURCE_MANAGEMENT,PLAY_ITEM,1142,PLAY,1,0,678,340,340,3,False,5,6,False,True,2,1,2,920,10,6,920,10,6,False,False,,,False
92322597,1129.8,WIN,True,40,5,TO_HAND,8,RESOURCE_MANAGEMENT,,,CARD,0,0,678,340,340,3,False,5,6,False,True,2,1,2,920,10,6,920,10,6,False,False,,,False
92322597,1129.8,WIN,True,41,5,MAIN,15,RESOURCE_MANAGEMENT,PLAY_SUPPORTER,1182,PLAY,1,0,678,340,340,3,False,5,6,False,True,2,1,2,920,10,6,920,10,6,False,False,,,False
92322597,1129.8,WIN,True,42,5,SWITCH,4,ACTIVE_POKEMON_SELECTION,,,CARD,0,0,678,340,340,3,False,5,6,False,True,2,1,2,920,10,6,93,80,6,False,False,,,False
92322597,1129.8,WIN,True,43,5,MAIN,11,ENERGY_MANAGEMENT,ATTACH_ENERGY,,ATTACH,1,0,678,340,340,3,False,5,6,False,True,2,1,2,93,80,6,93,80,6,False,False,Do the Wave,0,False
92322597,1129.8,WIN,True,44,5,MAIN,7,RESOURCE_MANAGEMENT,PLAY_ITEM,1142,PLAY,2,0,678,340,340,3,False,5,6,True,True,2,2,2,93,80,6,93,80,6,False,False,Do the Wave,0,False
92322597,1129.8,WIN,True,45,5,TO_HAND,7,RESOURCE_MANAGEMENT,,,CARD,0,0,678,340,340,3,False,5,6,False,True,2,2,2,93,80,6,93,80,6,False,False,Do the Wave,0,False
92322597,1129.8,WIN,True,46,5,MAIN,6,ATTACK_SELECTION,ATTACK,,ATTACK,2,1,678,340,340,3,False,5,6,True,True,2,2,2,93,80,6,93,0,6,False,False,Do the Wave,0,False
92322597,1129.8,WIN,True,47,5,ATTACH_TO,1,ENERGY_MANAGEMENT,,,CARD,0,0,678,340,340,3,False,5,6,False,True,2,2,2,93,0,6,93,0,6,False,False,Do the Wave,0,False
92322597,1129.8,WIN,True,48,5,ATTACH_FROM,5,ENERGY_MANAGEMENT,,,CARD,0,0,678,340,340,3,False,5,6,False,True,2,2,2,93,0,6,,,6,False,False,Do the Wave,0,False
92322597,1129.8,WIN,True,49,5,TO_HAND,6,RESOURCE_MANAGEMENT,,,,0,0,678,340,340,3,False,5,6,False,True,2,2,2,,,6,96,210,6,,,,,False
92322597,1129.8,WIN,True,50,7,MAIN,17,RESOURCE_MANAGEMENT,ABILITY,,ABILITY,2,0,678,70,340,3,True,5,5,True,True,2,2,2,96,210,6,96,210,6,False,False,Myriad Leaf Shower,30,False
92322597,1129.8,WIN,True,51,7,DISCARD,1,RESOURCE_MANAGEMENT,,,CARD,0,0,678,70,340,3,True,5,5,False,True,2,2,2,96,210,6,96,210,6,False,False,Myriad Leaf Shower,30,False
92322597,1129.8,WIN,True,52,7,MAIN,23,RESOURCE_MANAGEMENT,PLAY_ITEM,1121,PLAY,2,0,678,70,340,3,True,5,5,True,True,2,2,2,96,210,6,96,210,6,False,False,Myriad Leaf Shower,30,False
92322597,1129.8,WIN,True,53,7,DISCARD,10,RESOURCE_MANAGEMENT,,,CARD;CARD,0,0,678,70,340,3,True,5,5,False,True,2,2,2,96,210,6,96,210,6,False,False,Myriad Leaf Shower,30,False
92322597,1129.8,WIN,True,54,7,TO_HAND,3,RESOURCE_MANAGEMENT,,,CARD,0,0,678,70,340,3,True,5,5,False,True,2,2,2,96,210,6,96,210,6,False,False,Myriad Leaf Shower,30,False
92322597,1129.8,WIN,True,55,7,MAIN,23,BENCH_MANAGEMENT,EVOLVE,,EVOLVE,2,0,678,70,340,3,True,5,5,True,True,2,2,2,96,210,6,96,210,6,False,False,Myriad Leaf Shower,30,False
92322597,1129.8,WIN,True,56,7,ACTIVATE,2,RESOURCE_MANAGEMENT,,,NO,0,0,678,70,340,3,True,5,5,False,True,2,2,2,96,210,6,96,210,6,False,False,Myriad Leaf Shower,30,False
92322597,1129.8,WIN,True,57,7,MAIN,21,ENERGY_MANAGEMENT,ATTACH_ENERGY,,ATTACH,2,0,678,70,340,3,True,5,5,True,True,2,2,2,96,210,6,96,210,6,False,False,Myriad Leaf Shower,30,False
92322597,1129.8,WIN,True,58,7,MAIN,9,RESOURCE_MANAGEMENT,PLAY_SUPPORTER,1227,PLAY,2,0,678,70,340,3,True,5,5,True,True,2,2,2,96,210,6,96,210,6,False,False,Myriad Leaf Shower,30,False
92322597,1129.8,WIN,True,59,7,MAIN,8,RESOURCE_MANAGEMENT,PLAY_ITEM,1123,PLAY,2,0,678,70,340,3,True,5,5,True,True,2,2,2,96,210,6,96,210,6,False,False,Myriad Leaf Shower,30,False
92322597,1129.8,WIN,True,60,7,SWITCH,5,ACTIVE_POKEMON_SELECTION,,,CARD,0,0,678,70,340,3,True,5,5,False,True,2,2,2,96,210,6,96,210,6,False,False,Myriad Leaf Shower,30,False
92322597,1129.8,WIN,True,61,7,MAIN,6,RESOURCE_MANAGEMENT,PLAY_ITEM,1142,PLAY,1,0,674,150,150,1,False,5,5,True,True,3,3,2,96,210,6,96,210,6,False,False,Myriad Leaf Shower,30,True
92322597,1129.8,WIN,True,62,7,TO_HAND,5,RESOURCE_MANAGEMENT,,,CARD,0,0,674,150,150,1,False,5,5,False,True,3,3,2,96,210,6,96,210,6,False,False,Myriad Leaf Shower,30,False
92322597,1129.8,WIN,True,63,7,MAIN,5,ATTACK_SELECTION,ATTACK,,ATTACK,1,1,674,150,150,1,False,5,5,True,True,3,3,2,96,210,6,,,6,False,False,Myriad Leaf Shower,30,False
92322597,1129.8,WIN,True,64,7,TO_HAND,5,RESOURCE_MANAGEMENT,,,,0,0,674,80,150,1,True,5,5,False,True,3,3,2,,,6,150,330,5,,,,,False
92322597,1129.8,WIN,True,65,8,TO_ACTIVE,5,ACTIVE_POKEMON_SELECTION,,,CARD,0,0,,,,,False,5,3,False,True,,,2,150,330,5,150,330,5,,,,,True
92322597,1129.8,WIN,True,66,9,MAIN,24,RESOURCE_MANAGEMENT,ABILITY,,ABILITY,1,0,677,80,80,1,False,4,3,True,True,2,2,1,150,330,5,150,330,5,False,False,Syrup Storm,30,False
92322597,1129.8,WIN,True,67,9,DISCARD,3,RESOURCE_MANAGEMENT,,,CARD,0,0,677,80,80,1,False,4,3,False,True,2,2,1,150,330,5,150,330,5,False,False,Syrup Storm,30,False
92322597,1129.8,WIN,True,68,9,MAIN,21,RESOURCE_MANAGEMENT,PLAY_SUPPORTER,1229,PLAY,1,0,677,80,80,1,False,4,3,True,True,2,2,1,150,330,5,150,330,5,False,False,Syrup Storm,30,False
92322597,1129.8,WIN,True,69,9,HEAL,1,RESOURCE_MANAGEMENT,,,CARD,0,0,677,80,80,1,False,4,3,False,True,2,2,1,150,330,5,150,330,5,False,False,Syrup Storm,30,False
92322597,1129.8,WIN,True,70,9,MAIN,28,RESOURCE_MANAGEMENT,PLAY_ITEM,1141,PLAY,1,0,677,80,80,1,False,4,3,True,True,2,2,0,150,330,5,150,330,5,False,False,Syrup Storm,30,False
92322597,1129.8,WIN,True,71,9,MAIN,27,ENERGY_MANAGEMENT,ATTACH_ENERGY,,ATTACH,1,0,677,80,80,1,False,4,3,True,True,2,2,0,150,330,5,150,330,5,False,False,Syrup Storm,30,False
92322597,1129.8,WIN,True,72,9,MAIN,7,RESOURCE_MANAGEMENT,PLAY_ITEM,1152,PLAY,1,0,677,80,80,1,False,4,3,True,True,2,2,1,150,330,5,150,330,5,False,False,Syrup Storm,30,False
92322597,1129.8,WIN,True,73,9,TO_HAND,3,RESOURCE_MANAGEMENT,,,CARD,0,0,677,80,80,1,False,4,3,False,True,2,2,1,150,330,5,150,330,5,False,False,Syrup Storm,30,False
92322597,1129.8,WIN,True,74,9,MAIN,7,RESOURCE_MANAGEMENT,PLAY_POKEMON,677,PLAY,1,0,677,80,80,1,False,4,3,True,True,2,2,1,150,330,5,150,330,5,False,False,Syrup Storm,30,False
92322597,1129.8,WIN,True,75,9,MAIN,6,BENCH_MANAGEMENT,EVOLVE,,EVOLVE,1,0,677,80,80,1,False,5,3,True,True,2,2,1,150,330,5,150,330,5,False,False,Syrup Storm,30,False
92322597,1129.8,WIN,True,76,9,MAIN,5,TIMING,,,,2,0,678,340,340,3,False,5,3,True,True,2,2,1,150,330,5,150,30,5,False,False,Syrup Storm,30,True
92322597,1129.8,WIN,True,77,11,MAIN,26,RESOURCE_MANAGEMENT,ABILITY,,ABILITY,1,0,678,10,340,3,True,5,3,False,True,2,1,1,150,30,5,150,30,5,True,False,Syrup Storm,30,False
92322597,1129.8,WIN,True,78,11,DISCARD,3,RESOURCE_MANAGEMENT,,,CARD,0,0,678,10,340,3,True,5,3,False,True,2,1,1,150,30,5,150,30,5,True,False,Syrup Storm,30,False
92322597,1129.8,WIN,True,79,11,MAIN,27,ENERGY_MANAGEMENT,ATTACH_ENERGY,,ATTACH,1,0,678,10,340,3,True,5,3,False,True,2,1,1,150,30,5,150,30,5,True,False,Syrup Storm,30,False
92322597,1129.8,WIN,True,80,11,MAIN,9,RESOURCE_MANAGEMENT,PLAY_ITEM,1121,PLAY,1,0,678,10,340,3,True,5,3,False,True,2,1,2,150,30,5,150,30,5,True,False,Syrup Storm,30,False
92322597,1129.8,WIN,True,81,11,DISCARD,8,RESOURCE_MANAGEMENT,,,CARD;CARD,0,0,678,10,340,3,True,5,3,False,True,2,1,2,150,30,5,150,30,5,True,False,Syrup Storm,30,False
92322597,1129.8,WIN,True,82,11,TO_HAND,2,RESOURCE_MANAGEMENT,,,CARD,0,0,678,10,340,3,True,5,3,False,True,2,1,2,150,30,5,150,30,5,True,False,Syrup Storm,30,False
92322597,1129.8,WIN,True,83,11,MAIN,6,RESOURCE_MANAGEMENT,PLAY_SUPPORTER,1213,PLAY,1,0,678,10,340,3,True,5,3,False,True,2,1,2,150,30,5,150,30,5,True,False,Syrup Storm,30,False
92322597,1129.8,WIN,True,84,11,MAIN,9,ENERGY_MANAGEMENT,ATTACH_ENERGY,,ATTACH,1,0,678,10,340,3,True,5,3,False,True,2,1,2,150,30,5,150,30,5,True,False,Syrup Storm,30,False
92322597,1129.8,WIN,True,85,11,MAIN,3,ATTACK_SELECTION,ATTACK,,ATTACK,1,1,678,10,340,3,True,5,3,False,True,2,1,2,150,30,5,150,0,5,True,False,Syrup Storm,30,False
92322597,1129.8,WIN,True,86,11,ATTACH_TO,6,ENERGY_MANAGEMENT,,,CARD;CARD;CARD,0,0,678,10,340,3,True,5,3,False,True,2,1,2,150,0,5,150,0,5,True,False,Syrup Storm,30,False
92322597,1129.8,WIN,True,87,11,ATTACH_FROM,5,ENERGY_MANAGEMENT,,,CARD,0,0,678,10,340,3,True,5,3,False,True,2,1,2,150,0,5,150,0,5,True,False,Syrup Storm,30,False
92322597,1129.8,WIN,True,88,11,ATTACH_FROM,5,ENERGY_MANAGEMENT,,,CARD,0,0,678,10,340,3,True,5,3,False,True,2,1,3,150,0,5,150,0,5,True,False,Syrup Storm,30,False
92322597,1129.8,WIN,True,89,11,ATTACH_FROM,5,ENERGY_MANAGEMENT,,,CARD,0,0,678,10,340,3,True,5,3,False,True,2,1,3,150,0,5,,,5,True,False,Syrup Storm,30,False
92322597,1129.8,WIN,True,90,11,TO_HAND,3,RESOURCE_MANAGEMENT,,,,0,0,678,10,340,3,True,5,3,False,True,2,1,3,,,5,96,210,2,,,,,False
92322597,1129.8,WIN,True,91,12,TO_ACTIVE,5,ACTIVE_POKEMON_SELECTION,,,CARD,0,0,,,,,False,5,1,False,True,,,3,96,210,2,96,210,2,,,,,True
92322597,1129.8,WIN,True,92,13,MAIN,12,ATTACK_SELECTION,ATTACK,,ATTACK,2,1,678,440,440,3,False,4,1,True,True,2,2,2,96,210,2,,,2,False,False,Myriad Leaf Shower,30,False
92321654,1129.8,LOSS,True,0,,,0,UNKNOWN,,,,0,0,,,,,False,,,False,False,,,0,,,,,,,,,,,False
92321654,1129.8,LOSS,True,1,,,0,UNKNOWN,,,,0,0,,,,,False,,,False,False,,,0,,,,,,0,,,,,False
92321654,1129.8,LOSS,True,2,0,IS_FIRST,2,GOING_FIRST_SECOND,,,YES,0,0,,,,,False,0,0,False,False,,,0,,,0,,,0,,,,,False
92321654,1129.8,LOSS,True,3,0,SETUP_ACTIVE_POKEMON,3,EARLY_GAME_SETUP,,,,0,0,,,,,False,0,0,False,False,,,0,,,0,,,6,,,,,False
92321654,1129.8,LOSS,True,4,0,SETUP_BENCH_POKEMON,2,BENCH_MANAGEMENT,,,,0,0,,,,,False,0,6,False,False,,,0,,,6,96,210,6,,,,,False
92321654,1129.8,LOSS,True,5,1,MAIN,7,RESOURCE_MANAGEMENT,PLAY_POKEMON,675,PLAY,0,0,676,110,110,1,False,0,6,False,False,1,0,0,96,210,6,96,210,6,False,False,,,False
92321654,1129.8,LOSS,True,6,1,MAIN,12,RESOURCE_MANAGEMENT,ABILITY,,ABILITY,0,0,676,110,110,1,False,1,6,False,True,1,0,0,96,210,6,96,210,6,False,False,,,False
92321654,1129.8,LOSS,True,7,1,DISCARD,4,RESOURCE_MANAGEMENT,,,CARD,0,0,676,110,110,1,False,1,6,False,True,1,0,0,96,210,6,96,210,6,False,False,,,False
92321654,1129.8,LOSS,True,8,1,MAIN,11,RESOURCE_MANAGEMENT,PLAY_ITEM,1152,PLAY,0,0,676,110,110,1,False,1,6,False,True,1,0,0,96,210,6,96,210,6,False,False,,,False
92321654,1129.8,LOSS,True,9,1,TO_HAND,8,RESOURCE_MANAGEMENT,,,CARD,0,0,676,110,110,1,False,1,6,False,True,1,0,0,96,210,6,96,210,6,False,False,,,False
92321654,1129.8,LOSS,True,10,1,MAIN,11,RESOURCE_MANAGEMENT,PLAY_POKEMON,677,PLAY,0,0,676,110,110,1,False,1,6,False,True,1,0,0,96,210,6,96,210,6,False,False,,,False
92321654,1129.8,LOSS,True,11,1,MAIN,13,RESOURCE_MANAGEMENT,PLAY_POKEMON,673,PLAY,0,0,676,110,110,1,False,2,6,False,True,1,0,0,96,210,6,96,210,6,False,False,,,False
92321654,1129.8,LOSS,True,12,1,MAIN,15,ENERGY_MANAGEMENT,ATTACH_ENERGY,,ATTACH,0,0,676,110,110,1,False,3,6,False,True,1,0,0,96,210,6,96,210,6,False,False,,,False
92321654,1129.8,LOSS,True,13,1,MAIN,3,TIMING,,,,0,0,676,110,110,1,False,3,6,False,True,1,0,1,96,210,6,96,210,6,False,False,,,False
92321654,1129.8,LOSS,True,14,3,MAIN,17,RESOURCE_MANAGEMENT,PLAY_ITEM,1123,PLAY,0,0,676,110,110,1,False,3,6,False,True,1,0,1,96,210,6,96,210,6,False,False,,,False
92321654,1129.8,LOSS,True,15,3,SWITCH,3,ACTIVE_POKEMON_SELECTION,,,CARD,0,0,676,110,110,1,False,3,6,False,True,1,0,1,96,210,6,96,210,6,False,False,,,False
92321654,1129.8,LOSS,True,16,3,MAIN,17,RESOURCE_MANAGEMENT,PLAY_ITEM,1121,PLAY,1,0,677,80,80,1,False,3,6,False,True,2,1,0,96,210,6,96,210,6,False,False,,,True
92321654,1129.8,LOSS,True,17,3,DISCARD,4,RESOURCE_MANAGEMENT,,,CARD;CARD,0,0,677,80,80,1,False,3,6,False,True,2,1,0,96,210,6,96,210,6,False,False,,,False
92321654,1129.8,LOSS,True,18,3,TO_HAND,11,RESOURCE_MANAGEMENT,,,CARD,0,0,677,80,80,1,False,3,6,False,True,2,1,0,96,210,6,96,210,6,False,False,,,False
92321654,1129.8,LOSS,True,19,3,MAIN,9,BENCH_MANAGEMENT,EVOLVE,,EVOLVE,1,0,677,80,80,1,False,3,6,False,True,2,1,0,96,210,6,96,210,6,False,False,,,False
92321654,1129.8,LOSS,True,20,3,MAIN,8,ENERGY_MANAGEMENT,ATTACH_ENERGY,,ATTACH,1,0,678,340,340,3,False,3,6,False,True,2,1,0,96,210,6,96,210,6,False,False,,,True
92321654,1129.8,LOSS,True,21,3,MAIN,5,RESOURCE_MANAGEMENT,PLAY_SUPPORTER,1227,PLAY,2,0,678,340,340,3,False,3,6,True,True,2,2,0,96,210,6,96,210,6,False,False,,,False
92321654,1129.8,LOSS,True,22,3,MAIN,11,RESOURCE_MANAGEMENT,PLAY_POKEMON,673,PLAY,2,0,678,340,340,3,False,3,6,True,True,2,2,0,96,210,6,96,210,6,False,False,,,False
92321654,1129.8,LOSS,True,23,3,MAIN,10,RESOURCE_MANAGEMENT,ABILITY,,ABILITY,2,0,678,340,340,3,False,4,6,True,True,2,2,0,96,210,6,96,210,6,False,False,,,False
92321654,1129.8,LOSS,True,24,3,DISCARD,1,RESOURCE_MANAGEMENT,,,CARD,0,0,678,340,340,3,False,4,6,False,True,2,2,0,96,210,6,96,210,6,False,False,,,False
92321654,1129.8,LOSS,True,25,3,MAIN,11,RESOURCE_MANAGEMENT,PLAY_ITEM,1152,PLAY,2,0,678,340,340,3,False,4,6,True,True,2,2,0,96,210,6,96,210,6,False,False,,,False
92321654,1129.8,LOSS,True,26,3,TO_HAND,5,RESOURCE_MANAGEMENT,,,CARD,0,0,678,340,340,3,False,4,6,False,True,2,2,0,96,210,6,96,210,6,False,False,,,False
92321654,1129.8,LOSS,True,27,3,MAIN,11,RESOURCE_MANAGEMENT,PLAY_ITEM,1152,PLAY,2,0,678,340,340,3,False,4,6,True,True,2,2,0,96,210,6,96,210,6,False,False,,,False
92321654,1129.8,LOSS,True,28,3,TO_HAND,4,RESOURCE_MANAGEMENT,,,CARD,0,0,678,340,340,3,False,4,6,False,True,2,2,0,96,210,6,96,210,6,False,False,,,False
92321654,1129.8,LOSS,True,29,3,MAIN,11,RESOURCE_MANAGEMENT,PLAY_POKEMON,677,PLAY,2,0,678,340,340,3,False,4,6,True,True,2,2,0,96,210,6,96,210,6,False,False,,,False
92321654,1129.8,LOSS,True,30,3,MAIN,9,RESOURCE_MANAGEMENT,PLAY_ITEM,1142,PLAY,2,0,678,340,340,3,False,5,6,True,True,2,2,0,96,210,6,96,210,6,False,False,,,False
92321654,1129.8,LOSS,True,31,3,TO_HAND,8,RESOURCE_MANAGEMENT,,,CARD,0,0,678,340,340,3,False,5,6,False,True,2,2,0,96,210,6,96,210,6,False,False,,,False
92321654,1129.8,LOSS,True,32,3,MAIN,8,RESOURCE_MANAGEMENT,PLAY_ITEM,1142,PLAY,2,0,678,340,340,3,False,5,6,True,True,2,2,0,96,210,6,96,210,6,False,False,,,False
92321654,1129.8,LOSS,True,33,3,TO_HAND,7,RESOURCE_MANAGEMENT,,,CARD,0,0,678,340,340,3,False,5,6,False,True,2,2,0,96,210,6,96,210,6,False,False,,,False
92321654,1129.8,LOSS,True,34,3,MAIN,7,ATTACK_SELECTION,ATTACK,,ATTACK,2,1,678,340,340,3,False,5,6,True,True,2,2,0,96,210,6,,,6,False,False,,,False
92321654,1129.8,LOSS,True,35,3,TO_HAND,6,RESOURCE_MANAGEMENT,,,,0,0,678,340,340,3,False,5,6,False,True,2,2,0,,,6,150,330,3,,,,,False
92321654,1129.8,LOSS,True,36,4,TO_ACTIVE,5,ACTIVE_POKEMON_SELECTION,,,CARD,0,0,,,,,False,5,4,False,True,,,0,150,330,3,150,330,3,,,,,True
92321654,1129.8,LOSS,True,37,5,MAIN,21,BENCH_MANAGEMENT,EVOLVE,,EVOLVE,0,0,676,110,110,1,False,4,4,False,True,1,0,0,150,330,3,150,330,3,False,False,Syrup Storm,30,False
92321654,1129.8,LOSS,True,38,5,ACTIVATE,2,RESOURCE_MANAGEMENT,,,YES,0,0,676,110,110,1,False,4,4,False,True,1,0,0,150,330,3,150,330,3,False,False,Syrup Storm,30,False
92321654,1129.8,LOSS,True,39,5,SWITCH,5,ACTIVE_POKEMON_SELECTION,,,CARD,0,0,676,110,110,1,False,4,4,False,True,1,0,0,150,330,3,1071,170,3,False,False,Syrup Storm,30,False
92321654,1129.8,LOSS,True,40,5,MAIN,19,RESOURCE_MANAGEMENT,PLAY_ITEM,1141,PLAY,0,0,676,110,110,1,False,4,4,False,True,1,0,0,1071,170,3,1071,170,3,False,False,,,False
92321654,1129.8,LOSS,True,41,5,MAIN,18,RESOURCE_MANAGEMENT,PLAY_ITEM,1141,PLAY,0,0,676,110,110,1,False,4,4,False,True,1,0,0,1071,170,3,1071,170,3,False,False,,,False
92321654,1129.8,LOSS,True,42,5,MAIN,17,RESOURCE_MANAGEMENT,PLAY_POKEMON,676,PLAY,0,0,676,110,110,1,False,4,4,False,True,1,0,0,1071,170,3,1071,170,3,False,False,,,False
92321654,1129.8,LOSS,True,43,5,MAIN,18,ENERGY_MANAGEMENT,ATTACH_ENERGY,,ATTACH,0,0,676,110,110,1,False,5,4,False,True,1,0,0,1071,170,3,1071,170,3,False,False,,,False
92321654,1129.8,LOSS,True,44,5,MAIN,6,RESOURCE_MANAGEMENT,PLAY_SUPPORTER,1227,PLAY,0,0,676,110,110,1,False,5,4,False,True,1,0,1,1071,170,3,1071,170,3,False,False,,,False
92321654,1129.8,LOSS,True,45,5,MAIN,4,RESOURCE_MANAGEMENT,PLAY_ITEM,1141,PLAY,0,0,676,110,110,1,False,5,4,False,True,1,0,1,1071,170,3,1071,170,3,False,False,,,False
92321654,1129.8,LOSS,True,46,5,MAIN,3,RESOURCE_MANAGEMENT,ABILITY,,ABILITY,0,0,676,110,110,1,False,5,4,False,True,1,0,1,1071,170,3,1071,170,3,False,False,,,False
92321654,1129.8,LOSS,True,47,5,DISCARD,1,RESOURCE_MANAGEMENT,,,CARD,0,0,676,110,110,1,False,5,4,False,True,1,0,1,1071,170,3,1071,170,3,False,False,,,False
92321654,1129.8,LOSS,True,48,5,MAIN,3,TIMING,,,,0,0,676,110,110,1,False,5,4,False,True,1,0,1,1071,170,3,150,330,2,False,False,,,False
92321654,1129.8,LOSS,True,49,6,TO_ACTIVE,5,ACTIVE_POKEMON_SELECTION,,,CARD,0,0,,,,,False,5,4,False,True,,,0,150,330,2,150,330,2,,,,,True
92321654,1129.8,LOSS,True,50,7,MAIN,14,BENCH_MANAGEMENT,EVOLVE,,EVOLVE,0,0,676,110,110,1,False,4,4,False,True,1,0,0,150,330,2,150,330,2,False,False,Syrup Storm,30,False
92321654,1129.8,LOSS,True,51,7,ACTIVATE,2,RESOURCE_MANAGEMENT,,,YES,0,0,676,110,110,1,False,4,4,False,True,1,0,0,150,330,2,150,330,2,False,False,Syrup Storm,30,False
92321654,1129.8,LOSS,True,52,7,SWITCH,5,ACTIVE_POKEMON_SELECTION,,,CARD,0,0,676,110,110,1,False,4,4,False,True,1,0,0,150,330,2,1071,170,2,False,False,Syrup Storm,30,False
92321654,1129.8,LOSS,True,53,7,MAIN,13,RESOURCE_MANAGEMENT,PLAY_POKEMON,677,PLAY,0,0,676,110,110,1,False,4,4,False,True,1,0,0,1071,170,2,1071,170,2,False,False,,,False
92321654,1129.8,LOSS,True,54,7,MAIN,12,RESOURCE_MANAGEMENT,PLAY_ITEM,1121,PLAY,0,0,676,110,110,1,False,5,4,False,True,1,0,0,1071,170,2,1071,170,2,False,False,,,False
92321654,1129.8,LOSS,True,55,7,DISCARD,5,RESOURCE_MANAGEMENT,,,CARD;CARD,0,0,676,110,110,1,False,5,4,False,True,1,0,0,1071,170,2,1071,170,2,False,False,,,False
92321654,1129.8,LOSS,True,56,7,TO_HAND,3,RESOURCE_MANAGEMENT,,,CARD,0,0,676,110,110,1,False,5,4,False,True,1,0,0,1071,170,2,1071,170,2,False,False,,,False
92321654,1129.8,LOSS,True,57,7,MAIN,10,ENERGY_MANAGEMENT,ATTACH_ENERGY,,ATTACH,0,0,676,110,110,1,False,5,4,False,True,1,0,0,1071,170,2,1071,170,2,False,False,,,False
92321654,1129.8,LOSS,True,58,7,MAIN,3,RESOURCE_MANAGEMENT,PLAY_SUPPORTER,1213,PLAY,0,0,676,110,110,1,False,5,4,False,True,1,0,1,1071,170,2,1071,170,2,False,False,,,False
92321654,1129.8,LOSS,True,59,7,MAIN,3,RESOURCE_MANAGEMENT,PLAY_ITEM,1142,PLAY,0,0,676,110,110,1,False,5,4,False,True,1,0,1,1071,170,2,1071,170,2,False,False,,,False
92321654,1129.8,LOSS,True,60,7,TO_HAND,2,RESOURCE_MANAGEMENT,,,CARD,0,0,676,110,110,1,False,5,4,False,True,1,0,1,1071,170,2,1071,170,2,False,False,,,False
92321654,1129.8,LOSS,True,61,7,MAIN,2,RESOURCE_MANAGEMENT,ABILITY,,ABILITY,0,0,676,110,110,1,False,5,4,False,True,1,0,1,1071,170,2,1071,170,2,False,False,,,False
92321654,1129.8,LOSS,True,62,7,DISCARD,2,RESOURCE_MANAGEMENT,,,CARD,0,0,676,110,110,1,False,5,4,False,True,1,0,1,1071,170,2,1071,170,2,False,False,,,False
92321654,1129.8,LOSS,True,63,7,MAIN,7,ENERGY_MANAGEMENT,ATTACH_ENERGY,,ATTACH,0,0,676,110,110,1,False,5,4,False,True,1,0,1,1071,170,2,1071,170,2,False,False,,,False
92321654,1129.8,LOSS,True,64,7,MAIN,1,TIMING,,,,0,0,676,110,110,1,False,5,4,False,True,1,0,1,1071,170,2,150,330,1,False,False,,,False
92321654,1129.8,LOSS,True,65,8,TO_ACTIVE,5,ACTIVE_POKEMON_SELECTION,,,CARD,0,0,,,,,False,5,4,False,True,,,1,150,330,1,150,330,1,,,,,True
92321654,1129.8,LOSS,True,66,9,MAIN,13,RESOURCE_MANAGEMENT,PLAY_SUPPORTER,1182,PLAY,1,0,677,180,180,1,False,4,4,False,True,2,1,0,150,330,1,150,330,1,False,False,Syrup Storm,30,False
92321654,1129.8,LOSS,True,67,9,SWITCH,5,ACTIVE_POKEMON_SELECTION,,,CARD,0,0,677,180,180,1,False,4,4,False,True,2,1,0,150,330,1,140,210,1,False,False,Syrup Storm,30,False
92321654,1129.8,LOSS,True,68,9,MAIN,10,RESOURCE_MANAGEMENT,ABILITY,,ABILITY,1,0,677,180,180,1,False,4,4,False,True,2,1,0,140,210,1,140,210,1,False,False,,,False
92321654,1129.8,LOSS,True,69,9,DISCARD,1,RESOURCE_MANAGEMENT,,,CARD,0,0,677,180,180,1,False,4,4,False,True,2,1,0,140,210,1,140,210,1,False,False,,,False
92321654,1129.8,LOSS,True,70,9,MAIN,11,BENCH_MANAGEMENT,EVOLVE,,EVOLVE,1,0,677,180,180,1,False,4,4,False,True,2,1,0,140,210,1,140,210,1,False,False,,,False
92321654,1129.8,LOSS,True,71,9,MAIN,9,ATTACK_SELECTION,ATTACK,,ATTACK,1,1,678,440,440,3,False,4,4,False,True,2,1,0,140,210,1,140,0,1,False,False,,,True
92321654,1129.8,LOSS,True,72,9,ATTACH_TO,10,ENERGY_MANAGEMENT,,,CARD;CARD;CARD,0,0,678,440,440,3,False,4,4,False,True,2,1,0,140,0,1,140,0,1,False,False,,,False
92321654,1129.8,LOSS,True,73,9,ATTACH_FROM,4,ENERGY_MANAGEMENT,,,CARD,0,0,678,440,440,3,False,4,4,False,True,2,1,0,140,0,1,140,0,1,False,False,,,False
92321654,1129.8,LOSS,True,74,9,ATTACH_FROM,4,ENERGY_MANAGEMENT,,,CARD,0,0,678,440,440,3,False,4,4,False,True,2,1,0,140,0,1,140,0,1,False,False,,,False
92321654,1129.8,LOSS,True,75,9,ATTACH_FROM,4,ENERGY_MANAGEMENT,,,CARD,0,0,678,440,440,3,False,4,4,False,True,2,1,0,140,0,1,,,1,False,False,,,False
92321733,1127.4,WIN,False,0,,,0,UNKNOWN,,,,0,0,,,,,False,,,False,False,,,0,,,,,,,,,,,False
92321733,1127.4,WIN,False,1,,,0,UNKNOWN,,,,0,0,,,,,False,,,False,False,,,0,,,,,,0,,,,,False
92321733,1127.4,WIN,False,2,0,SETUP_ACTIVE_POKEMON,1,EARLY_GAME_SETUP,,,,0,0,,,,,False,0,0,False,False,,,0,,,0,119,70,6,,,,,False
92321733,1127.4,WIN,False,3,2,MAIN,7,RESOURCE_MANAGEMENT,PLAY_ITEM,1152,PLAY,0,0,677,80,80,1,False,0,6,False,False,2,0,0,119,70,6,119,70,6,False,False,Petty Grudge,10,False
92321733,1127.4,WIN,False,4,2,TO_HAND,10,RESOURCE_MANAGEMENT,,,CARD,0,0,677,80,80,1,False,0,6,False,False,2,0,0,119,70,6,119,70,6,False,False,Petty Grudge,10,False
92321733,1127.4,WIN,False,5,2,MAIN,7,RESOURCE_MANAGEMENT,PLAY_POKEMON,676,PLAY,0,0,677,80,80,1,False,0,6,False,False,2,0,0,119,70,6,119,70,6,False,False,Petty Grudge,10,False
92321733,1127.4,WIN,False,6,2,MAIN,9,ENERGY_MANAGEMENT,ATTACH_ENERGY,,ATTACH,0,0,677,80,80,1,False,1,6,False,True,2,0,0,119,70,6,119,70,6,False,False,Petty Grudge,10,False
92321733,1127.4,WIN,False,7,2,MAIN,4,RESOURCE_MANAGEMENT,PLAY_SUPPORTER,1227,PLAY,1,0,677,80,80,1,False,1,6,False,True,2,1,0,119,70,6,119,70,6,False,False,Petty Grudge,10,False
92321733,1127.4,WIN,False,8,2,MAIN,6,RESOURCE_MANAGEMENT,PLAY_ITEM,1121,PLAY,1,0,677,80,80,1,False,1,6,False,True,2,1,0,119,70,6,119,70,6,False,False,Petty Grudge,10,False
92321733,1127.4,WIN,False,9,2,DISCARD,7,RESOURCE_MANAGEMENT,,,CARD;CARD,0,0,677,80,80,1,False,1,6,False,True,2,1,0,119,70,6,119,70,6,False,False,Petty Grudge,10,False
92321733,1127.4,WIN,False,10,2,TO_HAND,9,RESOURCE_MANAGEMENT,,,CARD,0,0,677,80,80,1,False,1,6,False,True,2,1,0,119,70,6,119,70,6,False,False,Petty Grudge,10,False
92321733,1127.4,WIN,False,11,2,MAIN,5,RESOURCE_MANAGEMENT,PLAY_POKEMON,675,PLAY,1,0,677,80,80,1,False,1,6,False,True,2,1,0,119,70,6,119,70,6,False,False,Petty Grudge,10,False
92321733,1127.4,WIN,False,12,2,MAIN,4,RESOURCE_MANAGEMENT,PLAY_ITEM,1142,PLAY,1,0,677,80,80,1,False,2,6,False,True,2,1,0,119,70,6,119,70,6,False,False,Petty Grudge,10,False
92321733,1127.4,WIN,False,13,2,TO_HAND,16,RESOURCE_MANAGEMENT,,,CARD,0,0,677,80,80,1,False,2,6,False,True,2,1,0,119,70,6,119,70,6,False,False,Petty Grudge,10,False
92321733,1127.4,WIN,False,14,2,MAIN,4,RESOURCE_MANAGEMENT,ABILITY,,ABILITY,1,0,677,80,80,1,False,2,6,False,True,2,1,0,119,70,6,119,70,6,False,False,Petty Grudge,10,False
92321733,1127.4,WIN,False,15,2,DISCARD,1,RESOURCE_MANAGEMENT,,,CARD,0,0,677,80,80,1,False,2,6,False,True,2,1,0,119,70,6,119,70,6,False,False,Petty Grudge,10,False
92321733,1127.4,WIN,False,16,2,MAIN,3,RESOURCE_MANAGEMENT,PLAY_POKEMON,673,PLAY,1,0,677,80,80,1,False,2,6,False,True,2,1,0,119,70,6,119,70,6,False,False,Petty Grudge,10,False
92321733,1127.4,WIN,False,17,2,MAIN,2,TIMING,,,,1,0,677,80,80,1,False,3,6,False,True,2,1,0,119,70,6,235,30,6,False,False,Petty Grudge,10,False
92321733,1127.4,WIN,False,18,4,MAIN,14,BENCH_MANAGEMENT,EVOLVE,,EVOLVE,0,0,677,70,80,1,True,3,6,False,True,2,1,0,235,30,6,235,30,6,False,False,Itchy Pollen,10,False
92321733,1127.4,WIN,False,19,4,MAIN,15,BENCH_MANAGEMENT,EVOLVE,,EVOLVE,1,0,678,330,340,3,True,3,6,False,True,2,1,0,235,30,6,235,30,6,False,False,Itchy Pollen,10,True
92321733,1127.4,WIN,False,20,4,ACTIVATE,2,RESOURCE_MANAGEMENT,,,YES,0,0,678,330,340,3,True,3,6,False,True,2,1,0,235,30,6,235,30,6,False,False,Itchy Pollen,10,False
92321733,1127.4,WIN,False,21,4,SWITCH,5,ACTIVE_POKEMON_SELECTION,,,CARD,0,0,678,330,340,3,True,3,6,False,True,2,1,0,235,30,6,120,90,6,False,False,Itchy Pollen,10,False
92321733,1127.4,WIN,False,22,4,MAIN,14,RESOURCE_MANAGEMENT,ABILITY,,ABILITY,1,0,678,330,340,3,True,3,6,False,True,2,1,0,120,90,6,120,90,6,False,False,,,False
92321733,1127.4,WIN,False,23,4,DISCARD,2,RESOURCE_MANAGEMENT,,,CARD,0,0,678,330,340,3,True,3,6,False,True,2,1,0,120,90,6,120,90,6,False,False,,,False
92321733,1127.4,WIN,False,24,4,MAIN,17,ENERGY_MANAGEMENT,ATTACH_ENERGY,,ATTACH,1,0,678,330,340,3,True,3,6,False,True,2,1,0,120,90,6,120,90,6,False,False,,,False
92321733,1127.4,WIN,False,25,4,MAIN,7,RESOURCE_MANAGEMENT,PLAY_SUPPORTER,1213,PLAY,2,0,678,330,340,3,True,3,6,True,True,2,2,0,120,90,6,120,90,6,False,False,,,False
92321733,1127.4,WIN,False,26,4,MAIN,9,RESOURCE_MANAGEMENT,PLAY_POKEMON,677,PLAY,2,0,678,330,340,3,True,3,6,True,True,2,2,0,120,90,6,120,90,6,False,False,,,False
92321733,1127.4,WIN,False,27,4,MAIN,9,ENERGY_MANAGEMENT,ATTACH_ENERGY,,ATTACH,2,0,678,330,340,3,True,4,6,True,True,2,2,0,120,90,6,120,90,6,False,False,,,False
92321733,1127.4,WIN,False,28,4,MAIN,4,ATTACK_SELECTION,ATTACK,,ATTACK,2,1,678,430,440,3,True,4,6,True,True,2,2,0,120,90,6,120,0,6,False,False,,,False
92321733,1127.4,WIN,False,29,4,ATTACH_TO,2,ENERGY_MANAGEMENT,,,CARD;CARD,0,0,678,430,440,3,True,4,6,False,True,2,2,0,120,0,6,120,0,6,False,False,,,False
92321733,1127.4,WIN,False,30,4,ATTACH_FROM,4,ENERGY_MANAGEMENT,,,CARD,0,0,678,430,440,3,True,4,6,False,True,2,2,0,120,0,6,120,0,6,False,False,,,False
92321733,1127.4,WIN,False,31,4,ATTACH_FROM,4,ENERGY_MANAGEMENT,,,CARD,0,0,678,430,440,3,True,4,6,False,True,2,2,1,120,0,6,,,6,False,False,,,False
92321733,1127.4,WIN,False,32,4,TO_HAND,6,RESOURCE_MANAGEMENT,,,,0,0,678,430,440,3,True,4,6,False,True,2,2,1,,,6,235,30,6,,,,,False
92321733,1127.4,WIN,False,33,6,MAIN,13,ENERGY_MANAGEMENT,ATTACH_ENERGY,,ATTACH,2,0,678,420,440,3,True,4,5,True,True,2,2,1,235,30,6,235,30,6,False,False,Itchy Pollen,10,False
92321733,1127.4,WIN,False,34,6,MAIN,7,RESOURCE_MANAGEMENT,PLAY_SUPPORTER,1227,PLAY,2,0,678,420,440,3,True,4,5,True,True,2,2,1,235,30,6,235,30,6,False,False,Itchy Pollen,10,False
92321733,1127.4,WIN,False,35,6,MAIN,7,RESOURCE_MANAGEMENT,ABILITY,,ABILITY,2,0,678,420,440,3,True,4,5,True,True,2,2,1,235,30,6,235,30,6,False,False,Itchy Pollen,10,False
92321733,1127.4,WIN,False,36,6,DISCARD,2,RESOURCE_MANAGEMENT,,,CARD,0,0,678,420,440,3,True,4,5,False,True,2,2,1,235,30,6,235,30,6,False,False,Itchy Pollen,10,False
92321733,1127.4,WIN,False,37,6,MAIN,7,RESOURCE_MANAGEMENT,PLAY_POKEMON,673,PLAY,2,0,678,420,440,3,True,4,5,True,True,2,2,1,235,30,6,235,30,6,False,False,Itchy Pollen,10,False
92321733,1127.4,WIN,False,38,6,MAIN,5,BENCH_MANAGEMENT,EVOLVE,,EVOLVE,2,0,678,420,440,3,True,5,5,True,True,2,2,1,235,30,6,235,30,6,False,False,Itchy Pollen,10,False
92321733,1127.4,WIN,False,39,6,MAIN,4,ATTACK_SELECTION,ATTACK,,ATTACK,2,1,678,420,440,3,True,5,5,True,True,2,2,1,235,30,6,235,0,6,False,False,Itchy Pollen,10,False
92321733,1127.4,WIN,False,40,6,ATTACH_TO,1,ENERGY_MANAGEMENT,,,CARD,0,0,678,420,440,3,True,5,5,False,True,2,2,1,235,0,6,235,0,6,False,False,Itchy Pollen,10,False
92321733,1127.4,WIN,False,41,6,ATTACH_FROM,5,ENERGY_MANAGEMENT,,,CARD,0,0,678,420,440,3,True,5,5,False,True,2,2,1,235,0,6,,,6,False,False,Itchy Pollen,10,False
92321733,1127.4,WIN,False,42,6,TO_HAND,5,RESOURCE_MANAGEMENT,,,,0,0,678,420,440,3,True,5,5,False,True,2,2,1,,,6,121,320,6,,,,,False
92321733,1127.4,WIN,False,43,8,MAIN,17,RESOURCE_MANAGEMENT,ABILITY,,ABILITY,2,0,678,120,340,3,True,5,4,True,True,2,2,1,121,320,6,121,320,6,True,False,Phantom Dive,200,False
92321733,1127.4,WIN,False,44,8,DISCARD,1,RESOURCE_MANAGEMENT,,,CARD,0,0,678,120,340,3,True,5,4,False,True,2,2,1,121,320,6,121,320,6,True,False,Phantom Dive,200,False
92321733,1127.4,WIN,False,45,8,MAIN,13,RESOURCE_MANAGEMENT,PLAY_SUPPORTER,1229,PLAY,2,0,678,120,340,3,True,5,4,True,True,2,2,1,121,320,6,121,320,6,True,False,Phantom Dive,200,False
92321733,1127.4,WIN,False,46,8,HEAL,1,RESOURCE_MANAGEMENT,,,CARD,0,0,678,120,340,3,True,5,4,False,True,2,2,1,121,320,6,121,320,6,True,False,Phantom Dive,200,False
92321733,1127.4,WIN,False,47,8,MAIN,18,ENERGY_MANAGEMENT,ATTACH_ENERGY,,ATTACH,0,0,678,340,340,3,False,5,4,False,True,2,0,1,121,320,6,121,320,6,False,False,Phantom Dive,200,False
92321733,1127.4,WIN,False,48,8,MAIN,7,BENCH_MANAGEMENT,EVOLVE,,EVOLVE,1,0,678,340,340,3,False,5,4,False,True,2,1,1,121,320,6,121,320,6,False,False,Phantom Dive,200,False
92321733,1127.4,WIN,False,49,8,ACTIVATE,2,RESOURCE_MANAGEMENT,,,YES,0,0,678,340,340,3,False,5,4,False,True,2,1,1,121,320,6,121,320,6,False,False,Phantom Dive,200,False
92321733,1127.4,WIN,False,50,8,SWITCH,3,ACTIVE_POKEMON_SELECTION,,,CARD,0,0,678,340,340,3,False,5,4,False,True,2,1,1,121,320,6,1071,170,6,False,False,Phantom Dive,200,False
92321733,1127.4,WIN,False,51,8,MAIN,6,RESOURCE_MANAGEMENT,PLAY_ITEM,1142,PLAY,1,0,678,340,340,3,False,5,4,False,True,2,1,1,1071,170,6,1071,170,6,False,False,,,False
92321733,1127.4,WIN,False,52,8,TO_HAND,7,RESOURCE_MANAGEMENT,,,CARD,0,0,678,340,340,3,False,5,4,False,True,2,1,1,1071,170,6,1071,170,6,False,False,,,False
92321733,1127.4,WIN,False,53,8,MAIN,5,ATTACK_SELECTION,ATTACK,,ATTACK,1,1,678,340,340,3,False,5,4,False,True,2,1,1,1071,170,6,1071,0,6,False,False,,,False
92321733,1127.4,WIN,False,54,8,ATTACH_TO,1,ENERGY_MANAGEMENT,,,CARD,0,0,678,340,340,3,False,5,4,False,True,2,1,1,1071,0,6,1071,0,6,False,False,,,False
92321733,1127.4,WIN,False,55,8,ATTACH_FROM,5,ENERGY_MANAGEMENT,,,CARD,0,0,678,340,340,3,False,5,4,False,True,2,1,1,1071,0,6,,,6,False,False,,,False
92321733,1127.4,WIN,False,56,8,TO_HAND,4,RESOURCE_MANAGEMENT,,,,0,0,678,340,340,3,False,5,4,False,True,2,1,2,,,6,121,320,6,,,,,False
92321733,1127.4,WIN,False,57,10,MAIN,23,RESOURCE_MANAGEMENT,ABILITY,,ABILITY,1,0,678,140,340,3,True,5,2,False,True,2,1,2,121,320,6,121,320,6,True,False,Phantom Dive,200,False
92321733,1127.4,WIN,False,58,10,DISCARD,2,RESOURCE_MANAGEMENT,,,CARD,0,0,678,140,340,3,True,5,2,False,True,2,1,2,121,320,6,121,320,6,True,False,Phantom Dive,200,False
92321733,1127.4,WIN,False,59,10,MAIN,24,RESOURCE_MANAGEMENT,PLAY_ITEM,1123,PLAY,1,0,678,140,340,3,True,5,2,False,True,2,1,2,121,320,6,121,320,6,True,False,Phantom Dive,200,False
92321733,1127.4,WIN,False,60,10,SWITCH,5,ACTIVE_POKEMON_SELECTION,,,CARD,0,0,678,140,340,3,True,5,2,False,True,2,1,2,121,320,6,121,320,6,True,False,Phantom Dive,200,False
92321733,1127.4,WIN,False,61,10,MAIN,25,RESOURCE_MANAGEMENT,PLAY_ITEM,1152,PLAY,2,0,678,340,340,3,False,5,2,True,True,2,2,2,121,320,6,121,320,6,False,False,Phantom Dive,200,False
92321733,1127.4,WIN,False,62,10,TO_HAND,1,RESOURCE_MANAGEMENT,,,CARD,0,0,678,340,340,3,False,5,2,False,True,2,2,2,121,320,6,121,320,6,False,False,Phantom Dive,200,False
92321733,1127.4,WIN,False,63,10,MAIN,24,RESOURCE_MANAGEMENT,PLAY_ITEM,1152,PLAY,2,0,678,340,340,3,False,5,2,True,True,2,2,2,121,320,6,121,320,6,False,False,Phantom Dive,200,False
92321733,1127.4,WIN,False,64,10,MAIN,23,RESOURCE_MANAGEMENT,PLAY_ITEM,1121,PLAY,2,0,678,340,340,3,False,5,2,True,True,2,2,2,121,320,6,121,320,6,False,False,Phantom Dive,200,False
92321733,1127.4,WIN,False,65,10,DISCARD,11,RESOURCE_MANAGEMENT,,,CARD;CARD,0,0,678,340,340,3,False,5,2,False,True,2,2,2,121,320,6,121,320,6,False,False,Phantom Dive,200,False
92321733,1127.4,WIN,False,66,10,TO_HAND,2,RESOURCE_MANAGEMENT,,,CARD,0,0,678,340,340,3,False,5,2,False,True,2,2,2,121,320,6,121,320,6,False,False,Phantom Dive,200,False
92321733,1127.4,WIN,False,67,10,MAIN,22,RESOURCE_MANAGEMENT,PLAY_ITEM,1142,PLAY,2,0,678,340,340,3,False,5,2,True,True,2,2,2,121,320,6,121,320,6,False,False,Phantom Dive,200,False
92321733,1127.4,WIN,False,68,10,TO_HAND,4,RESOURCE_MANAGEMENT,,,CARD,0,0,678,340,340,3,False,5,2,False,True,2,2,2,121,320,6,121,320,6,False,False,Phantom Dive,200,False
92321733,1127.4,WIN,False,69,10,MAIN,27,ENERGY_MANAGEMENT,ATTACH_ENERGY,,ATTACH,2,0,678,340,340,3,False,5,2,True,True,2,2,2,121,320,6,121,320,6,False,False,Phantom Dive,200,False
92321733,1127.4,WIN,False,70,10,MAIN,9,RESOURCE_MANAGEMENT,PLAY_ITEM,1141,PLAY,2,0,678,340,340,3,False,5,2,True,True,2,2,2,121,320,6,121,320,6,False,False,Phantom Dive,200,False
92321733,1127.4,WIN,False,71,10,MAIN,8,RESOURCE_MANAGEMENT,PLAY_SUPPORTER,1227,PLAY,2,0,678,340,340,3,False,5,2,True,True,2,2,2,121,320,6,121,320,6,False,False,Phantom Dive,200,False
92321733,1127.4,WIN,False,72,10,MAIN,6,RESOURCE_MANAGEMENT,PLAY_ITEM,1141,PLAY,2,0,678,340,340,3,False,5,2,True,True,2,2,2,121,320,6,121,320,6,False,False,Phantom Dive,200,False
92321733,1127.4,WIN,False,73,10,MAIN,5,ATTACK_SELECTION,ATTACK,,ATTACK,2,1,678,340,340,3,False,5,2,True,True,2,2,2,121,320,6,,,6,False,False,Phantom Dive,200,False
92320712,1129.8,WIN,True,0,,,0,UNKNOWN,,,,0,0,,,,,False,,,False,False,,,0,,,,,,,,,,,False
92320712,1129.8,WIN,True,1,,,0,UNKNOWN,,,,0,0,,,,,False,,,False,False,,,0,,,,,,0,,,,,False
92320712,1129.8,WIN,True,2,0,IS_FIRST,2,GOING_FIRST_SECOND,,,,0,0,,,,,False,0,0,False,False,,,0,,,0,,,6,,,,,False
92320712,1129.8,WIN,True,3,0,SETUP_ACTIVE_POKEMON,2,EARLY_GAME_SETUP,,,,0,0,,,,,False,0,0,False,False,,,0,,,6,,,6,,,,,False
92320712,1129.8,WIN,True,4,0,SETUP_BENCH_POKEMON,1,BENCH_MANAGEMENT,,,,0,0,,,,,False,0,6,False,False,,,0,,,6,96,210,6,,,,,False
92320712,1129.8,WIN,True,5,1,MAIN,7,RESOURCE_MANAGEMENT,PLAY_POKEMON,675,PLAY,0,0,676,110,110,1,False,0,6,False,False,1,0,0,96,210,6,96,210,6,False,False,,,False
92320712,1129.8,WIN,True,6,1,MAIN,9,RESOURCE_MANAGEMENT,ABILITY,,ABILITY,0,0,676,110,110,1,False,1,6,False,True,1,0,0,96,210,6,96,210,6,False,False,,,False
92320712,1129.8,WIN,True,7,1,DISCARD,1,RESOURCE_MANAGEMENT,,,CARD,0,0,676,110,110,1,False,1,6,False,True,1,0,0,96,210,6,96,210,6,False,False,,,False
92320712,1129.8,WIN,True,8,1,MAIN,8,RESOURCE_MANAGEMENT,PLAY_ITEM,1152,PLAY,0,0,676,110,110,1,False,1,6,False,True,1,0,0,96,210,6,96,210,6,False,False,,,False
92320712,1129.8,WIN,True,9,1,TO_HAND,8,RESOURCE_MANAGEMENT,,,CARD,0,0,676,110,110,1,False,1,6,False,True,1,0,0,96,210,6,96,210,6,False,False,,,False
92320712,1129.8,WIN,True,10,1,MAIN,8,RESOURCE_MANAGEMENT,PLAY_POKEMON,677,PLAY,0,0,676,110,110,1,False,1,6,False,True,1,0,0,96,210,6,96,210,6,False,False,,,False
92320712,1129.8,WIN,True,11,1,MAIN,8,RESOURCE_MANAGEMENT,PLAY_POKEMON,673,PLAY,0,0,676,110,110,1,False,2,6,False,True,1,0,0,96,210,6,96,210,6,False,False,,,False
92320712,1129.8,WIN,True,12,1,MAIN,8,RESOURCE_MANAGEMENT,PLAY_ITEM,1152,PLAY,0,0,676,110,110,1,False,3,6,False,True,1,0,0,96,210,6,96,210,6,False,False,,,False
92320712,1129.8,WIN,True,13,1,TO_HAND,7,RESOURCE_MANAGEMENT,,,CARD,0,0,676,110,110,1,False,3,6,False,True,1,0,0,96,210,6,96,210,6,False,False,,,False
92320712,1129.8,WIN,True,14,1,MAIN,8,RESOURCE_MANAGEMENT,PLAY_POKEMON,677,PLAY,0,0,676,110,110,1,False,3,6,False,True,1,0,0,96,210,6,96,210,6,False,False,,,False
92320712,1129.8,WIN,True,15,1,MAIN,8,ENERGY_MANAGEMENT,ATTACH_ENERGY,,ATTACH,0,0,676,110,110,1,False,4,6,False,True,1,0,0,96,210,6,96,210,6,False,False,,,False
92320712,1129.8,WIN,True,16,1,MAIN,3,TIMING,,,,0,0,676,110,110,1,False,4,6,False,True,1,0,0,96,210,6,96,210,6,False,False,,,False
92320712,1129.8,WIN,True,17,3,MAIN,6,RESOURCE_MANAGEMENT,PLAY_ITEM,1121,PLAY,0,0,676,110,110,1,False,4,6,False,True,1,0,0,96,210,6,96,210,6,False,False,,,False
92320712,1129.8,WIN,True,18,3,DISCARD,4,RESOURCE_MANAGEMENT,,,CARD;CARD,0,0,676,110,110,1,False,4,6,False,True,1,0,0,96,210,6,96,210,6,False,False,,,False
92320712,1129.8,WIN,True,19,3,TO_HAND,9,RESOURCE_MANAGEMENT,,,CARD,0,0,676,110,110,1,False,4,6,False,True,1,0,0,96,210,6,96,210,6,False,False,,,False
92320712,1129.8,WIN,True,20,3,MAIN,5,BENCH_MANAGEMENT,EVOLVE,,EVOLVE,0,0,676,110,110,1,False,4,6,False,True,1,0,0,96,210,6,96,210,6,False,False,,,False
92320712,1129.8,WIN,True,21,3,MAIN,2,RESOURCE_MANAGEMENT,PLAY_SUPPORTER,1227,PLAY,0,0,676,110,110,1,False,4,6,False,True,1,0,0,96,210,6,96,210,6,False,False,,,False
92320712,1129.8,WIN,True,22,3,MAIN,19,RESOURCE_MANAGEMENT,ABILITY,,ABILITY,0,0,676,110,110,1,False,4,6,False,True,1,0,0,96,210,6,96,210,6,False,False,,,False
92320712,1129.8,WIN,True,23,3,DISCARD,3,RESOURCE_MANAGEMENT,,,CARD,0,0,676,110,110,1,False,4,6,False,True,1,0,0,96,210,6,96,210,6,False,False,,,False
92320712,1129.8,WIN,True,24,3,MAIN,20,ENERGY_MANAGEMENT,ATTACH_ENERGY,,ATTACH,0,0,676,110,110,1,False,4,6,False,True,1,0,0,96,210,6,96,210,6,False,False,,,False
92320712,1129.8,WIN,True,25,3,MAIN,5,RESOURCE_MANAGEMENT,PLAY_ITEM,1152,PLAY,0,0,676,110,110,1,False,4,6,False,True,1,0,1,96,210,6,96,210,6,False,False,,,False
92320712,1129.8,WIN,True,26,3,TO_HAND,4,RESOURCE_MANAGEMENT,,,CARD,0,0,676,110,110,1,False,4,6,False,True,1,0,1,96,210,6,96,210,6,False,False,,,False
92320712,1129.8,WIN,True,27,3,MAIN,5,RESOURCE_MANAGEMENT,PLAY_POKEMON,673,PLAY,0,0,676,110,110,1,False,4,6,False,True,1,0,1,96,210,6,96,210,6,False,False,,,False
92320712,1129.8,WIN,True,28,3,MAIN,3,RESOURCE_MANAGEMENT,PLAY_ITEM,1121,PLAY,0,0,676,110,110,1,False,5,6,False,True,1,0,1,96,210,6,96,210,6,False,False,,,False
92320712,1129.8,WIN,True,29,3,DISCARD,7,RESOURCE_MANAGEMENT,,,CARD;CARD,0,0,676,110,110,1,False,5,6,False,True,1,0,1,96,210,6,96,210,6,False,False,,,False
92320712,1129.8,WIN,True,30,3,TO_HAND,6,RESOURCE_MANAGEMENT,,,CARD,0,0,676,110,110,1,False,5,6,False,True,1,0,1,96,210,6,96,210,6,False,False,,,False
92320712,1129.8,WIN,True,31,3,MAIN,3,TIMING,,,,0,0,676,110,110,1,False,5,6,False,True,1,0,1,96,210,6,150,330,5,False,False,,,False
92320712,1129.8,WIN,True,32,4,TO_ACTIVE,5,ACTIVE_POKEMON_SELECTION,,,CARD,0,0,,,,,False,5,6,False,True,,,1,150,330,5,150,330,5,,,,,True
92320712,1129.8,WIN,True,33,5,MAIN,14,RESOURCE_MANAGEMENT,PLAY_ITEM,1141,PLAY,1,0,678,440,440,3,False,4,6,False,True,2,1,0,150,330,5,150,330,5,False,False,Syrup Storm,30,False
92320712,1129.8,WIN,True,34,5,MAIN,13,ENERGY_MANAGEMENT,ATTACH_ENERGY,,ATTACH,1,0,678,440,440,3,False,4,6,False,True,2,1,0,150,330,5,150,330,5,False,False,Syrup Storm,30,False
92320712,1129.8,WIN,True,35,5,MAIN,10,BENCH_MANAGEMENT,EVOLVE,,EVOLVE,2,0,678,440,440,3,False,4,6,True,True,2,2,0,150,330,5,150,330,5,False,False,Syrup Storm,30,False
92320712,1129.8,WIN,True,36,5,ACTIVATE,2,RESOURCE_MANAGEMENT,,,YES,0,0,678,440,440,3,False,4,6,False,True,2,2,0,150,330,5,150,330,5,False,False,Syrup Storm,30,False
92320712,1129.8,WIN,True,37,5,SWITCH,4,ACTIVE_POKEMON_SELECTION,,,CARD,0,0,678,440,440,3,False,4,6,False,True,2,2,0,150,330,5,96,210,5,False,False,Syrup Storm,30,False
92320712,1129.8,WIN,True,38,5,MAIN,8,RESOURCE_MANAGEMENT,PLAY_SUPPORTER,1227,PLAY,2,0,678,440,440,3,False,4,6,True,True,2,2,0,96,210,5,96,210,5,False,False,,,False
92320712,1129.8,WIN,True,39,5,MAIN,8,RESOURCE_MANAGEMENT,PLAY_ITEM,1142,PLAY,2,0,678,440,440,3,False,4,6,True,True,2,2,0,96,210,5,96,210,5,False,False,,,False
92320712,1129.8,WIN,True,40,5,TO_HAND,7,RESOURCE_MANAGEMENT,,,CARD,0,0,678,440,440,3,False,4,6,False,True,2,2,0,96,210,5,96,210,5,False,False,,,False
92320712,1129.8,WIN,True,41,5,MAIN,8,RESOURCE_MANAGEMENT,PLAY_POKEMON,676,PLAY,2,0,678,440,440,3,False,4,6,True,True,2,2,0,96,210,5,96,210,5,False,False,,,False
92320712,1129.8,WIN,True,42,5,MAIN,8,RESOURCE_MANAGEMENT,ABILITY,,ABILITY,2,0,678,440,440,3,False,5,6,True,True,2,2,0,96,210,5,96,210,5,False,False,,,False
92320712,1129.8,WIN,True,43,5,DISCARD,2,RESOURCE_MANAGEMENT,,,CARD,0,0,678,440,440,3,False,5,6,False,True,2,2,0,96,210,5,96,210,5,False,False,,,False
92320712,1129.8,WIN,True,44,5,MAIN,9,RESOURCE_MANAGEMENT,PLAY_ITEM,1121,PLAY,2,0,678,440,440,3,False,5,6,True,True,2,2,0,96,210,5,96,210,5,False,False,,,False
92320712,1129.8,WIN,True,45,5,DISCARD,8,RESOURCE_MANAGEMENT,,,CARD;CARD,0,0,678,440,440,3,False,5,6,False,True,2,2,0,96,210,5,96,210,5,False,False,,,False
92320712,1129.8,WIN,True,46,5,TO_HAND,3,RESOURCE_MANAGEMENT,,,CARD,0,0,678,440,440,3,False,5,6,False,True,2,2,0,96,210,5,96,210,5,False,False,,,False
92320712,1129.8,WIN,True,47,5,MAIN,9,RESOURCE_MANAGEMENT,PLAY_ITEM,1142,PLAY,2,0,678,440,440,3,False,5,6,True,True,2,2,0,96,210,5,96,210,5,False,False,,,False
92320712,1129.8,WIN,True,48,5,TO_HAND,6,RESOURCE_MANAGEMENT,,,CARD,0,0,678,440,440,3,False,5,6,False,True,2,2,0,96,210,5,96,210,5,False,False,,,False
92320712,1129.8,WIN,True,49,5,MAIN,8,ATTACK_SELECTION,ATTACK,,ATTACK,2,1,678,440,440,3,False,5,6,True,True,2,2,0,96,210,5,,,5,False,False,,,False
92320712,1129.8,WIN,True,50,5,TO_HAND,6,RESOURCE_MANAGEMENT,,,,0,0,678,440,440,3,False,5,6,False,True,2,2,0,,,5,150,330,5,,,,,False
92320712,1129.8,WIN,True,51,7,MAIN,12,RESOURCE_MANAGEMENT,ABILITY,,ABILITY,1,0,678,200,440,3,True,5,4,True,True,2,2,0,150,330,5,150,330,5,False,False,Syrup Storm,30,False
92320712,1129.8,WIN,True,52,7,DISCARD,1,RESOURCE_MANAGEMENT,,,CARD,0,0,678,200,440,3,True,5,4,False,True,2,2,0,150,330,5,150,330,5,False,False,Syrup Storm,30,False
92320712,1129.8,WIN,True,53,7,MAIN,13,BENCH_MANAGEMENT,EVOLVE,,EVOLVE,1,0,678,200,440,3,True,5,4,True,True,2,2,0,150,330,5,150,330,5,False,False,Syrup Storm,30,False
92320712,1129.8,WIN,True,54,7,MAIN,12,RESOURCE_MANAGEMENT,PLAY_ITEM,1142,PLAY,1,0,678,200,440,3,True,5,4,True,True,2,2,0,150,330,5,150,330,5,False,False,Syrup Storm,30,False
92320712,1129.8,WIN,True,55,7,TO_HAND,4,RESOURCE_MANAGEMENT,,,CARD,0,0,678,200,440,3,True,5,4,False,True,2,2,0,150,330,5,150,330,5,False,False,Syrup Storm,30,False
92320712,1129.8,WIN,True,56,7,MAIN,17,RESOURCE_MANAGEMENT,PLAY_ITEM,1123,PLAY,1,0,678,200,440,3,True,5,4,True,True,2,2,0,150,330,5,150,330,5,False,False,Syrup Storm,30,False
92320712,1129.8,WIN,True,57,7,SWITCH,5,ACTIVE_POKEMON_SELECTION,,,CARD,0,0,678,200,440,3,True,5,4,False,True,2,2,0,150,330,5,150,330,5,False,False,Syrup Storm,30,False
92320712,1129.8,WIN,True,58,7,MAIN,14,ENERGY_MANAGEMENT,ATTACH_ENERGY,,ATTACH,0,0,678,340,340,3,False,5,4,False,True,2,0,1,150,330,5,150,330,5,False,False,Syrup Storm,30,False
92320712,1129.8,WIN,True,59,7,MAIN,3,RESOURCE_MANAGEMENT,PLAY_ITEM,1141,PLAY,1,0,678,340,340,3,False,5,4,False,True,2,1,1,150,330,5,150,330,5,False,False,Syrup Storm,30,False
92320712,1129.8,WIN,True,60,7,MAIN,2,ATTACK_SELECTION,ATTACK,,ATTACK,1,1,678,340,340,3,False,5,4,False,True,2,1,1,150,330,5,150,170,5,False,False,Syrup Storm,30,False
92320712,1129.8,WIN,True,61,7,ATTACH_TO,6,ENERGY_MANAGEMENT,,,CARD;CARD;CARD,0,0,678,340,340,3,False,5,4,False,True,2,1,1,150,170,5,150,170,5,False,False,Syrup Storm,30,False
92320712,1129.8,WIN,True,62,7,ATTACH_FROM,5,ENERGY_MANAGEMENT,,,CARD,0,0,678,340,340,3,False,5,4,False,True,2,1,1,150,170,5,150,170,5,False,False,Syrup Storm,30,False
92320712,1129.8,WIN,True,63,7,ATTACH_FROM,5,ENERGY_MANAGEMENT,,,CARD,0,0,678,340,340,3,False,5,4,False,True,2,1,1,150,170,5,150,170,5,False,False,Syrup Storm,30,False
92320712,1129.8,WIN,True,64,7,ATTACH_FROM,5,ENERGY_MANAGEMENT,,,,0,0,678,340,340,3,False,5,4,False,True,2,1,1,150,170,5,150,170,2,False,False,Syrup Storm,30,False
92320712,1129.8,WIN,True,65,8,TO_ACTIVE,5,ACTIVE_POKEMON_SELECTION,,,CARD,0,0,,,,,False,5,4,False,True,,,2,150,170,2,150,170,2,,,,,True
92320712,1129.8,WIN,True,66,9,MAIN,14,RESOURCE_MANAGEMENT,ABILITY,,ABILITY,1,0,674,150,150,1,False,4,4,True,True,3,3,1,150,170,2,150,170,2,False,False,Syrup Storm,30,False
92320712,1129.8,WIN,True,67,9,DISCARD,2,RESOURCE_MANAGEMENT,,,CARD,0,0,674,150,150,1,False,4,4,False,True,3,3,1,150,170,2,150,170,2,False,False,Syrup Storm,30,False
92320712,1129.8,WIN,True,68,9,MAIN,15,RESOURCE_MANAGEMENT,PLAY_ITEM,1141,PLAY,1,0,674,150,150,1,False,4,4,True,True,3,3,1,150,170,2,150,170,2,False,False,Syrup Storm,30,False
92320712,1129.8,WIN,True,69,9,MAIN,14,ATTACK_SELECTION,ATTACK,,ATTACK,1,1,674,150,150,1,False,4,4,True,True,3,3,1,150,170,2,,,2,False,False,Syrup Storm,30,False
92320712,1129.8,WIN,True,70,9,TO_HAND,4,RESOURCE_MANAGEMENT,,,,0,0,674,80,150,1,True,4,4,False,True,3,3,1,,,2,96,210,1,,,,,False
92320712,1129.8,WIN,True,71,10,TO_ACTIVE,4,ACTIVE_POKEMON_SELECTION,,,CARD,0,0,,,,,False,4,2,False,True,,,1,96,210,1,96,210,1,,,,,True
92320712,1129.8,WIN,True,72,11,MAIN,19,RESOURCE_MANAGEMENT,ABILITY,,ABILITY,2,0,678,200,440,3,True,3,2,True,True,2,2,0,96,210,1,96,210,1,False,False,Myriad Leaf Shower,30,False
92320712,1129.8,WIN,True,73,11,DISCARD,3,RESOURCE_MANAGEMENT,,,CARD,0,0,678,200,440,3,True,3,2,False,True,2,2,0,96,210,1,96,210,1,False,False,Myriad Leaf Shower,30,False
92320712,1129.8,WIN,True,74,11,MAIN,17,BENCH_MANAGEMENT,EVOLVE,,EVOLVE,2,0,678,200,440,3,True,3,2,True,True,2,2,0,96,210,1,96,210,1,False,False,Myriad Leaf Shower,30,False
92320712,1129.8,WIN,True,75,11,ACTIVATE,2,RESOURCE_MANAGEMENT,,,YES,0,0,678,200,440,3,True,3,2,False,True,2,2,0,96,210,1,96,210,1,False,False,Myriad Leaf Shower,30,False
92320712,1129.8,WIN,True,76,11,SWITCH,5,ACTIVE_POKEMON_SELECTION,,,CARD,0,0,678,200,440,3,True,3,2,False,True,2,2,0,96,210,1,140,210,1,False,False,Myriad Leaf Shower,30,False
92320712,1129.8,WIN,True,77,11,MAIN,16,ATTACK_SELECTION,ATTACK,,ATTACK,2,1,678,200,440,3,True,3,2,True,True,2,2,0,140,210,1,,,1,False,False,,,False
92312424,1147.8,LOSS,True,0,,,0,UNKNOWN,,,,0,0,,,,,False,,,False,False,,,0,,,,,,,,,,,False
92312424,1147.8,LOSS,True,1,,,0,UNKNOWN,,,,0,0,,,,,False,,,False,False,,,0,,,,,,0,,,,,False
92312424,1147.8,LOSS,True,2,0,IS_FIRST,2,GOING_FIRST_SECOND,,,YES,0,0,,,,,False,0,0,False,False,,,0,,,0,,,0,,,,,False
92312424,1147.8,LOSS,True,3,0,SETUP_ACTIVE_POKEMON,2,EARLY_GAME_SETUP,,,,0,0,,,,,False,0,0,False,False,,,0,,,0,,,6,,,,,False
92312424,1147.8,LOSS,True,4,0,SETUP_BENCH_POKEMON,1,BENCH_MANAGEMENT,,,,0,0,,,,,False,0,6,False,False,,,0,,,6,119,70,6,,,,,False
92312424,1147.8,LOSS,True,5,1,MAIN,5,RESOURCE_MANAGEMENT,PLAY_POKEMON,676,PLAY,0,0,677,80,80,1,False,0,6,False,False,2,0,0,119,70,6,119,70,6,False,False,,,False
92312424,1147.8,LOSS,True,6,1,MAIN,5,RESOURCE_MANAGEMENT,PLAY_ITEM,1152,PLAY,0,0,677,80,80,1,False,1,6,False,True,2,0,0,119,70,6,119,70,6,False,False,,,False
92312424,1147.8,LOSS,True,7,1,TO_HAND,10,RESOURCE_MANAGEMENT,,,CARD,0,0,677,80,80,1,False,1,6,False,True,2,0,0,119,70,6,119,70,6,False,False,,,False
92312424,1147.8,LOSS,True,8,1,MAIN,5,RESOURCE_MANAGEMENT,PLAY_POKEMON,675,PLAY,0,0,677,80,80,1,False,1,6,False,True,2,0,0,119,70,6,119,70,6,False,False,,,False
92312424,1147.8,LOSS,True,9,1,MAIN,6,RESOURCE_MANAGEMENT,ABILITY,,ABILITY,0,0,677,80,80,1,False,2,6,False,True,2,0,0,119,70,6,119,70,6,False,False,,,False
92312424,1147.8,LOSS,True,10,1,DISCARD,1,RESOURCE_MANAGEMENT,,,CARD,0,0,677,80,80,1,False,2,6,False,True,2,0,0,119,70,6,119,70,6,False,False,,,False
92312424,1147.8,LOSS,True,11,1,MAIN,5,ENERGY_MANAGEMENT,ATTACH_ENERGY,,ATTACH,0,0,677,80,80,1,False,2,6,False,True,2,0,0,119,70,6,119,70,6,False,False,,,False
92312424,1147.8,LOSS,True,12,1,MAIN,2,TIMING,,,,0,0,677,80,80,1,False,2,6,False,True,2,1,0,119,70,6,31,110,6,False,False,,,False
92312424,1147.8,LOSS,True,13,3,MAIN,9,RESOURCE_MANAGEMENT,PLAY_ITEM,1142,PLAY,1,0,677,80,80,1,False,2,6,False,True,2,1,0,31,110,6,31,110,6,False,False,,,False
92312424,1147.8,LOSS,True,14,3,TO_HAND,15,RESOURCE_MANAGEMENT,,,CARD,0,0,677,80,80,1,False,2,6,False,True,2,1,0,31,110,6,31,110,6,False,False,,,False
92312424,1147.8,LOSS,True,15,3,MAIN,12,RESOURCE_MANAGEMENT,ABILITY,,ABILITY,1,0,677,80,80,1,False,2,6,False,True,2,1,0,31,110,6,31,110,6,False,False,,,False
92312424,1147.8,LOSS,True,16,3,DISCARD,1,RESOURCE_MANAGEMENT,,,CARD,0,0,677,80,80,1,False,2,6,False,True,2,1,0,31,110,6,31,110,6,False,False,,,False
92312424,1147.8,LOSS,True,17,3,MAIN,11,RESOURCE_MANAGEMENT,PLAY_ITEM,1152,PLAY,1,0,677,80,80,1,False,2,6,False,True,2,1,0,31,110,6,31,110,6,False,False,,,False
92312424,1147.8,LOSS,True,18,3,TO_HAND,9,RESOURCE_MANAGEMENT,,,CARD,0,0,677,80,80,1,False,2,6,False,True,2,1,0,31,110,6,31,110,6,False,False,,,False
92312424,1147.8,LOSS,True,19,3,MAIN,11,RESOURCE_MANAGEMENT,PLAY_POKEMON,677,PLAY,1,0,677,80,80,1,False,2,6,False,True,2,1,0,31,110,6,31,110,6,False,False,,,False
92312424,1147.8,LOSS,True,20,3,MAIN,10,RESOURCE_MANAGEMENT,PLAY_SUPPORTER,1227,PLAY,1,0,677,80,80,1,False,3,6,False,True,2,1,0,31,110,6,31,110,6,False,False,,,False
92312424,1147.8,LOSS,True,21,3,MAIN,14,BENCH_MANAGEMENT,EVOLVE,,EVOLVE,1,0,677,80,80,1,False,3,6,False,True,2,1,0,31,110,6,31,110,6,False,False,,,False
92312424,1147.8,LOSS,True,22,3,MAIN,13,ENERGY_MANAGEMENT,ATTACH_ENERGY,,ATTACH,1,0,678,340,340,3,False,3,6,False,True,2,1,0,31,110,6,31,110,6,False,False,,,True
92312424,1147.8,LOSS,True,23,3,MAIN,7,RESOURCE_MANAGEMENT,PLAY_POKEMON,676,PLAY,2,0,678,340,340,3,False,3,6,True,True,2,2,0,31,110,6,31,110,6,False,False,,,False
92312424,1147.8,LOSS,True,24,3,MAIN,6,ATTACK_SELECTION,ATTACK,,ATTACK,2,1,678,340,340,3,False,4,6,True,True,2,2,0,31,110,6,,,6,False,False,,,False
92312424,1147.8,LOSS,True,25,3,TO_HAND,6,RESOURCE_MANAGEMENT,,,,0,0,678,340,340,3,False,4,6,False,True,2,2,0,,,6,326,320,6,,,,,False
92312424,1147.8,LOSS,True,26,5,MAIN,14,RESOURCE_MANAGEMENT,ABILITY,,ABILITY,1,0,678,340,340,3,False,4,5,True,True,2,2,0,326,320,6,326,320,6,False,False,,,False
92312424,1147.8,LOSS,True,27,5,DISCARD,1,RESOURCE_MANAGEMENT,,,CARD,0,0,678,340,340,3,False,4,5,False,True,2,2,0,326,320,6,326,320,6,False,False,,,False
92312424,1147.8,LOSS,True,28,5,MAIN,11,RESOURCE_MANAGEMENT,PLAY_ITEM,1121,PLAY,1,0,678,340,340,3,False,4,5,True,True,2,2,0,326,320,6,326,320,6,False,False,,,False
92312424,1147.8,LOSS,True,29,5,DISCARD,8,RESOURCE_MANAGEMENT,,,CARD;CARD,0,0,678,340,340,3,False,4,5,False,True,2,2,0,326,320,6,326,320,6,False,False,,,False
92312424,1147.8,LOSS,True,30,5,TO_HAND,10,RESOURCE_MANAGEMENT,,,CARD,0,0,678,340,340,3,False,4,5,False,True,2,2,0,326,320,6,326,320,6,False,False,,,False
92312424,1147.8,LOSS,True,31,5,MAIN,9,RESOURCE_MANAGEMENT,PLAY_POKEMON,673,PLAY,1,0,678,340,340,3,False,4,5,True,True,2,2,0,326,320,6,326,320,6,False,False,,,False
92312424,1147.8,LOSS,True,32,5,MAIN,8,RESOURCE_MANAGEMENT,PLAY_ITEM,1141,PLAY,1,0,678,340,340,3,False,5,5,True,True,2,2,0,326,320,6,326,320,6,False,False,,,False
92312424,1147.8,LOSS,True,33,5,MAIN,7,RESOURCE_MANAGEMENT,PLAY_ITEM,1141,PLAY,1,0,678,340,340,3,False,5,5,True,True,2,2,0,326,320,6,326,320,6,False,False,,,False
92312424,1147.8,LOSS,True,34,5,MAIN,6,RESOURCE_MANAGEMENT,PLAY_SUPPORTER,1227,PLAY,1,0,678,340,340,3,False,5,5,True,True,2,2,0,326,320,6,326,320,6,False,False,,,False
92312424,1147.8,LOSS,True,35,5,MAIN,12,RESOURCE_MANAGEMENT,PLAY_ITEM,1152,PLAY,1,0,678,340,340,3,False,5,5,True,True,2,2,0,326,320,6,326,320,6,False,False,,,False
92312424,1147.8,LOSS,True,36,5,TO_HAND,5,RESOURCE_MANAGEMENT,,,CARD,0,0,678,340,340,3,False,5,5,False,True,2,2,0,326,320,6,326,320,6,False,False,,,False
92312424,1147.8,LOSS,True,37,5,MAIN,11,RESOURCE_MANAGEMENT,PLAY_ITEM,1142,PLAY,1,0,678,340,340,3,False,5,5,True,True,2,2,0,326,320,6,326,320,6,False,False,,,False
92312424,1147.8,LOSS,True,38,5,TO_HAND,7,RESOURCE_MANAGEMENT,,,CARD,0,0,678,340,340,3,False,5,5,False,True,2,2,0,326,320,6,326,320,6,False,False,,,False
92312424,1147.8,LOSS,True,39,5,MAIN,16,ENERGY_MANAGEMENT,ATTACH_ENERGY,,ATTACH,1,0,678,340,340,3,False,5,5,True,True,2,2,0,326,320,6,326,320,6,False,False,,,False
92312424,1147.8,LOSS,True,40,5,MAIN,4,ATTACK_SELECTION,ATTACK,,ATTACK,1,1,678,340,340,3,False,5,5,True,True,2,2,1,326,320,6,326,130,6,False,False,,,False
92312424,1147.8,LOSS,True,41,5,ATTACH_TO,3,ENERGY_MANAGEMENT,,,CARD;CARD;CARD,0,0,678,340,340,3,False,5,5,False,True,2,2,1,326,130,6,326,130,6,False,False,,,False
92312424,1147.8,LOSS,True,42,5,ATTACH_FROM,5,ENERGY_MANAGEMENT,,,CARD,0,0,678,340,340,3,False,5,5,False,True,2,2,1,326,130,6,326,130,6,False,False,,,False
92312424,1147.8,LOSS,True,43,5,ATTACH_FROM,5,ENERGY_MANAGEMENT,,,CARD,0,0,678,340,340,3,False,5,5,False,True,2,2,1,326,130,6,326,130,6,False,False,,,False
92312424,1147.8,LOSS,True,44,5,ATTACH_FROM,5,ENERGY_MANAGEMENT,,,,0,0,678,340,340,3,False,5,5,False,True,2,2,2,326,130,6,272,190,3,False,False,,,False
92312424,1147.8,LOSS,True,45,6,TO_ACTIVE,5,ACTIVE_POKEMON_SELECTION,,,CARD,0,0,,,,,False,5,5,False,True,,,2,272,190,3,272,190,3,,,,,True
92312424,1147.8,LOSS,True,46,7,MAIN,13,RESOURCE_MANAGEMENT,ABILITY,,ABILITY,1,0,677,80,80,1,False,4,5,True,True,2,2,1,272,190,3,272,190,3,False,False,Full Moon Rondo,20,False
92312424,1147.8,LOSS,True,47,7,DISCARD,1,RESOURCE_MANAGEMENT,,,CARD,0,0,677,80,80,1,False,4,5,False,True,2,2,1,272,190,3,272,190,3,False,False,Full Moon Rondo,20,False
92312424,1147.8,LOSS,True,48,7,MAIN,14,RESOURCE_MANAGEMENT,PLAY_POKEMON,677,PLAY,1,0,677,80,80,1,False,4,5,True,True,2,2,1,272,190,3,272,190,3,False,False,Full Moon Rondo,20,False
92312424,1147.8,LOSS,True,49,7,MAIN,14,RESOURCE_MANAGEMENT,PLAY_ITEM,1121,PLAY,1,0,677,80,80,1,False,5,5,True,True,2,2,1,272,190,3,272,190,3,False,False,Full Moon Rondo,20,False
92312424,1147.8,LOSS,True,50,7,DISCARD,6,RESOURCE_MANAGEMENT,,,CARD;CARD,0,0,677,80,80,1,False,5,5,False,True,2,2,1,272,190,3,272,190,3,False,False,Full Moon Rondo,20,False
92312424,1147.8,LOSS,True,51,7,TO_HAND,7,RESOURCE_MANAGEMENT,,,CARD,0,0,677,80,80,1,False,5,5,False,True,2,2,1,272,190,3,272,190,3,False,False,Full Moon Rondo,20,False
92312424,1147.8,LOSS,True,52,7,MAIN,12,BENCH_MANAGEMENT,EVOLVE,,EVOLVE,1,0,677,80,80,1,False,5,5,True,True,2,2,1,272,190,3,272,190,3,False,False,Full Moon Rondo,20,False
92312424,1147.8,LOSS,True,53,7,MAIN,12,ENERGY_MANAGEMENT,ATTACH_ENERGY,,ATTACH,2,0,678,340,340,3,False,5,5,True,True,2,2,1,272,190,3,272,190,3,False,False,Full Moon Rondo,20,True
92312424,1147.8,LOSS,True,54,7,MAIN,6,ATTACK_SELECTION,ATTACK,,ATTACK,2,1,678,340,340,3,False,5,5,True,True,2,2,2,272,190,3,,,3,False,False,Full Moon Rondo,20,False
92310379,1127.4,WIN,True,0,,,0,UNKNOWN,,,,0,0,,,,,False,,,False,False,,,0,,,,,,,,,,,False
92310379,1127.4,WIN,True,1,,,0,UNKNOWN,,,,0,0,,,,,False,,,False,False,,,0,,,,,,0,,,,,False
92310379,1127.4,WIN,True,2,0,IS_FIRST,2,GOING_FIRST_SECOND,,,YES,0,0,,,,,False,0,0,False,False,,,0,,,0,,,0,,,,,False
92310379,1127.4,WIN,True,3,0,SETUP_ACTIVE_POKEMON,3,EARLY_GAME_SETUP,,,,0,0,,,,,False,0,0,False,False,,,0,,,0,,,6,,,,,False
92310379,1127.4,WIN,True,4,0,SETUP_BENCH_POKEMON,2,BENCH_MANAGEMENT,,,,0,0,,,,,False,0,6,False,False,,,0,,,6,235,30,6,,,,,False
92310379,1127.4,WIN,True,5,1,MAIN,5,RESOURCE_MANAGEMENT,PLAY_POKEMON,675,PLAY,0,0,676,110,110,1,False,0,6,False,False,1,0,0,235,30,6,235,30,6,False,False,Itchy Pollen,10,False
92310379,1127.4,WIN,True,6,1,MAIN,7,RESOURCE_MANAGEMENT,ABILITY,,ABILITY,0,0,676,110,110,1,False,1,6,False,True,1,0,0,235,30,6,235,30,6,False,False,Itchy Pollen,10,False
92310379,1127.4,WIN,True,7,1,DISCARD,1,RESOURCE_MANAGEMENT,,,CARD,0,0,676,110,110,1,False,1,6,False,True,1,0,0,235,30,6,235,30,6,False,False,Itchy Pollen,10,False
92310379,1127.4,WIN,True,8,1,MAIN,8,RESOURCE_MANAGEMENT,PLAY_POKEMON,677,PLAY,0,0,676,110,110,1,False,1,6,False,True,1,0,0,235,30,6,235,30,6,False,False,Itchy Pollen,10,False
92310379,1127.4,WIN,True,9,1,MAIN,9,RESOURCE_MANAGEMENT,PLAY_POKEMON,673,PLAY,0,0,676,110,110,1,False,2,6,False,True,1,0,0,235,30,6,235,30,6,False,False,Itchy Pollen,10,False
92310379,1127.4,WIN,True,10,1,MAIN,10,ENERGY_MANAGEMENT,ATTACH_ENERGY,,ATTACH,0,0,676,110,110,1,False,3,6,False,True,1,0,0,235,30,6,235,30,6,False,False,Itchy Pollen,10,False
92310379,1127.4,WIN,True,11,1,MAIN,6,ENERGY_MANAGEMENT,ATTACH_ENERGY,,ATTACH,0,0,676,110,110,1,False,3,6,False,True,1,0,1,235,30,6,235,30,6,False,False,Itchy Pollen,10,False
92310379,1127.4,WIN,True,12,1,MAIN,2,TIMING,,,,0,0,676,110,110,1,False,3,6,False,True,1,0,1,235,30,6,235,30,6,False,False,Itchy Pollen,10,False
92310379,1127.4,WIN,True,13,3,MAIN,4,BENCH_MANAGEMENT,EVOLVE,,EVOLVE,0,0,676,90,110,1,True,3,6,False,True,1,0,1,235,30,6,235,30,6,False,False,Itchy Pollen,10,False
92310379,1127.4,WIN,True,14,3,MAIN,3,RESOURCE_MANAGEMENT,PLAY_SUPPORTER,1227,PLAY,0,0,676,90,110,1,True,3,6,False,True,1,0,1,235,30,6,235,30,6,False,False,Itchy Pollen,10,False
92310379,1127.4,WIN,True,15,3,MAIN,4,RESOURCE_MANAGEMENT,PLAY_POKEMON,673,PLAY,0,0,676,90,110,1,True,3,6,False,True,1,0,1,235,30,6,235,30,6,False,False,Itchy Pollen,10,False
92310379,1127.4,WIN,True,16,3,MAIN,3,TIMING,,,,0,0,676,90,110,1,True,4,6,False,True,1,0,1,235,30,6,235,30,6,False,False,Itchy Pollen,10,False
92310379,1127.4,WIN,True,17,5,MAIN,7,RESOURCE_MANAGEMENT,PLAY_SUPPORTER,1213,PLAY,0,0,676,70,110,1,True,4,6,False,True,1,0,0,235,30,6,235,30,6,False,False,Itchy Pollen,10,False
92310379,1127.4,WIN,True,18,5,MAIN,9,ENERGY_MANAGEMENT,ATTACH_ENERGY,,ATTACH,0,0,676,70,110,1,True,4,6,False,True,1,0,0,235,30,6,235,30,6,False,False,Itchy Pollen,10,False
92310379,1127.4,WIN,True,19,5,MAIN,5,ATTACK_SELECTION,ATTACK,,ATTACK,1,1,676,70,110,1,True,4,6,True,True,1,1,0,235,30,6,,,6,False,False,Itchy Pollen,10,False
92310379,1127.4,WIN,True,20,5,TO_HAND,6,RESOURCE_MANAGEMENT,,,,0,0,676,70,110,1,True,4,6,False,True,1,1,0,,,6,121,320,5,,,,,False
92310379,1127.4,WIN,True,21,6,TO_ACTIVE,4,ACTIVE_POKEMON_SELECTION,,,CARD,0,0,,,,,False,4,5,False,True,,,0,121,320,5,121,320,5,,,,,True
92310379,1127.4,WIN,True,22,7,MAIN,10,RESOURCE_MANAGEMENT,PLAY_ITEM,1152,PLAY,0,0,678,340,340,3,False,3,5,False,True,2,0,0,121,320,5,121,320,5,False,False,Phantom Dive,200,False
92310379,1127.4,WIN,True,23,7,TO_HAND,6,RESOURCE_MANAGEMENT,,,CARD,0,0,678,340,340,3,False,3,5,False,True,2,0,0,121,320,5,121,320,5,False,False,Phantom Dive,200,False
92310379,1127.4,WIN,True,24,7,MAIN,10,RESOURCE_MANAGEMENT,PLAY_POKEMON,676,PLAY,0,0,678,340,340,3,False,3,5,False,True,2,0,0,121,320,5,121,320,5,False,False,Phantom Dive,200,False
92310379,1127.4,WIN,True,25,7,MAIN,11,RESOURCE_MANAGEMENT,ABILITY,,ABILITY,0,0,678,340,340,3,False,4,5,False,True,2,0,0,121,320,5,121,320,5,False,False,Phantom Dive,200,False
92310379,1127.4,WIN,True,26,7,DISCARD,1,RESOURCE_MANAGEMENT,,,CARD,0,0,678,340,340,3,False,4,5,False,True,2,0,0,121,320,5,121,320,5,False,False,Phantom Dive,200,False
92310379,1127.4,WIN,True,27,7,MAIN,20,BENCH_MANAGEMENT,EVOLVE,,EVOLVE,0,0,678,340,340,3,False,4,5,False,True,2,0,0,121,320,5,121,320,5,False,False,Phantom Dive,200,False
92310379,1127.4,WIN,True,28,7,ACTIVATE,2,RESOURCE_MANAGEMENT,,,YES,0,0,678,340,340,3,False,4,5,False,True,2,0,0,121,320,5,121,320,5,False,False,Phantom Dive,200,False
92310379,1127.4,WIN,True,29,7,SWITCH,4,ACTIVE_POKEMON_SELECTION,,,CARD,0,0,678,340,340,3,False,4,5,False,True,2,0,0,121,320,5,120,90,5,False,False,Phantom Dive,200,False
92310379,1127.4,WIN,True,30,7,MAIN,18,ENERGY_MANAGEMENT,ATTACH_ENERGY,,ATTACH,0,0,678,340,340,3,False,4,5,False,True,2,0,0,120,90,5,120,90,5,False,False,,,False
92310379,1127.4,WIN,True,31,7,MAIN,4,RESOURCE_MANAGEMENT,PLAY_ITEM,1142,PLAY,1,0,678,340,340,3,False,4,5,False,True,2,1,0,120,90,5,120,90,5,False,False,,,False
92310379,1127.4,WIN,True,32,7,TO_HAND,9,RESOURCE_MANAGEMENT,,,CARD,0,0,678,340,340,3,False,4,5,False,True,2,1,0,120,90,5,120,90,5,False,False,,,False
92310379,1127.4,WIN,True,33,7,MAIN,4,RESOURCE_MANAGEMENT,PLAY_POKEMON,677,PLAY,1,0,678,340,340,3,False,4,5,False,True,2,1,0,120,90,5,120,90,5,False,False,,,False
92310379,1127.4,WIN,True,34,7,MAIN,3,ATTACK_SELECTION,ATTACK,,ATTACK,1,1,678,340,340,3,False,5,5,False,True,2,1,0,120,90,5,120,0,5,False,False,,,False
92310379,1127.4,WIN,True,35,7,ATTACH_TO,4,ENERGY_MANAGEMENT,,,CARD;CARD;CARD,0,0,678,340,340,3,False,5,5,False,True,2,1,0,120,0,5,120,0,5,False,False,,,False
92310379,1127.4,WIN,True,36,7,ATTACH_FROM,5,ENERGY_MANAGEMENT,,,CARD,0,0,678,340,340,3,False,5,5,False,True,2,1,0,120,0,5,120,0,5,False,False,,,False
92310379,1127.4,WIN,True,37,7,ATTACH_FROM,5,ENERGY_MANAGEMENT,,,CARD,0,0,678,340,340,3,False,5,5,False,True,2,1,1,120,0,5,120,0,5,False,False,,,False
92310379,1127.4,WIN,True,38,7,ATTACH_FROM,5,ENERGY_MANAGEMENT,,,CARD,0,0,678,340,340,3,False,5,5,False,True,2,1,1,120,0,5,,,5,False,False,,,False
92310379,1127.4,WIN,True,39,7,TO_HAND,5,RESOURCE_MANAGEMENT,,,,0,0,678,340,340,3,False,5,5,False,True,2,1,1,,,5,121,320,5,,,,,False
92310379,1127.4,WIN,True,40,9,MAIN,18,RESOURCE_MANAGEMENT,ABILITY,,ABILITY,1,0,678,140,340,3,True,5,4,False,True,2,1,1,121,320,5,121,320,5,True,False,Phantom Dive,200,False
92310379,1127.4,WIN,True,41,9,DISCARD,2,RESOURCE_MANAGEMENT,,,CARD,0,0,678,140,340,3,True,5,4,False,True,2,1,1,121,320,5,121,320,5,True,False,Phantom Dive,200,False
92310379,1127.4,WIN,True,42,9,MAIN,24,RESOURCE_MANAGEMENT,PLAY_ITEM,1152,PLAY,1,0,678,140,340,3,True,5,4,False,True,2,1,1,121,320,5,121,320,5,True,False,Phantom Dive,200,False
92310379,1127.4,WIN,True,43,9,TO_HAND,4,RESOURCE_MANAGEMENT,,,CARD,0,0,678,140,340,3,True,5,4,False,True,2,1,1,121,320,5,121,320,5,True,False,Phantom Dive,200,False
92310379,1127.4,WIN,True,44,9,MAIN,24,RESOURCE_MANAGEMENT,PLAY_ITEM,1121,PLAY,1,0,678,140,340,3,True,5,4,False,True,2,1,1,121,320,5,121,320,5,True,False,Phantom Dive,200,False
92310379,1127.4,WIN,True,45,9,DISCARD,6,RESOURCE_MANAGEMENT,,,CARD;CARD,0,0,678,140,340,3,True,5,4,False,True,2,1,1,121,320,5,121,320,5,True,False,Phantom Dive,200,False
92310379,1127.4,WIN,True,46,9,TO_HAND,6,RESOURCE_MANAGEMENT,,,CARD,0,0,678,140,340,3,True,5,4,False,True,2,1,1,121,320,5,121,320,5,True,False,Phantom Dive,200,False
92310379,1127.4,WIN,True,47,9,MAIN,17,BENCH_MANAGEMENT,EVOLVE,,EVOLVE,1,0,678,140,340,3,True,5,4,False,True,2,1,1,121,320,5,121,320,5,True,False,Phantom Dive,200,False
92310379,1127.4,WIN,True,48,9,MAIN,16,BENCH_MANAGEMENT,EVOLVE,,EVOLVE,1,0,678,140,340,3,True,5,4,False,True,2,1,1,121,320,5,121,320,5,True,False,Phantom Dive,200,False
92310379,1127.4,WIN,True,49,9,ACTIVATE,2,RESOURCE_MANAGEMENT,,,YES,0,0,678,140,340,3,True,5,4,False,True,2,1,1,121,320,5,121,320,5,True,False,Phantom Dive,200,False
92310379,1127.4,WIN,True,50,9,SWITCH,4,ACTIVE_POKEMON_SELECTION,,,CARD,0,0,678,140,340,3,True,5,4,False,True,2,1,1,121,320,5,120,90,5,True,False,Phantom Dive,200,False
92310379,1127.4,WIN,True,51,9,MAIN,15,ENERGY_MANAGEMENT,ATTACH_ENERGY,,ATTACH,1,0,678,140,340,3,True,5,4,False,True,2,1,1,120,90,5,120,90,5,False,False,,,False
92310379,1127.4,WIN,True,52,9,MAIN,5,RESOURCE_MANAGEMENT,PLAY_SUPPORTER,1227,PLAY,2,0,678,140,340,3,True,5,4,True,True,2,2,1,120,90,5,120,90,5,False,False,,,False
92310379,1127.4,WIN,True,53,9,MAIN,6,RESOURCE_MANAGEMENT,PLAY_ITEM,1142,PLAY,2,0,678,140,340,3,True,5,4,True,True,2,2,1,120,90,5,120,90,5,False,False,,,False
92310379,1127.4,WIN,True,54,9,TO_HAND,6,RESOURCE_MANAGEMENT,,,CARD,0,0,678,140,340,3,True,5,4,False,True,2,2,1,120,90,5,120,90,5,False,False,,,False
92310379,1127.4,WIN,True,55,9,MAIN,5,ATTACK_SELECTION,ATTACK,,ATTACK,2,1,678,140,340,3,True,5,4,True,True,2,2,1,120,90,5,120,0,5,False,False,,,False
92310379,1127.4,WIN,True,56,9,ATTACH_TO,3,ENERGY_MANAGEMENT,,,CARD;CARD;CARD,0,0,678,140,340,3,True,5,4,False,True,2,2,1,120,0,5,120,0,5,False,False,,,False
92310379,1127.4,WIN,True,57,9,ATTACH_FROM,5,ENERGY_MANAGEMENT,,,CARD,0,0,678,140,340,3,True,5,4,False,True,2,2,1,120,0,5,120,0,5,False,False,,,False
92310379,1127.4,WIN,True,58,9,ATTACH_FROM,5,ENERGY_MANAGEMENT,,,CARD,0,0,678,140,340,3,True,5,4,False,True,2,2,1,120,0,5,120,0,5,False,False,,,False
92310379,1127.4,WIN,True,59,9,ATTACH_FROM,5,ENERGY_MANAGEMENT,,,CARD,0,0,678,140,340,3,True,5,4,False,True,2,2,2,120,0,5,,,5,False,False,,,False
92310379,1127.4,WIN,True,60,9,TO_HAND,4,RESOURCE_MANAGEMENT,,,,0,0,678,140,340,3,True,5,4,False,True,2,2,2,,,5,121,320,2,,,,,False
92310379,1127.4,WIN,True,61,10,TO_ACTIVE,5,ACTIVE_POKEMON_SELECTION,,,CARD,0,0,,,,,False,5,3,False,True,,,2,121,320,2,121,320,2,,,,,True
92310379,1127.4,WIN,True,62,11,MAIN,21,RESOURCE_MANAGEMENT,ABILITY,,ABILITY,2,0,678,280,340,3,True,4,3,True,True,2,2,1,121,320,2,121,320,2,False,False,Phantom Dive,200,False
92310379,1127.4,WIN,True,63,11,DISCARD,2,RESOURCE_MANAGEMENT,,,CARD,0,0,678,280,340,3,True,4,3,False,True,2,2,1,121,320,2,121,320,2,False,False,Phantom Dive,200,False
92310379,1127.4,WIN,True,64,11,MAIN,22,RESOURCE_MANAGEMENT,PLAY_ITEM,1141,PLAY,2,0,678,280,340,3,True,4,3,True,True,2,2,1,121,320,2,121,320,2,False,False,Phantom Dive,200,False
92310379,1127.4,WIN,True,65,11,MAIN,21,RESOURCE_MANAGEMENT,PLAY_ITEM,1141,PLAY,2,0,678,280,340,3,True,4,3,True,True,2,2,1,121,320,2,121,320,2,False,False,Phantom Dive,200,False
92310379,1127.4,WIN,True,66,11,MAIN,20,RESOURCE_MANAGEMENT,PLAY_ITEM,1121,PLAY,2,0,678,280,340,3,True,4,3,True,True,2,2,1,121,320,2,121,320,2,False,False,Phantom Dive,200,False
92310379,1127.4,WIN,True,67,11,DISCARD,7,RESOURCE_MANAGEMENT,,,CARD;CARD,0,0,678,280,340,3,True,4,3,False,True,2,2,1,121,320,2,121,320,2,False,False,Phantom Dive,200,False
92310379,1127.4,WIN,True,68,11,TO_HAND,4,RESOURCE_MANAGEMENT,,,CARD,0,0,678,280,340,3,True,4,3,False,True,2,2,1,121,320,2,121,320,2,False,False,Phantom Dive,200,False
92310379,1127.4,WIN,True,69,11,MAIN,14,RESOURCE_MANAGEMENT,PLAY_POKEMON,677,PLAY,2,0,678,280,340,3,True,4,3,True,True,2,2,1,121,320,2,121,320,2,False,False,Phantom Dive,200,False
92310379,1127.4,WIN,True,70,11,MAIN,14,ENERGY_MANAGEMENT,ATTACH_ENERGY,,ATTACH,2,0,678,280,340,3,True,5,3,True,True,2,2,1,121,320,2,121,320,2,False,False,Phantom Dive,200,False
92310379,1127.4,WIN,True,71,11,MAIN,8,RESOURCE_MANAGEMENT,PLAY_SUPPORTER,1213,PLAY,2,0,678,280,340,3,True,5,3,True,True,2,2,2,121,320,2,121,320,2,False,False,Phantom Dive,200,False
92310379,1127.4,WIN,True,72,11,MAIN,6,RESOURCE_MANAGEMENT,PLAY_ITEM,1142,PLAY,2,0,678,280,340,3,True,5,3,True,True,2,2,2,121,320,2,121,320,2,False,False,Phantom Dive,200,False
92310379,1127.4,WIN,True,73,11,TO_HAND,3,RESOURCE_MANAGEMENT,,,CARD,0,0,678,280,340,3,True,5,3,False,True,2,2,2,121,320,2,121,320,2,False,False,Phantom Dive,200,False
92310379,1127.4,WIN,True,74,11,MAIN,5,ATTACK_SELECTION,ATTACK,,ATTACK,2,1,678,280,340,3,True,5,3,True,True,2,2,2,121,320,2,,,2,False,False,Phantom Dive,200,False
92310379,1127.4,WIN,True,75,11,TO_HAND,3,RESOURCE_MANAGEMENT,,,,0,0,678,280,340,3,True,5,3,False,True,2,2,2,,,2,112,110,2,,,,,False
92310379,1127.4,WIN,True,76,13,MAIN,7,RESOURCE_MANAGEMENT,PLAY_ITEM,1142,PLAY,1,0,678,160,340,3,True,5,1,False,True,2,1,2,112,110,2,112,110,2,False,False,Mind Bend,60,False
92310379,1127.4,WIN,True,77,13,TO_HAND,3,RESOURCE_MANAGEMENT,,,CARD,0,0,678,160,340,3,True,5,1,False,True,2,1,2,112,110,2,112,110,2,False,False,Mind Bend,60,False
92310379,1127.4,WIN,True,78,13,MAIN,13,RESOURCE_MANAGEMENT,PLAY_ITEM,1152,PLAY,1,0,678,160,340,3,True,5,1,False,True,2,1,2,112,110,2,112,110,2,False,False,Mind Bend,60,False
92310379,1127.4,WIN,True,79,13,TO_HAND,1,RESOURCE_MANAGEMENT,,,CARD,0,0,678,160,340,3,True,5,1,False,True,2,1,2,112,110,2,112,110,2,False,False,Mind Bend,60,False
92310379,1127.4,WIN,True,80,13,MAIN,12,RESOURCE_MANAGEMENT,ABILITY,,ABILITY,1,0,678,160,340,3,True,5,1,False,True,2,1,2,112,110,2,112,110,2,False,False,Mind Bend,60,False
92310379,1127.4,WIN,True,81,13,DISCARD,1,RESOURCE_MANAGEMENT,,,CARD,0,0,678,160,340,3,True,5,1,False,True,2,1,2,112,110,2,112,110,2,False,False,Mind Bend,60,False
92310379,1127.4,WIN,True,82,13,MAIN,8,RESOURCE_MANAGEMENT,PLAY_ITEM,1121,PLAY,1,0,678,160,340,3,True,5,1,False,True,2,1,2,112,110,2,112,110,2,False,False,Mind Bend,60,False
92310379,1127.4,WIN,True,83,13,DISCARD,6,RESOURCE_MANAGEMENT,,,CARD;CARD,0,0,678,160,340,3,True,5,1,False,True,2,1,2,112,110,2,112,110,2,False,False,Mind Bend,60,False
92310379,1127.4,WIN,True,84,13,TO_HAND,2,RESOURCE_MANAGEMENT,,,CARD,0,0,678,160,340,3,True,5,1,False,True,2,1,2,112,110,2,112,110,2,False,False,Mind Bend,60,False
92310379,1127.4,WIN,True,85,13,MAIN,7,BENCH_MANAGEMENT,EVOLVE,,EVOLVE,1,0,678,160,340,3,True,5,1,False,True,2,1,2,112,110,2,112,110,2,False,False,Mind Bend,60,False
92310379,1127.4,WIN,True,86,13,MAIN,6,RESOURCE_MANAGEMENT,PLAY_ITEM,1141,PLAY,1,0,678,160,340,3,True,5,1,False,True,2,1,2,112,110,2,112,110,2,False,False,Mind Bend,60,False
92310379,1127.4,WIN,True,87,13,MAIN,5,RESOURCE_MANAGEMENT,PLAY_SUPPORTER,1213,PLAY,1,0,678,160,340,3,True,5,1,False,True,2,1,2,112,110,2,112,110,2,False,False,Mind Bend,60,False
92310379,1127.4,WIN,True,88,13,MAIN,4,RESOURCE_MANAGEMENT,PLAY_ITEM,1123,PLAY,1,0,678,160,340,3,True,5,1,False,True,2,1,2,112,110,2,112,110,2,False,False,Mind Bend,60,False
92310379,1127.4,WIN,True,89,13,SWITCH,5,ACTIVE_POKEMON_SELECTION,,,CARD,0,0,678,160,340,3,True,5,1,False,True,2,1,2,112,110,2,112,110,2,False,False,Mind Bend,60,False
92310379,1127.4,WIN,True,90,13,MAIN,3,ATTACK_SELECTION,ATTACK,,ATTACK,1,1,678,340,340,3,False,5,1,False,True,2,1,2,112,110,2,112,0,2,False,False,Mind Bend,60,False
92310379,1127.4,WIN,True,91,13,ATTACH_TO,6,ENERGY_MANAGEMENT,,,CARD;CARD;CARD,0,0,678,340,340,3,False,5,1,False,True,2,1,2,112,0,2,112,0,2,False,False,Mind Bend,60,False
92310379,1127.4,WIN,True,92,13,ATTACH_FROM,5,ENERGY_MANAGEMENT,,,CARD,0,0,678,340,340,3,False,5,1,False,True,2,1,2,112,0,2,112,0,2,False,False,Mind Bend,60,False
92310379,1127.4,WIN,True,93,13,ATTACH_FROM,5,ENERGY_MANAGEMENT,,,CARD,0,0,678,340,340,3,False,5,1,False,True,2,1,2,112,0,2,112,0,2,False,False,Mind Bend,60,False
92310379,1127.4,WIN,True,94,13,ATTACH_FROM,5,ENERGY_MANAGEMENT,,,CARD,0,0,678,340,340,3,False,5,1,False,True,2,1,3,112,0,2,,,2,False,False,Mind Bend,60,False
92302880,1158.3,WIN,False,0,,,0,UNKNOWN,,,,0,0,,,,,False,,,False,False,,,0,,,,,,,,,,,False
92302880,1158.3,WIN,False,1,,,0,UNKNOWN,,,,0,0,,,,,False,,,False,False,,,0,,,,,,0,,,,,False
92302880,1158.3,WIN,False,2,0,SETUP_ACTIVE_POKEMON,3,EARLY_GAME_SETUP,,,CARD,0,0,,,,,False,0,0,False,False,,,0,,,0,,,6,,,,,False
92302880,1158.3,WIN,False,3,0,SETUP_BENCH_POKEMON,2,BENCH_MANAGEMENT,,,,0,0,,,,,False,0,6,False,False,,,0,,,6,183,30,6,,,,,False
92302880,1158.3,WIN,False,4,2,MAIN,7,RESOURCE_MANAGEMENT,PLAY_POKEMON,673,PLAY,0,0,676,110,110,1,False,1,6,False,True,1,0,0,183,30,6,183,30,6,False,False,Delightful Kiss,0,False
92302880,1158.3,WIN,False,5,2,MAIN,8,RESOURCE_MANAGEMENT,PLAY_ITEM,1121,PLAY,0,0,676,110,110,1,False,2,6,False,True,1,0,0,183,30,6,183,30,6,False,False,Delightful Kiss,0,False
92302880,1158.3,WIN,False,6,2,DISCARD,4,RESOURCE_MANAGEMENT,,,CARD;CARD,0,0,676,110,110,1,False,2,6,False,True,1,0,0,183,30,6,183,30,6,False,False,Delightful Kiss,0,False
92302880,1158.3,WIN,False,7,2,TO_HAND,11,RESOURCE_MANAGEMENT,,,CARD,0,0,676,110,110,1,False,2,6,False,True,1,0,0,183,30,6,183,30,6,False,False,Delightful Kiss,0,False
92302880,1158.3,WIN,False,8,2,MAIN,8,RESOURCE_MANAGEMENT,PLAY_POKEMON,675,PLAY,0,0,676,110,110,1,False,2,6,False,True,1,0,0,183,30,6,183,30,6,False,False,Delightful Kiss,0,False
92302880,1158.3,WIN,False,9,2,MAIN,10,RESOURCE_MANAGEMENT,ABILITY,,ABILITY,0,0,676,110,110,1,False,3,6,False,True,1,0,0,183,30,6,183,30,6,False,False,Delightful Kiss,0,False
92302880,1158.3,WIN,False,10,2,DISCARD,1,RESOURCE_MANAGEMENT,,,CARD,0,0,676,110,110,1,False,3,6,False,True,1,0,0,183,30,6,183,30,6,False,False,Delightful Kiss,0,False
92302880,1158.3,WIN,False,11,2,MAIN,11,ENERGY_MANAGEMENT,ATTACH_ENERGY,,ATTACH,0,0,676,110,110,1,False,3,6,False,True,1,0,0,183,30,6,183,30,6,False,False,Delightful Kiss,0,False
92302880,1158.3,WIN,False,12,2,MAIN,7,RESOURCE_MANAGEMENT,PLAY_ITEM,1141,PLAY,0,0,676,110,110,1,False,3,6,False,True,1,0,0,183,30,6,183,30,6,False,False,Delightful Kiss,0,False
92302880,1158.3,WIN,False,13,2,MAIN,6,ENERGY_MANAGEMENT,ATTACH_ENERGY,,ATTACH,0,0,676,110,110,1,False,3,6,False,True,1,0,0,183,30,6,183,30,6,False,False,Delightful Kiss,0,False
92302880,1158.3,WIN,False,14,2,MAIN,4,RESOURCE_MANAGEMENT,PLAY_SUPPORTER,1213,PLAY,1,0,676,110,110,1,False,3,6,True,True,1,1,0,183,30,6,183,30,6,False,False,Delightful Kiss,0,False
92302880,1158.3,WIN,False,15,2,MAIN,4,ATTACK_SELECTION,ATTACK,,ATTACK,1,1,676,110,110,1,False,3,6,True,True,1,1,0,183,30,6,,,6,False,False,Delightful Kiss,0,False
92302880,1158.3,WIN,False,16,2,TO_HAND,6,RESOURCE_MANAGEMENT,,,,0,0,676,110,110,1,False,3,6,False,True,1,1,0,,,6,183,30,6,,,,,False
92302880,1158.3,WIN,False,17,4,MAIN,13,RESOURCE_MANAGEMENT,ABILITY,,ABILITY,1,0,676,110,110,1,False,3,5,True,True,1,1,0,183,30,6,183,30,6,False,False,Delightful Kiss,0,False
92302880,1158.3,WIN,False,18,4,DISCARD,1,RESOURCE_MANAGEMENT,,,CARD,0,0,676,110,110,1,False,3,5,False,True,1,1,0,183,30,6,183,30,6,False,False,Delightful Kiss,0,False
92302880,1158.3,WIN,False,19,4,MAIN,14,RESOURCE_MANAGEMENT,PLAY_ITEM,1141,PLAY,1,0,676,110,110,1,False,3,5,True,True,1,1,0,183,30,6,183,30,6,False,False,Delightful Kiss,0,False
92302880,1158.3,WIN,False,20,4,MAIN,13,ENERGY_MANAGEMENT,ATTACH_ENERGY,,ATTACH,1,0,676,110,110,1,False,3,5,True,True,1,1,0,183,30,6,183,30,6,False,False,Delightful Kiss,0,False
92302880,1158.3,WIN,False,21,4,MAIN,9,BENCH_MANAGEMENT,EVOLVE,,EVOLVE,1,0,676,110,110,1,False,3,5,True,True,1,1,1,183,30,6,183,30,6,False,False,Delightful Kiss,0,False
92302880,1158.3,WIN,False,22,4,ACTIVATE,2,RESOURCE_MANAGEMENT,,,YES,0,0,676,110,110,1,False,3,5,False,True,1,1,1,183,30,6,183,30,6,False,False,Delightful Kiss,0,False
92302880,1158.3,WIN,False,23,4,SWITCH,5,ACTIVE_POKEMON_SELECTION,,,CARD,0,0,676,110,110,1,False,3,5,False,True,1,1,1,183,30,6,756,300,6,False,False,Delightful Kiss,0,False
92302880,1158.3,WIN,False,24,4,MAIN,8,RESOURCE_MANAGEMENT,PLAY_SUPPORTER,1227,PLAY,1,0,676,110,110,1,False,3,5,True,True,1,1,1,756,300,6,756,300,6,False,False,,,False
92302880,1158.3,WIN,False,25,4,MAIN,8,RESOURCE_MANAGEMENT,PLAY_ITEM,1121,PLAY,1,0,676,110,110,1,False,3,5,True,True,1,1,1,756,300,6,756,300,6,False,False,,,False
92302880,1158.3,WIN,False,26,4,DISCARD,5,RESOURCE_MANAGEMENT,,,CARD;CARD,0,0,676,110,110,1,False,3,5,False,True,1,1,1,756,300,6,756,300,6,False,False,,,False
92302880,1158.3,WIN,False,27,4,TO_HAND,7,RESOURCE_MANAGEMENT,,,CARD,0,0,676,110,110,1,False,3,5,False,True,1,1,1,756,300,6,756,300,6,False,False,,,False
92302880,1158.3,WIN,False,28,4,MAIN,7,BENCH_MANAGEMENT,EVOLVE,,EVOLVE,1,0,676,110,110,1,False,3,5,True,True,1,1,1,756,300,6,756,300,6,False,False,,,False
92302880,1158.3,WIN,False,29,4,MAIN,6,RETREAT_SELECTION,RETREAT,,RETREAT,1,0,676,110,110,1,False,3,5,True,True,1,1,1,756,300,6,756,300,6,False,False,,,False
92302880,1158.3,WIN,False,30,4,DISCARD_ENERGY,1,ENERGY_MANAGEMENT,,,ENERGY,0,0,676,110,110,1,False,3,5,False,True,1,1,1,756,300,6,756,300,6,False,False,,,False
92302880,1158.3,WIN,False,31,4,SWITCH,3,ACTIVE_POKEMON_SELECTION,,,CARD,0,0,676,110,110,1,False,3,5,False,True,1,0,1,756,300,6,756,300,6,False,False,,,False
92302880,1158.3,WIN,False,32,4,MAIN,5,RESOURCE_MANAGEMENT,PLAY_ITEM,1152,PLAY,1,0,678,440,440,3,False,3,5,False,True,2,1,0,756,300,6,756,300,6,False,False,,,True
92302880,1158.3,WIN,False,33,4,TO_HAND,4,RESOURCE_MANAGEMENT,,,CARD,0,0,678,440,440,3,False,3,5,False,True,2,1,0,756,300,6,756,300,6,False,False,,,False
92302880,1158.3,WIN,False,34,4,MAIN,5,RESOURCE_MANAGEMENT,PLAY_POKEMON,677,PLAY,1,0,678,440,440,3,False,3,5,False,True,2,1,0,756,300,6,756,300,6,False,False,,,False
92302880,1158.3,WIN,False,35,4,MAIN,4,RESOURCE_MANAGEMENT,PLAY_POKEMON,673,PLAY,1,0,678,440,440,3,False,4,5,False,True,2,1,0,756,300,6,756,300,6,False,False,,,False
92302880,1158.3,WIN,False,36,4,MAIN,3,ATTACK_SELECTION,ATTACK,,ATTACK,1,1,678,440,440,3,False,5,5,False,True,2,1,0,756,300,6,756,0,6,False,False,,,False
92302880,1158.3,WIN,False,37,4,ATTACH_TO,3,ENERGY_MANAGEMENT,,,CARD;CARD;CARD,0,0,678,440,440,3,False,5,5,False,True,2,1,0,756,0,6,756,0,6,False,False,,,False
92302880,1158.3,WIN,False,38,4,ATTACH_FROM,5,ENERGY_MANAGEMENT,,,CARD,0,0,678,440,440,3,False,5,5,False,True,2,1,0,756,0,6,756,0,6,False,False,,,False
92302880,1158.3,WIN,False,39,4,ATTACH_FROM,5,ENERGY_MANAGEMENT,,,CARD,0,0,678,440,440,3,False,5,5,False,True,2,1,0,756,0,6,756,0,6,False,False,,,False
92302880,1158.3,WIN,False,40,4,ATTACH_FROM,5,ENERGY_MANAGEMENT,,,CARD,0,0,678,440,440,3,False,5,5,False,True,2,1,0,756,0,6,,,6,False,False,,,False
92302880,1158.3,WIN,False,41,4,TO_HAND,5,RESOURCE_MANAGEMENT,,,,0,0,678,440,440,3,False,5,5,False,True,2,1,1,,,6,163,120,3,,,,,False
92302880,1158.3,WIN,False,42,6,MAIN,12,RESOURCE_MANAGEMENT,PLAY_SUPPORTER,1182,PLAY,1,0,678,440,440,3,False,2,2,False,True,2,1,1,163,120,3,163,120,3,False,False,,,False
92302880,1158.3,WIN,False,43,6,SWITCH,4,ACTIVE_POKEMON_SELECTION,,,CARD,0,0,678,440,440,3,False,2,2,False,True,2,1,1,163,120,3,184,210,3,False,False,,,False
92302880,1158.3,WIN,False,44,6,MAIN,9,ENERGY_MANAGEMENT,ATTACH_ENERGY,,ATTACH,1,0,678,440,440,3,False,2,2,False,True,2,1,1,184,210,3,184,210,3,False,False,,,False
92302880,1158.3,WIN,False,45,6,MAIN,5,ATTACK_SELECTION,ATTACK,,ATTACK,2,1,678,440,440,3,False,2,2,True,True,2,2,1,184,210,3,,,3,False,False,,,False
92289114,584.0,WIN,False,0,,,0,UNKNOWN,,,,0,0,,,,,False,,,False,False,,,0,,,,,,,,,,,False
92289114,584.0,WIN,False,1,,,0,UNKNOWN,,,,0,0,,,,,False,,,False,False,,,0,,,,,,0,,,,,False
92289114,584.0,WIN,False,2,0,SETUP_ACTIVE_POKEMON,1,EARLY_GAME_SETUP,,,,0,0,,,,,False,0,0,False,False,,,0,,,0,722,90,6,,,,,False
92289114,584.0,WIN,False,3,2,MAIN,8,RESOURCE_MANAGEMENT,PLAY_ITEM,1142,PLAY,0,0,676,110,110,1,False,0,6,False,False,1,0,0,722,90,6,722,90,6,False,False,Beat,10,False
92289114,584.0,WIN,False,4,2,TO_HAND,13,RESOURCE_MANAGEMENT,,,CARD,0,0,676,110,110,1,False,0,6,False,False,1,0,0,722,90,6,722,90,6,False,False,Beat,10,False
92289114,584.0,WIN,False,5,2,MAIN,8,RESOURCE_MANAGEMENT,PLAY_POKEMON,675,PLAY,0,0,676,110,110,1,False,0,6,False,False,1,0,0,722,90,6,722,90,6,False,False,Beat,10,False
92289114,584.0,WIN,False,6,2,MAIN,11,ENERGY_MANAGEMENT,ATTACH_ENERGY,,ATTACH,0,0,676,110,110,1,False,1,6,False,True,1,0,0,722,90,6,722,90,6,False,False,Beat,10,False
92289114,584.0,WIN,False,7,2,MAIN,7,RESOURCE_MANAGEMENT,PLAY_ITEM,1142,PLAY,1,0,676,110,110,1,False,1,6,True,True,1,1,0,722,90,6,722,90,6,False,False,Beat,10,False
92289114,584.0,WIN,False,8,2,TO_HAND,12,RESOURCE_MANAGEMENT,,,CARD,0,0,676,110,110,1,False,1,6,False,True,1,1,0,722,90,6,722,90,6,False,False,Beat,10,False
92289114,584.0,WIN,False,9,2,MAIN,7,RESOURCE_MANAGEMENT,PLAY_POKEMON,677,PLAY,1,0,676,110,110,1,False,1,6,True,True,1,1,0,722,90,6,722,90,6,False,False,Beat,10,False
92289114,584.0,WIN,False,10,2,MAIN,6,RESOURCE_MANAGEMENT,PLAY_SUPPORTER,1213,PLAY,1,0,676,110,110,1,False,2,6,True,True,1,1,0,722,90,6,722,90,6,False,False,Beat,10,False
92289114,584.0,WIN,False,11,2,MAIN,5,RESOURCE_MANAGEMENT,PLAY_ITEM,1152,PLAY,1,0,676,110,110,1,False,2,6,True,True,1,1,0,722,90,6,722,90,6,False,False,Beat,10,False
92289114,584.0,WIN,False,12,2,TO_HAND,6,RESOURCE_MANAGEMENT,,,CARD,0,0,676,110,110,1,False,2,6,False,True,1,1,0,722,90,6,722,90,6,False,False,Beat,10,False
92289114,584.0,WIN,False,13,2,MAIN,4,TIMING,,,,1,0,676,110,110,1,False,2,6,True,True,1,1,0,722,90,6,722,20,6,False,False,Beat,10,False
92289114,584.0,WIN,False,14,4,MAIN,12,RESOURCE_MANAGEMENT,ABILITY,,ABILITY,1,0,676,100,110,1,True,2,6,True,True,1,1,0,722,20,6,722,20,6,False,False,Icy Snow,30,False
92289114,584.0,WIN,False,15,4,DISCARD,2,RESOURCE_MANAGEMENT,,,CARD,0,0,676,100,110,1,True,2,6,False,True,1,1,0,722,20,6,722,20,6,False,False,Icy Snow,30,False
92289114,584.0,WIN,False,16,4,MAIN,10,ENERGY_MANAGEMENT,ATTACH_ENERGY,,ATTACH,1,0,676,100,110,1,True,2,6,True,True,1,1,0,722,20,6,722,20,6,False,False,Icy Snow,30,False
92289114,584.0,WIN,False,17,4,MAIN,7,BENCH_MANAGEMENT,EVOLVE,,EVOLVE,1,0,676,100,110,1,True,2,6,True,True,1,1,1,722,20,6,722,20,6,False,False,Icy Snow,30,False
92289114,584.0,WIN,False,18,4,MAIN,6,RESOURCE_MANAGEMENT,PLAY_POKEMON,673,PLAY,1,0,676,100,110,1,True,2,6,True,True,1,1,1,722,20,6,722,20,6,False,False,Icy Snow,30,False
92289114,584.0,WIN,False,19,4,MAIN,5,ATTACK_SELECTION,ATTACK,,ATTACK,1,1,676,100,110,1,True,3,6,True,True,1,1,1,722,20,6,,,6,False,False,Icy Snow,30,False
92289114,584.0,WIN,False,20,4,TO_HAND,6,RESOURCE_MANAGEMENT,,,,0,0,676,100,110,1,True,3,6,False,True,1,1,1,,,6,722,90,6,,,,,False
92289114,584.0,WIN,False,21,6,MAIN,11,ENERGY_MANAGEMENT,ATTACH_ENERGY,,ATTACH,1,0,676,90,110,1,True,3,5,True,True,1,1,1,722,90,6,722,90,6,False,False,Beat,10,False
92289114,584.0,WIN,False,22,6,MAIN,6,RETREAT_SELECTION,RETREAT,,RETREAT,1,0,676,90,110,1,True,3,5,True,True,1,1,1,722,90,6,722,90,6,False,False,Beat,10,False
92289114,584.0,WIN,False,23,6,DISCARD_ENERGY,1,ENERGY_MANAGEMENT,,,ENERGY,0,0,676,90,110,1,True,3,5,False,True,1,1,1,722,90,6,722,90,6,False,False,Beat,10,False
92289114,584.0,WIN,False,24,6,SWITCH,3,ACTIVE_POKEMON_SELECTION,,,CARD,0,0,676,90,110,1,True,3,5,False,True,1,0,1,722,90,6,722,90,6,False,False,Beat,10,False
92289114,584.0,WIN,False,25,6,MAIN,6,ATTACK_SELECTION,ATTACK,,ATTACK,2,1,678,340,340,3,False,3,5,False,True,2,2,0,722,90,6,722,0,6,False,False,Beat,10,True
92289114,584.0,WIN,False,26,6,ATTACH_TO,2,ENERGY_MANAGEMENT,,,CARD;CARD,0,0,678,340,340,3,False,3,5,False,True,2,2,0,722,0,6,722,0,6,False,False,Beat,10,False
92289114,584.0,WIN,False,27,6,ATTACH_FROM,3,ENERGY_MANAGEMENT,,,CARD,0,0,678,340,340,3,False,3,5,False,True,2,2,0,722,0,6,722,0,6,False,False,Beat,10,False
92289114,584.0,WIN,False,28,6,ATTACH_FROM,3,ENERGY_MANAGEMENT,,,CARD,0,0,678,340,340,3,False,3,5,False,True,2,2,1,722,0,6,,,6,False,False,Beat,10,False
92289114,584.0,WIN,False,29,6,TO_HAND,5,RESOURCE_MANAGEMENT,,,,0,0,678,340,340,3,False,3,5,False,True,2,2,1,,,6,722,90,6,,,,,False
92289114,584.0,WIN,False,30,8,MAIN,9,ATTACK_SELECTION,ATTACK,,ATTACK,2,1,678,330,340,3,True,3,4,True,True,2,2,1,722,90,6,,,6,False,False,Beat,10,False
92267636,1127.4,LOSS,False,0,,,0,UNKNOWN,,,,0,0,,,,,False,,,False,False,,,0,,,,,,,,,,,False
92267636,1127.4,LOSS,False,1,,,0,UNKNOWN,,,,0,0,,,,,False,,,False,False,,,0,,,,,,0,,,,,False
92267636,1127.4,LOSS,False,2,0,SETUP_ACTIVE_POKEMON,1,EARLY_GAME_SETUP,,,,0,0,,,,,False,0,0,False,False,,,0,,,0,119,70,6,,,,,False
92267636,1127.4,LOSS,False,3,2,MAIN,8,RESOURCE_MANAGEMENT,PLAY_ITEM,1142,PLAY,0,0,676,110,110,1,False,0,6,False,False,1,0,0,119,70,6,119,70,6,False,False,,,False
92267636,1127.4,LOSS,False,4,2,TO_HAND,17,RESOURCE_MANAGEMENT,,,CARD,0,0,676,110,110,1,False,0,6,False,False,1,0,0,119,70,6,119,70,6,False,False,,,False
92267636,1127.4,LOSS,False,5,2,MAIN,8,RESOURCE_MANAGEMENT,PLAY_POKEMON,675,PLAY,0,0,676,110,110,1,False,0,6,False,False,1,0,0,119,70,6,119,70,6,False,False,,,False
92267636,1127.4,LOSS,False,6,2,MAIN,10,RESOURCE_MANAGEMENT,ABILITY,,ABILITY,0,0,676,110,110,1,False,1,6,False,True,1,0,0,119,70,6,119,70,6,False,False,,,False
92267636,1127.4,LOSS,False,7,2,DISCARD,2,RESOURCE_MANAGEMENT,,,CARD,0,0,676,110,110,1,False,1,6,False,True,1,0,0,119,70,6,119,70,6,False,False,,,False
92267636,1127.4,LOSS,False,8,2,MAIN,9,RESOURCE_MANAGEMENT,PLAY_ITEM,1152,PLAY,0,0,676,110,110,1,False,1,6,False,True,1,0,0,119,70,6,119,70,6,False,False,,,False
92267636,1127.4,LOSS,False,9,2,TO_HAND,8,RESOURCE_MANAGEMENT,,,CARD,0,0,676,110,110,1,False,1,6,False,True,1,0,0,119,70,6,119,70,6,False,False,,,False
92267636,1127.4,LOSS,False,10,2,MAIN,9,RESOURCE_MANAGEMENT,PLAY_POKEMON,677,PLAY,0,0,676,110,110,1,False,1,6,False,True,1,0,0,119,70,6,119,70,6,False,False,,,False
92267636,1127.4,LOSS,False,11,2,MAIN,9,ENERGY_MANAGEMENT,ATTACH_ENERGY,,ATTACH,0,0,676,110,110,1,False,2,6,False,True,1,0,0,119,70,6,119,70,6,False,False,,,False
92267636,1127.4,LOSS,False,12,2,MAIN,8,RESOURCE_MANAGEMENT,PLAY_SUPPORTER,1227,PLAY,1,0,676,110,110,1,False,2,6,True,True,1,1,0,119,70,6,119,70,6,False,False,,,False
92267636,1127.4,LOSS,False,13,2,MAIN,11,RESOURCE_MANAGEMENT,PLAY_POKEMON,673,PLAY,1,0,676,110,110,1,False,2,6,True,True,1,1,0,119,70,6,119,70,6,False,False,,,False
92267636,1127.4,LOSS,False,14,2,MAIN,11,RESOURCE_MANAGEMENT,PLAY_ITEM,1142,PLAY,1,0,676,110,110,1,False,3,6,True,True,1,1,0,119,70,6,119,70,6,False,False,,,False
92267636,1127.4,LOSS,False,15,2,TO_HAND,11,RESOURCE_MANAGEMENT,,,CARD,0,0,676,110,110,1,False,3,6,False,True,1,1,0,119,70,6,119,70,6,False,False,,,False
92267636,1127.4,LOSS,False,16,2,MAIN,11,RESOURCE_MANAGEMENT,PLAY_POKEMON,676,PLAY,1,0,676,110,110,1,False,3,6,True,True,1,1,0,119,70,6,119,70,6,False,False,,,False
92267636,1127.4,LOSS,False,17,2,MAIN,11,ENERGY_MANAGEMENT,ATTACH_ENERGY,,ATTACH,1,0,676,110,110,1,False,4,6,True,True,1,1,0,119,70,6,119,70,6,False,False,,,False
92267636,1127.4,LOSS,False,18,2,MAIN,6,ATTACK_SELECTION,ATTACK,,ATTACK,1,1,676,110,110,1,False,4,6,True,True,1,1,0,119,70,6,,,6,False,False,,,False
92267636,1127.4,LOSS,False,19,2,TO_HAND,6,RESOURCE_MANAGEMENT,,,,0,0,676,110,110,1,False,4,6,False,True,1,1,0,,,6,119,70,6,,,,,False
92267636,1127.4,LOSS,False,20,4,MAIN,17,RESOURCE_MANAGEMENT,ABILITY,,ABILITY,0,0,676,110,110,1,False,4,5,False,True,1,0,0,119,70,6,119,70,6,False,False,,,False
92267636,1127.4,LOSS,False,21,4,DISCARD,2,RESOURCE_MANAGEMENT,,,CARD,0,0,676,110,110,1,False,4,5,False,True,1,0,0,119,70,6,119,70,6,False,False,,,False
92267636,1127.4,LOSS,False,22,4,MAIN,18,RESOURCE_MANAGEMENT,PLAY_ITEM,1152,PLAY,0,0,676,110,110,1,False,4,5,False,True,1,0,0,119,70,6,119,70,6,False,False,,,False
92267636,1127.4,LOSS,False,23,4,TO_HAND,4,RESOURCE_MANAGEMENT,,,CARD,0,0,676,110,110,1,False,4,5,False,True,1,0,0,119,70,6,119,70,6,False,False,,,False
92267636,1127.4,LOSS,False,24,4,MAIN,18,RESOURCE_MANAGEMENT,PLAY_ITEM,1121,PLAY,0,0,676,110,110,1,False,4,5,False,True,1,0,0,119,70,6,119,70,6,False,False,,,False
92267636,1127.4,LOSS,False,25,4,DISCARD,8,RESOURCE_MANAGEMENT,,,CARD;CARD,0,0,676,110,110,1,False,4,5,False,True,1,0,0,119,70,6,119,70,6,False,False,,,False
92267636,1127.4,LOSS,False,26,4,TO_HAND,7,RESOURCE_MANAGEMENT,,,CARD,0,0,676,110,110,1,False,4,5,False,True,1,0,0,119,70,6,119,70,6,False,False,,,False
92267636,1127.4,LOSS,False,27,4,MAIN,16,BENCH_MANAGEMENT,EVOLVE,,EVOLVE,0,0,676,110,110,1,False,4,5,False,True,1,0,0,119,70,6,119,70,6,False,False,,,False
92267636,1127.4,LOSS,False,28,4,MAIN,15,RESOURCE_MANAGEMENT,PLAY_POKEMON,673,PLAY,0,0,676,110,110,1,False,4,5,False,True,1,0,0,119,70,6,119,70,6,False,False,,,False
92267636,1127.4,LOSS,False,29,4,MAIN,16,ENERGY_MANAGEMENT,ATTACH_ENERGY,,ATTACH,0,0,676,110,110,1,False,5,5,False,True,1,0,0,119,70,6,119,70,6,False,False,,,False
92267636,1127.4,LOSS,False,30,4,MAIN,4,RESOURCE_MANAGEMENT,PLAY_SUPPORTER,1227,PLAY,0,0,676,110,110,1,False,5,5,False,True,1,0,1,119,70,6,119,70,6,False,False,,,False
92267636,1127.4,LOSS,False,31,4,MAIN,4,TIMING,,,,0,0,676,110,110,1,False,5,5,False,True,1,0,1,119,70,6,119,70,6,False,False,,,False
92267636,1127.4,LOSS,False,32,6,MAIN,19,RESOURCE_MANAGEMENT,ABILITY,,ABILITY,0,0,676,110,110,1,False,5,5,False,True,1,0,1,119,70,6,119,70,6,False,False,,,False
92267636,1127.4,LOSS,False,33,6,DISCARD,2,RESOURCE_MANAGEMENT,,,CARD,0,0,676,110,110,1,False,5,5,False,True,1,0,1,119,70,6,119,70,6,False,False,,,False
92267636,1127.4,LOSS,False,34,6,MAIN,20,ENERGY_MANAGEMENT,ATTACH_ENERGY,,ATTACH,0,0,676,110,110,1,False,5,5,False,True,1,0,1,119,70,6,119,70,6,False,False,,,False
92267636,1127.4,LOSS,False,35,6,MAIN,10,RETREAT_SELECTION,RETREAT,,RETREAT,1,0,676,110,110,1,False,5,5,True,True,1,1,1,119,70,6,119,70,6,False,False,,,False
92267636,1127.4,LOSS,False,36,6,DISCARD_ENERGY,1,ENERGY_MANAGEMENT,,,ENERGY,0,0,676,110,110,1,False,5,5,False,True,1,1,1,119,70,6,119,70,6,False,False,,,False
92267636,1127.4,LOSS,False,37,6,SWITCH,5,ACTIVE_POKEMON_SELECTION,,,CARD,0,0,676,110,110,1,False,5,5,False,True,1,0,1,119,70,6,119,70,6,False,False,,,False
92267636,1127.4,LOSS,False,38,6,MAIN,9,BENCH_MANAGEMENT,EVOLVE,,EVOLVE,1,0,678,340,340,3,False,5,5,False,True,2,1,0,119,70,6,119,70,6,False,False,,,True
92267636,1127.4,LOSS,False,39,6,ACTIVATE,2,RESOURCE_MANAGEMENT,,,YES,0,0,678,340,340,3,False,5,5,False,True,2,1,0,119,70,6,119,70,6,False,False,,,False
92267636,1127.4,LOSS,False,40,6,SWITCH,4,ACTIVE_POKEMON_SELECTION,,,CARD,0,0,678,340,340,3,False,5,5,False,True,2,1,0,119,70,6,140,210,6,False,False,,,False
92267636,1127.4,LOSS,False,41,6,MAIN,7,RESOURCE_MANAGEMENT,PLAY_ITEM,1121,PLAY,1,0,678,340,340,3,False,5,5,False,True,2,1,0,140,210,6,140,210,6,False,False,,,False
92267636,1127.4,LOSS,False,42,6,DISCARD,6,RESOURCE_MANAGEMENT,,,CARD;CARD,0,0,678,340,340,3,False,5,5,False,True,2,1,0,140,210,6,140,210,6,False,False,,,False
92267636,1127.4,LOSS,False,43,6,TO_HAND,5,RESOURCE_MANAGEMENT,,,CARD,0,0,678,340,340,3,False,5,5,False,True,2,1,0,140,210,6,140,210,6,False,False,,,False
92267636,1127.4,LOSS,False,44,6,MAIN,5,RESOURCE_MANAGEMENT,PLAY_ITEM,1152,PLAY,1,0,678,340,340,3,False,5,5,False,True,2,1,0,140,210,6,140,210,6,False,False,,,False
92267636,1127.4,LOSS,False,45,6,TO_HAND,3,RESOURCE_MANAGEMENT,,,CARD,0,0,678,340,340,3,False,5,5,False,True,2,1,0,140,210,6,140,210,6,False,False,,,False
92267636,1127.4,LOSS,False,46,6,MAIN,5,RESOURCE_MANAGEMENT,PLAY_SUPPORTER,1227,PLAY,1,0,678,340,340,3,False,5,5,False,True,2,1,0,140,210,6,140,210,6,False,False,,,False
92267636,1127.4,LOSS,False,47,6,MAIN,5,ATTACK_SELECTION,ATTACK,,ATTACK,1,1,678,340,340,3,False,5,5,False,True,2,1,0,140,210,6,140,0,6,False,False,,,False
92267636,1127.4,LOSS,False,48,6,ATTACH_TO,5,ENERGY_MANAGEMENT,,,CARD;CARD;CARD,0,0,678,340,340,3,False,5,5,False,True,2,1,0,140,0,6,140,0,6,False,False,,,False
92267636,1127.4,LOSS,False,49,6,ATTACH_FROM,5,ENERGY_MANAGEMENT,,,CARD,0,0,678,340,340,3,False,5,5,False,True,2,1,0,140,0,6,140,0,6,False,False,,,False
92267636,1127.4,LOSS,False,50,6,ATTACH_FROM,5,ENERGY_MANAGEMENT,,,CARD,0,0,678,340,340,3,False,5,5,False,True,2,1,0,140,0,6,140,0,6,False,False,,,False
92267636,1127.4,LOSS,False,51,6,ATTACH_FROM,5,ENERGY_MANAGEMENT,,,CARD,0,0,678,340,340,3,False,5,5,False,True,2,1,0,140,0,6,,,6,False,False,,,False
92267636,1127.4,LOSS,False,52,6,TO_HAND,5,RESOURCE_MANAGEMENT,,,,0,0,678,340,340,3,False,5,5,False,True,2,1,1,,,6,121,320,6,,,,,False
92267636,1127.4,LOSS,False,53,8,MAIN,24,RESOURCE_MANAGEMENT,ABILITY,,ABILITY,1,0,678,140,340,3,True,5,3,False,True,2,1,1,121,320,6,121,320,6,True,False,Phantom Dive,200,False
92267636,1127.4,LOSS,False,54,8,DISCARD,3,RESOURCE_MANAGEMENT,,,CARD,0,0,678,140,340,3,True,5,3,False,True,2,1,1,121,320,6,121,320,6,True,False,Phantom Dive,200,False
92267636,1127.4,LOSS,False,55,8,MAIN,19,BENCH_MANAGEMENT,EVOLVE,,EVOLVE,1,0,678,140,340,3,True,5,3,False,True,2,1,1,121,320,6,121,320,6,True,False,Phantom Dive,200,False
92267636,1127.4,LOSS,False,56,8,ACTIVATE,2,RESOURCE_MANAGEMENT,,,YES,0,0,678,140,340,3,True,5,3,False,True,2,1,1,121,320,6,121,320,6,True,False,Phantom Dive,200,False
92267636,1127.4,LOSS,False,57,8,SWITCH,5,ACTIVE_POKEMON_SELECTION,,,CARD,0,0,678,140,340,3,True,5,3,False,True,2,1,1,121,320,6,140,210,6,True,False,Phantom Dive,200,False
92267636,1127.4,LOSS,False,58,8,MAIN,18,ENERGY_MANAGEMENT,ATTACH_ENERGY,,ATTACH,1,0,678,140,340,3,True,5,3,False,True,2,1,1,140,210,6,140,210,6,False,False,,,False
92267636,1127.4,LOSS,False,59,8,MAIN,8,RESOURCE_MANAGEMENT,PLAY_ITEM,1142,PLAY,2,0,678,140,340,3,True,5,3,True,True,2,2,1,140,210,6,140,210,6,False,False,,,False
92267636,1127.4,LOSS,False,60,8,TO_HAND,4,RESOURCE_MANAGEMENT,,,CARD,0,0,678,140,340,3,True,5,3,False,True,2,2,1,140,210,6,140,210,6,False,False,,,False
92267636,1127.4,LOSS,False,61,8,MAIN,7,RESOURCE_MANAGEMENT,PLAY_ITEM,1142,PLAY,2,0,678,140,340,3,True,5,3,True,True,2,2,1,140,210,6,140,210,6,False,False,,,False
92267636,1127.4,LOSS,False,62,8,TO_HAND,3,RESOURCE_MANAGEMENT,,,CARD,0,0,678,140,340,3,True,5,3,False,True,2,2,1,140,210,6,140,210,6,False,False,,,False
92267636,1127.4,LOSS,False,63,8,MAIN,6,ATTACK_SELECTION,ATTACK,,ATTACK,2,1,678,140,340,3,True,5,3,True,True,2,2,1,140,210,6,,,6,False,False,,,False
92267636,1127.4,LOSS,False,64,8,TO_HAND,3,RESOURCE_MANAGEMENT,,,,0,0,678,140,340,3,True,5,3,False,True,2,2,1,,,6,121,320,3,,,,,False
92267636,1127.4,LOSS,False,65,9,TO_ACTIVE,5,ACTIVE_POKEMON_SELECTION,,,CARD,0,0,,,,,False,5,1,False,True,,,0,121,320,3,121,320,3,,,,,True
92267636,1127.4,LOSS,False,66,10,MAIN,9,RESOURCE_MANAGEMENT,ABILITY,,ABILITY,0,0,674,150,150,1,False,4,1,False,True,3,2,0,121,320,3,121,320,3,True,False,Phantom Dive,200,False
92267636,1127.4,LOSS,False,67,10,DISCARD,1,RESOURCE_MANAGEMENT,,,CARD,0,0,674,150,150,1,False,4,1,False,True,3,2,0,121,320,3,121,320,3,True,False,Phantom Dive,200,False
92267636,1127.4,LOSS,False,68,10,MAIN,8,ENERGY_MANAGEMENT,ATTACH_ENERGY,,ATTACH,0,0,674,150,150,1,False,4,1,False,True,3,2,0,121,320,3,121,320,3,True,False,Phantom Dive,200,False
92267636,1127.4,LOSS,False,69,10,MAIN,5,TIMING,,,,1,0,674,150,150,1,False,4,1,True,True,3,3,0,121,320,3,121,320,1,True,False,Phantom Dive,200,False
92267636,1127.4,LOSS,False,70,11,TO_ACTIVE,3,ACTIVE_POKEMON_SELECTION,,,CARD,0,0,,,,,False,3,1,False,True,,,0,121,320,1,121,320,1,,,,,True
92267636,1127.4,LOSS,False,71,12,MAIN,3,RESOURCE_MANAGEMENT,PLAY_POKEMON,675,PLAY,0,0,676,110,110,1,False,2,1,False,True,1,0,0,121,320,1,121,320,1,True,False,Phantom Dive,200,False
92267636,1127.4,LOSS,False,72,12,MAIN,2,RESOURCE_MANAGEMENT,PLAY_ITEM,1123,PLAY,0,0,676,110,110,1,False,3,1,False,True,1,0,0,121,320,1,121,320,1,True,False,Phantom Dive,200,False
92267636,1127.4,LOSS,False,73,12,SWITCH,3,ACTIVE_POKEMON_SELECTION,,,CARD,0,0,676,110,110,1,False,3,1,False,True,1,0,0,121,320,1,121,320,1,True,False,Phantom Dive,200,False
92255261,1015.8,WIN,True,0,,,0,UNKNOWN,,,,0,0,,,,,False,,,False,False,,,0,,,,,,,,,,,False
92255261,1015.8,WIN,True,1,,,0,UNKNOWN,,,,0,0,,,,,False,,,False,False,,,0,,,,,,0,,,,,False
92255261,1015.8,WIN,True,2,0,IS_FIRST,2,GOING_FIRST_SECOND,,,YES,0,0,,,,,False,0,0,False,False,,,0,,,0,,,0,,,,,False
92255261,1015.8,WIN,True,3,0,SETUP_ACTIVE_POKEMON,1,EARLY_GAME_SETUP,,,,0,0,,,,,False,0,0,False,False,,,0,,,0,,,6,,,,,False
92255261,1015.8,WIN,True,4,0,DRAW_COUNT,2,SEARCH_DECISION,,,NUMBER,0,0,,,,,False,0,6,False,False,,,0,,,6,741,50,6,,,,,False
92255261,1015.8,WIN,True,5,1,MAIN,6,RESOURCE_MANAGEMENT,PLAY_ITEM,1152,PLAY,0,0,675,110,110,1,False,0,6,False,False,1,0,0,741,50,6,741,50,6,False,False,,,False
92255261,1015.8,WIN,True,6,1,TO_HAND,8,RESOURCE_MANAGEMENT,,,CARD,0,0,675,110,110,1,False,0,6,False,False,1,0,0,741,50,6,741,50,6,False,False,,,False
92255261,1015.8,WIN,True,7,1,MAIN,6,RESOURCE_MANAGEMENT,PLAY_POKEMON,676,PLAY,0,0,675,110,110,1,False,0,6,False,False,1,0,0,741,50,6,741,50,6,False,False,,,False
92255261,1015.8,WIN,True,8,1,MAIN,8,RESOURCE_MANAGEMENT,ABILITY,,ABILITY,0,0,675,110,110,1,False,1,6,False,True,1,0,0,741,50,6,741,50,6,False,False,,,False
92255261,1015.8,WIN,True,9,1,DISCARD,1,RESOURCE_MANAGEMENT,,,CARD,0,0,675,110,110,1,False,1,6,False,True,1,0,0,741,50,6,741,50,6,False,False,,,False
92255261,1015.8,WIN,True,10,1,MAIN,6,RESOURCE_MANAGEMENT,PLAY_POKEMON,673,PLAY,0,0,675,110,110,1,False,1,6,False,True,1,0,0,741,50,6,741,50,6,False,False,,,False
92255261,1015.8,WIN,True,11,1,MAIN,5,RESOURCE_MANAGEMENT,PLAY_ITEM,1121,PLAY,0,0,675,110,110,1,False,2,6,False,True,1,0,0,741,50,6,741,50,6,False,False,,,False
92255261,1015.8,WIN,True,12,1,DISCARD,7,RESOURCE_MANAGEMENT,,,CARD;CARD,0,0,675,110,110,1,False,2,6,False,True,1,0,0,741,50,6,741,50,6,False,False,,,False
92255261,1015.8,WIN,True,13,1,TO_HAND,9,RESOURCE_MANAGEMENT,,,CARD,0,0,675,110,110,1,False,2,6,False,True,1,0,0,741,50,6,741,50,6,False,False,,,False
92255261,1015.8,WIN,True,14,1,MAIN,5,RESOURCE_MANAGEMENT,PLAY_POKEMON,677,PLAY,0,0,675,110,110,1,False,2,6,False,True,1,0,0,741,50,6,741,50,6,False,False,,,False
92255261,1015.8,WIN,True,15,1,MAIN,4,TIMING,,,,0,0,675,110,110,1,False,3,6,False,True,1,0,0,741,50,6,741,50,6,False,False,,,False
92255261,1015.8,WIN,True,16,3,MAIN,7,RESOURCE_MANAGEMENT,PLAY_ITEM,1123,PLAY,0,0,675,110,110,1,False,3,6,False,True,1,0,0,741,50,6,741,50,6,False,False,,,False
92255261,1015.8,WIN,True,17,3,SWITCH,3,ACTIVE_POKEMON_SELECTION,,,CARD,0,0,675,110,110,1,False,3,6,False,True,1,0,0,741,50,6,741,50,6,False,False,,,False
92255261,1015.8,WIN,True,18,3,MAIN,6,BENCH_MANAGEMENT,EVOLVE,,EVOLVE,0,0,677,80,80,1,False,3,6,False,True,2,0,0,741,50,6,741,50,6,False,False,,,True
92255261,1015.8,WIN,True,19,3,MAIN,5,RESOURCE_MANAGEMENT,PLAY_SUPPORTER,1227,PLAY,0,0,678,340,340,3,False,3,6,False,True,2,0,0,741,50,6,741,50,6,False,False,,,True
92255261,1015.8,WIN,True,20,3,MAIN,16,RESOURCE_MANAGEMENT,ABILITY,,ABILITY,0,0,678,340,340,3,False,3,6,False,True,2,0,0,741,50,6,741,50,6,False,False,,,False
92255261,1015.8,WIN,True,21,3,DISCARD,3,RESOURCE_MANAGEMENT,,,CARD,0,0,678,340,340,3,False,3,6,False,True,2,0,0,741,50,6,741,50,6,False,False,,,False
92255261,1015.8,WIN,True,22,3,MAIN,17,RESOURCE_MANAGEMENT,PLAY_ITEM,1152,PLAY,0,0,678,340,340,3,False,3,6,False,True,2,0,0,741,50,6,741,50,6,False,False,,,False
92255261,1015.8,WIN,True,23,3,TO_HAND,5,RESOURCE_MANAGEMENT,,,CARD,0,0,678,340,340,3,False,3,6,False,True,2,0,0,741,50,6,741,50,6,False,False,,,False
92255261,1015.8,WIN,True,24,3,MAIN,17,RESOURCE_MANAGEMENT,PLAY_ITEM,1142,PLAY,0,0,678,340,340,3,False,3,6,False,True,2,0,0,741,50,6,741,50,6,False,False,,,False
92255261,1015.8,WIN,True,25,3,TO_HAND,11,RESOURCE_MANAGEMENT,,,CARD,0,0,678,340,340,3,False,3,6,False,True,2,0,0,741,50,6,741,50,6,False,False,,,False
92255261,1015.8,WIN,True,26,3,MAIN,17,RESOURCE_MANAGEMENT,PLAY_POKEMON,673,PLAY,0,0,678,340,340,3,False,3,6,False,True,2,0,0,741,50,6,741,50,6,False,False,,,False
92255261,1015.8,WIN,True,27,3,MAIN,19,ENERGY_MANAGEMENT,ATTACH_ENERGY,,ATTACH,0,0,678,340,340,3,False,4,6,False,True,2,0,0,741,50,6,741,50,6,False,False,,,False
92255261,1015.8,WIN,True,28,3,MAIN,5,BENCH_MANAGEMENT,EVOLVE,,EVOLVE,1,0,678,340,340,3,False,4,6,False,True,2,1,0,741,50,6,741,50,6,False,False,,,False
92255261,1015.8,WIN,True,29,3,ACTIVATE,2,RESOURCE_MANAGEMENT,,,YES,0,0,678,340,340,3,False,4,6,False,True,2,1,0,741,50,6,741,50,6,False,False,,,False
92255261,1015.8,WIN,True,30,3,SWITCH,4,ACTIVE_POKEMON_SELECTION,,,CARD,0,0,678,340,340,3,False,4,6,False,True,2,1,0,741,50,6,140,210,6,False,False,,,False
92255261,1015.8,WIN,True,31,3,MAIN,4,RESOURCE_MANAGEMENT,PLAY_ITEM,1121,PLAY,1,0,678,340,340,3,False,4,6,False,True,2,1,0,140,210,6,140,210,6,False,False,,,False
92255261,1015.8,WIN,True,32,3,DISCARD,6,RESOURCE_MANAGEMENT,,,CARD;CARD,0,0,678,340,340,3,False,4,6,False,True,2,1,0,140,210,6,140,210,6,False,False,,,False
92255261,1015.8,WIN,True,33,3,TO_HAND,6,RESOURCE_MANAGEMENT,,,CARD,0,0,678,340,340,3,False,4,6,False,True,2,1,0,140,210,6,140,210,6,False,False,,,False
92255261,1015.8,WIN,True,34,3,MAIN,4,ATTACK_SELECTION,ATTACK,,ATTACK,1,1,678,340,340,3,False,4,6,False,True,2,1,0,140,210,6,140,0,6,False,False,,,False
92255261,1015.8,WIN,True,35,3,ATTACH_TO,3,ENERGY_MANAGEMENT,,,CARD;CARD;CARD,0,0,678,340,340,3,False,4,6,False,True,2,1,0,140,0,6,140,0,6,False,False,,,False
92255261,1015.8,WIN,True,36,3,ATTACH_FROM,4,ENERGY_MANAGEMENT,,,CARD,0,0,678,340,340,3,False,4,6,False,True,2,1,0,140,0,6,140,0,6,False,False,,,False
92255261,1015.8,WIN,True,37,3,ATTACH_FROM,4,ENERGY_MANAGEMENT,,,CARD,0,0,678,340,340,3,False,4,6,False,True,2,1,0,140,0,6,140,0,6,False,False,,,False
92255261,1015.8,WIN,True,38,3,ATTACH_FROM,4,ENERGY_MANAGEMENT,,,CARD,0,0,678,340,340,3,False,4,6,False,True,2,1,0,140,0,6,,,6,False,False,,,False
92255261,1015.8,WIN,True,39,3,TO_HAND,6,RESOURCE_MANAGEMENT,,,,0,0,678,340,340,3,False,4,6,False,True,2,1,1,,,6,743,140,6,,,,,False
92255261,1015.8,WIN,True,40,5,MAIN,15,RESOURCE_MANAGEMENT,ABILITY,,ABILITY,1,0,678,80,340,3,True,4,4,False,True,2,1,1,743,140,6,743,140,6,False,False,Powerful Hand,0,False
92255261,1015.8,WIN,True,41,5,DISCARD,1,RESOURCE_MANAGEMENT,,,CARD,0,0,678,80,340,3,True,4,4,False,True,2,1,1,743,140,6,743,140,6,False,False,Powerful Hand,0,False
92255261,1015.8,WIN,True,42,5,MAIN,11,BENCH_MANAGEMENT,EVOLVE,,EVOLVE,1,0,678,80,340,3,True,4,4,False,True,2,1,1,743,140,6,743,140,6,False,False,Powerful Hand,0,False
92255261,1015.8,WIN,True,43,5,ACTIVATE,2,RESOURCE_MANAGEMENT,,,YES,0,0,678,80,340,3,True,4,4,False,True,2,1,1,743,140,6,743,140,6,False,False,Powerful Hand,0,False
92255261,1015.8,WIN,True,44,5,SWITCH,4,ACTIVE_POKEMON_SELECTION,,,CARD,0,0,678,80,340,3,True,4,4,False,True,2,1,1,743,140,6,305,70,6,False,False,Powerful Hand,0,False
92255261,1015.8,WIN,True,45,5,MAIN,10,RESOURCE_MANAGEMENT,PLAY_ITEM,1142,PLAY,1,0,678,80,340,3,True,4,4,False,True,2,1,1,305,70,6,305,70,6,False,False,,,False
92255261,1015.8,WIN,True,46,5,TO_HAND,9,RESOURCE_MANAGEMENT,,,CARD,0,0,678,80,340,3,True,4,4,False,True,2,1,1,305,70,6,305,70,6,False,False,,,False
92255261,1015.8,WIN,True,47,5,MAIN,14,RESOURCE_MANAGEMENT,PLAY_POKEMON,676,PLAY,1,0,678,80,340,3,True,4,4,False,True,2,1,1,305,70,6,305,70,6,False,False,,,False
92255261,1015.8,WIN,True,48,5,MAIN,14,ENERGY_MANAGEMENT,ATTACH_ENERGY,,ATTACH,1,0,678,80,340,3,True,5,4,False,True,2,1,1,305,70,6,305,70,6,False,False,,,False
92255261,1015.8,WIN,True,49,5,MAIN,10,RESOURCE_MANAGEMENT,PLAY_ITEM,1152,PLAY,2,0,678,80,340,3,True,5,4,True,True,2,2,1,305,70,6,305,70,6,False,False,,,False
92255261,1015.8,WIN,True,50,5,TO_HAND,2,RESOURCE_MANAGEMENT,,,CARD,0,0,678,80,340,3,True,5,4,False,True,2,2,1,305,70,6,305,70,6,False,False,,,False
92255261,1015.8,WIN,True,51,5,MAIN,9,RESOURCE_MANAGEMENT,PLAY_ITEM,1142,PLAY,2,0,678,80,340,3,True,5,4,True,True,2,2,1,305,70,6,305,70,6,False,False,,,False
92255261,1015.8,WIN,True,52,5,TO_HAND,7,RESOURCE_MANAGEMENT,,,CARD,0,0,678,80,340,3,True,5,4,False,True,2,2,1,305,70,6,305,70,6,False,False,,,False
92255261,1015.8,WIN,True,53,5,MAIN,8,RESOURCE_MANAGEMENT,PLAY_SUPPORTER,1213,PLAY,2,0,678,80,340,3,True,5,4,True,True,2,2,1,305,70,6,305,70,6,False,False,,,False
92255261,1015.8,WIN,True,54,5,MAIN,6,RETREAT_SELECTION,RETREAT,,RETREAT,2,0,678,80,340,3,True,5,4,True,True,2,2,1,305,70,6,305,70,6,False,False,,,False
92255261,1015.8,WIN,True,55,5,DISCARD_ENERGY,2,ENERGY_MANAGEMENT,,,ENERGY,0,0,678,80,340,3,True,5,4,False,True,2,2,1,305,70,6,305,70,6,False,False,,,False
92255261,1015.8,WIN,True,56,5,DISCARD_ENERGY,1,ENERGY_MANAGEMENT,,,ENERGY,0,0,678,80,340,3,True,5,4,False,True,2,1,1,305,70,6,305,70,6,False,False,,,False
92255261,1015.8,WIN,True,57,5,SWITCH,5,ACTIVE_POKEMON_SELECTION,,,CARD,0,0,678,80,340,3,True,5,4,False,True,2,0,1,305,70,6,305,70,6,False,False,,,False
92255261,1015.8,WIN,True,58,5,MAIN,4,ATTACK_SELECTION,ATTACK,,ATTACK,1,1,674,150,150,1,False,5,4,False,True,3,3,0,305,70,6,,,6,False,False,,,True
92255261,1015.8,WIN,True,59,5,TO_HAND,4,RESOURCE_MANAGEMENT,,,,0,0,674,80,150,1,True,5,4,False,True,3,3,0,,,6,743,140,5,,,,,False
92255261,1015.8,WIN,True,60,6,TO_ACTIVE,5,ACTIVE_POKEMON_SELECTION,,,CARD,0,0,,,,,False,5,3,False,True,,,0,743,140,5,743,140,5,,,,,True
92255261,1015.8,WIN,True,61,7,MAIN,12,RESOURCE_MANAGEMENT,ABILITY,,ABILITY,0,0,676,110,110,1,False,4,3,False,True,1,0,0,743,140,5,743,140,5,False,False,Powerful Hand,0,False
92255261,1015.8,WIN,True,62,7,DISCARD,1,RESOURCE_MANAGEMENT,,,CARD,0,0,676,110,110,1,False,4,3,False,True,1,0,0,743,140,5,743,140,5,False,False,Powerful Hand,0,False
92255261,1015.8,WIN,True,63,7,MAIN,17,RESOURCE_MANAGEMENT,PLAY_SUPPORTER,1182,PLAY,0,0,676,110,110,1,False,4,3,False,True,1,0,0,743,140,5,743,140,5,False,False,Powerful Hand,0,False
92255261,1015.8,WIN,True,64,7,SWITCH,4,ACTIVE_POKEMON_SELECTION,,,CARD,0,0,676,110,110,1,False,4,3,False,True,1,0,0,743,140,5,305,70,5,False,False,Powerful Hand,0,False
92255261,1015.8,WIN,True,65,7,MAIN,15,RESOURCE_MANAGEMENT,PLAY_POKEMON,677,PLAY,0,0,676,110,110,1,False,4,3,False,True,1,0,0,305,70,5,305,70,5,False,False,,,False
92255261,1015.8,WIN,True,66,7,MAIN,15,ENERGY_MANAGEMENT,ATTACH_ENERGY,,ATTACH,0,0,676,110,110,1,False,5,3,False,True,1,0,0,305,70,5,305,70,5,False,False,,,False
92255261,1015.8,WIN,True,67,7,MAIN,5,ATTACK_SELECTION,ATTACK,,ATTACK,1,1,676,110,110,1,False,5,3,True,True,1,1,0,305,70,5,,,5,False,False,,,False
92255261,1015.8,WIN,True,68,7,TO_HAND,3,RESOURCE_MANAGEMENT,,,,0,0,676,110,110,1,False,5,3,False,True,1,1,0,,,5,743,140,5,,,,,False
92255261,1015.8,WIN,True,69,8,DISCARD,6,RESOURCE_MANAGEMENT,,,,0,0,676,110,110,1,False,5,2,False,True,1,1,0,743,140,5,743,140,4,False,False,Powerful Hand,0,False
92255261,1015.8,WIN,True,70,8,TO_ACTIVE,5,ACTIVE_POKEMON_SELECTION,,,CARD,0,0,,,,,False,5,2,False,True,,,0,743,140,4,743,140,4,,,,,True
92255261,1015.8,WIN,True,71,9,MAIN,14,RESOURCE_MANAGEMENT,ABILITY,,ABILITY,0,0,677,80,80,1,False,4,2,False,True,2,0,0,743,140,4,743,140,4,False,False,Powerful Hand,0,False
92255261,1015.8,WIN,True,72,9,DISCARD,2,RESOURCE_MANAGEMENT,,,CARD,0,0,677,80,80,1,False,4,2,False,True,2,0,0,743,140,4,743,140,4,False,False,Powerful Hand,0,False
92255261,1015.8,WIN,True,73,9,MAIN,11,RESOURCE_MANAGEMENT,PLAY_ITEM,1121,PLAY,0,0,677,80,80,1,False,4,2,False,True,2,0,0,743,140,4,743,140,4,False,False,Powerful Hand,0,False
92255261,1015.8,WIN,True,74,9,DISCARD,5,RESOURCE_MANAGEMENT,,,CARD;CARD,0,0,677,80,80,1,False,4,2,False,True,2,0,0,743,140,4,743,140,4,False,False,Powerful Hand,0,False
92255261,1015.8,WIN,True,75,9,TO_HAND,4,RESOURCE_MANAGEMENT,,,CARD,0,0,677,80,80,1,False,4,2,False,True,2,0,0,743,140,4,743,140,4,False,False,Powerful Hand,0,False
92255261,1015.8,WIN,True,76,9,MAIN,9,BENCH_MANAGEMENT,EVOLVE,,EVOLVE,0,0,677,80,80,1,False,4,2,False,True,2,0,0,743,140,4,743,140,4,False,False,Powerful Hand,0,False
92255261,1015.8,WIN,True,77,9,MAIN,8,RESOURCE_MANAGEMENT,PLAY_SUPPORTER,1182,PLAY,0,0,678,340,340,3,False,4,2,False,True,2,0,0,743,140,4,743,140,4,False,False,Powerful Hand,0,True
92255261,1015.8,WIN,True,78,9,SWITCH,4,ACTIVE_POKEMON_SELECTION,,,CARD,0,0,678,340,340,3,False,4,2,False,True,2,0,0,743,140,4,305,70,4,False,False,Powerful Hand,0,False
92255261,1015.8,WIN,True,79,9,MAIN,6,ENERGY_MANAGEMENT,ATTACH_ENERGY,,ATTACH,0,0,678,340,340,3,False,4,2,False,True,2,0,0,305,70,4,305,70,4,False,False,,,False
92255261,1015.8,WIN,True,80,9,MAIN,2,ATTACK_SELECTION,ATTACK,,ATTACK,1,1,678,340,340,3,False,4,2,False,True,2,1,0,305,70,4,305,0,4,False,False,,,False
92255261,1015.8,WIN,True,81,9,ATTACH_TO,9,ENERGY_MANAGEMENT,,,CARD;CARD;CARD,0,0,678,340,340,3,False,4,2,False,True,2,1,0,305,0,4,305,0,4,False,False,,,False
92255261,1015.8,WIN,True,82,9,ATTACH_FROM,4,ENERGY_MANAGEMENT,,,CARD,0,0,678,340,340,3,False,4,2,False,True,2,1,0,305,0,4,305,0,4,False,False,,,False
92255261,1015.8,WIN,True,83,9,ATTACH_FROM,4,ENERGY_MANAGEMENT,,,CARD,0,0,678,340,340,3,False,4,2,False,True,2,1,0,305,0,4,305,0,4,False,False,,,False
92255261,1015.8,WIN,True,84,9,ATTACH_FROM,4,ENERGY_MANAGEMENT,,,CARD,0,0,678,340,340,3,False,4,2,False,True,2,1,0,305,0,4,,,4,False,False,,,False
92255261,1015.8,WIN,True,85,9,TO_HAND,2,RESOURCE_MANAGEMENT,,,,0,0,678,340,340,3,False,4,2,False,True,2,1,1,,,4,743,140,4,,,,,False
92255261,1015.8,WIN,True,86,11,MAIN,9,ENERGY_MANAGEMENT,ATTACH_ENERGY,,ATTACH,1,0,678,120,340,3,True,4,1,False,True,2,1,1,743,140,4,743,140,4,False,False,Powerful Hand,0,False
92255261,1015.8,WIN,True,87,11,MAIN,4,RESOURCE_MANAGEMENT,PLAY_SUPPORTER,1227,PLAY,1,0,678,220,440,3,True,4,1,False,True,2,1,1,743,140,4,743,140,4,False,False,Powerful Hand,0,False
92255261,1015.8,WIN,True,88,11,MAIN,12,ENERGY_MANAGEMENT,ATTACH_ENERGY,,ATTACH,1,0,678,220,440,3,True,4,1,False,True,2,1,1,743,140,4,743,140,4,False,False,Powerful Hand,0,False
92255261,1015.8,WIN,True,89,11,MAIN,8,ATTACK_SELECTION,ATTACK,,ATTACK,2,1,678,220,440,3,True,4,1,True,True,2,2,1,743,140,4,,,4,False,False,Powerful Hand,0,False
92240408,980.3,WIN,False,0,,,0,UNKNOWN,,,,0,0,,,,,False,,,False,False,,,0,,,,,,,,,,,False
92240408,980.3,WIN,False,1,,,0,UNKNOWN,,,,0,0,,,,,False,,,False,False,,,0,,,,,,0,,,,,False
92240408,980.3,WIN,False,2,0,SETUP_ACTIVE_POKEMON,1,EARLY_GAME_SETUP,,,,0,0,,,,,False,0,0,False,False,,,0,,,0,1071,170,6,,,,,False
92240408,980.3,WIN,False,3,2,MAIN,7,RESOURCE_MANAGEMENT,PLAY_POKEMON,677,PLAY,0,0,675,110,110,1,False,0,6,False,False,1,0,0,1071,170,6,1071,170,6,False,False,,,False
92240408,980.3,WIN,False,4,2,MAIN,8,RESOURCE_MANAGEMENT,PLAY_ITEM,1142,PLAY,0,0,675,110,110,1,False,1,6,False,True,1,0,0,1071,170,6,1071,170,6,False,False,,,False
92240408,980.3,WIN,False,5,2,TO_HAND,16,RESOURCE_MANAGEMENT,,,CARD,0,0,675,110,110,1,False,1,6,False,True,1,0,0,1071,170,6,1071,170,6,False,False,,,False
92240408,980.3,WIN,False,6,2,MAIN,8,RESOURCE_MANAGEMENT,PLAY_POKEMON,676,PLAY,0,0,675,110,110,1,False,1,6,False,True,1,0,0,1071,170,6,1071,170,6,False,False,,,False
92240408,980.3,WIN,False,7,2,MAIN,10,RESOURCE_MANAGEMENT,ABILITY,,ABILITY,0,0,675,110,110,1,False,2,6,False,True,1,0,0,1071,170,6,1071,170,6,False,False,,,False
92240408,980.3,WIN,False,8,2,DISCARD,2,RESOURCE_MANAGEMENT,,,CARD,0,0,675,110,110,1,False,2,6,False,True,1,0,0,1071,170,6,1071,170,6,False,False,,,False
92240408,980.3,WIN,False,9,2,MAIN,8,ENERGY_MANAGEMENT,ATTACH_ENERGY,,ATTACH,0,0,675,110,110,1,False,2,6,False,True,1,0,0,1071,170,6,1071,170,6,False,False,,,False
92240408,980.3,WIN,False,10,2,MAIN,5,RESOURCE_MANAGEMENT,PLAY_ITEM,1152,PLAY,0,0,675,110,110,1,False,2,6,False,True,1,0,1,1071,170,6,1071,170,6,False,False,,,False
92240408,980.3,WIN,False,11,2,TO_HAND,7,RESOURCE_MANAGEMENT,,,CARD,0,0,675,110,110,1,False,2,6,False,True,1,0,1,1071,170,6,1071,170,6,False,False,,,False
92240408,980.3,WIN,False,12,2,MAIN,5,RESOURCE_MANAGEMENT,PLAY_POKEMON,677,PLAY,0,0,675,110,110,1,False,2,6,False,True,1,0,1,1071,170,6,1071,170,6,False,False,,,False
92240408,980.3,WIN,False,13,2,MAIN,4,RESOURCE_MANAGEMENT,PLAY_ITEM,1142,PLAY,0,0,675,110,110,1,False,3,6,False,True,1,0,1,1071,170,6,1071,170,6,False,False,,,False
92240408,980.3,WIN,False,14,2,TO_HAND,14,RESOURCE_MANAGEMENT,,,CARD,0,0,675,110,110,1,False,3,6,False,True,1,0,1,1071,170,6,1071,170,6,False,False,,,False
92240408,980.3,WIN,False,15,2,MAIN,4,RESOURCE_MANAGEMENT,PLAY_POKEMON,673,PLAY,0,0,675,110,110,1,False,3,6,False,True,1,0,1,1071,170,6,1071,170,6,False,False,,,False
92240408,980.3,WIN,False,16,2,MAIN,3,RESOURCE_MANAGEMENT,PLAY_SUPPORTER,1213,PLAY,0,0,675,110,110,1,False,4,6,False,True,1,0,1,1071,170,6,1071,170,6,False,False,,,False
92240408,980.3,WIN,False,17,2,MAIN,3,TIMING,,,,0,0,675,110,110,1,False,4,6,False,True,1,0,1,1071,170,6,1071,170,6,False,False,,,False
92240408,980.3,WIN,False,18,4,MAIN,11,RESOURCE_MANAGEMENT,ABILITY,,ABILITY,0,0,675,110,110,1,False,4,6,False,True,1,0,1,1071,170,6,1071,170,6,False,False,,,False
92240408,980.3,WIN,False,19,4,DISCARD,1,RESOURCE_MANAGEMENT,,,CARD,0,0,675,110,110,1,False,4,6,False,True,1,0,1,1071,170,6,1071,170,6,False,False,,,False
92240408,980.3,WIN,False,20,4,MAIN,7,RESOURCE_MANAGEMENT,PLAY_ITEM,1123,PLAY,0,0,675,110,110,1,False,4,6,False,True,1,0,1,1071,170,6,1071,170,6,False,False,,,False
92240408,980.3,WIN,False,21,4,SWITCH,4,ACTIVE_POKEMON_SELECTION,,,CARD,0,0,675,110,110,1,False,4,6,False,True,1,0,1,1071,170,6,1071,170,6,False,False,,,False
92240408,980.3,WIN,False,22,4,MAIN,7,RESOURCE_MANAGEMENT,PLAY_ITEM,1152,PLAY,1,0,677,80,80,1,False,4,6,False,True,2,1,0,1071,170,6,1071,170,6,False,False,,,True
92240408,980.3,WIN,False,23,4,TO_HAND,6,RESOURCE_MANAGEMENT,,,CARD,0,0,677,80,80,1,False,4,6,False,True,2,1,0,1071,170,6,1071,170,6,False,False,,,False
92240408,980.3,WIN,False,24,4,MAIN,7,BENCH_MANAGEMENT,EVOLVE,,EVOLVE,1,0,677,80,80,1,False,4,6,False,True,2,1,0,1071,170,6,1071,170,6,False,False,,,False
92240408,980.3,WIN,False,25,4,ACTIVATE,2,RESOURCE_MANAGEMENT,,,YES,0,0,677,80,80,1,False,4,6,False,True,2,1,0,1071,170,6,1071,170,6,False,False,,,False
92240408,980.3,WIN,False,26,4,SWITCH,5,ACTIVE_POKEMON_SELECTION,,,CARD,0,0,677,80,80,1,False,4,6,False,True,2,1,0,1071,170,6,120,90,6,False,False,,,False
92240408,980.3,WIN,False,27,4,MAIN,6,RESOURCE_MANAGEMENT,PLAY_ITEM,1141,PLAY,1,0,677,80,80,1,False,4,6,False,True,2,1,0,120,90,6,120,90,6,False,False,,,False
92240408,980.3,WIN,False,28,4,MAIN,5,RESOURCE_MANAGEMENT,PLAY_SUPPORTER,1227,PLAY,1,0,677,80,80,1,False,4,6,False,True,2,1,0,120,90,6,120,90,6,False,False,,,False
92240408,980.3,WIN,False,29,4,MAIN,15,BENCH_MANAGEMENT,EVOLVE,,EVOLVE,1,0,677,80,80,1,False,4,6,False,True,2,1,0,120,90,6,120,90,6,False,False,,,False
92240408,980.3,WIN,False,30,4,MAIN,12,BENCH_MANAGEMENT,EVOLVE,,EVOLVE,1,0,678,340,340,3,False,4,6,False,True,2,1,0,120,90,6,120,90,6,False,False,,,True
92240408,980.3,WIN,False,31,4,MAIN,11,ENERGY_MANAGEMENT,ATTACH_ENERGY,,ATTACH,1,0,678,340,340,3,False,4,6,False,True,2,1,0,120,90,6,120,90,6,False,False,,,False
92240408,980.3,WIN,False,32,4,MAIN,8,RESOURCE_MANAGEMENT,PLAY_ITEM,1121,PLAY,2,0,678,340,340,3,False,4,6,True,True,2,2,0,120,90,6,120,90,6,False,False,,,False
92240408,980.3,WIN,False,33,4,DISCARD,4,RESOURCE_MANAGEMENT,,,CARD;CARD,0,0,678,340,340,3,False,4,6,False,True,2,2,0,120,90,6,120,90,6,False,False,,,False
92240408,980.3,WIN,False,34,4,TO_HAND,6,RESOURCE_MANAGEMENT,,,CARD,0,0,678,340,340,3,False,4,6,False,True,2,2,0,120,90,6,120,90,6,False,False,,,False
92240408,980.3,WIN,False,35,4,MAIN,6,RESOURCE_MANAGEMENT,PLAY_POKEMON,677,PLAY,2,0,678,340,340,3,False,4,6,True,True,2,2,0,120,90,6,120,90,6,False,False,,,False
92240408,980.3,WIN,False,36,4,MAIN,5,ATTACK_SELECTION,ATTACK,,ATTACK,2,1,678,340,340,3,False,5,6,True,True,2,2,0,120,90,6,120,0,6,False,False,,,False
92240408,980.3,WIN,False,37,4,ATTACH_TO,2,ENERGY_MANAGEMENT,,,CARD;CARD,0,0,678,340,340,3,False,5,6,False,True,2,2,0,120,0,6,120,0,6,False,False,,,False
92240408,980.3,WIN,False,38,4,ATTACH_FROM,5,ENERGY_MANAGEMENT,,,CARD,0,0,678,340,340,3,False,5,6,False,True,2,2,0,120,0,6,120,0,6,False,False,,,False
92240408,980.3,WIN,False,39,4,ATTACH_FROM,5,ENERGY_MANAGEMENT,,,CARD,0,0,678,340,340,3,False,5,6,False,True,2,2,1,120,0,6,,,6,False,False,,,False
92240408,980.3,WIN,False,40,4,TO_HAND,6,RESOURCE_MANAGEMENT,,,,0,0,678,340,340,3,False,5,6,False,True,2,2,1,,,6,235,30,6,,,,,False
92240408,980.3,WIN,False,41,6,MAIN,3,RESOURCE_MANAGEMENT,PLAY_SUPPORTER,1227,PLAY,1,0,678,330,340,3,True,5,5,False,True,2,1,1,235,30,6,235,30,6,False,False,Itchy Pollen,10,False
92240408,980.3,WIN,False,42,6,MAIN,3,BENCH_MANAGEMENT,EVOLVE,,EVOLVE,1,0,678,330,340,3,True,5,5,False,True,2,1,1,235,30,6,235,30,6,False,False,Itchy Pollen,10,False
92240408,980.3,WIN,False,43,6,MAIN,2,ATTACK_SELECTION,ATTACK,,ATTACK,1,1,678,330,340,3,True,5,5,False,True,2,1,1,235,30,6,235,0,6,False,False,Itchy Pollen,10,False
92240408,980.3,WIN,False,44,6,ATTACH_TO,1,ENERGY_MANAGEMENT,,,CARD,0,0,678,330,340,3,True,5,5,False,True,2,1,1,235,0,6,235,0,6,False,False,Itchy Pollen,10,False
92240408,980.3,WIN,False,45,6,ATTACH_FROM,5,ENERGY_MANAGEMENT,,,CARD,0,0,678,330,340,3,True,5,5,False,True,2,1,1,235,0,6,,,6,False,False,Itchy Pollen,10,False
92240408,980.3,WIN,False,46,6,TO_HAND,5,RESOURCE_MANAGEMENT,,,,0,0,678,330,340,3,True,5,5,False,True,2,1,2,,,6,121,320,6,,,,,False
92240408,980.3,WIN,False,47,8,MAIN,4,RESOURCE_MANAGEMENT,PLAY_SUPPORTER,1213,PLAY,0,0,678,130,340,3,True,5,4,False,True,2,0,2,121,320,6,121,320,6,True,False,Phantom Dive,200,False
92240408,980.3,WIN,False,48,8,MAIN,15,RESOURCE_MANAGEMENT,PLAY_ITEM,1123,PLAY,0,0,678,130,340,3,True,5,4,False,True,2,0,2,121,320,6,121,320,6,True,False,Phantom Dive,200,False
92240408,980.3,WIN,False,49,8,SWITCH,5,ACTIVE_POKEMON_SELECTION,,,CARD,0,0,678,130,340,3,True,5,4,False,True,2,0,2,121,320,6,121,320,6,True,False,Phantom Dive,200,False
92240408,980.3,WIN,False,50,8,MAIN,17,RESOURCE_MANAGEMENT,ABILITY,,ABILITY,2,0,678,340,340,3,False,5,4,True,True,2,2,1,121,320,6,121,320,6,False,False,Phantom Dive,200,False
92240408,980.3,WIN,False,51,8,DISCARD,2,RESOURCE_MANAGEMENT,,,CARD,0,0,678,340,340,3,False,5,4,False,True,2,2,1,121,320,6,121,320,6,False,False,Phantom Dive,200,False
92240408,980.3,WIN,False,52,8,MAIN,16,ENERGY_MANAGEMENT,ATTACH_ENERGY,,ATTACH,2,0,678,340,340,3,False,5,4,True,True,2,2,1,121,320,6,121,320,6,False,False,Phantom Dive,200,False
92240408,980.3,WIN,False,53,8,MAIN,10,ENERGY_MANAGEMENT,ATTACH_ENERGY,,ATTACH,2,0,678,340,340,3,False,5,4,True,True,2,2,1,121,320,6,121,320,6,False,False,Phantom Dive,200,False
92240408,980.3,WIN,False,54,8,MAIN,4,TIMING,,,,2,0,678,340,340,3,False,5,4,True,True,2,2,1,121,320,6,121,80,2,False,False,Phantom Dive,200,False
92240408,980.3,WIN,False,55,9,TO_ACTIVE,4,ACTIVE_POKEMON_SELECTION,,,CARD,0,0,,,,,False,4,4,False,True,,,2,121,80,2,121,80,2,,,,,True
92240408,980.3,WIN,False,56,10,MAIN,7,RESOURCE_MANAGEMENT,PLAY_POKEMON,675,PLAY,2,0,678,340,340,3,False,3,4,True,True,2,2,1,121,80,2,121,80,2,False,False,Phantom Dive,200,False
92240408,980.3,WIN,False,57,10,MAIN,6,RESOURCE_MANAGEMENT,PLAY_SUPPORTER,1213,PLAY,2,0,678,340,340,3,False,4,4,True,True,2,2,1,121,80,2,121,80,2,False,False,Phantom Dive,200,False
92240408,980.3,WIN,False,58,10,MAIN,12,RESOURCE_MANAGEMENT,ABILITY,,ABILITY,2,0,678,340,340,3,False,4,4,True,True,2,2,1,121,80,2,121,80,2,False,False,Phantom Dive,200,False
92240408,980.3,WIN,False,59,10,DISCARD,1,RESOURCE_MANAGEMENT,,,CARD,0,0,678,340,340,3,False,4,4,False,True,2,2,1,121,80,2,121,80,2,False,False,Phantom Dive,200,False
92240408,980.3,WIN,False,60,10,MAIN,12,RESOURCE_MANAGEMENT,PLAY_POKEMON,673,PLAY,2,0,678,340,340,3,False,4,4,True,True,2,2,1,121,80,2,121,80,2,False,False,Phantom Dive,200,False
92240408,980.3,WIN,False,61,10,MAIN,12,ENERGY_MANAGEMENT,ATTACH_ENERGY,,ATTACH,2,0,678,340,340,3,False,5,4,True,True,2,2,1,121,80,2,121,80,2,False,False,Phantom Dive,200,False
92240408,980.3,WIN,False,62,10,MAIN,6,ATTACK_SELECTION,ATTACK,,ATTACK,2,1,678,340,340,3,False,5,4,True,True,2,2,1,121,80,2,121,0,2,False,False,Phantom Dive,200,False
92240408,980.3,WIN,False,63,10,ATTACH_TO,3,ENERGY_MANAGEMENT,,,CARD;CARD;CARD,0,0,678,340,340,3,False,5,4,False,True,2,2,1,121,0,2,121,0,2,False,False,Phantom Dive,200,False
92240408,980.3,WIN,False,64,10,ATTACH_FROM,5,ENERGY_MANAGEMENT,,,CARD,0,0,678,340,340,3,False,5,4,False,True,2,2,1,121,0,2,121,0,2,False,False,Phantom Dive,200,False
92240408,980.3,WIN,False,65,10,ATTACH_FROM,5,ENERGY_MANAGEMENT,,,CARD,0,0,678,340,340,3,False,5,4,False,True,2,2,1,121,0,2,121,0,2,False,False,Phantom Dive,200,False
92240408,980.3,WIN,False,66,10,ATTACH_FROM,5,ENERGY_MANAGEMENT,,,CARD,0,0,678,340,340,3,False,5,4,False,True,2,2,2,121,0,2,,,2,False,False,Phantom Dive,200,False
92240408,980.3,WIN,False,67,10,TO_HAND,4,RESOURCE_MANAGEMENT,,,,0,0,678,340,340,3,False,5,4,False,True,2,2,3,,,2,112,110,2,,,,,False
92240408,980.3,WIN,False,68,12,MAIN,17,RESOURCE_MANAGEMENT,PLAY_SUPPORTER,1182,PLAY,2,0,678,220,340,3,True,5,2,True,True,2,2,3,112,110,2,112,110,2,False,False,Mind Bend,60,False
92240408,980.3,WIN,False,69,12,SWITCH,5,ACTIVE_POKEMON_SELECTION,,,CARD,0,0,678,220,340,3,True,5,2,False,True,2,2,3,112,110,2,140,210,2,False,False,Mind Bend,60,False
92240408,980.3,WIN,False,70,12,MAIN,14,RETREAT_SELECTION,RETREAT,,RETREAT,2,0,678,220,340,3,True,5,2,True,True,2,2,3,140,210,2,140,210,2,False,False,,,False
92240408,980.3,WIN,False,71,12,DISCARD_ENERGY,2,ENERGY_MANAGEMENT,,,ENERGY,0,0,678,220,340,3,True,5,2,False,True,2,2,3,140,210,2,140,210,2,False,False,,,False
92240408,980.3,WIN,False,72,12,DISCARD_ENERGY,1,ENERGY_MANAGEMENT,,,ENERGY,0,0,678,220,340,3,True,5,2,False,True,2,1,3,140,210,2,140,210,2,False,False,,,False
92240408,980.3,WIN,False,73,12,SWITCH,5,ACTIVE_POKEMON_SELECTION,,,CARD,0,0,678,220,340,3,True,5,2,False,True,2,0,3,140,210,2,140,210,2,False,False,,,False
92240408,980.3,WIN,False,74,12,MAIN,13,ATTACK_SELECTION,ATTACK,,ATTACK,2,1,678,330,340,3,True,5,2,False,True,2,2,2,140,210,2,,,2,False,False,,,False
92230969,980.3,WIN,True,0,,,0,UNKNOWN,,,,0,0,,,,,False,,,False,False,,,0,,,,,,,,,,,False
92230969,980.3,WIN,True,1,,,0,UNKNOWN,,,,0,0,,,,,False,,,False,False,,,0,,,,,,0,,,,,False
92230969,980.3,WIN,True,2,0,IS_FIRST,2,GOING_FIRST_SECOND,,,,0,0,,,,,False,0,0,False,False,,,0,,,0,,,6,,,,,False
92230969,980.3,WIN,True,3,0,SETUP_ACTIVE_POKEMON,2,EARLY_GAME_SETUP,,,,0,0,,,,,False,0,0,False,False,,,0,,,6,,,6,,,,,False
92230969,980.3,WIN,True,4,0,SETUP_BENCH_POKEMON,1,BENCH_MANAGEMENT,,,,0,0,,,,,False,0,6,False,False,,,0,,,6,305,70,6,,,,,False
92230969,980.3,WIN,True,5,1,MAIN,6,RESOURCE_MANAGEMENT,PLAY_POKEMON,675,PLAY,0,0,676,110,110,1,False,0,6,False,False,1,0,0,305,70,6,305,70,6,False,False,,,False
92230969,980.3,WIN,True,6,1,MAIN,9,RESOURCE_MANAGEMENT,ABILITY,,ABILITY,0,0,676,110,110,1,False,1,6,False,True,1,0,0,305,70,6,305,70,6,False,False,,,False
92230969,980.3,WIN,True,7,1,DISCARD,3,RESOURCE_MANAGEMENT,,,CARD,0,0,676,110,110,1,False,1,6,False,True,1,0,0,305,70,6,305,70,6,False,False,,,False
92230969,980.3,WIN,True,8,1,MAIN,10,RESOURCE_MANAGEMENT,PLAY_ITEM,1121,PLAY,0,0,676,110,110,1,False,1,6,False,True,1,0,0,305,70,6,305,70,6,False,False,,,False
92230969,980.3,WIN,True,9,1,DISCARD,7,RESOURCE_MANAGEMENT,,,CARD;CARD,0,0,676,110,110,1,False,1,6,False,True,1,0,0,305,70,6,305,70,6,False,False,,,False
92230969,980.3,WIN,True,10,1,TO_HAND,13,RESOURCE_MANAGEMENT,,,CARD,0,0,676,110,110,1,False,1,6,False,True,1,0,0,305,70,6,305,70,6,False,False,,,False
92230969,980.3,WIN,True,11,1,MAIN,8,RESOURCE_MANAGEMENT,PLAY_POKEMON,677,PLAY,0,0,676,110,110,1,False,1,6,False,True,1,0,0,305,70,6,305,70,6,False,False,,,False
92230969,980.3,WIN,True,12,1,MAIN,9,ENERGY_MANAGEMENT,ATTACH_ENERGY,,ATTACH,0,0,676,110,110,1,False,2,6,False,True,1,0,0,305,70,6,305,70,6,False,False,,,False
92230969,980.3,WIN,True,13,1,MAIN,3,RESOURCE_MANAGEMENT,PLAY_POKEMON,676,PLAY,0,0,676,110,110,1,False,2,6,False,True,1,0,1,305,70,6,305,70,6,False,False,,,False
92230969,980.3,WIN,True,14,1,MAIN,2,TIMING,,,,0,0,676,110,110,1,False,3,6,False,True,1,0,1,305,70,6,305,70,6,False,False,,,False
92230969,980.3,WIN,True,15,3,MAIN,9,RESOURCE_MANAGEMENT,PLAY_ITEM,1123,PLAY,0,0,676,110,110,1,False,3,6,False,True,1,0,1,305,70,6,305,70,6,False,False,,,False
92230969,980.3,WIN,True,16,3,SWITCH,3,ACTIVE_POKEMON_SELECTION,,,CARD,0,0,676,110,110,1,False,3,6,False,True,1,0,1,305,70,6,305,70,6,False,False,,,False
92230969,980.3,WIN,True,17,3,MAIN,9,ENERGY_MANAGEMENT,ATTACH_ENERGY,,ATTACH,1,0,677,80,80,1,False,3,6,False,True,2,1,0,305,70,6,305,70,6,False,False,,,True
92230969,980.3,WIN,True,18,3,MAIN,5,RESOURCE_MANAGEMENT,PLAY_SUPPORTER,1227,PLAY,1,0,677,80,80,1,False,3,6,True,True,2,2,0,305,70,6,305,70,6,False,False,,,False
92230969,980.3,WIN,True,19,3,MAIN,5,RESOURCE_MANAGEMENT,ABILITY,,ABILITY,1,0,677,80,80,1,False,3,6,True,True,2,2,0,305,70,6,305,70,6,False,False,,,False
92230969,980.3,WIN,True,20,3,DISCARD,2,RESOURCE_MANAGEMENT,,,CARD,0,0,677,80,80,1,False,3,6,False,True,2,2,0,305,70,6,305,70,6,False,False,,,False
92230969,980.3,WIN,True,21,3,MAIN,5,RESOURCE_MANAGEMENT,PLAY_ITEM,1142,PLAY,1,0,677,80,80,1,False,3,6,True,True,2,2,0,305,70,6,305,70,6,False,False,,,False
92230969,980.3,WIN,True,22,3,TO_HAND,10,RESOURCE_MANAGEMENT,,,CARD,0,0,677,80,80,1,False,3,6,False,True,2,2,0,305,70,6,305,70,6,False,False,,,False
92230969,980.3,WIN,True,23,3,MAIN,5,RESOURCE_MANAGEMENT,PLAY_POKEMON,677,PLAY,1,0,677,80,80,1,False,3,6,True,True,2,2,0,305,70,6,305,70,6,False,False,,,False
92230969,980.3,WIN,True,24,3,MAIN,4,RESOURCE_MANAGEMENT,PLAY_ITEM,1121,PLAY,1,0,677,80,80,1,False,4,6,True,True,2,2,0,305,70,6,305,70,6,False,False,,,False
92230969,980.3,WIN,True,25,3,DISCARD,8,RESOURCE_MANAGEMENT,,,CARD;CARD,0,0,677,80,80,1,False,4,6,False,True,2,2,0,305,70,6,305,70,6,False,False,,,False
92230969,980.3,WIN,True,26,3,TO_HAND,10,RESOURCE_MANAGEMENT,,,CARD,0,0,677,80,80,1,False,4,6,False,True,2,2,0,305,70,6,305,70,6,False,False,,,False
92230969,980.3,WIN,True,27,3,MAIN,4,BENCH_MANAGEMENT,EVOLVE,,EVOLVE,1,0,677,80,80,1,False,4,6,True,True,2,2,0,305,70,6,305,70,6,False,False,,,False
92230969,980.3,WIN,True,28,3,MAIN,4,ATTACK_SELECTION,ATTACK,,ATTACK,2,1,678,340,340,3,False,4,6,True,True,2,2,0,305,70,6,305,0,6,False,False,,,True
92230969,980.3,WIN,True,29,3,ATTACH_TO,3,ENERGY_MANAGEMENT,,,CARD;CARD;CARD,0,0,678,340,340,3,False,4,6,False,True,2,2,0,305,0,6,305,0,6,False,False,,,False
92230969,980.3,WIN,True,30,3,ATTACH_FROM,4,ENERGY_MANAGEMENT,,,CARD,0,0,678,340,340,3,False,4,6,False,True,2,2,0,305,0,6,305,0,6,False,False,,,False
92230969,980.3,WIN,True,31,3,ATTACH_FROM,4,ENERGY_MANAGEMENT,,,CARD,0,0,678,340,340,3,False,4,6,False,True,2,2,1,305,0,6,305,0,6,False,False,,,False
92230969,980.3,WIN,True,32,3,ATTACH_FROM,4,ENERGY_MANAGEMENT,,,CARD,0,0,678,340,340,3,False,4,6,False,True,2,2,1,305,0,6,,,6,False,False,,,False
92230969,980.3,WIN,True,33,3,TO_HAND,6,RESOURCE_MANAGEMENT,,,,0,0,678,340,340,3,False,4,6,False,True,2,2,2,,,6,235,10,6,,,,,False
92230969,980.3,WIN,True,34,5,MAIN,20,RESOURCE_MANAGEMENT,PLAY_SUPPORTER,1182,PLAY,1,0,678,330,340,3,True,4,5,False,True,2,1,2,235,10,6,235,10,6,False,False,Itchy Pollen,10,False
92230969,980.3,WIN,True,35,5,SWITCH,5,ACTIVE_POKEMON_SELECTION,,,CARD,0,0,678,330,340,3,True,4,5,False,True,2,1,2,235,10,6,120,90,6,False,False,Itchy Pollen,10,False
92230969,980.3,WIN,True,36,5,MAIN,18,RESOURCE_MANAGEMENT,ABILITY,,ABILITY,1,0,678,330,340,3,True,4,5,False,True,2,1,2,120,90,6,120,90,6,False,False,,,False
92230969,980.3,WIN,True,37,5,DISCARD,3,RESOURCE_MANAGEMENT,,,CARD,0,0,678,330,340,3,True,4,5,False,True,2,1,2,120,90,6,120,90,6,False,False,,,False
92230969,980.3,WIN,True,38,5,MAIN,12,ENERGY_MANAGEMENT,ATTACH_ENERGY,,ATTACH,1,0,678,330,340,3,True,4,5,False,True,2,1,2,120,90,6,120,90,6,False,False,,,False
92230969,980.3,WIN,True,39,5,MAIN,4,ATTACK_SELECTION,ATTACK,,ATTACK,2,1,678,330,340,3,True,4,5,True,True,2,2,2,120,90,6,120,0,6,False,False,,,False
92230969,980.3,WIN,True,40,5,ATTACH_TO,2,ENERGY_MANAGEMENT,,,CARD;CARD,0,0,678,330,340,3,True,4,5,False,True,2,2,2,120,0,6,120,0,6,False,False,,,False
92230969,980.3,WIN,True,41,5,ATTACH_FROM,4,ENERGY_MANAGEMENT,,,CARD,0,0,678,330,340,3,True,4,5,False,True,2,2,2,120,0,6,120,0,6,False,False,,,False
92230969,980.3,WIN,True,42,5,ATTACH_FROM,4,ENERGY_MANAGEMENT,,,CARD,0,0,678,330,340,3,True,4,5,False,True,2,2,3,120,0,6,,,6,False,False,,,False
92230969,980.3,WIN,True,43,5,TO_HAND,5,RESOURCE_MANAGEMENT,,,,0,0,678,330,340,3,True,4,5,False,True,2,2,3,,,6,235,30,6,,,,,False
92230969,980.3,WIN,True,44,7,MAIN,11,RESOURCE_MANAGEMENT,PLAY_SUPPORTER,1182,PLAY,1,0,678,320,340,3,True,4,4,False,True,2,1,3,235,30,6,235,30,6,False,False,Itchy Pollen,10,False
92230969,980.3,WIN,True,45,7,SWITCH,5,ACTIVE_POKEMON_SELECTION,,,CARD,0,0,678,320,340,3,True,4,4,False,True,2,1,3,235,30,6,120,70,6,False,False,Itchy Pollen,10,False
92230969,980.3,WIN,True,46,7,MAIN,8,ENERGY_MANAGEMENT,ATTACH_ENERGY,,ATTACH,1,0,678,320,340,3,True,4,4,False,True,2,1,3,120,70,6,120,70,6,False,False,,,False
92230969,980.3,WIN,True,47,7,MAIN,4,ATTACK_SELECTION,ATTACK,,ATTACK,2,1,678,320,340,3,True,4,4,True,True,2,2,3,120,70,6,120,0,6,False,False,,,False
92230969,980.3,WIN,True,48,7,ATTACH_TO,1,ENERGY_MANAGEMENT,,,CARD,0,0,678,320,340,3,True,4,4,False,True,2,2,3,120,0,6,120,0,6,False,False,,,False
92230969,980.3,WIN,True,49,7,ATTACH_FROM,4,ENERGY_MANAGEMENT,,,CARD,0,0,678,320,340,3,True,4,4,False,True,2,2,3,120,0,6,,,6,False,False,,,False
92230969,980.3,WIN,True,50,7,TO_HAND,4,RESOURCE_MANAGEMENT,,,,0,0,678,320,340,3,True,4,4,False,True,2,2,3,,,6,121,320,5,,,,,False
92230969,980.3,WIN,True,51,9,MAIN,13,RESOURCE_MANAGEMENT,PLAY_ITEM,1141,PLAY,2,0,678,120,340,3,True,3,3,True,True,2,2,2,121,320,5,121,320,5,True,False,Phantom Dive,200,False
92230969,980.3,WIN,True,52,9,MAIN,12,RESOURCE_MANAGEMENT,PLAY_ITEM,1141,PLAY,2,0,678,120,340,3,True,3,3,True,True,2,2,2,121,320,5,121,320,5,True,False,Phantom Dive,200,False
92230969,980.3,WIN,True,53,9,MAIN,11,RESOURCE_MANAGEMENT,PLAY_ITEM,1152,PLAY,2,0,678,120,340,3,True,3,3,True,True,2,2,2,121,320,5,121,320,5,True,False,Phantom Dive,200,False
92230969,980.3,WIN,True,54,9,TO_HAND,6,RESOURCE_MANAGEMENT,,,CARD,0,0,678,120,340,3,True,3,3,False,True,2,2,2,121,320,5,121,320,5,True,False,Phantom Dive,200,False
92230969,980.3,WIN,True,55,9,MAIN,11,RESOURCE_MANAGEMENT,PLAY_POKEMON,677,PLAY,2,0,678,120,340,3,True,3,3,True,True,2,2,2,121,320,5,121,320,5,True,False,Phantom Dive,200,False
92230969,980.3,WIN,True,56,9,MAIN,10,RESOURCE_MANAGEMENT,PLAY_ITEM,1142,PLAY,2,0,678,120,340,3,True,4,3,True,True,2,2,2,121,320,5,121,320,5,True,False,Phantom Dive,200,False
92230969,980.3,WIN,True,57,9,TO_HAND,8,RESOURCE_MANAGEMENT,,,CARD,0,0,678,120,340,3,True,4,3,False,True,2,2,2,121,320,5,121,320,5,True,False,Phantom Dive,200,False
92230969,980.3,WIN,True,58,9,MAIN,10,RESOURCE_MANAGEMENT,PLAY_POKEMON,673,PLAY,2,0,678,120,340,3,True,4,3,True,True,2,2,2,121,320,5,121,320,5,True,False,Phantom Dive,200,False
92230969,980.3,WIN,True,59,9,MAIN,9,RESOURCE_MANAGEMENT,PLAY_ITEM,1141,PLAY,2,0,678,120,340,3,True,5,3,True,True,2,2,2,121,320,5,121,320,5,True,False,Phantom Dive,200,False
92230969,980.3,WIN,True,60,9,MAIN,8,RESOURCE_MANAGEMENT,PLAY_ITEM,1121,PLAY,2,0,678,120,340,3,True,5,3,True,True,2,2,2,121,320,5,121,320,5,True,False,Phantom Dive,200,False
92230969,980.3,WIN,True,61,9,DISCARD,4,RESOURCE_MANAGEMENT,,,CARD;CARD,0,0,678,120,340,3,True,5,3,False,True,2,2,2,121,320,5,121,320,5,True,False,Phantom Dive,200,False
92230969,980.3,WIN,True,62,9,TO_HAND,7,RESOURCE_MANAGEMENT,,,CARD,0,0,678,120,340,3,True,5,3,False,True,2,2,2,121,320,5,121,320,5,True,False,Phantom Dive,200,False
92230969,980.3,WIN,True,63,9,MAIN,6,RESOURCE_MANAGEMENT,PLAY_SUPPORTER,1213,PLAY,2,0,678,120,340,3,True,5,3,True,True,2,2,2,121,320,5,121,320,5,True,False,Phantom Dive,200,False
92230969,980.3,WIN,True,64,9,MAIN,6,ATTACK_SELECTION,ATTACK,,ATTACK,2,1,678,120,340,3,True,5,3,True,True,2,2,2,121,320,5,,,5,True,False,Phantom Dive,200,False
92230969,980.3,WIN,True,65,9,TO_HAND,3,RESOURCE_MANAGEMENT,,,,0,0,678,120,340,3,True,5,3,False,True,2,2,2,,,5,121,320,1,,,,,False
92230969,980.3,WIN,True,66,10,TO_ACTIVE,4,ACTIVE_POKEMON_SELECTION,,,CARD,0,0,,,,,False,4,1,False,True,,,2,121,320,1,121,320,1,,,,,True
92230969,980.3,WIN,True,67,11,MAIN,16,RESOURCE_MANAGEMENT,ABILITY,,ABILITY,1,0,676,110,110,1,False,3,1,True,True,1,1,1,121,320,1,121,320,1,True,False,Phantom Dive,200,False
92230969,980.3,WIN,True,68,11,DISCARD,2,RESOURCE_MANAGEMENT,,,CARD,0,0,676,110,110,1,False,3,1,False,True,1,1,1,121,320,1,121,320,1,True,False,Phantom Dive,200,False
92230969,980.3,WIN,True,69,11,MAIN,17,RESOURCE_MANAGEMENT,PLAY_ITEM,1152,PLAY,1,0,676,110,110,1,False,3,1,True,True,1,1,1,121,320,1,121,320,1,True,False,Phantom Dive,200,False
92230969,980.3,WIN,True,70,11,TO_HAND,2,RESOURCE_MANAGEMENT,,,CARD,0,0,676,110,110,1,False,3,1,False,True,1,1,1,121,320,1,121,320,1,True,False,Phantom Dive,200,False
92230969,980.3,WIN,True,71,11,MAIN,17,BENCH_MANAGEMENT,EVOLVE,,EVOLVE,1,0,676,110,110,1,False,3,1,True,True,1,1,1,121,320,1,121,320,1,True,False,Phantom Dive,200,False
92230969,980.3,WIN,True,72,11,ACTIVATE,2,RESOURCE_MANAGEMENT,,,YES,0,0,676,110,110,1,False,3,1,False,True,1,1,1,121,320,1,121,320,1,True,False,Phantom Dive,200,False
92230969,980.3,WIN,True,73,11,SWITCH,4,ACTIVE_POKEMON_SELECTION,,,CARD,0,0,676,110,110,1,False,3,1,False,True,1,1,1,121,320,1,235,30,1,True,False,Phantom Dive,200,False
92230969,980.3,WIN,True,74,11,MAIN,16,RESOURCE_MANAGEMENT,PLAY_POKEMON,673,PLAY,1,0,676,110,110,1,False,3,1,True,True,1,1,1,235,30,1,235,30,1,False,False,Itchy Pollen,10,False
92230969,980.3,WIN,True,75,11,MAIN,17,RESOURCE_MANAGEMENT,PLAY_POKEMON,675,PLAY,1,0,676,110,110,1,False,4,1,True,True,1,1,1,235,30,1,235,30,1,False,False,Itchy Pollen,10,False
92230969,980.3,WIN,True,76,11,MAIN,18,ENERGY_MANAGEMENT,ATTACH_ENERGY,,ATTACH,1,0,676,110,110,1,False,5,1,True,True,1,1,1,235,30,1,235,30,1,False,False,Itchy Pollen,10,False
92230969,980.3,WIN,True,77,11,MAIN,6,ATTACK_SELECTION,ATTACK,,ATTACK,1,1,676,110,110,1,False,5,1,True,True,1,1,1,235,30,1,,,1,False,False,Itchy Pollen,10,False
92230327,980.3,LOSS,True,0,,,0,UNKNOWN,,,,0,0,,,,,False,,,False,False,,,0,,,,,,,,,,,False
92230327,980.3,LOSS,True,1,,,0,UNKNOWN,,,,0,0,,,,,False,,,False,False,,,0,,,,,,0,,,,,False
92230327,980.3,LOSS,True,2,0,IS_FIRST,2,GOING_FIRST_SECOND,,,,0,0,,,,,False,0,0,False,False,,,0,,,0,,,6,,,,,False
92230327,980.3,LOSS,True,3,0,SETUP_ACTIVE_POKEMON,3,EARLY_GAME_SETUP,,,,0,0,,,,,False,0,0,False,False,,,0,,,6,,,6,,,,,False
92230327,980.3,LOSS,True,4,0,SETUP_BENCH_POKEMON,2,BENCH_MANAGEMENT,,,,0,0,,,,,False,0,6,False,False,,,0,,,6,235,30,6,,,,,False
92230327,980.3,LOSS,True,5,1,MAIN,7,RESOURCE_MANAGEMENT,PLAY_POKEMON,676,PLAY,0,0,677,80,80,1,False,0,6,False,False,2,0,0,235,30,6,235,30,6,False,False,Itchy Pollen,10,False
92230327,980.3,LOSS,True,6,1,MAIN,7,RESOURCE_MANAGEMENT,PLAY_POKEMON,675,PLAY,0,0,677,80,80,1,False,1,6,False,True,2,0,0,235,30,6,235,30,6,False,False,Itchy Pollen,10,False
92230327,980.3,LOSS,True,7,1,MAIN,8,RESOURCE_MANAGEMENT,ABILITY,,ABILITY,0,0,677,80,80,1,False,2,6,False,True,2,0,0,235,30,6,235,30,6,False,False,Itchy Pollen,10,False
92230327,980.3,LOSS,True,8,1,DISCARD,1,RESOURCE_MANAGEMENT,,,CARD,0,0,677,80,80,1,False,2,6,False,True,2,0,0,235,30,6,235,30,6,False,False,Itchy Pollen,10,False
92230327,980.3,LOSS,True,9,1,MAIN,7,RESOURCE_MANAGEMENT,PLAY_ITEM,1152,PLAY,0,0,677,80,80,1,False,2,6,False,True,2,0,0,235,30,6,235,30,6,False,False,Itchy Pollen,10,False
92230327,980.3,LOSS,True,10,1,TO_HAND,6,RESOURCE_MANAGEMENT,,,CARD,0,0,677,80,80,1,False,2,6,False,True,2,0,0,235,30,6,235,30,6,False,False,Itchy Pollen,10,False
92230327,980.3,LOSS,True,11,1,MAIN,7,RESOURCE_MANAGEMENT,PLAY_POKEMON,677,PLAY,0,0,677,80,80,1,False,2,6,False,True,2,0,0,235,30,6,235,30,6,False,False,Itchy Pollen,10,False
92230327,980.3,LOSS,True,12,1,MAIN,6,RESOURCE_MANAGEMENT,PLAY_ITEM,1142,PLAY,0,0,677,80,80,1,False,3,6,False,True,2,0,0,235,30,6,235,30,6,False,False,Itchy Pollen,10,False
92230327,980.3,LOSS,True,13,1,TO_HAND,12,RESOURCE_MANAGEMENT,,,CARD,0,0,677,80,80,1,False,3,6,False,True,2,0,0,235,30,6,235,30,6,False,False,Itchy Pollen,10,False
92230327,980.3,LOSS,True,14,1,MAIN,9,RESOURCE_MANAGEMENT,PLAY_POKEMON,673,PLAY,0,0,677,80,80,1,False,3,6,False,True,2,0,0,235,30,6,235,30,6,False,False,Itchy Pollen,10,False
92230327,980.3,LOSS,True,15,1,MAIN,9,ENERGY_MANAGEMENT,ATTACH_ENERGY,,ATTACH,0,0,677,80,80,1,False,4,6,False,True,2,0,0,235,30,6,235,30,6,False,False,Itchy Pollen,10,False
92230327,980.3,LOSS,True,16,1,MAIN,4,RESOURCE_MANAGEMENT,PLAY_ITEM,1121,PLAY,0,0,677,80,80,1,False,4,6,False,True,2,1,0,235,30,6,235,30,6,False,False,Itchy Pollen,10,False
92230327,980.3,LOSS,True,17,1,DISCARD,3,RESOURCE_MANAGEMENT,,,CARD;CARD,0,0,677,80,80,1,False,4,6,False,True,2,1,0,235,30,6,235,30,6,False,False,Itchy Pollen,10,False
92230327,980.3,LOSS,True,18,1,TO_HAND,9,RESOURCE_MANAGEMENT,,,CARD,0,0,677,80,80,1,False,4,6,False,True,2,1,0,235,30,6,235,30,6,False,False,Itchy Pollen,10,False
92230327,980.3,LOSS,True,19,1,MAIN,1,TIMING,,,,0,0,677,80,80,1,False,4,6,False,True,2,1,0,235,30,6,235,30,6,False,False,Itchy Pollen,10,False
92230327,980.3,LOSS,True,20,3,MAIN,5,BENCH_MANAGEMENT,EVOLVE,,EVOLVE,1,0,677,70,80,1,True,4,6,False,True,2,1,0,235,30,6,235,30,6,False,False,Itchy Pollen,10,False
92230327,980.3,LOSS,True,21,3,MAIN,3,RESOURCE_MANAGEMENT,PLAY_SUPPORTER,1227,PLAY,1,0,678,330,340,3,True,4,6,False,True,2,1,0,235,30,6,235,30,6,False,False,Itchy Pollen,10,True
92230327,980.3,LOSS,True,22,3,MAIN,4,RESOURCE_MANAGEMENT,PLAY_POKEMON,676,PLAY,1,0,678,330,340,3,True,4,6,False,True,2,1,0,235,30,6,235,30,6,False,False,Itchy Pollen,10,False
92230327,980.3,LOSS,True,23,3,MAIN,3,ATTACK_SELECTION,ATTACK,,ATTACK,1,1,678,330,340,3,True,5,6,False,True,2,1,0,235,30,6,235,0,6,False,False,Itchy Pollen,10,False
92230327,980.3,LOSS,True,24,3,ATTACH_TO,1,ENERGY_MANAGEMENT,,,CARD,0,0,678,330,340,3,True,5,6,False,True,2,1,0,235,0,6,235,0,6,False,False,Itchy Pollen,10,False
92230327,980.3,LOSS,True,25,3,ATTACH_FROM,5,ENERGY_MANAGEMENT,,,CARD,0,0,678,330,340,3,True,5,6,False,True,2,1,0,235,0,6,,,6,False,False,Itchy Pollen,10,False
92230327,980.3,LOSS,True,26,3,TO_HAND,6,RESOURCE_MANAGEMENT,,,,0,0,678,330,340,3,True,5,6,False,True,2,1,1,,,6,112,110,6,,,,,False
92230327,980.3,LOSS,True,27,5,MAIN,16,RESOURCE_MANAGEMENT,ABILITY,,ABILITY,1,0,678,210,340,3,True,5,5,False,True,2,1,1,112,110,6,112,110,6,False,False,Mind Bend,60,False
92230327,980.3,LOSS,True,28,5,DISCARD,1,RESOURCE_MANAGEMENT,,,CARD,0,0,678,210,340,3,True,5,5,False,True,2,1,1,112,110,6,112,110,6,False,False,Mind Bend,60,False
92230327,980.3,LOSS,True,29,5,MAIN,12,ENERGY_MANAGEMENT,ATTACH_ENERGY,,ATTACH,1,0,678,210,340,3,True,5,5,False,True,2,1,1,112,110,6,112,110,6,False,False,Mind Bend,60,False
92230327,980.3,LOSS,True,30,5,MAIN,6,RESOURCE_MANAGEMENT,PLAY_ITEM,1152,PLAY,1,0,678,310,440,3,True,5,5,False,True,2,1,1,112,110,6,112,110,6,False,False,Mind Bend,60,False
92230327,980.3,LOSS,True,31,5,TO_HAND,3,RESOURCE_MANAGEMENT,,,CARD,0,0,678,310,440,3,True,5,5,False,True,2,1,1,112,110,6,112,110,6,False,False,Mind Bend,60,False
92230327,980.3,LOSS,True,32,5,MAIN,5,BENCH_MANAGEMENT,EVOLVE,,EVOLVE,1,0,678,310,440,3,True,5,5,False,True,2,1,1,112,110,6,112,110,6,False,False,Mind Bend,60,False
92230327,980.3,LOSS,True,33,5,ACTIVATE,2,RESOURCE_MANAGEMENT,,,YES,0,0,678,310,440,3,True,5,5,False,True,2,1,1,112,110,6,112,110,6,False,False,Mind Bend,60,False
92230327,980.3,LOSS,True,34,5,SWITCH,4,ACTIVE_POKEMON_SELECTION,,,CARD,0,0,678,310,440,3,True,5,5,False,True,2,1,1,112,110,6,140,210,6,False,False,Mind Bend,60,False
92230327,980.3,LOSS,True,35,5,MAIN,4,RESOURCE_MANAGEMENT,PLAY_SUPPORTER,1227,PLAY,1,0,678,310,440,3,True,5,5,False,True,2,1,1,140,210,6,140,210,6,False,False,,,False
92230327,980.3,LOSS,True,36,5,MAIN,16,BENCH_MANAGEMENT,EVOLVE,,EVOLVE,1,0,678,310,440,3,True,5,5,False,True,2,1,1,140,210,6,140,210,6,False,False,,,False
92230327,980.3,LOSS,True,37,5,MAIN,15,ENERGY_MANAGEMENT,ATTACH_ENERGY,,ATTACH,1,0,678,310,440,3,True,5,5,False,True,2,1,1,140,210,6,140,210,6,False,False,,,False
92230327,980.3,LOSS,True,38,5,MAIN,5,RETREAT_SELECTION,RETREAT,,RETREAT,2,0,678,310,440,3,True,5,5,True,True,2,2,1,140,210,6,140,210,6,False,False,,,False
92230327,980.3,LOSS,True,39,5,DISCARD_ENERGY,2,ENERGY_MANAGEMENT,,,ENERGY,0,0,678,310,440,3,True,5,5,False,True,2,2,1,140,210,6,140,210,6,False,False,,,False
92230327,980.3,LOSS,True,40,5,DISCARD_ENERGY,1,ENERGY_MANAGEMENT,,,ENERGY,0,0,678,310,440,3,True,5,5,False,True,2,1,1,140,210,6,140,210,6,False,False,,,False
92230327,980.3,LOSS,True,41,5,SWITCH,5,ACTIVE_POKEMON_SELECTION,,,CARD,0,0,678,310,440,3,True,5,5,False,True,2,0,1,140,210,6,140,210,6,False,False,,,False
92230327,980.3,LOSS,True,42,5,MAIN,3,ATTACK_SELECTION,ATTACK,,ATTACK,1,1,678,340,340,3,False,5,5,False,True,2,1,0,140,210,6,140,0,6,False,False,,,False
92230327,980.3,LOSS,True,43,5,ATTACH_TO,3,ENERGY_MANAGEMENT,,,CARD;CARD;CARD,0,0,678,340,340,3,False,5,5,False,True,2,1,0,140,0,6,140,0,6,False,False,,,False
92230327,980.3,LOSS,True,44,5,ATTACH_FROM,5,ENERGY_MANAGEMENT,,,CARD,0,0,678,340,340,3,False,5,5,False,True,2,1,0,140,0,6,140,0,6,False,False,,,False
92230327,980.3,LOSS,True,45,5,ATTACH_FROM,5,ENERGY_MANAGEMENT,,,CARD,0,0,678,340,340,3,False,5,5,False,True,2,1,1,140,0,6,140,0,6,False,False,,,False
92230327,980.3,LOSS,True,46,5,ATTACH_FROM,5,ENERGY_MANAGEMENT,,,CARD,0,0,678,340,340,3,False,5,5,False,True,2,1,1,140,0,6,,,6,False,False,,,False
92230327,980.3,LOSS,True,47,5,TO_HAND,5,RESOURCE_MANAGEMENT,,,,0,0,678,340,340,3,False,5,5,False,True,2,1,1,,,6,121,320,6,,,,,False
92230327,980.3,LOSS,True,48,7,MAIN,23,RESOURCE_MANAGEMENT,ABILITY,,ABILITY,1,0,678,140,340,3,True,5,3,False,True,2,1,1,121,320,6,121,320,6,True,False,Phantom Dive,200,False
92230327,980.3,LOSS,True,49,7,DISCARD,3,RESOURCE_MANAGEMENT,,,CARD,0,0,678,140,340,3,True,5,3,False,True,2,1,1,121,320,6,121,320,6,True,False,Phantom Dive,200,False
92230327,980.3,LOSS,True,50,7,MAIN,23,RESOURCE_MANAGEMENT,PLAY_ITEM,1152,PLAY,1,0,678,140,340,3,True,5,3,False,True,2,1,1,121,320,6,121,320,6,True,False,Phantom Dive,200,False
92230327,980.3,LOSS,True,51,7,TO_HAND,1,RESOURCE_MANAGEMENT,,,CARD,0,0,678,140,340,3,True,5,3,False,True,2,1,1,121,320,6,121,320,6,True,False,Phantom Dive,200,False
92230327,980.3,LOSS,True,52,7,MAIN,22,ENERGY_MANAGEMENT,ATTACH_ENERGY,,ATTACH,1,0,678,140,340,3,True,5,3,False,True,2,1,1,121,320,6,121,320,6,True,False,Phantom Dive,200,False
92230327,980.3,LOSS,True,53,7,MAIN,6,RESOURCE_MANAGEMENT,PLAY_ITEM,1142,PLAY,2,0,678,140,340,3,True,5,3,True,True,2,2,1,121,320,6,121,320,6,True,False,Phantom Dive,200,False
92230327,980.3,LOSS,True,54,7,TO_HAND,5,RESOURCE_MANAGEMENT,,,CARD,0,0,678,140,340,3,True,5,3,False,True,2,2,1,121,320,6,121,320,6,True,False,Phantom Dive,200,False
92230327,980.3,LOSS,True,55,7,MAIN,5,RESOURCE_MANAGEMENT,PLAY_SUPPORTER,1213,PLAY,2,0,678,140,340,3,True,5,3,True,True,2,2,1,121,320,6,121,320,6,True,False,Phantom Dive,200,False
92230327,980.3,LOSS,True,56,7,MAIN,5,TIMING,,,,2,0,678,140,340,3,True,5,3,True,True,2,2,1,121,320,6,121,80,3,True,False,Phantom Dive,200,False
92230327,980.3,LOSS,True,57,8,TO_ACTIVE,5,ACTIVE_POKEMON_SELECTION,,,CARD,0,0,,,,,False,5,3,False,True,,,1,121,80,3,121,80,3,,,,,True
92230327,980.3,LOSS,True,58,9,MAIN,7,RESOURCE_MANAGEMENT,PLAY_ITEM,1141,PLAY,2,0,678,60,340,3,True,4,3,True,True,2,2,0,121,80,3,121,80,3,True,False,Phantom Dive,200,False
92230327,980.3,LOSS,True,59,9,MAIN,6,ATTACK_SELECTION,ATTACK,,ATTACK,2,1,678,60,340,3,True,4,3,True,True,2,2,0,121,80,3,121,0,3,True,False,Phantom Dive,200,False
92230327,980.3,LOSS,True,60,9,ATTACH_TO,3,ENERGY_MANAGEMENT,,,CARD;CARD;CARD,0,0,678,60,340,3,True,4,3,False,True,2,2,0,121,0,3,121,0,3,True,False,Phantom Dive,200,False
92230327,980.3,LOSS,True,61,9,ATTACH_FROM,4,ENERGY_MANAGEMENT,,,CARD,0,0,678,60,340,3,True,4,3,False,True,2,2,0,121,0,3,121,0,3,True,False,Phantom Dive,200,False
92230327,980.3,LOSS,True,62,9,ATTACH_FROM,4,ENERGY_MANAGEMENT,,,CARD,0,0,678,60,340,3,True,4,3,False,True,2,2,0,121,0,3,121,0,3,True,False,Phantom Dive,200,False
92230327,980.3,LOSS,True,63,9,ATTACH_FROM,4,ENERGY_MANAGEMENT,,,CARD,0,0,678,60,340,3,True,4,3,False,True,2,2,1,121,0,3,,,3,True,False,Phantom Dive,200,False
92224652,1066.8,WIN,True,0,,,0,UNKNOWN,,,,0,0,,,,,False,,,False,False,,,0,,,,,,,,,,,False
92224652,1066.8,WIN,True,1,,,0,UNKNOWN,,,,0,0,,,,,False,,,False,False,,,0,,,,,,0,,,,,False
92224652,1066.8,WIN,True,2,0,IS_FIRST,2,GOING_FIRST_SECOND,,,YES,0,0,,,,,False,0,0,False,False,,,0,,,0,,,0,,,,,False
92224652,1066.8,WIN,True,3,0,SETUP_ACTIVE_POKEMON,4,EARLY_GAME_SETUP,,,,0,0,,,,,False,0,0,False,False,,,0,,,0,,,6,,,,,False
92224652,1066.8,WIN,True,4,0,SETUP_BENCH_POKEMON,3,BENCH_MANAGEMENT,,,,0,0,,,,,False,0,6,False,False,,,0,,,6,235,30,6,,,,,False
92224652,1066.8,WIN,True,5,1,MAIN,8,RESOURCE_MANAGEMENT,PLAY_POKEMON,675,PLAY,0,0,676,110,110,1,False,0,6,False,False,1,0,0,235,30,6,235,30,6,False,False,Itchy Pollen,10,False
92224652,1066.8,WIN,True,6,1,MAIN,10,RESOURCE_MANAGEMENT,ABILITY,,ABILITY,0,0,676,110,110,1,False,1,6,False,True,1,0,0,235,30,6,235,30,6,False,False,Itchy Pollen,10,False
92224652,1066.8,WIN,True,7,1,DISCARD,2,RESOURCE_MANAGEMENT,,,CARD,0,0,676,110,110,1,False,1,6,False,True,1,0,0,235,30,6,235,30,6,False,False,Itchy Pollen,10,False
92224652,1066.8,WIN,True,8,1,MAIN,9,RESOURCE_MANAGEMENT,PLAY_POKEMON,677,PLAY,0,0,676,110,110,1,False,1,6,False,True,1,0,0,235,30,6,235,30,6,False,False,Itchy Pollen,10,False
92224652,1066.8,WIN,True,9,1,MAIN,9,RESOURCE_MANAGEMENT,PLAY_POKEMON,673,PLAY,0,0,676,110,110,1,False,2,6,False,True,1,0,0,235,30,6,235,30,6,False,False,Itchy Pollen,10,False
92224652,1066.8,WIN,True,10,1,MAIN,9,RESOURCE_MANAGEMENT,PLAY_ITEM,1152,PLAY,0,0,676,110,110,1,False,3,6,False,True,1,0,0,235,30,6,235,30,6,False,False,Itchy Pollen,10,False
92224652,1066.8,WIN,True,11,1,TO_HAND,7,RESOURCE_MANAGEMENT,,,CARD,0,0,676,110,110,1,False,3,6,False,True,1,0,0,235,30,6,235,30,6,False,False,Itchy Pollen,10,False
92224652,1066.8,WIN,True,12,1,MAIN,9,RESOURCE_MANAGEMENT,PLAY_POKEMON,677,PLAY,0,0,676,110,110,1,False,3,6,False,True,1,0,0,235,30,6,235,30,6,False,False,Itchy Pollen,10,False
92224652,1066.8,WIN,True,13,1,MAIN,9,ENERGY_MANAGEMENT,ATTACH_ENERGY,,ATTACH,0,0,676,110,110,1,False,4,6,False,True,1,0,0,235,30,6,235,30,6,False,False,Itchy Pollen,10,False
92224652,1066.8,WIN,True,14,1,MAIN,4,RESOURCE_MANAGEMENT,PLAY_ITEM,1142,PLAY,0,0,676,110,110,1,False,4,6,False,True,1,0,1,235,30,6,235,30,6,False,False,Itchy Pollen,10,False
92224652,1066.8,WIN,True,15,1,TO_HAND,13,RESOURCE_MANAGEMENT,,,CARD,0,0,676,110,110,1,False,4,6,False,True,1,0,1,235,30,6,235,30,6,False,False,Itchy Pollen,10,False
92224652,1066.8,WIN,True,16,1,MAIN,3,RESOURCE_MANAGEMENT,PLAY_ITEM,1123,PLAY,0,0,676,110,110,1,False,4,6,False,True,1,0,1,235,30,6,235,30,6,False,False,Itchy Pollen,10,False
92224652,1066.8,WIN,True,17,1,SWITCH,4,ACTIVE_POKEMON_SELECTION,,,CARD,0,0,676,110,110,1,False,4,6,False,True,1,0,1,235,30,6,235,30,6,False,False,Itchy Pollen,10,False
92224652,1066.8,WIN,True,18,1,MAIN,2,TIMING,,,,0,0,677,80,80,1,False,4,6,False,True,2,1,0,235,30,6,235,30,6,False,False,Itchy Pollen,10,True
92224652,1066.8,WIN,True,19,3,MAIN,10,RESOURCE_MANAGEMENT,ABILITY,,ABILITY,1,0,677,70,80,1,True,4,6,False,True,2,1,0,235,30,6,235,30,6,False,False,Itchy Pollen,10,False
92224652,1066.8,WIN,True,20,3,DISCARD,1,RESOURCE_MANAGEMENT,,,CARD,0,0,677,70,80,1,True,4,6,False,True,2,1,0,235,30,6,235,30,6,False,False,Itchy Pollen,10,False
92224652,1066.8,WIN,True,21,3,MAIN,4,ATTACK_SELECTION,ATTACK,,ATTACK,1,1,677,70,80,1,True,4,6,False,True,2,1,0,235,30,6,,,6,False,False,Itchy Pollen,10,False
92224652,1066.8,WIN,True,22,3,TO_HAND,6,RESOURCE_MANAGEMENT,,,,0,0,677,70,80,1,True,4,6,False,True,2,1,0,,,6,119,70,6,,,,,False
92224652,1066.8,WIN,True,23,5,MAIN,8,RESOURCE_MANAGEMENT,PLAY_ITEM,1142,PLAY,0,0,673,80,80,1,False,4,5,False,True,2,0,0,119,70,6,119,70,6,False,False,,,True
92224652,1066.8,WIN,True,24,5,TO_HAND,12,RESOURCE_MANAGEMENT,,,CARD,0,0,673,80,80,1,False,4,5,False,True,2,0,0,119,70,6,119,70,6,False,False,,,False
92224652,1066.8,WIN,True,25,5,MAIN,13,RESOURCE_MANAGEMENT,ABILITY,,ABILITY,0,0,673,80,80,1,False,4,5,False,True,2,0,0,119,70,6,119,70,6,False,False,,,False
92224652,1066.8,WIN,True,26,5,DISCARD,1,RESOURCE_MANAGEMENT,,,CARD,0,0,673,80,80,1,False,4,5,False,True,2,0,0,119,70,6,119,70,6,False,False,,,False
92224652,1066.8,WIN,True,27,5,MAIN,15,RESOURCE_MANAGEMENT,PLAY_POKEMON,673,PLAY,0,0,673,80,80,1,False,4,5,False,True,2,0,0,119,70,6,119,70,6,False,False,,,False
92224652,1066.8,WIN,True,28,5,MAIN,14,ENERGY_MANAGEMENT,ATTACH_ENERGY,,ATTACH,0,0,673,80,80,1,False,5,5,False,True,2,0,0,119,70,6,119,70,6,False,False,,,False
92224652,1066.8,WIN,True,29,5,MAIN,8,BENCH_MANAGEMENT,EVOLVE,,EVOLVE,0,0,673,80,80,1,False,5,5,False,True,2,0,1,119,70,6,119,70,6,False,False,,,False
92224652,1066.8,WIN,True,30,5,MAIN,6,RESOURCE_MANAGEMENT,PLAY_ITEM,1152,PLAY,0,0,673,80,80,1,False,5,5,False,True,2,0,1,119,70,6,119,70,6,False,False,,,False
92224652,1066.8,WIN,True,31,5,TO_HAND,4,RESOURCE_MANAGEMENT,,,CARD,0,0,673,80,80,1,False,5,5,False,True,2,0,1,119,70,6,119,70,6,False,False,,,False
92224652,1066.8,WIN,True,32,5,MAIN,5,TIMING,,,,0,0,673,80,80,1,False,5,5,False,True,2,0,1,119,70,6,119,70,6,False,False,,,False
92224652,1066.8,WIN,True,33,7,MAIN,7,RESOURCE_MANAGEMENT,PLAY_ITEM,1152,PLAY,0,0,673,80,80,1,False,5,5,False,True,2,0,1,119,70,6,119,70,6,False,False,,,False
92224652,1066.8,WIN,True,34,7,TO_HAND,3,RESOURCE_MANAGEMENT,,,CARD,0,0,673,80,80,1,False,5,5,False,True,2,0,1,119,70,6,119,70,6,False,False,,,False
92224652,1066.8,WIN,True,35,7,MAIN,6,TIMING,,,,0,0,673,80,80,1,False,5,5,False,True,2,0,1,119,70,6,119,70,6,False,False,,,False
92224652,1066.8,WIN,True,36,9,MAIN,13,RESOURCE_MANAGEMENT,ABILITY,,ABILITY,0,0,673,80,80,1,False,5,5,False,True,2,0,1,119,70,6,119,70,6,False,False,,,False
92224652,1066.8,WIN,True,37,9,DISCARD,1,RESOURCE_MANAGEMENT,,,CARD,0,0,673,80,80,1,False,5,5,False,True,2,0,1,119,70,6,119,70,6,False,False,,,False
92224652,1066.8,WIN,True,38,9,MAIN,14,RESOURCE_MANAGEMENT,PLAY_ITEM,1123,PLAY,0,0,673,80,80,1,False,5,5,False,True,2,0,1,119,70,6,119,70,6,False,False,,,False
92224652,1066.8,WIN,True,39,9,SWITCH,5,ACTIVE_POKEMON_SELECTION,,,CARD,0,0,673,80,80,1,False,5,5,False,True,2,0,1,119,70,6,119,70,6,False,False,,,False
92224652,1066.8,WIN,True,40,9,MAIN,14,BENCH_MANAGEMENT,EVOLVE,,EVOLVE,1,0,678,340,340,3,False,5,5,False,True,2,1,0,119,70,6,119,70,6,False,False,,,True
92224652,1066.8,WIN,True,41,9,ACTIVATE,2,RESOURCE_MANAGEMENT,,,YES,0,0,678,340,340,3,False,5,5,False,True,2,1,0,119,70,6,119,70,6,False,False,,,False
92224652,1066.8,WIN,True,42,9,SWITCH,3,ACTIVE_POKEMON_SELECTION,,,CARD,0,0,678,340,340,3,False,5,5,False,True,2,1,0,119,70,6,120,90,6,False,False,,,False
92224652,1066.8,WIN,True,43,9,MAIN,12,BENCH_MANAGEMENT,EVOLVE,,EVOLVE,1,0,678,340,340,3,False,5,5,False,True,2,1,0,120,90,6,120,90,6,False,False,Dragon Headbutt,70,False
92224652,1066.8,WIN,True,44,9,MAIN,12,ENERGY_MANAGEMENT,ATTACH_ENERGY,,ATTACH,1,0,678,340,340,3,False,5,5,False,True,2,1,0,120,90,6,120,90,6,False,False,Dragon Headbutt,70,False
92224652,1066.8,WIN,True,45,9,MAIN,8,ATTACK_SELECTION,ATTACK,,ATTACK,2,1,678,340,340,3,False,5,5,True,True,2,2,0,120,90,6,120,0,6,False,False,Dragon Headbutt,70,False
92224652,1066.8,WIN,True,46,9,ATTACH_TO,5,ENERGY_MANAGEMENT,,,CARD;CARD;CARD,0,0,678,340,340,3,False,5,5,False,True,2,2,0,120,0,6,120,0,6,False,False,Dragon Headbutt,70,False
92224652,1066.8,WIN,True,47,9,ATTACH_FROM,5,ENERGY_MANAGEMENT,,,CARD,0,0,678,340,340,3,False,5,5,False,True,2,2,0,120,0,6,120,0,6,False,False,Dragon Headbutt,70,False
92224652,1066.8,WIN,True,48,9,ATTACH_FROM,5,ENERGY_MANAGEMENT,,,CARD,0,0,678,340,340,3,False,5,5,False,True,2,2,1,120,0,6,120,0,6,False,False,Dragon Headbutt,70,False
92224652,1066.8,WIN,True,49,9,ATTACH_FROM,5,ENERGY_MANAGEMENT,,,CARD,0,0,678,340,340,3,False,5,5,False,True,2,2,1,120,0,6,,,6,False,False,Dragon Headbutt,70,False
92224652,1066.8,WIN,True,50,9,TO_HAND,5,RESOURCE_MANAGEMENT,,,,0,0,678,340,340,3,False,5,5,False,True,2,2,1,,,6,121,320,6,,,,,False
92224652,1066.8,WIN,True,51,11,MAIN,16,RESOURCE_MANAGEMENT,ABILITY,,ABILITY,2,0,678,140,340,3,True,5,4,True,True,2,2,1,121,320,6,121,320,6,True,False,Phantom Dive,200,False
92224652,1066.8,WIN,True,52,11,DISCARD,1,RESOURCE_MANAGEMENT,,,CARD,0,0,678,140,340,3,True,5,4,False,True,2,2,1,121,320,6,121,320,6,True,False,Phantom Dive,200,False
92224652,1066.8,WIN,True,53,11,MAIN,17,RESOURCE_MANAGEMENT,PLAY_SUPPORTER,1229,PLAY,2,0,678,140,340,3,True,5,4,True,True,2,2,1,121,320,6,121,320,6,True,False,Phantom Dive,200,False
92224652,1066.8,WIN,True,54,11,HEAL,2,RESOURCE_MANAGEMENT,,,CARD,0,0,678,140,340,3,True,5,4,False,True,2,2,1,121,320,6,121,320,6,True,False,Phantom Dive,200,False
92224652,1066.8,WIN,True,55,11,MAIN,21,ENERGY_MANAGEMENT,ATTACH_ENERGY,,ATTACH,0,0,678,340,340,3,False,5,4,False,True,2,0,1,121,320,6,121,320,6,False,False,Phantom Dive,200,False
92224652,1066.8,WIN,True,56,11,MAIN,4,RESOURCE_MANAGEMENT,PLAY_ITEM,1152,PLAY,1,0,678,340,340,3,False,5,4,False,True,2,1,1,121,320,6,121,320,6,False,False,Phantom Dive,200,False
92224652,1066.8,WIN,True,57,11,TO_HAND,2,RESOURCE_MANAGEMENT,,,CARD,0,0,678,340,340,3,False,5,4,False,True,2,1,1,121,320,6,121,320,6,False,False,Phantom Dive,200,False
92224652,1066.8,WIN,True,58,11,MAIN,4,BENCH_MANAGEMENT,EVOLVE,,EVOLVE,1,0,678,340,340,3,False,5,4,False,True,2,1,1,121,320,6,121,320,6,False,False,Phantom Dive,200,False
92224652,1066.8,WIN,True,59,11,ACTIVATE,2,RESOURCE_MANAGEMENT,,,YES,0,0,678,340,340,3,False,5,4,False,True,2,1,1,121,320,6,121,320,6,False,False,Phantom Dive,200,False
92224652,1066.8,WIN,True,60,11,SWITCH,2,ACTIVE_POKEMON_SELECTION,,,CARD,0,0,678,340,340,3,False,5,4,False,True,2,1,1,121,320,6,120,90,6,False,False,Phantom Dive,200,False
92224652,1066.8,WIN,True,61,11,MAIN,3,ATTACK_SELECTION,ATTACK,,ATTACK,1,1,678,340,340,3,False,5,4,False,True,2,1,1,120,90,6,120,0,6,False,False,,,False
92224652,1066.8,WIN,True,62,11,ATTACH_TO,3,ENERGY_MANAGEMENT,,,CARD;CARD;CARD,0,0,678,340,340,3,False,5,4,False,True,2,1,1,120,0,6,120,0,6,False,False,,,False
92224652,1066.8,WIN,True,63,11,ATTACH_FROM,5,ENERGY_MANAGEMENT,,,CARD,0,0,678,340,340,3,False,5,4,False,True,2,1,1,120,0,6,120,0,6,False,False,,,False
92224652,1066.8,WIN,True,64,11,ATTACH_FROM,5,ENERGY_MANAGEMENT,,,CARD,0,0,678,340,340,3,False,5,4,False,True,2,1,1,120,0,6,120,0,6,False,False,,,False
92224652,1066.8,WIN,True,65,11,ATTACH_FROM,5,ENERGY_MANAGEMENT,,,CARD,0,0,678,340,340,3,False,5,4,False,True,2,1,2,120,0,6,,,6,False,False,,,False
92224652,1066.8,WIN,True,66,11,TO_HAND,4,RESOURCE_MANAGEMENT,,,,0,0,678,340,340,3,False,5,4,False,True,2,1,2,,,6,121,320,5,,,,,False
92224652,1066.8,WIN,True,67,13,MAIN,20,RESOURCE_MANAGEMENT,PLAY_POKEMON,675,PLAY,0,0,678,140,340,3,True,4,3,False,True,2,0,2,121,320,5,121,320,5,True,False,Phantom Dive,200,False
92224652,1066.8,WIN,True,68,13,MAIN,19,RESOURCE_MANAGEMENT,ABILITY,,ABILITY,0,0,678,140,340,3,True,5,3,False,True,2,0,2,121,320,5,121,320,5,True,False,Phantom Dive,200,False
92224652,1066.8,WIN,True,69,13,DISCARD,2,RESOURCE_MANAGEMENT,,,CARD,0,0,678,140,340,3,True,5,3,False,True,2,0,2,121,320,5,121,320,5,True,False,Phantom Dive,200,False
92224652,1066.8,WIN,True,70,13,MAIN,15,RESOURCE_MANAGEMENT,PLAY_SUPPORTER,1229,PLAY,0,0,678,140,340,3,True,5,3,False,True,2,0,2,121,320,5,121,320,5,True,False,Phantom Dive,200,False
92224652,1066.8,WIN,True,71,13,HEAL,2,RESOURCE_MANAGEMENT,,,CARD,0,0,678,140,340,3,True,5,3,False,True,2,0,2,121,320,5,121,320,5,True,False,Phantom Dive,200,False
92224652,1066.8,WIN,True,72,13,MAIN,9,ENERGY_MANAGEMENT,ATTACH_ENERGY,,ATTACH,0,0,678,340,340,3,False,5,3,False,True,2,0,2,121,320,5,121,320,5,False,False,Phantom Dive,200,False
92224652,1066.8,WIN,True,73,13,MAIN,4,RESOURCE_MANAGEMENT,PLAY_ITEM,1141,PLAY,1,0,678,340,340,3,False,5,3,False,True,2,1,2,121,320,5,121,320,5,False,False,Phantom Dive,200,False
92224652,1066.8,WIN,True,74,13,MAIN,3,RESOURCE_MANAGEMENT,PLAY_ITEM,1141,PLAY,1,0,678,340,340,3,False,5,3,False,True,2,1,2,121,320,5,121,320,5,False,False,Phantom Dive,200,False
92224652,1066.8,WIN,True,75,13,MAIN,2,ATTACK_SELECTION,ATTACK,,ATTACK,1,1,678,340,340,3,False,5,3,False,True,2,1,2,121,320,5,121,130,5,False,False,Phantom Dive,200,False
92224652,1066.8,WIN,True,76,13,ATTACH_TO,2,ENERGY_MANAGEMENT,,,CARD;CARD,0,0,678,340,340,3,False,5,3,False,True,2,1,2,121,130,5,121,130,5,False,False,Phantom Dive,200,False
92224652,1066.8,WIN,True,77,13,ATTACH_FROM,5,ENERGY_MANAGEMENT,,,CARD,0,0,678,340,340,3,False,5,3,False,True,2,1,2,121,130,5,121,130,5,False,False,Phantom Dive,200,False
92224652,1066.8,WIN,True,78,13,ATTACH_FROM,5,ENERGY_MANAGEMENT,,,,0,0,678,340,340,3,False,5,3,False,True,2,1,2,121,130,5,121,320,5,False,False,Phantom Dive,200,False
92224652,1066.8,WIN,True,79,15,MAIN,8,RESOURCE_MANAGEMENT,PLAY_SUPPORTER,1182,PLAY,1,0,678,140,340,3,True,5,3,False,True,2,1,3,121,320,5,121,320,5,True,False,Phantom Dive,200,False
92224652,1066.8,WIN,True,80,15,SWITCH,3,ACTIVE_POKEMON_SELECTION,,,CARD,0,0,678,140,340,3,True,5,3,False,True,2,1,3,121,320,5,140,210,5,True,False,Phantom Dive,200,False
92224652,1066.8,WIN,True,81,15,MAIN,2,TIMING,,,,1,0,678,140,340,3,True,5,3,False,True,2,1,3,140,210,5,121,320,1,False,False,,,False
92224652,1066.8,WIN,True,82,16,TO_ACTIVE,4,ACTIVE_POKEMON_SELECTION,,,CARD,0,0,,,,,False,4,3,False,True,,,3,121,320,1,121,320,1,,,,,True
92224652,1066.8,WIN,True,83,17,MAIN,13,RESOURCE_MANAGEMENT,PLAY_POKEMON,676,PLAY,2,0,678,330,340,3,True,3,3,True,True,2,2,2,121,320,1,121,320,1,False,False,Phantom Dive,200,False
92224652,1066.8,WIN,True,84,17,MAIN,12,RESOURCE_MANAGEMENT,PLAY_POKEMON,677,PLAY,2,0,678,330,340,3,True,4,3,True,True,2,2,2,121,320,1,121,320,1,False,False,Phantom Dive,200,False
92224652,1066.8,WIN,True,85,17,MAIN,10,RESOURCE_MANAGEMENT,PLAY_ITEM,1142,PLAY,2,0,678,330,340,3,True,5,3,True,True,2,2,2,121,320,1,121,320,1,False,False,Phantom Dive,200,False
92224652,1066.8,WIN,True,86,17,TO_HAND,3,RESOURCE_MANAGEMENT,,,CARD,0,0,678,330,340,3,True,5,3,False,True,2,2,2,121,320,1,121,320,1,False,False,Phantom Dive,200,False
92224652,1066.8,WIN,True,87,17,MAIN,15,ENERGY_MANAGEMENT,ATTACH_ENERGY,,ATTACH,2,0,678,330,340,3,True,5,3,True,True,2,2,2,121,320,1,121,320,1,False,False,Phantom Dive,200,False
92224652,1066.8,WIN,True,88,17,MAIN,9,RESOURCE_MANAGEMENT,PLAY_SUPPORTER,1213,PLAY,2,0,678,330,340,3,True,5,3,True,True,2,2,3,121,320,1,121,320,1,False,False,Phantom Dive,200,False
92224652,1066.8,WIN,True,89,17,MAIN,5,RESOURCE_MANAGEMENT,PLAY_ITEM,1121,PLAY,2,0,678,330,340,3,True,5,3,True,True,2,2,3,121,320,1,121,320,1,False,False,Phantom Dive,200,False
92224652,1066.8,WIN,True,90,17,DISCARD,3,RESOURCE_MANAGEMENT,,,CARD;CARD,0,0,678,330,340,3,True,5,3,False,True,2,2,3,121,320,1,121,320,1,False,False,Phantom Dive,200,False
92224652,1066.8,WIN,True,91,17,TO_HAND,3,RESOURCE_MANAGEMENT,,,CARD,0,0,678,330,340,3,True,5,3,False,True,2,2,3,121,320,1,121,320,1,False,False,Phantom Dive,200,False
92224652,1066.8,WIN,True,92,17,MAIN,4,TIMING,,,,2,0,678,330,340,3,True,5,3,True,True,2,2,3,121,320,1,121,80,1,False,False,Phantom Dive,200,False
92224652,1066.8,WIN,True,93,19,MAIN,6,BENCH_MANAGEMENT,EVOLVE,,EVOLVE,1,0,678,130,340,3,True,5,3,True,True,2,2,3,121,80,1,121,80,1,True,False,Phantom Dive,200,False
92224652,1066.8,WIN,True,94,19,MAIN,4,RESOURCE_MANAGEMENT,PLAY_SUPPORTER,1227,PLAY,1,0,678,130,340,3,True,5,3,True,True,2,2,3,121,80,1,121,80,1,True,False,Phantom Dive,200,False
92224652,1066.8,WIN,True,95,19,MAIN,16,ENERGY_MANAGEMENT,ATTACH_ENERGY,,ATTACH,1,0,678,130,340,3,True,5,3,True,True,2,2,3,121,80,1,121,80,1,True,False,Phantom Dive,200,False
92224652,1066.8,WIN,True,96,19,MAIN,10,RETREAT_SELECTION,RETREAT,,RETREAT,1,0,678,130,340,3,True,5,3,True,True,2,2,3,121,80,1,121,80,1,True,False,Phantom Dive,200,False
92224652,1066.8,WIN,True,97,19,DISCARD_ENERGY,2,ENERGY_MANAGEMENT,,,ENERGY,0,0,678,130,340,3,True,5,3,False,True,2,2,3,121,80,1,121,80,1,True,False,Phantom Dive,200,False
92224652,1066.8,WIN,True,98,19,DISCARD_ENERGY,1,ENERGY_MANAGEMENT,,,ENERGY,0,0,678,130,340,3,True,5,3,False,True,2,1,3,121,80,1,121,80,1,True,False,Phantom Dive,200,False
92224652,1066.8,WIN,True,99,19,SWITCH,5,ACTIVE_POKEMON_SELECTION,,,CARD,0,0,678,130,340,3,True,5,3,False,True,2,0,3,121,80,1,121,80,1,True,False,Phantom Dive,200,False
92224652,1066.8,WIN,True,100,19,MAIN,9,ENERGY_MANAGEMENT,ATTACH_ENERGY,,ATTACH,1,0,678,340,340,3,False,5,3,False,True,2,1,2,121,80,1,121,80,1,False,False,Phantom Dive,200,False
92224652,1066.8,WIN,True,101,19,MAIN,4,ATTACK_SELECTION,ATTACK,,ATTACK,2,1,678,340,340,3,False,5,3,False,True,2,2,2,121,80,1,,,1,False,False,Phantom Dive,200,False
92224652,1066.8,WIN,True,102,19,TO_HAND,3,RESOURCE_MANAGEMENT,,,,0,0,678,340,340,3,False,5,3,False,True,2,2,2,,,1,121,160,1,,,,,False
92224652,1066.8,WIN,True,103,21,MAIN,3,RESOURCE_MANAGEMENT,PLAY_ITEM,1142,PLAY,0,0,676,20,210,1,True,5,1,False,True,1,0,2,121,160,1,121,160,1,True,False,Jet Headbutt,70,True
92224652,1066.8,WIN,True,104,21,TO_HAND,2,RESOURCE_MANAGEMENT,,,CARD,0,0,676,20,210,1,True,5,1,False,True,1,0,2,121,160,1,121,160,1,True,False,Jet Headbutt,70,False
92224652,1066.8,WIN,True,105,21,MAIN,8,ENERGY_MANAGEMENT,ATTACH_ENERGY,,ATTACH,0,0,676,20,210,1,True,5,1,False,True,1,0,2,121,160,1,121,160,1,True,False,Jet Headbutt,70,False
92224652,1066.8,WIN,True,106,21,MAIN,4,RETREAT_SELECTION,RETREAT,,RETREAT,1,0,676,20,210,1,True,5,1,True,True,1,1,2,121,160,1,121,160,1,True,False,Jet Headbutt,70,False
92224652,1066.8,WIN,True,107,21,DISCARD_ENERGY,1,ENERGY_MANAGEMENT,,,ENERGY,0,0,676,20,210,1,True,5,1,False,True,1,1,2,121,160,1,121,160,1,True,False,Jet Headbutt,70,False
92224652,1066.8,WIN,True,108,21,SWITCH,5,ACTIVE_POKEMON_SELECTION,,,CARD,0,0,676,20,210,1,True,5,1,False,True,1,0,2,121,160,1,121,160,1,True,False,Jet Headbutt,70,False
92224652,1066.8,WIN,True,109,21,MAIN,4,ATTACK_SELECTION,ATTACK,,ATTACK,2,1,678,340,340,3,False,5,1,False,True,2,2,1,121,160,1,,,1,False,False,Jet Headbutt,70,True
92223703,666.9,WIN,False,0,,,0,UNKNOWN,,,,0,0,,,,,False,,,False,False,,,0,,,,,,,,,,,False
92223703,666.9,WIN,False,1,,,0,UNKNOWN,,,,0,0,,,,,False,,,False,False,,,0,,,,,,0,,,,,False
92223703,666.9,WIN,False,2,0,SETUP_ACTIVE_POKEMON,1,EARLY_GAME_SETUP,,,,0,0,,,,,False,0,0,False,False,,,0,,,0,112,110,6,,,,,False
92223703,666.9,WIN,False,3,2,MAIN,6,RESOURCE_MANAGEMENT,PLAY_ITEM,1152,PLAY,0,0,677,80,80,1,False,0,6,False,False,2,0,0,112,110,6,112,110,6,False,False,,,False
92223703,666.9,WIN,False,4,2,TO_HAND,11,RESOURCE_MANAGEMENT,,,CARD,0,0,677,80,80,1,False,0,6,False,False,2,0,0,112,110,6,112,110,6,False,False,,,False
92223703,666.9,WIN,False,5,2,MAIN,6,RESOURCE_MANAGEMENT,PLAY_POKEMON,675,PLAY,0,0,677,80,80,1,False,0,6,False,False,2,0,0,112,110,6,112,110,6,False,False,,,False
92223703,666.9,WIN,False,6,2,MAIN,8,RESOURCE_MANAGEMENT,PLAY_ITEM,1121,PLAY,0,0,677,80,80,1,False,1,6,False,True,2,0,0,112,110,6,112,110,6,False,False,,,False
92223703,666.9,WIN,False,7,2,DISCARD,5,RESOURCE_MANAGEMENT,,,CARD;CARD,0,0,677,80,80,1,False,1,6,False,True,2,0,0,112,110,6,112,110,6,False,False,,,False
92223703,666.9,WIN,False,8,2,TO_HAND,13,RESOURCE_MANAGEMENT,,,CARD,0,0,677,80,80,1,False,1,6,False,True,2,0,0,112,110,6,112,110,6,False,False,,,False
92223703,666.9,WIN,False,9,2,MAIN,5,RESOURCE_MANAGEMENT,PLAY_POKEMON,676,PLAY,0,0,677,80,80,1,False,1,6,False,True,2,0,0,112,110,6,112,110,6,False,False,,,False
92223703,666.9,WIN,False,10,2,MAIN,6,ENERGY_MANAGEMENT,ATTACH_ENERGY,,ATTACH,0,0,677,80,80,1,False,2,6,False,True,2,0,0,112,110,6,112,110,6,False,False,,,False
92223703,666.9,WIN,False,11,2,MAIN,3,RESOURCE_MANAGEMENT,PLAY_SUPPORTER,1213,PLAY,1,0,677,80,80,1,False,2,6,False,True,2,1,0,112,110,6,112,110,6,False,False,,,False
92223703,666.9,WIN,False,12,2,MAIN,4,TIMING,,,,1,0,677,80,80,1,False,2,6,False,True,2,1,0,112,110,6,235,30,6,False,False,,,False
92223703,666.9,WIN,False,13,4,MAIN,4,BENCH_MANAGEMENT,EVOLVE,,EVOLVE,1,0,677,70,80,1,True,2,6,False,True,2,1,0,235,30,6,235,30,6,False,False,Itchy Pollen,10,False
92223703,666.9,WIN,False,14,4,MAIN,3,RESOURCE_MANAGEMENT,PLAY_SUPPORTER,1182,PLAY,1,0,678,330,340,3,True,2,6,False,True,2,1,0,235,30,6,235,30,6,False,False,Itchy Pollen,10,True
92223703,666.9,WIN,False,15,4,SWITCH,4,ACTIVE_POKEMON_SELECTION,,,CARD,0,0,678,330,340,3,True,2,6,False,True,2,1,0,235,30,6,120,90,6,False,False,Itchy Pollen,10,False
92223703,666.9,WIN,False,16,4,MAIN,2,ATTACK_SELECTION,ATTACK,,ATTACK,1,1,678,330,340,3,True,2,6,False,True,2,1,0,120,90,6,120,0,6,False,False,Dragon Headbutt,70,False
92223703,666.9,WIN,False,17,4,ATTACH_TO,1,ENERGY_MANAGEMENT,,,CARD,0,0,678,330,340,3,True,2,6,False,True,2,1,0,120,0,6,120,0,6,False,False,Dragon Headbutt,70,False
92223703,666.9,WIN,False,18,4,ATTACH_FROM,2,ENERGY_MANAGEMENT,,,CARD,0,0,678,330,340,3,True,2,6,False,True,2,1,0,120,0,6,,,6,False,False,Dragon Headbutt,70,False
92223703,666.9,WIN,False,19,4,TO_HAND,6,RESOURCE_MANAGEMENT,,,,0,0,678,330,340,3,True,2,6,False,True,2,1,1,,,6,235,30,6,,,,,False
92223703,666.9,WIN,False,20,6,MAIN,2,TIMING,,,,0,0,675,90,110,1,True,2,5,False,True,1,0,2,235,30,6,235,30,6,False,False,Itchy Pollen,10,True
92223703,666.9,WIN,False,21,8,MAIN,3,RESOURCE_MANAGEMENT,PLAY_SUPPORTER,1227,PLAY,0,0,675,70,110,1,True,2,5,False,True,1,0,2,235,30,6,235,30,6,False,False,Itchy Pollen,10,False
92223703,666.9,WIN,False,22,8,MAIN,5,ENERGY_MANAGEMENT,ATTACH_ENERGY,,ATTACH,0,0,675,70,110,1,True,2,5,False,True,1,0,2,235,30,6,235,30,6,False,False,Itchy Pollen,10,False
92223703,666.9,WIN,False,23,8,MAIN,2,RESOURCE_MANAGEMENT,PLAY_POKEMON,676,PLAY,0,0,675,70,110,1,True,2,5,False,True,1,0,2,235,30,6,235,30,6,False,False,Itchy Pollen,10,False
92223703,666.9,WIN,False,24,8,MAIN,1,TIMING,,,,0,0,675,70,110,1,True,3,5,False,True,1,0,2,235,30,6,235,30,6,False,False,Itchy Pollen,10,False
92223703,666.9,WIN,False,25,10,MAIN,7,RESOURCE_MANAGEMENT,ABILITY,,ABILITY,0,0,675,50,110,1,True,3,5,False,True,1,0,2,235,30,6,235,30,6,False,False,Itchy Pollen,10,False
92223703,666.9,WIN,False,26,10,DISCARD,1,RESOURCE_MANAGEMENT,,,CARD,0,0,675,50,110,1,True,3,5,False,True,1,0,2,235,30,6,235,30,6,False,False,Itchy Pollen,10,False
92223703,666.9,WIN,False,27,10,MAIN,8,RESOURCE_MANAGEMENT,PLAY_POKEMON,673,PLAY,0,0,675,50,110,1,True,3,5,False,True,1,0,2,235,30,6,235,30,6,False,False,Itchy Pollen,10,False
92223703,666.9,WIN,False,28,10,MAIN,8,ENERGY_MANAGEMENT,ATTACH_ENERGY,,ATTACH,0,0,675,50,110,1,True,4,5,False,True,1,0,2,235,30,6,235,30,6,False,False,Itchy Pollen,10,False
92223703,666.9,WIN,False,29,10,MAIN,4,RETREAT_SELECTION,RETREAT,,RETREAT,0,0,675,50,110,1,True,4,5,True,True,1,1,2,235,30,6,235,30,6,False,False,Itchy Pollen,10,False
92223703,666.9,WIN,False,30,10,DISCARD_ENERGY,1,ENERGY_MANAGEMENT,,,ENERGY,0,0,675,50,110,1,True,4,5,False,True,1,1,2,235,30,6,235,30,6,False,False,Itchy Pollen,10,False
92223703,666.9,WIN,False,31,10,SWITCH,4,ACTIVE_POKEMON_SELECTION,,,CARD,0,0,675,50,110,1,True,4,5,False,True,1,0,2,235,30,6,235,30,6,False,False,Itchy Pollen,10,False
92223703,666.9,WIN,False,32,10,MAIN,4,RESOURCE_MANAGEMENT,PLAY_SUPPORTER,1213,PLAY,1,0,676,110,110,1,False,4,5,False,True,1,1,1,235,30,6,235,30,6,False,False,Itchy Pollen,10,True
92223703,666.9,WIN,False,33,10,MAIN,3,RESOURCE_MANAGEMENT,PLAY_POKEMON,677,PLAY,1,0,676,110,110,1,False,4,5,False,True,1,1,1,235,30,6,235,30,6,False,False,Itchy Pollen,10,False
92223703,666.9,WIN,False,34,10,MAIN,2,ATTACK_SELECTION,ATTACK,,ATTACK,1,1,676,110,110,1,False,5,5,False,True,1,1,1,235,30,6,,,6,False,False,Itchy Pollen,10,False
92223703,666.9,WIN,False,35,10,TO_HAND,5,RESOURCE_MANAGEMENT,,,,0,0,676,110,110,1,False,5,5,False,True,1,1,1,,,6,121,320,4,,,,,False
92223703,666.9,WIN,False,36,11,TO_ACTIVE,4,ACTIVE_POKEMON_SELECTION,,,CARD,0,0,,,,,False,4,4,False,True,,,0,121,320,4,121,320,4,,,,,True
92223703,666.9,WIN,False,37,12,MAIN,12,RESOURCE_MANAGEMENT,PLAY_ITEM,1121,PLAY,0,0,678,330,340,3,True,3,4,False,True,2,0,0,121,320,4,121,320,4,False,False,Phantom Dive,200,False
92223703,666.9,WIN,False,38,12,DISCARD,4,RESOURCE_MANAGEMENT,,,CARD;CARD,0,0,678,330,340,3,True,3,4,False,True,2,0,0,121,320,4,121,320,4,False,False,Phantom Dive,200,False
92223703,666.9,WIN,False,39,12,TO_HAND,8,RESOURCE_MANAGEMENT,,,CARD,0,0,678,330,340,3,True,3,4,False,True,2,0,0,121,320,4,121,320,4,False,False,Phantom Dive,200,False
92223703,666.9,WIN,False,40,12,MAIN,7,RESOURCE_MANAGEMENT,PLAY_POKEMON,675,PLAY,0,0,678,330,340,3,True,3,4,False,True,2,0,0,121,320,4,121,320,4,False,False,Phantom Dive,200,False
92223703,666.9,WIN,False,41,12,MAIN,8,ENERGY_MANAGEMENT,ATTACH_ENERGY,,ATTACH,0,0,678,330,340,3,True,4,4,False,True,2,0,0,121,320,4,121,320,4,False,False,Phantom Dive,200,False
92223703,666.9,WIN,False,42,12,MAIN,3,RESOURCE_MANAGEMENT,PLAY_SUPPORTER,1213,PLAY,1,0,678,330,340,3,True,4,4,False,True,2,1,0,121,320,4,121,320,4,False,False,Phantom Dive,200,False
92223703,666.9,WIN,False,43,12,MAIN,5,RESOURCE_MANAGEMENT,ABILITY,,ABILITY,1,0,678,330,340,3,True,4,4,False,True,2,1,0,121,320,4,121,320,4,False,False,Phantom Dive,200,False
92223703,666.9,WIN,False,44,12,DISCARD,1,RESOURCE_MANAGEMENT,,,CARD,0,0,678,330,340,3,True,4,4,False,True,2,1,0,121,320,4,121,320,4,False,False,Phantom Dive,200,False
92223703,666.9,WIN,False,45,12,MAIN,5,BENCH_MANAGEMENT,EVOLVE,,EVOLVE,1,0,678,330,340,3,True,4,4,False,True,2,1,0,121,320,4,121,320,4,False,False,Phantom Dive,200,False
92223703,666.9,WIN,False,46,12,MAIN,4,RESOURCE_MANAGEMENT,PLAY_ITEM,1142,PLAY,1,0,678,330,340,3,True,4,4,False,True,2,1,0,121,320,4,121,320,4,False,False,Phantom Dive,200,False
92223703,666.9,WIN,False,47,12,TO_HAND,6,RESOURCE_MANAGEMENT,,,CARD,0,0,678,330,340,3,True,4,4,False,True,2,1,0,121,320,4,121,320,4,False,False,Phantom Dive,200,False
92223703,666.9,WIN,False,48,12,MAIN,4,RESOURCE_MANAGEMENT,PLAY_POKEMON,673,PLAY,1,0,678,330,340,3,True,4,4,False,True,2,1,0,121,320,4,121,320,4,False,False,Phantom Dive,200,False
92223703,666.9,WIN,False,49,12,MAIN,3,RESOURCE_MANAGEMENT,PLAY_ITEM,1142,PLAY,1,0,678,330,340,3,True,5,4,False,True,2,1,0,121,320,4,121,320,4,False,False,Phantom Dive,200,False
92223703,666.9,WIN,False,50,12,TO_HAND,5,RESOURCE_MANAGEMENT,,,CARD,0,0,678,330,340,3,True,5,4,False,True,2,1,0,121,320,4,121,320,4,False,False,Phantom Dive,200,False
92223703,666.9,WIN,False,51,12,MAIN,2,ATTACK_SELECTION,ATTACK,,ATTACK,1,1,678,330,340,3,True,5,4,False,True,2,1,0,121,320,4,121,190,4,False,False,Phantom Dive,200,False
92223703,666.9,WIN,False,52,12,ATTACH_TO,6,ENERGY_MANAGEMENT,,,CARD;CARD;CARD,0,0,678,330,340,3,True,5,4,False,True,2,1,0,121,190,4,121,190,4,False,False,Phantom Dive,200,False
92223703,666.9,WIN,False,53,12,ATTACH_FROM,5,ENERGY_MANAGEMENT,,,CARD,0,0,678,330,340,3,True,5,4,False,True,2,1,0,121,190,4,121,190,4,False,False,Phantom Dive,200,False
92223703,666.9,WIN,False,54,12,ATTACH_FROM,5,ENERGY_MANAGEMENT,,,CARD,0,0,678,330,340,3,True,5,4,False,True,2,1,1,121,190,4,121,190,4,False,False,Phantom Dive,200,False
92223703,666.9,WIN,False,55,12,ATTACH_FROM,5,ENERGY_MANAGEMENT,,,,0,0,678,330,340,3,True,5,4,False,True,2,1,1,121,190,4,121,220,3,False,False,Phantom Dive,200,False
92223703,666.9,WIN,False,56,14,MAIN,16,ENERGY_MANAGEMENT,ATTACH_ENERGY,,ATTACH,1,0,678,130,340,3,True,4,4,False,True,2,1,1,121,220,3,121,220,3,True,False,Phantom Dive,200,False
92223703,666.9,WIN,False,57,14,MAIN,8,RETREAT_SELECTION,RETREAT,,RETREAT,2,0,678,130,340,3,True,4,4,True,True,2,2,1,121,220,3,121,220,3,True,False,Phantom Dive,200,False
92223703,666.9,WIN,False,58,14,DISCARD_ENERGY,2,ENERGY_MANAGEMENT,,,ENERGY,0,0,678,130,340,3,True,4,4,False,True,2,2,1,121,220,3,121,220,3,True,False,Phantom Dive,200,False
92223703,666.9,WIN,False,59,14,DISCARD_ENERGY,1,ENERGY_MANAGEMENT,,,ENERGY,0,0,678,130,340,3,True,4,4,False,True,2,1,1,121,220,3,121,220,3,True,False,Phantom Dive,200,False
92223703,666.9,WIN,False,60,14,SWITCH,4,ACTIVE_POKEMON_SELECTION,,,CARD,0,0,678,130,340,3,True,4,4,False,True,2,0,1,121,220,3,121,220,3,True,False,Phantom Dive,200,False
92223703,666.9,WIN,False,61,14,MAIN,7,RESOURCE_MANAGEMENT,PLAY_SUPPORTER,1229,PLAY,2,0,678,340,340,3,False,4,4,False,True,2,2,0,121,220,3,121,220,3,False,False,Phantom Dive,200,False
92223703,666.9,WIN,False,62,14,HEAL,1,RESOURCE_MANAGEMENT,,,CARD,0,0,678,340,340,3,False,4,4,False,True,2,2,0,121,220,3,121,220,3,False,False,Phantom Dive,200,False
92223703,666.9,WIN,False,63,14,MAIN,5,RESOURCE_MANAGEMENT,ABILITY,,ABILITY,2,0,678,340,340,3,False,4,4,False,True,2,2,0,121,220,3,121,220,3,False,False,Phantom Dive,200,False
92223703,666.9,WIN,False,64,14,DISCARD,1,RESOURCE_MANAGEMENT,,,CARD,0,0,678,340,340,3,False,4,4,False,True,2,2,0,121,220,3,121,220,3,False,False,Phantom Dive,200,False
92223703,666.9,WIN,False,65,14,MAIN,5,RESOURCE_MANAGEMENT,PLAY_ITEM,1142,PLAY,2,0,678,340,340,3,False,4,4,False,True,2,2,0,121,220,3,121,220,3,False,False,Phantom Dive,200,False
92223703,666.9,WIN,False,66,14,TO_HAND,3,RESOURCE_MANAGEMENT,,,CARD,0,0,678,340,340,3,False,4,4,False,True,2,2,0,121,220,3,121,220,3,False,False,Phantom Dive,200,False
92223703,666.9,WIN,False,67,14,MAIN,4,ATTACK_SELECTION,ATTACK,,ATTACK,2,1,678,340,340,3,False,4,4,False,True,2,2,0,121,220,3,,,3,False,False,Phantom Dive,200,False
92223703,666.9,WIN,False,68,14,TO_HAND,4,RESOURCE_MANAGEMENT,,,,0,0,678,340,340,3,False,4,4,False,True,2,2,0,,,3,121,320,3,,,,,False
92223703,666.9,WIN,False,69,16,MAIN,8,RESOURCE_MANAGEMENT,ABILITY,,ABILITY,0,0,673,10,80,1,True,4,2,False,True,2,0,1,121,320,3,121,320,3,True,False,Jet Headbutt,70,True
92223703,666.9,WIN,False,70,16,DISCARD,1,RESOURCE_MANAGEMENT,,,CARD,0,0,673,10,80,1,True,4,2,False,True,2,0,1,121,320,3,121,320,3,True,False,Jet Headbutt,70,False
92223703,666.9,WIN,False,71,16,MAIN,4,RESOURCE_MANAGEMENT,PLAY_ITEM,1152,PLAY,0,0,673,10,80,1,True,4,2,False,True,2,0,1,121,320,3,121,320,3,True,False,Jet Headbutt,70,False
92223703,666.9,WIN,False,72,16,TO_HAND,2,RESOURCE_MANAGEMENT,,,CARD,0,0,673,10,80,1,True,4,2,False,True,2,0,1,121,320,3,121,320,3,True,False,Jet Headbutt,70,False
92223703,666.9,WIN,False,73,16,MAIN,4,BENCH_MANAGEMENT,EVOLVE,,EVOLVE,0,0,673,10,80,1,True,4,2,False,True,2,0,1,121,320,3,121,320,3,True,False,Jet Headbutt,70,False
92223703,666.9,WIN,False,74,16,ACTIVATE,2,RESOURCE_MANAGEMENT,,,YES,0,0,674,80,150,1,True,4,2,False,True,3,0,1,121,320,3,121,320,3,False,True,Jet Headbutt,70,True
92223703,666.9,WIN,False,75,16,SWITCH,5,ACTIVE_POKEMON_SELECTION,,,CARD,0,0,674,80,150,1,True,4,2,False,True,3,0,1,121,320,3,140,210,3,False,True,Jet Headbutt,70,False
92223703,666.9,WIN,False,76,16,MAIN,3,TIMING,,,,0,0,674,80,150,1,True,4,2,False,True,3,0,1,140,210,3,121,320,3,False,False,,,False
92223703,666.9,WIN,False,77,18,MAIN,4,RESOURCE_MANAGEMENT,PLAY_ITEM,1142,PLAY,0,0,674,10,150,1,True,4,2,False,True,3,0,1,121,320,3,121,320,3,True,False,Jet Headbutt,70,False
92223703,666.9,WIN,False,78,18,TO_HAND,3,RESOURCE_MANAGEMENT,,,CARD,0,0,674,10,150,1,True,4,2,False,True,3,0,1,121,320,3,121,320,3,True,False,Jet Headbutt,70,False
92223703,666.9,WIN,False,79,18,MAIN,9,RESOURCE_MANAGEMENT,ABILITY,,ABILITY,0,0,674,10,150,1,True,4,2,False,True,3,0,1,121,320,3,121,320,3,True,False,Jet Headbutt,70,False
92223703,666.9,WIN,False,80,18,DISCARD,1,RESOURCE_MANAGEMENT,,,CARD,0,0,674,10,150,1,True,4,2,False,True,3,0,1,121,320,3,121,320,3,True,False,Jet Headbutt,70,False
92223703,666.9,WIN,False,81,18,MAIN,10,TIMING,,,,0,0,674,10,150,1,True,4,2,False,True,3,0,1,121,320,3,121,320,2,True,False,Jet Headbutt,70,False
92223703,666.9,WIN,False,82,19,TO_ACTIVE,4,ACTIVE_POKEMON_SELECTION,,,CARD,0,0,,,,,False,4,2,False,True,,,1,121,320,2,121,320,2,,,,,True
92223703,666.9,WIN,False,83,20,MAIN,12,RESOURCE_MANAGEMENT,PLAY_ITEM,1152,PLAY,1,0,678,340,340,3,False,3,2,False,True,2,1,0,121,320,2,121,320,2,False,False,Jet Headbutt,70,False
92223703,666.9,WIN,False,84,20,TO_HAND,1,RESOURCE_MANAGEMENT,,,CARD,0,0,678,340,340,3,False,3,2,False,True,2,1,0,121,320,2,121,320,2,False,False,Jet Headbutt,70,False
92223703,666.9,WIN,False,85,20,MAIN,12,RESOURCE_MANAGEMENT,PLAY_ITEM,1141,PLAY,1,0,678,340,340,3,False,3,2,False,True,2,1,0,121,320,2,121,320,2,False,False,Jet Headbutt,70,False
92223703,666.9,WIN,False,86,20,MAIN,11,RESOURCE_MANAGEMENT,PLAY_ITEM,1141,PLAY,1,0,678,340,340,3,False,3,2,False,True,2,1,0,121,320,2,121,320,2,False,False,Jet Headbutt,70,False
92223703,666.9,WIN,False,87,20,MAIN,10,ENERGY_MANAGEMENT,ATTACH_ENERGY,,ATTACH,1,0,678,340,340,3,False,3,2,False,True,2,1,0,121,320,2,121,320,2,False,False,Jet Headbutt,70,False
92223703,666.9,WIN,False,88,20,MAIN,7,ATTACK_SELECTION,ATTACK,,ATTACK,2,1,678,340,340,3,False,3,2,True,True,2,2,0,121,320,2,,,2,False,False,Jet Headbutt,70,False
92220894,980.3,LOSS,True,0,,,0,UNKNOWN,,,,0,0,,,,,False,,,False,False,,,0,,,,,,,,,,,False
92220894,980.3,LOSS,True,1,,,0,UNKNOWN,,,,0,0,,,,,False,,,False,False,,,0,,,,,,0,,,,,False
92220894,980.3,LOSS,True,2,0,IS_FIRST,2,GOING_FIRST_SECOND,,,YES,0,0,,,,,False,0,0,False,False,,,0,,,0,,,0,,,,,False
92220894,980.3,LOSS,True,3,0,SETUP_ACTIVE_POKEMON,1,EARLY_GAME_SETUP,,,,0,0,,,,,False,0,0,False,False,,,0,,,0,140,210,6,,,,,False
92220894,980.3,LOSS,True,4,1,MAIN,6,RESOURCE_MANAGEMENT,PLAY_ITEM,1152,PLAY,0,0,673,80,80,1,False,0,6,False,False,2,0,0,140,210,6,140,210,6,False,False,,,False
92220894,980.3,LOSS,True,5,1,TO_HAND,9,RESOURCE_MANAGEMENT,,,CARD,0,0,673,80,80,1,False,0,6,False,False,2,0,0,140,210,6,140,210,6,False,False,,,False
92220894,980.3,LOSS,True,6,1,MAIN,6,RESOURCE_MANAGEMENT,PLAY_POKEMON,676,PLAY,0,0,673,80,80,1,False,0,6,False,False,2,0,0,140,210,6,140,210,6,False,False,,,False
92220894,980.3,LOSS,True,7,1,MAIN,6,RESOURCE_MANAGEMENT,PLAY_ITEM,1142,PLAY,0,0,673,80,80,1,False,1,6,False,True,2,0,0,140,210,6,140,210,6,False,False,,,False
92220894,980.3,LOSS,True,8,1,TO_HAND,17,RESOURCE_MANAGEMENT,,,CARD,0,0,673,80,80,1,False,1,6,False,True,2,0,0,140,210,6,140,210,6,False,False,,,False
92220894,980.3,LOSS,True,9,1,MAIN,6,RESOURCE_MANAGEMENT,PLAY_POKEMON,675,PLAY,0,0,673,80,80,1,False,1,6,False,True,2,0,0,140,210,6,140,210,6,False,False,,,False
92220894,980.3,LOSS,True,10,1,MAIN,7,RESOURCE_MANAGEMENT,ABILITY,,ABILITY,0,0,673,80,80,1,False,2,6,False,True,2,0,0,140,210,6,140,210,6,False,False,,,False
92220894,980.3,LOSS,True,11,1,DISCARD,1,RESOURCE_MANAGEMENT,,,CARD,0,0,673,80,80,1,False,2,6,False,True,2,0,0,140,210,6,140,210,6,False,False,,,False
92220894,980.3,LOSS,True,12,1,MAIN,4,RESOURCE_MANAGEMENT,PLAY_ITEM,1121,PLAY,0,0,673,80,80,1,False,2,6,False,True,2,0,0,140,210,6,140,210,6,False,False,,,False
92220894,980.3,LOSS,True,13,1,DISCARD,6,RESOURCE_MANAGEMENT,,,CARD;CARD,0,0,673,80,80,1,False,2,6,False,True,2,0,0,140,210,6,140,210,6,False,False,,,False
92220894,980.3,LOSS,True,14,1,TO_HAND,9,RESOURCE_MANAGEMENT,,,CARD,0,0,673,80,80,1,False,2,6,False,True,2,0,0,140,210,6,140,210,6,False,False,,,False
92220894,980.3,LOSS,True,15,1,MAIN,3,RESOURCE_MANAGEMENT,PLAY_POKEMON,677,PLAY,0,0,673,80,80,1,False,2,6,False,True,2,0,0,140,210,6,140,210,6,False,False,,,False
92220894,980.3,LOSS,True,16,1,MAIN,2,TIMING,,,,0,0,673,80,80,1,False,3,6,False,True,2,0,0,140,210,6,235,30,6,False,False,,,False
92220894,980.3,LOSS,True,17,3,MAIN,4,BENCH_MANAGEMENT,EVOLVE,,EVOLVE,0,0,673,70,80,1,True,3,6,False,True,2,0,0,235,30,6,235,30,6,False,False,Itchy Pollen,10,False
92220894,980.3,LOSS,True,18,3,MAIN,3,RESOURCE_MANAGEMENT,PLAY_SUPPORTER,1227,PLAY,0,0,673,70,80,1,True,3,6,False,True,2,0,0,235,30,6,235,30,6,False,False,Itchy Pollen,10,False
92220894,980.3,LOSS,True,19,3,MAIN,10,RESOURCE_MANAGEMENT,ABILITY,,ABILITY,0,0,673,70,80,1,True,3,6,False,True,2,0,0,235,30,6,235,30,6,False,False,Itchy Pollen,10,False
92220894,980.3,LOSS,True,20,3,DISCARD,2,RESOURCE_MANAGEMENT,,,CARD,0,0,673,70,80,1,True,3,6,False,True,2,0,0,235,30,6,235,30,6,False,False,Itchy Pollen,10,False
92220894,980.3,LOSS,True,21,3,MAIN,6,ENERGY_MANAGEMENT,ATTACH_ENERGY,,ATTACH,0,0,673,70,80,1,True,3,6,False,True,2,0,0,235,30,6,235,30,6,False,False,Itchy Pollen,10,False
92220894,980.3,LOSS,True,22,3,MAIN,2,RESOURCE_MANAGEMENT,PLAY_POKEMON,673,PLAY,0,0,673,70,80,1,True,3,6,False,True,2,0,1,235,30,6,235,30,6,False,False,Itchy Pollen,10,False
92220894,980.3,LOSS,True,23,3,MAIN,1,TIMING,,,,0,0,673,70,80,1,True,4,6,False,True,2,0,1,235,30,6,235,30,6,False,False,Itchy Pollen,10,False
92220894,980.3,LOSS,True,24,5,MAIN,13,RESOURCE_MANAGEMENT,ABILITY,,ABILITY,0,0,673,60,80,1,True,4,6,False,True,2,0,1,235,30,6,235,30,6,False,False,Itchy Pollen,10,False
92220894,980.3,LOSS,True,25,5,DISCARD,2,RESOURCE_MANAGEMENT,,,CARD,0,0,673,60,80,1,True,4,6,False,True,2,0,1,235,30,6,235,30,6,False,False,Itchy Pollen,10,False
92220894,980.3,LOSS,True,26,5,MAIN,9,RESOURCE_MANAGEMENT,PLAY_POKEMON,677,PLAY,0,0,673,60,80,1,True,4,6,False,True,2,0,1,235,30,6,235,30,6,False,False,Itchy Pollen,10,False
92220894,980.3,LOSS,True,27,5,MAIN,8,ENERGY_MANAGEMENT,ATTACH_ENERGY,,ATTACH,0,0,673,60,80,1,True,5,6,False,True,2,0,1,235,30,6,235,30,6,False,False,Itchy Pollen,10,False
92220894,980.3,LOSS,True,28,5,MAIN,3,RESOURCE_MANAGEMENT,PLAY_SUPPORTER,1182,PLAY,1,0,673,60,80,1,True,5,6,False,True,2,1,1,235,30,6,235,30,6,False,False,Itchy Pollen,10,False
92220894,980.3,LOSS,True,29,5,SWITCH,3,ACTIVE_POKEMON_SELECTION,,,CARD,0,0,673,60,80,1,True,5,6,False,True,2,1,1,235,30,6,140,210,6,False,False,Itchy Pollen,10,False
92220894,980.3,LOSS,True,30,5,MAIN,2,TIMING,,,,1,0,673,60,80,1,True,5,6,False,True,2,1,1,140,210,6,235,30,6,False,False,,,False
92220894,980.3,LOSS,True,31,7,MAIN,4,BENCH_MANAGEMENT,EVOLVE,,EVOLVE,1,0,673,50,80,1,True,5,6,False,True,2,1,1,235,30,6,235,30,6,False,False,Itchy Pollen,10,False
92220894,980.3,LOSS,True,32,7,MAIN,2,TIMING,,,,1,0,673,50,80,1,True,5,6,False,True,2,1,1,235,30,6,235,20,6,False,False,Itchy Pollen,10,False
92220894,980.3,LOSS,True,33,9,MAIN,3,TIMING,,,,1,0,673,40,80,1,True,5,6,False,True,2,1,0,235,20,6,121,320,5,False,False,Itchy Pollen,10,False
92220894,980.3,LOSS,True,34,11,MAIN,11,RESOURCE_MANAGEMENT,PLAY_SUPPORTER,1229,PLAY,0,0,678,120,340,3,True,4,6,False,True,2,0,0,121,320,5,121,320,5,True,False,Phantom Dive,200,True
92220894,980.3,LOSS,True,35,11,HEAL,1,RESOURCE_MANAGEMENT,,,CARD,0,0,678,120,340,3,True,4,6,False,True,2,0,0,121,320,5,121,320,5,True,False,Phantom Dive,200,False
92220894,980.3,LOSS,True,36,11,MAIN,10,RESOURCE_MANAGEMENT,ABILITY,,ABILITY,0,0,678,340,340,3,False,4,6,False,True,2,0,0,121,320,5,121,320,5,False,False,Phantom Dive,200,False
92220894,980.3,LOSS,True,37,11,DISCARD,1,RESOURCE_MANAGEMENT,,,CARD,0,0,678,340,340,3,False,4,6,False,True,2,0,0,121,320,5,121,320,5,False,False,Phantom Dive,200,False
92220894,980.3,LOSS,True,38,11,MAIN,5,RESOURCE_MANAGEMENT,PLAY_POKEMON,677,PLAY,0,0,678,340,340,3,False,4,6,False,True,2,0,0,121,320,5,121,320,5,False,False,Phantom Dive,200,False
92220894,980.3,LOSS,True,39,11,MAIN,3,TIMING,,,,0,0,678,340,340,3,False,5,6,False,True,2,0,0,121,320,5,121,320,4,False,False,Phantom Dive,200,False
92220894,980.3,LOSS,True,40,13,MAIN,8,RESOURCE_MANAGEMENT,PLAY_ITEM,1123,PLAY,0,0,678,140,340,3,True,4,6,False,True,2,0,0,121,320,4,121,320,4,True,False,Phantom Dive,200,False
92220894,980.3,LOSS,True,41,13,SWITCH,4,ACTIVE_POKEMON_SELECTION,,,CARD,0,0,678,140,340,3,True,4,6,False,True,2,0,0,121,320,4,121,320,4,True,False,Phantom Dive,200,False
92220894,980.3,LOSS,True,42,13,MAIN,7,RESOURCE_MANAGEMENT,PLAY_POKEMON,675,PLAY,0,0,678,340,340,3,False,4,6,False,True,2,0,0,121,320,4,121,320,4,False,False,Phantom Dive,200,False
92220894,980.3,LOSS,True,43,13,MAIN,6,BENCH_MANAGEMENT,EVOLVE,,EVOLVE,0,0,678,340,340,3,False,5,6,False,True,2,0,0,121,320,4,121,320,4,False,False,Phantom Dive,200,False
92220894,980.3,LOSS,True,44,13,MAIN,4,RESOURCE_MANAGEMENT,PLAY_ITEM,1141,PLAY,0,0,678,340,340,3,False,5,6,False,True,2,0,0,121,320,4,121,320,4,False,False,Phantom Dive,200,False
92220894,980.3,LOSS,True,45,13,MAIN,3,RESOURCE_MANAGEMENT,PLAY_SUPPORTER,1227,PLAY,0,0,678,340,340,3,False,5,6,False,True,2,0,0,121,320,4,121,320,4,False,False,Phantom Dive,200,False
92220894,980.3,LOSS,True,46,13,MAIN,20,RESOURCE_MANAGEMENT,PLAY_ITEM,1142,PLAY,0,0,678,340,340,3,False,5,6,False,True,2,0,0,121,320,4,121,320,4,False,False,Phantom Dive,200,False
92220894,980.3,LOSS,True,47,13,TO_HAND,3,RESOURCE_MANAGEMENT,,,,0,0,678,340,340,3,False,5,6,False,True,2,0,0,121,320,4,121,320,4,False,False,Phantom Dive,200,False
92220894,980.3,LOSS,True,48,13,MAIN,19,RESOURCE_MANAGEMENT,PLAY_ITEM,1152,PLAY,0,0,678,340,340,3,False,5,6,False,True,2,0,0,121,320,4,121,320,4,False,False,Phantom Dive,200,False
92220894,980.3,LOSS,True,49,13,TO_HAND,1,RESOURCE_MANAGEMENT,,,,0,0,678,340,340,3,False,5,6,False,True,2,0,0,121,320,4,121,320,4,False,False,Phantom Dive,200,False
92220894,980.3,LOSS,True,50,13,MAIN,18,ENERGY_MANAGEMENT,ATTACH_ENERGY,,ATTACH,0,0,678,340,340,3,False,5,6,False,True,2,0,0,121,320,4,121,320,4,False,False,Phantom Dive,200,False
92220894,980.3,LOSS,True,51,13,MAIN,7,RESOURCE_MANAGEMENT,PLAY_ITEM,1141,PLAY,1,0,678,340,340,3,False,5,6,False,True,2,1,0,121,320,4,121,320,4,False,False,Phantom Dive,200,False
92220894,980.3,LOSS,True,52,13,MAIN,6,RESOURCE_MANAGEMENT,ABILITY,,ABILITY,1,0,678,340,340,3,False,5,6,False,True,2,1,0,121,320,4,121,320,4,False,False,Phantom Dive,200,False
92220894,980.3,LOSS,True,53,13,DISCARD,1,RESOURCE_MANAGEMENT,,,CARD,0,0,678,340,340,3,False,5,6,False,True,2,1,0,121,320,4,121,320,4,False,False,Phantom Dive,200,False
92220894,980.3,LOSS,True,54,13,MAIN,6,RESOURCE_MANAGEMENT,PLAY_ITEM,1121,PLAY,1,0,678,340,340,3,False,5,6,False,True,2,1,0,121,320,4,121,320,4,False,False,Phantom Dive,200,False
92220894,980.3,LOSS,True,55,13,DISCARD,5,RESOURCE_MANAGEMENT,,,CARD;CARD,0,0,678,340,340,3,False,5,6,False,True,2,1,0,121,320,4,121,320,4,False,False,Phantom Dive,200,False
92220894,980.3,LOSS,True,56,13,TO_HAND,2,RESOURCE_MANAGEMENT,,,CARD,0,0,678,340,340,3,False,5,6,False,True,2,1,0,121,320,4,121,320,4,False,False,Phantom Dive,200,False
92220894,980.3,LOSS,True,57,13,MAIN,4,ATTACK_SELECTION,ATTACK,,ATTACK,1,1,678,340,340,3,False,5,6,False,True,2,1,0,121,320,4,121,130,4,False,False,Phantom Dive,200,False
92220894,980.3,LOSS,True,58,13,ATTACH_TO,7,ENERGY_MANAGEMENT,,,CARD;CARD;CARD,0,0,678,340,340,3,False,5,6,False,True,2,1,0,121,130,4,121,130,4,False,False,Phantom Dive,200,False
92220894,980.3,LOSS,True,59,13,ATTACH_FROM,5,ENERGY_MANAGEMENT,,,CARD,0,0,678,340,340,3,False,5,6,False,True,2,1,0,121,130,4,121,130,4,False,False,Phantom Dive,200,False
92220894,980.3,LOSS,True,60,13,ATTACH_FROM,5,ENERGY_MANAGEMENT,,,CARD,0,0,678,340,340,3,False,5,6,False,True,2,1,1,121,130,4,121,130,4,False,False,Phantom Dive,200,False
92220894,980.3,LOSS,True,61,13,ATTACH_FROM,5,ENERGY_MANAGEMENT,,,,0,0,678,340,340,3,False,5,6,False,True,2,1,1,121,130,4,121,160,3,False,False,Phantom Dive,200,False
92220894,980.3,LOSS,True,62,15,MAIN,11,RESOURCE_MANAGEMENT,PLAY_ITEM,1123,PLAY,1,0,678,140,340,3,True,4,6,False,True,2,1,1,121,160,3,121,160,3,True,False,Phantom Dive,200,False
92220894,980.3,LOSS,True,63,15,SWITCH,4,ACTIVE_POKEMON_SELECTION,,,CARD,0,0,678,140,340,3,True,4,6,False,True,2,1,1,121,160,3,121,160,3,True,False,Phantom Dive,200,False
92220894,980.3,LOSS,True,64,15,MAIN,12,RESOURCE_MANAGEMENT,PLAY_SUPPORTER,1213,PLAY,2,0,678,270,340,3,True,4,6,True,True,2,2,1,121,160,3,121,160,3,False,False,Phantom Dive,200,False
92220894,980.3,LOSS,True,65,15,MAIN,11,RESOURCE_MANAGEMENT,PLAY_ITEM,1142,PLAY,2,0,678,270,340,3,True,4,6,True,True,2,2,1,121,160,3,121,160,3,False,False,Phantom Dive,200,False
92220894,980.3,LOSS,True,66,15,TO_HAND,2,RESOURCE_MANAGEMENT,,,CARD,0,0,678,270,340,3,True,4,6,False,True,2,2,1,121,160,3,121,160,3,False,False,Phantom Dive,200,False
92220894,980.3,LOSS,True,67,15,MAIN,15,RESOURCE_MANAGEMENT,ABILITY,,ABILITY,2,0,678,270,340,3,True,4,6,True,True,2,2,1,121,160,3,121,160,3,False,False,Phantom Dive,200,False
92220894,980.3,LOSS,True,68,15,DISCARD,2,RESOURCE_MANAGEMENT,,,CARD,0,0,678,270,340,3,True,4,6,False,True,2,2,1,121,160,3,121,160,3,False,False,Phantom Dive,200,False
92220894,980.3,LOSS,True,69,15,MAIN,15,RESOURCE_MANAGEMENT,PLAY_ITEM,1121,PLAY,2,0,678,270,340,3,True,4,6,True,True,2,2,1,121,160,3,121,160,3,False,False,Phantom Dive,200,False
92220894,980.3,LOSS,True,70,15,DISCARD,5,RESOURCE_MANAGEMENT,,,CARD;CARD,0,0,678,270,340,3,True,4,6,False,True,2,2,1,121,160,3,121,160,3,False,False,Phantom Dive,200,False
92220894,980.3,LOSS,True,71,15,TO_HAND,1,RESOURCE_MANAGEMENT,,,CARD,0,0,678,270,340,3,True,4,6,False,True,2,2,1,121,160,3,121,160,3,False,False,Phantom Dive,200,False
92220894,980.3,LOSS,True,72,15,MAIN,14,ENERGY_MANAGEMENT,ATTACH_ENERGY,,ATTACH,2,0,678,270,340,3,True,4,6,True,True,2,2,1,121,160,3,121,160,3,False,False,Phantom Dive,200,False
92220894,980.3,LOSS,True,73,15,MAIN,4,ATTACK_SELECTION,ATTACK,,ATTACK,2,1,678,270,340,3,True,4,6,True,True,2,2,1,121,160,3,,,3,False,False,Phantom Dive,200,False
92222763,935.3,WIN,False,0,,,0,UNKNOWN,,,,0,0,,,,,False,,,False,False,,,0,,,,,,,,,,,False
92222763,935.3,WIN,False,1,,,0,UNKNOWN,,,,0,0,,,,,False,,,False,False,,,0,,,,,,0,,,,,False
92222763,935.3,WIN,False,2,0,SETUP_ACTIVE_POKEMON,1,EARLY_GAME_SETUP,,,,0,0,,,,,False,0,0,False,False,,,0,,,0,89,70,6,,,,,False
92222763,935.3,WIN,False,3,2,MAIN,7,RESOURCE_MANAGEMENT,PLAY_ITEM,1142,PLAY,0,0,676,110,110,1,False,0,6,False,False,1,0,0,89,70,6,89,70,6,False,False,,,False
92222763,935.3,WIN,False,4,2,TO_HAND,18,RESOURCE_MANAGEMENT,,,CARD,0,0,676,110,110,1,False,0,6,False,False,1,0,0,89,70,6,89,70,6,False,False,,,False
92222763,935.3,WIN,False,5,2,MAIN,7,RESOURCE_MANAGEMENT,PLAY_POKEMON,675,PLAY,0,0,676,110,110,1,False,0,6,False,False,1,0,0,89,70,6,89,70,6,False,False,,,False
92222763,935.3,WIN,False,6,2,MAIN,10,RESOURCE_MANAGEMENT,ABILITY,,ABILITY,0,0,676,110,110,1,False,1,6,False,True,1,0,0,89,70,6,89,70,6,False,False,,,False
92222763,935.3,WIN,False,7,2,DISCARD,3,RESOURCE_MANAGEMENT,,,CARD,0,0,676,110,110,1,False,1,6,False,True,1,0,0,89,70,6,89,70,6,False,False,,,False
92222763,935.3,WIN,False,8,2,MAIN,10,RESOURCE_MANAGEMENT,PLAY_POKEMON,673,PLAY,0,0,676,110,110,1,False,1,6,False,True,1,0,0,89,70,6,89,70,6,False,False,,,False
92222763,935.3,WIN,False,9,2,MAIN,11,RESOURCE_MANAGEMENT,PLAY_ITEM,1152,PLAY,0,0,676,110,110,1,False,2,6,False,True,1,0,0,89,70,6,89,70,6,False,False,,,False
92222763,935.3,WIN,False,10,2,TO_HAND,8,RESOURCE_MANAGEMENT,,,CARD,0,0,676,110,110,1,False,2,6,False,True,1,0,0,89,70,6,89,70,6,False,False,,,False
92222763,935.3,WIN,False,11,2,MAIN,11,RESOURCE_MANAGEMENT,PLAY_POKEMON,677,PLAY,0,0,676,110,110,1,False,2,6,False,True,1,0,0,89,70,6,89,70,6,False,False,,,False
92222763,935.3,WIN,False,12,2,MAIN,12,ENERGY_MANAGEMENT,ATTACH_ENERGY,,ATTACH,0,0,676,110,110,1,False,3,6,False,True,1,0,0,89,70,6,89,70,6,False,False,,,False
92222763,935.3,WIN,False,13,2,MAIN,6,RESOURCE_MANAGEMENT,PLAY_ITEM,1142,PLAY,1,0,676,110,110,1,False,3,6,True,True,1,1,0,89,70,6,89,70,6,False,False,,,False
92222763,935.3,WIN,False,14,2,TO_HAND,15,RESOURCE_MANAGEMENT,,,CARD,0,0,676,110,110,1,False,3,6,False,True,1,1,0,89,70,6,89,70,6,False,False,,,False
92222763,935.3,WIN,False,15,2,MAIN,6,RESOURCE_MANAGEMENT,PLAY_ITEM,1121,PLAY,1,0,676,110,110,1,False,3,6,True,True,1,1,0,89,70,6,89,70,6,False,False,,,False
92222763,935.3,WIN,False,16,2,DISCARD,4,RESOURCE_MANAGEMENT,,,CARD;CARD,0,0,676,110,110,1,False,3,6,False,True,1,1,0,89,70,6,89,70,6,False,False,,,False
92222763,935.3,WIN,False,17,2,TO_HAND,10,RESOURCE_MANAGEMENT,,,CARD,0,0,676,110,110,1,False,3,6,False,True,1,1,0,89,70,6,89,70,6,False,False,,,False
92222763,935.3,WIN,False,18,2,MAIN,5,RESOURCE_MANAGEMENT,PLAY_POKEMON,676,PLAY,1,0,676,110,110,1,False,3,6,True,True,1,1,0,89,70,6,89,70,6,False,False,,,False
92222763,935.3,WIN,False,19,2,MAIN,4,RESOURCE_MANAGEMENT,PLAY_SUPPORTER,1227,PLAY,1,0,676,110,110,1,False,4,6,True,True,1,1,0,89,70,6,89,70,6,False,False,,,False
92222763,935.3,WIN,False,20,2,MAIN,3,TIMING,,,,1,0,676,110,110,1,False,4,6,True,True,1,1,0,89,70,6,89,70,6,False,False,,,False
92222763,935.3,WIN,False,21,4,MAIN,25,BENCH_MANAGEMENT,EVOLVE,,EVOLVE,1,0,676,110,110,1,False,4,6,True,True,1,1,0,89,70,6,89,70,6,False,False,,,False
92222763,935.3,WIN,False,22,4,MAIN,24,RETREAT_SELECTION,RETREAT,,RETREAT,1,0,676,110,110,1,False,4,6,True,True,1,1,0,89,70,6,89,70,6,False,False,,,False
92222763,935.3,WIN,False,23,4,DISCARD_ENERGY,1,ENERGY_MANAGEMENT,,,ENERGY,0,0,676,110,110,1,False,4,6,False,True,1,1,0,89,70,6,89,70,6,False,False,,,False
92222763,935.3,WIN,False,24,4,SWITCH,4,ACTIVE_POKEMON_SELECTION,,,CARD,0,0,676,110,110,1,False,4,6,False,True,1,0,0,89,70,6,89,70,6,False,False,,,False
92222763,935.3,WIN,False,25,4,MAIN,22,RESOURCE_MANAGEMENT,PLAY_SUPPORTER,1182,PLAY,0,0,678,340,340,3,False,4,6,False,True,2,0,0,89,70,6,89,70,6,False,False,,,True
92222763,935.3,WIN,False,26,4,SWITCH,4,ACTIVE_POKEMON_SELECTION,,,CARD,0,0,678,340,340,3,False,4,6,False,True,2,0,0,89,70,6,93,80,6,False,False,,,False
92222763,935.3,WIN,False,27,4,MAIN,19,RESOURCE_MANAGEMENT,ABILITY,,ABILITY,0,0,678,340,340,3,False,4,6,False,True,2,0,0,93,80,6,93,80,6,False,False,Do the Wave,0,False
92222763,935.3,WIN,False,28,4,DISCARD,3,RESOURCE_MANAGEMENT,,,CARD,0,0,678,340,340,3,False,4,6,False,True,2,0,0,93,80,6,93,80,6,False,False,Do the Wave,0,False
92222763,935.3,WIN,False,29,4,MAIN,19,ENERGY_MANAGEMENT,ATTACH_ENERGY,,ATTACH,0,0,678,340,340,3,False,4,6,False,True,2,0,0,93,80,6,93,80,6,False,False,Do the Wave,0,False
92222763,935.3,WIN,False,30,4,MAIN,5,ATTACK_SELECTION,ATTACK,,ATTACK,1,1,678,340,340,3,False,4,6,False,True,2,1,0,93,80,6,93,0,6,False,False,Do the Wave,0,False
92222763,935.3,WIN,False,31,4,ATTACH_TO,4,ENERGY_MANAGEMENT,,,CARD;CARD;CARD,0,0,678,340,340,3,False,4,6,False,True,2,1,0,93,0,6,93,0,6,False,False,Do the Wave,0,False
92222763,935.3,WIN,False,32,4,ATTACH_FROM,4,ENERGY_MANAGEMENT,,,CARD,0,0,678,340,340,3,False,4,6,False,True,2,1,0,93,0,6,93,0,6,False,False,Do the Wave,0,False
92222763,935.3,WIN,False,33,4,ATTACH_FROM,4,ENERGY_MANAGEMENT,,,CARD,0,0,678,340,340,3,False,4,6,False,True,2,1,1,93,0,6,93,0,6,False,False,Do the Wave,0,False
92222763,935.3,WIN,False,34,4,ATTACH_FROM,4,ENERGY_MANAGEMENT,,,CARD,0,0,678,340,340,3,False,4,6,False,True,2,1,1,93,0,6,,,6,False,False,Do the Wave,0,False
92222763,935.3,WIN,False,35,4,TO_HAND,6,RESOURCE_MANAGEMENT,,,,0,0,678,340,340,3,False,4,6,False,True,2,1,1,,,6,88,70,6,,,,,False
92222763,935.3,WIN,False,36,6,MAIN,10,RESOURCE_MANAGEMENT,ABILITY,,ABILITY,1,0,678,340,340,3,False,4,5,False,True,2,1,1,88,70,6,88,70,6,False,False,Quick Sign,0,False
92222763,935.3,WIN,False,37,6,DISCARD,1,RESOURCE_MANAGEMENT,,,CARD,0,0,678,340,340,3,False,4,5,False,True,2,1,1,88,70,6,88,70,6,False,False,Quick Sign,0,False
92222763,935.3,WIN,False,38,6,MAIN,11,RESOURCE_MANAGEMENT,PLAY_POKEMON,677,PLAY,1,0,678,340,340,3,False,4,5,False,True,2,1,1,88,70,6,88,70,6,False,False,Quick Sign,0,False
92222763,935.3,WIN,False,39,6,MAIN,11,ENERGY_MANAGEMENT,ATTACH_ENERGY,,ATTACH,1,0,678,340,340,3,False,5,5,False,True,2,1,1,88,70,6,88,70,6,False,False,Quick Sign,0,False
92222763,935.3,WIN,False,40,6,MAIN,7,RESOURCE_MANAGEMENT,PLAY_SUPPORTER,1227,PLAY,2,0,678,340,340,3,False,5,5,True,True,2,2,1,88,70,6,88,70,6,False,False,Quick Sign,0,False
92222763,935.3,WIN,False,41,6,MAIN,8,RESOURCE_MANAGEMENT,PLAY_ITEM,1152,PLAY,2,0,678,340,340,3,False,5,5,True,True,2,2,1,88,70,6,88,70,6,False,False,Quick Sign,0,False
92222763,935.3,WIN,False,42,6,TO_HAND,4,RESOURCE_MANAGEMENT,,,CARD,0,0,678,340,340,3,False,5,5,False,True,2,2,1,88,70,6,88,70,6,False,False,Quick Sign,0,False
92222763,935.3,WIN,False,43,6,MAIN,8,BENCH_MANAGEMENT,EVOLVE,,EVOLVE,2,0,678,340,340,3,False,5,5,True,True,2,2,1,88,70,6,88,70,6,False,False,Quick Sign,0,False
92222763,935.3,WIN,False,44,6,ACTIVATE,2,RESOURCE_MANAGEMENT,,,YES,0,0,678,340,340,3,False,5,5,False,True,2,2,1,88,70,6,88,70,6,False,False,Quick Sign,0,False
92222763,935.3,WIN,False,45,6,SWITCH,5,ACTIVE_POKEMON_SELECTION,,,CARD,0,0,678,340,340,3,False,5,5,False,True,2,2,1,88,70,6,92,40,6,False,False,Quick Sign,0,False
92222763,935.3,WIN,False,46,6,MAIN,7,ATTACK_SELECTION,ATTACK,,ATTACK,2,1,678,340,340,3,False,5,5,True,True,2,2,1,92,40,6,92,0,6,False,False,,,False
92222763,935.3,WIN,False,47,6,ATTACH_TO,2,ENERGY_MANAGEMENT,,,CARD;CARD,0,0,678,340,340,3,False,5,5,False,True,2,2,1,92,0,6,92,0,6,False,False,,,False
92222763,935.3,WIN,False,48,6,ATTACH_FROM,5,ENERGY_MANAGEMENT,,,CARD,0,0,678,340,340,3,False,5,5,False,True,2,2,1,92,0,6,92,0,6,False,False,,,False
92222763,935.3,WIN,False,49,6,ATTACH_FROM,5,ENERGY_MANAGEMENT,,,CARD,0,0,678,340,340,3,False,5,5,False,True,2,2,2,92,0,6,,,6,False,False,,,False
92222763,935.3,WIN,False,50,6,TO_HAND,5,RESOURCE_MANAGEMENT,,,,0,0,678,340,340,3,False,5,5,False,True,2,2,3,,,6,88,70,6,,,,,False
92222763,935.3,WIN,False,51,8,MAIN,16,RESOURCE_MANAGEMENT,PLAY_SUPPORTER,1182,PLAY,2,0,678,340,340,3,False,5,4,True,True,2,2,3,88,70,6,88,70,6,False,False,Quick Sign,0,False
92222763,935.3,WIN,False,52,8,SWITCH,5,ACTIVE_POKEMON_SELECTION,,,CARD,0,0,678,340,340,3,False,5,4,False,True,2,2,3,88,70,6,42,40,6,False,False,Quick Sign,0,False
92222763,935.3,WIN,False,53,8,MAIN,15,RESOURCE_MANAGEMENT,ABILITY,,ABILITY,2,0,678,340,340,3,False,5,4,True,True,2,2,3,42,40,6,42,40,6,False,False,Find a Friend,0,False
92222763,935.3,WIN,False,54,8,DISCARD,1,RESOURCE_MANAGEMENT,,,CARD,0,0,678,340,340,3,False,5,4,False,True,2,2,3,42,40,6,42,40,6,False,False,Find a Friend,0,False
92222763,935.3,WIN,False,55,8,MAIN,16,ATTACK_SELECTION,ATTACK,,ATTACK,2,1,678,340,340,3,False,5,4,True,True,2,2,3,42,40,6,42,0,6,False,False,Find a Friend,0,False
92222763,935.3,WIN,False,56,8,ATTACH_TO,1,ENERGY_MANAGEMENT,,,CARD,0,0,678,340,340,3,False,5,4,False,True,2,2,3,42,0,6,42,0,6,False,False,Find a Friend,0,False
92222763,935.3,WIN,False,57,8,ATTACH_FROM,5,ENERGY_MANAGEMENT,,,CARD,0,0,678,340,340,3,False,5,4,False,True,2,2,3,42,0,6,,,6,False,False,Find a Friend,0,False
92222763,935.3,WIN,False,58,8,TO_HAND,4,RESOURCE_MANAGEMENT,,,,0,0,678,340,340,3,False,5,4,False,True,2,2,4,,,6,88,70,6,,,,,False
92222763,935.3,WIN,False,59,10,MAIN,24,ATTACK_SELECTION,ATTACK,,ATTACK,2,1,678,340,340,3,False,5,3,True,True,2,2,4,88,70,6,,,6,False,False,Quick Sign,0,False
92222763,935.3,WIN,False,60,10,TO_HAND,3,RESOURCE_MANAGEMENT,,,,0,0,678,340,340,3,False,5,3,False,True,2,2,4,,,6,90,100,6,,,,,False
92222763,935.3,WIN,False,61,12,MAIN,36,ATTACK_SELECTION,ATTACK,,ATTACK,2,1,678,340,340,3,False,5,2,True,True,2,2,4,90,100,6,,,6,False,False,,,False
92222763,935.3,WIN,False,62,12,TO_HAND,2,RESOURCE_MANAGEMENT,,,,0,0,678,340,340,3,False,5,2,False,True,2,2,4,,,6,90,100,6,,,,,False
92222763,935.3,WIN,False,63,14,MAIN,43,ATTACK_SELECTION,ATTACK,,ATTACK,2,1,678,340,340,3,False,5,1,True,True,2,2,4,90,100,6,,,6,False,False,,,False
92221831,1192.2,WIN,False,0,,,0,UNKNOWN,,,,0,0,,,,,False,,,False,False,,,0,,,,,,,,,,,False
92221831,1192.2,WIN,False,1,,,0,UNKNOWN,,,,0,0,,,,,False,,,False,False,,,0,,,,,,6,,,,,False
92221831,1192.2,WIN,False,2,0,SETUP_ACTIVE_POKEMON,1,EARLY_GAME_SETUP,,,,0,0,,,,,False,0,0,False,False,,,0,,,6,677,80,6,,,,,False
92221831,1192.2,WIN,False,3,2,MAIN,7,RESOURCE_MANAGEMENT,PLAY_ITEM,1142,PLAY,0,0,676,110,110,1,False,0,6,False,False,1,0,0,677,80,6,677,80,6,False,False,Accelerating Stab,30,False
92221831,1192.2,WIN,False,4,2,TO_HAND,20,RESOURCE_MANAGEMENT,,,CARD,0,0,676,110,110,1,False,0,6,False,False,1,0,0,677,80,6,677,80,6,False,False,Accelerating Stab,30,False
92221831,1192.2,WIN,False,5,2,MAIN,7,RESOURCE_MANAGEMENT,PLAY_POKEMON,675,PLAY,0,0,676,110,110,1,False,0,6,False,False,1,0,0,677,80,6,677,80,6,False,False,Accelerating Stab,30,False
92221831,1192.2,WIN,False,6,2,MAIN,10,RESOURCE_MANAGEMENT,ABILITY,,ABILITY,0,0,676,110,110,1,False,1,6,False,True,1,0,0,677,80,6,677,80,6,False,False,Accelerating Stab,30,False
92221831,1192.2,WIN,False,7,2,DISCARD,2,RESOURCE_MANAGEMENT,,,CARD,0,0,676,110,110,1,False,1,6,False,True,1,0,0,677,80,6,677,80,6,False,False,Accelerating Stab,30,False
92221831,1192.2,WIN,False,8,2,MAIN,11,RESOURCE_MANAGEMENT,PLAY_POKEMON,676,PLAY,0,0,676,110,110,1,False,1,6,False,True,1,0,0,677,80,6,677,80,6,False,False,Accelerating Stab,30,False
92221831,1192.2,WIN,False,9,2,MAIN,13,RESOURCE_MANAGEMENT,PLAY_ITEM,1152,PLAY,0,0,676,110,110,1,False,2,6,False,True,1,0,0,677,80,6,677,80,6,False,False,Accelerating Stab,30,False
92221831,1192.2,WIN,False,10,2,TO_HAND,9,RESOURCE_MANAGEMENT,,,CARD,0,0,676,110,110,1,False,2,6,False,True,1,0,0,677,80,6,677,80,6,False,False,Accelerating Stab,30,False
92221831,1192.2,WIN,False,11,2,MAIN,13,RESOURCE_MANAGEMENT,PLAY_POKEMON,677,PLAY,0,0,676,110,110,1,False,2,6,False,True,1,0,0,677,80,6,677,80,6,False,False,Accelerating Stab,30,False
92221831,1192.2,WIN,False,12,2,MAIN,15,RESOURCE_MANAGEMENT,PLAY_ITEM,1152,PLAY,0,0,676,110,110,1,False,3,6,False,True,1,0,0,677,80,6,677,80,6,False,False,Accelerating Stab,30,False
92221831,1192.2,WIN,False,13,2,TO_HAND,8,RESOURCE_MANAGEMENT,,,CARD,0,0,676,110,110,1,False,3,6,False,True,1,0,0,677,80,6,677,80,6,False,False,Accelerating Stab,30,False
92221831,1192.2,WIN,False,14,2,MAIN,15,RESOURCE_MANAGEMENT,PLAY_POKEMON,677,PLAY,0,0,676,110,110,1,False,3,6,False,True,1,0,0,677,80,6,677,80,6,False,False,Accelerating Stab,30,False
92221831,1192.2,WIN,False,15,2,MAIN,17,ENERGY_MANAGEMENT,ATTACH_ENERGY,,ATTACH,0,0,676,110,110,1,False,4,6,False,True,1,0,0,677,80,6,677,80,6,False,False,Accelerating Stab,30,False
92221831,1192.2,WIN,False,16,2,MAIN,9,ENERGY_MANAGEMENT,ATTACH_ENERGY,,ATTACH,1,0,676,110,110,1,False,4,6,True,True,1,1,0,677,80,6,677,80,6,False,False,Accelerating Stab,30,False
92221831,1192.2,WIN,False,17,2,MAIN,4,TIMING,,,,1,0,676,110,110,1,False,4,6,True,True,1,1,0,677,80,6,678,370,5,False,False,Accelerating Stab,30,False
92221831,1192.2,WIN,False,18,3,TO_ACTIVE,4,ACTIVE_POKEMON_SELECTION,,,CARD,0,0,,,,,False,4,6,False,True,,,0,678,370,5,678,370,5,,,,,True
92221831,1192.2,WIN,False,19,4,MAIN,9,RESOURCE_MANAGEMENT,ABILITY,,ABILITY,0,0,677,180,180,1,False,3,6,False,True,2,0,0,678,370,5,678,370,5,True,False,Mega Brave,270,False
92221831,1192.2,WIN,False,20,4,DISCARD,1,RESOURCE_MANAGEMENT,,,CARD,0,0,677,180,180,1,False,3,6,False,True,2,0,0,678,370,5,678,370,5,True,False,Mega Brave,270,False
92221831,1192.2,WIN,False,21,4,MAIN,9,BENCH_MANAGEMENT,EVOLVE,,EVOLVE,0,0,677,180,180,1,False,3,6,False,True,2,0,0,678,370,5,678,370,5,True,False,Mega Brave,270,False
92221831,1192.2,WIN,False,22,4,MAIN,7,ENERGY_MANAGEMENT,ATTACH_ENERGY,,ATTACH,0,0,678,440,440,3,False,3,6,False,True,2,0,0,678,370,5,678,370,5,False,False,Mega Brave,270,True
92221831,1192.2,WIN,False,23,4,MAIN,4,ATTACK_SELECTION,ATTACK,,ATTACK,1,1,678,440,440,3,False,3,6,False,True,2,1,0,678,370,5,678,240,5,False,False,Mega Brave,270,False
92221831,1192.2,WIN,False,24,4,ATTACH_TO,3,ENERGY_MANAGEMENT,,,CARD;CARD;CARD,0,0,678,440,440,3,False,3,6,False,True,2,1,0,678,240,5,678,240,5,False,False,Mega Brave,270,False
92221831,1192.2,WIN,False,25,4,ATTACH_FROM,3,ENERGY_MANAGEMENT,,,CARD,0,0,678,440,440,3,False,3,6,False,True,2,1,0,678,240,5,678,240,5,False,False,Mega Brave,270,False
92221831,1192.2,WIN,False,26,4,ATTACH_FROM,3,ENERGY_MANAGEMENT,,,CARD,0,0,678,440,440,3,False,3,6,False,True,2,1,1,678,240,5,678,240,5,False,False,Mega Brave,270,False
92221831,1192.2,WIN,False,27,4,ATTACH_FROM,3,ENERGY_MANAGEMENT,,,,0,0,678,440,440,3,False,3,6,False,True,2,1,1,678,240,5,678,340,4,False,False,Mega Brave,270,False
92221831,1192.2,WIN,False,28,5,TO_ACTIVE,3,ACTIVE_POKEMON_SELECTION,,,CARD,0,0,,,,,False,3,6,False,True,,,2,678,340,4,678,340,4,,,,,True
92221831,1192.2,WIN,False,29,6,MAIN,5,RESOURCE_MANAGEMENT,PLAY_ITEM,1121,PLAY,1,0,678,440,440,3,False,2,6,False,True,2,1,1,678,340,4,678,340,4,False,False,Mega Brave,270,False
92221831,1192.2,WIN,False,30,6,DISCARD,4,RESOURCE_MANAGEMENT,,,CARD;CARD,0,0,678,440,440,3,False,2,6,False,True,2,1,1,678,340,4,678,340,4,False,False,Mega Brave,270,False
92221831,1192.2,WIN,False,31,6,TO_HAND,9,RESOURCE_MANAGEMENT,,,CARD,0,0,678,440,440,3,False,2,6,False,True,2,1,1,678,340,4,678,340,4,False,False,Mega Brave,270,False
92221831,1192.2,WIN,False,32,6,MAIN,4,RESOURCE_MANAGEMENT,PLAY_POKEMON,677,PLAY,1,0,678,440,440,3,False,2,6,False,True,2,1,1,678,340,4,678,340,4,False,False,Mega Brave,270,False
92221831,1192.2,WIN,False,33,6,MAIN,3,RESOURCE_MANAGEMENT,PLAY_SUPPORTER,1227,PLAY,1,0,678,440,440,3,False,3,6,False,True,2,1,1,678,340,4,678,340,4,False,False,Mega Brave,270,False
92221831,1192.2,WIN,False,34,6,MAIN,21,RESOURCE_MANAGEMENT,PLAY_POKEMON,673,PLAY,1,0,678,440,440,3,False,3,6,False,True,2,1,1,678,340,4,678,340,4,False,False,Mega Brave,270,False
92221831,1192.2,WIN,False,35,6,MAIN,24,RESOURCE_MANAGEMENT,ABILITY,,ABILITY,1,0,678,440,440,3,False,4,6,False,True,2,1,1,678,340,4,678,340,4,False,False,Mega Brave,270,False
92221831,1192.2,WIN,False,36,6,DISCARD,4,RESOURCE_MANAGEMENT,,,CARD,0,0,678,440,440,3,False,4,6,False,True,2,1,1,678,340,4,678,340,4,False,False,Mega Brave,270,False
92221831,1192.2,WIN,False,37,6,MAIN,21,RESOURCE_MANAGEMENT,PLAY_POKEMON,673,PLAY,1,0,678,440,440,3,False,4,6,False,True,2,1,1,678,340,4,678,340,4,False,False,Mega Brave,270,False
92221831,1192.2,WIN,False,38,6,MAIN,22,ENERGY_MANAGEMENT,ATTACH_ENERGY,,ATTACH,1,0,678,440,440,3,False,5,6,False,True,2,1,1,678,340,4,678,340,4,False,False,Mega Brave,270,False
92221831,1192.2,WIN,False,39,6,MAIN,6,RESOURCE_MANAGEMENT,PLAY_ITEM,1142,PLAY,2,0,678,440,440,3,False,5,6,True,True,2,2,1,678,340,4,678,340,4,False,False,Mega Brave,270,False
92221831,1192.2,WIN,False,40,6,TO_HAND,6,RESOURCE_MANAGEMENT,,,CARD,0,0,678,440,440,3,False,5,6,False,True,2,2,1,678,340,4,678,340,4,False,False,Mega Brave,270,False
92221831,1192.2,WIN,False,41,6,MAIN,5,TIMING,,,,2,0,678,440,440,3,False,5,6,True,True,2,2,1,678,340,4,678,240,4,False,False,Mega Brave,270,False
92221831,1192.2,WIN,False,42,8,MAIN,20,RESOURCE_MANAGEMENT,PLAY_SUPPORTER,1229,PLAY,1,0,678,140,440,3,True,5,6,True,True,2,2,1,678,240,4,678,240,4,True,False,Mega Brave,270,False
92221831,1192.2,WIN,False,43,8,HEAL,1,RESOURCE_MANAGEMENT,,,CARD,0,0,678,140,440,3,True,5,6,False,True,2,2,1,678,240,4,678,240,4,True,False,Mega Brave,270,False
92221831,1192.2,WIN,False,44,8,MAIN,28,RESOURCE_MANAGEMENT,ABILITY,,ABILITY,0,0,678,440,440,3,False,5,6,False,True,2,0,1,678,240,4,678,240,4,False,False,Mega Brave,270,False
92221831,1192.2,WIN,False,45,8,DISCARD,4,RESOURCE_MANAGEMENT,,,CARD,0,0,678,440,440,3,False,5,6,False,True,2,0,1,678,240,4,678,240,4,False,False,Mega Brave,270,False
92221831,1192.2,WIN,False,46,8,MAIN,25,BENCH_MANAGEMENT,EVOLVE,,EVOLVE,0,0,678,440,440,3,False,5,6,False,True,2,0,1,678,240,4,678,240,4,False,False,Mega Brave,270,False
92221831,1192.2,WIN,False,47,8,MAIN,24,BENCH_MANAGEMENT,EVOLVE,,EVOLVE,0,0,678,440,440,3,False,5,6,False,True,2,0,1,678,240,4,678,240,4,False,False,Mega Brave,270,False
92221831,1192.2,WIN,False,48,8,ACTIVATE,2,RESOURCE_MANAGEMENT,,,YES,0,0,678,440,440,3,False,5,6,False,True,2,0,1,678,240,4,678,240,4,False,False,Mega Brave,270,False
92221831,1192.2,WIN,False,49,8,SWITCH,5,ACTIVE_POKEMON_SELECTION,,,CARD,0,0,678,440,440,3,False,5,6,False,True,2,0,1,678,240,4,678,70,4,False,False,Mega Brave,270,False
92221831,1192.2,WIN,False,50,8,MAIN,22,ENERGY_MANAGEMENT,ATTACH_ENERGY,,ATTACH,0,0,678,440,440,3,False,5,6,False,True,2,0,1,678,70,4,678,70,4,False,False,Mega Brave,270,False
92221831,1192.2,WIN,False,51,8,MAIN,5,ATTACK_SELECTION,ATTACK,,ATTACK,1,1,678,440,440,3,False,5,6,False,True,2,1,1,678,70,4,678,0,4,False,False,Mega Brave,270,False
92221831,1192.2,WIN,False,52,8,ATTACH_TO,4,ENERGY_MANAGEMENT,,,CARD;CARD;CARD,0,0,678,440,440,3,False,5,6,False,True,2,1,1,678,0,4,678,0,4,False,False,Mega Brave,270,False
92221831,1192.2,WIN,False,53,8,ATTACH_FROM,5,ENERGY_MANAGEMENT,,,CARD,0,0,678,440,440,3,False,5,6,False,True,2,1,1,678,0,4,678,0,4,False,False,Mega Brave,270,False
92221831,1192.2,WIN,False,54,8,ATTACH_FROM,5,ENERGY_MANAGEMENT,,,CARD,0,0,678,440,440,3,False,5,6,False,True,2,1,2,678,0,4,678,0,4,False,False,Mega Brave,270,False
92221831,1192.2,WIN,False,55,8,ATTACH_FROM,5,ENERGY_MANAGEMENT,,,CARD,0,0,678,440,440,3,False,5,6,False,True,2,1,2,678,0,4,,,4,False,False,Mega Brave,270,False
92221831,1192.2,WIN,False,56,8,TO_HAND,6,RESOURCE_MANAGEMENT,,,,0,0,678,440,440,3,False,5,6,False,True,2,1,2,,,4,678,240,4,,,,,False
92221831,1192.2,WIN,False,57,10,MAIN,28,ENERGY_MANAGEMENT,ATTACH_ENERGY,,ATTACH,1,0,678,140,440,3,True,5,3,False,True,2,1,2,678,240,4,678,240,4,True,False,Mega Brave,270,False
92221831,1192.2,WIN,False,58,10,MAIN,12,RESOURCE_MANAGEMENT,PLAY_ITEM,1141,PLAY,2,0,678,140,440,3,True,5,3,True,True,2,2,2,678,240,4,678,240,4,True,False,Mega Brave,270,False
92221831,1192.2,WIN,False,59,10,MAIN,11,RESOURCE_MANAGEMENT,PLAY_SUPPORTER,1227,PLAY,2,0,678,140,440,3,True,5,3,True,True,2,2,2,678,240,4,678,240,4,True,False,Mega Brave,270,False
92221831,1192.2,WIN,False,60,10,MAIN,8,RESOURCE_MANAGEMENT,PLAY_ITEM,1152,PLAY,2,0,678,140,440,3,True,5,3,True,True,2,2,2,678,240,4,678,240,4,True,False,Mega Brave,270,False
92221831,1192.2,WIN,False,61,10,TO_HAND,2,RESOURCE_MANAGEMENT,,,CARD,0,0,678,140,440,3,True,5,3,False,True,2,2,2,678,240,4,678,240,4,True,False,Mega Brave,270,False
92221831,1192.2,WIN,False,62,10,MAIN,7,ATTACK_SELECTION,ATTACK,,ATTACK,2,1,678,140,440,3,True,5,3,True,True,2,2,2,678,240,4,,,4,True,False,Mega Brave,270,False
92219951,1127.4,WIN,True,0,,,0,UNKNOWN,,,,0,0,,,,,False,,,False,False,,,0,,,,,,,,,,,False
92219951,1127.4,WIN,True,1,,,0,UNKNOWN,,,,0,0,,,,,False,,,False,False,,,0,,,,,,0,,,,,False
92219951,1127.4,WIN,True,2,0,IS_FIRST,2,GOING_FIRST_SECOND,,,YES,0,0,,,,,False,0,0,False,False,,,0,,,0,,,0,,,,,False
92219951,1127.4,WIN,True,3,0,SETUP_ACTIVE_POKEMON,2,EARLY_GAME_SETUP,,,,0,0,,,,,False,0,0,False,False,,,0,,,0,,,6,,,,,False
92219951,1127.4,WIN,True,4,0,SETUP_BENCH_POKEMON,1,BENCH_MANAGEMENT,,,,0,0,,,,,False,0,6,False,False,,,0,,,6,119,70,6,,,,,False
92219951,1127.4,WIN,True,5,1,MAIN,7,RESOURCE_MANAGEMENT,PLAY_POKEMON,676,PLAY,0,0,677,80,80,1,False,0,6,False,False,2,0,0,119,70,6,119,70,6,False,False,,,False
92219951,1127.4,WIN,True,6,1,MAIN,7,RESOURCE_MANAGEMENT,PLAY_ITEM,1142,PLAY,0,0,677,80,80,1,False,1,6,False,True,2,0,0,119,70,6,119,70,6,False,False,,,False
92219951,1127.4,WIN,True,7,1,TO_HAND,17,RESOURCE_MANAGEMENT,,,CARD,0,0,677,80,80,1,False,1,6,False,True,2,0,0,119,70,6,119,70,6,False,False,,,False
92219951,1127.4,WIN,True,8,1,MAIN,7,RESOURCE_MANAGEMENT,PLAY_POKEMON,675,PLAY,0,0,677,80,80,1,False,1,6,False,True,2,0,0,119,70,6,119,70,6,False,False,,,False
92219951,1127.4,WIN,True,9,1,MAIN,8,RESOURCE_MANAGEMENT,ABILITY,,ABILITY,0,0,677,80,80,1,False,2,6,False,True,2,0,0,119,70,6,119,70,6,False,False,,,False
92219951,1127.4,WIN,True,10,1,DISCARD,1,RESOURCE_MANAGEMENT,,,CARD,0,0,677,80,80,1,False,2,6,False,True,2,0,0,119,70,6,119,70,6,False,False,,,False
92219951,1127.4,WIN,True,11,1,MAIN,9,ENERGY_MANAGEMENT,ATTACH_ENERGY,,ATTACH,0,0,677,80,80,1,False,2,6,False,True,2,0,0,119,70,6,119,70,6,False,False,,,False
92219951,1127.4,WIN,True,12,1,MAIN,6,RESOURCE_MANAGEMENT,PLAY_ITEM,1152,PLAY,0,0,677,80,80,1,False,2,6,False,True,2,1,0,119,70,6,119,70,6,False,False,,,False
92219951,1127.4,WIN,True,13,1,TO_HAND,5,RESOURCE_MANAGEMENT,,,CARD,0,0,677,80,80,1,False,2,6,False,True,2,1,0,119,70,6,119,70,6,False,False,,,False
92219951,1127.4,WIN,True,14,1,MAIN,6,RESOURCE_MANAGEMENT,PLAY_POKEMON,673,PLAY,0,0,677,80,80,1,False,2,6,False,True,2,1,0,119,70,6,119,70,6,False,False,,,False
92219951,1127.4,WIN,True,15,1,MAIN,5,RESOURCE_MANAGEMENT,PLAY_ITEM,1142,PLAY,0,0,677,80,80,1,False,3,6,False,True,2,1,0,119,70,6,119,70,6,False,False,,,False
92219951,1127.4,WIN,True,16,1,TO_HAND,14,RESOURCE_MANAGEMENT,,,CARD,0,0,677,80,80,1,False,3,6,False,True,2,1,0,119,70,6,119,70,6,False,False,,,False
92219951,1127.4,WIN,True,17,1,MAIN,4,TIMING,,,,0,0,677,80,80,1,False,3,6,False,True,2,1,0,119,70,6,235,30,6,False,False,,,False
92219951,1127.4,WIN,True,18,3,MAIN,8,RESOURCE_MANAGEMENT,ABILITY,,ABILITY,1,0,677,70,80,1,True,3,6,False,True,2,1,0,235,30,6,235,30,6,False,False,Itchy Pollen,10,False
92219951,1127.4,WIN,True,19,3,DISCARD,1,RESOURCE_MANAGEMENT,,,CARD,0,0,677,70,80,1,True,3,6,False,True,2,1,0,235,30,6,235,30,6,False,False,Itchy Pollen,10,False
92219951,1127.4,WIN,True,20,3,MAIN,3,BENCH_MANAGEMENT,EVOLVE,,EVOLVE,1,0,677,70,80,1,True,3,6,False,True,2,1,0,235,30,6,235,30,6,False,False,Itchy Pollen,10,False
92219951,1127.4,WIN,True,21,3,MAIN,2,ATTACK_SELECTION,ATTACK,,ATTACK,1,1,678,330,340,3,True,3,6,False,True,2,1,0,235,30,6,235,0,6,False,False,Itchy Pollen,10,True
92219951,1127.4,WIN,True,22,3,ATTACH_TO,2,ENERGY_MANAGEMENT,,,CARD;CARD,0,0,678,330,340,3,True,3,6,False,True,2,1,0,235,0,6,235,0,6,False,False,Itchy Pollen,10,False
92219951,1127.4,WIN,True,23,3,ATTACH_FROM,3,ENERGY_MANAGEMENT,,,CARD,0,0,678,330,340,3,True,3,6,False,True,2,1,0,235,0,6,235,0,6,False,False,Itchy Pollen,10,False
92219951,1127.4,WIN,True,24,3,ATTACH_FROM,3,ENERGY_MANAGEMENT,,,CARD,0,0,678,330,340,3,True,3,6,False,True,2,1,1,235,0,6,,,6,False,False,Itchy Pollen,10,False
92219951,1127.4,WIN,True,25,3,TO_HAND,6,RESOURCE_MANAGEMENT,,,,0,0,678,330,340,3,True,3,6,False,True,2,1,1,,,6,235,30,6,,,,,False
92219951,1127.4,WIN,True,26,5,MAIN,3,RESOURCE_MANAGEMENT,PLAY_POKEMON,676,PLAY,1,0,678,320,340,3,True,3,5,False,True,2,1,1,235,30,6,235,30,6,False,False,Itchy Pollen,10,False
92219951,1127.4,WIN,True,27,5,MAIN,2,ATTACK_SELECTION,ATTACK,,ATTACK,1,1,678,320,340,3,True,4,5,False,True,2,1,1,235,30,6,,,6,False,False,Itchy Pollen,10,False
92219951,1127.4,WIN,True,28,5,TO_HAND,5,RESOURCE_MANAGEMENT,,,,0,0,678,320,340,3,True,4,5,False,True,2,1,1,,,6,121,320,6,,,,,False
92219951,1127.4,WIN,True,29,7,MAIN,16,RESOURCE_MANAGEMENT,PLAY_POKEMON,677,PLAY,1,0,678,120,340,3,True,4,4,False,True,2,1,1,121,320,6,121,320,6,True,False,Phantom Dive,200,False
92219951,1127.4,WIN,True,30,7,MAIN,17,RESOURCE_MANAGEMENT,ABILITY,,ABILITY,1,0,678,120,340,3,True,5,4,False,True,2,1,1,121,320,6,121,320,6,True,False,Phantom Dive,200,False
92219951,1127.4,WIN,True,31,7,DISCARD,2,RESOURCE_MANAGEMENT,,,CARD,0,0,678,120,340,3,True,5,4,False,True,2,1,1,121,320,6,121,320,6,True,False,Phantom Dive,200,False
92219951,1127.4,WIN,True,32,7,MAIN,16,ENERGY_MANAGEMENT,ATTACH_ENERGY,,ATTACH,1,0,678,120,340,3,True,5,4,False,True,2,1,1,121,320,6,121,320,6,True,False,Phantom Dive,200,False
92219951,1127.4,WIN,True,33,7,MAIN,6,RESOURCE_MANAGEMENT,PLAY_SUPPORTER,1227,PLAY,2,0,678,120,340,3,True,5,4,True,True,2,2,1,121,320,6,121,320,6,True,False,Phantom Dive,200,False
92219951,1127.4,WIN,True,34,7,MAIN,7,RESOURCE_MANAGEMENT,PLAY_ITEM,1152,PLAY,2,0,678,120,340,3,True,5,4,True,True,2,2,1,121,320,6,121,320,6,True,False,Phantom Dive,200,False
92219951,1127.4,WIN,True,35,7,TO_HAND,4,RESOURCE_MANAGEMENT,,,CARD,0,0,678,120,340,3,True,5,4,False,True,2,2,1,121,320,6,121,320,6,True,False,Phantom Dive,200,False
92219951,1127.4,WIN,True,36,7,MAIN,7,BENCH_MANAGEMENT,EVOLVE,,EVOLVE,2,0,678,120,340,3,True,5,4,True,True,2,2,1,121,320,6,121,320,6,True,False,Phantom Dive,200,False
92219951,1127.4,WIN,True,37,7,ACTIVATE,2,RESOURCE_MANAGEMENT,,,YES,0,0,678,120,340,3,True,5,4,False,True,2,2,0,121,320,6,121,320,6,True,False,Phantom Dive,200,False
92219951,1127.4,WIN,True,38,7,SWITCH,5,ACTIVE_POKEMON_SELECTION,,,CARD,0,0,678,120,340,3,True,5,4,False,True,2,2,0,121,320,6,1071,170,6,True,False,Phantom Dive,200,False
92219951,1127.4,WIN,True,39,7,MAIN,6,ATTACK_SELECTION,ATTACK,,ATTACK,2,1,678,120,340,3,True,5,4,True,True,2,2,0,1071,170,6,1071,0,6,False,False,,,False
92219951,1127.4,WIN,True,40,7,ATTACH_TO,1,ENERGY_MANAGEMENT,,,CARD,0,0,678,120,340,3,True,5,4,False,True,2,2,0,1071,0,6,1071,0,6,False,False,,,False
92219951,1127.4,WIN,True,41,7,ATTACH_FROM,5,ENERGY_MANAGEMENT,,,CARD,0,0,678,120,340,3,True,5,4,False,True,2,2,0,1071,0,6,,,6,False,False,,,False
92219951,1127.4,WIN,True,42,7,TO_HAND,4,RESOURCE_MANAGEMENT,,,,0,0,678,120,340,3,True,5,4,False,True,2,2,1,,,6,121,320,3,,,,,False
92219951,1127.4,WIN,True,43,8,TO_ACTIVE,5,ACTIVE_POKEMON_SELECTION,,,CARD,0,0,,,,,False,5,2,False,True,,,0,121,320,3,121,320,3,,,,,True
92219951,1127.4,WIN,True,44,9,MAIN,21,RESOURCE_MANAGEMENT,ABILITY,,ABILITY,0,0,677,20,80,1,True,4,2,False,True,2,0,0,121,320,3,121,320,3,True,False,Phantom Dive,200,False
92219951,1127.4,WIN,True,45,9,DISCARD,3,RESOURCE_MANAGEMENT,,,CARD,0,0,677,20,80,1,True,4,2,False,True,2,0,0,121,320,3,121,320,3,True,False,Phantom Dive,200,False
92219951,1127.4,WIN,True,46,9,MAIN,18,BENCH_MANAGEMENT,EVOLVE,,EVOLVE,0,0,677,20,80,1,True,4,2,False,True,2,0,0,121,320,3,121,320,3,True,False,Phantom Dive,200,False
92219951,1127.4,WIN,True,47,9,MAIN,16,RESOURCE_MANAGEMENT,PLAY_SUPPORTER,1182,PLAY,0,0,678,280,340,3,True,4,2,False,True,2,0,0,121,320,3,121,320,3,False,False,Phantom Dive,200,True
92219951,1127.4,WIN,True,48,9,SWITCH,5,ACTIVE_POKEMON_SELECTION,,,CARD,0,0,678,280,340,3,True,4,2,False,True,2,0,0,121,320,3,120,90,3,False,False,Phantom Dive,200,False
92219951,1127.4,WIN,True,49,9,MAIN,14,ENERGY_MANAGEMENT,ATTACH_ENERGY,,ATTACH,0,0,678,280,340,3,True,4,2,False,True,2,0,0,120,90,3,120,90,3,False,False,,,False
92219951,1127.4,WIN,True,50,9,MAIN,5,RESOURCE_MANAGEMENT,PLAY_ITEM,1121,PLAY,1,0,678,280,340,3,True,4,2,False,True,2,1,0,120,90,3,120,90,3,False,False,,,False
92219951,1127.4,WIN,True,51,9,DISCARD,6,RESOURCE_MANAGEMENT,,,CARD;CARD,0,0,678,280,340,3,True,4,2,False,True,2,1,0,120,90,3,120,90,3,False,False,,,False
92219951,1127.4,WIN,True,52,9,TO_HAND,4,RESOURCE_MANAGEMENT,,,CARD,0,0,678,280,340,3,True,4,2,False,True,2,1,0,120,90,3,120,90,3,False,False,,,False
92219951,1127.4,WIN,True,53,9,MAIN,5,RESOURCE_MANAGEMENT,PLAY_POKEMON,673,PLAY,1,0,678,280,340,3,True,4,2,False,True,2,1,0,120,90,3,120,90,3,False,False,,,False
92219951,1127.4,WIN,True,54,9,MAIN,4,ATTACK_SELECTION,ATTACK,,ATTACK,1,1,678,280,340,3,True,5,2,False,True,2,1,0,120,90,3,120,0,3,False,False,,,False
92219951,1127.4,WIN,True,55,9,ATTACH_TO,4,ENERGY_MANAGEMENT,,,CARD;CARD;CARD,0,0,678,280,340,3,True,5,2,False,True,2,1,0,120,0,3,120,0,3,False,False,,,False
92219951,1127.4,WIN,True,56,9,ATTACH_FROM,5,ENERGY_MANAGEMENT,,,CARD,0,0,678,280,340,3,True,5,2,False,True,2,1,0,120,0,3,120,0,3,False,False,,,False
92219951,1127.4,WIN,True,57,9,ATTACH_FROM,5,ENERGY_MANAGEMENT,,,CARD,0,0,678,280,340,3,True,5,2,False,True,2,1,1,120,0,3,120,0,3,False,False,,,False
92219951,1127.4,WIN,True,58,9,ATTACH_FROM,5,ENERGY_MANAGEMENT,,,CARD,0,0,678,280,340,3,True,5,2,False,True,2,1,2,120,0,3,,,3,False,False,,,False
92219951,1127.4,WIN,True,59,9,TO_HAND,2,RESOURCE_MANAGEMENT,,,,0,0,678,280,340,3,True,5,2,False,True,2,1,2,,,3,121,320,3,,,,,False
92219951,1127.4,WIN,True,60,11,MAIN,11,RESOURCE_MANAGEMENT,ABILITY,,ABILITY,1,0,678,80,340,3,True,5,1,False,True,2,1,2,121,320,3,121,320,3,True,False,Phantom Dive,200,False
92219951,1127.4,WIN,True,61,11,DISCARD,1,RESOURCE_MANAGEMENT,,,CARD,0,0,678,80,340,3,True,5,1,False,True,2,1,2,121,320,3,121,320,3,True,False,Phantom Dive,200,False
92219951,1127.4,WIN,True,62,11,MAIN,6,RESOURCE_MANAGEMENT,PLAY_SUPPORTER,1182,PLAY,1,0,678,80,340,3,True,5,1,False,True,2,1,2,121,320,3,121,320,3,True,False,Phantom Dive,200,False
92219951,1127.4,WIN,True,63,11,SWITCH,4,ACTIVE_POKEMON_SELECTION,,,CARD,0,0,678,80,340,3,True,5,1,False,True,2,1,2,121,320,3,120,90,3,True,False,Phantom Dive,200,False
92219951,1127.4,WIN,True,64,11,MAIN,3,ATTACK_SELECTION,ATTACK,,ATTACK,1,1,678,80,340,3,True,5,1,False,True,2,1,2,120,90,3,120,0,3,False,False,,,False
92219951,1127.4,WIN,True,65,11,ATTACH_TO,2,ENERGY_MANAGEMENT,,,,0,0,678,80,340,3,True,5,1,False,True,2,1,2,120,0,3,,,3,False,False,,,False
92218970,666.9,WIN,False,0,,,0,UNKNOWN,,,,0,0,,,,,False,,,False,False,,,0,,,,,,,,,,,False
92218970,666.9,WIN,False,1,,,0,UNKNOWN,,,,0,0,,,,,False,,,False,False,,,0,,,,,,0,,,,,False
92218970,666.9,WIN,False,2,0,SETUP_ACTIVE_POKEMON,2,EARLY_GAME_SETUP,,,,0,0,,,,,False,0,0,False,False,,,0,,,0,,,6,,,,,False
92218970,666.9,WIN,False,3,0,SETUP_BENCH_POKEMON,1,BENCH_MANAGEMENT,,,,0,0,,,,,False,0,6,False,False,,,0,,,6,119,70,6,,,,,False
92218970,666.9,WIN,False,4,2,MAIN,7,RESOURCE_MANAGEMENT,PLAY_ITEM,1152,PLAY,0,0,677,80,80,1,False,1,6,False,True,2,0,0,119,70,6,119,70,6,False,False,,,False
92218970,666.9,WIN,False,5,2,TO_HAND,9,RESOURCE_MANAGEMENT,,,CARD,0,0,677,80,80,1,False,1,6,False,True,2,0,0,119,70,6,119,70,6,False,False,,,False
92218970,666.9,WIN,False,6,2,MAIN,7,RESOURCE_MANAGEMENT,PLAY_POKEMON,676,PLAY,0,0,677,80,80,1,False,1,6,False,True,2,0,0,119,70,6,119,70,6,False,False,,,False
92218970,666.9,WIN,False,7,2,MAIN,8,RESOURCE_MANAGEMENT,PLAY_ITEM,1142,PLAY,0,0,677,80,80,1,False,2,6,False,True,2,0,0,119,70,6,119,70,6,False,False,,,False
92218970,666.9,WIN,False,8,2,TO_HAND,17,RESOURCE_MANAGEMENT,,,CARD,0,0,677,80,80,1,False,2,6,False,True,2,0,0,119,70,6,119,70,6,False,False,,,False
92218970,666.9,WIN,False,9,2,MAIN,8,RESOURCE_MANAGEMENT,PLAY_POKEMON,677,PLAY,0,0,677,80,80,1,False,2,6,False,True,2,0,0,119,70,6,119,70,6,False,False,,,False
92218970,666.9,WIN,False,10,2,MAIN,8,ENERGY_MANAGEMENT,ATTACH_ENERGY,,ATTACH,0,0,677,80,80,1,False,3,6,False,True,2,0,0,119,70,6,119,70,6,False,False,,,False
92218970,666.9,WIN,False,11,2,MAIN,4,RESOURCE_MANAGEMENT,PLAY_SUPPORTER,1227,PLAY,1,0,677,80,80,1,False,3,6,False,True,2,1,0,119,70,6,119,70,6,False,False,,,False
92218970,666.9,WIN,False,12,2,MAIN,8,RESOURCE_MANAGEMENT,ABILITY,,ABILITY,1,0,677,80,80,1,False,3,6,False,True,2,1,0,119,70,6,119,70,6,False,False,,,False
92218970,666.9,WIN,False,13,2,DISCARD,4,RESOURCE_MANAGEMENT,,,CARD,0,0,677,80,80,1,False,3,6,False,True,2,1,0,119,70,6,119,70,6,False,False,,,False
92218970,666.9,WIN,False,14,2,MAIN,9,ENERGY_MANAGEMENT,ATTACH_ENERGY,,ATTACH,1,0,677,80,80,1,False,3,6,False,True,2,1,0,119,70,6,119,70,6,False,False,,,False
92218970,666.9,WIN,False,15,2,MAIN,5,RESOURCE_MANAGEMENT,PLAY_ITEM,1152,PLAY,1,0,677,180,180,1,False,3,6,False,True,2,1,0,119,70,6,119,70,6,False,False,,,False
92218970,666.9,WIN,False,16,2,TO_HAND,7,RESOURCE_MANAGEMENT,,,CARD,0,0,677,180,180,1,False,3,6,False,True,2,1,0,119,70,6,119,70,6,False,False,,,False
92218970,666.9,WIN,False,17,2,MAIN,5,RESOURCE_MANAGEMENT,PLAY_POKEMON,673,PLAY,1,0,677,180,180,1,False,3,6,False,True,2,1,0,119,70,6,119,70,6,False,False,,,False
92218970,666.9,WIN,False,18,2,MAIN,4,RESOURCE_MANAGEMENT,PLAY_ITEM,1121,PLAY,1,0,677,180,180,1,False,4,6,False,True,2,1,0,119,70,6,119,70,6,False,False,,,False
92218970,666.9,WIN,False,19,2,DISCARD,7,RESOURCE_MANAGEMENT,,,CARD;CARD,0,0,677,180,180,1,False,4,6,False,True,2,1,0,119,70,6,119,70,6,False,False,,,False
92218970,666.9,WIN,False,20,2,TO_HAND,10,RESOURCE_MANAGEMENT,,,CARD,0,0,677,180,180,1,False,4,6,False,True,2,1,0,119,70,6,119,70,6,False,False,,,False
92218970,666.9,WIN,False,21,2,MAIN,3,TIMING,,,,1,0,677,180,180,1,False,4,6,False,True,2,1,0,119,70,6,235,30,6,False,False,,,False
92218970,666.9,WIN,False,22,4,MAIN,17,BENCH_MANAGEMENT,EVOLVE,,EVOLVE,0,0,677,170,180,1,True,4,6,False,True,2,1,0,235,30,6,235,30,6,False,False,Itchy Pollen,10,False
92218970,666.9,WIN,False,23,4,MAIN,16,RESOURCE_MANAGEMENT,PLAY_SUPPORTER,1182,PLAY,1,0,678,430,440,3,True,4,6,False,True,2,1,0,235,30,6,235,30,6,False,False,Itchy Pollen,10,True
92218970,666.9,WIN,False,24,4,SWITCH,4,ACTIVE_POKEMON_SELECTION,,,CARD,0,0,678,430,440,3,True,4,6,False,True,2,1,0,235,30,6,120,90,6,False,False,Itchy Pollen,10,False
92218970,666.9,WIN,False,25,4,MAIN,13,RESOURCE_MANAGEMENT,ABILITY,,ABILITY,1,0,678,430,440,3,True,4,6,False,True,2,1,0,120,90,6,120,90,6,False,False,,,False
92218970,666.9,WIN,False,26,4,DISCARD,2,RESOURCE_MANAGEMENT,,,CARD,0,0,678,430,440,3,True,4,6,False,True,2,1,0,120,90,6,120,90,6,False,False,,,False
92218970,666.9,WIN,False,27,4,MAIN,13,ENERGY_MANAGEMENT,ATTACH_ENERGY,,ATTACH,1,0,678,430,440,3,True,4,6,False,True,2,1,0,120,90,6,120,90,6,False,False,,,False
92218970,666.9,WIN,False,28,4,MAIN,5,ATTACK_SELECTION,ATTACK,,ATTACK,2,1,678,430,440,3,True,4,6,True,True,2,2,0,120,90,6,120,0,6,False,False,,,False
92218970,666.9,WIN,False,29,4,ATTACH_TO,4,ENERGY_MANAGEMENT,,,CARD;CARD;CARD,0,0,678,430,440,3,True,4,6,False,True,2,2,0,120,0,6,120,0,6,False,False,,,False
92218970,666.9,WIN,False,30,4,ATTACH_FROM,4,ENERGY_MANAGEMENT,,,CARD,0,0,678,430,440,3,True,4,6,False,True,2,2,0,120,0,6,120,0,6,False,False,,,False
92218970,666.9,WIN,False,31,4,ATTACH_FROM,4,ENERGY_MANAGEMENT,,,CARD,0,0,678,430,440,3,True,4,6,False,True,2,2,1,120,0,6,120,0,6,False,False,,,False
92218970,666.9,WIN,False,32,4,ATTACH_FROM,4,ENERGY_MANAGEMENT,,,CARD,0,0,678,430,440,3,True,4,6,False,True,2,2,1,120,0,6,,,6,False,False,,,False
92218970,666.9,WIN,False,33,4,TO_HAND,6,RESOURCE_MANAGEMENT,,,,0,0,678,430,440,3,True,4,6,False,True,2,2,2,,,6,235,30,6,,,,,False
92218970,666.9,WIN,False,34,6,MAIN,12,ENERGY_MANAGEMENT,ATTACH_ENERGY,,ATTACH,1,0,673,70,80,1,True,4,5,False,True,2,1,2,235,30,6,235,30,6,False,False,Itchy Pollen,10,True
92218970,666.9,WIN,False,35,6,MAIN,8,RETREAT_SELECTION,RETREAT,,RETREAT,2,0,673,70,80,1,True,4,5,True,True,2,2,2,235,30,6,235,30,6,False,False,Itchy Pollen,10,False
92218970,666.9,WIN,False,36,6,DISCARD_ENERGY,2,ENERGY_MANAGEMENT,,,ENERGY,0,0,673,70,80,1,True,4,5,False,True,2,2,2,235,30,6,235,30,6,False,False,Itchy Pollen,10,False
92218970,666.9,WIN,False,37,6,DISCARD_ENERGY,1,ENERGY_MANAGEMENT,,,ENERGY,0,0,673,70,80,1,True,4,5,False,True,2,1,2,235,30,6,235,30,6,False,False,Itchy Pollen,10,False
92218970,666.9,WIN,False,38,6,SWITCH,4,ACTIVE_POKEMON_SELECTION,,,CARD,0,0,673,70,80,1,True,4,5,False,True,2,0,2,235,30,6,235,30,6,False,False,Itchy Pollen,10,False
92218970,666.9,WIN,False,39,6,MAIN,7,RESOURCE_MANAGEMENT,PLAY_SUPPORTER,1182,PLAY,2,0,678,430,440,3,True,4,5,False,True,2,2,1,235,30,6,235,30,6,False,False,Itchy Pollen,10,True
92218970,666.9,WIN,False,40,6,SWITCH,5,ACTIVE_POKEMON_SELECTION,,,CARD,0,0,678,430,440,3,True,4,5,False,True,2,2,1,235,30,6,120,90,6,False,False,Itchy Pollen,10,False
92218970,666.9,WIN,False,41,6,MAIN,4,RESOURCE_MANAGEMENT,PLAY_POKEMON,675,PLAY,2,0,678,430,440,3,True,4,5,False,True,2,2,1,120,90,6,120,90,6,False,False,,,False
92218970,666.9,WIN,False,42,6,MAIN,3,ATTACK_SELECTION,ATTACK,,ATTACK,2,1,678,430,440,3,True,5,5,False,True,2,2,1,120,90,6,120,0,6,False,False,,,False
92218970,666.9,WIN,False,43,6,ATTACH_TO,3,ENERGY_MANAGEMENT,,,CARD;CARD;CARD,0,0,678,430,440,3,True,5,5,False,True,2,2,1,120,0,6,120,0,6,False,False,,,False
92218970,666.9,WIN,False,44,6,ATTACH_FROM,5,ENERGY_MANAGEMENT,,,CARD,0,0,678,430,440,3,True,5,5,False,True,2,2,1,120,0,6,120,0,6,False,False,,,False
92218970,666.9,WIN,False,45,6,ATTACH_FROM,5,ENERGY_MANAGEMENT,,,CARD,0,0,678,430,440,3,True,5,5,False,True,2,2,2,120,0,6,120,0,6,False,False,,,False
92218970,666.9,WIN,False,46,6,ATTACH_FROM,5,ENERGY_MANAGEMENT,,,CARD,0,0,678,430,440,3,True,5,5,False,True,2,2,2,120,0,6,,,6,False,False,,,False
92218970,666.9,WIN,False,47,6,TO_HAND,5,RESOURCE_MANAGEMENT,,,,0,0,678,430,440,3,True,5,5,False,True,2,2,2,,,6,235,30,6,,,,,False
92218970,666.9,WIN,False,48,8,MAIN,3,BENCH_MANAGEMENT,EVOLVE,,EVOLVE,1,0,678,420,440,3,True,5,4,False,True,2,1,2,235,30,6,235,30,6,False,False,Itchy Pollen,10,False
92218970,666.9,WIN,False,49,8,MAIN,2,ATTACK_SELECTION,ATTACK,,ATTACK,1,1,678,420,440,3,True,5,4,False,True,2,1,2,235,30,6,235,0,6,False,False,Itchy Pollen,10,False
92218970,666.9,WIN,False,50,8,ATTACH_TO,1,ENERGY_MANAGEMENT,,,CARD,0,0,678,420,440,3,True,5,4,False,True,2,1,2,235,0,6,235,0,6,False,False,Itchy Pollen,10,False
92218970,666.9,WIN,False,51,8,ATTACH_FROM,5,ENERGY_MANAGEMENT,,,CARD,0,0,678,420,440,3,True,5,4,False,True,2,1,2,235,0,6,,,6,False,False,Itchy Pollen,10,False
92218970,666.9,WIN,False,52,8,TO_HAND,4,RESOURCE_MANAGEMENT,,,,0,0,678,420,440,3,True,5,4,False,True,2,1,2,,,6,121,320,6,,,,,False
92218970,666.9,WIN,False,53,10,MAIN,3,RESOURCE_MANAGEMENT,PLAY_ITEM,1121,PLAY,1,0,678,220,440,3,True,5,3,False,True,2,1,2,121,320,6,121,320,6,False,False,Phantom Dive,200,False
92218970,666.9,WIN,False,54,10,DISCARD,3,RESOURCE_MANAGEMENT,,,CARD;CARD,0,0,678,220,440,3,True,5,3,False,True,2,1,2,121,320,6,121,320,6,False,False,Phantom Dive,200,False
92218970,666.9,WIN,False,55,10,TO_HAND,5,RESOURCE_MANAGEMENT,,,CARD,0,0,678,220,440,3,True,5,3,False,True,2,1,2,121,320,6,121,320,6,False,False,Phantom Dive,200,False
92218970,666.9,WIN,False,56,10,MAIN,3,BENCH_MANAGEMENT,EVOLVE,,EVOLVE,1,0,678,220,440,3,True,5,3,False,True,2,1,2,121,320,6,121,320,6,False,False,Phantom Dive,200,False
92218970,666.9,WIN,False,57,10,ACTIVATE,2,RESOURCE_MANAGEMENT,,,YES,0,0,678,220,440,3,True,5,3,False,True,2,1,2,121,320,6,121,320,6,False,False,Phantom Dive,200,False
92218970,666.9,WIN,False,58,10,SWITCH,4,ACTIVE_POKEMON_SELECTION,,,CARD,0,0,678,220,440,3,True,5,3,False,True,2,1,2,121,320,6,120,60,6,False,False,Phantom Dive,200,False
92218970,666.9,WIN,False,59,10,MAIN,2,ATTACK_SELECTION,ATTACK,,ATTACK,1,1,678,220,440,3,True,5,3,False,True,2,1,2,120,60,6,,,6,False,False,,,False
92218970,666.9,WIN,False,60,10,TO_HAND,3,RESOURCE_MANAGEMENT,,,,0,0,678,220,440,3,True,5,3,False,True,2,1,2,,,6,121,320,6,,,,,False
92218970,666.9,WIN,False,61,12,MAIN,4,RESOURCE_MANAGEMENT,PLAY_SUPPORTER,1229,PLAY,1,0,678,20,440,3,True,5,2,False,True,2,1,2,121,320,6,121,320,6,True,False,Phantom Dive,200,False
92218970,666.9,WIN,False,62,12,HEAL,1,RESOURCE_MANAGEMENT,,,CARD,0,0,678,20,440,3,True,5,2,False,True,2,1,2,121,320,6,121,320,6,True,False,Phantom Dive,200,False
92218970,666.9,WIN,False,63,12,MAIN,10,ENERGY_MANAGEMENT,ATTACH_ENERGY,,ATTACH,0,0,678,440,440,3,False,5,2,False,True,2,0,2,121,320,6,121,320,6,False,False,Phantom Dive,200,False
92218970,666.9,WIN,False,64,12,MAIN,3,RESOURCE_MANAGEMENT,PLAY_ITEM,1142,PLAY,1,0,678,440,440,3,False,5,2,False,True,2,1,2,121,320,6,121,320,6,False,False,Phantom Dive,200,False
92218970,666.9,WIN,False,65,12,TO_HAND,6,RESOURCE_MANAGEMENT,,,CARD,0,0,678,440,440,3,False,5,2,False,True,2,1,2,121,320,6,121,320,6,False,False,Phantom Dive,200,False
92218970,666.9,WIN,False,66,12,MAIN,4,RESOURCE_MANAGEMENT,ABILITY,,ABILITY,1,0,678,440,440,3,False,5,2,False,True,2,1,2,121,320,6,121,320,6,False,False,Phantom Dive,200,False
92218970,666.9,WIN,False,67,12,DISCARD,1,RESOURCE_MANAGEMENT,,,CARD,0,0,678,440,440,3,False,5,2,False,True,2,1,2,121,320,6,121,320,6,False,False,Phantom Dive,200,False
92218970,666.9,WIN,False,68,12,MAIN,3,ATTACK_SELECTION,ATTACK,,ATTACK,1,1,678,440,440,3,False,5,2,False,True,2,1,2,121,320,6,121,190,6,False,False,Phantom Dive,200,False
92218970,666.9,WIN,False,69,12,ATTACH_TO,1,ENERGY_MANAGEMENT,,,CARD,0,0,678,440,440,3,False,5,2,False,True,2,1,2,121,190,6,121,190,6,False,False,Phantom Dive,200,False
92218970,666.9,WIN,False,70,12,ATTACH_FROM,5,ENERGY_MANAGEMENT,,,,0,0,678,440,440,3,False,5,2,False,True,2,1,2,121,190,6,121,250,5,False,False,Phantom Dive,200,False
92218970,666.9,WIN,False,71,14,MAIN,12,ENERGY_MANAGEMENT,ATTACH_ENERGY,,ATTACH,1,0,678,210,440,3,True,4,2,False,True,2,1,2,121,250,5,121,250,5,False,False,Phantom Dive,200,False
92218970,666.9,WIN,False,72,14,MAIN,7,RESOURCE_MANAGEMENT,PLAY_POKEMON,677,PLAY,2,0,678,210,440,3,True,4,2,True,True,2,2,2,121,250,5,121,250,5,False,False,Phantom Dive,200,False
92218970,666.9,WIN,False,73,14,MAIN,6,ATTACK_SELECTION,ATTACK,,ATTACK,2,1,678,210,440,3,True,5,2,True,True,2,2,2,121,250,5,,,5,False,False,Phantom Dive,200,False
92218995,1000.1,WIN,True,0,,,0,UNKNOWN,,,,0,0,,,,,False,,,False,False,,,0,,,,,,,,,,,False
92218995,1000.1,WIN,True,1,,,0,UNKNOWN,,,,0,0,,,,,False,,,False,False,,,0,,,,,,0,,,,,False
92218995,1000.1,WIN,True,2,0,IS_FIRST,2,GOING_FIRST_SECOND,,,YES,0,0,,,,,False,0,0,False,False,,,0,,,0,,,0,,,,,False
92218995,1000.1,WIN,True,3,0,SETUP_ACTIVE_POKEMON,1,EARLY_GAME_SETUP,,,,0,0,,,,,False,0,0,False,False,,,0,,,0,149,40,6,,,,,False
92218995,1000.1,WIN,True,4,1,MAIN,4,RESOURCE_MANAGEMENT,PLAY_ITEM,1152,PLAY,0,0,675,110,110,1,False,0,6,False,False,1,0,0,149,40,6,149,40,6,False,False,,,False
92218995,1000.1,WIN,True,5,1,TO_HAND,11,RESOURCE_MANAGEMENT,,,CARD,0,0,675,110,110,1,False,0,6,False,False,1,0,0,149,40,6,149,40,6,False,False,,,False
92218995,1000.1,WIN,True,6,1,MAIN,4,RESOURCE_MANAGEMENT,PLAY_POKEMON,677,PLAY,0,0,675,110,110,1,False,0,6,False,False,1,0,0,149,40,6,149,40,6,False,False,,,False
92218995,1000.1,WIN,True,7,1,MAIN,3,RESOURCE_MANAGEMENT,PLAY_ITEM,1152,PLAY,0,0,675,110,110,1,False,1,6,False,True,1,0,0,149,40,6,149,40,6,False,False,,,False
92218995,1000.1,WIN,True,8,1,TO_HAND,10,RESOURCE_MANAGEMENT,,,CARD,0,0,675,110,110,1,False,1,6,False,True,1,0,0,149,40,6,149,40,6,False,False,,,False
92218995,1000.1,WIN,True,9,1,MAIN,3,RESOURCE_MANAGEMENT,PLAY_POKEMON,676,PLAY,0,0,675,110,110,1,False,1,6,False,True,1,0,0,149,40,6,149,40,6,False,False,,,False
92218995,1000.1,WIN,True,10,1,MAIN,2,RESOURCE_MANAGEMENT,PLAY_ITEM,1152,PLAY,0,0,675,110,110,1,False,2,6,False,True,1,0,0,149,40,6,149,40,6,False,False,,,False
92218995,1000.1,WIN,True,11,1,TO_HAND,9,RESOURCE_MANAGEMENT,,,CARD,0,0,675,110,110,1,False,2,6,False,True,1,0,0,149,40,6,149,40,6,False,False,,,False
92218995,1000.1,WIN,True,12,1,MAIN,2,RESOURCE_MANAGEMENT,PLAY_POKEMON,673,PLAY,0,0,675,110,110,1,False,2,6,False,True,1,0,0,149,40,6,149,40,6,False,False,,,False
92218995,1000.1,WIN,True,13,1,MAIN,1,TIMING,,,,0,0,675,110,110,1,False,3,6,False,True,1,0,0,149,40,6,149,40,6,False,False,,,False
92218995,1000.1,WIN,True,14,3,MAIN,6,BENCH_MANAGEMENT,EVOLVE,,EVOLVE,0,0,675,70,110,1,True,3,6,False,True,1,0,0,149,40,6,149,40,6,False,False,Spray Fluid,20,False
92218995,1000.1,WIN,True,15,3,MAIN,5,RESOURCE_MANAGEMENT,PLAY_SUPPORTER,1227,PLAY,0,0,675,70,110,1,True,3,6,False,True,1,0,0,149,40,6,149,40,6,False,False,Spray Fluid,20,False
92218995,1000.1,WIN,True,16,3,MAIN,15,RESOURCE_MANAGEMENT,ABILITY,,ABILITY,0,0,675,70,110,1,True,3,6,False,True,1,0,0,149,40,6,149,40,6,False,False,Spray Fluid,20,False
92218995,1000.1,WIN,True,17,3,DISCARD,2,RESOURCE_MANAGEMENT,,,CARD,0,0,675,70,110,1,True,3,6,False,True,1,0,0,149,40,6,149,40,6,False,False,Spray Fluid,20,False
92218995,1000.1,WIN,True,18,3,MAIN,15,RESOURCE_MANAGEMENT,PLAY_POKEMON,677,PLAY,0,0,675,70,110,1,True,3,6,False,True,1,0,0,149,40,6,149,40,6,False,False,Spray Fluid,20,False
92218995,1000.1,WIN,True,19,3,MAIN,16,RESOURCE_MANAGEMENT,PLAY_ITEM,1152,PLAY,0,0,675,70,110,1,True,4,6,False,True,1,0,0,149,40,6,149,40,6,False,False,Spray Fluid,20,False
92218995,1000.1,WIN,True,20,3,TO_HAND,6,RESOURCE_MANAGEMENT,,,CARD,0,0,675,70,110,1,True,4,6,False,True,1,0,0,149,40,6,149,40,6,False,False,Spray Fluid,20,False
92218995,1000.1,WIN,True,21,3,MAIN,16,RESOURCE_MANAGEMENT,PLAY_POKEMON,673,PLAY,0,0,675,70,110,1,True,4,6,False,True,1,0,0,149,40,6,149,40,6,False,False,Spray Fluid,20,False
92218995,1000.1,WIN,True,22,3,MAIN,17,ENERGY_MANAGEMENT,ATTACH_ENERGY,,ATTACH,0,0,675,70,110,1,True,5,6,False,True,1,0,0,149,40,6,149,40,6,False,False,Spray Fluid,20,False
92218995,1000.1,WIN,True,23,3,MAIN,6,RETREAT_SELECTION,RETREAT,,RETREAT,0,0,675,70,110,1,True,5,6,True,True,1,1,0,149,40,6,149,40,6,False,False,Spray Fluid,20,False
92218995,1000.1,WIN,True,24,3,DISCARD_ENERGY,1,ENERGY_MANAGEMENT,,,ENERGY,0,0,675,70,110,1,True,5,6,False,True,1,1,0,149,40,6,149,40,6,False,False,Spray Fluid,20,False
92218995,1000.1,WIN,True,25,3,SWITCH,5,ACTIVE_POKEMON_SELECTION,,,CARD,0,0,675,70,110,1,True,5,6,False,True,1,0,0,149,40,6,149,40,6,False,False,Spray Fluid,20,False
92218995,1000.1,WIN,True,26,3,MAIN,5,BENCH_MANAGEMENT,EVOLVE,,EVOLVE,0,0,678,340,340,3,False,5,6,False,True,2,0,0,149,40,6,149,40,6,False,False,Spray Fluid,20,True
92218995,1000.1,WIN,True,27,3,ACTIVATE,2,RESOURCE_MANAGEMENT,,,YES,0,0,678,340,340,3,False,5,6,False,True,2,0,0,149,40,6,149,40,6,False,False,Spray Fluid,20,False
92218995,1000.1,WIN,True,28,3,SWITCH,2,ACTIVE_POKEMON_SELECTION,,,CARD,0,0,678,340,340,3,False,5,6,False,True,2,0,0,149,40,6,89,70,6,False,False,Spray Fluid,20,False
92218995,1000.1,WIN,True,29,3,MAIN,4,RESOURCE_MANAGEMENT,PLAY_ITEM,1142,PLAY,0,0,678,340,340,3,False,5,6,False,True,2,0,0,89,70,6,89,70,6,False,False,,,False
92218995,1000.1,WIN,True,30,3,TO_HAND,11,RESOURCE_MANAGEMENT,,,CARD,0,0,678,340,340,3,False,5,6,False,True,2,0,0,89,70,6,89,70,6,False,False,,,False
92218995,1000.1,WIN,True,31,3,MAIN,3,TIMING,,,,0,0,678,340,340,3,False,5,6,False,True,2,0,0,89,70,6,93,80,6,False,False,,,False
92218995,1000.1,WIN,True,32,5,MAIN,19,RESOURCE_MANAGEMENT,PLAY_SUPPORTER,1229,PLAY,0,0,678,220,340,3,True,5,6,False,True,2,0,0,93,80,6,93,80,6,False,False,Do the Wave,0,False
92218995,1000.1,WIN,True,33,5,HEAL,1,RESOURCE_MANAGEMENT,,,CARD,0,0,678,220,340,3,True,5,6,False,True,2,0,0,93,80,6,93,80,6,False,False,Do the Wave,0,False
92218995,1000.1,WIN,True,34,5,MAIN,17,RESOURCE_MANAGEMENT,ABILITY,,ABILITY,0,0,678,340,340,3,False,5,6,False,True,2,0,0,93,80,6,93,80,6,False,False,Do the Wave,0,False
92218995,1000.1,WIN,True,35,5,DISCARD,2,RESOURCE_MANAGEMENT,,,CARD,0,0,678,340,340,3,False,5,6,False,True,2,0,0,93,80,6,93,80,6,False,False,Do the Wave,0,False
92218995,1000.1,WIN,True,36,5,MAIN,11,ENERGY_MANAGEMENT,ATTACH_ENERGY,,ATTACH,0,0,678,340,340,3,False,5,6,False,True,2,0,0,93,80,6,93,80,6,False,False,Do the Wave,0,False
92218995,1000.1,WIN,True,37,5,MAIN,6,BENCH_MANAGEMENT,EVOLVE,,EVOLVE,1,0,678,340,340,3,False,5,6,False,True,2,1,0,93,80,6,93,80,6,False,False,Do the Wave,0,False
92218995,1000.1,WIN,True,38,5,ACTIVATE,2,RESOURCE_MANAGEMENT,,,YES,0,0,678,340,340,3,False,5,6,False,True,2,1,0,93,80,6,93,80,6,False,False,Do the Wave,0,False
92218995,1000.1,WIN,True,39,5,SWITCH,3,ACTIVE_POKEMON_SELECTION,,,CARD,0,0,678,340,340,3,False,5,6,False,True,2,1,0,93,80,6,140,210,6,False,False,Do the Wave,0,False
92218995,1000.1,WIN,True,40,5,MAIN,5,RESOURCE_MANAGEMENT,PLAY_ITEM,1142,PLAY,1,0,678,340,340,3,False,5,6,False,True,2,1,0,140,210,6,140,210,6,False,False,,,False
92218995,1000.1,WIN,True,41,5,TO_HAND,8,RESOURCE_MANAGEMENT,,,CARD,0,0,678,340,340,3,False,5,6,False,True,2,1,0,140,210,6,140,210,6,False,False,,,False
92218995,1000.1,WIN,True,42,5,MAIN,4,ATTACK_SELECTION,ATTACK,,ATTACK,1,1,678,340,340,3,False,5,6,False,True,2,1,0,140,210,6,140,0,6,False,False,,,False
92218995,1000.1,WIN,True,43,5,ATTACH_TO,3,ENERGY_MANAGEMENT,,,CARD;CARD;CARD,0,0,678,340,340,3,False,5,6,False,True,2,1,0,140,0,6,140,0,6,False,False,,,False
92218995,1000.1,WIN,True,44,5,ATTACH_FROM,5,ENERGY_MANAGEMENT,,,CARD,0,0,678,340,340,3,False,5,6,False,True,2,1,0,140,0,6,140,0,6,False,False,,,False
92218995,1000.1,WIN,True,45,5,ATTACH_FROM,5,ENERGY_MANAGEMENT,,,CARD,0,0,678,340,340,3,False,5,6,False,True,2,1,0,140,0,6,140,0,6,False,False,,,False
92218995,1000.1,WIN,True,46,5,ATTACH_FROM,5,ENERGY_MANAGEMENT,,,CARD,0,0,678,340,340,3,False,5,6,False,True,2,1,0,140,0,6,,,6,False,False,,,False
92218995,1000.1,WIN,True,47,5,TO_HAND,6,RESOURCE_MANAGEMENT,,,,0,0,678,340,340,3,False,5,6,False,True,2,1,1,,,6,93,80,6,,,,,False
92218995,1000.1,WIN,True,48,7,MAIN,11,RESOURCE_MANAGEMENT,ABILITY,,ABILITY,1,0,678,80,340,3,True,5,4,False,True,2,1,1,93,80,6,93,80,6,False,False,Do the Wave,0,False
92218995,1000.1,WIN,True,49,7,DISCARD,1,RESOURCE_MANAGEMENT,,,CARD,0,0,678,80,340,3,True,5,4,False,True,2,1,1,93,80,6,93,80,6,False,False,Do the Wave,0,False
92218995,1000.1,WIN,True,50,7,MAIN,11,RESOURCE_MANAGEMENT,PLAY_ITEM,1123,PLAY,1,0,678,80,340,3,True,5,4,False,True,2,1,1,93,80,6,93,80,6,False,False,Do the Wave,0,False
92218995,1000.1,WIN,True,51,7,SWITCH,5,ACTIVE_POKEMON_SELECTION,,,CARD,0,0,678,80,340,3,True,5,4,False,True,2,1,1,93,80,6,93,80,6,False,False,Do the Wave,0,False
92218995,1000.1,WIN,True,52,7,MAIN,11,ENERGY_MANAGEMENT,ATTACH_ENERGY,,ATTACH,1,0,674,150,150,1,False,5,4,True,True,3,3,1,93,80,6,93,80,6,False,False,Do the Wave,0,True
92218995,1000.1,WIN,True,53,7,MAIN,5,ATTACK_SELECTION,ATTACK,,ATTACK,1,1,674,150,150,1,False,5,4,True,True,3,3,1,93,80,6,,,6,False,False,Do the Wave,0,False
92218995,1000.1,WIN,True,54,7,TO_HAND,4,RESOURCE_MANAGEMENT,,,,0,0,674,80,150,1,True,5,4,False,True,3,3,1,,,6,93,80,5,,,,,False
92218995,1000.1,WIN,True,55,8,TO_ACTIVE,5,ACTIVE_POKEMON_SELECTION,,,,0,0,,,,,False,5,3,False,True,,,1,93,80,5,93,80,5,,,,,True
92218995,1000.1,WIN,True,56,9,MAIN,12,RESOURCE_MANAGEMENT,ABILITY,,ABILITY,1,0,678,50,440,3,True,4,3,False,True,2,1,0,93,80,5,93,80,5,False,False,Do the Wave,0,False
92218995,1000.1,WIN,True,57,9,DISCARD,1,RESOURCE_MANAGEMENT,,,CARD,0,0,678,50,440,3,True,4,3,False,True,2,1,0,93,80,5,93,80,5,False,False,Do the Wave,0,False
92218995,1000.1,WIN,True,58,9,MAIN,13,RESOURCE_MANAGEMENT,PLAY_ITEM,1121,PLAY,1,0,678,50,440,3,True,4,3,False,True,2,1,0,93,80,5,93,80,5,False,False,Do the Wave,0,False
92218995,1000.1,WIN,True,59,9,DISCARD,6,RESOURCE_MANAGEMENT,,,CARD;CARD,0,0,678,50,440,3,True,4,3,False,True,2,1,0,93,80,5,93,80,5,False,False,Do the Wave,0,False
92218995,1000.1,WIN,True,60,9,TO_HAND,6,RESOURCE_MANAGEMENT,,,CARD,0,0,678,50,440,3,True,4,3,False,True,2,1,0,93,80,5,93,80,5,False,False,Do the Wave,0,False
92218995,1000.1,WIN,True,61,9,MAIN,11,BENCH_MANAGEMENT,EVOLVE,,EVOLVE,1,0,678,50,440,3,True,4,3,False,True,2,1,0,93,80,5,93,80,5,False,False,Do the Wave,0,False
92218995,1000.1,WIN,True,62,9,MAIN,10,ENERGY_MANAGEMENT,ATTACH_ENERGY,,ATTACH,1,0,678,50,440,3,True,4,3,False,True,2,1,0,93,80,5,93,80,5,False,False,Do the Wave,0,False
92218995,1000.1,WIN,True,63,9,MAIN,5,RESOURCE_MANAGEMENT,PLAY_ITEM,1142,PLAY,1,0,678,50,440,3,True,4,3,False,True,2,1,1,93,80,5,93,80,5,False,False,Do the Wave,0,False
92218995,1000.1,WIN,True,64,9,TO_HAND,8,RESOURCE_MANAGEMENT,,,CARD,0,0,678,50,440,3,True,4,3,False,True,2,1,1,93,80,5,93,80,5,False,False,Do the Wave,0,False
92218995,1000.1,WIN,True,65,9,MAIN,5,RESOURCE_MANAGEMENT,PLAY_POKEMON,677,PLAY,1,0,678,50,440,3,True,4,3,False,True,2,1,1,93,80,5,93,80,5,False,False,Do the Wave,0,False
92218995,1000.1,WIN,True,66,9,MAIN,4,RESOURCE_MANAGEMENT,PLAY_SUPPORTER,1227,PLAY,1,0,678,50,440,3,True,5,3,False,True,2,1,1,93,80,5,93,80,5,False,False,Do the Wave,0,False
92218995,1000.1,WIN,True,67,9,MAIN,3,ATTACK_SELECTION,ATTACK,,ATTACK,1,1,678,50,440,3,True,5,3,False,True,2,1,1,93,80,5,93,0,5,False,False,Do the Wave,0,False
92218995,1000.1,WIN,True,68,9,ATTACH_TO,5,ENERGY_MANAGEMENT,,,CARD;CARD;CARD,0,0,678,50,440,3,True,5,3,False,True,2,1,1,93,0,5,93,0,5,False,False,Do the Wave,0,False
92218995,1000.1,WIN,True,69,9,ATTACH_FROM,5,ENERGY_MANAGEMENT,,,CARD,0,0,678,50,440,3,True,5,3,False,True,2,1,1,93,0,5,93,0,5,False,False,Do the Wave,0,False
92218995,1000.1,WIN,True,70,9,ATTACH_FROM,5,ENERGY_MANAGEMENT,,,CARD,0,0,678,50,440,3,True,5,3,False,True,2,1,1,93,0,5,93,0,5,False,False,Do the Wave,0,False
92218995,1000.1,WIN,True,71,9,ATTACH_FROM,5,ENERGY_MANAGEMENT,,,CARD,0,0,678,50,440,3,True,5,3,False,True,2,1,1,93,0,5,,,5,False,False,Do the Wave,0,False
92218995,1000.1,WIN,True,72,9,TO_HAND,3,RESOURCE_MANAGEMENT,,,,0,0,678,50,440,3,True,5,3,False,True,2,1,2,,,5,93,80,2,,,,,False
92218995,1000.1,WIN,True,73,10,TO_ACTIVE,5,ACTIVE_POKEMON_SELECTION,,,,0,0,,,,,False,5,2,False,True,,,2,93,80,2,93,80,2,,,,,True
92218995,1000.1,WIN,True,74,11,MAIN,23,RESOURCE_MANAGEMENT,PLAY_SUPPORTER,1182,PLAY,1,0,678,200,340,3,True,4,2,False,True,2,1,1,93,80,2,93,80,2,False,False,Do the Wave,0,False
92218995,1000.1,WIN,True,75,11,SWITCH,5,ACTIVE_POKEMON_SELECTION,,,CARD,0,0,678,200,340,3,True,4,2,False,True,2,1,1,93,80,2,140,210,2,False,False,Do the Wave,0,False
92218995,1000.1,WIN,True,76,11,MAIN,21,ENERGY_MANAGEMENT,ATTACH_ENERGY,,ATTACH,1,0,678,200,340,3,True,4,2,False,True,2,1,1,140,210,2,140,210,2,False,False,,,False
92218995,1000.1,WIN,True,77,11,MAIN,8,ATTACK_SELECTION,ATTACK,,ATTACK,2,1,678,200,340,3,True,4,2,True,True,2,2,1,140,210,2,,,2,False,False,,,False
92218051,1192.2,LOSS,False,0,,,0,UNKNOWN,,,,0,0,,,,,False,,,False,False,,,0,,,,,,,,,,,False
92218051,1192.2,LOSS,False,1,,,0,UNKNOWN,,,,0,0,,,,,False,,,False,False,,,0,,,,,,0,,,,,False
92218051,1192.2,LOSS,False,2,0,SETUP_ACTIVE_POKEMON,1,EARLY_GAME_SETUP,,,,0,0,,,,,False,0,0,False,False,,,0,,,0,96,210,6,,,,,False
92218051,1192.2,LOSS,False,3,2,MAIN,7,RESOURCE_MANAGEMENT,PLAY_POKEMON,673,PLAY,0,0,675,110,110,1,False,0,6,False,False,1,0,0,96,210,6,96,210,6,False,False,,,False
92218051,1192.2,LOSS,False,4,2,MAIN,10,RESOURCE_MANAGEMENT,PLAY_ITEM,1123,PLAY,0,0,675,110,110,1,False,1,6,False,True,1,0,0,96,210,6,96,210,6,False,False,,,False
92218051,1192.2,LOSS,False,5,2,SWITCH,1,ACTIVE_POKEMON_SELECTION,,,CARD,0,0,675,110,110,1,False,1,6,False,True,1,0,0,96,210,6,96,210,6,False,False,,,False
92218051,1192.2,LOSS,False,6,2,MAIN,9,ENERGY_MANAGEMENT,ATTACH_ENERGY,,ATTACH,0,0,673,80,80,1,False,1,6,False,True,2,0,0,96,210,6,96,210,6,False,False,,,True
92218051,1192.2,LOSS,False,7,2,MAIN,4,RESOURCE_MANAGEMENT,PLAY_SUPPORTER,1227,PLAY,1,0,673,80,80,1,False,1,6,False,True,2,1,0,96,210,6,96,210,6,False,False,,,False
92218051,1192.2,LOSS,False,8,2,MAIN,4,RESOURCE_MANAGEMENT,PLAY_ITEM,1142,PLAY,1,0,673,80,80,1,False,1,6,False,True,2,1,0,96,210,6,96,210,6,False,False,,,False
92218051,1192.2,LOSS,False,9,2,TO_HAND,17,RESOURCE_MANAGEMENT,,,CARD,0,0,673,80,80,1,False,1,6,False,True,2,1,0,96,210,6,96,210,6,False,False,,,False
92218051,1192.2,LOSS,False,10,2,MAIN,4,RESOURCE_MANAGEMENT,PLAY_POKEMON,676,PLAY,1,0,673,80,80,1,False,1,6,False,True,2,1,0,96,210,6,96,210,6,False,False,,,False
92218051,1192.2,LOSS,False,11,2,MAIN,4,RESOURCE_MANAGEMENT,ABILITY,,ABILITY,1,0,673,80,80,1,False,2,6,False,True,2,1,0,96,210,6,96,210,6,False,False,,,False
92218051,1192.2,LOSS,False,12,2,DISCARD,2,RESOURCE_MANAGEMENT,,,CARD,0,0,673,80,80,1,False,2,6,False,True,2,1,0,96,210,6,96,210,6,False,False,,,False
92218051,1192.2,LOSS,False,13,2,MAIN,4,RESOURCE_MANAGEMENT,PLAY_ITEM,1152,PLAY,1,0,673,80,80,1,False,2,6,False,True,2,1,0,96,210,6,96,210,6,False,False,,,False
92218051,1192.2,LOSS,False,14,2,TO_HAND,7,RESOURCE_MANAGEMENT,,,CARD,0,0,673,80,80,1,False,2,6,False,True,2,1,0,96,210,6,96,210,6,False,False,,,False
92218051,1192.2,LOSS,False,15,2,MAIN,4,RESOURCE_MANAGEMENT,PLAY_POKEMON,677,PLAY,1,0,673,80,80,1,False,2,6,False,True,2,1,0,96,210,6,96,210,6,False,False,,,False
92218051,1192.2,LOSS,False,16,2,MAIN,3,TIMING,,,,1,0,673,80,80,1,False,3,6,False,True,2,1,0,96,210,6,150,330,5,False,False,,,False
92218051,1192.2,LOSS,False,17,3,TO_ACTIVE,3,ACTIVE_POKEMON_SELECTION,,,CARD,0,0,,,,,False,3,6,False,True,,,0,150,330,5,150,330,5,,,,,True
92218051,1192.2,LOSS,False,18,4,MAIN,14,BENCH_MANAGEMENT,EVOLVE,,EVOLVE,0,0,677,80,80,1,False,2,6,False,True,2,0,0,150,330,5,150,330,5,False,False,Syrup Storm,30,False
92218051,1192.2,LOSS,False,19,4,MAIN,11,ENERGY_MANAGEMENT,ATTACH_ENERGY,,ATTACH,0,0,678,340,340,3,False,2,6,False,True,2,0,0,150,330,5,150,330,5,False,False,Syrup Storm,30,True
92218051,1192.2,LOSS,False,20,4,MAIN,6,RESOURCE_MANAGEMENT,PLAY_ITEM,1141,PLAY,1,0,678,340,340,3,False,2,6,False,True,2,1,0,150,330,5,150,330,5,False,False,Syrup Storm,30,False
92218051,1192.2,LOSS,False,21,4,MAIN,5,RESOURCE_MANAGEMENT,PLAY_SUPPORTER,1227,PLAY,1,0,678,340,340,3,False,2,6,False,True,2,1,0,150,330,5,150,330,5,False,False,Syrup Storm,30,False
92218051,1192.2,LOSS,False,22,4,MAIN,3,RESOURCE_MANAGEMENT,ABILITY,,ABILITY,1,0,678,340,340,3,False,2,6,False,True,2,1,0,150,330,5,150,330,5,False,False,Syrup Storm,30,False
92218051,1192.2,LOSS,False,23,4,DISCARD,4,RESOURCE_MANAGEMENT,,,CARD,0,0,678,340,340,3,False,2,6,False,True,2,1,0,150,330,5,150,330,5,False,False,Syrup Storm,30,False
92218051,1192.2,LOSS,False,24,4,MAIN,4,RESOURCE_MANAGEMENT,PLAY_ITEM,1152,PLAY,1,0,678,340,340,3,False,2,6,False,True,2,1,0,150,330,5,150,330,5,False,False,Syrup Storm,30,False
92218051,1192.2,LOSS,False,25,4,TO_HAND,6,RESOURCE_MANAGEMENT,,,CARD,0,0,678,340,340,3,False,2,6,False,True,2,1,0,150,330,5,150,330,5,False,False,Syrup Storm,30,False
92218051,1192.2,LOSS,False,26,4,MAIN,4,RESOURCE_MANAGEMENT,PLAY_POKEMON,673,PLAY,1,0,678,340,340,3,False,2,6,False,True,2,1,0,150,330,5,150,330,5,False,False,Syrup Storm,30,False
92218051,1192.2,LOSS,False,27,4,MAIN,3,RESOURCE_MANAGEMENT,PLAY_ITEM,1121,PLAY,1,0,678,340,340,3,False,3,6,False,True,2,1,0,150,330,5,150,330,5,False,False,Syrup Storm,30,False
92218051,1192.2,LOSS,False,28,4,DISCARD,8,RESOURCE_MANAGEMENT,,,CARD;CARD,0,0,678,340,340,3,False,3,6,False,True,2,1,0,150,330,5,150,330,5,False,False,Syrup Storm,30,False
92218051,1192.2,LOSS,False,29,4,TO_HAND,7,RESOURCE_MANAGEMENT,,,CARD,0,0,678,340,340,3,False,3,6,False,True,2,1,0,150,330,5,150,330,5,False,False,Syrup Storm,30,False
92218051,1192.2,LOSS,False,30,4,MAIN,3,RESOURCE_MANAGEMENT,PLAY_POKEMON,677,PLAY,1,0,678,340,340,3,False,3,6,False,True,2,1,0,150,330,5,150,330,5,False,False,Syrup Storm,30,False
92218051,1192.2,LOSS,False,31,4,MAIN,2,ATTACK_SELECTION,ATTACK,,ATTACK,1,1,678,340,340,3,False,4,6,False,True,2,1,0,150,330,5,150,170,5,False,False,Syrup Storm,30,False
92218051,1192.2,LOSS,False,32,4,ATTACH_TO,5,ENERGY_MANAGEMENT,,,CARD;CARD;CARD,0,0,678,340,340,3,False,4,6,False,True,2,1,0,150,170,5,150,170,5,False,False,Syrup Storm,30,False
92218051,1192.2,LOSS,False,33,4,ATTACH_FROM,4,ENERGY_MANAGEMENT,,,CARD,0,0,678,340,340,3,False,4,6,False,True,2,1,0,150,170,5,150,170,5,False,False,Syrup Storm,30,False
92218051,1192.2,LOSS,False,34,4,ATTACH_FROM,4,ENERGY_MANAGEMENT,,,CARD,0,0,678,340,340,3,False,4,6,False,True,2,1,1,150,170,5,150,170,5,False,False,Syrup Storm,30,False
92218051,1192.2,LOSS,False,35,4,ATTACH_FROM,4,ENERGY_MANAGEMENT,,,,0,0,678,340,340,3,False,4,6,False,True,2,1,2,150,170,5,150,170,5,False,False,Syrup Storm,30,False
92218051,1192.2,LOSS,False,36,6,MAIN,18,RESOURCE_MANAGEMENT,ABILITY,,ABILITY,1,0,678,70,340,3,True,4,6,False,True,2,1,2,150,170,5,150,170,5,False,False,Syrup Storm,30,False
92218051,1192.2,LOSS,False,37,6,DISCARD,2,RESOURCE_MANAGEMENT,,,CARD,0,0,678,70,340,3,True,4,6,False,True,2,1,2,150,170,5,150,170,5,False,False,Syrup Storm,30,False
92218051,1192.2,LOSS,False,38,6,MAIN,15,RESOURCE_MANAGEMENT,PLAY_ITEM,1123,PLAY,1,0,678,70,340,3,True,4,6,False,True,2,1,2,150,170,5,150,170,5,False,False,Syrup Storm,30,False
92218051,1192.2,LOSS,False,39,6,SWITCH,4,ACTIVE_POKEMON_SELECTION,,,CARD,0,0,678,70,340,3,True,4,6,False,True,2,1,2,150,170,5,150,170,5,False,False,Syrup Storm,30,False
92218051,1192.2,LOSS,False,40,6,MAIN,14,RESOURCE_MANAGEMENT,PLAY_SUPPORTER,1229,PLAY,1,0,677,80,80,1,False,4,6,False,True,2,1,2,150,170,5,150,170,5,False,False,Syrup Storm,30,True
92218051,1192.2,LOSS,False,41,6,HEAL,1,RESOURCE_MANAGEMENT,,,CARD,0,0,677,80,80,1,False,4,6,False,True,2,1,2,150,170,5,150,170,5,False,False,Syrup Storm,30,False
92218051,1192.2,LOSS,False,42,6,MAIN,16,BENCH_MANAGEMENT,EVOLVE,,EVOLVE,1,0,677,80,80,1,False,4,6,False,True,2,1,1,150,170,5,150,170,5,False,False,Syrup Storm,30,False
92218051,1192.2,LOSS,False,43,6,MAIN,14,ENERGY_MANAGEMENT,ATTACH_ENERGY,,ATTACH,1,0,678,340,340,3,False,4,6,False,True,2,1,1,150,170,5,150,170,5,False,False,Syrup Storm,30,True
92218051,1192.2,LOSS,False,44,6,MAIN,6,RESOURCE_MANAGEMENT,PLAY_ITEM,1152,PLAY,2,0,678,340,340,3,False,4,6,True,True,2,2,1,150,170,5,150,170,5,False,False,Syrup Storm,30,False
92218051,1192.2,LOSS,False,45,6,TO_HAND,4,RESOURCE_MANAGEMENT,,,CARD,0,0,678,340,340,3,False,4,6,False,True,2,2,1,150,170,5,150,170,5,False,False,Syrup Storm,30,False
92218051,1192.2,LOSS,False,46,6,MAIN,6,BENCH_MANAGEMENT,EVOLVE,,EVOLVE,2,0,678,340,340,3,False,4,6,True,True,2,2,1,150,170,5,150,170,5,False,False,Syrup Storm,30,False
92218051,1192.2,LOSS,False,47,6,ACTIVATE,2,RESOURCE_MANAGEMENT,,,YES,0,0,678,340,340,3,False,4,6,False,True,2,2,0,150,170,5,150,170,5,False,False,Syrup Storm,30,False
92218051,1192.2,LOSS,False,48,6,SWITCH,4,ACTIVE_POKEMON_SELECTION,,,CARD,0,0,678,340,340,3,False,4,6,False,True,2,2,0,150,170,5,96,200,5,False,False,Syrup Storm,30,False
92218051,1192.2,LOSS,False,49,6,MAIN,5,ATTACK_SELECTION,ATTACK,,ATTACK,2,1,678,340,340,3,False,4,6,True,True,2,2,0,96,200,5,,,5,False,False,Myriad Leaf Shower,30,False
92218051,1192.2,LOSS,False,50,6,TO_HAND,6,RESOURCE_MANAGEMENT,,,,0,0,678,340,340,3,False,4,6,False,True,2,2,0,,,5,150,170,2,,,,,False
92218051,1192.2,LOSS,False,51,7,TO_ACTIVE,4,ACTIVE_POKEMON_SELECTION,,,CARD,0,0,,,,,False,4,4,False,True,,,0,150,170,2,150,170,2,,,,,True
92218051,1192.2,LOSS,False,52,8,MAIN,4,RESOURCE_MANAGEMENT,PLAY_ITEM,1142,PLAY,0,0,674,150,150,1,False,3,4,False,True,3,2,0,150,170,2,150,170,2,False,False,Syrup Storm,30,False
92218051,1192.2,LOSS,False,53,8,TO_HAND,9,RESOURCE_MANAGEMENT,,,CARD,0,0,674,150,150,1,False,3,4,False,True,3,2,0,150,170,2,150,170,2,False,False,Syrup Storm,30,False
92218051,1192.2,LOSS,False,54,8,MAIN,8,ENERGY_MANAGEMENT,ATTACH_ENERGY,,ATTACH,0,0,674,150,150,1,False,3,4,False,True,3,2,0,150,170,2,150,170,2,False,False,Syrup Storm,30,False
92218051,1192.2,LOSS,False,55,8,MAIN,4,ATTACK_SELECTION,ATTACK,,ATTACK,1,1,674,150,150,1,False,3,4,True,True,3,3,0,150,170,2,,,2,False,False,Syrup Storm,30,False
92218051,1192.2,LOSS,False,56,8,TO_HAND,4,RESOURCE_MANAGEMENT,,,,0,0,674,80,150,1,True,3,4,False,True,3,3,0,,,2,96,210,2,,,,,False
92218051,1192.2,LOSS,False,57,10,MAIN,5,RESOURCE_MANAGEMENT,PLAY_ITEM,1121,PLAY,0,0,678,10,340,3,True,3,2,False,True,2,0,1,96,210,2,96,210,2,True,False,Myriad Leaf Shower,30,True
92218051,1192.2,LOSS,False,58,10,DISCARD,4,RESOURCE_MANAGEMENT,,,CARD;CARD,0,0,678,10,340,3,True,3,2,False,True,2,0,1,96,210,2,96,210,2,True,False,Myriad Leaf Shower,30,False
92218051,1192.2,LOSS,False,59,10,TO_HAND,5,RESOURCE_MANAGEMENT,,,CARD,0,0,678,10,340,3,True,3,2,False,True,2,0,1,96,210,2,96,210,2,True,False,Myriad Leaf Shower,30,False
92218051,1192.2,LOSS,False,60,10,MAIN,4,RESOURCE_MANAGEMENT,PLAY_POKEMON,676,PLAY,0,0,678,10,340,3,True,3,2,False,True,2,0,1,96,210,2,96,210,2,True,False,Myriad Leaf Shower,30,False
92218051,1192.2,LOSS,False,61,10,MAIN,3,RESOURCE_MANAGEMENT,PLAY_SUPPORTER,1227,PLAY,0,0,678,10,340,3,True,4,2,False,True,2,0,1,96,210,2,96,210,2,True,False,Myriad Leaf Shower,30,False
92218051,1192.2,LOSS,False,62,10,MAIN,18,ENERGY_MANAGEMENT,ATTACH_ENERGY,,ATTACH,0,0,678,10,340,3,True,4,2,False,True,2,0,1,96,210,2,96,210,2,True,False,Myriad Leaf Shower,30,False
92218051,1192.2,LOSS,False,63,10,MAIN,4,RESOURCE_MANAGEMENT,ABILITY,,ABILITY,1,0,678,10,340,3,True,4,2,False,True,2,1,1,96,210,2,96,210,2,True,False,Myriad Leaf Shower,30,False
92218051,1192.2,LOSS,False,64,10,DISCARD,2,RESOURCE_MANAGEMENT,,,CARD,0,0,678,10,340,3,True,4,2,False,True,2,1,1,96,210,2,96,210,2,True,False,Myriad Leaf Shower,30,False
92218051,1192.2,LOSS,False,65,10,MAIN,6,RESOURCE_MANAGEMENT,PLAY_ITEM,1141,PLAY,1,0,678,10,340,3,True,4,2,False,True,2,1,1,96,210,2,96,210,2,True,False,Myriad Leaf Shower,30,False
92218051,1192.2,LOSS,False,66,10,MAIN,5,RESOURCE_MANAGEMENT,PLAY_ITEM,1141,PLAY,1,0,678,10,340,3,True,4,2,False,True,2,1,1,96,210,2,96,210,2,True,False,Myriad Leaf Shower,30,False
92218051,1192.2,LOSS,False,67,10,MAIN,4,RESOURCE_MANAGEMENT,PLAY_ITEM,1142,PLAY,1,0,678,10,340,3,True,4,2,False,True,2,1,1,96,210,2,96,210,2,True,False,Myriad Leaf Shower,30,False
92218051,1192.2,LOSS,False,68,10,TO_HAND,3,RESOURCE_MANAGEMENT,,,CARD,0,0,678,10,340,3,True,4,2,False,True,2,1,1,96,210,2,96,210,2,True,False,Myriad Leaf Shower,30,False
92218051,1192.2,LOSS,False,69,10,MAIN,3,RESOURCE_MANAGEMENT,PLAY_POKEMON,675,PLAY,1,0,678,10,340,3,True,4,2,False,True,2,1,1,96,210,2,96,210,2,True,False,Myriad Leaf Shower,30,False
92218051,1192.2,LOSS,False,70,10,MAIN,2,ATTACK_SELECTION,ATTACK,,ATTACK,1,1,678,10,340,3,True,5,2,False,True,2,1,1,96,210,2,96,20,2,True,False,Myriad Leaf Shower,30,False
92218051,1192.2,LOSS,False,71,10,ATTACH_TO,6,ENERGY_MANAGEMENT,,,CARD;CARD;CARD,0,0,678,10,340,3,True,5,2,False,True,2,1,1,96,20,2,96,20,2,True,False,Myriad Leaf Shower,30,False
92218051,1192.2,LOSS,False,72,10,ATTACH_FROM,5,ENERGY_MANAGEMENT,,,CARD,0,0,678,10,340,3,True,5,2,False,True,2,1,1,96,20,2,96,20,2,True,False,Myriad Leaf Shower,30,False
92218051,1192.2,LOSS,False,73,10,ATTACH_FROM,5,ENERGY_MANAGEMENT,,,CARD,0,0,678,10,340,3,True,5,2,False,True,2,1,2,96,20,2,96,20,2,True,False,Myriad Leaf Shower,30,False
92218110,1192.2,LOSS,True,0,,,0,UNKNOWN,,,,0,0,,,,,False,,,False,False,,,0,,,,,,,,,,,False
92218110,1192.2,LOSS,True,1,,,0,UNKNOWN,,,,0,0,,,,,False,,,False,False,,,0,,,,,,0,,,,,False
92218110,1192.2,LOSS,True,2,0,IS_FIRST,2,GOING_FIRST_SECOND,,,,0,0,,,,,False,0,0,False,False,,,0,,,0,,,6,,,,,False
92218110,1192.2,LOSS,True,3,0,SETUP_ACTIVE_POKEMON,1,EARLY_GAME_SETUP,,,,0,0,,,,,False,0,0,False,False,,,0,,,6,96,210,6,,,,,False
92218110,1192.2,LOSS,True,4,1,MAIN,8,RESOURCE_MANAGEMENT,PLAY_ITEM,1121,PLAY,0,0,675,110,110,1,False,0,6,False,False,1,0,0,96,210,6,96,210,6,False,False,,,False
92218110,1192.2,LOSS,True,5,1,DISCARD,6,RESOURCE_MANAGEMENT,,,CARD;CARD,0,0,675,110,110,1,False,0,6,False,False,1,0,0,96,210,6,96,210,6,False,False,,,False
92218110,1192.2,LOSS,True,6,1,TO_HAND,12,RESOURCE_MANAGEMENT,,,CARD,0,0,675,110,110,1,False,0,6,False,False,1,0,0,96,210,6,96,210,6,False,False,,,False
92218110,1192.2,LOSS,True,7,1,MAIN,6,RESOURCE_MANAGEMENT,PLAY_POKEMON,676,PLAY,0,0,675,110,110,1,False,0,6,False,False,1,0,0,96,210,6,96,210,6,False,False,,,False
92218110,1192.2,LOSS,True,8,1,MAIN,8,RESOURCE_MANAGEMENT,ABILITY,,ABILITY,0,0,675,110,110,1,False,1,6,False,True,1,0,0,96,210,6,96,210,6,False,False,,,False
92218110,1192.2,LOSS,True,9,1,DISCARD,2,RESOURCE_MANAGEMENT,,,CARD,0,0,675,110,110,1,False,1,6,False,True,1,0,0,96,210,6,96,210,6,False,False,,,False
92218110,1192.2,LOSS,True,10,1,MAIN,8,RESOURCE_MANAGEMENT,PLAY_ITEM,1121,PLAY,0,0,675,110,110,1,False,1,6,False,True,1,0,0,96,210,6,96,210,6,False,False,,,False
92218110,1192.2,LOSS,True,11,1,DISCARD,5,RESOURCE_MANAGEMENT,,,CARD;CARD,0,0,675,110,110,1,False,1,6,False,True,1,0,0,96,210,6,96,210,6,False,False,,,False
92218110,1192.2,LOSS,True,12,1,TO_HAND,11,RESOURCE_MANAGEMENT,,,CARD,0,0,675,110,110,1,False,1,6,False,True,1,0,0,96,210,6,96,210,6,False,False,,,False
92218110,1192.2,LOSS,True,13,1,MAIN,5,RESOURCE_MANAGEMENT,PLAY_POKEMON,677,PLAY,0,0,675,110,110,1,False,1,6,False,True,1,0,0,96,210,6,96,210,6,False,False,,,False
92218110,1192.2,LOSS,True,14,1,MAIN,5,RESOURCE_MANAGEMENT,PLAY_POKEMON,673,PLAY,0,0,675,110,110,1,False,2,6,False,True,1,0,0,96,210,6,96,210,6,False,False,,,False
92218110,1192.2,LOSS,True,15,1,MAIN,5,ENERGY_MANAGEMENT,ATTACH_ENERGY,,ATTACH,0,0,675,110,110,1,False,3,6,False,True,1,0,0,96,210,6,96,210,6,False,False,,,False
92218110,1192.2,LOSS,True,16,1,MAIN,1,TIMING,,,,0,0,675,110,110,1,False,3,6,False,True,1,0,1,96,210,6,96,210,6,False,False,,,False
92218110,1192.2,LOSS,True,17,3,MAIN,3,BENCH_MANAGEMENT,EVOLVE,,EVOLVE,0,0,675,110,110,1,False,3,6,False,True,1,0,1,96,210,6,96,210,6,False,False,,,False
92218110,1192.2,LOSS,True,18,3,MAIN,2,RESOURCE_MANAGEMENT,PLAY_SUPPORTER,1213,PLAY,0,0,675,110,110,1,False,3,6,False,True,1,0,1,96,210,6,96,210,6,False,False,,,False
92218110,1192.2,LOSS,True,19,3,MAIN,7,ENERGY_MANAGEMENT,ATTACH_ENERGY,,ATTACH,0,0,675,110,110,1,False,3,6,False,True,1,0,1,96,210,6,96,210,6,False,False,,,False
92218110,1192.2,LOSS,True,20,3,MAIN,3,RETREAT_SELECTION,RETREAT,,RETREAT,0,0,675,110,110,1,False,3,6,True,True,1,1,1,96,210,6,96,210,6,False,False,,,False
92218110,1192.2,LOSS,True,21,3,DISCARD_ENERGY,1,ENERGY_MANAGEMENT,,,ENERGY,0,0,675,110,110,1,False,3,6,False,True,1,1,1,96,210,6,96,210,6,False,False,,,False
92218110,1192.2,LOSS,True,22,3,SWITCH,3,ACTIVE_POKEMON_SELECTION,,,CARD,0,0,675,110,110,1,False,3,6,False,True,1,0,1,96,210,6,96,210,6,False,False,,,False
92218110,1192.2,LOSS,True,23,3,MAIN,3,RESOURCE_MANAGEMENT,PLAY_POKEMON,677,PLAY,1,0,678,340,340,3,False,3,6,False,True,2,1,0,96,210,6,96,210,6,False,False,,,True
92218110,1192.2,LOSS,True,24,3,MAIN,2,ATTACK_SELECTION,ATTACK,,ATTACK,1,1,678,340,340,3,False,4,6,False,True,2,1,0,96,210,6,96,80,6,False,False,,,False
92218110,1192.2,LOSS,True,25,3,ATTACH_TO,4,ENERGY_MANAGEMENT,,,CARD;CARD;CARD,0,0,678,340,340,3,False,4,6,False,True,2,1,0,96,80,6,96,80,6,False,False,,,False
92218110,1192.2,LOSS,True,26,3,ATTACH_FROM,4,ENERGY_MANAGEMENT,,,CARD,0,0,678,340,340,3,False,4,6,False,True,2,1,0,96,80,6,96,80,6,False,False,,,False
92218110,1192.2,LOSS,True,27,3,ATTACH_FROM,4,ENERGY_MANAGEMENT,,,CARD,0,0,678,340,340,3,False,4,6,False,True,2,1,1,96,80,6,96,80,6,False,False,,,False
92218110,1192.2,LOSS,True,28,3,ATTACH_FROM,4,ENERGY_MANAGEMENT,,,,0,0,678,340,340,3,False,4,6,False,True,2,1,2,96,80,6,150,330,3,False,False,,,False
92218110,1192.2,LOSS,True,29,4,TO_ACTIVE,4,ACTIVE_POKEMON_SELECTION,,,CARD,0,0,,,,,False,4,6,False,True,,,2,150,330,3,150,330,3,,,,,True
92218110,1192.2,LOSS,True,30,5,MAIN,8,ENERGY_MANAGEMENT,ATTACH_ENERGY,,ATTACH,1,0,677,80,80,1,False,3,6,False,True,2,1,1,150,330,3,150,330,3,False,False,Syrup Storm,30,False
92218110,1192.2,LOSS,True,31,5,MAIN,4,RESOURCE_MANAGEMENT,PLAY_SUPPORTER,1227,PLAY,1,0,677,80,80,1,False,3,6,True,True,2,2,1,150,330,3,150,330,3,False,False,Syrup Storm,30,False
92218110,1192.2,LOSS,True,32,5,MAIN,12,BENCH_MANAGEMENT,EVOLVE,,EVOLVE,1,0,677,80,80,1,False,3,6,True,True,2,2,1,150,330,3,150,330,3,False,False,Syrup Storm,30,False
92218110,1192.2,LOSS,True,33,5,ACTIVATE,2,RESOURCE_MANAGEMENT,,,YES,0,0,677,80,80,1,False,3,6,False,True,2,2,0,150,330,3,150,330,3,False,False,Syrup Storm,30,False
92218110,1192.2,LOSS,True,34,5,SWITCH,5,ACTIVE_POKEMON_SELECTION,,,CARD,0,0,677,80,80,1,False,3,6,False,True,2,2,0,150,330,3,96,80,3,False,False,Syrup Storm,30,False
92218110,1192.2,LOSS,True,35,5,MAIN,11,RESOURCE_MANAGEMENT,ABILITY,,ABILITY,1,0,677,80,80,1,False,3,6,True,True,2,2,0,96,80,3,96,80,3,False,False,Myriad Leaf Shower,30,False
92218110,1192.2,LOSS,True,36,5,DISCARD,1,RESOURCE_MANAGEMENT,,,CARD,0,0,677,80,80,1,False,3,6,False,True,2,2,0,96,80,3,96,80,3,False,False,Myriad Leaf Shower,30,False
92218110,1192.2,LOSS,True,37,5,MAIN,11,RESOURCE_MANAGEMENT,PLAY_ITEM,1142,PLAY,1,0,677,80,80,1,False,3,6,True,True,2,2,0,96,80,3,96,80,3,False,False,Myriad Leaf Shower,30,False
92218110,1192.2,LOSS,True,38,5,TO_HAND,6,RESOURCE_MANAGEMENT,,,CARD,0,0,677,80,80,1,False,3,6,False,True,2,2,0,96,80,3,96,80,3,False,False,Myriad Leaf Shower,30,False
92218110,1192.2,LOSS,True,39,5,MAIN,11,RESOURCE_MANAGEMENT,PLAY_POKEMON,673,PLAY,1,0,677,80,80,1,False,3,6,True,True,2,2,0,96,80,3,96,80,3,False,False,Myriad Leaf Shower,30,False
92218110,1192.2,LOSS,True,40,5,MAIN,11,RESOURCE_MANAGEMENT,PLAY_POKEMON,677,PLAY,1,0,677,80,80,1,False,4,6,True,True,2,2,0,96,80,3,96,80,3,False,False,Myriad Leaf Shower,30,False
92218110,1192.2,LOSS,True,41,5,MAIN,11,RESOURCE_MANAGEMENT,PLAY_ITEM,1141,PLAY,1,0,677,80,80,1,False,5,6,True,True,2,2,0,96,80,3,96,80,3,False,False,Myriad Leaf Shower,30,False
92218110,1192.2,LOSS,True,42,5,MAIN,10,ENERGY_MANAGEMENT,ATTACH_ENERGY,,ATTACH,1,0,677,80,80,1,False,5,6,True,True,2,2,0,96,80,3,96,80,3,False,False,Myriad Leaf Shower,30,False
92218110,1192.2,LOSS,True,43,5,MAIN,4,RESOURCE_MANAGEMENT,PLAY_ITEM,1123,PLAY,1,0,677,180,180,1,False,5,6,True,True,2,2,0,96,80,3,96,80,3,False,False,Myriad Leaf Shower,30,False
92218110,1192.2,LOSS,True,44,5,SWITCH,5,ACTIVE_POKEMON_SELECTION,,,CARD,0,0,677,180,180,1,False,5,6,False,True,2,2,0,96,80,3,96,80,3,False,False,Myriad Leaf Shower,30,False
92218110,1192.2,LOSS,True,45,5,MAIN,1,TIMING,,,,0,0,674,150,150,1,False,5,6,False,True,3,2,1,96,80,3,96,80,2,False,False,Myriad Leaf Shower,30,True
92218110,1192.2,LOSS,True,46,6,TO_ACTIVE,5,ACTIVE_POKEMON_SELECTION,,,CARD,0,0,,,,,False,5,6,False,True,,,1,96,80,2,96,80,2,,,,,True
92218110,1192.2,LOSS,True,47,7,MAIN,12,RESOURCE_MANAGEMENT,PLAY_POKEMON,676,PLAY,1,0,677,180,180,1,False,4,6,True,True,2,2,0,96,80,2,96,80,2,False,False,Myriad Leaf Shower,30,False
92218110,1192.2,LOSS,True,48,7,MAIN,12,RESOURCE_MANAGEMENT,PLAY_SUPPORTER,1227,PLAY,1,0,677,180,180,1,False,5,6,True,True,2,2,0,96,80,2,96,80,2,False,False,Myriad Leaf Shower,30,False
92218110,1192.2,LOSS,True,49,7,MAIN,19,RESOURCE_MANAGEMENT,ABILITY,,ABILITY,1,0,677,180,180,1,False,5,6,True,True,2,2,0,96,80,2,96,80,2,False,False,Myriad Leaf Shower,30,False
92218110,1192.2,LOSS,True,50,7,DISCARD,2,RESOURCE_MANAGEMENT,,,CARD,0,0,677,180,180,1,False,5,6,False,True,2,2,0,96,80,2,96,80,2,False,False,Myriad Leaf Shower,30,False
92218110,1192.2,LOSS,True,51,7,MAIN,14,BENCH_MANAGEMENT,EVOLVE,,EVOLVE,1,0,677,180,180,1,False,5,6,True,True,2,2,0,96,80,2,96,80,2,False,False,Myriad Leaf Shower,30,False
92218110,1192.2,LOSS,True,52,7,MAIN,13,RESOURCE_MANAGEMENT,PLAY_ITEM,1121,PLAY,2,0,678,440,440,3,False,5,6,True,True,2,2,0,96,80,2,96,80,2,False,False,Myriad Leaf Shower,30,True
92218110,1192.2,LOSS,True,53,7,DISCARD,8,RESOURCE_MANAGEMENT,,,CARD;CARD,0,0,678,440,440,3,False,5,6,False,True,2,2,0,96,80,2,96,80,2,False,False,Myriad Leaf Shower,30,False
92218110,1192.2,LOSS,True,54,7,TO_HAND,3,RESOURCE_MANAGEMENT,,,CARD,0,0,678,440,440,3,False,5,6,False,True,2,2,0,96,80,2,96,80,2,False,False,Myriad Leaf Shower,30,False
92218110,1192.2,LOSS,True,55,7,MAIN,13,BENCH_MANAGEMENT,EVOLVE,,EVOLVE,2,0,678,440,440,3,False,5,6,True,True,2,2,0,96,80,2,96,80,2,False,False,Myriad Leaf Shower,30,False
92218110,1192.2,LOSS,True,56,7,ACTIVATE,2,RESOURCE_MANAGEMENT,,,YES,0,0,678,440,440,3,False,5,6,False,True,2,2,0,96,80,2,96,80,2,False,False,Myriad Leaf Shower,30,False
92218110,1192.2,LOSS,True,57,7,SWITCH,5,ACTIVE_POKEMON_SELECTION,,,CARD,0,0,678,440,440,3,False,5,6,False,True,2,2,0,96,80,2,96,210,2,False,False,Myriad Leaf Shower,30,False
92218110,1192.2,LOSS,True,58,7,MAIN,12,ENERGY_MANAGEMENT,ATTACH_ENERGY,,ATTACH,2,0,678,440,440,3,False,5,6,True,True,2,2,0,96,210,2,96,210,2,False,False,Myriad Leaf Shower,30,False
92218110,1192.2,LOSS,True,59,7,MAIN,6,RESOURCE_MANAGEMENT,PLAY_ITEM,1141,PLAY,2,0,678,440,440,3,False,5,6,True,True,2,2,1,96,210,2,96,210,2,False,False,Myriad Leaf Shower,30,False
92218110,1192.2,LOSS,True,60,7,MAIN,5,ATTACK_SELECTION,ATTACK,,ATTACK,2,1,678,440,440,3,False,5,6,True,True,2,2,1,96,210,2,,,2,False,False,Myriad Leaf Shower,30,False
92217176,1076.7,WIN,False,0,,,0,UNKNOWN,,,,0,0,,,,,False,,,False,False,,,0,,,,,,,,,,,False
92217176,1076.7,WIN,False,1,,,0,UNKNOWN,,,,0,0,,,,,False,,,False,False,,,0,,,,,,6,,,,,False
92217176,1076.7,WIN,False,2,0,SETUP_ACTIVE_POKEMON,1,EARLY_GAME_SETUP,,,,0,0,,,,,False,0,0,False,False,,,0,,,6,305,70,6,,,,,False
92217176,1076.7,WIN,False,3,1,DISCARD,6,RESOURCE_MANAGEMENT,,,,0,0,675,110,110,1,False,0,6,False,False,1,0,0,305,70,6,305,70,6,False,False,,,False
92217176,1076.7,WIN,False,4,2,MAIN,7,RESOURCE_MANAGEMENT,PLAY_ITEM,1152,PLAY,0,0,675,110,110,1,False,0,6,False,False,1,0,0,305,70,6,305,70,6,False,False,,,False
92217176,1076.7,WIN,False,5,2,TO_HAND,7,RESOURCE_MANAGEMENT,,,CARD,0,0,675,110,110,1,False,0,6,False,False,1,0,0,305,70,6,305,70,6,False,False,,,False
92217176,1076.7,WIN,False,6,2,MAIN,7,RESOURCE_MANAGEMENT,PLAY_POKEMON,676,PLAY,0,0,675,110,110,1,False,0,6,False,False,1,0,0,305,70,6,305,70,6,False,False,,,False
92217176,1076.7,WIN,False,7,2,MAIN,9,RESOURCE_MANAGEMENT,ABILITY,,ABILITY,0,0,675,110,110,1,False,1,6,False,True,1,0,0,305,70,6,305,70,6,False,False,,,False
92217176,1076.7,WIN,False,8,2,DISCARD,2,RESOURCE_MANAGEMENT,,,CARD,0,0,675,110,110,1,False,1,6,False,True,1,0,0,305,70,6,305,70,6,False,False,,,False
92217176,1076.7,WIN,False,9,2,MAIN,11,RESOURCE_MANAGEMENT,PLAY_ITEM,1121,PLAY,0,0,675,110,110,1,False,1,6,False,True,1,0,0,305,70,6,305,70,6,False,False,,,False
92217176,1076.7,WIN,False,10,2,DISCARD,6,RESOURCE_MANAGEMENT,,,CARD;CARD,0,0,675,110,110,1,False,1,6,False,True,1,0,0,305,70,6,305,70,6,False,False,,,False
92217176,1076.7,WIN,False,11,2,TO_HAND,10,RESOURCE_MANAGEMENT,,,CARD,0,0,675,110,110,1,False,1,6,False,True,1,0,0,305,70,6,305,70,6,False,False,,,False
92217176,1076.7,WIN,False,12,2,MAIN,7,RESOURCE_MANAGEMENT,PLAY_POKEMON,677,PLAY,0,0,675,110,110,1,False,1,6,False,True,1,0,0,305,70,6,305,70,6,False,False,,,False
92217176,1076.7,WIN,False,13,2,MAIN,7,ENERGY_MANAGEMENT,ATTACH_ENERGY,,ATTACH,0,0,675,110,110,1,False,2,6,False,True,1,0,0,305,70,6,305,70,6,False,False,,,False
92217176,1076.7,WIN,False,14,2,MAIN,4,RESOURCE_MANAGEMENT,PLAY_SUPPORTER,1213,PLAY,0,0,675,110,110,1,False,2,6,False,True,1,0,1,305,70,6,305,70,6,False,False,,,False
92217176,1076.7,WIN,False,15,2,MAIN,3,RESOURCE_MANAGEMENT,PLAY_ITEM,1142,PLAY,0,0,675,110,110,1,False,2,6,False,True,1,0,1,305,70,6,305,70,6,False,False,,,False
92217176,1076.7,WIN,False,16,2,TO_HAND,9,RESOURCE_MANAGEMENT,,,CARD,0,0,675,110,110,1,False,2,6,False,True,1,0,1,305,70,6,305,70,6,False,False,,,False
92217176,1076.7,WIN,False,17,2,MAIN,3,RESOURCE_MANAGEMENT,PLAY_POKEMON,677,PLAY,0,0,675,110,110,1,False,2,6,False,True,1,0,1,305,70,6,305,70,6,False,False,,,False
92217176,1076.7,WIN,False,18,2,MAIN,2,RESOURCE_MANAGEMENT,PLAY_ITEM,1142,PLAY,0,0,675,110,110,1,False,3,6,False,True,1,0,1,305,70,6,305,70,6,False,False,,,False
92217176,1076.7,WIN,False,19,2,TO_HAND,8,RESOURCE_MANAGEMENT,,,CARD,0,0,675,110,110,1,False,3,6,False,True,1,0,1,305,70,6,305,70,6,False,False,,,False
92217176,1076.7,WIN,False,20,2,MAIN,2,RESOURCE_MANAGEMENT,PLAY_POKEMON,673,PLAY,0,0,675,110,110,1,False,3,6,False,True,1,0,1,305,70,6,305,70,6,False,False,,,False
92217176,1076.7,WIN,False,21,2,MAIN,1,TIMING,,,,0,0,675,110,110,1,False,4,6,False,True,1,0,1,305,70,6,174,70,6,False,False,,,False
92217176,1076.7,WIN,False,22,4,MAIN,13,RESOURCE_MANAGEMENT,ABILITY,,ABILITY,0,0,675,40,110,1,True,4,6,False,True,1,0,1,174,70,6,174,70,6,True,False,Assault Landing,70,False
92217176,1076.7,WIN,False,23,4,DISCARD,2,RESOURCE_MANAGEMENT,,,CARD,0,0,675,40,110,1,True,4,6,False,True,1,0,1,174,70,6,174,70,6,True,False,Assault Landing,70,False
92217176,1076.7,WIN,False,24,4,MAIN,15,BENCH_MANAGEMENT,EVOLVE,,EVOLVE,0,0,675,40,110,1,True,4,6,False,True,1,0,1,174,70,6,174,70,6,True,False,Assault Landing,70,False
92217176,1076.7,WIN,False,25,4,MAIN,13,ENERGY_MANAGEMENT,ATTACH_ENERGY,,ATTACH,0,0,675,40,110,1,True,4,6,False,True,1,0,1,174,70,6,174,70,6,True,False,Assault Landing,70,False
92217176,1076.7,WIN,False,26,4,MAIN,4,RETREAT_SELECTION,RETREAT,,RETREAT,0,0,675,40,110,1,True,4,6,True,True,1,1,1,174,70,6,174,70,6,True,False,Assault Landing,70,False
92217176,1076.7,WIN,False,27,4,DISCARD_ENERGY,1,ENERGY_MANAGEMENT,,,ENERGY,0,0,675,40,110,1,True,4,6,False,True,1,1,1,174,70,6,174,70,6,True,False,Assault Landing,70,False
92217176,1076.7,WIN,False,28,4,SWITCH,4,ACTIVE_POKEMON_SELECTION,,,CARD,0,0,675,40,110,1,True,4,6,False,True,1,0,1,174,70,6,174,70,6,True,False,Assault Landing,70,False
92217176,1076.7,WIN,False,29,4,MAIN,4,ATTACK_SELECTION,ATTACK,,ATTACK,1,1,678,340,340,3,False,4,6,False,True,2,1,0,174,70,6,174,0,6,False,False,Assault Landing,70,True
92217176,1076.7,WIN,False,30,4,ATTACH_TO,6,ENERGY_MANAGEMENT,,,CARD;CARD;CARD,0,0,678,340,340,3,False,4,6,False,True,2,1,0,174,0,6,174,0,6,False,False,Assault Landing,70,False
92217176,1076.7,WIN,False,31,4,ATTACH_FROM,4,ENERGY_MANAGEMENT,,,CARD,0,0,678,340,340,3,False,4,6,False,True,2,1,0,174,0,6,174,0,6,False,False,Assault Landing,70,False
92217176,1076.7,WIN,False,32,4,ATTACH_FROM,4,ENERGY_MANAGEMENT,,,CARD,0,0,678,340,340,3,False,4,6,False,True,2,1,1,174,0,6,174,0,6,False,False,Assault Landing,70,False
92217176,1076.7,WIN,False,33,4,ATTACH_FROM,4,ENERGY_MANAGEMENT,,,CARD,0,0,678,340,340,3,False,4,6,False,True,2,1,1,174,0,6,,,6,False,False,Assault Landing,70,False
92217176,1076.7,WIN,False,34,4,TO_HAND,6,RESOURCE_MANAGEMENT,,,,0,0,678,340,340,3,False,4,6,False,True,2,1,2,,,6,861,310,6,,,,,False
92217176,1076.7,WIN,False,35,6,MAIN,12,RESOURCE_MANAGEMENT,ABILITY,,ABILITY,1,0,678,140,340,3,True,4,5,False,True,2,1,2,861,310,6,861,310,6,False,False,Resentful Refrain,0,False
92217176,1076.7,WIN,False,36,6,DISCARD,1,RESOURCE_MANAGEMENT,,,CARD,0,0,678,140,340,3,True,4,5,False,True,2,1,2,861,310,6,861,310,6,False,False,Resentful Refrain,0,False
92217176,1076.7,WIN,False,37,6,MAIN,13,BENCH_MANAGEMENT,EVOLVE,,EVOLVE,1,0,678,140,340,3,True,4,5,False,True,2,1,2,861,310,6,861,310,6,False,False,Resentful Refrain,0,False
92217176,1076.7,WIN,False,38,6,MAIN,12,RESOURCE_MANAGEMENT,PLAY_ITEM,1141,PLAY,1,0,678,140,340,3,True,4,5,False,True,2,1,2,861,310,6,861,310,6,False,False,Resentful Refrain,0,False
92217176,1076.7,WIN,False,39,6,MAIN,11,RESOURCE_MANAGEMENT,PLAY_ITEM,1141,PLAY,1,0,678,140,340,3,True,4,5,False,True,2,1,2,861,310,6,861,310,6,False,False,Resentful Refrain,0,False
92217176,1076.7,WIN,False,40,6,MAIN,10,RESOURCE_MANAGEMENT,PLAY_ITEM,1123,PLAY,1,0,678,140,340,3,True,4,5,False,True,2,1,2,861,310,6,861,310,6,False,False,Resentful Refrain,0,False
92217176,1076.7,WIN,False,41,6,SWITCH,4,ACTIVE_POKEMON_SELECTION,,,CARD,0,0,678,140,340,3,True,4,5,False,True,2,1,2,861,310,6,861,310,6,False,False,Resentful Refrain,0,False
92217176,1076.7,WIN,False,42,6,MAIN,11,RESOURCE_MANAGEMENT,PLAY_ITEM,1142,PLAY,2,0,678,340,340,3,False,4,5,True,True,2,2,2,861,310,6,861,310,6,False,False,Resentful Refrain,0,False
92217176,1076.7,WIN,False,43,6,TO_HAND,5,RESOURCE_MANAGEMENT,,,CARD,0,0,678,340,340,3,False,4,5,False,True,2,2,2,861,310,6,861,310,6,False,False,Resentful Refrain,0,False
92217176,1076.7,WIN,False,44,6,MAIN,15,ENERGY_MANAGEMENT,ATTACH_ENERGY,,ATTACH,2,0,678,340,340,3,False,4,5,True,True,2,2,2,861,310,6,861,310,6,False,False,Resentful Refrain,0,False
92217176,1076.7,WIN,False,45,6,MAIN,4,ATTACK_SELECTION,ATTACK,,ATTACK,2,1,678,340,340,3,False,4,5,True,True,2,2,2,861,310,6,,,6,False,False,Resentful Refrain,0,False
92217176,1076.7,WIN,False,46,6,TO_HAND,5,RESOURCE_MANAGEMENT,,,,0,0,678,340,340,3,False,4,5,False,True,2,2,2,,,6,849,330,3,,,,,False
92217176,1076.7,WIN,False,47,7,TO_ACTIVE,4,ACTIVE_POKEMON_SELECTION,,,CARD,0,0,,,,,False,4,2,False,True,,,2,849,330,3,849,330,3,,,,,True
92217176,1076.7,WIN,False,48,8,MAIN,14,RESOURCE_MANAGEMENT,ABILITY,,ABILITY,2,0,678,340,340,3,False,3,2,True,True,2,2,1,849,330,3,849,330,3,False,False,Gale Thrust,60,False
92217176,1076.7,WIN,False,49,8,DISCARD,1,RESOURCE_MANAGEMENT,,,CARD,0,0,678,340,340,3,False,3,2,False,True,2,2,1,849,330,3,849,330,3,False,False,Gale Thrust,60,False
92217176,1076.7,WIN,False,50,8,MAIN,11,RESOURCE_MANAGEMENT,PLAY_POKEMON,677,PLAY,2,0,678,340,340,3,False,3,2,True,True,2,2,1,849,330,3,849,330,3,False,False,Gale Thrust,60,False
92217176,1076.7,WIN,False,51,8,MAIN,10,RESOURCE_MANAGEMENT,PLAY_ITEM,1152,PLAY,2,0,678,340,340,3,False,4,2,True,True,2,2,1,849,330,3,849,330,3,False,False,Gale Thrust,60,False
92217176,1076.7,WIN,False,52,8,TO_HAND,3,RESOURCE_MANAGEMENT,,,CARD,0,0,678,340,340,3,False,4,2,False,True,2,2,1,849,330,3,849,330,3,False,False,Gale Thrust,60,False
92217176,1076.7,WIN,False,53,8,MAIN,10,RESOURCE_MANAGEMENT,PLAY_ITEM,1121,PLAY,2,0,678,340,340,3,False,4,2,True,True,2,2,1,849,330,3,849,330,3,False,False,Gale Thrust,60,False
92217176,1076.7,WIN,False,54,8,DISCARD,6,RESOURCE_MANAGEMENT,,,CARD;CARD,0,0,678,340,340,3,False,4,2,False,True,2,2,1,849,330,3,849,330,3,False,False,Gale Thrust,60,False
92217176,1076.7,WIN,False,55,8,TO_HAND,4,RESOURCE_MANAGEMENT,,,CARD,0,0,678,340,340,3,False,4,2,False,True,2,2,1,849,330,3,849,330,3,False,False,Gale Thrust,60,False
92217176,1076.7,WIN,False,56,8,MAIN,8,RESOURCE_MANAGEMENT,PLAY_SUPPORTER,1213,PLAY,2,0,678,340,340,3,False,4,2,True,True,2,2,1,849,330,3,849,330,3,False,False,Gale Thrust,60,False
92217176,1076.7,WIN,False,57,8,MAIN,4,ATTACK_SELECTION,ATTACK,,ATTACK,2,1,678,340,340,3,False,4,2,True,True,2,2,1,849,330,3,,,3,False,False,Gale Thrust,60,False
92216170,990.8,WIN,False,0,,,0,UNKNOWN,,,,0,0,,,,,False,,,False,False,,,0,,,,,,,,,,,False
92216170,990.8,WIN,False,1,,,0,UNKNOWN,,,,0,0,,,,,False,,,False,False,,,0,,,,,,0,,,,,False
92216170,990.8,WIN,False,2,0,SETUP_ACTIVE_POKEMON,3,EARLY_GAME_SETUP,,,CARD,0,0,,,,,False,0,0,False,False,,,0,,,0,,,6,,,,,False
92216170,990.8,WIN,False,3,0,SETUP_BENCH_POKEMON,2,BENCH_MANAGEMENT,,,,0,0,,,,,False,0,6,False,False,,,0,,,6,646,70,6,,,,,False
92216170,990.8,WIN,False,4,2,MAIN,6,RESOURCE_MANAGEMENT,PLAY_POKEMON,677,PLAY,0,0,676,110,110,1,False,0,6,False,False,1,0,0,646,70,6,646,70,6,False,False,,,False
92216170,990.8,WIN,False,5,2,MAIN,6,RESOURCE_MANAGEMENT,PLAY_POKEMON,677,PLAY,0,0,676,110,110,1,False,1,6,False,True,1,0,0,646,70,6,646,70,6,False,False,,,False
92216170,990.8,WIN,False,6,2,MAIN,5,RESOURCE_MANAGEMENT,PLAY_ITEM,1121,PLAY,0,0,676,110,110,1,False,2,6,False,True,1,0,0,646,70,6,646,70,6,False,False,,,False
92216170,990.8,WIN,False,7,2,DISCARD,4,RESOURCE_MANAGEMENT,,,CARD;CARD,0,0,676,110,110,1,False,2,6,False,True,1,0,0,646,70,6,646,70,6,False,False,,,False
92216170,990.8,WIN,False,8,2,TO_HAND,10,RESOURCE_MANAGEMENT,,,CARD,0,0,676,110,110,1,False,2,6,False,True,1,0,0,646,70,6,646,70,6,False,False,,,False
92216170,990.8,WIN,False,9,2,MAIN,4,RESOURCE_MANAGEMENT,PLAY_POKEMON,675,PLAY,0,0,676,110,110,1,False,2,6,False,True,1,0,0,646,70,6,646,70,6,False,False,,,False
92216170,990.8,WIN,False,10,2,MAIN,3,RESOURCE_MANAGEMENT,PLAY_ITEM,1142,PLAY,0,0,676,110,110,1,False,3,6,False,True,1,0,0,646,70,6,646,70,6,False,False,,,False
92216170,990.8,WIN,False,11,2,TO_HAND,18,RESOURCE_MANAGEMENT,,,CARD,0,0,676,110,110,1,False,3,6,False,True,1,0,0,646,70,6,646,70,6,False,False,,,False
92216170,990.8,WIN,False,12,2,MAIN,7,ENERGY_MANAGEMENT,ATTACH_ENERGY,,ATTACH,0,0,676,110,110,1,False,3,6,False,True,1,0,0,646,70,6,646,70,6,False,False,,,False
92216170,990.8,WIN,False,13,2,MAIN,4,RESOURCE_MANAGEMENT,PLAY_SUPPORTER,1227,PLAY,1,0,676,110,110,1,False,3,6,True,True,1,1,0,646,70,6,646,70,6,False,False,,,False
92216170,990.8,WIN,False,14,2,MAIN,8,RESOURCE_MANAGEMENT,ABILITY,,ABILITY,1,0,676,110,110,1,False,3,6,True,True,1,1,0,646,70,6,646,70,6,False,False,,,False
92216170,990.8,WIN,False,15,2,DISCARD,1,RESOURCE_MANAGEMENT,,,CARD,0,0,676,110,110,1,False,3,6,False,True,1,1,0,646,70,6,646,70,6,False,False,,,False
92216170,990.8,WIN,False,16,2,MAIN,8,RESOURCE_MANAGEMENT,PLAY_POKEMON,673,PLAY,1,0,676,110,110,1,False,3,6,True,True,1,1,0,646,70,6,646,70,6,False,False,,,False
92216170,990.8,WIN,False,17,2,MAIN,7,RESOURCE_MANAGEMENT,PLAY_ITEM,1152,PLAY,1,0,676,110,110,1,False,4,6,True,True,1,1,0,646,70,6,646,70,6,False,False,,,False
92216170,990.8,WIN,False,18,2,TO_HAND,5,RESOURCE_MANAGEMENT,,,CARD,0,0,676,110,110,1,False,4,6,False,True,1,1,0,646,70,6,646,70,6,False,False,,,False
92216170,990.8,WIN,False,19,2,MAIN,7,RESOURCE_MANAGEMENT,PLAY_POKEMON,676,PLAY,1,0,676,110,110,1,False,4,6,True,True,1,1,0,646,70,6,646,70,6,False,False,,,False
92216170,990.8,WIN,False,20,2,MAIN,6,RESOURCE_MANAGEMENT,PLAY_ITEM,1121,PLAY,1,0,676,110,110,1,False,5,6,True,True,1,1,0,646,70,6,646,70,6,False,False,,,False
92216170,990.8,WIN,False,21,2,DISCARD,7,RESOURCE_MANAGEMENT,,,CARD;CARD,0,0,676,110,110,1,False,5,6,False,True,1,1,0,646,70,6,646,70,6,False,False,,,False
92216170,990.8,WIN,False,22,2,TO_HAND,5,RESOURCE_MANAGEMENT,,,CARD,0,0,676,110,110,1,False,5,6,False,True,1,1,0,646,70,6,646,70,6,False,False,,,False
92216170,990.8,WIN,False,23,2,MAIN,4,RESOURCE_MANAGEMENT,PLAY_ITEM,1142,PLAY,1,0,676,110,110,1,False,5,6,True,True,1,1,0,646,70,6,646,70,6,False,False,,,False
92216170,990.8,WIN,False,24,2,TO_HAND,12,RESOURCE_MANAGEMENT,,,CARD,0,0,676,110,110,1,False,5,6,False,True,1,1,0,646,70,6,646,70,6,False,False,,,False
92216170,990.8,WIN,False,25,2,MAIN,3,ATTACK_SELECTION,ATTACK,,ATTACK,1,1,676,110,110,1,False,5,6,True,True,1,1,0,646,70,6,,,6,False,False,,,False
92216170,990.8,WIN,False,26,2,TO_HAND,6,RESOURCE_MANAGEMENT,,,,0,0,676,110,110,1,False,5,6,False,True,1,1,0,,,6,648,320,5,,,,,False
92216170,990.8,WIN,False,27,3,TO_ACTIVE,5,ACTIVE_POKEMON_SELECTION,,,CARD,0,0,,,,,False,5,5,False,True,,,0,648,320,5,648,320,5,,,,,True
92216170,990.8,WIN,False,28,4,MAIN,21,BENCH_MANAGEMENT,EVOLVE,,EVOLVE,0,0,677,80,80,1,False,4,5,False,True,2,0,0,648,320,5,648,320,5,True,False,Shadow Bullet,180,False
92216170,990.8,WIN,False,29,4,MAIN,17,BENCH_MANAGEMENT,EVOLVE,,EVOLVE,0,0,678,340,340,3,False,4,5,False,True,2,0,0,648,320,5,648,320,5,False,False,Shadow Bullet,180,True
92216170,990.8,WIN,False,30,4,MAIN,15,BENCH_MANAGEMENT,EVOLVE,,EVOLVE,0,0,678,340,340,3,False,4,5,False,True,2,0,0,648,320,5,648,320,5,False,False,Shadow Bullet,180,False
92216170,990.8,WIN,False,31,4,ACTIVATE,2,RESOURCE_MANAGEMENT,,,YES,0,0,678,340,340,3,False,4,5,False,True,2,0,0,648,320,5,648,320,5,False,False,Shadow Bullet,180,False
92216170,990.8,WIN,False,32,4,SWITCH,2,ACTIVE_POKEMON_SELECTION,,,CARD,0,0,678,340,340,3,False,4,5,False,True,2,0,0,648,320,5,647,100,5,False,False,Shadow Bullet,180,False
92216170,990.8,WIN,False,33,4,MAIN,14,ENERGY_MANAGEMENT,ATTACH_ENERGY,,ATTACH,0,0,678,340,340,3,False,4,5,False,True,2,0,0,647,100,5,647,100,5,False,False,,,False
92216170,990.8,WIN,False,34,4,MAIN,5,RESOURCE_MANAGEMENT,PLAY_SUPPORTER,1227,PLAY,1,0,678,340,340,3,False,4,5,False,True,2,1,0,647,100,5,647,100,5,False,False,,,False
92216170,990.8,WIN,False,35,4,MAIN,7,RESOURCE_MANAGEMENT,ABILITY,,ABILITY,1,0,678,340,340,3,False,4,5,False,True,2,1,0,647,100,5,647,100,5,False,False,,,False
92216170,990.8,WIN,False,36,4,DISCARD,1,RESOURCE_MANAGEMENT,,,CARD,0,0,678,340,340,3,False,4,5,False,True,2,1,0,647,100,5,647,100,5,False,False,,,False
92216170,990.8,WIN,False,37,4,MAIN,6,RESOURCE_MANAGEMENT,PLAY_ITEM,1152,PLAY,1,0,678,340,340,3,False,4,5,False,True,2,1,0,647,100,5,647,100,5,False,False,,,False
92216170,990.8,WIN,False,38,4,TO_HAND,3,RESOURCE_MANAGEMENT,,,CARD,0,0,678,340,340,3,False,4,5,False,True,2,1,0,647,100,5,647,100,5,False,False,,,False
92216170,990.8,WIN,False,39,4,MAIN,6,RESOURCE_MANAGEMENT,PLAY_POKEMON,677,PLAY,1,0,678,340,340,3,False,4,5,False,True,2,1,0,647,100,5,647,100,5,False,False,,,False
92216170,990.8,WIN,False,40,4,MAIN,4,RESOURCE_MANAGEMENT,PLAY_ITEM,1121,PLAY,1,0,678,340,340,3,False,5,5,False,True,2,1,0,647,100,5,647,100,5,False,False,,,False
92216170,990.8,WIN,False,41,4,DISCARD,6,RESOURCE_MANAGEMENT,,,CARD;CARD,0,0,678,340,340,3,False,5,5,False,True,2,1,0,647,100,5,647,100,5,False,False,,,False
92216170,990.8,WIN,False,42,4,TO_HAND,3,RESOURCE_MANAGEMENT,,,CARD,0,0,678,340,340,3,False,5,5,False,True,2,1,0,647,100,5,647,100,5,False,False,,,False
92216170,990.8,WIN,False,43,4,MAIN,3,ATTACK_SELECTION,ATTACK,,ATTACK,1,1,678,340,340,3,False,5,5,False,True,2,1,0,647,100,5,647,0,5,False,False,,,False
92216170,990.8,WIN,False,44,4,ATTACH_TO,4,ENERGY_MANAGEMENT,,,CARD;CARD;CARD,0,0,678,340,340,3,False,5,5,False,True,2,1,0,647,0,5,647,0,5,False,False,,,False
92216170,990.8,WIN,False,45,4,ATTACH_FROM,5,ENERGY_MANAGEMENT,,,CARD,0,0,678,340,340,3,False,5,5,False,True,2,1,0,647,0,5,647,0,5,False,False,,,False
92216170,990.8,WIN,False,46,4,ATTACH_FROM,5,ENERGY_MANAGEMENT,,,CARD,0,0,678,340,340,3,False,5,5,False,True,2,1,1,647,0,5,647,0,5,False,False,,,False
92216170,990.8,WIN,False,47,4,ATTACH_FROM,5,ENERGY_MANAGEMENT,,,CARD,0,0,678,340,340,3,False,5,5,False,True,2,1,1,647,0,5,,,5,False,False,,,False
92216170,990.8,WIN,False,48,4,TO_HAND,5,RESOURCE_MANAGEMENT,,,,0,0,678,340,340,3,False,5,5,False,True,2,1,2,,,5,648,320,5,,,,,False
92216170,990.8,WIN,False,49,6,MAIN,12,RESOURCE_MANAGEMENT,ABILITY,,ABILITY,1,0,678,160,340,3,True,5,4,False,True,2,1,2,648,320,5,648,320,5,True,False,Shadow Bullet,180,False
92216170,990.8,WIN,False,50,6,DISCARD,1,RESOURCE_MANAGEMENT,,,CARD,0,0,678,160,340,3,True,5,4,False,True,2,1,2,648,320,5,648,320,5,True,False,Shadow Bullet,180,False
92216170,990.8,WIN,False,51,6,MAIN,7,RESOURCE_MANAGEMENT,PLAY_SUPPORTER,1229,PLAY,1,0,678,160,340,3,True,5,4,False,True,2,1,2,648,320,5,648,320,5,True,False,Shadow Bullet,180,False
92216170,990.8,WIN,False,52,6,HEAL,2,RESOURCE_MANAGEMENT,,,CARD,0,0,678,160,340,3,True,5,4,False,True,2,1,2,648,320,5,648,320,5,True,False,Shadow Bullet,180,False
92216170,990.8,WIN,False,53,6,MAIN,10,ENERGY_MANAGEMENT,ATTACH_ENERGY,,ATTACH,0,0,678,340,340,3,False,5,4,False,True,2,0,2,648,320,5,648,320,5,False,False,Shadow Bullet,180,False
92216170,990.8,WIN,False,54,6,MAIN,5,RESOURCE_MANAGEMENT,PLAY_ITEM,1142,PLAY,1,0,678,340,340,3,False,5,4,False,True,2,1,2,648,320,5,648,320,5,False,False,Shadow Bullet,180,False
92216170,990.8,WIN,False,55,6,TO_HAND,8,RESOURCE_MANAGEMENT,,,CARD,0,0,678,340,340,3,False,5,4,False,True,2,1,2,648,320,5,648,320,5,False,False,Shadow Bullet,180,False
92216170,990.8,WIN,False,56,6,MAIN,4,RESOURCE_MANAGEMENT,ABILITY,,ABILITY,1,0,678,340,340,3,False,5,4,False,True,2,1,2,648,320,5,648,320,5,False,False,Shadow Bullet,180,False
92216170,990.8,WIN,False,57,6,MAIN,3,ATTACK_SELECTION,ATTACK,,ATTACK,1,1,678,340,340,3,False,5,4,False,True,2,1,2,648,320,5,648,190,5,False,False,Shadow Bullet,180,False
92216170,990.8,WIN,False,58,6,ATTACH_TO,2,ENERGY_MANAGEMENT,,,CARD;CARD,0,0,678,340,340,3,False,5,4,False,True,2,1,2,648,190,5,648,190,5,False,False,Shadow Bullet,180,False
92216170,990.8,WIN,False,59,6,ATTACH_FROM,5,ENERGY_MANAGEMENT,,,CARD,0,0,678,340,340,3,False,5,4,False,True,2,1,2,648,190,5,648,190,5,False,False,Shadow Bullet,180,False
92216170,990.8,WIN,False,60,6,ATTACH_FROM,5,ENERGY_MANAGEMENT,,,,0,0,678,340,340,3,False,5,4,False,True,2,1,2,648,190,5,648,220,5,False,False,Shadow Bullet,180,False
92216170,990.8,WIN,False,61,8,MAIN,13,ENERGY_MANAGEMENT,ATTACH_ENERGY,,ATTACH,1,0,678,160,340,3,True,5,4,False,True,2,1,2,648,220,5,648,220,5,True,False,Shadow Bullet,180,False
92216170,990.8,WIN,False,62,8,MAIN,8,RESOURCE_MANAGEMENT,PLAY_SUPPORTER,1227,PLAY,2,0,678,160,340,3,True,5,4,True,True,2,2,2,648,220,5,648,220,5,True,False,Shadow Bullet,180,False
92216170,990.8,WIN,False,63,8,MAIN,8,RETREAT_SELECTION,RETREAT,,RETREAT,2,0,678,160,340,3,True,5,4,True,True,2,2,2,648,220,5,648,220,5,True,False,Shadow Bullet,180,False
92216170,990.8,WIN,False,64,8,DISCARD_ENERGY,2,ENERGY_MANAGEMENT,,,ENERGY,0,0,678,160,340,3,True,5,4,False,True,2,2,2,648,220,5,648,220,5,True,False,Shadow Bullet,180,False
92216170,990.8,WIN,False,65,8,DISCARD_ENERGY,1,ENERGY_MANAGEMENT,,,ENERGY,0,0,678,160,340,3,True,5,4,False,True,2,1,2,648,220,5,648,220,5,True,False,Shadow Bullet,180,False
92216170,990.8,WIN,False,66,8,SWITCH,5,ACTIVE_POKEMON_SELECTION,,,CARD,0,0,678,160,340,3,True,5,4,False,True,2,0,2,648,220,5,648,220,5,True,False,Shadow Bullet,180,False
92216170,990.8,WIN,False,67,8,MAIN,7,RESOURCE_MANAGEMENT,PLAY_ITEM,1142,PLAY,2,0,678,310,340,3,True,5,4,False,True,2,2,1,648,220,5,648,220,5,False,False,Shadow Bullet,180,False
92216170,990.8,WIN,False,68,8,TO_HAND,8,RESOURCE_MANAGEMENT,,,CARD,0,0,678,310,340,3,True,5,4,False,True,2,2,1,648,220,5,648,220,5,False,False,Shadow Bullet,180,False
92216170,990.8,WIN,False,69,8,MAIN,7,RESOURCE_MANAGEMENT,ABILITY,,ABILITY,2,0,678,310,340,3,True,5,4,False,True,2,2,1,648,220,5,648,220,5,False,False,Shadow Bullet,180,False
92216170,990.8,WIN,False,70,8,DISCARD,1,RESOURCE_MANAGEMENT,,,CARD,0,0,678,310,340,3,True,5,4,False,True,2,2,1,648,220,5,648,220,5,False,False,Shadow Bullet,180,False
92216170,990.8,WIN,False,71,8,MAIN,6,ATTACK_SELECTION,ATTACK,,ATTACK,2,1,678,310,340,3,True,5,4,False,True,2,2,1,648,220,5,,,5,False,False,Shadow Bullet,180,False
92216170,990.8,WIN,False,72,8,TO_HAND,4,RESOURCE_MANAGEMENT,,,,0,0,678,310,340,3,True,5,4,False,True,2,2,1,,,5,648,320,4,,,,,False
92216170,990.8,WIN,False,73,10,MAIN,18,RESOURCE_MANAGEMENT,PLAY_POKEMON,675,PLAY,1,0,678,130,340,3,True,4,2,True,True,2,2,1,648,320,4,648,320,4,True,False,Shadow Bullet,180,False
92216170,990.8,WIN,False,74,10,MAIN,19,RESOURCE_MANAGEMENT,ABILITY,,ABILITY,1,0,678,130,340,3,True,5,2,True,True,2,2,1,648,320,4,648,320,4,True,False,Shadow Bullet,180,False
92216170,990.8,WIN,False,75,10,DISCARD,1,RESOURCE_MANAGEMENT,,,CARD,0,0,678,130,340,3,True,5,2,False,True,2,2,1,648,320,4,648,320,4,True,False,Shadow Bullet,180,False
92216170,990.8,WIN,False,76,10,MAIN,20,RESOURCE_MANAGEMENT,PLAY_ITEM,1141,PLAY,1,0,678,130,340,3,True,5,2,True,True,2,2,1,648,320,4,648,320,4,True,False,Shadow Bullet,180,False
92216170,990.8,WIN,False,77,10,MAIN,19,RESOURCE_MANAGEMENT,PLAY_ITEM,1141,PLAY,1,0,678,130,340,3,True,5,2,True,True,2,2,1,648,320,4,648,320,4,True,False,Shadow Bullet,180,False
92216170,990.8,WIN,False,78,10,MAIN,18,RESOURCE_MANAGEMENT,PLAY_ITEM,1141,PLAY,1,0,678,130,340,3,True,5,2,True,True,2,2,1,648,320,4,648,320,4,True,False,Shadow Bullet,180,False
92216170,990.8,WIN,False,79,10,MAIN,17,RESOURCE_MANAGEMENT,PLAY_ITEM,1123,PLAY,1,0,678,130,340,3,True,5,2,True,True,2,2,1,648,320,4,648,320,4,True,False,Shadow Bullet,180,False
92216170,990.8,WIN,False,80,10,SWITCH,5,ACTIVE_POKEMON_SELECTION,,,CARD,0,0,678,130,340,3,True,5,2,False,True,2,2,1,648,320,4,648,320,4,True,False,Shadow Bullet,180,False
92216170,990.8,WIN,False,81,10,MAIN,15,RESOURCE_MANAGEMENT,PLAY_ITEM,1152,PLAY,1,0,677,80,80,1,False,5,2,False,True,2,1,1,648,320,4,648,320,4,True,False,Shadow Bullet,180,True
92216170,990.8,WIN,False,82,10,TO_HAND,1,RESOURCE_MANAGEMENT,,,CARD,0,0,677,80,80,1,False,5,2,False,True,2,1,1,648,320,4,648,320,4,True,False,Shadow Bullet,180,False
92216170,990.8,WIN,False,83,10,MAIN,14,ENERGY_MANAGEMENT,ATTACH_ENERGY,,ATTACH,1,0,677,80,80,1,False,5,2,False,True,2,1,1,648,320,4,648,320,4,True,False,Shadow Bullet,180,False
92216170,990.8,WIN,False,84,10,MAIN,9,RESOURCE_MANAGEMENT,PLAY_SUPPORTER,1227,PLAY,1,0,677,80,80,1,False,5,2,True,True,2,2,1,648,320,4,648,320,4,True,False,Shadow Bullet,180,False
92216170,990.8,WIN,False,85,10,MAIN,6,BENCH_MANAGEMENT,EVOLVE,,EVOLVE,1,0,677,80,80,1,False,5,2,True,True,2,2,1,648,320,4,648,320,4,True,False,Shadow Bullet,180,False
92216170,990.8,WIN,False,86,10,MAIN,6,ATTACK_SELECTION,ATTACK,,ATTACK,2,1,678,340,340,3,False,5,2,True,True,2,2,1,648,320,4,,,4,False,False,Shadow Bullet,180,True
92215204,1077.8,WIN,False,0,,,0,UNKNOWN,,,,0,0,,,,,False,,,False,False,,,0,,,,,,,,,,,False
92215204,1077.8,WIN,False,1,,,0,UNKNOWN,,,,0,0,,,,,False,,,False,False,,,0,,,,,,0,,,,,False
92215204,1077.8,WIN,False,2,0,SETUP_ACTIVE_POKEMON,1,EARLY_GAME_SETUP,,,,0,0,,,,,False,0,0,False,False,,,0,,,0,1071,170,6,,,,,False
92215204,1077.8,WIN,False,3,2,MAIN,7,ENERGY_MANAGEMENT,ATTACH_ENERGY,,ATTACH,0,0,677,80,80,1,False,0,6,False,False,2,0,0,1071,170,6,1071,170,6,False,False,,,False
92215204,1077.8,WIN,False,4,2,MAIN,7,RESOURCE_MANAGEMENT,PLAY_ITEM,1141,PLAY,1,0,677,80,80,1,False,0,6,False,False,2,1,0,1071,170,6,1071,170,6,False,False,,,False
92215204,1077.8,WIN,False,5,2,MAIN,6,RESOURCE_MANAGEMENT,PLAY_ITEM,1141,PLAY,1,0,677,80,80,1,False,0,6,False,False,2,1,0,1071,170,6,1071,170,6,False,False,,,False
92215204,1077.8,WIN,False,6,2,MAIN,5,RESOURCE_MANAGEMENT,PLAY_SUPPORTER,1227,PLAY,1,0,677,80,80,1,False,0,6,False,False,2,1,0,1071,170,6,1071,170,6,False,False,,,False
92215204,1077.8,WIN,False,7,2,MAIN,8,RESOURCE_MANAGEMENT,PLAY_POKEMON,676,PLAY,1,0,677,80,80,1,False,0,6,False,False,2,1,0,1071,170,6,1071,170,6,False,False,,,False
92215204,1077.8,WIN,False,8,2,MAIN,8,RESOURCE_MANAGEMENT,PLAY_POKEMON,675,PLAY,1,0,677,80,80,1,False,1,6,False,True,2,1,0,1071,170,6,1071,170,6,False,False,,,False
92215204,1077.8,WIN,False,9,2,MAIN,7,RESOURCE_MANAGEMENT,PLAY_POKEMON,673,PLAY,1,0,677,80,80,1,False,2,6,False,True,2,1,0,1071,170,6,1071,170,6,False,False,,,False
92215204,1077.8,WIN,False,10,2,MAIN,6,RESOURCE_MANAGEMENT,PLAY_POKEMON,677,PLAY,1,0,677,80,80,1,False,3,6,False,True,2,1,0,1071,170,6,1071,170,6,False,False,,,False
92215204,1077.8,WIN,False,11,2,MAIN,5,RESOURCE_MANAGEMENT,PLAY_ITEM,1142,PLAY,1,0,677,80,80,1,False,4,6,False,True,2,1,0,1071,170,6,1071,170,6,False,False,,,False
92215204,1077.8,WIN,False,12,2,TO_HAND,15,RESOURCE_MANAGEMENT,,,CARD,0,0,677,80,80,1,False,4,6,False,True,2,1,0,1071,170,6,1071,170,6,False,False,,,False
92215204,1077.8,WIN,False,13,2,MAIN,5,RESOURCE_MANAGEMENT,ABILITY,,ABILITY,1,0,677,80,80,1,False,4,6,False,True,2,1,0,1071,170,6,1071,170,6,False,False,,,False
92215204,1077.8,WIN,False,14,2,DISCARD,1,RESOURCE_MANAGEMENT,,,CARD,0,0,677,80,80,1,False,4,6,False,True,2,1,0,1071,170,6,1071,170,6,False,False,,,False
92215204,1077.8,WIN,False,15,2,MAIN,6,RESOURCE_MANAGEMENT,PLAY_ITEM,1152,PLAY,1,0,677,80,80,1,False,4,6,False,True,2,1,0,1071,170,6,1071,170,6,False,False,,,False
92215204,1077.8,WIN,False,16,2,TO_HAND,6,RESOURCE_MANAGEMENT,,,CARD,0,0,677,80,80,1,False,4,6,False,True,2,1,0,1071,170,6,1071,170,6,False,False,,,False
92215204,1077.8,WIN,False,17,2,MAIN,6,RESOURCE_MANAGEMENT,PLAY_POKEMON,673,PLAY,1,0,677,80,80,1,False,4,6,False,True,2,1,0,1071,170,6,1071,170,6,False,False,,,False
92215204,1077.8,WIN,False,18,2,MAIN,4,ATTACK_SELECTION,ATTACK,,ATTACK,1,1,677,80,80,1,False,5,6,False,True,2,1,0,1071,170,6,,,6,False,False,,,False
92215204,1077.8,WIN,False,19,2,TO_HAND,6,RESOURCE_MANAGEMENT,,,,0,0,677,80,80,1,False,5,6,False,True,2,1,0,,,6,149,40,6,,,,,False
92215204,1077.8,WIN,False,20,4,MAIN,15,RESOURCE_MANAGEMENT,ABILITY,,ABILITY,0,0,677,80,80,1,False,5,4,False,True,2,1,0,149,40,6,149,40,6,False,False,,,False
92215204,1077.8,WIN,False,21,4,DISCARD,2,RESOURCE_MANAGEMENT,,,CARD,0,0,677,80,80,1,False,5,4,False,True,2,1,0,149,40,6,149,40,6,False,False,,,False
92215204,1077.8,WIN,False,22,4,MAIN,12,BENCH_MANAGEMENT,EVOLVE,,EVOLVE,0,0,677,80,80,1,False,5,4,False,True,2,1,0,149,40,6,149,40,6,False,False,,,False
92215204,1077.8,WIN,False,23,4,MAIN,11,ATTACK_SELECTION,ATTACK,,ATTACK,1,1,678,340,340,3,False,5,4,False,True,2,1,0,149,40,6,149,0,6,False,False,,,True
92215204,1077.8,WIN,False,24,4,ATTACH_TO,2,ENERGY_MANAGEMENT,,,,0,0,678,340,340,3,False,5,4,False,True,2,1,0,149,0,6,,,6,False,False,,,False
92215204,1077.8,WIN,False,25,4,TO_HAND,4,RESOURCE_MANAGEMENT,,,,0,0,678,340,340,3,False,5,4,False,True,2,1,0,,,6,1071,170,6,,,,,False
92215204,1077.8,WIN,False,26,6,MAIN,14,ENERGY_MANAGEMENT,ATTACH_ENERGY,,ATTACH,1,0,678,340,340,3,False,5,3,False,True,2,1,0,1071,170,6,1071,170,6,False,False,,,False
92215204,1077.8,WIN,False,27,6,MAIN,9,ATTACK_SELECTION,ATTACK,,ATTACK,2,1,678,340,340,3,False,5,3,True,True,2,2,0,1071,170,6,,,6,False,False,,,False
92214223,666.9,WIN,False,0,,,0,UNKNOWN,,,,0,0,,,,,False,,,False,False,,,0,,,,,,,,,,,False
92214223,666.9,WIN,False,1,,,0,UNKNOWN,,,,0,0,,,,,False,,,False,False,,,0,,,,,,6,,,,,False
92214223,666.9,WIN,False,2,0,SETUP_ACTIVE_POKEMON,1,EARLY_GAME_SETUP,,,,0,0,,,,,False,0,0,False,False,,,0,,,6,235,30,6,,,,,False
92214223,666.9,WIN,False,3,2,MAIN,8,RESOURCE_MANAGEMENT,PLAY_ITEM,1121,PLAY,0,0,673,80,80,1,False,0,6,False,False,2,0,0,235,30,6,235,30,6,False,False,Itchy Pollen,10,False
92214223,666.9,WIN,False,4,2,DISCARD,6,RESOURCE_MANAGEMENT,,,CARD;CARD,0,0,673,80,80,1,False,0,6,False,False,2,0,0,235,30,6,235,30,6,False,False,Itchy Pollen,10,False
92214223,666.9,WIN,False,5,2,TO_HAND,14,RESOURCE_MANAGEMENT,,,CARD,0,0,673,80,80,1,False,0,6,False,False,2,0,0,235,30,6,235,30,6,False,False,Itchy Pollen,10,False
92214223,666.9,WIN,False,6,2,MAIN,6,RESOURCE_MANAGEMENT,PLAY_POKEMON,676,PLAY,0,0,673,80,80,1,False,0,6,False,False,2,0,0,235,30,6,235,30,6,False,False,Itchy Pollen,10,False
92214223,666.9,WIN,False,7,2,MAIN,7,ENERGY_MANAGEMENT,ATTACH_ENERGY,,ATTACH,0,0,673,80,80,1,False,1,6,False,True,2,0,0,235,30,6,235,30,6,False,False,Itchy Pollen,10,False
92214223,666.9,WIN,False,8,2,MAIN,5,ENERGY_MANAGEMENT,ATTACH_ENERGY,,ATTACH,0,0,673,180,180,1,False,1,6,False,True,2,0,0,235,30,6,235,30,6,False,False,Itchy Pollen,10,False
92214223,666.9,WIN,False,9,2,MAIN,4,RESOURCE_MANAGEMENT,PLAY_SUPPORTER,1227,PLAY,1,0,673,180,180,1,False,1,6,False,True,2,1,0,235,30,6,235,30,6,False,False,Itchy Pollen,10,False
92214223,666.9,WIN,False,10,2,MAIN,7,RESOURCE_MANAGEMENT,PLAY_POKEMON,677,PLAY,1,0,673,180,180,1,False,1,6,False,True,2,1,0,235,30,6,235,30,6,False,False,Itchy Pollen,10,False
92214223,666.9,WIN,False,11,2,MAIN,6,RESOURCE_MANAGEMENT,PLAY_ITEM,1152,PLAY,1,0,673,180,180,1,False,2,6,False,True,2,1,0,235,30,6,235,30,6,False,False,Itchy Pollen,10,False
92214223,666.9,WIN,False,12,2,TO_HAND,7,RESOURCE_MANAGEMENT,,,CARD,0,0,673,180,180,1,False,2,6,False,True,2,1,0,235,30,6,235,30,6,False,False,Itchy Pollen,10,False
92214223,666.9,WIN,False,13,2,MAIN,6,RESOURCE_MANAGEMENT,PLAY_POKEMON,675,PLAY,1,0,673,180,180,1,False,2,6,False,True,2,1,0,235,30,6,235,30,6,False,False,Itchy Pollen,10,False
92214223,666.9,WIN,False,14,2,MAIN,6,RESOURCE_MANAGEMENT,ABILITY,,ABILITY,1,0,673,180,180,1,False,3,6,False,True,2,1,0,235,30,6,235,30,6,False,False,Itchy Pollen,10,False
92214223,666.9,WIN,False,15,2,DISCARD,1,RESOURCE_MANAGEMENT,,,CARD,0,0,673,180,180,1,False,3,6,False,True,2,1,0,235,30,6,235,30,6,False,False,Itchy Pollen,10,False
92214223,666.9,WIN,False,16,2,MAIN,7,RESOURCE_MANAGEMENT,PLAY_ITEM,1152,PLAY,1,0,673,180,180,1,False,3,6,False,True,2,1,0,235,30,6,235,30,6,False,False,Itchy Pollen,10,False
92214223,666.9,WIN,False,17,2,TO_HAND,5,RESOURCE_MANAGEMENT,,,CARD,0,0,673,180,180,1,False,3,6,False,True,2,1,0,235,30,6,235,30,6,False,False,Itchy Pollen,10,False
92214223,666.9,WIN,False,18,2,MAIN,7,RESOURCE_MANAGEMENT,PLAY_POKEMON,677,PLAY,1,0,673,180,180,1,False,3,6,False,True,2,1,0,235,30,6,235,30,6,False,False,Itchy Pollen,10,False
92214223,666.9,WIN,False,19,2,MAIN,6,RESOURCE_MANAGEMENT,PLAY_ITEM,1152,PLAY,1,0,673,180,180,1,False,4,6,False,True,2,1,0,235,30,6,235,30,6,False,False,Itchy Pollen,10,False
92214223,666.9,WIN,False,20,2,TO_HAND,4,RESOURCE_MANAGEMENT,,,CARD,0,0,673,180,180,1,False,4,6,False,True,2,1,0,235,30,6,235,30,6,False,False,Itchy Pollen,10,False
92214223,666.9,WIN,False,21,2,MAIN,6,RESOURCE_MANAGEMENT,PLAY_POKEMON,677,PLAY,1,0,673,180,180,1,False,4,6,False,True,2,1,0,235,30,6,235,30,6,False,False,Itchy Pollen,10,False
92214223,666.9,WIN,False,22,2,MAIN,3,RESOURCE_MANAGEMENT,PLAY_ITEM,1123,PLAY,1,0,673,180,180,1,False,5,6,False,True,2,1,0,235,30,6,235,30,6,False,False,Itchy Pollen,10,False
92214223,666.9,WIN,False,23,2,SWITCH,5,ACTIVE_POKEMON_SELECTION,,,CARD,0,0,673,180,180,1,False,5,6,False,True,2,1,0,235,30,6,235,30,6,False,False,Itchy Pollen,10,False
92214223,666.9,WIN,False,24,2,MAIN,1,TIMING,,,,0,0,677,80,80,1,False,5,6,False,True,2,0,1,235,30,6,235,30,6,False,False,Itchy Pollen,10,True
92214223,666.9,WIN,False,25,4,MAIN,5,BENCH_MANAGEMENT,EVOLVE,,EVOLVE,0,0,677,70,80,1,True,5,6,False,True,2,0,1,235,30,6,235,30,6,False,False,Itchy Pollen,10,False
92214223,666.9,WIN,False,26,4,MAIN,3,RESOURCE_MANAGEMENT,PLAY_SUPPORTER,1227,PLAY,0,0,678,330,340,3,True,5,6,False,True,2,0,1,235,30,6,235,30,6,False,False,Itchy Pollen,10,True
92214223,666.9,WIN,False,27,4,MAIN,23,BENCH_MANAGEMENT,EVOLVE,,EVOLVE,0,0,678,330,340,3,True,5,6,False,True,2,0,1,235,30,6,235,30,6,False,False,Itchy Pollen,10,False
92214223,666.9,WIN,False,28,4,ACTIVATE,2,RESOURCE_MANAGEMENT,,,YES,0,0,678,330,340,3,True,5,6,False,True,2,0,0,235,30,6,235,30,6,False,False,Itchy Pollen,10,False
92214223,666.9,WIN,False,29,4,SWITCH,4,ACTIVE_POKEMON_SELECTION,,,CARD,0,0,678,330,340,3,True,5,6,False,True,2,0,0,235,30,6,120,90,6,False,False,Itchy Pollen,10,False
92214223,666.9,WIN,False,30,4,MAIN,22,ENERGY_MANAGEMENT,ATTACH_ENERGY,,ATTACH,0,0,678,330,340,3,True,5,6,False,True,2,0,0,120,90,6,120,90,6,False,False,,,False
92214223,666.9,WIN,False,31,4,MAIN,5,RESOURCE_MANAGEMENT,ABILITY,,ABILITY,1,0,678,330,340,3,True,5,6,False,True,2,1,0,120,90,6,120,90,6,False,False,,,False
92214223,666.9,WIN,False,32,4,DISCARD,2,RESOURCE_MANAGEMENT,,,CARD,0,0,678,330,340,3,True,5,6,False,True,2,1,0,120,90,6,120,90,6,False,False,,,False
92214223,666.9,WIN,False,33,4,MAIN,4,BENCH_MANAGEMENT,EVOLVE,,EVOLVE,1,0,678,330,340,3,True,5,6,False,True,2,1,0,120,90,6,120,90,6,False,False,,,False
92214223,666.9,WIN,False,34,4,MAIN,2,ATTACK_SELECTION,ATTACK,,ATTACK,1,1,678,330,340,3,True,5,6,False,True,2,1,0,120,90,6,120,0,6,False,False,,,False
92214223,666.9,WIN,False,35,4,ATTACH_TO,2,ENERGY_MANAGEMENT,,,CARD;CARD,0,0,678,330,340,3,True,5,6,False,True,2,1,0,120,0,6,120,0,6,False,False,,,False
92214223,666.9,WIN,False,36,4,ATTACH_FROM,5,ENERGY_MANAGEMENT,,,CARD,0,0,678,330,340,3,True,5,6,False,True,2,1,0,120,0,6,120,0,6,False,False,,,False
92214223,666.9,WIN,False,37,4,ATTACH_FROM,5,ENERGY_MANAGEMENT,,,CARD,0,0,678,330,340,3,True,5,6,False,True,2,1,1,120,0,6,,,6,False,False,,,False
92214223,666.9,WIN,False,38,4,TO_HAND,6,RESOURCE_MANAGEMENT,,,,0,0,678,330,340,3,True,5,6,False,True,2,1,1,,,6,235,30,6,,,,,False
92214223,666.9,WIN,False,39,6,MAIN,8,RESOURCE_MANAGEMENT,ABILITY,,ABILITY,0,0,674,240,250,1,True,5,5,False,True,3,1,2,235,30,6,235,30,6,False,False,Itchy Pollen,10,True
92214223,666.9,WIN,False,40,6,DISCARD,1,RESOURCE_MANAGEMENT,,,CARD,0,0,674,240,250,1,True,5,5,False,True,3,1,2,235,30,6,235,30,6,False,False,Itchy Pollen,10,False
92214223,666.9,WIN,False,41,6,MAIN,3,TIMING,,,,0,0,674,240,250,1,True,5,5,False,True,3,1,2,235,30,6,235,30,6,False,False,Itchy Pollen,10,False
92214223,666.9,WIN,False,42,8,MAIN,4,RESOURCE_MANAGEMENT,PLAY_SUPPORTER,1182,PLAY,0,0,674,130,150,1,True,5,5,False,True,3,1,2,235,30,6,235,30,6,False,False,Itchy Pollen,10,False
92214223,666.9,WIN,False,43,8,SWITCH,3,ACTIVE_POKEMON_SELECTION,,,CARD,0,0,674,130,150,1,True,5,5,False,True,3,1,2,235,30,6,119,70,6,False,False,Itchy Pollen,10,False
92214223,666.9,WIN,False,44,8,MAIN,3,TIMING,,,,0,0,674,130,150,1,True,5,5,False,True,3,1,2,119,70,6,235,30,6,False,False,,,False
92214223,666.9,WIN,False,45,10,MAIN,3,TIMING,,,,0,0,674,120,150,1,True,5,5,False,True,3,1,2,235,30,6,235,30,6,False,False,Itchy Pollen,10,False
92214223,666.9,WIN,False,46,12,MAIN,3,TIMING,,,,0,0,674,110,150,1,True,5,5,False,True,3,1,2,235,30,6,235,30,6,False,False,Itchy Pollen,10,False
92214223,666.9,WIN,False,47,14,MAIN,10,RESOURCE_MANAGEMENT,ABILITY,,ABILITY,0,0,674,100,150,1,True,5,5,False,True,3,1,2,235,30,6,235,30,6,False,False,Itchy Pollen,10,False
92214223,666.9,WIN,False,48,14,DISCARD,1,RESOURCE_MANAGEMENT,,,CARD,0,0,674,100,150,1,True,5,5,False,True,3,1,2,235,30,6,235,30,6,False,False,Itchy Pollen,10,False
92214223,666.9,WIN,False,49,14,MAIN,4,BENCH_MANAGEMENT,EVOLVE,,EVOLVE,0,0,674,100,150,1,True,5,5,False,True,3,1,2,235,30,6,235,30,6,False,False,Itchy Pollen,10,False
92214223,666.9,WIN,False,50,14,MAIN,2,TIMING,,,,0,0,674,100,150,1,True,5,5,False,True,3,1,2,235,30,6,235,30,6,False,False,Itchy Pollen,10,False
92214223,666.9,WIN,False,51,16,MAIN,2,TIMING,,,,0,0,674,90,150,1,True,5,5,False,True,3,1,2,235,30,6,121,320,5,False,False,Itchy Pollen,10,False
92214223,666.9,WIN,False,52,17,TO_ACTIVE,5,ACTIVE_POKEMON_SELECTION,,,CARD,0,0,,,,,False,5,5,False,True,,,2,121,320,5,121,320,5,,,,,True
92214223,666.9,WIN,False,53,18,MAIN,13,RESOURCE_MANAGEMENT,PLAY_ITEM,1142,PLAY,2,0,678,340,340,3,False,4,5,True,True,2,2,1,121,320,5,121,320,5,False,False,Phantom Dive,200,False
92214223,666.9,WIN,False,54,18,TO_HAND,8,RESOURCE_MANAGEMENT,,,CARD,0,0,678,340,340,3,False,4,5,False,True,2,2,1,121,320,5,121,320,5,False,False,Phantom Dive,200,False
92214223,666.9,WIN,False,55,18,MAIN,13,RESOURCE_MANAGEMENT,PLAY_POKEMON,673,PLAY,2,0,678,340,340,3,False,4,5,True,True,2,2,1,121,320,5,121,320,5,False,False,Phantom Dive,200,False
92214223,666.9,WIN,False,56,18,MAIN,13,ENERGY_MANAGEMENT,ATTACH_ENERGY,,ATTACH,2,0,678,340,340,3,False,5,5,True,True,2,2,1,121,320,5,121,320,5,False,False,Phantom Dive,200,False
92214223,666.9,WIN,False,57,18,MAIN,6,RESOURCE_MANAGEMENT,PLAY_SUPPORTER,1227,PLAY,2,0,678,340,340,3,False,5,5,True,True,2,2,2,121,320,5,121,320,5,False,False,Phantom Dive,200,False
92214223,666.9,WIN,False,58,18,MAIN,7,RESOURCE_MANAGEMENT,ABILITY,,ABILITY,2,0,678,340,340,3,False,5,5,True,True,2,2,2,121,320,5,121,320,5,False,False,Phantom Dive,200,False
92214223,666.9,WIN,False,59,18,DISCARD,2,RESOURCE_MANAGEMENT,,,CARD,0,0,678,340,340,3,False,5,5,False,True,2,2,2,121,320,5,121,320,5,False,False,Phantom Dive,200,False
92214223,666.9,WIN,False,60,18,MAIN,7,RESOURCE_MANAGEMENT,PLAY_ITEM,1142,PLAY,2,0,678,340,340,3,False,5,5,True,True,2,2,2,121,320,5,121,320,5,False,False,Phantom Dive,200,False
92214223,666.9,WIN,False,61,18,TO_HAND,4,RESOURCE_MANAGEMENT,,,CARD,0,0,678,340,340,3,False,5,5,False,True,2,2,2,121,320,5,121,320,5,False,False,Phantom Dive,200,False
92214223,666.9,WIN,False,62,18,MAIN,6,TIMING,,,,2,0,678,340,340,3,False,5,5,True,True,2,2,2,121,320,5,121,320,4,False,False,Phantom Dive,200,False
92214223,666.9,WIN,False,63,20,MAIN,20,RESOURCE_MANAGEMENT,ABILITY,,ABILITY,1,0,678,140,340,3,True,4,5,True,True,2,2,2,121,320,4,121,320,4,True,False,Phantom Dive,200,False
92214223,666.9,WIN,False,64,20,DISCARD,2,RESOURCE_MANAGEMENT,,,CARD,0,0,678,140,340,3,True,4,5,False,True,2,2,2,121,320,4,121,320,4,True,False,Phantom Dive,200,False
92214223,666.9,WIN,False,65,20,MAIN,21,RETREAT_SELECTION,RETREAT,,RETREAT,1,0,678,140,340,3,True,4,5,True,True,2,2,2,121,320,4,121,320,4,True,False,Phantom Dive,200,False
92214223,666.9,WIN,False,66,20,DISCARD_ENERGY,2,ENERGY_MANAGEMENT,,,ENERGY,0,0,678,140,340,3,True,4,5,False,True,2,2,2,121,320,4,121,320,4,True,False,Phantom Dive,200,False
92214223,666.9,WIN,False,67,20,DISCARD_ENERGY,1,ENERGY_MANAGEMENT,,,ENERGY,0,0,678,140,340,3,True,4,5,False,True,2,1,2,121,320,4,121,320,4,True,False,Phantom Dive,200,False
92214223,666.9,WIN,False,68,20,SWITCH,4,ACTIVE_POKEMON_SELECTION,,,CARD,0,0,678,140,340,3,True,4,5,False,True,2,0,2,121,320,4,121,320,4,True,False,Phantom Dive,200,False
92214223,666.9,WIN,False,69,20,MAIN,20,RESOURCE_MANAGEMENT,PLAY_POKEMON,675,PLAY,1,0,678,340,340,3,False,4,5,False,True,2,1,1,121,320,4,121,320,4,False,False,Phantom Dive,200,False
92214223,666.9,WIN,False,70,20,MAIN,21,RESOURCE_MANAGEMENT,PLAY_ITEM,1141,PLAY,1,0,678,340,340,3,False,5,5,False,True,2,1,1,121,320,4,121,320,4,False,False,Phantom Dive,200,False
92214223,666.9,WIN,False,71,20,MAIN,20,RESOURCE_MANAGEMENT,PLAY_ITEM,1141,PLAY,1,0,678,340,340,3,False,5,5,False,True,2,1,1,121,320,4,121,320,4,False,False,Phantom Dive,200,False
92214223,666.9,WIN,False,72,20,MAIN,19,ENERGY_MANAGEMENT,ATTACH_ENERGY,,ATTACH,1,0,678,340,340,3,False,5,5,False,True,2,1,1,121,320,4,121,320,4,False,False,Phantom Dive,200,False
92214223,666.9,WIN,False,73,20,MAIN,8,RESOURCE_MANAGEMENT,PLAY_ITEM,1121,PLAY,2,0,678,340,340,3,False,5,5,False,True,2,2,1,121,320,4,121,320,4,False,False,Phantom Dive,200,False
92214223,666.9,WIN,False,74,20,DISCARD,6,RESOURCE_MANAGEMENT,,,CARD;CARD,0,0,678,340,340,3,False,5,5,False,True,2,2,1,121,320,4,121,320,4,False,False,Phantom Dive,200,False
92214223,666.9,WIN,False,75,20,TO_HAND,3,RESOURCE_MANAGEMENT,,,CARD,0,0,678,340,340,3,False,5,5,False,True,2,2,1,121,320,4,121,320,4,False,False,Phantom Dive,200,False
92214223,666.9,WIN,False,76,20,MAIN,6,RESOURCE_MANAGEMENT,PLAY_ITEM,1142,PLAY,2,0,678,340,340,3,False,5,5,False,True,2,2,1,121,320,4,121,320,4,False,False,Phantom Dive,200,False
92214223,666.9,WIN,False,77,20,TO_HAND,1,RESOURCE_MANAGEMENT,,,CARD,0,0,678,340,340,3,False,5,5,False,True,2,2,1,121,320,4,121,320,4,False,False,Phantom Dive,200,False
92214223,666.9,WIN,False,78,20,MAIN,5,RESOURCE_MANAGEMENT,PLAY_SUPPORTER,1213,PLAY,2,0,678,340,340,3,False,5,5,False,True,2,2,1,121,320,4,121,320,4,False,False,Phantom Dive,200,False
92214223,666.9,WIN,False,79,20,MAIN,4,ATTACK_SELECTION,ATTACK,,ATTACK,2,1,678,340,340,3,False,5,5,False,True,2,2,1,121,320,4,,,4,False,False,Phantom Dive,200,False
92214223,666.9,WIN,False,80,20,TO_HAND,5,RESOURCE_MANAGEMENT,,,,0,0,678,340,340,3,False,5,5,False,True,2,2,1,,,4,121,320,4,,,,,False
92214223,666.9,WIN,False,81,22,MAIN,20,RESOURCE_MANAGEMENT,ABILITY,,ABILITY,1,0,678,270,340,3,True,5,3,True,True,2,2,1,121,320,4,121,320,4,False,False,Jet Headbutt,70,False
92214223,666.9,WIN,False,82,22,DISCARD,2,RESOURCE_MANAGEMENT,,,CARD,0,0,678,270,340,3,True,5,3,False,True,2,2,1,121,320,4,121,320,4,False,False,Jet Headbutt,70,False
92214223,666.9,WIN,False,83,22,MAIN,14,RESOURCE_MANAGEMENT,PLAY_SUPPORTER,1229,PLAY,1,0,678,270,340,3,True,5,3,True,True,2,2,1,121,320,4,121,320,4,False,False,Jet Headbutt,70,False
92214223,666.9,WIN,False,84,22,HEAL,3,RESOURCE_MANAGEMENT,,,CARD,0,0,678,270,340,3,True,5,3,False,True,2,2,1,121,320,4,121,320,4,False,False,Jet Headbutt,70,False
92214223,666.9,WIN,False,85,22,MAIN,12,ATTACK_SELECTION,ATTACK,,ATTACK,1,1,678,270,340,3,True,5,3,True,True,2,2,1,121,320,4,121,190,4,False,False,Jet Headbutt,70,False
92214223,666.9,WIN,False,86,22,ATTACH_TO,8,ENERGY_MANAGEMENT,,,CARD;CARD;CARD,0,0,678,270,340,3,True,5,3,False,True,2,2,1,121,190,4,121,190,4,False,False,Jet Headbutt,70,False
92214223,666.9,WIN,False,87,22,ATTACH_FROM,5,ENERGY_MANAGEMENT,,,CARD,0,0,678,270,340,3,True,5,3,False,True,2,2,1,121,190,4,121,190,4,False,False,Jet Headbutt,70,False
92214223,666.9,WIN,False,88,22,ATTACH_FROM,5,ENERGY_MANAGEMENT,,,CARD,0,0,678,270,340,3,True,5,3,False,True,2,2,1,121,190,4,121,190,4,False,False,Jet Headbutt,70,False
92214223,666.9,WIN,False,89,22,ATTACH_FROM,5,ENERGY_MANAGEMENT,,,,0,0,678,270,340,3,True,5,3,False,True,2,2,2,121,190,4,235,30,3,False,False,Jet Headbutt,70,False
92214223,666.9,WIN,False,90,24,MAIN,14,RESOURCE_MANAGEMENT,PLAY_SUPPORTER,1182,PLAY,2,0,678,260,340,3,True,4,3,True,True,2,2,2,235,30,3,235,30,3,False,False,Itchy Pollen,10,False
92214223,666.9,WIN,False,91,24,SWITCH,3,ACTIVE_POKEMON_SELECTION,,,CARD,0,0,678,260,340,3,True,4,3,False,True,2,2,2,235,30,3,121,140,3,False,False,Itchy Pollen,10,False
92214223,666.9,WIN,False,92,24,MAIN,12,ATTACK_SELECTION,ATTACK,,ATTACK,2,1,678,260,340,3,True,4,3,True,True,2,2,2,121,140,3,,,3,False,False,Phantom Dive,200,False
92214223,666.9,WIN,False,93,24,TO_HAND,3,RESOURCE_MANAGEMENT,,,,0,0,678,260,340,3,True,4,3,False,True,2,2,2,,,3,121,220,3,,,,,False
92214223,666.9,WIN,False,94,26,MAIN,16,RESOURCE_MANAGEMENT,PLAY_ITEM,1123,PLAY,0,0,675,110,110,1,False,4,1,False,True,1,0,3,121,220,3,121,220,3,False,False,,,True
92214223,666.9,WIN,False,95,26,SWITCH,4,ACTIVE_POKEMON_SELECTION,,,CARD,0,0,675,110,110,1,False,4,1,False,True,1,0,3,121,220,3,121,220,3,False,False,,,False
92214223,666.9,WIN,False,96,26,MAIN,18,ATTACK_SELECTION,ATTACK,,ATTACK,2,1,678,340,340,3,False,4,1,True,True,2,2,2,121,220,3,,,3,False,False,,,True
92213249,836.6,WIN,False,0,,,0,UNKNOWN,,,,0,0,,,,,False,,,False,False,,,0,,,,,,,,,,,False
92213249,836.6,WIN,False,1,,,0,UNKNOWN,,,,0,0,,,,,False,,,False,False,,,0,,,,,,6,,,,,False
92213249,836.6,WIN,False,2,0,SETUP_ACTIVE_POKEMON,1,EARLY_GAME_SETUP,,,,0,0,,,,,False,0,0,False,False,,,0,,,6,344,90,6,,,,,False
92213249,836.6,WIN,False,3,2,MAIN,8,RESOURCE_MANAGEMENT,PLAY_ITEM,1142,PLAY,0,0,673,80,80,1,False,0,6,False,False,2,0,0,344,90,6,344,90,6,False,False,Ascension,0,False
92213249,836.6,WIN,False,4,2,TO_HAND,18,RESOURCE_MANAGEMENT,,,CARD,0,0,673,80,80,1,False,0,6,False,False,2,0,0,344,90,6,344,90,6,False,False,Ascension,0,False
92213249,836.6,WIN,False,5,2,MAIN,8,RESOURCE_MANAGEMENT,PLAY_POKEMON,676,PLAY,0,0,673,80,80,1,False,0,6,False,False,2,0,0,344,90,6,344,90,6,False,False,Ascension,0,False
92213249,836.6,WIN,False,6,2,MAIN,9,ENERGY_MANAGEMENT,ATTACH_ENERGY,,ATTACH,0,0,673,80,80,1,False,1,6,False,True,2,0,0,344,90,6,344,90,6,False,False,Ascension,0,False
92213249,836.6,WIN,False,7,2,MAIN,6,RESOURCE_MANAGEMENT,PLAY_ITEM,1141,PLAY,1,0,673,80,80,1,False,1,6,False,True,2,1,0,344,90,6,344,90,6,False,False,Ascension,0,False
92213249,836.6,WIN,False,8,2,MAIN,5,RESOURCE_MANAGEMENT,PLAY_SUPPORTER,1227,PLAY,1,0,673,80,80,1,False,1,6,False,True,2,1,0,344,90,6,344,90,6,False,False,Ascension,0,False
92213249,836.6,WIN,False,9,2,MAIN,8,RESOURCE_MANAGEMENT,PLAY_ITEM,1142,PLAY,1,0,673,80,80,1,False,1,6,False,True,2,1,0,344,90,6,344,90,6,False,False,Ascension,0,False
92213249,836.6,WIN,False,10,2,TO_HAND,16,RESOURCE_MANAGEMENT,,,CARD,0,0,673,80,80,1,False,1,6,False,True,2,1,0,344,90,6,344,90,6,False,False,Ascension,0,False
92213249,836.6,WIN,False,11,2,MAIN,8,RESOURCE_MANAGEMENT,PLAY_POKEMON,675,PLAY,1,0,673,80,80,1,False,1,6,False,True,2,1,0,344,90,6,344,90,6,False,False,Ascension,0,False
92213249,836.6,WIN,False,12,2,MAIN,9,RESOURCE_MANAGEMENT,ABILITY,,ABILITY,1,0,673,80,80,1,False,2,6,False,True,2,1,0,344,90,6,344,90,6,False,False,Ascension,0,False
92213249,836.6,WIN,False,13,2,DISCARD,1,RESOURCE_MANAGEMENT,,,CARD,0,0,673,80,80,1,False,2,6,False,True,2,1,0,344,90,6,344,90,6,False,False,Ascension,0,False
92213249,836.6,WIN,False,14,2,MAIN,10,RESOURCE_MANAGEMENT,PLAY_POKEMON,677,PLAY,1,0,673,80,80,1,False,2,6,False,True,2,1,0,344,90,6,344,90,6,False,False,Ascension,0,False
92213249,836.6,WIN,False,15,2,MAIN,10,RESOURCE_MANAGEMENT,PLAY_ITEM,1152,PLAY,1,0,673,80,80,1,False,3,6,False,True,2,1,0,344,90,6,344,90,6,False,False,Ascension,0,False
92213249,836.6,WIN,False,16,2,TO_HAND,5,RESOURCE_MANAGEMENT,,,CARD,0,0,673,80,80,1,False,3,6,False,True,2,1,0,344,90,6,344,90,6,False,False,Ascension,0,False
92213249,836.6,WIN,False,17,2,MAIN,10,RESOURCE_MANAGEMENT,PLAY_POKEMON,673,PLAY,1,0,673,80,80,1,False,3,6,False,True,2,1,0,344,90,6,344,90,6,False,False,Ascension,0,False
92213249,836.6,WIN,False,18,2,MAIN,10,TIMING,,,,1,0,673,80,80,1,False,4,6,False,True,2,1,0,344,90,6,345,130,6,False,False,Ascension,0,False
92213249,836.6,WIN,False,19,4,MAIN,18,RESOURCE_MANAGEMENT,PLAY_ITEM,1123,PLAY,1,0,673,80,80,1,False,4,6,False,True,2,1,0,345,130,6,345,130,6,False,True,,,False
92213249,836.6,WIN,False,20,4,SWITCH,4,ACTIVE_POKEMON_SELECTION,,,CARD,0,0,673,80,80,1,False,4,6,False,True,2,1,0,345,130,6,345,130,6,False,True,,,False
92213249,836.6,WIN,False,21,4,MAIN,16,ENERGY_MANAGEMENT,ATTACH_ENERGY,,ATTACH,0,0,677,80,80,1,False,4,6,False,True,2,0,1,345,130,6,345,130,6,False,True,,,True
92213249,836.6,WIN,False,22,4,MAIN,11,ENERGY_MANAGEMENT,ATTACH_ENERGY,,ATTACH,0,0,677,180,180,1,False,4,6,False,True,2,0,1,345,130,6,345,130,6,False,False,,,False
92213249,836.6,WIN,False,23,4,MAIN,6,RESOURCE_MANAGEMENT,PLAY_POKEMON,676,PLAY,1,0,677,180,180,1,False,4,6,False,True,2,1,1,345,130,6,345,130,6,False,False,,,False
92213249,836.6,WIN,False,24,4,MAIN,4,RESOURCE_MANAGEMENT,PLAY_SUPPORTER,1227,PLAY,1,0,677,180,180,1,False,5,6,False,True,2,1,1,345,130,6,345,130,6,False,False,,,False
92213249,836.6,WIN,False,25,4,MAIN,4,BENCH_MANAGEMENT,EVOLVE,,EVOLVE,1,0,677,180,180,1,False,5,6,False,True,2,1,1,345,130,6,345,130,6,False,False,,,False
92213249,836.6,WIN,False,26,4,MAIN,3,RESOURCE_MANAGEMENT,PLAY_ITEM,1152,PLAY,1,0,678,440,440,3,False,5,6,False,True,2,1,1,345,130,6,345,130,6,False,False,,,True
92213249,836.6,WIN,False,27,4,TO_HAND,4,RESOURCE_MANAGEMENT,,,CARD,0,0,678,440,440,3,False,5,6,False,True,2,1,1,345,130,6,345,130,6,False,False,,,False
92213249,836.6,WIN,False,28,4,MAIN,4,BENCH_MANAGEMENT,EVOLVE,,EVOLVE,1,0,678,440,440,3,False,5,6,False,True,2,1,1,345,130,6,345,130,6,False,False,,,False
92213249,836.6,WIN,False,29,4,ACTIVATE,2,RESOURCE_MANAGEMENT,,,YES,0,0,678,440,440,3,False,5,6,False,True,2,1,0,345,130,6,345,130,6,False,False,,,False
92213249,836.6,WIN,False,30,4,SWITCH,3,ACTIVE_POKEMON_SELECTION,,,CARD,0,0,678,440,440,3,False,5,6,False,True,2,1,0,345,130,6,344,70,6,False,False,,,False
92213249,836.6,WIN,False,31,4,MAIN,2,ATTACK_SELECTION,ATTACK,,ATTACK,1,1,678,440,440,3,False,5,6,False,True,2,1,0,344,70,6,344,0,6,False,False,,,False
92213249,836.6,WIN,False,32,4,ATTACH_TO,1,ENERGY_MANAGEMENT,,,CARD,0,0,678,440,440,3,False,5,6,False,True,2,1,0,344,0,6,344,0,6,False,False,,,False
92213249,836.6,WIN,False,33,4,ATTACH_FROM,5,ENERGY_MANAGEMENT,,,CARD,0,0,678,440,440,3,False,5,6,False,True,2,1,0,344,0,6,,,6,False,False,,,False
92213249,836.6,WIN,False,34,4,TO_HAND,6,RESOURCE_MANAGEMENT,,,,0,0,678,440,440,3,False,5,6,False,True,2,1,0,,,6,345,170,6,,,,,False
92213249,836.6,WIN,False,35,6,MAIN,9,RESOURCE_MANAGEMENT,PLAY_SUPPORTER,1227,PLAY,1,0,678,320,440,3,True,5,5,False,True,2,1,0,345,170,6,345,170,6,False,False,Superb Scissors,120,False
92213249,836.6,WIN,False,36,6,MAIN,5,RESOURCE_MANAGEMENT,PLAY_ITEM,1142,PLAY,1,0,678,320,440,3,True,5,5,False,True,2,1,0,345,170,6,345,170,6,False,False,Superb Scissors,120,False
92213249,836.6,WIN,False,37,6,TO_HAND,11,RESOURCE_MANAGEMENT,,,CARD,0,0,678,320,440,3,True,5,5,False,True,2,1,0,345,170,6,345,170,6,False,False,Superb Scissors,120,False
92213249,836.6,WIN,False,38,6,MAIN,11,RESOURCE_MANAGEMENT,PLAY_ITEM,1123,PLAY,1,0,678,320,440,3,True,5,5,False,True,2,1,0,345,170,6,345,170,6,False,False,Superb Scissors,120,False
92213249,836.6,WIN,False,39,6,SWITCH,5,ACTIVE_POKEMON_SELECTION,,,CARD,0,0,678,320,440,3,True,5,5,False,True,2,1,0,345,170,6,345,170,6,False,False,Superb Scissors,120,False
92213249,836.6,WIN,False,40,6,MAIN,9,ENERGY_MANAGEMENT,ATTACH_ENERGY,,ATTACH,0,0,674,150,150,1,False,5,5,False,True,3,2,1,345,170,6,345,170,6,False,False,Superb Scissors,120,True
92213249,836.6,WIN,False,41,6,MAIN,4,TIMING,,,,1,0,674,150,150,1,False,5,5,True,True,3,3,1,345,170,6,,,6,False,False,Superb Scissors,120,False
92213249,836.6,WIN,False,42,6,TO_HAND,5,RESOURCE_MANAGEMENT,,,,0,0,674,40,150,1,True,5,5,False,True,3,3,1,,,6,345,250,6,,,,,False
92213249,836.6,WIN,False,43,8,MAIN,11,ENERGY_MANAGEMENT,ATTACH_ENERGY,,ATTACH,0,0,675,110,110,1,False,5,4,False,True,1,0,2,345,250,6,345,250,6,False,False,,,True
92213249,836.6,WIN,False,44,8,MAIN,5,RESOURCE_MANAGEMENT,PLAY_ITEM,1141,PLAY,0,0,675,110,110,1,False,5,4,True,True,1,1,2,345,250,6,345,250,6,False,False,,,False
92213249,836.6,WIN,False,45,8,MAIN,4,RESOURCE_MANAGEMENT,PLAY_ITEM,1152,PLAY,0,0,675,110,110,1,False,5,4,True,True,1,1,2,345,250,6,345,250,6,False,False,,,False
92213249,836.6,WIN,False,46,8,TO_HAND,3,RESOURCE_MANAGEMENT,,,CARD,0,0,675,110,110,1,False,5,4,False,True,1,1,2,345,250,6,345,250,6,False,False,,,False
92213249,836.6,WIN,False,47,8,MAIN,4,RETREAT_SELECTION,RETREAT,,RETREAT,0,0,675,110,110,1,False,5,4,True,True,1,1,2,345,250,6,345,250,6,False,False,,,False
92213249,836.6,WIN,False,48,8,DISCARD_ENERGY,1,ENERGY_MANAGEMENT,,,ENERGY,0,0,675,110,110,1,False,5,4,False,True,1,1,2,345,250,6,345,250,6,False,False,,,False
92213249,836.6,WIN,False,49,8,SWITCH,5,ACTIVE_POKEMON_SELECTION,,,CARD,0,0,675,110,110,1,False,5,4,False,True,1,0,2,345,250,6,345,250,6,False,False,,,False
92213249,836.6,WIN,False,50,8,MAIN,4,RESOURCE_MANAGEMENT,PLAY_SUPPORTER,1213,PLAY,1,0,674,40,150,1,True,5,4,False,True,3,3,1,345,250,6,345,250,6,False,False,,,True
92213249,836.6,WIN,False,51,8,MAIN,2,TIMING,,,,1,0,674,40,150,1,True,5,4,False,True,3,3,1,345,250,6,345,10,5,False,False,,,False
92213249,836.6,WIN,False,52,8,TO_ACTIVE,5,ACTIVE_POKEMON_SELECTION,,,,0,0,,,,,False,5,4,False,True,,,1,345,10,5,345,30,5,,,,,True
92213249,836.6,WIN,False,53,10,MAIN,12,ENERGY_MANAGEMENT,ATTACH_ENERGY,,ATTACH,1,0,678,320,440,3,True,4,4,False,True,2,1,0,345,30,5,345,30,5,False,False,,,False
92213249,836.6,WIN,False,54,10,MAIN,8,RESOURCE_MANAGEMENT,PLAY_SUPPORTER,1227,PLAY,2,0,678,320,440,3,True,4,4,True,True,2,2,0,345,30,5,345,30,5,False,False,,,False
92213249,836.6,WIN,False,55,10,MAIN,6,ATTACK_SELECTION,ATTACK,,ATTACK,2,1,678,320,440,3,True,4,4,True,True,2,2,0,345,30,5,345,30,5,False,False,,,False
92213249,836.6,WIN,False,56,10,ATTACH_TO,4,ENERGY_MANAGEMENT,,,CARD;CARD;CARD,0,0,678,320,440,3,True,4,4,False,True,2,2,0,345,30,5,345,30,5,False,False,,,False
92213249,836.6,WIN,False,57,10,ATTACH_FROM,4,ENERGY_MANAGEMENT,,,CARD,0,0,678,320,440,3,True,4,4,False,True,2,2,0,345,30,5,345,30,5,False,False,,,False
92213249,836.6,WIN,False,58,10,ATTACH_FROM,4,ENERGY_MANAGEMENT,,,CARD,0,0,678,320,440,3,True,4,4,False,True,2,2,1,345,30,5,345,30,5,False,False,,,False
92213249,836.6,WIN,False,59,10,ATTACH_FROM,4,ENERGY_MANAGEMENT,,,,0,0,678,320,440,3,True,4,4,False,True,2,2,1,345,30,5,345,30,5,False,False,,,False
92213249,836.6,WIN,False,60,12,MAIN,10,RESOURCE_MANAGEMENT,PLAY_POKEMON,677,PLAY,2,0,678,200,440,3,True,4,4,True,True,2,2,1,345,30,5,345,30,5,False,False,Superb Scissors,120,False
92213249,836.6,WIN,False,61,12,MAIN,9,RESOURCE_MANAGEMENT,PLAY_SUPPORTER,1213,PLAY,2,0,678,200,440,3,True,5,4,True,True,2,2,1,345,30,5,345,30,5,False,False,Superb Scissors,120,False
92213249,836.6,WIN,False,62,12,MAIN,18,RETREAT_SELECTION,RETREAT,,RETREAT,2,0,678,200,440,3,True,5,4,True,True,2,2,1,345,30,5,345,30,5,False,False,Superb Scissors,120,False
92213249,836.6,WIN,False,63,12,DISCARD_ENERGY,2,ENERGY_MANAGEMENT,,,ENERGY,0,0,678,200,440,3,True,5,4,False,True,2,2,1,345,30,5,345,30,5,False,False,Superb Scissors,120,False
92213249,836.6,WIN,False,64,12,DISCARD_ENERGY,1,ENERGY_MANAGEMENT,,,ENERGY,0,0,678,200,440,3,True,5,4,False,True,2,1,1,345,30,5,345,30,5,False,False,Superb Scissors,120,False
92213249,836.6,WIN,False,65,12,SWITCH,5,ACTIVE_POKEMON_SELECTION,,,CARD,0,0,678,200,440,3,True,5,4,False,True,2,0,1,345,30,5,345,30,5,False,False,Superb Scissors,120,False
92213249,836.6,WIN,False,66,12,MAIN,15,ENERGY_MANAGEMENT,ATTACH_ENERGY,,ATTACH,0,0,676,110,110,1,False,5,4,False,True,1,0,1,345,30,5,345,30,5,True,False,Superb Scissors,120,True
92213249,836.6,WIN,False,67,12,MAIN,4,RESOURCE_MANAGEMENT,ABILITY,,ABILITY,1,0,676,110,110,1,False,5,4,False,True,1,1,1,345,30,5,345,30,5,True,False,Superb Scissors,120,False
92213249,836.6,WIN,False,68,12,DISCARD,1,RESOURCE_MANAGEMENT,,,CARD,0,0,676,110,110,1,False,5,4,False,True,1,1,1,345,30,5,345,30,5,True,False,Superb Scissors,120,False
92213249,836.6,WIN,False,69,12,MAIN,4,ATTACK_SELECTION,ATTACK,,ATTACK,1,1,676,110,110,1,False,5,4,False,True,1,1,1,345,30,5,,,5,True,False,Superb Scissors,120,False
92213249,836.6,WIN,False,70,12,TO_HAND,4,RESOURCE_MANAGEMENT,,,,0,0,676,90,110,1,True,5,4,False,True,1,1,1,,,5,345,170,5,,,,,False
92213249,836.6,WIN,False,71,14,MAIN,21,RESOURCE_MANAGEMENT,PLAY_ITEM,1121,PLAY,1,0,676,90,110,1,True,5,3,True,True,1,1,1,345,170,5,345,170,5,False,False,,,False
92213249,836.6,WIN,False,72,14,DISCARD,6,RESOURCE_MANAGEMENT,,,CARD;CARD,0,0,676,90,110,1,True,5,3,False,True,1,1,1,345,170,5,345,170,5,False,False,,,False
92213249,836.6,WIN,False,73,14,TO_HAND,4,RESOURCE_MANAGEMENT,,,CARD,0,0,676,90,110,1,True,5,3,False,True,1,1,1,345,170,5,345,170,5,False,False,,,False
92213249,836.6,WIN,False,74,14,MAIN,19,BENCH_MANAGEMENT,EVOLVE,,EVOLVE,1,0,676,90,110,1,True,5,3,True,True,1,1,1,345,170,5,345,170,5,False,False,,,False
92213249,836.6,WIN,False,75,14,MAIN,18,RETREAT_SELECTION,RETREAT,,RETREAT,1,0,676,90,110,1,True,5,3,True,True,1,1,1,345,170,5,345,170,5,False,False,,,False
92213249,836.6,WIN,False,76,14,DISCARD_ENERGY,1,ENERGY_MANAGEMENT,,,ENERGY,0,0,676,90,110,1,True,5,3,False,True,1,1,1,345,170,5,345,170,5,False,False,,,False
92213249,836.6,WIN,False,77,14,SWITCH,5,ACTIVE_POKEMON_SELECTION,,,CARD,0,0,676,90,110,1,True,5,3,False,True,1,0,1,345,170,5,345,170,5,False,False,,,False
92213249,836.6,WIN,False,78,14,MAIN,17,ATTACK_SELECTION,ATTACK,,ATTACK,1,1,674,150,150,1,False,5,3,False,True,3,3,0,345,170,5,,,5,False,False,,,True
92212278,1039.2,WIN,True,0,,,0,UNKNOWN,,,,0,0,,,,,False,,,False,False,,,0,,,,,,,,,,,False
92212278,1039.2,WIN,True,1,,,0,UNKNOWN,,,,0,0,,,,,False,,,False,False,,,0,,,,,,0,,,,,False
92212278,1039.2,WIN,True,2,0,IS_FIRST,2,GOING_FIRST_SECOND,,,YES,0,0,,,,,False,0,0,False,False,,,0,,,0,,,0,,,,,False
92212278,1039.2,WIN,True,3,0,SETUP_ACTIVE_POKEMON,1,EARLY_GAME_SETUP,,,,0,0,,,,,False,0,0,False,False,,,0,,,0,,,6,,,,,False
92212278,1039.2,WIN,True,4,0,DRAW_COUNT,3,SEARCH_DECISION,,,NUMBER,0,0,,,,,False,0,6,False,False,,,0,,,6,1071,170,6,,,,,False
92212278,1039.2,WIN,True,5,1,MAIN,5,RESOURCE_MANAGEMENT,PLAY_ITEM,1142,PLAY,0,0,677,80,80,1,False,0,6,False,False,2,0,0,1071,170,6,1071,170,6,False,False,,,False
92212278,1039.2,WIN,True,6,1,TO_HAND,18,RESOURCE_MANAGEMENT,,,CARD,0,0,677,80,80,1,False,0,6,False,False,2,0,0,1071,170,6,1071,170,6,False,False,,,False
92212278,1039.2,WIN,True,7,1,MAIN,5,RESOURCE_MANAGEMENT,PLAY_POKEMON,675,PLAY,0,0,677,80,80,1,False,0,6,False,False,2,0,0,1071,170,6,1071,170,6,False,False,,,False
92212278,1039.2,WIN,True,8,1,MAIN,6,RESOURCE_MANAGEMENT,PLAY_ITEM,1121,PLAY,0,0,677,80,80,1,False,1,6,False,True,2,0,0,1071,170,6,1071,170,6,False,False,,,False
92212278,1039.2,WIN,True,9,1,DISCARD,7,RESOURCE_MANAGEMENT,,,CARD;CARD,0,0,677,80,80,1,False,1,6,False,True,2,0,0,1071,170,6,1071,170,6,False,False,,,False
92212278,1039.2,WIN,True,10,1,TO_HAND,11,RESOURCE_MANAGEMENT,,,CARD,0,0,677,80,80,1,False,1,6,False,True,2,0,0,1071,170,6,1071,170,6,False,False,,,False
92212278,1039.2,WIN,True,11,1,MAIN,6,RESOURCE_MANAGEMENT,PLAY_POKEMON,676,PLAY,0,0,677,80,80,1,False,1,6,False,True,2,0,0,1071,170,6,1071,170,6,False,False,,,False
92212278,1039.2,WIN,True,12,1,MAIN,8,RESOURCE_MANAGEMENT,ABILITY,,ABILITY,0,0,677,80,80,1,False,2,6,False,True,2,0,0,1071,170,6,1071,170,6,False,False,,,False
92212278,1039.2,WIN,True,13,1,DISCARD,2,RESOURCE_MANAGEMENT,,,CARD,0,0,677,80,80,1,False,2,6,False,True,2,0,0,1071,170,6,1071,170,6,False,False,,,False
92212278,1039.2,WIN,True,14,1,MAIN,6,RESOURCE_MANAGEMENT,PLAY_POKEMON,677,PLAY,0,0,677,80,80,1,False,2,6,False,True,2,0,0,1071,170,6,1071,170,6,False,False,,,False
92212278,1039.2,WIN,True,15,1,MAIN,6,ENERGY_MANAGEMENT,ATTACH_ENERGY,,ATTACH,0,0,677,80,80,1,False,3,6,False,True,2,0,0,1071,170,6,1071,170,6,False,False,,,False
92212278,1039.2,WIN,True,16,1,MAIN,2,TIMING,,,,0,0,677,80,80,1,False,3,6,False,True,2,1,0,1071,170,6,235,30,6,False,False,,,False
92212278,1039.2,WIN,True,17,3,MAIN,9,BENCH_MANAGEMENT,EVOLVE,,EVOLVE,1,0,677,70,80,1,True,3,6,False,True,2,1,0,235,30,6,235,30,6,False,False,Itchy Pollen,10,False
92212278,1039.2,WIN,True,18,3,MAIN,6,BENCH_MANAGEMENT,EVOLVE,,EVOLVE,1,0,678,330,340,3,True,3,6,False,True,2,1,0,235,30,6,235,30,6,False,False,Itchy Pollen,10,True
92212278,1039.2,WIN,True,19,3,MAIN,5,RESOURCE_MANAGEMENT,PLAY_POKEMON,676,PLAY,1,0,678,330,340,3,True,3,6,False,True,2,1,0,235,30,6,235,30,6,False,False,Itchy Pollen,10,False
92212278,1039.2,WIN,True,20,3,MAIN,4,RESOURCE_MANAGEMENT,PLAY_SUPPORTER,1227,PLAY,1,0,678,330,340,3,True,4,6,False,True,2,1,0,235,30,6,235,30,6,False,False,Itchy Pollen,10,False
92212278,1039.2,WIN,True,21,3,MAIN,20,RESOURCE_MANAGEMENT,PLAY_POKEMON,677,PLAY,1,0,678,330,340,3,True,4,6,False,True,2,1,0,235,30,6,235,30,6,False,False,Itchy Pollen,10,False
92212278,1039.2,WIN,True,22,3,MAIN,21,RESOURCE_MANAGEMENT,ABILITY,,ABILITY,1,0,678,330,340,3,True,5,6,False,True,2,1,0,235,30,6,235,30,6,False,False,Itchy Pollen,10,False
92212278,1039.2,WIN,True,23,3,DISCARD,3,RESOURCE_MANAGEMENT,,,CARD,0,0,678,330,340,3,True,5,6,False,True,2,1,0,235,30,6,235,30,6,False,False,Itchy Pollen,10,False
92212278,1039.2,WIN,True,24,3,MAIN,14,ENERGY_MANAGEMENT,ATTACH_ENERGY,,ATTACH,1,0,678,330,340,3,True,5,6,False,True,2,1,0,235,30,6,235,30,6,False,False,Itchy Pollen,10,False
92212278,1039.2,WIN,True,25,3,MAIN,4,ATTACK_SELECTION,ATTACK,,ATTACK,2,1,678,330,340,3,True,5,6,True,True,2,2,0,235,30,6,235,0,6,False,False,Itchy Pollen,10,False
92212278,1039.2,WIN,True,26,3,ATTACH_TO,2,ENERGY_MANAGEMENT,,,CARD;CARD,0,0,678,330,340,3,True,5,6,False,True,2,2,0,235,0,6,235,0,6,False,False,Itchy Pollen,10,False
92212278,1039.2,WIN,True,27,3,ATTACH_FROM,5,ENERGY_MANAGEMENT,,,CARD,0,0,678,330,340,3,True,5,6,False,True,2,2,0,235,0,6,235,0,6,False,False,Itchy Pollen,10,False
92212278,1039.2,WIN,True,28,3,ATTACH_FROM,5,ENERGY_MANAGEMENT,,,CARD,0,0,678,330,340,3,True,5,6,False,True,2,2,1,235,0,6,,,6,False,False,Itchy Pollen,10,False
92212278,1039.2,WIN,True,29,3,TO_HAND,6,RESOURCE_MANAGEMENT,,,,0,0,678,330,340,3,True,5,6,False,True,2,2,1,,,6,235,30,6,,,,,False
92212278,1039.2,WIN,True,30,5,MAIN,14,RESOURCE_MANAGEMENT,ABILITY,,ABILITY,2,0,678,320,340,3,True,5,5,True,True,2,2,1,235,30,6,235,30,6,False,False,Itchy Pollen,10,False
92212278,1039.2,WIN,True,31,5,DISCARD,1,RESOURCE_MANAGEMENT,,,CARD,0,0,678,320,340,3,True,5,5,False,True,2,2,1,235,30,6,235,30,6,False,False,Itchy Pollen,10,False
92212278,1039.2,WIN,True,32,5,MAIN,20,ENERGY_MANAGEMENT,ATTACH_ENERGY,,ATTACH,2,0,678,320,340,3,True,5,5,True,True,2,2,1,235,30,6,235,30,6,False,False,Itchy Pollen,10,False
92212278,1039.2,WIN,True,33,5,MAIN,8,RESOURCE_MANAGEMENT,PLAY_SUPPORTER,1213,PLAY,2,0,678,320,340,3,True,5,5,True,True,2,2,2,235,30,6,235,30,6,False,False,Itchy Pollen,10,False
92212278,1039.2,WIN,True,34,5,MAIN,4,ATTACK_SELECTION,ATTACK,,ATTACK,2,1,678,320,340,3,True,5,5,True,True,2,2,2,235,30,6,235,0,6,False,False,Itchy Pollen,10,False
92212278,1039.2,WIN,True,35,5,ATTACH_TO,1,ENERGY_MANAGEMENT,,,CARD,0,0,678,320,340,3,True,5,5,False,True,2,2,2,235,0,6,235,0,6,False,False,Itchy Pollen,10,False
92212278,1039.2,WIN,True,36,5,ATTACH_FROM,5,ENERGY_MANAGEMENT,,,CARD,0,0,678,320,340,3,True,5,5,False,True,2,2,2,235,0,6,,,6,False,False,Itchy Pollen,10,False
92212278,1039.2,WIN,True,37,5,TO_HAND,5,RESOURCE_MANAGEMENT,,,,0,0,678,320,340,3,True,5,5,False,True,2,2,2,,,6,121,320,6,,,,,False
92212278,1039.2,WIN,True,38,7,MAIN,14,RESOURCE_MANAGEMENT,PLAY_ITEM,1141,PLAY,2,0,678,120,340,3,True,5,4,True,True,2,2,2,121,320,6,121,320,6,True,False,Phantom Dive,200,False
92212278,1039.2,WIN,True,39,7,MAIN,13,RESOURCE_MANAGEMENT,ABILITY,,ABILITY,2,0,678,120,340,3,True,5,4,True,True,2,2,2,121,320,6,121,320,6,True,False,Phantom Dive,200,False
92212278,1039.2,WIN,True,40,7,DISCARD,1,RESOURCE_MANAGEMENT,,,CARD,0,0,678,120,340,3,True,5,4,False,True,2,2,2,121,320,6,121,320,6,True,False,Phantom Dive,200,False
92212278,1039.2,WIN,True,41,7,MAIN,8,RESOURCE_MANAGEMENT,PLAY_ITEM,1152,PLAY,2,0,678,120,340,3,True,5,4,True,True,2,2,2,121,320,6,121,320,6,True,False,Phantom Dive,200,False
92212278,1039.2,WIN,True,42,7,TO_HAND,3,RESOURCE_MANAGEMENT,,,CARD,0,0,678,120,340,3,True,5,4,False,True,2,2,2,121,320,6,121,320,6,True,False,Phantom Dive,200,False
92212278,1039.2,WIN,True,43,7,MAIN,7,RESOURCE_MANAGEMENT,PLAY_ITEM,1142,PLAY,2,0,678,120,340,3,True,5,4,True,True,2,2,2,121,320,6,121,320,6,True,False,Phantom Dive,200,False
92212278,1039.2,WIN,True,44,7,TO_HAND,7,RESOURCE_MANAGEMENT,,,CARD,0,0,678,120,340,3,True,5,4,False,True,2,2,2,121,320,6,121,320,6,True,False,Phantom Dive,200,False
92212278,1039.2,WIN,True,45,7,MAIN,12,ENERGY_MANAGEMENT,ATTACH_ENERGY,,ATTACH,2,0,678,120,340,3,True,5,4,True,True,2,2,2,121,320,6,121,320,6,True,False,Phantom Dive,200,False
92212278,1039.2,WIN,True,46,7,MAIN,6,RESOURCE_MANAGEMENT,PLAY_SUPPORTER,1227,PLAY,2,0,678,120,340,3,True,5,4,True,True,2,2,3,121,320,6,121,320,6,True,False,Phantom Dive,200,False
92212278,1039.2,WIN,True,47,7,MAIN,12,BENCH_MANAGEMENT,EVOLVE,,EVOLVE,2,0,678,120,340,3,True,5,4,True,True,2,2,3,121,320,6,121,320,6,True,False,Phantom Dive,200,False
92212278,1039.2,WIN,True,48,7,MAIN,11,ENERGY_MANAGEMENT,ATTACH_ENERGY,,ATTACH,2,0,678,120,340,3,True,5,4,True,True,2,2,3,121,320,6,121,320,6,True,False,Phantom Dive,200,False
92212278,1039.2,WIN,True,49,7,MAIN,5,RETREAT_SELECTION,RETREAT,,RETREAT,2,0,678,120,340,3,True,5,4,True,True,2,2,3,121,320,6,121,320,6,True,False,Phantom Dive,200,False
92212278,1039.2,WIN,True,50,7,DISCARD_ENERGY,2,ENERGY_MANAGEMENT,,,ENERGY,0,0,678,120,340,3,True,5,4,False,True,2,2,3,121,320,6,121,320,6,True,False,Phantom Dive,200,False
92212278,1039.2,WIN,True,51,7,DISCARD_ENERGY,1,ENERGY_MANAGEMENT,,,ENERGY,0,0,678,120,340,3,True,5,4,False,True,2,1,3,121,320,6,121,320,6,True,False,Phantom Dive,200,False
92212278,1039.2,WIN,True,52,7,SWITCH,5,ACTIVE_POKEMON_SELECTION,,,CARD,0,0,678,120,340,3,True,5,4,False,True,2,0,3,121,320,6,121,320,6,True,False,Phantom Dive,200,False
92212278,1039.2,WIN,True,53,7,MAIN,4,RESOURCE_MANAGEMENT,PLAY_ITEM,1142,PLAY,2,0,678,340,340,3,False,5,4,False,True,2,2,2,121,320,6,121,320,6,False,False,Phantom Dive,200,False
92212278,1039.2,WIN,True,54,7,TO_HAND,7,RESOURCE_MANAGEMENT,,,CARD,0,0,678,340,340,3,False,5,4,False,True,2,2,2,121,320,6,121,320,6,False,False,Phantom Dive,200,False
92212278,1039.2,WIN,True,55,7,MAIN,3,TIMING,,,,2,0,678,340,340,3,False,5,4,False,True,2,2,2,121,320,6,121,320,6,False,False,Phantom Dive,200,False
92212278,1039.2,WIN,True,56,9,MAIN,11,RESOURCE_MANAGEMENT,ABILITY,,ABILITY,1,0,678,140,340,3,True,5,4,True,True,2,2,2,121,320,6,121,320,6,True,False,Phantom Dive,200,False
92212278,1039.2,WIN,True,57,9,DISCARD,1,RESOURCE_MANAGEMENT,,,CARD,0,0,678,140,340,3,True,5,4,False,True,2,2,2,121,320,6,121,320,6,True,False,Phantom Dive,200,False
92212278,1039.2,WIN,True,58,9,MAIN,7,RESOURCE_MANAGEMENT,PLAY_ITEM,1141,PLAY,1,0,678,140,340,3,True,5,4,True,True,2,2,2,121,320,6,121,320,6,True,False,Phantom Dive,200,False
92212278,1039.2,WIN,True,59,9,MAIN,6,RESOURCE_MANAGEMENT,PLAY_ITEM,1152,PLAY,1,0,678,140,340,3,True,5,4,True,True,2,2,2,121,320,6,121,320,6,True,False,Phantom Dive,200,False
92212278,1039.2,WIN,True,60,9,TO_HAND,3,RESOURCE_MANAGEMENT,,,CARD,0,0,678,140,340,3,True,5,4,False,True,2,2,2,121,320,6,121,320,6,True,False,Phantom Dive,200,False
92212278,1039.2,WIN,True,61,9,MAIN,5,RESOURCE_MANAGEMENT,PLAY_ITEM,1142,PLAY,1,0,678,140,340,3,True,5,4,True,True,2,2,2,121,320,6,121,320,6,True,False,Phantom Dive,200,False
92212278,1039.2,WIN,True,62,9,TO_HAND,5,RESOURCE_MANAGEMENT,,,CARD,0,0,678,140,340,3,True,5,4,False,True,2,2,2,121,320,6,121,320,6,True,False,Phantom Dive,200,False
92212278,1039.2,WIN,True,63,9,MAIN,10,ENERGY_MANAGEMENT,ATTACH_ENERGY,,ATTACH,1,0,678,140,340,3,True,5,4,True,True,2,2,2,121,320,6,121,320,6,True,False,Phantom Dive,200,False
92212278,1039.2,WIN,True,64,9,MAIN,4,RESOURCE_MANAGEMENT,PLAY_SUPPORTER,1227,PLAY,1,0,678,140,340,3,True,5,4,True,True,2,2,3,121,320,6,121,320,6,True,False,Phantom Dive,200,False
92212278,1039.2,WIN,True,65,9,MAIN,6,RESOURCE_MANAGEMENT,PLAY_ITEM,1141,PLAY,1,0,678,140,340,3,True,5,4,True,True,2,2,3,121,320,6,121,320,6,True,False,Phantom Dive,200,False
92212278,1039.2,WIN,True,66,9,MAIN,5,RESOURCE_MANAGEMENT,PLAY_ITEM,1123,PLAY,1,0,678,140,340,3,True,5,4,True,True,2,2,3,121,320,6,121,320,6,True,False,Phantom Dive,200,False
92212278,1039.2,WIN,True,67,9,SWITCH,5,ACTIVE_POKEMON_SELECTION,,,CARD,0,0,678,140,340,3,True,5,4,False,True,2,2,3,121,320,6,121,320,6,True,False,Phantom Dive,200,False
92212278,1039.2,WIN,True,68,9,MAIN,5,RESOURCE_MANAGEMENT,PLAY_ITEM,1152,PLAY,2,0,678,280,340,3,True,5,4,True,True,2,2,3,121,320,6,121,320,6,False,False,Phantom Dive,200,False
92212278,1039.2,WIN,True,69,9,TO_HAND,5,RESOURCE_MANAGEMENT,,,CARD,0,0,678,280,340,3,True,5,4,False,True,2,2,3,121,320,6,121,320,6,False,False,Phantom Dive,200,False
92212278,1039.2,WIN,True,70,9,MAIN,4,ATTACK_SELECTION,ATTACK,,ATTACK,2,1,678,280,340,3,True,5,4,True,True,2,2,3,121,320,6,,,6,False,False,Phantom Dive,200,False
92212278,1039.2,WIN,True,71,9,TO_HAND,4,RESOURCE_MANAGEMENT,,,,0,0,678,280,340,3,True,5,4,False,True,2,2,3,,,6,112,110,3,,,,,False
92212278,1039.2,WIN,True,72,11,MAIN,22,RESOURCE_MANAGEMENT,ABILITY,,ABILITY,1,0,678,280,340,3,True,4,2,False,True,2,1,2,112,110,3,112,110,3,False,False,,,False
92212278,1039.2,WIN,True,73,11,DISCARD,3,RESOURCE_MANAGEMENT,,,CARD,0,0,678,280,340,3,True,4,2,False,True,2,1,2,112,110,3,112,110,3,False,False,,,False
92212278,1039.2,WIN,True,74,11,MAIN,19,RESOURCE_MANAGEMENT,PLAY_POKEMON,673,PLAY,1,0,678,280,340,3,True,4,2,False,True,2,1,2,112,110,3,112,110,3,False,False,,,False
92212278,1039.2,WIN,True,75,11,MAIN,18,RESOURCE_MANAGEMENT,PLAY_SUPPORTER,1229,PLAY,1,0,678,280,340,3,True,5,2,False,True,2,1,2,112,110,3,112,110,3,False,False,,,False
92212278,1039.2,WIN,True,76,11,HEAL,2,RESOURCE_MANAGEMENT,,,CARD,0,0,678,280,340,3,True,5,2,False,True,2,1,2,112,110,3,112,110,3,False,False,,,False
92212278,1039.2,WIN,True,77,11,MAIN,28,RESOURCE_MANAGEMENT,PLAY_ITEM,1152,PLAY,1,0,678,280,340,3,True,5,2,False,True,2,1,1,112,110,3,112,110,3,False,False,,,False
92212278,1039.2,WIN,True,78,11,TO_HAND,3,RESOURCE_MANAGEMENT,,,CARD,0,0,678,280,340,3,True,5,2,False,True,2,1,1,112,110,3,112,110,3,False,False,,,False
92212278,1039.2,WIN,True,79,11,MAIN,27,ENERGY_MANAGEMENT,ATTACH_ENERGY,,ATTACH,1,0,678,280,340,3,True,5,2,False,True,2,1,1,112,110,3,112,110,3,False,False,,,False
92212278,1039.2,WIN,True,80,11,MAIN,3,TIMING,,,,1,0,678,280,340,3,True,5,2,False,True,2,1,2,112,110,3,121,320,3,False,False,,,False
92212278,1039.2,WIN,True,81,13,MAIN,25,BENCH_MANAGEMENT,EVOLVE,,EVOLVE,1,0,678,20,340,3,True,5,2,False,True,2,1,2,121,320,3,121,320,3,True,False,Phantom Dive,200,False
92212278,1039.2,WIN,True,82,13,ACTIVATE,2,RESOURCE_MANAGEMENT,,,YES,0,0,678,20,340,3,True,5,2,False,True,2,1,2,121,320,3,121,320,3,True,False,Phantom Dive,200,False
92212278,1039.2,WIN,True,83,13,SWITCH,5,ACTIVE_POKEMON_SELECTION,,,CARD,0,0,678,20,340,3,True,5,2,False,True,2,1,2,121,320,3,121,140,3,True,False,Phantom Dive,200,False
92212278,1039.2,WIN,True,84,13,MAIN,24,ENERGY_MANAGEMENT,ATTACH_ENERGY,,ATTACH,1,0,678,20,340,3,True,5,2,False,True,2,1,2,121,140,3,121,140,3,False,True,,,False
92212278,1039.2,WIN,True,85,13,MAIN,8,RESOURCE_MANAGEMENT,ABILITY,,ABILITY,2,0,678,20,340,3,True,5,2,True,True,2,2,2,121,140,3,121,140,3,False,True,,,False
92212278,1039.2,WIN,True,86,13,DISCARD,2,RESOURCE_MANAGEMENT,,,CARD,0,0,678,20,340,3,True,5,2,False,True,2,2,2,121,140,3,121,140,3,False,True,,,False
92212278,1039.2,WIN,True,87,13,MAIN,10,RESOURCE_MANAGEMENT,PLAY_SUPPORTER,1182,PLAY,2,0,678,20,340,3,True,5,2,True,True,2,2,2,121,140,3,121,140,3,False,True,,,False
92212278,1039.2,WIN,True,88,13,SWITCH,5,ACTIVE_POKEMON_SELECTION,,,CARD,0,0,678,20,340,3,True,5,2,False,True,2,2,2,121,140,3,140,210,3,False,True,,,False
92212278,1039.2,WIN,True,89,13,MAIN,8,ATTACK_SELECTION,ATTACK,,ATTACK,2,1,678,20,340,3,True,5,2,True,True,2,2,2,140,210,3,,,3,False,False,,,False
92211319,1082.7,WIN,True,0,,,0,UNKNOWN,,,,0,0,,,,,False,,,False,False,,,0,,,,,,,,,,,False
92211319,1082.7,WIN,True,1,,,0,UNKNOWN,,,,0,0,,,,,False,,,False,False,,,0,,,,,,0,,,,,False
92211319,1082.7,WIN,True,2,0,IS_FIRST,2,GOING_FIRST_SECOND,,,YES,0,0,,,,,False,0,0,False,False,,,0,,,0,,,0,,,,,False
92211319,1082.7,WIN,True,3,0,SETUP_ACTIVE_POKEMON,1,EARLY_GAME_SETUP,,,,0,0,,,,,False,0,0,False,False,,,0,,,0,741,50,6,,,,,False
92211319,1082.7,WIN,True,4,1,MAIN,6,RESOURCE_MANAGEMENT,PLAY_ITEM,1121,PLAY,0,0,676,110,110,1,False,0,6,False,False,1,0,0,741,50,6,741,50,6,False,False,,,False
92211319,1082.7,WIN,True,5,1,DISCARD,6,RESOURCE_MANAGEMENT,,,CARD;CARD,0,0,676,110,110,1,False,0,6,False,False,1,0,0,741,50,6,741,50,6,False,False,,,False
92211319,1082.7,WIN,True,6,1,TO_HAND,13,RESOURCE_MANAGEMENT,,,CARD,0,0,676,110,110,1,False,0,6,False,False,1,0,0,741,50,6,741,50,6,False,False,,,False
92211319,1082.7,WIN,True,7,1,MAIN,5,RESOURCE_MANAGEMENT,PLAY_POKEMON,675,PLAY,0,0,676,110,110,1,False,0,6,False,False,1,0,0,741,50,6,741,50,6,False,False,,,False
92211319,1082.7,WIN,True,8,1,MAIN,8,RESOURCE_MANAGEMENT,ABILITY,,ABILITY,0,0,676,110,110,1,False,1,6,False,True,1,0,0,741,50,6,741,50,6,False,False,,,False
92211319,1082.7,WIN,True,9,1,DISCARD,2,RESOURCE_MANAGEMENT,,,CARD,0,0,676,110,110,1,False,1,6,False,True,1,0,0,741,50,6,741,50,6,False,False,,,False
92211319,1082.7,WIN,True,10,1,MAIN,9,RESOURCE_MANAGEMENT,PLAY_ITEM,1142,PLAY,0,0,676,110,110,1,False,1,6,False,True,1,0,0,741,50,6,741,50,6,False,False,,,False
92211319,1082.7,WIN,True,11,1,TO_HAND,17,RESOURCE_MANAGEMENT,,,CARD,0,0,676,110,110,1,False,1,6,False,True,1,0,0,741,50,6,741,50,6,False,False,,,False
92211319,1082.7,WIN,True,12,1,MAIN,9,RESOURCE_MANAGEMENT,PLAY_POKEMON,677,PLAY,0,0,676,110,110,1,False,1,6,False,True,1,0,0,741,50,6,741,50,6,False,False,,,False
92211319,1082.7,WIN,True,13,1,MAIN,11,ENERGY_MANAGEMENT,ATTACH_ENERGY,,ATTACH,0,0,676,110,110,1,False,2,6,False,True,1,0,0,741,50,6,741,50,6,False,False,,,False
92211319,1082.7,WIN,True,14,1,MAIN,5,RESOURCE_MANAGEMENT,PLAY_ITEM,1152,PLAY,0,0,676,110,110,1,False,2,6,False,True,1,0,1,741,50,6,741,50,6,False,False,,,False
92211319,1082.7,WIN,True,15,1,TO_HAND,7,RESOURCE_MANAGEMENT,,,CARD,0,0,676,110,110,1,False,2,6,False,True,1,0,1,741,50,6,741,50,6,False,False,,,False
92211319,1082.7,WIN,True,16,1,MAIN,5,RESOURCE_MANAGEMENT,PLAY_POKEMON,673,PLAY,0,0,676,110,110,1,False,2,6,False,True,1,0,1,741,50,6,741,50,6,False,False,,,False
92211319,1082.7,WIN,True,17,1,MAIN,5,ENERGY_MANAGEMENT,ATTACH_ENERGY,,ATTACH,0,0,676,110,110,1,False,3,6,False,True,1,0,1,741,50,6,741,50,6,False,False,,,False
92211319,1082.7,WIN,True,18,1,MAIN,1,TIMING,,,,0,0,676,110,110,1,False,3,6,False,True,1,0,1,741,50,6,305,70,6,False,False,,,False
92211319,1082.7,WIN,True,19,3,MAIN,8,ENERGY_MANAGEMENT,ATTACH_ENERGY,,ATTACH,0,0,676,100,110,1,True,3,6,False,True,1,0,1,305,70,6,305,70,6,False,False,,,False
92211319,1082.7,WIN,True,20,3,MAIN,5,RESOURCE_MANAGEMENT,PLAY_SUPPORTER,1227,PLAY,1,0,676,100,110,1,True,3,6,True,True,1,1,1,305,70,6,305,70,6,False,False,,,False
92211319,1082.7,WIN,True,21,3,MAIN,10,BENCH_MANAGEMENT,EVOLVE,,EVOLVE,1,0,676,100,110,1,True,3,6,True,True,1,1,1,305,70,6,305,70,6,False,False,,,False
92211319,1082.7,WIN,True,22,3,MAIN,7,RETREAT_SELECTION,RETREAT,,RETREAT,1,0,676,100,110,1,True,3,6,True,True,1,1,1,305,70,6,305,70,6,False,False,,,False
92211319,1082.7,WIN,True,23,3,DISCARD_ENERGY,1,ENERGY_MANAGEMENT,,,ENERGY,0,0,676,100,110,1,True,3,6,False,True,1,1,1,305,70,6,305,70,6,False,False,,,False
92211319,1082.7,WIN,True,24,3,SWITCH,3,ACTIVE_POKEMON_SELECTION,,,CARD,0,0,676,100,110,1,True,3,6,False,True,1,0,1,305,70,6,305,70,6,False,False,,,False
92211319,1082.7,WIN,True,25,3,MAIN,6,RESOURCE_MANAGEMENT,PLAY_POKEMON,677,PLAY,1,0,678,440,440,3,False,3,6,False,True,2,1,0,305,70,6,305,70,6,False,False,,,True
92211319,1082.7,WIN,True,26,3,MAIN,5,ATTACK_SELECTION,ATTACK,,ATTACK,1,1,678,440,440,3,False,4,6,False,True,2,1,0,305,70,6,305,0,6,False,False,,,False
92211319,1082.7,WIN,True,27,3,ATTACH_TO,2,ENERGY_MANAGEMENT,,,CARD;CARD,0,0,678,440,440,3,False,4,6,False,True,2,1,0,305,0,6,305,0,6,False,False,,,False
92211319,1082.7,WIN,True,28,3,ATTACH_FROM,4,ENERGY_MANAGEMENT,,,CARD,0,0,678,440,440,3,False,4,6,False,True,2,1,0,305,0,6,305,0,6,False,False,,,False
92211319,1082.7,WIN,True,29,3,ATTACH_FROM,4,ENERGY_MANAGEMENT,,,CARD,0,0,678,440,440,3,False,4,6,False,True,2,1,1,305,0,6,,,6,False,False,,,False
92211319,1082.7,WIN,True,30,3,TO_HAND,6,RESOURCE_MANAGEMENT,,,,0,0,678,440,440,3,False,4,6,False,True,2,1,2,,,6,743,140,6,,,,,False
92211319,1082.7,WIN,True,31,5,MAIN,10,RESOURCE_MANAGEMENT,PLAY_ITEM,1121,PLAY,1,0,678,280,440,3,True,4,5,False,True,2,1,2,743,140,6,743,140,6,False,False,Powerful Hand,0,False
92211319,1082.7,WIN,True,32,5,DISCARD,7,RESOURCE_MANAGEMENT,,,CARD;CARD,0,0,678,280,440,3,True,4,5,False,True,2,1,2,743,140,6,743,140,6,False,False,Powerful Hand,0,False
92211319,1082.7,WIN,True,33,5,TO_HAND,5,RESOURCE_MANAGEMENT,,,CARD,0,0,678,280,440,3,True,4,5,False,True,2,1,2,743,140,6,743,140,6,False,False,Powerful Hand,0,False
92211319,1082.7,WIN,True,34,5,MAIN,8,RESOURCE_MANAGEMENT,PLAY_ITEM,1141,PLAY,1,0,678,280,440,3,True,4,5,False,True,2,1,2,743,140,6,743,140,6,False,False,Powerful Hand,0,False
92211319,1082.7,WIN,True,35,5,MAIN,7,BENCH_MANAGEMENT,EVOLVE,,EVOLVE,1,0,678,280,440,3,True,4,5,False,True,2,1,2,743,140,6,743,140,6,False,False,Powerful Hand,0,False
92211319,1082.7,WIN,True,36,5,MAIN,6,RESOURCE_MANAGEMENT,PLAY_POKEMON,673,PLAY,1,0,678,280,440,3,True,4,5,False,True,2,1,2,743,140,6,743,140,6,False,False,Powerful Hand,0,False
92211319,1082.7,WIN,True,37,5,MAIN,5,RESOURCE_MANAGEMENT,PLAY_SUPPORTER,1213,PLAY,1,0,678,280,440,3,True,5,5,False,True,2,1,2,743,140,6,743,140,6,False,False,Powerful Hand,0,False
92211319,1082.7,WIN,True,38,5,MAIN,9,RESOURCE_MANAGEMENT,ABILITY,,ABILITY,1,0,678,280,440,3,True,5,5,False,True,2,1,2,743,140,6,743,140,6,False,False,Powerful Hand,0,False
92211319,1082.7,WIN,True,39,5,DISCARD,1,RESOURCE_MANAGEMENT,,,CARD,0,0,678,280,440,3,True,5,5,False,True,2,1,2,743,140,6,743,140,6,False,False,Powerful Hand,0,False
92211319,1082.7,WIN,True,40,5,MAIN,15,ENERGY_MANAGEMENT,ATTACH_ENERGY,,ATTACH,1,0,678,280,440,3,True,5,5,False,True,2,1,2,743,140,6,743,140,6,False,False,Powerful Hand,0,False
92211319,1082.7,WIN,True,41,5,MAIN,5,ATTACK_SELECTION,ATTACK,,ATTACK,2,1,678,280,440,3,True,5,5,True,True,2,2,2,743,140,6,,,6,False,False,Powerful Hand,0,False
92211319,1082.7,WIN,True,42,5,TO_HAND,5,RESOURCE_MANAGEMENT,,,,0,0,678,280,440,3,True,5,5,False,True,2,2,2,,,6,741,50,6,,,,,False
92211319,1082.7,WIN,True,43,7,MAIN,20,RESOURCE_MANAGEMENT,ABILITY,,ABILITY,1,0,678,280,440,3,True,5,4,True,True,2,2,2,741,50,6,741,50,6,False,False,,,False
92211319,1082.7,WIN,True,44,7,DISCARD,2,RESOURCE_MANAGEMENT,,,CARD,0,0,678,280,440,3,True,5,4,False,True,2,2,2,741,50,6,741,50,6,False,False,,,False
92211319,1082.7,WIN,True,45,7,MAIN,20,ENERGY_MANAGEMENT,ATTACH_ENERGY,,ATTACH,1,0,678,280,440,3,True,5,4,True,True,2,2,2,741,50,6,741,50,6,False,False,,,False
92211319,1082.7,WIN,True,46,7,MAIN,8,RESOURCE_MANAGEMENT,PLAY_ITEM,1121,PLAY,1,0,678,280,440,3,True,5,4,True,True,2,2,2,741,50,6,741,50,6,False,False,,,False
92211319,1082.7,WIN,True,47,7,DISCARD,7,RESOURCE_MANAGEMENT,,,CARD;CARD,0,0,678,280,440,3,True,5,4,False,True,2,2,2,741,50,6,741,50,6,False,False,,,False
92211319,1082.7,WIN,True,48,7,TO_HAND,2,RESOURCE_MANAGEMENT,,,CARD,0,0,678,280,440,3,True,5,4,False,True,2,2,2,741,50,6,741,50,6,False,False,,,False
92211319,1082.7,WIN,True,49,7,MAIN,6,RESOURCE_MANAGEMENT,PLAY_SUPPORTER,1213,PLAY,1,0,678,280,440,3,True,5,4,True,True,2,2,2,741,50,6,741,50,6,False,False,,,False
92211319,1082.7,WIN,True,50,7,MAIN,4,ATTACK_SELECTION,ATTACK,,ATTACK,1,1,678,280,440,3,True,5,4,True,True,2,2,2,741,50,6,741,0,6,False,False,,,False
92211319,1082.7,WIN,True,51,7,ATTACH_TO,2,ENERGY_MANAGEMENT,,,CARD;CARD,0,0,678,280,440,3,True,5,4,False,True,2,2,2,741,0,6,741,0,6,False,False,,,False
92211319,1082.7,WIN,True,52,7,ATTACH_FROM,5,ENERGY_MANAGEMENT,,,CARD,0,0,678,280,440,3,True,5,4,False,True,2,2,2,741,0,6,741,0,6,False,False,,,False
92211319,1082.7,WIN,True,53,7,ATTACH_FROM,5,ENERGY_MANAGEMENT,,,CARD,0,0,678,280,440,3,True,5,4,False,True,2,2,2,741,0,6,,,6,False,False,,,False
92211319,1082.7,WIN,True,54,7,TO_HAND,4,RESOURCE_MANAGEMENT,,,,0,0,678,280,440,3,True,5,4,False,True,2,2,3,,,6,305,70,6,,,,,False
92211319,1082.7,WIN,True,55,9,MAIN,21,RESOURCE_MANAGEMENT,PLAY_SUPPORTER,1182,PLAY,2,0,678,280,440,3,True,5,3,True,True,2,2,3,305,70,6,305,70,6,False,False,,,False
92211319,1082.7,WIN,True,56,9,SWITCH,3,ACTIVE_POKEMON_SELECTION,,,CARD,0,0,678,280,440,3,True,5,3,False,True,2,2,3,305,70,6,140,210,6,False,False,,,False
92211319,1082.7,WIN,True,57,9,MAIN,19,ATTACK_SELECTION,ATTACK,,ATTACK,2,1,678,280,440,3,True,5,3,True,True,2,2,3,140,210,6,,,6,False,False,,,False
92211319,1082.7,WIN,True,58,9,TO_HAND,3,RESOURCE_MANAGEMENT,,,,0,0,678,280,440,3,True,5,3,False,True,2,2,3,,,6,743,140,3,,,,,False
92211319,1082.7,WIN,True,59,10,TO_ACTIVE,5,ACTIVE_POKEMON_SELECTION,,,CARD,0,0,,,,,False,5,1,False,True,,,3,743,140,3,743,140,3,,,,,True
92211319,1082.7,WIN,True,60,11,MAIN,21,RESOURCE_MANAGEMENT,PLAY_ITEM,1152,PLAY,2,0,678,340,340,3,False,4,1,True,True,2,2,2,743,140,3,743,140,3,False,False,Powerful Hand,0,False
92211319,1082.7,WIN,True,61,11,TO_HAND,2,RESOURCE_MANAGEMENT,,,CARD,0,0,678,340,340,3,False,4,1,False,True,2,2,2,743,140,3,743,140,3,False,False,Powerful Hand,0,False
92211319,1082.7,WIN,True,62,11,MAIN,21,RESOURCE_MANAGEMENT,PLAY_POKEMON,676,PLAY,2,0,678,340,340,3,False,4,1,True,True,2,2,2,743,140,3,743,140,3,False,False,Powerful Hand,0,False
92211319,1082.7,WIN,True,63,11,MAIN,22,ATTACK_SELECTION,ATTACK,,ATTACK,2,1,678,340,340,3,False,5,1,True,True,2,2,2,743,140,3,,,3,False,False,Powerful Hand,0,False
92210358,1076.7,WIN,False,0,,,0,UNKNOWN,,,,0,0,,,,,False,,,False,False,,,0,,,,,,,,,,,False
92210358,1076.7,WIN,False,1,,,0,UNKNOWN,,,,0,0,,,,,False,,,False,False,,,0,,,,,,0,,,,,False
92210358,1076.7,WIN,False,2,0,SETUP_ACTIVE_POKEMON,1,EARLY_GAME_SETUP,,,,0,0,,,,,False,0,0,False,False,,,0,,,0,,,6,,,,,False
92210358,1076.7,WIN,False,3,0,DRAW_COUNT,3,SEARCH_DECISION,,,,0,0,,,,,False,0,6,False,False,,,0,,,6,305,70,6,,,,,False
92210358,1076.7,WIN,False,4,1,DISCARD,8,RESOURCE_MANAGEMENT,,,,0,0,677,80,80,1,False,0,6,False,False,2,0,0,305,70,6,305,70,6,False,False,,,False
92210358,1076.7,WIN,False,5,2,MAIN,6,RESOURCE_MANAGEMENT,PLAY_ITEM,1152,PLAY,0,0,677,80,80,1,False,0,6,False,False,2,0,0,305,70,6,305,70,6,False,False,,,False
92210358,1076.7,WIN,False,6,2,TO_HAND,9,RESOURCE_MANAGEMENT,,,CARD,0,0,677,80,80,1,False,0,6,False,False,2,0,0,305,70,6,305,70,6,False,False,,,False
92210358,1076.7,WIN,False,7,2,MAIN,6,RESOURCE_MANAGEMENT,PLAY_POKEMON,676,PLAY,0,0,677,80,80,1,False,0,6,False,False,2,0,0,305,70,6,305,70,6,False,False,,,False
92210358,1076.7,WIN,False,8,2,MAIN,7,RESOURCE_MANAGEMENT,PLAY_ITEM,1142,PLAY,0,0,677,80,80,1,False,1,6,False,True,2,0,0,305,70,6,305,70,6,False,False,,,False
92210358,1076.7,WIN,False,9,2,TO_HAND,16,RESOURCE_MANAGEMENT,,,CARD,0,0,677,80,80,1,False,1,6,False,True,2,0,0,305,70,6,305,70,6,False,False,,,False
92210358,1076.7,WIN,False,10,2,MAIN,7,RESOURCE_MANAGEMENT,PLAY_POKEMON,675,PLAY,0,0,677,80,80,1,False,1,6,False,True,2,0,0,305,70,6,305,70,6,False,False,,,False
92210358,1076.7,WIN,False,11,2,MAIN,9,RESOURCE_MANAGEMENT,ABILITY,,ABILITY,0,0,677,80,80,1,False,2,6,False,True,2,0,0,305,70,6,305,70,6,False,False,,,False
92210358,1076.7,WIN,False,12,2,DISCARD,1,RESOURCE_MANAGEMENT,,,CARD,0,0,677,80,80,1,False,2,6,False,True,2,0,0,305,70,6,305,70,6,False,False,,,False
92210358,1076.7,WIN,False,13,2,MAIN,10,RESOURCE_MANAGEMENT,PLAY_POKEMON,673,PLAY,0,0,677,80,80,1,False,2,6,False,True,2,0,0,305,70,6,305,70,6,False,False,,,False
92210358,1076.7,WIN,False,14,2,MAIN,11,ENERGY_MANAGEMENT,ATTACH_ENERGY,,ATTACH,0,0,677,80,80,1,False,3,6,False,True,2,0,0,305,70,6,305,70,6,False,False,,,False
92210358,1076.7,WIN,False,15,2,MAIN,8,ENERGY_MANAGEMENT,ATTACH_ENERGY,,ATTACH,1,0,677,80,80,1,False,3,6,False,True,2,1,0,305,70,6,305,70,6,False,False,,,False
92210358,1076.7,WIN,False,16,2,MAIN,4,RESOURCE_MANAGEMENT,PLAY_SUPPORTER,1182,PLAY,1,0,677,180,180,1,False,3,6,False,True,2,1,0,305,70,6,305,70,6,False,False,,,False
92210358,1076.7,WIN,False,17,2,SWITCH,5,ACTIVE_POKEMON_SELECTION,,,CARD,0,0,677,180,180,1,False,3,6,False,True,2,1,0,305,70,6,848,70,6,False,False,,,False
92210358,1076.7,WIN,False,18,2,MAIN,2,TIMING,,,,1,0,677,180,180,1,False,3,6,False,True,2,1,0,848,70,6,861,310,6,False,False,,,False
92210358,1076.7,WIN,False,19,4,MAIN,4,BENCH_MANAGEMENT,EVOLVE,,EVOLVE,0,0,677,80,180,1,True,3,6,False,True,2,1,0,861,310,6,861,310,6,False,False,Resentful Refrain,0,False
92210358,1076.7,WIN,False,20,4,MAIN,3,ATTACK_SELECTION,ATTACK,,ATTACK,1,1,678,340,440,3,True,3,6,False,True,2,1,0,861,310,6,861,180,6,False,False,Resentful Refrain,0,True
92210358,1076.7,WIN,False,21,4,ATTACH_TO,2,ENERGY_MANAGEMENT,,,CARD;CARD,0,0,678,340,440,3,True,3,6,False,True,2,1,0,861,180,6,861,180,6,False,False,Resentful Refrain,0,False
92210358,1076.7,WIN,False,22,4,ATTACH_FROM,3,ENERGY_MANAGEMENT,,,CARD,0,0,678,340,440,3,True,3,6,False,True,2,1,0,861,180,6,861,180,6,False,False,Resentful Refrain,0,False
92210358,1076.7,WIN,False,23,4,ATTACH_FROM,3,ENERGY_MANAGEMENT,,,,0,0,678,340,440,3,True,3,6,False,True,2,1,1,861,180,6,861,310,6,False,False,Resentful Refrain,0,False
92210358,1076.7,WIN,False,24,6,MAIN,5,RESOURCE_MANAGEMENT,PLAY_ITEM,1121,PLAY,1,0,678,240,440,3,True,3,6,False,True,2,1,1,861,310,6,861,310,6,False,False,Resentful Refrain,0,False
92210358,1076.7,WIN,False,25,6,DISCARD,2,RESOURCE_MANAGEMENT,,,CARD;CARD,0,0,678,240,440,3,True,3,6,False,True,2,1,1,861,310,6,861,310,6,False,False,Resentful Refrain,0,False
92210358,1076.7,WIN,False,26,6,TO_HAND,8,RESOURCE_MANAGEMENT,,,CARD,0,0,678,240,440,3,True,3,6,False,True,2,1,1,861,310,6,861,310,6,False,False,Resentful Refrain,0,False
92210358,1076.7,WIN,False,27,6,MAIN,3,RESOURCE_MANAGEMENT,PLAY_POKEMON,677,PLAY,1,0,678,240,440,3,True,3,6,False,True,2,1,1,861,310,6,861,310,6,False,False,Resentful Refrain,0,False
92210358,1076.7,WIN,False,28,6,MAIN,2,TIMING,,,,1,0,678,240,440,3,True,4,6,False,True,2,1,1,861,310,6,861,310,6,False,False,Resentful Refrain,0,False
92210358,1076.7,WIN,False,29,8,MAIN,3,RESOURCE_MANAGEMENT,PLAY_SUPPORTER,1227,PLAY,1,0,678,240,440,3,True,4,6,False,True,2,1,1,861,310,6,861,310,6,False,False,Resentful Refrain,0,False
92210358,1076.7,WIN,False,30,8,MAIN,8,BENCH_MANAGEMENT,EVOLVE,,EVOLVE,1,0,678,240,440,3,True,4,6,False,True,2,1,1,861,310,6,861,310,6,False,False,Resentful Refrain,0,False
92210358,1076.7,WIN,False,31,8,MAIN,5,RESOURCE_MANAGEMENT,PLAY_ITEM,1121,PLAY,1,0,678,240,440,3,True,4,6,False,True,2,1,1,861,310,6,861,310,6,False,False,Resentful Refrain,0,False
92210358,1076.7,WIN,False,32,8,DISCARD,6,RESOURCE_MANAGEMENT,,,CARD;CARD,0,0,678,240,440,3,True,4,6,False,True,2,1,1,861,310,6,861,310,6,False,False,Resentful Refrain,0,False
92210358,1076.7,WIN,False,33,8,TO_HAND,4,RESOURCE_MANAGEMENT,,,CARD,0,0,678,240,440,3,True,4,6,False,True,2,1,1,861,310,6,861,310,6,False,False,Resentful Refrain,0,False
92210358,1076.7,WIN,False,34,8,MAIN,5,BENCH_MANAGEMENT,EVOLVE,,EVOLVE,1,0,678,240,440,3,True,4,6,False,True,2,1,1,861,310,6,861,310,6,False,False,Resentful Refrain,0,False
92210358,1076.7,WIN,False,35,8,ACTIVATE,2,RESOURCE_MANAGEMENT,,,YES,0,0,678,240,440,3,True,4,6,False,True,2,1,0,861,310,6,861,310,6,False,False,Resentful Refrain,0,False
92210358,1076.7,WIN,False,36,8,SWITCH,5,ACTIVE_POKEMON_SELECTION,,,CARD,0,0,678,240,440,3,True,4,6,False,True,2,1,0,861,310,6,849,270,6,False,False,Resentful Refrain,0,False
92210358,1076.7,WIN,False,37,8,MAIN,4,RESOURCE_MANAGEMENT,PLAY_ITEM,1142,PLAY,1,0,678,240,440,3,True,4,6,False,True,2,1,0,849,270,6,849,270,6,False,False,,,False
92210358,1076.7,WIN,False,38,8,TO_HAND,11,RESOURCE_MANAGEMENT,,,CARD,0,0,678,240,440,3,True,4,6,False,True,2,1,0,849,270,6,849,270,6,False,False,,,False
92210358,1076.7,WIN,False,39,8,MAIN,9,ENERGY_MANAGEMENT,ATTACH_ENERGY,,ATTACH,1,0,678,240,440,3,True,4,6,False,True,2,1,0,849,270,6,849,270,6,False,False,,,False
92210358,1076.7,WIN,False,40,8,MAIN,5,RESOURCE_MANAGEMENT,PLAY_ITEM,1142,PLAY,2,0,678,240,440,3,True,4,6,True,True,2,2,0,849,270,6,849,270,6,False,False,,,False
92210358,1076.7,WIN,False,41,8,TO_HAND,10,RESOURCE_MANAGEMENT,,,CARD,0,0,678,240,440,3,True,4,6,False,True,2,2,0,849,270,6,849,270,6,False,False,,,False
92210358,1076.7,WIN,False,42,8,MAIN,5,ATTACK_SELECTION,ATTACK,,ATTACK,2,1,678,240,440,3,True,4,6,True,True,2,2,0,849,270,6,,,6,False,False,,,False
92210358,1076.7,WIN,False,43,8,TO_HAND,6,RESOURCE_MANAGEMENT,,,,0,0,678,240,440,3,True,4,6,False,True,2,2,0,,,6,861,310,3,,,,,False
92210358,1076.7,WIN,False,44,9,TO_ACTIVE,4,ACTIVE_POKEMON_SELECTION,,,CARD,0,0,,,,,False,4,3,False,True,,,0,861,310,3,861,310,3,,,,,True
92210358,1076.7,WIN,False,45,10,MAIN,13,ENERGY_MANAGEMENT,ATTACH_ENERGY,,ATTACH,0,0,678,340,340,3,False,3,3,False,True,2,0,0,861,310,3,861,310,3,False,False,Resentful Refrain,0,False
92210358,1076.7,WIN,False,46,10,MAIN,6,RESOURCE_MANAGEMENT,PLAY_ITEM,1152,PLAY,1,0,678,340,340,3,False,3,3,False,True,2,1,0,861,310,3,861,310,3,False,False,Resentful Refrain,0,False
92210358,1076.7,WIN,False,47,10,TO_HAND,3,RESOURCE_MANAGEMENT,,,CARD,0,0,678,340,340,3,False,3,3,False,True,2,1,0,861,310,3,861,310,3,False,False,Resentful Refrain,0,False
92210358,1076.7,WIN,False,48,10,MAIN,6,RESOURCE_MANAGEMENT,PLAY_POKEMON,673,PLAY,1,0,678,340,340,3,False,3,3,False,True,2,1,0,861,310,3,861,310,3,False,False,Resentful Refrain,0,False
92210358,1076.7,WIN,False,49,10,MAIN,5,RESOURCE_MANAGEMENT,PLAY_POKEMON,676,PLAY,1,0,678,340,340,3,False,4,3,False,True,2,1,0,861,310,3,861,310,3,False,False,Resentful Refrain,0,False
92210358,1076.7,WIN,False,50,10,MAIN,4,ATTACK_SELECTION,ATTACK,,ATTACK,1,1,678,340,340,3,False,5,3,False,True,2,1,0,861,310,3,861,180,3,False,False,Resentful Refrain,0,False
92210358,1076.7,WIN,False,51,10,ATTACH_TO,2,ENERGY_MANAGEMENT,,,CARD;CARD,0,0,678,340,340,3,False,5,3,False,True,2,1,0,861,180,3,861,180,3,False,False,Resentful Refrain,0,False
92210358,1076.7,WIN,False,52,10,ATTACH_FROM,5,ENERGY_MANAGEMENT,,,CARD,0,0,678,340,340,3,False,5,3,False,True,2,1,0,861,180,3,861,180,3,False,False,Resentful Refrain,0,False
92210358,1076.7,WIN,False,53,10,ATTACH_FROM,5,ENERGY_MANAGEMENT,,,,0,0,678,340,340,3,False,5,3,False,True,2,1,1,861,180,3,861,310,3,False,False,Resentful Refrain,0,False
92210358,1076.7,WIN,False,54,12,MAIN,17,RESOURCE_MANAGEMENT,PLAY_SUPPORTER,1229,PLAY,1,0,678,140,340,3,True,5,3,False,True,2,1,2,861,310,3,861,310,3,False,False,Resentful Refrain,0,False
92210358,1076.7,WIN,False,55,12,HEAL,1,RESOURCE_MANAGEMENT,,,CARD,0,0,678,140,340,3,True,5,3,False,True,2,1,2,861,310,3,861,310,3,False,False,Resentful Refrain,0,False
92210358,1076.7,WIN,False,56,12,MAIN,21,ENERGY_MANAGEMENT,ATTACH_ENERGY,,ATTACH,0,0,678,340,340,3,False,5,3,False,True,2,0,2,861,310,3,861,310,3,False,False,Resentful Refrain,0,False
92210358,1076.7,WIN,False,57,12,MAIN,4,TIMING,,,,1,0,678,340,340,3,False,5,3,False,True,2,1,2,861,310,3,861,310,3,False,False,Resentful Refrain,0,False
92210358,1076.7,WIN,False,58,14,MAIN,17,RESOURCE_MANAGEMENT,PLAY_ITEM,1141,PLAY,1,0,678,140,340,3,True,5,3,False,True,2,1,2,861,310,3,861,310,3,False,False,Resentful Refrain,0,False
92210358,1076.7,WIN,False,59,14,MAIN,16,RESOURCE_MANAGEMENT,PLAY_ITEM,1141,PLAY,1,0,678,140,340,3,True,5,3,False,True,2,1,2,861,310,3,861,310,3,False,False,Resentful Refrain,0,False
92210358,1076.7,WIN,False,60,14,MAIN,15,ENERGY_MANAGEMENT,ATTACH_ENERGY,,ATTACH,1,0,678,140,340,3,True,5,3,False,True,2,1,2,861,310,3,861,310,3,False,False,Resentful Refrain,0,False
92210358,1076.7,WIN,False,61,14,MAIN,5,RESOURCE_MANAGEMENT,ABILITY,,ABILITY,2,0,678,140,340,3,True,5,3,True,True,2,2,2,861,310,3,861,310,3,False,False,Resentful Refrain,0,False
92210358,1076.7,WIN,False,62,14,DISCARD,1,RESOURCE_MANAGEMENT,,,CARD,0,0,678,140,340,3,True,5,3,False,True,2,2,2,861,310,3,861,310,3,False,False,Resentful Refrain,0,False
92210358,1076.7,WIN,False,63,14,MAIN,6,RESOURCE_MANAGEMENT,PLAY_SUPPORTER,1227,PLAY,2,0,678,140,340,3,True,5,3,True,True,2,2,2,861,310,3,861,310,3,False,False,Resentful Refrain,0,False
92210358,1076.7,WIN,False,64,14,MAIN,6,RESOURCE_MANAGEMENT,PLAY_ITEM,1121,PLAY,2,0,678,140,340,3,True,5,3,True,True,2,2,2,861,310,3,861,310,3,False,False,Resentful Refrain,0,False
92210358,1076.7,WIN,False,65,14,DISCARD,5,RESOURCE_MANAGEMENT,,,CARD;CARD,0,0,678,140,340,3,True,5,3,False,True,2,2,2,861,310,3,861,310,3,False,False,Resentful Refrain,0,False
92210358,1076.7,WIN,False,66,14,TO_HAND,2,RESOURCE_MANAGEMENT,,,,0,0,678,140,340,3,True,5,3,False,True,2,2,2,861,310,3,861,310,3,False,False,Resentful Refrain,0,False
92210358,1076.7,WIN,False,67,14,MAIN,5,ATTACK_SELECTION,ATTACK,,ATTACK,2,1,678,140,340,3,True,5,3,True,True,2,2,2,861,310,3,,,3,False,False,Resentful Refrain,0,False
92209392,290.8,WIN,True,0,,,0,UNKNOWN,,,,0,0,,,,,False,,,False,False,,,0,,,,,,,,,,,False
92209392,290.8,WIN,True,1,,,0,UNKNOWN,,,,0,0,,,,,False,,,False,False,,,0,,,,,,0,,,,,False
92209392,290.8,WIN,True,2,0,IS_FIRST,2,GOING_FIRST_SECOND,,,,0,0,,,,,False,0,0,False,False,,,0,,,0,,,6,,,,,False
92209392,290.8,WIN,True,3,0,SETUP_ACTIVE_POKEMON,3,EARLY_GAME_SETUP,,,,0,0,,,,,False,0,0,False,False,,,0,,,6,,,6,,,,,False
92209392,290.8,WIN,True,4,0,SETUP_BENCH_POKEMON,2,BENCH_MANAGEMENT,,,,0,0,,,,,False,0,6,False,False,,,0,,,6,677,80,6,,,,,False
92209392,290.8,WIN,True,5,1,MAIN,7,RESOURCE_MANAGEMENT,PLAY_POKEMON,676,PLAY,0,0,677,80,80,1,False,0,6,False,False,2,0,0,677,80,6,677,80,6,False,False,,,False
92209392,290.8,WIN,True,6,1,MAIN,7,RESOURCE_MANAGEMENT,PLAY_POKEMON,675,PLAY,0,0,677,80,80,1,False,1,6,False,True,2,0,0,677,80,6,677,80,6,False,False,,,False
92209392,290.8,WIN,True,7,1,MAIN,8,RESOURCE_MANAGEMENT,ABILITY,,ABILITY,0,0,677,80,80,1,False,2,6,False,True,2,0,0,677,80,6,677,80,6,False,False,,,False
92209392,290.8,WIN,True,8,1,DISCARD,1,RESOURCE_MANAGEMENT,,,CARD,0,0,677,80,80,1,False,2,6,False,True,2,0,0,677,80,6,677,80,6,False,False,,,False
92209392,290.8,WIN,True,9,1,MAIN,7,RESOURCE_MANAGEMENT,PLAY_ITEM,1152,PLAY,0,0,677,80,80,1,False,2,6,False,True,2,0,0,677,80,6,677,80,6,False,False,,,False
92209392,290.8,WIN,True,10,1,TO_HAND,9,RESOURCE_MANAGEMENT,,,CARD,0,0,677,80,80,1,False,2,6,False,True,2,0,0,677,80,6,677,80,6,False,False,,,False
92209392,290.8,WIN,True,11,1,MAIN,7,RESOURCE_MANAGEMENT,PLAY_POKEMON,677,PLAY,0,0,677,80,80,1,False,2,6,False,True,2,0,0,677,80,6,677,80,6,False,False,,,False
92209392,290.8,WIN,True,12,1,MAIN,6,RESOURCE_MANAGEMENT,PLAY_ITEM,1121,PLAY,0,0,677,80,80,1,False,3,6,False,True,2,0,0,677,80,6,677,80,6,False,False,,,False
92209392,290.8,WIN,True,13,1,DISCARD,5,RESOURCE_MANAGEMENT,,,CARD;CARD,0,0,677,80,80,1,False,3,6,False,True,2,0,0,677,80,6,677,80,6,False,False,,,False
92209392,290.8,WIN,True,14,1,TO_HAND,11,RESOURCE_MANAGEMENT,,,CARD,0,0,677,80,80,1,False,3,6,False,True,2,0,0,677,80,6,677,80,6,False,False,,,False
92209392,290.8,WIN,True,15,1,MAIN,3,TIMING,,,,0,0,677,80,80,1,False,3,6,False,True,2,0,0,677,80,6,677,80,6,False,False,,,False
92209392,290.8,WIN,True,16,3,MAIN,11,BENCH_MANAGEMENT,EVOLVE,,EVOLVE,0,0,677,50,80,1,True,3,6,False,True,2,0,0,677,80,6,677,80,6,False,False,Accelerating Stab,30,False
92209392,290.8,WIN,True,17,3,MAIN,9,ENERGY_MANAGEMENT,ATTACH_ENERGY,,ATTACH,0,0,678,310,340,3,True,3,6,False,True,2,0,0,677,80,6,677,80,6,False,False,Accelerating Stab,30,True
92209392,290.8,WIN,True,18,3,MAIN,5,RESOURCE_MANAGEMENT,PLAY_POKEMON,673,PLAY,1,0,678,310,340,3,True,3,6,False,True,2,1,0,677,80,6,677,80,6,False,False,Accelerating Stab,30,False
92209392,290.8,WIN,True,19,3,MAIN,4,RESOURCE_MANAGEMENT,PLAY_POKEMON,676,PLAY,1,0,678,310,340,3,True,4,6,False,True,2,1,0,677,80,6,677,80,6,False,False,Accelerating Stab,30,False
92209392,290.8,WIN,True,20,3,MAIN,3,ATTACK_SELECTION,ATTACK,,ATTACK,1,1,678,310,340,3,True,5,6,False,True,2,1,0,677,80,6,677,0,6,False,False,Accelerating Stab,30,False
92209392,290.8,WIN,True,21,3,ATTACH_TO,1,ENERGY_MANAGEMENT,,,CARD,0,0,678,310,340,3,True,5,6,False,True,2,1,0,677,0,6,677,0,6,False,False,Accelerating Stab,30,False
92209392,290.8,WIN,True,22,3,ATTACH_FROM,5,ENERGY_MANAGEMENT,,,CARD,0,0,678,310,340,3,True,5,6,False,True,2,1,0,677,0,6,,,6,False,False,Accelerating Stab,30,False
92209392,290.8,WIN,True,23,3,TO_HAND,6,RESOURCE_MANAGEMENT,,,,0,0,678,310,340,3,True,5,6,False,True,2,1,1,,,6,676,110,6,,,,,False
92209392,290.8,WIN,True,24,5,MAIN,11,ENERGY_MANAGEMENT,ATTACH_ENERGY,,ATTACH,1,0,678,310,340,3,True,5,5,False,True,2,1,1,676,110,6,676,110,6,False,False,Cosmic Beam,70,False
92209392,290.8,WIN,True,25,5,MAIN,6,ATTACK_SELECTION,ATTACK,,ATTACK,2,1,678,310,340,3,True,5,5,True,True,2,2,1,676,110,6,,,6,False,False,Cosmic Beam,70,False
92209392,290.8,WIN,True,26,5,TO_HAND,5,RESOURCE_MANAGEMENT,,,,0,0,678,310,340,3,True,5,5,False,True,2,2,1,,,6,674,150,6,,,,,False
92209392,290.8,WIN,True,27,7,MAIN,10,ENERGY_MANAGEMENT,ATTACH_ENERGY,,ATTACH,0,0,676,110,110,1,False,5,4,False,True,1,0,2,674,150,6,674,150,6,False,False,,,True
92209392,290.8,WIN,True,28,7,MAIN,5,RETREAT_SELECTION,RETREAT,,RETREAT,1,0,676,110,110,1,False,5,4,True,True,1,1,2,674,150,6,674,150,6,False,False,,,False
92209392,290.8,WIN,True,29,7,DISCARD_ENERGY,1,ENERGY_MANAGEMENT,,,ENERGY,0,0,676,110,110,1,False,5,4,False,True,1,1,2,674,150,6,674,150,6,False,False,,,False
92209392,290.8,WIN,True,30,7,SWITCH,5,ACTIVE_POKEMON_SELECTION,,,CARD,0,0,676,110,110,1,False,5,4,False,True,1,0,2,674,150,6,674,150,6,False,False,,,False
92209392,290.8,WIN,True,31,7,MAIN,5,ATTACK_SELECTION,ATTACK,,ATTACK,2,1,678,310,340,3,True,5,4,False,True,2,2,1,674,150,6,,,6,False,False,,,True
92208431,892.6,WIN,True,0,,,0,UNKNOWN,,,,0,0,,,,,False,,,False,False,,,0,,,,,,,,,,,False
92208431,892.6,WIN,True,1,,,0,UNKNOWN,,,,0,0,,,,,False,,,False,False,,,0,,,,,,0,,,,,False
92208431,892.6,WIN,True,2,0,IS_FIRST,2,GOING_FIRST_SECOND,,,YES,0,0,,,,,False,0,0,False,False,,,0,,,0,,,0,,,,,False
92208431,892.6,WIN,True,3,0,SETUP_ACTIVE_POKEMON,1,EARLY_GAME_SETUP,,,,0,0,,,,,False,0,0,False,False,,,0,,,0,96,210,6,,,,,False
92208431,892.6,WIN,True,4,1,MAIN,7,RESOURCE_MANAGEMENT,PLAY_ITEM,1142,PLAY,0,0,675,110,110,1,False,0,6,False,False,1,0,0,96,210,6,96,210,6,False,False,,,False
92208431,892.6,WIN,True,5,1,TO_HAND,14,RESOURCE_MANAGEMENT,,,CARD,0,0,675,110,110,1,False,0,6,False,False,1,0,0,96,210,6,96,210,6,False,False,,,False
92208431,892.6,WIN,True,6,1,MAIN,7,RESOURCE_MANAGEMENT,PLAY_POKEMON,676,PLAY,0,0,675,110,110,1,False,0,6,False,False,1,0,0,96,210,6,96,210,6,False,False,,,False
92208431,892.6,WIN,True,7,1,MAIN,12,RESOURCE_MANAGEMENT,ABILITY,,ABILITY,0,0,675,110,110,1,False,1,6,False,True,1,0,0,96,210,6,96,210,6,False,False,,,False
92208431,892.6,WIN,True,8,1,DISCARD,5,RESOURCE_MANAGEMENT,,,CARD,0,0,675,110,110,1,False,1,6,False,True,1,0,0,96,210,6,96,210,6,False,False,,,False
92208431,892.6,WIN,True,9,1,MAIN,11,RESOURCE_MANAGEMENT,PLAY_ITEM,1142,PLAY,0,0,675,110,110,1,False,1,6,False,True,1,0,0,96,210,6,96,210,6,False,False,,,False
92208431,892.6,WIN,True,10,1,TO_HAND,13,RESOURCE_MANAGEMENT,,,CARD,0,0,675,110,110,1,False,1,6,False,True,1,0,0,96,210,6,96,210,6,False,False,,,False
92208431,892.6,WIN,True,11,1,MAIN,11,RESOURCE_MANAGEMENT,PLAY_POKEMON,677,PLAY,0,0,675,110,110,1,False,1,6,False,True,1,0,0,96,210,6,96,210,6,False,False,,,False
92208431,892.6,WIN,True,12,1,MAIN,14,ENERGY_MANAGEMENT,ATTACH_ENERGY,,ATTACH,0,0,675,110,110,1,False,2,6,False,True,1,0,0,96,210,6,96,210,6,False,False,,,False
92208431,892.6,WIN,True,13,1,MAIN,2,RESOURCE_MANAGEMENT,PLAY_ITEM,1121,PLAY,0,0,675,110,110,1,False,2,6,False,True,1,0,1,96,210,6,96,210,6,False,False,,,False
92208431,892.6,WIN,True,14,1,DISCARD,5,RESOURCE_MANAGEMENT,,,CARD;CARD,0,0,675,110,110,1,False,2,6,False,True,1,0,1,96,210,6,96,210,6,False,False,,,False
92208431,892.6,WIN,True,15,1,TO_HAND,10,RESOURCE_MANAGEMENT,,,CARD,0,0,675,110,110,1,False,2,6,False,True,1,0,1,96,210,6,96,210,6,False,False,,,False
92208431,892.6,WIN,True,16,1,MAIN,2,RESOURCE_MANAGEMENT,PLAY_POKEMON,677,PLAY,0,0,675,110,110,1,False,2,6,False,True,1,0,1,96,210,6,96,210,6,False,False,,,False
92208431,892.6,WIN,True,17,1,MAIN,1,TIMING,,,,0,0,675,110,110,1,False,3,6,False,True,1,0,1,96,210,6,96,260,6,False,False,,,False
92208431,892.6,WIN,True,18,3,MAIN,12,RESOURCE_MANAGEMENT,PLAY_ITEM,1123,PLAY,0,0,675,140,140,1,False,3,6,False,True,1,0,1,96,260,6,96,260,6,False,False,,,False
92208431,892.6,WIN,True,19,3,SWITCH,3,ACTIVE_POKEMON_SELECTION,,,CARD,0,0,675,140,140,1,False,3,6,False,True,1,0,1,96,260,6,96,260,6,False,False,,,False
92208431,892.6,WIN,True,20,3,MAIN,12,RESOURCE_MANAGEMENT,PLAY_ITEM,1141,PLAY,1,0,677,110,110,1,False,3,6,False,True,2,1,0,96,260,6,96,260,6,False,False,,,True
92208431,892.6,WIN,True,21,3,MAIN,11,BENCH_MANAGEMENT,EVOLVE,,EVOLVE,1,0,677,110,110,1,False,3,6,False,True,2,1,0,96,260,6,96,260,6,False,False,,,False
92208431,892.6,WIN,True,22,3,MAIN,9,ENERGY_MANAGEMENT,ATTACH_ENERGY,,ATTACH,1,0,678,340,340,3,False,3,6,False,True,2,1,0,96,260,6,96,260,6,False,False,,,True
92208431,892.6,WIN,True,23,3,MAIN,6,RESOURCE_MANAGEMENT,PLAY_ITEM,1152,PLAY,2,0,678,340,340,3,False,3,6,True,True,2,2,0,96,260,6,96,260,6,False,False,,,False
92208431,892.6,WIN,True,24,3,TO_HAND,7,RESOURCE_MANAGEMENT,,,CARD,0,0,678,340,340,3,False,3,6,False,True,2,2,0,96,260,6,96,260,6,False,False,,,False
92208431,892.6,WIN,True,25,3,MAIN,6,RESOURCE_MANAGEMENT,PLAY_POKEMON,677,PLAY,2,0,678,340,340,3,False,3,6,True,True,2,2,0,96,260,6,96,260,6,False,False,,,False
92208431,892.6,WIN,True,26,3,MAIN,5,RESOURCE_MANAGEMENT,PLAY_SUPPORTER,1227,PLAY,2,0,678,340,340,3,False,4,6,True,True,2,2,0,96,260,6,96,260,6,False,False,,,False
92208431,892.6,WIN,True,27,3,MAIN,9,RESOURCE_MANAGEMENT,PLAY_ITEM,1152,PLAY,2,0,678,340,340,3,False,4,6,True,True,2,2,0,96,260,6,96,260,6,False,False,,,False
92208431,892.6,WIN,True,28,3,TO_HAND,6,RESOURCE_MANAGEMENT,,,CARD,0,0,678,340,340,3,False,4,6,False,True,2,2,0,96,260,6,96,260,6,False,False,,,False
92208431,892.6,WIN,True,29,3,MAIN,9,RESOURCE_MANAGEMENT,PLAY_ITEM,1152,PLAY,2,0,678,340,340,3,False,4,6,True,True,2,2,0,96,260,6,96,260,6,False,False,,,False
92208431,892.6,WIN,True,30,3,TO_HAND,5,RESOURCE_MANAGEMENT,,,CARD,0,0,678,340,340,3,False,4,6,False,True,2,2,0,96,260,6,96,260,6,False,False,,,False
92208431,892.6,WIN,True,31,3,MAIN,9,RESOURCE_MANAGEMENT,PLAY_POKEMON,673,PLAY,2,0,678,340,340,3,False,4,6,True,True,2,2,0,96,260,6,96,260,6,False,False,,,False
92208431,892.6,WIN,True,32,3,MAIN,7,RESOURCE_MANAGEMENT,PLAY_ITEM,1142,PLAY,2,0,678,340,340,3,False,5,6,True,True,2,2,0,96,260,6,96,260,6,False,False,,,False
92208431,892.6,WIN,True,33,3,TO_HAND,6,RESOURCE_MANAGEMENT,,,CARD,0,0,678,340,340,3,False,5,6,False,True,2,2,0,96,260,6,96,260,6,False,False,,,False
92208431,892.6,WIN,True,34,3,MAIN,6,RESOURCE_MANAGEMENT,ABILITY,,ABILITY,2,0,678,340,340,3,False,5,6,True,True,2,2,0,96,260,6,96,260,6,False,False,,,False
92208431,892.6,WIN,True,35,3,DISCARD,3,RESOURCE_MANAGEMENT,,,CARD,0,0,678,340,340,3,False,5,6,False,True,2,2,0,96,260,6,96,260,6,False,False,,,False
92208431,892.6,WIN,True,36,3,MAIN,11,ENERGY_MANAGEMENT,ATTACH_ENERGY,,ATTACH,2,0,678,340,340,3,False,5,6,True,True,2,2,0,96,260,6,96,260,6,False,False,,,False
92208431,892.6,WIN,True,37,3,MAIN,5,ATTACK_SELECTION,ATTACK,,ATTACK,2,1,678,440,440,3,False,5,6,True,True,2,2,0,96,260,6,,,6,False,False,,,False
92208431,892.6,WIN,True,38,3,TO_HAND,6,RESOURCE_MANAGEMENT,,,,0,0,678,440,440,3,False,5,6,False,True,2,2,0,,,6,96,240,6,,,,,False
92208431,892.6,WIN,True,39,5,MAIN,14,RESOURCE_MANAGEMENT,PLAY_ITEM,1141,PLAY,1,0,678,260,440,3,True,5,4,True,True,2,2,0,96,240,6,96,240,6,False,False,Myriad Leaf Shower,30,False
92208431,892.6,WIN,True,40,5,MAIN,13,RESOURCE_MANAGEMENT,PLAY_ITEM,1141,PLAY,1,0,678,260,440,3,True,5,4,True,True,2,2,0,96,240,6,96,240,6,False,False,Myriad Leaf Shower,30,False
92208431,892.6,WIN,True,41,5,MAIN,12,ENERGY_MANAGEMENT,ATTACH_ENERGY,,ATTACH,1,0,678,260,440,3,True,5,4,True,True,2,2,0,96,240,6,96,240,6,False,False,Myriad Leaf Shower,30,False
92208431,892.6,WIN,True,42,5,MAIN,5,RESOURCE_MANAGEMENT,PLAY_SUPPORTER,1227,PLAY,1,0,678,260,440,3,True,5,4,True,True,2,2,1,96,240,6,96,240,6,False,False,Myriad Leaf Shower,30,False
92208431,892.6,WIN,True,43,5,MAIN,6,RESOURCE_MANAGEMENT,ABILITY,,ABILITY,1,0,678,260,440,3,True,5,4,True,True,2,2,1,96,240,6,96,240,6,False,False,Myriad Leaf Shower,30,False
92208431,892.6,WIN,True,44,5,DISCARD,1,RESOURCE_MANAGEMENT,,,CARD,0,0,678,260,440,3,True,5,4,False,True,2,2,1,96,240,6,96,240,6,False,False,Myriad Leaf Shower,30,False
92208431,892.6,WIN,True,45,5,MAIN,7,RESOURCE_MANAGEMENT,PLAY_ITEM,1121,PLAY,1,0,678,260,440,3,True,5,4,True,True,2,2,1,96,240,6,96,240,6,False,False,Myriad Leaf Shower,30,False
92208431,892.6,WIN,True,46,5,DISCARD,7,RESOURCE_MANAGEMENT,,,CARD;CARD,0,0,678,260,440,3,True,5,4,False,True,2,2,1,96,240,6,96,240,6,False,False,Myriad Leaf Shower,30,False
92208431,892.6,WIN,True,47,5,TO_HAND,5,RESOURCE_MANAGEMENT,,,CARD,0,0,678,260,440,3,True,5,4,False,True,2,2,1,96,240,6,96,240,6,False,False,Myriad Leaf Shower,30,False
92208431,892.6,WIN,True,48,5,MAIN,7,BENCH_MANAGEMENT,EVOLVE,,EVOLVE,1,0,678,260,440,3,True,5,4,True,True,2,2,1,96,240,6,96,240,6,False,False,Myriad Leaf Shower,30,False
92208431,892.6,WIN,True,49,5,MAIN,5,ATTACK_SELECTION,ATTACK,,ATTACK,1,1,678,260,440,3,True,5,4,True,True,2,2,1,96,240,6,96,50,6,False,False,Myriad Leaf Shower,30,False
92208431,892.6,WIN,True,50,5,ATTACH_TO,5,ENERGY_MANAGEMENT,,,CARD;CARD;CARD,0,0,678,260,440,3,True,5,4,False,True,2,2,1,96,50,6,96,50,6,False,False,Myriad Leaf Shower,30,False
92208431,892.6,WIN,True,51,5,ATTACH_FROM,5,ENERGY_MANAGEMENT,,,CARD,0,0,678,260,440,3,True,5,4,False,True,2,2,1,96,50,6,96,50,6,False,False,Myriad Leaf Shower,30,False
92208431,892.6,WIN,True,52,5,ATTACH_FROM,5,ENERGY_MANAGEMENT,,,CARD,0,0,678,260,440,3,True,5,4,False,True,2,2,1,96,50,6,96,50,6,False,False,Myriad Leaf Shower,30,False
92208431,892.6,WIN,True,53,5,ATTACH_FROM,5,ENERGY_MANAGEMENT,,,,0,0,678,260,440,3,True,5,4,False,True,2,2,2,96,50,6,96,50,6,False,False,Myriad Leaf Shower,30,False
92208431,892.6,WIN,True,54,7,MAIN,9,ATTACK_SELECTION,ATTACK,,ATTACK,2,1,678,20,440,3,True,5,4,True,True,2,2,2,96,50,6,,,6,True,False,Myriad Leaf Shower,30,False
92207476,929.2,LOSS,False,0,,,0,UNKNOWN,,,,0,0,,,,,False,,,False,False,,,0,,,,,,,,,,,False
92207476,929.2,LOSS,False,1,,,0,UNKNOWN,,,,0,0,,,,,False,,,False,False,,,0,,,,,,0,,,,,False
92207476,929.2,LOSS,False,2,0,SETUP_ACTIVE_POKEMON,1,EARLY_GAME_SETUP,,,,0,0,,,,,False,0,0,False,False,,,0,,,0,119,70,6,,,,,False
92207476,929.2,LOSS,False,3,2,MAIN,7,RESOURCE_MANAGEMENT,PLAY_ITEM,1121,PLAY,0,0,676,110,110,1,False,0,6,False,False,1,0,0,119,70,6,119,70,6,False,False,,,False
92207476,929.2,LOSS,False,4,2,DISCARD,6,RESOURCE_MANAGEMENT,,,CARD;CARD,0,0,676,110,110,1,False,0,6,False,False,1,0,0,119,70,6,119,70,6,False,False,,,False
92207476,929.2,LOSS,False,5,2,TO_HAND,11,RESOURCE_MANAGEMENT,,,CARD,0,0,676,110,110,1,False,0,6,False,False,1,0,0,119,70,6,119,70,6,False,False,,,False
92207476,929.2,LOSS,False,6,2,MAIN,6,RESOURCE_MANAGEMENT,PLAY_POKEMON,677,PLAY,0,0,676,110,110,1,False,0,6,False,False,1,0,0,119,70,6,119,70,6,False,False,,,False
92207476,929.2,LOSS,False,7,2,MAIN,7,ENERGY_MANAGEMENT,ATTACH_ENERGY,,ATTACH,0,0,676,110,110,1,False,1,6,False,True,1,0,0,119,70,6,119,70,6,False,False,,,False
92207476,929.2,LOSS,False,8,2,MAIN,3,RESOURCE_MANAGEMENT,PLAY_SUPPORTER,1213,PLAY,0,0,676,110,110,1,False,1,6,False,True,1,0,1,119,70,6,119,70,6,False,False,,,False
92207476,929.2,LOSS,False,9,2,MAIN,2,TIMING,,,,0,0,676,110,110,1,False,1,6,False,True,1,0,1,119,70,6,235,30,6,False,False,,,False
92207476,929.2,LOSS,False,10,4,MAIN,7,ENERGY_MANAGEMENT,ATTACH_ENERGY,,ATTACH,0,0,676,90,110,1,True,1,6,False,True,1,0,0,235,30,6,235,30,6,False,False,Itchy Pollen,10,False
92207476,929.2,LOSS,False,11,4,MAIN,5,RESOURCE_MANAGEMENT,PLAY_SUPPORTER,1227,PLAY,1,0,676,90,110,1,True,1,6,True,True,1,1,0,235,30,6,235,30,6,False,False,Itchy Pollen,10,False
92207476,929.2,LOSS,False,12,4,MAIN,4,RESOURCE_MANAGEMENT,PLAY_POKEMON,673,PLAY,1,0,676,90,110,1,True,1,6,True,True,1,1,0,235,30,6,235,30,6,False,False,Itchy Pollen,10,False
92207476,929.2,LOSS,False,13,4,MAIN,3,TIMING,,,,1,0,676,90,110,1,True,2,6,True,True,1,1,0,235,30,6,121,320,5,False,False,Itchy Pollen,10,False
92207476,929.2,LOSS,False,14,5,TO_ACTIVE,2,ACTIVE_POKEMON_SELECTION,,,CARD,0,0,,,,,False,2,6,False,True,,,0,121,320,5,121,320,5,,,,,True
92207476,929.2,LOSS,False,15,6,MAIN,10,RESOURCE_MANAGEMENT,PLAY_ITEM,1152,PLAY,0,0,677,40,80,1,True,1,6,False,True,2,0,0,121,320,5,121,320,5,True,False,Phantom Dive,200,False
92207476,929.2,LOSS,False,16,6,TO_HAND,6,RESOURCE_MANAGEMENT,,,CARD,0,0,677,40,80,1,True,1,6,False,True,2,0,0,121,320,5,121,320,5,True,False,Phantom Dive,200,False
92207476,929.2,LOSS,False,17,6,MAIN,10,RESOURCE_MANAGEMENT,PLAY_POKEMON,676,PLAY,0,0,677,40,80,1,True,1,6,False,True,2,0,0,121,320,5,121,320,5,True,False,Phantom Dive,200,False
92207476,929.2,LOSS,False,18,6,MAIN,10,RESOURCE_MANAGEMENT,PLAY_ITEM,1152,PLAY,0,0,677,40,80,1,True,2,6,False,True,2,0,0,121,320,5,121,320,5,True,False,Phantom Dive,200,False
92207476,929.2,LOSS,False,19,6,TO_HAND,5,RESOURCE_MANAGEMENT,,,CARD,0,0,677,40,80,1,True,2,6,False,True,2,0,0,121,320,5,121,320,5,True,False,Phantom Dive,200,False
92207476,929.2,LOSS,False,20,6,MAIN,10,RESOURCE_MANAGEMENT,PLAY_POKEMON,677,PLAY,0,0,677,40,80,1,True,2,6,False,True,2,0,0,121,320,5,121,320,5,True,False,Phantom Dive,200,False
92207476,929.2,LOSS,False,21,6,MAIN,10,RESOURCE_MANAGEMENT,PLAY_ITEM,1152,PLAY,0,0,677,40,80,1,True,3,6,False,True,2,0,0,121,320,5,121,320,5,True,False,Phantom Dive,200,False
92207476,929.2,LOSS,False,22,6,TO_HAND,4,RESOURCE_MANAGEMENT,,,CARD,0,0,677,40,80,1,True,3,6,False,True,2,0,0,121,320,5,121,320,5,True,False,Phantom Dive,200,False
92207476,929.2,LOSS,False,23,6,MAIN,10,RESOURCE_MANAGEMENT,PLAY_ITEM,1142,PLAY,0,0,677,40,80,1,True,3,6,False,True,2,0,0,121,320,5,121,320,5,True,False,Phantom Dive,200,False
92207476,929.2,LOSS,False,24,6,TO_HAND,12,RESOURCE_MANAGEMENT,,,CARD,0,0,677,40,80,1,True,3,6,False,True,2,0,0,121,320,5,121,320,5,True,False,Phantom Dive,200,False
92207476,929.2,LOSS,False,25,6,MAIN,13,RESOURCE_MANAGEMENT,PLAY_ITEM,1121,PLAY,0,0,677,40,80,1,True,3,6,False,True,2,0,0,121,320,5,121,320,5,True,False,Phantom Dive,200,False
92207476,929.2,LOSS,False,26,6,DISCARD,5,RESOURCE_MANAGEMENT,,,CARD;CARD,0,0,677,40,80,1,True,3,6,False,True,2,0,0,121,320,5,121,320,5,True,False,Phantom Dive,200,False
92207476,929.2,LOSS,False,27,6,TO_HAND,6,RESOURCE_MANAGEMENT,,,CARD,0,0,677,40,80,1,True,3,6,False,True,2,0,0,121,320,5,121,320,5,True,False,Phantom Dive,200,False
92207476,929.2,LOSS,False,28,6,MAIN,8,BENCH_MANAGEMENT,EVOLVE,,EVOLVE,0,0,677,40,80,1,True,3,6,False,True,2,0,0,121,320,5,121,320,5,True,False,Phantom Dive,200,False
92207476,929.2,LOSS,False,29,6,MAIN,7,ENERGY_MANAGEMENT,ATTACH_ENERGY,,ATTACH,0,0,678,300,340,3,True,3,6,False,True,2,0,0,121,320,5,121,320,5,False,False,Phantom Dive,200,True
92207476,929.2,LOSS,False,30,6,MAIN,4,RESOURCE_MANAGEMENT,PLAY_ITEM,1141,PLAY,1,0,678,300,340,3,True,3,6,False,True,2,1,0,121,320,5,121,320,5,False,False,Phantom Dive,200,False
92207476,929.2,LOSS,False,31,6,MAIN,3,RESOURCE_MANAGEMENT,PLAY_ITEM,1141,PLAY,1,0,678,300,340,3,True,3,6,False,True,2,1,0,121,320,5,121,320,5,False,False,Phantom Dive,200,False
92207476,929.2,LOSS,False,32,6,MAIN,2,ATTACK_SELECTION,ATTACK,,ATTACK,1,1,678,300,340,3,True,3,6,False,True,2,1,0,121,320,5,121,130,5,False,False,Phantom Dive,200,False
92207476,929.2,LOSS,False,33,6,ATTACH_TO,3,ENERGY_MANAGEMENT,,,CARD;CARD;CARD,0,0,678,300,340,3,True,3,6,False,True,2,1,0,121,130,5,121,130,5,False,False,Phantom Dive,200,False
92207476,929.2,LOSS,False,34,6,ATTACH_FROM,3,ENERGY_MANAGEMENT,,,CARD,0,0,678,300,340,3,True,3,6,False,True,2,1,0,121,130,5,121,130,5,False,False,Phantom Dive,200,False
92207476,929.2,LOSS,False,35,6,ATTACH_FROM,3,ENERGY_MANAGEMENT,,,CARD,0,0,678,300,340,3,True,3,6,False,True,2,1,1,121,130,5,121,130,5,False,False,Phantom Dive,200,False
92207476,929.2,LOSS,False,36,6,ATTACH_FROM,3,ENERGY_MANAGEMENT,,,,0,0,678,300,340,3,True,3,6,False,True,2,1,1,121,130,5,121,160,5,False,False,Phantom Dive,200,False
92207476,929.2,LOSS,False,37,8,MAIN,3,BENCH_MANAGEMENT,EVOLVE,,EVOLVE,1,0,678,100,340,3,True,3,6,False,True,2,1,2,121,160,5,121,160,5,True,False,Phantom Dive,200,False
92207476,929.2,LOSS,False,38,8,ACTIVATE,2,RESOURCE_MANAGEMENT,,,NO,0,0,678,100,340,3,True,3,6,False,True,2,1,1,121,160,5,121,160,5,True,False,Phantom Dive,200,False
92207476,929.2,LOSS,False,39,8,MAIN,2,TIMING,,,,1,0,678,100,340,3,True,3,6,False,True,2,1,1,121,160,5,121,30,1,True,False,Phantom Dive,200,False
92207476,929.2,LOSS,False,40,9,TO_ACTIVE,2,ACTIVE_POKEMON_SELECTION,,,CARD,0,0,,,,,False,2,6,False,True,,,0,121,30,1,121,30,1,,,,,True
92207476,929.2,LOSS,False,41,10,MAIN,3,ENERGY_MANAGEMENT,ATTACH_ENERGY,,ATTACH,0,0,674,90,150,1,True,1,6,False,True,3,1,0,121,30,1,121,30,1,True,False,Phantom Dive,200,False
92206497,1107.3,LOSS,False,0,,,0,UNKNOWN,,,,0,0,,,,,False,,,False,False,,,0,,,,,,,,,,,False
92206497,1107.3,LOSS,False,1,,,0,UNKNOWN,,,,0,0,,,,,False,,,False,False,,,0,,,,,,0,,,,,False
92206497,1107.3,LOSS,False,2,0,SETUP_ACTIVE_POKEMON,2,EARLY_GAME_SETUP,,,CARD,0,0,,,,,False,0,0,False,False,,,0,,,0,,,6,,,,,False
92206497,1107.3,LOSS,False,3,0,SETUP_BENCH_POKEMON,1,BENCH_MANAGEMENT,,,,0,0,,,,,False,0,6,False,False,,,0,,,6,756,300,6,,,,,False
92206497,1107.3,LOSS,False,4,2,MAIN,6,RESOURCE_MANAGEMENT,PLAY_POKEMON,673,PLAY,0,0,677,80,80,1,False,0,6,False,False,2,0,0,756,300,6,756,300,6,False,False,,,False
92206497,1107.3,LOSS,False,5,2,MAIN,7,ENERGY_MANAGEMENT,ATTACH_ENERGY,,ATTACH,0,0,677,80,80,1,False,1,6,False,True,2,0,0,756,300,6,756,300,6,False,False,,,False
92206497,1107.3,LOSS,False,6,2,MAIN,4,RESOURCE_MANAGEMENT,PLAY_ITEM,1141,PLAY,1,0,677,80,80,1,False,1,6,False,True,2,1,0,756,300,6,756,300,6,False,False,,,False
92206497,1107.3,LOSS,False,7,2,MAIN,3,RESOURCE_MANAGEMENT,PLAY_SUPPORTER,1227,PLAY,1,0,677,80,80,1,False,1,6,False,True,2,1,0,756,300,6,756,300,6,False,False,,,False
92206497,1107.3,LOSS,False,8,2,MAIN,9,RESOURCE_MANAGEMENT,PLAY_POKEMON,676,PLAY,1,0,677,80,80,1,False,1,6,False,True,2,1,0,756,300,6,756,300,6,False,False,,,False
92206497,1107.3,LOSS,False,9,2,MAIN,8,RESOURCE_MANAGEMENT,PLAY_ITEM,1152,PLAY,1,0,677,80,80,1,False,2,6,False,True,2,1,0,756,300,6,756,300,6,False,False,,,False
92206497,1107.3,LOSS,False,10,2,TO_HAND,7,RESOURCE_MANAGEMENT,,,CARD,0,0,677,80,80,1,False,2,6,False,True,2,1,0,756,300,6,756,300,6,False,False,,,False
92206497,1107.3,LOSS,False,11,2,MAIN,8,RESOURCE_MANAGEMENT,PLAY_POKEMON,675,PLAY,1,0,677,80,80,1,False,2,6,False,True,2,1,0,756,300,6,756,300,6,False,False,,,False
92206497,1107.3,LOSS,False,12,2,MAIN,7,RESOURCE_MANAGEMENT,PLAY_POKEMON,673,PLAY,1,0,677,80,80,1,False,3,6,False,True,2,1,0,756,300,6,756,300,6,False,False,,,False
92206497,1107.3,LOSS,False,13,2,MAIN,6,RESOURCE_MANAGEMENT,PLAY_ITEM,1142,PLAY,1,0,677,80,80,1,False,4,6,False,True,2,1,0,756,300,6,756,300,6,False,False,,,False
92206497,1107.3,LOSS,False,14,2,TO_HAND,13,RESOURCE_MANAGEMENT,,,CARD,0,0,677,80,80,1,False,4,6,False,True,2,1,0,756,300,6,756,300,6,False,False,,,False
92206497,1107.3,LOSS,False,15,2,MAIN,6,RESOURCE_MANAGEMENT,ABILITY,,ABILITY,1,0,677,80,80,1,False,4,6,False,True,2,1,0,756,300,6,756,300,6,False,False,,,False
92206497,1107.3,LOSS,False,16,2,DISCARD,1,RESOURCE_MANAGEMENT,,,CARD,0,0,677,80,80,1,False,4,6,False,True,2,1,0,756,300,6,756,300,6,False,False,,,False
92206497,1107.3,LOSS,False,17,2,MAIN,8,RESOURCE_MANAGEMENT,PLAY_POKEMON,677,PLAY,1,0,677,80,80,1,False,4,6,False,True,2,1,0,756,300,6,756,300,6,False,False,,,False
92206497,1107.3,LOSS,False,18,2,MAIN,6,TIMING,,,,1,0,677,80,80,1,False,5,6,False,True,2,1,0,756,300,6,756,180,5,False,False,,,False
92206497,1107.3,LOSS,False,19,3,TO_ACTIVE,5,ACTIVE_POKEMON_SELECTION,,,CARD,0,0,,,,,False,5,6,False,True,,,0,756,180,5,756,180,5,,,,,True
92206497,1107.3,LOSS,False,20,4,MAIN,8,BENCH_MANAGEMENT,EVOLVE,,EVOLVE,0,0,677,80,80,1,False,4,6,False,True,2,0,0,756,180,5,756,180,5,True,False,Rapid-Fire Combo,200,False
92206497,1107.3,LOSS,False,21,4,MAIN,7,RESOURCE_MANAGEMENT,PLAY_ITEM,1121,PLAY,0,0,678,340,340,3,False,4,6,False,True,2,0,0,756,180,5,756,180,5,False,False,Rapid-Fire Combo,200,True
92206497,1107.3,LOSS,False,22,4,DISCARD,5,RESOURCE_MANAGEMENT,,,CARD;CARD,0,0,678,340,340,3,False,4,6,False,True,2,0,0,756,180,5,756,180,5,False,False,Rapid-Fire Combo,200,False
92206497,1107.3,LOSS,False,23,4,TO_HAND,7,RESOURCE_MANAGEMENT,,,CARD,0,0,678,340,340,3,False,4,6,False,True,2,0,0,756,180,5,756,180,5,False,False,Rapid-Fire Combo,200,False
92206497,1107.3,LOSS,False,24,4,MAIN,5,RESOURCE_MANAGEMENT,PLAY_POKEMON,677,PLAY,0,0,678,340,340,3,False,4,6,False,True,2,0,0,756,180,5,756,180,5,False,False,Rapid-Fire Combo,200,False
92206497,1107.3,LOSS,False,25,4,MAIN,4,RESOURCE_MANAGEMENT,PLAY_SUPPORTER,1227,PLAY,0,0,678,340,340,3,False,5,6,False,True,2,0,0,756,180,5,756,180,5,False,False,Rapid-Fire Combo,200,False
92206497,1107.3,LOSS,False,26,4,MAIN,24,RESOURCE_MANAGEMENT,PLAY_ITEM,1141,PLAY,0,0,678,340,340,3,False,5,6,False,True,2,0,0,756,180,5,756,180,5,False,False,Rapid-Fire Combo,200,False
92206497,1107.3,LOSS,False,27,4,MAIN,23,ENERGY_MANAGEMENT,ATTACH_ENERGY,,ATTACH,0,0,678,340,340,3,False,5,6,False,True,2,0,0,756,180,5,756,180,5,False,False,Rapid-Fire Combo,200,False
92206497,1107.3,LOSS,False,28,4,MAIN,6,RESOURCE_MANAGEMENT,ABILITY,,ABILITY,1,0,678,340,340,3,False,5,6,False,True,2,1,0,756,180,5,756,180,5,False,False,Rapid-Fire Combo,200,False
92206497,1107.3,LOSS,False,29,4,DISCARD,2,RESOURCE_MANAGEMENT,,,CARD,0,0,678,340,340,3,False,5,6,False,True,2,1,0,756,180,5,756,180,5,False,False,Rapid-Fire Combo,200,False
92206497,1107.3,LOSS,False,30,4,MAIN,6,ATTACK_SELECTION,ATTACK,,ATTACK,1,1,678,340,340,3,False,5,6,False,True,2,1,0,756,180,5,756,0,5,False,False,Rapid-Fire Combo,200,False
92206497,1107.3,LOSS,False,31,4,ATTACH_TO,3,ENERGY_MANAGEMENT,,,CARD;CARD;CARD,0,0,678,340,340,3,False,5,6,False,True,2,1,0,756,0,5,756,0,5,False,False,Rapid-Fire Combo,200,False
92206497,1107.3,LOSS,False,32,4,ATTACH_FROM,5,ENERGY_MANAGEMENT,,,CARD,0,0,678,340,340,3,False,5,6,False,True,2,1,0,756,0,5,756,0,5,False,False,Rapid-Fire Combo,200,False
92206497,1107.3,LOSS,False,33,4,ATTACH_FROM,5,ENERGY_MANAGEMENT,,,CARD,0,0,678,340,340,3,False,5,6,False,True,2,1,1,756,0,5,756,0,5,False,False,Rapid-Fire Combo,200,False
92206497,1107.3,LOSS,False,34,4,ATTACH_FROM,5,ENERGY_MANAGEMENT,,,CARD,0,0,678,340,340,3,False,5,6,False,True,2,1,2,756,0,5,,,5,False,False,Rapid-Fire Combo,200,False
92206497,1107.3,LOSS,False,35,4,TO_HAND,6,RESOURCE_MANAGEMENT,,,,0,0,678,340,340,3,False,5,6,False,True,2,1,2,,,5,272,190,2,,,,,False
92206497,1107.3,LOSS,False,36,5,TO_ACTIVE,5,ACTIVE_POKEMON_SELECTION,,,CARD,0,0,,,,,False,5,3,False,True,,,2,272,190,2,272,190,2,,,,,True
92206497,1107.3,LOSS,False,37,6,MAIN,27,BENCH_MANAGEMENT,EVOLVE,,EVOLVE,1,0,677,80,80,1,False,4,3,False,True,2,1,1,272,190,2,272,190,2,False,False,Full Moon Rondo,20,False
92206497,1107.3,LOSS,False,38,6,MAIN,25,RESOURCE_MANAGEMENT,PLAY_ITEM,1142,PLAY,1,0,678,340,340,3,False,4,3,False,True,2,1,1,272,190,2,272,190,2,False,False,Full Moon Rondo,20,True
92206497,1107.3,LOSS,False,39,6,TO_HAND,7,RESOURCE_MANAGEMENT,,,CARD,0,0,678,340,340,3,False,4,3,False,True,2,1,1,272,190,2,272,190,2,False,False,Full Moon Rondo,20,False
92206497,1107.3,LOSS,False,40,6,MAIN,25,RESOURCE_MANAGEMENT,PLAY_ITEM,1152,PLAY,1,0,678,340,340,3,False,4,3,False,True,2,1,1,272,190,2,272,190,2,False,False,Full Moon Rondo,20,False
92206497,1107.3,LOSS,False,41,6,TO_HAND,3,RESOURCE_MANAGEMENT,,,CARD,0,0,678,340,340,3,False,4,3,False,True,2,1,1,272,190,2,272,190,2,False,False,Full Moon Rondo,20,False
92206497,1107.3,LOSS,False,42,6,MAIN,26,RESOURCE_MANAGEMENT,PLAY_ITEM,1142,PLAY,1,0,678,340,340,3,False,4,3,False,True,2,1,1,272,190,2,272,190,2,False,False,Full Moon Rondo,20,False
92206497,1107.3,LOSS,False,43,6,TO_HAND,6,RESOURCE_MANAGEMENT,,,CARD,0,0,678,340,340,3,False,4,3,False,True,2,1,1,272,190,2,272,190,2,False,False,Full Moon Rondo,20,False
92206497,1107.3,LOSS,False,44,6,MAIN,26,ENERGY_MANAGEMENT,ATTACH_ENERGY,,ATTACH,1,0,678,340,340,3,False,4,3,False,True,2,1,1,272,190,2,272,190,2,False,False,Full Moon Rondo,20,False
92206497,1107.3,LOSS,False,45,6,MAIN,13,RESOURCE_MANAGEMENT,PLAY_ITEM,1121,PLAY,2,0,678,340,340,3,False,4,3,True,True,2,2,1,272,190,2,272,190,2,False,False,Full Moon Rondo,20,False
92206497,1107.3,LOSS,False,46,6,DISCARD,9,RESOURCE_MANAGEMENT,,,CARD;CARD,0,0,678,340,340,3,False,4,3,False,True,2,2,1,272,190,2,272,190,2,False,False,Full Moon Rondo,20,False
92206497,1107.3,LOSS,False,47,6,TO_HAND,2,RESOURCE_MANAGEMENT,,,CARD,0,0,678,340,340,3,False,4,3,False,True,2,2,1,272,190,2,272,190,2,False,False,Full Moon Rondo,20,False
92206497,1107.3,LOSS,False,48,6,MAIN,13,RESOURCE_MANAGEMENT,PLAY_POKEMON,676,PLAY,2,0,678,340,340,3,False,4,3,True,True,2,2,1,272,190,2,272,190,2,False,False,Full Moon Rondo,20,False
92206497,1107.3,LOSS,False,49,6,MAIN,12,RESOURCE_MANAGEMENT,PLAY_SUPPORTER,1213,PLAY,2,0,678,340,340,3,False,5,3,True,True,2,2,1,272,190,2,272,190,2,False,False,Full Moon Rondo,20,False
92206497,1107.3,LOSS,False,50,6,MAIN,6,RESOURCE_MANAGEMENT,ABILITY,,ABILITY,2,0,678,340,340,3,False,5,3,True,True,2,2,1,272,190,2,272,190,2,False,False,Full Moon Rondo,20,False
92206497,1107.3,LOSS,False,51,6,DISCARD,1,RESOURCE_MANAGEMENT,,,CARD,0,0,678,340,340,3,False,5,3,False,True,2,2,1,272,190,2,272,190,2,False,False,Full Moon Rondo,20,False
92206497,1107.3,LOSS,False,52,6,MAIN,5,ATTACK_SELECTION,ATTACK,,ATTACK,2,1,678,340,340,3,False,5,3,True,True,2,2,1,272,190,2,,,2,False,False,Full Moon Rondo,20,False
92205568,1101.0,WIN,True,0,,,0,UNKNOWN,,,,0,0,,,,,False,,,False,False,,,0,,,,,,,,,,,False
92205568,1101.0,WIN,True,1,,,0,UNKNOWN,,,,0,0,,,,,False,,,False,False,,,0,,,,,,0,,,,,False
92205568,1101.0,WIN,True,2,0,IS_FIRST,2,GOING_FIRST_SECOND,,,YES,0,0,,,,,False,0,0,False,False,,,0,,,0,,,0,,,,,False
92205568,1101.0,WIN,True,3,0,SETUP_ACTIVE_POKEMON,1,EARLY_GAME_SETUP,,,,0,0,,,,,False,0,0,False,False,,,0,,,0,305,70,6,,,,,False
92205568,1101.0,WIN,True,4,1,MAIN,5,ENERGY_MANAGEMENT,ATTACH_ENERGY,,ATTACH,0,0,676,110,110,1,False,0,6,False,False,1,0,0,305,70,6,305,70,6,False,False,,,False
92205568,1101.0,WIN,True,5,1,MAIN,1,TIMING,,,,0,0,676,110,110,1,False,0,6,False,False,1,1,0,305,70,6,305,70,6,False,False,,,False
92205568,1101.0,WIN,True,6,3,MAIN,8,RESOURCE_MANAGEMENT,PLAY_SUPPORTER,1227,PLAY,1,0,676,110,110,1,False,0,6,False,False,1,1,0,305,70,6,305,70,6,False,False,,,False
92205568,1101.0,WIN,True,7,3,MAIN,8,RESOURCE_MANAGEMENT,PLAY_POKEMON,673,PLAY,1,0,676,110,110,1,False,0,6,False,False,1,1,0,305,70,6,305,70,6,False,False,,,False
92205568,1101.0,WIN,True,8,3,MAIN,10,RESOURCE_MANAGEMENT,PLAY_POKEMON,675,PLAY,1,0,676,110,110,1,False,1,6,True,True,1,1,0,305,70,6,305,70,6,False,False,,,False
92205568,1101.0,WIN,True,9,3,MAIN,12,RESOURCE_MANAGEMENT,ABILITY,,ABILITY,1,0,676,110,110,1,False,2,6,True,True,1,1,0,305,70,6,305,70,6,False,False,,,False
92205568,1101.0,WIN,True,10,3,DISCARD,2,RESOURCE_MANAGEMENT,,,CARD,0,0,676,110,110,1,False,2,6,False,True,1,1,0,305,70,6,305,70,6,False,False,,,False
92205568,1101.0,WIN,True,11,3,MAIN,12,RESOURCE_MANAGEMENT,PLAY_ITEM,1142,PLAY,1,0,676,110,110,1,False,2,6,True,True,1,1,0,305,70,6,305,70,6,False,False,,,False
92205568,1101.0,WIN,True,12,3,TO_HAND,16,RESOURCE_MANAGEMENT,,,CARD,0,0,676,110,110,1,False,2,6,False,True,1,1,0,305,70,6,305,70,6,False,False,,,False
92205568,1101.0,WIN,True,13,3,MAIN,12,RESOURCE_MANAGEMENT,PLAY_POKEMON,677,PLAY,1,0,676,110,110,1,False,2,6,True,True,1,1,0,305,70,6,305,70,6,False,False,,,False
92205568,1101.0,WIN,True,14,3,MAIN,13,ENERGY_MANAGEMENT,ATTACH_ENERGY,,ATTACH,1,0,676,110,110,1,False,3,6,True,True,1,1,0,305,70,6,305,70,6,False,False,,,False
92205568,1101.0,WIN,True,15,3,MAIN,5,ATTACK_SELECTION,ATTACK,,ATTACK,1,1,676,110,110,1,False,3,6,True,True,1,1,1,305,70,6,,,6,False,False,,,False
92205568,1101.0,WIN,True,16,3,TO_HAND,6,RESOURCE_MANAGEMENT,,,,0,0,676,110,110,1,False,3,6,False,True,1,1,1,,,6,743,140,5,,,,,False
92205568,1101.0,WIN,True,17,4,TO_ACTIVE,3,ACTIVE_POKEMON_SELECTION,,,CARD,0,0,,,,,False,3,5,False,True,,,1,743,140,5,743,140,5,,,,,True
92205568,1101.0,WIN,True,18,5,MAIN,14,RESOURCE_MANAGEMENT,PLAY_ITEM,1152,PLAY,1,0,677,80,80,1,False,2,5,False,True,2,1,0,743,140,5,743,140,5,False,False,Powerful Hand,0,False
92205568,1101.0,WIN,True,19,5,TO_HAND,7,RESOURCE_MANAGEMENT,,,CARD,0,0,677,80,80,1,False,2,5,False,True,2,1,0,743,140,5,743,140,5,False,False,Powerful Hand,0,False
92205568,1101.0,WIN,True,20,5,MAIN,14,RESOURCE_MANAGEMENT,PLAY_POKEMON,676,PLAY,1,0,677,80,80,1,False,2,5,False,True,2,1,0,743,140,5,743,140,5,False,False,Powerful Hand,0,False
92205568,1101.0,WIN,True,21,5,MAIN,16,BENCH_MANAGEMENT,EVOLVE,,EVOLVE,1,0,677,80,80,1,False,3,5,False,True,2,1,0,743,140,5,743,140,5,False,False,Powerful Hand,0,False
92205568,1101.0,WIN,True,22,5,ACTIVATE,2,RESOURCE_MANAGEMENT,,,YES,0,0,677,80,80,1,False,3,5,False,True,2,1,0,743,140,5,743,140,5,False,False,Powerful Hand,0,False
92205568,1101.0,WIN,True,23,5,SWITCH,5,ACTIVE_POKEMON_SELECTION,,,CARD,0,0,677,80,80,1,False,3,5,False,True,2,1,0,743,140,5,140,210,5,False,False,Powerful Hand,0,False
92205568,1101.0,WIN,True,24,5,MAIN,15,RESOURCE_MANAGEMENT,PLAY_ITEM,1121,PLAY,1,0,677,80,80,1,False,3,5,False,True,2,1,0,140,210,5,140,210,5,False,False,,,False
92205568,1101.0,WIN,True,25,5,DISCARD,5,RESOURCE_MANAGEMENT,,,CARD;CARD,0,0,677,80,80,1,False,3,5,False,True,2,1,0,140,210,5,140,210,5,False,False,,,False
92205568,1101.0,WIN,True,26,5,TO_HAND,9,RESOURCE_MANAGEMENT,,,CARD,0,0,677,80,80,1,False,3,5,False,True,2,1,0,140,210,5,140,210,5,False,False,,,False
92205568,1101.0,WIN,True,27,5,MAIN,10,BENCH_MANAGEMENT,EVOLVE,,EVOLVE,1,0,677,80,80,1,False,3,5,False,True,2,1,0,140,210,5,140,210,5,False,False,,,False
92205568,1101.0,WIN,True,28,5,MAIN,9,ENERGY_MANAGEMENT,ATTACH_ENERGY,,ATTACH,1,0,678,340,340,3,False,3,5,False,True,2,1,0,140,210,5,140,210,5,False,False,,,True
92205568,1101.0,WIN,True,29,5,MAIN,6,RESOURCE_MANAGEMENT,PLAY_SUPPORTER,1213,PLAY,2,0,678,340,340,3,False,3,5,True,True,2,2,0,140,210,5,140,210,5,False,False,,,False
92205568,1101.0,WIN,True,30,5,MAIN,8,RESOURCE_MANAGEMENT,ABILITY,,ABILITY,2,0,678,340,340,3,False,3,5,True,True,2,2,0,140,210,5,140,210,5,False,False,,,False
92205568,1101.0,WIN,True,31,5,DISCARD,1,RESOURCE_MANAGEMENT,,,CARD,0,0,678,340,340,3,False,3,5,False,True,2,2,0,140,210,5,140,210,5,False,False,,,False
92205568,1101.0,WIN,True,32,5,MAIN,9,RESOURCE_MANAGEMENT,PLAY_POKEMON,673,PLAY,2,0,678,340,340,3,False,3,5,True,True,2,2,0,140,210,5,140,210,5,False,False,,,False
92205568,1101.0,WIN,True,33,5,MAIN,8,RESOURCE_MANAGEMENT,PLAY_ITEM,1152,PLAY,2,0,678,340,340,3,False,4,5,True,True,2,2,0,140,210,5,140,210,5,False,False,,,False
92205568,1101.0,WIN,True,34,5,TO_HAND,5,RESOURCE_MANAGEMENT,,,CARD,0,0,678,340,340,3,False,4,5,False,True,2,2,0,140,210,5,140,210,5,False,False,,,False
92205568,1101.0,WIN,True,35,5,MAIN,8,RESOURCE_MANAGEMENT,PLAY_POKEMON,677,PLAY,2,0,678,340,340,3,False,4,5,True,True,2,2,0,140,210,5,140,210,5,False,False,,,False
92205568,1101.0,WIN,True,36,5,MAIN,7,ATTACK_SELECTION,ATTACK,,ATTACK,2,1,678,340,340,3,False,5,5,True,True,2,2,0,140,210,5,140,0,5,False,False,,,False
92205568,1101.0,WIN,True,37,5,ATTACH_TO,4,ENERGY_MANAGEMENT,,,CARD;CARD;CARD,0,0,678,340,340,3,False,5,5,False,True,2,2,0,140,0,5,140,0,5,False,False,,,False
92205568,1101.0,WIN,True,38,5,ATTACH_FROM,5,ENERGY_MANAGEMENT,,,CARD,0,0,678,340,340,3,False,5,5,False,True,2,2,0,140,0,5,140,0,5,False,False,,,False
92205568,1101.0,WIN,True,39,5,ATTACH_FROM,5,ENERGY_MANAGEMENT,,,CARD,0,0,678,340,340,3,False,5,5,False,True,2,2,0,140,0,5,140,0,5,False,False,,,False
92205568,1101.0,WIN,True,40,5,ATTACH_FROM,5,ENERGY_MANAGEMENT,,,CARD,0,0,678,340,340,3,False,5,5,False,True,2,2,0,140,0,5,,,5,False,False,,,False
92205568,1101.0,WIN,True,41,5,TO_HAND,5,RESOURCE_MANAGEMENT,,,,0,0,678,340,340,3,False,5,5,False,True,2,2,1,,,5,743,140,5,,,,,False
92205568,1101.0,WIN,True,42,7,MAIN,11,RESOURCE_MANAGEMENT,PLAY_ITEM,1152,PLAY,2,0,678,80,340,3,True,5,3,True,True,2,2,1,743,140,5,743,140,5,False,False,Powerful Hand,0,False
92205568,1101.0,WIN,True,43,7,TO_HAND,4,RESOURCE_MANAGEMENT,,,CARD,0,0,678,80,340,3,True,5,3,False,True,2,2,1,743,140,5,743,140,5,False,False,Powerful Hand,0,False
92205568,1101.0,WIN,True,44,7,MAIN,11,BENCH_MANAGEMENT,EVOLVE,,EVOLVE,2,0,678,80,340,3,True,5,3,True,True,2,2,1,743,140,5,743,140,5,False,False,Powerful Hand,0,False
92205568,1101.0,WIN,True,45,7,ACTIVATE,2,RESOURCE_MANAGEMENT,,,YES,0,0,678,80,340,3,True,5,3,False,True,2,2,1,743,140,5,743,140,5,False,False,Powerful Hand,0,False
92205568,1101.0,WIN,True,46,7,SWITCH,5,ACTIVE_POKEMON_SELECTION,,,CARD,0,0,678,80,340,3,True,5,3,False,True,2,2,1,743,140,5,140,210,5,False,False,Powerful Hand,0,False
92205568,1101.0,WIN,True,47,7,MAIN,10,RESOURCE_MANAGEMENT,PLAY_SUPPORTER,1227,PLAY,2,0,678,80,340,3,True,5,3,True,True,2,2,1,140,210,5,140,210,5,False,False,,,False
92205568,1101.0,WIN,True,48,7,MAIN,6,ATTACK_SELECTION,ATTACK,,ATTACK,2,1,678,80,340,3,True,5,3,True,True,2,2,1,140,210,5,,,5,False,False,,,False
92205568,1101.0,WIN,True,49,7,TO_HAND,3,RESOURCE_MANAGEMENT,,,,0,0,678,80,340,3,True,5,3,False,True,2,2,1,,,5,743,140,5,,,,,False
92205568,1101.0,WIN,True,50,8,DISCARD,8,RESOURCE_MANAGEMENT,,,,0,0,678,80,340,3,True,5,1,False,True,2,2,1,743,140,5,743,140,2,False,False,Powerful Hand,0,False
92205568,1101.0,WIN,True,51,8,TO_ACTIVE,5,ACTIVE_POKEMON_SELECTION,,,CARD,0,0,,,,,False,5,1,False,True,,,1,743,140,2,743,140,2,,,,,True
92205568,1101.0,WIN,True,52,9,MAIN,11,ENERGY_MANAGEMENT,ATTACH_ENERGY,,ATTACH,1,0,674,150,150,1,False,4,1,True,True,3,3,0,743,140,2,743,140,2,False,False,Powerful Hand,0,False
92205568,1101.0,WIN,True,53,9,MAIN,6,RESOURCE_MANAGEMENT,PLAY_ITEM,1141,PLAY,1,0,674,250,250,1,False,4,1,True,True,3,3,0,743,140,2,743,140,2,False,False,Powerful Hand,0,False
92205568,1101.0,WIN,True,54,9,MAIN,5,ATTACK_SELECTION,ATTACK,,ATTACK,1,1,674,250,250,1,False,4,1,True,True,3,3,0,743,140,2,,,2,False,False,Powerful Hand,0,False
92204637,990.8,WIN,False,0,,,0,UNKNOWN,,,,0,0,,,,,False,,,False,False,,,0,,,,,,,,,,,False
92204637,990.8,WIN,False,1,,,0,UNKNOWN,,,,0,0,,,,,False,,,False,False,,,0,,,,,,0,,,,,False
92204637,990.8,WIN,False,2,0,SETUP_ACTIVE_POKEMON,1,EARLY_GAME_SETUP,,,,0,0,,,,,False,0,0,False,False,,,0,,,0,,,6,,,,,False
92204637,990.8,WIN,False,3,0,DRAW_COUNT,2,SEARCH_DECISION,,,,0,0,,,,,False,0,6,False,False,,,0,,,6,646,70,6,,,,,False
92204637,990.8,WIN,False,4,2,MAIN,9,RESOURCE_MANAGEMENT,PLAY_ITEM,1142,PLAY,0,0,675,110,110,1,False,0,6,False,False,1,0,0,646,70,6,646,70,6,False,False,,,False
92204637,990.8,WIN,False,5,2,TO_HAND,18,RESOURCE_MANAGEMENT,,,CARD,0,0,675,110,110,1,False,0,6,False,False,1,0,0,646,70,6,646,70,6,False,False,,,False
92204637,990.8,WIN,False,6,2,MAIN,9,RESOURCE_MANAGEMENT,PLAY_POKEMON,676,PLAY,0,0,675,110,110,1,False,0,6,False,False,1,0,0,646,70,6,646,70,6,False,False,,,False
92204637,990.8,WIN,False,7,2,MAIN,13,RESOURCE_MANAGEMENT,ABILITY,,ABILITY,0,0,675,110,110,1,False,1,6,False,True,1,0,0,646,70,6,646,70,6,False,False,,,False
92204637,990.8,WIN,False,8,2,DISCARD,3,RESOURCE_MANAGEMENT,,,CARD,0,0,675,110,110,1,False,1,6,False,True,1,0,0,646,70,6,646,70,6,False,False,,,False
92204637,990.8,WIN,False,9,2,MAIN,13,RESOURCE_MANAGEMENT,PLAY_ITEM,1121,PLAY,0,0,675,110,110,1,False,1,6,False,True,1,0,0,646,70,6,646,70,6,False,False,,,False
92204637,990.8,WIN,False,10,2,DISCARD,8,RESOURCE_MANAGEMENT,,,CARD;CARD,0,0,675,110,110,1,False,1,6,False,True,1,0,0,646,70,6,646,70,6,False,False,,,False
92204637,990.8,WIN,False,11,2,TO_HAND,11,RESOURCE_MANAGEMENT,,,CARD,0,0,675,110,110,1,False,1,6,False,True,1,0,0,646,70,6,646,70,6,False,False,,,False
92204637,990.8,WIN,False,12,2,MAIN,11,RESOURCE_MANAGEMENT,PLAY_POKEMON,677,PLAY,0,0,675,110,110,1,False,1,6,False,True,1,0,0,646,70,6,646,70,6,False,False,,,False
92204637,990.8,WIN,False,13,2,MAIN,13,RESOURCE_MANAGEMENT,PLAY_ITEM,1121,PLAY,0,0,675,110,110,1,False,2,6,False,True,1,0,0,646,70,6,646,70,6,False,False,,,False
92204637,990.8,WIN,False,14,2,DISCARD,5,RESOURCE_MANAGEMENT,,,CARD;CARD,0,0,675,110,110,1,False,2,6,False,True,1,0,0,646,70,6,646,70,6,False,False,,,False
92204637,990.8,WIN,False,15,2,TO_HAND,10,RESOURCE_MANAGEMENT,,,CARD,0,0,675,110,110,1,False,2,6,False,True,1,0,0,646,70,6,646,70,6,False,False,,,False
92204637,990.8,WIN,False,16,2,MAIN,10,RESOURCE_MANAGEMENT,PLAY_POKEMON,677,PLAY,0,0,675,110,110,1,False,2,6,False,True,1,0,0,646,70,6,646,70,6,False,False,,,False
92204637,990.8,WIN,False,17,2,MAIN,11,ENERGY_MANAGEMENT,ATTACH_ENERGY,,ATTACH,0,0,675,110,110,1,False,3,6,False,True,1,0,0,646,70,6,646,70,6,False,False,,,False
92204637,990.8,WIN,False,18,2,MAIN,7,ENERGY_MANAGEMENT,ATTACH_ENERGY,,ATTACH,0,0,675,110,110,1,False,3,6,False,True,1,0,1,646,70,6,646,70,6,False,False,,,False
92204637,990.8,WIN,False,19,2,MAIN,3,RESOURCE_MANAGEMENT,PLAY_SUPPORTER,1227,PLAY,0,0,675,110,110,1,False,3,6,False,True,1,0,1,646,70,6,646,70,6,False,False,,,False
92204637,990.8,WIN,False,20,2,MAIN,5,RESOURCE_MANAGEMENT,PLAY_ITEM,1152,PLAY,0,0,675,110,110,1,False,3,6,False,True,1,0,1,646,70,6,646,70,6,False,False,,,False
92204637,990.8,WIN,False,21,2,TO_HAND,7,RESOURCE_MANAGEMENT,,,CARD,0,0,675,110,110,1,False,3,6,False,True,1,0,1,646,70,6,646,70,6,False,False,,,False
92204637,990.8,WIN,False,22,2,MAIN,5,RESOURCE_MANAGEMENT,PLAY_POKEMON,673,PLAY,0,0,675,110,110,1,False,3,6,False,True,1,0,1,646,70,6,646,70,6,False,False,,,False
92204637,990.8,WIN,False,23,2,MAIN,4,RESOURCE_MANAGEMENT,PLAY_ITEM,1142,PLAY,0,0,675,110,110,1,False,4,6,False,True,1,0,1,646,70,6,646,70,6,False,False,,,False
92204637,990.8,WIN,False,24,2,TO_HAND,11,RESOURCE_MANAGEMENT,,,CARD,0,0,675,110,110,1,False,4,6,False,True,1,0,1,646,70,6,646,70,6,False,False,,,False
92204637,990.8,WIN,False,25,2,MAIN,4,RESOURCE_MANAGEMENT,PLAY_POKEMON,675,PLAY,0,0,675,110,110,1,False,4,6,False,True,1,0,1,646,70,6,646,70,6,False,False,,,False
92204637,990.8,WIN,False,26,2,MAIN,3,TIMING,,,,0,0,675,110,110,1,False,5,6,False,True,1,0,1,646,70,6,648,320,5,False,False,,,False
92204637,990.8,WIN,False,27,3,TO_ACTIVE,5,ACTIVE_POKEMON_SELECTION,,,CARD,0,0,,,,,False,5,6,False,True,,,1,648,320,5,648,320,5,,,,,True
92204637,990.8,WIN,False,28,4,MAIN,23,RESOURCE_MANAGEMENT,ABILITY,,ABILITY,1,0,677,180,180,1,False,4,6,False,True,2,1,0,648,320,5,648,320,5,True,False,Shadow Bullet,180,False
92204637,990.8,WIN,False,29,4,DISCARD,3,RESOURCE_MANAGEMENT,,,CARD,0,0,677,180,180,1,False,4,6,False,True,2,1,0,648,320,5,648,320,5,True,False,Shadow Bullet,180,False
92204637,990.8,WIN,False,30,4,MAIN,23,RESOURCE_MANAGEMENT,PLAY_ITEM,1121,PLAY,1,0,677,180,180,1,False,4,6,False,True,2,1,0,648,320,5,648,320,5,True,False,Shadow Bullet,180,False
92204637,990.8,WIN,False,31,4,DISCARD,8,RESOURCE_MANAGEMENT,,,CARD;CARD,0,0,677,180,180,1,False,4,6,False,True,2,1,0,648,320,5,648,320,5,True,False,Shadow Bullet,180,False
92204637,990.8,WIN,False,32,4,TO_HAND,7,RESOURCE_MANAGEMENT,,,CARD,0,0,677,180,180,1,False,4,6,False,True,2,1,0,648,320,5,648,320,5,True,False,Shadow Bullet,180,False
92204637,990.8,WIN,False,33,4,MAIN,14,BENCH_MANAGEMENT,EVOLVE,,EVOLVE,1,0,677,180,180,1,False,4,6,False,True,2,1,0,648,320,5,648,320,5,True,False,Shadow Bullet,180,False
92204637,990.8,WIN,False,34,4,MAIN,12,RESOURCE_MANAGEMENT,PLAY_ITEM,1141,PLAY,1,0,678,440,440,3,False,4,6,False,True,2,1,0,648,320,5,648,320,5,False,False,Shadow Bullet,180,True
92204637,990.8,WIN,False,35,4,MAIN,11,ENERGY_MANAGEMENT,ATTACH_ENERGY,,ATTACH,1,0,678,440,440,3,False,4,6,False,True,2,1,0,648,320,5,648,320,5,False,False,Shadow Bullet,180,False
92204637,990.8,WIN,False,36,4,MAIN,8,RESOURCE_MANAGEMENT,PLAY_SUPPORTER,1227,PLAY,2,0,678,440,440,3,False,4,6,True,True,2,2,0,648,320,5,648,320,5,False,False,Shadow Bullet,180,False
92204637,990.8,WIN,False,37,4,MAIN,7,BENCH_MANAGEMENT,EVOLVE,,EVOLVE,2,0,678,440,440,3,False,4,6,True,True,2,2,0,648,320,5,648,320,5,False,False,Shadow Bullet,180,False
92204637,990.8,WIN,False,38,4,MAIN,6,RESOURCE_MANAGEMENT,PLAY_ITEM,1152,PLAY,2,0,678,440,440,3,False,4,6,True,True,2,2,0,648,320,5,648,320,5,False,False,Shadow Bullet,180,False
92204637,990.8,WIN,False,39,4,TO_HAND,4,RESOURCE_MANAGEMENT,,,CARD,0,0,678,440,440,3,False,4,6,False,True,2,2,0,648,320,5,648,320,5,False,False,Shadow Bullet,180,False
92204637,990.8,WIN,False,40,4,MAIN,6,RESOURCE_MANAGEMENT,PLAY_POKEMON,673,PLAY,2,0,678,440,440,3,False,4,6,True,True,2,2,0,648,320,5,648,320,5,False,False,Shadow Bullet,180,False
92204637,990.8,WIN,False,41,4,MAIN,5,TIMING,,,,2,0,678,440,440,3,False,5,6,True,True,2,2,0,648,320,5,648,320,5,False,False,Shadow Bullet,180,False
92204637,990.8,WIN,False,42,6,MAIN,28,BENCH_MANAGEMENT,EVOLVE,,EVOLVE,1,0,678,260,440,3,True,5,6,True,True,2,2,0,648,320,5,648,320,5,False,False,Shadow Bullet,180,False
92204637,990.8,WIN,False,43,6,ACTIVATE,2,RESOURCE_MANAGEMENT,,,YES,0,0,678,260,440,3,True,5,6,False,True,2,2,0,648,320,5,648,320,5,False,False,Shadow Bullet,180,False
92204637,990.8,WIN,False,44,6,SWITCH,4,ACTIVE_POKEMON_SELECTION,,,CARD,0,0,678,260,440,3,True,5,6,False,True,2,2,0,648,320,5,648,50,5,False,False,Shadow Bullet,180,False
92204637,990.8,WIN,False,45,6,MAIN,27,RESOURCE_MANAGEMENT,ABILITY,,ABILITY,1,0,678,260,440,3,True,5,6,True,True,2,2,0,648,50,5,648,50,5,False,False,,,False
92204637,990.8,WIN,False,46,6,DISCARD,3,RESOURCE_MANAGEMENT,,,CARD,0,0,678,260,440,3,True,5,6,False,True,2,2,0,648,50,5,648,50,5,False,False,,,False
92204637,990.8,WIN,False,47,6,MAIN,21,RESOURCE_MANAGEMENT,PLAY_SUPPORTER,1229,PLAY,1,0,678,260,440,3,True,5,6,True,True,2,2,0,648,50,5,648,50,5,False,False,,,False
92204637,990.8,WIN,False,48,6,HEAL,2,RESOURCE_MANAGEMENT,,,CARD,0,0,678,260,440,3,True,5,6,False,True,2,2,0,648,50,5,648,50,5,False,False,,,False
92204637,990.8,WIN,False,49,6,MAIN,28,ENERGY_MANAGEMENT,ATTACH_ENERGY,,ATTACH,0,0,678,440,440,3,False,5,6,False,True,2,0,0,648,50,5,648,50,5,False,False,,,False
92204637,990.8,WIN,False,50,6,MAIN,5,RESOURCE_MANAGEMENT,PLAY_ITEM,1152,PLAY,1,0,678,440,440,3,False,5,6,False,True,2,1,0,648,50,5,648,50,5,False,False,,,False
92204637,990.8,WIN,False,51,6,TO_HAND,2,RESOURCE_MANAGEMENT,,,CARD,0,0,678,440,440,3,False,5,6,False,True,2,1,0,648,50,5,648,50,5,False,False,,,False
92204637,990.8,WIN,False,52,6,MAIN,4,TIMING,,,,1,0,678,440,440,3,False,5,6,False,True,2,1,0,648,50,5,648,80,5,False,False,,,False
92204637,990.8,WIN,False,53,8,MAIN,27,RESOURCE_MANAGEMENT,PLAY_SUPPORTER,1182,PLAY,1,0,678,440,440,3,False,5,6,False,True,2,1,0,648,80,5,648,80,5,False,False,,,False
92204637,990.8,WIN,False,54,8,SWITCH,4,ACTIVE_POKEMON_SELECTION,,,CARD,0,0,678,440,440,3,False,5,6,False,True,2,1,0,648,80,5,647,100,5,False,False,,,False
92204637,990.8,WIN,False,55,8,MAIN,25,RESOURCE_MANAGEMENT,ABILITY,,ABILITY,1,0,678,440,440,3,False,5,6,False,True,2,1,0,647,100,5,647,100,5,False,False,Corkscrew Punch,60,False
92204637,990.8,WIN,False,56,8,DISCARD,3,RESOURCE_MANAGEMENT,,,CARD,0,0,678,440,440,3,False,5,6,False,True,2,1,0,647,100,5,647,100,5,False,False,Corkscrew Punch,60,False
92204637,990.8,WIN,False,57,8,MAIN,25,ENERGY_MANAGEMENT,ATTACH_ENERGY,,ATTACH,1,0,678,440,440,3,False,5,6,False,True,2,1,0,647,100,5,647,100,5,False,False,Corkscrew Punch,60,False
92204637,990.8,WIN,False,58,8,MAIN,9,ATTACK_SELECTION,ATTACK,,ATTACK,2,1,678,440,440,3,False,5,6,True,True,2,2,0,647,100,5,647,0,5,False,False,Corkscrew Punch,60,False
92204637,990.8,WIN,False,59,8,ATTACH_TO,7,ENERGY_MANAGEMENT,,,CARD;CARD;CARD,0,0,678,440,440,3,False,5,6,False,True,2,2,0,647,0,5,647,0,5,False,False,Corkscrew Punch,60,False
92204637,990.8,WIN,False,60,8,ATTACH_FROM,5,ENERGY_MANAGEMENT,,,CARD,0,0,678,440,440,3,False,5,6,False,True,2,2,0,647,0,5,647,0,5,False,False,Corkscrew Punch,60,False
92204637,990.8,WIN,False,61,8,ATTACH_FROM,5,ENERGY_MANAGEMENT,,,CARD,0,0,678,440,440,3,False,5,6,False,True,2,2,1,647,0,5,647,0,5,False,False,Corkscrew Punch,60,False
92204637,990.8,WIN,False,62,8,ATTACH_FROM,5,ENERGY_MANAGEMENT,,,CARD,0,0,678,440,440,3,False,5,6,False,True,2,2,1,647,0,5,,,5,False,False,Corkscrew Punch,60,False
92204637,990.8,WIN,False,63,8,TO_HAND,6,RESOURCE_MANAGEMENT,,,,0,0,678,440,440,3,False,5,6,False,True,2,2,1,,,5,648,320,4,,,,,False
92204637,990.8,WIN,False,64,10,MAIN,8,RESOURCE_MANAGEMENT,PLAY_ITEM,1141,PLAY,2,0,678,260,440,3,True,4,5,True,True,2,2,1,648,320,4,648,320,4,False,False,Shadow Bullet,180,False
92204637,990.8,WIN,False,65,10,MAIN,7,RESOURCE_MANAGEMENT,PLAY_SUPPORTER,1227,PLAY,2,0,678,260,440,3,True,4,5,True,True,2,2,1,648,320,4,648,320,4,False,False,Shadow Bullet,180,False
92204637,990.8,WIN,False,66,10,MAIN,24,RESOURCE_MANAGEMENT,PLAY_ITEM,1141,PLAY,2,0,678,260,440,3,True,4,5,True,True,2,2,1,648,320,4,648,320,4,False,False,Shadow Bullet,180,False
92204637,990.8,WIN,False,67,10,MAIN,23,RESOURCE_MANAGEMENT,ABILITY,,ABILITY,2,0,678,260,440,3,True,4,5,True,True,2,2,1,648,320,4,648,320,4,False,False,Shadow Bullet,180,False
92204637,990.8,WIN,False,68,10,DISCARD,3,RESOURCE_MANAGEMENT,,,CARD,0,0,678,260,440,3,True,4,5,False,True,2,2,1,648,320,4,648,320,4,False,False,Shadow Bullet,180,False
92204637,990.8,WIN,False,69,10,MAIN,17,RESOURCE_MANAGEMENT,PLAY_ITEM,1142,PLAY,2,0,678,260,440,3,True,4,5,True,True,2,2,1,648,320,4,648,320,4,False,False,Shadow Bullet,180,False
92204637,990.8,WIN,False,70,10,TO_HAND,3,RESOURCE_MANAGEMENT,,,CARD,0,0,678,260,440,3,True,4,5,False,True,2,2,1,648,320,4,648,320,4,False,False,Shadow Bullet,180,False
92204637,990.8,WIN,False,71,10,MAIN,17,RESOURCE_MANAGEMENT,PLAY_POKEMON,676,PLAY,2,0,678,260,440,3,True,4,5,True,True,2,2,1,648,320,4,648,320,4,False,False,Shadow Bullet,180,False
92204637,990.8,WIN,False,72,10,MAIN,18,ENERGY_MANAGEMENT,ATTACH_ENERGY,,ATTACH,2,0,678,260,440,3,True,5,5,True,True,2,2,1,648,320,4,648,320,4,False,False,Shadow Bullet,180,False
92204637,990.8,WIN,False,73,10,MAIN,6,RESOURCE_MANAGEMENT,ABILITY,,ABILITY,2,0,678,260,440,3,True,5,5,True,True,2,2,2,648,320,4,648,320,4,False,False,Shadow Bullet,180,False
92204637,990.8,WIN,False,74,10,MAIN,5,ATTACK_SELECTION,ATTACK,,ATTACK,2,1,678,260,440,3,True,5,5,True,True,2,2,2,648,320,4,,,4,False,False,Shadow Bullet,180,False
92204637,990.8,WIN,False,75,10,TO_HAND,5,RESOURCE_MANAGEMENT,,,,0,0,678,260,440,3,True,5,5,False,True,2,2,2,,,4,112,110,4,,,,,False
92204637,990.8,WIN,False,76,12,MAIN,18,RESOURCE_MANAGEMENT,PLAY_ITEM,1152,PLAY,1,0,678,230,440,3,True,5,3,True,True,2,2,2,112,110,4,112,110,4,False,False,,,False
92204637,990.8,WIN,False,77,12,TO_HAND,2,RESOURCE_MANAGEMENT,,,,0,0,678,230,440,3,True,5,3,False,True,2,2,2,112,110,4,112,110,4,False,False,,,False
92204637,990.8,WIN,False,78,12,MAIN,17,RESOURCE_MANAGEMENT,PLAY_ITEM,1123,PLAY,1,0,678,230,440,3,True,5,3,True,True,2,2,2,112,110,4,112,110,4,False,False,,,False
92204637,990.8,WIN,False,79,12,SWITCH,5,ACTIVE_POKEMON_SELECTION,,,CARD,0,0,678,230,440,3,True,5,3,False,True,2,2,2,112,110,4,112,110,4,False,False,,,False
92204637,990.8,WIN,False,80,12,MAIN,17,RESOURCE_MANAGEMENT,PLAY_SUPPORTER,1229,PLAY,2,0,678,310,340,3,True,5,3,True,True,2,2,2,112,110,4,112,110,4,False,False,,,False
92204637,990.8,WIN,False,81,12,HEAL,2,RESOURCE_MANAGEMENT,,,CARD,0,0,678,310,340,3,True,5,3,False,True,2,2,2,112,110,4,112,110,4,False,False,,,False
92204637,990.8,WIN,False,82,12,MAIN,26,ENERGY_MANAGEMENT,ATTACH_ENERGY,,ATTACH,2,0,678,310,340,3,True,5,3,True,True,2,2,1,112,110,4,112,110,4,False,False,,,False
92204637,990.8,WIN,False,83,12,MAIN,8,ATTACK_SELECTION,ATTACK,,ATTACK,2,1,678,310,340,3,True,5,3,True,True,2,2,2,112,110,4,,,4,False,False,,,False
92204637,990.8,WIN,False,84,12,TO_HAND,3,RESOURCE_MANAGEMENT,,,,0,0,678,310,340,3,True,5,3,False,True,2,2,2,,,4,104,90,4,,,,,False
92204637,990.8,WIN,False,85,13,SKILL_ORDER,2,TIMING,,,,0,0,678,310,340,3,True,5,2,False,True,2,2,2,104,90,4,104,90,3,False,False,,,False
92204637,990.8,WIN,False,86,14,MAIN,24,RESOURCE_MANAGEMENT,ABILITY,,ABILITY,1,0,678,310,340,3,True,4,2,True,True,2,2,2,104,90,3,104,90,3,False,False,,,False
92204637,990.8,WIN,False,87,14,DISCARD,3,RESOURCE_MANAGEMENT,,,CARD,0,0,678,310,340,3,True,4,2,False,True,2,2,2,104,90,3,104,90,3,False,False,,,False
92204637,990.8,WIN,False,88,14,MAIN,21,RESOURCE_MANAGEMENT,PLAY_SUPPORTER,1182,PLAY,1,0,678,310,340,3,True,4,2,True,True,2,2,2,104,90,3,104,90,3,False,False,,,False
92204637,990.8,WIN,False,89,14,SWITCH,4,ACTIVE_POKEMON_SELECTION,,,CARD,0,0,678,310,340,3,True,4,2,False,True,2,2,2,104,90,3,648,240,3,False,False,,,False
92204637,990.8,WIN,False,90,14,MAIN,18,RESOURCE_MANAGEMENT,PLAY_ITEM,1123,PLAY,1,0,678,310,340,3,True,4,2,True,True,2,2,2,648,240,3,648,240,3,False,False,,,False
92204637,990.8,WIN,False,91,14,SWITCH,4,ACTIVE_POKEMON_SELECTION,,,CARD,0,0,678,310,340,3,True,4,2,False,True,2,2,2,648,240,3,648,240,3,False,False,,,False
92204637,990.8,WIN,False,92,14,MAIN,16,ENERGY_MANAGEMENT,ATTACH_ENERGY,,ATTACH,1,0,678,440,440,3,False,4,2,False,True,2,1,2,648,240,3,648,240,3,False,False,,,False
92204637,990.8,WIN,False,93,14,MAIN,8,ATTACK_SELECTION,ATTACK,,ATTACK,2,1,678,440,440,3,False,4,2,True,True,2,2,2,648,240,3,,,3,False,False,,,False
92203697,1071.9,WIN,True,0,,,0,UNKNOWN,,,,0,0,,,,,False,,,False,False,,,0,,,,,,,,,,,False
92203697,1071.9,WIN,True,1,,,0,UNKNOWN,,,,0,0,,,,,False,,,False,False,,,0,,,,,,0,,,,,False
92203697,1071.9,WIN,True,2,0,IS_FIRST,2,GOING_FIRST_SECOND,,,YES,0,0,,,,,False,0,0,False,False,,,0,,,0,,,0,,,,,False
92203697,1071.9,WIN,True,3,0,SETUP_ACTIVE_POKEMON,1,EARLY_GAME_SETUP,,,,0,0,,,,,False,0,0,False,False,,,0,,,0,112,110,6,,,,,False
92203697,1071.9,WIN,True,4,1,MAIN,6,RESOURCE_MANAGEMENT,PLAY_POKEMON,673,PLAY,0,0,677,80,80,1,False,0,6,False,False,2,0,0,112,110,6,112,110,6,False,False,,,False
92203697,1071.9,WIN,True,5,1,MAIN,8,RESOURCE_MANAGEMENT,PLAY_ITEM,1152,PLAY,0,0,677,80,80,1,False,1,6,False,True,2,0,0,112,110,6,112,110,6,False,False,,,False
92203697,1071.9,WIN,True,6,1,TO_HAND,9,RESOURCE_MANAGEMENT,,,CARD,0,0,677,80,80,1,False,1,6,False,True,2,0,0,112,110,6,112,110,6,False,False,,,False
92203697,1071.9,WIN,True,7,1,MAIN,8,RESOURCE_MANAGEMENT,PLAY_POKEMON,675,PLAY,0,0,677,80,80,1,False,1,6,False,True,2,0,0,112,110,6,112,110,6,False,False,,,False
92203697,1071.9,WIN,True,8,1,MAIN,10,ENERGY_MANAGEMENT,ATTACH_ENERGY,,ATTACH,0,0,677,80,80,1,False,2,6,False,True,2,0,0,112,110,6,112,110,6,False,False,,,False
92203697,1071.9,WIN,True,9,1,MAIN,1,TIMING,,,,0,0,677,80,80,1,False,2,6,False,True,2,1,0,112,110,6,112,110,6,False,False,,,False
92203697,1071.9,WIN,True,10,3,MAIN,12,RESOURCE_MANAGEMENT,PLAY_SUPPORTER,1182,PLAY,1,0,677,80,80,1,False,2,6,False,True,2,1,0,112,110,6,112,110,6,False,False,,,False
92203697,1071.9,WIN,True,11,3,SWITCH,2,ACTIVE_POKEMON_SELECTION,,,CARD,0,0,677,80,80,1,False,2,6,False,True,2,1,0,112,110,6,646,70,6,False,False,,,False
92203697,1071.9,WIN,True,12,3,MAIN,11,RESOURCE_MANAGEMENT,PLAY_ITEM,1152,PLAY,1,0,677,80,80,1,False,2,6,False,True,2,1,0,646,70,6,646,70,6,False,False,,,False
92203697,1071.9,WIN,True,13,3,TO_HAND,8,RESOURCE_MANAGEMENT,,,CARD,0,0,677,80,80,1,False,2,6,False,True,2,1,0,646,70,6,646,70,6,False,False,,,False
92203697,1071.9,WIN,True,14,3,MAIN,11,RESOURCE_MANAGEMENT,PLAY_POKEMON,676,PLAY,1,0,677,80,80,1,False,2,6,False,True,2,1,0,646,70,6,646,70,6,False,False,,,False
92203697,1071.9,WIN,True,15,3,MAIN,13,RESOURCE_MANAGEMENT,ABILITY,,ABILITY,1,0,677,80,80,1,False,3,6,False,True,2,1,0,646,70,6,646,70,6,False,False,,,False
92203697,1071.9,WIN,True,16,3,DISCARD,2,RESOURCE_MANAGEMENT,,,CARD,0,0,677,80,80,1,False,3,6,False,True,2,1,0,646,70,6,646,70,6,False,False,,,False
92203697,1071.9,WIN,True,17,3,MAIN,12,BENCH_MANAGEMENT,EVOLVE,,EVOLVE,1,0,677,80,80,1,False,3,6,False,True,2,1,0,646,70,6,646,70,6,False,False,,,False
92203697,1071.9,WIN,True,18,3,MAIN,11,ENERGY_MANAGEMENT,ATTACH_ENERGY,,ATTACH,1,0,678,340,340,3,False,3,6,False,True,2,1,0,646,70,6,646,70,6,False,False,,,True
92203697,1071.9,WIN,True,19,3,MAIN,7,ENERGY_MANAGEMENT,ATTACH_ENERGY,,ATTACH,1,0,678,440,440,3,False,3,6,False,True,2,1,0,646,70,6,646,70,6,False,False,,,False
92203697,1071.9,WIN,True,20,3,MAIN,5,RESOURCE_MANAGEMENT,ABILITY,,ABILITY,2,0,678,440,440,3,False,3,6,True,True,2,2,0,646,70,6,646,70,6,False,False,,,False
92203697,1071.9,WIN,True,21,3,MAIN,4,ATTACK_SELECTION,ATTACK,,ATTACK,2,1,678,440,440,3,False,3,6,True,True,2,2,0,646,70,6,646,0,6,False,False,,,False
92203697,1071.9,WIN,True,22,3,ATTACH_TO,1,ENERGY_MANAGEMENT,,,CARD,0,0,678,440,440,3,False,3,6,False,True,2,2,0,646,0,6,646,0,6,False,False,,,False
92203697,1071.9,WIN,True,23,3,ATTACH_FROM,3,ENERGY_MANAGEMENT,,,CARD,0,0,678,440,440,3,False,3,6,False,True,2,2,0,646,0,6,,,6,False,False,,,False
92203697,1071.9,WIN,True,24,3,TO_HAND,6,RESOURCE_MANAGEMENT,,,,0,0,678,440,440,3,False,3,6,False,True,2,2,1,,,6,112,110,6,,,,,False
92203697,1071.9,WIN,True,25,5,MAIN,9,RESOURCE_MANAGEMENT,PLAY_ITEM,1121,PLAY,2,0,678,440,440,3,False,3,5,True,True,2,2,1,112,110,6,112,110,6,False,False,,,False
92203697,1071.9,WIN,True,26,5,DISCARD,3,RESOURCE_MANAGEMENT,,,CARD;CARD,0,0,678,440,440,3,False,3,5,False,True,2,2,1,112,110,6,112,110,6,False,False,,,False
92203697,1071.9,WIN,True,27,5,TO_HAND,9,RESOURCE_MANAGEMENT,,,CARD,0,0,678,440,440,3,False,3,5,False,True,2,2,1,112,110,6,112,110,6,False,False,,,False
92203697,1071.9,WIN,True,28,5,MAIN,7,BENCH_MANAGEMENT,EVOLVE,,EVOLVE,2,0,678,440,440,3,False,3,5,True,True,2,2,1,112,110,6,112,110,6,False,False,,,False
92203697,1071.9,WIN,True,29,5,ACTIVATE,2,RESOURCE_MANAGEMENT,,,YES,0,0,678,440,440,3,False,3,5,False,True,2,2,0,112,110,6,112,110,6,False,False,,,False
92203697,1071.9,WIN,True,30,5,SWITCH,4,ACTIVE_POKEMON_SELECTION,,,CARD,0,0,678,440,440,3,False,3,5,False,True,2,2,0,112,110,6,646,70,6,False,False,,,False
92203697,1071.9,WIN,True,31,5,MAIN,6,RESOURCE_MANAGEMENT,PLAY_SUPPORTER,1227,PLAY,2,0,678,440,440,3,False,3,5,True,True,2,2,0,646,70,6,646,70,6,False,False,,,False
92203697,1071.9,WIN,True,32,5,MAIN,17,RESOURCE_MANAGEMENT,ABILITY,,ABILITY,2,0,678,440,440,3,False,3,5,True,True,2,2,0,646,70,6,646,70,6,False,False,,,False
92203697,1071.9,WIN,True,33,5,DISCARD,2,RESOURCE_MANAGEMENT,,,CARD,0,0,678,440,440,3,False,3,5,False,True,2,2,0,646,70,6,646,70,6,False,False,,,False
92203697,1071.9,WIN,True,34,5,MAIN,16,RESOURCE_MANAGEMENT,PLAY_ITEM,1152,PLAY,2,0,678,440,440,3,False,3,5,True,True,2,2,0,646,70,6,646,70,6,False,False,,,False
92203697,1071.9,WIN,True,35,5,TO_HAND,6,RESOURCE_MANAGEMENT,,,CARD,0,0,678,440,440,3,False,3,5,False,True,2,2,0,646,70,6,646,70,6,False,False,,,False
92203697,1071.9,WIN,True,36,5,MAIN,16,RESOURCE_MANAGEMENT,PLAY_POKEMON,677,PLAY,2,0,678,440,440,3,False,3,5,True,True,2,2,0,646,70,6,646,70,6,False,False,,,False
92203697,1071.9,WIN,True,37,5,MAIN,17,RESOURCE_MANAGEMENT,PLAY_ITEM,1121,PLAY,2,0,678,440,440,3,False,4,5,True,True,2,2,0,646,70,6,646,70,6,False,False,,,False
92203697,1071.9,WIN,True,38,5,DISCARD,6,RESOURCE_MANAGEMENT,,,CARD;CARD,0,0,678,440,440,3,False,4,5,False,True,2,2,0,646,70,6,646,70,6,False,False,,,False
92203697,1071.9,WIN,True,39,5,TO_HAND,6,RESOURCE_MANAGEMENT,,,CARD,0,0,678,440,440,3,False,4,5,False,True,2,2,0,646,70,6,646,70,6,False,False,,,False
92203697,1071.9,WIN,True,40,5,MAIN,17,RESOURCE_MANAGEMENT,PLAY_POKEMON,673,PLAY,2,0,678,440,440,3,False,4,5,True,True,2,2,0,646,70,6,646,70,6,False,False,,,False
92203697,1071.9,WIN,True,41,5,MAIN,18,ENERGY_MANAGEMENT,ATTACH_ENERGY,,ATTACH,2,0,678,440,440,3,False,5,5,True,True,2,2,0,646,70,6,646,70,6,False,False,,,False
92203697,1071.9,WIN,True,42,5,MAIN,6,ATTACK_SELECTION,ATTACK,,ATTACK,2,1,678,440,440,3,False,5,5,True,True,2,2,1,646,70,6,646,0,6,False,False,,,False
92203697,1071.9,WIN,True,43,5,ATTACH_TO,1,ENERGY_MANAGEMENT,,,CARD,0,0,678,440,440,3,False,5,5,False,True,2,2,1,646,0,6,646,0,6,False,False,,,False
92203697,1071.9,WIN,True,44,5,ATTACH_FROM,5,ENERGY_MANAGEMENT,,,CARD,0,0,678,440,440,3,False,5,5,False,True,2,2,1,646,0,6,,,6,False,False,,,False
92203697,1071.9,WIN,True,45,5,TO_HAND,5,RESOURCE_MANAGEMENT,,,,0,0,678,440,440,3,False,5,5,False,True,2,2,1,,,6,648,320,6,,,,,False
92203697,1071.9,WIN,True,46,7,MAIN,21,RESOURCE_MANAGEMENT,ABILITY,,ABILITY,2,0,678,260,440,3,True,5,4,True,True,2,2,1,648,320,6,648,320,6,False,False,Shadow Bullet,180,False
92203697,1071.9,WIN,True,47,7,DISCARD,2,RESOURCE_MANAGEMENT,,,CARD,0,0,678,260,440,3,True,5,4,False,True,2,2,1,648,320,6,648,320,6,False,False,Shadow Bullet,180,False
92203697,1071.9,WIN,True,48,7,MAIN,16,BENCH_MANAGEMENT,EVOLVE,,EVOLVE,2,0,678,260,440,3,True,5,4,True,True,2,2,1,648,320,6,648,320,6,False,False,Shadow Bullet,180,False
92203697,1071.9,WIN,True,49,7,MAIN,15,RESOURCE_MANAGEMENT,PLAY_ITEM,1152,PLAY,2,0,678,260,440,3,True,5,4,True,True,2,2,1,648,320,6,648,320,6,False,False,Shadow Bullet,180,False
92203697,1071.9,WIN,True,50,7,TO_HAND,3,RESOURCE_MANAGEMENT,,,CARD,0,0,678,260,440,3,True,5,4,False,True,2,2,1,648,320,6,648,320,6,False,False,Shadow Bullet,180,False
92203697,1071.9,WIN,True,51,7,MAIN,15,RESOURCE_MANAGEMENT,PLAY_SUPPORTER,1229,PLAY,2,0,678,260,440,3,True,5,4,True,True,2,2,1,648,320,6,648,320,6,False,False,Shadow Bullet,180,False
92203697,1071.9,WIN,True,52,7,HEAL,2,RESOURCE_MANAGEMENT,,,CARD,0,0,678,260,440,3,True,5,4,False,True,2,2,1,648,320,6,648,320,6,False,False,Shadow Bullet,180,False
92203697,1071.9,WIN,True,53,7,MAIN,22,BENCH_MANAGEMENT,EVOLVE,,EVOLVE,0,0,678,440,440,3,False,5,4,False,True,2,0,1,648,320,6,648,320,6,False,False,Shadow Bullet,180,False
92203697,1071.9,WIN,True,54,7,ACTIVATE,2,RESOURCE_MANAGEMENT,,,YES,0,0,678,440,440,3,False,5,4,False,True,2,0,1,648,320,6,648,320,6,False,False,Shadow Bullet,180,False
92203697,1071.9,WIN,True,55,7,SWITCH,5,ACTIVE_POKEMON_SELECTION,,,CARD,0,0,678,440,440,3,False,5,4,False,True,2,0,1,648,320,6,646,70,6,False,False,Shadow Bullet,180,False
92203697,1071.9,WIN,True,56,7,MAIN,21,ENERGY_MANAGEMENT,ATTACH_ENERGY,,ATTACH,0,0,678,440,440,3,False,5,4,False,True,2,0,1,646,70,6,646,70,6,False,False,Corkscrew Punch,10,False
92203697,1071.9,WIN,True,57,7,MAIN,4,ATTACK_SELECTION,ATTACK,,ATTACK,1,1,678,440,440,3,False,5,4,False,True,2,1,1,646,70,6,646,0,6,False,False,Corkscrew Punch,10,False
92203697,1071.9,WIN,True,58,7,ATTACH_TO,1,ENERGY_MANAGEMENT,,,CARD,0,0,678,440,440,3,False,5,4,False,True,2,1,1,646,0,6,646,0,6,False,False,Corkscrew Punch,10,False
92203697,1071.9,WIN,True,59,7,ATTACH_FROM,5,ENERGY_MANAGEMENT,,,CARD,0,0,678,440,440,3,False,5,4,False,True,2,1,1,646,0,6,,,6,False,False,Corkscrew Punch,10,False
92203697,1071.9,WIN,True,60,7,TO_HAND,4,RESOURCE_MANAGEMENT,,,,0,0,678,440,440,3,False,5,4,False,True,2,1,2,,,6,648,320,6,,,,,False
92203697,1071.9,WIN,True,61,9,MAIN,6,RESOURCE_MANAGEMENT,PLAY_SUPPORTER,1229,PLAY,1,0,678,260,440,3,True,5,3,False,True,2,1,2,648,320,6,648,320,6,False,False,Shadow Bullet,180,False
92203697,1071.9,WIN,True,62,9,HEAL,2,RESOURCE_MANAGEMENT,,,CARD,0,0,678,260,440,3,True,5,3,False,True,2,1,2,648,320,6,648,320,6,False,False,Shadow Bullet,180,False
92203697,1071.9,WIN,True,63,9,MAIN,10,RESOURCE_MANAGEMENT,ABILITY,,ABILITY,0,0,678,440,440,3,False,5,3,False,True,2,0,2,648,320,6,648,320,6,False,False,Shadow Bullet,180,False
92203697,1071.9,WIN,True,64,9,DISCARD,1,RESOURCE_MANAGEMENT,,,CARD,0,0,678,440,440,3,False,5,3,False,True,2,0,2,648,320,6,648,320,6,False,False,Shadow Bullet,180,False
92203697,1071.9,WIN,True,65,9,MAIN,4,RESOURCE_MANAGEMENT,PLAY_ITEM,1142,PLAY,0,0,678,440,440,3,False,5,3,False,True,2,0,2,648,320,6,648,320,6,False,False,Shadow Bullet,180,False
92203697,1071.9,WIN,True,66,9,TO_HAND,9,RESOURCE_MANAGEMENT,,,CARD,0,0,678,440,440,3,False,5,3,False,True,2,0,2,648,320,6,648,320,6,False,False,Shadow Bullet,180,False
92203697,1071.9,WIN,True,67,9,MAIN,9,ENERGY_MANAGEMENT,ATTACH_ENERGY,,ATTACH,0,0,678,440,440,3,False,5,3,False,True,2,0,2,648,320,6,648,320,6,False,False,Shadow Bullet,180,False
92203697,1071.9,WIN,True,68,9,MAIN,4,TIMING,,,,1,0,678,440,440,3,False,5,3,False,True,2,1,2,648,320,6,648,310,6,False,False,Shadow Bullet,180,False
92203697,1071.9,WIN,True,69,11,MAIN,13,RESOURCE_MANAGEMENT,PLAY_ITEM,1141,PLAY,1,0,678,260,440,3,True,5,3,False,True,2,1,2,648,310,6,648,310,6,False,False,Shadow Bullet,180,False
92203697,1071.9,WIN,True,70,11,MAIN,12,ENERGY_MANAGEMENT,ATTACH_ENERGY,,ATTACH,1,0,678,260,440,3,True,5,3,False,True,2,1,2,648,310,6,648,310,6,False,False,Shadow Bullet,180,False
92203697,1071.9,WIN,True,71,11,MAIN,7,RESOURCE_MANAGEMENT,PLAY_SUPPORTER,1213,PLAY,2,0,678,260,440,3,True,5,3,True,True,2,2,2,648,310,6,648,310,6,False,False,Shadow Bullet,180,False
92203697,1071.9,WIN,True,72,11,MAIN,6,RESOURCE_MANAGEMENT,PLAY_ITEM,1142,PLAY,2,0,678,260,440,3,True,5,3,True,True,2,2,2,648,310,6,648,310,6,False,False,Shadow Bullet,180,False
92203697,1071.9,WIN,True,73,11,TO_HAND,6,RESOURCE_MANAGEMENT,,,CARD,0,0,678,260,440,3,True,5,3,False,True,2,2,2,648,310,6,648,310,6,False,False,Shadow Bullet,180,False
92203697,1071.9,WIN,True,74,11,MAIN,6,RESOURCE_MANAGEMENT,ABILITY,,ABILITY,2,0,678,260,440,3,True,5,3,True,True,2,2,2,648,310,6,648,310,6,False,False,Shadow Bullet,180,False
92203697,1071.9,WIN,True,75,11,DISCARD,1,RESOURCE_MANAGEMENT,,,CARD,0,0,678,260,440,3,True,5,3,False,True,2,2,2,648,310,6,648,310,6,False,False,Shadow Bullet,180,False
92203697,1071.9,WIN,True,76,11,MAIN,6,RESOURCE_MANAGEMENT,PLAY_ITEM,1141,PLAY,2,0,678,260,440,3,True,5,3,True,True,2,2,2,648,310,6,648,310,6,False,False,Shadow Bullet,180,False
92203697,1071.9,WIN,True,77,11,MAIN,5,TIMING,,,,2,0,678,260,440,3,True,5,3,True,True,2,2,2,648,310,6,,,6,False,False,Shadow Bullet,180,False
92203697,1071.9,WIN,True,78,11,TO_HAND,3,RESOURCE_MANAGEMENT,,,,0,0,678,260,440,3,True,5,3,False,True,2,1,2,,,6,648,310,6,,,,,False
92203697,1071.9,WIN,True,79,13,MAIN,23,RESOURCE_MANAGEMENT,ABILITY,,ABILITY,0,0,674,120,150,1,True,5,1,False,True,3,0,3,648,310,6,648,310,6,True,False,Shadow Bullet,180,True
92203697,1071.9,WIN,True,80,13,DISCARD,3,RESOURCE_MANAGEMENT,,,CARD,0,0,674,120,150,1,True,5,1,False,True,3,0,3,648,310,6,648,310,6,True,False,Shadow Bullet,180,False
92203697,1071.9,WIN,True,81,13,MAIN,23,ENERGY_MANAGEMENT,ATTACH_ENERGY,,ATTACH,0,0,674,120,150,1,True,5,1,False,True,3,0,3,648,310,6,648,310,6,True,False,Shadow Bullet,180,False
92203697,1071.9,WIN,True,82,13,MAIN,5,RESOURCE_MANAGEMENT,PLAY_SUPPORTER,1227,PLAY,0,0,674,120,150,1,True,5,1,False,True,3,1,3,648,310,6,648,310,6,True,False,Shadow Bullet,180,False
92203697,1071.9,WIN,True,83,13,MAIN,6,RESOURCE_MANAGEMENT,PLAY_ITEM,1123,PLAY,0,0,674,120,150,1,True,5,1,False,True,3,1,3,648,310,6,648,310,6,True,False,Shadow Bullet,180,False
92203697,1071.9,WIN,True,84,13,SWITCH,5,ACTIVE_POKEMON_SELECTION,,,CARD,0,0,674,120,150,1,True,5,1,False,True,3,1,3,648,310,6,648,310,6,True,False,Shadow Bullet,180,False
92203697,1071.9,WIN,True,85,13,MAIN,8,RESOURCE_MANAGEMENT,PLAY_ITEM,1141,PLAY,2,0,678,250,340,3,True,5,1,True,True,2,2,2,648,310,6,648,310,6,False,False,Shadow Bullet,180,True
92203697,1071.9,WIN,True,86,13,MAIN,7,ATTACK_SELECTION,ATTACK,,ATTACK,2,1,678,250,340,3,True,5,1,True,True,2,2,2,648,310,6,,,6,False,False,Shadow Bullet,180,False
92202781,807.8,LOSS,False,0,,,0,UNKNOWN,,,,0,0,,,,,False,,,False,False,,,0,,,,,,,,,,,False
92202781,807.8,LOSS,False,1,,,0,UNKNOWN,,,,0,0,,,,,False,,,False,False,,,0,,,,,,0,,,,,False
92202781,807.8,LOSS,False,2,0,SETUP_ACTIVE_POKEMON,4,EARLY_GAME_SETUP,,,CARD,0,0,,,,,False,0,0,False,False,,,0,,,0,,,6,,,,,False
92202781,807.8,LOSS,False,3,0,SETUP_BENCH_POKEMON,3,BENCH_MANAGEMENT,,,,0,0,,,,,False,0,6,False,False,,,0,,,6,174,70,6,,,,,False
92202781,807.8,LOSS,False,4,2,MAIN,5,RESOURCE_MANAGEMENT,PLAY_POKEMON,677,PLAY,0,0,676,110,110,1,False,1,6,False,True,1,0,0,174,70,6,174,70,6,False,False,,,False
92202781,807.8,LOSS,False,5,2,MAIN,4,RESOURCE_MANAGEMENT,PLAY_POKEMON,677,PLAY,0,0,676,110,110,1,False,2,6,False,True,1,0,0,174,70,6,174,70,6,False,False,,,False
92202781,807.8,LOSS,False,6,2,MAIN,3,RESOURCE_MANAGEMENT,PLAY_ITEM,1152,PLAY,0,0,676,110,110,1,False,3,6,False,True,1,0,0,174,70,6,174,70,6,False,False,,,False
92202781,807.8,LOSS,False,7,2,TO_HAND,7,RESOURCE_MANAGEMENT,,,CARD,0,0,676,110,110,1,False,3,6,False,True,1,0,0,174,70,6,174,70,6,False,False,,,False
92202781,807.8,LOSS,False,8,2,MAIN,3,RESOURCE_MANAGEMENT,PLAY_POKEMON,676,PLAY,0,0,676,110,110,1,False,3,6,False,True,1,0,0,174,70,6,174,70,6,False,False,,,False
92202781,807.8,LOSS,False,9,2,MAIN,2,RESOURCE_MANAGEMENT,PLAY_SUPPORTER,1213,PLAY,0,0,676,110,110,1,False,4,6,False,True,1,0,0,174,70,6,174,70,6,False,False,,,False
92202781,807.8,LOSS,False,10,2,MAIN,8,RESOURCE_MANAGEMENT,ABILITY,,ABILITY,0,0,676,110,110,1,False,4,6,False,True,1,0,0,174,70,6,174,70,6,False,False,,,False
92202781,807.8,LOSS,False,11,2,DISCARD,1,RESOURCE_MANAGEMENT,,,CARD,0,0,676,110,110,1,False,4,6,False,True,1,0,0,174,70,6,174,70,6,False,False,,,False
92202781,807.8,LOSS,False,12,2,MAIN,12,ENERGY_MANAGEMENT,ATTACH_ENERGY,,ATTACH,0,0,676,110,110,1,False,4,6,False,True,1,0,0,174,70,6,174,70,6,False,False,,,False
92202781,807.8,LOSS,False,13,2,MAIN,4,ATTACK_SELECTION,ATTACK,,ATTACK,1,1,676,110,110,1,False,4,6,True,True,1,1,0,174,70,6,,,6,False,False,,,False
92202781,807.8,LOSS,False,14,2,TO_HAND,6,RESOURCE_MANAGEMENT,,,,0,0,676,110,110,1,False,4,6,False,True,1,1,0,,,6,849,330,6,,,,,False
92202781,807.8,LOSS,False,15,4,MAIN,15,BENCH_MANAGEMENT,EVOLVE,,EVOLVE,1,0,676,110,110,1,False,4,5,True,True,1,1,0,849,330,6,849,330,6,False,False,,,False
92202781,807.8,LOSS,False,16,4,MAIN,13,RETREAT_SELECTION,RETREAT,,RETREAT,1,0,676,110,110,1,False,4,5,True,True,1,1,0,849,330,6,849,330,6,False,False,,,False
92202781,807.8,LOSS,False,17,4,DISCARD_ENERGY,1,ENERGY_MANAGEMENT,,,ENERGY,0,0,676,110,110,1,False,4,5,False,True,1,1,0,849,330,6,849,330,6,False,False,,,False
92202781,807.8,LOSS,False,18,4,SWITCH,4,ACTIVE_POKEMON_SELECTION,,,CARD,0,0,676,110,110,1,False,4,5,False,True,1,0,0,849,330,6,849,330,6,False,False,,,False
92202781,807.8,LOSS,False,19,4,MAIN,11,ENERGY_MANAGEMENT,ATTACH_ENERGY,,ATTACH,0,0,678,340,340,3,False,4,5,False,True,2,0,0,849,330,6,849,330,6,False,False,,,True
92202781,807.8,LOSS,False,20,4,MAIN,6,RESOURCE_MANAGEMENT,PLAY_ITEM,1121,PLAY,1,0,678,340,340,3,False,4,5,False,True,2,1,0,849,330,6,849,330,6,False,False,,,False
92202781,807.8,LOSS,False,21,4,DISCARD,4,RESOURCE_MANAGEMENT,,,CARD;CARD,0,0,678,340,340,3,False,4,5,False,True,2,1,0,849,330,6,849,330,6,False,False,,,False
92202781,807.8,LOSS,False,22,4,TO_HAND,8,RESOURCE_MANAGEMENT,,,CARD,0,0,678,340,340,3,False,4,5,False,True,2,1,0,849,330,6,849,330,6,False,False,,,False
92202781,807.8,LOSS,False,23,4,MAIN,5,RESOURCE_MANAGEMENT,PLAY_POKEMON,673,PLAY,1,0,678,340,340,3,False,4,5,False,True,2,1,0,849,330,6,849,330,6,False,False,,,False
92202781,807.8,LOSS,False,24,4,MAIN,4,ATTACK_SELECTION,ATTACK,,ATTACK,1,1,678,340,340,3,False,5,5,False,True,2,1,0,849,330,6,849,70,6,False,False,,,False
92202781,807.8,LOSS,False,25,4,ATTACH_TO,2,ENERGY_MANAGEMENT,,,CARD;CARD,0,0,678,340,340,3,False,5,5,False,True,2,1,0,849,70,6,849,70,6,False,False,,,False
92202781,807.8,LOSS,False,26,4,ATTACH_FROM,5,ENERGY_MANAGEMENT,,,CARD,0,0,678,340,340,3,False,5,5,False,True,2,1,0,849,70,6,849,70,6,False,False,,,False
92202781,807.8,LOSS,False,27,4,ATTACH_FROM,5,ENERGY_MANAGEMENT,,,,0,0,678,340,340,3,False,5,5,False,True,2,1,1,849,70,6,848,70,6,False,False,,,False
92202781,807.8,LOSS,False,28,6,MAIN,5,ATTACK_SELECTION,ATTACK,,ATTACK,1,1,678,340,340,3,False,5,5,False,True,2,1,1,848,70,6,,,6,False,False,,,False
92202781,807.8,LOSS,False,29,6,TO_HAND,5,RESOURCE_MANAGEMENT,,,,0,0,678,340,340,3,False,5,5,False,True,2,1,1,,,6,861,310,6,,,,,False
92202781,807.8,LOSS,False,30,8,MAIN,6,RESOURCE_MANAGEMENT,PLAY_ITEM,1152,PLAY,1,0,678,140,340,3,True,5,4,False,True,2,1,1,861,310,6,861,310,6,False,False,Resentful Refrain,0,False
92202781,807.8,LOSS,False,31,8,TO_HAND,3,RESOURCE_MANAGEMENT,,,CARD,0,0,678,140,340,3,True,5,4,False,True,2,1,1,861,310,6,861,310,6,False,False,Resentful Refrain,0,False
92202781,807.8,LOSS,False,32,8,MAIN,6,BENCH_MANAGEMENT,EVOLVE,,EVOLVE,1,0,678,140,340,3,True,5,4,False,True,2,1,1,861,310,6,861,310,6,False,False,Resentful Refrain,0,False
92202781,807.8,LOSS,False,33,8,ACTIVATE,2,RESOURCE_MANAGEMENT,,,YES,0,0,678,140,340,3,True,5,4,False,True,2,1,1,861,310,6,861,310,6,False,False,Resentful Refrain,0,False
92202781,807.8,LOSS,False,34,8,SWITCH,5,ACTIVE_POKEMON_SELECTION,,,CARD,0,0,678,140,340,3,True,5,4,False,True,2,1,1,861,310,6,849,70,6,False,False,Resentful Refrain,0,False
92202781,807.8,LOSS,False,35,8,MAIN,5,ATTACK_SELECTION,ATTACK,,ATTACK,1,1,678,140,340,3,True,5,4,False,True,2,1,1,849,70,6,,,6,False,False,,,False
92202781,807.8,LOSS,False,36,8,TO_HAND,4,RESOURCE_MANAGEMENT,,,,0,0,678,140,340,3,True,5,4,False,True,2,1,1,,,6,861,310,3,,,,,False
92202781,807.8,LOSS,False,37,9,TO_ACTIVE,5,ACTIVE_POKEMON_SELECTION,,,CARD,0,0,,,,,False,5,1,False,True,,,1,861,310,3,861,310,3,,,,,True
92202781,807.8,LOSS,False,38,10,MAIN,8,BENCH_MANAGEMENT,EVOLVE,,EVOLVE,0,0,676,110,110,1,False,4,1,False,True,1,0,1,861,310,3,861,310,3,False,False,Resentful Refrain,0,False
92202781,807.8,LOSS,False,39,10,MAIN,7,RESOURCE_MANAGEMENT,PLAY_SUPPORTER,1227,PLAY,0,0,676,110,110,1,False,4,1,False,True,1,0,1,861,310,3,861,310,3,False,False,Resentful Refrain,0,False
92202781,807.8,LOSS,False,40,10,MAIN,20,RESOURCE_MANAGEMENT,PLAY_ITEM,1142,PLAY,0,0,676,110,110,1,False,4,1,False,True,1,0,1,861,310,3,861,310,3,False,False,Resentful Refrain,0,False
92202781,807.8,LOSS,False,41,10,TO_HAND,10,RESOURCE_MANAGEMENT,,,CARD,0,0,676,110,110,1,False,4,1,False,True,1,0,1,861,310,3,861,310,3,False,False,Resentful Refrain,0,False
92202781,807.8,LOSS,False,42,10,MAIN,20,RESOURCE_MANAGEMENT,PLAY_POKEMON,677,PLAY,0,0,676,110,110,1,False,4,1,False,True,1,0,1,861,310,3,861,310,3,False,False,Resentful Refrain,0,False
92202781,807.8,LOSS,False,43,10,MAIN,22,RESOURCE_MANAGEMENT,ABILITY,,ABILITY,0,0,676,110,110,1,False,5,1,False,True,1,0,1,861,310,3,861,310,3,False,False,Resentful Refrain,0,False
92202781,807.8,LOSS,False,44,10,DISCARD,3,RESOURCE_MANAGEMENT,,,CARD,0,0,676,110,110,1,False,5,1,False,True,1,0,1,861,310,3,861,310,3,False,False,Resentful Refrain,0,False
92202781,807.8,LOSS,False,45,10,MAIN,21,RESOURCE_MANAGEMENT,PLAY_ITEM,1121,PLAY,0,0,676,110,110,1,False,5,1,False,True,1,0,1,861,310,3,861,310,3,False,False,Resentful Refrain,0,False
92202781,807.8,LOSS,False,46,10,DISCARD,6,RESOURCE_MANAGEMENT,,,CARD;CARD,0,0,676,110,110,1,False,5,1,False,True,1,0,1,861,310,3,861,310,3,False,False,Resentful Refrain,0,False
92202781,807.8,LOSS,False,47,10,TO_HAND,5,RESOURCE_MANAGEMENT,,,,0,0,676,110,110,1,False,5,1,False,True,1,0,1,861,310,3,861,310,3,False,False,Resentful Refrain,0,False
92202781,807.8,LOSS,False,48,10,MAIN,20,ENERGY_MANAGEMENT,ATTACH_ENERGY,,ATTACH,0,0,676,110,110,1,False,5,1,False,True,1,0,1,861,310,3,861,310,3,False,False,Resentful Refrain,0,False
92202781,807.8,LOSS,False,49,10,MAIN,4,RETREAT_SELECTION,RETREAT,,RETREAT,1,0,676,110,110,1,False,5,1,True,True,1,1,1,861,310,3,861,310,3,False,False,Resentful Refrain,0,False
92202781,807.8,LOSS,False,50,10,DISCARD_ENERGY,1,ENERGY_MANAGEMENT,,,ENERGY,0,0,676,110,110,1,False,5,1,False,True,1,1,1,861,310,3,861,310,3,False,False,Resentful Refrain,0,False
92202781,807.8,LOSS,False,51,10,SWITCH,5,ACTIVE_POKEMON_SELECTION,,,CARD,0,0,676,110,110,1,False,5,1,False,True,1,0,1,861,310,3,861,310,3,False,False,Resentful Refrain,0,False
92202781,807.8,LOSS,False,52,10,MAIN,4,ATTACK_SELECTION,ATTACK,,ATTACK,2,1,678,340,340,3,False,5,1,False,True,2,2,0,861,310,3,861,180,3,False,False,Resentful Refrain,0,True
92202781,807.8,LOSS,False,53,10,ATTACH_TO,3,ENERGY_MANAGEMENT,,,CARD;CARD;CARD,0,0,678,340,340,3,False,5,1,False,True,2,2,0,861,180,3,861,180,3,False,False,Resentful Refrain,0,False
92202781,807.8,LOSS,False,54,10,ATTACH_FROM,5,ENERGY_MANAGEMENT,,,CARD,0,0,678,340,340,3,False,5,1,False,True,2,2,0,861,180,3,861,180,3,False,False,Resentful Refrain,0,False
92202781,807.8,LOSS,False,55,10,ATTACH_FROM,5,ENERGY_MANAGEMENT,,,CARD,0,0,678,340,340,3,False,5,1,False,True,2,2,1,861,180,3,861,180,3,False,False,Resentful Refrain,0,False
92202781,807.8,LOSS,False,56,10,ATTACH_FROM,5,ENERGY_MANAGEMENT,,,,0,0,678,340,340,3,False,5,1,False,True,2,2,1,861,180,3,861,310,3,False,False,Resentful Refrain,0,False
92202781,807.8,LOSS,False,57,12,MAIN,19,RESOURCE_MANAGEMENT,ABILITY,,ABILITY,2,0,678,190,340,3,True,5,1,True,True,2,2,1,861,310,3,861,310,3,False,False,Resentful Refrain,0,False
92202781,807.8,LOSS,False,58,12,DISCARD,2,RESOURCE_MANAGEMENT,,,CARD,0,0,678,190,340,3,True,5,1,False,True,2,2,1,861,310,3,861,310,3,False,False,Resentful Refrain,0,False
92202781,807.8,LOSS,False,59,12,MAIN,19,RESOURCE_MANAGEMENT,PLAY_ITEM,1123,PLAY,2,0,678,190,340,3,True,5,1,True,True,2,2,1,861,310,3,861,310,3,False,False,Resentful Refrain,0,False
92202781,807.8,LOSS,False,60,12,SWITCH,5,ACTIVE_POKEMON_SELECTION,,,CARD,0,0,678,190,340,3,True,5,1,False,True,2,2,1,861,310,3,861,310,3,False,False,Resentful Refrain,0,False
92202781,807.8,LOSS,False,61,12,MAIN,15,RESOURCE_MANAGEMENT,PLAY_ITEM,1121,PLAY,0,0,676,110,110,1,False,5,1,False,True,1,0,2,861,310,3,861,310,3,False,False,Resentful Refrain,0,True
92202781,807.8,LOSS,False,62,12,DISCARD,4,RESOURCE_MANAGEMENT,,,CARD;CARD,0,0,676,110,110,1,False,5,1,False,True,1,0,2,861,310,3,861,310,3,False,False,Resentful Refrain,0,False
92202781,807.8,LOSS,False,63,12,TO_HAND,4,RESOURCE_MANAGEMENT,,,CARD,0,0,676,110,110,1,False,5,1,False,True,1,0,2,861,310,3,861,310,3,False,False,Resentful Refrain,0,False
92202781,807.8,LOSS,False,64,12,MAIN,9,BENCH_MANAGEMENT,EVOLVE,,EVOLVE,0,0,676,110,110,1,False,5,1,False,True,1,0,2,861,310,3,861,310,3,False,False,Resentful Refrain,0,False
92202781,807.8,LOSS,False,65,12,MAIN,8,ENERGY_MANAGEMENT,ATTACH_ENERGY,,ATTACH,0,0,676,110,110,1,False,5,1,False,True,1,0,2,861,310,3,861,310,3,False,False,Resentful Refrain,0,False
92202781,807.8,LOSS,False,66,12,MAIN,4,RESOURCE_MANAGEMENT,PLAY_ITEM,1152,PLAY,1,0,676,110,110,1,False,5,1,True,True,1,1,2,861,310,3,861,310,3,False,False,Resentful Refrain,0,False
92202781,807.8,LOSS,False,67,12,TO_HAND,2,RESOURCE_MANAGEMENT,,,,0,0,676,110,110,1,False,5,1,False,True,1,1,2,861,310,3,861,310,3,False,False,Resentful Refrain,0,False
92202781,807.8,LOSS,False,68,12,MAIN,3,TIMING,,,,1,0,676,110,110,1,False,5,1,True,True,1,1,2,861,310,3,861,310,3,False,False,Resentful Refrain,0,False
92202781,807.8,LOSS,False,69,14,MAIN,10,RESOURCE_MANAGEMENT,ABILITY,,ABILITY,1,0,676,110,110,1,False,5,1,True,True,1,1,2,861,310,3,861,310,3,False,False,Resentful Refrain,0,False
92202781,807.8,LOSS,False,70,14,DISCARD,1,RESOURCE_MANAGEMENT,,,CARD,0,0,676,110,110,1,False,5,1,False,True,1,1,2,861,310,3,861,310,3,False,False,Resentful Refrain,0,False
92202781,807.8,LOSS,False,71,14,MAIN,6,RESOURCE_MANAGEMENT,PLAY_ITEM,1141,PLAY,1,0,676,110,110,1,False,5,1,True,True,1,1,2,861,310,3,861,310,3,False,False,Resentful Refrain,0,False
92202781,807.8,LOSS,False,72,14,MAIN,5,RESOURCE_MANAGEMENT,PLAY_ITEM,1142,PLAY,1,0,676,110,110,1,False,5,1,True,True,1,1,2,861,310,3,861,310,3,False,False,Resentful Refrain,0,False
92202781,807.8,LOSS,False,73,14,TO_HAND,5,RESOURCE_MANAGEMENT,,,CARD,0,0,676,110,110,1,False,5,1,False,True,1,1,2,861,310,3,861,310,3,False,False,Resentful Refrain,0,False
92202781,807.8,LOSS,False,74,14,MAIN,10,RETREAT_SELECTION,RETREAT,,RETREAT,1,0,676,110,110,1,False,5,1,True,True,1,1,2,861,310,3,861,310,3,False,False,Resentful Refrain,0,False
92202781,807.8,LOSS,False,75,14,DISCARD_ENERGY,1,ENERGY_MANAGEMENT,,,ENERGY,0,0,676,110,110,1,False,5,1,False,True,1,1,2,861,310,3,861,310,3,False,False,Resentful Refrain,0,False
92202781,807.8,LOSS,False,76,14,SWITCH,5,ACTIVE_POKEMON_SELECTION,,,CARD,0,0,676,110,110,1,False,5,1,False,True,1,0,2,861,310,3,861,310,3,False,False,Resentful Refrain,0,False
92202781,807.8,LOSS,False,77,14,MAIN,9,ENERGY_MANAGEMENT,ATTACH_ENERGY,,ATTACH,1,0,678,340,340,3,False,5,1,False,True,2,1,1,861,310,3,861,310,3,False,False,Resentful Refrain,0,True
92202781,807.8,LOSS,False,78,14,MAIN,4,RESOURCE_MANAGEMENT,PLAY_SUPPORTER,1213,PLAY,2,0,678,340,340,3,False,5,1,False,True,2,2,1,861,310,3,861,310,3,False,False,Resentful Refrain,0,False
92202781,807.8,LOSS,False,79,14,MAIN,3,ATTACK_SELECTION,ATTACK,,ATTACK,2,1,678,340,340,3,False,5,1,False,True,2,2,1,861,310,3,861,150,3,False,False,Resentful Refrain,0,False
92202781,807.8,LOSS,False,80,14,ATTACH_TO,4,ENERGY_MANAGEMENT,,,CARD;CARD;CARD,0,0,678,340,340,3,False,5,1,False,True,2,2,1,861,150,3,861,150,3,False,False,Resentful Refrain,0,False
92202781,807.8,LOSS,False,81,14,ATTACH_FROM,5,ENERGY_MANAGEMENT,,,CARD,0,0,678,340,340,3,False,5,1,False,True,2,2,1,861,150,3,861,150,3,False,False,Resentful Refrain,0,False
92202781,807.8,LOSS,False,82,14,ATTACH_FROM,5,ENERGY_MANAGEMENT,,,CARD,0,0,678,340,340,3,False,5,1,False,True,2,2,2,861,150,3,861,150,3,False,False,Resentful Refrain,0,False
92201815,1147.8,LOSS,True,0,,,0,UNKNOWN,,,,0,0,,,,,False,,,False,False,,,0,,,,,,,,,,,False
92201815,1147.8,LOSS,True,1,,,0,UNKNOWN,,,,0,0,,,,,False,,,False,False,,,0,,,,,,0,,,,,False
92201815,1147.8,LOSS,True,2,0,IS_FIRST,2,GOING_FIRST_SECOND,,,YES,0,0,,,,,False,0,0,False,False,,,0,,,0,,,0,,,,,False
92201815,1147.8,LOSS,True,3,0,SETUP_ACTIVE_POKEMON,2,EARLY_GAME_SETUP,,,,0,0,,,,,False,0,0,False,False,,,0,,,0,,,6,,,,,False
92201815,1147.8,LOSS,True,4,0,SETUP_BENCH_POKEMON,1,BENCH_MANAGEMENT,,,,0,0,,,,,False,0,6,False,False,,,0,,,6,343,80,6,,,,,False
92201815,1147.8,LOSS,True,5,1,MAIN,5,RESOURCE_MANAGEMENT,PLAY_POKEMON,677,PLAY,0,0,677,80,80,1,False,0,6,False,False,2,0,0,343,80,6,343,80,6,False,False,,,False
92201815,1147.8,LOSS,True,6,1,MAIN,5,ENERGY_MANAGEMENT,ATTACH_ENERGY,,ATTACH,0,0,677,80,80,1,False,1,6,False,True,2,0,0,343,80,6,343,80,6,False,False,,,False
92201815,1147.8,LOSS,True,7,1,MAIN,3,RESOURCE_MANAGEMENT,PLAY_ITEM,1142,PLAY,0,0,677,80,80,1,False,1,6,False,True,2,1,0,343,80,6,343,80,6,False,False,,,False
92201815,1147.8,LOSS,True,8,1,TO_HAND,19,RESOURCE_MANAGEMENT,,,CARD,0,0,677,80,80,1,False,1,6,False,True,2,1,0,343,80,6,343,80,6,False,False,,,False
92201815,1147.8,LOSS,True,9,1,MAIN,3,RESOURCE_MANAGEMENT,PLAY_POKEMON,673,PLAY,0,0,677,80,80,1,False,1,6,False,True,2,1,0,343,80,6,343,80,6,False,False,,,False
92201815,1147.8,LOSS,True,10,1,MAIN,2,TIMING,,,,0,0,677,80,80,1,False,2,6,False,True,2,1,0,343,80,6,343,80,6,False,False,,,False
92201815,1147.8,LOSS,True,11,3,MAIN,10,BENCH_MANAGEMENT,EVOLVE,,EVOLVE,1,0,677,80,80,1,False,2,6,False,True,2,1,0,343,80,6,343,80,6,False,False,,,False
92201815,1147.8,LOSS,True,12,3,MAIN,8,ENERGY_MANAGEMENT,ATTACH_ENERGY,,ATTACH,1,0,678,340,340,3,False,2,6,False,True,2,1,0,343,80,6,343,80,6,False,False,,,True
92201815,1147.8,LOSS,True,13,3,MAIN,7,RESOURCE_MANAGEMENT,PLAY_SUPPORTER,1227,PLAY,2,0,678,340,340,3,False,2,6,True,True,2,2,0,343,80,6,343,80,6,False,False,,,False
92201815,1147.8,LOSS,True,14,3,MAIN,7,RESOURCE_MANAGEMENT,PLAY_POKEMON,676,PLAY,2,0,678,340,340,3,False,2,6,True,True,2,2,0,343,80,6,343,80,6,False,False,,,False
92201815,1147.8,LOSS,True,15,3,MAIN,6,BENCH_MANAGEMENT,EVOLVE,,EVOLVE,2,0,678,340,340,3,False,3,6,True,True,2,2,0,343,80,6,343,80,6,False,False,,,False
92201815,1147.8,LOSS,True,16,3,MAIN,5,ATTACK_SELECTION,ATTACK,,ATTACK,2,1,678,340,340,3,False,3,6,True,True,2,2,0,343,80,6,,,6,False,False,,,False
92201815,1147.8,LOSS,True,17,3,TO_HAND,6,RESOURCE_MANAGEMENT,,,,0,0,678,340,340,3,False,3,6,False,True,2,2,0,,,6,326,320,6,,,,,False
92201815,1147.8,LOSS,True,18,5,MAIN,10,RESOURCE_MANAGEMENT,PLAY_ITEM,1152,PLAY,2,0,678,140,340,3,True,3,5,True,True,2,2,0,326,320,6,326,320,6,True,False,Smolder-sault,200,False
92201815,1147.8,LOSS,True,19,5,TO_HAND,7,RESOURCE_MANAGEMENT,,,CARD,0,0,678,140,340,3,True,3,5,False,True,2,2,0,326,320,6,326,320,6,True,False,Smolder-sault,200,False
92201815,1147.8,LOSS,True,20,5,MAIN,10,RESOURCE_MANAGEMENT,PLAY_POKEMON,675,PLAY,2,0,678,140,340,3,True,3,5,True,True,2,2,0,326,320,6,326,320,6,True,False,Smolder-sault,200,False
92201815,1147.8,LOSS,True,21,5,MAIN,11,RESOURCE_MANAGEMENT,ABILITY,,ABILITY,2,0,678,140,340,3,True,4,5,True,True,2,2,0,326,320,6,326,320,6,True,False,Smolder-sault,200,False
92201815,1147.8,LOSS,True,22,5,DISCARD,1,RESOURCE_MANAGEMENT,,,CARD,0,0,678,140,340,3,True,4,5,False,True,2,2,0,326,320,6,326,320,6,True,False,Smolder-sault,200,False
92201815,1147.8,LOSS,True,23,5,MAIN,11,ENERGY_MANAGEMENT,ATTACH_ENERGY,,ATTACH,2,0,678,140,340,3,True,4,5,True,True,2,2,0,326,320,6,326,320,6,True,False,Smolder-sault,200,False
92201815,1147.8,LOSS,True,24,5,MAIN,6,RETREAT_SELECTION,RETREAT,,RETREAT,2,0,678,140,340,3,True,4,5,True,True,2,2,1,326,320,6,326,320,6,True,False,Smolder-sault,200,False
92201815,1147.8,LOSS,True,25,5,DISCARD_ENERGY,2,ENERGY_MANAGEMENT,,,ENERGY,0,0,678,140,340,3,True,4,5,False,True,2,2,1,326,320,6,326,320,6,True,False,Smolder-sault,200,False
92201815,1147.8,LOSS,True,26,5,DISCARD_ENERGY,1,ENERGY_MANAGEMENT,,,ENERGY,0,0,678,140,340,3,True,4,5,False,True,2,1,1,326,320,6,326,320,6,True,False,Smolder-sault,200,False
92201815,1147.8,LOSS,True,27,5,SWITCH,4,ACTIVE_POKEMON_SELECTION,,,CARD,0,0,678,140,340,3,True,4,5,False,True,2,0,1,326,320,6,326,320,6,True,False,Smolder-sault,200,False
92201815,1147.8,LOSS,True,28,5,MAIN,4,BENCH_MANAGEMENT,EVOLVE,,EVOLVE,1,0,678,340,340,3,False,4,5,False,True,2,1,0,326,320,6,326,320,6,False,False,Smolder-sault,200,False
92201815,1147.8,LOSS,True,29,5,ACTIVATE,2,RESOURCE_MANAGEMENT,,,YES,0,0,678,340,340,3,False,4,5,False,True,2,1,0,326,320,6,326,320,6,False,False,Smolder-sault,200,False
92201815,1147.8,LOSS,True,30,5,SWITCH,5,ACTIVE_POKEMON_SELECTION,,,CARD,0,0,678,340,340,3,False,4,5,False,True,2,1,0,326,320,6,140,210,6,False,False,Smolder-sault,200,False
92201815,1147.8,LOSS,True,31,5,MAIN,3,ATTACK_SELECTION,ATTACK,,ATTACK,1,1,678,340,340,3,False,4,5,False,True,2,1,0,140,210,6,140,0,6,False,False,,,False
92201815,1147.8,LOSS,True,32,5,ATTACH_TO,3,ENERGY_MANAGEMENT,,,CARD;CARD;CARD,0,0,678,340,340,3,False,4,5,False,True,2,1,0,140,0,6,140,0,6,False,False,,,False
92201815,1147.8,LOSS,True,33,5,ATTACH_FROM,4,ENERGY_MANAGEMENT,,,CARD,0,0,678,340,340,3,False,4,5,False,True,2,1,0,140,0,6,140,0,6,False,False,,,False
92201815,1147.8,LOSS,True,34,5,ATTACH_FROM,4,ENERGY_MANAGEMENT,,,CARD,0,0,678,340,340,3,False,4,5,False,True,2,1,0,140,0,6,140,0,6,False,False,,,False
92201815,1147.8,LOSS,True,35,5,ATTACH_FROM,4,ENERGY_MANAGEMENT,,,CARD,0,0,678,340,340,3,False,4,5,False,True,2,1,0,140,0,6,,,6,False,False,,,False
92201815,1147.8,LOSS,True,36,5,TO_HAND,5,RESOURCE_MANAGEMENT,,,,0,0,678,340,340,3,False,4,5,False,True,2,1,1,,,6,272,190,3,,,,,False
92201815,1147.8,LOSS,True,37,6,TO_ACTIVE,4,ACTIVE_POKEMON_SELECTION,,,CARD,0,0,,,,,False,4,3,False,True,,,1,272,190,3,272,190,3,,,,,True
92201815,1147.8,LOSS,True,38,7,MAIN,10,RESOURCE_MANAGEMENT,ABILITY,,ABILITY,1,0,674,150,150,1,False,3,3,True,True,3,3,0,272,190,3,272,190,3,False,False,Full Moon Rondo,20,False
92201815,1147.8,LOSS,True,39,7,DISCARD,1,RESOURCE_MANAGEMENT,,,CARD,0,0,674,150,150,1,False,3,3,False,True,3,3,0,272,190,3,272,190,3,False,False,Full Moon Rondo,20,False
92201815,1147.8,LOSS,True,40,7,MAIN,8,RESOURCE_MANAGEMENT,PLAY_ITEM,1141,PLAY,1,0,674,150,150,1,False,3,3,True,True,3,3,0,272,190,3,272,190,3,False,False,Full Moon Rondo,20,False
92201815,1147.8,LOSS,True,41,7,MAIN,7,RESOURCE_MANAGEMENT,PLAY_ITEM,1152,PLAY,1,0,674,150,150,1,False,3,3,True,True,3,3,0,272,190,3,272,190,3,False,False,Full Moon Rondo,20,False
92201815,1147.8,LOSS,True,42,7,TO_HAND,6,RESOURCE_MANAGEMENT,,,CARD,0,0,674,150,150,1,False,3,3,False,True,3,3,0,272,190,3,272,190,3,False,False,Full Moon Rondo,20,False
92201815,1147.8,LOSS,True,43,7,MAIN,7,RESOURCE_MANAGEMENT,PLAY_POKEMON,677,PLAY,1,0,674,150,150,1,False,3,3,True,True,3,3,0,272,190,3,272,190,3,False,False,Full Moon Rondo,20,False
92201815,1147.8,LOSS,True,44,7,MAIN,6,RESOURCE_MANAGEMENT,PLAY_ITEM,1142,PLAY,1,0,674,150,150,1,False,4,3,True,True,3,3,0,272,190,3,272,190,3,False,False,Full Moon Rondo,20,False
92201815,1147.8,LOSS,True,45,7,TO_HAND,11,RESOURCE_MANAGEMENT,,,CARD,0,0,674,150,150,1,False,4,3,False,True,3,3,0,272,190,3,272,190,3,False,False,Full Moon Rondo,20,False
92201815,1147.8,LOSS,True,46,7,MAIN,10,ENERGY_MANAGEMENT,ATTACH_ENERGY,,ATTACH,1,0,674,150,150,1,False,4,3,True,True,3,3,0,272,190,3,272,190,3,False,False,Full Moon Rondo,20,False
92201815,1147.8,LOSS,True,47,7,MAIN,5,RESOURCE_MANAGEMENT,PLAY_SUPPORTER,1213,PLAY,1,0,674,150,150,1,False,4,3,True,True,3,3,1,272,190,3,272,190,3,False,False,Full Moon Rondo,20,False
92201815,1147.8,LOSS,True,48,7,MAIN,5,ATTACK_SELECTION,ATTACK,,ATTACK,1,1,674,150,150,1,False,4,3,True,True,3,3,1,272,190,3,,,3,False,False,Full Moon Rondo,20,False
92200876,1089.0,WIN,True,0,,,0,UNKNOWN,,,,0,0,,,,,False,,,False,False,,,0,,,,,,,,,,,False
92200876,1089.0,WIN,True,1,,,0,UNKNOWN,,,,0,0,,,,,False,,,False,False,,,0,,,,,,0,,,,,False
92200876,1089.0,WIN,True,2,0,IS_FIRST,2,GOING_FIRST_SECOND,,,YES,0,0,,,,,False,0,0,False,False,,,0,,,0,,,0,,,,,False
92200876,1089.0,WIN,True,3,0,SETUP_ACTIVE_POKEMON,1,EARLY_GAME_SETUP,,,,0,0,,,,,False,0,0,False,False,,,0,,,0,676,110,6,,,,,False
92200876,1089.0,WIN,True,4,1,MAIN,6,RESOURCE_MANAGEMENT,PLAY_ITEM,1142,PLAY,0,0,675,110,110,1,False,0,6,False,False,1,0,0,676,110,6,676,110,6,False,False,,,False
92200876,1089.0,WIN,True,5,1,TO_HAND,15,RESOURCE_MANAGEMENT,,,CARD,0,0,675,110,110,1,False,0,6,False,False,1,0,0,676,110,6,676,110,6,False,False,,,False
92200876,1089.0,WIN,True,6,1,MAIN,6,RESOURCE_MANAGEMENT,PLAY_POKEMON,676,PLAY,0,0,675,110,110,1,False,0,6,False,False,1,0,0,676,110,6,676,110,6,False,False,,,False
92200876,1089.0,WIN,True,7,1,MAIN,9,RESOURCE_MANAGEMENT,ABILITY,,ABILITY,0,0,675,110,110,1,False,1,6,False,True,1,0,0,676,110,6,676,110,6,False,False,,,False
92200876,1089.0,WIN,True,8,1,DISCARD,3,RESOURCE_MANAGEMENT,,,CARD,0,0,675,110,110,1,False,1,6,False,True,1,0,0,676,110,6,676,110,6,False,False,,,False
92200876,1089.0,WIN,True,9,1,MAIN,9,RESOURCE_MANAGEMENT,PLAY_ITEM,1152,PLAY,0,0,675,110,110,1,False,1,6,False,True,1,0,0,676,110,6,676,110,6,False,False,,,False
92200876,1089.0,WIN,True,10,1,TO_HAND,6,RESOURCE_MANAGEMENT,,,CARD,0,0,675,110,110,1,False,1,6,False,True,1,0,0,676,110,6,676,110,6,False,False,,,False
92200876,1089.0,WIN,True,11,1,MAIN,9,RESOURCE_MANAGEMENT,PLAY_POKEMON,677,PLAY,0,0,675,110,110,1,False,1,6,False,True,1,0,0,676,110,6,676,110,6,False,False,,,False
92200876,1089.0,WIN,True,12,1,MAIN,11,ENERGY_MANAGEMENT,ATTACH_ENERGY,,ATTACH,0,0,675,110,110,1,False,2,6,False,True,1,0,0,676,110,6,676,110,6,False,False,,,False
92200876,1089.0,WIN,True,13,1,MAIN,2,RESOURCE_MANAGEMENT,PLAY_ITEM,1121,PLAY,0,0,675,110,110,1,False,2,6,False,True,1,0,1,676,110,6,676,110,6,False,False,,,False
92200876,1089.0,WIN,True,14,1,DISCARD,5,RESOURCE_MANAGEMENT,,,CARD;CARD,0,0,675,110,110,1,False,2,6,False,True,1,0,1,676,110,6,676,110,6,False,False,,,False
92200876,1089.0,WIN,True,15,1,TO_HAND,8,RESOURCE_MANAGEMENT,,,CARD,0,0,675,110,110,1,False,2,6,False,True,1,0,1,676,110,6,676,110,6,False,False,,,False
92200876,1089.0,WIN,True,16,1,MAIN,2,RESOURCE_MANAGEMENT,PLAY_POKEMON,677,PLAY,0,0,675,110,110,1,False,2,6,False,True,1,0,1,676,110,6,676,110,6,False,False,,,False
92200876,1089.0,WIN,True,17,1,MAIN,1,TIMING,,,,0,0,675,110,110,1,False,3,6,False,True,1,0,1,676,110,6,676,110,6,False,False,,,False
92200876,1089.0,WIN,True,18,3,MAIN,10,BENCH_MANAGEMENT,EVOLVE,,EVOLVE,0,0,675,110,110,1,False,3,6,False,True,1,0,1,676,110,6,676,110,6,False,False,,,False
92200876,1089.0,WIN,True,19,3,MAIN,8,ENERGY_MANAGEMENT,ATTACH_ENERGY,,ATTACH,0,0,675,110,110,1,False,3,6,False,True,1,0,1,676,110,6,676,110,6,False,False,,,False
92200876,1089.0,WIN,True,20,3,MAIN,4,RESOURCE_MANAGEMENT,PLAY_SUPPORTER,1227,PLAY,0,0,675,110,110,1,False,3,6,True,True,1,1,1,676,110,6,676,110,6,False,False,,,False
92200876,1089.0,WIN,True,21,3,MAIN,6,RETREAT_SELECTION,RETREAT,,RETREAT,0,0,675,110,110,1,False,3,6,True,True,1,1,1,676,110,6,676,110,6,False,False,,,False
92200876,1089.0,WIN,True,22,3,DISCARD_ENERGY,1,ENERGY_MANAGEMENT,,,ENERGY,0,0,675,110,110,1,False,3,6,False,True,1,1,1,676,110,6,676,110,6,False,False,,,False
92200876,1089.0,WIN,True,23,3,SWITCH,3,ACTIVE_POKEMON_SELECTION,,,CARD,0,0,675,110,110,1,False,3,6,False,True,1,0,1,676,110,6,676,110,6,False,False,,,False
92200876,1089.0,WIN,True,24,3,MAIN,6,RESOURCE_MANAGEMENT,ABILITY,,ABILITY,1,0,678,340,340,3,False,3,6,False,True,2,1,0,676,110,6,676,110,6,False,False,,,True
92200876,1089.0,WIN,True,25,3,DISCARD,2,RESOURCE_MANAGEMENT,,,CARD,0,0,678,340,340,3,False,3,6,False,True,2,1,0,676,110,6,676,110,6,False,False,,,False
92200876,1089.0,WIN,True,26,3,MAIN,5,RESOURCE_MANAGEMENT,PLAY_ITEM,1121,PLAY,1,0,678,340,340,3,False,3,6,False,True,2,1,0,676,110,6,676,110,6,False,False,,,False
92200876,1089.0,WIN,True,27,3,DISCARD,9,RESOURCE_MANAGEMENT,,,CARD;CARD,0,0,678,340,340,3,False,3,6,False,True,2,1,0,676,110,6,676,110,6,False,False,,,False
92200876,1089.0,WIN,True,28,3,TO_HAND,5,RESOURCE_MANAGEMENT,,,CARD,0,0,678,340,340,3,False,3,6,False,True,2,1,0,676,110,6,676,110,6,False,False,,,False
92200876,1089.0,WIN,True,29,3,MAIN,5,RESOURCE_MANAGEMENT,PLAY_POKEMON,673,PLAY,1,0,678,340,340,3,False,3,6,False,True,2,1,0,676,110,6,676,110,6,False,False,,,False
92200876,1089.0,WIN,True,30,3,MAIN,4,BENCH_MANAGEMENT,EVOLVE,,EVOLVE,1,0,678,340,340,3,False,4,6,False,True,2,1,0,676,110,6,676,110,6,False,False,,,False
92200876,1089.0,WIN,True,31,3,MAIN,3,ATTACK_SELECTION,ATTACK,,ATTACK,1,1,678,340,340,3,False,4,6,False,True,2,1,0,676,110,6,676,0,6,False,False,,,False
92200876,1089.0,WIN,True,32,3,ATTACH_TO,4,ENERGY_MANAGEMENT,,,CARD;CARD;CARD,0,0,678,340,340,3,False,4,6,False,True,2,1,0,676,0,6,676,0,6,False,False,,,False
92200876,1089.0,WIN,True,33,3,ATTACH_FROM,4,ENERGY_MANAGEMENT,,,CARD,0,0,678,340,340,3,False,4,6,False,True,2,1,0,676,0,6,676,0,6,False,False,,,False
92200876,1089.0,WIN,True,34,3,ATTACH_FROM,4,ENERGY_MANAGEMENT,,,CARD,0,0,678,340,340,3,False,4,6,False,True,2,1,1,676,0,6,676,0,6,False,False,,,False
92200876,1089.0,WIN,True,35,3,ATTACH_FROM,4,ENERGY_MANAGEMENT,,,CARD,0,0,678,340,340,3,False,4,6,False,True,2,1,1,676,0,6,,,6,False,False,,,False
92200876,1089.0,WIN,True,36,3,TO_HAND,6,RESOURCE_MANAGEMENT,,,,0,0,678,340,340,3,False,4,6,False,True,2,1,2,,,6,678,340,6,,,,,False
92200876,1089.0,WIN,True,37,5,MAIN,15,RESOURCE_MANAGEMENT,ABILITY,,ABILITY,1,0,678,210,340,3,True,4,5,False,True,2,1,2,678,340,6,678,340,6,False,True,Aura Jab,130,False
92200876,1089.0,WIN,True,38,5,DISCARD,1,RESOURCE_MANAGEMENT,,,CARD,0,0,678,210,340,3,True,4,5,False,True,2,1,2,678,340,6,678,340,6,False,True,Aura Jab,130,False
92200876,1089.0,WIN,True,39,5,MAIN,16,RESOURCE_MANAGEMENT,PLAY_SUPPORTER,1229,PLAY,1,0,678,210,340,3,True,4,5,False,True,2,1,2,678,340,6,678,340,6,False,True,Aura Jab,130,False
92200876,1089.0,WIN,True,40,5,HEAL,1,RESOURCE_MANAGEMENT,,,CARD,0,0,678,210,340,3,True,4,5,False,True,2,1,2,678,340,6,678,340,6,False,True,Aura Jab,130,False
92200876,1089.0,WIN,True,41,5,MAIN,17,RESOURCE_MANAGEMENT,PLAY_ITEM,1152,PLAY,0,0,678,340,340,3,False,4,5,False,True,2,0,2,678,340,6,678,340,6,False,False,Aura Jab,130,False
92200876,1089.0,WIN,True,42,5,TO_HAND,2,RESOURCE_MANAGEMENT,,,CARD,0,0,678,340,340,3,False,4,5,False,True,2,0,2,678,340,6,678,340,6,False,False,Aura Jab,130,False
92200876,1089.0,WIN,True,43,5,MAIN,17,RESOURCE_MANAGEMENT,PLAY_POKEMON,677,PLAY,0,0,678,340,340,3,False,4,5,False,True,2,0,2,678,340,6,678,340,6,False,False,Aura Jab,130,False
92200876,1089.0,WIN,True,44,5,MAIN,17,ENERGY_MANAGEMENT,ATTACH_ENERGY,,ATTACH,0,0,678,340,340,3,False,5,5,False,True,2,0,2,678,340,6,678,340,6,False,False,Aura Jab,130,False
92200876,1089.0,WIN,True,45,5,MAIN,6,RESOURCE_MANAGEMENT,PLAY_ITEM,1142,PLAY,1,0,678,340,340,3,False,5,5,False,True,2,1,2,678,340,6,678,340,6,False,False,Aura Jab,130,False
92200876,1089.0,WIN,True,46,5,TO_HAND,6,RESOURCE_MANAGEMENT,,,CARD,0,0,678,340,340,3,False,5,5,False,True,2,1,2,678,340,6,678,340,6,False,False,Aura Jab,130,False
92200876,1089.0,WIN,True,47,5,MAIN,5,RESOURCE_MANAGEMENT,PLAY_ITEM,1141,PLAY,1,0,678,340,340,3,False,5,5,False,True,2,1,2,678,340,6,678,340,6,False,False,Aura Jab,130,False
92200876,1089.0,WIN,True,48,5,MAIN,4,RESOURCE_MANAGEMENT,PLAY_ITEM,1123,PLAY,1,0,678,340,340,3,False,5,5,False,True,2,1,2,678,340,6,678,340,6,False,False,Aura Jab,130,False
92200876,1089.0,WIN,True,49,5,SWITCH,5,ACTIVE_POKEMON_SELECTION,,,CARD,0,0,678,340,340,3,False,5,5,False,True,2,1,2,678,340,6,678,340,6,False,False,Aura Jab,130,False
92200876,1089.0,WIN,True,50,5,MAIN,5,TIMING,,,,2,0,678,340,340,3,False,5,5,True,True,2,2,2,678,340,6,678,340,6,False,False,Aura Jab,130,False
92200876,1089.0,WIN,True,51,7,MAIN,20,RESOURCE_MANAGEMENT,ABILITY,,ABILITY,1,0,678,210,340,3,True,5,5,True,True,2,2,2,678,340,6,678,340,6,False,True,Aura Jab,130,False
92200876,1089.0,WIN,True,52,7,DISCARD,2,RESOURCE_MANAGEMENT,,,CARD,0,0,678,210,340,3,True,5,5,False,True,2,2,2,678,340,6,678,340,6,False,True,Aura Jab,130,False
92200876,1089.0,WIN,True,53,7,MAIN,21,BENCH_MANAGEMENT,EVOLVE,,EVOLVE,1,0,678,210,340,3,True,5,5,True,True,2,2,2,678,340,6,678,340,6,False,True,Aura Jab,130,False
92200876,1089.0,WIN,True,54,7,MAIN,20,RETREAT_SELECTION,RETREAT,,RETREAT,1,0,678,210,340,3,True,5,5,True,True,2,2,2,678,340,6,678,340,6,False,True,Aura Jab,130,False
92200876,1089.0,WIN,True,55,7,DISCARD_ENERGY,2,ENERGY_MANAGEMENT,,,ENERGY,0,0,678,210,340,3,True,5,5,False,True,2,2,2,678,340,6,678,340,6,False,True,Aura Jab,130,False
92200876,1089.0,WIN,True,56,7,DISCARD_ENERGY,1,ENERGY_MANAGEMENT,,,ENERGY,0,0,678,210,340,3,True,5,5,False,True,2,1,2,678,340,6,678,340,6,False,True,Aura Jab,130,False
92200876,1089.0,WIN,True,57,7,SWITCH,5,ACTIVE_POKEMON_SELECTION,,,CARD,0,0,678,210,340,3,True,5,5,False,True,2,0,2,678,340,6,678,340,6,False,True,Aura Jab,130,False
92200876,1089.0,WIN,True,58,7,MAIN,19,ENERGY_MANAGEMENT,ATTACH_ENERGY,,ATTACH,1,0,678,340,340,3,False,5,5,False,True,2,1,1,678,340,6,678,340,6,False,False,Aura Jab,130,False
92200876,1089.0,WIN,True,59,7,MAIN,8,TIMING,,,,2,0,678,340,340,3,False,5,5,False,True,2,2,1,678,340,6,678,70,6,False,False,Aura Jab,130,False
92200876,1089.0,WIN,True,60,9,MAIN,16,RESOURCE_MANAGEMENT,ABILITY,,ABILITY,1,0,678,210,340,3,True,5,5,True,True,2,2,1,678,70,6,678,70,6,False,True,Aura Jab,130,False
92200876,1089.0,WIN,True,61,9,DISCARD,1,RESOURCE_MANAGEMENT,,,CARD,0,0,678,210,340,3,True,5,5,False,True,2,2,1,678,70,6,678,70,6,False,True,Aura Jab,130,False
92200876,1089.0,WIN,True,62,9,MAIN,17,ENERGY_MANAGEMENT,ATTACH_ENERGY,,ATTACH,1,0,678,210,340,3,True,5,5,True,True,2,2,1,678,70,6,678,70,6,False,True,Aura Jab,130,False
92200876,1089.0,WIN,True,63,9,MAIN,11,RESOURCE_MANAGEMENT,PLAY_ITEM,1142,PLAY,1,0,678,210,340,3,True,5,5,True,True,2,2,2,678,70,6,678,70,6,False,True,Aura Jab,130,False
92200876,1089.0,WIN,True,64,9,TO_HAND,3,RESOURCE_MANAGEMENT,,,CARD,0,0,678,210,340,3,True,5,5,False,True,2,2,2,678,70,6,678,70,6,False,True,Aura Jab,130,False
92200876,1089.0,WIN,True,65,9,MAIN,10,RESOURCE_MANAGEMENT,PLAY_ITEM,1121,PLAY,1,0,678,210,340,3,True,5,5,True,True,2,2,2,678,70,6,678,70,6,False,True,Aura Jab,130,False
92200876,1089.0,WIN,True,66,9,DISCARD,8,RESOURCE_MANAGEMENT,,,CARD;CARD,0,0,678,210,340,3,True,5,5,False,True,2,2,2,678,70,6,678,70,6,False,True,Aura Jab,130,False
92200876,1089.0,WIN,True,67,9,TO_HAND,2,RESOURCE_MANAGEMENT,,,CARD,0,0,678,210,340,3,True,5,5,False,True,2,2,2,678,70,6,678,70,6,False,True,Aura Jab,130,False
92200876,1089.0,WIN,True,68,9,MAIN,7,RESOURCE_MANAGEMENT,PLAY_ITEM,1152,PLAY,1,0,678,210,340,3,True,5,5,True,True,2,2,2,678,70,6,678,70,6,False,True,Aura Jab,130,False
92200876,1089.0,WIN,True,69,9,TO_HAND,1,RESOURCE_MANAGEMENT,,,CARD,0,0,678,210,340,3,True,5,5,False,True,2,2,2,678,70,6,678,70,6,False,True,Aura Jab,130,False
92200876,1089.0,WIN,True,70,9,MAIN,7,RESOURCE_MANAGEMENT,PLAY_SUPPORTER,1227,PLAY,1,0,678,210,340,3,True,5,5,True,True,2,2,2,678,70,6,678,70,6,False,True,Aura Jab,130,False
92200876,1089.0,WIN,True,71,9,MAIN,7,RETREAT_SELECTION,RETREAT,,RETREAT,1,0,678,210,340,3,True,5,5,True,True,2,2,2,678,70,6,678,70,6,False,True,Aura Jab,130,False
92200876,1089.0,WIN,True,72,9,DISCARD_ENERGY,2,ENERGY_MANAGEMENT,,,ENERGY,0,0,678,210,340,3,True,5,5,False,True,2,2,2,678,70,6,678,70,6,False,True,Aura Jab,130,False
92200876,1089.0,WIN,True,73,9,DISCARD_ENERGY,1,ENERGY_MANAGEMENT,,,ENERGY,0,0,678,210,340,3,True,5,5,False,True,2,1,2,678,70,6,678,70,6,False,True,Aura Jab,130,False
92200876,1089.0,WIN,True,74,9,SWITCH,5,ACTIVE_POKEMON_SELECTION,,,CARD,0,0,678,210,340,3,True,5,5,False,True,2,0,2,678,70,6,678,70,6,False,True,Aura Jab,130,False
92200876,1089.0,WIN,True,75,9,MAIN,6,ATTACK_SELECTION,ATTACK,,ATTACK,1,1,678,340,340,3,False,5,5,False,True,2,1,1,678,70,6,678,0,6,False,False,Aura Jab,130,False
92200876,1089.0,WIN,True,76,9,ATTACH_TO,8,ENERGY_MANAGEMENT,,,CARD;CARD;CARD,0,0,678,340,340,3,False,5,5,False,True,2,1,1,678,0,6,678,0,6,False,False,Aura Jab,130,False
92200876,1089.0,WIN,True,77,9,ATTACH_FROM,5,ENERGY_MANAGEMENT,,,CARD,0,0,678,340,340,3,False,5,5,False,True,2,1,1,678,0,6,678,0,6,False,False,Aura Jab,130,False
92200876,1089.0,WIN,True,78,9,ATTACH_FROM,5,ENERGY_MANAGEMENT,,,CARD,0,0,678,340,340,3,False,5,5,False,True,2,1,2,678,0,6,678,0,6,False,False,Aura Jab,130,False
92200876,1089.0,WIN,True,79,9,ATTACH_FROM,5,ENERGY_MANAGEMENT,,,CARD,0,0,678,340,340,3,False,5,5,False,True,2,1,3,678,0,6,,,6,False,False,Aura Jab,130,False
92200876,1089.0,WIN,True,80,9,TO_HAND,5,RESOURCE_MANAGEMENT,,,,0,0,678,340,340,3,False,5,5,False,True,2,1,3,,,6,678,340,3,,,,,False
92200876,1089.0,WIN,True,81,10,TO_ACTIVE,5,ACTIVE_POKEMON_SELECTION,,,CARD,0,0,,,,,False,5,2,False,True,,,3,678,340,3,678,340,3,,,,,True
92200876,1089.0,WIN,True,82,11,MAIN,14,RESOURCE_MANAGEMENT,PLAY_SUPPORTER,1229,PLAY,2,0,673,80,80,1,False,4,2,True,True,2,2,2,678,340,3,678,340,3,True,False,Mega Brave,270,False
92200876,1089.0,WIN,True,83,11,HEAL,1,RESOURCE_MANAGEMENT,,,CARD,0,0,673,80,80,1,False,4,2,False,True,2,2,2,678,340,3,678,340,3,True,False,Mega Brave,270,False
92200876,1089.0,WIN,True,84,11,MAIN,18,RETREAT_SELECTION,RETREAT,,RETREAT,2,0,673,80,80,1,False,4,2,True,True,2,2,1,678,340,3,678,340,3,True,False,Mega Brave,270,False
92200876,1089.0,WIN,True,85,11,DISCARD_ENERGY,2,ENERGY_MANAGEMENT,,,ENERGY,0,0,673,80,80,1,False,4,2,False,True,2,2,1,678,340,3,678,340,3,True,False,Mega Brave,270,False
92200876,1089.0,WIN,True,86,11,DISCARD_ENERGY,1,ENERGY_MANAGEMENT,,,ENERGY,0,0,673,80,80,1,False,4,2,False,True,2,1,1,678,340,3,678,340,3,True,False,Mega Brave,270,False
92200876,1089.0,WIN,True,87,11,SWITCH,4,ACTIVE_POKEMON_SELECTION,,,CARD,0,0,673,80,80,1,False,4,2,False,True,2,0,1,678,340,3,678,340,3,True,False,Mega Brave,270,False
92200876,1089.0,WIN,True,88,11,MAIN,16,RESOURCE_MANAGEMENT,PLAY_ITEM,1141,PLAY,1,0,678,340,340,3,False,4,2,False,True,2,1,0,678,340,3,678,340,3,False,False,Mega Brave,270,True
92200876,1089.0,WIN,True,89,11,MAIN,15,RESOURCE_MANAGEMENT,PLAY_ITEM,1141,PLAY,1,0,678,340,340,3,False,4,2,False,True,2,1,0,678,340,3,678,340,3,False,False,Mega Brave,270,False
92200876,1089.0,WIN,True,90,11,MAIN,14,RESOURCE_MANAGEMENT,PLAY_ITEM,1141,PLAY,1,0,678,340,340,3,False,4,2,False,True,2,1,0,678,340,3,678,340,3,False,False,Mega Brave,270,False
92200876,1089.0,WIN,True,91,11,MAIN,13,ENERGY_MANAGEMENT,ATTACH_ENERGY,,ATTACH,1,0,678,340,340,3,False,4,2,False,True,2,1,0,678,340,3,678,340,3,False,False,Mega Brave,270,False
92200876,1089.0,WIN,True,92,11,MAIN,8,RESOURCE_MANAGEMENT,PLAY_POKEMON,673,PLAY,2,0,678,340,340,3,False,4,2,False,True,2,2,0,678,340,3,678,340,3,False,False,Mega Brave,270,False
92200876,1089.0,WIN,True,93,11,MAIN,6,ATTACK_SELECTION,ATTACK,,ATTACK,2,1,678,340,340,3,False,5,2,False,True,2,2,0,678,340,3,,,3,False,False,Mega Brave,270,False
92199848,1127.4,LOSS,True,0,,,0,UNKNOWN,,,,0,0,,,,,False,,,False,False,,,0,,,,,,,,,,,False
92199848,1127.4,LOSS,True,1,,,0,UNKNOWN,,,,0,0,,,,,False,,,False,False,,,0,,,,,,0,,,,,False
92199848,1127.4,LOSS,True,2,0,IS_FIRST,2,GOING_FIRST_SECOND,,,YES,0,0,,,,,False,0,0,False,False,,,0,,,0,,,0,,,,,False
92199848,1127.4,LOSS,True,3,0,SETUP_ACTIVE_POKEMON,1,EARLY_GAME_SETUP,,,,0,0,,,,,False,0,0,False,False,,,0,,,0,235,30,6,,,,,False
92199848,1127.4,LOSS,True,4,1,MAIN,5,RESOURCE_MANAGEMENT,PLAY_ITEM,1142,PLAY,0,0,673,80,80,1,False,0,6,False,False,2,0,0,235,30,6,235,30,6,False,False,Itchy Pollen,10,False
92199848,1127.4,LOSS,True,5,1,TO_HAND,17,RESOURCE_MANAGEMENT,,,CARD,0,0,673,80,80,1,False,0,6,False,False,2,0,0,235,30,6,235,30,6,False,False,Itchy Pollen,10,False
92199848,1127.4,LOSS,True,6,1,MAIN,5,RESOURCE_MANAGEMENT,PLAY_POKEMON,676,PLAY,0,0,673,80,80,1,False,0,6,False,False,2,0,0,235,30,6,235,30,6,False,False,Itchy Pollen,10,False
92199848,1127.4,LOSS,True,7,1,MAIN,6,RESOURCE_MANAGEMENT,PLAY_ITEM,1121,PLAY,0,0,673,80,80,1,False,1,6,False,True,2,0,0,235,30,6,235,30,6,False,False,Itchy Pollen,10,False
92199848,1127.4,LOSS,True,8,1,DISCARD,5,RESOURCE_MANAGEMENT,,,CARD;CARD,0,0,673,80,80,1,False,1,6,False,True,2,0,0,235,30,6,235,30,6,False,False,Itchy Pollen,10,False
92199848,1127.4,LOSS,True,9,1,TO_HAND,12,RESOURCE_MANAGEMENT,,,CARD,0,0,673,80,80,1,False,1,6,False,True,2,0,0,235,30,6,235,30,6,False,False,Itchy Pollen,10,False
92199848,1127.4,LOSS,True,10,1,MAIN,6,RESOURCE_MANAGEMENT,PLAY_POKEMON,675,PLAY,0,0,673,80,80,1,False,1,6,False,True,2,0,0,235,30,6,235,30,6,False,False,Itchy Pollen,10,False
92199848,1127.4,LOSS,True,11,1,MAIN,8,RESOURCE_MANAGEMENT,ABILITY,,ABILITY,0,0,673,80,80,1,False,2,6,False,True,2,0,0,235,30,6,235,30,6,False,False,Itchy Pollen,10,False
92199848,1127.4,LOSS,True,12,1,DISCARD,1,RESOURCE_MANAGEMENT,,,CARD,0,0,673,80,80,1,False,2,6,False,True,2,0,0,235,30,6,235,30,6,False,False,Itchy Pollen,10,False
92199848,1127.4,LOSS,True,13,1,MAIN,11,ENERGY_MANAGEMENT,ATTACH_ENERGY,,ATTACH,0,0,673,80,80,1,False,2,6,False,True,2,0,0,235,30,6,235,30,6,False,False,Itchy Pollen,10,False
92199848,1127.4,LOSS,True,14,1,MAIN,5,ENERGY_MANAGEMENT,ATTACH_ENERGY,,ATTACH,0,0,673,80,80,1,False,2,6,False,True,2,1,0,235,30,6,235,30,6,False,False,Itchy Pollen,10,False
92199848,1127.4,LOSS,True,15,1,MAIN,2,TIMING,,,,0,0,673,180,180,1,False,2,6,False,True,2,1,0,235,30,6,235,30,6,False,False,Itchy Pollen,10,False
92199848,1127.4,LOSS,True,16,3,MAIN,6,ENERGY_MANAGEMENT,ATTACH_ENERGY,,ATTACH,0,0,673,170,180,1,True,2,6,False,True,2,0,0,235,30,6,235,30,6,False,False,Itchy Pollen,10,False
92199848,1127.4,LOSS,True,17,3,MAIN,3,RESOURCE_MANAGEMENT,PLAY_SUPPORTER,1227,PLAY,1,0,673,170,180,1,True,2,6,False,True,2,1,0,235,30,6,235,30,6,False,False,Itchy Pollen,10,False
92199848,1127.4,LOSS,True,18,3,MAIN,4,RESOURCE_MANAGEMENT,ABILITY,,ABILITY,1,0,673,170,180,1,True,2,6,False,True,2,1,0,235,30,6,235,30,6,False,False,Itchy Pollen,10,False
92199848,1127.4,LOSS,True,19,3,DISCARD,3,RESOURCE_MANAGEMENT,,,CARD,0,0,673,170,180,1,True,2,6,False,True,2,1,0,235,30,6,235,30,6,False,False,Itchy Pollen,10,False
92199848,1127.4,LOSS,True,20,3,MAIN,4,RESOURCE_MANAGEMENT,PLAY_POKEMON,673,PLAY,1,0,673,170,180,1,True,2,6,False,True,2,1,0,235,30,6,235,30,6,False,False,Itchy Pollen,10,False
92199848,1127.4,LOSS,True,21,3,MAIN,3,TIMING,,,,1,0,673,170,180,1,True,3,6,False,True,2,1,0,235,30,6,235,20,6,False,False,Itchy Pollen,10,False
92199848,1127.4,LOSS,True,22,5,MAIN,16,RESOURCE_MANAGEMENT,ABILITY,,ABILITY,0,0,673,160,180,1,True,3,6,False,True,2,0,0,235,20,6,235,20,6,False,False,Itchy Pollen,10,False
92199848,1127.4,LOSS,True,23,5,DISCARD,2,RESOURCE_MANAGEMENT,,,CARD,0,0,673,160,180,1,True,3,6,False,True,2,0,0,235,20,6,235,20,6,False,False,Itchy Pollen,10,False
92199848,1127.4,LOSS,True,24,5,MAIN,12,BENCH_MANAGEMENT,EVOLVE,,EVOLVE,0,0,673,160,180,1,True,3,6,False,True,2,0,0,235,20,6,235,20,6,False,False,Itchy Pollen,10,False
92199848,1127.4,LOSS,True,25,5,ACTIVATE,2,RESOURCE_MANAGEMENT,,,YES,0,0,674,230,250,1,True,3,6,False,True,3,0,0,235,20,6,235,20,6,False,False,Itchy Pollen,10,True
92199848,1127.4,LOSS,True,26,5,SWITCH,5,ACTIVE_POKEMON_SELECTION,,,CARD,0,0,674,230,250,1,True,3,6,False,True,3,0,0,235,20,6,1071,170,6,False,False,Itchy Pollen,10,False
92199848,1127.4,LOSS,True,27,5,MAIN,10,ENERGY_MANAGEMENT,ATTACH_ENERGY,,ATTACH,0,0,674,230,250,1,True,3,6,False,True,3,0,0,1071,170,6,1071,170,6,False,False,,,False
92199848,1127.4,LOSS,True,28,5,MAIN,6,RESOURCE_MANAGEMENT,PLAY_SUPPORTER,1227,PLAY,0,0,674,230,250,1,True,3,6,False,True,3,0,1,1071,170,6,1071,170,6,False,False,,,False
92199848,1127.4,LOSS,True,29,5,MAIN,1,TIMING,,,,0,0,674,230,250,1,True,3,6,False,True,3,0,1,1071,170,6,235,20,6,False,False,,,False
92199848,1127.4,LOSS,True,30,7,MAIN,19,RESOURCE_MANAGEMENT,ABILITY,,ABILITY,0,0,674,220,250,1,True,3,6,False,True,3,0,1,235,20,6,235,20,6,False,False,Itchy Pollen,10,False
92199848,1127.4,LOSS,True,31,7,DISCARD,4,RESOURCE_MANAGEMENT,,,CARD,0,0,674,220,250,1,True,3,6,False,True,3,0,1,235,20,6,235,20,6,False,False,Itchy Pollen,10,False
92199848,1127.4,LOSS,True,32,7,MAIN,17,RESOURCE_MANAGEMENT,PLAY_POKEMON,677,PLAY,0,0,674,220,250,1,True,3,6,False,True,3,0,1,235,20,6,235,20,6,False,False,Itchy Pollen,10,False
92199848,1127.4,LOSS,True,33,7,MAIN,19,ENERGY_MANAGEMENT,ATTACH_ENERGY,,ATTACH,0,0,674,220,250,1,True,4,6,False,True,3,0,1,235,20,6,235,20,6,False,False,Itchy Pollen,10,False
92199848,1127.4,LOSS,True,34,7,MAIN,4,TIMING,,,,0,0,674,220,250,1,True,4,6,False,True,3,0,2,235,20,6,121,320,5,False,False,Itchy Pollen,10,False
92199848,1127.4,LOSS,True,35,8,TO_ACTIVE,4,ACTIVE_POKEMON_SELECTION,,,CARD,0,0,,,,,False,4,6,False,True,,,1,121,320,5,121,320,5,,,,,True
92199848,1127.4,LOSS,True,36,9,MAIN,18,RESOURCE_MANAGEMENT,PLAY_ITEM,1142,PLAY,1,0,676,110,110,1,False,3,6,True,True,1,1,0,121,320,5,121,320,5,True,False,Phantom Dive,200,False
92199848,1127.4,LOSS,True,37,9,TO_HAND,4,RESOURCE_MANAGEMENT,,,CARD,0,0,676,110,110,1,False,3,6,False,True,1,1,0,121,320,5,121,320,5,True,False,Phantom Dive,200,False
92199848,1127.4,LOSS,True,38,9,MAIN,18,RESOURCE_MANAGEMENT,PLAY_POKEMON,677,PLAY,1,0,676,110,110,1,False,3,6,True,True,1,1,0,121,320,5,121,320,5,True,False,Phantom Dive,200,False
92199848,1127.4,LOSS,True,39,9,MAIN,19,ENERGY_MANAGEMENT,ATTACH_ENERGY,,ATTACH,1,0,676,110,110,1,False,4,6,True,True,1,1,0,121,320,5,121,320,5,True,False,Phantom Dive,200,False
92199848,1127.4,LOSS,True,40,9,MAIN,9,RESOURCE_MANAGEMENT,ABILITY,,ABILITY,1,0,676,110,110,1,False,4,6,True,True,1,1,1,121,320,5,121,320,5,True,False,Phantom Dive,200,False
92199848,1127.4,LOSS,True,41,9,DISCARD,1,RESOURCE_MANAGEMENT,,,CARD,0,0,676,110,110,1,False,4,6,False,True,1,1,1,121,320,5,121,320,5,True,False,Phantom Dive,200,False
92199848,1127.4,LOSS,True,42,9,MAIN,11,RESOURCE_MANAGEMENT,PLAY_ITEM,1152,PLAY,1,0,676,110,110,1,False,4,6,True,True,1,1,1,121,320,5,121,320,5,True,False,Phantom Dive,200,False
92199848,1127.4,LOSS,True,43,9,TO_HAND,2,RESOURCE_MANAGEMENT,,,CARD,0,0,676,110,110,1,False,4,6,False,True,1,1,1,121,320,5,121,320,5,True,False,Phantom Dive,200,False
92199848,1127.4,LOSS,True,44,9,MAIN,11,RESOURCE_MANAGEMENT,PLAY_POKEMON,677,PLAY,1,0,676,110,110,1,False,4,6,True,True,1,1,1,121,320,5,121,320,5,True,False,Phantom Dive,200,False
92199848,1127.4,LOSS,True,45,9,MAIN,9,RESOURCE_MANAGEMENT,PLAY_ITEM,1121,PLAY,1,0,676,110,110,1,False,5,6,True,True,1,1,1,121,320,5,121,320,5,True,False,Phantom Dive,200,False
92199848,1127.4,LOSS,True,46,9,DISCARD,8,RESOURCE_MANAGEMENT,,,CARD;CARD,0,0,676,110,110,1,False,5,6,False,True,1,1,1,121,320,5,121,320,5,True,False,Phantom Dive,200,False
92199848,1127.4,LOSS,True,47,9,TO_HAND,4,RESOURCE_MANAGEMENT,,,CARD,0,0,676,110,110,1,False,5,6,False,True,1,1,1,121,320,5,121,320,5,True,False,Phantom Dive,200,False
92199848,1127.4,LOSS,True,48,9,MAIN,8,BENCH_MANAGEMENT,EVOLVE,,EVOLVE,1,0,676,110,110,1,False,5,6,True,True,1,1,1,121,320,5,121,320,5,True,False,Phantom Dive,200,False
92199848,1127.4,LOSS,True,49,9,ACTIVATE,2,RESOURCE_MANAGEMENT,,,YES,0,0,676,110,110,1,False,5,6,False,True,1,1,1,121,320,5,121,320,5,True,False,Phantom Dive,200,False
92199848,1127.4,LOSS,True,50,9,SWITCH,5,ACTIVE_POKEMON_SELECTION,,,CARD,0,0,676,110,110,1,False,5,6,False,True,1,1,1,121,320,5,119,70,5,True,False,Phantom Dive,200,False
92199848,1127.4,LOSS,True,51,9,MAIN,7,RESOURCE_MANAGEMENT,PLAY_SUPPORTER,1213,PLAY,1,0,676,110,110,1,False,5,6,True,True,1,1,1,119,70,5,119,70,5,False,False,,,False
92199848,1127.4,LOSS,True,52,9,MAIN,5,ATTACK_SELECTION,ATTACK,,ATTACK,1,1,676,110,110,1,False,5,6,True,True,1,1,1,119,70,5,,,5,False,False,,,False
92199848,1127.4,LOSS,True,53,9,TO_HAND,6,RESOURCE_MANAGEMENT,,,,0,0,676,110,110,1,False,5,6,False,True,1,1,1,,,5,121,320,4,,,,,False
92199848,1127.4,LOSS,True,54,10,TO_ACTIVE,5,ACTIVE_POKEMON_SELECTION,,,CARD,0,0,,,,,False,5,5,False,True,,,1,121,320,4,121,320,4,,,,,True
92199848,1127.4,LOSS,True,55,11,MAIN,15,RESOURCE_MANAGEMENT,PLAY_ITEM,1142,PLAY,1,0,677,10,80,1,True,4,5,False,True,2,1,0,121,320,4,121,320,4,True,False,Phantom Dive,200,False
92199848,1127.4,LOSS,True,56,11,MAIN,14,RESOURCE_MANAGEMENT,PLAY_ITEM,1121,PLAY,1,0,677,10,80,1,True,4,5,False,True,2,1,0,121,320,4,121,320,4,True,False,Phantom Dive,200,False
92199848,1127.4,LOSS,True,57,11,DISCARD,4,RESOURCE_MANAGEMENT,,,CARD;CARD,0,0,677,10,80,1,True,4,5,False,True,2,1,0,121,320,4,121,320,4,True,False,Phantom Dive,200,False
92199848,1127.4,LOSS,True,58,11,TO_HAND,4,RESOURCE_MANAGEMENT,,,CARD,0,0,677,10,80,1,True,4,5,False,True,2,1,0,121,320,4,121,320,4,True,False,Phantom Dive,200,False
92199848,1127.4,LOSS,True,59,11,MAIN,10,BENCH_MANAGEMENT,EVOLVE,,EVOLVE,1,0,677,10,80,1,True,4,5,False,True,2,1,0,121,320,4,121,320,4,True,False,Phantom Dive,200,False
92199848,1127.4,LOSS,True,60,11,MAIN,8,ENERGY_MANAGEMENT,ATTACH_ENERGY,,ATTACH,1,0,678,270,340,3,True,4,5,False,True,2,1,0,121,320,4,121,320,4,False,False,Phantom Dive,200,True
92199848,1127.4,LOSS,True,61,11,MAIN,5,RESOURCE_MANAGEMENT,PLAY_SUPPORTER,1213,PLAY,2,0,678,270,340,3,True,4,5,True,True,2,2,0,121,320,4,121,320,4,False,False,Phantom Dive,200,False
92199848,1127.4,LOSS,True,62,11,MAIN,7,BENCH_MANAGEMENT,EVOLVE,,EVOLVE,2,0,678,270,340,3,True,4,5,True,True,2,2,0,121,320,4,121,320,4,False,False,Phantom Dive,200,False
92199848,1127.4,LOSS,True,63,11,MAIN,6,RESOURCE_MANAGEMENT,PLAY_ITEM,1152,PLAY,2,0,678,270,340,3,True,4,5,True,True,2,2,0,121,320,4,121,320,4,False,False,Phantom Dive,200,False
92199848,1127.4,LOSS,True,64,11,MAIN,5,ATTACK_SELECTION,ATTACK,,ATTACK,2,1,678,270,340,3,True,4,5,True,True,2,2,0,121,320,4,121,190,4,False,False,Phantom Dive,200,False
92199848,1127.4,LOSS,True,65,11,ATTACH_TO,10,ENERGY_MANAGEMENT,,,CARD;CARD;CARD,0,0,678,270,340,3,True,4,5,False,True,2,2,0,121,190,4,121,190,4,False,False,Phantom Dive,200,False
92199848,1127.4,LOSS,True,66,11,ATTACH_FROM,4,ENERGY_MANAGEMENT,,,CARD,0,0,678,270,340,3,True,4,5,False,True,2,2,0,121,190,4,121,190,4,False,False,Phantom Dive,200,False
92199848,1127.4,LOSS,True,67,11,ATTACH_FROM,4,ENERGY_MANAGEMENT,,,CARD,0,0,678,270,340,3,True,4,5,False,True,2,2,1,121,190,4,121,190,4,False,False,Phantom Dive,200,False
92199848,1127.4,LOSS,True,68,11,ATTACH_FROM,4,ENERGY_MANAGEMENT,,,,0,0,678,270,340,3,True,4,5,False,True,2,2,1,121,190,4,121,320,4,False,False,Phantom Dive,200,False
92199848,1127.4,LOSS,True,69,13,MAIN,7,RESOURCE_MANAGEMENT,PLAY_ITEM,1141,PLAY,2,0,678,70,340,3,True,4,5,True,True,2,2,1,121,320,4,121,320,4,True,False,Phantom Dive,200,False
92199848,1127.4,LOSS,True,70,13,MAIN,6,RESOURCE_MANAGEMENT,PLAY_ITEM,1123,PLAY,2,0,678,70,340,3,True,4,5,True,True,2,2,1,121,320,4,121,320,4,True,False,Phantom Dive,200,False
92199848,1127.4,LOSS,True,71,13,SWITCH,4,ACTIVE_POKEMON_SELECTION,,,CARD,0,0,678,70,340,3,True,4,5,False,True,2,2,1,121,320,4,121,320,4,True,False,Phantom Dive,200,False
92199848,1127.4,LOSS,True,72,13,MAIN,3,RESOURCE_MANAGEMENT,PLAY_SUPPORTER,1227,PLAY,1,0,678,340,340,3,False,4,5,False,True,2,1,1,121,320,4,121,320,4,False,False,Phantom Dive,200,False
92199848,1127.4,LOSS,True,73,13,MAIN,6,RESOURCE_MANAGEMENT,PLAY_ITEM,1123,PLAY,1,0,678,340,340,3,False,4,5,False,True,2,1,1,121,320,4,121,320,4,False,False,Phantom Dive,200,False
92199848,1127.4,LOSS,True,74,13,SWITCH,4,ACTIVE_POKEMON_SELECTION,,,CARD,0,0,678,340,340,3,False,4,5,False,True,2,1,1,121,320,4,121,320,4,False,False,Phantom Dive,200,False
92199848,1127.4,LOSS,True,75,13,MAIN,7,RESOURCE_MANAGEMENT,PLAY_ITEM,1141,PLAY,2,0,678,70,340,3,True,4,5,True,True,2,2,1,121,320,4,121,320,4,True,False,Phantom Dive,200,False
92199848,1127.4,LOSS,True,76,13,MAIN,6,RESOURCE_MANAGEMENT,PLAY_ITEM,1152,PLAY,2,0,678,70,340,3,True,4,5,True,True,2,2,1,121,320,4,121,320,4,True,False,Phantom Dive,200,False
92199848,1127.4,LOSS,True,77,13,MAIN,5,ATTACK_SELECTION,ATTACK,,ATTACK,2,1,678,70,340,3,True,4,5,True,True,2,2,1,121,320,4,,,4,True,False,Phantom Dive,200,False
92198976,1129.8,WIN,True,0,,,0,UNKNOWN,,,,0,0,,,,,False,,,False,False,,,0,,,,,,,,,,,False
92198976,1129.8,WIN,True,1,,,0,UNKNOWN,,,,0,0,,,,,False,,,False,False,,,0,,,,,,0,,,,,False
92198976,1129.8,WIN,True,2,0,IS_FIRST,2,GOING_FIRST_SECOND,,,YES,0,0,,,,,False,0,0,False,False,,,0,,,0,,,0,,,,,False
92198976,1129.8,WIN,True,3,0,SETUP_ACTIVE_POKEMON,3,EARLY_GAME_SETUP,,,,0,0,,,,,False,0,0,False,False,,,0,,,0,,,6,,,,,False
92198976,1129.8,WIN,True,4,0,SETUP_BENCH_POKEMON,2,BENCH_MANAGEMENT,,,,0,0,,,,,False,0,6,False,False,,,0,,,6,741,50,6,,,,,False
92198976,1129.8,WIN,True,5,1,MAIN,6,RESOURCE_MANAGEMENT,PLAY_POKEMON,676,PLAY,0,0,677,80,80,1,False,0,6,False,False,2,0,0,741,50,6,741,50,6,False,False,,,False
92198976,1129.8,WIN,True,6,1,MAIN,7,RESOURCE_MANAGEMENT,PLAY_POKEMON,675,PLAY,0,0,677,80,80,1,False,1,6,False,True,2,0,0,741,50,6,741,50,6,False,False,,,False
92198976,1129.8,WIN,True,7,1,MAIN,8,RESOURCE_MANAGEMENT,ABILITY,,ABILITY,0,0,677,80,80,1,False,2,6,False,True,2,0,0,741,50,6,741,50,6,False,False,,,False
92198976,1129.8,WIN,True,8,1,DISCARD,1,RESOURCE_MANAGEMENT,,,CARD,0,0,677,80,80,1,False,2,6,False,True,2,0,0,741,50,6,741,50,6,False,False,,,False
92198976,1129.8,WIN,True,9,1,MAIN,5,RESOURCE_MANAGEMENT,PLAY_ITEM,1152,PLAY,0,0,677,80,80,1,False,2,6,False,True,2,0,0,741,50,6,741,50,6,False,False,,,False
92198976,1129.8,WIN,True,10,1,TO_HAND,8,RESOURCE_MANAGEMENT,,,CARD,0,0,677,80,80,1,False,2,6,False,True,2,0,0,741,50,6,741,50,6,False,False,,,False
92198976,1129.8,WIN,True,11,1,MAIN,5,RESOURCE_MANAGEMENT,PLAY_POKEMON,673,PLAY,0,0,677,80,80,1,False,2,6,False,True,2,0,0,741,50,6,741,50,6,False,False,,,False
92198976,1129.8,WIN,True,12,1,MAIN,4,RESOURCE_MANAGEMENT,PLAY_ITEM,1152,PLAY,0,0,677,80,80,1,False,3,6,False,True,2,0,0,741,50,6,741,50,6,False,False,,,False
92198976,1129.8,WIN,True,13,1,TO_HAND,7,RESOURCE_MANAGEMENT,,,CARD,0,0,677,80,80,1,False,3,6,False,True,2,0,0,741,50,6,741,50,6,False,False,,,False
92198976,1129.8,WIN,True,14,1,MAIN,4,RESOURCE_MANAGEMENT,PLAY_POKEMON,673,PLAY,0,0,677,80,80,1,False,3,6,False,True,2,0,0,741,50,6,741,50,6,False,False,,,False
92198976,1129.8,WIN,True,15,1,MAIN,3,RESOURCE_MANAGEMENT,PLAY_ITEM,1142,PLAY,0,0,677,80,80,1,False,4,6,False,True,2,0,0,741,50,6,741,50,6,False,False,,,False
92198976,1129.8,WIN,True,16,1,TO_HAND,14,RESOURCE_MANAGEMENT,,,CARD,0,0,677,80,80,1,False,4,6,False,True,2,0,0,741,50,6,741,50,6,False,False,,,False
92198976,1129.8,WIN,True,17,1,MAIN,7,ENERGY_MANAGEMENT,ATTACH_ENERGY,,ATTACH,0,0,677,80,80,1,False,4,6,False,True,2,0,0,741,50,6,741,50,6,False,False,,,False
92198976,1129.8,WIN,True,18,1,MAIN,2,TIMING,,,,0,0,677,80,80,1,False,4,6,False,True,2,1,0,741,50,6,741,50,6,False,False,,,False
92198976,1129.8,WIN,True,19,3,MAIN,6,RESOURCE_MANAGEMENT,PLAY_ITEM,1123,PLAY,0,0,673,80,80,1,False,4,6,False,True,2,0,1,741,50,6,741,50,6,False,False,,,True
92198976,1129.8,WIN,True,20,3,SWITCH,4,ACTIVE_POKEMON_SELECTION,,,CARD,0,0,673,80,80,1,False,4,6,False,True,2,0,1,741,50,6,741,50,6,False,False,,,False
92198976,1129.8,WIN,True,21,3,MAIN,6,RESOURCE_MANAGEMENT,PLAY_ITEM,1152,PLAY,1,0,677,80,80,1,False,4,6,False,True,2,1,0,741,50,6,741,50,6,False,False,,,True
92198976,1129.8,WIN,True,22,3,TO_HAND,6,RESOURCE_MANAGEMENT,,,CARD,0,0,677,80,80,1,False,4,6,False,True,2,1,0,741,50,6,741,50,6,False,False,,,False
92198976,1129.8,WIN,True,23,3,MAIN,6,RESOURCE_MANAGEMENT,PLAY_POKEMON,677,PLAY,1,0,677,80,80,1,False,4,6,False,True,2,1,0,741,50,6,741,50,6,False,False,,,False
92198976,1129.8,WIN,True,24,3,MAIN,5,BENCH_MANAGEMENT,EVOLVE,,EVOLVE,1,0,677,80,80,1,False,5,6,False,True,2,1,0,741,50,6,741,50,6,False,False,,,False
92198976,1129.8,WIN,True,25,3,MAIN,4,RESOURCE_MANAGEMENT,PLAY_SUPPORTER,1227,PLAY,1,0,678,340,340,3,False,5,6,False,True,2,1,0,741,50,6,741,50,6,False,False,,,True
92198976,1129.8,WIN,True,26,3,MAIN,23,ENERGY_MANAGEMENT,ATTACH_ENERGY,,ATTACH,1,0,678,340,340,3,False,5,6,False,True,2,1,0,741,50,6,741,50,6,False,False,,,False
92198976,1129.8,WIN,True,27,3,MAIN,17,RESOURCE_MANAGEMENT,ABILITY,,ABILITY,1,0,678,440,440,3,False,5,6,False,True,2,1,0,741,50,6,741,50,6,False,False,,,False
92198976,1129.8,WIN,True,28,3,DISCARD,2,RESOURCE_MANAGEMENT,,,CARD,0,0,678,440,440,3,False,5,6,False,True,2,1,0,741,50,6,741,50,6,False,False,,,False
92198976,1129.8,WIN,True,29,3,MAIN,10,RESOURCE_MANAGEMENT,PLAY_ITEM,1121,PLAY,1,0,678,440,440,3,False,5,6,False,True,2,1,0,741,50,6,741,50,6,False,False,,,False
92198976,1129.8,WIN,True,30,3,DISCARD,8,RESOURCE_MANAGEMENT,,,CARD;CARD,0,0,678,440,440,3,False,5,6,False,True,2,1,0,741,50,6,741,50,6,False,False,,,False
92198976,1129.8,WIN,True,31,3,TO_HAND,6,RESOURCE_MANAGEMENT,,,CARD,0,0,678,440,440,3,False,5,6,False,True,2,1,0,741,50,6,741,50,6,False,False,,,False
92198976,1129.8,WIN,True,32,3,MAIN,11,ENERGY_MANAGEMENT,ATTACH_ENERGY,,ATTACH,1,0,678,440,440,3,False,5,6,False,True,2,1,0,741,50,6,741,50,6,False,False,,,False
92198976,1129.8,WIN,True,33,3,MAIN,5,ATTACK_SELECTION,ATTACK,,ATTACK,1,1,678,440,440,3,False,5,6,False,True,2,1,1,741,50,6,741,0,6,False,False,,,False
92198976,1129.8,WIN,True,34,3,ATTACH_TO,2,ENERGY_MANAGEMENT,,,CARD;CARD,0,0,678,440,440,3,False,5,6,False,True,2,1,1,741,0,6,741,0,6,False,False,,,False
92198976,1129.8,WIN,True,35,3,ATTACH_FROM,5,ENERGY_MANAGEMENT,,,CARD,0,0,678,440,440,3,False,5,6,False,True,2,1,1,741,0,6,741,0,6,False,False,,,False
92198976,1129.8,WIN,True,36,3,ATTACH_FROM,5,ENERGY_MANAGEMENT,,,CARD,0,0,678,440,440,3,False,5,6,False,True,2,1,2,741,0,6,,,6,False,False,,,False
92198976,1129.8,WIN,True,37,3,TO_HAND,6,RESOURCE_MANAGEMENT,,,,0,0,678,440,440,3,False,5,6,False,True,2,1,2,,,6,742,80,6,,,,,False
92198976,1129.8,WIN,True,38,5,MAIN,9,RESOURCE_MANAGEMENT,PLAY_ITEM,1123,PLAY,0,0,673,80,80,1,False,5,5,False,True,2,0,3,742,80,6,742,80,6,False,False,,,True
92198976,1129.8,WIN,True,39,5,SWITCH,5,ACTIVE_POKEMON_SELECTION,,,CARD,0,0,673,80,80,1,False,5,5,False,True,2,0,3,742,80,6,742,80,6,False,False,,,False
92198976,1129.8,WIN,True,40,5,MAIN,9,RESOURCE_MANAGEMENT,PLAY_ITEM,1141,PLAY,1,0,678,440,440,3,False,5,5,False,True,2,1,2,742,80,6,742,80,6,False,False,,,True
92198976,1129.8,WIN,True,41,5,MAIN,8,ATTACK_SELECTION,ATTACK,,ATTACK,1,1,678,440,440,3,False,5,5,False,True,2,1,2,742,80,6,,,6,False,False,,,False
92198029,1076.7,WIN,True,0,,,0,UNKNOWN,,,,0,0,,,,,False,,,False,False,,,0,,,,,,,,,,,False
92198029,1076.7,WIN,True,1,,,0,UNKNOWN,,,,0,0,,,,,False,,,False,False,,,0,,,,,,0,,,,,False
92198029,1076.7,WIN,True,2,0,IS_FIRST,2,GOING_FIRST_SECOND,,,YES,0,0,,,,,False,0,0,False,False,,,0,,,0,,,0,,,,,False
92198029,1076.7,WIN,True,3,0,SETUP_ACTIVE_POKEMON,1,EARLY_GAME_SETUP,,,,0,0,,,,,False,0,0,False,False,,,0,,,0,305,70,6,,,,,False
92198029,1076.7,WIN,True,4,1,MAIN,4,RESOURCE_MANAGEMENT,PLAY_POKEMON,673,PLAY,0,0,677,80,80,1,False,0,6,False,False,2,0,0,305,70,6,305,70,6,False,False,,,False
92198029,1076.7,WIN,True,5,1,MAIN,4,RESOURCE_MANAGEMENT,PLAY_ITEM,1152,PLAY,0,0,677,80,80,1,False,1,6,False,True,2,0,0,305,70,6,305,70,6,False,False,,,False
92198029,1076.7,WIN,True,6,1,TO_HAND,9,RESOURCE_MANAGEMENT,,,CARD,0,0,677,80,80,1,False,1,6,False,True,2,0,0,305,70,6,305,70,6,False,False,,,False
92198029,1076.7,WIN,True,7,1,MAIN,4,RESOURCE_MANAGEMENT,PLAY_POKEMON,675,PLAY,0,0,677,80,80,1,False,1,6,False,True,2,0,0,305,70,6,305,70,6,False,False,,,False
92198029,1076.7,WIN,True,8,1,MAIN,4,ENERGY_MANAGEMENT,ATTACH_ENERGY,,ATTACH,0,0,677,80,80,1,False,2,6,False,True,2,0,0,305,70,6,305,70,6,False,False,,,False
92198029,1076.7,WIN,True,9,1,MAIN,1,TIMING,,,,0,0,677,80,80,1,False,2,6,False,True,2,1,0,305,70,6,305,70,6,False,False,,,False
92198029,1076.7,WIN,True,10,3,MAIN,9,BENCH_MANAGEMENT,EVOLVE,,EVOLVE,1,0,677,80,80,1,False,2,6,False,True,2,1,0,305,70,6,305,70,6,False,False,,,False
92198029,1076.7,WIN,True,11,3,MAIN,8,ENERGY_MANAGEMENT,ATTACH_ENERGY,,ATTACH,1,0,678,340,340,3,False,2,6,False,True,2,1,0,305,70,6,305,70,6,False,False,,,True
92198029,1076.7,WIN,True,12,3,MAIN,7,RESOURCE_MANAGEMENT,PLAY_SUPPORTER,1213,PLAY,2,0,678,340,340,3,False,2,6,True,True,2,2,0,305,70,6,305,70,6,False,False,,,False
92198029,1076.7,WIN,True,13,3,MAIN,7,RESOURCE_MANAGEMENT,PLAY_ITEM,1152,PLAY,2,0,678,340,340,3,False,2,6,True,True,2,2,0,305,70,6,305,70,6,False,False,,,False
92198029,1076.7,WIN,True,14,3,TO_HAND,8,RESOURCE_MANAGEMENT,,,CARD,0,0,678,340,340,3,False,2,6,False,True,2,2,0,305,70,6,305,70,6,False,False,,,False
92198029,1076.7,WIN,True,15,3,MAIN,7,RESOURCE_MANAGEMENT,PLAY_POKEMON,677,PLAY,2,0,678,340,340,3,False,2,6,True,True,2,2,0,305,70,6,305,70,6,False,False,,,False
92198029,1076.7,WIN,True,16,3,MAIN,6,ATTACK_SELECTION,ATTACK,,ATTACK,2,1,678,340,340,3,False,3,6,True,True,2,2,0,305,70,6,,,6,False,False,,,False
92198029,1076.7,WIN,True,17,3,TO_HAND,6,RESOURCE_MANAGEMENT,,,,0,0,678,340,340,3,False,3,6,False,True,2,2,0,,,6,861,310,6,,,,,False
92198029,1076.7,WIN,True,18,5,MAIN,12,RESOURCE_MANAGEMENT,PLAY_ITEM,1121,PLAY,2,0,678,140,340,3,True,3,5,True,True,2,2,0,861,310,6,861,310,6,False,False,Resentful Refrain,0,False
92198029,1076.7,WIN,True,19,5,DISCARD,4,RESOURCE_MANAGEMENT,,,CARD;CARD,0,0,678,140,340,3,True,3,5,False,True,2,2,0,861,310,6,861,310,6,False,False,Resentful Refrain,0,False
92198029,1076.7,WIN,True,20,5,TO_HAND,9,RESOURCE_MANAGEMENT,,,CARD,0,0,678,140,340,3,True,3,5,False,True,2,2,0,861,310,6,861,310,6,False,False,Resentful Refrain,0,False
92198029,1076.7,WIN,True,21,5,MAIN,10,RESOURCE_MANAGEMENT,PLAY_POKEMON,676,PLAY,2,0,678,140,340,3,True,3,5,True,True,2,2,0,861,310,6,861,310,6,False,False,Resentful Refrain,0,False
92198029,1076.7,WIN,True,22,5,MAIN,11,RESOURCE_MANAGEMENT,ABILITY,,ABILITY,2,0,678,140,340,3,True,4,5,True,True,2,2,0,861,310,6,861,310,6,False,False,Resentful Refrain,0,False
92198029,1076.7,WIN,True,23,5,DISCARD,1,RESOURCE_MANAGEMENT,,,CARD,0,0,678,140,340,3,True,4,5,False,True,2,2,0,861,310,6,861,310,6,False,False,Resentful Refrain,0,False
92198029,1076.7,WIN,True,24,5,MAIN,8,RESOURCE_MANAGEMENT,PLAY_ITEM,1121,PLAY,2,0,678,140,340,3,True,4,5,True,True,2,2,0,861,310,6,861,310,6,False,False,Resentful Refrain,0,False
92198029,1076.7,WIN,True,25,5,DISCARD,3,RESOURCE_MANAGEMENT,,,CARD;CARD,0,0,678,140,340,3,True,4,5,False,True,2,2,0,861,310,6,861,310,6,False,False,Resentful Refrain,0,False
92198029,1076.7,WIN,True,26,5,TO_HAND,7,RESOURCE_MANAGEMENT,,,CARD,0,0,678,140,340,3,True,4,5,False,True,2,2,0,861,310,6,861,310,6,False,False,Resentful Refrain,0,False
92198029,1076.7,WIN,True,27,5,MAIN,6,BENCH_MANAGEMENT,EVOLVE,,EVOLVE,2,0,678,140,340,3,True,4,5,True,True,2,2,0,861,310,6,861,310,6,False,False,Resentful Refrain,0,False
92198029,1076.7,WIN,True,28,5,ACTIVATE,2,RESOURCE_MANAGEMENT,,,YES,0,0,678,140,340,3,True,4,5,False,True,2,2,0,861,310,6,861,310,6,False,False,Resentful Refrain,0,False
92198029,1076.7,WIN,True,29,5,SWITCH,4,ACTIVE_POKEMON_SELECTION,,,CARD,0,0,678,140,340,3,True,4,5,False,True,2,2,0,861,310,6,848,70,6,False,False,Resentful Refrain,0,False
92198029,1076.7,WIN,True,30,5,MAIN,5,ATTACK_SELECTION,ATTACK,,ATTACK,2,1,678,140,340,3,True,4,5,True,True,2,2,0,848,70,6,848,0,6,False,False,Run Around,0,False
92198029,1076.7,WIN,True,31,5,ATTACH_TO,1,ENERGY_MANAGEMENT,,,CARD,0,0,678,140,340,3,True,4,5,False,True,2,2,0,848,0,6,848,0,6,False,False,Run Around,0,False
92198029,1076.7,WIN,True,32,5,ATTACH_FROM,4,ENERGY_MANAGEMENT,,,CARD,0,0,678,140,340,3,True,4,5,False,True,2,2,0,848,0,6,,,6,False,False,Run Around,0,False
92198029,1076.7,WIN,True,33,5,TO_HAND,5,RESOURCE_MANAGEMENT,,,,0,0,678,140,340,3,True,4,5,False,True,2,2,1,,,6,861,310,6,,,,,False
92198029,1076.7,WIN,True,34,7,MAIN,7,RESOURCE_MANAGEMENT,PLAY_ITEM,1141,PLAY,2,0,678,40,340,3,True,4,4,True,True,2,2,1,861,310,6,861,310,6,False,True,Resentful Refrain,0,False
92198029,1076.7,WIN,True,35,7,MAIN,6,RESOURCE_MANAGEMENT,PLAY_ITEM,1152,PLAY,2,0,678,40,340,3,True,4,4,True,True,2,2,1,861,310,6,861,310,6,False,True,Resentful Refrain,0,False
92198029,1076.7,WIN,True,36,7,TO_HAND,4,RESOURCE_MANAGEMENT,,,CARD,0,0,678,40,340,3,True,4,4,False,True,2,2,1,861,310,6,861,310,6,False,True,Resentful Refrain,0,False
92198029,1076.7,WIN,True,37,7,MAIN,6,RESOURCE_MANAGEMENT,PLAY_POKEMON,677,PLAY,2,0,678,40,340,3,True,4,4,True,True,2,2,1,861,310,6,861,310,6,False,True,Resentful Refrain,0,False
92198029,1076.7,WIN,True,38,7,MAIN,5,RESOURCE_MANAGEMENT,PLAY_SUPPORTER,1227,PLAY,2,0,678,40,340,3,True,5,4,True,True,2,2,1,861,310,6,861,310,6,False,True,Resentful Refrain,0,False
92198029,1076.7,WIN,True,39,7,MAIN,20,RESOURCE_MANAGEMENT,PLAY_ITEM,1141,PLAY,2,0,678,40,340,3,True,5,4,True,True,2,2,1,861,310,6,861,310,6,False,True,Resentful Refrain,0,False
92198029,1076.7,WIN,True,40,7,MAIN,19,RESOURCE_MANAGEMENT,ABILITY,,ABILITY,2,0,678,40,340,3,True,5,4,True,True,2,2,1,861,310,6,861,310,6,False,True,Resentful Refrain,0,False
92198029,1076.7,WIN,True,41,7,DISCARD,1,RESOURCE_MANAGEMENT,,,CARD,0,0,678,40,340,3,True,5,4,False,True,2,2,1,861,310,6,861,310,6,False,True,Resentful Refrain,0,False
92198029,1076.7,WIN,True,42,7,MAIN,20,RESOURCE_MANAGEMENT,PLAY_ITEM,1121,PLAY,2,0,678,40,340,3,True,5,4,True,True,2,2,1,861,310,6,861,310,6,False,True,Resentful Refrain,0,False
92198029,1076.7,WIN,True,43,7,DISCARD,6,RESOURCE_MANAGEMENT,,,CARD;CARD,0,0,678,40,340,3,True,5,4,False,True,2,2,1,861,310,6,861,310,6,False,True,Resentful Refrain,0,False
92198029,1076.7,WIN,True,44,7,TO_HAND,4,RESOURCE_MANAGEMENT,,,CARD,0,0,678,40,340,3,True,5,4,False,True,2,2,1,861,310,6,861,310,6,False,True,Resentful Refrain,0,False
92198029,1076.7,WIN,True,45,7,MAIN,19,BENCH_MANAGEMENT,EVOLVE,,EVOLVE,2,0,678,40,340,3,True,5,4,True,True,2,2,1,861,310,6,861,310,6,False,True,Resentful Refrain,0,False
92198029,1076.7,WIN,True,46,7,MAIN,18,ENERGY_MANAGEMENT,ATTACH_ENERGY,,ATTACH,2,0,678,40,340,3,True,5,4,True,True,2,2,1,861,310,6,861,310,6,False,True,Resentful Refrain,0,False
92198029,1076.7,WIN,True,47,7,MAIN,12,ENERGY_MANAGEMENT,ATTACH_ENERGY,,ATTACH,2,0,678,40,340,3,True,5,4,True,True,2,2,1,861,310,6,861,310,6,False,True,Resentful Refrain,0,False
92198029,1076.7,WIN,True,48,7,MAIN,6,RESOURCE_MANAGEMENT,PLAY_ITEM,1142,PLAY,2,0,678,40,340,3,True,5,4,True,True,2,2,1,861,310,6,861,310,6,False,True,Resentful Refrain,0,False
92198029,1076.7,WIN,True,49,7,TO_HAND,9,RESOURCE_MANAGEMENT,,,CARD,0,0,678,40,340,3,True,5,4,False,True,2,2,1,861,310,6,861,310,6,False,True,Resentful Refrain,0,False
92198029,1076.7,WIN,True,50,7,MAIN,5,ATTACK_SELECTION,ATTACK,,ATTACK,2,1,678,40,340,3,True,5,4,True,True,2,2,1,861,310,6,,,6,False,True,Resentful Refrain,0,False
92198029,1076.7,WIN,True,51,7,TO_HAND,4,RESOURCE_MANAGEMENT,,,,0,0,678,40,340,3,True,5,4,False,True,2,2,1,,,6,861,310,3,,,,,False
92198029,1076.7,WIN,True,52,8,TO_ACTIVE,5,ACTIVE_POKEMON_SELECTION,,,CARD,0,0,,,,,False,5,1,False,True,,,1,861,310,3,861,310,3,,,,,True
92198029,1076.7,WIN,True,53,9,MAIN,23,RESOURCE_MANAGEMENT,ABILITY,,ABILITY,2,0,678,440,440,3,False,4,1,True,True,2,2,0,861,310,3,861,310,3,False,False,Resentful Refrain,0,False
92198029,1076.7,WIN,True,54,9,DISCARD,3,RESOURCE_MANAGEMENT,,,CARD,0,0,678,440,440,3,False,4,1,False,True,2,2,0,861,310,3,861,310,3,False,False,Resentful Refrain,0,False
92198029,1076.7,WIN,True,55,9,MAIN,24,RESOURCE_MANAGEMENT,PLAY_SUPPORTER,1213,PLAY,2,0,678,440,440,3,False,4,1,True,True,2,2,0,861,310,3,861,310,3,False,False,Resentful Refrain,0,False
92198029,1076.7,WIN,True,56,9,MAIN,11,ENERGY_MANAGEMENT,ATTACH_ENERGY,,ATTACH,2,0,678,440,440,3,False,4,1,True,True,2,2,0,861,310,3,861,310,3,False,False,Resentful Refrain,0,False
92198029,1076.7,WIN,True,57,9,MAIN,6,ATTACK_SELECTION,ATTACK,,ATTACK,2,1,678,440,440,3,False,4,1,True,True,2,2,1,861,310,3,861,180,3,False,False,Resentful Refrain,0,False
92198029,1076.7,WIN,True,58,9,ATTACH_TO,4,ENERGY_MANAGEMENT,,,CARD;CARD;CARD,0,0,678,440,440,3,False,4,1,False,True,2,2,1,861,180,3,861,180,3,False,False,Resentful Refrain,0,False
92198029,1076.7,WIN,True,59,9,ATTACH_FROM,4,ENERGY_MANAGEMENT,,,CARD,0,0,678,440,440,3,False,4,1,False,True,2,2,1,861,180,3,861,180,3,False,False,Resentful Refrain,0,False
92198029,1076.7,WIN,True,60,9,ATTACH_FROM,4,ENERGY_MANAGEMENT,,,CARD,0,0,678,440,440,3,False,4,1,False,True,2,2,1,861,180,3,861,180,3,False,False,Resentful Refrain,0,False
92198029,1076.7,WIN,True,61,9,ATTACH_FROM,4,ENERGY_MANAGEMENT,,,,0,0,678,440,440,3,False,4,1,False,True,2,2,1,861,180,3,861,310,3,False,False,Resentful Refrain,0,False
92198029,1076.7,WIN,True,62,11,MAIN,8,RESOURCE_MANAGEMENT,PLAY_SUPPORTER,1182,PLAY,2,0,678,290,440,3,True,4,1,True,True,2,2,2,861,310,3,861,310,3,False,False,Resentful Refrain,0,False
92198029,1076.7,WIN,True,63,11,SWITCH,4,ACTIVE_POKEMON_SELECTION,,,CARD,0,0,678,290,440,3,True,4,1,False,True,2,2,2,861,310,3,305,70,3,False,False,Resentful Refrain,0,False
92198029,1076.7,WIN,True,64,11,MAIN,7,ATTACK_SELECTION,ATTACK,,ATTACK,2,1,678,290,440,3,True,4,1,True,True,2,2,2,305,70,3,305,0,3,False,False,,,False
92198029,1076.7,WIN,True,65,11,ATTACH_TO,1,ENERGY_MANAGEMENT,,,CARD,0,0,678,290,440,3,True,4,1,False,True,2,2,2,305,0,3,305,0,3,False,False,,,False
92198029,1076.7,WIN,True,66,11,ATTACH_FROM,4,ENERGY_MANAGEMENT,,,CARD,0,0,678,290,440,3,True,4,1,False,True,2,2,2,305,0,3,,,3,False,False,,,False
92197087,589.9,WIN,False,0,,,0,UNKNOWN,,,,0,0,,,,,False,,,False,False,,,0,,,,,,,,,,,False
92197087,589.9,WIN,False,1,,,0,UNKNOWN,,,,0,0,,,,,False,,,False,False,,,0,,,,,,0,,,,,False
92197087,589.9,WIN,False,2,0,SETUP_ACTIVE_POKEMON,2,EARLY_GAME_SETUP,,,,0,0,,,,,False,0,0,False,False,,,0,,,0,,,6,,,,,False
92197087,589.9,WIN,False,3,0,SETUP_BENCH_POKEMON,1,BENCH_MANAGEMENT,,,,0,0,,,,,False,0,6,False,False,,,0,,,6,92,40,6,,,,,False
92197087,589.9,WIN,False,4,2,MAIN,6,RESOURCE_MANAGEMENT,PLAY_ITEM,1121,PLAY,0,0,676,110,110,1,False,1,6,False,True,1,0,0,92,40,6,92,40,6,False,False,,,False
92197087,589.9,WIN,False,5,2,DISCARD,5,RESOURCE_MANAGEMENT,,,CARD;CARD,0,0,676,110,110,1,False,1,6,False,True,1,0,0,92,40,6,92,40,6,False,False,,,False
92197087,589.9,WIN,False,6,2,TO_HAND,12,RESOURCE_MANAGEMENT,,,CARD,0,0,676,110,110,1,False,1,6,False,True,1,0,0,92,40,6,92,40,6,False,False,,,False
92197087,589.9,WIN,False,7,2,MAIN,4,RESOURCE_MANAGEMENT,PLAY_POKEMON,677,PLAY,0,0,676,110,110,1,False,1,6,False,True,1,0,0,92,40,6,92,40,6,False,False,,,False
92197087,589.9,WIN,False,8,2,MAIN,3,RESOURCE_MANAGEMENT,PLAY_SUPPORTER,1227,PLAY,0,0,676,110,110,1,False,2,6,False,True,1,0,0,92,40,6,92,40,6,False,False,,,False
92197087,589.9,WIN,False,9,2,MAIN,16,RESOURCE_MANAGEMENT,ABILITY,,ABILITY,0,0,676,110,110,1,False,2,6,False,True,1,0,0,92,40,6,92,40,6,False,False,,,False
92197087,589.9,WIN,False,10,2,DISCARD,3,RESOURCE_MANAGEMENT,,,CARD,0,0,676,110,110,1,False,2,6,False,True,1,0,0,92,40,6,92,40,6,False,False,,,False
92197087,589.9,WIN,False,11,2,MAIN,15,RESOURCE_MANAGEMENT,PLAY_POKEMON,673,PLAY,0,0,676,110,110,1,False,2,6,False,True,1,0,0,92,40,6,92,40,6,False,False,,,False
92197087,589.9,WIN,False,12,2,MAIN,17,RESOURCE_MANAGEMENT,PLAY_POKEMON,677,PLAY,0,0,676,110,110,1,False,3,6,False,True,1,0,0,92,40,6,92,40,6,False,False,,,False
92197087,589.9,WIN,False,13,2,MAIN,19,RESOURCE_MANAGEMENT,PLAY_ITEM,1152,PLAY,0,0,676,110,110,1,False,4,6,False,True,1,0,0,92,40,6,92,40,6,False,False,,,False
92197087,589.9,WIN,False,14,2,TO_HAND,4,RESOURCE_MANAGEMENT,,,CARD,0,0,676,110,110,1,False,4,6,False,True,1,0,0,92,40,6,92,40,6,False,False,,,False
92197087,589.9,WIN,False,15,2,MAIN,19,RESOURCE_MANAGEMENT,PLAY_POKEMON,676,PLAY,0,0,676,110,110,1,False,4,6,False,True,1,0,0,92,40,6,92,40,6,False,False,,,False
92197087,589.9,WIN,False,16,2,MAIN,20,ENERGY_MANAGEMENT,ATTACH_ENERGY,,ATTACH,0,0,676,110,110,1,False,5,6,False,True,1,0,0,92,40,6,92,40,6,False,False,,,False
92197087,589.9,WIN,False,17,2,MAIN,10,ENERGY_MANAGEMENT,ATTACH_ENERGY,,ATTACH,1,0,676,110,110,1,False,5,6,True,True,1,1,0,92,40,6,92,40,6,False,False,,,False
92197087,589.9,WIN,False,18,2,MAIN,4,ATTACK_SELECTION,ATTACK,,ATTACK,1,1,676,110,110,1,False,5,6,True,True,1,1,0,92,40,6,,,6,False,False,,,False
92197087,589.9,WIN,False,19,2,TO_HAND,6,RESOURCE_MANAGEMENT,,,,0,0,676,110,110,1,False,5,6,False,True,1,1,0,,,6,93,80,5,,,,,False
92197087,589.9,WIN,False,20,3,TO_ACTIVE,5,ACTIVE_POKEMON_SELECTION,,,,0,0,,,,,False,5,5,False,True,,,0,93,80,5,93,80,5,,,,,True
92197087,589.9,WIN,False,21,4,MAIN,13,RESOURCE_MANAGEMENT,ABILITY,,ABILITY,0,0,677,80,180,1,True,4,5,False,True,2,0,0,93,80,5,93,80,5,False,False,Do the Wave,0,False
92197087,589.9,WIN,False,22,4,DISCARD,2,RESOURCE_MANAGEMENT,,,CARD,0,0,677,80,180,1,True,4,5,False,True,2,0,0,93,80,5,93,80,5,False,False,Do the Wave,0,False
92197087,589.9,WIN,False,23,4,MAIN,11,BENCH_MANAGEMENT,EVOLVE,,EVOLVE,0,0,677,80,180,1,True,4,5,False,True,2,0,0,93,80,5,93,80,5,False,False,Do the Wave,0,False
92197087,589.9,WIN,False,24,4,MAIN,9,RESOURCE_MANAGEMENT,PLAY_SUPPORTER,1182,PLAY,0,0,678,340,440,3,True,4,5,False,True,2,0,0,93,80,5,93,80,5,False,False,Do the Wave,0,True
92197087,589.9,WIN,False,25,4,SWITCH,5,ACTIVE_POKEMON_SELECTION,,,CARD,0,0,678,340,440,3,True,4,5,False,True,2,0,0,93,80,5,140,210,5,False,False,Do the Wave,0,False
92197087,589.9,WIN,False,26,4,MAIN,8,ENERGY_MANAGEMENT,ATTACH_ENERGY,,ATTACH,0,0,678,340,440,3,True,4,5,False,True,2,0,0,140,210,5,140,210,5,False,False,,,False
92197087,589.9,WIN,False,27,4,MAIN,4,ATTACK_SELECTION,ATTACK,,ATTACK,1,1,678,340,440,3,True,4,5,False,True,2,1,0,140,210,5,140,0,5,False,False,,,False
92197087,589.9,WIN,False,28,4,ATTACH_TO,3,ENERGY_MANAGEMENT,,,CARD;CARD;CARD,0,0,678,340,440,3,True,4,5,False,True,2,1,0,140,0,5,140,0,5,False,False,,,False
92197087,589.9,WIN,False,29,4,ATTACH_FROM,4,ENERGY_MANAGEMENT,,,CARD,0,0,678,340,440,3,True,4,5,False,True,2,1,0,140,0,5,140,0,5,False,False,,,False
92197087,589.9,WIN,False,30,4,ATTACH_FROM,4,ENERGY_MANAGEMENT,,,CARD,0,0,678,340,440,3,True,4,5,False,True,2,1,1,140,0,5,140,0,5,False,False,,,False
92197087,589.9,WIN,False,31,4,ATTACH_FROM,4,ENERGY_MANAGEMENT,,,CARD,0,0,678,340,440,3,True,4,5,False,True,2,1,2,140,0,5,,,5,False,False,,,False
92197087,589.9,WIN,False,32,4,TO_HAND,5,RESOURCE_MANAGEMENT,,,,0,0,678,340,440,3,True,4,5,False,True,2,1,2,,,5,93,80,5,,,,,False
92197087,589.9,WIN,False,33,6,MAIN,12,RESOURCE_MANAGEMENT,ABILITY,,ABILITY,1,0,678,140,440,3,True,4,3,False,True,2,1,2,93,80,5,93,80,5,False,False,Do the Wave,0,False
92197087,589.9,WIN,False,34,6,DISCARD,1,RESOURCE_MANAGEMENT,,,CARD,0,0,678,140,440,3,True,4,3,False,True,2,1,2,93,80,5,93,80,5,False,False,Do the Wave,0,False
92197087,589.9,WIN,False,35,6,MAIN,17,BENCH_MANAGEMENT,EVOLVE,,EVOLVE,1,0,678,140,440,3,True,4,3,False,True,2,1,2,93,80,5,93,80,5,False,False,Do the Wave,0,False
92197087,589.9,WIN,False,36,6,ACTIVATE,2,RESOURCE_MANAGEMENT,,,YES,0,0,678,140,440,3,True,4,3,False,True,2,1,1,93,80,5,93,80,5,False,False,Do the Wave,0,False
92197087,589.9,WIN,False,37,6,SWITCH,5,ACTIVE_POKEMON_SELECTION,,,CARD,0,0,678,140,440,3,True,4,3,False,True,2,1,1,93,80,5,90,100,5,False,False,Do the Wave,0,False
92197087,589.9,WIN,False,38,6,MAIN,16,ENERGY_MANAGEMENT,ATTACH_ENERGY,,ATTACH,1,0,678,140,440,3,True,4,3,False,True,2,1,1,90,100,5,90,100,5,False,False,,,False
92197087,589.9,WIN,False,39,6,MAIN,8,RESOURCE_MANAGEMENT,PLAY_ITEM,1141,PLAY,2,0,678,140,440,3,True,4,3,True,True,2,2,1,90,100,5,90,100,5,False,False,,,False
92197087,589.9,WIN,False,40,6,MAIN,7,RESOURCE_MANAGEMENT,PLAY_SUPPORTER,1227,PLAY,2,0,678,140,440,3,True,4,3,True,True,2,2,1,90,100,5,90,100,5,False,False,,,False
92197087,589.9,WIN,False,41,6,MAIN,7,RESOURCE_MANAGEMENT,PLAY_ITEM,1142,PLAY,2,0,678,140,440,3,True,4,3,True,True,2,2,1,90,100,5,90,100,5,False,False,,,False
92197087,589.9,WIN,False,42,6,TO_HAND,8,RESOURCE_MANAGEMENT,,,CARD,0,0,678,140,440,3,True,4,3,False,True,2,2,1,90,100,5,90,100,5,False,False,,,False
92197087,589.9,WIN,False,43,6,MAIN,7,RESOURCE_MANAGEMENT,PLAY_POKEMON,673,PLAY,2,0,678,140,440,3,True,4,3,True,True,2,2,1,90,100,5,90,100,5,False,False,,,False
92197087,589.9,WIN,False,44,6,MAIN,6,RESOURCE_MANAGEMENT,PLAY_ITEM,1142,PLAY,2,0,678,140,440,3,True,5,3,True,True,2,2,1,90,100,5,90,100,5,False,False,,,False
92197087,589.9,WIN,False,45,6,TO_HAND,7,RESOURCE_MANAGEMENT,,,CARD,0,0,678,140,440,3,True,5,3,False,True,2,2,1,90,100,5,90,100,5,False,False,,,False
92197087,589.9,WIN,False,46,6,MAIN,5,RETREAT_SELECTION,RETREAT,,RETREAT,2,0,678,140,440,3,True,5,3,True,True,2,2,1,90,100,5,90,100,5,False,False,,,False
92197087,589.9,WIN,False,47,6,DISCARD_ENERGY,2,ENERGY_MANAGEMENT,,,ENERGY,0,0,678,140,440,3,True,5,3,False,True,2,2,1,90,100,5,90,100,5,False,False,,,False
92197087,589.9,WIN,False,48,6,DISCARD_ENERGY,1,ENERGY_MANAGEMENT,,,ENERGY,0,0,678,140,440,3,True,5,3,False,True,2,1,1,90,100,5,90,100,5,False,False,,,False
92197087,589.9,WIN,False,49,6,SWITCH,5,ACTIVE_POKEMON_SELECTION,,,CARD,0,0,678,140,440,3,True,5,3,False,True,2,0,1,90,100,5,90,100,5,False,False,,,False
92197087,589.9,WIN,False,50,6,MAIN,3,RESOURCE_MANAGEMENT,PLAY_ITEM,1141,PLAY,1,0,677,80,80,1,False,5,3,False,True,2,1,0,90,100,5,90,100,5,False,False,,,True
92197087,589.9,WIN,False,51,6,MAIN,2,TIMING,,,,1,0,677,80,80,1,False,5,3,False,True,2,1,0,90,100,5,90,10,5,False,False,,,False
92197087,589.9,WIN,False,52,7,DISCARD,4,RESOURCE_MANAGEMENT,,,,0,0,677,80,80,1,False,5,3,False,True,2,1,0,90,10,5,90,10,5,False,False,,,False
92197087,589.9,WIN,False,53,8,MAIN,15,RESOURCE_MANAGEMENT,ABILITY,,ABILITY,0,0,677,80,80,1,False,5,3,False,True,2,1,0,90,10,5,90,10,5,False,False,,,False
92197087,589.9,WIN,False,54,8,DISCARD,2,RESOURCE_MANAGEMENT,,,CARD,0,0,677,80,80,1,False,5,3,False,True,2,1,0,90,10,5,90,10,5,False,False,,,False
92197087,589.9,WIN,False,55,8,MAIN,11,RESOURCE_MANAGEMENT,PLAY_SUPPORTER,1229,PLAY,0,0,677,80,80,1,False,5,3,False,True,2,1,0,90,10,5,90,10,5,False,False,,,False
92197087,589.9,WIN,False,56,8,HEAL,1,RESOURCE_MANAGEMENT,,,CARD,0,0,677,80,80,1,False,5,3,False,True,2,1,0,90,10,5,90,10,5,False,False,,,False
92197087,589.9,WIN,False,57,8,MAIN,9,ENERGY_MANAGEMENT,ATTACH_ENERGY,,ATTACH,0,0,677,80,80,1,False,5,3,False,True,2,1,0,90,10,5,90,10,5,False,False,,,False
92197087,589.9,WIN,False,58,8,MAIN,3,RESOURCE_MANAGEMENT,PLAY_ITEM,1123,PLAY,0,0,677,80,80,1,False,5,3,False,True,2,1,1,90,10,5,90,10,5,False,False,,,False
92197087,589.9,WIN,False,59,8,SWITCH,5,ACTIVE_POKEMON_SELECTION,,,CARD,0,0,677,80,80,1,False,5,3,False,True,2,1,1,90,10,5,90,10,5,False,False,,,False
92197087,589.9,WIN,False,60,8,MAIN,3,ATTACK_SELECTION,ATTACK,,ATTACK,1,1,678,440,440,3,False,5,3,False,True,2,1,1,90,10,5,90,0,5,False,False,,,True
92197087,589.9,WIN,False,61,8,ATTACH_TO,5,ENERGY_MANAGEMENT,,,CARD;CARD;CARD,0,0,678,440,440,3,False,5,3,False,True,2,1,1,90,0,5,90,0,5,False,False,,,False
92197087,589.9,WIN,False,62,8,ATTACH_FROM,5,ENERGY_MANAGEMENT,,,CARD,0,0,678,440,440,3,False,5,3,False,True,2,1,1,90,0,5,90,0,5,False,False,,,False
92197087,589.9,WIN,False,63,8,ATTACH_FROM,5,ENERGY_MANAGEMENT,,,CARD,0,0,678,440,440,3,False,5,3,False,True,2,1,2,90,0,5,90,0,5,False,False,,,False
92197087,589.9,WIN,False,64,8,ATTACH_FROM,5,ENERGY_MANAGEMENT,,,CARD,0,0,678,440,440,3,False,5,3,False,True,2,1,3,90,0,5,,,5,False,False,,,False
92197087,589.9,WIN,False,65,8,TO_HAND,3,RESOURCE_MANAGEMENT,,,,0,0,678,440,440,3,False,5,3,False,True,2,1,3,,,5,93,80,5,,,,,False
92197087,589.9,WIN,False,66,10,MAIN,5,RESOURCE_MANAGEMENT,PLAY_SUPPORTER,1229,PLAY,1,0,678,80,340,3,True,5,2,False,True,2,1,3,93,80,5,93,80,5,False,False,Do the Wave,0,False
92197087,589.9,WIN,False,67,10,HEAL,1,RESOURCE_MANAGEMENT,,,CARD,0,0,678,80,340,3,True,5,2,False,True,2,1,3,93,80,5,93,80,5,False,False,Do the Wave,0,False
92197087,589.9,WIN,False,68,10,MAIN,10,ENERGY_MANAGEMENT,ATTACH_ENERGY,,ATTACH,0,0,678,340,340,3,False,5,2,False,True,2,0,3,93,80,5,93,80,5,False,False,Do the Wave,0,False
92197087,589.9,WIN,False,69,10,MAIN,4,ATTACK_SELECTION,ATTACK,,ATTACK,1,1,678,340,340,3,False,5,2,False,True,2,1,3,93,80,5,93,0,5,False,False,Do the Wave,0,False
92197087,589.9,WIN,False,70,10,ATTACH_TO,2,ENERGY_MANAGEMENT,,,CARD;CARD,0,0,678,340,340,3,False,5,2,False,True,2,1,3,93,0,5,93,0,5,False,False,Do the Wave,0,False
92197087,589.9,WIN,False,71,10,ATTACH_FROM,5,ENERGY_MANAGEMENT,,,CARD,0,0,678,340,340,3,False,5,2,False,True,2,1,3,93,0,5,93,0,5,False,False,Do the Wave,0,False
92197087,589.9,WIN,False,72,10,ATTACH_FROM,5,ENERGY_MANAGEMENT,,,CARD,0,0,678,340,340,3,False,5,2,False,True,2,1,4,93,0,5,,,5,False,False,Do the Wave,0,False
92197087,589.9,WIN,False,73,10,TO_HAND,2,RESOURCE_MANAGEMENT,,,,0,0,678,340,340,3,False,5,2,False,True,2,1,4,,,5,93,80,5,,,,,False
92197087,589.9,WIN,False,74,12,MAIN,6,RESOURCE_MANAGEMENT,PLAY_ITEM,1141,PLAY,1,0,678,120,340,3,True,5,1,False,True,2,1,4,93,80,5,93,80,5,False,False,Do the Wave,0,False
92197087,589.9,WIN,False,75,12,MAIN,5,ATTACK_SELECTION,ATTACK,,ATTACK,1,1,678,120,340,3,True,5,1,False,True,2,1,4,93,80,5,,,5,False,False,Do the Wave,0,False
92196147,556.9,WIN,True,0,,,0,UNKNOWN,,,,0,0,,,,,False,,,False,False,,,0,,,,,,,,,,,False
92196147,556.9,WIN,True,1,,,0,UNKNOWN,,,,0,0,,,,,False,,,False,False,,,0,,,,,,0,,,,,False
92196147,556.9,WIN,True,2,0,IS_FIRST,2,GOING_FIRST_SECOND,,,YES,0,0,,,,,False,0,0,False,False,,,0,,,0,,,0,,,,,False
92196147,556.9,WIN,True,3,0,SETUP_ACTIVE_POKEMON,1,EARLY_GAME_SETUP,,,,0,0,,,,,False,0,0,False,False,,,0,,,0,756,300,6,,,,,False
92196147,556.9,WIN,True,4,1,MAIN,3,TIMING,,,,0,0,677,80,80,1,False,0,6,False,False,2,0,0,756,300,6,756,300,6,False,False,,,False
92196147,556.9,WIN,True,5,3,MAIN,5,RESOURCE_MANAGEMENT,PLAY_ITEM,1141,PLAY,0,0,677,80,80,1,False,0,6,False,False,2,0,0,756,300,6,756,300,6,False,False,,,False
92196147,556.9,WIN,True,6,3,MAIN,4,RESOURCE_MANAGEMENT,PLAY_ITEM,1141,PLAY,0,0,677,80,80,1,False,0,6,False,False,2,0,0,756,300,6,756,300,6,False,False,,,False
92196147,556.9,WIN,True,7,3,MAIN,3,RESOURCE_MANAGEMENT,PLAY_SUPPORTER,1227,PLAY,0,0,677,80,80,1,False,0,6,False,False,2,0,0,756,300,6,756,300,6,False,False,,,False
92196147,556.9,WIN,True,8,3,MAIN,7,RESOURCE_MANAGEMENT,PLAY_POKEMON,673,PLAY,0,0,677,80,80,1,False,0,6,False,False,2,0,0,756,300,6,756,300,6,False,False,,,False
92196147,556.9,WIN,True,9,3,MAIN,6,RESOURCE_MANAGEMENT,PLAY_POKEMON,676,PLAY,0,0,677,80,80,1,False,1,6,False,True,2,0,0,756,300,6,756,300,6,False,False,,,False
92196147,556.9,WIN,True,10,3,MAIN,5,RESOURCE_MANAGEMENT,PLAY_ITEM,1142,PLAY,0,0,677,80,80,1,False,2,6,False,True,2,0,0,756,300,6,756,300,6,False,False,,,False
92196147,556.9,WIN,True,11,3,TO_HAND,16,RESOURCE_MANAGEMENT,,,CARD,0,0,677,80,80,1,False,2,6,False,True,2,0,0,756,300,6,756,300,6,False,False,,,False
92196147,556.9,WIN,True,12,3,MAIN,7,ENERGY_MANAGEMENT,ATTACH_ENERGY,,ATTACH,0,0,677,80,80,1,False,2,6,False,True,2,0,0,756,300,6,756,300,6,False,False,,,False
92196147,556.9,WIN,True,13,3,MAIN,5,BENCH_MANAGEMENT,EVOLVE,,EVOLVE,1,0,677,80,80,1,False,2,6,False,True,2,1,0,756,300,6,756,300,6,False,False,,,False
92196147,556.9,WIN,True,14,3,MAIN,3,ATTACK_SELECTION,ATTACK,,ATTACK,1,1,678,340,340,3,False,2,6,False,True,2,1,0,756,300,6,,,6,False,False,,,True
92196147,556.9,WIN,True,15,3,TO_HAND,6,RESOURCE_MANAGEMENT,,,,0,0,678,320,340,3,True,2,6,False,True,2,1,0,,,6,345,170,6,,,,,False
92196147,556.9,WIN,True,16,5,MAIN,9,RESOURCE_MANAGEMENT,PLAY_ITEM,1152,PLAY,1,0,678,320,340,3,True,2,3,False,True,2,1,0,345,170,6,345,170,6,False,False,,,False
92196147,556.9,WIN,True,17,5,TO_HAND,5,RESOURCE_MANAGEMENT,,,CARD,0,0,678,320,340,3,True,2,3,False,True,2,1,0,345,170,6,345,170,6,False,False,,,False
92196147,556.9,WIN,True,18,5,MAIN,9,RESOURCE_MANAGEMENT,PLAY_POKEMON,675,PLAY,1,0,678,320,340,3,True,2,3,False,True,2,1,0,345,170,6,345,170,6,False,False,,,False
92196147,556.9,WIN,True,19,5,MAIN,8,RESOURCE_MANAGEMENT,PLAY_POKEMON,676,PLAY,1,0,678,320,340,3,True,3,3,False,True,2,1,0,345,170,6,345,170,6,False,False,,,False
92196147,556.9,WIN,True,20,5,MAIN,7,RESOURCE_MANAGEMENT,PLAY_POKEMON,677,PLAY,1,0,678,320,340,3,True,4,3,False,True,2,1,0,345,170,6,345,170,6,False,False,,,False
92196147,556.9,WIN,True,21,5,MAIN,6,RESOURCE_MANAGEMENT,PLAY_SUPPORTER,1227,PLAY,1,0,678,320,340,3,True,5,3,False,True,2,1,0,345,170,6,345,170,6,False,False,,,False
92196147,556.9,WIN,True,22,5,MAIN,18,RESOURCE_MANAGEMENT,ABILITY,,ABILITY,1,0,678,320,340,3,True,5,3,False,True,2,1,0,345,170,6,345,170,6,False,False,,,False
92196147,556.9,WIN,True,23,5,DISCARD,2,RESOURCE_MANAGEMENT,,,CARD,0,0,678,320,340,3,True,5,3,False,True,2,1,0,345,170,6,345,170,6,False,False,,,False
92196147,556.9,WIN,True,24,5,MAIN,12,RESOURCE_MANAGEMENT,PLAY_ITEM,1152,PLAY,1,0,678,320,340,3,True,5,3,False,True,2,1,0,345,170,6,345,170,6,False,False,,,False
92196147,556.9,WIN,True,25,5,TO_HAND,4,RESOURCE_MANAGEMENT,,,CARD,0,0,678,320,340,3,True,5,3,False,True,2,1,0,345,170,6,345,170,6,False,False,,,False
92196147,556.9,WIN,True,26,5,MAIN,12,ENERGY_MANAGEMENT,ATTACH_ENERGY,,ATTACH,1,0,678,320,340,3,True,5,3,False,True,2,1,0,345,170,6,345,170,6,False,False,,,False
92196147,556.9,WIN,True,27,5,MAIN,8,BENCH_MANAGEMENT,EVOLVE,,EVOLVE,2,0,678,320,340,3,True,5,3,True,True,2,2,0,345,170,6,345,170,6,False,False,,,False
92196147,556.9,WIN,True,28,5,ACTIVATE,2,RESOURCE_MANAGEMENT,,,YES,0,0,678,320,340,3,True,5,3,False,True,2,2,0,345,170,6,345,170,6,False,False,,,False
92196147,556.9,WIN,True,29,5,SWITCH,1,ACTIVE_POKEMON_SELECTION,,,CARD,0,0,678,320,340,3,True,5,3,False,True,2,2,0,345,170,6,345,150,6,False,False,,,False
92196147,556.9,WIN,True,30,5,MAIN,7,ATTACK_SELECTION,ATTACK,,ATTACK,2,1,678,320,340,3,True,5,3,True,True,2,2,0,345,150,6,345,150,6,False,False,,,False
92196147,556.9,WIN,True,31,5,ATTACH_TO,1,ENERGY_MANAGEMENT,,,CARD,0,0,678,320,340,3,True,5,3,False,True,2,2,0,345,150,6,345,150,6,False,False,,,False
92196147,556.9,WIN,True,32,5,ATTACH_FROM,5,ENERGY_MANAGEMENT,,,,0,0,678,320,340,3,True,5,3,False,True,2,2,0,345,150,6,345,150,6,False,False,,,False
92196147,556.9,WIN,True,33,7,MAIN,11,RESOURCE_MANAGEMENT,PLAY_ITEM,1142,PLAY,2,0,678,320,340,3,True,5,3,True,True,2,2,0,345,150,6,345,150,6,False,False,,,False
92196147,556.9,WIN,True,34,7,TO_HAND,11,RESOURCE_MANAGEMENT,,,CARD,0,0,678,320,340,3,True,5,3,False,True,2,2,0,345,150,6,345,150,6,False,False,,,False
92196147,556.9,WIN,True,35,7,MAIN,17,ENERGY_MANAGEMENT,ATTACH_ENERGY,,ATTACH,2,0,678,320,340,3,True,5,3,True,True,2,2,0,345,150,6,345,150,6,False,False,,,False
92196147,556.9,WIN,True,36,7,MAIN,10,RESOURCE_MANAGEMENT,PLAY_ITEM,1121,PLAY,2,0,678,320,340,3,True,5,3,True,True,2,2,0,345,150,6,345,150,6,False,False,,,False
92196147,556.9,WIN,True,37,7,DISCARD,5,RESOURCE_MANAGEMENT,,,CARD;CARD,0,0,678,320,340,3,True,5,3,False,True,2,2,0,345,150,6,345,150,6,False,False,,,False
92196147,556.9,WIN,True,38,7,TO_HAND,5,RESOURCE_MANAGEMENT,,,CARD,0,0,678,320,340,3,True,5,3,False,True,2,2,0,345,150,6,345,150,6,False,False,,,False
92196147,556.9,WIN,True,39,7,MAIN,7,RESOURCE_MANAGEMENT,PLAY_SUPPORTER,1213,PLAY,2,0,678,320,340,3,True,5,3,True,True,2,2,0,345,150,6,345,150,6,False,False,,,False
92196147,556.9,WIN,True,40,7,MAIN,5,RESOURCE_MANAGEMENT,ABILITY,,ABILITY,2,0,678,320,340,3,True,5,3,True,True,2,2,0,345,150,6,345,150,6,False,False,,,False
92196147,556.9,WIN,True,41,7,DISCARD,3,RESOURCE_MANAGEMENT,,,CARD,0,0,678,320,340,3,True,5,3,False,True,2,2,0,345,150,6,345,150,6,False,False,,,False
92196147,556.9,WIN,True,42,7,MAIN,5,ATTACK_SELECTION,ATTACK,,ATTACK,2,1,678,320,340,3,True,5,3,True,True,2,2,0,345,150,6,345,150,6,False,False,,,False
92196147,556.9,WIN,True,43,7,ATTACH_TO,1,ENERGY_MANAGEMENT,,,CARD,0,0,678,320,340,3,True,5,3,False,True,2,2,0,345,150,6,345,150,6,False,False,,,False
92196147,556.9,WIN,True,44,7,ATTACH_FROM,5,ENERGY_MANAGEMENT,,,,0,0,678,320,340,3,True,5,3,False,True,2,2,0,345,150,6,345,150,6,False,False,,,False
92196147,556.9,WIN,True,45,9,MAIN,20,RESOURCE_MANAGEMENT,PLAY_SUPPORTER,1182,PLAY,2,0,678,320,340,3,True,5,3,True,True,2,2,1,345,150,6,345,150,6,False,False,,,False
92196147,556.9,WIN,True,46,9,SWITCH,3,ACTIVE_POKEMON_SELECTION,,,CARD,0,0,678,320,340,3,True,5,3,False,True,2,2,1,345,150,6,756,300,6,False,False,,,False
92196147,556.9,WIN,True,47,9,MAIN,18,ATTACK_SELECTION,ATTACK,,ATTACK,2,1,678,320,340,3,True,5,3,True,True,2,2,1,756,300,6,,,6,False,False,,,False
92195195,981.9,WIN,True,0,,,0,UNKNOWN,,,,0,0,,,,,False,,,False,False,,,0,,,,,,,,,,,False
92195195,981.9,WIN,True,1,,,0,UNKNOWN,,,,0,0,,,,,False,,,False,False,,,0,,,,,,0,,,,,False
92195195,981.9,WIN,True,2,0,IS_FIRST,2,GOING_FIRST_SECOND,,,YES,0,0,,,,,False,0,0,False,False,,,0,,,0,,,0,,,,,False
92195195,981.9,WIN,True,3,0,SETUP_ACTIVE_POKEMON,3,EARLY_GAME_SETUP,,,,0,0,,,,,False,0,0,False,False,,,0,,,0,,,6,,,,,False
92195195,981.9,WIN,True,4,0,SETUP_BENCH_POKEMON,2,BENCH_MANAGEMENT,,,,0,0,,,,,False,0,6,False,False,,,0,,,6,305,70,6,,,,,False
92195195,981.9,WIN,True,5,1,MAIN,6,RESOURCE_MANAGEMENT,PLAY_POKEMON,676,PLAY,0,0,677,80,80,1,False,0,6,False,False,2,0,0,305,70,6,305,70,6,False,False,,,False
92195195,981.9,WIN,True,6,1,MAIN,7,RESOURCE_MANAGEMENT,PLAY_POKEMON,675,PLAY,0,0,677,80,80,1,False,1,6,False,True,2,0,0,305,70,6,305,70,6,False,False,,,False
92195195,981.9,WIN,True,7,1,MAIN,8,RESOURCE_MANAGEMENT,ABILITY,,ABILITY,0,0,677,80,80,1,False,2,6,False,True,2,0,0,305,70,6,305,70,6,False,False,,,False
92195195,981.9,WIN,True,8,1,DISCARD,1,RESOURCE_MANAGEMENT,,,CARD,0,0,677,80,80,1,False,2,6,False,True,2,0,0,305,70,6,305,70,6,False,False,,,False
92195195,981.9,WIN,True,9,1,MAIN,5,RESOURCE_MANAGEMENT,PLAY_POKEMON,673,PLAY,0,0,677,80,80,1,False,2,6,False,True,2,0,0,305,70,6,305,70,6,False,False,,,False
92195195,981.9,WIN,True,10,1,MAIN,4,RESOURCE_MANAGEMENT,PLAY_ITEM,1121,PLAY,0,0,677,80,80,1,False,3,6,False,True,2,0,0,305,70,6,305,70,6,False,False,,,False
92195195,981.9,WIN,True,11,1,DISCARD,5,RESOURCE_MANAGEMENT,,,CARD;CARD,0,0,677,80,80,1,False,3,6,False,True,2,0,0,305,70,6,305,70,6,False,False,,,False
92195195,981.9,WIN,True,12,1,TO_HAND,11,RESOURCE_MANAGEMENT,,,CARD,0,0,677,80,80,1,False,3,6,False,True,2,0,0,305,70,6,305,70,6,False,False,,,False
92195195,981.9,WIN,True,13,1,MAIN,3,RESOURCE_MANAGEMENT,PLAY_POKEMON,673,PLAY,0,0,677,80,80,1,False,3,6,False,True,2,0,0,305,70,6,305,70,6,False,False,,,False
92195195,981.9,WIN,True,14,1,MAIN,2,TIMING,,,,0,0,677,80,80,1,False,4,6,False,True,2,0,0,305,70,6,305,70,6,False,False,,,False
92195195,981.9,WIN,True,15,3,MAIN,5,BENCH_MANAGEMENT,EVOLVE,,EVOLVE,0,0,677,80,80,1,False,4,6,False,True,2,0,0,305,70,6,305,70,6,False,False,Trading Places,0,False
92195195,981.9,WIN,True,16,3,MAIN,4,RESOURCE_MANAGEMENT,PLAY_SUPPORTER,1227,PLAY,0,0,678,340,340,3,False,4,6,False,True,2,0,0,305,70,6,305,70,6,False,False,Trading Places,0,True
92195195,981.9,WIN,True,17,3,MAIN,16,RESOURCE_MANAGEMENT,PLAY_POKEMON,677,PLAY,0,0,678,340,340,3,False,4,6,False,True,2,0,0,305,70,6,305,70,6,False,False,Trading Places,0,False
92195195,981.9,WIN,True,18,3,MAIN,17,RESOURCE_MANAGEMENT,ABILITY,,ABILITY,0,0,678,340,340,3,False,5,6,False,True,2,0,0,305,70,6,305,70,6,False,False,Trading Places,0,False
92195195,981.9,WIN,True,19,3,DISCARD,2,RESOURCE_MANAGEMENT,,,CARD,0,0,678,340,340,3,False,5,6,False,True,2,0,0,305,70,6,305,70,6,False,False,Trading Places,0,False
92195195,981.9,WIN,True,20,3,MAIN,13,ENERGY_MANAGEMENT,ATTACH_ENERGY,,ATTACH,0,0,678,340,340,3,False,5,6,False,True,2,0,0,305,70,6,305,70,6,False,False,Trading Places,0,False
92195195,981.9,WIN,True,21,3,MAIN,8,RESOURCE_MANAGEMENT,PLAY_ITEM,1142,PLAY,1,0,678,340,340,3,False,5,6,False,True,2,1,0,305,70,6,305,70,6,False,False,Trading Places,0,False
92195195,981.9,WIN,True,22,3,TO_HAND,12,RESOURCE_MANAGEMENT,,,CARD,0,0,678,340,340,3,False,5,6,False,True,2,1,0,305,70,6,305,70,6,False,False,Trading Places,0,False
92195195,981.9,WIN,True,23,3,MAIN,7,RESOURCE_MANAGEMENT,PLAY_ITEM,1142,PLAY,1,0,678,340,340,3,False,5,6,False,True,2,1,0,305,70,6,305,70,6,False,False,Trading Places,0,False
92195195,981.9,WIN,True,24,3,TO_HAND,11,RESOURCE_MANAGEMENT,,,CARD,0,0,678,340,340,3,False,5,6,False,True,2,1,0,305,70,6,305,70,6,False,False,Trading Places,0,False
92195195,981.9,WIN,True,25,3,MAIN,6,ATTACK_SELECTION,ATTACK,,ATTACK,1,1,678,340,340,3,False,5,6,False,True,2,1,0,305,70,6,305,0,6,False,False,Trading Places,0,False
92195195,981.9,WIN,True,26,3,ATTACH_TO,2,ENERGY_MANAGEMENT,,,CARD;CARD,0,0,678,340,340,3,False,5,6,False,True,2,1,0,305,0,6,305,0,6,False,False,Trading Places,0,False
92195195,981.9,WIN,True,27,3,ATTACH_FROM,5,ENERGY_MANAGEMENT,,,CARD,0,0,678,340,340,3,False,5,6,False,True,2,1,0,305,0,6,305,0,6,False,False,Trading Places,0,False
92195195,981.9,WIN,True,28,3,ATTACH_FROM,5,ENERGY_MANAGEMENT,,,CARD,0,0,678,340,340,3,False,5,6,False,True,2,1,1,305,0,6,,,6,False,False,Trading Places,0,False
92195195,981.9,WIN,True,29,3,TO_HAND,6,RESOURCE_MANAGEMENT,,,,0,0,678,340,340,3,False,5,6,False,True,2,1,2,,,6,743,140,6,,,,,False
92195195,981.9,WIN,True,30,5,MAIN,24,BENCH_MANAGEMENT,EVOLVE,,EVOLVE,1,0,678,60,340,3,True,5,5,False,True,2,1,2,743,140,6,743,140,6,False,False,Powerful Hand,0,False
92195195,981.9,WIN,True,31,5,ACTIVATE,2,RESOURCE_MANAGEMENT,,,YES,0,0,678,60,340,3,True,5,5,False,True,2,1,1,743,140,6,743,140,6,False,False,Powerful Hand,0,False
92195195,981.9,WIN,True,32,5,SWITCH,5,ACTIVE_POKEMON_SELECTION,,,CARD,0,0,678,60,340,3,True,5,5,False,True,2,1,1,743,140,6,140,210,6,False,False,Powerful Hand,0,False
92195195,981.9,WIN,True,33,5,MAIN,22,RESOURCE_MANAGEMENT,PLAY_ITEM,1123,PLAY,1,0,678,60,340,3,True,5,5,False,True,2,1,1,140,210,6,140,210,6,False,False,,,False
92195195,981.9,WIN,True,34,5,SWITCH,5,ACTIVE_POKEMON_SELECTION,,,CARD,0,0,678,60,340,3,True,5,5,False,True,2,1,1,140,210,6,140,210,6,False,False,,,False
92195195,981.9,WIN,True,35,5,MAIN,21,BENCH_MANAGEMENT,EVOLVE,,EVOLVE,1,0,677,80,80,1,False,5,5,False,True,2,1,1,140,210,6,140,210,6,False,False,,,True
92195195,981.9,WIN,True,36,5,MAIN,19,ENERGY_MANAGEMENT,ATTACH_ENERGY,,ATTACH,1,0,678,340,340,3,False,5,5,False,True,2,1,1,140,210,6,140,210,6,False,False,,,True
92195195,981.9,WIN,True,37,5,MAIN,7,RESOURCE_MANAGEMENT,PLAY_SUPPORTER,1213,PLAY,1,0,678,340,340,3,False,5,5,False,True,2,1,1,140,210,6,140,210,6,False,False,,,False
92195195,981.9,WIN,True,38,5,MAIN,4,RESOURCE_MANAGEMENT,PLAY_ITEM,1142,PLAY,1,0,678,340,340,3,False,5,5,False,True,2,1,1,140,210,6,140,210,6,False,False,,,False
92195195,981.9,WIN,True,39,5,TO_HAND,10,RESOURCE_MANAGEMENT,,,CARD,0,0,678,340,340,3,False,5,5,False,True,2,1,1,140,210,6,140,210,6,False,False,,,False
92195195,981.9,WIN,True,40,5,MAIN,4,RESOURCE_MANAGEMENT,ABILITY,,ABILITY,1,0,678,340,340,3,False,5,5,False,True,2,1,1,140,210,6,140,210,6,False,False,,,False
92195195,981.9,WIN,True,41,5,DISCARD,1,RESOURCE_MANAGEMENT,,,CARD,0,0,678,340,340,3,False,5,5,False,True,2,1,1,140,210,6,140,210,6,False,False,,,False
92195195,981.9,WIN,True,42,5,MAIN,4,ATTACK_SELECTION,ATTACK,,ATTACK,1,1,678,340,340,3,False,5,5,False,True,2,1,1,140,210,6,140,0,6,False,False,,,False
92195195,981.9,WIN,True,43,5,ATTACH_TO,1,ENERGY_MANAGEMENT,,,CARD,0,0,678,340,340,3,False,5,5,False,True,2,1,1,140,0,6,140,0,6,False,False,,,False
92195195,981.9,WIN,True,44,5,ATTACH_FROM,5,ENERGY_MANAGEMENT,,,CARD,0,0,678,340,340,3,False,5,5,False,True,2,1,1,140,0,6,,,6,False,False,,,False
92195195,981.9,WIN,True,45,5,TO_HAND,5,RESOURCE_MANAGEMENT,,,,0,0,678,340,340,3,False,5,5,False,True,2,1,2,,,6,743,140,6,,,,,False
92195195,981.9,WIN,True,46,7,MAIN,19,RESOURCE_MANAGEMENT,ABILITY,,ABILITY,1,0,678,140,340,3,True,5,3,False,True,2,1,2,743,140,6,743,140,6,False,False,Powerful Hand,0,False
92195195,981.9,WIN,True,47,7,DISCARD,2,RESOURCE_MANAGEMENT,,,CARD,0,0,678,140,340,3,True,5,3,False,True,2,1,2,743,140,6,743,140,6,False,False,Powerful Hand,0,False
92195195,981.9,WIN,True,48,7,MAIN,20,ENERGY_MANAGEMENT,ATTACH_ENERGY,,ATTACH,1,0,678,140,340,3,True,5,3,False,True,2,1,2,743,140,6,743,140,6,False,False,Powerful Hand,0,False
92195195,981.9,WIN,True,49,7,MAIN,10,RETREAT_SELECTION,RETREAT,,RETREAT,2,0,678,140,340,3,True,5,3,True,True,2,2,2,743,140,6,743,140,6,False,False,Powerful Hand,0,False
92195195,981.9,WIN,True,50,7,DISCARD_ENERGY,2,ENERGY_MANAGEMENT,,,ENERGY,0,0,678,140,340,3,True,5,3,False,True,2,2,2,743,140,6,743,140,6,False,False,Powerful Hand,0,False
92195195,981.9,WIN,True,51,7,DISCARD_ENERGY,1,ENERGY_MANAGEMENT,,,ENERGY,0,0,678,140,340,3,True,5,3,False,True,2,1,2,743,140,6,743,140,6,False,False,Powerful Hand,0,False
92195195,981.9,WIN,True,52,7,SWITCH,5,ACTIVE_POKEMON_SELECTION,,,CARD,0,0,678,140,340,3,True,5,3,False,True,2,0,2,743,140,6,743,140,6,False,False,Powerful Hand,0,False
92195195,981.9,WIN,True,53,7,MAIN,8,RESOURCE_MANAGEMENT,PLAY_ITEM,1152,PLAY,1,0,674,150,150,1,False,5,3,False,True,3,3,1,743,140,6,743,140,6,False,False,Powerful Hand,0,True
92195195,981.9,WIN,True,54,7,TO_HAND,2,RESOURCE_MANAGEMENT,,,CARD,0,0,674,150,150,1,False,5,3,False,True,3,3,1,743,140,6,743,140,6,False,False,Powerful Hand,0,False
92195195,981.9,WIN,True,55,7,MAIN,7,RESOURCE_MANAGEMENT,PLAY_SUPPORTER,1182,PLAY,1,0,674,150,150,1,False,5,3,False,True,3,3,1,743,140,6,743,140,6,False,False,Powerful Hand,0,False
92195195,981.9,WIN,True,56,7,SWITCH,3,ACTIVE_POKEMON_SELECTION,,,CARD,0,0,674,150,150,1,False,5,3,False,True,3,3,1,743,140,6,305,70,6,False,False,Powerful Hand,0,False
92195195,981.9,WIN,True,57,7,MAIN,4,ATTACK_SELECTION,ATTACK,,ATTACK,1,1,674,150,150,1,False,5,3,False,True,3,3,1,305,70,6,,,6,False,False,,,False
92195195,981.9,WIN,True,58,7,TO_HAND,3,RESOURCE_MANAGEMENT,,,,0,0,674,80,150,1,True,5,3,False,True,3,3,1,,,6,743,140,6,,,,,False
92195195,981.9,WIN,True,59,8,DISCARD,10,RESOURCE_MANAGEMENT,,,,0,0,674,80,150,1,True,5,2,False,True,3,3,1,743,140,6,743,140,5,False,False,Powerful Hand,0,False
92195195,981.9,WIN,True,60,8,TO_ACTIVE,5,ACTIVE_POKEMON_SELECTION,,,CARD,0,0,,,,,False,5,2,False,True,,,1,743,140,5,743,140,5,,,,,True
92195195,981.9,WIN,True,61,9,MAIN,11,RESOURCE_MANAGEMENT,ABILITY,,ABILITY,1,0,678,60,340,3,True,4,2,False,True,2,1,0,743,140,5,743,140,5,False,False,Powerful Hand,0,False
92195195,981.9,WIN,True,62,9,DISCARD,1,RESOURCE_MANAGEMENT,,,CARD,0,0,678,60,340,3,True,4,2,False,True,2,1,0,743,140,5,743,140,5,False,False,Powerful Hand,0,False
92195195,981.9,WIN,True,63,9,MAIN,7,RESOURCE_MANAGEMENT,PLAY_SUPPORTER,1229,PLAY,1,0,678,60,340,3,True,4,2,False,True,2,1,0,743,140,5,743,140,5,False,False,Powerful Hand,0,False
92195195,981.9,WIN,True,64,9,HEAL,2,RESOURCE_MANAGEMENT,,,CARD,0,0,678,60,340,3,True,4,2,False,True,2,1,0,743,140,5,743,140,5,False,False,Powerful Hand,0,False
92195195,981.9,WIN,True,65,9,MAIN,9,BENCH_MANAGEMENT,EVOLVE,,EVOLVE,0,0,678,340,340,3,False,4,2,False,True,2,0,0,743,140,5,743,140,5,False,False,Powerful Hand,0,False
92195195,981.9,WIN,True,66,9,ACTIVATE,2,RESOURCE_MANAGEMENT,,,YES,0,0,678,340,340,3,False,4,2,False,True,2,0,0,743,140,5,743,140,5,False,False,Powerful Hand,0,False
92195195,981.9,WIN,True,67,9,SWITCH,2,ACTIVE_POKEMON_SELECTION,,,CARD,0,0,678,340,340,3,False,4,2,False,True,2,0,0,743,140,5,742,80,5,False,False,Powerful Hand,0,False
92195195,981.9,WIN,True,68,9,MAIN,8,ENERGY_MANAGEMENT,ATTACH_ENERGY,,ATTACH,0,0,678,340,340,3,False,4,2,False,True,2,0,0,742,80,5,742,80,5,False,False,,,False
92195195,981.9,WIN,True,69,9,MAIN,4,RESOURCE_MANAGEMENT,PLAY_ITEM,1152,PLAY,1,0,678,340,340,3,False,4,2,False,True,2,1,0,742,80,5,742,80,5,False,False,,,False
92195195,981.9,WIN,True,70,9,TO_HAND,1,RESOURCE_MANAGEMENT,,,CARD,0,0,678,340,340,3,False,4,2,False,True,2,1,0,742,80,5,742,80,5,False,False,,,False
92195195,981.9,WIN,True,71,9,MAIN,4,ATTACK_SELECTION,ATTACK,,ATTACK,1,1,678,340,340,3,False,4,2,False,True,2,1,0,742,80,5,742,0,5,False,False,,,False
92195195,981.9,WIN,True,72,9,ATTACH_TO,7,ENERGY_MANAGEMENT,,,CARD;CARD;CARD,0,0,678,340,340,3,False,4,2,False,True,2,1,0,742,0,5,742,0,5,False,False,,,False
92195195,981.9,WIN,True,73,9,ATTACH_FROM,4,ENERGY_MANAGEMENT,,,CARD,0,0,678,340,340,3,False,4,2,False,True,2,1,0,742,0,5,742,0,5,False,False,,,False
92195195,981.9,WIN,True,74,9,ATTACH_FROM,4,ENERGY_MANAGEMENT,,,CARD,0,0,678,340,340,3,False,4,2,False,True,2,1,0,742,0,5,742,0,5,False,False,,,False
92195195,981.9,WIN,True,75,9,ATTACH_FROM,4,ENERGY_MANAGEMENT,,,CARD,0,0,678,340,340,3,False,4,2,False,True,2,1,0,742,0,5,,,5,False,False,,,False
92195195,981.9,WIN,True,76,9,TO_HAND,2,RESOURCE_MANAGEMENT,,,,0,0,678,340,340,3,False,4,2,False,True,2,1,1,,,5,743,140,5,,,,,False
92195195,981.9,WIN,True,77,11,MAIN,7,RESOURCE_MANAGEMENT,PLAY_ITEM,1123,PLAY,1,0,678,80,340,3,True,4,1,False,True,2,1,1,743,140,5,743,140,5,False,False,Powerful Hand,0,False
92195195,981.9,WIN,True,78,11,SWITCH,4,ACTIVE_POKEMON_SELECTION,,,CARD,0,0,678,80,340,3,True,4,1,False,True,2,1,1,743,140,5,743,140,5,False,False,Powerful Hand,0,False
92195195,981.9,WIN,True,79,11,MAIN,7,RESOURCE_MANAGEMENT,PLAY_POKEMON,676,PLAY,1,0,674,150,150,1,False,4,1,True,True,3,3,1,743,140,5,743,140,5,False,False,Powerful Hand,0,True
92195195,981.9,WIN,True,80,11,MAIN,6,ATTACK_SELECTION,ATTACK,,ATTACK,1,1,674,150,150,1,False,5,1,True,True,3,3,1,743,140,5,,,5,False,False,Powerful Hand,0,False
92192398,996.3,LOSS,False,0,,,0,UNKNOWN,,,,0,0,,,,,False,,,False,False,,,0,,,,,,,,,,,False
92192398,996.3,LOSS,False,1,,,0,UNKNOWN,,,,0,0,,,,,False,,,False,False,,,0,,,,,,6,,,,,False
92192398,996.3,LOSS,False,2,0,SETUP_ACTIVE_POKEMON,1,EARLY_GAME_SETUP,,,,0,0,,,,,False,0,0,False,False,,,0,,,6,646,70,6,,,,,False
92192398,996.3,LOSS,False,3,2,MAIN,7,RESOURCE_MANAGEMENT,PLAY_ITEM,1142,PLAY,0,0,677,80,80,1,False,0,6,False,False,2,0,0,646,70,6,646,70,6,False,False,,,False
92192398,996.3,LOSS,False,4,2,TO_HAND,18,RESOURCE_MANAGEMENT,,,CARD,0,0,677,80,80,1,False,0,6,False,False,2,0,0,646,70,6,646,70,6,False,False,,,False
92192398,996.3,LOSS,False,5,2,MAIN,7,RESOURCE_MANAGEMENT,PLAY_POKEMON,676,PLAY,0,0,677,80,80,1,False,0,6,False,False,2,0,0,646,70,6,646,70,6,False,False,,,False
92192398,996.3,LOSS,False,6,2,MAIN,8,RESOURCE_MANAGEMENT,PLAY_ITEM,1121,PLAY,0,0,677,80,80,1,False,1,6,False,True,2,0,0,646,70,6,646,70,6,False,False,,,False
92192398,996.3,LOSS,False,7,2,DISCARD,5,RESOURCE_MANAGEMENT,,,CARD;CARD,0,0,677,80,80,1,False,1,6,False,True,2,0,0,646,70,6,646,70,6,False,False,,,False
92192398,996.3,LOSS,False,8,2,TO_HAND,11,RESOURCE_MANAGEMENT,,,CARD,0,0,677,80,80,1,False,1,6,False,True,2,0,0,646,70,6,646,70,6,False,False,,,False
92192398,996.3,LOSS,False,9,2,MAIN,6,RESOURCE_MANAGEMENT,PLAY_POKEMON,675,PLAY,0,0,677,80,80,1,False,1,6,False,True,2,0,0,646,70,6,646,70,6,False,False,,,False
92192398,996.3,LOSS,False,10,2,MAIN,7,ENERGY_MANAGEMENT,ATTACH_ENERGY,,ATTACH,0,0,677,80,80,1,False,2,6,False,True,2,0,0,646,70,6,646,70,6,False,False,,,False
92192398,996.3,LOSS,False,11,2,MAIN,4,RESOURCE_MANAGEMENT,PLAY_SUPPORTER,1227,PLAY,1,0,677,80,80,1,False,2,6,False,True,2,1,0,646,70,6,646,70,6,False,False,,,False
92192398,996.3,LOSS,False,12,2,MAIN,7,RESOURCE_MANAGEMENT,ABILITY,,ABILITY,1,0,677,80,80,1,False,2,6,False,True,2,1,0,646,70,6,646,70,6,False,False,,,False
92192398,996.3,LOSS,False,13,2,DISCARD,2,RESOURCE_MANAGEMENT,,,CARD,0,0,677,80,80,1,False,2,6,False,True,2,1,0,646,70,6,646,70,6,False,False,,,False
92192398,996.3,LOSS,False,14,2,MAIN,10,RESOURCE_MANAGEMENT,PLAY_ITEM,1142,PLAY,1,0,677,80,80,1,False,2,6,False,True,2,1,0,646,70,6,646,70,6,False,False,,,False
92192398,996.3,LOSS,False,15,2,TO_HAND,13,RESOURCE_MANAGEMENT,,,CARD,0,0,677,80,80,1,False,2,6,False,True,2,1,0,646,70,6,646,70,6,False,False,,,False
92192398,996.3,LOSS,False,16,2,MAIN,10,RESOURCE_MANAGEMENT,PLAY_POKEMON,677,PLAY,1,0,677,80,80,1,False,2,6,False,True,2,1,0,646,70,6,646,70,6,False,False,,,False
92192398,996.3,LOSS,False,17,2,MAIN,10,RESOURCE_MANAGEMENT,PLAY_ITEM,1152,PLAY,1,0,677,80,80,1,False,3,6,False,True,2,1,0,646,70,6,646,70,6,False,False,,,False
92192398,996.3,LOSS,False,18,2,TO_HAND,6,RESOURCE_MANAGEMENT,,,CARD,0,0,677,80,80,1,False,3,6,False,True,2,1,0,646,70,6,646,70,6,False,False,,,False
92192398,996.3,LOSS,False,19,2,MAIN,10,RESOURCE_MANAGEMENT,PLAY_POKEMON,677,PLAY,1,0,677,80,80,1,False,3,6,False,True,2,1,0,646,70,6,646,70,6,False,False,,,False
92192398,996.3,LOSS,False,20,2,MAIN,10,RESOURCE_MANAGEMENT,PLAY_ITEM,1152,PLAY,1,0,677,80,80,1,False,4,6,False,True,2,1,0,646,70,6,646,70,6,False,False,,,False
92192398,996.3,LOSS,False,21,2,TO_HAND,5,RESOURCE_MANAGEMENT,,,CARD,0,0,677,80,80,1,False,4,6,False,True,2,1,0,646,70,6,646,70,6,False,False,,,False
92192398,996.3,LOSS,False,22,2,MAIN,10,RESOURCE_MANAGEMENT,PLAY_POKEMON,673,PLAY,1,0,677,80,80,1,False,4,6,False,True,2,1,0,646,70,6,646,70,6,False,False,,,False
92192398,996.3,LOSS,False,23,2,MAIN,10,ENERGY_MANAGEMENT,ATTACH_ENERGY,,ATTACH,1,0,677,80,80,1,False,5,6,False,True,2,1,0,646,70,6,646,70,6,False,False,,,False
92192398,996.3,LOSS,False,24,2,MAIN,4,RESOURCE_MANAGEMENT,ABILITY,,ABILITY,1,0,677,80,80,1,False,5,6,False,True,2,1,0,646,70,6,646,70,6,False,False,,,False
92192398,996.3,LOSS,False,25,2,MAIN,3,TIMING,,,,1,0,677,80,80,1,False,5,6,False,True,2,1,0,646,70,6,648,320,5,False,False,,,False
92192398,996.3,LOSS,False,26,3,TO_ACTIVE,5,ACTIVE_POKEMON_SELECTION,,,CARD,0,0,,,,,False,5,6,False,True,,,0,648,320,5,648,320,5,,,,,True
92192398,996.3,LOSS,False,27,4,MAIN,18,RESOURCE_MANAGEMENT,ABILITY,,ABILITY,0,0,677,180,180,1,False,4,6,False,True,2,0,0,648,320,5,648,320,5,True,False,Shadow Bullet,180,False
92192398,996.3,LOSS,False,28,4,DISCARD,2,RESOURCE_MANAGEMENT,,,CARD,0,0,677,180,180,1,False,4,6,False,True,2,0,0,648,320,5,648,320,5,True,False,Shadow Bullet,180,False
92192398,996.3,LOSS,False,29,4,MAIN,19,RESOURCE_MANAGEMENT,PLAY_ITEM,1121,PLAY,0,0,677,180,180,1,False,4,6,False,True,2,0,0,648,320,5,648,320,5,True,False,Shadow Bullet,180,False
92192398,996.3,LOSS,False,30,4,DISCARD,8,RESOURCE_MANAGEMENT,,,CARD;CARD,0,0,677,180,180,1,False,4,6,False,True,2,0,0,648,320,5,648,320,5,True,False,Shadow Bullet,180,False
92192398,996.3,LOSS,False,31,4,TO_HAND,6,RESOURCE_MANAGEMENT,,,CARD,0,0,677,180,180,1,False,4,6,False,True,2,0,0,648,320,5,648,320,5,True,False,Shadow Bullet,180,False
92192398,996.3,LOSS,False,32,4,MAIN,14,BENCH_MANAGEMENT,EVOLVE,,EVOLVE,0,0,677,180,180,1,False,4,6,False,True,2,0,0,648,320,5,648,320,5,True,False,Shadow Bullet,180,False
92192398,996.3,LOSS,False,33,4,MAIN,12,BENCH_MANAGEMENT,EVOLVE,,EVOLVE,0,0,678,440,440,3,False,4,6,False,True,2,0,0,648,320,5,648,320,5,False,False,Shadow Bullet,180,True
92192398,996.3,LOSS,False,34,4,ACTIVATE,2,RESOURCE_MANAGEMENT,,,YES,0,0,678,440,440,3,False,4,6,False,True,2,0,0,648,320,5,648,320,5,False,False,Shadow Bullet,180,False
92192398,996.3,LOSS,False,35,4,SWITCH,4,ACTIVE_POKEMON_SELECTION,,,CARD,0,0,678,440,440,3,False,4,6,False,True,2,0,0,648,320,5,647,100,5,False,False,Shadow Bullet,180,False
92192398,996.3,LOSS,False,36,4,MAIN,11,ENERGY_MANAGEMENT,ATTACH_ENERGY,,ATTACH,0,0,678,440,440,3,False,4,6,False,True,2,0,0,647,100,5,647,100,5,False,False,,,False
92192398,996.3,LOSS,False,37,4,MAIN,7,RESOURCE_MANAGEMENT,PLAY_ITEM,1152,PLAY,1,0,678,440,440,3,False,4,6,False,True,2,1,0,647,100,5,647,100,5,False,False,,,False
92192398,996.3,LOSS,False,38,4,TO_HAND,3,RESOURCE_MANAGEMENT,,,CARD,0,0,678,440,440,3,False,4,6,False,True,2,1,0,647,100,5,647,100,5,False,False,,,False
92192398,996.3,LOSS,False,39,4,MAIN,7,RESOURCE_MANAGEMENT,PLAY_POKEMON,675,PLAY,1,0,678,440,440,3,False,4,6,False,True,2,1,0,647,100,5,647,100,5,False,False,,,False
92192398,996.3,LOSS,False,40,4,MAIN,6,RESOURCE_MANAGEMENT,PLAY_SUPPORTER,1227,PLAY,1,0,678,440,440,3,False,5,6,False,True,2,1,0,647,100,5,647,100,5,False,False,,,False
92192398,996.3,LOSS,False,41,4,MAIN,8,BENCH_MANAGEMENT,EVOLVE,,EVOLVE,1,0,678,440,440,3,False,5,6,False,True,2,1,0,647,100,5,647,100,5,False,False,,,False
92192398,996.3,LOSS,False,42,4,MAIN,7,RESOURCE_MANAGEMENT,PLAY_ITEM,1142,PLAY,1,0,678,440,440,3,False,5,6,False,True,2,1,0,647,100,5,647,100,5,False,False,,,False
92192398,996.3,LOSS,False,43,4,TO_HAND,6,RESOURCE_MANAGEMENT,,,CARD,0,0,678,440,440,3,False,5,6,False,True,2,1,0,647,100,5,647,100,5,False,False,,,False
92192398,996.3,LOSS,False,44,4,MAIN,6,ATTACK_SELECTION,ATTACK,,ATTACK,1,1,678,440,440,3,False,5,6,False,True,2,1,0,647,100,5,647,0,5,False,False,,,False
92192398,996.3,LOSS,False,45,4,ATTACH_TO,5,ENERGY_MANAGEMENT,,,CARD;CARD;CARD,0,0,678,440,440,3,False,5,6,False,True,2,1,0,647,0,5,647,0,5,False,False,,,False
92192398,996.3,LOSS,False,46,4,ATTACH_FROM,5,ENERGY_MANAGEMENT,,,CARD,0,0,678,440,440,3,False,5,6,False,True,2,1,0,647,0,5,647,0,5,False,False,,,False
92192398,996.3,LOSS,False,47,4,ATTACH_FROM,5,ENERGY_MANAGEMENT,,,CARD,0,0,678,440,440,3,False,5,6,False,True,2,1,1,647,0,5,647,0,5,False,False,,,False
92192398,996.3,LOSS,False,48,4,ATTACH_FROM,5,ENERGY_MANAGEMENT,,,CARD,0,0,678,440,440,3,False,5,6,False,True,2,1,1,647,0,5,,,5,False,False,,,False
92192398,996.3,LOSS,False,49,4,TO_HAND,6,RESOURCE_MANAGEMENT,,,,0,0,678,440,440,3,False,5,6,False,True,2,1,1,,,5,648,320,5,,,,,False
92192398,996.3,LOSS,False,50,6,MAIN,23,RESOURCE_MANAGEMENT,PLAY_ITEM,1141,PLAY,1,0,678,260,440,3,True,5,5,False,True,2,1,1,648,320,5,648,320,5,False,False,Shadow Bullet,180,False
92192398,996.3,LOSS,False,51,6,MAIN,22,RESOURCE_MANAGEMENT,PLAY_ITEM,1141,PLAY,1,0,678,260,440,3,True,5,5,False,True,2,1,1,648,320,5,648,320,5,False,False,Shadow Bullet,180,False
92192398,996.3,LOSS,False,52,6,MAIN,21,RESOURCE_MANAGEMENT,ABILITY,,ABILITY,1,0,678,260,440,3,True,5,5,False,True,2,1,1,648,320,5,648,320,5,False,False,Shadow Bullet,180,False
92192398,996.3,LOSS,False,53,6,DISCARD,2,RESOURCE_MANAGEMENT,,,CARD,0,0,678,260,440,3,True,5,5,False,True,2,1,1,648,320,5,648,320,5,False,False,Shadow Bullet,180,False
92192398,996.3,LOSS,False,54,6,MAIN,15,RESOURCE_MANAGEMENT,PLAY_ITEM,1123,PLAY,1,0,678,260,440,3,True,5,5,False,True,2,1,1,648,320,5,648,320,5,False,False,Shadow Bullet,180,False
92192398,996.3,LOSS,False,55,6,SWITCH,5,ACTIVE_POKEMON_SELECTION,,,CARD,0,0,678,260,440,3,True,5,5,False,True,2,1,1,648,320,5,648,320,5,False,False,Shadow Bullet,180,False
92192398,996.3,LOSS,False,56,6,MAIN,16,ENERGY_MANAGEMENT,ATTACH_ENERGY,,ATTACH,2,0,678,340,340,3,False,5,5,True,True,2,2,1,648,320,5,648,320,5,False,False,Shadow Bullet,180,False
92192398,996.3,LOSS,False,57,6,MAIN,10,RESOURCE_MANAGEMENT,ABILITY,,ABILITY,2,0,678,340,340,3,False,5,5,True,True,2,2,1,648,320,5,648,320,5,False,False,Shadow Bullet,180,False
92192398,996.3,LOSS,False,58,6,MAIN,9,ATTACK_SELECTION,ATTACK,,ATTACK,2,1,678,340,340,3,False,5,5,True,True,2,2,1,648,320,5,,,5,False,False,Shadow Bullet,180,False
92192398,996.3,LOSS,False,59,6,TO_HAND,5,RESOURCE_MANAGEMENT,,,,0,0,678,340,340,3,False,5,5,False,True,2,2,1,,,5,648,320,5,,,,,False
92192398,996.3,LOSS,False,60,8,MAIN,12,RESOURCE_MANAGEMENT,PLAY_ITEM,1141,PLAY,1,0,678,160,340,3,True,5,3,True,True,2,2,1,648,320,5,648,320,5,True,False,Shadow Bullet,180,False
92192398,996.3,LOSS,False,61,8,MAIN,11,RESOURCE_MANAGEMENT,PLAY_ITEM,1141,PLAY,1,0,678,160,340,3,True,5,3,True,True,2,2,1,648,320,5,648,320,5,True,False,Shadow Bullet,180,False
92192398,996.3,LOSS,False,62,8,MAIN,10,RESOURCE_MANAGEMENT,PLAY_ITEM,1142,PLAY,1,0,678,160,340,3,True,5,3,True,True,2,2,1,648,320,5,648,320,5,True,False,Shadow Bullet,180,False
92192398,996.3,LOSS,False,63,8,TO_HAND,5,RESOURCE_MANAGEMENT,,,CARD,0,0,678,160,340,3,True,5,3,False,True,2,2,1,648,320,5,648,320,5,True,False,Shadow Bullet,180,False
92192398,996.3,LOSS,False,64,8,MAIN,17,RESOURCE_MANAGEMENT,PLAY_ITEM,1123,PLAY,1,0,678,160,340,3,True,5,3,True,True,2,2,1,648,320,5,648,320,5,True,False,Shadow Bullet,180,False
92192398,996.3,LOSS,False,65,8,SWITCH,5,ACTIVE_POKEMON_SELECTION,,,CARD,0,0,678,160,340,3,True,5,3,False,True,2,2,1,648,320,5,648,320,5,True,False,Shadow Bullet,180,False
92192398,996.3,LOSS,False,66,8,MAIN,15,ENERGY_MANAGEMENT,ATTACH_ENERGY,,ATTACH,1,0,678,160,340,3,True,5,3,False,True,2,1,1,648,320,5,648,320,5,True,False,Shadow Bullet,180,False
92192398,996.3,LOSS,False,67,8,MAIN,9,RESOURCE_MANAGEMENT,ABILITY,,ABILITY,2,0,678,160,340,3,True,5,3,True,True,2,2,1,648,320,5,648,320,5,True,False,Shadow Bullet,180,False
92192398,996.3,LOSS,False,68,8,MAIN,8,ATTACK_SELECTION,ATTACK,,ATTACK,2,1,678,160,340,3,True,5,3,True,True,2,2,1,648,320,5,,,5,True,False,Shadow Bullet,180,False
92192398,996.3,LOSS,False,69,8,TO_HAND,3,RESOURCE_MANAGEMENT,,,,0,0,678,160,340,3,True,5,3,False,True,2,2,1,,,5,648,320,1,,,,,False
92192398,996.3,LOSS,False,70,9,TO_ACTIVE,4,ACTIVE_POKEMON_SELECTION,,,CARD,0,0,,,,,False,4,1,False,True,,,1,648,320,1,648,320,1,,,,,True
92192398,996.3,LOSS,False,71,10,MAIN,7,RESOURCE_MANAGEMENT,PLAY_SUPPORTER,1227,PLAY,2,0,678,160,340,3,True,3,1,True,True,2,2,0,648,320,1,648,320,1,True,False,Shadow Bullet,180,False
92192398,996.3,LOSS,False,72,10,MAIN,11,RETREAT_SELECTION,RETREAT,,RETREAT,2,0,678,160,340,3,True,3,1,True,True,2,2,0,648,320,1,648,320,1,True,False,Shadow Bullet,180,False
92192398,996.3,LOSS,False,73,10,DISCARD_ENERGY,2,ENERGY_MANAGEMENT,,,ENERGY,0,0,678,160,340,3,True,3,1,False,True,2,2,0,648,320,1,648,320,1,True,False,Shadow Bullet,180,False
92192398,996.3,LOSS,False,74,10,DISCARD_ENERGY,1,ENERGY_MANAGEMENT,,,ENERGY,0,0,678,160,340,3,True,3,1,False,True,2,1,0,648,320,1,648,320,1,True,False,Shadow Bullet,180,False
92192398,996.3,LOSS,False,75,10,SWITCH,3,ACTIVE_POKEMON_SELECTION,,,CARD,0,0,678,160,340,3,True,3,1,False,True,2,0,0,648,320,1,648,320,1,True,False,Shadow Bullet,180,False
92192398,996.3,LOSS,False,76,10,MAIN,8,RESOURCE_MANAGEMENT,ABILITY,,ABILITY,0,0,674,150,150,1,False,3,1,False,True,3,2,0,648,320,1,648,320,1,True,False,Shadow Bullet,180,True
92192398,996.3,LOSS,False,77,10,DISCARD,1,RESOURCE_MANAGEMENT,,,CARD,0,0,674,150,150,1,False,3,1,False,True,3,2,0,648,320,1,648,320,1,True,False,Shadow Bullet,180,False
92192398,996.3,LOSS,False,78,10,MAIN,5,RESOURCE_MANAGEMENT,ABILITY,,ABILITY,0,0,674,150,150,1,False,3,1,False,True,3,2,0,648,320,1,648,320,1,True,False,Shadow Bullet,180,False
92192398,996.3,LOSS,False,79,10,MAIN,4,RESOURCE_MANAGEMENT,PLAY_ITEM,1121,PLAY,0,0,674,150,150,1,False,3,1,False,True,3,2,0,648,320,1,648,320,1,True,False,Shadow Bullet,180,False
92192398,996.3,LOSS,False,80,10,DISCARD,7,RESOURCE_MANAGEMENT,,,CARD;CARD,0,0,674,150,150,1,False,3,1,False,True,3,2,0,648,320,1,648,320,1,True,False,Shadow Bullet,180,False
92192398,996.3,LOSS,False,81,10,TO_HAND,2,RESOURCE_MANAGEMENT,,,CARD,0,0,674,150,150,1,False,3,1,False,True,3,2,0,648,320,1,648,320,1,True,False,Shadow Bullet,180,False
92192398,996.3,LOSS,False,82,10,MAIN,2,RESOURCE_MANAGEMENT,PLAY_ITEM,1121,PLAY,0,0,674,150,150,1,False,3,1,False,True,3,2,0,648,320,1,648,320,1,True,False,Shadow Bullet,180,False
92192398,996.3,LOSS,False,83,10,DISCARD,5,RESOURCE_MANAGEMENT,,,CARD;CARD,0,0,674,150,150,1,False,3,1,False,True,3,2,0,648,320,1,648,320,1,True,False,Shadow Bullet,180,False
92192398,996.3,LOSS,False,84,10,TO_HAND,1,RESOURCE_MANAGEMENT,,,CARD,0,0,674,150,150,1,False,3,1,False,True,3,2,0,648,320,1,648,320,1,True,False,Shadow Bullet,180,False
92194266,1127.4,LOSS,True,0,,,0,UNKNOWN,,,,0,0,,,,,False,,,False,False,,,0,,,,,,,,,,,False
92194266,1127.4,LOSS,True,1,,,0,UNKNOWN,,,,0,0,,,,,False,,,False,False,,,0,,,,,,0,,,,,False
92194266,1127.4,LOSS,True,2,0,IS_FIRST,2,GOING_FIRST_SECOND,,,YES,0,0,,,,,False,0,0,False,False,,,0,,,0,,,0,,,,,False
92194266,1127.4,LOSS,True,3,0,SETUP_ACTIVE_POKEMON,2,EARLY_GAME_SETUP,,,,0,0,,,,,False,0,0,False,False,,,0,,,0,,,6,,,,,False
92194266,1127.4,LOSS,True,4,0,SETUP_BENCH_POKEMON,1,BENCH_MANAGEMENT,,,,0,0,,,,,False,0,6,False,False,,,0,,,6,379,70,6,,,,,False
92194266,1127.4,LOSS,True,5,1,MAIN,4,RESOURCE_MANAGEMENT,PLAY_POKEMON,673,PLAY,0,0,676,110,110,1,False,0,6,False,False,1,0,0,379,70,6,379,70,6,False,False,,,False
92194266,1127.4,LOSS,True,6,1,MAIN,5,ENERGY_MANAGEMENT,ATTACH_ENERGY,,ATTACH,0,0,676,110,110,1,False,1,6,False,True,1,0,0,379,70,6,379,70,6,False,False,,,False
92194266,1127.4,LOSS,True,7,1,MAIN,4,TIMING,,,,0,0,676,110,110,1,False,1,6,True,True,1,1,0,379,70,6,379,70,6,False,False,,,False
92194266,1127.4,LOSS,True,8,3,MAIN,9,RESOURCE_MANAGEMENT,PLAY_SUPPORTER,1182,PLAY,1,0,676,110,110,1,False,1,6,True,True,1,1,0,379,70,6,379,70,6,False,False,,,False
92194266,1127.4,LOSS,True,9,3,SWITCH,3,ACTIVE_POKEMON_SELECTION,,,CARD,0,0,676,110,110,1,False,1,6,False,True,1,1,0,379,70,6,341,70,6,False,False,,,False
92194266,1127.4,LOSS,True,10,3,MAIN,8,TIMING,,,,1,0,676,110,110,1,False,1,6,True,True,1,1,0,341,70,6,342,130,6,False,False,,,False
92194266,1127.4,LOSS,True,11,5,MAIN,9,RESOURCE_MANAGEMENT,PLAY_ITEM,1123,PLAY,1,0,676,110,110,1,False,1,6,True,True,1,1,0,342,130,6,342,130,6,False,False,,,False
92194266,1127.4,LOSS,True,12,5,SWITCH,1,ACTIVE_POKEMON_SELECTION,,,CARD,0,0,676,110,110,1,False,1,6,False,True,1,1,0,342,130,6,342,130,6,False,False,,,False
92194266,1127.4,LOSS,True,13,5,MAIN,6,TIMING,,,,0,0,673,80,80,1,False,1,6,False,True,2,0,1,342,130,6,381,330,5,False,False,,,True
92194266,1127.4,LOSS,True,14,6,TO_ACTIVE,1,ACTIVE_POKEMON_SELECTION,,,CARD,0,0,,,,,False,1,6,False,True,,,1,381,330,5,381,330,5,,,,,True
92194266,1127.4,LOSS,True,15,7,MAIN,6,RESOURCE_MANAGEMENT,PLAY_SUPPORTER,1182,PLAY,1,0,676,110,110,1,False,0,6,False,False,1,1,0,381,330,5,381,330,5,False,True,Corkscrew Dive,100,False
92194266,1127.4,LOSS,True,16,7,SWITCH,5,ACTIVE_POKEMON_SELECTION,,,CARD,0,0,676,110,110,1,False,0,6,False,False,1,1,0,381,330,5,342,130,5,False,True,Corkscrew Dive,100,False
92194266,1127.4,LOSS,True,17,7,MAIN,5,RESOURCE_MANAGEMENT,PLAY_ITEM,1141,PLAY,1,0,676,110,110,1,False,0,6,False,False,1,1,0,342,130,5,342,130,5,False,False,,,False
92194266,1127.4,LOSS,True,18,7,MAIN,4,ENERGY_MANAGEMENT,ATTACH_ENERGY,,ATTACH,1,0,676,110,110,1,False,0,6,False,False,1,1,0,342,130,5,342,130,5,False,False,,,False
92193323,1192.2,LOSS,False,0,,,0,UNKNOWN,,,,0,0,,,,,False,,,False,False,,,0,,,,,,,,,,,False
92193323,1192.2,LOSS,False,1,,,0,UNKNOWN,,,,0,0,,,,,False,,,False,False,,,0,,,,,,0,,,,,False
92193323,1192.2,LOSS,False,2,0,SETUP_ACTIVE_POKEMON,3,EARLY_GAME_SETUP,,,,0,0,,,,,False,0,0,False,False,,,0,,,0,,,6,,,,,False
92193323,1192.2,LOSS,False,3,0,SETUP_BENCH_POKEMON,2,BENCH_MANAGEMENT,,,,0,0,,,,,False,0,6,False,False,,,0,,,6,677,80,6,,,,,False
92193323,1192.2,LOSS,False,4,2,MAIN,7,RESOURCE_MANAGEMENT,PLAY_POKEMON,673,PLAY,0,0,676,110,110,1,False,1,6,False,True,1,0,0,677,80,6,677,80,6,False,False,,,False
92193323,1192.2,LOSS,False,5,2,MAIN,7,RESOURCE_MANAGEMENT,PLAY_ITEM,1142,PLAY,0,0,676,110,110,1,False,2,6,False,True,1,0,0,677,80,6,677,80,6,False,False,,,False
92193323,1192.2,LOSS,False,6,2,TO_HAND,15,RESOURCE_MANAGEMENT,,,CARD,0,0,676,110,110,1,False,2,6,False,True,1,0,0,677,80,6,677,80,6,False,False,,,False
92193323,1192.2,LOSS,False,7,2,MAIN,7,RESOURCE_MANAGEMENT,PLAY_POKEMON,677,PLAY,0,0,676,110,110,1,False,2,6,False,True,1,0,0,677,80,6,677,80,6,False,False,,,False
92193323,1192.2,LOSS,False,8,2,MAIN,7,ENERGY_MANAGEMENT,ATTACH_ENERGY,,ATTACH,0,0,676,110,110,1,False,3,6,False,True,1,0,0,677,80,6,677,80,6,False,False,,,False
92193323,1192.2,LOSS,False,9,2,MAIN,3,RESOURCE_MANAGEMENT,PLAY_SUPPORTER,1227,PLAY,0,0,676,110,110,1,False,3,6,False,True,1,0,1,677,80,6,677,80,6,False,False,,,False
92193323,1192.2,LOSS,False,10,2,MAIN,4,RESOURCE_MANAGEMENT,PLAY_ITEM,1152,PLAY,0,0,676,110,110,1,False,3,6,False,True,1,0,1,677,80,6,677,80,6,False,False,,,False
92193323,1192.2,LOSS,False,11,2,TO_HAND,5,RESOURCE_MANAGEMENT,,,CARD,0,0,676,110,110,1,False,3,6,False,True,1,0,1,677,80,6,677,80,6,False,False,,,False
92193323,1192.2,LOSS,False,12,2,MAIN,4,RESOURCE_MANAGEMENT,PLAY_POKEMON,676,PLAY,0,0,676,110,110,1,False,3,6,False,True,1,0,1,677,80,6,677,80,6,False,False,,,False
92193323,1192.2,LOSS,False,13,2,MAIN,3,TIMING,,,,0,0,676,110,110,1,False,4,6,False,True,1,0,1,677,80,6,678,340,5,False,False,,,False
92193323,1192.2,LOSS,False,14,3,TO_ACTIVE,4,ACTIVE_POKEMON_SELECTION,,,CARD,0,0,,,,,False,4,6,False,True,,,0,678,340,5,678,340,5,,,,,True
92193323,1192.2,LOSS,False,15,4,MAIN,9,ENERGY_MANAGEMENT,ATTACH_ENERGY,,ATTACH,0,0,677,80,80,1,False,3,6,False,True,2,0,0,678,340,5,678,340,5,True,False,Aura Jab,130,False
92193323,1192.2,LOSS,False,16,4,MAIN,6,RESOURCE_MANAGEMENT,PLAY_SUPPORTER,1227,PLAY,1,0,677,80,80,1,False,3,6,False,True,2,1,0,678,340,5,678,340,5,True,False,Aura Jab,130,False
92193323,1192.2,LOSS,False,17,4,MAIN,8,BENCH_MANAGEMENT,EVOLVE,,EVOLVE,1,0,677,80,80,1,False,3,6,False,True,2,1,0,678,340,5,678,340,5,True,False,Aura Jab,130,False
92193323,1192.2,LOSS,False,18,4,MAIN,7,RESOURCE_MANAGEMENT,PLAY_ITEM,1152,PLAY,1,0,678,340,340,3,False,3,6,False,True,2,1,0,678,340,5,678,340,5,False,False,Aura Jab,130,True
92193323,1192.2,LOSS,False,19,4,TO_HAND,3,RESOURCE_MANAGEMENT,,,CARD,0,0,678,340,340,3,False,3,6,False,True,2,1,0,678,340,5,678,340,5,False,False,Aura Jab,130,False
92193323,1192.2,LOSS,False,20,4,MAIN,7,RESOURCE_MANAGEMENT,PLAY_POKEMON,673,PLAY,1,0,678,340,340,3,False,3,6,False,True,2,1,0,678,340,5,678,340,5,False,False,Aura Jab,130,False
92193323,1192.2,LOSS,False,21,4,MAIN,6,RESOURCE_MANAGEMENT,PLAY_ITEM,1142,PLAY,1,0,678,340,340,3,False,4,6,False,True,2,1,0,678,340,5,678,340,5,False,False,Aura Jab,130,False
92193323,1192.2,LOSS,False,22,4,TO_HAND,11,RESOURCE_MANAGEMENT,,,CARD,0,0,678,340,340,3,False,4,6,False,True,2,1,0,678,340,5,678,340,5,False,False,Aura Jab,130,False
92193323,1192.2,LOSS,False,23,4,MAIN,5,RESOURCE_MANAGEMENT,PLAY_ITEM,1121,PLAY,1,0,678,340,340,3,False,4,6,False,True,2,1,0,678,340,5,678,340,5,False,False,Aura Jab,130,False
92193323,1192.2,LOSS,False,24,4,DISCARD,5,RESOURCE_MANAGEMENT,,,CARD;CARD,0,0,678,340,340,3,False,4,6,False,True,2,1,0,678,340,5,678,340,5,False,False,Aura Jab,130,False
92193323,1192.2,LOSS,False,25,4,TO_HAND,5,RESOURCE_MANAGEMENT,,,CARD,0,0,678,340,340,3,False,4,6,False,True,2,1,0,678,340,5,678,340,5,False,False,Aura Jab,130,False
92193323,1192.2,LOSS,False,26,4,MAIN,4,RESOURCE_MANAGEMENT,PLAY_ITEM,1141,PLAY,1,0,678,340,340,3,False,4,6,False,True,2,1,0,678,340,5,678,340,5,False,False,Aura Jab,130,False
92193323,1192.2,LOSS,False,27,4,MAIN,3,ATTACK_SELECTION,ATTACK,,ATTACK,1,1,678,340,340,3,False,4,6,False,True,2,1,0,678,340,5,678,180,5,False,False,Aura Jab,130,False
92193323,1192.2,LOSS,False,28,4,ATTACH_TO,2,ENERGY_MANAGEMENT,,,CARD;CARD,0,0,678,340,340,3,False,4,6,False,True,2,1,0,678,180,5,678,180,5,False,False,Aura Jab,130,False
92193323,1192.2,LOSS,False,29,4,ATTACH_FROM,4,ENERGY_MANAGEMENT,,,CARD,0,0,678,340,340,3,False,4,6,False,True,2,1,0,678,180,5,678,180,5,False,False,Aura Jab,130,False
92193323,1192.2,LOSS,False,30,4,ATTACH_FROM,4,ENERGY_MANAGEMENT,,,,0,0,678,340,340,3,False,4,6,False,True,2,1,1,678,180,5,678,340,5,False,False,Aura Jab,130,False
92193323,1192.2,LOSS,False,31,6,MAIN,10,BENCH_MANAGEMENT,EVOLVE,,EVOLVE,1,0,678,10,340,3,True,4,6,False,True,2,1,1,678,340,5,678,340,5,True,False,Mega Brave,270,False
92193323,1192.2,LOSS,False,32,6,ACTIVATE,2,RESOURCE_MANAGEMENT,,,YES,0,0,678,10,340,3,True,4,6,False,True,2,1,0,678,340,5,678,340,5,True,False,Mega Brave,270,False
92193323,1192.2,LOSS,False,33,6,SWITCH,5,ACTIVE_POKEMON_SELECTION,,,CARD,0,0,678,10,340,3,True,4,6,False,True,2,1,0,678,340,5,678,180,5,True,False,Mega Brave,270,False
92193323,1192.2,LOSS,False,34,6,MAIN,8,ENERGY_MANAGEMENT,ATTACH_ENERGY,,ATTACH,1,0,678,10,340,3,True,4,6,False,True,2,1,0,678,180,5,678,180,5,True,False,Aura Jab,130,False
92193323,1192.2,LOSS,False,35,6,MAIN,5,RESOURCE_MANAGEMENT,PLAY_SUPPORTER,1227,PLAY,2,0,678,10,340,3,True,4,6,True,True,2,2,0,678,180,5,678,180,5,True,False,Aura Jab,130,False
92193323,1192.2,LOSS,False,36,6,MAIN,7,RESOURCE_MANAGEMENT,PLAY_ITEM,1142,PLAY,2,0,678,10,340,3,True,4,6,True,True,2,2,0,678,180,5,678,180,5,True,False,Aura Jab,130,False
92193323,1192.2,LOSS,False,37,6,TO_HAND,7,RESOURCE_MANAGEMENT,,,CARD,0,0,678,10,340,3,True,4,6,False,True,2,2,0,678,180,5,678,180,5,True,False,Aura Jab,130,False
92193323,1192.2,LOSS,False,38,6,MAIN,6,RESOURCE_MANAGEMENT,PLAY_ITEM,1121,PLAY,2,0,678,10,340,3,True,4,6,True,True,2,2,0,678,180,5,678,180,5,True,False,Aura Jab,130,False
92193323,1192.2,LOSS,False,39,6,DISCARD,7,RESOURCE_MANAGEMENT,,,CARD;CARD,0,0,678,10,340,3,True,4,6,False,True,2,2,0,678,180,5,678,180,5,True,False,Aura Jab,130,False
92193323,1192.2,LOSS,False,40,6,TO_HAND,4,RESOURCE_MANAGEMENT,,,CARD,0,0,678,10,340,3,True,4,6,False,True,2,2,0,678,180,5,678,180,5,True,False,Aura Jab,130,False
92193323,1192.2,LOSS,False,41,6,MAIN,6,ATTACK_SELECTION,ATTACK,,ATTACK,2,1,678,10,340,3,True,4,6,True,True,2,2,0,678,180,5,,,5,True,False,Aura Jab,130,False
92193323,1192.2,LOSS,False,42,6,TO_HAND,6,RESOURCE_MANAGEMENT,,,,0,0,678,10,340,3,True,4,6,False,True,2,2,0,,,5,678,340,2,,,,,False
92193323,1192.2,LOSS,False,43,7,TO_ACTIVE,4,ACTIVE_POKEMON_SELECTION,,,CARD,0,0,,,,,False,4,3,False,True,,,0,678,340,2,678,340,2,,,,,True
92193323,1192.2,LOSS,False,44,8,MAIN,9,RESOURCE_MANAGEMENT,PLAY_ITEM,1142,PLAY,0,0,674,150,150,1,False,3,3,False,True,3,2,0,678,340,2,678,340,2,True,False,Mega Brave,270,False
92193323,1192.2,LOSS,False,45,8,TO_HAND,9,RESOURCE_MANAGEMENT,,,CARD,0,0,674,150,150,1,False,3,3,False,True,3,2,0,678,340,2,678,340,2,True,False,Mega Brave,270,False
92193323,1192.2,LOSS,False,46,8,MAIN,12,RESOURCE_MANAGEMENT,PLAY_ITEM,1121,PLAY,0,0,674,150,150,1,False,3,3,False,True,3,2,0,678,340,2,678,340,2,True,False,Mega Brave,270,False
92193323,1192.2,LOSS,False,47,8,DISCARD,4,RESOURCE_MANAGEMENT,,,CARD;CARD,0,0,674,150,150,1,False,3,3,False,True,3,2,0,678,340,2,678,340,2,True,False,Mega Brave,270,False
92193323,1192.2,LOSS,False,48,8,TO_HAND,6,RESOURCE_MANAGEMENT,,,CARD,0,0,674,150,150,1,False,3,3,False,True,3,2,0,678,340,2,678,340,2,True,False,Mega Brave,270,False
92193323,1192.2,LOSS,False,49,8,MAIN,10,RESOURCE_MANAGEMENT,PLAY_POKEMON,675,PLAY,0,0,674,150,150,1,False,3,3,False,True,3,2,0,678,340,2,678,340,2,True,False,Mega Brave,270,False
92193323,1192.2,LOSS,False,50,8,MAIN,12,RESOURCE_MANAGEMENT,ABILITY,,ABILITY,0,0,674,150,150,1,False,4,3,False,True,3,2,0,678,340,2,678,340,2,True,False,Mega Brave,270,False
92193323,1192.2,LOSS,False,51,8,DISCARD,1,RESOURCE_MANAGEMENT,,,CARD,0,0,674,150,150,1,False,4,3,False,True,3,2,0,678,340,2,678,340,2,True,False,Mega Brave,270,False
92193323,1192.2,LOSS,False,52,8,MAIN,7,ENERGY_MANAGEMENT,ATTACH_ENERGY,,ATTACH,0,0,674,150,150,1,False,4,3,False,True,3,2,0,678,340,2,678,340,2,True,False,Mega Brave,270,False
92193323,1192.2,LOSS,False,53,8,MAIN,2,BENCH_MANAGEMENT,EVOLVE,,EVOLVE,0,0,674,250,250,1,False,4,3,False,True,3,2,0,678,340,2,678,340,2,True,False,Mega Brave,270,False
92193323,1192.2,LOSS,False,54,8,ACTIVATE,2,RESOURCE_MANAGEMENT,,,YES,0,0,674,250,250,1,False,4,3,False,True,3,2,0,678,340,2,678,340,2,True,False,Mega Brave,270,False
92193323,1192.2,LOSS,False,55,8,SWITCH,5,ACTIVE_POKEMON_SELECTION,,,CARD,0,0,674,250,250,1,False,4,3,False,True,3,2,0,678,340,2,675,110,2,True,False,Mega Brave,270,False
92193323,1192.2,LOSS,False,56,8,MAIN,1,TIMING,,,,0,0,674,250,250,1,False,4,3,False,True,3,2,0,675,110,2,678,340,1,False,False,,,False
92193323,1192.2,LOSS,False,57,9,TO_ACTIVE,4,ACTIVE_POKEMON_SELECTION,,,CARD,0,0,,,,,False,4,3,False,True,,,0,678,340,1,678,340,1,,,,,True
92193323,1192.2,LOSS,False,58,10,MAIN,6,RESOURCE_MANAGEMENT,ABILITY,,ABILITY,0,0,675,110,110,1,False,3,3,False,True,1,0,0,678,340,1,678,340,1,True,False,Mega Brave,270,False
92193323,1192.2,LOSS,False,59,10,DISCARD,1,RESOURCE_MANAGEMENT,,,CARD,0,0,675,110,110,1,False,3,3,False,True,1,0,0,678,340,1,678,340,1,True,False,Mega Brave,270,False
92193323,1192.2,LOSS,False,60,10,MAIN,6,RESOURCE_MANAGEMENT,PLAY_ITEM,1123,PLAY,0,0,675,110,110,1,False,3,3,False,True,1,0,0,678,340,1,678,340,1,True,False,Mega Brave,270,False
92193323,1192.2,LOSS,False,61,10,SWITCH,3,ACTIVE_POKEMON_SELECTION,,,CARD,0,0,675,110,110,1,False,3,3,False,True,1,0,0,678,340,1,678,340,1,True,False,Mega Brave,270,False
92193323,1192.2,LOSS,False,62,10,MAIN,5,ENERGY_MANAGEMENT,ATTACH_ENERGY,,ATTACH,0,0,676,110,110,1,False,3,3,False,True,1,0,0,678,340,1,678,340,1,True,False,Mega Brave,270,True
92193323,1192.2,LOSS,False,63,10,MAIN,3,RETREAT_SELECTION,RETREAT,,RETREAT,1,0,676,110,110,1,False,3,3,True,True,1,1,0,678,340,1,678,340,1,True,False,Mega Brave,270,False
92193323,1192.2,LOSS,False,64,10,DISCARD_ENERGY,1,ENERGY_MANAGEMENT,,,ENERGY,0,0,676,110,110,1,False,3,3,False,True,1,1,0,678,340,1,678,340,1,True,False,Mega Brave,270,False
92193323,1192.2,LOSS,False,65,10,SWITCH,3,ACTIVE_POKEMON_SELECTION,,,CARD,0,0,676,110,110,1,False,3,3,False,True,1,0,0,678,340,1,678,340,1,True,False,Mega Brave,270,False
92191475,955.2,WIN,False,0,,,0,UNKNOWN,,,,0,0,,,,,False,,,False,False,,,0,,,,,,,,,,,False
92191475,955.2,WIN,False,1,,,0,UNKNOWN,,,,0,0,,,,,False,,,False,False,,,0,,,,,,0,,,,,False
92191475,955.2,WIN,False,2,0,SETUP_ACTIVE_POKEMON,1,EARLY_GAME_SETUP,,,,0,0,,,,,False,0,0,False,False,,,0,,,0,756,300,6,,,,,False
92191475,955.2,WIN,False,3,2,MAIN,7,RESOURCE_MANAGEMENT,PLAY_ITEM,1142,PLAY,0,0,676,110,110,1,False,0,6,False,False,1,0,0,756,300,6,756,300,6,False,False,,,False
92191475,955.2,WIN,False,4,2,TO_HAND,17,RESOURCE_MANAGEMENT,,,CARD,0,0,676,110,110,1,False,0,6,False,False,1,0,0,756,300,6,756,300,6,False,False,,,False
92191475,955.2,WIN,False,5,2,MAIN,7,RESOURCE_MANAGEMENT,PLAY_POKEMON,673,PLAY,0,0,676,110,110,1,False,0,6,False,False,1,0,0,756,300,6,756,300,6,False,False,,,False
92191475,955.2,WIN,False,6,2,MAIN,8,ENERGY_MANAGEMENT,ATTACH_ENERGY,,ATTACH,0,0,676,110,110,1,False,1,6,False,True,1,0,0,756,300,6,756,300,6,False,False,,,False
92191475,955.2,WIN,False,7,2,MAIN,6,RESOURCE_MANAGEMENT,PLAY_SUPPORTER,1227,PLAY,1,0,676,110,110,1,False,1,6,True,True,1,1,0,756,300,6,756,300,6,False,False,,,False
92191475,955.2,WIN,False,8,2,MAIN,7,RESOURCE_MANAGEMENT,PLAY_POKEMON,675,PLAY,1,0,676,110,110,1,False,1,6,True,True,1,1,0,756,300,6,756,300,6,False,False,,,False
92191475,955.2,WIN,False,9,2,MAIN,6,RESOURCE_MANAGEMENT,PLAY_ITEM,1142,PLAY,1,0,676,110,110,1,False,2,6,True,True,1,1,0,756,300,6,756,300,6,False,False,,,False
92191475,955.2,WIN,False,10,2,TO_HAND,16,RESOURCE_MANAGEMENT,,,CARD,0,0,676,110,110,1,False,2,6,False,True,1,1,0,756,300,6,756,300,6,False,False,,,False
92191475,955.2,WIN,False,11,2,MAIN,6,RESOURCE_MANAGEMENT,ABILITY,,ABILITY,1,0,676,110,110,1,False,2,6,True,True,1,1,0,756,300,6,756,300,6,False,False,,,False
92191475,955.2,WIN,False,12,2,DISCARD,1,RESOURCE_MANAGEMENT,,,CARD,0,0,676,110,110,1,False,2,6,False,True,1,1,0,756,300,6,756,300,6,False,False,,,False
92191475,955.2,WIN,False,13,2,MAIN,8,RESOURCE_MANAGEMENT,PLAY_POKEMON,677,PLAY,1,0,676,110,110,1,False,2,6,True,True,1,1,0,756,300,6,756,300,6,False,False,,,False
92191475,955.2,WIN,False,14,2,MAIN,7,RESOURCE_MANAGEMENT,PLAY_ITEM,1152,PLAY,1,0,676,110,110,1,False,3,6,True,True,1,1,0,756,300,6,756,300,6,False,False,,,False
92191475,955.2,WIN,False,15,2,TO_HAND,7,RESOURCE_MANAGEMENT,,,CARD,0,0,676,110,110,1,False,3,6,False,True,1,1,0,756,300,6,756,300,6,False,False,,,False
92191475,955.2,WIN,False,16,2,MAIN,7,RESOURCE_MANAGEMENT,PLAY_POKEMON,673,PLAY,1,0,676,110,110,1,False,3,6,True,True,1,1,0,756,300,6,756,300,6,False,False,,,False
92191475,955.2,WIN,False,17,2,MAIN,6,RESOURCE_MANAGEMENT,PLAY_ITEM,1152,PLAY,1,0,676,110,110,1,False,4,6,True,True,1,1,0,756,300,6,756,300,6,False,False,,,False
92191475,955.2,WIN,False,18,2,TO_HAND,6,RESOURCE_MANAGEMENT,,,CARD,0,0,676,110,110,1,False,4,6,False,True,1,1,0,756,300,6,756,300,6,False,False,,,False
92191475,955.2,WIN,False,19,2,MAIN,5,TIMING,,,,1,0,676,110,110,1,False,4,6,True,True,1,1,0,756,300,6,756,230,6,False,False,,,False
92191475,955.2,WIN,False,20,4,MAIN,11,BENCH_MANAGEMENT,EVOLVE,,EVOLVE,1,0,676,110,110,1,False,4,6,True,True,1,1,0,756,230,6,756,230,6,False,False,,,False
92191475,955.2,WIN,False,21,4,MAIN,10,RESOURCE_MANAGEMENT,PLAY_ITEM,1121,PLAY,1,0,676,110,110,1,False,4,6,True,True,1,1,0,756,230,6,756,230,6,False,False,,,False
92191475,955.2,WIN,False,22,4,DISCARD,6,RESOURCE_MANAGEMENT,,,CARD;CARD,0,0,676,110,110,1,False,4,6,False,True,1,1,0,756,230,6,756,230,6,False,False,,,False
92191475,955.2,WIN,False,23,4,TO_HAND,8,RESOURCE_MANAGEMENT,,,CARD,0,0,676,110,110,1,False,4,6,False,True,1,1,0,756,230,6,756,230,6,False,False,,,False
92191475,955.2,WIN,False,24,4,MAIN,8,RESOURCE_MANAGEMENT,PLAY_POKEMON,676,PLAY,1,0,676,110,110,1,False,4,6,True,True,1,1,0,756,230,6,756,230,6,False,False,,,False
92191475,955.2,WIN,False,25,4,MAIN,7,RESOURCE_MANAGEMENT,PLAY_SUPPORTER,1213,PLAY,1,0,676,110,110,1,False,5,6,True,True,1,1,0,756,230,6,756,230,6,False,False,,,False
92191475,955.2,WIN,False,26,4,MAIN,14,RETREAT_SELECTION,RETREAT,,RETREAT,1,0,676,110,110,1,False,5,6,True,True,1,1,0,756,230,6,756,230,6,False,False,,,False
92191475,955.2,WIN,False,27,4,DISCARD_ENERGY,1,ENERGY_MANAGEMENT,,,ENERGY,0,0,676,110,110,1,False,5,6,False,True,1,1,0,756,230,6,756,230,6,False,False,,,False
92191475,955.2,WIN,False,28,4,SWITCH,5,ACTIVE_POKEMON_SELECTION,,,CARD,0,0,676,110,110,1,False,5,6,False,True,1,0,0,756,230,6,756,230,6,False,False,,,False
92191475,955.2,WIN,False,29,4,MAIN,12,ENERGY_MANAGEMENT,ATTACH_ENERGY,,ATTACH,0,0,678,340,340,3,False,5,6,False,True,2,0,0,756,230,6,756,230,6,False,False,,,True
92191475,955.2,WIN,False,30,4,MAIN,6,ATTACK_SELECTION,ATTACK,,ATTACK,1,1,678,340,340,3,False,5,6,False,True,2,1,0,756,230,6,756,0,6,False,False,,,False
92191475,955.2,WIN,False,31,4,ATTACH_TO,2,ENERGY_MANAGEMENT,,,CARD;CARD,0,0,678,340,340,3,False,5,6,False,True,2,1,0,756,0,6,756,0,6,False,False,,,False
92191475,955.2,WIN,False,32,4,ATTACH_FROM,5,ENERGY_MANAGEMENT,,,CARD,0,0,678,340,340,3,False,5,6,False,True,2,1,0,756,0,6,756,0,6,False,False,,,False
92191475,955.2,WIN,False,33,4,ATTACH_FROM,5,ENERGY_MANAGEMENT,,,CARD,0,0,678,340,340,3,False,5,6,False,True,2,1,1,756,0,6,,,6,False,False,,,False
92191475,955.2,WIN,False,34,4,TO_HAND,6,RESOURCE_MANAGEMENT,,,,0,0,678,340,340,3,False,5,6,False,True,2,1,1,,,6,345,290,6,,,,,False
92191475,955.2,WIN,False,35,5,DISCARD,6,RESOURCE_MANAGEMENT,,,,0,0,678,340,340,3,False,5,3,False,True,2,1,1,345,290,6,345,290,6,False,False,Superb Scissors,120,False
92191475,955.2,WIN,False,36,6,MAIN,15,RESOURCE_MANAGEMENT,ABILITY,,ABILITY,1,0,678,220,340,3,True,5,3,False,True,2,1,1,345,290,6,345,290,6,False,False,Superb Scissors,120,False
92191475,955.2,WIN,False,37,6,DISCARD,1,RESOURCE_MANAGEMENT,,,CARD,0,0,678,220,340,3,True,5,3,False,True,2,1,1,345,290,6,345,290,6,False,False,Superb Scissors,120,False
92191475,955.2,WIN,False,38,6,MAIN,16,BENCH_MANAGEMENT,EVOLVE,,EVOLVE,1,0,678,220,340,3,True,5,3,False,True,2,1,1,345,290,6,345,290,6,False,False,Superb Scissors,120,False
92191475,955.2,WIN,False,39,6,ACTIVATE,2,RESOURCE_MANAGEMENT,,,YES,0,0,678,220,340,3,True,5,3,False,True,2,1,0,345,290,6,345,290,6,False,False,Superb Scissors,120,False
92191475,955.2,WIN,False,40,6,SWITCH,1,ACTIVE_POKEMON_SELECTION,,,CARD,0,0,678,220,340,3,True,5,3,False,True,2,1,0,345,290,6,344,70,6,False,False,Superb Scissors,120,False
92191475,955.2,WIN,False,41,6,MAIN,14,RESOURCE_MANAGEMENT,PLAY_ITEM,1152,PLAY,1,0,678,220,340,3,True,5,3,False,True,2,1,0,344,70,6,344,70,6,False,False,,,False
92191475,955.2,WIN,False,42,6,TO_HAND,4,RESOURCE_MANAGEMENT,,,CARD,0,0,678,220,340,3,True,5,3,False,True,2,1,0,344,70,6,344,70,6,False,False,,,False
92191475,955.2,WIN,False,43,6,MAIN,14,ENERGY_MANAGEMENT,ATTACH_ENERGY,,ATTACH,1,0,678,220,340,3,True,5,3,False,True,2,1,0,344,70,6,344,70,6,False,False,,,False
92191475,955.2,WIN,False,44,6,MAIN,8,RESOURCE_MANAGEMENT,PLAY_SUPPORTER,1227,PLAY,1,0,678,220,340,3,True,5,3,False,True,2,1,1,344,70,6,344,70,6,False,False,,,False
92191475,955.2,WIN,False,45,6,MAIN,4,ATTACK_SELECTION,ATTACK,,ATTACK,1,1,678,220,340,3,True,5,3,False,True,2,1,1,344,70,6,344,0,6,False,False,,,False
92191475,955.2,WIN,False,46,6,ATTACH_TO,1,ENERGY_MANAGEMENT,,,CARD,0,0,678,220,340,3,True,5,3,False,True,2,1,1,344,0,6,344,0,6,False,False,,,False
92191475,955.2,WIN,False,47,6,ATTACH_FROM,5,ENERGY_MANAGEMENT,,,CARD,0,0,678,220,340,3,True,5,3,False,True,2,1,1,344,0,6,,,6,False,False,,,False
92191475,955.2,WIN,False,48,6,TO_HAND,3,RESOURCE_MANAGEMENT,,,,0,0,678,220,340,3,True,5,3,False,True,2,1,2,,,6,345,290,6,,,,,False
92191475,955.2,WIN,False,49,8,MAIN,20,RESOURCE_MANAGEMENT,ABILITY,,ABILITY,1,0,678,100,340,3,True,5,2,False,True,2,1,2,345,290,6,345,290,6,True,False,Superb Scissors,120,False
92191475,955.2,WIN,False,50,8,DISCARD,2,RESOURCE_MANAGEMENT,,,CARD,0,0,678,100,340,3,True,5,2,False,True,2,1,2,345,290,6,345,290,6,True,False,Superb Scissors,120,False
92191475,955.2,WIN,False,51,8,MAIN,21,RESOURCE_MANAGEMENT,PLAY_ITEM,1152,PLAY,1,0,678,100,340,3,True,5,2,False,True,2,1,2,345,290,6,345,290,6,True,False,Superb Scissors,120,False
92191475,955.2,WIN,False,52,8,TO_HAND,4,RESOURCE_MANAGEMENT,,,CARD,0,0,678,100,340,3,True,5,2,False,True,2,1,2,345,290,6,345,290,6,True,False,Superb Scissors,120,False
92191475,955.2,WIN,False,53,8,MAIN,21,BENCH_MANAGEMENT,EVOLVE,,EVOLVE,1,0,678,100,340,3,True,5,2,False,True,2,1,2,345,290,6,345,290,6,True,False,Superb Scissors,120,False
92191475,955.2,WIN,False,54,8,ACTIVATE,2,RESOURCE_MANAGEMENT,,,YES,0,0,678,100,340,3,True,5,2,False,True,2,1,1,345,290,6,345,290,6,True,False,Superb Scissors,120,False
92191475,955.2,WIN,False,55,8,SWITCH,2,ACTIVE_POKEMON_SELECTION,,,CARD,0,0,678,100,340,3,True,5,2,False,True,2,1,1,345,290,6,344,70,6,True,False,Superb Scissors,120,False
92191475,955.2,WIN,False,56,8,MAIN,20,RESOURCE_MANAGEMENT,PLAY_SUPPORTER,1229,PLAY,1,0,678,100,340,3,True,5,2,False,True,2,1,1,344,70,6,344,70,6,False,False,,,False
92191475,955.2,WIN,False,57,8,HEAL,1,RESOURCE_MANAGEMENT,,,CARD,0,0,678,100,340,3,True,5,2,False,True,2,1,1,344,70,6,344,70,6,False,False,,,False
92191475,955.2,WIN,False,58,8,MAIN,22,ENERGY_MANAGEMENT,ATTACH_ENERGY,,ATTACH,0,0,678,340,340,3,False,5,2,False,True,2,0,1,344,70,6,344,70,6,False,False,,,False
92191475,955.2,WIN,False,59,8,MAIN,5,ATTACK_SELECTION,ATTACK,,ATTACK,1,1,678,340,340,3,False,5,2,False,True,2,1,1,344,70,6,344,0,6,False,False,,,False
92191475,955.2,WIN,False,60,8,ATTACH_TO,1,ENERGY_MANAGEMENT,,,CARD,0,0,678,340,340,3,False,5,2,False,True,2,1,1,344,0,6,344,0,6,False,False,,,False
92191475,955.2,WIN,False,61,8,ATTACH_FROM,5,ENERGY_MANAGEMENT,,,CARD,0,0,678,340,340,3,False,5,2,False,True,2,1,1,344,0,6,,,6,False,False,,,False
92191475,955.2,WIN,False,62,8,TO_HAND,2,RESOURCE_MANAGEMENT,,,,0,0,678,340,340,3,False,5,2,False,True,2,1,1,,,6,345,290,6,,,,,False
92191475,955.2,WIN,False,63,9,DISCARD,9,RESOURCE_MANAGEMENT,,,,0,0,678,340,340,3,False,5,1,False,True,2,1,1,345,290,6,345,290,6,False,False,Superb Scissors,120,False
92191475,955.2,WIN,False,64,10,MAIN,14,ENERGY_MANAGEMENT,ATTACH_ENERGY,,ATTACH,1,0,678,220,340,3,True,5,1,False,True,2,1,1,345,290,6,345,290,6,False,False,Superb Scissors,120,False
92191475,955.2,WIN,False,65,10,MAIN,9,RESOURCE_MANAGEMENT,PLAY_ITEM,1141,PLAY,2,0,678,220,340,3,True,5,1,True,True,2,2,1,345,290,6,345,290,6,False,False,Superb Scissors,120,False
92191475,955.2,WIN,False,66,10,MAIN,8,RESOURCE_MANAGEMENT,PLAY_ITEM,1141,PLAY,2,0,678,220,340,3,True,5,1,True,True,2,2,1,345,290,6,345,290,6,False,False,Superb Scissors,120,False
92191475,955.2,WIN,False,67,10,MAIN,7,RESOURCE_MANAGEMENT,PLAY_SUPPORTER,1227,PLAY,2,0,678,220,340,3,True,5,1,True,True,2,2,1,345,290,6,345,290,6,False,False,Superb Scissors,120,False
92191475,955.2,WIN,False,68,10,MAIN,7,RESOURCE_MANAGEMENT,ABILITY,,ABILITY,2,0,678,220,340,3,True,5,1,True,True,2,2,1,345,290,6,345,290,6,False,False,Superb Scissors,120,False
92191475,955.2,WIN,False,69,10,DISCARD,2,RESOURCE_MANAGEMENT,,,CARD,0,0,678,220,340,3,True,5,1,False,True,2,2,1,345,290,6,345,290,6,False,False,Superb Scissors,120,False
92191475,955.2,WIN,False,70,10,MAIN,12,RESOURCE_MANAGEMENT,PLAY_ITEM,1123,PLAY,2,0,678,220,340,3,True,5,1,True,True,2,2,1,345,290,6,345,290,6,False,False,Superb Scissors,120,False
92191475,955.2,WIN,False,71,10,SWITCH,5,ACTIVE_POKEMON_SELECTION,,,CARD,0,0,678,220,340,3,True,5,1,False,True,2,2,1,345,290,6,345,290,6,False,False,Superb Scissors,120,False
92191475,955.2,WIN,False,72,10,MAIN,8,ENERGY_MANAGEMENT,ATTACH_ENERGY,,ATTACH,0,0,676,110,110,1,False,5,1,False,True,1,0,2,345,290,6,345,290,6,True,False,Superb Scissors,120,True
92191475,955.2,WIN,False,73,10,MAIN,2,TIMING,,,,0,0,676,110,110,1,False,5,1,False,True,1,0,2,345,290,6,345,290,5,True,False,Superb Scissors,120,False
92191475,955.2,WIN,False,74,11,TO_ACTIVE,5,ACTIVE_POKEMON_SELECTION,,,CARD,0,0,,,,,False,5,1,False,True,,,2,345,290,5,345,290,5,,,,,True
92191475,955.2,WIN,False,75,12,MAIN,14,RESOURCE_MANAGEMENT,PLAY_SUPPORTER,1182,PLAY,1,0,674,250,250,1,False,4,1,True,True,3,3,1,345,290,5,345,290,5,False,False,Superb Scissors,120,False
92191475,955.2,WIN,False,76,12,SWITCH,1,ACTIVE_POKEMON_SELECTION,,,CARD,0,0,674,250,250,1,False,4,1,False,True,3,3,1,345,290,5,345,150,5,False,False,Superb Scissors,120,False
92191475,955.2,WIN,False,77,12,MAIN,12,ATTACK_SELECTION,ATTACK,,ATTACK,1,1,674,250,250,1,False,4,1,True,True,3,3,1,345,150,5,,,5,False,False,,,False
92190545,1002.8,WIN,True,0,,,0,UNKNOWN,,,,0,0,,,,,False,,,False,False,,,0,,,,,,,,,,,False
92190545,1002.8,WIN,True,1,,,0,UNKNOWN,,,,0,0,,,,,False,,,False,False,,,0,,,,,,0,,,,,False
92190545,1002.8,WIN,True,2,0,IS_FIRST,2,GOING_FIRST_SECOND,,,,0,0,,,,,False,0,0,False,False,,,0,,,0,,,6,,,,,False
92190545,1002.8,WIN,True,3,0,SETUP_ACTIVE_POKEMON,1,EARLY_GAME_SETUP,,,,0,0,,,,,False,0,0,False,False,,,0,,,6,119,70,6,,,,,False
92190545,1002.8,WIN,True,4,1,MAIN,6,RESOURCE_MANAGEMENT,PLAY_ITEM,1121,PLAY,0,0,677,80,80,1,False,0,6,False,False,2,0,0,119,70,6,119,70,6,False,False,,,False
92190545,1002.8,WIN,True,5,1,DISCARD,6,RESOURCE_MANAGEMENT,,,CARD;CARD,0,0,677,80,80,1,False,0,6,False,False,2,0,0,119,70,6,119,70,6,False,False,,,False
92190545,1002.8,WIN,True,6,1,TO_HAND,13,RESOURCE_MANAGEMENT,,,CARD,0,0,677,80,80,1,False,0,6,False,False,2,0,0,119,70,6,119,70,6,False,False,,,False
92190545,1002.8,WIN,True,7,1,MAIN,5,RESOURCE_MANAGEMENT,PLAY_POKEMON,677,PLAY,0,0,677,80,80,1,False,0,6,False,False,2,0,0,119,70,6,119,70,6,False,False,,,False
92190545,1002.8,WIN,True,8,1,MAIN,7,ENERGY_MANAGEMENT,ATTACH_ENERGY,,ATTACH,0,0,677,80,80,1,False,1,6,False,True,2,0,0,119,70,6,119,70,6,False,False,,,False
92190545,1002.8,WIN,True,9,1,MAIN,1,TIMING,,,,0,0,677,80,80,1,False,1,6,False,True,2,1,0,119,70,6,235,30,6,False,False,,,False
92190545,1002.8,WIN,True,10,3,MAIN,8,BENCH_MANAGEMENT,EVOLVE,,EVOLVE,0,0,677,70,80,1,True,1,6,False,True,2,0,0,235,30,6,235,30,6,False,False,Itchy Pollen,10,False
92190545,1002.8,WIN,True,11,3,MAIN,6,ENERGY_MANAGEMENT,ATTACH_ENERGY,,ATTACH,0,0,678,330,340,3,True,1,6,False,True,2,0,0,235,30,6,235,30,6,False,False,Itchy Pollen,10,True
92190545,1002.8,WIN,True,12,3,MAIN,3,RESOURCE_MANAGEMENT,PLAY_SUPPORTER,1227,PLAY,1,0,678,330,340,3,True,1,6,False,True,2,1,0,235,30,6,235,30,6,False,False,Itchy Pollen,10,False
92190545,1002.8,WIN,True,13,3,MAIN,2,ATTACK_SELECTION,ATTACK,,ATTACK,1,1,678,330,340,3,True,1,6,False,True,2,1,0,235,30,6,235,0,6,False,False,Itchy Pollen,10,False
92190545,1002.8,WIN,True,14,3,ATTACH_TO,2,ENERGY_MANAGEMENT,,,CARD;CARD,0,0,678,330,340,3,True,1,6,False,True,2,1,0,235,0,6,235,0,6,False,False,Itchy Pollen,10,False
92190545,1002.8,WIN,True,15,3,ATTACH_FROM,1,ENERGY_MANAGEMENT,,,CARD,0,0,678,330,340,3,True,1,6,False,True,2,1,0,235,0,6,235,0,6,False,False,Itchy Pollen,10,False
92190545,1002.8,WIN,True,16,3,ATTACH_FROM,1,ENERGY_MANAGEMENT,,,CARD,0,0,678,330,340,3,True,1,6,False,True,2,1,1,235,0,6,,,6,False,False,Itchy Pollen,10,False
92190545,1002.8,WIN,True,17,3,TO_HAND,6,RESOURCE_MANAGEMENT,,,,0,0,678,330,340,3,True,1,6,False,True,2,1,1,,,6,112,110,6,,,,,False
92190545,1002.8,WIN,True,18,5,MAIN,12,RESOURCE_MANAGEMENT,PLAY_SUPPORTER,1182,PLAY,1,0,678,330,340,3,True,1,5,False,True,2,1,1,112,110,6,112,110,6,False,False,,,False
92190545,1002.8,WIN,True,19,5,SWITCH,4,ACTIVE_POKEMON_SELECTION,,,CARD,0,0,678,330,340,3,True,1,5,False,True,2,1,1,112,110,6,120,90,6,False,False,,,False
92190545,1002.8,WIN,True,20,5,MAIN,10,RESOURCE_MANAGEMENT,PLAY_POKEMON,676,PLAY,1,0,678,330,340,3,True,1,5,False,True,2,1,1,120,90,6,120,90,6,False,False,,,False
92190545,1002.8,WIN,True,21,5,MAIN,10,RESOURCE_MANAGEMENT,PLAY_ITEM,1152,PLAY,1,0,678,330,340,3,True,2,5,False,True,2,1,1,120,90,6,120,90,6,False,False,,,False
92190545,1002.8,WIN,True,22,5,TO_HAND,7,RESOURCE_MANAGEMENT,,,CARD,0,0,678,330,340,3,True,2,5,False,True,2,1,1,120,90,6,120,90,6,False,False,,,False
92190545,1002.8,WIN,True,23,5,MAIN,10,RESOURCE_MANAGEMENT,PLAY_POKEMON,675,PLAY,1,0,678,330,340,3,True,2,5,False,True,2,1,1,120,90,6,120,90,6,False,False,,,False
92190545,1002.8,WIN,True,24,5,MAIN,11,RESOURCE_MANAGEMENT,ABILITY,,ABILITY,1,0,678,330,340,3,True,3,5,False,True,2,1,1,120,90,6,120,90,6,False,False,,,False
92190545,1002.8,WIN,True,25,5,DISCARD,1,RESOURCE_MANAGEMENT,,,CARD,0,0,678,330,340,3,True,3,5,False,True,2,1,1,120,90,6,120,90,6,False,False,,,False
92190545,1002.8,WIN,True,26,5,MAIN,10,ENERGY_MANAGEMENT,ATTACH_ENERGY,,ATTACH,1,0,678,330,340,3,True,3,5,False,True,2,1,1,120,90,6,120,90,6,False,False,,,False
92190545,1002.8,WIN,True,27,5,MAIN,8,RESOURCE_MANAGEMENT,PLAY_ITEM,1121,PLAY,2,0,678,330,340,3,True,3,5,True,True,2,2,1,120,90,6,120,90,6,False,False,,,False
92190545,1002.8,WIN,True,28,5,DISCARD,7,RESOURCE_MANAGEMENT,,,CARD;CARD,0,0,678,330,340,3,True,3,5,False,True,2,2,1,120,90,6,120,90,6,False,False,,,False
92190545,1002.8,WIN,True,29,5,TO_HAND,9,RESOURCE_MANAGEMENT,,,CARD,0,0,678,330,340,3,True,3,5,False,True,2,2,1,120,90,6,120,90,6,False,False,,,False
92190545,1002.8,WIN,True,30,5,MAIN,7,RESOURCE_MANAGEMENT,PLAY_POKEMON,673,PLAY,2,0,678,330,340,3,True,3,5,True,True,2,2,1,120,90,6,120,90,6,False,False,,,False
92190545,1002.8,WIN,True,31,5,MAIN,6,RESOURCE_MANAGEMENT,PLAY_ITEM,1142,PLAY,2,0,678,330,340,3,True,4,5,True,True,2,2,1,120,90,6,120,90,6,False,False,,,False
92190545,1002.8,WIN,True,32,5,TO_HAND,10,RESOURCE_MANAGEMENT,,,CARD,0,0,678,330,340,3,True,4,5,False,True,2,2,1,120,90,6,120,90,6,False,False,,,False
92190545,1002.8,WIN,True,33,5,MAIN,6,RESOURCE_MANAGEMENT,PLAY_POKEMON,673,PLAY,2,0,678,330,340,3,True,4,5,True,True,2,2,1,120,90,6,120,90,6,False,False,,,False
92190545,1002.8,WIN,True,34,5,MAIN,5,ATTACK_SELECTION,ATTACK,,ATTACK,2,1,678,330,340,3,True,5,5,True,True,2,2,1,120,90,6,120,0,6,False,False,,,False
92190545,1002.8,WIN,True,35,5,ATTACH_TO,1,ENERGY_MANAGEMENT,,,CARD,0,0,678,330,340,3,True,5,5,False,True,2,2,1,120,0,6,120,0,6,False,False,,,False
92190545,1002.8,WIN,True,36,5,ATTACH_FROM,5,ENERGY_MANAGEMENT,,,CARD,0,0,678,330,340,3,True,5,5,False,True,2,2,1,120,0,6,,,6,False,False,,,False
92190545,1002.8,WIN,True,37,5,TO_HAND,5,RESOURCE_MANAGEMENT,,,,0,0,678,330,340,3,True,5,5,False,True,2,2,2,,,6,121,320,6,,,,,False
92190545,1002.8,WIN,True,38,7,MAIN,11,RESOURCE_MANAGEMENT,PLAY_ITEM,1141,PLAY,2,0,678,130,340,3,True,5,4,True,True,2,2,2,121,320,6,121,320,6,True,False,Phantom Dive,200,False
92190545,1002.8,WIN,True,39,7,MAIN,10,RESOURCE_MANAGEMENT,PLAY_ITEM,1141,PLAY,2,0,678,130,340,3,True,5,4,True,True,2,2,2,121,320,6,121,320,6,True,False,Phantom Dive,200,False
92190545,1002.8,WIN,True,40,7,MAIN,9,RESOURCE_MANAGEMENT,PLAY_ITEM,1142,PLAY,2,0,678,130,340,3,True,5,4,True,True,2,2,2,121,320,6,121,320,6,True,False,Phantom Dive,200,False
92190545,1002.8,WIN,True,41,7,TO_HAND,9,RESOURCE_MANAGEMENT,,,CARD,0,0,678,130,340,3,True,5,4,False,True,2,2,2,121,320,6,121,320,6,True,False,Phantom Dive,200,False
92190545,1002.8,WIN,True,42,7,MAIN,15,RESOURCE_MANAGEMENT,ABILITY,,ABILITY,2,0,678,130,340,3,True,5,4,True,True,2,2,2,121,320,6,121,320,6,True,False,Phantom Dive,200,False
92190545,1002.8,WIN,True,43,7,DISCARD,1,RESOURCE_MANAGEMENT,,,CARD,0,0,678,130,340,3,True,5,4,False,True,2,2,2,121,320,6,121,320,6,True,False,Phantom Dive,200,False
92190545,1002.8,WIN,True,44,7,MAIN,15,RESOURCE_MANAGEMENT,PLAY_ITEM,1121,PLAY,2,0,678,130,340,3,True,5,4,True,True,2,2,2,121,320,6,121,320,6,True,False,Phantom Dive,200,False
92190545,1002.8,WIN,True,45,7,DISCARD,5,RESOURCE_MANAGEMENT,,,CARD;CARD,0,0,678,130,340,3,True,5,4,False,True,2,2,2,121,320,6,121,320,6,True,False,Phantom Dive,200,False
92190545,1002.8,WIN,True,46,7,TO_HAND,6,RESOURCE_MANAGEMENT,,,CARD,0,0,678,130,340,3,True,5,4,False,True,2,2,2,121,320,6,121,320,6,True,False,Phantom Dive,200,False
92190545,1002.8,WIN,True,47,7,MAIN,9,BENCH_MANAGEMENT,EVOLVE,,EVOLVE,2,0,678,130,340,3,True,5,4,True,True,2,2,2,121,320,6,121,320,6,True,False,Phantom Dive,200,False
92190545,1002.8,WIN,True,48,7,MAIN,8,RESOURCE_MANAGEMENT,PLAY_SUPPORTER,1213,PLAY,2,0,678,130,340,3,True,5,4,True,True,2,2,2,121,320,6,121,320,6,True,False,Phantom Dive,200,False
92190545,1002.8,WIN,True,49,7,MAIN,9,RESOURCE_MANAGEMENT,PLAY_ITEM,1142,PLAY,2,0,678,130,340,3,True,5,4,True,True,2,2,2,121,320,6,121,320,6,True,False,Phantom Dive,200,False
92190545,1002.8,WIN,True,50,7,TO_HAND,6,RESOURCE_MANAGEMENT,,,CARD,0,0,678,130,340,3,True,5,4,False,True,2,2,2,121,320,6,121,320,6,True,False,Phantom Dive,200,False
92190545,1002.8,WIN,True,51,7,MAIN,14,RESOURCE_MANAGEMENT,PLAY_ITEM,1152,PLAY,2,0,678,130,340,3,True,5,4,True,True,2,2,2,121,320,6,121,320,6,True,False,Phantom Dive,200,False
92190545,1002.8,WIN,True,52,7,TO_HAND,3,RESOURCE_MANAGEMENT,,,CARD,0,0,678,130,340,3,True,5,4,False,True,2,2,2,121,320,6,121,320,6,True,False,Phantom Dive,200,False
92190545,1002.8,WIN,True,53,7,MAIN,15,ENERGY_MANAGEMENT,ATTACH_ENERGY,,ATTACH,2,0,678,130,340,3,True,5,4,True,True,2,2,2,121,320,6,121,320,6,True,False,Phantom Dive,200,False
92190545,1002.8,WIN,True,54,7,MAIN,9,ATTACK_SELECTION,ATTACK,,ATTACK,2,1,678,130,340,3,True,5,4,True,True,2,2,2,121,320,6,,,6,True,False,Phantom Dive,200,False
92190545,1002.8,WIN,True,55,7,TO_HAND,4,RESOURCE_MANAGEMENT,,,,0,0,678,130,340,3,True,5,4,False,True,2,2,2,,,6,121,320,3,,,,,False
92190545,1002.8,WIN,True,56,8,TO_ACTIVE,5,ACTIVE_POKEMON_SELECTION,,,CARD,0,0,,,,,False,5,2,False,True,,,2,121,320,3,121,320,3,,,,,True
92190545,1002.8,WIN,True,57,9,MAIN,17,BENCH_MANAGEMENT,EVOLVE,,EVOLVE,2,0,678,280,340,3,True,4,2,True,True,2,2,1,121,320,3,121,320,3,False,False,Phantom Dive,200,False
92190545,1002.8,WIN,True,58,9,ACTIVATE,2,RESOURCE_MANAGEMENT,,,YES,0,0,678,280,340,3,True,4,2,False,True,2,2,0,121,320,3,121,320,3,False,False,Phantom Dive,200,False
92190545,1002.8,WIN,True,59,9,SWITCH,4,ACTIVE_POKEMON_SELECTION,,,CARD,0,0,678,280,340,3,True,4,2,False,True,2,2,0,121,320,3,140,210,3,False,False,Phantom Dive,200,False
92190545,1002.8,WIN,True,60,9,MAIN,14,ATTACK_SELECTION,ATTACK,,ATTACK,2,1,678,280,340,3,True,4,2,True,True,2,2,0,140,210,3,,,3,False,False,,,False
92189626,974.5,WIN,True,0,,,0,UNKNOWN,,,,0,0,,,,,False,,,False,False,,,0,,,,,,,,,,,False
92189626,974.5,WIN,True,1,,,0,UNKNOWN,,,,0,0,,,,,False,,,False,False,,,0,,,,,,0,,,,,False
92189626,974.5,WIN,True,2,0,IS_FIRST,2,GOING_FIRST_SECOND,,,YES,0,0,,,,,False,0,0,False,False,,,0,,,0,,,0,,,,,False
92189626,974.5,WIN,True,3,0,SETUP_ACTIVE_POKEMON,1,EARLY_GAME_SETUP,,,,0,0,,,,,False,0,0,False,False,,,0,,,0,112,110,6,,,,,False
92189626,974.5,WIN,True,4,1,MAIN,4,RESOURCE_MANAGEMENT,PLAY_ITEM,1152,PLAY,0,0,677,80,80,1,False,0,6,False,False,2,0,0,112,110,6,112,110,6,False,False,,,False
92189626,974.5,WIN,True,5,1,TO_HAND,9,RESOURCE_MANAGEMENT,,,CARD,0,0,677,80,80,1,False,0,6,False,False,2,0,0,112,110,6,112,110,6,False,False,,,False
92189626,974.5,WIN,True,6,1,MAIN,4,RESOURCE_MANAGEMENT,PLAY_POKEMON,675,PLAY,0,0,677,80,80,1,False,0,6,False,False,2,0,0,112,110,6,112,110,6,False,False,,,False
92189626,974.5,WIN,True,7,1,MAIN,4,RESOURCE_MANAGEMENT,PLAY_ITEM,1142,PLAY,0,0,677,80,80,1,False,1,6,False,True,2,0,0,112,110,6,112,110,6,False,False,,,False
92189626,974.5,WIN,True,8,1,TO_HAND,18,RESOURCE_MANAGEMENT,,,CARD,0,0,677,80,80,1,False,1,6,False,True,2,0,0,112,110,6,112,110,6,False,False,,,False
92189626,974.5,WIN,True,9,1,MAIN,4,RESOURCE_MANAGEMENT,PLAY_POKEMON,676,PLAY,0,0,677,80,80,1,False,1,6,False,True,2,0,0,112,110,6,112,110,6,False,False,,,False
92189626,974.5,WIN,True,10,1,MAIN,5,RESOURCE_MANAGEMENT,ABILITY,,ABILITY,0,0,677,80,80,1,False,2,6,False,True,2,0,0,112,110,6,112,110,6,False,False,,,False
92189626,974.5,WIN,True,11,1,DISCARD,1,RESOURCE_MANAGEMENT,,,CARD,0,0,677,80,80,1,False,2,6,False,True,2,0,0,112,110,6,112,110,6,False,False,,,False
92189626,974.5,WIN,True,12,1,MAIN,4,ENERGY_MANAGEMENT,ATTACH_ENERGY,,ATTACH,0,0,677,80,80,1,False,2,6,False,True,2,0,0,112,110,6,112,110,6,False,False,,,False
92189626,974.5,WIN,True,13,1,MAIN,1,TIMING,,,,0,0,677,180,180,1,False,2,6,False,True,2,0,0,112,110,6,112,110,6,False,False,,,False
92189626,974.5,WIN,True,14,3,MAIN,8,BENCH_MANAGEMENT,EVOLVE,,EVOLVE,0,0,677,180,180,1,False,2,6,False,True,2,0,0,112,110,6,112,110,6,False,False,,,False
92189626,974.5,WIN,True,15,3,MAIN,6,RESOURCE_MANAGEMENT,PLAY_SUPPORTER,1227,PLAY,0,0,678,440,440,3,False,2,6,False,True,2,0,0,112,110,6,112,110,6,False,False,,,True
92189626,974.5,WIN,True,16,3,MAIN,11,RESOURCE_MANAGEMENT,ABILITY,,ABILITY,0,0,678,440,440,3,False,2,6,False,True,2,0,0,112,110,6,112,110,6,False,False,,,False
92189626,974.5,WIN,True,17,3,DISCARD,2,RESOURCE_MANAGEMENT,,,CARD,0,0,678,440,440,3,False,2,6,False,True,2,0,0,112,110,6,112,110,6,False,False,,,False
92189626,974.5,WIN,True,18,3,MAIN,11,RESOURCE_MANAGEMENT,PLAY_ITEM,1152,PLAY,0,0,678,440,440,3,False,2,6,False,True,2,0,0,112,110,6,112,110,6,False,False,,,False
92189626,974.5,WIN,True,19,3,TO_HAND,6,RESOURCE_MANAGEMENT,,,CARD,0,0,678,440,440,3,False,2,6,False,True,2,0,0,112,110,6,112,110,6,False,False,,,False
92189626,974.5,WIN,True,20,3,MAIN,11,RESOURCE_MANAGEMENT,PLAY_POKEMON,677,PLAY,0,0,678,440,440,3,False,2,6,False,True,2,0,0,112,110,6,112,110,6,False,False,,,False
92189626,974.5,WIN,True,21,3,MAIN,12,ENERGY_MANAGEMENT,ATTACH_ENERGY,,ATTACH,0,0,678,440,440,3,False,3,6,False,True,2,0,0,112,110,6,112,110,6,False,False,,,False
92189626,974.5,WIN,True,22,3,MAIN,5,RESOURCE_MANAGEMENT,PLAY_ITEM,1142,PLAY,1,0,678,440,440,3,False,3,6,False,True,2,1,0,112,110,6,112,110,6,False,False,,,False
92189626,974.5,WIN,True,23,3,TO_HAND,13,RESOURCE_MANAGEMENT,,,CARD,0,0,678,440,440,3,False,3,6,False,True,2,1,0,112,110,6,112,110,6,False,False,,,False
92189626,974.5,WIN,True,24,3,MAIN,5,RESOURCE_MANAGEMENT,PLAY_POKEMON,673,PLAY,1,0,678,440,440,3,False,3,6,False,True,2,1,0,112,110,6,112,110,6,False,False,,,False
92189626,974.5,WIN,True,25,3,MAIN,4,RESOURCE_MANAGEMENT,PLAY_ITEM,1121,PLAY,1,0,678,440,440,3,False,4,6,False,True,2,1,0,112,110,6,112,110,6,False,False,,,False
92189626,974.5,WIN,True,26,3,DISCARD,6,RESOURCE_MANAGEMENT,,,CARD;CARD,0,0,678,440,440,3,False,4,6,False,True,2,1,0,112,110,6,112,110,6,False,False,,,False
92189626,974.5,WIN,True,27,3,TO_HAND,7,RESOURCE_MANAGEMENT,,,CARD,0,0,678,440,440,3,False,4,6,False,True,2,1,0,112,110,6,112,110,6,False,False,,,False
92189626,974.5,WIN,True,28,3,MAIN,4,RESOURCE_MANAGEMENT,PLAY_POKEMON,673,PLAY,1,0,678,440,440,3,False,4,6,False,True,2,1,0,112,110,6,112,110,6,False,False,,,False
92189626,974.5,WIN,True,29,3,MAIN,3,RESOURCE_MANAGEMENT,ABILITY,,ABILITY,1,0,678,440,440,3,False,5,6,False,True,2,1,0,112,110,6,112,110,6,False,False,,,False
92189626,974.5,WIN,True,30,3,MAIN,2,ATTACK_SELECTION,ATTACK,,ATTACK,1,1,678,440,440,3,False,5,6,False,True,2,1,0,112,110,6,112,10,6,False,False,,,False
92189626,974.5,WIN,True,31,3,ATTACH_TO,3,ENERGY_MANAGEMENT,,,CARD;CARD;CARD,0,0,678,440,440,3,False,5,6,False,True,2,1,0,112,10,6,112,10,6,False,False,,,False
92189626,974.5,WIN,True,32,3,ATTACH_FROM,5,ENERGY_MANAGEMENT,,,CARD,0,0,678,440,440,3,False,5,6,False,True,2,1,0,112,10,6,112,10,6,False,False,,,False
92189626,974.5,WIN,True,33,3,ATTACH_FROM,5,ENERGY_MANAGEMENT,,,CARD,0,0,678,440,440,3,False,5,6,False,True,2,1,1,112,10,6,112,10,6,False,False,,,False
92189626,974.5,WIN,True,34,3,ATTACH_FROM,5,ENERGY_MANAGEMENT,,,,0,0,678,440,440,3,False,5,6,False,True,2,1,2,112,10,6,112,40,6,False,False,,,False
92189626,974.5,WIN,True,35,5,MAIN,15,BENCH_MANAGEMENT,EVOLVE,,EVOLVE,1,0,678,440,440,3,False,5,6,False,True,2,1,2,112,40,6,112,40,6,False,False,,,False
92189626,974.5,WIN,True,36,5,ACTIVATE,2,RESOURCE_MANAGEMENT,,,YES,0,0,678,440,440,3,False,5,6,False,True,2,1,1,112,40,6,112,40,6,False,False,,,False
92189626,974.5,WIN,True,37,5,SWITCH,3,ACTIVE_POKEMON_SELECTION,,,CARD,0,0,678,440,440,3,False,5,6,False,True,2,1,1,112,40,6,647,100,6,False,False,,,False
92189626,974.5,WIN,True,38,5,MAIN,13,ENERGY_MANAGEMENT,ATTACH_ENERGY,,ATTACH,1,0,678,440,440,3,False,5,6,False,True,2,1,1,647,100,6,647,100,6,False,False,,,False
92189626,974.5,WIN,True,39,5,MAIN,8,RESOURCE_MANAGEMENT,PLAY_SUPPORTER,1227,PLAY,2,0,678,440,440,3,False,5,6,True,True,2,2,1,647,100,6,647,100,6,False,False,,,False
92189626,974.5,WIN,True,40,5,MAIN,9,RESOURCE_MANAGEMENT,ABILITY,,ABILITY,2,0,678,440,440,3,False,5,6,True,True,2,2,1,647,100,6,647,100,6,False,False,,,False
92189626,974.5,WIN,True,41,5,DISCARD,3,RESOURCE_MANAGEMENT,,,CARD,0,0,678,440,440,3,False,5,6,False,True,2,2,1,647,100,6,647,100,6,False,False,,,False
92189626,974.5,WIN,True,42,5,MAIN,9,BENCH_MANAGEMENT,EVOLVE,,EVOLVE,2,0,678,440,440,3,False,5,6,True,True,2,2,1,647,100,6,647,100,6,False,False,,,False
92189626,974.5,WIN,True,43,5,MAIN,8,ATTACK_SELECTION,ATTACK,,ATTACK,2,1,678,440,440,3,False,5,6,True,True,2,2,1,647,100,6,647,0,6,False,False,,,False
92189626,974.5,WIN,True,44,5,ATTACH_TO,1,ENERGY_MANAGEMENT,,,CARD,0,0,678,440,440,3,False,5,6,False,True,2,2,1,647,0,6,647,0,6,False,False,,,False
92189626,974.5,WIN,True,45,5,ATTACH_FROM,5,ENERGY_MANAGEMENT,,,CARD,0,0,678,440,440,3,False,5,6,False,True,2,2,1,647,0,6,,,6,False,False,,,False
92189626,974.5,WIN,True,46,5,TO_HAND,6,RESOURCE_MANAGEMENT,,,,0,0,678,440,440,3,False,5,6,False,True,2,2,2,,,6,646,70,6,,,,,False
92189626,974.5,WIN,True,47,7,MAIN,30,RESOURCE_MANAGEMENT,ABILITY,,ABILITY,2,0,678,440,440,3,False,5,5,True,True,2,2,2,646,70,6,646,70,6,False,False,,,False
92189626,974.5,WIN,True,48,7,DISCARD,3,RESOURCE_MANAGEMENT,,,CARD,0,0,678,440,440,3,False,5,5,False,True,2,2,2,646,70,6,646,70,6,False,False,,,False
92189626,974.5,WIN,True,49,7,MAIN,26,ENERGY_MANAGEMENT,ATTACH_ENERGY,,ATTACH,2,0,678,440,440,3,False,5,5,True,True,2,2,2,646,70,6,646,70,6,False,False,,,False
92189626,974.5,WIN,True,50,7,MAIN,14,ATTACK_SELECTION,ATTACK,,ATTACK,2,1,678,440,440,3,False,5,5,True,True,2,2,2,646,70,6,646,0,6,False,False,,,False
92189626,974.5,WIN,True,51,7,ATTACH_TO,1,ENERGY_MANAGEMENT,,,CARD,0,0,678,440,440,3,False,5,5,False,True,2,2,2,646,0,6,646,0,6,False,False,,,False
92189626,974.5,WIN,True,52,7,ATTACH_FROM,5,ENERGY_MANAGEMENT,,,CARD,0,0,678,440,440,3,False,5,5,False,True,2,2,2,646,0,6,,,6,False,False,,,False
92189626,974.5,WIN,True,53,7,TO_HAND,5,RESOURCE_MANAGEMENT,,,,0,0,678,440,440,3,False,5,5,False,True,2,2,3,,,6,648,320,5,,,,,False
92189626,974.5,WIN,True,54,9,MAIN,23,RESOURCE_MANAGEMENT,PLAY_ITEM,1141,PLAY,2,0,678,260,440,3,True,4,4,True,True,2,2,2,648,320,5,648,320,5,False,False,Shadow Bullet,180,False
92189626,974.5,WIN,True,55,9,MAIN,22,RESOURCE_MANAGEMENT,PLAY_ITEM,1141,PLAY,2,0,678,260,440,3,True,4,4,True,True,2,2,2,648,320,5,648,320,5,False,False,Shadow Bullet,180,False
92189626,974.5,WIN,True,56,9,MAIN,21,RESOURCE_MANAGEMENT,PLAY_POKEMON,677,PLAY,2,0,678,260,440,3,True,4,4,True,True,2,2,2,648,320,5,648,320,5,False,False,Shadow Bullet,180,False
92189626,974.5,WIN,True,57,9,MAIN,19,RESOURCE_MANAGEMENT,PLAY_ITEM,1142,PLAY,2,0,678,260,440,3,True,5,4,True,True,2,2,2,648,320,5,648,320,5,False,False,Shadow Bullet,180,False
92189626,974.5,WIN,True,58,9,TO_HAND,5,RESOURCE_MANAGEMENT,,,CARD,0,0,678,260,440,3,True,5,4,False,True,2,2,2,648,320,5,648,320,5,False,False,Shadow Bullet,180,False
92189626,974.5,WIN,True,59,9,MAIN,24,ENERGY_MANAGEMENT,ATTACH_ENERGY,,ATTACH,2,0,678,260,440,3,True,5,4,True,True,2,2,2,648,320,5,648,320,5,False,False,Shadow Bullet,180,False
92189626,974.5,WIN,True,60,9,MAIN,12,RESOURCE_MANAGEMENT,ABILITY,,ABILITY,2,0,678,260,440,3,True,5,4,True,True,2,2,3,648,320,5,648,320,5,False,False,Shadow Bullet,180,False
92189626,974.5,WIN,True,61,9,DISCARD,1,RESOURCE_MANAGEMENT,,,CARD,0,0,678,260,440,3,True,5,4,False,True,2,2,3,648,320,5,648,320,5,False,False,Shadow Bullet,180,False
92189626,974.5,WIN,True,62,9,MAIN,12,RESOURCE_MANAGEMENT,PLAY_ITEM,1121,PLAY,2,0,678,260,440,3,True,5,4,True,True,2,2,3,648,320,5,648,320,5,False,False,Shadow Bullet,180,False
92189626,974.5,WIN,True,63,9,DISCARD,11,RESOURCE_MANAGEMENT,,,CARD;CARD,0,0,678,260,440,3,True,5,4,False,True,2,2,3,648,320,5,648,320,5,False,False,Shadow Bullet,180,False
92189626,974.5,WIN,True,64,9,TO_HAND,3,RESOURCE_MANAGEMENT,,,CARD,0,0,678,260,440,3,True,5,4,False,True,2,2,3,648,320,5,648,320,5,False,False,Shadow Bullet,180,False
92189626,974.5,WIN,True,65,9,MAIN,11,RESOURCE_MANAGEMENT,ABILITY,,ABILITY,2,0,678,260,440,3,True,5,4,True,True,2,2,3,648,320,5,648,320,5,False,False,Shadow Bullet,180,False
92189626,974.5,WIN,True,66,9,MAIN,10,RESOURCE_MANAGEMENT,PLAY_SUPPORTER,1227,PLAY,2,0,678,260,440,3,True,5,4,True,True,2,2,3,648,320,5,648,320,5,False,False,Shadow Bullet,180,False
92189626,974.5,WIN,True,67,9,MAIN,8,RESOURCE_MANAGEMENT,PLAY_ITEM,1142,PLAY,2,0,678,260,440,3,True,5,4,True,True,2,2,3,648,320,5,648,320,5,False,False,Shadow Bullet,180,False
92189626,974.5,WIN,True,68,9,TO_HAND,4,RESOURCE_MANAGEMENT,,,CARD,0,0,678,260,440,3,True,5,4,False,True,2,2,3,648,320,5,648,320,5,False,False,Shadow Bullet,180,False
92189626,974.5,WIN,True,69,9,MAIN,7,ATTACK_SELECTION,ATTACK,,ATTACK,2,1,678,260,440,3,True,5,4,True,True,2,2,3,648,320,5,,,5,False,False,Shadow Bullet,180,False
92189626,974.5,WIN,True,70,9,TO_HAND,4,RESOURCE_MANAGEMENT,,,,0,0,678,260,440,3,True,5,4,False,True,2,2,3,,,5,860,70,5,,,,,False
92189626,974.5,WIN,True,71,11,MAIN,24,RESOURCE_MANAGEMENT,ABILITY,,ABILITY,1,0,678,260,440,3,True,5,2,True,True,2,2,3,860,70,5,860,70,5,False,False,,,False
92189626,974.5,WIN,True,72,11,DISCARD,2,RESOURCE_MANAGEMENT,,,CARD,0,0,678,260,440,3,True,5,2,False,True,2,2,3,860,70,5,860,70,5,False,False,,,False
92189626,974.5,WIN,True,73,11,MAIN,20,RESOURCE_MANAGEMENT,PLAY_SUPPORTER,1229,PLAY,1,0,678,260,440,3,True,5,2,True,True,2,2,3,860,70,5,860,70,5,False,False,,,False
92189626,974.5,WIN,True,74,11,HEAL,2,RESOURCE_MANAGEMENT,,,CARD,0,0,678,260,440,3,True,5,2,False,True,2,2,3,860,70,5,860,70,5,False,False,,,False
92189626,974.5,WIN,True,75,11,MAIN,25,BENCH_MANAGEMENT,EVOLVE,,EVOLVE,0,0,678,440,440,3,False,5,2,False,True,2,0,3,860,70,5,860,70,5,False,False,,,False
92189626,974.5,WIN,True,76,11,MAIN,24,ENERGY_MANAGEMENT,ATTACH_ENERGY,,ATTACH,0,0,678,440,440,3,False,5,2,False,True,2,0,3,860,70,5,860,70,5,False,False,,,False
92189626,974.5,WIN,True,77,11,MAIN,7,ATTACK_SELECTION,ATTACK,,ATTACK,1,1,678,440,440,3,False,5,2,False,True,2,1,3,860,70,5,860,0,5,False,False,,,False
92189626,974.5,WIN,True,78,11,ATTACH_TO,3,ENERGY_MANAGEMENT,,,CARD;CARD;CARD,0,0,678,440,440,3,False,5,2,False,True,2,1,3,860,0,5,860,0,5,False,False,,,False
92189626,974.5,WIN,True,79,11,ATTACH_FROM,5,ENERGY_MANAGEMENT,,,CARD,0,0,678,440,440,3,False,5,2,False,True,2,1,3,860,0,5,860,0,5,False,False,,,False
92189626,974.5,WIN,True,80,11,ATTACH_FROM,5,ENERGY_MANAGEMENT,,,CARD,0,0,678,440,440,3,False,5,2,False,True,2,1,3,860,0,5,860,0,5,False,False,,,False
92189626,974.5,WIN,True,81,11,ATTACH_FROM,5,ENERGY_MANAGEMENT,,,CARD,0,0,678,440,440,3,False,5,2,False,True,2,1,3,860,0,5,,,5,False,False,,,False
92189626,974.5,WIN,True,82,11,TO_HAND,2,RESOURCE_MANAGEMENT,,,,0,0,678,440,440,3,False,5,2,False,True,2,1,3,,,5,648,320,5,,,,,False
92189626,974.5,WIN,True,83,13,MAIN,26,RESOURCE_MANAGEMENT,ABILITY,,ABILITY,1,0,678,260,440,3,True,5,1,False,True,2,1,3,648,320,5,648,320,5,False,False,Shadow Bullet,180,False
92189626,974.5,WIN,True,84,13,DISCARD,2,RESOURCE_MANAGEMENT,,,CARD,0,0,678,260,440,3,True,5,1,False,True,2,1,3,648,320,5,648,320,5,False,False,Shadow Bullet,180,False
92189626,974.5,WIN,True,85,13,MAIN,27,RESOURCE_MANAGEMENT,PLAY_SUPPORTER,1182,PLAY,1,0,678,260,440,3,True,5,1,False,True,2,1,3,648,320,5,648,320,5,False,False,Shadow Bullet,180,False
92189626,974.5,WIN,True,86,13,SWITCH,5,ACTIVE_POKEMON_SELECTION,,,CARD,0,0,678,260,440,3,True,5,1,False,True,2,1,3,648,320,5,646,70,5,False,False,Shadow Bullet,180,False
92189626,974.5,WIN,True,87,13,MAIN,21,ATTACK_SELECTION,ATTACK,,ATTACK,1,1,678,260,440,3,True,5,1,False,True,2,1,3,646,70,5,646,0,5,False,False,Corkscrew Punch,10,False
92189626,974.5,WIN,True,88,13,ATTACH_TO,1,ENERGY_MANAGEMENT,,,,0,0,678,260,440,3,True,5,1,False,True,2,1,3,646,0,5,,,5,False,False,Corkscrew Punch,10,False
92188670,811.9,WIN,True,0,,,0,UNKNOWN,,,,0,0,,,,,False,,,False,False,,,0,,,,,,,,,,,False
92188670,811.9,WIN,True,1,,,0,UNKNOWN,,,,0,0,,,,,False,,,False,False,,,0,,,,,,0,,,,,False
92188670,811.9,WIN,True,2,0,IS_FIRST,2,GOING_FIRST_SECOND,,,YES,0,0,,,,,False,0,0,False,False,,,0,,,0,,,0,,,,,False
92188670,811.9,WIN,True,3,0,SETUP_ACTIVE_POKEMON,1,EARLY_GAME_SETUP,,,,0,0,,,,,False,0,0,False,False,,,0,,,0,343,80,6,,,,,False
92188670,811.9,WIN,True,4,1,MAIN,4,ENERGY_MANAGEMENT,ATTACH_ENERGY,,ATTACH,0,0,673,80,80,1,False,0,6,False,False,2,0,0,343,80,6,343,80,6,False,False,,,False
92188670,811.9,WIN,True,5,1,MAIN,2,TIMING,,,,0,0,673,80,80,1,False,0,6,False,False,2,1,0,343,80,6,343,80,6,False,False,,,False
92188670,811.9,WIN,True,6,3,MAIN,7,ENERGY_MANAGEMENT,ATTACH_ENERGY,,ATTACH,1,0,673,80,80,1,False,0,6,False,False,2,1,0,343,80,6,343,80,6,False,False,,,False
92188670,811.9,WIN,True,7,3,MAIN,7,RESOURCE_MANAGEMENT,PLAY_SUPPORTER,1227,PLAY,2,0,673,80,80,1,False,0,6,False,False,2,2,0,343,80,6,343,80,6,False,False,,,False
92188670,811.9,WIN,True,8,3,MAIN,9,RESOURCE_MANAGEMENT,PLAY_POKEMON,677,PLAY,2,0,673,80,80,1,False,0,6,False,False,2,2,0,343,80,6,343,80,6,False,False,,,False
92188670,811.9,WIN,True,9,3,MAIN,9,RESOURCE_MANAGEMENT,PLAY_ITEM,1142,PLAY,2,0,673,80,80,1,False,1,6,True,True,2,2,0,343,80,6,343,80,6,False,False,,,False
92188670,811.9,WIN,True,10,3,TO_HAND,17,RESOURCE_MANAGEMENT,,,CARD,0,0,673,80,80,1,False,1,6,False,True,2,2,0,343,80,6,343,80,6,False,False,,,False
92188670,811.9,WIN,True,11,3,MAIN,9,RESOURCE_MANAGEMENT,PLAY_POKEMON,676,PLAY,2,0,673,80,80,1,False,1,6,True,True,2,2,0,343,80,6,343,80,6,False,False,,,False
92188670,811.9,WIN,True,12,3,MAIN,8,RESOURCE_MANAGEMENT,PLAY_ITEM,1152,PLAY,2,0,673,80,80,1,False,2,6,True,True,2,2,0,343,80,6,343,80,6,False,False,,,False
92188670,811.9,WIN,True,13,3,TO_HAND,8,RESOURCE_MANAGEMENT,,,CARD,0,0,673,80,80,1,False,2,6,False,True,2,2,0,343,80,6,343,80,6,False,False,,,False
92188670,811.9,WIN,True,14,3,MAIN,8,RESOURCE_MANAGEMENT,PLAY_POKEMON,675,PLAY,2,0,673,80,80,1,False,2,6,True,True,2,2,0,343,80,6,343,80,6,False,False,,,False
92188670,811.9,WIN,True,15,3,MAIN,8,RESOURCE_MANAGEMENT,ABILITY,,ABILITY,2,0,673,80,80,1,False,3,6,True,True,2,2,0,343,80,6,343,80,6,False,False,,,False
92188670,811.9,WIN,True,16,3,DISCARD,1,RESOURCE_MANAGEMENT,,,CARD,0,0,673,80,80,1,False,3,6,False,True,2,2,0,343,80,6,343,80,6,False,False,,,False
92188670,811.9,WIN,True,17,3,MAIN,10,RESOURCE_MANAGEMENT,PLAY_POKEMON,673,PLAY,2,0,673,80,80,1,False,3,6,True,True,2,2,0,343,80,6,343,80,6,False,False,,,False
92188670,811.9,WIN,True,18,3,MAIN,9,RESOURCE_MANAGEMENT,PLAY_ITEM,1142,PLAY,2,0,673,80,80,1,False,4,6,True,True,2,2,0,343,80,6,343,80,6,False,False,,,False
92188670,811.9,WIN,True,19,3,TO_HAND,14,RESOURCE_MANAGEMENT,,,CARD,0,0,673,80,80,1,False,4,6,False,True,2,2,0,343,80,6,343,80,6,False,False,,,False
92188670,811.9,WIN,True,20,3,MAIN,8,RESOURCE_MANAGEMENT,PLAY_ITEM,1141,PLAY,2,0,673,80,80,1,False,4,6,True,True,2,2,0,343,80,6,343,80,6,False,False,,,False
92188670,811.9,WIN,True,21,3,MAIN,7,TIMING,,,,2,0,673,80,80,1,False,4,6,True,True,2,2,0,343,80,6,343,20,6,False,False,,,False
92188670,811.9,WIN,True,22,5,MAIN,17,RESOURCE_MANAGEMENT,ABILITY,,ABILITY,0,0,673,80,80,1,False,4,6,False,True,2,0,1,343,20,6,343,20,6,False,False,,,False
92188670,811.9,WIN,True,23,5,DISCARD,2,RESOURCE_MANAGEMENT,,,CARD,0,0,673,80,80,1,False,4,6,False,True,2,0,1,343,20,6,343,20,6,False,False,,,False
92188670,811.9,WIN,True,24,5,MAIN,22,RESOURCE_MANAGEMENT,PLAY_ITEM,1123,PLAY,0,0,673,80,80,1,False,4,6,False,True,2,0,1,343,20,6,343,20,6,False,False,,,False
92188670,811.9,WIN,True,25,5,SWITCH,4,ACTIVE_POKEMON_SELECTION,,,CARD,0,0,673,80,80,1,False,4,6,False,True,2,0,1,343,20,6,343,20,6,False,False,,,False
92188670,811.9,WIN,True,26,5,MAIN,21,BENCH_MANAGEMENT,EVOLVE,,EVOLVE,0,0,677,80,80,1,False,4,6,False,True,2,0,1,343,20,6,343,20,6,False,False,,,True
92188670,811.9,WIN,True,27,5,ACTIVATE,2,RESOURCE_MANAGEMENT,,,YES,0,0,677,80,80,1,False,4,6,False,True,2,0,0,343,20,6,343,20,6,False,False,,,False
92188670,811.9,WIN,True,28,5,SWITCH,5,ACTIVE_POKEMON_SELECTION,,,CARD,0,0,677,80,80,1,False,4,6,False,True,2,0,0,343,20,6,140,210,6,False,False,,,False
92188670,811.9,WIN,True,29,5,MAIN,19,RESOURCE_MANAGEMENT,PLAY_ITEM,1121,PLAY,0,0,677,80,80,1,False,4,6,False,True,2,0,0,140,210,6,140,210,6,False,False,,,False
92188670,811.9,WIN,True,30,5,DISCARD,5,RESOURCE_MANAGEMENT,,,CARD;CARD,0,0,677,80,80,1,False,4,6,False,True,2,0,0,140,210,6,140,210,6,False,False,,,False
92188670,811.9,WIN,True,31,5,TO_HAND,10,RESOURCE_MANAGEMENT,,,CARD,0,0,677,80,80,1,False,4,6,False,True,2,0,0,140,210,6,140,210,6,False,False,,,False
92188670,811.9,WIN,True,32,5,MAIN,13,BENCH_MANAGEMENT,EVOLVE,,EVOLVE,0,0,677,80,80,1,False,4,6,False,True,2,0,0,140,210,6,140,210,6,False,False,,,False
92188670,811.9,WIN,True,33,5,MAIN,12,ENERGY_MANAGEMENT,ATTACH_ENERGY,,ATTACH,0,0,678,340,340,3,False,4,6,False,True,2,0,0,140,210,6,140,210,6,False,False,,,True
92188670,811.9,WIN,True,34,5,MAIN,3,ATTACK_SELECTION,ATTACK,,ATTACK,1,1,678,340,340,3,False,4,6,False,True,2,1,0,140,210,6,140,0,6,False,False,,,False
92188670,811.9,WIN,True,35,5,ATTACH_TO,3,ENERGY_MANAGEMENT,,,CARD;CARD;CARD,0,0,678,340,340,3,False,4,6,False,True,2,1,0,140,0,6,140,0,6,False,False,,,False
92188670,811.9,WIN,True,36,5,ATTACH_FROM,4,ENERGY_MANAGEMENT,,,CARD,0,0,678,340,340,3,False,4,6,False,True,2,1,0,140,0,6,140,0,6,False,False,,,False
92188670,811.9,WIN,True,37,5,ATTACH_FROM,4,ENERGY_MANAGEMENT,,,CARD,0,0,678,340,340,3,False,4,6,False,True,2,1,1,140,0,6,140,0,6,False,False,,,False
92188670,811.9,WIN,True,38,5,ATTACH_FROM,4,ENERGY_MANAGEMENT,,,CARD,0,0,678,340,340,3,False,4,6,False,True,2,1,2,140,0,6,,,6,False,False,,,False
92188670,811.9,WIN,True,39,5,TO_HAND,6,RESOURCE_MANAGEMENT,,,,0,0,678,340,340,3,False,4,6,False,True,2,1,2,,,6,743,140,6,,,,,False
92188670,811.9,WIN,True,40,7,MAIN,12,RESOURCE_MANAGEMENT,ABILITY,,ABILITY,1,0,678,20,340,3,True,4,4,False,True,2,1,2,743,140,6,743,140,6,False,False,Powerful Hand,0,False
92188670,811.9,WIN,True,41,7,DISCARD,1,RESOURCE_MANAGEMENT,,,CARD,0,0,678,20,340,3,True,4,4,False,True,2,1,2,743,140,6,743,140,6,False,False,Powerful Hand,0,False
92188670,811.9,WIN,True,42,7,MAIN,9,RESOURCE_MANAGEMENT,PLAY_ITEM,1142,PLAY,1,0,678,20,340,3,True,4,4,False,True,2,1,2,743,140,6,743,140,6,False,False,Powerful Hand,0,False
92188670,811.9,WIN,True,43,7,TO_HAND,10,RESOURCE_MANAGEMENT,,,CARD,0,0,678,20,340,3,True,4,4,False,True,2,1,2,743,140,6,743,140,6,False,False,Powerful Hand,0,False
92188670,811.9,WIN,True,44,7,MAIN,13,RESOURCE_MANAGEMENT,PLAY_ITEM,1121,PLAY,1,0,678,20,340,3,True,4,4,False,True,2,1,2,743,140,6,743,140,6,False,False,Powerful Hand,0,False
92188670,811.9,WIN,True,45,7,DISCARD,6,RESOURCE_MANAGEMENT,,,CARD;CARD,0,0,678,20,340,3,True,4,4,False,True,2,1,2,743,140,6,743,140,6,False,False,Powerful Hand,0,False
92188670,811.9,WIN,True,46,7,TO_HAND,9,RESOURCE_MANAGEMENT,,,CARD,0,0,678,20,340,3,True,4,4,False,True,2,1,2,743,140,6,743,140,6,False,False,Powerful Hand,0,False
92188670,811.9,WIN,True,47,7,MAIN,11,BENCH_MANAGEMENT,EVOLVE,,EVOLVE,1,0,678,20,340,3,True,4,4,False,True,2,1,2,743,140,6,743,140,6,False,False,Powerful Hand,0,False
92188670,811.9,WIN,True,48,7,ACTIVATE,2,RESOURCE_MANAGEMENT,,,YES,0,0,678,20,340,3,True,4,4,False,True,2,1,1,743,140,6,743,140,6,False,False,Powerful Hand,0,False
92188670,811.9,WIN,True,49,7,SWITCH,5,ACTIVE_POKEMON_SELECTION,,,CARD,0,0,678,20,340,3,True,4,4,False,True,2,1,1,743,140,6,140,210,6,False,False,Powerful Hand,0,False
92188670,811.9,WIN,True,50,7,MAIN,10,ENERGY_MANAGEMENT,ATTACH_ENERGY,,ATTACH,1,0,678,20,340,3,True,4,4,False,True,2,1,1,140,210,6,140,210,6,False,False,,,False
92188670,811.9,WIN,True,51,7,MAIN,7,RESOURCE_MANAGEMENT,PLAY_SUPPORTER,1213,PLAY,2,0,678,20,340,3,True,4,4,True,True,2,2,1,140,210,6,140,210,6,False,False,,,False
92188670,811.9,WIN,True,52,7,MAIN,5,RESOURCE_MANAGEMENT,PLAY_POKEMON,677,PLAY,2,0,678,20,340,3,True,4,4,True,True,2,2,1,140,210,6,140,210,6,False,False,,,False
92188670,811.9,WIN,True,53,7,MAIN,4,ATTACK_SELECTION,ATTACK,,ATTACK,2,1,678,20,340,3,True,5,4,True,True,2,2,1,140,210,6,,,6,False,False,,,False
92188670,811.9,WIN,True,54,7,TO_HAND,4,RESOURCE_MANAGEMENT,,,,0,0,678,20,340,3,True,5,4,False,True,2,2,1,,,6,743,140,3,,,,,False
92188670,811.9,WIN,True,55,8,TO_ACTIVE,5,ACTIVE_POKEMON_SELECTION,,,CARD,0,0,,,,,False,5,2,False,True,,,1,743,140,3,743,140,3,,,,,True
92188670,811.9,WIN,True,56,9,MAIN,12,ENERGY_MANAGEMENT,ATTACH_ENERGY,,ATTACH,1,0,674,150,150,1,False,4,2,True,True,3,3,0,743,140,3,743,140,3,False,False,Powerful Hand,0,False
92188670,811.9,WIN,True,57,9,MAIN,7,RESOURCE_MANAGEMENT,PLAY_SUPPORTER,1227,PLAY,1,0,674,150,150,1,False,4,2,True,True,3,3,0,743,140,3,743,140,3,False,False,Powerful Hand,0,False
92188670,811.9,WIN,True,58,9,MAIN,6,RESOURCE_MANAGEMENT,PLAY_ITEM,1142,PLAY,1,0,674,150,150,1,False,4,2,True,True,3,3,0,743,140,3,743,140,3,False,False,Powerful Hand,0,False
92188670,811.9,WIN,True,59,9,TO_HAND,8,RESOURCE_MANAGEMENT,,,CARD,0,0,674,150,150,1,False,4,2,False,True,3,3,0,743,140,3,743,140,3,False,False,Powerful Hand,0,False
92188670,811.9,WIN,True,60,9,MAIN,11,ENERGY_MANAGEMENT,ATTACH_ENERGY,,ATTACH,1,0,674,150,150,1,False,4,2,True,True,3,3,0,743,140,3,743,140,3,False,False,Powerful Hand,0,False
92188670,811.9,WIN,True,61,9,MAIN,5,ATTACK_SELECTION,ATTACK,,ATTACK,1,1,674,150,150,1,False,4,2,True,True,3,3,1,743,140,3,,,3,False,False,Powerful Hand,0,False
92188670,811.9,WIN,True,62,9,TO_HAND,2,RESOURCE_MANAGEMENT,,,,0,0,674,80,150,1,True,4,2,False,True,3,3,1,,,3,343,20,3,,,,,False
92188670,811.9,WIN,True,63,11,MAIN,18,ATTACK_SELECTION,ATTACK,,ATTACK,1,1,674,250,250,1,False,4,1,True,True,3,3,1,343,20,3,,,3,False,False,,,False
92188860,980.3,LOSS,False,0,,,0,UNKNOWN,,,,0,0,,,,,False,,,False,False,,,0,,,,,,,,,,,False
92188860,980.3,LOSS,False,1,,,0,UNKNOWN,,,,0,0,,,,,False,,,False,False,,,0,,,,,,0,,,,,False
92188860,980.3,LOSS,False,2,0,SETUP_ACTIVE_POKEMON,2,EARLY_GAME_SETUP,,,CARD,0,0,,,,,False,0,0,False,False,,,0,,,0,,,6,,,,,False
92188860,980.3,LOSS,False,3,0,SETUP_BENCH_POKEMON,1,BENCH_MANAGEMENT,,,,0,0,,,,,False,0,6,False,False,,,0,,,6,1071,170,6,,,,,False
92188860,980.3,LOSS,False,4,2,MAIN,3,RESOURCE_MANAGEMENT,PLAY_ITEM,1152,PLAY,0,0,677,80,80,1,False,1,6,False,True,2,0,0,1071,170,6,1071,170,6,False,False,,,False
92188860,980.3,LOSS,False,5,2,TO_HAND,7,RESOURCE_MANAGEMENT,,,CARD,0,0,677,80,80,1,False,1,6,False,True,2,0,0,1071,170,6,1071,170,6,False,False,,,False
92188860,980.3,LOSS,False,6,2,MAIN,3,RESOURCE_MANAGEMENT,PLAY_POKEMON,675,PLAY,0,0,677,80,80,1,False,1,6,False,True,2,0,0,1071,170,6,1071,170,6,False,False,,,False
92188860,980.3,LOSS,False,7,2,MAIN,2,RESOURCE_MANAGEMENT,PLAY_ITEM,1121,PLAY,0,0,677,80,80,1,False,2,6,False,True,2,0,0,1071,170,6,1071,170,6,False,False,,,False
92188860,980.3,LOSS,False,8,2,DISCARD,4,RESOURCE_MANAGEMENT,,,CARD;CARD,0,0,677,80,80,1,False,2,6,False,True,2,0,0,1071,170,6,1071,170,6,False,False,,,False
92188860,980.3,LOSS,False,9,2,TO_HAND,9,RESOURCE_MANAGEMENT,,,CARD,0,0,677,80,80,1,False,2,6,False,True,2,0,0,1071,170,6,1071,170,6,False,False,,,False
92188860,980.3,LOSS,False,10,2,MAIN,2,RESOURCE_MANAGEMENT,PLAY_POKEMON,676,PLAY,0,0,677,80,80,1,False,2,6,False,True,2,0,0,1071,170,6,1071,170,6,False,False,,,False
92188860,980.3,LOSS,False,11,2,MAIN,1,TIMING,,,,0,0,677,80,80,1,False,3,6,False,True,2,0,0,1071,170,6,235,10,6,False,False,,,False
92188860,980.3,LOSS,False,12,4,MAIN,2,RESOURCE_MANAGEMENT,PLAY_SUPPORTER,1182,PLAY,0,0,677,70,80,1,True,3,6,False,True,2,0,0,235,10,6,235,10,6,False,False,Itchy Pollen,10,False
92188860,980.3,LOSS,False,13,4,SWITCH,2,ACTIVE_POKEMON_SELECTION,,,CARD,0,0,677,70,80,1,True,3,6,False,True,2,0,0,235,10,6,1071,170,6,False,False,Itchy Pollen,10,False
92188860,980.3,LOSS,False,14,4,MAIN,1,TIMING,,,,0,0,677,70,80,1,True,3,6,False,True,2,0,0,1071,170,6,235,10,6,False,False,,,False
92188860,980.3,LOSS,False,15,6,MAIN,2,RESOURCE_MANAGEMENT,PLAY_SUPPORTER,1182,PLAY,0,0,677,60,80,1,True,3,6,False,True,2,0,0,235,10,6,235,10,6,False,False,Itchy Pollen,10,False
92188860,980.3,LOSS,False,16,6,SWITCH,3,ACTIVE_POKEMON_SELECTION,,,CARD,0,0,677,60,80,1,True,3,6,False,True,2,0,0,235,10,6,1071,170,6,False,False,Itchy Pollen,10,False
92188860,980.3,LOSS,False,17,6,MAIN,1,TIMING,,,,0,0,677,60,80,1,True,3,6,False,True,2,0,0,1071,170,6,1071,170,6,False,False,,,False
92188860,980.3,LOSS,False,18,8,MAIN,3,TIMING,,,,0,0,677,60,80,1,True,3,6,False,True,2,0,0,1071,170,6,121,300,5,False,False,,,False
92188860,980.3,LOSS,False,19,9,TO_ACTIVE,3,ACTIVE_POKEMON_SELECTION,,,CARD,0,0,,,,,False,3,6,False,True,,,0,121,300,5,121,300,5,,,,,True
92188860,980.3,LOSS,False,20,10,MAIN,4,RESOURCE_MANAGEMENT,PLAY_ITEM,1121,PLAY,0,0,677,80,80,1,False,2,6,False,True,2,0,0,121,300,5,121,300,5,True,False,Phantom Dive,200,False
92188860,980.3,LOSS,False,21,10,DISCARD,3,RESOURCE_MANAGEMENT,,,CARD;CARD,0,0,677,80,80,1,False,2,6,False,True,2,0,0,121,300,5,121,300,5,True,False,Phantom Dive,200,False
92188860,980.3,LOSS,False,22,10,TO_HAND,7,RESOURCE_MANAGEMENT,,,CARD,0,0,677,80,80,1,False,2,6,False,True,2,0,0,121,300,5,121,300,5,True,False,Phantom Dive,200,False
92188860,980.3,LOSS,False,23,10,MAIN,3,RESOURCE_MANAGEMENT,PLAY_POKEMON,676,PLAY,0,0,677,80,80,1,False,2,6,False,True,2,0,0,121,300,5,121,300,5,True,False,Phantom Dive,200,False
92188860,980.3,LOSS,False,24,10,MAIN,2,BENCH_MANAGEMENT,EVOLVE,,EVOLVE,0,0,677,80,80,1,False,3,6,False,True,2,0,0,121,300,5,121,300,5,True,False,Phantom Dive,200,False
92188860,980.3,LOSS,False,25,10,MAIN,1,TIMING,,,,0,0,678,340,340,3,False,3,6,False,True,2,0,0,121,300,5,121,300,4,False,False,Phantom Dive,200,True
92188860,980.3,LOSS,False,26,12,MAIN,2,RESOURCE_MANAGEMENT,PLAY_ITEM,1142,PLAY,0,0,678,140,340,3,True,2,6,False,True,2,0,0,121,300,4,121,300,4,True,False,Phantom Dive,200,False
92188860,980.3,LOSS,False,27,12,TO_HAND,15,RESOURCE_MANAGEMENT,,,CARD,0,0,678,140,340,3,True,2,6,False,True,2,0,0,121,300,4,121,300,4,True,False,Phantom Dive,200,False
92188860,980.3,LOSS,False,28,12,MAIN,4,ENERGY_MANAGEMENT,ATTACH_ENERGY,,ATTACH,0,0,678,140,340,3,True,2,6,False,True,2,0,0,121,300,4,121,300,4,True,False,Phantom Dive,200,False
92188860,980.3,LOSS,False,29,12,MAIN,2,TIMING,,,,1,0,678,140,340,3,True,2,6,False,True,2,1,0,121,300,4,121,170,1,True,False,Phantom Dive,200,False
92188860,980.3,LOSS,False,30,13,TO_ACTIVE,2,ACTIVE_POKEMON_SELECTION,,,CARD,0,0,,,,,False,2,6,False,True,,,0,121,170,1,121,170,1,,,,,True
92188860,980.3,LOSS,False,31,14,MAIN,2,RESOURCE_MANAGEMENT,PLAY_ITEM,1142,PLAY,0,0,676,30,110,1,True,1,6,False,True,1,0,0,121,170,1,121,170,1,True,False,Phantom Dive,200,False
92188860,980.3,LOSS,False,32,14,TO_HAND,14,RESOURCE_MANAGEMENT,,,CARD,0,0,676,30,110,1,True,1,6,False,True,1,0,0,121,170,1,121,170,1,True,False,Phantom Dive,200,False
92188860,980.3,LOSS,False,33,14,MAIN,3,ENERGY_MANAGEMENT,ATTACH_ENERGY,,ATTACH,0,0,676,30,110,1,True,1,6,False,True,1,0,0,121,170,1,121,170,1,True,False,Phantom Dive,200,False
92188860,980.3,LOSS,False,34,14,MAIN,3,RETREAT_SELECTION,RETREAT,,RETREAT,1,0,676,30,110,1,True,1,6,True,True,1,1,0,121,170,1,121,170,1,True,False,Phantom Dive,200,False
92188860,980.3,LOSS,False,35,14,DISCARD_ENERGY,1,ENERGY_MANAGEMENT,,,ENERGY,0,0,676,30,110,1,True,1,6,False,True,1,1,0,121,170,1,121,170,1,True,False,Phantom Dive,200,False
92188860,980.3,LOSS,False,36,14,SWITCH,1,ACTIVE_POKEMON_SELECTION,,,CARD,0,0,676,30,110,1,True,1,6,False,True,1,0,0,121,170,1,121,170,1,True,False,Phantom Dive,200,False
92187730,1101.0,LOSS,False,0,,,0,UNKNOWN,,,,0,0,,,,,False,,,False,False,,,0,,,,,,,,,,,False
92187730,1101.0,LOSS,False,1,,,0,UNKNOWN,,,,0,0,,,,,False,,,False,False,,,0,,,,,,0,,,,,False
92187730,1101.0,LOSS,False,2,0,SETUP_ACTIVE_POKEMON,2,EARLY_GAME_SETUP,,,CARD,0,0,,,,,False,0,0,False,False,,,0,,,0,,,6,,,,,False
92187730,1101.0,LOSS,False,3,0,SETUP_BENCH_POKEMON,1,BENCH_MANAGEMENT,,,,0,0,,,,,False,0,6,False,False,,,0,,,6,112,110,6,,,,,False
92187730,1101.0,LOSS,False,4,2,MAIN,8,RESOURCE_MANAGEMENT,PLAY_ITEM,1152,PLAY,0,0,677,80,80,1,False,0,6,False,False,2,0,0,112,110,6,112,110,6,False,False,,,False
92187730,1101.0,LOSS,False,5,2,TO_HAND,9,RESOURCE_MANAGEMENT,,,CARD,0,0,677,80,80,1,False,0,6,False,False,2,0,0,112,110,6,112,110,6,False,False,,,False
92187730,1101.0,LOSS,False,6,2,MAIN,8,RESOURCE_MANAGEMENT,PLAY_POKEMON,675,PLAY,0,0,677,80,80,1,False,0,6,False,False,2,0,0,112,110,6,112,110,6,False,False,,,False
92187730,1101.0,LOSS,False,7,2,MAIN,10,RESOURCE_MANAGEMENT,PLAY_ITEM,1121,PLAY,0,0,677,80,80,1,False,1,6,False,True,2,0,0,112,110,6,112,110,6,False,False,,,False
92187730,1101.0,LOSS,False,8,2,DISCARD,5,RESOURCE_MANAGEMENT,,,CARD;CARD,0,0,677,80,80,1,False,1,6,False,True,2,0,0,112,110,6,112,110,6,False,False,,,False
92187730,1101.0,LOSS,False,9,2,TO_HAND,11,RESOURCE_MANAGEMENT,,,CARD,0,0,677,80,80,1,False,1,6,False,True,2,0,0,112,110,6,112,110,6,False,False,,,False
92187730,1101.0,LOSS,False,10,2,MAIN,7,RESOURCE_MANAGEMENT,PLAY_POKEMON,676,PLAY,0,0,677,80,80,1,False,1,6,False,True,2,0,0,112,110,6,112,110,6,False,False,,,False
92187730,1101.0,LOSS,False,11,2,MAIN,9,RESOURCE_MANAGEMENT,ABILITY,,ABILITY,0,0,677,80,80,1,False,2,6,False,True,2,0,0,112,110,6,112,110,6,False,False,,,False
92187730,1101.0,LOSS,False,12,2,DISCARD,1,RESOURCE_MANAGEMENT,,,CARD,0,0,677,80,80,1,False,2,6,False,True,2,0,0,112,110,6,112,110,6,False,False,,,False
92187730,1101.0,LOSS,False,13,2,MAIN,7,ENERGY_MANAGEMENT,ATTACH_ENERGY,,ATTACH,0,0,677,80,80,1,False,2,6,False,True,2,0,0,112,110,6,112,110,6,False,False,,,False
92187730,1101.0,LOSS,False,14,2,MAIN,4,TIMING,,,,0,0,677,180,180,1,False,2,6,False,True,2,0,0,112,110,6,112,100,6,False,False,,,False
92187730,1101.0,LOSS,False,15,4,MAIN,5,BENCH_MANAGEMENT,EVOLVE,,EVOLVE,0,0,677,80,80,1,False,2,6,False,True,2,0,0,112,100,6,112,100,6,False,False,,,False
92187730,1101.0,LOSS,False,16,4,MAIN,4,TIMING,,,,0,0,678,340,340,3,False,2,6,False,True,2,0,0,112,100,6,648,310,6,False,False,,,True
92187730,1101.0,LOSS,False,17,6,MAIN,9,RESOURCE_MANAGEMENT,ABILITY,,ABILITY,0,0,678,160,340,3,True,2,6,False,True,2,0,0,648,310,6,648,310,6,True,False,Shadow Bullet,180,False
92187730,1101.0,LOSS,False,18,6,DISCARD,1,RESOURCE_MANAGEMENT,,,CARD,0,0,678,160,340,3,True,2,6,False,True,2,0,0,648,310,6,648,310,6,True,False,Shadow Bullet,180,False
92187730,1101.0,LOSS,False,19,6,MAIN,10,RESOURCE_MANAGEMENT,PLAY_ITEM,1123,PLAY,0,0,678,160,340,3,True,2,6,False,True,2,0,0,648,310,6,648,310,6,True,False,Shadow Bullet,180,False
92187730,1101.0,LOSS,False,20,6,SWITCH,2,ACTIVE_POKEMON_SELECTION,,,CARD,0,0,678,160,340,3,True,2,6,False,True,2,0,0,648,310,6,648,310,6,True,False,Shadow Bullet,180,False
92187730,1101.0,LOSS,False,21,6,MAIN,9,RESOURCE_MANAGEMENT,PLAY_ITEM,1121,PLAY,0,0,676,80,110,1,True,2,6,False,True,1,0,0,648,310,6,648,310,6,True,False,Shadow Bullet,180,True
92187730,1101.0,LOSS,False,22,6,DISCARD,5,RESOURCE_MANAGEMENT,,,CARD;CARD,0,0,676,80,110,1,True,2,6,False,True,1,0,0,648,310,6,648,310,6,True,False,Shadow Bullet,180,False
92187730,1101.0,LOSS,False,23,6,TO_HAND,8,RESOURCE_MANAGEMENT,,,CARD,0,0,676,80,110,1,True,2,6,False,True,1,0,0,648,310,6,648,310,6,True,False,Shadow Bullet,180,False
92187730,1101.0,LOSS,False,24,6,MAIN,6,RESOURCE_MANAGEMENT,PLAY_POKEMON,677,PLAY,0,0,676,80,110,1,True,2,6,False,True,1,0,0,648,310,6,648,310,6,True,False,Shadow Bullet,180,False
92187730,1101.0,LOSS,False,25,6,MAIN,5,RESOURCE_MANAGEMENT,PLAY_ITEM,1141,PLAY,0,0,676,80,110,1,True,3,6,False,True,1,0,0,648,310,6,648,310,6,True,False,Shadow Bullet,180,False
92187730,1101.0,LOSS,False,26,6,MAIN,4,RESOURCE_MANAGEMENT,PLAY_ITEM,1141,PLAY,0,0,676,80,110,1,True,3,6,False,True,1,0,0,648,310,6,648,310,6,True,False,Shadow Bullet,180,False
92187730,1101.0,LOSS,False,27,6,MAIN,3,RESOURCE_MANAGEMENT,PLAY_SUPPORTER,1227,PLAY,0,0,676,80,110,1,True,3,6,False,True,1,0,0,648,310,6,648,310,6,True,False,Shadow Bullet,180,False
92187730,1101.0,LOSS,False,28,6,MAIN,8,ENERGY_MANAGEMENT,ATTACH_ENERGY,,ATTACH,0,0,676,80,110,1,True,3,6,False,True,1,0,0,648,310,6,648,310,6,True,False,Shadow Bullet,180,False
92187730,1101.0,LOSS,False,29,6,MAIN,4,RESOURCE_MANAGEMENT,PLAY_ITEM,1142,PLAY,0,0,676,80,110,1,True,3,6,False,True,1,0,1,648,310,6,648,310,6,True,False,Shadow Bullet,180,False
92187730,1101.0,LOSS,False,30,6,TO_HAND,10,RESOURCE_MANAGEMENT,,,CARD,0,0,676,80,110,1,True,3,6,False,True,1,0,1,648,310,6,648,310,6,True,False,Shadow Bullet,180,False
92187730,1101.0,LOSS,False,31,6,MAIN,4,RESOURCE_MANAGEMENT,PLAY_POKEMON,677,PLAY,0,0,676,80,110,1,True,3,6,False,True,1,0,1,648,310,6,648,310,6,True,False,Shadow Bullet,180,False
92187730,1101.0,LOSS,False,32,6,MAIN,3,RESOURCE_MANAGEMENT,ABILITY,,ABILITY,0,0,676,80,110,1,True,4,6,False,True,1,0,1,648,310,6,648,310,6,True,False,Shadow Bullet,180,False
92187730,1101.0,LOSS,False,33,6,MAIN,2,TIMING,,,,0,0,676,80,110,1,True,4,6,False,True,1,0,1,648,310,6,648,300,5,True,False,Shadow Bullet,180,False
92187730,1101.0,LOSS,False,34,7,TO_ACTIVE,4,ACTIVE_POKEMON_SELECTION,,,CARD,0,0,,,,,False,4,6,False,True,,,1,648,300,5,648,290,5,,,,,True
92187730,1101.0,LOSS,False,35,8,MAIN,12,BENCH_MANAGEMENT,EVOLVE,,EVOLVE,1,0,677,20,80,1,True,3,6,False,True,2,1,0,648,290,5,648,290,5,True,False,Shadow Bullet,180,False
92187730,1101.0,LOSS,False,36,8,MAIN,9,BENCH_MANAGEMENT,EVOLVE,,EVOLVE,1,0,678,280,340,3,True,3,6,False,True,2,1,0,648,290,5,648,290,5,False,False,Shadow Bullet,180,True
92187730,1101.0,LOSS,False,37,8,MAIN,8,RESOURCE_MANAGEMENT,PLAY_ITEM,1121,PLAY,1,0,678,280,340,3,True,3,6,False,True,2,1,0,648,290,5,648,290,5,False,False,Shadow Bullet,180,False
92187730,1101.0,LOSS,False,38,8,DISCARD,4,RESOURCE_MANAGEMENT,,,CARD;CARD,0,0,678,280,340,3,True,3,6,False,True,2,1,0,648,290,5,648,290,5,False,False,Shadow Bullet,180,False
92187730,1101.0,LOSS,False,39,8,TO_HAND,4,RESOURCE_MANAGEMENT,,,CARD,0,0,678,280,340,3,True,3,6,False,True,2,1,0,648,290,5,648,290,5,False,False,Shadow Bullet,180,False
92187730,1101.0,LOSS,False,40,8,MAIN,6,RESOURCE_MANAGEMENT,PLAY_POKEMON,676,PLAY,1,0,678,280,340,3,True,3,6,False,True,2,1,0,648,290,5,648,290,5,False,False,Shadow Bullet,180,False
92187730,1101.0,LOSS,False,41,8,MAIN,5,RESOURCE_MANAGEMENT,PLAY_SUPPORTER,1227,PLAY,1,0,678,280,340,3,True,4,6,False,True,2,1,0,648,290,5,648,290,5,False,False,Shadow Bullet,180,False
92187730,1101.0,LOSS,False,42,8,MAIN,12,RESOURCE_MANAGEMENT,PLAY_ITEM,1152,PLAY,1,0,678,280,340,3,True,4,6,False,True,2,1,0,648,290,5,648,290,5,False,False,Shadow Bullet,180,False
92187730,1101.0,LOSS,False,43,8,TO_HAND,2,RESOURCE_MANAGEMENT,,,CARD,0,0,678,280,340,3,True,4,6,False,True,2,1,0,648,290,5,648,290,5,False,False,Shadow Bullet,180,False
92187730,1101.0,LOSS,False,44,8,MAIN,12,RESOURCE_MANAGEMENT,PLAY_POKEMON,675,PLAY,1,0,678,280,340,3,True,4,6,False,True,2,1,0,648,290,5,648,290,5,False,False,Shadow Bullet,180,False
92187730,1101.0,LOSS,False,45,8,MAIN,12,RESOURCE_MANAGEMENT,PLAY_ITEM,1142,PLAY,1,0,678,280,340,3,True,5,6,False,True,2,1,0,648,290,5,648,290,5,False,False,Shadow Bullet,180,False
92187730,1101.0,LOSS,False,46,8,TO_HAND,5,RESOURCE_MANAGEMENT,,,CARD,0,0,678,280,340,3,True,5,6,False,True,2,1,0,648,290,5,648,290,5,False,False,Shadow Bullet,180,False
92187730,1101.0,LOSS,False,47,8,MAIN,17,ENERGY_MANAGEMENT,ATTACH_ENERGY,,ATTACH,1,0,678,280,340,3,True,5,6,False,True,2,1,0,648,290,5,648,290,5,False,False,Shadow Bullet,180,False
92187730,1101.0,LOSS,False,48,8,MAIN,7,RESOURCE_MANAGEMENT,ABILITY,,ABILITY,2,0,678,280,340,3,True,5,6,True,True,2,2,0,648,290,5,648,290,5,False,False,Shadow Bullet,180,False
92187730,1101.0,LOSS,False,49,8,DISCARD,1,RESOURCE_MANAGEMENT,,,CARD,0,0,678,280,340,3,True,5,6,False,True,2,2,0,648,290,5,648,290,5,False,False,Shadow Bullet,180,False
92187730,1101.0,LOSS,False,50,8,MAIN,7,RESOURCE_MANAGEMENT,PLAY_ITEM,1142,PLAY,2,0,678,280,340,3,True,5,6,True,True,2,2,0,648,290,5,648,290,5,False,False,Shadow Bullet,180,False
92187730,1101.0,LOSS,False,51,8,TO_HAND,4,RESOURCE_MANAGEMENT,,,CARD,0,0,678,280,340,3,True,5,6,False,True,2,2,0,648,290,5,648,290,5,False,False,Shadow Bullet,180,False
92187730,1101.0,LOSS,False,52,8,MAIN,6,RESOURCE_MANAGEMENT,PLAY_ITEM,1141,PLAY,2,0,678,280,340,3,True,5,6,True,True,2,2,0,648,290,5,648,290,5,False,False,Shadow Bullet,180,False
92187730,1101.0,LOSS,False,53,8,MAIN,5,RESOURCE_MANAGEMENT,ABILITY,,ABILITY,2,0,678,280,340,3,True,5,6,True,True,2,2,0,648,290,5,648,290,5,False,False,Shadow Bullet,180,False
92187730,1101.0,LOSS,False,54,8,MAIN,4,ATTACK_SELECTION,ATTACK,,ATTACK,2,1,678,280,340,3,True,5,6,True,True,2,2,0,648,290,5,,,5,False,False,Shadow Bullet,180,False
92187730,1101.0,LOSS,False,55,8,TO_HAND,6,RESOURCE_MANAGEMENT,,,,0,0,678,280,340,3,True,5,6,False,True,2,2,0,,,5,648,310,4,,,,,False
92187730,1101.0,LOSS,False,56,10,MAIN,7,RESOURCE_MANAGEMENT,PLAY_ITEM,1142,PLAY,1,0,678,100,340,3,True,4,4,True,True,2,2,0,648,310,4,648,310,4,True,False,Shadow Bullet,180,False
92187730,1101.0,LOSS,False,57,10,TO_HAND,5,RESOURCE_MANAGEMENT,,,CARD,0,0,678,100,340,3,True,4,4,False,True,2,2,0,648,310,4,648,310,4,True,False,Shadow Bullet,180,False
92187730,1101.0,LOSS,False,58,10,MAIN,12,RESOURCE_MANAGEMENT,ABILITY,,ABILITY,1,0,678,100,340,3,True,4,4,True,True,2,2,0,648,310,4,648,310,4,True,False,Shadow Bullet,180,False
92187730,1101.0,LOSS,False,59,10,DISCARD,1,RESOURCE_MANAGEMENT,,,CARD,0,0,678,100,340,3,True,4,4,False,True,2,2,0,648,310,4,648,310,4,True,False,Shadow Bullet,180,False
92187730,1101.0,LOSS,False,60,10,MAIN,9,RESOURCE_MANAGEMENT,PLAY_ITEM,1152,PLAY,1,0,678,100,340,3,True,4,4,True,True,2,2,0,648,310,4,648,310,4,True,False,Shadow Bullet,180,False
92187730,1101.0,LOSS,False,61,10,TO_HAND,2,RESOURCE_MANAGEMENT,,,CARD,0,0,678,100,340,3,True,4,4,False,True,2,2,0,648,310,4,648,310,4,True,False,Shadow Bullet,180,False
92187730,1101.0,LOSS,False,62,10,MAIN,9,RESOURCE_MANAGEMENT,PLAY_POKEMON,676,PLAY,1,0,678,100,340,3,True,4,4,True,True,2,2,0,648,310,4,648,310,4,True,False,Shadow Bullet,180,False
92187730,1101.0,LOSS,False,63,10,MAIN,8,RESOURCE_MANAGEMENT,PLAY_ITEM,1123,PLAY,1,0,678,100,340,3,True,5,4,True,True,2,2,0,648,310,4,648,310,4,True,False,Shadow Bullet,180,False
92187730,1101.0,LOSS,False,64,10,SWITCH,5,ACTIVE_POKEMON_SELECTION,,,CARD,0,0,678,100,340,3,True,5,4,False,True,2,2,0,648,310,4,648,310,4,True,False,Shadow Bullet,180,False
92187730,1101.0,LOSS,False,65,10,MAIN,5,RESOURCE_MANAGEMENT,PLAY_SUPPORTER,1227,PLAY,0,0,678,340,340,3,False,5,4,False,True,2,0,1,648,310,4,648,310,4,False,False,Shadow Bullet,180,False
92187730,1101.0,LOSS,False,66,10,MAIN,9,ENERGY_MANAGEMENT,ATTACH_ENERGY,,ATTACH,0,0,678,340,340,3,False,5,4,False,True,2,0,1,648,310,4,648,310,4,False,False,Shadow Bullet,180,False
92187730,1101.0,LOSS,False,67,10,MAIN,4,RESOURCE_MANAGEMENT,PLAY_ITEM,1152,PLAY,1,0,678,340,340,3,False,5,4,False,True,2,1,1,648,310,4,648,310,4,False,False,Shadow Bullet,180,False
92187730,1101.0,LOSS,False,68,10,MAIN,3,RESOURCE_MANAGEMENT,ABILITY,,ABILITY,1,0,678,340,340,3,False,5,4,False,True,2,1,1,648,310,4,648,310,4,False,False,Shadow Bullet,180,False
92187730,1101.0,LOSS,False,69,10,MAIN,2,ATTACK_SELECTION,ATTACK,,ATTACK,1,1,678,340,340,3,False,5,4,False,True,2,1,1,648,310,4,648,180,4,False,False,Shadow Bullet,180,False
92187730,1101.0,LOSS,False,70,10,ATTACH_TO,6,ENERGY_MANAGEMENT,,,CARD;CARD;CARD,0,0,678,340,340,3,False,5,4,False,True,2,1,1,648,180,4,648,180,4,False,False,Shadow Bullet,180,False
92187730,1101.0,LOSS,False,71,10,ATTACH_FROM,5,ENERGY_MANAGEMENT,,,CARD,0,0,678,340,340,3,False,5,4,False,True,2,1,1,648,180,4,648,180,4,False,False,Shadow Bullet,180,False
92187730,1101.0,LOSS,False,72,10,ATTACH_FROM,5,ENERGY_MANAGEMENT,,,CARD,0,0,678,340,340,3,False,5,4,False,True,2,1,2,648,180,4,648,180,4,False,False,Shadow Bullet,180,False
92187730,1101.0,LOSS,False,73,10,ATTACH_FROM,5,ENERGY_MANAGEMENT,,,,0,0,678,340,340,3,False,5,4,False,True,2,1,2,648,180,4,648,250,1,False,False,Shadow Bullet,180,False
92187730,1101.0,LOSS,False,74,12,MAIN,7,RESOURCE_MANAGEMENT,PLAY_SUPPORTER,1213,PLAY,1,0,678,160,340,3,True,4,4,False,True,2,1,2,648,250,1,648,250,1,True,False,Shadow Bullet,180,False
92187730,1101.0,LOSS,False,75,12,MAIN,10,RESOURCE_MANAGEMENT,ABILITY,,ABILITY,1,0,678,160,340,3,True,4,4,False,True,2,1,2,648,250,1,648,250,1,True,False,Shadow Bullet,180,False
92187730,1101.0,LOSS,False,76,12,MAIN,9,ENERGY_MANAGEMENT,ATTACH_ENERGY,,ATTACH,1,0,678,160,340,3,True,4,4,False,True,2,1,2,648,250,1,648,250,1,True,False,Shadow Bullet,180,False
92187730,1101.0,LOSS,False,77,12,MAIN,5,ATTACK_SELECTION,ATTACK,,ATTACK,2,1,678,160,340,3,True,4,4,True,True,2,2,2,648,250,1,,,1,True,False,Shadow Bullet,180,False
92186798,840.9,LOSS,True,0,,,0,UNKNOWN,,,,0,0,,,,,False,,,False,False,,,0,,,,,,,,,,,False
92186798,840.9,LOSS,True,1,,,0,UNKNOWN,,,,0,0,,,,,False,,,False,False,,,0,,,,,,0,,,,,False
92186798,840.9,LOSS,True,2,0,IS_FIRST,2,GOING_FIRST_SECOND,,,,0,0,,,,,False,0,0,False,False,,,0,,,0,,,6,,,,,False
92186798,840.9,LOSS,True,3,0,SETUP_ACTIVE_POKEMON,2,EARLY_GAME_SETUP,,,,0,0,,,,,False,0,0,False,False,,,0,,,6,,,6,,,,,False
92186798,840.9,LOSS,True,4,0,SETUP_BENCH_POKEMON,1,BENCH_MANAGEMENT,,,,0,0,,,,,False,0,6,False,False,,,0,,,6,646,70,6,,,,,False
92186798,840.9,LOSS,True,5,1,MAIN,4,RESOURCE_MANAGEMENT,PLAY_POKEMON,676,PLAY,0,0,677,80,80,1,False,0,6,False,False,2,0,0,646,70,6,646,70,6,False,False,,,False
92186798,840.9,LOSS,True,6,1,MAIN,3,RESOURCE_MANAGEMENT,PLAY_ITEM,1152,PLAY,0,0,677,80,80,1,False,1,6,False,True,2,0,0,646,70,6,646,70,6,False,False,,,False
92186798,840.9,LOSS,True,7,1,TO_HAND,8,RESOURCE_MANAGEMENT,,,CARD,0,0,677,80,80,1,False,1,6,False,True,2,0,0,646,70,6,646,70,6,False,False,,,False
92186798,840.9,LOSS,True,8,1,MAIN,3,RESOURCE_MANAGEMENT,PLAY_POKEMON,675,PLAY,0,0,677,80,80,1,False,1,6,False,True,2,0,0,646,70,6,646,70,6,False,False,,,False
92186798,840.9,LOSS,True,9,1,MAIN,2,TIMING,,,,0,0,677,80,80,1,False,2,6,False,True,2,0,0,646,70,6,646,70,6,False,False,,,False
92186798,840.9,LOSS,True,10,3,MAIN,7,RESOURCE_MANAGEMENT,PLAY_SUPPORTER,1227,PLAY,0,0,677,80,80,1,False,2,6,False,True,2,0,0,646,70,6,646,70,6,False,False,,,False
92186798,840.9,LOSS,True,11,3,MAIN,15,RESOURCE_MANAGEMENT,ABILITY,,ABILITY,0,0,677,80,80,1,False,2,6,False,True,2,0,0,646,70,6,646,70,6,False,False,,,False
92186798,840.9,LOSS,True,12,3,DISCARD,2,RESOURCE_MANAGEMENT,,,CARD,0,0,677,80,80,1,False,2,6,False,True,2,0,0,646,70,6,646,70,6,False,False,,,False
92186798,840.9,LOSS,True,13,3,MAIN,14,RESOURCE_MANAGEMENT,PLAY_POKEMON,673,PLAY,0,0,677,80,80,1,False,2,6,False,True,2,0,0,646,70,6,646,70,6,False,False,,,False
92186798,840.9,LOSS,True,14,3,MAIN,15,BENCH_MANAGEMENT,EVOLVE,,EVOLVE,0,0,677,80,80,1,False,3,6,False,True,2,0,0,646,70,6,646,70,6,False,False,,,False
92186798,840.9,LOSS,True,15,3,MAIN,13,RESOURCE_MANAGEMENT,PLAY_ITEM,1142,PLAY,0,0,678,340,340,3,False,3,6,False,True,2,0,0,646,70,6,646,70,6,False,False,,,True
92186798,840.9,LOSS,True,16,3,TO_HAND,15,RESOURCE_MANAGEMENT,,,CARD,0,0,678,340,340,3,False,3,6,False,True,2,0,0,646,70,6,646,70,6,False,False,,,False
92186798,840.9,LOSS,True,17,3,MAIN,13,RESOURCE_MANAGEMENT,PLAY_POKEMON,677,PLAY,0,0,678,340,340,3,False,3,6,False,True,2,0,0,646,70,6,646,70,6,False,False,,,False
92186798,840.9,LOSS,True,18,3,MAIN,14,ENERGY_MANAGEMENT,ATTACH_ENERGY,,ATTACH,0,0,678,340,340,3,False,4,6,False,True,2,0,0,646,70,6,646,70,6,False,False,,,False
92186798,840.9,LOSS,True,19,3,MAIN,10,ENERGY_MANAGEMENT,ATTACH_ENERGY,,ATTACH,1,0,678,340,340,3,False,4,6,False,True,2,1,0,646,70,6,646,70,6,False,False,,,False
92186798,840.9,LOSS,True,20,3,MAIN,5,RESOURCE_MANAGEMENT,ABILITY,,ABILITY,1,0,678,440,440,3,False,4,6,False,True,2,1,0,646,70,6,646,70,6,False,False,,,False
92186798,840.9,LOSS,True,21,3,MAIN,4,ATTACK_SELECTION,ATTACK,,ATTACK,1,1,678,440,440,3,False,4,6,False,True,2,1,0,646,70,6,646,0,6,False,False,,,False
92186798,840.9,LOSS,True,22,3,ATTACH_TO,1,ENERGY_MANAGEMENT,,,CARD,0,0,678,440,440,3,False,4,6,False,True,2,1,0,646,0,6,646,0,6,False,False,,,False
92186798,840.9,LOSS,True,23,3,ATTACH_FROM,4,ENERGY_MANAGEMENT,,,CARD,0,0,678,440,440,3,False,4,6,False,True,2,1,0,646,0,6,,,6,False,False,,,False
92186798,840.9,LOSS,True,24,3,TO_HAND,6,RESOURCE_MANAGEMENT,,,,0,0,678,440,440,3,False,4,6,False,True,2,1,1,,,6,648,320,6,,,,,False
92186798,840.9,LOSS,True,25,5,MAIN,11,RESOURCE_MANAGEMENT,ABILITY,,ABILITY,1,0,678,260,440,3,True,4,5,False,True,2,1,1,648,320,6,648,320,6,False,False,Shadow Bullet,180,False
92186798,840.9,LOSS,True,26,5,DISCARD,1,RESOURCE_MANAGEMENT,,,CARD,0,0,678,260,440,3,True,4,5,False,True,2,1,1,648,320,6,648,320,6,False,False,Shadow Bullet,180,False
92186798,840.9,LOSS,True,27,5,MAIN,12,RESOURCE_MANAGEMENT,PLAY_ITEM,1152,PLAY,1,0,678,260,440,3,True,4,5,False,True,2,1,1,648,320,6,648,320,6,False,False,Shadow Bullet,180,False
92186798,840.9,LOSS,True,28,5,TO_HAND,5,RESOURCE_MANAGEMENT,,,CARD,0,0,678,260,440,3,True,4,5,False,True,2,1,1,648,320,6,648,320,6,False,False,Shadow Bullet,180,False
92186798,840.9,LOSS,True,29,5,MAIN,12,BENCH_MANAGEMENT,EVOLVE,,EVOLVE,1,0,678,260,440,3,True,4,5,False,True,2,1,1,648,320,6,648,320,6,False,False,Shadow Bullet,180,False
92186798,840.9,LOSS,True,30,5,ACTIVATE,2,RESOURCE_MANAGEMENT,,,YES,0,0,678,260,440,3,True,4,5,False,True,2,1,1,648,320,6,648,320,6,False,False,Shadow Bullet,180,False
92186798,840.9,LOSS,True,31,5,SWITCH,5,ACTIVE_POKEMON_SELECTION,,,CARD,0,0,678,260,440,3,True,4,5,False,True,2,1,1,648,320,6,647,100,6,False,False,Shadow Bullet,180,False
92186798,840.9,LOSS,True,32,5,MAIN,11,RESOURCE_MANAGEMENT,PLAY_POKEMON,673,PLAY,1,0,678,260,440,3,True,4,5,False,True,2,1,1,647,100,6,647,100,6,False,False,,,False
92186798,840.9,LOSS,True,33,5,MAIN,11,RESOURCE_MANAGEMENT,PLAY_ITEM,1142,PLAY,1,0,678,260,440,3,True,5,5,False,True,2,1,1,647,100,6,647,100,6,False,False,,,False
92186798,840.9,LOSS,True,34,5,TO_HAND,12,RESOURCE_MANAGEMENT,,,CARD,0,0,678,260,440,3,True,5,5,False,True,2,1,1,647,100,6,647,100,6,False,False,,,False
92186798,840.9,LOSS,True,35,5,MAIN,16,ENERGY_MANAGEMENT,ATTACH_ENERGY,,ATTACH,1,0,678,260,440,3,True,5,5,False,True,2,1,1,647,100,6,647,100,6,False,False,,,False
92186798,840.9,LOSS,True,36,5,MAIN,5,ATTACK_SELECTION,ATTACK,,ATTACK,2,1,678,260,440,3,True,5,5,True,True,2,2,1,647,100,6,647,0,6,False,False,,,False
92186798,840.9,LOSS,True,37,5,ATTACH_TO,1,ENERGY_MANAGEMENT,,,CARD,0,0,678,260,440,3,True,5,5,False,True,2,2,1,647,0,6,647,0,6,False,False,,,False
92186798,840.9,LOSS,True,38,5,ATTACH_FROM,5,ENERGY_MANAGEMENT,,,CARD,0,0,678,260,440,3,True,5,5,False,True,2,2,1,647,0,6,,,6,False,False,,,False
92186798,840.9,LOSS,True,39,5,TO_HAND,5,RESOURCE_MANAGEMENT,,,,0,0,678,260,440,3,True,5,5,False,True,2,2,1,,,6,648,320,6,,,,,False
92186798,840.9,LOSS,True,40,7,MAIN,15,RESOURCE_MANAGEMENT,ABILITY,,ABILITY,2,0,678,80,440,3,True,5,4,True,True,2,2,1,648,320,6,648,320,6,True,False,Shadow Bullet,180,False
92186798,840.9,LOSS,True,41,7,DISCARD,1,RESOURCE_MANAGEMENT,,,CARD,0,0,678,80,440,3,True,5,4,False,True,2,2,1,648,320,6,648,320,6,True,False,Shadow Bullet,180,False
92186798,840.9,LOSS,True,42,7,MAIN,21,BENCH_MANAGEMENT,EVOLVE,,EVOLVE,2,0,678,80,440,3,True,5,4,True,True,2,2,1,648,320,6,648,320,6,True,False,Shadow Bullet,180,False
92186798,840.9,LOSS,True,43,7,MAIN,20,RESOURCE_MANAGEMENT,PLAY_ITEM,1121,PLAY,2,0,678,80,440,3,True,5,4,True,True,2,2,1,648,320,6,648,320,6,True,False,Shadow Bullet,180,False
92186798,840.9,LOSS,True,44,7,DISCARD,4,RESOURCE_MANAGEMENT,,,CARD;CARD,0,0,678,80,440,3,True,5,4,False,True,2,2,1,648,320,6,648,320,6,True,False,Shadow Bullet,180,False
92186798,840.9,LOSS,True,45,7,TO_HAND,6,RESOURCE_MANAGEMENT,,,CARD,0,0,678,80,440,3,True,5,4,False,True,2,2,1,648,320,6,648,320,6,True,False,Shadow Bullet,180,False
92186798,840.9,LOSS,True,46,7,MAIN,13,ENERGY_MANAGEMENT,ATTACH_ENERGY,,ATTACH,2,0,678,80,440,3,True,5,4,True,True,2,2,1,648,320,6,648,320,6,True,False,Shadow Bullet,180,False
92186798,840.9,LOSS,True,47,7,MAIN,7,RESOURCE_MANAGEMENT,PLAY_SUPPORTER,1213,PLAY,2,0,678,80,440,3,True,5,4,True,True,2,2,1,648,320,6,648,320,6,True,False,Shadow Bullet,180,False
92186798,840.9,LOSS,True,48,7,MAIN,8,RETREAT_SELECTION,RETREAT,,RETREAT,2,0,678,80,440,3,True,5,4,True,True,2,2,1,648,320,6,648,320,6,True,False,Shadow Bullet,180,False
92186798,840.9,LOSS,True,49,7,DISCARD_ENERGY,2,ENERGY_MANAGEMENT,,,ENERGY,0,0,678,80,440,3,True,5,4,False,True,2,2,1,648,320,6,648,320,6,True,False,Shadow Bullet,180,False
92186798,840.9,LOSS,True,50,7,DISCARD_ENERGY,1,ENERGY_MANAGEMENT,,,ENERGY,0,0,678,80,440,3,True,5,4,False,True,2,1,1,648,320,6,648,320,6,True,False,Shadow Bullet,180,False
92186798,840.9,LOSS,True,51,7,SWITCH,5,ACTIVE_POKEMON_SELECTION,,,CARD,0,0,678,80,440,3,True,5,4,False,True,2,0,1,648,320,6,648,320,6,True,False,Shadow Bullet,180,False
92186798,840.9,LOSS,True,52,7,MAIN,7,RESOURCE_MANAGEMENT,ABILITY,,ABILITY,2,0,678,340,340,3,False,5,4,False,True,2,2,0,648,320,6,648,320,6,False,False,Shadow Bullet,180,False
92186798,840.9,LOSS,True,53,7,MAIN,6,TIMING,,,,2,0,678,340,340,3,False,5,4,False,True,2,2,0,648,320,6,648,320,6,False,False,Shadow Bullet,180,False
92186798,840.9,LOSS,True,54,9,MAIN,16,RESOURCE_MANAGEMENT,ABILITY,,ABILITY,2,0,678,160,340,3,True,5,4,True,True,2,2,0,648,320,6,648,320,6,True,False,Shadow Bullet,180,False
92186798,840.9,LOSS,True,55,9,DISCARD,1,RESOURCE_MANAGEMENT,,,CARD,0,0,678,160,340,3,True,5,4,False,True,2,2,0,648,320,6,648,320,6,True,False,Shadow Bullet,180,False
92186798,840.9,LOSS,True,56,9,MAIN,16,RESOURCE_MANAGEMENT,PLAY_ITEM,1141,PLAY,2,0,678,160,340,3,True,5,4,True,True,2,2,0,648,320,6,648,320,6,True,False,Shadow Bullet,180,False
92186798,840.9,LOSS,True,57,9,MAIN,15,RESOURCE_MANAGEMENT,PLAY_ITEM,1121,PLAY,2,0,678,160,340,3,True,5,4,True,True,2,2,0,648,320,6,648,320,6,True,False,Shadow Bullet,180,False
92186798,840.9,LOSS,True,58,9,DISCARD,5,RESOURCE_MANAGEMENT,,,CARD;CARD,0,0,678,160,340,3,True,5,4,False,True,2,2,0,648,320,6,648,320,6,True,False,Shadow Bullet,180,False
92186798,840.9,LOSS,True,59,9,TO_HAND,4,RESOURCE_MANAGEMENT,,,CARD,0,0,678,160,340,3,True,5,4,False,True,2,2,0,648,320,6,648,320,6,True,False,Shadow Bullet,180,False
92186798,840.9,LOSS,True,60,9,MAIN,13,ENERGY_MANAGEMENT,ATTACH_ENERGY,,ATTACH,2,0,678,160,340,3,True,5,4,True,True,2,2,0,648,320,6,648,320,6,True,False,Shadow Bullet,180,False
92186798,840.9,LOSS,True,61,9,MAIN,7,RESOURCE_MANAGEMENT,PLAY_SUPPORTER,1227,PLAY,2,0,678,160,340,3,True,5,4,True,True,2,2,1,648,320,6,648,320,6,True,False,Shadow Bullet,180,False
92186798,840.9,LOSS,True,62,9,MAIN,8,RESOURCE_MANAGEMENT,PLAY_ITEM,1142,PLAY,2,0,678,160,340,3,True,5,4,True,True,2,2,1,648,320,6,648,320,6,True,False,Shadow Bullet,180,False
92186798,840.9,LOSS,True,63,9,TO_HAND,5,RESOURCE_MANAGEMENT,,,CARD,0,0,678,160,340,3,True,5,4,False,True,2,2,1,648,320,6,648,320,6,True,False,Shadow Bullet,180,False
92186798,840.9,LOSS,True,64,9,MAIN,7,RESOURCE_MANAGEMENT,PLAY_ITEM,1123,PLAY,2,0,678,160,340,3,True,5,4,True,True,2,2,1,648,320,6,648,320,6,True,False,Shadow Bullet,180,False
92186798,840.9,LOSS,True,65,9,SWITCH,5,ACTIVE_POKEMON_SELECTION,,,CARD,0,0,678,160,340,3,True,5,4,False,True,2,2,1,648,320,6,648,320,6,True,False,Shadow Bullet,180,False
92186798,840.9,LOSS,True,66,9,MAIN,4,RESOURCE_MANAGEMENT,ABILITY,,ABILITY,1,0,678,50,440,3,True,5,4,False,True,2,1,1,648,320,6,648,320,6,True,False,Shadow Bullet,180,False
92186798,840.9,LOSS,True,67,9,MAIN,3,TIMING,,,,1,0,678,50,440,3,True,5,4,False,True,2,1,1,648,320,6,648,320,3,True,False,Shadow Bullet,180,False
92186798,840.9,LOSS,True,68,10,TO_ACTIVE,5,ACTIVE_POKEMON_SELECTION,,,CARD,0,0,,,,,False,5,4,False,True,,,1,648,320,3,648,310,3,,,,,True
92186798,840.9,LOSS,True,69,11,MAIN,19,RESOURCE_MANAGEMENT,ABILITY,,ABILITY,2,0,678,160,340,3,True,4,4,True,True,2,2,0,648,310,3,648,310,3,True,False,Shadow Bullet,180,False
92186798,840.9,LOSS,True,70,11,DISCARD,2,RESOURCE_MANAGEMENT,,,CARD,0,0,678,160,340,3,True,4,4,False,True,2,2,0,648,310,3,648,310,3,True,False,Shadow Bullet,180,False
92186798,840.9,LOSS,True,71,11,MAIN,24,RESOURCE_MANAGEMENT,PLAY_ITEM,1121,PLAY,2,0,678,160,340,3,True,4,4,True,True,2,2,0,648,310,3,648,310,3,True,False,Shadow Bullet,180,False
92186798,840.9,LOSS,True,72,11,DISCARD,7,RESOURCE_MANAGEMENT,,,CARD;CARD,0,0,678,160,340,3,True,4,4,False,True,2,2,0,648,310,3,648,310,3,True,False,Shadow Bullet,180,False
92186798,840.9,LOSS,True,73,11,TO_HAND,3,RESOURCE_MANAGEMENT,,,CARD,0,0,678,160,340,3,True,4,4,False,True,2,2,0,648,310,3,648,310,3,True,False,Shadow Bullet,180,False
92186798,840.9,LOSS,True,74,11,MAIN,23,RESOURCE_MANAGEMENT,PLAY_POKEMON,676,PLAY,2,0,678,160,340,3,True,4,4,True,True,2,2,0,648,310,3,648,310,3,True,False,Shadow Bullet,180,False
92186798,840.9,LOSS,True,75,11,MAIN,25,ENERGY_MANAGEMENT,ATTACH_ENERGY,,ATTACH,2,0,678,160,340,3,True,5,4,True,True,2,2,0,648,310,3,648,310,3,True,False,Shadow Bullet,180,False
92186798,840.9,LOSS,True,76,11,MAIN,7,RESOURCE_MANAGEMENT,PLAY_SUPPORTER,1227,PLAY,2,0,678,160,340,3,True,5,4,True,True,2,2,0,648,310,3,648,310,3,True,False,Shadow Bullet,180,False
92186798,840.9,LOSS,True,77,11,MAIN,9,RESOURCE_MANAGEMENT,PLAY_ITEM,1141,PLAY,2,0,678,160,340,3,True,5,4,True,True,2,2,0,648,310,3,648,310,3,True,False,Shadow Bullet,180,False
92186798,840.9,LOSS,True,78,11,MAIN,8,RESOURCE_MANAGEMENT,PLAY_ITEM,1152,PLAY,2,0,678,160,340,3,True,5,4,True,True,2,2,0,648,310,3,648,310,3,True,False,Shadow Bullet,180,False
92186798,840.9,LOSS,True,79,11,TO_HAND,1,RESOURCE_MANAGEMENT,,,CARD,0,0,678,160,340,3,True,5,4,False,True,2,2,0,648,310,3,648,310,3,True,False,Shadow Bullet,180,False
92186798,840.9,LOSS,True,80,11,MAIN,8,RESOURCE_MANAGEMENT,PLAY_ITEM,1141,PLAY,2,0,678,160,340,3,True,5,4,True,True,2,2,0,648,310,3,648,310,3,True,False,Shadow Bullet,180,False
92186798,840.9,LOSS,True,81,11,MAIN,7,RESOURCE_MANAGEMENT,ABILITY,,ABILITY,2,0,678,160,340,3,True,5,4,True,True,2,2,0,648,310,3,648,310,3,True,False,Shadow Bullet,180,False
92186798,840.9,LOSS,True,82,11,MAIN,6,ATTACK_SELECTION,ATTACK,,ATTACK,2,1,678,160,340,3,True,5,4,True,True,2,2,0,648,310,3,,,3,True,False,Shadow Bullet,180,False
92186798,840.9,LOSS,True,83,11,TO_HAND,4,RESOURCE_MANAGEMENT,,,,0,0,678,160,340,3,True,5,4,False,True,2,2,0,,,3,860,70,2,,,,,False
92186798,840.9,LOSS,True,84,13,MAIN,9,RESOURCE_MANAGEMENT,PLAY_SUPPORTER,1229,PLAY,0,0,673,80,80,1,False,4,2,False,True,2,0,1,860,70,2,860,70,2,False,False,,,True
92186798,840.9,LOSS,True,85,13,HEAL,1,RESOURCE_MANAGEMENT,,,CARD,0,0,673,80,80,1,False,4,2,False,True,2,0,1,860,70,2,860,70,2,False,False,,,False
92186798,840.9,LOSS,True,86,13,MAIN,15,ENERGY_MANAGEMENT,ATTACH_ENERGY,,ATTACH,0,0,673,80,80,1,False,4,2,False,True,2,0,0,860,70,2,860,70,2,False,False,,,False
92186798,840.9,LOSS,True,87,13,MAIN,5,RESOURCE_MANAGEMENT,ABILITY,,ABILITY,0,0,673,80,80,1,False,4,2,False,True,2,0,1,860,70,2,860,70,2,False,False,,,False
92186798,840.9,LOSS,True,88,13,MAIN,4,TIMING,,,,0,0,673,80,80,1,False,4,2,False,True,2,0,1,860,70,2,860,70,1,False,False,,,False
92186798,840.9,LOSS,True,89,15,MAIN,13,ENERGY_MANAGEMENT,ATTACH_ENERGY,,ATTACH,0,0,673,80,80,1,False,3,2,False,True,2,0,1,860,70,1,860,70,1,False,False,,,False
92186798,840.9,LOSS,True,90,15,MAIN,10,RESOURCE_MANAGEMENT,PLAY_ITEM,1142,PLAY,1,0,673,80,80,1,False,3,2,False,True,2,1,1,860,70,1,860,70,1,False,False,,,False
92186798,840.9,LOSS,True,91,15,TO_HAND,2,RESOURCE_MANAGEMENT,,,CARD,0,0,673,80,80,1,False,3,2,False,True,2,1,1,860,70,1,860,70,1,False,False,,,False
92186798,840.9,LOSS,True,92,15,MAIN,9,RESOURCE_MANAGEMENT,PLAY_ITEM,1121,PLAY,1,0,673,80,80,1,False,3,2,False,True,2,1,1,860,70,1,860,70,1,False,False,,,False
92186798,840.9,LOSS,True,93,15,DISCARD,6,RESOURCE_MANAGEMENT,,,CARD;CARD,0,0,673,80,80,1,False,3,2,False,True,2,1,1,860,70,1,860,70,1,False,False,,,False
92186798,840.9,LOSS,True,94,15,TO_HAND,1,RESOURCE_MANAGEMENT,,,CARD,0,0,673,80,80,1,False,3,2,False,True,2,1,1,860,70,1,860,70,1,False,False,,,False
92186798,840.9,LOSS,True,95,15,MAIN,7,RESOURCE_MANAGEMENT,PLAY_SUPPORTER,1213,PLAY,1,0,673,80,80,1,False,3,2,False,True,2,1,1,860,70,1,860,70,1,False,False,,,False
92186798,840.9,LOSS,True,96,15,MAIN,4,RESOURCE_MANAGEMENT,ABILITY,,ABILITY,1,0,673,80,80,1,False,3,2,False,True,2,1,1,860,70,1,860,70,1,False,False,,,False
92185833,345.7,WIN,False,0,,,0,UNKNOWN,,,,0,0,,,,,False,,,False,False,,,0,,,,,,,,,,,False
92185833,345.7,WIN,False,1,,,0,UNKNOWN,,,,0,0,,,,,False,,,False,False,,,0,,,,,,0,,,,,False
92185833,345.7,WIN,False,2,0,SETUP_ACTIVE_POKEMON,1,EARLY_GAME_SETUP,,,,0,0,,,,,False,0,0,False,False,,,0,,,0,741,50,6,,,,,False
92185833,345.7,WIN,False,3,2,MAIN,8,RESOURCE_MANAGEMENT,PLAY_ITEM,1142,PLAY,0,0,676,110,110,1,False,0,6,False,False,1,0,0,741,50,6,741,50,6,False,False,Teleportation Attack,10,False
92185833,345.7,WIN,False,4,2,TO_HAND,19,RESOURCE_MANAGEMENT,,,CARD,0,0,676,110,110,1,False,0,6,False,False,1,0,0,741,50,6,741,50,6,False,False,Teleportation Attack,10,False
92185833,345.7,WIN,False,5,2,MAIN,8,RESOURCE_MANAGEMENT,PLAY_POKEMON,675,PLAY,0,0,676,110,110,1,False,0,6,False,False,1,0,0,741,50,6,741,50,6,False,False,Teleportation Attack,10,False
92185833,345.7,WIN,False,6,2,MAIN,9,RESOURCE_MANAGEMENT,PLAY_ITEM,1142,PLAY,0,0,676,110,110,1,False,1,6,False,True,1,0,0,741,50,6,741,50,6,False,False,Teleportation Attack,10,False
92185833,345.7,WIN,False,7,2,TO_HAND,18,RESOURCE_MANAGEMENT,,,CARD,0,0,676,110,110,1,False,1,6,False,True,1,0,0,741,50,6,741,50,6,False,False,Teleportation Attack,10,False
92185833,345.7,WIN,False,8,2,MAIN,9,RESOURCE_MANAGEMENT,PLAY_POKEMON,677,PLAY,0,0,676,110,110,1,False,1,6,False,True,1,0,0,741,50,6,741,50,6,False,False,Teleportation Attack,10,False
92185833,345.7,WIN,False,9,2,MAIN,9,RESOURCE_MANAGEMENT,PLAY_POKEMON,676,PLAY,0,0,676,110,110,1,False,2,6,False,True,1,0,0,741,50,6,741,50,6,False,False,Teleportation Attack,10,False
92185833,345.7,WIN,False,10,2,MAIN,9,ENERGY_MANAGEMENT,ATTACH_ENERGY,,ATTACH,0,0,676,110,110,1,False,3,6,False,True,1,0,0,741,50,6,741,50,6,False,False,Teleportation Attack,10,False
92185833,345.7,WIN,False,11,2,MAIN,6,RESOURCE_MANAGEMENT,PLAY_SUPPORTER,1227,PLAY,1,0,676,110,110,1,False,3,6,True,True,1,1,0,741,50,6,741,50,6,False,False,Teleportation Attack,10,False
92185833,345.7,WIN,False,12,2,MAIN,8,RESOURCE_MANAGEMENT,ABILITY,,ABILITY,1,0,676,110,110,1,False,3,6,True,True,1,1,0,741,50,6,741,50,6,False,False,Teleportation Attack,10,False
92185833,345.7,WIN,False,13,2,DISCARD,3,RESOURCE_MANAGEMENT,,,CARD,0,0,676,110,110,1,False,3,6,False,True,1,1,0,741,50,6,741,50,6,False,False,Teleportation Attack,10,False
92185833,345.7,WIN,False,14,2,MAIN,8,RESOURCE_MANAGEMENT,PLAY_ITEM,1152,PLAY,1,0,676,110,110,1,False,3,6,True,True,1,1,0,741,50,6,741,50,6,False,False,Teleportation Attack,10,False
92185833,345.7,WIN,False,15,2,TO_HAND,5,RESOURCE_MANAGEMENT,,,CARD,0,0,676,110,110,1,False,3,6,False,True,1,1,0,741,50,6,741,50,6,False,False,Teleportation Attack,10,False
92185833,345.7,WIN,False,16,2,MAIN,8,RESOURCE_MANAGEMENT,PLAY_POKEMON,673,PLAY,1,0,676,110,110,1,False,3,6,True,True,1,1,0,741,50,6,741,50,6,False,False,Teleportation Attack,10,False
92185833,345.7,WIN,False,17,2,MAIN,7,RESOURCE_MANAGEMENT,PLAY_ITEM,1121,PLAY,1,0,676,110,110,1,False,4,6,True,True,1,1,0,741,50,6,741,50,6,False,False,Teleportation Attack,10,False
92185833,345.7,WIN,False,18,2,DISCARD,8,RESOURCE_MANAGEMENT,,,CARD;CARD,0,0,676,110,110,1,False,4,6,False,True,1,1,0,741,50,6,741,50,6,False,False,Teleportation Attack,10,False
92185833,345.7,WIN,False,19,2,TO_HAND,7,RESOURCE_MANAGEMENT,,,CARD,0,0,676,110,110,1,False,4,6,False,True,1,1,0,741,50,6,741,50,6,False,False,Teleportation Attack,10,False
92185833,345.7,WIN,False,20,2,MAIN,7,RESOURCE_MANAGEMENT,PLAY_POKEMON,673,PLAY,1,0,676,110,110,1,False,4,6,True,True,1,1,0,741,50,6,741,50,6,False,False,Teleportation Attack,10,False
92185833,345.7,WIN,False,21,2,MAIN,5,ATTACK_SELECTION,ATTACK,,ATTACK,1,1,676,110,110,1,False,5,6,True,True,1,1,0,741,50,6,,,6,False,False,Teleportation Attack,10,False
92185833,345.7,WIN,False,22,2,TO_HAND,6,RESOURCE_MANAGEMENT,,,,0,0,676,110,110,1,False,5,6,False,True,1,1,0,,,6,305,70,6,,,,,False
92185833,345.7,WIN,False,23,4,MAIN,15,RESOURCE_MANAGEMENT,PLAY_ITEM,1121,PLAY,1,0,676,110,110,1,False,5,5,True,True,1,1,0,305,70,6,305,70,6,False,False,,,False
92185833,345.7,WIN,False,24,4,DISCARD,7,RESOURCE_MANAGEMENT,,,CARD;CARD,0,0,676,110,110,1,False,5,5,False,True,1,1,0,305,70,6,305,70,6,False,False,,,False
92185833,345.7,WIN,False,25,4,TO_HAND,5,RESOURCE_MANAGEMENT,,,CARD,0,0,676,110,110,1,False,5,5,False,True,1,1,0,305,70,6,305,70,6,False,False,,,False
92185833,345.7,WIN,False,26,4,MAIN,14,BENCH_MANAGEMENT,EVOLVE,,EVOLVE,1,0,676,110,110,1,False,5,5,True,True,1,1,0,305,70,6,305,70,6,False,False,,,False
92185833,345.7,WIN,False,27,4,MAIN,13,RETREAT_SELECTION,RETREAT,,RETREAT,1,0,676,110,110,1,False,5,5,True,True,1,1,0,305,70,6,305,70,6,False,False,,,False
92185833,345.7,WIN,False,28,4,DISCARD_ENERGY,1,ENERGY_MANAGEMENT,,,ENERGY,0,0,676,110,110,1,False,5,5,False,True,1,1,0,305,70,6,305,70,6,False,False,,,False
92185833,345.7,WIN,False,29,4,SWITCH,5,ACTIVE_POKEMON_SELECTION,,,CARD,0,0,676,110,110,1,False,5,5,False,True,1,0,0,305,70,6,305,70,6,False,False,,,False
92185833,345.7,WIN,False,30,4,MAIN,11,ENERGY_MANAGEMENT,ATTACH_ENERGY,,ATTACH,0,0,678,340,340,3,False,5,5,False,True,2,0,0,305,70,6,305,70,6,False,False,,,True
92185833,345.7,WIN,False,31,4,MAIN,5,RESOURCE_MANAGEMENT,PLAY_SUPPORTER,1213,PLAY,1,0,678,340,340,3,False,5,5,False,True,2,1,0,305,70,6,305,70,6,False,False,,,False
92185833,345.7,WIN,False,32,4,MAIN,3,RESOURCE_MANAGEMENT,ABILITY,,ABILITY,1,0,678,340,340,3,False,5,5,False,True,2,1,0,305,70,6,305,70,6,False,False,,,False
92185833,345.7,WIN,False,33,4,DISCARD,2,RESOURCE_MANAGEMENT,,,CARD,0,0,678,340,340,3,False,5,5,False,True,2,1,0,305,70,6,305,70,6,False,False,,,False
92185833,345.7,WIN,False,34,4,MAIN,4,ATTACK_SELECTION,ATTACK,,ATTACK,1,1,678,340,340,3,False,5,5,False,True,2,1,0,305,70,6,305,0,6,False,False,,,False
92185833,345.7,WIN,False,35,4,ATTACH_TO,5,ENERGY_MANAGEMENT,,,CARD;CARD;CARD,0,0,678,340,340,3,False,5,5,False,True,2,1,0,305,0,6,305,0,6,False,False,,,False
92185833,345.7,WIN,False,36,4,ATTACH_FROM,5,ENERGY_MANAGEMENT,,,CARD,0,0,678,340,340,3,False,5,5,False,True,2,1,0,305,0,6,305,0,6,False,False,,,False
92185833,345.7,WIN,False,37,4,ATTACH_FROM,5,ENERGY_MANAGEMENT,,,CARD,0,0,678,340,340,3,False,5,5,False,True,2,1,1,305,0,6,305,0,6,False,False,,,False
92185833,345.7,WIN,False,38,4,ATTACH_FROM,5,ENERGY_MANAGEMENT,,,CARD,0,0,678,340,340,3,False,5,5,False,True,2,1,1,305,0,6,,,6,False,False,,,False
92185833,345.7,WIN,False,39,4,TO_HAND,5,RESOURCE_MANAGEMENT,,,,0,0,678,340,340,3,False,5,5,False,True,2,1,1,,,6,743,140,6,,,,,False
92185833,345.7,WIN,False,40,6,MAIN,15,RESOURCE_MANAGEMENT,ABILITY,,ABILITY,1,0,678,140,340,3,True,5,4,False,True,2,1,1,743,140,6,743,140,6,False,False,Powerful Hand,0,False
92185833,345.7,WIN,False,41,6,DISCARD,1,RESOURCE_MANAGEMENT,,,CARD,0,0,678,140,340,3,True,5,4,False,True,2,1,1,743,140,6,743,140,6,False,False,Powerful Hand,0,False
92185833,345.7,WIN,False,42,6,MAIN,16,RESOURCE_MANAGEMENT,PLAY_SUPPORTER,1229,PLAY,1,0,678,140,340,3,True,5,4,False,True,2,1,1,743,140,6,743,140,6,False,False,Powerful Hand,0,False
92185833,345.7,WIN,False,43,6,HEAL,1,RESOURCE_MANAGEMENT,,,CARD,0,0,678,140,340,3,True,5,4,False,True,2,1,1,743,140,6,743,140,6,False,False,Powerful Hand,0,False
92185833,345.7,WIN,False,44,6,MAIN,18,RESOURCE_MANAGEMENT,PLAY_ITEM,1152,PLAY,0,0,678,340,340,3,False,5,4,False,True,2,0,1,743,140,6,743,140,6,False,False,Powerful Hand,0,False
92185833,345.7,WIN,False,45,6,TO_HAND,3,RESOURCE_MANAGEMENT,,,CARD,0,0,678,340,340,3,False,5,4,False,True,2,0,1,743,140,6,743,140,6,False,False,Powerful Hand,0,False
92185833,345.7,WIN,False,46,6,MAIN,19,BENCH_MANAGEMENT,EVOLVE,,EVOLVE,0,0,678,340,340,3,False,5,4,False,True,2,0,1,743,140,6,743,140,6,False,False,Powerful Hand,0,False
92185833,345.7,WIN,False,47,6,ACTIVATE,2,RESOURCE_MANAGEMENT,,,YES,0,0,678,340,340,3,False,5,4,False,True,2,0,1,743,140,6,743,140,6,False,False,Powerful Hand,0,False
92185833,345.7,WIN,False,48,6,SWITCH,5,ACTIVE_POKEMON_SELECTION,,,CARD,0,0,678,340,340,3,False,5,4,False,True,2,0,1,743,140,6,140,210,6,False,False,Powerful Hand,0,False
92185833,345.7,WIN,False,49,6,MAIN,17,ENERGY_MANAGEMENT,ATTACH_ENERGY,,ATTACH,0,0,678,340,340,3,False,5,4,False,True,2,0,1,140,210,6,140,210,6,False,False,,,False
92185833,345.7,WIN,False,50,6,MAIN,6,RESOURCE_MANAGEMENT,PLAY_ITEM,1142,PLAY,1,0,678,340,340,3,False,5,4,False,True,2,1,1,140,210,6,140,210,6,False,False,,,False
92185833,345.7,WIN,False,51,6,TO_HAND,7,RESOURCE_MANAGEMENT,,,CARD,0,0,678,340,340,3,False,5,4,False,True,2,1,1,140,210,6,140,210,6,False,False,,,False
92185833,345.7,WIN,False,52,6,MAIN,5,ATTACK_SELECTION,ATTACK,,ATTACK,1,1,678,340,340,3,False,5,4,False,True,2,1,1,140,210,6,140,0,6,False,False,,,False
92185833,345.7,WIN,False,53,6,ATTACH_TO,3,ENERGY_MANAGEMENT,,,CARD;CARD;CARD,0,0,678,340,340,3,False,5,4,False,True,2,1,1,140,0,6,140,0,6,False,False,,,False
92185833,345.7,WIN,False,54,6,ATTACH_FROM,5,ENERGY_MANAGEMENT,,,CARD,0,0,678,340,340,3,False,5,4,False,True,2,1,1,140,0,6,140,0,6,False,False,,,False
92185833,345.7,WIN,False,55,6,ATTACH_FROM,5,ENERGY_MANAGEMENT,,,CARD,0,0,678,340,340,3,False,5,4,False,True,2,1,2,140,0,6,140,0,6,False,False,,,False
92185833,345.7,WIN,False,56,6,ATTACH_FROM,5,ENERGY_MANAGEMENT,,,CARD,0,0,678,340,340,3,False,5,4,False,True,2,1,2,140,0,6,,,6,False,False,,,False
92185833,345.7,WIN,False,57,6,TO_HAND,4,RESOURCE_MANAGEMENT,,,,0,0,678,340,340,3,False,5,4,False,True,2,1,3,,,6,743,140,3,,,,,False
92185833,345.7,WIN,False,58,7,TO_ACTIVE,5,ACTIVE_POKEMON_SELECTION,,,CARD,0,0,,,,,False,5,2,False,True,,,3,743,140,3,743,140,3,,,,,True
92185833,345.7,WIN,False,59,8,MAIN,25,RESOURCE_MANAGEMENT,PLAY_POKEMON,677,PLAY,1,0,674,150,150,1,False,4,2,True,True,3,3,2,743,140,3,743,140,3,False,False,Powerful Hand,0,False
92185833,345.7,WIN,False,60,8,MAIN,27,ENERGY_MANAGEMENT,ATTACH_ENERGY,,ATTACH,1,0,674,150,150,1,False,5,2,True,True,3,3,2,743,140,3,743,140,3,False,False,Powerful Hand,0,False
92185833,345.7,WIN,False,61,8,MAIN,15,RESOURCE_MANAGEMENT,PLAY_ITEM,1152,PLAY,1,0,674,150,150,1,False,5,2,True,True,3,3,3,743,140,3,743,140,3,False,False,Powerful Hand,0,False
92185833,345.7,WIN,False,62,8,TO_HAND,1,RESOURCE_MANAGEMENT,,,CARD,0,0,674,150,150,1,False,5,2,False,True,3,3,3,743,140,3,743,140,3,False,False,Powerful Hand,0,False
92185833,345.7,WIN,False,63,8,MAIN,14,RESOURCE_MANAGEMENT,ABILITY,,ABILITY,1,0,674,150,150,1,False,5,2,True,True,3,3,3,743,140,3,743,140,3,False,False,Powerful Hand,0,False
92185833,345.7,WIN,False,64,8,DISCARD,1,RESOURCE_MANAGEMENT,,,CARD,0,0,674,150,150,1,False,5,2,False,True,3,3,3,743,140,3,743,140,3,False,False,Powerful Hand,0,False
92185833,345.7,WIN,False,65,8,MAIN,14,ENERGY_MANAGEMENT,ATTACH_ENERGY,,ATTACH,1,0,674,150,150,1,False,5,2,True,True,3,3,3,743,140,3,743,140,3,False,False,Powerful Hand,0,False
92185833,345.7,WIN,False,66,8,MAIN,8,ATTACK_SELECTION,ATTACK,,ATTACK,1,1,674,150,150,1,False,5,2,True,True,3,3,3,743,140,3,,,3,False,False,Powerful Hand,0,False
92185833,345.7,WIN,False,67,8,TO_HAND,2,RESOURCE_MANAGEMENT,,,,0,0,674,80,150,1,True,5,2,False,True,3,3,3,,,3,743,140,3,,,,,False
92185833,345.7,WIN,False,68,9,DISCARD,11,RESOURCE_MANAGEMENT,,,,0,0,674,80,150,1,True,5,1,False,True,3,3,3,743,140,3,743,140,2,False,False,Powerful Hand,0,False
92185833,345.7,WIN,False,69,9,TO_ACTIVE,5,ACTIVE_POKEMON_SELECTION,,,CARD,0,0,,,,,False,5,1,False,True,,,3,743,140,2,743,140,2,,,,,True
92185833,345.7,WIN,False,70,10,MAIN,7,BENCH_MANAGEMENT,EVOLVE,,EVOLVE,1,0,676,110,110,1,False,4,1,True,True,1,1,2,743,140,2,743,140,2,False,False,Powerful Hand,0,False
92185833,345.7,WIN,False,71,10,ACTIVATE,2,RESOURCE_MANAGEMENT,,,YES,0,0,676,110,110,1,False,4,1,False,True,1,1,1,743,140,2,743,140,2,False,False,Powerful Hand,0,False
92185833,345.7,WIN,False,72,10,SWITCH,4,ACTIVE_POKEMON_SELECTION,,,CARD,0,0,676,110,110,1,False,4,1,False,True,1,1,1,743,140,2,741,50,2,False,False,Powerful Hand,0,False
92185833,345.7,WIN,False,73,10,MAIN,6,BENCH_MANAGEMENT,EVOLVE,,EVOLVE,1,0,676,110,110,1,False,4,1,True,True,1,1,1,741,50,2,741,50,2,False,False,,,False
92185833,345.7,WIN,False,74,10,MAIN,4,RESOURCE_MANAGEMENT,PLAY_SUPPORTER,1213,PLAY,1,0,676,110,110,1,False,4,1,True,True,1,1,1,741,50,2,741,50,2,False,False,,,False
92185833,345.7,WIN,False,75,10,MAIN,12,RESOURCE_MANAGEMENT,PLAY_ITEM,1141,PLAY,1,0,676,110,110,1,False,4,1,True,True,1,1,1,741,50,2,741,50,2,False,False,,,False
92185833,345.7,WIN,False,76,10,MAIN,11,ATTACK_SELECTION,ATTACK,,ATTACK,1,1,676,110,110,1,False,4,1,True,True,1,1,1,741,50,2,,,2,False,False,,,False
92184025,961.2,WIN,False,0,,,0,UNKNOWN,,,,0,0,,,,,False,,,False,False,,,0,,,,,,,,,,,False
92184025,961.2,WIN,False,1,,,0,UNKNOWN,,,,0,0,,,,,False,,,False,False,,,0,,,,,,0,,,,,False
92184025,961.2,WIN,False,2,0,SETUP_ACTIVE_POKEMON,1,EARLY_GAME_SETUP,,,,0,0,,,,,False,0,0,False,False,,,0,,,0,122,70,6,,,,,False
92184025,961.2,WIN,False,3,2,MAIN,7,RESOURCE_MANAGEMENT,PLAY_ITEM,1142,PLAY,0,0,677,60,80,1,True,0,6,False,False,2,0,0,122,70,6,122,70,6,False,False,,,False
92184025,961.2,WIN,False,4,2,TO_HAND,16,RESOURCE_MANAGEMENT,,,CARD,0,0,677,60,80,1,True,0,6,False,False,2,0,0,122,70,6,122,70,6,False,False,,,False
92184025,961.2,WIN,False,5,2,MAIN,7,RESOURCE_MANAGEMENT,PLAY_POKEMON,676,PLAY,0,0,677,60,80,1,True,0,6,False,False,2,0,0,122,70,6,122,70,6,False,False,,,False
92184025,961.2,WIN,False,6,2,MAIN,10,RESOURCE_MANAGEMENT,PLAY_ITEM,1123,PLAY,0,0,677,60,80,1,True,1,6,False,True,2,0,0,122,70,6,122,70,6,False,False,,,False
92184025,961.2,WIN,False,7,2,SWITCH,1,ACTIVE_POKEMON_SELECTION,,,CARD,0,0,677,60,80,1,True,1,6,False,True,2,0,0,122,70,6,122,70,6,False,False,,,False
92184025,961.2,WIN,False,8,2,MAIN,9,RESOURCE_MANAGEMENT,PLAY_ITEM,1121,PLAY,0,0,676,90,110,1,True,1,6,False,True,1,0,0,122,70,6,122,70,6,False,False,,,True
92184025,961.2,WIN,False,9,2,DISCARD,4,RESOURCE_MANAGEMENT,,,CARD;CARD,0,0,676,90,110,1,True,1,6,False,True,1,0,0,122,70,6,122,70,6,False,False,,,False
92184025,961.2,WIN,False,10,2,TO_HAND,13,RESOURCE_MANAGEMENT,,,CARD,0,0,676,90,110,1,True,1,6,False,True,1,0,0,122,70,6,122,70,6,False,False,,,False
92184025,961.2,WIN,False,11,2,MAIN,5,RESOURCE_MANAGEMENT,PLAY_POKEMON,675,PLAY,0,0,676,90,110,1,True,1,6,False,True,1,0,0,122,70,6,122,70,6,False,False,,,False
92184025,961.2,WIN,False,12,2,MAIN,6,ENERGY_MANAGEMENT,ATTACH_ENERGY,,ATTACH,0,0,676,90,110,1,True,2,6,False,True,1,0,0,122,70,6,122,70,6,False,False,,,False
92184025,961.2,WIN,False,13,2,MAIN,4,RESOURCE_MANAGEMENT,PLAY_SUPPORTER,1227,PLAY,1,0,676,90,110,1,True,2,6,True,True,1,1,0,122,70,6,122,70,6,False,False,,,False
92184025,961.2,WIN,False,14,2,MAIN,8,RESOURCE_MANAGEMENT,PLAY_POKEMON,677,PLAY,1,0,676,90,110,1,True,2,6,True,True,1,1,0,122,70,6,122,70,6,False,False,,,False
92184025,961.2,WIN,False,15,2,MAIN,8,ENERGY_MANAGEMENT,ATTACH_ENERGY,,ATTACH,1,0,676,90,110,1,True,3,6,True,True,1,1,0,122,70,6,122,70,6,False,False,,,False
92184025,961.2,WIN,False,16,2,MAIN,4,ATTACK_SELECTION,ATTACK,,ATTACK,1,1,676,90,110,1,True,3,6,True,True,1,1,0,122,70,6,,,6,False,False,,,False
92184025,961.2,WIN,False,17,2,TO_HAND,6,RESOURCE_MANAGEMENT,,,,0,0,676,90,110,1,True,3,6,False,True,1,1,0,,,6,104,90,6,,,,,False
92184025,961.2,WIN,False,18,4,MAIN,12,BENCH_MANAGEMENT,EVOLVE,,EVOLVE,1,0,676,90,110,1,True,3,5,True,True,1,1,0,104,90,6,104,90,6,False,False,,,False
92184025,961.2,WIN,False,19,4,MAIN,10,BENCH_MANAGEMENT,EVOLVE,,EVOLVE,1,0,676,90,110,1,True,3,5,True,True,1,1,0,104,90,6,104,90,6,False,False,,,False
92184025,961.2,WIN,False,20,4,MAIN,9,RESOURCE_MANAGEMENT,PLAY_ITEM,1121,PLAY,1,0,676,90,110,1,True,3,5,True,True,1,1,0,104,90,6,104,90,6,False,False,,,False
92184025,961.2,WIN,False,21,4,DISCARD,5,RESOURCE_MANAGEMENT,,,CARD;CARD,0,0,676,90,110,1,True,3,5,False,True,1,1,0,104,90,6,104,90,6,False,False,,,False
92184025,961.2,WIN,False,22,4,TO_HAND,9,RESOURCE_MANAGEMENT,,,CARD,0,0,676,90,110,1,True,3,5,False,True,1,1,0,104,90,6,104,90,6,False,False,,,False
92184025,961.2,WIN,False,23,4,MAIN,7,RESOURCE_MANAGEMENT,PLAY_POKEMON,673,PLAY,1,0,676,90,110,1,True,3,5,True,True,1,1,0,104,90,6,104,90,6,False,False,,,False
92184025,961.2,WIN,False,24,4,MAIN,6,RESOURCE_MANAGEMENT,PLAY_ITEM,1141,PLAY,1,0,676,90,110,1,True,4,5,True,True,1,1,0,104,90,6,104,90,6,False,False,,,False
92184025,961.2,WIN,False,25,4,MAIN,5,RESOURCE_MANAGEMENT,PLAY_SUPPORTER,1213,PLAY,1,0,676,90,110,1,True,4,5,True,True,1,1,0,104,90,6,104,90,6,False,False,,,False
92184025,961.2,WIN,False,26,4,MAIN,5,RETREAT_SELECTION,RETREAT,,RETREAT,1,0,676,90,110,1,True,4,5,True,True,1,1,0,104,90,6,104,90,6,False,False,,,False
92184025,961.2,WIN,False,27,4,DISCARD_ENERGY,1,ENERGY_MANAGEMENT,,,ENERGY,0,0,676,90,110,1,True,4,5,False,True,1,1,0,104,90,6,104,90,6,False,False,,,False
92184025,961.2,WIN,False,28,4,SWITCH,4,ACTIVE_POKEMON_SELECTION,,,CARD,0,0,676,90,110,1,True,4,5,False,True,1,0,0,104,90,6,104,90,6,False,False,,,False
92184025,961.2,WIN,False,29,4,MAIN,3,RESOURCE_MANAGEMENT,PLAY_ITEM,1142,PLAY,0,0,678,420,440,3,True,4,5,False,True,2,0,0,104,90,6,104,90,6,False,False,,,True
92184025,961.2,WIN,False,30,4,TO_HAND,12,RESOURCE_MANAGEMENT,,,CARD,0,0,678,420,440,3,True,4,5,False,True,2,0,0,104,90,6,104,90,6,False,False,,,False
92184025,961.2,WIN,False,31,4,MAIN,8,ENERGY_MANAGEMENT,ATTACH_ENERGY,,ATTACH,0,0,678,420,440,3,True,4,5,False,True,2,0,0,104,90,6,104,90,6,False,False,,,False
92184025,961.2,WIN,False,32,4,MAIN,3,RESOURCE_MANAGEMENT,PLAY_ITEM,1152,PLAY,1,0,678,420,440,3,True,4,5,False,True,2,1,0,104,90,6,104,90,6,False,False,,,False
92184025,961.2,WIN,False,33,4,TO_HAND,5,RESOURCE_MANAGEMENT,,,CARD,0,0,678,420,440,3,True,4,5,False,True,2,1,0,104,90,6,104,90,6,False,False,,,False
92184025,961.2,WIN,False,34,4,MAIN,3,RESOURCE_MANAGEMENT,PLAY_POKEMON,677,PLAY,1,0,678,420,440,3,True,4,5,False,True,2,1,0,104,90,6,104,90,6,False,False,,,False
92184025,961.2,WIN,False,35,4,MAIN,2,ATTACK_SELECTION,ATTACK,,ATTACK,1,1,678,420,440,3,True,5,5,False,True,2,1,0,104,90,6,104,0,6,False,False,,,False
92184025,961.2,WIN,False,36,4,ATTACH_TO,3,ENERGY_MANAGEMENT,,,CARD;CARD;CARD,0,0,678,420,440,3,True,5,5,False,True,2,1,0,104,0,6,104,0,6,False,False,,,False
92184025,961.2,WIN,False,37,4,ATTACH_FROM,5,ENERGY_MANAGEMENT,,,CARD,0,0,678,420,440,3,True,5,5,False,True,2,1,0,104,0,6,104,0,6,False,False,,,False
92184025,961.2,WIN,False,38,4,ATTACH_FROM,5,ENERGY_MANAGEMENT,,,CARD,0,0,678,420,440,3,True,5,5,False,True,2,1,1,104,0,6,104,0,6,False,False,,,False
92184025,961.2,WIN,False,39,4,ATTACH_FROM,5,ENERGY_MANAGEMENT,,,CARD,0,0,678,420,440,3,True,5,5,False,True,2,1,1,104,0,6,,,6,False,False,,,False
92184025,961.2,WIN,False,40,4,TO_HAND,5,RESOURCE_MANAGEMENT,,,,0,0,678,420,440,3,True,5,5,False,True,2,1,2,,,6,1031,330,5,,,,,False
92184025,961.2,WIN,False,41,6,MAIN,11,BENCH_MANAGEMENT,EVOLVE,,EVOLVE,1,0,678,300,440,3,True,4,4,False,True,2,1,1,1031,330,5,1031,330,5,False,False,Jetting Blow,120,False
92184025,961.2,WIN,False,42,6,ACTIVATE,2,RESOURCE_MANAGEMENT,,,YES,0,0,678,300,440,3,True,4,4,False,True,2,1,1,1031,330,5,1031,330,5,False,False,Jetting Blow,120,False
92184025,961.2,WIN,False,43,6,SWITCH,4,ACTIVE_POKEMON_SELECTION,,,CARD,0,0,678,300,440,3,True,4,4,False,True,2,1,1,1031,330,5,1071,160,5,False,False,Jetting Blow,120,False
92184025,961.2,WIN,False,44,6,MAIN,10,ENERGY_MANAGEMENT,ATTACH_ENERGY,,ATTACH,1,0,678,300,440,3,True,4,4,False,True,2,1,1,1071,160,5,1071,160,5,False,False,,,False
92184025,961.2,WIN,False,45,6,MAIN,6,RESOURCE_MANAGEMENT,PLAY_SUPPORTER,1227,PLAY,2,0,678,300,440,3,True,4,4,True,True,2,2,1,1071,160,5,1071,160,5,False,False,,,False
92184025,961.2,WIN,False,46,6,MAIN,8,RESOURCE_MANAGEMENT,ABILITY,,ABILITY,2,0,678,300,440,3,True,4,4,True,True,2,2,1,1071,160,5,1071,160,5,False,False,,,False
92184025,961.2,WIN,False,47,6,DISCARD,3,RESOURCE_MANAGEMENT,,,CARD,0,0,678,300,440,3,True,4,4,False,True,2,2,1,1071,160,5,1071,160,5,False,False,,,False
92184025,961.2,WIN,False,48,6,MAIN,9,RESOURCE_MANAGEMENT,PLAY_ITEM,1152,PLAY,2,0,678,300,440,3,True,4,4,True,True,2,2,1,1071,160,5,1071,160,5,False,False,,,False
92184025,961.2,WIN,False,49,6,TO_HAND,3,RESOURCE_MANAGEMENT,,,CARD,0,0,678,300,440,3,True,4,4,False,True,2,2,1,1071,160,5,1071,160,5,False,False,,,False
92184025,961.2,WIN,False,50,6,MAIN,9,RESOURCE_MANAGEMENT,PLAY_POKEMON,675,PLAY,2,0,678,300,440,3,True,4,4,True,True,2,2,1,1071,160,5,1071,160,5,False,False,,,False
92184025,961.2,WIN,False,51,6,MAIN,7,ATTACK_SELECTION,ATTACK,,ATTACK,2,1,678,300,440,3,True,5,4,True,True,2,2,1,1071,160,5,1071,0,5,False,False,,,False
92184025,961.2,WIN,False,52,6,ATTACH_TO,2,ENERGY_MANAGEMENT,,,CARD;CARD,0,0,678,300,440,3,True,5,4,False,True,2,2,1,1071,0,5,1071,0,5,False,False,,,False
92184025,961.2,WIN,False,53,6,ATTACH_FROM,5,ENERGY_MANAGEMENT,,,CARD,0,0,678,300,440,3,True,5,4,False,True,2,2,1,1071,0,5,1071,0,5,False,False,,,False
92184025,961.2,WIN,False,54,6,ATTACH_FROM,5,ENERGY_MANAGEMENT,,,CARD,0,0,678,300,440,3,True,5,4,False,True,2,2,1,1071,0,5,,,5,False,False,,,False
92184025,961.2,WIN,False,55,6,TO_HAND,4,RESOURCE_MANAGEMENT,,,,0,0,678,300,440,3,True,5,4,False,True,2,2,1,,,5,1031,330,4,,,,,False
92184025,961.2,WIN,False,56,8,MAIN,31,RESOURCE_MANAGEMENT,ABILITY,,ABILITY,2,0,678,150,440,3,True,4,2,True,True,2,2,1,1031,330,4,1031,330,4,False,False,Jetting Blow,120,False
92184025,961.2,WIN,False,57,8,DISCARD,4,RESOURCE_MANAGEMENT,,,CARD,0,0,678,150,440,3,True,4,2,False,True,2,2,1,1031,330,4,1031,330,4,False,False,Jetting Blow,120,False
92184025,961.2,WIN,False,58,8,MAIN,28,RESOURCE_MANAGEMENT,PLAY_ITEM,1141,PLAY,2,0,678,150,440,3,True,4,2,True,True,2,2,1,1031,330,4,1031,330,4,False,False,Jetting Blow,120,False
92184025,961.2,WIN,False,59,8,MAIN,27,RESOURCE_MANAGEMENT,PLAY_ITEM,1141,PLAY,2,0,678,150,440,3,True,4,2,True,True,2,2,1,1031,330,4,1031,330,4,False,False,Jetting Blow,120,False
92184025,961.2,WIN,False,60,8,MAIN,26,ENERGY_MANAGEMENT,ATTACH_ENERGY,,ATTACH,2,0,678,150,440,3,True,4,2,True,True,2,2,1,1031,330,4,1031,330,4,False,False,Jetting Blow,120,False
92184025,961.2,WIN,False,61,8,MAIN,11,ATTACK_SELECTION,ATTACK,,ATTACK,2,1,678,150,440,3,True,4,2,True,True,2,2,1,1031,330,4,,,4,False,False,Jetting Blow,120,False
92184874,915.0,WIN,True,0,,,0,UNKNOWN,,,,0,0,,,,,False,,,False,False,,,0,,,,,,,,,,,False
92184874,915.0,WIN,True,1,,,0,UNKNOWN,,,,0,0,,,,,False,,,False,False,,,0,,,,,,0,,,,,False
92184874,915.0,WIN,True,2,0,IS_FIRST,2,GOING_FIRST_SECOND,,,YES,0,0,,,,,False,0,0,False,False,,,0,,,0,,,0,,,,,False
92184874,915.0,WIN,True,3,0,SETUP_ACTIVE_POKEMON,1,EARLY_GAME_SETUP,,,,0,0,,,,,False,0,0,False,False,,,0,,,0,741,50,6,,,,,False
92184874,915.0,WIN,True,4,1,MAIN,5,RESOURCE_MANAGEMENT,PLAY_POKEMON,676,PLAY,0,0,675,110,110,1,False,0,6,False,False,1,0,0,741,50,6,741,50,6,False,False,,,False
92184874,915.0,WIN,True,5,1,MAIN,7,RESOURCE_MANAGEMENT,ABILITY,,ABILITY,0,0,675,110,110,1,False,1,6,False,True,1,0,0,741,50,6,741,50,6,False,False,,,False
92184874,915.0,WIN,True,6,1,DISCARD,1,RESOURCE_MANAGEMENT,,,CARD,0,0,675,110,110,1,False,1,6,False,True,1,0,0,741,50,6,741,50,6,False,False,,,False
92184874,915.0,WIN,True,7,1,MAIN,6,RESOURCE_MANAGEMENT,PLAY_ITEM,1152,PLAY,0,0,675,110,110,1,False,1,6,False,True,1,0,0,741,50,6,741,50,6,False,False,,,False
92184874,915.0,WIN,True,8,1,TO_HAND,9,RESOURCE_MANAGEMENT,,,CARD,0,0,675,110,110,1,False,1,6,False,True,1,0,0,741,50,6,741,50,6,False,False,,,False
92184874,915.0,WIN,True,9,1,MAIN,6,RESOURCE_MANAGEMENT,PLAY_POKEMON,677,PLAY,0,0,675,110,110,1,False,1,6,False,True,1,0,0,741,50,6,741,50,6,False,False,,,False
92184874,915.0,WIN,True,10,1,MAIN,6,ENERGY_MANAGEMENT,ATTACH_ENERGY,,ATTACH,0,0,675,110,110,1,False,2,6,False,True,1,0,0,741,50,6,741,50,6,False,False,,,False
92184874,915.0,WIN,True,11,1,MAIN,3,TIMING,,,,0,0,675,110,110,1,False,2,6,False,True,1,0,0,741,50,6,741,50,6,False,False,,,False
92184874,915.0,WIN,True,12,3,MAIN,7,RESOURCE_MANAGEMENT,PLAY_ITEM,1123,PLAY,0,0,675,100,110,1,True,2,6,False,True,1,0,0,741,50,6,741,50,6,False,False,,,False
92184874,915.0,WIN,True,13,3,SWITCH,2,ACTIVE_POKEMON_SELECTION,,,CARD,0,0,675,100,110,1,True,2,6,False,True,1,0,0,741,50,6,741,50,6,False,False,,,False
92184874,915.0,WIN,True,14,3,MAIN,6,RESOURCE_MANAGEMENT,PLAY_SUPPORTER,1227,PLAY,0,0,676,110,110,1,False,2,6,False,True,1,0,0,741,50,6,741,50,6,False,False,,,True
92184874,915.0,WIN,True,15,3,MAIN,14,RESOURCE_MANAGEMENT,ABILITY,,ABILITY,0,0,676,110,110,1,False,2,6,False,True,1,0,0,741,50,6,741,50,6,False,False,,,False
92184874,915.0,WIN,True,16,3,DISCARD,3,RESOURCE_MANAGEMENT,,,CARD,0,0,676,110,110,1,False,2,6,False,True,1,0,0,741,50,6,741,50,6,False,False,,,False
92184874,915.0,WIN,True,17,3,MAIN,12,RESOURCE_MANAGEMENT,PLAY_POKEMON,676,PLAY,0,0,676,110,110,1,False,2,6,False,True,1,0,0,741,50,6,741,50,6,False,False,,,False
92184874,915.0,WIN,True,18,3,MAIN,13,ENERGY_MANAGEMENT,ATTACH_ENERGY,,ATTACH,0,0,676,110,110,1,False,3,6,False,True,1,0,0,741,50,6,741,50,6,False,False,,,False
92184874,915.0,WIN,True,19,3,MAIN,7,RESOURCE_MANAGEMENT,PLAY_ITEM,1152,PLAY,1,0,676,110,110,1,False,3,6,True,True,1,1,0,741,50,6,741,50,6,False,False,,,False
92184874,915.0,WIN,True,20,3,TO_HAND,7,RESOURCE_MANAGEMENT,,,CARD,0,0,676,110,110,1,False,3,6,False,True,1,1,0,741,50,6,741,50,6,False,False,,,False
92184874,915.0,WIN,True,21,3,MAIN,7,RESOURCE_MANAGEMENT,PLAY_POKEMON,673,PLAY,1,0,676,110,110,1,False,3,6,True,True,1,1,0,741,50,6,741,50,6,False,False,,,False
92184874,915.0,WIN,True,22,3,MAIN,6,RESOURCE_MANAGEMENT,PLAY_ITEM,1121,PLAY,1,0,676,110,110,1,False,4,6,True,True,1,1,0,741,50,6,741,50,6,False,False,,,False
92184874,915.0,WIN,True,23,3,DISCARD,6,RESOURCE_MANAGEMENT,,,CARD;CARD,0,0,676,110,110,1,False,4,6,False,True,1,1,0,741,50,6,741,50,6,False,False,,,False
92184874,915.0,WIN,True,24,3,TO_HAND,9,RESOURCE_MANAGEMENT,,,CARD,0,0,676,110,110,1,False,4,6,False,True,1,1,0,741,50,6,741,50,6,False,False,,,False
92184874,915.0,WIN,True,25,3,MAIN,5,BENCH_MANAGEMENT,EVOLVE,,EVOLVE,1,0,676,110,110,1,False,4,6,True,True,1,1,0,741,50,6,741,50,6,False,False,,,False
92184874,915.0,WIN,True,26,3,MAIN,4,ATTACK_SELECTION,ATTACK,,ATTACK,1,1,676,110,110,1,False,4,6,True,True,1,1,0,741,50,6,,,6,False,False,,,False
92184874,915.0,WIN,True,27,3,TO_HAND,6,RESOURCE_MANAGEMENT,,,,0,0,676,110,110,1,False,4,6,False,True,1,1,0,,,6,743,140,5,,,,,False
92184874,915.0,WIN,True,28,4,TO_ACTIVE,4,ACTIVE_POKEMON_SELECTION,,,CARD,0,0,,,,,False,4,5,False,True,,,0,743,140,5,743,140,5,,,,,True
92184874,915.0,WIN,True,29,5,MAIN,10,RESOURCE_MANAGEMENT,PLAY_ITEM,1152,PLAY,0,0,678,440,440,3,False,3,5,False,True,2,0,0,743,140,5,743,140,5,False,False,Powerful Hand,0,False
92184874,915.0,WIN,True,30,5,TO_HAND,6,RESOURCE_MANAGEMENT,,,CARD,0,0,678,440,440,3,False,3,5,False,True,2,0,0,743,140,5,743,140,5,False,False,Powerful Hand,0,False
92184874,915.0,WIN,True,31,5,MAIN,10,BENCH_MANAGEMENT,EVOLVE,,EVOLVE,0,0,678,440,440,3,False,3,5,False,True,2,0,0,743,140,5,743,140,5,False,False,Powerful Hand,0,False
92184874,915.0,WIN,True,32,5,ACTIVATE,2,RESOURCE_MANAGEMENT,,,YES,0,0,678,440,440,3,False,3,5,False,True,2,0,0,743,140,5,743,140,5,False,False,Powerful Hand,0,False
92184874,915.0,WIN,True,33,5,SWITCH,4,ACTIVE_POKEMON_SELECTION,,,CARD,0,0,678,440,440,3,False,3,5,False,True,2,0,0,743,140,5,140,210,5,False,False,Powerful Hand,0,False
92184874,915.0,WIN,True,34,5,MAIN,9,ENERGY_MANAGEMENT,ATTACH_ENERGY,,ATTACH,0,0,678,440,440,3,False,3,5,False,True,2,0,0,140,210,5,140,210,5,False,False,,,False
92184874,915.0,WIN,True,35,5,MAIN,5,RESOURCE_MANAGEMENT,PLAY_SUPPORTER,1213,PLAY,1,0,678,440,440,3,False,3,5,False,True,2,1,0,140,210,5,140,210,5,False,False,,,False
92184874,915.0,WIN,True,36,5,MAIN,5,RESOURCE_MANAGEMENT,PLAY_ITEM,1142,PLAY,1,0,678,440,440,3,False,3,5,False,True,2,1,0,140,210,5,140,210,5,False,False,,,False
92184874,915.0,WIN,True,37,5,TO_HAND,11,RESOURCE_MANAGEMENT,,,CARD,0,0,678,440,440,3,False,3,5,False,True,2,1,0,140,210,5,140,210,5,False,False,,,False
92184874,915.0,WIN,True,38,5,MAIN,5,RESOURCE_MANAGEMENT,PLAY_POKEMON,673,PLAY,1,0,678,440,440,3,False,3,5,False,True,2,1,0,140,210,5,140,210,5,False,False,,,False
92184874,915.0,WIN,True,39,5,MAIN,4,RESOURCE_MANAGEMENT,PLAY_ITEM,1142,PLAY,1,0,678,440,440,3,False,4,5,False,True,2,1,0,140,210,5,140,210,5,False,False,,,False
92184874,915.0,WIN,True,40,5,TO_HAND,10,RESOURCE_MANAGEMENT,,,CARD,0,0,678,440,440,3,False,4,5,False,True,2,1,0,140,210,5,140,210,5,False,False,,,False
92184874,915.0,WIN,True,41,5,MAIN,4,RESOURCE_MANAGEMENT,ABILITY,,ABILITY,1,0,678,440,440,3,False,4,5,False,True,2,1,0,140,210,5,140,210,5,False,False,,,False
92184874,915.0,WIN,True,42,5,DISCARD,1,RESOURCE_MANAGEMENT,,,CARD,0,0,678,440,440,3,False,4,5,False,True,2,1,0,140,210,5,140,210,5,False,False,,,False
92184874,915.0,WIN,True,43,5,MAIN,4,RESOURCE_MANAGEMENT,PLAY_ITEM,1142,PLAY,1,0,678,440,440,3,False,4,5,False,True,2,1,0,140,210,5,140,210,5,False,False,,,False
92184874,915.0,WIN,True,44,5,TO_HAND,8,RESOURCE_MANAGEMENT,,,CARD,0,0,678,440,440,3,False,4,5,False,True,2,1,0,140,210,5,140,210,5,False,False,,,False
92184874,915.0,WIN,True,45,5,MAIN,4,RESOURCE_MANAGEMENT,PLAY_POKEMON,677,PLAY,1,0,678,440,440,3,False,4,5,False,True,2,1,0,140,210,5,140,210,5,False,False,,,False
92184874,915.0,WIN,True,46,5,MAIN,3,ATTACK_SELECTION,ATTACK,,ATTACK,1,1,678,440,440,3,False,5,5,False,True,2,1,0,140,210,5,140,0,5,False,False,,,False
92184874,915.0,WIN,True,47,5,ATTACH_TO,4,ENERGY_MANAGEMENT,,,CARD;CARD;CARD,0,0,678,440,440,3,False,5,5,False,True,2,1,0,140,0,5,140,0,5,False,False,,,False
92184874,915.0,WIN,True,48,5,ATTACH_FROM,5,ENERGY_MANAGEMENT,,,CARD,0,0,678,440,440,3,False,5,5,False,True,2,1,0,140,0,5,140,0,5,False,False,,,False
92184874,915.0,WIN,True,49,5,ATTACH_FROM,5,ENERGY_MANAGEMENT,,,CARD,0,0,678,440,440,3,False,5,5,False,True,2,1,0,140,0,5,140,0,5,False,False,,,False
92184874,915.0,WIN,True,50,5,ATTACH_FROM,5,ENERGY_MANAGEMENT,,,CARD,0,0,678,440,440,3,False,5,5,False,True,2,1,0,140,0,5,,,5,False,False,,,False
92184874,915.0,WIN,True,51,5,TO_HAND,5,RESOURCE_MANAGEMENT,,,,0,0,678,440,440,3,False,5,5,False,True,2,1,1,,,5,743,140,5,,,,,False
92184874,915.0,WIN,True,52,7,MAIN,15,BENCH_MANAGEMENT,EVOLVE,,EVOLVE,1,0,678,120,440,3,True,5,3,False,True,2,1,1,743,140,5,743,140,5,False,False,Powerful Hand,0,False
92184874,915.0,WIN,True,53,7,ACTIVATE,2,RESOURCE_MANAGEMENT,,,YES,0,0,678,120,440,3,True,5,3,False,True,2,1,1,743,140,5,743,140,5,False,False,Powerful Hand,0,False
92184874,915.0,WIN,True,54,7,SWITCH,3,ACTIVE_POKEMON_SELECTION,,,CARD,0,0,678,120,440,3,True,5,3,False,True,2,1,1,743,140,5,140,210,5,False,False,Powerful Hand,0,False
92184874,915.0,WIN,True,55,7,MAIN,14,ENERGY_MANAGEMENT,ATTACH_ENERGY,,ATTACH,1,0,678,120,440,3,True,5,3,False,True,2,1,1,140,210,5,140,210,5,False,False,,,False
92184874,915.0,WIN,True,56,7,MAIN,7,RESOURCE_MANAGEMENT,PLAY_ITEM,1141,PLAY,1,0,678,120,440,3,True,5,3,False,True,2,1,2,140,210,5,140,210,5,False,False,,,False
92184874,915.0,WIN,True,57,7,MAIN,6,RESOURCE_MANAGEMENT,PLAY_SUPPORTER,1213,PLAY,1,0,678,120,440,3,True,5,3,False,True,2,1,2,140,210,5,140,210,5,False,False,,,False
92184874,915.0,WIN,True,58,7,MAIN,4,ATTACK_SELECTION,ATTACK,,ATTACK,1,1,678,120,440,3,True,5,3,False,True,2,1,2,140,210,5,140,0,5,False,False,,,False
92184874,915.0,WIN,True,59,7,ATTACH_TO,1,ENERGY_MANAGEMENT,,,CARD,0,0,678,120,440,3,True,5,3,False,True,2,1,2,140,0,5,140,0,5,False,False,,,False
92184874,915.0,WIN,True,60,7,ATTACH_FROM,5,ENERGY_MANAGEMENT,,,CARD,0,0,678,120,440,3,True,5,3,False,True,2,1,2,140,0,5,,,5,False,False,,,False
92184874,915.0,WIN,True,61,7,TO_HAND,3,RESOURCE_MANAGEMENT,,,,0,0,678,120,440,3,True,5,3,False,True,2,1,2,,,5,743,140,2,,,,,False
92184874,915.0,WIN,True,62,8,TO_ACTIVE,5,ACTIVE_POKEMON_SELECTION,,,CARD,0,0,,,,,False,5,1,False,True,,,2,743,140,2,743,140,2,,,,,True
92184874,915.0,WIN,True,63,9,MAIN,19,ENERGY_MANAGEMENT,ATTACH_ENERGY,,ATTACH,1,0,674,150,150,1,False,4,1,True,True,3,3,1,743,140,2,743,140,2,False,False,Powerful Hand,0,False
92184874,915.0,WIN,True,64,9,MAIN,9,BENCH_MANAGEMENT,EVOLVE,,EVOLVE,1,0,674,150,150,1,False,4,1,True,True,3,3,1,743,140,2,743,140,2,False,False,Powerful Hand,0,False
92184874,915.0,WIN,True,65,9,MAIN,7,RESOURCE_MANAGEMENT,PLAY_SUPPORTER,1213,PLAY,1,0,674,150,150,1,False,4,1,True,True,3,3,1,743,140,2,743,140,2,False,False,Powerful Hand,0,False
92184874,915.0,WIN,True,66,9,MAIN,6,ATTACK_SELECTION,ATTACK,,ATTACK,1,1,674,150,150,1,False,4,1,True,True,3,3,1,743,140,2,,,2,False,False,Powerful Hand,0,False
92183940,983.5,WIN,False,0,,,0,UNKNOWN,,,,0,0,,,,,False,,,False,False,,,0,,,,,,,,,,,False
92183940,983.5,WIN,False,1,,,0,UNKNOWN,,,,0,0,,,,,False,,,False,False,,,0,,,,,,0,,,,,False
92183940,983.5,WIN,False,2,0,SETUP_ACTIVE_POKEMON,1,EARLY_GAME_SETUP,,,,0,0,,,,,False,0,0,False,False,,,0,,,0,112,110,6,,,,,False
92183940,983.5,WIN,False,3,2,MAIN,7,RESOURCE_MANAGEMENT,PLAY_ITEM,1152,PLAY,0,0,676,110,110,1,False,0,6,False,False,1,0,0,112,110,6,112,110,6,False,False,,,False
92183940,983.5,WIN,False,4,2,TO_HAND,9,RESOURCE_MANAGEMENT,,,CARD,0,0,676,110,110,1,False,0,6,False,False,1,0,0,112,110,6,112,110,6,False,False,,,False
92183940,983.5,WIN,False,5,2,MAIN,7,RESOURCE_MANAGEMENT,PLAY_POKEMON,675,PLAY,0,0,676,110,110,1,False,0,6,False,False,1,0,0,112,110,6,112,110,6,False,False,,,False
92183940,983.5,WIN,False,6,2,MAIN,10,RESOURCE_MANAGEMENT,ABILITY,,ABILITY,0,0,676,110,110,1,False,1,6,False,True,1,0,0,112,110,6,112,110,6,False,False,,,False
92183940,983.5,WIN,False,7,2,DISCARD,3,RESOURCE_MANAGEMENT,,,CARD,0,0,676,110,110,1,False,1,6,False,True,1,0,0,112,110,6,112,110,6,False,False,,,False
92183940,983.5,WIN,False,8,2,MAIN,10,RESOURCE_MANAGEMENT,PLAY_ITEM,1141,PLAY,0,0,676,110,110,1,False,1,6,False,True,1,0,0,112,110,6,112,110,6,False,False,,,False
92183940,983.5,WIN,False,9,2,MAIN,9,RESOURCE_MANAGEMENT,PLAY_ITEM,1142,PLAY,0,0,676,110,110,1,False,1,6,False,True,1,0,0,112,110,6,112,110,6,False,False,,,False
92183940,983.5,WIN,False,10,2,TO_HAND,15,RESOURCE_MANAGEMENT,,,CARD,0,0,676,110,110,1,False,1,6,False,True,1,0,0,112,110,6,112,110,6,False,False,,,False
92183940,983.5,WIN,False,11,2,MAIN,9,RESOURCE_MANAGEMENT,PLAY_POKEMON,677,PLAY,0,0,676,110,110,1,False,1,6,False,True,1,0,0,112,110,6,112,110,6,False,False,,,False
92183940,983.5,WIN,False,12,2,MAIN,10,ENERGY_MANAGEMENT,ATTACH_ENERGY,,ATTACH,0,0,676,110,110,1,False,2,6,False,True,1,0,0,112,110,6,112,110,6,False,False,,,False
92183940,983.5,WIN,False,13,2,MAIN,6,RESOURCE_MANAGEMENT,PLAY_SUPPORTER,1213,PLAY,1,0,676,110,110,1,False,2,6,True,True,1,1,0,112,110,6,112,110,6,False,False,,,False
92183940,983.5,WIN,False,14,2,MAIN,5,RESOURCE_MANAGEMENT,PLAY_ITEM,1141,PLAY,1,0,676,110,110,1,False,2,6,True,True,1,1,0,112,110,6,112,110,6,False,False,,,False
92183940,983.5,WIN,False,15,2,MAIN,4,ATTACK_SELECTION,ATTACK,,ATTACK,1,1,676,110,110,1,False,2,6,True,True,1,1,0,112,110,6,,,6,False,False,,,False
92183009,964.6,WIN,True,0,,,0,UNKNOWN,,,,0,0,,,,,False,,,False,False,,,0,,,,,,,,,,,False
92183009,964.6,WIN,True,1,,,0,UNKNOWN,,,,0,0,,,,,False,,,False,False,,,0,,,,,,0,,,,,False
92183009,964.6,WIN,True,2,0,IS_FIRST,2,GOING_FIRST_SECOND,,,YES,0,0,,,,,False,0,0,False,False,,,0,,,0,,,0,,,,,False
92183009,964.6,WIN,True,3,0,SETUP_ACTIVE_POKEMON,3,EARLY_GAME_SETUP,,,,0,0,,,,,False,0,0,False,False,,,0,,,0,,,6,,,,,False
92183009,964.6,WIN,True,4,0,DRAW_COUNT,2,SEARCH_DECISION,,,NUMBER,0,0,,,,,False,0,6,False,False,,,0,,,6,,,6,,,,,False
92183009,964.6,WIN,True,5,0,SETUP_BENCH_POKEMON,2,BENCH_MANAGEMENT,,,,0,0,,,,,False,0,6,False,False,,,0,,,6,344,70,6,,,,,False
92183009,964.6,WIN,True,6,1,MAIN,7,RESOURCE_MANAGEMENT,PLAY_POKEMON,673,PLAY,0,0,676,110,110,1,False,0,6,False,False,1,0,0,344,70,6,344,70,6,False,False,,,False
92183009,964.6,WIN,True,7,1,MAIN,8,RESOURCE_MANAGEMENT,PLAY_POKEMON,675,PLAY,0,0,676,110,110,1,False,1,6,False,True,1,0,0,344,70,6,344,70,6,False,False,,,False
92183009,964.6,WIN,True,8,1,MAIN,10,RESOURCE_MANAGEMENT,ABILITY,,ABILITY,0,0,676,110,110,1,False,2,6,False,True,1,0,0,344,70,6,344,70,6,False,False,,,False
92183009,964.6,WIN,True,9,1,DISCARD,2,RESOURCE_MANAGEMENT,,,CARD,0,0,676,110,110,1,False,2,6,False,True,1,0,0,344,70,6,344,70,6,False,False,,,False
92183009,964.6,WIN,True,10,1,MAIN,9,RESOURCE_MANAGEMENT,PLAY_ITEM,1152,PLAY,0,0,676,110,110,1,False,2,6,False,True,1,0,0,344,70,6,344,70,6,False,False,,,False
92183009,964.6,WIN,True,11,1,TO_HAND,7,RESOURCE_MANAGEMENT,,,CARD,0,0,676,110,110,1,False,2,6,False,True,1,0,0,344,70,6,344,70,6,False,False,,,False
92183009,964.6,WIN,True,12,1,MAIN,9,RESOURCE_MANAGEMENT,PLAY_POKEMON,677,PLAY,0,0,676,110,110,1,False,2,6,False,True,1,0,0,344,70,6,344,70,6,False,False,,,False
92183009,964.6,WIN,True,13,1,MAIN,10,ENERGY_MANAGEMENT,ATTACH_ENERGY,,ATTACH,0,0,676,110,110,1,False,3,6,False,True,1,0,0,344,70,6,344,70,6,False,False,,,False
92183009,964.6,WIN,True,14,1,MAIN,2,TIMING,,,,0,0,676,110,110,1,False,3,6,False,True,1,0,1,344,70,6,345,170,6,False,False,,,False
92183009,964.6,WIN,True,15,3,MAIN,11,BENCH_MANAGEMENT,EVOLVE,,EVOLVE,0,0,675,110,110,1,False,3,6,False,True,1,0,1,345,170,6,345,170,6,False,False,,,True
92183009,964.6,WIN,True,16,3,MAIN,10,ENERGY_MANAGEMENT,ATTACH_ENERGY,,ATTACH,0,0,675,110,110,1,False,3,6,False,True,1,0,1,345,170,6,345,170,6,False,False,,,False
92183009,964.6,WIN,True,17,3,MAIN,6,RETREAT_SELECTION,RETREAT,,RETREAT,0,0,675,110,110,1,False,3,6,True,True,1,1,1,345,170,6,345,170,6,False,False,,,False
92183009,964.6,WIN,True,18,3,DISCARD_ENERGY,1,ENERGY_MANAGEMENT,,,ENERGY,0,0,675,110,110,1,False,3,6,False,True,1,1,1,345,170,6,345,170,6,False,False,,,False
92183009,964.6,WIN,True,19,3,SWITCH,3,ACTIVE_POKEMON_SELECTION,,,CARD,0,0,675,110,110,1,False,3,6,False,True,1,0,1,345,170,6,345,170,6,False,False,,,False
92183009,964.6,WIN,True,20,3,MAIN,6,BENCH_MANAGEMENT,EVOLVE,,EVOLVE,1,0,678,340,340,3,False,3,6,False,True,2,1,0,345,170,6,345,170,6,False,False,,,True
92183009,964.6,WIN,True,21,3,MAIN,4,RESOURCE_MANAGEMENT,PLAY_SUPPORTER,1227,PLAY,1,0,678,340,340,3,False,3,6,False,True,2,1,0,345,170,6,345,170,6,False,False,,,False
92183009,964.6,WIN,True,22,3,MAIN,6,RESOURCE_MANAGEMENT,ABILITY,,ABILITY,1,0,678,340,340,3,False,3,6,False,True,2,1,0,345,170,6,345,170,6,False,False,,,False
92183009,964.6,WIN,True,23,3,DISCARD,1,RESOURCE_MANAGEMENT,,,CARD,0,0,678,340,340,3,False,3,6,False,True,2,1,0,345,170,6,345,170,6,False,False,,,False
92183009,964.6,WIN,True,24,3,MAIN,5,RESOURCE_MANAGEMENT,PLAY_ITEM,1121,PLAY,1,0,678,340,340,3,False,3,6,False,True,2,1,0,345,170,6,345,170,6,False,False,,,False
92183009,964.6,WIN,True,25,3,DISCARD,9,RESOURCE_MANAGEMENT,,,CARD;CARD,0,0,678,340,340,3,False,3,6,False,True,2,1,0,345,170,6,345,170,6,False,False,,,False
92183009,964.6,WIN,True,26,3,TO_HAND,8,RESOURCE_MANAGEMENT,,,CARD,0,0,678,340,340,3,False,3,6,False,True,2,1,0,345,170,6,345,170,6,False,False,,,False
92183009,964.6,WIN,True,27,3,MAIN,4,RESOURCE_MANAGEMENT,PLAY_POKEMON,673,PLAY,1,0,678,340,340,3,False,3,6,False,True,2,1,0,345,170,6,345,170,6,False,False,,,False
92183009,964.6,WIN,True,28,3,MAIN,3,ATTACK_SELECTION,ATTACK,,ATTACK,1,1,678,340,340,3,False,4,6,False,True,2,1,0,345,170,6,345,170,6,False,False,,,False
92183009,964.6,WIN,True,29,3,ATTACH_TO,3,ENERGY_MANAGEMENT,,,CARD;CARD;CARD,0,0,678,340,340,3,False,4,6,False,True,2,1,0,345,170,6,345,170,6,False,False,,,False
92183009,964.6,WIN,True,30,3,ATTACH_FROM,4,ENERGY_MANAGEMENT,,,CARD,0,0,678,340,340,3,False,4,6,False,True,2,1,0,345,170,6,345,170,6,False,False,,,False
92183009,964.6,WIN,True,31,3,ATTACH_FROM,4,ENERGY_MANAGEMENT,,,CARD,0,0,678,340,340,3,False,4,6,False,True,2,1,0,345,170,6,345,170,6,False,False,,,False
92183009,964.6,WIN,True,32,3,ATTACH_FROM,4,ENERGY_MANAGEMENT,,,,0,0,678,340,340,3,False,4,6,False,True,2,1,0,345,170,6,345,170,6,False,False,,,False
92183009,964.6,WIN,True,33,5,MAIN,19,ENERGY_MANAGEMENT,ATTACH_ENERGY,,ATTACH,1,0,678,340,340,3,False,4,6,False,True,2,1,1,345,170,6,345,170,6,False,False,,,False
92183009,964.6,WIN,True,34,5,MAIN,11,RESOURCE_MANAGEMENT,PLAY_ITEM,1142,PLAY,2,0,678,340,340,3,False,4,6,True,True,2,2,1,345,170,6,345,170,6,False,False,,,False
92183009,964.6,WIN,True,35,5,TO_HAND,9,RESOURCE_MANAGEMENT,,,CARD,0,0,678,340,340,3,False,4,6,False,True,2,2,1,345,170,6,345,170,6,False,False,,,False
92183009,964.6,WIN,True,36,5,MAIN,11,RESOURCE_MANAGEMENT,PLAY_POKEMON,676,PLAY,2,0,678,340,340,3,False,4,6,True,True,2,2,1,345,170,6,345,170,6,False,False,,,False
92183009,964.6,WIN,True,37,5,MAIN,10,RESOURCE_MANAGEMENT,PLAY_SUPPORTER,1227,PLAY,2,0,678,340,340,3,False,5,6,True,True,2,2,1,345,170,6,345,170,6,False,False,,,False
92183009,964.6,WIN,True,38,5,MAIN,9,RESOURCE_MANAGEMENT,PLAY_ITEM,1142,PLAY,2,0,678,340,340,3,False,5,6,True,True,2,2,1,345,170,6,345,170,6,False,False,,,False
92183009,964.6,WIN,True,39,5,TO_HAND,7,RESOURCE_MANAGEMENT,,,CARD,0,0,678,340,340,3,False,5,6,False,True,2,2,1,345,170,6,345,170,6,False,False,,,False
92183009,964.6,WIN,True,40,5,MAIN,8,RESOURCE_MANAGEMENT,PLAY_ITEM,1142,PLAY,2,0,678,340,340,3,False,5,6,True,True,2,2,1,345,170,6,345,170,6,False,False,,,False
92183009,964.6,WIN,True,41,5,TO_HAND,6,RESOURCE_MANAGEMENT,,,CARD,0,0,678,340,340,3,False,5,6,False,True,2,2,1,345,170,6,345,170,6,False,False,,,False
92183009,964.6,WIN,True,42,5,MAIN,7,RETREAT_SELECTION,RETREAT,,RETREAT,2,0,678,340,340,3,False,5,6,True,True,2,2,1,345,170,6,345,170,6,False,False,,,False
92183009,964.6,WIN,True,43,5,DISCARD_ENERGY,2,ENERGY_MANAGEMENT,,,ENERGY,0,0,678,340,340,3,False,5,6,False,True,2,2,1,345,170,6,345,170,6,False,False,,,False
92183009,964.6,WIN,True,44,5,DISCARD_ENERGY,1,ENERGY_MANAGEMENT,,,ENERGY,0,0,678,340,340,3,False,5,6,False,True,2,1,1,345,170,6,345,170,6,False,False,,,False
92183009,964.6,WIN,True,45,5,SWITCH,5,ACTIVE_POKEMON_SELECTION,,,CARD,0,0,678,340,340,3,False,5,6,False,True,2,0,1,345,170,6,345,170,6,False,False,,,False
92183009,964.6,WIN,True,46,5,MAIN,5,RESOURCE_MANAGEMENT,ABILITY,,ABILITY,1,0,674,150,150,1,False,5,6,False,True,3,3,0,345,170,6,345,170,6,False,False,,,True
92183009,964.6,WIN,True,47,5,DISCARD,2,RESOURCE_MANAGEMENT,,,CARD,0,0,674,150,150,1,False,5,6,False,True,3,3,0,345,170,6,345,170,6,False,False,,,False
92183009,964.6,WIN,True,48,5,MAIN,5,ATTACK_SELECTION,ATTACK,,ATTACK,1,1,674,150,150,1,False,5,6,False,True,3,3,0,345,170,6,,,6,False,False,,,False
92183009,964.6,WIN,True,49,5,TO_HAND,6,RESOURCE_MANAGEMENT,,,,0,0,674,60,150,1,True,5,6,False,True,3,3,0,,,6,756,300,6,,,,,False
92183009,964.6,WIN,True,50,7,MAIN,18,ENERGY_MANAGEMENT,ATTACH_ENERGY,,ATTACH,1,0,674,60,150,1,True,5,5,True,True,3,3,0,756,300,6,756,300,6,False,False,,,False
92183009,964.6,WIN,True,51,7,MAIN,11,TIMING,,,,1,0,674,60,150,1,True,5,5,True,True,3,3,1,756,300,6,,,5,False,False,,,False
92183009,964.6,WIN,True,52,7,TO_HAND,5,RESOURCE_MANAGEMENT,,,,0,0,,,,,False,5,5,False,True,,,2,,,5,756,300,5,,,,,True
92183009,964.6,WIN,True,53,7,TO_ACTIVE,5,ACTIVE_POKEMON_SELECTION,,,,0,0,,,,,False,5,2,False,True,,,2,756,300,5,756,300,5,,,,,False
92183009,964.6,WIN,True,54,9,MAIN,20,RESOURCE_MANAGEMENT,PLAY_ITEM,1152,PLAY,1,0,678,340,340,3,False,4,2,False,True,2,1,1,756,300,5,756,300,5,False,False,,,False
92183009,964.6,WIN,True,55,9,MAIN,19,RESOURCE_MANAGEMENT,PLAY_ITEM,1141,PLAY,1,0,678,340,340,3,False,4,2,False,True,2,1,1,756,300,5,756,300,5,False,False,,,False
92183009,964.6,WIN,True,56,9,MAIN,18,RESOURCE_MANAGEMENT,PLAY_ITEM,1141,PLAY,1,0,678,340,340,3,False,4,2,False,True,2,1,1,756,300,5,756,300,5,False,False,,,False
92183009,964.6,WIN,True,57,9,MAIN,17,RESOURCE_MANAGEMENT,PLAY_SUPPORTER,1227,PLAY,1,0,678,340,340,3,False,4,2,False,True,2,1,1,756,300,5,756,300,5,False,False,,,False
92183009,964.6,WIN,True,58,9,MAIN,4,ATTACK_SELECTION,ATTACK,,ATTACK,1,1,678,340,340,3,False,4,2,False,True,2,1,1,756,300,5,756,0,5,False,False,,,False
92183009,964.6,WIN,True,59,9,ATTACH_TO,5,ENERGY_MANAGEMENT,,,CARD;CARD;CARD,0,0,678,340,340,3,False,4,2,False,True,2,1,1,756,0,5,756,0,5,False,False,,,False
92183009,964.6,WIN,True,60,9,ATTACH_FROM,4,ENERGY_MANAGEMENT,,,CARD,0,0,678,340,340,3,False,4,2,False,True,2,1,1,756,0,5,756,0,5,False,False,,,False
92183009,964.6,WIN,True,61,9,ATTACH_FROM,4,ENERGY_MANAGEMENT,,,CARD,0,0,678,340,340,3,False,4,2,False,True,2,1,1,756,0,5,756,0,5,False,False,,,False
92183009,964.6,WIN,True,62,9,ATTACH_FROM,4,ENERGY_MANAGEMENT,,,CARD,0,0,678,340,340,3,False,4,2,False,True,2,1,1,756,0,5,,,5,False,False,,,False
92182056,822.7,WIN,True,0,,,0,UNKNOWN,,,,0,0,,,,,False,,,False,False,,,0,,,,,,,,,,,False
92182056,822.7,WIN,True,1,,,0,UNKNOWN,,,,0,0,,,,,False,,,False,False,,,0,,,,,,0,,,,,False
92182056,822.7,WIN,True,2,0,IS_FIRST,2,GOING_FIRST_SECOND,,,,0,0,,,,,False,0,0,False,False,,,0,,,0,,,6,,,,,False
92182056,822.7,WIN,True,3,0,SETUP_ACTIVE_POKEMON,1,EARLY_GAME_SETUP,,,,0,0,,,,,False,0,0,False,False,,,0,,,6,646,70,6,,,,,False
92182056,822.7,WIN,True,4,1,MAIN,5,RESOURCE_MANAGEMENT,PLAY_ITEM,1152,PLAY,0,0,675,110,110,1,False,0,6,False,False,1,0,0,646,70,6,646,70,6,False,False,,,False
92182056,822.7,WIN,True,5,1,TO_HAND,9,RESOURCE_MANAGEMENT,,,CARD,0,0,675,110,110,1,False,0,6,False,False,1,0,0,646,70,6,646,70,6,False,False,,,False
92182056,822.7,WIN,True,6,1,MAIN,5,RESOURCE_MANAGEMENT,PLAY_POKEMON,676,PLAY,0,0,675,110,110,1,False,0,6,False,False,1,0,0,646,70,6,646,70,6,False,False,,,False
92182056,822.7,WIN,True,7,1,MAIN,8,RESOURCE_MANAGEMENT,ABILITY,,ABILITY,0,0,675,110,110,1,False,1,6,False,True,1,0,0,646,70,6,646,70,6,False,False,,,False
92182056,822.7,WIN,True,8,1,DISCARD,2,RESOURCE_MANAGEMENT,,,CARD,0,0,675,110,110,1,False,1,6,False,True,1,0,0,646,70,6,646,70,6,False,False,,,False
92182056,822.7,WIN,True,9,1,MAIN,9,RESOURCE_MANAGEMENT,PLAY_ITEM,1142,PLAY,0,0,675,110,110,1,False,1,6,False,True,1,0,0,646,70,6,646,70,6,False,False,,,False
92182056,822.7,WIN,True,10,1,TO_HAND,14,RESOURCE_MANAGEMENT,,,CARD,0,0,675,110,110,1,False,1,6,False,True,1,0,0,646,70,6,646,70,6,False,False,,,False
92182056,822.7,WIN,True,11,1,MAIN,9,RESOURCE_MANAGEMENT,PLAY_POKEMON,677,PLAY,0,0,675,110,110,1,False,1,6,False,True,1,0,0,646,70,6,646,70,6,False,False,,,False
92182056,822.7,WIN,True,12,1,MAIN,11,ENERGY_MANAGEMENT,ATTACH_ENERGY,,ATTACH,0,0,675,110,110,1,False,2,6,False,True,1,0,0,646,70,6,646,70,6,False,False,,,False
92182056,822.7,WIN,True,13,1,MAIN,5,RESOURCE_MANAGEMENT,PLAY_ITEM,1121,PLAY,0,0,675,110,110,1,False,2,6,False,True,1,0,1,646,70,6,646,70,6,False,False,,,False
92182056,822.7,WIN,True,14,1,DISCARD,5,RESOURCE_MANAGEMENT,,,CARD;CARD,0,0,675,110,110,1,False,2,6,False,True,1,0,1,646,70,6,646,70,6,False,False,,,False
92182056,822.7,WIN,True,15,1,TO_HAND,11,RESOURCE_MANAGEMENT,,,CARD,0,0,675,110,110,1,False,2,6,False,True,1,0,1,646,70,6,646,70,6,False,False,,,False
92182056,822.7,WIN,True,16,1,MAIN,5,RESOURCE_MANAGEMENT,PLAY_POKEMON,677,PLAY,0,0,675,110,110,1,False,2,6,False,True,1,0,1,646,70,6,646,70,6,False,False,,,False
92182056,822.7,WIN,True,17,1,MAIN,5,TIMING,,,,0,0,675,110,110,1,False,3,6,False,True,1,0,1,646,70,6,646,70,6,False,False,,,False
92182056,822.7,WIN,True,18,3,MAIN,8,ENERGY_MANAGEMENT,ATTACH_ENERGY,,ATTACH,0,0,675,110,110,1,False,3,6,False,True,1,0,1,646,70,6,646,70,6,False,False,Corkscrew Punch,10,False
92182056,822.7,WIN,True,19,3,MAIN,4,RESOURCE_MANAGEMENT,PLAY_SUPPORTER,1227,PLAY,0,0,675,110,110,1,False,3,6,False,True,1,0,1,646,70,6,646,70,6,False,False,Corkscrew Punch,10,False
92182056,822.7,WIN,True,20,3,MAIN,15,RESOURCE_MANAGEMENT,ABILITY,,ABILITY,0,0,675,110,110,1,False,3,6,False,True,1,0,1,646,70,6,646,70,6,False,False,Corkscrew Punch,10,False
92182056,822.7,WIN,True,21,3,DISCARD,2,RESOURCE_MANAGEMENT,,,CARD,0,0,675,110,110,1,False,3,6,False,True,1,0,1,646,70,6,646,70,6,False,False,Corkscrew Punch,10,False
92182056,822.7,WIN,True,22,3,MAIN,11,RESOURCE_MANAGEMENT,PLAY_ITEM,1123,PLAY,0,0,675,110,110,1,False,3,6,False,True,1,0,1,646,70,6,646,70,6,False,False,Corkscrew Punch,10,False
92182056,822.7,WIN,True,23,3,SWITCH,3,ACTIVE_POKEMON_SELECTION,,,CARD,0,0,675,110,110,1,False,3,6,False,True,1,0,1,646,70,6,646,70,6,False,False,Corkscrew Punch,10,False
92182056,822.7,WIN,True,24,3,MAIN,11,RESOURCE_MANAGEMENT,PLAY_ITEM,1152,PLAY,1,0,677,180,180,1,False,3,6,False,True,2,1,0,646,70,6,646,70,6,False,False,Corkscrew Punch,10,True
92182056,822.7,WIN,True,25,3,TO_HAND,5,RESOURCE_MANAGEMENT,,,CARD,0,0,677,180,180,1,False,3,6,False,True,2,1,0,646,70,6,646,70,6,False,False,Corkscrew Punch,10,False
92182056,822.7,WIN,True,26,3,MAIN,11,RESOURCE_MANAGEMENT,PLAY_POKEMON,677,PLAY,1,0,677,180,180,1,False,3,6,False,True,2,1,0,646,70,6,646,70,6,False,False,Corkscrew Punch,10,False
92182056,822.7,WIN,True,27,3,MAIN,11,RESOURCE_MANAGEMENT,PLAY_ITEM,1121,PLAY,1,0,677,180,180,1,False,4,6,False,True,2,1,0,646,70,6,646,70,6,False,False,Corkscrew Punch,10,False
92182056,822.7,WIN,True,28,3,DISCARD,7,RESOURCE_MANAGEMENT,,,CARD;CARD,0,0,677,180,180,1,False,4,6,False,True,2,1,0,646,70,6,646,70,6,False,False,Corkscrew Punch,10,False
92182056,822.7,WIN,True,29,3,TO_HAND,8,RESOURCE_MANAGEMENT,,,CARD,0,0,677,180,180,1,False,4,6,False,True,2,1,0,646,70,6,646,70,6,False,False,Corkscrew Punch,10,False
92182056,822.7,WIN,True,30,3,MAIN,12,BENCH_MANAGEMENT,EVOLVE,,EVOLVE,1,0,677,180,180,1,False,4,6,False,True,2,1,0,646,70,6,646,70,6,False,False,Corkscrew Punch,10,False
92182056,822.7,WIN,True,31,3,MAIN,10,ENERGY_MANAGEMENT,ATTACH_ENERGY,,ATTACH,1,0,678,440,440,3,False,4,6,False,True,2,1,0,646,70,6,646,70,6,False,False,Corkscrew Punch,10,True
92182056,822.7,WIN,True,32,3,MAIN,7,RESOURCE_MANAGEMENT,ABILITY,,ABILITY,2,0,678,440,440,3,False,4,6,True,True,2,2,0,646,70,6,646,70,6,False,False,Corkscrew Punch,10,False
92182056,822.7,WIN,True,33,3,MAIN,6,ATTACK_SELECTION,ATTACK,,ATTACK,2,1,678,440,440,3,False,4,6,True,True,2,2,0,646,70,6,646,0,6,False,False,Corkscrew Punch,10,False
92182056,822.7,WIN,True,34,3,ATTACH_TO,3,ENERGY_MANAGEMENT,,,CARD;CARD;CARD,0,0,678,440,440,3,False,4,6,False,True,2,2,0,646,0,6,646,0,6,False,False,Corkscrew Punch,10,False
92182056,822.7,WIN,True,35,3,ATTACH_FROM,4,ENERGY_MANAGEMENT,,,CARD,0,0,678,440,440,3,False,4,6,False,True,2,2,0,646,0,6,646,0,6,False,False,Corkscrew Punch,10,False
92182056,822.7,WIN,True,36,3,ATTACH_FROM,4,ENERGY_MANAGEMENT,,,CARD,0,0,678,440,440,3,False,4,6,False,True,2,2,1,646,0,6,646,0,6,False,False,Corkscrew Punch,10,False
92182056,822.7,WIN,True,37,3,ATTACH_FROM,4,ENERGY_MANAGEMENT,,,CARD,0,0,678,440,440,3,False,4,6,False,True,2,2,2,646,0,6,,,6,False,False,Corkscrew Punch,10,False
92182056,822.7,WIN,True,38,3,TO_HAND,6,RESOURCE_MANAGEMENT,,,,0,0,678,440,440,3,False,4,6,False,True,2,2,2,,,6,648,310,6,,,,,False
92182056,822.7,WIN,True,39,5,MAIN,8,RESOURCE_MANAGEMENT,PLAY_ITEM,1141,PLAY,2,0,678,260,440,3,True,4,5,True,True,2,2,2,648,310,6,648,310,6,False,False,Shadow Bullet,180,False
92182056,822.7,WIN,True,40,5,MAIN,7,RESOURCE_MANAGEMENT,PLAY_SUPPORTER,1229,PLAY,2,0,678,260,440,3,True,4,5,True,True,2,2,2,648,310,6,648,310,6,False,False,Shadow Bullet,180,False
92182056,822.7,WIN,True,41,5,HEAL,1,RESOURCE_MANAGEMENT,,,CARD,0,0,678,260,440,3,True,4,5,False,True,2,2,2,648,310,6,648,310,6,False,False,Shadow Bullet,180,False
92182056,822.7,WIN,True,42,5,MAIN,14,RESOURCE_MANAGEMENT,ABILITY,,ABILITY,0,0,678,440,440,3,False,4,5,False,True,2,0,2,648,310,6,648,310,6,False,False,Shadow Bullet,180,False
92182056,822.7,WIN,True,43,5,DISCARD,2,RESOURCE_MANAGEMENT,,,CARD,0,0,678,440,440,3,False,4,5,False,True,2,0,2,648,310,6,648,310,6,False,False,Shadow Bullet,180,False
92182056,822.7,WIN,True,44,5,MAIN,15,ENERGY_MANAGEMENT,ATTACH_ENERGY,,ATTACH,0,0,678,440,440,3,False,4,5,False,True,2,0,2,648,310,6,648,310,6,False,False,Shadow Bullet,180,False
92182056,822.7,WIN,True,45,5,MAIN,6,RESOURCE_MANAGEMENT,PLAY_ITEM,1142,PLAY,1,0,678,440,440,3,False,4,5,False,True,2,1,2,648,310,6,648,310,6,False,False,Shadow Bullet,180,False
92182056,822.7,WIN,True,46,5,TO_HAND,8,RESOURCE_MANAGEMENT,,,CARD,0,0,678,440,440,3,False,4,5,False,True,2,1,2,648,310,6,648,310,6,False,False,Shadow Bullet,180,False
92182056,822.7,WIN,True,47,5,MAIN,5,RESOURCE_MANAGEMENT,PLAY_ITEM,1142,PLAY,1,0,678,440,440,3,False,4,5,False,True,2,1,2,648,310,6,648,310,6,False,False,Shadow Bullet,180,False
92182056,822.7,WIN,True,48,5,TO_HAND,7,RESOURCE_MANAGEMENT,,,CARD,0,0,678,440,440,3,False,4,5,False,True,2,1,2,648,310,6,648,310,6,False,False,Shadow Bullet,180,False
92182056,822.7,WIN,True,49,5,MAIN,4,ATTACK_SELECTION,ATTACK,,ATTACK,1,1,678,440,440,3,False,4,5,False,True,2,1,2,648,310,6,648,150,6,False,False,Shadow Bullet,180,False
92182056,822.7,WIN,True,50,5,ATTACH_TO,1,ENERGY_MANAGEMENT,,,CARD,0,0,678,440,440,3,False,4,5,False,True,2,1,2,648,150,6,648,150,6,False,False,Shadow Bullet,180,False
92182056,822.7,WIN,True,51,5,ATTACH_FROM,4,ENERGY_MANAGEMENT,,,,0,0,678,440,440,3,False,4,5,False,True,2,1,2,648,150,6,648,310,5,False,False,Shadow Bullet,180,False
92182056,822.7,WIN,True,52,7,MAIN,18,RESOURCE_MANAGEMENT,ABILITY,,ABILITY,1,0,678,160,340,3,True,3,5,False,True,2,1,1,648,310,5,648,310,5,True,False,Shadow Bullet,180,False
92182056,822.7,WIN,True,53,7,DISCARD,3,RESOURCE_MANAGEMENT,,,CARD,0,0,678,160,340,3,True,3,5,False,True,2,1,1,648,310,5,648,310,5,True,False,Shadow Bullet,180,False
92182056,822.7,WIN,True,54,7,MAIN,16,BENCH_MANAGEMENT,EVOLVE,,EVOLVE,1,0,678,160,340,3,True,3,5,False,True,2,1,1,648,310,5,648,310,5,True,False,Shadow Bullet,180,False
92182056,822.7,WIN,True,55,7,MAIN,14,ENERGY_MANAGEMENT,ATTACH_ENERGY,,ATTACH,1,0,678,160,340,3,True,3,5,False,True,2,1,1,648,310,5,648,310,5,True,False,Shadow Bullet,180,False
92182056,822.7,WIN,True,56,7,MAIN,8,RETREAT_SELECTION,RETREAT,,RETREAT,2,0,678,160,340,3,True,3,5,True,True,2,2,1,648,310,5,648,310,5,True,False,Shadow Bullet,180,False
92182056,822.7,WIN,True,57,7,DISCARD_ENERGY,2,ENERGY_MANAGEMENT,,,ENERGY,0,0,678,160,340,3,True,3,5,False,True,2,2,1,648,310,5,648,310,5,True,False,Shadow Bullet,180,False
92182056,822.7,WIN,True,58,7,DISCARD_ENERGY,1,ENERGY_MANAGEMENT,,,ENERGY,0,0,678,160,340,3,True,3,5,False,True,2,1,1,648,310,5,648,310,5,True,False,Shadow Bullet,180,False
92182056,822.7,WIN,True,59,7,SWITCH,3,ACTIVE_POKEMON_SELECTION,,,CARD,0,0,678,160,340,3,True,3,5,False,True,2,0,1,648,310,5,648,310,5,True,False,Shadow Bullet,180,False
92182056,822.7,WIN,True,60,7,MAIN,7,RESOURCE_MANAGEMENT,PLAY_ITEM,1142,PLAY,2,0,678,340,340,3,False,3,5,False,True,2,2,0,648,310,5,648,310,5,False,False,Shadow Bullet,180,False
92182056,822.7,WIN,True,61,7,TO_HAND,5,RESOURCE_MANAGEMENT,,,CARD,0,0,678,340,340,3,False,3,5,False,True,2,2,0,648,310,5,648,310,5,False,False,Shadow Bullet,180,False
92182056,822.7,WIN,True,62,7,MAIN,6,RESOURCE_MANAGEMENT,PLAY_POKEMON,675,PLAY,2,0,678,340,340,3,False,3,5,False,True,2,2,0,648,310,5,648,310,5,False,False,Shadow Bullet,180,False
92182056,822.7,WIN,True,63,7,MAIN,5,TIMING,,,,2,0,678,340,340,3,False,4,5,False,True,2,2,0,648,310,5,648,50,5,False,False,Shadow Bullet,180,False
92182056,822.7,WIN,True,64,9,MAIN,18,RESOURCE_MANAGEMENT,ABILITY,,ABILITY,1,0,678,160,340,3,True,4,5,True,True,2,2,0,648,50,5,648,50,5,True,False,Shadow Bullet,180,False
92182056,822.7,WIN,True,65,9,DISCARD,2,RESOURCE_MANAGEMENT,,,CARD,0,0,678,160,340,3,True,4,5,False,True,2,2,0,648,50,5,648,50,5,True,False,Shadow Bullet,180,False
92182056,822.7,WIN,True,66,9,MAIN,14,RESOURCE_MANAGEMENT,PLAY_SUPPORTER,1229,PLAY,1,0,678,160,340,3,True,4,5,True,True,2,2,0,648,50,5,648,50,5,True,False,Shadow Bullet,180,False
92182056,822.7,WIN,True,67,9,HEAL,2,RESOURCE_MANAGEMENT,,,CARD,0,0,678,160,340,3,True,4,5,False,True,2,2,0,648,50,5,648,50,5,True,False,Shadow Bullet,180,False
92182056,822.7,WIN,True,68,9,MAIN,21,ENERGY_MANAGEMENT,ATTACH_ENERGY,,ATTACH,0,0,678,340,340,3,False,4,5,False,True,2,0,0,648,50,5,648,50,5,False,False,Shadow Bullet,180,False
92182056,822.7,WIN,True,69,9,MAIN,7,RESOURCE_MANAGEMENT,PLAY_POKEMON,676,PLAY,1,0,678,340,340,3,False,4,5,False,True,2,1,0,648,50,5,648,50,5,False,False,Shadow Bullet,180,False
92182056,822.7,WIN,True,70,9,MAIN,6,RESOURCE_MANAGEMENT,PLAY_ITEM,1152,PLAY,1,0,678,340,340,3,False,5,5,False,True,2,1,0,648,50,5,648,50,5,False,False,Shadow Bullet,180,False
92182056,822.7,WIN,True,71,9,TO_HAND,3,RESOURCE_MANAGEMENT,,,CARD,0,0,678,340,340,3,False,5,5,False,True,2,1,0,648,50,5,648,50,5,False,False,Shadow Bullet,180,False
92182056,822.7,WIN,True,72,9,MAIN,5,RESOURCE_MANAGEMENT,PLAY_ITEM,1152,PLAY,1,0,678,340,340,3,False,5,5,False,True,2,1,0,648,50,5,648,50,5,False,False,Shadow Bullet,180,False
92182056,822.7,WIN,True,73,9,TO_HAND,2,RESOURCE_MANAGEMENT,,,CARD,0,0,678,340,340,3,False,5,5,False,True,2,1,0,648,50,5,648,50,5,False,False,Shadow Bullet,180,False
92182056,822.7,WIN,True,74,9,MAIN,4,ATTACK_SELECTION,ATTACK,,ATTACK,1,1,678,340,340,3,False,5,5,False,True,2,1,0,648,50,5,648,0,5,False,False,Shadow Bullet,180,False
92182056,822.7,WIN,True,75,9,ATTACH_TO,6,ENERGY_MANAGEMENT,,,CARD;CARD;CARD,0,0,678,340,340,3,False,5,5,False,True,2,1,0,648,0,5,648,0,5,False,False,Shadow Bullet,180,False
92182056,822.7,WIN,True,76,9,ATTACH_FROM,5,ENERGY_MANAGEMENT,,,CARD,0,0,678,340,340,3,False,5,5,False,True,2,1,0,648,0,5,648,0,5,False,False,Shadow Bullet,180,False
92182056,822.7,WIN,True,77,9,ATTACH_FROM,5,ENERGY_MANAGEMENT,,,CARD,0,0,678,340,340,3,False,5,5,False,True,2,1,1,648,0,5,648,0,5,False,False,Shadow Bullet,180,False
92182056,822.7,WIN,True,78,9,ATTACH_FROM,5,ENERGY_MANAGEMENT,,,CARD,0,0,678,340,340,3,False,5,5,False,True,2,1,1,648,0,5,,,5,False,False,Shadow Bullet,180,False
92182056,822.7,WIN,True,79,9,TO_HAND,5,RESOURCE_MANAGEMENT,,,,0,0,678,340,340,3,False,5,5,False,True,2,1,2,,,5,648,180,5,,,,,False
92182056,822.7,WIN,True,80,11,MAIN,25,RESOURCE_MANAGEMENT,ABILITY,,ABILITY,1,0,678,340,340,3,False,5,3,False,True,2,1,2,648,180,5,648,180,5,False,False,,,False
92182056,822.7,WIN,True,81,11,DISCARD,3,RESOURCE_MANAGEMENT,,,CARD,0,0,678,340,340,3,False,5,3,False,True,2,1,2,648,180,5,648,180,5,False,False,,,False
92182056,822.7,WIN,True,82,11,MAIN,19,ENERGY_MANAGEMENT,ATTACH_ENERGY,,ATTACH,1,0,678,340,340,3,False,5,3,False,True,2,1,2,648,180,5,648,180,5,False,False,,,False
92182056,822.7,WIN,True,83,11,MAIN,9,RESOURCE_MANAGEMENT,PLAY_SUPPORTER,1182,PLAY,2,0,678,340,340,3,False,5,3,True,True,2,2,2,648,180,5,648,180,5,False,False,,,False
92182056,822.7,WIN,True,84,11,SWITCH,5,ACTIVE_POKEMON_SELECTION,,,CARD,0,0,678,340,340,3,False,5,3,False,True,2,2,2,648,180,5,112,40,5,False,False,,,False
92182056,822.7,WIN,True,85,11,MAIN,8,ATTACK_SELECTION,ATTACK,,ATTACK,2,1,678,340,340,3,False,5,3,True,True,2,2,2,112,40,5,112,0,5,False,False,,,False
92182056,822.7,WIN,True,86,11,ATTACH_TO,4,ENERGY_MANAGEMENT,,,CARD;CARD;CARD,0,0,678,340,340,3,False,5,3,False,True,2,2,2,112,0,5,112,0,5,False,False,,,False
92182056,822.7,WIN,True,87,11,ATTACH_FROM,5,ENERGY_MANAGEMENT,,,CARD,0,0,678,340,340,3,False,5,3,False,True,2,2,2,112,0,5,112,0,5,False,False,,,False
92182056,822.7,WIN,True,88,11,ATTACH_FROM,5,ENERGY_MANAGEMENT,,,CARD,0,0,678,340,340,3,False,5,3,False,True,2,2,2,112,0,5,112,0,5,False,False,,,False
92182056,822.7,WIN,True,89,11,ATTACH_FROM,5,ENERGY_MANAGEMENT,,,CARD,0,0,678,340,340,3,False,5,3,False,True,2,2,3,112,0,5,,,5,False,False,,,False
92182056,822.7,WIN,True,90,11,TO_HAND,3,RESOURCE_MANAGEMENT,,,,0,0,678,340,340,3,False,5,3,False,True,2,2,3,,,5,648,190,5,,,,,False
92182056,822.7,WIN,True,91,13,MAIN,18,ATTACK_SELECTION,ATTACK,,ATTACK,2,1,678,340,340,3,False,5,2,True,True,2,2,3,648,190,5,,,5,False,False,,,False
92181140,691.3,WIN,False,0,,,0,UNKNOWN,,,,0,0,,,,,False,,,False,False,,,0,,,,,,,,,,,False
92181140,691.3,WIN,False,1,,,0,UNKNOWN,,,,0,0,,,,,False,,,False,False,,,0,,,,,,0,,,,,False
92181140,691.3,WIN,False,2,0,SETUP_ACTIVE_POKEMON,2,EARLY_GAME_SETUP,,,CARD,0,0,,,,,False,0,0,False,False,,,0,,,0,,,6,,,,,False
92181140,691.3,WIN,False,3,0,SETUP_BENCH_POKEMON,1,BENCH_MANAGEMENT,,,,0,0,,,,,False,0,6,False,False,,,0,,,6,677,80,6,,,,,False
92181140,691.3,WIN,False,4,2,MAIN,10,RESOURCE_MANAGEMENT,PLAY_ITEM,1141,PLAY,0,0,677,80,80,1,False,1,6,False,True,2,0,0,677,80,6,677,80,6,False,False,Accelerating Stab,30,False
92181140,691.3,WIN,False,5,2,MAIN,9,RESOURCE_MANAGEMENT,PLAY_ITEM,1121,PLAY,0,0,677,80,80,1,False,1,6,False,True,2,0,0,677,80,6,677,80,6,False,False,Accelerating Stab,30,False
92181140,691.3,WIN,False,6,2,DISCARD,4,RESOURCE_MANAGEMENT,,,CARD;CARD,0,0,677,80,80,1,False,1,6,False,True,2,0,0,677,80,6,677,80,6,False,False,Accelerating Stab,30,False
92181140,691.3,WIN,False,7,2,TO_HAND,13,RESOURCE_MANAGEMENT,,,CARD,0,0,677,80,80,1,False,1,6,False,True,2,0,0,677,80,6,677,80,6,False,False,Accelerating Stab,30,False
92181140,691.3,WIN,False,8,2,MAIN,5,RESOURCE_MANAGEMENT,PLAY_POKEMON,676,PLAY,0,0,677,80,80,1,False,1,6,False,True,2,0,0,677,80,6,677,80,6,False,False,Accelerating Stab,30,False
92181140,691.3,WIN,False,9,2,MAIN,6,RESOURCE_MANAGEMENT,ABILITY,,ABILITY,0,0,677,80,80,1,False,2,6,False,True,2,0,0,677,80,6,677,80,6,False,False,Accelerating Stab,30,False
92181140,691.3,WIN,False,10,2,DISCARD,1,RESOURCE_MANAGEMENT,,,CARD,0,0,677,80,80,1,False,2,6,False,True,2,0,0,677,80,6,677,80,6,False,False,Accelerating Stab,30,False
92181140,691.3,WIN,False,11,2,MAIN,4,RESOURCE_MANAGEMENT,PLAY_ITEM,1123,PLAY,0,0,677,80,80,1,False,2,6,False,True,2,0,0,677,80,6,677,80,6,False,False,Accelerating Stab,30,False
92181140,691.3,WIN,False,12,2,SWITCH,2,ACTIVE_POKEMON_SELECTION,,,CARD,0,0,677,80,80,1,False,2,6,False,True,2,0,0,677,80,6,677,80,6,False,False,Accelerating Stab,30,False
92181140,691.3,WIN,False,13,2,MAIN,3,RESOURCE_MANAGEMENT,PLAY_POKEMON,677,PLAY,0,0,676,110,110,1,False,2,6,False,True,1,0,0,677,80,6,677,80,6,False,False,Accelerating Stab,30,True
92181140,691.3,WIN,False,14,2,MAIN,2,RESOURCE_MANAGEMENT,PLAY_SUPPORTER,1227,PLAY,0,0,676,110,110,1,False,3,6,False,True,1,0,0,677,80,6,677,80,6,False,False,Accelerating Stab,30,False
92181140,691.3,WIN,False,15,2,MAIN,14,RESOURCE_MANAGEMENT,PLAY_POKEMON,677,PLAY,0,0,676,110,110,1,False,3,6,False,True,1,0,0,677,80,6,677,80,6,False,False,Accelerating Stab,30,False
92181140,691.3,WIN,False,16,2,MAIN,15,ENERGY_MANAGEMENT,ATTACH_ENERGY,,ATTACH,0,0,676,110,110,1,False,4,6,False,True,1,0,0,677,80,6,677,80,6,False,False,Accelerating Stab,30,False
92181140,691.3,WIN,False,17,2,MAIN,7,RESOURCE_MANAGEMENT,PLAY_POKEMON,673,PLAY,1,0,676,110,110,1,False,4,6,True,True,1,1,0,677,80,6,677,80,6,False,False,Accelerating Stab,30,False
92181140,691.3,WIN,False,18,2,MAIN,6,RESOURCE_MANAGEMENT,PLAY_ITEM,1142,PLAY,1,0,676,110,110,1,False,5,6,True,True,1,1,0,677,80,6,677,80,6,False,False,Accelerating Stab,30,False
92181140,691.3,WIN,False,19,2,TO_HAND,12,RESOURCE_MANAGEMENT,,,CARD,0,0,676,110,110,1,False,5,6,False,True,1,1,0,677,80,6,677,80,6,False,False,Accelerating Stab,30,False
92181140,691.3,WIN,False,20,2,MAIN,5,ATTACK_SELECTION,ATTACK,,ATTACK,1,1,676,110,110,1,False,5,6,True,True,1,1,0,677,80,6,,,6,False,False,Accelerating Stab,30,False
92181140,691.3,WIN,False,21,2,TO_HAND,6,RESOURCE_MANAGEMENT,,,,0,0,676,110,110,1,False,5,6,False,True,1,1,0,,,6,678,340,5,,,,,False
92181140,691.3,WIN,False,22,3,TO_ACTIVE,5,ACTIVE_POKEMON_SELECTION,,,CARD,0,0,,,,,False,5,5,False,True,,,0,678,340,5,678,340,5,,,,,True
92181140,691.3,WIN,False,23,4,MAIN,12,RESOURCE_MANAGEMENT,PLAY_ITEM,1121,PLAY,0,0,677,80,80,1,False,4,5,False,True,2,0,0,678,340,5,678,340,5,True,False,Aura Jab,130,False
92181140,691.3,WIN,False,24,4,DISCARD,6,RESOURCE_MANAGEMENT,,,CARD;CARD,0,0,677,80,80,1,False,4,5,False,True,2,0,0,678,340,5,678,340,5,True,False,Aura Jab,130,False
92181140,691.3,WIN,False,25,4,TO_HAND,8,RESOURCE_MANAGEMENT,,,CARD,0,0,677,80,80,1,False,4,5,False,True,2,0,0,678,340,5,678,340,5,True,False,Aura Jab,130,False
92181140,691.3,WIN,False,26,4,MAIN,12,BENCH_MANAGEMENT,EVOLVE,,EVOLVE,0,0,677,80,80,1,False,4,5,False,True,2,0,0,678,340,5,678,340,5,True,False,Aura Jab,130,False
92181140,691.3,WIN,False,27,4,MAIN,9,RESOURCE_MANAGEMENT,PLAY_POKEMON,676,PLAY,0,0,678,340,340,3,False,4,5,False,True,2,0,0,678,340,5,678,340,5,False,False,Aura Jab,130,True
92181140,691.3,WIN,False,28,4,MAIN,10,ENERGY_MANAGEMENT,ATTACH_ENERGY,,ATTACH,0,0,678,340,340,3,False,5,5,False,True,2,0,0,678,340,5,678,340,5,False,False,Aura Jab,130,False
92181140,691.3,WIN,False,29,4,MAIN,4,RESOURCE_MANAGEMENT,PLAY_SUPPORTER,1213,PLAY,1,0,678,340,340,3,False,5,5,False,True,2,1,0,678,340,5,678,340,5,False,False,Aura Jab,130,False
92181140,691.3,WIN,False,30,4,MAIN,7,RESOURCE_MANAGEMENT,ABILITY,,ABILITY,1,0,678,340,340,3,False,5,5,False,True,2,1,0,678,340,5,678,340,5,False,False,Aura Jab,130,False
92181140,691.3,WIN,False,31,4,DISCARD,2,RESOURCE_MANAGEMENT,,,CARD,0,0,678,340,340,3,False,5,5,False,True,2,1,0,678,340,5,678,340,5,False,False,Aura Jab,130,False
92181140,691.3,WIN,False,32,4,MAIN,13,ENERGY_MANAGEMENT,ATTACH_ENERGY,,ATTACH,1,0,678,340,340,3,False,5,5,False,True,2,1,0,678,340,5,678,340,5,False,False,Aura Jab,130,False
92181140,691.3,WIN,False,33,4,MAIN,7,BENCH_MANAGEMENT,EVOLVE,,EVOLVE,1,0,678,440,440,3,False,5,5,False,True,2,1,0,678,340,5,678,340,5,False,False,Aura Jab,130,False
92181140,691.3,WIN,False,34,4,MAIN,4,ATTACK_SELECTION,ATTACK,,ATTACK,1,1,678,440,440,3,False,5,5,False,True,2,1,0,678,340,5,678,210,5,False,False,Aura Jab,130,False
92181140,691.3,WIN,False,35,4,ATTACH_TO,5,ENERGY_MANAGEMENT,,,CARD;CARD;CARD,0,0,678,440,440,3,False,5,5,False,True,2,1,0,678,210,5,678,210,5,False,False,Aura Jab,130,False
92181140,691.3,WIN,False,36,4,ATTACH_FROM,5,ENERGY_MANAGEMENT,,,CARD,0,0,678,440,440,3,False,5,5,False,True,2,1,0,678,210,5,678,210,5,False,False,Aura Jab,130,False
92181140,691.3,WIN,False,37,4,ATTACH_FROM,5,ENERGY_MANAGEMENT,,,CARD,0,0,678,440,440,3,False,5,5,False,True,2,1,1,678,210,5,678,210,5,False,False,Aura Jab,130,False
92181140,691.3,WIN,False,38,4,ATTACH_FROM,5,ENERGY_MANAGEMENT,,,,0,0,678,440,440,3,False,5,5,False,True,2,1,1,678,210,5,678,210,5,False,False,Aura Jab,130,False
92181140,691.3,WIN,False,39,6,MAIN,15,RESOURCE_MANAGEMENT,ABILITY,,ABILITY,2,0,678,70,340,3,True,5,5,True,True,2,2,2,678,210,5,678,210,5,True,False,Mega Brave,270,False
92181140,691.3,WIN,False,40,6,DISCARD,1,RESOURCE_MANAGEMENT,,,CARD,0,0,678,70,340,3,True,5,5,False,True,2,2,2,678,210,5,678,210,5,True,False,Mega Brave,270,False
92181140,691.3,WIN,False,41,6,MAIN,16,RETREAT_SELECTION,RETREAT,,RETREAT,2,0,678,70,340,3,True,5,5,True,True,2,2,2,678,210,5,678,210,5,True,False,Mega Brave,270,False
92181140,691.3,WIN,False,42,6,DISCARD_ENERGY,2,ENERGY_MANAGEMENT,,,ENERGY,0,0,678,70,340,3,True,5,5,False,True,2,2,2,678,210,5,678,210,5,True,False,Mega Brave,270,False
92181140,691.3,WIN,False,43,6,DISCARD_ENERGY,1,ENERGY_MANAGEMENT,,,ENERGY,0,0,678,70,340,3,True,5,5,False,True,2,1,2,678,210,5,678,210,5,True,False,Mega Brave,270,False
92181140,691.3,WIN,False,44,6,SWITCH,5,ACTIVE_POKEMON_SELECTION,,,CARD,0,0,678,70,340,3,True,5,5,False,True,2,0,2,678,210,5,678,210,5,True,False,Mega Brave,270,False
92181140,691.3,WIN,False,45,6,MAIN,14,RESOURCE_MANAGEMENT,PLAY_SUPPORTER,1229,PLAY,1,0,678,440,440,3,False,5,5,False,True,2,1,1,678,210,5,678,210,5,False,False,Mega Brave,270,False
92181140,691.3,WIN,False,46,6,HEAL,1,RESOURCE_MANAGEMENT,,,CARD,0,0,678,440,440,3,False,5,5,False,True,2,1,1,678,210,5,678,210,5,False,False,Mega Brave,270,False
92181140,691.3,WIN,False,47,6,MAIN,11,ENERGY_MANAGEMENT,ATTACH_ENERGY,,ATTACH,1,0,678,440,440,3,False,5,5,False,True,2,1,1,678,210,5,678,210,5,False,False,Mega Brave,270,False
92181140,691.3,WIN,False,48,6,MAIN,6,BENCH_MANAGEMENT,EVOLVE,,EVOLVE,2,0,678,440,440,3,False,5,5,False,True,2,2,1,678,210,5,678,210,5,False,False,Mega Brave,270,False
92181140,691.3,WIN,False,49,6,MAIN,5,ATTACK_SELECTION,ATTACK,,ATTACK,2,1,678,440,440,3,False,5,5,False,True,2,2,1,678,210,5,,,5,False,False,Mega Brave,270,False
92181140,691.3,WIN,False,50,6,TO_HAND,5,RESOURCE_MANAGEMENT,,,,0,0,678,440,440,3,False,5,5,False,True,2,2,1,,,5,674,80,5,,,,,False
92181140,691.3,WIN,False,51,8,MAIN,10,RESOURCE_MANAGEMENT,PLAY_ITEM,1152,PLAY,1,0,678,70,340,3,True,5,2,False,True,2,1,1,674,80,5,674,80,5,True,False,Wild Press,210,False
92181140,691.3,WIN,False,52,8,TO_HAND,3,RESOURCE_MANAGEMENT,,,CARD,0,0,678,70,340,3,True,5,2,False,True,2,1,1,674,80,5,674,80,5,True,False,Wild Press,210,False
92181140,691.3,WIN,False,53,8,MAIN,9,RESOURCE_MANAGEMENT,PLAY_ITEM,1121,PLAY,1,0,678,70,340,3,True,5,2,False,True,2,1,1,674,80,5,674,80,5,True,False,Wild Press,210,False
92181140,691.3,WIN,False,54,8,DISCARD,7,RESOURCE_MANAGEMENT,,,CARD;CARD,0,0,678,70,340,3,True,5,2,False,True,2,1,1,674,80,5,674,80,5,True,False,Wild Press,210,False
92181140,691.3,WIN,False,55,8,TO_HAND,3,RESOURCE_MANAGEMENT,,,CARD,0,0,678,70,340,3,True,5,2,False,True,2,1,1,674,80,5,674,80,5,True,False,Wild Press,210,False
92181140,691.3,WIN,False,56,8,MAIN,7,RESOURCE_MANAGEMENT,PLAY_SUPPORTER,1227,PLAY,1,0,678,70,340,3,True,5,2,False,True,2,1,1,674,80,5,674,80,5,True,False,Wild Press,210,False
92181140,691.3,WIN,False,57,8,MAIN,12,ENERGY_MANAGEMENT,ATTACH_ENERGY,,ATTACH,1,0,678,70,340,3,True,5,2,False,True,2,1,1,674,80,5,674,80,5,True,False,Wild Press,210,False
92181140,691.3,WIN,False,58,8,MAIN,7,RETREAT_SELECTION,RETREAT,,RETREAT,2,0,678,70,340,3,True,5,2,True,True,2,2,1,674,80,5,674,80,5,True,False,Wild Press,210,False
92181140,691.3,WIN,False,59,8,DISCARD_ENERGY,2,ENERGY_MANAGEMENT,,,ENERGY,0,0,678,70,340,3,True,5,2,False,True,2,2,1,674,80,5,674,80,5,True,False,Wild Press,210,False
92181140,691.3,WIN,False,60,8,DISCARD_ENERGY,1,ENERGY_MANAGEMENT,,,ENERGY,0,0,678,70,340,3,True,5,2,False,True,2,1,1,674,80,5,674,80,5,True,False,Wild Press,210,False
92181140,691.3,WIN,False,61,8,SWITCH,5,ACTIVE_POKEMON_SELECTION,,,CARD,0,0,678,70,340,3,True,5,2,False,True,2,0,1,674,80,5,674,80,5,True,False,Wild Press,210,False
92181140,691.3,WIN,False,62,8,MAIN,6,RESOURCE_MANAGEMENT,PLAY_ITEM,1152,PLAY,2,0,678,440,440,3,False,5,2,False,True,2,2,0,674,80,5,674,80,5,False,False,Wild Press,210,False
92181140,691.3,WIN,False,63,8,TO_HAND,2,RESOURCE_MANAGEMENT,,,CARD,0,0,678,440,440,3,False,5,2,False,True,2,2,0,674,80,5,674,80,5,False,False,Wild Press,210,False
92181140,691.3,WIN,False,64,8,MAIN,6,ATTACK_SELECTION,ATTACK,,ATTACK,2,1,678,440,440,3,False,5,2,False,True,2,2,0,674,80,5,674,0,5,False,False,Wild Press,210,False
92181140,691.3,WIN,False,65,8,ATTACH_TO,7,ENERGY_MANAGEMENT,,,CARD;CARD;CARD,0,0,678,440,440,3,False,5,2,False,True,2,2,0,674,0,5,674,0,5,False,False,Wild Press,210,False
92181140,691.3,WIN,False,66,8,ATTACH_FROM,5,ENERGY_MANAGEMENT,,,CARD,0,0,678,440,440,3,False,5,2,False,True,2,2,0,674,0,5,674,0,5,False,False,Wild Press,210,False
92181140,691.3,WIN,False,67,8,ATTACH_FROM,5,ENERGY_MANAGEMENT,,,CARD,0,0,678,440,440,3,False,5,2,False,True,2,2,1,674,0,5,674,0,5,False,False,Wild Press,210,False
92181140,691.3,WIN,False,68,8,ATTACH_FROM,5,ENERGY_MANAGEMENT,,,CARD,0,0,678,440,440,3,False,5,2,False,True,2,2,1,674,0,5,,,5,False,False,Wild Press,210,False
92181140,691.3,WIN,False,69,8,TO_HAND,2,RESOURCE_MANAGEMENT,,,,0,0,678,440,440,3,False,5,2,False,True,2,2,2,,,5,678,340,4,,,,,False
92181140,691.3,WIN,False,70,9,TO_ACTIVE,5,ACTIVE_POKEMON_SELECTION,,,CARD,0,0,,,,,False,5,1,False,True,,,3,678,340,4,678,340,4,,,,,True
92181140,691.3,WIN,False,71,10,MAIN,11,BENCH_MANAGEMENT,EVOLVE,,EVOLVE,2,0,678,440,440,3,False,4,1,True,True,2,2,2,678,340,4,678,340,4,False,False,Aura Jab,130,False
92181140,691.3,WIN,False,72,10,ACTIVATE,2,RESOURCE_MANAGEMENT,,,YES,0,0,678,440,440,3,False,4,1,False,True,2,2,1,678,340,4,678,340,4,False,False,Aura Jab,130,False
92181140,691.3,WIN,False,73,10,SWITCH,4,ACTIVE_POKEMON_SELECTION,,,CARD,0,0,678,440,440,3,False,4,1,False,True,2,2,1,678,340,4,673,80,4,False,False,Aura Jab,130,False
92181140,691.3,WIN,False,74,10,MAIN,10,ATTACK_SELECTION,ATTACK,,ATTACK,2,1,678,440,440,3,False,4,1,True,True,2,2,1,673,80,4,,,4,False,False,Confront,30,False
