episode_id,opponent_current_score,result,went_first,decision_index,turn,select_context_name,n_options,category,action_class,action_card_id,chosen_option_types,n_available_attacks,n_chosen_attacks,our_active_id,our_active_hp,our_active_maxhp,our_active_prize_value,our_active_damaged,our_bench_n,our_prize_n,retreat_available_this_decision,bench_target_exists,our_active_retreat_cost,our_active_energy_loss_if_retreated,bench_ready_attackers,opp_active_id,opp_active_hp,opp_prize_n,opp_active_id_after,opp_active_hp_after,opp_prize_n_after,opp_lethal_now,opp_lethal_with_one_more_energy,opp_best_attack_name,opp_best_attack_damage,our_active_changed_since_prev_own_decision
92215898,656.9,LOSS,True,0,,,0,UNKNOWN,,,,0,0,,,,,False,,,False,False,,,0,,,,,,,,,,,False
92215898,656.9,LOSS,True,1,,,0,UNKNOWN,,,,0,0,,,,,False,,,False,False,,,0,,,,,,0,,,,,False
92215898,656.9,LOSS,True,2,0,IS_FIRST,2,GOING_FIRST_SECOND,,,,0,0,,,,,False,0,0,False,False,,,0,,,0,,,6,,,,,False
92215898,656.9,LOSS,True,3,0,SETUP_ACTIVE_POKEMON,1,EARLY_GAME_SETUP,,,,0,0,,,,,False,0,0,False,False,,,0,,,6,677,80,6,,,,,False
92215898,656.9,LOSS,True,4,1,MAIN,5,RESOURCE_MANAGEMENT,PLAY_STADIUM,1256,PLAY,0,0,119,70,70,1,False,0,6,False,False,1,0,0,677,80,6,677,80,6,False,False,,,False
92215898,656.9,LOSS,True,5,1,MAIN,3,ENERGY_MANAGEMENT,ATTACH_ENERGY,,ATTACH,0,0,119,70,70,1,False,0,6,False,False,1,0,0,677,80,6,677,80,6,False,False,,,False
92215898,656.9,LOSS,True,6,1,MAIN,1,TIMING,,,,0,0,119,70,70,1,False,0,6,False,False,1,1,0,677,80,6,677,80,6,False,False,,,False
92215898,656.9,LOSS,True,7,3,MAIN,6,RESOURCE_MANAGEMENT,PLAY_POKEMON,119,PLAY,1,0,119,40,70,1,True,0,6,False,False,1,1,0,677,80,6,677,80,6,False,False,Accelerating Stab,30,False
92215898,656.9,LOSS,True,8,3,MAIN,7,BENCH_MANAGEMENT,EVOLVE,,EVOLVE,1,0,119,40,70,1,True,1,6,True,True,1,1,0,677,80,6,677,80,6,False,False,Accelerating Stab,30,False
92215898,656.9,LOSS,True,9,3,MAIN,6,RESOURCE_MANAGEMENT,ABILITY,,ABILITY,0,0,120,60,90,1,True,1,6,True,True,1,1,0,677,80,6,677,80,6,False,False,Accelerating Stab,30,True
92215898,656.9,LOSS,True,10,3,TO_HAND,2,RESOURCE_MANAGEMENT,,,CARD,0,0,120,60,90,1,True,1,6,False,True,1,1,0,677,80,6,677,80,6,False,False,Accelerating Stab,30,False
92215898,656.9,LOSS,True,11,3,MAIN,6,RESOURCE_MANAGEMENT,PLAY_POKEMON,119,PLAY,0,0,120,60,90,1,True,1,6,True,True,1,1,0,677,80,6,677,80,6,False,False,Accelerating Stab,30,False
92215898,656.9,LOSS,True,12,3,MAIN,6,ENERGY_MANAGEMENT,ATTACH_ENERGY,,ATTACH,0,0,120,60,90,1,True,2,6,True,True,1,1,0,677,80,6,677,80,6,False,False,Accelerating Stab,30,False
92215898,656.9,LOSS,True,13,3,MAIN,3,TIMING,,,,0,0,120,60,90,1,True,2,6,True,True,1,1,0,677,80,6,678,340,5,False,False,Accelerating Stab,30,False
92215898,656.9,LOSS,True,14,4,TO_ACTIVE,2,ACTIVE_POKEMON_SELECTION,,,CARD,0,0,,,,,False,2,6,False,True,,,0,678,340,5,678,340,5,,,,,True
92215898,656.9,LOSS,True,15,5,MAIN,4,RESOURCE_MANAGEMENT,PLAY_SUPPORTER,1198,PLAY,0,0,119,70,70,1,False,1,6,True,True,1,1,0,678,340,5,678,340,5,True,False,Aura Jab,130,False
92215898,656.9,LOSS,True,16,5,TO_HAND,4,RESOURCE_MANAGEMENT,,,CARD,0,0,119,70,70,1,False,1,6,False,True,1,1,0,678,340,5,678,340,5,True,False,Aura Jab,130,False
92215898,656.9,LOSS,True,17,5,ATTACH_TO,1,ENERGY_MANAGEMENT,,,CARD,0,0,119,70,70,1,False,1,6,False,True,1,1,0,678,340,5,678,340,5,True,False,Aura Jab,130,False
92215898,656.9,LOSS,True,18,5,ATTACH_FROM,2,ENERGY_MANAGEMENT,,,CARD,0,0,119,70,70,1,False,1,6,False,True,1,1,0,678,340,5,678,340,5,True,False,Aura Jab,130,False
92215898,656.9,LOSS,True,19,5,MAIN,4,ENERGY_MANAGEMENT,ATTACH_ENERGY,,ATTACH,0,0,119,70,70,1,False,1,6,True,True,1,1,1,678,340,5,678,340,5,True,False,Aura Jab,130,False
92215898,656.9,LOSS,True,20,5,MAIN,2,RETREAT_SELECTION,RETREAT,,RETREAT,0,0,119,70,70,1,False,1,6,True,True,1,1,1,678,340,5,678,340,5,True,False,Aura Jab,130,False
92215898,656.9,LOSS,True,21,5,DISCARD_ENERGY,1,ENERGY_MANAGEMENT,,,ENERGY,0,0,119,70,70,1,False,1,6,False,True,1,1,1,678,340,5,678,340,5,True,False,Aura Jab,130,False
92215898,656.9,LOSS,True,22,5,SWITCH,1,ACTIVE_POKEMON_SELECTION,,,CARD,0,0,119,70,70,1,False,1,6,False,True,1,0,1,678,340,5,678,340,5,True,False,Aura Jab,130,False
92215898,656.9,LOSS,True,23,5,MAIN,3,TIMING,,,,2,0,119,70,70,1,False,1,6,False,True,1,1,0,678,340,5,678,300,4,True,False,Aura Jab,130,False
92215898,656.9,LOSS,True,24,6,TO_ACTIVE,1,ACTIVE_POKEMON_SELECTION,,,CARD,0,0,,,,,False,1,6,False,True,,,0,678,300,4,678,300,4,,,,,True
92215898,656.9,LOSS,True,25,7,MAIN,3,RESOURCE_MANAGEMENT,PLAY_POKEMON,119,PLAY,0,0,119,70,70,1,False,0,6,False,False,1,0,0,678,300,4,678,300,4,True,False,Mega Brave,270,False
92215898,656.9,LOSS,True,26,7,MAIN,2,TIMING,,,,0,0,119,70,70,1,False,1,6,False,True,1,0,0,678,300,4,678,300,3,True,False,Mega Brave,270,False
92215898,656.9,LOSS,True,27,8,TO_ACTIVE,1,ACTIVE_POKEMON_SELECTION,,,CARD,0,0,,,,,False,1,6,False,True,,,0,678,300,3,678,300,3,,,,,True
92216869,411.2,WIN,True,0,,,0,UNKNOWN,,,,0,0,,,,,False,,,False,False,,,0,,,,,,,,,,,False
92216869,411.2,WIN,True,1,,,0,UNKNOWN,,,,0,0,,,,,False,,,False,False,,,0,,,,,,0,,,,,False
92216869,411.2,WIN,True,2,0,IS_FIRST,2,GOING_FIRST_SECOND,,,,0,0,,,,,False,0,0,False,False,,,0,,,0,,,6,,,,,False
92216869,411.2,WIN,True,3,0,SETUP_ACTIVE_POKEMON,1,EARLY_GAME_SETUP,,,,0,0,,,,,False,0,0,False,False,,,0,,,6,119,70,6,,,,,False
92216869,411.2,WIN,True,4,1,MAIN,4,RESOURCE_MANAGEMENT,PLAY_ITEM,1086,PLAY,0,0,235,30,30,1,False,0,6,False,False,0,0,0,119,70,6,119,70,6,False,False,,,False
92216869,411.2,WIN,True,5,1,TO_BENCH,4,BENCH_MANAGEMENT,,,CARD;CARD,0,0,235,30,30,1,False,0,6,False,False,0,0,0,119,70,6,119,70,6,False,False,,,False
92216869,411.2,WIN,True,6,1,MAIN,6,RESOURCE_MANAGEMENT,PLAY_ITEM,1086,PLAY,0,0,235,30,30,1,False,2,6,True,True,0,0,0,119,70,6,119,70,6,False,False,,,False
92216869,411.2,WIN,True,7,1,TO_BENCH,2,BENCH_MANAGEMENT,,,CARD,0,0,235,30,30,1,False,2,6,False,True,0,0,0,119,70,6,119,70,6,False,False,,,False
92216869,411.2,WIN,True,8,1,MAIN,6,ENERGY_MANAGEMENT,ATTACH_ENERGY,,ATTACH,0,0,235,30,30,1,False,3,6,True,True,0,0,0,119,70,6,119,70,6,False,False,,,False
92216869,411.2,WIN,True,9,1,MAIN,2,TIMING,,,,0,0,235,30,30,1,False,3,6,True,True,0,0,0,119,70,6,119,70,6,False,False,,,False
92216869,411.2,WIN,True,10,3,MAIN,13,RESOURCE_MANAGEMENT,PLAY_SUPPORTER,1210,PLAY,1,0,235,20,30,1,True,3,6,True,True,0,0,0,119,70,6,119,70,6,False,True,Petty Grudge,10,False
92216869,411.2,WIN,True,11,3,TO_HAND,10,RESOURCE_MANAGEMENT,,,CARD,0,0,235,20,30,1,True,3,6,False,True,0,0,0,119,70,6,119,70,6,False,True,Petty Grudge,10,False
92216869,411.2,WIN,True,12,3,MAIN,13,BENCH_MANAGEMENT,EVOLVE,,EVOLVE,1,0,235,20,30,1,True,3,6,True,True,0,0,0,119,70,6,119,70,6,False,True,Petty Grudge,10,False
92216869,411.2,WIN,True,13,3,MAIN,10,RESOURCE_MANAGEMENT,ABILITY,,ABILITY,1,0,235,20,30,1,True,3,6,True,True,0,0,0,119,70,6,119,70,6,False,True,Petty Grudge,10,False
92216869,411.2,WIN,True,14,3,TO_HAND,2,RESOURCE_MANAGEMENT,,,CARD,0,0,235,20,30,1,True,3,6,False,True,0,0,0,119,70,6,119,70,6,False,True,Petty Grudge,10,False
92216869,411.2,WIN,True,15,3,MAIN,9,BENCH_MANAGEMENT,EVOLVE,,EVOLVE,1,0,235,20,30,1,True,3,6,True,True,0,0,0,119,70,6,119,70,6,False,True,Petty Grudge,10,False
92216869,411.2,WIN,True,16,3,MAIN,8,RESOURCE_MANAGEMENT,ABILITY,,ABILITY,1,0,235,20,30,1,True,3,6,True,True,0,0,0,119,70,6,119,70,6,False,True,Petty Grudge,10,False
92216869,411.2,WIN,True,17,3,TO_HAND,2,RESOURCE_MANAGEMENT,,,CARD,0,0,235,20,30,1,True,3,6,False,True,0,0,0,119,70,6,119,70,6,False,True,Petty Grudge,10,False
92216869,411.2,WIN,True,18,3,MAIN,8,RESOURCE_MANAGEMENT,PLAY_POKEMON,184,PLAY,1,0,235,20,30,1,True,3,6,True,True,0,0,0,119,70,6,119,70,6,False,True,Petty Grudge,10,False
92216869,411.2,WIN,True,19,3,MAIN,8,ENERGY_MANAGEMENT,ATTACH_ENERGY,,ATTACH,1,0,235,20,30,1,True,4,6,True,True,0,0,0,119,70,6,119,70,6,False,True,Petty Grudge,10,False
92216869,411.2,WIN,True,20,3,MAIN,3,TIMING,,,,1,0,235,20,30,1,True,4,6,True,True,0,0,1,119,70,6,119,60,6,False,True,Petty Grudge,10,False
92216869,411.2,WIN,True,21,5,MAIN,7,RESOURCE_MANAGEMENT,ABILITY,,ABILITY,1,0,235,10,30,1,True,4,6,True,True,0,0,1,119,60,6,119,60,6,True,False,Petty Grudge,10,False
92216869,411.2,WIN,True,22,5,TO_HAND,2,RESOURCE_MANAGEMENT,,,CARD,0,0,235,10,30,1,True,4,6,False,True,0,0,1,119,60,6,119,60,6,True,False,Petty Grudge,10,False
92216869,411.2,WIN,True,23,5,MAIN,7,RESOURCE_MANAGEMENT,ABILITY,,ABILITY,1,0,235,10,30,1,True,4,6,True,True,0,0,1,119,60,6,119,60,6,True,False,Petty Grudge,10,False
92216869,411.2,WIN,True,24,5,TO_HAND,2,RESOURCE_MANAGEMENT,,,CARD,0,0,235,10,30,1,True,4,6,False,True,0,0,1,119,60,6,119,60,6,True,False,Petty Grudge,10,False
92216869,411.2,WIN,True,25,5,MAIN,7,RESOURCE_MANAGEMENT,PLAY_ITEM,1152,PLAY,1,0,235,10,30,1,True,4,6,True,True,0,0,1,119,60,6,119,60,6,True,False,Petty Grudge,10,False
92216869,411.2,WIN,True,26,5,TO_HAND,3,RESOURCE_MANAGEMENT,,,CARD,0,0,235,10,30,1,True,4,6,False,True,0,0,1,119,60,6,119,60,6,True,False,Petty Grudge,10,False
92216869,411.2,WIN,True,27,5,MAIN,7,BENCH_MANAGEMENT,EVOLVE,,EVOLVE,1,0,235,10,30,1,True,4,6,True,True,0,0,1,119,60,6,119,60,6,True,False,Petty Grudge,10,False
92216869,411.2,WIN,True,28,5,MAIN,7,RESOURCE_MANAGEMENT,ABILITY,,ABILITY,1,0,235,10,30,1,True,4,6,True,True,0,0,0,119,60,6,119,60,6,True,False,Petty Grudge,10,False
92216869,411.2,WIN,True,29,5,TO_HAND,2,RESOURCE_MANAGEMENT,,,CARD,0,0,235,10,30,1,True,4,6,False,True,0,0,0,119,60,6,119,60,6,True,False,Petty Grudge,10,False
92216869,411.2,WIN,True,30,5,MAIN,6,RESOURCE_MANAGEMENT,PLAY_SUPPORTER,1227,PLAY,1,0,235,10,30,1,True,4,6,True,True,0,0,0,119,60,6,119,60,6,True,False,Petty Grudge,10,False
92216869,411.2,WIN,True,31,5,MAIN,7,BENCH_MANAGEMENT,EVOLVE,,EVOLVE,1,0,235,10,30,1,True,4,6,True,True,0,0,0,119,60,6,119,60,6,True,False,Petty Grudge,10,False
92216869,411.2,WIN,True,32,5,MAIN,5,TIMING,,,,1,0,235,10,30,1,True,4,6,True,True,0,0,1,119,60,6,119,50,5,True,False,Petty Grudge,10,False
92216869,411.2,WIN,True,33,6,TO_ACTIVE,4,ACTIVE_POKEMON_SELECTION,,,CARD,0,0,,,,,False,4,6,False,True,,,1,119,50,5,119,50,5,,,,,True
92216869,411.2,WIN,True,34,7,MAIN,13,RESOURCE_MANAGEMENT,ABILITY,,ABILITY,1,0,121,320,320,2,False,3,6,True,True,1,1,0,119,50,5,119,50,5,False,False,Petty Grudge,10,False
92216869,411.2,WIN,True,35,7,TO_HAND,2,RESOURCE_MANAGEMENT,,,CARD,0,0,121,320,320,2,False,3,6,False,True,1,1,0,119,50,5,119,50,5,False,False,Petty Grudge,10,False
92216869,411.2,WIN,True,36,7,MAIN,16,RESOURCE_MANAGEMENT,ABILITY,,ABILITY,1,0,121,320,320,2,False,3,6,True,True,1,1,0,119,50,5,119,50,5,False,False,Petty Grudge,10,False
92216869,411.2,WIN,True,37,7,TO_HAND,2,RESOURCE_MANAGEMENT,,,CARD,0,0,121,320,320,2,False,3,6,False,True,1,1,0,119,50,5,119,50,5,False,False,Petty Grudge,10,False
92216869,411.2,WIN,True,38,7,MAIN,16,RESOURCE_MANAGEMENT,PLAY_POKEMON,140,PLAY,1,0,121,320,320,2,False,3,6,True,True,1,1,0,119,50,5,119,50,5,False,False,Petty Grudge,10,False
92216869,411.2,WIN,True,39,7,MAIN,17,RESOURCE_MANAGEMENT,ABILITY,,ABILITY,1,0,121,320,320,2,False,4,6,True,True,1,1,0,119,50,5,119,50,5,False,False,Petty Grudge,10,False
92216869,411.2,WIN,True,40,7,MAIN,23,ENERGY_MANAGEMENT,ATTACH_ENERGY,,ATTACH,1,0,121,320,320,2,False,4,6,True,True,1,1,0,119,50,5,119,50,5,False,False,Petty Grudge,10,False
92216869,411.2,WIN,True,41,7,MAIN,18,RESOURCE_MANAGEMENT,PLAY_ITEM,1121,PLAY,1,0,121,320,320,2,False,4,6,True,True,1,1,0,119,50,5,119,50,5,False,False,Petty Grudge,10,False
92216869,411.2,WIN,True,42,7,DISCARD,10,RESOURCE_MANAGEMENT,,,CARD;CARD,0,0,121,320,320,2,False,4,6,False,True,1,1,0,119,50,5,119,50,5,False,False,Petty Grudge,10,False
92216869,411.2,WIN,True,43,7,TO_HAND,4,RESOURCE_MANAGEMENT,,,CARD,0,0,121,320,320,2,False,4,6,False,True,1,1,0,119,50,5,119,50,5,False,False,Petty Grudge,10,False
92216869,411.2,WIN,True,44,7,MAIN,17,BENCH_MANAGEMENT,EVOLVE,,EVOLVE,1,0,121,320,320,2,False,4,6,True,True,1,1,0,119,50,5,119,50,5,False,False,Petty Grudge,10,False
92216869,411.2,WIN,True,45,7,MAIN,15,RESOURCE_MANAGEMENT,PLAY_SUPPORTER,1198,PLAY,1,0,121,320,320,2,False,4,6,True,True,1,1,1,119,50,5,119,50,5,False,False,Petty Grudge,10,False
92216869,411.2,WIN,True,46,7,TO_HAND,5,RESOURCE_MANAGEMENT,,,CARD,0,0,121,320,320,2,False,4,6,False,True,1,1,1,119,50,5,119,50,5,False,False,Petty Grudge,10,False
92216869,411.2,WIN,True,47,7,ATTACH_TO,3,ENERGY_MANAGEMENT,,,CARD,0,0,121,320,320,2,False,4,6,False,True,1,1,1,119,50,5,119,50,5,False,False,Petty Grudge,10,False
92216869,411.2,WIN,True,48,7,ATTACH_FROM,5,ENERGY_MANAGEMENT,,,CARD,0,0,121,320,320,2,False,4,6,False,True,1,1,1,119,50,5,119,50,5,False,False,Petty Grudge,10,False
92216869,411.2,WIN,True,49,7,MAIN,18,ENERGY_MANAGEMENT,ATTACH_ENERGY,,ATTACH,2,0,121,320,320,2,False,4,6,True,True,1,1,1,119,50,5,119,50,5,False,False,Petty Grudge,10,False
92216869,411.2,WIN,True,50,7,MAIN,8,RESOURCE_MANAGEMENT,PLAY_ITEM,1080,PLAY,2,0,121,320,320,2,False,4,6,True,True,1,1,1,119,50,5,119,50,5,False,False,Petty Grudge,10,False
92216869,411.2,WIN,True,51,7,MAIN,6,RESOURCE_MANAGEMENT,PLAY_ITEM,1120,PLAY,2,0,121,320,320,2,False,4,6,True,True,1,1,1,119,50,5,119,50,5,False,False,Petty Grudge,10,False
92216869,411.2,WIN,True,52,7,DISCARD_ENERGY,1,ENERGY_MANAGEMENT,,,ENERGY,0,0,121,320,320,2,False,4,6,False,True,1,1,1,119,50,5,119,50,5,False,False,Petty Grudge,10,False
92216869,411.2,WIN,True,53,7,MAIN,5,ATTACK_SELECTION,ATTACK,,ATTACK,2,1,121,320,320,2,False,4,6,True,True,1,1,1,119,50,5,119,0,5,False,False,,,False
92216869,411.2,WIN,True,54,7,DAMAGE_COUNTER_ANY,2,TARGET_SELECTION,,,CARD,0,0,121,320,320,2,False,4,6,False,True,1,1,1,119,0,5,119,0,5,False,False,,,False
92216869,411.2,WIN,True,55,7,DAMAGE_COUNTER_ANY,2,TARGET_SELECTION,,,CARD,0,0,121,320,320,2,False,4,6,False,True,1,1,1,119,0,5,119,0,5,False,False,,,False
92216869,411.2,WIN,True,56,7,DAMAGE_COUNTER_ANY,2,TARGET_SELECTION,,,CARD,0,0,121,320,320,2,False,4,6,False,True,1,1,1,119,0,5,119,0,5,False,False,,,False
92216869,411.2,WIN,True,57,7,DAMAGE_COUNTER_ANY,2,TARGET_SELECTION,,,CARD,0,0,121,320,320,2,False,4,6,False,True,1,1,1,119,0,5,119,0,5,False,False,,,False
92216869,411.2,WIN,True,58,7,DAMAGE_COUNTER_ANY,2,TARGET_SELECTION,,,CARD,0,0,121,320,320,2,False,4,6,False,True,1,1,1,119,0,5,119,0,5,False,False,,,False
92216869,411.2,WIN,True,59,7,DAMAGE_COUNTER_ANY,2,TARGET_SELECTION,,,CARD,0,0,121,320,320,2,False,4,6,False,True,1,1,1,119,0,5,,,5,False,False,,,False
92216869,411.2,WIN,True,60,7,TO_HAND,6,RESOURCE_MANAGEMENT,,,CARD,0,0,121,320,320,2,False,4,6,False,True,1,1,1,,,5,,,5,,,,,False
92216869,411.2,WIN,True,61,7,TO_HAND,5,RESOURCE_MANAGEMENT,,,,0,0,121,320,320,2,False,4,5,False,True,1,1,1,,,5,119,70,5,,,,,False
92216869,411.2,WIN,True,62,9,MAIN,17,RESOURCE_MANAGEMENT,PLAY_ITEM,1121,PLAY,2,0,121,310,320,2,True,4,4,True,True,1,1,1,119,70,5,119,70,5,False,False,Petty Grudge,10,False
92216869,411.2,WIN,True,63,9,DISCARD,8,RESOURCE_MANAGEMENT,,,CARD;CARD,0,0,121,310,320,2,True,4,4,False,True,1,1,1,119,70,5,119,70,5,False,False,Petty Grudge,10,False
92216869,411.2,WIN,True,64,9,TO_HAND,2,RESOURCE_MANAGEMENT,,,CARD,0,0,121,310,320,2,True,4,4,False,True,1,1,1,119,70,5,119,70,5,False,False,Petty Grudge,10,False
92216869,411.2,WIN,True,65,9,MAIN,15,RESOURCE_MANAGEMENT,ABILITY,,ABILITY,2,0,121,310,320,2,True,4,4,True,True,1,1,1,119,70,5,119,70,5,False,False,Petty Grudge,10,False
92216869,411.2,WIN,True,66,9,TO_HAND,2,RESOURCE_MANAGEMENT,,,CARD,0,0,121,310,320,2,True,4,4,False,True,1,1,1,119,70,5,119,70,5,False,False,Petty Grudge,10,False
92216869,411.2,WIN,True,67,9,MAIN,15,ENERGY_MANAGEMENT,ATTACH_ENERGY,,ATTACH,2,0,121,310,320,2,True,4,4,True,True,1,1,1,119,70,5,119,70,5,False,False,Petty Grudge,10,False
92216869,411.2,WIN,True,68,9,MAIN,10,RESOURCE_MANAGEMENT,PLAY_SUPPORTER,1227,PLAY,2,0,121,310,320,2,True,4,4,True,True,1,1,1,119,70,5,119,70,5,False,False,Petty Grudge,10,False
92216869,411.2,WIN,True,69,9,MAIN,7,ATTACK_SELECTION,ATTACK,,ATTACK,2,1,121,310,320,2,True,4,4,True,True,1,1,1,119,70,5,119,0,5,False,False,Petty Grudge,10,False
92216869,411.2,WIN,True,70,9,DAMAGE_COUNTER_ANY,1,TARGET_SELECTION,,,CARD,0,0,121,310,320,2,True,4,4,False,True,1,1,1,119,0,5,119,0,5,False,False,Petty Grudge,10,False
92216869,411.2,WIN,True,71,9,DAMAGE_COUNTER_ANY,1,TARGET_SELECTION,,,CARD,0,0,121,310,320,2,True,4,4,False,True,1,1,1,119,0,5,119,0,5,False,False,Petty Grudge,10,False
92216869,411.2,WIN,True,72,9,DAMAGE_COUNTER_ANY,1,TARGET_SELECTION,,,CARD,0,0,121,310,320,2,True,4,4,False,True,1,1,1,119,0,5,119,0,5,False,False,Petty Grudge,10,False
92216869,411.2,WIN,True,73,9,DAMAGE_COUNTER_ANY,1,TARGET_SELECTION,,,CARD,0,0,121,310,320,2,True,4,4,False,True,1,1,1,119,0,5,119,0,5,False,False,Petty Grudge,10,False
92216869,411.2,WIN,True,74,9,DAMAGE_COUNTER_ANY,1,TARGET_SELECTION,,,CARD,0,0,121,310,320,2,True,4,4,False,True,1,1,1,119,0,5,119,0,5,False,False,Petty Grudge,10,False
92216869,411.2,WIN,True,75,9,DAMAGE_COUNTER_ANY,1,TARGET_SELECTION,,,CARD,0,0,121,310,320,2,True,4,4,False,True,1,1,1,119,0,5,,,5,False,False,Petty Grudge,10,False
92216869,411.2,WIN,True,76,9,TO_HAND,4,RESOURCE_MANAGEMENT,,,,0,0,121,310,320,2,True,4,4,False,True,1,1,1,,,5,119,10,5,,,,,False
92216869,411.2,WIN,True,77,11,MAIN,18,RESOURCE_MANAGEMENT,PLAY_ITEM,1121,PLAY,2,0,121,300,320,2,True,4,3,True,True,1,1,1,119,10,5,119,10,5,False,False,Petty Grudge,10,False
92216869,411.2,WIN,True,78,11,DISCARD,9,RESOURCE_MANAGEMENT,,,CARD;CARD,0,0,121,300,320,2,True,4,3,False,True,1,1,1,119,10,5,119,10,5,False,False,Petty Grudge,10,False
92216869,411.2,WIN,True,79,11,TO_HAND,3,RESOURCE_MANAGEMENT,,,CARD,0,0,121,300,320,2,True,4,3,False,True,1,1,1,119,10,5,119,10,5,False,False,Petty Grudge,10,False
92216869,411.2,WIN,True,80,11,MAIN,15,RESOURCE_MANAGEMENT,PLAY_ITEM,1120,PLAY,2,0,121,300,320,2,True,4,3,True,True,1,1,1,119,10,5,119,10,5,False,False,Petty Grudge,10,False
92216869,411.2,WIN,True,81,11,MAIN,14,RESOURCE_MANAGEMENT,ABILITY,,ABILITY,2,0,121,300,320,2,True,4,3,True,True,1,1,1,119,10,5,119,10,5,False,False,Petty Grudge,10,False
92216869,411.2,WIN,True,82,11,TO_HAND,2,RESOURCE_MANAGEMENT,,,CARD,0,0,121,300,320,2,True,4,3,False,True,1,1,1,119,10,5,119,10,5,False,False,Petty Grudge,10,False
92216869,411.2,WIN,True,83,11,MAIN,14,ENERGY_MANAGEMENT,ATTACH_ENERGY,,ATTACH,2,0,121,300,320,2,True,4,3,True,True,1,1,1,119,10,5,119,10,5,False,False,Petty Grudge,10,False
92216869,411.2,WIN,True,84,11,MAIN,9,RESOURCE_MANAGEMENT,PLAY_SUPPORTER,1227,PLAY,2,0,121,300,320,2,True,4,3,True,True,1,1,2,119,10,5,119,10,5,False,False,Petty Grudge,10,False
92216869,411.2,WIN,True,85,11,MAIN,8,RESOURCE_MANAGEMENT,PLAY_ITEM,1152,PLAY,2,0,121,300,320,2,True,4,3,True,True,1,1,2,119,10,5,119,10,5,False,False,Petty Grudge,10,False
92216869,411.2,WIN,True,86,11,TO_HAND,1,RESOURCE_MANAGEMENT,,,CARD,0,0,121,300,320,2,True,4,3,False,True,1,1,2,119,10,5,119,10,5,False,False,Petty Grudge,10,False
92216869,411.2,WIN,True,87,11,MAIN,7,RESOURCE_MANAGEMENT,PLAY_ITEM,1121,PLAY,2,0,121,300,320,2,True,4,3,True,True,1,1,2,119,10,5,119,10,5,False,False,Petty Grudge,10,False
92216869,411.2,WIN,True,88,11,DISCARD,5,RESOURCE_MANAGEMENT,,,CARD;CARD,0,0,121,300,320,2,True,4,3,False,True,1,1,2,119,10,5,119,10,5,False,False,Petty Grudge,10,False
92216869,411.2,WIN,True,89,11,TO_HAND,2,RESOURCE_MANAGEMENT,,,CARD,0,0,121,300,320,2,True,4,3,False,True,1,1,2,119,10,5,119,10,5,False,False,Petty Grudge,10,False
92216869,411.2,WIN,True,90,11,MAIN,6,ATTACK_SELECTION,ATTACK,,ATTACK,2,1,121,300,320,2,True,4,3,True,True,1,1,2,119,10,5,,,5,False,False,Petty Grudge,10,False
92217792,639.6,LOSS,True,0,,,0,UNKNOWN,,,,0,0,,,,,False,,,False,False,,,0,,,,,,,,,,,False
92217792,639.6,LOSS,True,1,,,0,UNKNOWN,,,,0,0,,,,,False,,,False,False,,,0,,,,,,0,,,,,False
92217792,639.6,LOSS,True,2,0,IS_FIRST,2,GOING_FIRST_SECOND,,,YES,0,0,,,,,False,0,0,False,False,,,0,,,0,,,0,,,,,False
92217792,639.6,LOSS,True,3,0,SETUP_ACTIVE_POKEMON,1,EARLY_GAME_SETUP,,,,0,0,,,,,False,0,0,False,False,,,0,,,0,,,6,,,,,False
92217792,639.6,LOSS,True,4,0,DRAW_COUNT,5,SEARCH_DECISION,,,NUMBER,0,0,,,,,False,0,6,False,False,,,0,,,6,344,70,6,,,,,False
92217792,639.6,LOSS,True,5,1,MAIN,5,RESOURCE_MANAGEMENT,PLAY_STADIUM,1256,PLAY,0,0,235,30,30,1,False,0,6,False,False,0,0,0,344,70,6,344,70,6,False,False,,,False
92217792,639.6,LOSS,True,6,1,MAIN,4,RESOURCE_MANAGEMENT,PLAY_ITEM,1086,PLAY,0,0,235,30,30,1,False,0,6,False,False,0,0,0,344,70,6,344,70,6,False,False,,,False
92217792,639.6,LOSS,True,7,1,TO_BENCH,3,BENCH_MANAGEMENT,,,CARD;CARD,0,0,235,30,30,1,False,0,6,False,False,0,0,0,344,70,6,344,70,6,False,False,,,False
92217792,639.6,LOSS,True,8,1,MAIN,4,RESOURCE_MANAGEMENT,PLAY_ITEM,1121,PLAY,0,0,235,30,30,1,False,2,6,True,True,0,0,0,344,70,6,344,70,6,False,False,,,False
92217792,639.6,LOSS,True,9,1,DISCARD,8,RESOURCE_MANAGEMENT,,,CARD;CARD,0,0,235,30,30,1,False,2,6,False,True,0,0,0,344,70,6,344,70,6,False,False,,,False
92217792,639.6,LOSS,True,10,1,TO_HAND,8,RESOURCE_MANAGEMENT,,,CARD,0,0,235,30,30,1,False,2,6,False,True,0,0,0,344,70,6,344,70,6,False,False,,,False
92217792,639.6,LOSS,True,11,1,MAIN,2,TIMING,,,,0,0,235,30,30,1,False,2,6,True,True,0,0,0,344,70,6,344,70,6,False,False,,,False
92217792,639.6,LOSS,True,12,2,DISCARD,7,RESOURCE_MANAGEMENT,,,,0,0,235,30,30,1,False,2,6,False,True,0,0,0,344,70,6,344,70,6,False,False,,,False
92217792,639.6,LOSS,True,13,3,MAIN,6,RESOURCE_MANAGEMENT,PLAY_SUPPORTER,1227,PLAY,1,0,235,30,30,1,False,2,6,True,True,0,0,0,344,70,6,344,70,6,False,False,,,False
92217792,639.6,LOSS,True,14,3,MAIN,15,RESOURCE_MANAGEMENT,PLAY_ITEM,1152,PLAY,1,0,235,30,30,1,False,2,6,True,True,0,0,0,344,70,6,344,70,6,False,False,,,False
92217792,639.6,LOSS,True,15,3,TO_HAND,3,RESOURCE_MANAGEMENT,,,CARD,0,0,235,30,30,1,False,2,6,False,True,0,0,0,344,70,6,344,70,6,False,False,,,False
92217792,639.6,LOSS,True,16,3,MAIN,16,BENCH_MANAGEMENT,EVOLVE,,EVOLVE,1,0,235,30,30,1,False,2,6,True,True,0,0,0,344,70,6,344,70,6,False,False,,,False
92217792,639.6,LOSS,True,17,3,MAIN,15,RESOURCE_MANAGEMENT,ABILITY,,ABILITY,1,0,235,30,30,1,False,2,6,True,True,0,0,0,344,70,6,344,70,6,False,False,,,False
92217792,639.6,LOSS,True,18,3,TO_HAND,2,RESOURCE_MANAGEMENT,,,CARD,0,0,235,30,30,1,False,2,6,False,True,0,0,0,344,70,6,344,70,6,False,False,,,False
92217792,639.6,LOSS,True,19,3,MAIN,17,ENERGY_MANAGEMENT,ATTACH_ENERGY,,ATTACH,1,0,235,30,30,1,False,2,6,True,True,0,0,0,344,70,6,344,70,6,False,False,,,False
92217792,639.6,LOSS,True,20,3,MAIN,5,TIMING,,,,1,0,235,30,30,1,False,2,6,True,True,0,0,0,344,70,6,345,140,6,False,False,,,False
92217792,639.6,LOSS,True,21,5,MAIN,18,BENCH_MANAGEMENT,EVOLVE,,EVOLVE,1,0,235,30,30,1,False,2,6,True,True,0,0,0,345,140,6,345,140,6,False,False,,,False
92217792,639.6,LOSS,True,22,5,MAIN,16,RESOURCE_MANAGEMENT,PLAY_SUPPORTER,1198,PLAY,1,0,235,30,30,1,False,2,6,True,True,0,0,0,345,140,6,345,140,6,False,False,,,False
92217792,639.6,LOSS,True,23,5,TO_HAND,3,RESOURCE_MANAGEMENT,,,CARD,0,0,235,30,30,1,False,2,6,False,True,0,0,0,345,140,6,345,140,6,False,False,,,False
92217792,639.6,LOSS,True,24,5,MAIN,17,ENERGY_MANAGEMENT,ATTACH_ENERGY,,ATTACH,1,0,235,30,30,1,False,2,6,True,True,0,0,0,345,140,6,345,140,6,False,False,,,False
92217792,639.6,LOSS,True,25,5,MAIN,5,TIMING,,,,1,0,235,30,30,1,False,2,6,True,True,0,0,1,345,140,6,345,130,6,False,False,,,False
92217792,639.6,LOSS,True,26,7,MAIN,16,ENERGY_MANAGEMENT,ATTACH_ENERGY,,ATTACH,1,0,235,30,30,1,False,2,6,True,True,0,0,1,345,130,6,345,130,6,False,True,,,False
92217792,639.6,LOSS,True,27,7,MAIN,7,RESOURCE_MANAGEMENT,PLAY_SUPPORTER,1227,PLAY,1,0,235,30,30,1,False,2,6,True,True,0,0,1,345,130,6,345,130,6,False,True,,,False
92217792,639.6,LOSS,True,28,7,MAIN,11,ENERGY_MANAGEMENT,ATTACH_ENERGY,,ATTACH,1,0,235,30,30,1,False,2,6,True,True,0,0,1,345,130,6,345,130,6,False,True,,,False
92217792,639.6,LOSS,True,29,7,MAIN,8,RESOURCE_MANAGEMENT,PLAY_ITEM,1152,PLAY,1,0,235,30,30,1,False,2,6,True,True,0,0,1,345,130,6,345,130,6,False,True,,,False
92217792,639.6,LOSS,True,30,7,TO_HAND,1,RESOURCE_MANAGEMENT,,,CARD,0,0,235,30,30,1,False,2,6,False,True,0,0,1,345,130,6,345,130,6,False,True,,,False
92217792,639.6,LOSS,True,31,7,MAIN,8,RESOURCE_MANAGEMENT,PLAY_ITEM,1120,PLAY,1,0,235,30,30,1,False,2,6,True,True,0,0,1,345,130,6,345,130,6,False,True,,,False
92217792,639.6,LOSS,True,32,7,DISCARD_ENERGY,3,ENERGY_MANAGEMENT,,,ENERGY,0,0,235,30,30,1,False,2,6,False,True,0,0,1,345,130,6,345,130,6,False,True,,,False
92217792,639.6,LOSS,True,33,7,MAIN,7,BENCH_MANAGEMENT,EVOLVE,,EVOLVE,1,0,235,30,30,1,False,2,6,True,True,0,0,1,345,130,6,345,130,6,False,True,,,False
92217792,639.6,LOSS,True,34,7,MAIN,7,RESOURCE_MANAGEMENT,ABILITY,,ABILITY,1,0,235,30,30,1,False,2,6,True,True,0,0,1,345,130,6,345,130,6,False,True,,,False
92217792,639.6,LOSS,True,35,7,TO_HAND,2,RESOURCE_MANAGEMENT,,,CARD,0,0,235,30,30,1,False,2,6,False,True,0,0,1,345,130,6,345,130,6,False,True,,,False
92217792,639.6,LOSS,True,36,7,MAIN,7,RETREAT_SELECTION,RETREAT,,RETREAT,1,0,235,30,30,1,False,2,6,True,True,0,0,1,345,130,6,345,130,6,False,True,,,False
92217792,639.6,LOSS,True,37,7,SWITCH,2,ACTIVE_POKEMON_SELECTION,,,CARD,0,0,235,30,30,1,False,2,6,False,True,0,0,1,345,130,6,345,130,6,False,True,,,False
92217792,639.6,LOSS,True,38,7,MAIN,7,ATTACK_SELECTION,ATTACK,,ATTACK,2,1,121,320,320,2,False,2,6,False,True,1,1,1,345,130,6,345,130,6,False,False,,,True
92217792,639.6,LOSS,True,39,7,DAMAGE_COUNTER_ANY,2,TARGET_SELECTION,,,CARD,0,0,121,320,320,2,False,2,6,False,True,1,1,1,345,130,6,345,130,6,False,False,,,False
92217792,639.6,LOSS,True,40,7,DAMAGE_COUNTER_ANY,2,TARGET_SELECTION,,,CARD,0,0,121,320,320,2,False,2,6,False,True,1,1,1,345,130,6,345,130,6,False,False,,,False
92217792,639.6,LOSS,True,41,7,DAMAGE_COUNTER_ANY,2,TARGET_SELECTION,,,CARD,0,0,121,320,320,2,False,2,6,False,True,1,1,1,345,130,6,345,130,6,False,False,,,False
92217792,639.6,LOSS,True,42,7,DAMAGE_COUNTER_ANY,2,TARGET_SELECTION,,,CARD,0,0,121,320,320,2,False,2,6,False,True,1,1,1,345,130,6,345,130,6,False,False,,,False
92217792,639.6,LOSS,True,43,7,DAMAGE_COUNTER_ANY,2,TARGET_SELECTION,,,CARD,0,0,121,320,320,2,False,2,6,False,True,1,1,1,345,130,6,345,130,6,False,False,,,False
92217792,639.6,LOSS,True,44,7,DAMAGE_COUNTER_ANY,2,TARGET_SELECTION,,,,0,0,121,320,320,2,False,2,6,False,True,1,1,1,345,130,6,345,130,6,False,False,,,False
92217792,639.6,LOSS,True,45,9,MAIN,12,RESOURCE_MANAGEMENT,ABILITY,,ABILITY,2,0,121,320,320,2,False,2,6,True,True,1,1,1,345,130,6,345,130,6,False,False,,,False
92217792,639.6,LOSS,True,46,9,TO_HAND,2,RESOURCE_MANAGEMENT,,,CARD,0,0,121,320,320,2,False,2,6,False,True,1,1,1,345,130,6,345,130,6,False,False,,,False
92217792,639.6,LOSS,True,47,9,MAIN,14,RESOURCE_MANAGEMENT,PLAY_SUPPORTER,1210,PLAY,2,0,121,320,320,2,False,2,6,True,True,1,1,1,345,130,6,345,130,6,False,False,,,False
92217792,639.6,LOSS,True,48,9,TO_HAND,2,RESOURCE_MANAGEMENT,,,CARD,0,0,121,320,320,2,False,2,6,False,True,1,1,1,345,130,6,345,130,6,False,False,,,False
92217792,639.6,LOSS,True,49,9,TO_HAND,1,RESOURCE_MANAGEMENT,,,CARD,0,0,121,320,320,2,False,2,6,False,True,1,1,1,345,130,6,345,130,6,False,False,,,False
92217792,639.6,LOSS,True,50,9,MAIN,13,ENERGY_MANAGEMENT,ATTACH_ENERGY,,ATTACH,2,0,121,320,320,2,False,2,6,True,True,1,1,1,345,130,6,345,130,6,False,False,,,False
92217792,639.6,LOSS,True,51,9,MAIN,10,ATTACK_SELECTION,ATTACK,,ATTACK,2,1,121,320,320,2,False,2,6,True,True,1,1,2,345,130,6,345,130,6,False,False,,,False
92217792,639.6,LOSS,True,52,9,DAMAGE_COUNTER_ANY,2,TARGET_SELECTION,,,CARD,0,0,121,320,320,2,False,2,6,False,True,1,1,2,345,130,6,345,130,6,False,False,,,False
92217792,639.6,LOSS,True,53,9,DAMAGE_COUNTER_ANY,2,TARGET_SELECTION,,,CARD,0,0,121,320,320,2,False,2,6,False,True,1,1,2,345,130,6,345,130,6,False,False,,,False
92217792,639.6,LOSS,True,54,9,DAMAGE_COUNTER_ANY,2,TARGET_SELECTION,,,CARD,0,0,121,320,320,2,False,2,6,False,True,1,1,2,345,130,6,345,130,6,False,False,,,False
92217792,639.6,LOSS,True,55,9,DAMAGE_COUNTER_ANY,2,TARGET_SELECTION,,,CARD,0,0,121,320,320,2,False,2,6,False,True,1,1,2,345,130,6,345,130,6,False,False,,,False
92217792,639.6,LOSS,True,56,9,DAMAGE_COUNTER_ANY,2,TARGET_SELECTION,,,CARD,0,0,121,320,320,2,False,2,6,False,True,1,1,2,345,130,6,345,130,6,False,False,,,False
92217792,639.6,LOSS,True,57,9,DAMAGE_COUNTER_ANY,2,TARGET_SELECTION,,,,0,0,121,320,320,2,False,2,6,False,True,1,1,2,345,130,6,345,130,6,False,False,,,False
92217792,639.6,LOSS,True,58,11,MAIN,14,RESOURCE_MANAGEMENT,ABILITY,,ABILITY,2,0,121,320,320,2,False,2,6,True,True,1,1,2,345,130,6,345,130,6,False,False,,,False
92217792,639.6,LOSS,True,59,11,TO_HAND,2,RESOURCE_MANAGEMENT,,,CARD,0,0,121,320,320,2,False,2,6,False,True,1,1,2,345,130,6,345,130,6,False,False,,,False
92217792,639.6,LOSS,True,60,11,MAIN,14,RESOURCE_MANAGEMENT,PLAY_SUPPORTER,1227,PLAY,2,0,121,320,320,2,False,2,6,True,True,1,1,2,345,130,6,345,130,6,False,False,,,False
92217792,639.6,LOSS,True,61,11,MAIN,15,RESOURCE_MANAGEMENT,PLAY_ITEM,1121,PLAY,2,0,121,320,320,2,False,2,6,True,True,1,1,2,345,130,6,345,130,6,False,False,,,False
92217792,639.6,LOSS,True,62,11,DISCARD,7,RESOURCE_MANAGEMENT,,,CARD;CARD,0,0,121,320,320,2,False,2,6,False,True,1,1,2,345,130,6,345,130,6,False,False,,,False
92217792,639.6,LOSS,True,63,11,TO_HAND,1,RESOURCE_MANAGEMENT,,,CARD,0,0,121,320,320,2,False,2,6,False,True,1,1,2,345,130,6,345,130,6,False,False,,,False
92217792,639.6,LOSS,True,64,11,MAIN,9,ATTACK_SELECTION,ATTACK,,ATTACK,2,1,121,320,320,2,False,2,6,True,True,1,1,2,345,130,6,345,130,6,False,False,,,False
92217792,639.6,LOSS,True,65,11,DAMAGE_COUNTER_ANY,2,TARGET_SELECTION,,,CARD,0,0,121,320,320,2,False,2,6,False,True,1,1,2,345,130,6,345,130,6,False,False,,,False
92217792,639.6,LOSS,True,66,11,DAMAGE_COUNTER_ANY,2,TARGET_SELECTION,,,CARD,0,0,121,320,320,2,False,2,6,False,True,1,1,2,345,130,6,345,130,6,False,False,,,False
92217792,639.6,LOSS,True,67,11,DAMAGE_COUNTER_ANY,2,TARGET_SELECTION,,,CARD,0,0,121,320,320,2,False,2,6,False,True,1,1,2,345,130,6,345,130,6,False,False,,,False
92217792,639.6,LOSS,True,68,11,DAMAGE_COUNTER_ANY,2,TARGET_SELECTION,,,CARD,0,0,121,320,320,2,False,2,6,False,True,1,1,2,345,130,6,345,130,6,False,False,,,False
92217792,639.6,LOSS,True,69,11,DAMAGE_COUNTER_ANY,2,TARGET_SELECTION,,,CARD,0,0,121,320,320,2,False,2,6,False,True,1,1,2,345,130,6,345,130,6,False,False,,,False
92217792,639.6,LOSS,True,70,11,DAMAGE_COUNTER_ANY,2,TARGET_SELECTION,,,,0,0,121,320,320,2,False,2,6,False,True,1,1,2,345,130,6,345,150,6,False,False,,,False
92217792,639.6,LOSS,True,71,13,MAIN,12,RESOURCE_MANAGEMENT,PLAY_POKEMON,1071,PLAY,2,0,121,200,320,2,True,2,6,True,True,1,1,2,345,150,6,345,150,6,False,False,Superb Scissors,120,False
92217792,639.6,LOSS,True,72,13,ACTIVATE,2,RESOURCE_MANAGEMENT,,,YES,0,0,121,200,320,2,True,3,6,False,True,1,1,2,345,150,6,345,150,6,False,False,Superb Scissors,120,False
92217792,639.6,LOSS,True,73,13,TO_HAND,7,RESOURCE_MANAGEMENT,,,CARD,0,0,121,200,320,2,True,3,6,False,True,1,1,2,345,150,6,345,150,6,False,False,Superb Scissors,120,False
92217792,639.6,LOSS,True,74,13,MAIN,12,RESOURCE_MANAGEMENT,ABILITY,,ABILITY,2,0,121,200,320,2,True,3,6,True,True,1,1,2,345,150,6,345,150,6,False,False,Superb Scissors,120,False
92217792,639.6,LOSS,True,75,13,TO_HAND,2,RESOURCE_MANAGEMENT,,,CARD,0,0,121,200,320,2,True,3,6,False,True,1,1,2,345,150,6,345,150,6,False,False,Superb Scissors,120,False
92217792,639.6,LOSS,True,76,13,MAIN,15,RESOURCE_MANAGEMENT,PLAY_ITEM,1121,PLAY,2,0,121,200,320,2,True,3,6,True,True,1,1,2,345,150,6,345,150,6,False,False,Superb Scissors,120,False
92217792,639.6,LOSS,True,77,13,DISCARD,7,RESOURCE_MANAGEMENT,,,CARD;CARD,0,0,121,200,320,2,True,3,6,False,True,1,1,2,345,150,6,345,150,6,False,False,Superb Scissors,120,False
92217792,639.6,LOSS,True,78,13,MAIN,9,RESOURCE_MANAGEMENT,PLAY_SUPPORTER,1182,PLAY,2,0,121,200,320,2,True,3,6,True,True,1,1,2,345,150,6,345,150,6,False,False,Superb Scissors,120,False
92217792,639.6,LOSS,True,79,13,SWITCH,2,ACTIVE_POKEMON_SELECTION,,,CARD,0,0,121,200,320,2,True,3,6,False,True,1,1,2,345,150,6,344,70,6,False,False,Superb Scissors,120,False
92217792,639.6,LOSS,True,80,13,MAIN,7,ATTACK_SELECTION,ATTACK,,ATTACK,2,1,121,200,320,2,True,3,6,True,True,1,1,2,344,70,6,344,0,6,False,False,Ascension,0,False
92217792,639.6,LOSS,True,81,13,DAMAGE_COUNTER_ANY,2,TARGET_SELECTION,,,CARD,0,0,121,200,320,2,True,3,6,False,True,1,1,2,344,0,6,344,0,6,False,False,Ascension,0,False
92217792,639.6,LOSS,True,82,13,DAMAGE_COUNTER_ANY,2,TARGET_SELECTION,,,CARD,0,0,121,200,320,2,True,3,6,False,True,1,1,2,344,0,6,344,0,6,False,False,Ascension,0,False
92217792,639.6,LOSS,True,83,13,DAMAGE_COUNTER_ANY,2,TARGET_SELECTION,,,CARD,0,0,121,200,320,2,True,3,6,False,True,1,1,2,344,0,6,344,0,6,False,False,Ascension,0,False
92217792,639.6,LOSS,True,84,13,DAMAGE_COUNTER_ANY,2,TARGET_SELECTION,,,CARD,0,0,121,200,320,2,True,3,6,False,True,1,1,2,344,0,6,344,0,6,False,False,Ascension,0,False
92217792,639.6,LOSS,True,85,13,DAMAGE_COUNTER_ANY,2,TARGET_SELECTION,,,CARD,0,0,121,200,320,2,True,3,6,False,True,1,1,2,344,0,6,344,0,6,False,False,Ascension,0,False
92217792,639.6,LOSS,True,86,13,DAMAGE_COUNTER_ANY,2,TARGET_SELECTION,,,CARD,0,0,121,200,320,2,True,3,6,False,True,1,1,2,344,0,6,,,6,False,False,Ascension,0,False
92217792,639.6,LOSS,True,87,13,TO_HAND,6,RESOURCE_MANAGEMENT,,,,0,0,121,200,320,2,True,3,6,False,True,1,1,2,,,6,345,170,6,,,,,False
92217792,639.6,LOSS,True,88,15,MAIN,11,RESOURCE_MANAGEMENT,PLAY_ITEM,1120,PLAY,2,0,121,80,320,2,True,3,5,True,True,1,1,2,345,170,6,345,170,6,True,False,Superb Scissors,120,False
92217792,639.6,LOSS,True,89,15,DISCARD_ENERGY,4,ENERGY_MANAGEMENT,,,ENERGY,0,0,121,80,320,2,True,3,5,False,True,1,1,2,345,170,6,345,170,6,True,False,Superb Scissors,120,False
92217792,639.6,LOSS,True,90,15,MAIN,10,RESOURCE_MANAGEMENT,ABILITY,,ABILITY,2,0,121,80,320,2,True,3,5,True,True,1,1,2,345,170,6,345,170,6,True,False,Superb Scissors,120,False
92217792,639.6,LOSS,True,91,15,TO_HAND,2,RESOURCE_MANAGEMENT,,,CARD,0,0,121,80,320,2,True,3,5,False,True,1,1,2,345,170,6,345,170,6,True,False,Superb Scissors,120,False
92217792,639.6,LOSS,True,92,15,MAIN,9,RESOURCE_MANAGEMENT,PLAY_SUPPORTER,1227,PLAY,2,0,121,80,320,2,True,3,5,True,True,1,1,2,345,170,6,345,170,6,True,False,Superb Scissors,120,False
92217792,639.6,LOSS,True,93,15,MAIN,7,RESOURCE_MANAGEMENT,PLAY_ITEM,1120,PLAY,2,0,121,80,320,2,True,3,5,True,True,1,1,2,345,170,6,345,170,6,True,False,Superb Scissors,120,False
92217792,639.6,LOSS,True,94,15,DISCARD_ENERGY,3,ENERGY_MANAGEMENT,,,ENERGY,0,0,121,80,320,2,True,3,5,False,True,1,1,2,345,170,6,345,170,6,True,False,Superb Scissors,120,False
92217792,639.6,LOSS,True,95,15,MAIN,6,ATTACK_SELECTION,ATTACK,,ATTACK,2,1,121,80,320,2,True,3,5,True,True,1,1,2,345,170,6,345,170,6,False,True,,,False
92217792,639.6,LOSS,True,96,15,DAMAGE_COUNTER_ANY,1,TARGET_SELECTION,,,CARD,0,0,121,80,320,2,True,3,5,False,True,1,1,2,345,170,6,345,170,6,False,True,,,False
92217792,639.6,LOSS,True,97,15,DAMAGE_COUNTER_ANY,1,TARGET_SELECTION,,,CARD,0,0,121,80,320,2,True,3,5,False,True,1,1,2,345,170,6,345,170,6,False,True,,,False
92217792,639.6,LOSS,True,98,15,DAMAGE_COUNTER_ANY,1,TARGET_SELECTION,,,CARD,0,0,121,80,320,2,True,3,5,False,True,1,1,2,345,170,6,345,170,6,False,True,,,False
92217792,639.6,LOSS,True,99,15,DAMAGE_COUNTER_ANY,1,TARGET_SELECTION,,,CARD,0,0,121,80,320,2,True,3,5,False,True,1,1,2,345,170,6,345,170,6,False,True,,,False
92217792,639.6,LOSS,True,100,15,DAMAGE_COUNTER_ANY,1,TARGET_SELECTION,,,CARD,0,0,121,80,320,2,True,3,5,False,True,1,1,2,345,170,6,345,170,6,False,True,,,False
92217792,639.6,LOSS,True,101,15,DAMAGE_COUNTER_ANY,1,TARGET_SELECTION,,,,0,0,121,80,320,2,True,3,5,False,True,1,1,2,345,170,6,345,170,4,False,True,,,False
92217792,639.6,LOSS,True,102,16,TO_ACTIVE,3,ACTIVE_POKEMON_SELECTION,,,CARD,0,0,,,,,False,3,5,False,True,,,2,345,170,4,345,170,4,,,,,True
92217792,639.6,LOSS,True,103,17,MAIN,10,RESOURCE_MANAGEMENT,PLAY_ITEM,1121,PLAY,1,0,235,30,30,1,False,2,5,True,True,0,0,1,345,170,4,345,170,4,True,False,Superb Scissors,120,False
92217792,639.6,LOSS,True,104,17,DISCARD,5,RESOURCE_MANAGEMENT,,,CARD;CARD,0,0,235,30,30,1,False,2,5,False,True,0,0,1,345,170,4,345,170,4,True,False,Superb Scissors,120,False
92217792,639.6,LOSS,True,105,17,TO_HAND,2,RESOURCE_MANAGEMENT,,,CARD,0,0,235,30,30,1,False,2,5,False,True,0,0,1,345,170,4,345,170,4,True,False,Superb Scissors,120,False
92217792,639.6,LOSS,True,106,17,MAIN,8,RESOURCE_MANAGEMENT,PLAY_POKEMON,140,PLAY,1,0,235,30,30,1,False,2,5,True,True,0,0,1,345,170,4,345,170,4,True,False,Superb Scissors,120,False
92217792,639.6,LOSS,True,107,17,MAIN,8,RESOURCE_MANAGEMENT,ABILITY,,ABILITY,1,0,235,30,30,1,False,3,5,True,True,0,0,1,345,170,4,345,170,4,True,False,Superb Scissors,120,False
92217792,639.6,LOSS,True,108,17,TO_HAND,2,RESOURCE_MANAGEMENT,,,CARD,0,0,235,30,30,1,False,3,5,False,True,0,0,1,345,170,4,345,170,4,True,False,Superb Scissors,120,False
92217792,639.6,LOSS,True,109,17,MAIN,8,RESOURCE_MANAGEMENT,PLAY_STADIUM,1256,PLAY,1,0,235,30,30,1,False,3,5,True,True,0,0,1,345,170,4,345,170,4,True,False,Superb Scissors,120,False
92217792,639.6,LOSS,True,110,17,MAIN,7,TIMING,,,,1,0,235,30,30,1,False,3,5,True,True,0,0,1,345,170,4,345,160,3,True,False,Superb Scissors,120,False
92217792,639.6,LOSS,True,111,18,TO_ACTIVE,3,ACTIVE_POKEMON_SELECTION,,,CARD,0,0,,,,,False,3,5,False,True,,,1,345,160,3,345,160,3,,,,,True
92217792,639.6,LOSS,True,112,19,MAIN,7,TIMING,,,,1,0,235,10,30,1,True,2,5,True,True,0,0,0,345,160,3,345,150,2,True,False,Superb Scissors,120,False
92217792,639.6,LOSS,True,113,19,TO_ACTIVE,2,ACTIVE_POKEMON_SELECTION,,,,0,0,,,,,False,2,5,False,True,,,0,345,150,2,345,150,2,,,,,True
92217792,639.6,LOSS,True,114,21,MAIN,5,RESOURCE_MANAGEMENT,PLAY_POKEMON,184,PLAY,0,0,140,90,210,2,True,1,5,False,True,1,0,0,345,150,2,345,150,2,True,False,Superb Scissors,120,False
92217792,639.6,LOSS,True,115,21,MAIN,5,RETREAT_SELECTION,RETREAT,,RETREAT,0,0,140,90,210,2,True,2,5,True,True,1,0,0,345,150,2,345,150,2,True,False,Superb Scissors,120,False
92217792,639.6,LOSS,True,116,21,SWITCH,2,ACTIVE_POKEMON_SELECTION,,,CARD,0,0,140,90,210,2,True,2,5,False,True,1,0,0,345,150,2,345,150,2,True,False,Superb Scissors,120,False
92217792,639.6,LOSS,True,117,21,MAIN,4,TIMING,,,,0,0,184,210,210,2,False,2,5,False,True,2,0,0,345,150,2,345,150,2,False,False,Superb Scissors,120,True
92217792,639.6,LOSS,True,118,23,MAIN,6,RETREAT_SELECTION,RETREAT,,RETREAT,0,0,184,90,210,2,True,2,5,True,True,2,0,0,345,150,2,345,150,2,True,False,Superb Scissors,120,False
92217792,639.6,LOSS,True,119,23,SWITCH,2,ACTIVE_POKEMON_SELECTION,,,CARD,0,0,184,90,210,2,True,2,5,False,True,2,0,0,345,150,2,345,150,2,True,False,Superb Scissors,120,False
92218741,422.2,WIN,True,0,,,0,UNKNOWN,,,,0,0,,,,,False,,,False,False,,,0,,,,,,,,,,,False
92218741,422.2,WIN,True,1,,,0,UNKNOWN,,,,0,0,,,,,False,,,False,False,,,0,,,,,,0,,,,,False
92218741,422.2,WIN,True,2,0,IS_FIRST,2,GOING_FIRST_SECOND,,,YES,0,0,,,,,False,0,0,False,False,,,0,,,0,,,0,,,,,False
92218741,422.2,WIN,True,3,0,SETUP_ACTIVE_POKEMON,3,EARLY_GAME_SETUP,,,,0,0,,,,,False,0,0,False,False,,,0,,,0,,,6,,,,,False
92218741,422.2,WIN,True,4,0,SETUP_BENCH_POKEMON,2,BENCH_MANAGEMENT,,,,0,0,,,,,False,0,6,False,False,,,0,,,6,96,210,6,,,,,False
92218741,422.2,WIN,True,5,1,MAIN,7,RESOURCE_MANAGEMENT,PLAY_POKEMON,119,PLAY,0,0,235,30,30,1,False,0,6,False,False,0,0,0,96,210,6,96,210,6,False,False,,,False
92218741,422.2,WIN,True,6,1,MAIN,7,RESOURCE_MANAGEMENT,PLAY_POKEMON,1071,PLAY,0,0,235,30,30,1,False,1,6,True,True,0,0,0,96,210,6,96,210,6,False,False,,,False
92218741,422.2,WIN,True,7,1,ACTIVATE,2,RESOURCE_MANAGEMENT,,,YES,0,0,235,30,30,1,False,2,6,False,True,0,0,0,96,210,6,96,210,6,False,False,,,False
92218741,422.2,WIN,True,8,1,TO_HAND,11,RESOURCE_MANAGEMENT,,,CARD,0,0,235,30,30,1,False,2,6,False,True,0,0,0,96,210,6,96,210,6,False,False,,,False
92218741,422.2,WIN,True,9,1,MAIN,6,RESOURCE_MANAGEMENT,PLAY_ITEM,1086,PLAY,0,0,235,30,30,1,False,2,6,True,True,0,0,0,96,210,6,96,210,6,False,False,,,False
92218741,422.2,WIN,True,10,1,TO_BENCH,3,BENCH_MANAGEMENT,,,CARD;CARD,0,0,235,30,30,1,False,2,6,False,True,0,0,0,96,210,6,96,210,6,False,False,,,False
92218741,422.2,WIN,True,11,1,MAIN,5,RESOURCE_MANAGEMENT,PLAY_ITEM,1152,PLAY,0,0,235,30,30,1,False,4,6,True,True,0,0,0,96,210,6,96,210,6,False,False,,,False
92218741,422.2,WIN,True,12,1,TO_HAND,4,RESOURCE_MANAGEMENT,,,CARD,0,0,235,30,30,1,False,4,6,False,True,0,0,0,96,210,6,96,210,6,False,False,,,False
92218741,422.2,WIN,True,13,1,MAIN,4,RESOURCE_MANAGEMENT,PLAY_ITEM,1121,PLAY,0,0,235,30,30,1,False,4,6,True,True,0,0,0,96,210,6,96,210,6,False,False,,,False
92218741,422.2,WIN,True,14,1,DISCARD,4,RESOURCE_MANAGEMENT,,,CARD;CARD,0,0,235,30,30,1,False,4,6,False,True,0,0,0,96,210,6,96,210,6,False,False,,,False
92218741,422.2,WIN,True,15,1,TO_HAND,7,RESOURCE_MANAGEMENT,,,CARD,0,0,235,30,30,1,False,4,6,False,True,0,0,0,96,210,6,96,210,6,False,False,,,False
92218741,422.2,WIN,True,16,1,MAIN,2,TIMING,,,,0,0,235,30,30,1,False,4,6,True,True,0,0,0,96,210,6,96,210,6,False,False,,,False
92218741,422.2,WIN,True,17,3,MAIN,8,BENCH_MANAGEMENT,EVOLVE,,EVOLVE,1,0,235,30,30,1,False,4,6,True,True,0,0,0,96,210,6,96,210,6,False,False,,,False
92218741,422.2,WIN,True,18,3,MAIN,6,RESOURCE_MANAGEMENT,ABILITY,,ABILITY,1,0,235,30,30,1,False,4,6,True,True,0,0,0,96,210,6,96,210,6,False,False,,,False
92218741,422.2,WIN,True,19,3,TO_HAND,2,RESOURCE_MANAGEMENT,,,CARD,0,0,235,30,30,1,False,4,6,False,True,0,0,0,96,210,6,96,210,6,False,False,,,False
92218741,422.2,WIN,True,20,3,MAIN,6,RESOURCE_MANAGEMENT,PLAY_ITEM,1097,PLAY,1,0,235,30,30,1,False,4,6,True,True,0,0,0,96,210,6,96,210,6,False,False,,,False
92218741,422.2,WIN,True,21,3,TO_HAND,1,RESOURCE_MANAGEMENT,,,CARD,0,0,235,30,30,1,False,4,6,False,True,0,0,0,96,210,6,96,210,6,False,False,,,False
92218741,422.2,WIN,True,22,3,MAIN,7,BENCH_MANAGEMENT,EVOLVE,,EVOLVE,1,0,235,30,30,1,False,4,6,True,True,0,0,0,96,210,6,96,210,6,False,False,,,False
92218741,422.2,WIN,True,23,3,MAIN,6,RESOURCE_MANAGEMENT,ABILITY,,ABILITY,1,0,235,30,30,1,False,4,6,True,True,0,0,0,96,210,6,96,210,6,False,False,,,False
92218741,422.2,WIN,True,24,3,TO_HAND,2,RESOURCE_MANAGEMENT,,,CARD,0,0,235,30,30,1,False,4,6,False,True,0,0,0,96,210,6,96,210,6,False,False,,,False
92218741,422.2,WIN,True,25,3,MAIN,6,RESOURCE_MANAGEMENT,PLAY_SUPPORTER,1227,PLAY,1,0,235,30,30,1,False,4,6,True,True,0,0,0,96,210,6,96,210,6,False,False,,,False
92218741,422.2,WIN,True,26,3,MAIN,9,RESOURCE_MANAGEMENT,PLAY_ITEM,1121,PLAY,1,0,235,30,30,1,False,4,6,True,True,0,0,0,96,210,6,96,210,6,False,False,,,False
92218741,422.2,WIN,True,27,3,DISCARD,7,RESOURCE_MANAGEMENT,,,CARD;CARD,0,0,235,30,30,1,False,4,6,False,True,0,0,0,96,210,6,96,210,6,False,False,,,False
92218741,422.2,WIN,True,28,3,TO_HAND,7,RESOURCE_MANAGEMENT,,,CARD,0,0,235,30,30,1,False,4,6,False,True,0,0,0,96,210,6,96,210,6,False,False,,,False
92218741,422.2,WIN,True,29,3,MAIN,9,BENCH_MANAGEMENT,EVOLVE,,EVOLVE,1,0,235,30,30,1,False,4,6,True,True,0,0,0,96,210,6,96,210,6,False,False,,,False
92218741,422.2,WIN,True,30,3,MAIN,9,RESOURCE_MANAGEMENT,ABILITY,,ABILITY,1,0,235,30,30,1,False,4,6,True,True,0,0,0,96,210,6,96,210,6,False,False,,,False
92218741,422.2,WIN,True,31,3,TO_HAND,2,RESOURCE_MANAGEMENT,,,CARD,0,0,235,30,30,1,False,4,6,False,True,0,0,0,96,210,6,96,210,6,False,False,,,False
92218741,422.2,WIN,True,32,3,MAIN,9,RESOURCE_MANAGEMENT,PLAY_STADIUM,1256,PLAY,1,0,235,30,30,1,False,4,6,True,True,0,0,0,96,210,6,96,210,6,False,False,,,False
92218741,422.2,WIN,True,33,3,MAIN,8,ENERGY_MANAGEMENT,ATTACH_ENERGY,,ATTACH,1,0,235,30,30,1,False,4,6,True,True,0,0,0,96,210,6,96,210,6,False,False,,,False
92218741,422.2,WIN,True,34,3,MAIN,3,TIMING,,,,1,0,235,30,30,1,False,4,6,True,True,0,0,0,96,210,6,96,200,6,False,False,,,False
92218741,422.2,WIN,True,35,5,MAIN,12,BENCH_MANAGEMENT,EVOLVE,,EVOLVE,1,0,235,30,30,1,False,4,6,True,True,0,0,0,96,200,6,96,200,6,False,False,,,False
92218741,422.2,WIN,True,36,5,MAIN,8,RESOURCE_MANAGEMENT,ABILITY,,ABILITY,1,0,235,30,30,1,False,4,6,True,True,0,0,1,96,200,6,96,200,6,False,False,,,False
92218741,422.2,WIN,True,37,5,TO_HAND,2,RESOURCE_MANAGEMENT,,,CARD,0,0,235,30,30,1,False,4,6,False,True,0,0,1,96,200,6,96,200,6,False,False,,,False
92218741,422.2,WIN,True,38,5,MAIN,8,RESOURCE_MANAGEMENT,ABILITY,,ABILITY,1,0,235,30,30,1,False,4,6,True,True,0,0,1,96,200,6,96,200,6,False,False,,,False
92218741,422.2,WIN,True,39,5,TO_HAND,2,RESOURCE_MANAGEMENT,,,CARD,0,0,235,30,30,1,False,4,6,False,True,0,0,1,96,200,6,96,200,6,False,False,,,False
92218741,422.2,WIN,True,40,5,MAIN,12,RESOURCE_MANAGEMENT,PLAY_SUPPORTER,1198,PLAY,1,0,235,30,30,1,False,4,6,True,True,0,0,1,96,200,6,96,200,6,False,False,,,False
92218741,422.2,WIN,True,41,5,TO_HAND,5,RESOURCE_MANAGEMENT,,,CARD,0,0,235,30,30,1,False,4,6,False,True,0,0,1,96,200,6,96,200,6,False,False,,,False
92218741,422.2,WIN,True,42,5,ATTACH_TO,3,ENERGY_MANAGEMENT,,,CARD,0,0,235,30,30,1,False,4,6,False,True,0,0,1,96,200,6,96,200,6,False,False,,,False
92218741,422.2,WIN,True,43,5,ATTACH_FROM,5,ENERGY_MANAGEMENT,,,CARD,0,0,235,30,30,1,False,4,6,False,True,0,0,1,96,200,6,96,200,6,False,False,,,False
92218741,422.2,WIN,True,44,5,MAIN,14,ENERGY_MANAGEMENT,ATTACH_ENERGY,,ATTACH,1,0,235,30,30,1,False,4,6,True,True,0,0,1,96,200,6,96,200,6,False,False,,,False
92218741,422.2,WIN,True,45,5,MAIN,4,RETREAT_SELECTION,RETREAT,,RETREAT,1,0,235,30,30,1,False,4,6,True,True,0,0,1,96,200,6,96,200,6,False,False,,,False
92218741,422.2,WIN,True,46,5,SWITCH,4,ACTIVE_POKEMON_SELECTION,,,CARD,0,0,235,30,30,1,False,4,6,False,True,0,0,1,96,200,6,96,200,6,False,False,,,False
92218741,422.2,WIN,True,47,5,MAIN,4,ATTACK_SELECTION,ATTACK,,ATTACK,2,1,121,320,320,2,False,4,6,False,True,1,1,1,96,200,6,96,0,6,False,False,,,True
92218741,422.2,WIN,True,48,5,DAMAGE_COUNTER_ANY,3,TARGET_SELECTION,,,CARD,0,0,121,320,320,2,False,4,6,False,True,1,1,1,96,0,6,96,0,6,False,False,,,False
92218741,422.2,WIN,True,49,5,DAMAGE_COUNTER_ANY,3,TARGET_SELECTION,,,CARD,0,0,121,320,320,2,False,4,6,False,True,1,1,1,96,0,6,96,0,6,False,False,,,False
92218741,422.2,WIN,True,50,5,DAMAGE_COUNTER_ANY,3,TARGET_SELECTION,,,CARD,0,0,121,320,320,2,False,4,6,False,True,1,1,1,96,0,6,96,0,6,False,False,,,False
92218741,422.2,WIN,True,51,5,DAMAGE_COUNTER_ANY,3,TARGET_SELECTION,,,CARD,0,0,121,320,320,2,False,4,6,False,True,1,1,1,96,0,6,96,0,6,False,False,,,False
92218741,422.2,WIN,True,52,5,DAMAGE_COUNTER_ANY,3,TARGET_SELECTION,,,CARD,0,0,121,320,320,2,False,4,6,False,True,1,1,1,96,0,6,96,0,6,False,False,,,False
92218741,422.2,WIN,True,53,5,DAMAGE_COUNTER_ANY,3,TARGET_SELECTION,,,CARD,0,0,121,320,320,2,False,4,6,False,True,1,1,1,96,0,6,,,6,False,False,,,False
92218741,422.2,WIN,True,54,5,TO_HAND,6,RESOURCE_MANAGEMENT,,,CARD;CARD,0,0,121,320,320,2,False,4,6,False,True,1,1,1,,,6,,,6,,,,,False
92218741,422.2,WIN,True,55,5,TO_HAND,4,RESOURCE_MANAGEMENT,,,,0,0,121,320,320,2,False,4,4,False,True,1,1,1,,,6,96,210,6,,,,,False
92218741,422.2,WIN,True,56,7,MAIN,24,BENCH_MANAGEMENT,EVOLVE,,EVOLVE,2,0,121,320,320,2,False,4,3,True,True,1,1,1,96,210,6,96,210,6,False,False,,,False
92218741,422.2,WIN,True,57,7,MAIN,21,RESOURCE_MANAGEMENT,PLAY_POKEMON,140,PLAY,2,0,121,320,320,2,False,4,3,True,True,1,1,2,96,210,6,96,210,6,False,False,,,False
92218741,422.2,WIN,True,58,7,MAIN,21,RESOURCE_MANAGEMENT,PLAY_ITEM,1120,PLAY,2,0,121,320,320,2,False,5,3,True,True,1,1,2,96,210,6,96,210,6,False,False,,,False
92218741,422.2,WIN,True,59,7,MAIN,20,RESOURCE_MANAGEMENT,ABILITY,,ABILITY,2,0,121,320,320,2,False,5,3,True,True,1,1,2,96,210,6,96,210,6,False,False,,,False
92218741,422.2,WIN,True,60,7,TO_HAND,2,RESOURCE_MANAGEMENT,,,CARD,0,0,121,320,320,2,False,5,3,False,True,1,1,2,96,210,6,96,210,6,False,False,,,False
92218741,422.2,WIN,True,61,7,MAIN,19,ENERGY_MANAGEMENT,ATTACH_ENERGY,,ATTACH,2,0,121,320,320,2,False,5,3,True,True,1,1,2,96,210,6,96,210,6,False,False,,,False
92218741,422.2,WIN,True,62,7,MAIN,7,RESOURCE_MANAGEMENT,PLAY_SUPPORTER,1227,PLAY,2,0,121,320,320,2,False,5,3,True,True,1,1,2,96,210,6,96,210,6,False,False,,,False
92218741,422.2,WIN,True,63,7,MAIN,5,RESOURCE_MANAGEMENT,PLAY_ITEM,1120,PLAY,2,0,121,320,320,2,False,5,3,True,True,1,1,2,96,210,6,96,210,6,False,False,,,False
92218741,422.2,WIN,True,64,7,DISCARD_ENERGY,2,ENERGY_MANAGEMENT,,,ENERGY,0,0,121,320,320,2,False,5,3,False,True,1,1,2,96,210,6,96,210,6,False,False,,,False
92218741,422.2,WIN,True,65,7,MAIN,4,ATTACK_SELECTION,ATTACK,,ATTACK,2,1,121,320,320,2,False,5,3,True,True,1,1,2,96,210,6,96,10,6,False,False,,,False
92218741,422.2,WIN,True,66,7,DAMAGE_COUNTER_ANY,2,TARGET_SELECTION,,,CARD,0,0,121,320,320,2,False,5,3,False,True,1,1,2,96,10,6,96,10,6,False,False,,,False
92218741,422.2,WIN,True,67,7,DAMAGE_COUNTER_ANY,2,TARGET_SELECTION,,,CARD,0,0,121,320,320,2,False,5,3,False,True,1,1,2,96,10,6,96,10,6,False,False,,,False
92218741,422.2,WIN,True,68,7,DAMAGE_COUNTER_ANY,2,TARGET_SELECTION,,,CARD,0,0,121,320,320,2,False,5,3,False,True,1,1,2,96,10,6,96,10,6,False,False,,,False
92218741,422.2,WIN,True,69,7,DAMAGE_COUNTER_ANY,2,TARGET_SELECTION,,,CARD,0,0,121,320,320,2,False,5,3,False,True,1,1,2,96,10,6,96,10,6,False,False,,,False
92218741,422.2,WIN,True,70,7,DAMAGE_COUNTER_ANY,2,TARGET_SELECTION,,,CARD,0,0,121,320,320,2,False,5,3,False,True,1,1,2,96,10,6,96,10,6,False,False,,,False
92218741,422.2,WIN,True,71,7,DAMAGE_COUNTER_ANY,2,TARGET_SELECTION,,,,0,0,121,320,320,2,False,5,3,False,True,1,1,2,96,10,6,96,10,6,False,False,,,False
92218741,422.2,WIN,True,72,9,MAIN,18,RESOURCE_MANAGEMENT,ABILITY,,ABILITY,2,0,121,320,320,2,False,5,3,True,True,1,1,2,96,10,6,96,10,6,False,False,,,False
92218741,422.2,WIN,True,73,9,TO_HAND,2,RESOURCE_MANAGEMENT,,,CARD,0,0,121,320,320,2,False,5,3,False,True,1,1,2,96,10,6,96,10,6,False,False,,,False
92218741,422.2,WIN,True,74,9,MAIN,18,RESOURCE_MANAGEMENT,PLAY_SUPPORTER,1210,PLAY,2,0,121,320,320,2,False,5,3,True,True,1,1,2,96,10,6,96,10,6,False,False,,,False
92218741,422.2,WIN,True,75,9,TO_HAND,3,RESOURCE_MANAGEMENT,,,CARD,0,0,121,320,320,2,False,5,3,False,True,1,1,2,96,10,6,96,10,6,False,False,,,False
92218741,422.2,WIN,True,76,9,MAIN,16,ENERGY_MANAGEMENT,ATTACH_ENERGY,,ATTACH,2,0,121,320,320,2,False,5,3,True,True,1,1,2,96,10,6,96,10,6,False,False,,,False
92218741,422.2,WIN,True,77,9,MAIN,4,ATTACK_SELECTION,ATTACK,,ATTACK,2,1,121,320,320,2,False,5,3,True,True,1,1,2,96,10,6,96,0,6,False,False,,,False
92218741,422.2,WIN,True,78,9,DAMAGE_COUNTER_ANY,4,TARGET_SELECTION,,,CARD,0,0,121,320,320,2,False,5,3,False,True,1,1,2,96,0,6,96,0,6,False,False,,,False
92218741,422.2,WIN,True,79,9,DAMAGE_COUNTER_ANY,4,TARGET_SELECTION,,,CARD,0,0,121,320,320,2,False,5,3,False,True,1,1,2,96,0,6,96,0,6,False,False,,,False
92218741,422.2,WIN,True,80,9,DAMAGE_COUNTER_ANY,4,TARGET_SELECTION,,,CARD,0,0,121,320,320,2,False,5,3,False,True,1,1,2,96,0,6,96,0,6,False,False,,,False
92218741,422.2,WIN,True,81,9,DAMAGE_COUNTER_ANY,4,TARGET_SELECTION,,,CARD,0,0,121,320,320,2,False,5,3,False,True,1,1,2,96,0,6,96,0,6,False,False,,,False
92218741,422.2,WIN,True,82,9,DAMAGE_COUNTER_ANY,4,TARGET_SELECTION,,,CARD,0,0,121,320,320,2,False,5,3,False,True,1,1,2,96,0,6,96,0,6,False,False,,,False
92218741,422.2,WIN,True,83,9,DAMAGE_COUNTER_ANY,4,TARGET_SELECTION,,,CARD,0,0,121,320,320,2,False,5,3,False,True,1,1,2,96,0,6,,,6,False,False,,,False
92218741,422.2,WIN,True,84,9,TO_HAND,3,RESOURCE_MANAGEMENT,,,CARD;CARD,0,0,121,320,320,2,False,5,3,False,True,1,1,2,,,6,,,6,,,,,False
92219700,602.9,WIN,True,0,,,0,UNKNOWN,,,,0,0,,,,,False,,,False,False,,,0,,,,,,,,,,,False
92219700,602.9,WIN,True,1,,,0,UNKNOWN,,,,0,0,,,,,False,,,False,False,,,0,,,,,,0,,,,,False
92219700,602.9,WIN,True,2,0,SETUP_ACTIVE_POKEMON,1,EARLY_GAME_SETUP,,,,0,0,,,,,False,0,0,False,False,,,0,,,0,646,70,6,,,,,False
92219700,602.9,WIN,True,3,1,MAIN,5,RESOURCE_MANAGEMENT,PLAY_STADIUM,1256,PLAY,0,0,184,210,210,2,False,0,6,False,False,2,0,0,646,70,6,646,70,6,False,False,,,False
92219700,602.9,WIN,True,4,1,MAIN,4,RESOURCE_MANAGEMENT,PLAY_ITEM,1086,PLAY,0,0,184,210,210,2,False,0,6,False,False,2,0,0,646,70,6,646,70,6,False,False,,,False
92219700,602.9,WIN,True,5,1,TO_BENCH,4,BENCH_MANAGEMENT,,,CARD;CARD,0,0,184,210,210,2,False,0,6,False,False,2,0,0,646,70,6,646,70,6,False,False,,,False
92219700,602.9,WIN,True,6,1,MAIN,4,RESOURCE_MANAGEMENT,PLAY_ITEM,1152,PLAY,0,0,184,210,210,2,False,2,6,True,True,2,0,0,646,70,6,646,70,6,False,False,,,False
92219700,602.9,WIN,True,7,1,TO_HAND,4,RESOURCE_MANAGEMENT,,,CARD,0,0,184,210,210,2,False,2,6,False,True,2,0,0,646,70,6,646,70,6,False,False,,,False
92219700,602.9,WIN,True,8,1,MAIN,4,RESOURCE_MANAGEMENT,PLAY_POKEMON,235,PLAY,0,0,184,210,210,2,False,2,6,True,True,2,0,0,646,70,6,646,70,6,False,False,,,False
92219700,602.9,WIN,True,9,1,MAIN,3,TIMING,,,,0,0,184,210,210,2,False,3,6,True,True,2,0,1,646,70,6,646,70,6,False,False,,,False
92219700,602.9,WIN,True,10,3,MAIN,9,RESOURCE_MANAGEMENT,PLAY_ITEM,1120,PLAY,1,0,235,30,30,1,False,3,6,True,True,0,0,0,646,70,6,646,70,6,False,False,,,True
92219700,602.9,WIN,True,11,3,DISCARD_ENERGY,1,ENERGY_MANAGEMENT,,,ENERGY,0,0,235,30,30,1,False,3,6,False,True,0,0,0,646,70,6,646,70,6,False,False,,,False
92219700,602.9,WIN,True,12,3,MAIN,7,RESOURCE_MANAGEMENT,PLAY_SUPPORTER,1198,PLAY,1,0,235,30,30,1,False,3,6,True,True,0,0,0,646,70,6,646,70,6,False,False,,,False
92219700,602.9,WIN,True,13,3,TO_HAND,7,RESOURCE_MANAGEMENT,,,CARD,0,0,235,30,30,1,False,3,6,False,True,0,0,0,646,70,6,646,70,6,False,False,,,False
92219700,602.9,WIN,True,14,3,ATTACH_TO,3,ENERGY_MANAGEMENT,,,CARD,0,0,235,30,30,1,False,3,6,False,True,0,0,0,646,70,6,646,70,6,False,False,,,False
92219700,602.9,WIN,True,15,3,ATTACH_FROM,4,ENERGY_MANAGEMENT,,,CARD,0,0,235,30,30,1,False,3,6,False,True,0,0,0,646,70,6,646,70,6,False,False,,,False
92219700,602.9,WIN,True,16,3,MAIN,10,BENCH_MANAGEMENT,EVOLVE,,EVOLVE,1,0,235,30,30,1,False,3,6,True,True,0,0,0,646,70,6,646,70,6,False,False,,,False
92219700,602.9,WIN,True,17,3,MAIN,9,RESOURCE_MANAGEMENT,ABILITY,,ABILITY,1,0,235,30,30,1,False,3,6,True,True,0,0,0,646,70,6,646,70,6,False,False,,,False
92219700,602.9,WIN,True,18,3,TO_HAND,2,RESOURCE_MANAGEMENT,,,CARD,0,0,235,30,30,1,False,3,6,False,True,0,0,0,646,70,6,646,70,6,False,False,,,False
92219700,602.9,WIN,True,19,3,MAIN,8,ENERGY_MANAGEMENT,ATTACH_ENERGY,,ATTACH,1,0,235,30,30,1,False,3,6,True,True,0,0,0,646,70,6,646,70,6,False,False,,,False
92219700,602.9,WIN,True,20,3,MAIN,4,TIMING,,,,1,0,235,30,30,1,False,3,6,True,True,0,0,1,646,70,6,646,50,6,False,False,,,False
92219700,602.9,WIN,True,21,5,MAIN,7,BENCH_MANAGEMENT,EVOLVE,,EVOLVE,1,0,235,30,30,1,False,3,6,True,True,0,0,1,646,50,6,646,50,6,False,False,,,False
92219700,602.9,WIN,True,22,5,MAIN,5,BENCH_MANAGEMENT,EVOLVE,,EVOLVE,1,0,235,30,30,1,False,3,6,True,True,0,0,2,646,50,6,646,50,6,False,False,,,False
92219700,602.9,WIN,True,23,5,MAIN,5,RESOURCE_MANAGEMENT,ABILITY,,ABILITY,1,0,235,30,30,1,False,3,6,True,True,0,0,1,646,50,6,646,50,6,False,False,,,False
92219700,602.9,WIN,True,24,5,TO_HAND,2,RESOURCE_MANAGEMENT,,,CARD,0,0,235,30,30,1,False,3,6,False,True,0,0,1,646,50,6,646,50,6,False,False,,,False
92219700,602.9,WIN,True,25,5,MAIN,4,TIMING,,,,1,0,235,30,30,1,False,3,6,True,True,0,0,1,646,50,6,646,30,6,False,False,,,False
92219700,602.9,WIN,True,26,7,MAIN,7,BENCH_MANAGEMENT,EVOLVE,,EVOLVE,1,0,235,20,30,1,True,3,6,True,True,0,0,1,646,30,6,646,30,6,False,False,Corkscrew Punch,10,False
92219700,602.9,WIN,True,27,7,MAIN,5,RESOURCE_MANAGEMENT,PLAY_ITEM,1120,PLAY,1,0,235,20,30,1,True,3,6,True,True,0,0,2,646,30,6,646,30,6,False,False,Corkscrew Punch,10,False
92219700,602.9,WIN,True,28,7,DISCARD_ENERGY,1,ENERGY_MANAGEMENT,,,ENERGY,0,0,235,20,30,1,True,3,6,False,True,0,0,2,646,30,6,646,30,6,False,False,Corkscrew Punch,10,False
92219700,602.9,WIN,True,29,7,MAIN,4,TIMING,,,,1,0,235,20,30,1,True,3,6,True,True,0,0,2,646,30,6,647,40,6,False,False,,,False
92219700,602.9,WIN,True,30,9,MAIN,5,RESOURCE_MANAGEMENT,PLAY_SUPPORTER,1198,PLAY,1,0,235,20,30,1,True,3,6,True,True,0,0,2,647,40,6,647,40,6,False,True,,,False
92219700,602.9,WIN,True,31,9,TO_HAND,5,RESOURCE_MANAGEMENT,,,CARD,0,0,235,20,30,1,True,3,6,False,True,0,0,2,647,40,6,647,40,6,False,True,,,False
92219700,602.9,WIN,True,32,9,ATTACH_TO,2,ENERGY_MANAGEMENT,,,CARD,0,0,235,20,30,1,True,3,6,False,True,0,0,2,647,40,6,647,40,6,False,True,,,False
92219700,602.9,WIN,True,33,9,ATTACH_FROM,4,ENERGY_MANAGEMENT,,,CARD,0,0,235,20,30,1,True,3,6,False,True,0,0,2,647,40,6,647,40,6,False,True,,,False
92219700,602.9,WIN,True,34,9,MAIN,8,ENERGY_MANAGEMENT,ATTACH_ENERGY,,ATTACH,1,0,235,20,30,1,True,3,6,True,True,0,0,2,647,40,6,647,40,6,False,True,,,False
92219700,602.9,WIN,True,35,9,MAIN,4,RETREAT_SELECTION,RETREAT,,RETREAT,1,0,235,20,30,1,True,3,6,True,True,0,0,2,647,40,6,647,40,6,False,True,,,False
92219700,602.9,WIN,True,36,9,SWITCH,3,ACTIVE_POKEMON_SELECTION,,,CARD,0,0,235,20,30,1,True,3,6,False,True,0,0,2,647,40,6,647,40,6,False,True,,,False
92219700,602.9,WIN,True,37,9,MAIN,4,ATTACK_SELECTION,ATTACK,,ATTACK,2,1,121,320,320,2,False,3,6,False,True,1,1,2,647,40,6,647,0,6,False,False,,,True
92219700,602.9,WIN,True,38,9,DAMAGE_COUNTER_ANY,3,TARGET_SELECTION,,,CARD,0,0,121,320,320,2,False,3,6,False,True,1,1,2,647,0,6,647,0,6,False,False,,,False
92219700,602.9,WIN,True,39,9,DAMAGE_COUNTER_ANY,3,TARGET_SELECTION,,,CARD,0,0,121,320,320,2,False,3,6,False,True,1,1,2,647,0,6,647,0,6,False,False,,,False
92219700,602.9,WIN,True,40,9,DAMAGE_COUNTER_ANY,3,TARGET_SELECTION,,,CARD,0,0,121,320,320,2,False,3,6,False,True,1,1,2,647,0,6,647,0,6,False,False,,,False
92219700,602.9,WIN,True,41,9,DAMAGE_COUNTER_ANY,3,TARGET_SELECTION,,,CARD,0,0,121,320,320,2,False,3,6,False,True,1,1,2,647,0,6,647,0,6,False,False,,,False
92219700,602.9,WIN,True,42,9,DAMAGE_COUNTER_ANY,3,TARGET_SELECTION,,,CARD,0,0,121,320,320,2,False,3,6,False,True,1,1,2,647,0,6,647,0,6,False,False,,,False
92219700,602.9,WIN,True,43,9,DAMAGE_COUNTER_ANY,3,TARGET_SELECTION,,,CARD,0,0,121,320,320,2,False,3,6,False,True,1,1,2,647,0,6,,,6,False,False,,,False
92219700,602.9,WIN,True,44,9,TO_HAND,6,RESOURCE_MANAGEMENT,,,,0,0,121,320,320,2,False,3,6,False,True,1,1,2,,,6,649,70,6,,,,,False
92219700,602.9,WIN,True,45,11,MAIN,6,ATTACK_SELECTION,ATTACK,,ATTACK,2,1,121,320,320,2,False,3,5,True,True,1,1,2,649,70,6,649,0,6,False,False,,,False
92219700,602.9,WIN,True,46,11,DAMAGE_COUNTER_ANY,3,TARGET_SELECTION,,,CARD,0,0,121,320,320,2,False,3,5,False,True,1,1,2,649,0,6,649,0,6,False,False,,,False
92219700,602.9,WIN,True,47,11,DAMAGE_COUNTER_ANY,3,TARGET_SELECTION,,,CARD,0,0,121,320,320,2,False,3,5,False,True,1,1,2,649,0,6,649,0,6,False,False,,,False
92219700,602.9,WIN,True,48,11,DAMAGE_COUNTER_ANY,3,TARGET_SELECTION,,,CARD,0,0,121,320,320,2,False,3,5,False,True,1,1,2,649,0,6,649,0,6,False,False,,,False
92219700,602.9,WIN,True,49,11,DAMAGE_COUNTER_ANY,3,TARGET_SELECTION,,,CARD,0,0,121,320,320,2,False,3,5,False,True,1,1,2,649,0,6,649,0,6,False,False,,,False
92219700,602.9,WIN,True,50,11,DAMAGE_COUNTER_ANY,3,TARGET_SELECTION,,,CARD,0,0,121,320,320,2,False,3,5,False,True,1,1,2,649,0,6,649,0,6,False,False,,,False
92219700,602.9,WIN,True,51,11,DAMAGE_COUNTER_ANY,3,TARGET_SELECTION,,,CARD,0,0,121,320,320,2,False,3,5,False,True,1,1,2,649,0,6,,,6,False,False,,,False
92219700,602.9,WIN,True,52,11,TO_HAND,5,RESOURCE_MANAGEMENT,,,CARD,0,0,121,320,320,2,False,3,5,False,True,1,1,2,,,6,,,6,,,,,False
92219700,602.9,WIN,True,53,11,TO_HAND,4,RESOURCE_MANAGEMENT,,,,0,0,121,320,320,2,False,3,4,False,True,1,1,2,,,6,860,70,6,,,,,False
92219700,602.9,WIN,True,54,13,MAIN,12,RESOURCE_MANAGEMENT,PLAY_POKEMON,140,PLAY,2,0,121,320,320,2,False,3,3,True,True,1,1,2,860,70,6,860,70,6,False,False,,,False
92219700,602.9,WIN,True,55,13,MAIN,12,RESOURCE_MANAGEMENT,PLAY_POKEMON,119,PLAY,2,0,121,320,320,2,False,4,3,True,True,1,1,2,860,70,6,860,70,6,False,False,,,False
92219700,602.9,WIN,True,56,13,MAIN,12,RESOURCE_MANAGEMENT,PLAY_SUPPORTER,1182,PLAY,2,0,121,320,320,2,False,5,3,True,True,1,1,2,860,70,6,860,70,6,False,False,,,False
92219700,602.9,WIN,True,57,13,SWITCH,2,ACTIVE_POKEMON_SELECTION,,,CARD,0,0,121,320,320,2,False,5,3,False,True,1,1,2,860,70,6,112,110,6,False,False,,,False
92219700,602.9,WIN,True,58,13,MAIN,10,ENERGY_MANAGEMENT,ATTACH_ENERGY,,ATTACH,2,0,121,320,320,2,False,5,3,True,True,1,1,2,112,110,6,112,110,6,False,False,,,False
92219700,602.9,WIN,True,59,13,MAIN,4,ATTACK_SELECTION,ATTACK,,ATTACK,2,1,121,320,320,2,False,5,3,True,True,1,1,3,112,110,6,112,0,6,False,False,,,False
92219700,602.9,WIN,True,60,13,DAMAGE_COUNTER_ANY,2,TARGET_SELECTION,,,CARD,0,0,121,320,320,2,False,5,3,False,True,1,1,3,112,0,6,112,0,6,False,False,,,False
92219700,602.9,WIN,True,61,13,DAMAGE_COUNTER_ANY,2,TARGET_SELECTION,,,CARD,0,0,121,320,320,2,False,5,3,False,True,1,1,3,112,0,6,112,0,6,False,False,,,False
92219700,602.9,WIN,True,62,13,DAMAGE_COUNTER_ANY,2,TARGET_SELECTION,,,CARD,0,0,121,320,320,2,False,5,3,False,True,1,1,3,112,0,6,112,0,6,False,False,,,False
92219700,602.9,WIN,True,63,13,DAMAGE_COUNTER_ANY,2,TARGET_SELECTION,,,CARD,0,0,121,320,320,2,False,5,3,False,True,1,1,3,112,0,6,112,0,6,False,False,,,False
92219700,602.9,WIN,True,64,13,DAMAGE_COUNTER_ANY,2,TARGET_SELECTION,,,CARD,0,0,121,320,320,2,False,5,3,False,True,1,1,3,112,0,6,112,0,6,False,False,,,False
92219700,602.9,WIN,True,65,13,DAMAGE_COUNTER_ANY,2,TARGET_SELECTION,,,CARD,0,0,121,320,320,2,False,5,3,False,True,1,1,3,112,0,6,,,6,False,False,,,False
92219700,602.9,WIN,True,66,13,TO_HAND,3,RESOURCE_MANAGEMENT,,,,0,0,121,320,320,2,False,5,3,False,True,1,1,3,,,6,104,40,6,,,,,False
92219700,602.9,WIN,True,67,15,MAIN,8,RESOURCE_MANAGEMENT,PLAY_STADIUM,1256,PLAY,2,0,121,320,320,2,False,5,2,True,True,1,1,3,104,40,6,104,40,6,False,False,,,False
92219700,602.9,WIN,True,68,15,MAIN,6,ATTACK_SELECTION,ATTACK,,ATTACK,2,1,121,320,320,2,False,5,2,True,True,1,1,3,104,40,6,104,0,6,False,False,,,False
92219700,602.9,WIN,True,69,15,DAMAGE_COUNTER_ANY,4,TARGET_SELECTION,,,CARD,0,0,121,320,320,2,False,5,2,False,True,1,1,3,104,0,6,104,0,6,False,False,,,False
92219700,602.9,WIN,True,70,15,DAMAGE_COUNTER_ANY,4,TARGET_SELECTION,,,CARD,0,0,121,320,320,2,False,5,2,False,True,1,1,3,104,0,6,104,0,6,False,False,,,False
92219700,602.9,WIN,True,71,15,DAMAGE_COUNTER_ANY,4,TARGET_SELECTION,,,CARD,0,0,121,320,320,2,False,5,2,False,True,1,1,3,104,0,6,104,0,6,False,False,,,False
92219700,602.9,WIN,True,72,15,DAMAGE_COUNTER_ANY,4,TARGET_SELECTION,,,CARD,0,0,121,320,320,2,False,5,2,False,True,1,1,3,104,0,6,104,0,6,False,False,,,False
92219700,602.9,WIN,True,73,15,DAMAGE_COUNTER_ANY,4,TARGET_SELECTION,,,CARD,0,0,121,320,320,2,False,5,2,False,True,1,1,3,104,0,6,104,0,6,False,False,,,False
92219700,602.9,WIN,True,74,15,DAMAGE_COUNTER_ANY,4,TARGET_SELECTION,,,CARD,0,0,121,320,320,2,False,5,2,False,True,1,1,3,104,0,6,,,6,False,False,,,False
92219700,602.9,WIN,True,75,15,TO_HAND,2,RESOURCE_MANAGEMENT,,,CARD,0,0,121,320,320,2,False,5,2,False,True,1,1,3,,,6,,,6,,,,,False
92220638,576.1,WIN,True,0,,,0,UNKNOWN,,,,0,0,,,,,False,,,False,False,,,0,,,,,,,,,,,False
92220638,576.1,WIN,True,1,,,0,UNKNOWN,,,,0,0,,,,,False,,,False,False,,,0,,,,,,0,,,,,False
92220638,576.1,WIN,True,2,0,IS_FIRST,2,GOING_FIRST_SECOND,,,YES,0,0,,,,,False,0,0,False,False,,,0,,,0,,,0,,,,,False
92220638,576.1,WIN,True,3,0,SETUP_ACTIVE_POKEMON,2,EARLY_GAME_SETUP,,,,0,0,,,,,False,0,0,False,False,,,0,,,0,,,6,,,,,False
92220638,576.1,WIN,True,4,0,DRAW_COUNT,2,SEARCH_DECISION,,,NUMBER,0,0,,,,,False,0,6,False,False,,,0,,,6,,,6,,,,,False
92220638,576.1,WIN,True,5,0,SETUP_BENCH_POKEMON,1,BENCH_MANAGEMENT,,,,0,0,,,,,False,0,6,False,False,,,0,,,6,721,150,6,,,,,False
92220638,576.1,WIN,True,6,1,MAIN,6,RESOURCE_MANAGEMENT,PLAY_ITEM,1086,PLAY,0,0,235,30,30,1,False,0,6,False,False,0,0,0,721,150,6,721,150,6,False,False,,,False
92220638,576.1,WIN,True,7,1,TO_BENCH,4,BENCH_MANAGEMENT,,,CARD;CARD,0,0,235,30,30,1,False,0,6,False,False,0,0,0,721,150,6,721,150,6,False,False,,,False
92220638,576.1,WIN,True,8,1,MAIN,10,RESOURCE_MANAGEMENT,PLAY_ITEM,1152,PLAY,0,0,235,30,30,1,False,2,6,True,True,0,0,0,721,150,6,721,150,6,False,False,,,False
92220638,576.1,WIN,True,9,1,TO_HAND,4,RESOURCE_MANAGEMENT,,,CARD,0,0,235,30,30,1,False,2,6,False,True,0,0,0,721,150,6,721,150,6,False,False,,,False
92220638,576.1,WIN,True,10,1,MAIN,10,RESOURCE_MANAGEMENT,PLAY_POKEMON,119,PLAY,0,0,235,30,30,1,False,2,6,True,True,0,0,0,721,150,6,721,150,6,False,False,,,False
92220638,576.1,WIN,True,11,1,MAIN,11,ENERGY_MANAGEMENT,ATTACH_ENERGY,,ATTACH,0,0,235,30,30,1,False,3,6,True,True,0,0,0,721,150,6,721,150,6,False,False,,,False
92220638,576.1,WIN,True,12,1,MAIN,3,TIMING,,,,0,0,235,30,30,1,False,3,6,True,True,0,0,1,721,150,6,721,150,6,False,False,,,False
92220638,576.1,WIN,True,13,3,MAIN,14,RESOURCE_MANAGEMENT,PLAY_ITEM,1120,PLAY,1,0,235,30,30,1,False,3,6,True,True,0,0,1,721,150,6,721,150,6,False,False,Riptide,0,False
92220638,576.1,WIN,True,14,3,DISCARD_ENERGY,1,ENERGY_MANAGEMENT,,,ENERGY,0,0,235,30,30,1,False,3,6,False,True,0,0,1,721,150,6,721,150,6,False,False,Riptide,0,False
92220638,576.1,WIN,True,15,3,MAIN,12,RESOURCE_MANAGEMENT,PLAY_SUPPORTER,1198,PLAY,1,0,235,30,30,1,False,3,6,True,True,0,0,1,721,150,6,721,150,6,False,False,,,False
92220638,576.1,WIN,True,16,3,TO_HAND,6,RESOURCE_MANAGEMENT,,,CARD,0,0,235,30,30,1,False,3,6,False,True,0,0,1,721,150,6,721,150,6,False,False,,,False
92220638,576.1,WIN,True,17,3,ATTACH_TO,2,ENERGY_MANAGEMENT,,,CARD,0,0,235,30,30,1,False,3,6,False,True,0,0,1,721,150,6,721,150,6,False,False,,,False
92220638,576.1,WIN,True,18,3,ATTACH_FROM,4,ENERGY_MANAGEMENT,,,CARD,0,0,235,30,30,1,False,3,6,False,True,0,0,1,721,150,6,721,150,6,False,False,,,False
92220638,576.1,WIN,True,19,3,MAIN,15,BENCH_MANAGEMENT,EVOLVE,,EVOLVE,1,0,235,30,30,1,False,3,6,True,True,0,0,2,721,150,6,721,150,6,False,False,,,False
92220638,576.1,WIN,True,20,3,MAIN,13,RESOURCE_MANAGEMENT,ABILITY,,ABILITY,1,0,235,30,30,1,False,3,6,True,True,0,0,1,721,150,6,721,150,6,False,False,,,False
92220638,576.1,WIN,True,21,3,TO_HAND,2,RESOURCE_MANAGEMENT,,,CARD,0,0,235,30,30,1,False,3,6,False,True,0,0,1,721,150,6,721,150,6,False,False,,,False
92220638,576.1,WIN,True,22,3,MAIN,12,ENERGY_MANAGEMENT,ATTACH_ENERGY,,ATTACH,1,0,235,30,30,1,False,3,6,True,True,0,0,1,721,150,6,721,150,6,False,False,,,False
92220638,576.1,WIN,True,23,3,MAIN,4,TIMING,,,,1,0,235,30,30,1,False,3,6,True,True,0,0,2,721,150,6,721,140,6,False,False,,,False
92220638,576.1,WIN,True,24,5,MAIN,12,RESOURCE_MANAGEMENT,PLAY_POKEMON,1071,PLAY,1,0,235,30,30,1,False,3,6,True,True,0,0,2,721,140,6,721,140,6,False,False,,,False
92220638,576.1,WIN,True,25,5,ACTIVATE,2,RESOURCE_MANAGEMENT,,,YES,0,0,235,30,30,1,False,4,6,False,True,0,0,2,721,140,6,721,140,6,False,False,,,False
92220638,576.1,WIN,True,26,5,TO_HAND,9,RESOURCE_MANAGEMENT,,,CARD,0,0,235,30,30,1,False,4,6,False,True,0,0,2,721,140,6,721,140,6,False,False,,,False
92220638,576.1,WIN,True,27,5,MAIN,13,RESOURCE_MANAGEMENT,PLAY_ITEM,1086,PLAY,1,0,235,30,30,1,False,4,6,True,True,0,0,2,721,140,6,721,140,6,False,False,,,False
92220638,576.1,WIN,True,28,5,TO_BENCH,1,BENCH_MANAGEMENT,,,CARD,0,0,235,30,30,1,False,4,6,False,True,0,0,2,721,140,6,721,140,6,False,False,,,False
92220638,576.1,WIN,True,29,5,MAIN,13,RESOURCE_MANAGEMENT,PLAY_ITEM,1120,PLAY,1,0,235,30,30,1,False,5,6,True,True,0,0,2,721,140,6,721,140,6,False,False,,,False
92220638,576.1,WIN,True,30,5,DISCARD_ENERGY,1,ENERGY_MANAGEMENT,,,ENERGY,0,0,235,30,30,1,False,5,6,False,True,0,0,2,721,140,6,721,140,6,False,False,,,False
92220638,576.1,WIN,True,31,5,MAIN,12,RESOURCE_MANAGEMENT,ABILITY,,ABILITY,1,0,235,30,30,1,False,5,6,True,True,0,0,2,721,140,6,721,140,6,False,False,,,False
92220638,576.1,WIN,True,32,5,TO_HAND,2,RESOURCE_MANAGEMENT,,,CARD,0,0,235,30,30,1,False,5,6,False,True,0,0,2,721,140,6,721,140,6,False,False,,,False
92220638,576.1,WIN,True,33,5,MAIN,12,BENCH_MANAGEMENT,EVOLVE,,EVOLVE,1,0,235,30,30,1,False,5,6,True,True,0,0,2,721,140,6,721,140,6,False,False,,,False
92220638,576.1,WIN,True,34,5,MAIN,11,ENERGY_MANAGEMENT,ATTACH_ENERGY,,ATTACH,1,0,235,30,30,1,False,5,6,True,True,0,0,3,721,140,6,721,140,6,False,False,,,False
92220638,576.1,WIN,True,35,5,MAIN,5,RESOURCE_MANAGEMENT,PLAY_SUPPORTER,1182,PLAY,1,0,235,30,30,1,False,5,6,True,True,0,0,3,721,140,6,721,140,6,False,False,,,False
92220638,576.1,WIN,True,36,5,SWITCH,2,ACTIVE_POKEMON_SELECTION,,,CARD,0,0,235,30,30,1,False,5,6,False,True,0,0,3,721,140,6,723,350,6,False,False,,,False
92220638,576.1,WIN,True,37,5,MAIN,3,RETREAT_SELECTION,RETREAT,,RETREAT,1,0,235,30,30,1,False,5,6,True,True,0,0,3,723,350,6,723,350,6,False,False,,,False
92220638,576.1,WIN,True,38,5,SWITCH,5,ACTIVE_POKEMON_SELECTION,,,CARD,0,0,235,30,30,1,False,5,6,False,True,0,0,3,723,350,6,723,350,6,False,False,,,False
92220638,576.1,WIN,True,39,5,MAIN,3,ATTACK_SELECTION,ATTACK,,ATTACK,2,1,121,320,320,2,False,5,6,False,True,1,1,3,723,350,6,723,150,6,False,False,,,True
92220638,576.1,WIN,True,40,5,DAMAGE_COUNTER_ANY,2,TARGET_SELECTION,,,CARD,0,0,121,320,320,2,False,5,6,False,True,1,1,3,723,150,6,723,150,6,False,False,,,False
92220638,576.1,WIN,True,41,5,DAMAGE_COUNTER_ANY,2,TARGET_SELECTION,,,CARD,0,0,121,320,320,2,False,5,6,False,True,1,1,3,723,150,6,723,150,6,False,False,,,False
92220638,576.1,WIN,True,42,5,DAMAGE_COUNTER_ANY,2,TARGET_SELECTION,,,CARD,0,0,121,320,320,2,False,5,6,False,True,1,1,3,723,150,6,723,150,6,False,False,,,False
92220638,576.1,WIN,True,43,5,DAMAGE_COUNTER_ANY,2,TARGET_SELECTION,,,CARD,0,0,121,320,320,2,False,5,6,False,True,1,1,3,723,150,6,723,150,6,False,False,,,False
92220638,576.1,WIN,True,44,5,DAMAGE_COUNTER_ANY,2,TARGET_SELECTION,,,CARD,0,0,121,320,320,2,False,5,6,False,True,1,1,3,723,150,6,723,150,6,False,False,,,False
92220638,576.1,WIN,True,45,5,DAMAGE_COUNTER_ANY,2,TARGET_SELECTION,,,,0,0,121,320,320,2,False,5,6,False,True,1,1,3,723,150,6,723,150,6,False,False,,,False
92220638,576.1,WIN,True,46,7,MAIN,6,RESOURCE_MANAGEMENT,PLAY_SUPPORTER,1227,PLAY,2,0,121,320,320,2,False,5,6,True,True,1,1,3,723,150,6,723,150,6,False,False,,,False
92220638,576.1,WIN,True,47,7,MAIN,13,ENERGY_MANAGEMENT,ATTACH_ENERGY,,ATTACH,2,0,121,320,320,2,False,5,6,True,True,1,1,3,723,150,6,723,150,6,False,False,,,False
92220638,576.1,WIN,True,48,7,MAIN,7,RESOURCE_MANAGEMENT,PLAY_ITEM,1152,PLAY,2,0,121,320,320,2,False,5,6,True,True,1,1,3,723,150,6,723,150,6,False,False,,,False
92220638,576.1,WIN,True,49,7,TO_HAND,2,RESOURCE_MANAGEMENT,,,CARD,0,0,121,320,320,2,False,5,6,False,True,1,1,3,723,150,6,723,150,6,False,False,,,False
92220638,576.1,WIN,True,50,7,MAIN,9,RESOURCE_MANAGEMENT,PLAY_ITEM,1120,PLAY,2,0,121,320,320,2,False,5,6,True,True,1,1,3,723,150,6,723,150,6,False,False,,,False
92220638,576.1,WIN,True,51,7,MAIN,8,BENCH_MANAGEMENT,EVOLVE,,EVOLVE,2,0,121,320,320,2,False,5,6,True,True,1,1,3,723,150,6,723,150,6,False,False,,,False
92220638,576.1,WIN,True,52,7,MAIN,6,RESOURCE_MANAGEMENT,ABILITY,,ABILITY,2,0,121,320,320,2,False,5,6,True,True,1,1,2,723,150,6,723,150,6,False,False,,,False
92220638,576.1,WIN,True,53,7,TO_HAND,2,RESOURCE_MANAGEMENT,,,CARD,0,0,121,320,320,2,False,5,6,False,True,1,1,2,723,150,6,723,150,6,False,False,,,False
92220638,576.1,WIN,True,54,7,MAIN,5,ATTACK_SELECTION,ATTACK,,ATTACK,2,1,121,320,320,2,False,5,6,True,True,1,1,2,723,150,6,723,0,6,False,False,,,False
92220638,576.1,WIN,True,55,7,DAMAGE_COUNTER_ANY,3,TARGET_SELECTION,,,CARD,0,0,121,320,320,2,False,5,6,False,True,1,1,2,723,0,6,723,0,6,False,False,,,False
92220638,576.1,WIN,True,56,7,DAMAGE_COUNTER_ANY,3,TARGET_SELECTION,,,CARD,0,0,121,320,320,2,False,5,6,False,True,1,1,2,723,0,6,723,0,6,False,False,,,False
92220638,576.1,WIN,True,57,7,DAMAGE_COUNTER_ANY,3,TARGET_SELECTION,,,CARD,0,0,121,320,320,2,False,5,6,False,True,1,1,2,723,0,6,723,0,6,False,False,,,False
92220638,576.1,WIN,True,58,7,DAMAGE_COUNTER_ANY,3,TARGET_SELECTION,,,CARD,0,0,121,320,320,2,False,5,6,False,True,1,1,2,723,0,6,723,0,6,False,False,,,False
92220638,576.1,WIN,True,59,7,DAMAGE_COUNTER_ANY,3,TARGET_SELECTION,,,CARD,0,0,121,320,320,2,False,5,6,False,True,1,1,2,723,0,6,723,0,6,False,False,,,False
92220638,576.1,WIN,True,60,7,DAMAGE_COUNTER_ANY,3,TARGET_SELECTION,,,CARD,0,0,121,320,320,2,False,5,6,False,True,1,1,2,723,0,6,,,6,False,False,,,False
92220638,576.1,WIN,True,61,7,TO_HAND,6,RESOURCE_MANAGEMENT,,,,0,0,121,320,320,2,False,5,6,False,True,1,1,2,,,6,721,150,6,,,,,False
92220638,576.1,WIN,True,62,9,MAIN,20,BENCH_MANAGEMENT,EVOLVE,,EVOLVE,2,0,121,280,320,2,True,5,3,True,True,1,1,2,721,150,6,721,150,6,False,False,Riptide,0,False
92220638,576.1,WIN,True,63,9,MAIN,17,RESOURCE_MANAGEMENT,PLAY_ITEM,1121,PLAY,2,0,121,280,320,2,True,5,3,True,True,1,1,3,721,150,6,721,150,6,False,False,Riptide,0,False
92220638,576.1,WIN,True,64,9,DISCARD,10,RESOURCE_MANAGEMENT,,,CARD;CARD,0,0,121,280,320,2,True,5,3,False,True,1,1,3,721,150,6,721,150,6,False,False,Riptide,0,False
92220638,576.1,WIN,True,65,9,TO_HAND,3,RESOURCE_MANAGEMENT,,,CARD,0,0,121,280,320,2,True,5,3,False,True,1,1,3,721,150,6,721,150,6,False,False,Riptide,0,False
92220638,576.1,WIN,True,66,9,MAIN,17,RESOURCE_MANAGEMENT,PLAY_ITEM,1120,PLAY,2,0,121,280,320,2,True,5,3,True,True,1,1,3,721,150,6,721,150,6,False,False,Riptide,0,False
92220638,576.1,WIN,True,67,9,MAIN,16,RESOURCE_MANAGEMENT,PLAY_SUPPORTER,1182,PLAY,2,0,121,280,320,2,True,5,3,True,True,1,1,3,721,150,6,721,150,6,False,False,Riptide,0,False
92220638,576.1,WIN,True,68,9,SWITCH,2,ACTIVE_POKEMON_SELECTION,,,CARD,0,0,121,280,320,2,True,5,3,False,True,1,1,3,721,150,6,723,350,6,False,False,Riptide,0,False
92220638,576.1,WIN,True,69,9,MAIN,12,BENCH_MANAGEMENT,EVOLVE,,EVOLVE,2,0,121,280,320,2,True,5,3,True,True,1,1,3,723,350,6,723,350,6,False,False,,,False
92220638,576.1,WIN,True,70,9,MAIN,11,RESOURCE_MANAGEMENT,ABILITY,,ABILITY,2,0,121,280,320,2,True,5,3,True,True,1,1,2,723,350,6,723,350,6,False,False,,,False
92220638,576.1,WIN,True,71,9,TO_HAND,2,RESOURCE_MANAGEMENT,,,CARD,0,0,121,280,320,2,True,5,3,False,True,1,1,2,723,350,6,723,350,6,False,False,,,False
92220638,576.1,WIN,True,72,9,MAIN,11,RESOURCE_MANAGEMENT,PLAY_ITEM,1079,PLAY,2,0,121,280,320,2,True,5,3,True,True,1,1,2,723,350,6,723,350,6,False,False,,,False
92220638,576.1,WIN,True,73,9,EVOLVE,1,BENCH_MANAGEMENT,,,EVOLVE,0,0,121,280,320,2,True,5,3,False,True,1,1,2,723,350,6,723,350,6,False,False,,,False
92220638,576.1,WIN,True,74,9,MAIN,10,ENERGY_MANAGEMENT,ATTACH_ENERGY,,ATTACH,2,0,121,280,320,2,True,5,3,True,True,1,1,2,723,350,6,723,350,6,False,False,,,False
92220638,576.1,WIN,True,75,9,MAIN,4,ATTACK_SELECTION,ATTACK,,ATTACK,2,1,121,280,320,2,True,5,3,True,True,1,1,2,723,350,6,723,150,6,False,False,,,False
92220638,576.1,WIN,True,76,9,DAMAGE_COUNTER_ANY,2,TARGET_SELECTION,,,CARD,0,0,121,280,320,2,True,5,3,False,True,1,1,2,723,150,6,723,150,6,False,False,,,False
92220638,576.1,WIN,True,77,9,DAMAGE_COUNTER_ANY,2,TARGET_SELECTION,,,CARD,0,0,121,280,320,2,True,5,3,False,True,1,1,2,723,150,6,723,150,6,False,False,,,False
92220638,576.1,WIN,True,78,9,DAMAGE_COUNTER_ANY,2,TARGET_SELECTION,,,CARD,0,0,121,280,320,2,True,5,3,False,True,1,1,2,723,150,6,723,150,6,False,False,,,False
92220638,576.1,WIN,True,79,9,DAMAGE_COUNTER_ANY,2,TARGET_SELECTION,,,CARD,0,0,121,280,320,2,True,5,3,False,True,1,1,2,723,150,6,723,150,6,False,False,,,False
92220638,576.1,WIN,True,80,9,DAMAGE_COUNTER_ANY,2,TARGET_SELECTION,,,CARD,0,0,121,280,320,2,True,5,3,False,True,1,1,2,723,150,6,723,150,6,False,False,,,False
92220638,576.1,WIN,True,81,9,DAMAGE_COUNTER_ANY,2,TARGET_SELECTION,,,,0,0,121,280,320,2,True,5,3,False,True,1,1,2,723,150,6,723,150,4,False,False,,,False
92220638,576.1,WIN,True,82,10,TO_ACTIVE,5,ACTIVE_POKEMON_SELECTION,,,CARD,0,0,,,,,False,5,3,False,True,,,2,723,150,4,723,150,4,,,,,True
92220638,576.1,WIN,True,83,11,MAIN,10,RESOURCE_MANAGEMENT,ABILITY,,ABILITY,1,0,235,30,30,1,False,4,3,True,True,0,0,1,723,150,4,723,150,4,False,True,Hammer-lanche,0,False
92220638,576.1,WIN,True,84,11,TO_HAND,2,RESOURCE_MANAGEMENT,,,CARD,0,0,235,30,30,1,False,4,3,False,True,0,0,1,723,150,4,723,150,4,False,True,Hammer-lanche,0,False
92220638,576.1,WIN,True,85,11,MAIN,14,ENERGY_MANAGEMENT,ATTACH_ENERGY,,ATTACH,1,0,235,30,30,1,False,4,3,True,True,0,0,1,723,150,4,723,150,4,False,True,Hammer-lanche,0,False
92220638,576.1,WIN,True,86,11,MAIN,9,RESOURCE_MANAGEMENT,PLAY_ITEM,1080,PLAY,1,0,235,30,30,1,False,4,3,True,True,0,0,2,723,150,4,723,150,4,False,True,Hammer-lanche,0,False
92220638,576.1,WIN,True,87,11,MAIN,7,RETREAT_SELECTION,RETREAT,,RETREAT,1,0,235,30,30,1,False,4,3,True,True,0,0,2,723,150,4,723,150,4,False,True,Hammer-lanche,0,False
92220638,576.1,WIN,True,88,11,SWITCH,4,ACTIVE_POKEMON_SELECTION,,,CARD,0,0,235,30,30,1,False,4,3,False,True,0,0,2,723,150,4,723,150,4,False,True,Hammer-lanche,0,False
92220638,576.1,WIN,True,89,11,MAIN,7,ATTACK_SELECTION,ATTACK,,ATTACK,2,1,121,320,320,2,False,4,3,False,True,1,1,2,723,150,4,723,0,4,False,False,Hammer-lanche,0,True
92220638,576.1,WIN,True,90,11,DAMAGE_COUNTER_ANY,3,TARGET_SELECTION,,,CARD,0,0,121,320,320,2,False,4,3,False,True,1,1,2,723,0,4,723,0,4,False,False,Hammer-lanche,0,False
92220638,576.1,WIN,True,91,11,DAMAGE_COUNTER_ANY,3,TARGET_SELECTION,,,CARD,0,0,121,320,320,2,False,4,3,False,True,1,1,2,723,0,4,723,0,4,False,False,Hammer-lanche,0,False
92220638,576.1,WIN,True,92,11,DAMAGE_COUNTER_ANY,3,TARGET_SELECTION,,,CARD,0,0,121,320,320,2,False,4,3,False,True,1,1,2,723,0,4,723,0,4,False,False,Hammer-lanche,0,False
92220638,576.1,WIN,True,93,11,DAMAGE_COUNTER_ANY,3,TARGET_SELECTION,,,CARD,0,0,121,320,320,2,False,4,3,False,True,1,1,2,723,0,4,723,0,4,False,False,Hammer-lanche,0,False
92220638,576.1,WIN,True,94,11,DAMAGE_COUNTER_ANY,3,TARGET_SELECTION,,,CARD,0,0,121,320,320,2,False,4,3,False,True,1,1,2,723,0,4,723,0,4,False,False,Hammer-lanche,0,False
92220638,576.1,WIN,True,95,11,DAMAGE_COUNTER_ANY,3,TARGET_SELECTION,,,CARD,0,0,121,320,320,2,False,4,3,False,True,1,1,2,723,0,4,,,4,False,False,Hammer-lanche,0,False
92221582,631.9,LOSS,True,0,,,0,UNKNOWN,,,,0,0,,,,,False,,,False,False,,,0,,,,,,,,,,,False
92221582,631.9,LOSS,True,1,,,0,UNKNOWN,,,,0,0,,,,,False,,,False,False,,,0,,,,,,0,,,,,False
92221582,631.9,LOSS,True,2,0,IS_FIRST,2,GOING_FIRST_SECOND,,,,0,0,,,,,False,0,0,False,False,,,0,,,0,,,6,,,,,False
92221582,631.9,LOSS,True,3,0,SETUP_ACTIVE_POKEMON,1,EARLY_GAME_SETUP,,,,0,0,,,,,False,0,0,False,False,,,0,,,6,677,80,6,,,,,False
92221582,631.9,LOSS,True,4,1,MAIN,3,RESOURCE_MANAGEMENT,PLAY_STADIUM,1256,PLAY,0,0,184,210,210,2,False,0,6,False,False,2,0,0,677,80,6,677,80,6,False,False,,,False
92221582,631.9,LOSS,True,5,1,MAIN,2,ENERGY_MANAGEMENT,ATTACH_ENERGY,,ATTACH,0,0,184,210,210,2,False,0,6,False,False,2,0,0,677,80,6,677,80,6,False,False,,,False
92221582,631.9,LOSS,True,6,1,MAIN,1,TIMING,,,,0,0,184,210,210,2,False,0,6,False,False,2,1,0,677,80,6,677,80,6,False,False,,,False
92221582,631.9,LOSS,True,7,3,MAIN,5,RESOURCE_MANAGEMENT,PLAY_ITEM,1121,PLAY,0,0,184,210,210,2,False,0,6,False,False,2,1,0,677,80,6,677,80,6,False,False,Accelerating Stab,30,False
92221582,631.9,LOSS,True,8,3,DISCARD,5,RESOURCE_MANAGEMENT,,,CARD;CARD,0,0,184,210,210,2,False,0,6,False,False,2,1,0,677,80,6,677,80,6,False,False,Accelerating Stab,30,False
92221582,631.9,LOSS,True,9,3,TO_HAND,12,RESOURCE_MANAGEMENT,,,CARD,0,0,184,210,210,2,False,0,6,False,False,2,1,0,677,80,6,677,80,6,False,False,Accelerating Stab,30,False
92221582,631.9,LOSS,True,10,3,MAIN,4,RESOURCE_MANAGEMENT,PLAY_POKEMON,235,PLAY,0,0,184,210,210,2,False,0,6,False,False,2,1,0,677,80,6,677,80,6,False,False,Accelerating Stab,30,False
92221582,631.9,LOSS,True,11,3,MAIN,4,RESOURCE_MANAGEMENT,PLAY_SUPPORTER,1198,PLAY,0,0,184,210,210,2,False,1,6,True,True,2,1,1,677,80,6,677,80,6,False,False,Accelerating Stab,30,False
92221582,631.9,LOSS,True,12,3,TO_HAND,6,RESOURCE_MANAGEMENT,,,CARD,0,0,184,210,210,2,False,1,6,False,True,2,1,1,677,80,6,677,80,6,False,False,Accelerating Stab,30,False
92221582,631.9,LOSS,True,13,3,ATTACH_TO,2,ENERGY_MANAGEMENT,,,CARD,0,0,184,210,210,2,False,1,6,False,True,2,1,1,677,80,6,677,80,6,False,False,Accelerating Stab,30,False
92221582,631.9,LOSS,True,14,3,ATTACH_FROM,2,ENERGY_MANAGEMENT,,,CARD,0,0,184,210,210,2,False,1,6,False,True,2,1,1,677,80,6,677,80,6,False,False,Accelerating Stab,30,False
92221582,631.9,LOSS,True,15,3,MAIN,4,RETREAT_SELECTION,RETREAT,,RETREAT,0,0,184,210,210,2,False,1,6,True,True,2,2,1,677,80,6,677,80,6,False,False,Accelerating Stab,30,False
92221582,631.9,LOSS,True,16,3,SWITCH,1,ACTIVE_POKEMON_SELECTION,,,CARD,0,0,184,210,210,2,False,1,6,False,True,2,2,1,677,80,6,677,80,6,False,False,Accelerating Stab,30,False
92221582,631.9,LOSS,True,17,3,MAIN,4,TIMING,,,,1,0,235,30,30,1,False,1,6,False,True,0,0,0,677,80,6,678,330,4,True,False,Accelerating Stab,30,True
92221582,631.9,LOSS,True,18,4,TO_ACTIVE,1,ACTIVE_POKEMON_SELECTION,,,CARD,0,0,,,,,False,1,6,False,True,,,1,678,330,4,678,330,4,,,,,True
92221582,631.9,LOSS,True,19,5,MAIN,5,RESOURCE_MANAGEMENT,PLAY_SUPPORTER,1227,PLAY,1,0,235,30,30,1,False,0,6,False,False,0,0,0,678,330,4,678,330,4,True,False,Mega Brave,270,False
92221582,631.9,LOSS,True,20,5,MAIN,6,ENERGY_MANAGEMENT,ATTACH_ENERGY,,ATTACH,1,0,235,30,30,1,False,0,6,False,False,0,0,0,678,330,4,678,330,4,True,False,Mega Brave,270,False
92221582,631.9,LOSS,True,21,5,MAIN,5,RESOURCE_MANAGEMENT,PLAY_POKEMON,119,PLAY,1,0,235,30,30,1,False,0,6,False,False,0,0,0,678,330,4,678,330,4,True,False,Mega Brave,270,False
92221582,631.9,LOSS,True,22,5,MAIN,5,RESOURCE_MANAGEMENT,PLAY_ITEM,1086,PLAY,1,0,235,30,30,1,False,1,6,True,True,0,0,0,678,330,4,678,330,4,True,False,Mega Brave,270,False
92221582,631.9,LOSS,True,23,5,TO_BENCH,3,BENCH_MANAGEMENT,,,CARD;CARD,0,0,235,30,30,1,False,1,6,False,True,0,0,0,678,330,4,678,330,4,True,False,Mega Brave,270,False
92221582,631.9,LOSS,True,24,5,MAIN,4,RESOURCE_MANAGEMENT,PLAY_ITEM,1120,PLAY,1,0,235,30,30,1,False,3,6,True,True,0,0,0,678,330,4,678,330,4,True,False,Mega Brave,270,False
92221582,631.9,LOSS,True,25,5,DISCARD_ENERGY,2,ENERGY_MANAGEMENT,,,ENERGY,0,0,235,30,30,1,False,3,6,False,True,0,0,0,678,330,4,678,330,4,True,False,Mega Brave,270,False
92221582,631.9,LOSS,True,26,5,MAIN,3,TIMING,,,,1,0,235,30,30,1,False,3,6,True,True,0,0,0,678,330,4,678,320,3,True,False,Aura Jab,130,False
92221582,631.9,LOSS,True,27,6,TO_ACTIVE,3,ACTIVE_POKEMON_SELECTION,,,CARD,0,0,,,,,False,3,6,False,True,,,0,678,320,3,678,320,3,,,,,True
92221582,631.9,LOSS,True,28,7,MAIN,11,BENCH_MANAGEMENT,EVOLVE,,EVOLVE,0,0,119,70,70,1,False,2,6,False,True,1,0,0,678,320,3,678,320,3,True,False,Mega Brave,270,False
92221582,631.9,LOSS,True,29,7,MAIN,9,RESOURCE_MANAGEMENT,ABILITY,,ABILITY,0,0,120,90,90,1,False,2,6,False,True,1,0,0,678,320,3,678,320,3,True,False,Mega Brave,270,True
92221582,631.9,LOSS,True,30,7,TO_HAND,2,RESOURCE_MANAGEMENT,,,CARD,0,0,120,90,90,1,False,2,6,False,True,1,0,0,678,320,3,678,320,3,True,False,Mega Brave,270,False
92221582,631.9,LOSS,True,31,7,MAIN,9,RESOURCE_MANAGEMENT,PLAY_ITEM,1097,PLAY,0,0,120,90,90,1,False,2,6,False,True,1,0,0,678,320,3,678,320,3,True,False,Mega Brave,270,False
92221582,631.9,LOSS,True,32,7,TO_HAND,5,RESOURCE_MANAGEMENT,,,CARD,0,0,120,90,90,1,False,2,6,False,True,1,0,0,678,320,3,678,320,3,True,False,Mega Brave,270,False
92221582,631.9,LOSS,True,33,7,MAIN,10,BENCH_MANAGEMENT,EVOLVE,,EVOLVE,0,0,120,90,90,1,False,2,6,False,True,1,0,0,678,320,3,678,320,3,True,False,Mega Brave,270,False
92221582,631.9,LOSS,True,34,7,MAIN,9,RESOURCE_MANAGEMENT,ABILITY,,ABILITY,0,0,120,90,90,1,False,2,6,False,True,1,0,0,678,320,3,678,320,3,True,False,Mega Brave,270,False
92221582,631.9,LOSS,True,35,7,TO_HAND,2,RESOURCE_MANAGEMENT,,,CARD,0,0,120,90,90,1,False,2,6,False,True,1,0,0,678,320,3,678,320,3,True,False,Mega Brave,270,False
92221582,631.9,LOSS,True,36,7,MAIN,9,RESOURCE_MANAGEMENT,PLAY_ITEM,1120,PLAY,0,0,120,90,90,1,False,2,6,False,True,1,0,0,678,320,3,678,320,3,True,False,Mega Brave,270,False
92221582,631.9,LOSS,True,37,7,DISCARD_ENERGY,5,ENERGY_MANAGEMENT,,,ENERGY,0,0,120,90,90,1,False,2,6,False,True,1,0,0,678,320,3,678,320,3,True,False,Mega Brave,270,False
92221582,631.9,LOSS,True,38,7,MAIN,8,ENERGY_MANAGEMENT,ATTACH_ENERGY,,ATTACH,0,0,120,90,90,1,False,2,6,False,True,1,0,0,678,320,3,678,320,3,True,False,Mega Brave,270,False
92221582,631.9,LOSS,True,39,7,MAIN,5,RESOURCE_MANAGEMENT,PLAY_SUPPORTER,1227,PLAY,0,0,120,90,90,1,False,2,6,False,True,1,0,1,678,320,3,678,320,3,True,False,Mega Brave,270,False
92221582,631.9,LOSS,True,40,7,MAIN,5,RESOURCE_MANAGEMENT,PLAY_ITEM,1079,PLAY,0,0,120,90,90,1,False,2,6,False,True,1,0,1,678,320,3,678,320,3,True,False,Mega Brave,270,False
92221582,631.9,LOSS,True,41,7,EVOLVE,1,BENCH_MANAGEMENT,,,EVOLVE,0,0,120,90,90,1,False,2,6,False,True,1,0,1,678,320,3,678,320,3,True,False,Mega Brave,270,False
92221582,631.9,LOSS,True,42,7,MAIN,4,RESOURCE_MANAGEMENT,PLAY_POKEMON,140,PLAY,0,0,120,90,90,1,False,2,6,False,True,1,0,1,678,320,3,678,320,3,True,False,Mega Brave,270,False
92221582,631.9,LOSS,True,43,7,MAIN,4,RESOURCE_MANAGEMENT,PLAY_ITEM,1120,PLAY,0,0,120,90,90,1,False,3,6,False,True,1,0,1,678,320,3,678,320,3,True,False,Mega Brave,270,False
92221582,631.9,LOSS,True,44,7,MAIN,3,RESOURCE_MANAGEMENT,ABILITY,,ABILITY,0,0,120,90,90,1,False,3,6,False,True,1,0,1,678,320,3,678,320,3,True,False,Mega Brave,270,False
92221582,631.9,LOSS,True,45,7,MAIN,4,RESOURCE_MANAGEMENT,PLAY_ITEM,1152,PLAY,0,0,120,90,90,1,False,3,6,False,True,1,0,1,678,320,3,678,320,3,True,False,Mega Brave,270,False
92221582,631.9,LOSS,True,46,7,TO_HAND,3,RESOURCE_MANAGEMENT,,,CARD,0,0,120,90,90,1,False,3,6,False,True,1,0,1,678,320,3,678,320,3,True,False,Mega Brave,270,False
92221582,631.9,LOSS,True,47,7,MAIN,3,RESOURCE_MANAGEMENT,PLAY_ITEM,1152,PLAY,0,0,120,90,90,1,False,3,6,False,True,1,0,1,678,320,3,678,320,3,True,False,Mega Brave,270,False
92221582,631.9,LOSS,True,48,7,TO_HAND,2,RESOURCE_MANAGEMENT,,,CARD,0,0,120,90,90,1,False,3,6,False,True,1,0,1,678,320,3,678,320,3,True,False,Mega Brave,270,False
92221582,631.9,LOSS,True,49,7,MAIN,2,TIMING,,,,0,0,120,90,90,1,False,3,6,False,True,1,0,1,678,320,3,678,320,2,True,False,Mega Brave,270,False
92221582,631.9,LOSS,True,50,8,TO_ACTIVE,3,ACTIVE_POKEMON_SELECTION,,,CARD,0,0,,,,,False,3,6,False,True,,,1,678,320,2,678,320,2,,,,,True
92221582,631.9,LOSS,True,51,9,MAIN,15,RESOURCE_MANAGEMENT,PLAY_ITEM,1121,PLAY,1,0,121,320,320,2,False,2,6,True,True,1,1,0,678,320,2,678,320,2,False,False,Mega Brave,270,False
92221582,631.9,LOSS,True,52,9,DISCARD,7,RESOURCE_MANAGEMENT,,,CARD;CARD,0,0,121,320,320,2,False,2,6,False,True,1,1,0,678,320,2,678,320,2,False,False,Mega Brave,270,False
92221582,631.9,LOSS,True,53,9,TO_HAND,3,RESOURCE_MANAGEMENT,,,CARD,0,0,121,320,320,2,False,2,6,False,True,1,1,0,678,320,2,678,320,2,False,False,Mega Brave,270,False
92221582,631.9,LOSS,True,54,9,MAIN,14,RESOURCE_MANAGEMENT,ABILITY,,ABILITY,1,0,121,320,320,2,False,2,6,True,True,1,1,0,678,320,2,678,320,2,False,False,Mega Brave,270,False
92221582,631.9,LOSS,True,55,9,TO_HAND,2,RESOURCE_MANAGEMENT,,,CARD,0,0,121,320,320,2,False,2,6,False,True,1,1,0,678,320,2,678,320,2,False,False,Mega Brave,270,False
92221582,631.9,LOSS,True,56,9,MAIN,14,RESOURCE_MANAGEMENT,ABILITY,,ABILITY,1,0,121,320,320,2,False,2,6,True,True,1,1,0,678,320,2,678,320,2,False,False,Mega Brave,270,False
92221582,631.9,LOSS,True,57,9,MAIN,16,RESOURCE_MANAGEMENT,PLAY_ITEM,1121,PLAY,1,0,121,320,320,2,False,2,6,True,True,1,1,0,678,320,2,678,320,2,False,False,Mega Brave,270,False
92221582,631.9,LOSS,True,58,9,DISCARD,9,RESOURCE_MANAGEMENT,,,CARD;CARD,0,0,121,320,320,2,False,2,6,False,True,1,1,0,678,320,2,678,320,2,False,False,Mega Brave,270,False
92221582,631.9,LOSS,True,59,9,TO_HAND,1,RESOURCE_MANAGEMENT,,,CARD,0,0,121,320,320,2,False,2,6,False,True,1,1,0,678,320,2,678,320,2,False,False,Mega Brave,270,False
92221582,631.9,LOSS,True,60,9,MAIN,14,RESOURCE_MANAGEMENT,PLAY_ITEM,1097,PLAY,1,0,121,320,320,2,False,2,6,True,True,1,1,0,678,320,2,678,320,2,False,False,Mega Brave,270,False
92221582,631.9,LOSS,True,61,9,TO_HAND,10,RESOURCE_MANAGEMENT,,,CARD,0,0,121,320,320,2,False,2,6,False,True,1,1,0,678,320,2,678,320,2,False,False,Mega Brave,270,False
92221582,631.9,LOSS,True,62,9,MAIN,14,RESOURCE_MANAGEMENT,PLAY_POKEMON,119,PLAY,1,0,121,320,320,2,False,2,6,True,True,1,1,0,678,320,2,678,320,2,False,False,Mega Brave,270,False
92221582,631.9,LOSS,True,63,9,MAIN,15,ENERGY_MANAGEMENT,ATTACH_ENERGY,,ATTACH,1,0,121,320,320,2,False,3,6,True,True,1,1,0,678,320,2,678,320,2,False,False,Mega Brave,270,False
92221582,631.9,LOSS,True,64,9,MAIN,8,RESOURCE_MANAGEMENT,PLAY_ITEM,1121,PLAY,2,0,121,320,320,2,False,3,6,True,True,1,1,0,678,320,2,678,320,2,False,False,Mega Brave,270,False
92221582,631.9,LOSS,True,65,9,DISCARD,5,RESOURCE_MANAGEMENT,,,CARD;CARD,0,0,121,320,320,2,False,3,6,False,True,1,1,0,678,320,2,678,320,2,False,False,Mega Brave,270,False
92221582,631.9,LOSS,True,66,9,MAIN,6,RESOURCE_MANAGEMENT,PLAY_SUPPORTER,1227,PLAY,2,0,121,320,320,2,False,3,6,True,True,1,1,0,678,320,2,678,320,2,False,False,Mega Brave,270,False
92221582,631.9,LOSS,True,67,9,MAIN,8,RESOURCE_MANAGEMENT,PLAY_ITEM,1120,PLAY,2,0,121,320,320,2,False,3,6,True,True,1,1,0,678,320,2,678,320,2,False,False,Mega Brave,270,False
92221582,631.9,LOSS,True,68,9,MAIN,7,ATTACK_SELECTION,ATTACK,,ATTACK,2,1,121,320,320,2,False,3,6,True,True,1,1,0,678,320,2,678,120,2,False,False,Mega Brave,270,False
92221582,631.9,LOSS,True,69,9,DAMAGE_COUNTER_ANY,4,TARGET_SELECTION,,,CARD,0,0,121,320,320,2,False,3,6,False,True,1,1,0,678,120,2,678,120,2,False,False,Mega Brave,270,False
92221582,631.9,LOSS,True,70,9,DAMAGE_COUNTER_ANY,4,TARGET_SELECTION,,,CARD,0,0,121,320,320,2,False,3,6,False,True,1,1,0,678,120,2,678,120,2,False,False,Mega Brave,270,False
92221582,631.9,LOSS,True,71,9,DAMAGE_COUNTER_ANY,4,TARGET_SELECTION,,,CARD,0,0,121,320,320,2,False,3,6,False,True,1,1,0,678,120,2,678,120,2,False,False,Mega Brave,270,False
92221582,631.9,LOSS,True,72,9,DAMAGE_COUNTER_ANY,4,TARGET_SELECTION,,,CARD,0,0,121,320,320,2,False,3,6,False,True,1,1,0,678,120,2,678,120,2,False,False,Mega Brave,270,False
92221582,631.9,LOSS,True,73,9,DAMAGE_COUNTER_ANY,4,TARGET_SELECTION,,,CARD,0,0,121,320,320,2,False,3,6,False,True,1,1,0,678,120,2,678,120,2,False,False,Mega Brave,270,False
92221582,631.9,LOSS,True,74,9,DAMAGE_COUNTER_ANY,4,TARGET_SELECTION,,,,0,0,121,320,320,2,False,3,6,False,True,1,1,0,678,120,2,678,120,2,False,False,Mega Brave,270,False
92221582,631.9,LOSS,True,75,11,MAIN,19,RESOURCE_MANAGEMENT,PLAY_SUPPORTER,1182,PLAY,2,0,121,20,320,2,True,3,6,True,True,1,1,0,678,120,2,678,120,2,True,False,Mega Brave,270,False
92221582,631.9,LOSS,True,76,11,SWITCH,5,ACTIVE_POKEMON_SELECTION,,,CARD,0,0,121,20,320,2,True,3,6,False,True,1,1,0,678,120,2,678,280,2,True,False,Mega Brave,270,False
92221582,631.9,LOSS,True,77,11,MAIN,17,BENCH_MANAGEMENT,EVOLVE,,EVOLVE,2,0,121,20,320,2,True,3,6,True,True,1,1,0,678,280,2,678,280,2,True,False,Mega Brave,270,False
92221582,631.9,LOSS,True,78,11,MAIN,17,ENERGY_MANAGEMENT,ATTACH_ENERGY,,ATTACH,2,0,121,20,320,2,True,3,6,True,True,1,1,0,678,280,2,678,280,2,True,False,Mega Brave,270,False
92221582,631.9,LOSS,True,79,11,MAIN,9,ATTACK_SELECTION,ATTACK,,ATTACK,2,1,121,20,320,2,True,3,6,True,True,1,1,0,678,280,2,678,80,2,True,False,Mega Brave,270,False
92221582,631.9,LOSS,True,80,11,DAMAGE_COUNTER_ANY,5,TARGET_SELECTION,,,CARD,0,0,121,20,320,2,True,3,6,False,True,1,1,0,678,80,2,678,80,2,True,False,Mega Brave,270,False
92221582,631.9,LOSS,True,81,11,DAMAGE_COUNTER_ANY,5,TARGET_SELECTION,,,CARD,0,0,121,20,320,2,True,3,6,False,True,1,1,0,678,80,2,678,80,2,True,False,Mega Brave,270,False
92221582,631.9,LOSS,True,82,11,DAMAGE_COUNTER_ANY,5,TARGET_SELECTION,,,CARD,0,0,121,20,320,2,True,3,6,False,True,1,1,0,678,80,2,678,80,2,True,False,Mega Brave,270,False
92221582,631.9,LOSS,True,83,11,DAMAGE_COUNTER_ANY,5,TARGET_SELECTION,,,CARD,0,0,121,20,320,2,True,3,6,False,True,1,1,0,678,80,2,678,80,2,True,False,Mega Brave,270,False
92221582,631.9,LOSS,True,84,11,DAMAGE_COUNTER_ANY,5,TARGET_SELECTION,,,CARD,0,0,121,20,320,2,True,3,6,False,True,1,1,0,678,80,2,678,80,2,True,False,Mega Brave,270,False
92222547,575.0,WIN,True,0,,,0,UNKNOWN,,,,0,0,,,,,False,,,False,False,,,0,,,,,,,,,,,False
92222547,575.0,WIN,True,1,,,0,UNKNOWN,,,,0,0,,,,,False,,,False,False,,,0,,,,,,0,,,,,False
92222547,575.0,WIN,True,2,0,IS_FIRST,2,GOING_FIRST_SECOND,,,YES,0,0,,,,,False,0,0,False,False,,,0,,,0,,,0,,,,,False
92222547,575.0,WIN,True,3,0,SETUP_ACTIVE_POKEMON,1,EARLY_GAME_SETUP,,,,0,0,,,,,False,0,0,False,False,,,0,,,0,722,90,6,,,,,False
92222547,575.0,WIN,True,4,1,MAIN,4,ENERGY_MANAGEMENT,ATTACH_ENERGY,,ATTACH,0,0,119,70,70,1,False,0,6,False,False,1,0,0,722,90,6,722,90,6,False,False,,,False
92222547,575.0,WIN,True,5,1,MAIN,3,RESOURCE_MANAGEMENT,PLAY_ITEM,1152,PLAY,0,0,119,70,70,1,False,0,6,False,False,1,0,0,722,90,6,722,90,6,False,False,,,False
92222547,575.0,WIN,True,6,1,TO_HAND,9,RESOURCE_MANAGEMENT,,,CARD,0,0,119,70,70,1,False,0,6,False,False,1,0,0,722,90,6,722,90,6,False,False,,,False
92222547,575.0,WIN,True,7,1,MAIN,3,RESOURCE_MANAGEMENT,PLAY_POKEMON,119,PLAY,0,0,119,70,70,1,False,0,6,False,False,1,0,0,722,90,6,722,90,6,False,False,,,False
92222547,575.0,WIN,True,8,1,MAIN,3,ENERGY_MANAGEMENT,ATTACH_ENERGY,,ATTACH,0,0,119,70,70,1,False,1,6,False,True,1,0,0,722,90,6,722,90,6,False,False,,,False
92222547,575.0,WIN,True,9,1,MAIN,1,TIMING,,,,0,0,119,70,70,1,False,1,6,False,True,1,0,1,722,90,6,722,90,6,False,False,,,False
92222547,575.0,WIN,True,10,3,MAIN,6,RESOURCE_MANAGEMENT,PLAY_POKEMON,119,PLAY,0,0,119,60,70,1,True,1,6,False,True,1,0,1,722,90,6,722,90,6,False,False,Beat,10,False
92222547,575.0,WIN,True,11,3,MAIN,5,RESOURCE_MANAGEMENT,PLAY_ITEM,1086,PLAY,0,0,119,60,70,1,True,2,6,False,True,1,0,1,722,90,6,722,90,6,False,False,Beat,10,False
92222547,575.0,WIN,True,12,3,TO_BENCH,3,BENCH_MANAGEMENT,,,CARD;CARD,0,0,119,60,70,1,True,2,6,False,True,1,0,1,722,90,6,722,90,6,False,False,Beat,10,False
92222547,575.0,WIN,True,13,3,MAIN,4,RESOURCE_MANAGEMENT,PLAY_ITEM,1120,PLAY,0,0,119,60,70,1,True,4,6,False,True,1,0,2,722,90,6,722,90,6,False,False,Beat,10,False
92222547,575.0,WIN,True,14,3,MAIN,3,RESOURCE_MANAGEMENT,PLAY_SUPPORTER,1227,PLAY,0,0,119,60,70,1,True,4,6,False,True,1,0,2,722,90,6,722,90,6,False,False,Beat,10,False
92222547,575.0,WIN,True,15,3,MAIN,17,RESOURCE_MANAGEMENT,PLAY_ITEM,1152,PLAY,0,0,119,60,70,1,True,4,6,False,True,1,0,2,722,90,6,722,90,6,False,False,Beat,10,False
92222547,575.0,WIN,True,16,3,TO_HAND,4,RESOURCE_MANAGEMENT,,,CARD,0,0,119,60,70,1,True,4,6,False,True,1,0,2,722,90,6,722,90,6,False,False,Beat,10,False
92222547,575.0,WIN,True,17,3,MAIN,18,BENCH_MANAGEMENT,EVOLVE,,EVOLVE,0,0,119,60,70,1,True,4,6,False,True,1,0,2,722,90,6,722,90,6,False,False,Beat,10,False
92222547,575.0,WIN,True,18,3,MAIN,16,RESOURCE_MANAGEMENT,ABILITY,,ABILITY,0,0,119,60,70,1,True,4,6,False,True,1,0,1,722,90,6,722,90,6,False,False,Beat,10,False
92222547,575.0,WIN,True,19,3,TO_HAND,2,RESOURCE_MANAGEMENT,,,CARD,0,0,119,60,70,1,True,4,6,False,True,1,0,1,722,90,6,722,90,6,False,False,Beat,10,False
92222547,575.0,WIN,True,20,3,MAIN,15,BENCH_MANAGEMENT,EVOLVE,,EVOLVE,0,0,119,60,70,1,True,4,6,False,True,1,0,1,722,90,6,722,90,6,False,False,Beat,10,False
92222547,575.0,WIN,True,21,3,MAIN,15,RESOURCE_MANAGEMENT,ABILITY,,ABILITY,0,0,120,80,90,1,True,4,6,False,True,1,0,1,722,90,6,722,90,6,False,False,Beat,10,True
92222547,575.0,WIN,True,22,3,TO_HAND,2,RESOURCE_MANAGEMENT,,,CARD,0,0,120,80,90,1,True,4,6,False,True,1,0,1,722,90,6,722,90,6,False,False,Beat,10,False
92222547,575.0,WIN,True,23,3,MAIN,14,ENERGY_MANAGEMENT,ATTACH_ENERGY,,ATTACH,0,0,120,80,90,1,True,4,6,False,True,1,0,1,722,90,6,722,90,6,False,False,Beat,10,False
92222547,575.0,WIN,True,24,3,MAIN,4,TIMING,,,,0,0,120,80,90,1,True,4,6,False,True,1,0,2,722,90,6,723,350,5,False,False,Beat,10,False
92222547,575.0,WIN,True,25,4,TO_ACTIVE,4,ACTIVE_POKEMON_SELECTION,,,CARD,0,0,,,,,False,4,6,False,True,,,2,723,350,5,723,350,5,,,,,True
92222547,575.0,WIN,True,26,5,MAIN,21,BENCH_MANAGEMENT,EVOLVE,,EVOLVE,1,0,235,30,30,1,False,3,6,True,True,0,0,1,723,350,5,723,350,5,False,True,Hammer-lanche,0,False
92222547,575.0,WIN,True,27,5,MAIN,19,RESOURCE_MANAGEMENT,PLAY_ITEM,1121,PLAY,1,0,235,30,30,1,False,3,6,True,True,0,0,2,723,350,5,723,350,5,False,True,Hammer-lanche,0,False
92222547,575.0,WIN,True,28,5,DISCARD,8,RESOURCE_MANAGEMENT,,,CARD;CARD,0,0,235,30,30,1,False,3,6,False,True,0,0,2,723,350,5,723,350,5,False,True,Hammer-lanche,0,False
92222547,575.0,WIN,True,29,5,TO_HAND,7,RESOURCE_MANAGEMENT,,,CARD,0,0,235,30,30,1,False,3,6,False,True,0,0,2,723,350,5,723,350,5,False,True,Hammer-lanche,0,False
92222547,575.0,WIN,True,30,5,MAIN,15,RESOURCE_MANAGEMENT,PLAY_POKEMON,140,PLAY,1,0,235,30,30,1,False,3,6,True,True,0,0,2,723,350,5,723,350,5,False,True,Hammer-lanche,0,False
92222547,575.0,WIN,True,31,5,MAIN,17,RESOURCE_MANAGEMENT,ABILITY,,ABILITY,1,0,235,30,30,1,False,4,6,True,True,0,0,2,723,350,5,723,350,5,False,True,Hammer-lanche,0,False
92222547,575.0,WIN,True,32,5,MAIN,18,RESOURCE_MANAGEMENT,PLAY_SUPPORTER,1198,PLAY,1,0,235,30,30,1,False,4,6,True,True,0,0,2,723,350,5,723,350,5,False,True,Hammer-lanche,0,False
92222547,575.0,WIN,True,33,5,TO_HAND,3,RESOURCE_MANAGEMENT,,,CARD,0,0,235,30,30,1,False,4,6,False,True,0,0,2,723,350,5,723,350,5,False,True,Hammer-lanche,0,False
92222547,575.0,WIN,True,34,5,ATTACH_TO,1,ENERGY_MANAGEMENT,,,CARD,0,0,235,30,30,1,False,4,6,False,True,0,0,2,723,350,5,723,350,5,False,True,Hammer-lanche,0,False
92222547,575.0,WIN,True,35,5,ATTACH_FROM,5,ENERGY_MANAGEMENT,,,CARD,0,0,235,30,30,1,False,4,6,False,True,0,0,2,723,350,5,723,350,5,False,True,Hammer-lanche,0,False
92222547,575.0,WIN,True,36,5,MAIN,21,ENERGY_MANAGEMENT,ATTACH_ENERGY,,ATTACH,1,0,235,30,30,1,False,4,6,True,True,0,0,2,723,350,5,723,350,5,False,True,Hammer-lanche,0,False
92222547,575.0,WIN,True,37,5,MAIN,6,RETREAT_SELECTION,RETREAT,,RETREAT,1,0,235,30,30,1,False,4,6,True,True,0,0,2,723,350,5,723,350,5,False,True,Hammer-lanche,0,False
92222547,575.0,WIN,True,38,5,SWITCH,4,ACTIVE_POKEMON_SELECTION,,,CARD,0,0,235,30,30,1,False,4,6,False,True,0,0,2,723,350,5,723,350,5,False,True,Hammer-lanche,0,False
92222547,575.0,WIN,True,39,5,MAIN,6,TIMING,,,,2,0,121,320,320,2,False,4,6,False,True,1,1,2,723,350,5,723,150,3,False,False,Hammer-lanche,0,True
92222547,575.0,WIN,True,40,6,TO_ACTIVE,4,ACTIVE_POKEMON_SELECTION,,,CARD,0,0,,,,,False,4,6,False,True,,,2,723,150,3,723,150,3,,,,,True
92222547,575.0,WIN,True,41,7,MAIN,17,RESOURCE_MANAGEMENT,ABILITY,,ABILITY,1,0,235,30,30,1,False,3,6,True,True,0,0,1,723,150,3,723,150,3,True,False,Frost Barrier,200,False
92222547,575.0,WIN,True,42,7,MAIN,18,RESOURCE_MANAGEMENT,PLAY_ITEM,1121,PLAY,1,0,235,30,30,1,False,3,6,True,True,0,0,1,723,150,3,723,150,3,True,False,Frost Barrier,200,False
92222547,575.0,WIN,True,43,7,DISCARD,11,RESOURCE_MANAGEMENT,,,CARD;CARD,0,0,235,30,30,1,False,3,6,False,True,0,0,1,723,150,3,723,150,3,True,False,Frost Barrier,200,False
92222547,575.0,WIN,True,44,7,TO_HAND,6,RESOURCE_MANAGEMENT,,,CARD,0,0,235,30,30,1,False,3,6,False,True,0,0,1,723,150,3,723,150,3,True,False,Frost Barrier,200,False
92222547,575.0,WIN,True,45,7,MAIN,17,RESOURCE_MANAGEMENT,PLAY_ITEM,1079,PLAY,1,0,235,30,30,1,False,3,6,True,True,0,0,1,723,150,3,723,150,3,True,False,Frost Barrier,200,False
92222547,575.0,WIN,True,46,7,EVOLVE,2,BENCH_MANAGEMENT,,,EVOLVE,0,0,235,30,30,1,False,3,6,False,True,0,0,1,723,150,3,723,150,3,True,False,Frost Barrier,200,False
92222547,575.0,WIN,True,47,7,MAIN,16,RESOURCE_MANAGEMENT,PLAY_ITEM,1120,PLAY,1,0,235,30,30,1,False,3,6,True,True,0,0,1,723,150,3,723,150,3,True,False,Frost Barrier,200,False
92222547,575.0,WIN,True,48,7,DISCARD_ENERGY,3,ENERGY_MANAGEMENT,,,ENERGY,0,0,235,30,30,1,False,3,6,False,True,0,0,1,723,150,3,723,150,3,True,False,Frost Barrier,200,False
92222547,575.0,WIN,True,49,7,MAIN,15,ENERGY_MANAGEMENT,ATTACH_ENERGY,,ATTACH,1,0,235,30,30,1,False,3,6,True,True,0,0,1,723,150,3,723,150,3,False,True,Hammer-lanche,0,False
92222547,575.0,WIN,True,50,7,MAIN,7,RESOURCE_MANAGEMENT,PLAY_SUPPORTER,1227,PLAY,1,0,235,30,30,1,False,3,6,True,True,0,0,1,723,150,3,723,150,3,False,True,Hammer-lanche,0,False
92222547,575.0,WIN,True,51,7,MAIN,8,RESOURCE_MANAGEMENT,PLAY_ITEM,1152,PLAY,1,0,235,30,30,1,False,3,6,True,True,0,0,1,723,150,3,723,150,3,False,True,Hammer-lanche,0,False
92222547,575.0,WIN,True,52,7,TO_HAND,2,RESOURCE_MANAGEMENT,,,CARD,0,0,235,30,30,1,False,3,6,False,True,0,0,1,723,150,3,723,150,3,False,True,Hammer-lanche,0,False
92222547,575.0,WIN,True,53,7,MAIN,8,RESOURCE_MANAGEMENT,PLAY_ITEM,1097,PLAY,1,0,235,30,30,1,False,3,6,True,True,0,0,1,723,150,3,723,150,3,False,True,Hammer-lanche,0,False
92222547,575.0,WIN,True,54,7,TO_HAND,8,RESOURCE_MANAGEMENT,,,CARD,0,0,235,30,30,1,False,3,6,False,True,0,0,1,723,150,3,723,150,3,False,True,Hammer-lanche,0,False
92222547,575.0,WIN,True,55,7,MAIN,8,RESOURCE_MANAGEMENT,PLAY_POKEMON,119,PLAY,1,0,235,30,30,1,False,3,6,True,True,0,0,1,723,150,3,723,150,3,False,True,Hammer-lanche,0,False
92222547,575.0,WIN,True,56,7,MAIN,7,RESOURCE_MANAGEMENT,PLAY_ITEM,1120,PLAY,1,0,235,30,30,1,False,4,6,True,True,0,0,1,723,150,3,723,150,3,False,True,Hammer-lanche,0,False
92222547,575.0,WIN,True,57,7,MAIN,6,BENCH_MANAGEMENT,EVOLVE,,EVOLVE,1,0,235,30,30,1,False,4,6,True,True,0,0,1,723,150,3,723,150,3,False,True,Hammer-lanche,0,False
92222547,575.0,WIN,True,58,7,MAIN,5,RESOURCE_MANAGEMENT,ABILITY,,ABILITY,1,0,235,30,30,1,False,4,6,True,True,0,0,1,723,150,3,723,150,3,False,True,Hammer-lanche,0,False
92222547,575.0,WIN,True,59,7,TO_HAND,2,RESOURCE_MANAGEMENT,,,CARD,0,0,235,30,30,1,False,4,6,False,True,0,0,1,723,150,3,723,150,3,False,True,Hammer-lanche,0,False
92222547,575.0,WIN,True,60,7,MAIN,4,RETREAT_SELECTION,RETREAT,,RETREAT,1,0,235,30,30,1,False,4,6,True,True,0,0,1,723,150,3,723,150,3,False,True,Hammer-lanche,0,False
92222547,575.0,WIN,True,61,7,SWITCH,4,ACTIVE_POKEMON_SELECTION,,,CARD,0,0,235,30,30,1,False,4,6,False,True,0,0,1,723,150,3,723,150,3,False,True,Hammer-lanche,0,False
92222547,575.0,WIN,True,62,7,MAIN,4,ATTACK_SELECTION,ATTACK,,ATTACK,2,1,121,320,320,2,False,4,6,False,True,1,1,1,723,150,3,,,3,False,False,Hammer-lanche,0,True
92223466,596.1,LOSS,True,0,,,0,UNKNOWN,,,,0,0,,,,,False,,,False,False,,,0,,,,,,,,,,,False
92223466,596.1,LOSS,True,1,,,0,UNKNOWN,,,,0,0,,,,,False,,,False,False,,,0,,,,,,0,,,,,False
92223466,596.1,LOSS,True,2,0,IS_FIRST,2,GOING_FIRST_SECOND,,,YES,0,0,,,,,False,0,0,False,False,,,0,,,0,,,0,,,,,False
92223466,596.1,LOSS,True,3,0,SETUP_ACTIVE_POKEMON,1,EARLY_GAME_SETUP,,,,0,0,,,,,False,0,0,False,False,,,0,,,0,676,110,6,,,,,False
92223466,596.1,LOSS,True,4,1,MAIN,2,ENERGY_MANAGEMENT,ATTACH_ENERGY,,ATTACH,0,0,1071,170,170,2,False,0,6,False,False,1,0,0,676,110,6,676,110,6,False,False,,,False
92223466,596.1,LOSS,True,5,1,MAIN,1,TIMING,,,,0,0,1071,170,170,2,False,0,6,False,False,1,1,0,676,110,6,676,110,6,False,False,,,False
92223466,596.1,LOSS,True,6,3,MAIN,5,RESOURCE_MANAGEMENT,PLAY_SUPPORTER,1227,PLAY,0,0,1071,170,170,2,False,0,6,False,False,1,1,0,676,110,6,676,110,6,False,False,,,False
92223466,596.1,LOSS,True,7,3,MAIN,6,RESOURCE_MANAGEMENT,PLAY_POKEMON,119,PLAY,0,0,1071,170,170,2,False,0,6,False,False,1,1,0,676,110,6,676,110,6,False,False,,,False
92223466,596.1,LOSS,True,8,3,MAIN,7,RESOURCE_MANAGEMENT,PLAY_POKEMON,184,PLAY,0,0,1071,170,170,2,False,1,6,True,True,1,1,0,676,110,6,676,110,6,False,False,,,False
92223466,596.1,LOSS,True,9,3,MAIN,7,RESOURCE_MANAGEMENT,PLAY_ITEM,1120,PLAY,0,0,1071,170,170,2,False,2,6,True,True,1,1,0,676,110,6,676,110,6,False,False,,,False
92223466,596.1,LOSS,True,10,3,DISCARD_ENERGY,1,ENERGY_MANAGEMENT,,,ENERGY,0,0,1071,170,170,2,False,2,6,False,True,1,1,0,676,110,6,676,110,6,False,False,,,False
92223466,596.1,LOSS,True,11,3,MAIN,6,ENERGY_MANAGEMENT,ATTACH_ENERGY,,ATTACH,0,0,1071,170,170,2,False,2,6,True,True,1,1,0,676,110,6,676,110,6,False,False,,,False
92223466,596.1,LOSS,True,12,3,MAIN,3,TIMING,,,,0,0,1071,170,170,2,False,2,6,True,True,1,1,1,676,110,6,676,110,6,False,False,,,False
92223466,596.1,LOSS,True,13,5,MAIN,6,RESOURCE_MANAGEMENT,PLAY_ITEM,1086,PLAY,0,0,1071,70,170,2,True,2,6,True,True,1,1,1,676,110,6,676,110,6,True,False,Cosmic Beam,70,False
92223466,596.1,LOSS,True,14,5,TO_BENCH,5,BENCH_MANAGEMENT,,,CARD;CARD,0,0,1071,70,170,2,True,2,6,False,True,1,1,1,676,110,6,676,110,6,True,False,Cosmic Beam,70,False
92223466,596.1,LOSS,True,15,5,MAIN,5,RESOURCE_MANAGEMENT,PLAY_SUPPORTER,1198,PLAY,0,0,1071,70,170,2,True,4,6,True,True,1,1,2,676,110,6,676,110,6,True,False,Cosmic Beam,70,False
92223466,596.1,LOSS,True,16,5,TO_HAND,6,RESOURCE_MANAGEMENT,,,CARD,0,0,1071,70,170,2,True,4,6,False,True,1,1,2,676,110,6,676,110,6,True,False,Cosmic Beam,70,False
92223466,596.1,LOSS,True,17,5,ATTACH_TO,3,ENERGY_MANAGEMENT,,,CARD,0,0,1071,70,170,2,True,4,6,False,True,1,1,2,676,110,6,676,110,6,True,False,Cosmic Beam,70,False
92223466,596.1,LOSS,True,18,5,ATTACH_FROM,5,ENERGY_MANAGEMENT,,,CARD,0,0,1071,70,170,2,True,4,6,False,True,1,1,2,676,110,6,676,110,6,True,False,Cosmic Beam,70,False
92223466,596.1,LOSS,True,19,5,MAIN,8,ENERGY_MANAGEMENT,ATTACH_ENERGY,,ATTACH,0,0,1071,70,170,2,True,4,6,True,True,1,1,3,676,110,6,676,110,6,True,False,Cosmic Beam,70,False
92223466,596.1,LOSS,True,20,5,MAIN,3,RETREAT_SELECTION,RETREAT,,RETREAT,0,0,1071,70,170,2,True,4,6,True,True,1,1,3,676,110,6,676,110,6,True,False,Cosmic Beam,70,False
92223466,596.1,LOSS,True,21,5,SWITCH,4,ACTIVE_POKEMON_SELECTION,,,CARD,0,0,1071,70,170,2,True,4,6,False,True,1,1,3,676,110,6,676,110,6,True,False,Cosmic Beam,70,False
92223466,596.1,LOSS,True,22,5,MAIN,3,TIMING,,,,1,0,235,30,30,1,False,4,6,False,True,0,0,2,676,110,6,676,90,5,True,False,Cosmic Beam,70,True
92223466,596.1,LOSS,True,23,6,TO_ACTIVE,4,ACTIVE_POKEMON_SELECTION,,,CARD,0,0,,,,,False,4,6,False,True,,,2,676,90,5,676,90,5,,,,,True
92223466,596.1,LOSS,True,24,7,MAIN,8,RESOURCE_MANAGEMENT,PLAY_ITEM,1097,PLAY,2,0,119,70,70,1,False,3,6,True,True,1,1,1,676,90,5,676,90,5,True,False,Cosmic Beam,70,False
92223466,596.1,LOSS,True,25,7,TO_HAND,1,RESOURCE_MANAGEMENT,,,CARD,0,0,119,70,70,1,False,3,6,False,True,1,1,1,676,90,5,676,90,5,True,False,Cosmic Beam,70,False
92223466,596.1,LOSS,True,26,7,MAIN,8,RESOURCE_MANAGEMENT,PLAY_POKEMON,235,PLAY,2,0,119,70,70,1,False,3,6,True,True,1,1,1,676,90,5,676,90,5,True,False,Cosmic Beam,70,False
92223466,596.1,LOSS,True,27,7,MAIN,7,RESOURCE_MANAGEMENT,PLAY_SUPPORTER,1210,PLAY,2,0,119,70,70,1,False,4,6,True,True,1,1,2,676,90,5,676,90,5,True,False,Cosmic Beam,70,False
92223466,596.1,LOSS,True,28,7,TO_HAND,9,RESOURCE_MANAGEMENT,,,CARD,0,0,119,70,70,1,False,4,6,False,True,1,1,2,676,90,5,676,90,5,True,False,Cosmic Beam,70,False
92223466,596.1,LOSS,True,29,7,TO_HAND,3,RESOURCE_MANAGEMENT,,,CARD,0,0,119,70,70,1,False,4,6,False,True,1,1,2,676,90,5,676,90,5,True,False,Cosmic Beam,70,False
92223466,596.1,LOSS,True,30,7,MAIN,7,RESOURCE_MANAGEMENT,PLAY_POKEMON,140,PLAY,2,0,119,70,70,1,False,4,6,True,True,1,1,2,676,90,5,676,90,5,True,False,Cosmic Beam,70,False
92223466,596.1,LOSS,True,31,7,MAIN,6,RESOURCE_MANAGEMENT,ABILITY,,ABILITY,2,0,119,70,70,1,False,5,6,True,True,1,1,2,676,90,5,676,90,5,True,False,Cosmic Beam,70,False
92223466,596.1,LOSS,True,32,7,MAIN,9,RESOURCE_MANAGEMENT,PLAY_ITEM,1152,PLAY,2,0,119,70,70,1,False,5,6,True,True,1,1,2,676,90,5,676,90,5,True,False,Cosmic Beam,70,False
92223466,596.1,LOSS,True,33,7,TO_HAND,5,RESOURCE_MANAGEMENT,,,CARD,0,0,119,70,70,1,False,5,6,False,True,1,1,2,676,90,5,676,90,5,True,False,Cosmic Beam,70,False
92223466,596.1,LOSS,True,34,7,MAIN,10,BENCH_MANAGEMENT,EVOLVE,,EVOLVE,2,0,119,70,70,1,False,5,6,True,True,1,1,2,676,90,5,676,90,5,True,False,Cosmic Beam,70,False
92223466,596.1,LOSS,True,35,7,MAIN,7,RESOURCE_MANAGEMENT,ABILITY,,ABILITY,1,0,120,90,90,1,False,5,6,True,True,1,1,2,676,90,5,676,90,5,False,False,Cosmic Beam,70,True
92223466,596.1,LOSS,True,36,7,TO_HAND,2,RESOURCE_MANAGEMENT,,,CARD,0,0,120,90,90,1,False,5,6,False,True,1,1,2,676,90,5,676,90,5,False,False,Cosmic Beam,70,False
92223466,596.1,LOSS,True,37,7,MAIN,7,RESOURCE_MANAGEMENT,PLAY_ITEM,1120,PLAY,1,0,120,90,90,1,False,5,6,True,True,1,1,2,676,90,5,676,90,5,False,False,Cosmic Beam,70,False
92223466,596.1,LOSS,True,38,7,DISCARD_ENERGY,2,ENERGY_MANAGEMENT,,,ENERGY,0,0,120,90,90,1,False,5,6,False,True,1,1,2,676,90,5,676,90,5,False,False,Cosmic Beam,70,False
92223466,596.1,LOSS,True,39,7,MAIN,6,BENCH_MANAGEMENT,EVOLVE,,EVOLVE,1,0,120,90,90,1,False,5,6,True,True,1,1,2,676,90,5,676,90,5,False,False,Cosmic Beam,70,False
92223466,596.1,LOSS,True,40,7,MAIN,6,RESOURCE_MANAGEMENT,ABILITY,,ABILITY,1,0,120,90,90,1,False,5,6,True,True,1,1,1,676,90,5,676,90,5,False,False,Cosmic Beam,70,False
92223466,596.1,LOSS,True,41,7,TO_HAND,2,RESOURCE_MANAGEMENT,,,CARD,0,0,120,90,90,1,False,5,6,False,True,1,1,1,676,90,5,676,90,5,False,False,Cosmic Beam,70,False
92223466,596.1,LOSS,True,42,7,MAIN,5,RETREAT_SELECTION,RETREAT,,RETREAT,1,0,120,90,90,1,False,5,6,True,True,1,1,1,676,90,5,676,90,5,False,False,Cosmic Beam,70,False
92223466,596.1,LOSS,True,43,7,DISCARD_ENERGY,2,ENERGY_MANAGEMENT,,,ENERGY,0,0,120,90,90,1,False,5,6,False,True,1,1,1,676,90,5,676,90,5,False,False,Cosmic Beam,70,False
92223466,596.1,LOSS,True,44,7,SWITCH,5,ACTIVE_POKEMON_SELECTION,,,CARD,0,0,120,90,90,1,False,5,6,False,True,1,1,1,676,90,5,676,90,5,False,False,Cosmic Beam,70,False
92223466,596.1,LOSS,True,45,7,MAIN,4,TIMING,,,,1,0,235,30,30,1,False,5,6,False,True,0,0,0,676,90,5,676,70,4,True,False,Cosmic Beam,70,True
92223466,596.1,LOSS,True,46,8,TO_ACTIVE,5,ACTIVE_POKEMON_SELECTION,,,CARD,0,0,,,,,False,5,6,False,True,,,0,676,70,4,676,70,4,,,,,True
92223466,596.1,LOSS,True,47,9,MAIN,15,RESOURCE_MANAGEMENT,PLAY_POKEMON,119,PLAY,0,0,120,90,90,1,False,4,6,True,True,1,1,0,676,70,4,676,70,4,False,False,Cosmic Beam,70,False
92223466,596.1,LOSS,True,48,9,MAIN,14,RESOURCE_MANAGEMENT,ABILITY,,ABILITY,0,0,120,90,90,1,False,5,6,True,True,1,1,0,676,70,4,676,70,4,False,False,Cosmic Beam,70,False
92223466,596.1,LOSS,True,49,9,TO_HAND,2,RESOURCE_MANAGEMENT,,,CARD,0,0,120,90,90,1,False,5,6,False,True,1,1,0,676,70,4,676,70,4,False,False,Cosmic Beam,70,False
92223466,596.1,LOSS,True,50,9,MAIN,14,RESOURCE_MANAGEMENT,ABILITY,,ABILITY,0,0,120,90,90,1,False,5,6,True,True,1,1,0,676,70,4,676,70,4,False,False,Cosmic Beam,70,False
92223466,596.1,LOSS,True,51,9,TO_HAND,2,RESOURCE_MANAGEMENT,,,CARD,0,0,120,90,90,1,False,5,6,False,True,1,1,0,676,70,4,676,70,4,False,False,Cosmic Beam,70,False
92223466,596.1,LOSS,True,52,9,MAIN,19,RESOURCE_MANAGEMENT,ABILITY,,ABILITY,0,0,120,90,90,1,False,5,6,True,True,1,1,0,676,70,4,676,70,4,False,False,Cosmic Beam,70,False
92223466,596.1,LOSS,True,53,9,MAIN,24,ENERGY_MANAGEMENT,ATTACH_ENERGY,,ATTACH,0,0,120,90,90,1,False,5,6,True,True,1,1,0,676,70,4,676,70,4,False,False,Cosmic Beam,70,False
92223466,596.1,LOSS,True,54,9,MAIN,18,RESOURCE_MANAGEMENT,PLAY_SUPPORTER,1198,PLAY,0,0,120,90,90,1,False,5,6,True,True,1,1,0,676,70,4,676,70,4,False,False,Cosmic Beam,70,False
92223466,596.1,LOSS,True,55,9,TO_HAND,2,RESOURCE_MANAGEMENT,,,CARD,0,0,120,90,90,1,False,5,6,False,True,1,1,0,676,70,4,676,70,4,False,False,Cosmic Beam,70,False
92223466,596.1,LOSS,True,56,9,ATTACH_TO,1,ENERGY_MANAGEMENT,,,CARD,0,0,120,90,90,1,False,5,6,False,True,1,1,0,676,70,4,676,70,4,False,False,Cosmic Beam,70,False
92223466,596.1,LOSS,True,57,9,ATTACH_FROM,6,ENERGY_MANAGEMENT,,,CARD,0,0,120,90,90,1,False,5,6,False,True,1,1,0,676,70,4,676,70,4,False,False,Cosmic Beam,70,False
92223466,596.1,LOSS,True,58,9,MAIN,23,RESOURCE_MANAGEMENT,PLAY_ITEM,1121,PLAY,0,0,120,90,90,1,False,5,6,True,True,1,1,0,676,70,4,676,70,4,False,False,Cosmic Beam,70,False
92223466,596.1,LOSS,True,59,9,DISCARD,8,RESOURCE_MANAGEMENT,,,CARD;CARD,0,0,120,90,90,1,False,5,6,False,True,1,1,0,676,70,4,676,70,4,False,False,Cosmic Beam,70,False
92223466,596.1,LOSS,True,60,9,TO_HAND,4,RESOURCE_MANAGEMENT,,,CARD,0,0,120,90,90,1,False,5,6,False,True,1,1,0,676,70,4,676,70,4,False,False,Cosmic Beam,70,False
92223466,596.1,LOSS,True,61,9,MAIN,18,BENCH_MANAGEMENT,EVOLVE,,EVOLVE,0,0,120,90,90,1,False,5,6,True,True,1,1,0,676,70,4,676,70,4,False,False,Cosmic Beam,70,False
92223466,596.1,LOSS,True,62,9,MAIN,17,ENERGY_MANAGEMENT,ATTACH_ENERGY,,ATTACH,1,0,121,320,320,2,False,5,6,True,True,1,1,0,676,70,4,676,70,4,False,False,Cosmic Beam,70,True
92223466,596.1,LOSS,True,63,9,MAIN,6,RESOURCE_MANAGEMENT,PLAY_ITEM,1080,PLAY,2,0,121,320,320,2,False,5,6,True,True,1,1,0,676,70,4,676,70,4,False,False,Cosmic Beam,70,False
92223466,596.1,LOSS,True,64,9,MAIN,4,ATTACK_SELECTION,ATTACK,,ATTACK,2,1,121,320,320,2,False,5,6,True,True,1,1,0,676,70,4,676,0,4,False,False,Cosmic Beam,70,False
92223466,596.1,LOSS,True,65,9,DAMAGE_COUNTER_ANY,4,TARGET_SELECTION,,,CARD,0,0,121,320,320,2,False,5,6,False,True,1,1,0,676,0,4,676,0,4,False,False,Cosmic Beam,70,False
92223466,596.1,LOSS,True,66,9,DAMAGE_COUNTER_ANY,4,TARGET_SELECTION,,,CARD,0,0,121,320,320,2,False,5,6,False,True,1,1,0,676,0,4,676,0,4,False,False,Cosmic Beam,70,False
92223466,596.1,LOSS,True,67,9,DAMAGE_COUNTER_ANY,4,TARGET_SELECTION,,,CARD,0,0,121,320,320,2,False,5,6,False,True,1,1,0,676,0,4,676,0,4,False,False,Cosmic Beam,70,False
92223466,596.1,LOSS,True,68,9,DAMAGE_COUNTER_ANY,4,TARGET_SELECTION,,,CARD,0,0,121,320,320,2,False,5,6,False,True,1,1,0,676,0,4,676,0,4,False,False,Cosmic Beam,70,False
92223466,596.1,LOSS,True,69,9,DAMAGE_COUNTER_ANY,4,TARGET_SELECTION,,,CARD,0,0,121,320,320,2,False,5,6,False,True,1,1,0,676,0,4,676,0,4,False,False,Cosmic Beam,70,False
92223466,596.1,LOSS,True,70,9,DAMAGE_COUNTER_ANY,4,TARGET_SELECTION,,,CARD,0,0,121,320,320,2,False,5,6,False,True,1,1,0,676,0,4,,,4,False,False,Cosmic Beam,70,False
92223466,596.1,LOSS,True,71,9,TO_HAND,6,RESOURCE_MANAGEMENT,,,,0,0,121,320,320,2,False,5,6,False,True,1,1,0,,,4,678,440,2,,,,,False
92223466,596.1,LOSS,True,72,10,TO_ACTIVE,5,ACTIVE_POKEMON_SELECTION,,,CARD,0,0,,,,,False,5,5,False,True,,,0,678,440,2,678,440,2,,,,,True
92223466,596.1,LOSS,True,73,11,MAIN,17,BENCH_MANAGEMENT,EVOLVE,,EVOLVE,0,0,120,90,90,1,False,4,5,True,True,1,1,0,678,440,2,678,440,2,True,False,Mega Brave,270,False
92223466,596.1,LOSS,True,74,11,MAIN,16,RESOURCE_MANAGEMENT,PLAY_ITEM,1086,PLAY,1,0,121,320,320,2,False,4,5,True,True,1,1,0,678,440,2,678,440,2,False,False,Mega Brave,270,True
92223466,596.1,LOSS,True,75,11,TO_BENCH,1,BENCH_MANAGEMENT,,,CARD,0,0,121,320,320,2,False,4,5,False,True,1,1,0,678,440,2,678,440,2,False,False,Mega Brave,270,False
92223466,596.1,LOSS,True,76,11,MAIN,14,RESOURCE_MANAGEMENT,PLAY_ITEM,1152,PLAY,1,0,121,320,320,2,False,5,5,True,True,1,1,0,678,440,2,678,440,2,False,False,Mega Brave,270,False
92223466,596.1,LOSS,True,77,11,TO_HAND,2,RESOURCE_MANAGEMENT,,,CARD,0,0,121,320,320,2,False,5,5,False,True,1,1,0,678,440,2,678,440,2,False,False,Mega Brave,270,False
92223466,596.1,LOSS,True,78,11,MAIN,14,RESOURCE_MANAGEMENT,PLAY_ITEM,1097,PLAY,1,0,121,320,320,2,False,5,5,True,True,1,1,0,678,440,2,678,440,2,False,False,Mega Brave,270,False
92223466,596.1,LOSS,True,79,11,TO_HAND,8,RESOURCE_MANAGEMENT,,,CARD,0,0,121,320,320,2,False,5,5,False,True,1,1,0,678,440,2,678,440,2,False,False,Mega Brave,270,False
92223466,596.1,LOSS,True,80,11,MAIN,19,RESOURCE_MANAGEMENT,PLAY_ITEM,1120,PLAY,1,0,121,320,320,2,False,5,5,True,True,1,1,0,678,440,2,678,440,2,False,False,Mega Brave,270,False
92223466,596.1,LOSS,True,81,11,DISCARD_ENERGY,2,ENERGY_MANAGEMENT,,,ENERGY,0,0,121,320,320,2,False,5,5,False,True,1,1,0,678,440,2,678,440,2,False,False,Mega Brave,270,False
92223466,596.1,LOSS,True,82,11,MAIN,18,RESOURCE_MANAGEMENT,ABILITY,,ABILITY,1,0,121,320,320,2,False,5,5,True,True,1,1,0,678,440,2,678,440,2,False,False,Aura Jab,130,False
92223466,596.1,LOSS,True,83,11,MAIN,20,RESOURCE_MANAGEMENT,PLAY_ITEM,1121,PLAY,1,0,121,320,320,2,False,5,5,True,True,1,1,0,678,440,2,678,440,2,False,False,Aura Jab,130,False
92223466,596.1,LOSS,True,84,11,DISCARD,8,RESOURCE_MANAGEMENT,,,CARD;CARD,0,0,121,320,320,2,False,5,5,False,True,1,1,0,678,440,2,678,440,2,False,False,Aura Jab,130,False
92223466,596.1,LOSS,True,85,11,MAIN,19,BENCH_MANAGEMENT,EVOLVE,,EVOLVE,1,0,121,320,320,2,False,5,5,True,True,1,1,0,678,440,2,678,440,2,False,False,Aura Jab,130,False
92223466,596.1,LOSS,True,86,11,MAIN,18,RESOURCE_MANAGEMENT,ABILITY,,ABILITY,1,0,121,320,320,2,False,5,5,True,True,1,1,0,678,440,2,678,440,2,False,False,Aura Jab,130,False
92223466,596.1,LOSS,True,87,11,TO_HAND,2,RESOURCE_MANAGEMENT,,,CARD,0,0,121,320,320,2,False,5,5,False,True,1,1,0,678,440,2,678,440,2,False,False,Aura Jab,130,False
92223466,596.1,LOSS,True,88,11,MAIN,18,ENERGY_MANAGEMENT,ATTACH_ENERGY,,ATTACH,1,0,121,320,320,2,False,5,5,True,True,1,1,0,678,440,2,678,440,2,False,False,Aura Jab,130,False
92223466,596.1,LOSS,True,89,11,MAIN,7,RESOURCE_MANAGEMENT,PLAY_SUPPORTER,1227,PLAY,2,0,121,320,320,2,False,5,5,True,True,1,1,0,678,440,2,678,440,2,False,False,Aura Jab,130,False
92223466,596.1,LOSS,True,90,11,MAIN,4,ATTACK_SELECTION,ATTACK,,ATTACK,2,1,121,320,320,2,False,5,5,True,True,1,1,0,678,440,2,678,240,2,False,False,Aura Jab,130,False
92223466,596.1,LOSS,True,91,11,DAMAGE_COUNTER_ANY,5,TARGET_SELECTION,,,CARD,0,0,121,320,320,2,False,5,5,False,True,1,1,0,678,240,2,678,240,2,False,False,Aura Jab,130,False
92223466,596.1,LOSS,True,92,11,DAMAGE_COUNTER_ANY,5,TARGET_SELECTION,,,CARD,0,0,121,320,320,2,False,5,5,False,True,1,1,0,678,240,2,678,240,2,False,False,Aura Jab,130,False
92223466,596.1,LOSS,True,93,11,DAMAGE_COUNTER_ANY,5,TARGET_SELECTION,,,CARD,0,0,121,320,320,2,False,5,5,False,True,1,1,0,678,240,2,678,240,2,False,False,Aura Jab,130,False
92223466,596.1,LOSS,True,94,11,DAMAGE_COUNTER_ANY,5,TARGET_SELECTION,,,CARD,0,0,121,320,320,2,False,5,5,False,True,1,1,0,678,240,2,678,240,2,False,False,Aura Jab,130,False
92223466,596.1,LOSS,True,95,11,DAMAGE_COUNTER_ANY,5,TARGET_SELECTION,,,CARD,0,0,121,320,320,2,False,5,5,False,True,1,1,0,678,240,2,678,240,2,False,False,Aura Jab,130,False
92224429,623.6,WIN,True,0,,,0,UNKNOWN,,,,0,0,,,,,False,,,False,False,,,0,,,,,,,,,,,False
92224429,623.6,WIN,True,1,,,0,UNKNOWN,,,,0,0,,,,,False,,,False,False,,,0,,,,,,0,,,,,False
92224429,623.6,WIN,True,2,0,SETUP_ACTIVE_POKEMON,3,EARLY_GAME_SETUP,,,,0,0,,,,,False,0,0,False,False,,,0,,,0,,,6,,,,,False
92224429,623.6,WIN,True,3,0,SETUP_BENCH_POKEMON,2,BENCH_MANAGEMENT,,,,0,0,,,,,False,0,6,False,False,,,0,,,6,119,70,6,,,,,False
92224429,623.6,WIN,True,4,1,MAIN,5,RESOURCE_MANAGEMENT,PLAY_POKEMON,119,PLAY,0,0,235,30,30,1,False,0,6,False,False,0,0,0,119,70,6,119,70,6,False,False,,,False
92224429,623.6,WIN,True,5,1,MAIN,5,RESOURCE_MANAGEMENT,PLAY_ITEM,1152,PLAY,0,0,235,30,30,1,False,1,6,True,True,0,0,0,119,70,6,119,70,6,False,False,,,False
92224429,623.6,WIN,True,6,1,TO_HAND,8,RESOURCE_MANAGEMENT,,,CARD,0,0,235,30,30,1,False,1,6,False,True,0,0,0,119,70,6,119,70,6,False,False,,,False
92224429,623.6,WIN,True,7,1,MAIN,5,RESOURCE_MANAGEMENT,PLAY_POKEMON,119,PLAY,0,0,235,30,30,1,False,1,6,True,True,0,0,0,119,70,6,119,70,6,False,False,,,False
92224429,623.6,WIN,True,8,1,MAIN,4,TIMING,,,,0,0,235,30,30,1,False,2,6,True,True,0,0,0,119,70,6,235,30,6,False,False,,,False
92224429,623.6,WIN,True,9,3,MAIN,5,RESOURCE_MANAGEMENT,PLAY_SUPPORTER,1198,PLAY,1,0,235,20,30,1,True,2,6,True,True,0,0,0,235,30,6,235,30,6,False,False,Itchy Pollen,10,False
92224429,623.6,WIN,True,10,3,TO_HAND,6,RESOURCE_MANAGEMENT,,,CARD,0,0,235,20,30,1,True,2,6,False,True,0,0,0,235,30,6,235,30,6,False,False,Itchy Pollen,10,False
92224429,623.6,WIN,True,11,3,ATTACH_TO,4,ENERGY_MANAGEMENT,,,CARD,0,0,235,20,30,1,True,2,6,False,True,0,0,0,235,30,6,235,30,6,False,False,Itchy Pollen,10,False
92224429,623.6,WIN,True,12,3,ATTACH_FROM,3,ENERGY_MANAGEMENT,,,CARD,0,0,235,20,30,1,True,2,6,False,True,0,0,0,235,30,6,235,30,6,False,False,Itchy Pollen,10,False
92224429,623.6,WIN,True,13,3,MAIN,7,ENERGY_MANAGEMENT,ATTACH_ENERGY,,ATTACH,1,0,235,20,30,1,True,2,6,True,True,0,0,1,235,30,6,235,30,6,False,False,Itchy Pollen,10,False
92224429,623.6,WIN,True,14,3,MAIN,4,TIMING,,,,1,0,235,20,30,1,True,2,6,True,True,0,0,1,235,30,6,235,20,6,False,False,Itchy Pollen,10,False
92224429,623.6,WIN,True,15,5,MAIN,7,RESOURCE_MANAGEMENT,PLAY_POKEMON,1071,PLAY,1,0,235,10,30,1,True,2,6,True,True,0,0,1,235,20,6,235,20,6,True,False,Itchy Pollen,10,False
92224429,623.6,WIN,True,16,5,ACTIVATE,2,RESOURCE_MANAGEMENT,,,YES,0,0,235,10,30,1,True,3,6,False,True,0,0,1,235,20,6,235,20,6,True,False,Itchy Pollen,10,False
92224429,623.6,WIN,True,17,5,TO_HAND,10,RESOURCE_MANAGEMENT,,,CARD,0,0,235,10,30,1,True,3,6,False,True,0,0,1,235,20,6,235,20,6,True,False,Itchy Pollen,10,False
92224429,623.6,WIN,True,18,5,MAIN,8,ENERGY_MANAGEMENT,ATTACH_ENERGY,,ATTACH,1,0,235,10,30,1,True,3,6,True,True,0,0,1,235,20,6,235,20,6,True,False,Itchy Pollen,10,False
92224429,623.6,WIN,True,19,5,MAIN,4,RESOURCE_MANAGEMENT,PLAY_SUPPORTER,1227,PLAY,1,0,235,10,30,1,True,3,6,True,True,0,0,2,235,20,6,235,20,6,True,False,Itchy Pollen,10,False
92224429,623.6,WIN,True,20,5,MAIN,6,RESOURCE_MANAGEMENT,PLAY_POKEMON,119,PLAY,1,0,235,10,30,1,True,3,6,True,True,0,0,2,235,20,6,235,20,6,True,False,Itchy Pollen,10,False
92224429,623.6,WIN,True,21,5,MAIN,5,BENCH_MANAGEMENT,EVOLVE,,EVOLVE,1,0,235,10,30,1,True,4,6,True,True,0,0,2,235,20,6,235,20,6,True,False,Itchy Pollen,10,False
92224429,623.6,WIN,True,22,5,MAIN,4,RESOURCE_MANAGEMENT,ABILITY,,ABILITY,1,0,235,10,30,1,True,4,6,True,True,0,0,2,235,20,6,235,20,6,True,False,Itchy Pollen,10,False
92224429,623.6,WIN,True,23,5,TO_HAND,2,RESOURCE_MANAGEMENT,,,CARD,0,0,235,10,30,1,True,4,6,False,True,0,0,2,235,20,6,235,20,6,True,False,Itchy Pollen,10,False
92224429,623.6,WIN,True,24,5,MAIN,3,TIMING,,,,1,0,235,10,30,1,True,4,6,True,True,0,0,2,235,20,6,235,10,5,True,False,Itchy Pollen,10,False
92224429,623.6,WIN,True,25,6,TO_ACTIVE,4,ACTIVE_POKEMON_SELECTION,,,CARD,0,0,,,,,False,4,6,False,True,,,2,235,10,5,235,10,5,,,,,True
92224429,623.6,WIN,True,26,7,MAIN,10,RESOURCE_MANAGEMENT,ABILITY,,ABILITY,1,0,120,90,90,1,False,3,6,True,True,1,1,1,235,10,5,235,10,5,False,False,Itchy Pollen,10,False
92224429,623.6,WIN,True,27,7,TO_HAND,2,RESOURCE_MANAGEMENT,,,CARD,0,0,120,90,90,1,False,3,6,False,True,1,1,1,235,10,5,235,10,5,False,False,Itchy Pollen,10,False
92224429,623.6,WIN,True,28,7,MAIN,10,RESOURCE_MANAGEMENT,PLAY_POKEMON,140,PLAY,1,0,120,90,90,1,False,3,6,True,True,1,1,1,235,10,5,235,10,5,False,False,Itchy Pollen,10,False
92224429,623.6,WIN,True,29,7,MAIN,11,RESOURCE_MANAGEMENT,ABILITY,,ABILITY,1,0,120,90,90,1,False,4,6,True,True,1,1,1,235,10,5,235,10,5,False,False,Itchy Pollen,10,False
92224429,623.6,WIN,True,30,7,MAIN,12,BENCH_MANAGEMENT,EVOLVE,,EVOLVE,1,0,120,90,90,1,False,4,6,True,True,1,1,1,235,10,5,235,10,5,False,False,Itchy Pollen,10,False
92224429,623.6,WIN,True,31,7,MAIN,12,RESOURCE_MANAGEMENT,PLAY_SUPPORTER,1182,PLAY,2,0,121,320,320,2,False,4,6,True,True,1,1,1,235,10,5,235,10,5,False,False,Itchy Pollen,10,True
92224429,623.6,WIN,True,32,7,SWITCH,4,ACTIVE_POKEMON_SELECTION,,,CARD,0,0,121,320,320,2,False,4,6,False,True,1,1,1,235,10,5,120,90,5,False,False,Itchy Pollen,10,False
92224429,623.6,WIN,True,33,7,MAIN,9,ENERGY_MANAGEMENT,ATTACH_ENERGY,,ATTACH,2,0,121,320,320,2,False,4,6,True,True,1,1,1,120,90,5,120,90,5,False,False,,,False
92224429,623.6,WIN,True,34,7,MAIN,4,ATTACK_SELECTION,ATTACK,,ATTACK,2,1,121,320,320,2,False,4,6,True,True,1,1,1,120,90,5,120,0,5,False,False,,,False
92224429,623.6,WIN,True,35,7,DAMAGE_COUNTER_ANY,4,TARGET_SELECTION,,,CARD,0,0,121,320,320,2,False,4,6,False,True,1,1,1,120,0,5,120,0,5,False,False,,,False
92224429,623.6,WIN,True,36,7,DAMAGE_COUNTER_ANY,4,TARGET_SELECTION,,,CARD,0,0,121,320,320,2,False,4,6,False,True,1,1,1,120,0,5,120,0,5,False,False,,,False
92224429,623.6,WIN,True,37,7,DAMAGE_COUNTER_ANY,4,TARGET_SELECTION,,,CARD,0,0,121,320,320,2,False,4,6,False,True,1,1,1,120,0,5,120,0,5,False,False,,,False
92224429,623.6,WIN,True,38,7,DAMAGE_COUNTER_ANY,4,TARGET_SELECTION,,,CARD,0,0,121,320,320,2,False,4,6,False,True,1,1,1,120,0,5,120,0,5,False,False,,,False
92224429,623.6,WIN,True,39,7,DAMAGE_COUNTER_ANY,4,TARGET_SELECTION,,,CARD,0,0,121,320,320,2,False,4,6,False,True,1,1,1,120,0,5,120,0,5,False,False,,,False
92224429,623.6,WIN,True,40,7,DAMAGE_COUNTER_ANY,4,TARGET_SELECTION,,,CARD,0,0,121,320,320,2,False,4,6,False,True,1,1,1,120,0,5,,,5,False,False,,,False
92224429,623.6,WIN,True,41,7,TO_HAND,6,RESOURCE_MANAGEMENT,,,CARD,0,0,121,320,320,2,False,4,6,False,True,1,1,1,,,5,,,5,,,,,False
92224429,623.6,WIN,True,42,7,TO_HAND,5,RESOURCE_MANAGEMENT,,,,0,0,121,320,320,2,False,4,5,False,True,1,1,1,,,5,235,30,5,,,,,False
92224429,623.6,WIN,True,43,9,MAIN,17,RESOURCE_MANAGEMENT,PLAY_SUPPORTER,1182,PLAY,2,0,121,310,320,2,True,4,4,True,True,1,1,0,235,30,5,235,30,5,False,False,Itchy Pollen,10,False
92224429,623.6,WIN,True,44,9,SWITCH,3,ACTIVE_POKEMON_SELECTION,,,CARD,0,0,121,310,320,2,True,4,4,False,True,1,1,0,235,30,5,119,70,5,False,False,Itchy Pollen,10,False
92224429,623.6,WIN,True,45,9,MAIN,14,ENERGY_MANAGEMENT,ATTACH_ENERGY,,ATTACH,2,0,121,310,320,2,True,4,4,True,True,1,1,0,119,70,5,119,70,5,False,False,Petty Grudge,10,False
92224429,623.6,WIN,True,46,9,MAIN,4,ATTACK_SELECTION,ATTACK,,ATTACK,2,1,121,310,320,2,True,4,4,True,True,1,1,0,119,70,5,119,0,5,False,False,Petty Grudge,10,False
92224429,623.6,WIN,True,47,9,DAMAGE_COUNTER_ANY,3,TARGET_SELECTION,,,CARD,0,0,121,310,320,2,True,4,4,False,True,1,1,0,119,0,5,119,0,5,False,False,Petty Grudge,10,False
92224429,623.6,WIN,True,48,9,DAMAGE_COUNTER_ANY,3,TARGET_SELECTION,,,CARD,0,0,121,310,320,2,True,4,4,False,True,1,1,0,119,0,5,119,0,5,False,False,Petty Grudge,10,False
92224429,623.6,WIN,True,49,9,DAMAGE_COUNTER_ANY,3,TARGET_SELECTION,,,CARD,0,0,121,310,320,2,True,4,4,False,True,1,1,0,119,0,5,119,0,5,False,False,Petty Grudge,10,False
92224429,623.6,WIN,True,50,9,DAMAGE_COUNTER_ANY,3,TARGET_SELECTION,,,CARD,0,0,121,310,320,2,True,4,4,False,True,1,1,0,119,0,5,119,0,5,False,False,Petty Grudge,10,False
92224429,623.6,WIN,True,51,9,DAMAGE_COUNTER_ANY,3,TARGET_SELECTION,,,CARD,0,0,121,310,320,2,True,4,4,False,True,1,1,0,119,0,5,119,0,5,False,False,Petty Grudge,10,False
92224429,623.6,WIN,True,52,9,DAMAGE_COUNTER_ANY,3,TARGET_SELECTION,,,CARD,0,0,121,310,320,2,True,4,4,False,True,1,1,0,119,0,5,,,5,False,False,Petty Grudge,10,False
92224429,623.6,WIN,True,53,9,TO_HAND,4,RESOURCE_MANAGEMENT,,,CARD,0,0,121,310,320,2,True,4,4,False,True,1,1,0,,,5,,,5,,,,,False
92224429,623.6,WIN,True,54,9,TO_HAND,3,RESOURCE_MANAGEMENT,,,CARD,0,0,121,310,320,2,True,4,3,False,True,1,1,0,,,5,,,5,,,,,False
92224429,623.6,WIN,True,55,9,TO_HAND,2,RESOURCE_MANAGEMENT,,,,0,0,121,310,320,2,True,4,2,False,True,1,1,0,,,5,235,30,5,,,,,False
92224429,623.6,WIN,True,56,11,MAIN,17,ENERGY_MANAGEMENT,ATTACH_ENERGY,,ATTACH,2,0,121,300,320,2,True,4,1,True,True,1,1,0,235,30,5,235,30,5,False,False,Itchy Pollen,10,False
92224429,623.6,WIN,True,57,11,MAIN,7,RESOURCE_MANAGEMENT,PLAY_SUPPORTER,1227,PLAY,2,0,121,300,320,2,True,4,1,True,True,1,1,1,235,30,5,235,30,5,False,False,Itchy Pollen,10,False
92224429,623.6,WIN,True,58,11,MAIN,5,ATTACK_SELECTION,ATTACK,,ATTACK,2,1,121,300,320,2,True,4,1,True,True,1,1,1,235,30,5,235,0,5,False,False,Itchy Pollen,10,False
92224429,623.6,WIN,True,59,11,DAMAGE_COUNTER_ANY,3,TARGET_SELECTION,,,CARD,0,0,121,300,320,2,True,4,1,False,True,1,1,1,235,0,5,235,0,5,False,False,Itchy Pollen,10,False
92224429,623.6,WIN,True,60,11,DAMAGE_COUNTER_ANY,3,TARGET_SELECTION,,,CARD,0,0,121,300,320,2,True,4,1,False,True,1,1,1,235,0,5,235,0,5,False,False,Itchy Pollen,10,False
92224429,623.6,WIN,True,61,11,DAMAGE_COUNTER_ANY,3,TARGET_SELECTION,,,CARD,0,0,121,300,320,2,True,4,1,False,True,1,1,1,235,0,5,235,0,5,False,False,Itchy Pollen,10,False
92224429,623.6,WIN,True,62,11,DAMAGE_COUNTER_ANY,3,TARGET_SELECTION,,,CARD,0,0,121,300,320,2,True,4,1,False,True,1,1,1,235,0,5,235,0,5,False,False,Itchy Pollen,10,False
92224429,623.6,WIN,True,63,11,DAMAGE_COUNTER_ANY,3,TARGET_SELECTION,,,CARD,0,0,121,300,320,2,True,4,1,False,True,1,1,1,235,0,5,235,0,5,False,False,Itchy Pollen,10,False
92224429,623.6,WIN,True,64,11,DAMAGE_COUNTER_ANY,3,TARGET_SELECTION,,,CARD,0,0,121,300,320,2,True,4,1,False,True,1,1,1,235,0,5,,,5,False,False,Itchy Pollen,10,False
92225365,675.3,LOSS,True,0,,,0,UNKNOWN,,,,0,0,,,,,False,,,False,False,,,0,,,,,,,,,,,False
92225365,675.3,LOSS,True,1,,,0,UNKNOWN,,,,0,0,,,,,False,,,False,False,,,0,,,,,,0,,,,,False
92225365,675.3,LOSS,True,2,0,IS_FIRST,2,GOING_FIRST_SECOND,,,,0,0,,,,,False,0,0,False,False,,,0,,,0,,,6,,,,,False
92225365,675.3,LOSS,True,3,0,SETUP_ACTIVE_POKEMON,3,EARLY_GAME_SETUP,,,,0,0,,,,,False,0,0,False,False,,,0,,,6,,,6,,,,,False
92225365,675.3,LOSS,True,4,0,SETUP_BENCH_POKEMON,2,BENCH_MANAGEMENT,,,,0,0,,,,,False,0,6,False,False,,,0,,,6,677,80,6,,,,,False
92225365,675.3,LOSS,True,5,1,MAIN,5,RESOURCE_MANAGEMENT,PLAY_POKEMON,119,PLAY,0,0,235,30,30,1,False,0,6,False,False,0,0,0,677,80,6,677,80,6,False,True,,,False
92225365,675.3,LOSS,True,6,1,MAIN,5,RESOURCE_MANAGEMENT,PLAY_ITEM,1086,PLAY,0,0,235,30,30,1,False,1,6,True,True,0,0,0,677,80,6,677,80,6,False,True,,,False
92225365,675.3,LOSS,True,7,1,TO_BENCH,4,BENCH_MANAGEMENT,,,CARD;CARD,0,0,235,30,30,1,False,1,6,False,True,0,0,0,677,80,6,677,80,6,False,True,,,False
92225365,675.3,LOSS,True,8,1,MAIN,4,RESOURCE_MANAGEMENT,PLAY_ITEM,1152,PLAY,0,0,235,30,30,1,False,3,6,True,True,0,0,0,677,80,6,677,80,6,False,True,,,False
92225365,675.3,LOSS,True,9,1,TO_HAND,5,RESOURCE_MANAGEMENT,,,CARD,0,0,235,30,30,1,False,3,6,False,True,0,0,0,677,80,6,677,80,6,False,True,,,False
92225365,675.3,LOSS,True,10,1,MAIN,4,RESOURCE_MANAGEMENT,PLAY_POKEMON,119,PLAY,0,0,235,30,30,1,False,3,6,True,True,0,0,0,677,80,6,677,80,6,False,True,,,False
92225365,675.3,LOSS,True,11,1,MAIN,3,TIMING,,,,0,0,235,30,30,1,False,4,6,True,True,0,0,0,677,80,6,677,80,6,False,True,,,False
92225365,675.3,LOSS,True,12,3,MAIN,10,RESOURCE_MANAGEMENT,PLAY_ITEM,1079,PLAY,1,0,235,30,30,1,False,4,6,True,True,0,0,0,677,80,6,677,80,6,False,True,,,False
92225365,675.3,LOSS,True,13,3,EVOLVE,4,BENCH_MANAGEMENT,,,EVOLVE,0,0,235,30,30,1,False,4,6,False,True,0,0,0,677,80,6,677,80,6,False,True,,,False
92225365,675.3,LOSS,True,14,3,MAIN,8,BENCH_MANAGEMENT,EVOLVE,,EVOLVE,1,0,235,30,30,1,False,4,6,True,True,0,0,0,677,80,6,677,80,6,False,True,,,False
92225365,675.3,LOSS,True,15,3,MAIN,6,RESOURCE_MANAGEMENT,ABILITY,,ABILITY,1,0,235,30,30,1,False,4,6,True,True,0,0,0,677,80,6,677,80,6,False,True,,,False
92225365,675.3,LOSS,True,16,3,TO_HAND,2,RESOURCE_MANAGEMENT,,,CARD,0,0,235,30,30,1,False,4,6,False,True,0,0,0,677,80,6,677,80,6,False,True,,,False
92225365,675.3,LOSS,True,17,3,MAIN,10,ENERGY_MANAGEMENT,ATTACH_ENERGY,,ATTACH,1,0,235,30,30,1,False,4,6,True,True,0,0,0,677,80,6,677,80,6,False,True,,,False
92225365,675.3,LOSS,True,18,3,MAIN,5,TIMING,,,,1,0,235,30,30,1,False,4,6,True,True,0,0,1,677,80,6,678,330,6,False,True,,,False
92225365,675.3,LOSS,True,19,5,MAIN,7,RESOURCE_MANAGEMENT,ABILITY,,ABILITY,1,0,121,190,320,2,True,4,6,True,True,1,1,1,678,330,6,678,330,6,False,True,Aura Jab,130,True
92225365,675.3,LOSS,True,20,5,TO_HAND,2,RESOURCE_MANAGEMENT,,,CARD,0,0,121,190,320,2,True,4,6,False,True,1,1,1,678,330,6,678,330,6,False,True,Aura Jab,130,False
92225365,675.3,LOSS,True,21,5,MAIN,7,BENCH_MANAGEMENT,EVOLVE,,EVOLVE,1,0,121,190,320,2,True,4,6,True,True,1,1,1,678,330,6,678,330,6,False,True,Aura Jab,130,False
92225365,675.3,LOSS,True,22,5,MAIN,6,RETREAT_SELECTION,RETREAT,,RETREAT,1,0,121,190,320,2,True,4,6,True,True,1,1,1,678,330,6,678,330,6,False,True,Aura Jab,130,False
92225365,675.3,LOSS,True,23,5,DISCARD_ENERGY,1,ENERGY_MANAGEMENT,,,ENERGY,0,0,121,190,320,2,True,4,6,False,True,1,1,1,678,330,6,678,330,6,False,True,Aura Jab,130,False
92225365,675.3,LOSS,True,24,5,SWITCH,4,ACTIVE_POKEMON_SELECTION,,,CARD,0,0,121,190,320,2,True,4,6,False,True,1,0,1,678,330,6,678,330,6,False,True,Aura Jab,130,False
92225365,675.3,LOSS,True,25,5,MAIN,4,TIMING,,,,0,0,121,320,320,2,False,4,6,False,True,1,0,1,678,330,6,678,330,6,False,False,Aura Jab,130,False
92225365,675.3,LOSS,True,26,7,MAIN,5,TIMING,,,,0,0,121,50,320,2,True,4,6,False,True,1,0,1,678,330,6,678,330,4,True,False,Mega Brave,270,False
92225365,675.3,LOSS,True,27,8,TO_ACTIVE,4,ACTIVE_POKEMON_SELECTION,,,CARD,0,0,,,,,False,4,6,False,True,,,1,678,330,4,678,330,4,,,,,True
92225365,675.3,LOSS,True,28,9,MAIN,8,RESOURCE_MANAGEMENT,PLAY_POKEMON,140,PLAY,1,0,235,30,30,1,False,3,6,True,True,0,0,0,678,330,4,678,330,4,True,False,Mega Brave,270,False
92225365,675.3,LOSS,True,29,9,MAIN,8,RESOURCE_MANAGEMENT,ABILITY,,ABILITY,1,0,235,30,30,1,False,4,6,True,True,0,0,0,678,330,4,678,330,4,True,False,Mega Brave,270,False
92225365,675.3,LOSS,True,30,9,MAIN,14,RESOURCE_MANAGEMENT,PLAY_ITEM,1121,PLAY,1,0,235,30,30,1,False,4,6,True,True,0,0,0,678,330,4,678,330,4,True,False,Mega Brave,270,False
92225365,675.3,LOSS,True,31,9,DISCARD,6,RESOURCE_MANAGEMENT,,,CARD;CARD,0,0,235,30,30,1,False,4,6,False,True,0,0,0,678,330,4,678,330,4,True,False,Mega Brave,270,False
92225365,675.3,LOSS,True,32,9,TO_HAND,5,RESOURCE_MANAGEMENT,,,CARD,0,0,235,30,30,1,False,4,6,False,True,0,0,0,678,330,4,678,330,4,True,False,Mega Brave,270,False
92225365,675.3,LOSS,True,33,9,MAIN,13,RESOURCE_MANAGEMENT,PLAY_SUPPORTER,1198,PLAY,1,0,235,30,30,1,False,4,6,True,True,0,0,0,678,330,4,678,330,4,True,False,Mega Brave,270,False
92225365,675.3,LOSS,True,34,9,TO_HAND,5,RESOURCE_MANAGEMENT,,,CARD,0,0,235,30,30,1,False,4,6,False,True,0,0,0,678,330,4,678,330,4,True,False,Mega Brave,270,False
92225365,675.3,LOSS,True,35,9,ATTACH_TO,3,ENERGY_MANAGEMENT,,,CARD,0,0,235,30,30,1,False,4,6,False,True,0,0,0,678,330,4,678,330,4,True,False,Mega Brave,270,False
92225365,675.3,LOSS,True,36,9,ATTACH_FROM,5,ENERGY_MANAGEMENT,,,CARD,0,0,235,30,30,1,False,4,6,False,True,0,0,0,678,330,4,678,330,4,True,False,Mega Brave,270,False
92225365,675.3,LOSS,True,37,9,MAIN,15,BENCH_MANAGEMENT,EVOLVE,,EVOLVE,1,0,235,30,30,1,False,4,6,True,True,0,0,1,678,330,4,678,330,4,True,False,Mega Brave,270,False
92225365,675.3,LOSS,True,38,9,MAIN,14,RESOURCE_MANAGEMENT,ABILITY,,ABILITY,1,0,235,30,30,1,False,4,6,True,True,0,0,1,678,330,4,678,330,4,True,False,Mega Brave,270,False
92225365,675.3,LOSS,True,39,9,TO_HAND,2,RESOURCE_MANAGEMENT,,,CARD,0,0,235,30,30,1,False,4,6,False,True,0,0,1,678,330,4,678,330,4,True,False,Mega Brave,270,False
92225365,675.3,LOSS,True,40,9,MAIN,13,ENERGY_MANAGEMENT,ATTACH_ENERGY,,ATTACH,1,0,235,30,30,1,False,4,6,True,True,0,0,1,678,330,4,678,330,4,True,False,Mega Brave,270,False
92225365,675.3,LOSS,True,41,9,MAIN,3,RETREAT_SELECTION,RETREAT,,RETREAT,1,0,235,30,30,1,False,4,6,True,True,0,0,1,678,330,4,678,330,4,True,False,Mega Brave,270,False
92225365,675.3,LOSS,True,42,9,SWITCH,4,ACTIVE_POKEMON_SELECTION,,,CARD,0,0,235,30,30,1,False,4,6,False,True,0,0,1,678,330,4,678,330,4,True,False,Mega Brave,270,False
92225365,675.3,LOSS,True,43,9,MAIN,3,ATTACK_SELECTION,ATTACK,,ATTACK,2,1,121,190,320,2,True,4,6,False,True,1,1,1,678,330,4,678,130,4,True,False,Mega Brave,270,True
92225365,675.3,LOSS,True,44,9,DAMAGE_COUNTER_ANY,5,TARGET_SELECTION,,,CARD,0,0,121,190,320,2,True,4,6,False,True,1,1,1,678,130,4,678,130,4,True,False,Mega Brave,270,False
92225365,675.3,LOSS,True,45,9,DAMAGE_COUNTER_ANY,5,TARGET_SELECTION,,,CARD,0,0,121,190,320,2,True,4,6,False,True,1,1,1,678,130,4,678,130,4,True,False,Mega Brave,270,False
92225365,675.3,LOSS,True,46,9,DAMAGE_COUNTER_ANY,5,TARGET_SELECTION,,,CARD,0,0,121,190,320,2,True,4,6,False,True,1,1,1,678,130,4,678,130,4,True,False,Mega Brave,270,False
92225365,675.3,LOSS,True,47,9,DAMAGE_COUNTER_ANY,5,TARGET_SELECTION,,,CARD,0,0,121,190,320,2,True,4,6,False,True,1,1,1,678,130,4,678,130,4,True,False,Mega Brave,270,False
92225365,675.3,LOSS,True,48,9,DAMAGE_COUNTER_ANY,5,TARGET_SELECTION,,,CARD,0,0,121,190,320,2,True,4,6,False,True,1,1,1,678,130,4,678,130,4,True,False,Mega Brave,270,False
92225365,675.3,LOSS,True,49,9,DAMAGE_COUNTER_ANY,5,TARGET_SELECTION,,,,0,0,121,190,320,2,True,4,6,False,True,1,1,1,678,130,4,678,130,2,True,False,Mega Brave,270,False
92225365,675.3,LOSS,True,50,10,TO_ACTIVE,4,ACTIVE_POKEMON_SELECTION,,,CARD,0,0,,,,,False,4,6,False,True,,,1,678,130,2,678,130,2,,,,,True
92225365,675.3,LOSS,True,51,11,MAIN,13,RESOURCE_MANAGEMENT,PLAY_ITEM,1120,PLAY,1,0,235,30,30,1,False,3,6,True,True,0,0,0,678,130,2,678,130,2,True,False,Mega Brave,270,False
92225365,675.3,LOSS,True,52,11,DISCARD_ENERGY,8,ENERGY_MANAGEMENT,,,ENERGY,0,0,235,30,30,1,False,3,6,False,True,0,0,0,678,130,2,678,130,2,True,False,Mega Brave,270,False
92225365,675.3,LOSS,True,53,11,MAIN,12,RESOURCE_MANAGEMENT,ABILITY,,ABILITY,1,0,235,30,30,1,False,3,6,True,True,0,0,0,678,130,2,678,130,2,True,False,Mega Brave,270,False
92225365,675.3,LOSS,True,54,11,TO_HAND,2,RESOURCE_MANAGEMENT,,,CARD,0,0,235,30,30,1,False,3,6,False,True,0,0,0,678,130,2,678,130,2,True,False,Mega Brave,270,False
92225365,675.3,LOSS,True,55,11,MAIN,15,RESOURCE_MANAGEMENT,ABILITY,,ABILITY,1,0,235,30,30,1,False,3,6,True,True,0,0,0,678,130,2,678,130,2,True,False,Mega Brave,270,False
92225365,675.3,LOSS,True,56,11,MAIN,17,ENERGY_MANAGEMENT,ATTACH_ENERGY,,ATTACH,1,0,235,30,30,1,False,3,6,True,True,0,0,0,678,130,2,678,130,2,True,False,Mega Brave,270,False
92225365,675.3,LOSS,True,57,11,MAIN,9,RESOURCE_MANAGEMENT,PLAY_SUPPORTER,1227,PLAY,1,0,235,30,30,1,False,3,6,True,True,0,0,0,678,130,2,678,130,2,True,False,Mega Brave,270,False
92225365,675.3,LOSS,True,58,11,MAIN,12,BENCH_MANAGEMENT,EVOLVE,,EVOLVE,1,0,235,30,30,1,False,3,6,True,True,0,0,0,678,130,2,678,130,2,True,False,Mega Brave,270,False
92225365,675.3,LOSS,True,59,11,MAIN,11,ENERGY_MANAGEMENT,ATTACH_ENERGY,,ATTACH,1,0,235,30,30,1,False,3,6,True,True,0,0,0,678,130,2,678,130,2,True,False,Mega Brave,270,False
92225365,675.3,LOSS,True,60,11,MAIN,7,RESOURCE_MANAGEMENT,PLAY_ITEM,1097,PLAY,1,0,235,30,30,1,False,3,6,True,True,0,0,0,678,130,2,678,130,2,True,False,Mega Brave,270,False
92225365,675.3,LOSS,True,61,11,TO_HAND,9,RESOURCE_MANAGEMENT,,,CARD,0,0,235,30,30,1,False,3,6,False,True,0,0,0,678,130,2,678,130,2,True,False,Mega Brave,270,False
92225365,675.3,LOSS,True,62,11,MAIN,7,RESOURCE_MANAGEMENT,PLAY_POKEMON,119,PLAY,1,0,235,30,30,1,False,3,6,True,True,0,0,0,678,130,2,678,130,2,True,False,Mega Brave,270,False
92225365,675.3,LOSS,True,63,11,MAIN,6,BENCH_MANAGEMENT,EVOLVE,,EVOLVE,1,0,235,30,30,1,False,4,6,True,True,0,0,0,678,130,2,678,130,2,True,False,Mega Brave,270,False
92225365,675.3,LOSS,True,64,11,MAIN,6,RESOURCE_MANAGEMENT,ABILITY,,ABILITY,1,0,235,30,30,1,False,4,6,True,True,0,0,0,678,130,2,678,130,2,True,False,Mega Brave,270,False
92225365,675.3,LOSS,True,65,11,TO_HAND,2,RESOURCE_MANAGEMENT,,,CARD,0,0,235,30,30,1,False,4,6,False,True,0,0,0,678,130,2,678,130,2,True,False,Mega Brave,270,False
92225365,675.3,LOSS,True,66,11,MAIN,6,RESOURCE_MANAGEMENT,PLAY_ITEM,1120,PLAY,1,0,235,30,30,1,False,4,6,True,True,0,0,0,678,130,2,678,130,2,True,False,Mega Brave,270,False
92225365,675.3,LOSS,True,67,11,DISCARD_ENERGY,7,ENERGY_MANAGEMENT,,,ENERGY,0,0,235,30,30,1,False,4,6,False,True,0,0,0,678,130,2,678,130,2,True,False,Mega Brave,270,False
92226320,498.3,WIN,False,0,,,0,UNKNOWN,,,,0,0,,,,,False,,,False,False,,,0,,,,,,,,,,,False
92226320,498.3,WIN,False,1,,,0,UNKNOWN,,,,0,0,,,,,False,,,False,False,,,0,,,,,,0,,,,,False
92226320,498.3,WIN,False,2,0,SETUP_ACTIVE_POKEMON,1,EARLY_GAME_SETUP,,,,0,0,,,,,False,0,0,False,False,,,0,,,0,268,60,6,,,,,False
92226320,498.3,WIN,False,3,2,MAIN,5,RESOURCE_MANAGEMENT,PLAY_ITEM,1120,PLAY,0,0,184,210,210,2,False,0,6,False,False,2,0,0,268,60,6,268,60,6,False,False,,,False
92226320,498.3,WIN,False,4,2,DISCARD_ENERGY,1,ENERGY_MANAGEMENT,,,ENERGY,0,0,184,210,210,2,False,0,6,False,False,2,0,0,268,60,6,268,60,6,False,False,,,False
92226320,498.3,WIN,False,5,2,MAIN,4,ENERGY_MANAGEMENT,ATTACH_ENERGY,,ATTACH,0,0,184,210,210,2,False,0,6,False,False,2,0,0,268,60,6,268,60,6,False,False,,,False
92226320,498.3,WIN,False,6,2,MAIN,3,RESOURCE_MANAGEMENT,PLAY_SUPPORTER,1227,PLAY,0,0,184,210,210,2,False,0,6,False,False,2,1,0,268,60,6,268,60,6,False,False,,,False
92226320,498.3,WIN,False,7,2,MAIN,4,RESOURCE_MANAGEMENT,PLAY_POKEMON,119,PLAY,0,0,184,210,210,2,False,0,6,False,False,2,1,0,268,60,6,268,60,6,False,False,,,False
92226320,498.3,WIN,False,8,2,MAIN,4,TIMING,,,,0,0,184,210,210,2,False,1,6,True,True,2,1,0,268,60,6,269,280,6,False,False,,,False
92226320,498.3,WIN,False,9,4,MAIN,9,ENERGY_MANAGEMENT,ATTACH_ENERGY,,ATTACH,0,0,184,210,210,2,False,1,6,True,True,2,1,0,269,280,6,269,280,6,False,False,,,False
92226320,498.3,WIN,False,10,4,MAIN,7,RESOURCE_MANAGEMENT,PLAY_SUPPORTER,1227,PLAY,0,0,184,210,210,2,False,1,6,True,True,2,1,1,269,280,6,269,280,6,False,False,,,False
92226320,498.3,WIN,False,11,4,MAIN,4,ENERGY_MANAGEMENT,ATTACH_ENERGY,,ATTACH,0,0,184,210,210,2,False,1,6,True,True,2,1,1,269,280,6,269,280,6,False,False,,,False
92226320,498.3,WIN,False,12,4,MAIN,2,TIMING,,,,0,0,184,210,210,2,False,1,6,True,True,2,1,1,269,280,6,269,280,6,False,False,,,False
92226320,498.3,WIN,False,13,6,MAIN,11,ENERGY_MANAGEMENT,ATTACH_ENERGY,,ATTACH,1,0,119,70,70,1,False,1,6,True,True,1,1,0,269,280,6,269,280,6,False,False,,,True
92226320,498.3,WIN,False,14,6,MAIN,8,RESOURCE_MANAGEMENT,PLAY_SUPPORTER,1227,PLAY,2,0,119,70,70,1,False,1,6,True,True,1,1,0,269,280,6,269,280,6,False,False,,,False
92226320,498.3,WIN,False,15,6,MAIN,7,RESOURCE_MANAGEMENT,PLAY_ITEM,1152,PLAY,2,0,119,70,70,1,False,1,6,True,True,1,1,0,269,280,6,269,280,6,False,False,,,False
92226320,498.3,WIN,False,16,6,TO_HAND,7,RESOURCE_MANAGEMENT,,,CARD,0,0,119,70,70,1,False,1,6,False,True,1,1,0,269,280,6,269,280,6,False,False,,,False
92226320,498.3,WIN,False,17,6,MAIN,7,RESOURCE_MANAGEMENT,PLAY_POKEMON,235,PLAY,2,0,119,70,70,1,False,1,6,True,True,1,1,0,269,280,6,269,280,6,False,False,,,False
92226320,498.3,WIN,False,18,6,MAIN,6,RETREAT_SELECTION,RETREAT,,RETREAT,2,0,119,70,70,1,False,2,6,True,True,1,1,1,269,280,6,269,280,6,False,False,,,False
92226320,498.3,WIN,False,19,6,SWITCH,2,ACTIVE_POKEMON_SELECTION,,,CARD,0,0,119,70,70,1,False,2,6,False,True,1,1,1,269,280,6,269,280,6,False,False,,,False
92226320,498.3,WIN,False,20,6,MAIN,4,TIMING,,,,1,0,235,30,30,1,False,2,6,False,True,0,0,1,269,280,6,269,270,6,False,False,,,True
92226320,498.3,WIN,False,21,8,MAIN,10,RESOURCE_MANAGEMENT,PLAY_SUPPORTER,1227,PLAY,1,0,235,30,30,1,False,2,6,True,True,0,0,1,269,270,6,269,270,6,False,False,,,False
92226320,498.3,WIN,False,22,8,MAIN,12,RESOURCE_MANAGEMENT,PLAY_POKEMON,119,PLAY,1,0,235,30,30,1,False,2,6,True,True,0,0,1,269,270,6,269,270,6,False,False,,,False
92226320,498.3,WIN,False,23,8,MAIN,12,RESOURCE_MANAGEMENT,PLAY_ITEM,1086,PLAY,1,0,235,30,30,1,False,3,6,True,True,0,0,1,269,270,6,269,270,6,False,False,,,False
92226320,498.3,WIN,False,24,8,TO_BENCH,2,BENCH_MANAGEMENT,,,CARD,0,0,235,30,30,1,False,3,6,False,True,0,0,1,269,270,6,269,270,6,False,False,,,False
92226320,498.3,WIN,False,25,8,MAIN,12,RESOURCE_MANAGEMENT,PLAY_ITEM,1152,PLAY,1,0,235,30,30,1,False,4,6,True,True,0,0,1,269,270,6,269,270,6,False,False,,,False
92226320,498.3,WIN,False,26,8,TO_HAND,3,RESOURCE_MANAGEMENT,,,CARD,0,0,235,30,30,1,False,4,6,False,True,0,0,1,269,270,6,269,270,6,False,False,,,False
92226320,498.3,WIN,False,27,8,MAIN,12,RESOURCE_MANAGEMENT,PLAY_ITEM,1152,PLAY,1,0,235,30,30,1,False,4,6,True,True,0,0,1,269,270,6,269,270,6,False,False,,,False
92226320,498.3,WIN,False,28,8,TO_HAND,2,RESOURCE_MANAGEMENT,,,CARD,0,0,235,30,30,1,False,4,6,False,True,0,0,1,269,270,6,269,270,6,False,False,,,False
92226320,498.3,WIN,False,29,8,MAIN,12,BENCH_MANAGEMENT,EVOLVE,,EVOLVE,1,0,235,30,30,1,False,4,6,True,True,0,0,1,269,270,6,269,270,6,False,False,,,False
92226320,498.3,WIN,False,30,8,MAIN,10,RESOURCE_MANAGEMENT,ABILITY,,ABILITY,1,0,235,30,30,1,False,4,6,True,True,0,0,1,269,270,6,269,270,6,False,False,,,False
92226320,498.3,WIN,False,31,8,TO_HAND,2,RESOURCE_MANAGEMENT,,,CARD,0,0,235,30,30,1,False,4,6,False,True,0,0,1,269,270,6,269,270,6,False,False,,,False
92226320,498.3,WIN,False,32,8,MAIN,10,RESOURCE_MANAGEMENT,PLAY_ITEM,1121,PLAY,1,0,235,30,30,1,False,4,6,True,True,0,0,1,269,270,6,269,270,6,False,False,,,False
92226320,498.3,WIN,False,33,8,DISCARD,5,RESOURCE_MANAGEMENT,,,CARD;CARD,0,0,235,30,30,1,False,4,6,False,True,0,0,1,269,270,6,269,270,6,False,False,,,False
92226320,498.3,WIN,False,34,8,TO_HAND,4,RESOURCE_MANAGEMENT,,,CARD,0,0,235,30,30,1,False,4,6,False,True,0,0,1,269,270,6,269,270,6,False,False,,,False
92226320,498.3,WIN,False,35,8,MAIN,9,ENERGY_MANAGEMENT,ATTACH_ENERGY,,ATTACH,1,0,235,30,30,1,False,4,6,True,True,0,0,1,269,270,6,269,270,6,False,False,,,False
92226320,498.3,WIN,False,36,8,MAIN,4,TIMING,,,,1,0,235,30,30,1,False,4,6,True,True,0,0,2,269,270,6,269,260,6,False,False,,,False
92226320,498.3,WIN,False,37,10,MAIN,9,BENCH_MANAGEMENT,EVOLVE,,EVOLVE,1,0,235,30,30,1,False,4,6,True,True,0,0,2,269,260,6,269,260,6,False,False,,,False
92226320,498.3,WIN,False,38,10,MAIN,7,RESOURCE_MANAGEMENT,PLAY_ITEM,1097,PLAY,1,0,235,30,30,1,False,4,6,True,True,0,0,2,269,260,6,269,260,6,False,False,,,False
92226320,498.3,WIN,False,39,10,TO_HAND,1,RESOURCE_MANAGEMENT,,,CARD,0,0,235,30,30,1,False,4,6,False,True,0,0,2,269,260,6,269,260,6,False,False,,,False
92226320,498.3,WIN,False,40,10,MAIN,8,BENCH_MANAGEMENT,EVOLVE,,EVOLVE,1,0,235,30,30,1,False,4,6,True,True,0,0,2,269,260,6,269,260,6,False,False,,,False
92226320,498.3,WIN,False,41,10,MAIN,6,RESOURCE_MANAGEMENT,ABILITY,,ABILITY,1,0,235,30,30,1,False,4,6,True,True,0,0,1,269,260,6,269,260,6,False,False,,,False
92226320,498.3,WIN,False,42,10,TO_HAND,2,RESOURCE_MANAGEMENT,,,CARD,0,0,235,30,30,1,False,4,6,False,True,0,0,1,269,260,6,269,260,6,False,False,,,False
92226320,498.3,WIN,False,43,10,MAIN,10,BENCH_MANAGEMENT,EVOLVE,,EVOLVE,1,0,235,30,30,1,False,4,6,True,True,0,0,1,269,260,6,269,260,6,False,False,,,False
92226320,498.3,WIN,False,44,10,MAIN,10,RESOURCE_MANAGEMENT,ABILITY,,ABILITY,1,0,235,30,30,1,False,4,6,True,True,0,0,1,269,260,6,269,260,6,False,False,,,False
92226320,498.3,WIN,False,45,10,TO_HAND,2,RESOURCE_MANAGEMENT,,,CARD,0,0,235,30,30,1,False,4,6,False,True,0,0,1,269,260,6,269,260,6,False,False,,,False
92226320,498.3,WIN,False,46,10,MAIN,10,ENERGY_MANAGEMENT,ATTACH_ENERGY,,ATTACH,1,0,235,30,30,1,False,4,6,True,True,0,0,1,269,260,6,269,260,6,False,False,,,False
92226320,498.3,WIN,False,47,10,MAIN,4,RETREAT_SELECTION,RETREAT,,RETREAT,1,0,235,30,30,1,False,4,6,True,True,0,0,1,269,260,6,269,260,6,False,False,,,False
92226320,498.3,WIN,False,48,10,SWITCH,4,ACTIVE_POKEMON_SELECTION,,,CARD,0,0,235,30,30,1,False,4,6,False,True,0,0,1,269,260,6,269,260,6,False,False,,,False
92226320,498.3,WIN,False,49,10,MAIN,4,ATTACK_SELECTION,ATTACK,,ATTACK,2,1,121,320,320,2,False,4,6,False,True,1,1,1,269,260,6,269,60,6,False,False,,,True
92226320,498.3,WIN,False,50,10,DAMAGE_COUNTER_ANY,5,TARGET_SELECTION,,,CARD,0,0,121,320,320,2,False,4,6,False,True,1,1,1,269,60,6,269,60,6,False,False,,,False
92226320,498.3,WIN,False,51,10,DAMAGE_COUNTER_ANY,5,TARGET_SELECTION,,,CARD,0,0,121,320,320,2,False,4,6,False,True,1,1,1,269,60,6,269,60,6,False,False,,,False
92226320,498.3,WIN,False,52,10,DAMAGE_COUNTER_ANY,5,TARGET_SELECTION,,,CARD,0,0,121,320,320,2,False,4,6,False,True,1,1,1,269,60,6,269,60,6,False,False,,,False
92226320,498.3,WIN,False,53,10,DAMAGE_COUNTER_ANY,5,TARGET_SELECTION,,,CARD,0,0,121,320,320,2,False,4,6,False,True,1,1,1,269,60,6,269,60,6,False,False,,,False
92226320,498.3,WIN,False,54,10,DAMAGE_COUNTER_ANY,5,TARGET_SELECTION,,,CARD,0,0,121,320,320,2,False,4,6,False,True,1,1,1,269,60,6,269,60,6,False,False,,,False
92226320,498.3,WIN,False,55,10,DAMAGE_COUNTER_ANY,5,TARGET_SELECTION,,,,0,0,121,320,320,2,False,4,6,False,True,1,1,1,269,60,6,269,60,6,False,False,,,False
92226320,498.3,WIN,False,56,12,MAIN,13,RESOURCE_MANAGEMENT,ABILITY,,ABILITY,2,0,121,320,320,2,False,4,6,True,True,1,1,1,269,60,6,269,60,6,False,False,,,False
92226320,498.3,WIN,False,57,12,TO_HAND,2,RESOURCE_MANAGEMENT,,,CARD,0,0,121,320,320,2,False,4,6,False,True,1,1,1,269,60,6,269,60,6,False,False,,,False
92226320,498.3,WIN,False,58,12,MAIN,13,RESOURCE_MANAGEMENT,ABILITY,,ABILITY,2,0,121,320,320,2,False,4,6,True,True,1,1,1,269,60,6,269,60,6,False,False,,,False
92226320,498.3,WIN,False,59,12,TO_HAND,2,RESOURCE_MANAGEMENT,,,CARD,0,0,121,320,320,2,False,4,6,False,True,1,1,1,269,60,6,269,60,6,False,False,,,False
92226320,498.3,WIN,False,60,12,MAIN,14,BENCH_MANAGEMENT,EVOLVE,,EVOLVE,2,0,121,320,320,2,False,4,6,True,True,1,1,1,269,60,6,269,60,6,False,False,,,False
92226320,498.3,WIN,False,61,12,MAIN,12,RESOURCE_MANAGEMENT,PLAY_SUPPORTER,1210,PLAY,2,0,121,320,320,2,False,4,6,True,True,1,1,2,269,60,6,269,60,6,False,False,,,False
92226320,498.3,WIN,False,62,12,TO_HAND,2,RESOURCE_MANAGEMENT,,,CARD,0,0,121,320,320,2,False,4,6,False,True,1,1,2,269,60,6,269,60,6,False,False,,,False
92226320,498.3,WIN,False,63,12,MAIN,12,ENERGY_MANAGEMENT,ATTACH_ENERGY,,ATTACH,2,0,121,320,320,2,False,4,6,True,True,1,1,2,269,60,6,269,60,6,False,False,,,False
92226320,498.3,WIN,False,64,12,MAIN,7,ATTACK_SELECTION,ATTACK,,ATTACK,2,1,121,320,320,2,False,4,6,True,True,1,1,2,269,60,6,269,0,6,False,False,,,False
92226320,498.3,WIN,False,65,12,DAMAGE_COUNTER_ANY,5,TARGET_SELECTION,,,CARD,0,0,121,320,320,2,False,4,6,False,True,1,1,2,269,0,6,269,0,6,False,False,,,False
92226320,498.3,WIN,False,66,12,DAMAGE_COUNTER_ANY,5,TARGET_SELECTION,,,CARD,0,0,121,320,320,2,False,4,6,False,True,1,1,2,269,0,6,269,0,6,False,False,,,False
92226320,498.3,WIN,False,67,12,DAMAGE_COUNTER_ANY,5,TARGET_SELECTION,,,CARD,0,0,121,320,320,2,False,4,6,False,True,1,1,2,269,0,6,269,0,6,False,False,,,False
92226320,498.3,WIN,False,68,12,DAMAGE_COUNTER_ANY,5,TARGET_SELECTION,,,CARD,0,0,121,320,320,2,False,4,6,False,True,1,1,2,269,0,6,269,0,6,False,False,,,False
92226320,498.3,WIN,False,69,12,DAMAGE_COUNTER_ANY,5,TARGET_SELECTION,,,CARD,0,0,121,320,320,2,False,4,6,False,True,1,1,2,269,0,6,269,0,6,False,False,,,False
92226320,498.3,WIN,False,70,12,DAMAGE_COUNTER_ANY,5,TARGET_SELECTION,,,CARD,0,0,121,320,320,2,False,4,6,False,True,1,1,2,269,0,6,,,6,False,False,,,False
92226320,498.3,WIN,False,71,12,TO_HAND,6,RESOURCE_MANAGEMENT,,,CARD;CARD,0,0,121,320,320,2,False,4,6,False,True,1,1,2,,,6,,,6,,,,,False
92226320,498.3,WIN,False,72,12,TO_HAND,4,RESOURCE_MANAGEMENT,,,CARD,0,0,121,320,320,2,False,4,4,False,True,1,1,2,,,6,,,6,,,,,False
92226320,498.3,WIN,False,73,12,TO_HAND,3,RESOURCE_MANAGEMENT,,,,0,0,121,320,320,2,False,4,3,False,True,1,1,2,,,6,269,280,6,,,,,False
92226320,498.3,WIN,False,74,14,MAIN,11,RESOURCE_MANAGEMENT,PLAY_POKEMON,140,PLAY,2,0,121,320,320,2,False,4,2,True,True,1,1,2,269,280,6,269,280,6,False,False,,,False
92226320,498.3,WIN,False,75,14,MAIN,8,RESOURCE_MANAGEMENT,ABILITY,,ABILITY,2,0,121,320,320,2,False,5,2,True,True,1,1,2,269,280,6,269,280,6,False,False,,,False
92226320,498.3,WIN,False,76,14,TO_HAND,2,RESOURCE_MANAGEMENT,,,CARD,0,0,121,320,320,2,False,5,2,False,True,1,1,2,269,280,6,269,280,6,False,False,,,False
92226320,498.3,WIN,False,77,14,MAIN,7,RESOURCE_MANAGEMENT,PLAY_SUPPORTER,1198,PLAY,2,0,121,320,320,2,False,5,2,True,True,1,1,2,269,280,6,269,280,6,False,False,,,False
92226320,498.3,WIN,False,78,14,TO_HAND,1,RESOURCE_MANAGEMENT,,,CARD,0,0,121,320,320,2,False,5,2,False,True,1,1,2,269,280,6,269,280,6,False,False,,,False
92226320,498.3,WIN,False,79,14,MAIN,12,RESOURCE_MANAGEMENT,PLAY_ITEM,1121,PLAY,2,0,121,320,320,2,False,5,2,True,True,1,1,2,269,280,6,269,280,6,False,False,,,False
92226320,498.3,WIN,False,80,14,DISCARD,7,RESOURCE_MANAGEMENT,,,CARD;CARD,0,0,121,320,320,2,False,5,2,False,True,1,1,2,269,280,6,269,280,6,False,False,,,False
92226320,498.3,WIN,False,81,14,TO_HAND,1,RESOURCE_MANAGEMENT,,,CARD,0,0,121,320,320,2,False,5,2,False,True,1,1,2,269,280,6,269,280,6,False,False,,,False
92226320,498.3,WIN,False,82,14,MAIN,5,ATTACK_SELECTION,ATTACK,,ATTACK,2,1,121,320,320,2,False,5,2,True,True,1,1,2,269,280,6,269,80,6,False,False,,,False
92226320,498.3,WIN,False,83,14,DAMAGE_COUNTER_ANY,4,TARGET_SELECTION,,,CARD,0,0,121,320,320,2,False,5,2,False,True,1,1,2,269,80,6,269,80,6,False,False,,,False
92226320,498.3,WIN,False,84,14,DAMAGE_COUNTER_ANY,4,TARGET_SELECTION,,,CARD,0,0,121,320,320,2,False,5,2,False,True,1,1,2,269,80,6,269,80,6,False,False,,,False
92226320,498.3,WIN,False,85,14,DAMAGE_COUNTER_ANY,4,TARGET_SELECTION,,,CARD,0,0,121,320,320,2,False,5,2,False,True,1,1,2,269,80,6,269,80,6,False,False,,,False
92226320,498.3,WIN,False,86,14,DAMAGE_COUNTER_ANY,4,TARGET_SELECTION,,,CARD,0,0,121,320,320,2,False,5,2,False,True,1,1,2,269,80,6,269,80,6,False,False,,,False
92226320,498.3,WIN,False,87,14,DAMAGE_COUNTER_ANY,4,TARGET_SELECTION,,,CARD,0,0,121,320,320,2,False,5,2,False,True,1,1,2,269,80,6,269,80,6,False,False,,,False
92226320,498.3,WIN,False,88,14,DAMAGE_COUNTER_ANY,4,TARGET_SELECTION,,,,0,0,121,320,320,2,False,5,2,False,True,1,1,2,269,80,6,269,80,6,False,False,,,False
92226320,498.3,WIN,False,89,16,MAIN,8,RESOURCE_MANAGEMENT,PLAY_ITEM,1120,PLAY,2,0,121,320,320,2,False,5,2,True,True,1,1,2,269,80,6,269,80,6,False,False,,,False
92226320,498.3,WIN,False,90,16,MAIN,7,RESOURCE_MANAGEMENT,ABILITY,,ABILITY,2,0,121,320,320,2,False,5,2,True,True,1,1,2,269,80,6,269,80,6,False,False,,,False
92226320,498.3,WIN,False,91,16,TO_HAND,2,RESOURCE_MANAGEMENT,,,CARD,0,0,121,320,320,2,False,5,2,False,True,1,1,2,269,80,6,269,80,6,False,False,,,False
92226320,498.3,WIN,False,92,16,MAIN,7,RESOURCE_MANAGEMENT,PLAY_SUPPORTER,1198,PLAY,2,0,121,320,320,2,False,5,2,True,True,1,1,2,269,80,6,269,80,6,False,False,,,False
92226320,498.3,WIN,False,93,16,MAIN,5,ATTACK_SELECTION,ATTACK,,ATTACK,2,1,121,320,320,2,False,5,2,True,True,1,1,2,269,80,6,269,0,6,False,False,,,False
92226320,498.3,WIN,False,94,16,DAMAGE_COUNTER_ANY,4,TARGET_SELECTION,,,CARD,0,0,121,320,320,2,False,5,2,False,True,1,1,2,269,0,6,269,0,6,False,False,,,False
92226320,498.3,WIN,False,95,16,DAMAGE_COUNTER_ANY,4,TARGET_SELECTION,,,CARD,0,0,121,320,320,2,False,5,2,False,True,1,1,2,269,0,6,269,0,6,False,False,,,False
92226320,498.3,WIN,False,96,16,DAMAGE_COUNTER_ANY,4,TARGET_SELECTION,,,CARD,0,0,121,320,320,2,False,5,2,False,True,1,1,2,269,0,6,269,0,6,False,False,,,False
92226320,498.3,WIN,False,97,16,DAMAGE_COUNTER_ANY,4,TARGET_SELECTION,,,CARD,0,0,121,320,320,2,False,5,2,False,True,1,1,2,269,0,6,269,0,6,False,False,,,False
92226320,498.3,WIN,False,98,16,DAMAGE_COUNTER_ANY,4,TARGET_SELECTION,,,CARD,0,0,121,320,320,2,False,5,2,False,True,1,1,2,269,0,6,269,0,6,False,False,,,False
92226320,498.3,WIN,False,99,16,DAMAGE_COUNTER_ANY,4,TARGET_SELECTION,,,CARD,0,0,121,320,320,2,False,5,2,False,True,1,1,2,269,0,6,,,6,False,False,,,False
92227252,466.1,WIN,True,0,,,0,UNKNOWN,,,,0,0,,,,,False,,,False,False,,,0,,,,,,,,,,,False
92227252,466.1,WIN,True,1,,,0,UNKNOWN,,,,0,0,,,,,False,,,False,False,,,0,,,,,,0,,,,,False
92227252,466.1,WIN,True,2,0,IS_FIRST,2,GOING_FIRST_SECOND,,,YES,0,0,,,,,False,0,0,False,False,,,0,,,0,,,0,,,,,False
92227252,466.1,WIN,True,3,0,SETUP_ACTIVE_POKEMON,3,EARLY_GAME_SETUP,,,,0,0,,,,,False,0,0,False,False,,,0,,,0,,,6,,,,,False
92227252,466.1,WIN,True,4,0,SETUP_BENCH_POKEMON,2,BENCH_MANAGEMENT,,,,0,0,,,,,False,0,6,False,False,,,0,,,6,646,70,6,,,,,False
92227252,466.1,WIN,True,5,1,MAIN,6,RESOURCE_MANAGEMENT,PLAY_POKEMON,119,PLAY,0,0,235,30,30,1,False,0,6,False,False,0,0,0,646,70,6,646,70,6,False,False,,,False
92227252,466.1,WIN,True,6,1,MAIN,7,RESOURCE_MANAGEMENT,PLAY_POKEMON,184,PLAY,0,0,235,30,30,1,False,1,6,True,True,0,0,0,646,70,6,646,70,6,False,False,,,False
92227252,466.1,WIN,True,7,1,MAIN,7,RESOURCE_MANAGEMENT,PLAY_ITEM,1086,PLAY,0,0,235,30,30,1,False,2,6,True,True,0,0,0,646,70,6,646,70,6,False,False,,,False
92227252,466.1,WIN,True,8,1,TO_BENCH,4,BENCH_MANAGEMENT,,,CARD;CARD,0,0,235,30,30,1,False,2,6,False,True,0,0,0,646,70,6,646,70,6,False,False,,,False
92227252,466.1,WIN,True,9,1,MAIN,8,ENERGY_MANAGEMENT,ATTACH_ENERGY,,ATTACH,0,0,235,30,30,1,False,4,6,True,True,0,0,0,646,70,6,646,70,6,False,False,,,False
92227252,466.1,WIN,True,10,1,MAIN,3,TIMING,,,,0,0,235,30,30,1,False,4,6,True,True,0,0,1,646,70,6,646,70,6,False,False,,,False
92227252,466.1,WIN,True,11,3,MAIN,8,RESOURCE_MANAGEMENT,PLAY_SUPPORTER,1210,PLAY,1,0,235,30,30,1,False,4,6,True,True,0,0,1,646,70,6,646,70,6,False,False,,,False
92227252,466.1,WIN,True,12,3,TO_HAND,9,RESOURCE_MANAGEMENT,,,CARD,0,0,235,30,30,1,False,4,6,False,True,0,0,1,646,70,6,646,70,6,False,False,,,False
92227252,466.1,WIN,True,13,3,MAIN,10,BENCH_MANAGEMENT,EVOLVE,,EVOLVE,1,0,235,30,30,1,False,4,6,True,True,0,0,1,646,70,6,646,70,6,False,False,,,False
92227252,466.1,WIN,True,14,3,MAIN,7,RESOURCE_MANAGEMENT,ABILITY,,ABILITY,1,0,235,30,30,1,False,4,6,True,True,0,0,0,646,70,6,646,70,6,False,False,,,False
92227252,466.1,WIN,True,15,3,TO_HAND,2,RESOURCE_MANAGEMENT,,,CARD,0,0,235,30,30,1,False,4,6,False,True,0,0,0,646,70,6,646,70,6,False,False,,,False
92227252,466.1,WIN,True,16,3,MAIN,11,ENERGY_MANAGEMENT,ATTACH_ENERGY,,ATTACH,1,0,235,30,30,1,False,4,6,True,True,0,0,0,646,70,6,646,70,6,False,False,,,False
92227252,466.1,WIN,True,17,3,MAIN,6,BENCH_MANAGEMENT,EVOLVE,,EVOLVE,1,0,235,30,30,1,False,4,6,True,True,0,0,0,646,70,6,646,70,6,False,False,,,False
92227252,466.1,WIN,True,18,3,MAIN,5,RESOURCE_MANAGEMENT,ABILITY,,ABILITY,1,0,235,30,30,1,False,4,6,True,True,0,0,0,646,70,6,646,70,6,False,False,,,False
92227252,466.1,WIN,True,19,3,TO_HAND,2,RESOURCE_MANAGEMENT,,,CARD,0,0,235,30,30,1,False,4,6,False,True,0,0,0,646,70,6,646,70,6,False,False,,,False
92227252,466.1,WIN,True,20,3,MAIN,4,TIMING,,,,1,0,235,30,30,1,False,4,6,True,True,0,0,0,646,70,6,647,80,6,False,False,,,False
92227252,466.1,WIN,True,21,5,MAIN,7,RESOURCE_MANAGEMENT,PLAY_POKEMON,1071,PLAY,1,0,235,30,30,1,False,4,6,True,True,0,0,0,647,80,6,647,80,6,False,False,,,False
92227252,466.1,WIN,True,22,5,ACTIVATE,2,RESOURCE_MANAGEMENT,,,YES,0,0,235,30,30,1,False,5,6,False,True,0,0,0,647,80,6,647,80,6,False,False,,,False
92227252,466.1,WIN,True,23,5,TO_HAND,8,RESOURCE_MANAGEMENT,,,CARD,0,0,235,30,30,1,False,5,6,False,True,0,0,0,647,80,6,647,80,6,False,False,,,False
92227252,466.1,WIN,True,24,5,MAIN,7,RESOURCE_MANAGEMENT,ABILITY,,ABILITY,1,0,235,30,30,1,False,5,6,True,True,0,0,0,647,80,6,647,80,6,False,False,,,False
92227252,466.1,WIN,True,25,5,TO_HAND,2,RESOURCE_MANAGEMENT,,,CARD,0,0,235,30,30,1,False,5,6,False,True,0,0,0,647,80,6,647,80,6,False,False,,,False
92227252,466.1,WIN,True,26,5,MAIN,12,RESOURCE_MANAGEMENT,ABILITY,,ABILITY,1,0,235,30,30,1,False,5,6,True,True,0,0,0,647,80,6,647,80,6,False,False,,,False
92227252,466.1,WIN,True,27,5,TO_HAND,2,RESOURCE_MANAGEMENT,,,CARD,0,0,235,30,30,1,False,5,6,False,True,0,0,0,647,80,6,647,80,6,False,False,,,False
92227252,466.1,WIN,True,28,5,MAIN,12,ENERGY_MANAGEMENT,ATTACH_ENERGY,,ATTACH,1,0,235,30,30,1,False,5,6,True,True,0,0,0,647,80,6,647,80,6,False,False,,,False
92227252,466.1,WIN,True,29,5,MAIN,6,RESOURCE_MANAGEMENT,PLAY_SUPPORTER,1227,PLAY,1,0,235,30,30,1,False,5,6,True,True,0,0,0,647,80,6,647,80,6,False,False,,,False
92227252,466.1,WIN,True,30,5,MAIN,7,RESOURCE_MANAGEMENT,PLAY_ITEM,1121,PLAY,1,0,235,30,30,1,False,5,6,True,True,0,0,0,647,80,6,647,80,6,False,False,,,False
92227252,466.1,WIN,True,31,5,DISCARD,7,RESOURCE_MANAGEMENT,,,CARD;CARD,0,0,235,30,30,1,False,5,6,False,True,0,0,0,647,80,6,647,80,6,False,False,,,False
92227252,466.1,WIN,True,32,5,TO_HAND,6,RESOURCE_MANAGEMENT,,,CARD,0,0,235,30,30,1,False,5,6,False,True,0,0,0,647,80,6,647,80,6,False,False,,,False
92227252,466.1,WIN,True,33,5,MAIN,8,BENCH_MANAGEMENT,EVOLVE,,EVOLVE,1,0,235,30,30,1,False,5,6,True,True,0,0,0,647,80,6,647,80,6,False,False,,,False
92227252,466.1,WIN,True,34,5,MAIN,6,BENCH_MANAGEMENT,EVOLVE,,EVOLVE,1,0,235,30,30,1,False,5,6,True,True,0,0,1,647,80,6,647,80,6,False,False,,,False
92227252,466.1,WIN,True,35,5,MAIN,6,RESOURCE_MANAGEMENT,ABILITY,,ABILITY,1,0,235,30,30,1,False,5,6,True,True,0,0,1,647,80,6,647,80,6,False,False,,,False
92227252,466.1,WIN,True,36,5,TO_HAND,2,RESOURCE_MANAGEMENT,,,CARD,0,0,235,30,30,1,False,5,6,False,True,0,0,1,647,80,6,647,80,6,False,False,,,False
92227252,466.1,WIN,True,37,5,MAIN,5,TIMING,,,,1,0,235,30,30,1,False,5,6,True,True,0,0,1,647,80,6,648,280,5,False,False,,,False
92227252,466.1,WIN,True,38,6,TO_ACTIVE,5,ACTIVE_POKEMON_SELECTION,,,CARD,0,0,,,,,False,5,6,False,True,,,1,648,280,5,648,280,5,,,,,True
92227252,466.1,WIN,True,39,7,MAIN,13,RESOURCE_MANAGEMENT,PLAY_ITEM,1086,PLAY,1,0,121,320,320,2,False,4,6,True,True,1,1,0,648,280,5,648,280,5,False,False,Shadow Bullet,180,False
92227252,466.1,WIN,True,40,7,TO_BENCH,1,BENCH_MANAGEMENT,,,CARD,0,0,121,320,320,2,False,4,6,False,True,1,1,0,648,280,5,648,280,5,False,False,Shadow Bullet,180,False
92227252,466.1,WIN,True,41,7,MAIN,11,RESOURCE_MANAGEMENT,PLAY_ITEM,1121,PLAY,1,0,121,320,320,2,False,5,6,True,True,1,1,0,648,280,5,648,280,5,False,False,Shadow Bullet,180,False
92227252,466.1,WIN,True,42,7,DISCARD,6,RESOURCE_MANAGEMENT,,,CARD;CARD,0,0,121,320,320,2,False,5,6,False,True,1,1,0,648,280,5,648,280,5,False,False,Shadow Bullet,180,False
92227252,466.1,WIN,True,43,7,TO_HAND,4,RESOURCE_MANAGEMENT,,,CARD,0,0,121,320,320,2,False,5,6,False,True,1,1,0,648,280,5,648,280,5,False,False,Shadow Bullet,180,False
92227252,466.1,WIN,True,44,7,MAIN,9,RESOURCE_MANAGEMENT,PLAY_ITEM,1120,PLAY,1,0,121,320,320,2,False,5,6,True,True,1,1,0,648,280,5,648,280,5,False,False,Shadow Bullet,180,False
92227252,466.1,WIN,True,45,7,DISCARD_ENERGY,5,ENERGY_MANAGEMENT,,,ENERGY,0,0,121,320,320,2,False,5,6,False,True,1,1,0,648,280,5,648,280,5,False,False,Shadow Bullet,180,False
92227252,466.1,WIN,True,46,7,MAIN,8,RESOURCE_MANAGEMENT,ABILITY,,ABILITY,1,0,121,320,320,2,False,5,6,True,True,1,1,0,648,280,5,648,280,5,False,False,Shadow Bullet,180,False
92227252,466.1,WIN,True,47,7,TO_HAND,2,RESOURCE_MANAGEMENT,,,CARD,0,0,121,320,320,2,False,5,6,False,True,1,1,0,648,280,5,648,280,5,False,False,Shadow Bullet,180,False
92227252,466.1,WIN,True,48,7,MAIN,8,RESOURCE_MANAGEMENT,PLAY_ITEM,1152,PLAY,1,0,121,320,320,2,False,5,6,True,True,1,1,0,648,280,5,648,280,5,False,False,Shadow Bullet,180,False
92227252,466.1,WIN,True,49,7,TO_HAND,1,RESOURCE_MANAGEMENT,,,CARD,0,0,121,320,320,2,False,5,6,False,True,1,1,0,648,280,5,648,280,5,False,False,Shadow Bullet,180,False
92227252,466.1,WIN,True,50,7,MAIN,7,RESOURCE_MANAGEMENT,ABILITY,,ABILITY,1,0,121,320,320,2,False,5,6,True,True,1,1,0,648,280,5,648,280,5,False,False,Shadow Bullet,180,False
92227252,466.1,WIN,True,51,7,TO_HAND,2,RESOURCE_MANAGEMENT,,,CARD,0,0,121,320,320,2,False,5,6,False,True,1,1,0,648,280,5,648,280,5,False,False,Shadow Bullet,180,False
92227252,466.1,WIN,True,52,7,MAIN,12,RESOURCE_MANAGEMENT,PLAY_SUPPORTER,1198,PLAY,1,0,121,320,320,2,False,5,6,True,True,1,1,0,648,280,5,648,280,5,False,False,Shadow Bullet,180,False
92227252,466.1,WIN,True,53,7,TO_HAND,4,RESOURCE_MANAGEMENT,,,CARD,0,0,121,320,320,2,False,5,6,False,True,1,1,0,648,280,5,648,280,5,False,False,Shadow Bullet,180,False
92227252,466.1,WIN,True,54,7,ATTACH_TO,2,ENERGY_MANAGEMENT,,,CARD,0,0,121,320,320,2,False,5,6,False,True,1,1,0,648,280,5,648,280,5,False,False,Shadow Bullet,180,False
92227252,466.1,WIN,True,55,7,ATTACH_FROM,6,ENERGY_MANAGEMENT,,,CARD,0,0,121,320,320,2,False,5,6,False,True,1,1,0,648,280,5,648,280,5,False,False,Shadow Bullet,180,False
92227252,466.1,WIN,True,56,7,MAIN,17,ENERGY_MANAGEMENT,ATTACH_ENERGY,,ATTACH,2,0,121,320,320,2,False,5,6,True,True,1,1,0,648,280,5,648,280,5,False,False,Shadow Bullet,180,False
92227252,466.1,WIN,True,57,7,MAIN,5,ATTACK_SELECTION,ATTACK,,ATTACK,2,1,121,320,320,2,False,5,6,True,True,1,1,0,648,280,5,648,80,5,False,False,Shadow Bullet,180,False
92227252,466.1,WIN,True,58,7,DAMAGE_COUNTER_ANY,3,TARGET_SELECTION,,,CARD,0,0,121,320,320,2,False,5,6,False,True,1,1,0,648,80,5,648,80,5,False,False,Shadow Bullet,180,False
92227252,466.1,WIN,True,59,7,DAMAGE_COUNTER_ANY,3,TARGET_SELECTION,,,CARD,0,0,121,320,320,2,False,5,6,False,True,1,1,0,648,80,5,648,80,5,False,False,Shadow Bullet,180,False
92227252,466.1,WIN,True,60,7,DAMAGE_COUNTER_ANY,3,TARGET_SELECTION,,,CARD,0,0,121,320,320,2,False,5,6,False,True,1,1,0,648,80,5,648,80,5,False,False,Shadow Bullet,180,False
92227252,466.1,WIN,True,61,7,DAMAGE_COUNTER_ANY,3,TARGET_SELECTION,,,CARD,0,0,121,320,320,2,False,5,6,False,True,1,1,0,648,80,5,648,80,5,False,False,Shadow Bullet,180,False
92227252,466.1,WIN,True,62,7,DAMAGE_COUNTER_ANY,3,TARGET_SELECTION,,,CARD,0,0,121,320,320,2,False,5,6,False,True,1,1,0,648,80,5,648,80,5,False,False,Shadow Bullet,180,False
92227252,466.1,WIN,True,63,7,DAMAGE_COUNTER_ANY,3,TARGET_SELECTION,,,,0,0,121,320,320,2,False,5,6,False,True,1,1,0,648,80,5,648,70,5,False,False,Shadow Bullet,180,False
92227252,466.1,WIN,True,64,9,MAIN,17,RESOURCE_MANAGEMENT,ABILITY,,ABILITY,2,0,121,140,320,2,True,5,6,True,True,1,1,0,648,70,5,648,70,5,True,False,Shadow Bullet,180,False
92227252,466.1,WIN,True,65,9,TO_HAND,2,RESOURCE_MANAGEMENT,,,CARD,0,0,121,140,320,2,True,5,6,False,True,1,1,0,648,70,5,648,70,5,True,False,Shadow Bullet,180,False
92227252,466.1,WIN,True,66,9,MAIN,22,RESOURCE_MANAGEMENT,ABILITY,,ABILITY,2,0,121,140,320,2,True,5,6,True,True,1,1,0,648,70,5,648,70,5,True,False,Shadow Bullet,180,False
92227252,466.1,WIN,True,67,9,TO_HAND,2,RESOURCE_MANAGEMENT,,,CARD,0,0,121,140,320,2,True,5,6,False,True,1,1,0,648,70,5,648,70,5,True,False,Shadow Bullet,180,False
92227252,466.1,WIN,True,68,9,MAIN,23,BENCH_MANAGEMENT,EVOLVE,,EVOLVE,2,0,121,140,320,2,True,5,6,True,True,1,1,0,648,70,5,648,70,5,True,False,Shadow Bullet,180,False
92227252,466.1,WIN,True,69,9,MAIN,21,RESOURCE_MANAGEMENT,ABILITY,,ABILITY,2,0,121,140,320,2,True,5,6,True,True,1,1,1,648,70,5,648,70,5,True,False,Shadow Bullet,180,False
92227252,466.1,WIN,True,70,9,MAIN,20,BENCH_MANAGEMENT,EVOLVE,,EVOLVE,2,0,121,140,320,2,True,5,6,True,True,1,1,1,648,70,5,648,70,5,True,False,Shadow Bullet,180,False
92227252,466.1,WIN,True,71,9,MAIN,20,RESOURCE_MANAGEMENT,ABILITY,,ABILITY,2,0,121,140,320,2,True,5,6,True,True,1,1,1,648,70,5,648,70,5,True,False,Shadow Bullet,180,False
92227252,466.1,WIN,True,72,9,TO_HAND,2,RESOURCE_MANAGEMENT,,,CARD,0,0,121,140,320,2,True,5,6,False,True,1,1,1,648,70,5,648,70,5,True,False,Shadow Bullet,180,False
92227252,466.1,WIN,True,73,9,MAIN,20,ENERGY_MANAGEMENT,ATTACH_ENERGY,,ATTACH,2,0,121,140,320,2,True,5,6,True,True,1,1,1,648,70,5,648,70,5,True,False,Shadow Bullet,180,False
92227252,466.1,WIN,True,74,9,MAIN,8,ATTACK_SELECTION,ATTACK,,ATTACK,2,1,121,140,320,2,True,5,6,True,True,1,1,1,648,70,5,648,0,5,True,False,Shadow Bullet,180,False
92227252,466.1,WIN,True,75,9,DAMAGE_COUNTER_ANY,4,TARGET_SELECTION,,,CARD,0,0,121,140,320,2,True,5,6,False,True,1,1,1,648,0,5,648,0,5,True,False,Shadow Bullet,180,False
92227252,466.1,WIN,True,76,9,DAMAGE_COUNTER_ANY,4,TARGET_SELECTION,,,CARD,0,0,121,140,320,2,True,5,6,False,True,1,1,1,648,0,5,648,0,5,True,False,Shadow Bullet,180,False
92227252,466.1,WIN,True,77,9,DAMAGE_COUNTER_ANY,4,TARGET_SELECTION,,,CARD,0,0,121,140,320,2,True,5,6,False,True,1,1,1,648,0,5,648,0,5,True,False,Shadow Bullet,180,False
92227252,466.1,WIN,True,78,9,DAMAGE_COUNTER_ANY,4,TARGET_SELECTION,,,CARD,0,0,121,140,320,2,True,5,6,False,True,1,1,1,648,0,5,648,0,5,True,False,Shadow Bullet,180,False
92227252,466.1,WIN,True,79,9,DAMAGE_COUNTER_ANY,4,TARGET_SELECTION,,,CARD,0,0,121,140,320,2,True,5,6,False,True,1,1,1,648,0,5,648,0,5,True,False,Shadow Bullet,180,False
92227252,466.1,WIN,True,80,9,DAMAGE_COUNTER_ANY,4,TARGET_SELECTION,,,CARD,0,0,121,140,320,2,True,5,6,False,True,1,1,1,648,0,5,,,5,True,False,Shadow Bullet,180,False
92227252,466.1,WIN,True,81,9,TO_HAND,6,RESOURCE_MANAGEMENT,,,CARD;CARD,0,0,121,140,320,2,True,5,6,False,True,1,1,1,,,5,,,5,,,,,False
92227252,466.1,WIN,True,82,9,TO_HAND,4,RESOURCE_MANAGEMENT,,,,0,0,121,140,320,2,True,5,4,False,True,1,1,1,,,5,648,310,5,,,,,False
92227252,466.1,WIN,True,83,11,MAIN,27,RESOURCE_MANAGEMENT,ABILITY,,ABILITY,2,0,121,140,320,2,True,5,3,True,True,1,1,1,648,310,5,648,310,5,False,True,,,False
92227252,466.1,WIN,True,84,11,TO_HAND,2,RESOURCE_MANAGEMENT,,,CARD,0,0,121,140,320,2,True,5,3,False,True,1,1,1,648,310,5,648,310,5,False,True,,,False
92227252,466.1,WIN,True,85,11,MAIN,27,RESOURCE_MANAGEMENT,PLAY_ITEM,1120,PLAY,2,0,121,140,320,2,True,5,3,True,True,1,1,1,648,310,5,648,310,5,False,True,,,False
92227252,466.1,WIN,True,86,11,DISCARD_ENERGY,1,ENERGY_MANAGEMENT,,,ENERGY,0,0,121,140,320,2,True,5,3,False,True,1,1,1,648,310,5,648,310,5,False,True,,,False
92227252,466.1,WIN,True,87,11,MAIN,26,RESOURCE_MANAGEMENT,ABILITY,,ABILITY,2,0,121,140,320,2,True,5,3,True,True,1,1,1,648,310,5,648,310,5,False,False,,,False
92227252,466.1,WIN,True,88,11,TO_HAND,2,RESOURCE_MANAGEMENT,,,CARD,0,0,121,140,320,2,True,5,3,False,True,1,1,1,648,310,5,648,310,5,False,False,,,False
92227252,466.1,WIN,True,89,11,MAIN,26,RESOURCE_MANAGEMENT,PLAY_STADIUM,1256,PLAY,2,0,121,140,320,2,True,5,3,True,True,1,1,1,648,310,5,648,310,5,False,False,,,False
92227252,466.1,WIN,True,90,11,MAIN,24,ENERGY_MANAGEMENT,ATTACH_ENERGY,,ATTACH,2,0,121,140,320,2,True,5,3,True,True,1,1,1,648,310,5,648,310,5,False,False,,,False
92227252,466.1,WIN,True,91,11,MAIN,12,RESOURCE_MANAGEMENT,PLAY_SUPPORTER,1227,PLAY,2,0,121,140,320,2,True,5,3,True,True,1,1,1,648,310,5,648,310,5,False,False,,,False
92227252,466.1,WIN,True,92,11,MAIN,6,ATTACK_SELECTION,ATTACK,,ATTACK,2,1,121,140,320,2,True,5,3,True,True,1,1,1,648,310,5,648,110,5,False,False,,,False
92227252,466.1,WIN,True,93,11,DAMAGE_COUNTER_ANY,4,TARGET_SELECTION,,,CARD,0,0,121,140,320,2,True,5,3,False,True,1,1,1,648,110,5,648,110,5,False,False,,,False
92227252,466.1,WIN,True,94,11,DAMAGE_COUNTER_ANY,4,TARGET_SELECTION,,,CARD,0,0,121,140,320,2,True,5,3,False,True,1,1,1,648,110,5,648,110,5,False,False,,,False
92227252,466.1,WIN,True,95,11,DAMAGE_COUNTER_ANY,4,TARGET_SELECTION,,,CARD,0,0,121,140,320,2,True,5,3,False,True,1,1,1,648,110,5,648,110,5,False,False,,,False
92227252,466.1,WIN,True,96,11,DAMAGE_COUNTER_ANY,4,TARGET_SELECTION,,,CARD,0,0,121,140,320,2,True,5,3,False,True,1,1,1,648,110,5,648,110,5,False,False,,,False
92227252,466.1,WIN,True,97,11,DAMAGE_COUNTER_ANY,4,TARGET_SELECTION,,,CARD,0,0,121,140,320,2,True,5,3,False,True,1,1,1,648,110,5,648,110,5,False,False,,,False
92227252,466.1,WIN,True,98,11,DAMAGE_COUNTER_ANY,4,TARGET_SELECTION,,,,0,0,121,140,320,2,True,5,3,False,True,1,1,1,648,110,5,648,110,5,False,False,,,False
92227252,466.1,WIN,True,99,13,MAIN,13,RESOURCE_MANAGEMENT,ABILITY,,ABILITY,2,0,121,140,320,2,True,5,3,True,True,1,1,1,648,110,5,648,110,5,False,False,,,False
92227252,466.1,WIN,True,100,13,TO_HAND,2,RESOURCE_MANAGEMENT,,,CARD,0,0,121,140,320,2,True,5,3,False,True,1,1,1,648,110,5,648,110,5,False,False,,,False
92227252,466.1,WIN,True,101,13,MAIN,13,RESOURCE_MANAGEMENT,ABILITY,,ABILITY,2,0,121,140,320,2,True,5,3,True,True,1,1,1,648,110,5,648,110,5,False,False,,,False
92227252,466.1,WIN,True,102,13,TO_HAND,2,RESOURCE_MANAGEMENT,,,CARD,0,0,121,140,320,2,True,5,3,False,True,1,1,1,648,110,5,648,110,5,False,False,,,False
92227252,466.1,WIN,True,103,13,MAIN,13,RESOURCE_MANAGEMENT,PLAY_ITEM,1121,PLAY,2,0,121,140,320,2,True,5,3,True,True,1,1,1,648,110,5,648,110,5,False,False,,,False
92227252,466.1,WIN,True,104,13,DISCARD,8,RESOURCE_MANAGEMENT,,,CARD;CARD,0,0,121,140,320,2,True,5,3,False,True,1,1,1,648,110,5,648,110,5,False,False,,,False
92227252,466.1,WIN,True,105,13,TO_HAND,1,RESOURCE_MANAGEMENT,,,CARD,0,0,121,140,320,2,True,5,3,False,True,1,1,1,648,110,5,648,110,5,False,False,,,False
92227252,466.1,WIN,True,106,13,MAIN,11,RESOURCE_MANAGEMENT,ABILITY,,ABILITY,2,0,121,140,320,2,True,5,3,True,True,1,1,1,648,110,5,648,110,5,False,False,,,False
92227252,466.1,WIN,True,107,13,MAIN,10,RESOURCE_MANAGEMENT,PLAY_SUPPORTER,1227,PLAY,2,0,121,140,320,2,True,5,3,True,True,1,1,1,648,110,5,648,110,5,False,False,,,False
92227252,466.1,WIN,True,108,13,MAIN,17,ENERGY_MANAGEMENT,ATTACH_ENERGY,,ATTACH,2,0,121,140,320,2,True,5,3,True,True,1,1,1,648,110,5,648,110,5,False,False,,,False
92227252,466.1,WIN,True,109,13,MAIN,5,ATTACK_SELECTION,ATTACK,,ATTACK,2,1,121,140,320,2,True,5,3,True,True,1,1,2,648,110,5,648,0,5,False,False,,,False
92227252,466.1,WIN,True,110,13,DAMAGE_COUNTER_ANY,4,TARGET_SELECTION,,,CARD,0,0,121,140,320,2,True,5,3,False,True,1,1,2,648,0,5,648,0,5,False,False,,,False
92227252,466.1,WIN,True,111,13,DAMAGE_COUNTER_ANY,4,TARGET_SELECTION,,,CARD,0,0,121,140,320,2,True,5,3,False,True,1,1,2,648,0,5,648,0,5,False,False,,,False
92227252,466.1,WIN,True,112,13,DAMAGE_COUNTER_ANY,4,TARGET_SELECTION,,,CARD,0,0,121,140,320,2,True,5,3,False,True,1,1,2,648,0,5,648,0,5,False,False,,,False
92227252,466.1,WIN,True,113,13,DAMAGE_COUNTER_ANY,4,TARGET_SELECTION,,,CARD,0,0,121,140,320,2,True,5,3,False,True,1,1,2,648,0,5,648,0,5,False,False,,,False
92227252,466.1,WIN,True,114,13,DAMAGE_COUNTER_ANY,4,TARGET_SELECTION,,,CARD,0,0,121,140,320,2,True,5,3,False,True,1,1,2,648,0,5,648,0,5,False,False,,,False
92227252,466.1,WIN,True,115,13,DAMAGE_COUNTER_ANY,4,TARGET_SELECTION,,,CARD,0,0,121,140,320,2,True,5,3,False,True,1,1,2,648,0,5,,,5,False,False,,,False
92227252,466.1,WIN,True,116,13,TO_HAND,3,RESOURCE_MANAGEMENT,,,CARD;CARD,0,0,121,140,320,2,True,5,3,False,True,1,1,2,,,5,,,5,,,,,False
92228172,517.2,WIN,False,0,,,0,UNKNOWN,,,,0,0,,,,,False,,,False,False,,,0,,,,,,,,,,,False
92228172,517.2,WIN,False,1,,,0,UNKNOWN,,,,0,0,,,,,False,,,False,False,,,0,,,,,,6,,,,,False
92228172,517.2,WIN,False,2,0,SETUP_ACTIVE_POKEMON,1,EARLY_GAME_SETUP,,,,0,0,,,,,False,0,0,False,False,,,0,,,6,140,210,6,,,,,False
92228172,517.2,WIN,False,3,2,MAIN,8,RESOURCE_MANAGEMENT,PLAY_ITEM,1121,PLAY,0,0,119,70,70,1,False,0,6,False,False,1,0,0,140,210,6,140,210,6,False,False,,,False
92228172,517.2,WIN,False,4,2,DISCARD,6,RESOURCE_MANAGEMENT,,,CARD;CARD,0,0,119,70,70,1,False,0,6,False,False,1,0,0,140,210,6,140,210,6,False,False,,,False
92228172,517.2,WIN,False,5,2,TO_HAND,12,RESOURCE_MANAGEMENT,,,CARD,0,0,119,70,70,1,False,0,6,False,False,1,0,0,140,210,6,140,210,6,False,False,,,False
92228172,517.2,WIN,False,6,2,MAIN,6,RESOURCE_MANAGEMENT,PLAY_POKEMON,235,PLAY,0,0,119,70,70,1,False,0,6,False,False,1,0,0,140,210,6,140,210,6,False,False,,,False
92228172,517.2,WIN,False,7,2,MAIN,6,ENERGY_MANAGEMENT,ATTACH_ENERGY,,ATTACH,0,0,119,70,70,1,False,1,6,False,True,1,0,1,140,210,6,140,210,6,False,False,,,False
92228172,517.2,WIN,False,8,2,MAIN,6,RESOURCE_MANAGEMENT,PLAY_SUPPORTER,1227,PLAY,1,0,119,70,70,1,False,1,6,True,True,1,1,1,140,210,6,140,210,6,False,False,,,False
92228172,517.2,WIN,False,9,2,MAIN,7,RESOURCE_MANAGEMENT,PLAY_POKEMON,184,PLAY,1,0,119,70,70,1,False,1,6,True,True,1,1,1,140,210,6,140,210,6,False,False,,,False
92228172,517.2,WIN,False,10,2,MAIN,6,RESOURCE_MANAGEMENT,PLAY_ITEM,1086,PLAY,1,0,119,70,70,1,False,2,6,True,True,1,1,1,140,210,6,140,210,6,False,False,,,False
92228172,517.2,WIN,False,11,2,TO_BENCH,4,BENCH_MANAGEMENT,,,CARD;CARD,0,0,119,70,70,1,False,2,6,False,True,1,1,1,140,210,6,140,210,6,False,False,,,False
92228172,517.2,WIN,False,12,2,MAIN,5,RETREAT_SELECTION,RETREAT,,RETREAT,1,0,119,70,70,1,False,4,6,True,True,1,1,1,140,210,6,140,210,6,False,False,,,False
92228172,517.2,WIN,False,13,2,SWITCH,4,ACTIVE_POKEMON_SELECTION,,,CARD,0,0,119,70,70,1,False,4,6,False,True,1,1,1,140,210,6,140,210,6,False,False,,,False
92228172,517.2,WIN,False,14,2,MAIN,4,TIMING,,,,1,0,235,30,30,1,False,4,6,False,True,0,0,1,140,210,6,742,80,5,False,False,,,True
92228172,517.2,WIN,False,15,3,TO_ACTIVE,4,ACTIVE_POKEMON_SELECTION,,,CARD,0,0,,,,,False,4,6,False,True,,,1,742,80,5,742,80,5,,,,,True
92228172,517.2,WIN,False,16,4,MAIN,14,RESOURCE_MANAGEMENT,PLAY_POKEMON,1071,PLAY,1,0,119,70,70,1,False,3,6,True,True,1,1,0,742,80,5,742,80,5,False,False,Super Psy Bolt,30,False
92228172,517.2,WIN,False,17,4,ACTIVATE,2,RESOURCE_MANAGEMENT,,,YES,0,0,119,70,70,1,False,4,6,False,True,1,1,0,742,80,5,742,80,5,False,False,Super Psy Bolt,30,False
92228172,517.2,WIN,False,18,4,TO_HAND,9,RESOURCE_MANAGEMENT,,,CARD,0,0,119,70,70,1,False,4,6,False,True,1,1,0,742,80,5,742,80,5,False,False,Super Psy Bolt,30,False
92228172,517.2,WIN,False,19,4,MAIN,15,RESOURCE_MANAGEMENT,PLAY_ITEM,1097,PLAY,1,0,119,70,70,1,False,4,6,True,True,1,1,0,742,80,5,742,80,5,False,False,Super Psy Bolt,30,False
92228172,517.2,WIN,False,20,4,TO_HAND,2,RESOURCE_MANAGEMENT,,,CARD,0,0,119,70,70,1,False,4,6,False,True,1,1,0,742,80,5,742,80,5,False,False,Super Psy Bolt,30,False
92228172,517.2,WIN,False,21,4,MAIN,15,RESOURCE_MANAGEMENT,PLAY_POKEMON,235,PLAY,1,0,119,70,70,1,False,4,6,True,True,1,1,0,742,80,5,742,80,5,False,False,Super Psy Bolt,30,False
92228172,517.2,WIN,False,22,4,MAIN,15,BENCH_MANAGEMENT,EVOLVE,,EVOLVE,1,0,119,70,70,1,False,5,6,True,True,1,1,1,742,80,5,742,80,5,False,False,Super Psy Bolt,30,False
92228172,517.2,WIN,False,23,4,MAIN,12,RESOURCE_MANAGEMENT,ABILITY,,ABILITY,0,0,120,90,90,1,False,5,6,True,True,1,1,1,742,80,5,742,80,5,False,False,Super Psy Bolt,30,True
92228172,517.2,WIN,False,24,4,TO_HAND,2,RESOURCE_MANAGEMENT,,,CARD,0,0,120,90,90,1,False,5,6,False,True,1,1,1,742,80,5,742,80,5,False,False,Super Psy Bolt,30,False
92228172,517.2,WIN,False,25,4,MAIN,12,ENERGY_MANAGEMENT,ATTACH_ENERGY,,ATTACH,0,0,120,90,90,1,False,5,6,True,True,1,1,1,742,80,5,742,80,5,False,False,Super Psy Bolt,30,False
92228172,517.2,WIN,False,26,4,MAIN,6,RESOURCE_MANAGEMENT,PLAY_ITEM,1080,PLAY,0,0,120,90,90,1,False,5,6,True,True,1,1,1,742,80,5,742,80,5,False,False,Super Psy Bolt,30,False
92228172,517.2,WIN,False,27,4,MAIN,5,RESOURCE_MANAGEMENT,PLAY_SUPPORTER,1227,PLAY,0,0,120,90,90,1,False,5,6,True,True,1,1,1,742,80,5,742,80,5,False,False,Super Psy Bolt,30,False
92228172,517.2,WIN,False,28,4,MAIN,6,RESOURCE_MANAGEMENT,PLAY_ITEM,1079,PLAY,0,0,120,90,90,1,False,5,6,True,True,1,1,1,742,80,5,742,80,5,False,False,Super Psy Bolt,30,False
92228172,517.2,WIN,False,29,4,EVOLVE,2,BENCH_MANAGEMENT,,,EVOLVE,0,0,120,90,90,1,False,5,6,False,True,1,1,1,742,80,5,742,80,5,False,False,Super Psy Bolt,30,False
92228172,517.2,WIN,False,30,4,MAIN,5,RESOURCE_MANAGEMENT,PLAY_ITEM,1152,PLAY,0,0,120,90,90,1,False,5,6,True,True,1,1,2,742,80,5,742,80,5,False,False,Super Psy Bolt,30,False
92228172,517.2,WIN,False,31,4,TO_HAND,3,RESOURCE_MANAGEMENT,,,CARD,0,0,120,90,90,1,False,5,6,False,True,1,1,2,742,80,5,742,80,5,False,False,Super Psy Bolt,30,False
92228172,517.2,WIN,False,32,4,MAIN,5,RESOURCE_MANAGEMENT,PLAY_ITEM,1121,PLAY,0,0,120,90,90,1,False,5,6,True,True,1,1,2,742,80,5,742,80,5,False,False,Super Psy Bolt,30,False
92228172,517.2,WIN,False,33,4,DISCARD,5,RESOURCE_MANAGEMENT,,,CARD;CARD,0,0,120,90,90,1,False,5,6,False,True,1,1,2,742,80,5,742,80,5,False,False,Super Psy Bolt,30,False
92228172,517.2,WIN,False,34,4,TO_HAND,4,RESOURCE_MANAGEMENT,,,CARD,0,0,120,90,90,1,False,5,6,False,True,1,1,2,742,80,5,742,80,5,False,False,Super Psy Bolt,30,False
92228172,517.2,WIN,False,35,4,MAIN,4,RESOURCE_MANAGEMENT,PLAY_ITEM,1120,PLAY,0,0,120,90,90,1,False,5,6,True,True,1,1,2,742,80,5,742,80,5,False,False,Super Psy Bolt,30,False
92228172,517.2,WIN,False,36,4,MAIN,3,BENCH_MANAGEMENT,EVOLVE,,EVOLVE,0,0,120,90,90,1,False,5,6,True,True,1,1,2,742,80,5,742,80,5,False,False,Super Psy Bolt,30,False
92228172,517.2,WIN,False,37,4,MAIN,3,RESOURCE_MANAGEMENT,ABILITY,,ABILITY,0,0,120,90,90,1,False,5,6,True,True,1,1,2,742,80,5,742,80,5,False,False,Super Psy Bolt,30,False
92228172,517.2,WIN,False,38,4,TO_HAND,2,RESOURCE_MANAGEMENT,,,CARD,0,0,120,90,90,1,False,5,6,False,True,1,1,2,742,80,5,742,80,5,False,False,Super Psy Bolt,30,False
92228172,517.2,WIN,False,39,4,MAIN,2,RETREAT_SELECTION,RETREAT,,RETREAT,0,0,120,90,90,1,False,5,6,True,True,1,1,2,742,80,5,742,80,5,False,False,Super Psy Bolt,30,False
92228172,517.2,WIN,False,40,4,DISCARD_ENERGY,1,ENERGY_MANAGEMENT,,,ENERGY,0,0,120,90,90,1,False,5,6,False,True,1,1,2,742,80,5,742,80,5,False,False,Super Psy Bolt,30,False
92228172,517.2,WIN,False,41,4,SWITCH,5,ACTIVE_POKEMON_SELECTION,,,CARD,0,0,120,90,90,1,False,5,6,False,True,1,0,2,742,80,5,742,80,5,False,False,Super Psy Bolt,30,False
92228172,517.2,WIN,False,42,4,MAIN,2,TIMING,,,,1,0,121,320,320,2,False,5,6,False,True,1,1,1,742,80,5,742,10,5,False,False,Super Psy Bolt,30,True
92228172,517.2,WIN,False,43,6,MAIN,18,RESOURCE_MANAGEMENT,ABILITY,,ABILITY,1,0,121,290,320,2,True,5,6,True,True,1,1,1,742,10,5,742,10,5,False,False,Super Psy Bolt,30,False
92228172,517.2,WIN,False,44,6,TO_HAND,2,RESOURCE_MANAGEMENT,,,CARD,0,0,121,290,320,2,True,5,6,False,True,1,1,1,742,10,5,742,10,5,False,False,Super Psy Bolt,30,False
92228172,517.2,WIN,False,45,6,MAIN,17,RESOURCE_MANAGEMENT,ABILITY,,ABILITY,1,0,121,290,320,2,True,5,6,True,True,1,1,1,742,10,5,742,10,5,False,False,Super Psy Bolt,30,False
92228172,517.2,WIN,False,46,6,TO_HAND,2,RESOURCE_MANAGEMENT,,,CARD,0,0,121,290,320,2,True,5,6,False,True,1,1,1,742,10,5,742,10,5,False,False,Super Psy Bolt,30,False
92228172,517.2,WIN,False,47,6,MAIN,17,RESOURCE_MANAGEMENT,PLAY_ITEM,1120,PLAY,1,0,121,290,320,2,True,5,6,True,True,1,1,1,742,10,5,742,10,5,False,False,Super Psy Bolt,30,False
92228172,517.2,WIN,False,48,6,DISCARD_ENERGY,2,ENERGY_MANAGEMENT,,,ENERGY,0,0,121,290,320,2,True,5,6,False,True,1,1,1,742,10,5,742,10,5,False,False,Super Psy Bolt,30,False
92228172,517.2,WIN,False,49,6,MAIN,16,RESOURCE_MANAGEMENT,PLAY_SUPPORTER,1198,PLAY,1,0,121,290,320,2,True,5,6,True,True,1,1,1,742,10,5,742,10,5,False,False,Super Psy Bolt,30,False
92228172,517.2,WIN,False,50,6,TO_HAND,1,RESOURCE_MANAGEMENT,,,CARD,0,0,121,290,320,2,True,5,6,False,True,1,1,1,742,10,5,742,10,5,False,False,Super Psy Bolt,30,False
92228172,517.2,WIN,False,51,6,MAIN,21,ENERGY_MANAGEMENT,ATTACH_ENERGY,,ATTACH,1,0,121,290,320,2,True,5,6,True,True,1,1,1,742,10,5,742,10,5,False,False,Super Psy Bolt,30,False
92228172,517.2,WIN,False,52,6,MAIN,4,ATTACK_SELECTION,ATTACK,,ATTACK,2,1,121,290,320,2,True,5,6,True,True,1,1,1,742,10,5,742,0,5,False,False,Super Psy Bolt,30,False
92228172,517.2,WIN,False,53,6,DAMAGE_COUNTER_ANY,4,TARGET_SELECTION,,,CARD,0,0,121,290,320,2,True,5,6,False,True,1,1,1,742,0,5,742,0,5,False,False,Super Psy Bolt,30,False
92228172,517.2,WIN,False,54,6,DAMAGE_COUNTER_ANY,4,TARGET_SELECTION,,,CARD,0,0,121,290,320,2,True,5,6,False,True,1,1,1,742,0,5,742,0,5,False,False,Super Psy Bolt,30,False
92228172,517.2,WIN,False,55,6,DAMAGE_COUNTER_ANY,4,TARGET_SELECTION,,,CARD,0,0,121,290,320,2,True,5,6,False,True,1,1,1,742,0,5,742,0,5,False,False,Super Psy Bolt,30,False
92228172,517.2,WIN,False,56,6,DAMAGE_COUNTER_ANY,4,TARGET_SELECTION,,,CARD,0,0,121,290,320,2,True,5,6,False,True,1,1,1,742,0,5,742,0,5,False,False,Super Psy Bolt,30,False
92228172,517.2,WIN,False,57,6,DAMAGE_COUNTER_ANY,4,TARGET_SELECTION,,,CARD,0,0,121,290,320,2,True,5,6,False,True,1,1,1,742,0,5,742,0,5,False,False,Super Psy Bolt,30,False
92228172,517.2,WIN,False,58,6,DAMAGE_COUNTER_ANY,4,TARGET_SELECTION,,,CARD,0,0,121,290,320,2,True,5,6,False,True,1,1,1,742,0,5,,,5,False,False,Super Psy Bolt,30,False
92228172,517.2,WIN,False,59,6,TO_HAND,6,RESOURCE_MANAGEMENT,,,,0,0,121,290,320,2,True,5,6,False,True,1,1,1,,,5,742,80,5,,,,,False
92228172,517.2,WIN,False,60,8,MAIN,19,RESOURCE_MANAGEMENT,ABILITY,,ABILITY,2,0,121,260,320,2,True,5,5,True,True,1,1,1,742,80,5,742,80,5,False,False,Super Psy Bolt,30,False
92228172,517.2,WIN,False,61,8,TO_HAND,2,RESOURCE_MANAGEMENT,,,CARD,0,0,121,260,320,2,True,5,5,False,True,1,1,1,742,80,5,742,80,5,False,False,Super Psy Bolt,30,False
92228172,517.2,WIN,False,62,8,MAIN,18,RESOURCE_MANAGEMENT,ABILITY,,ABILITY,2,0,121,260,320,2,True,5,5,True,True,1,1,1,742,80,5,742,80,5,False,False,Super Psy Bolt,30,False
92228172,517.2,WIN,False,63,8,TO_HAND,2,RESOURCE_MANAGEMENT,,,CARD,0,0,121,260,320,2,True,5,5,False,True,1,1,1,742,80,5,742,80,5,False,False,Super Psy Bolt,30,False
92228172,517.2,WIN,False,64,8,MAIN,18,RESOURCE_MANAGEMENT,PLAY_SUPPORTER,1210,PLAY,2,0,121,260,320,2,True,5,5,True,True,1,1,1,742,80,5,742,80,5,False,False,Super Psy Bolt,30,False
92228172,517.2,WIN,False,65,8,TO_HAND,1,RESOURCE_MANAGEMENT,,,CARD,0,0,121,260,320,2,True,5,5,False,True,1,1,1,742,80,5,742,80,5,False,False,Super Psy Bolt,30,False
92228172,517.2,WIN,False,66,8,MAIN,18,BENCH_MANAGEMENT,EVOLVE,,EVOLVE,2,0,121,260,320,2,True,5,5,True,True,1,1,1,742,80,5,742,80,5,False,False,Super Psy Bolt,30,False
92228172,517.2,WIN,False,67,8,MAIN,16,ENERGY_MANAGEMENT,ATTACH_ENERGY,,ATTACH,2,0,121,260,320,2,True,5,5,True,True,1,1,1,742,80,5,742,80,5,False,False,Super Psy Bolt,30,False
92228172,517.2,WIN,False,68,8,MAIN,4,ATTACK_SELECTION,ATTACK,,ATTACK,2,1,121,260,320,2,True,5,5,True,True,1,1,2,742,80,5,742,0,5,False,False,Super Psy Bolt,30,False
92228172,517.2,WIN,False,69,8,DAMAGE_COUNTER_ANY,3,TARGET_SELECTION,,,CARD,0,0,121,260,320,2,True,5,5,False,True,1,1,2,742,0,5,742,0,5,False,False,Super Psy Bolt,30,False
92228172,517.2,WIN,False,70,8,DAMAGE_COUNTER_ANY,3,TARGET_SELECTION,,,CARD,0,0,121,260,320,2,True,5,5,False,True,1,1,2,742,0,5,742,0,5,False,False,Super Psy Bolt,30,False
92228172,517.2,WIN,False,71,8,DAMAGE_COUNTER_ANY,3,TARGET_SELECTION,,,CARD,0,0,121,260,320,2,True,5,5,False,True,1,1,2,742,0,5,742,0,5,False,False,Super Psy Bolt,30,False
92228172,517.2,WIN,False,72,8,DAMAGE_COUNTER_ANY,3,TARGET_SELECTION,,,CARD,0,0,121,260,320,2,True,5,5,False,True,1,1,2,742,0,5,742,0,5,False,False,Super Psy Bolt,30,False
92228172,517.2,WIN,False,73,8,DAMAGE_COUNTER_ANY,3,TARGET_SELECTION,,,CARD,0,0,121,260,320,2,True,5,5,False,True,1,1,2,742,0,5,742,0,5,False,False,Super Psy Bolt,30,False
92228172,517.2,WIN,False,74,8,DAMAGE_COUNTER_ANY,3,TARGET_SELECTION,,,CARD,0,0,121,260,320,2,True,5,5,False,True,1,1,2,742,0,5,,,5,False,False,Super Psy Bolt,30,False
92228172,517.2,WIN,False,75,8,TO_HAND,5,RESOURCE_MANAGEMENT,,,,0,0,121,260,320,2,True,5,5,False,True,1,1,2,,,5,743,140,5,,,,,False
92228172,517.2,WIN,False,76,10,MAIN,13,RESOURCE_MANAGEMENT,ABILITY,,ABILITY,2,0,121,260,320,2,True,5,4,True,True,1,1,2,743,140,5,743,140,5,False,False,,,False
92228172,517.2,WIN,False,77,10,TO_HAND,2,RESOURCE_MANAGEMENT,,,CARD,0,0,121,260,320,2,True,5,4,False,True,1,1,2,743,140,5,743,140,5,False,False,,,False
92228172,517.2,WIN,False,78,10,MAIN,13,RESOURCE_MANAGEMENT,PLAY_SUPPORTER,1198,PLAY,2,0,121,260,320,2,True,5,4,True,True,1,1,2,743,140,5,743,140,5,False,False,,,False
92228172,517.2,WIN,False,79,10,MAIN,12,ENERGY_MANAGEMENT,ATTACH_ENERGY,,ATTACH,2,0,121,260,320,2,True,5,4,True,True,1,1,2,743,140,5,743,140,5,False,False,,,False
92228172,517.2,WIN,False,80,10,MAIN,6,ATTACK_SELECTION,ATTACK,,ATTACK,2,1,121,260,320,2,True,5,4,True,True,1,1,2,743,140,5,743,0,5,False,False,,,False
92228172,517.2,WIN,False,81,10,DAMAGE_COUNTER_ANY,4,TARGET_SELECTION,,,CARD,0,0,121,260,320,2,True,5,4,False,True,1,1,2,743,0,5,743,0,5,False,False,,,False
92228172,517.2,WIN,False,82,10,DAMAGE_COUNTER_ANY,4,TARGET_SELECTION,,,CARD,0,0,121,260,320,2,True,5,4,False,True,1,1,2,743,0,5,743,0,5,False,False,,,False
92228172,517.2,WIN,False,83,10,DAMAGE_COUNTER_ANY,4,TARGET_SELECTION,,,CARD,0,0,121,260,320,2,True,5,4,False,True,1,1,2,743,0,5,743,0,5,False,False,,,False
92228172,517.2,WIN,False,84,10,DAMAGE_COUNTER_ANY,4,TARGET_SELECTION,,,CARD,0,0,121,260,320,2,True,5,4,False,True,1,1,2,743,0,5,743,0,5,False,False,,,False
92228172,517.2,WIN,False,85,10,DAMAGE_COUNTER_ANY,4,TARGET_SELECTION,,,CARD,0,0,121,260,320,2,True,5,4,False,True,1,1,2,743,0,5,743,0,5,False,False,,,False
92228172,517.2,WIN,False,86,10,DAMAGE_COUNTER_ANY,4,TARGET_SELECTION,,,CARD,0,0,121,260,320,2,True,5,4,False,True,1,1,2,743,0,5,,,5,False,False,,,False
92228172,517.2,WIN,False,87,10,TO_HAND,4,RESOURCE_MANAGEMENT,,,,0,0,121,260,320,2,True,5,4,False,True,1,1,2,,,5,742,80,5,,,,,False
92228172,517.2,WIN,False,88,12,MAIN,9,RESOURCE_MANAGEMENT,PLAY_ITEM,1120,PLAY,2,0,121,230,320,2,True,5,3,True,True,1,1,2,742,80,5,742,80,5,False,False,Super Psy Bolt,30,False
92228172,517.2,WIN,False,89,12,DISCARD_ENERGY,1,ENERGY_MANAGEMENT,,,ENERGY,0,0,121,230,320,2,True,5,3,False,True,1,1,2,742,80,5,742,80,5,False,False,Super Psy Bolt,30,False
92228172,517.2,WIN,False,90,12,MAIN,8,RESOURCE_MANAGEMENT,ABILITY,,ABILITY,2,0,121,230,320,2,True,5,3,True,True,1,1,2,742,80,5,742,80,5,False,False,,,False
92228172,517.2,WIN,False,91,12,TO_HAND,2,RESOURCE_MANAGEMENT,,,CARD,0,0,121,230,320,2,True,5,3,False,True,1,1,2,742,80,5,742,80,5,False,False,,,False
92228172,517.2,WIN,False,92,12,MAIN,8,RESOURCE_MANAGEMENT,PLAY_ITEM,1121,PLAY,2,0,121,230,320,2,True,5,3,True,True,1,1,2,742,80,5,742,80,5,False,False,,,False
92228172,517.2,WIN,False,93,12,DISCARD,8,RESOURCE_MANAGEMENT,,,CARD;CARD,0,0,121,230,320,2,True,5,3,False,True,1,1,2,742,80,5,742,80,5,False,False,,,False
92228172,517.2,WIN,False,94,12,MAIN,7,RESOURCE_MANAGEMENT,PLAY_SUPPORTER,1227,PLAY,2,0,121,230,320,2,True,5,3,True,True,1,1,2,742,80,5,742,80,5,False,False,,,False
92228172,517.2,WIN,False,95,12,MAIN,6,ATTACK_SELECTION,ATTACK,,ATTACK,2,1,121,230,320,2,True,5,3,True,True,1,1,2,742,80,5,742,0,5,False,False,,,False
92228172,517.2,WIN,False,96,12,DAMAGE_COUNTER_ANY,3,TARGET_SELECTION,,,CARD,0,0,121,230,320,2,True,5,3,False,True,1,1,2,742,0,5,742,0,5,False,False,,,False
92228172,517.2,WIN,False,97,12,DAMAGE_COUNTER_ANY,3,TARGET_SELECTION,,,CARD,0,0,121,230,320,2,True,5,3,False,True,1,1,2,742,0,5,742,0,5,False,False,,,False
92228172,517.2,WIN,False,98,12,DAMAGE_COUNTER_ANY,3,TARGET_SELECTION,,,CARD,0,0,121,230,320,2,True,5,3,False,True,1,1,2,742,0,5,742,0,5,False,False,,,False
92228172,517.2,WIN,False,99,12,DAMAGE_COUNTER_ANY,3,TARGET_SELECTION,,,CARD,0,0,121,230,320,2,True,5,3,False,True,1,1,2,742,0,5,742,0,5,False,False,,,False
92228172,517.2,WIN,False,100,12,DAMAGE_COUNTER_ANY,3,TARGET_SELECTION,,,CARD,0,0,121,230,320,2,True,5,3,False,True,1,1,2,742,0,5,742,0,5,False,False,,,False
92228172,517.2,WIN,False,101,12,DAMAGE_COUNTER_ANY,3,TARGET_SELECTION,,,CARD,0,0,121,230,320,2,True,5,3,False,True,1,1,2,742,0,5,,,5,False,False,,,False
92228172,517.2,WIN,False,102,12,TO_HAND,3,RESOURCE_MANAGEMENT,,,,0,0,121,230,320,2,True,5,3,False,True,1,1,2,,,5,743,140,5,,,,,False
92228172,517.2,WIN,False,103,14,MAIN,11,RESOURCE_MANAGEMENT,PLAY_STADIUM,1256,PLAY,2,0,121,230,320,2,True,5,2,True,True,1,1,2,743,140,5,743,140,5,False,False,,,False
92228172,517.2,WIN,False,104,14,MAIN,10,RESOURCE_MANAGEMENT,PLAY_ITEM,1152,PLAY,2,0,121,230,320,2,True,5,2,True,True,1,1,2,743,140,5,743,140,5,False,False,,,False
92228172,517.2,WIN,False,105,14,TO_HAND,2,RESOURCE_MANAGEMENT,,,CARD,0,0,121,230,320,2,True,5,2,False,True,1,1,2,743,140,5,743,140,5,False,False,,,False
92228172,517.2,WIN,False,106,14,MAIN,9,RESOURCE_MANAGEMENT,ABILITY,,ABILITY,2,0,121,230,320,2,True,5,2,True,True,1,1,2,743,140,5,743,140,5,False,False,,,False
92228172,517.2,WIN,False,107,14,TO_HAND,2,RESOURCE_MANAGEMENT,,,CARD,0,0,121,230,320,2,True,5,2,False,True,1,1,2,743,140,5,743,140,5,False,False,,,False
92228172,517.2,WIN,False,108,14,MAIN,14,ENERGY_MANAGEMENT,ATTACH_ENERGY,,ATTACH,2,0,121,230,320,2,True,5,2,True,True,1,1,2,743,140,5,743,140,5,False,False,,,False
92228172,517.2,WIN,False,109,14,MAIN,8,RESOURCE_MANAGEMENT,PLAY_SUPPORTER,1182,PLAY,2,0,121,230,320,2,True,5,2,True,True,1,1,2,743,140,5,743,140,5,False,False,,,False
92228172,517.2,WIN,False,110,14,SWITCH,2,ACTIVE_POKEMON_SELECTION,,,CARD,0,0,121,230,320,2,True,5,2,False,True,1,1,2,743,140,5,140,200,5,False,False,,,False
92228172,517.2,WIN,False,111,14,MAIN,6,ATTACK_SELECTION,ATTACK,,ATTACK,2,1,121,230,320,2,True,5,2,True,True,1,1,2,140,200,5,140,0,5,False,False,,,False
92228172,517.2,WIN,False,112,14,DAMAGE_COUNTER_ANY,2,TARGET_SELECTION,,,CARD,0,0,121,230,320,2,True,5,2,False,True,1,1,2,140,0,5,140,0,5,False,False,,,False
92228172,517.2,WIN,False,113,14,DAMAGE_COUNTER_ANY,2,TARGET_SELECTION,,,CARD,0,0,121,230,320,2,True,5,2,False,True,1,1,2,140,0,5,140,0,5,False,False,,,False
92228172,517.2,WIN,False,114,14,DAMAGE_COUNTER_ANY,2,TARGET_SELECTION,,,CARD,0,0,121,230,320,2,True,5,2,False,True,1,1,2,140,0,5,140,0,5,False,False,,,False
92228172,517.2,WIN,False,115,14,DAMAGE_COUNTER_ANY,2,TARGET_SELECTION,,,CARD,0,0,121,230,320,2,True,5,2,False,True,1,1,2,140,0,5,140,0,5,False,False,,,False
92228172,517.2,WIN,False,116,14,DAMAGE_COUNTER_ANY,2,TARGET_SELECTION,,,CARD,0,0,121,230,320,2,True,5,2,False,True,1,1,2,140,0,5,140,0,5,False,False,,,False
92228172,517.2,WIN,False,117,14,DAMAGE_COUNTER_ANY,2,TARGET_SELECTION,,,CARD,0,0,121,230,320,2,True,5,2,False,True,1,1,2,140,0,5,,,5,False,False,,,False
92229131,532.5,LOSS,False,0,,,0,UNKNOWN,,,,0,0,,,,,False,,,False,False,,,0,,,,,,,,,,,False
92229131,532.5,LOSS,False,1,,,0,UNKNOWN,,,,0,0,,,,,False,,,False,False,,,0,,,,,,0,,,,,False
92229131,532.5,LOSS,False,2,0,SETUP_ACTIVE_POKEMON,2,EARLY_GAME_SETUP,,,,0,0,,,,,False,0,0,False,False,,,0,,,0,,,6,,,,,False
92229131,532.5,LOSS,False,3,0,SETUP_BENCH_POKEMON,1,BENCH_MANAGEMENT,,,,0,0,,,,,False,0,6,False,False,,,0,,,6,646,70,6,,,,,False
92229131,532.5,LOSS,False,4,2,MAIN,7,RESOURCE_MANAGEMENT,PLAY_POKEMON,235,PLAY,0,0,119,70,70,1,False,0,6,False,False,1,0,0,646,70,6,646,70,6,False,False,,,False
92229131,532.5,LOSS,False,5,2,MAIN,7,RESOURCE_MANAGEMENT,PLAY_SUPPORTER,1210,PLAY,0,0,119,70,70,1,False,1,6,False,True,1,0,1,646,70,6,646,70,6,False,False,,,False
92229131,532.5,LOSS,False,6,2,TO_HAND,11,RESOURCE_MANAGEMENT,,,CARD,0,0,119,70,70,1,False,1,6,False,True,1,0,1,646,70,6,646,70,6,False,False,,,False
92229131,532.5,LOSS,False,7,2,TO_HAND,4,RESOURCE_MANAGEMENT,,,CARD,0,0,119,70,70,1,False,1,6,False,True,1,0,1,646,70,6,646,70,6,False,False,,,False
92229131,532.5,LOSS,False,8,2,MAIN,7,RESOURCE_MANAGEMENT,PLAY_POKEMON,184,PLAY,0,0,119,70,70,1,False,1,6,False,True,1,0,1,646,70,6,646,70,6,False,False,,,False
92229131,532.5,LOSS,False,9,2,MAIN,8,RESOURCE_MANAGEMENT,PLAY_POKEMON,119,PLAY,0,0,119,70,70,1,False,2,6,True,True,1,0,1,646,70,6,646,70,6,False,False,,,False
92229131,532.5,LOSS,False,10,2,MAIN,8,ENERGY_MANAGEMENT,ATTACH_ENERGY,,ATTACH,0,0,119,70,70,1,False,3,6,True,True,1,0,1,646,70,6,646,70,6,False,False,,,False
92229131,532.5,LOSS,False,11,2,MAIN,4,RETREAT_SELECTION,RETREAT,,RETREAT,0,0,119,70,70,1,False,3,6,True,True,1,0,2,646,70,6,646,70,6,False,False,,,False
92229131,532.5,LOSS,False,12,2,SWITCH,3,ACTIVE_POKEMON_SELECTION,,,CARD,0,0,119,70,70,1,False,3,6,False,True,1,0,2,646,70,6,646,70,6,False,False,,,False
92229131,532.5,LOSS,False,13,2,MAIN,4,TIMING,,,,1,0,235,30,30,1,False,3,6,False,True,0,0,1,646,70,6,646,50,6,False,False,,,True
92229131,532.5,LOSS,False,14,4,MAIN,10,RESOURCE_MANAGEMENT,PLAY_SUPPORTER,1198,PLAY,1,0,235,30,30,1,False,3,6,True,True,0,0,1,646,50,6,646,50,6,False,False,,,False
92229131,532.5,LOSS,False,15,4,TO_HAND,6,RESOURCE_MANAGEMENT,,,CARD,0,0,235,30,30,1,False,3,6,False,True,0,0,1,646,50,6,646,50,6,False,False,,,False
92229131,532.5,LOSS,False,16,4,ATTACH_TO,3,ENERGY_MANAGEMENT,,,CARD,0,0,235,30,30,1,False,3,6,False,True,0,0,1,646,50,6,646,50,6,False,False,,,False
92229131,532.5,LOSS,False,17,4,ATTACH_FROM,4,ENERGY_MANAGEMENT,,,CARD,0,0,235,30,30,1,False,3,6,False,True,0,0,1,646,50,6,646,50,6,False,False,,,False
92229131,532.5,LOSS,False,18,4,MAIN,13,ENERGY_MANAGEMENT,ATTACH_ENERGY,,ATTACH,1,0,235,30,30,1,False,3,6,True,True,0,0,1,646,50,6,646,50,6,False,False,,,False
92229131,532.5,LOSS,False,19,4,MAIN,5,TIMING,,,,1,0,235,30,30,1,False,3,6,True,True,0,0,1,646,50,6,646,60,5,False,False,,,False
92229131,532.5,LOSS,False,20,5,TO_ACTIVE,3,ACTIVE_POKEMON_SELECTION,,,,0,0,,,,,False,3,6,False,True,,,1,646,60,5,647,90,5,,,,,True
92229131,532.5,LOSS,False,21,6,MAIN,10,RESOURCE_MANAGEMENT,PLAY_POKEMON,140,PLAY,2,0,119,70,70,1,False,2,6,True,True,1,1,0,647,90,5,647,90,5,False,False,,,False
92229131,532.5,LOSS,False,22,6,MAIN,11,RESOURCE_MANAGEMENT,ABILITY,,ABILITY,2,0,119,70,70,1,False,3,6,True,True,1,1,0,647,90,5,647,90,5,False,False,,,False
92229131,532.5,LOSS,False,23,6,MAIN,12,RESOURCE_MANAGEMENT,PLAY_ITEM,1121,PLAY,2,0,119,70,70,1,False,3,6,True,True,1,1,0,647,90,5,647,90,5,False,False,,,False
92229131,532.5,LOSS,False,24,6,DISCARD,6,RESOURCE_MANAGEMENT,,,CARD;CARD,0,0,119,70,70,1,False,3,6,False,True,1,1,0,647,90,5,647,90,5,False,False,,,False
92229131,532.5,LOSS,False,25,6,TO_HAND,8,RESOURCE_MANAGEMENT,,,CARD,0,0,119,70,70,1,False,3,6,False,True,1,1,0,647,90,5,647,90,5,False,False,,,False
92229131,532.5,LOSS,False,26,6,MAIN,11,RESOURCE_MANAGEMENT,PLAY_POKEMON,1071,PLAY,2,0,119,70,70,1,False,3,6,True,True,1,1,0,647,90,5,647,90,5,False,False,,,False
92229131,532.5,LOSS,False,27,6,ACTIVATE,2,RESOURCE_MANAGEMENT,,,YES,0,0,119,70,70,1,False,4,6,False,True,1,1,0,647,90,5,647,90,5,False,False,,,False
92229131,532.5,LOSS,False,28,6,TO_HAND,9,RESOURCE_MANAGEMENT,,,CARD,0,0,119,70,70,1,False,4,6,False,True,1,1,0,647,90,5,647,90,5,False,False,,,False
92229131,532.5,LOSS,False,29,6,MAIN,12,RESOURCE_MANAGEMENT,PLAY_ITEM,1097,PLAY,2,0,119,70,70,1,False,4,6,True,True,1,1,0,647,90,5,647,90,5,False,False,,,False
92229131,532.5,LOSS,False,30,6,TO_HAND,2,RESOURCE_MANAGEMENT,,,CARD,0,0,119,70,70,1,False,4,6,False,True,1,1,0,647,90,5,647,90,5,False,False,,,False
92229131,532.5,LOSS,False,31,6,MAIN,12,RESOURCE_MANAGEMENT,PLAY_POKEMON,235,PLAY,2,0,119,70,70,1,False,4,6,True,True,1,1,0,647,90,5,647,90,5,False,False,,,False
92229131,532.5,LOSS,False,32,6,MAIN,12,ENERGY_MANAGEMENT,ATTACH_ENERGY,,ATTACH,2,0,119,70,70,1,False,5,6,True,True,1,1,1,647,90,5,647,90,5,False,False,,,False
92229131,532.5,LOSS,False,33,6,MAIN,6,RESOURCE_MANAGEMENT,PLAY_SUPPORTER,1227,PLAY,2,0,119,70,70,1,False,5,6,True,True,1,1,2,647,90,5,647,90,5,False,False,,,False
92229131,532.5,LOSS,False,34,6,MAIN,7,RESOURCE_MANAGEMENT,PLAY_ITEM,1152,PLAY,2,0,119,70,70,1,False,5,6,True,True,1,1,2,647,90,5,647,90,5,False,False,,,False
92229131,532.5,LOSS,False,35,6,TO_HAND,5,RESOURCE_MANAGEMENT,,,CARD,0,0,119,70,70,1,False,5,6,False,True,1,1,2,647,90,5,647,90,5,False,False,,,False
92229131,532.5,LOSS,False,36,6,MAIN,8,RESOURCE_MANAGEMENT,PLAY_ITEM,1120,PLAY,2,0,119,70,70,1,False,5,6,True,True,1,1,2,647,90,5,647,90,5,False,False,,,False
92229131,532.5,LOSS,False,37,6,DISCARD_ENERGY,1,ENERGY_MANAGEMENT,,,ENERGY,0,0,119,70,70,1,False,5,6,False,True,1,1,2,647,90,5,647,90,5,False,False,,,False
92229131,532.5,LOSS,False,38,6,MAIN,7,BENCH_MANAGEMENT,EVOLVE,,EVOLVE,2,0,119,70,70,1,False,5,6,True,True,1,1,2,647,90,5,647,90,5,False,False,,,False
92229131,532.5,LOSS,False,39,6,MAIN,5,RESOURCE_MANAGEMENT,ABILITY,,ABILITY,1,0,120,90,90,1,False,5,6,True,True,1,1,2,647,90,5,647,90,5,False,False,,,True
92229131,532.5,LOSS,False,40,6,TO_HAND,2,RESOURCE_MANAGEMENT,,,CARD,0,0,120,90,90,1,False,5,6,False,True,1,1,2,647,90,5,647,90,5,False,False,,,False
92229131,532.5,LOSS,False,41,6,MAIN,4,RETREAT_SELECTION,RETREAT,,RETREAT,1,0,120,90,90,1,False,5,6,True,True,1,1,2,647,90,5,647,90,5,False,False,,,False
92229131,532.5,LOSS,False,42,6,DISCARD_ENERGY,2,ENERGY_MANAGEMENT,,,ENERGY,0,0,120,90,90,1,False,5,6,False,True,1,1,2,647,90,5,647,90,5,False,False,,,False
92229131,532.5,LOSS,False,43,6,SWITCH,5,ACTIVE_POKEMON_SELECTION,,,CARD,0,0,120,90,90,1,False,5,6,False,True,1,1,2,647,90,5,647,90,5,False,False,,,False
92229131,532.5,LOSS,False,44,6,MAIN,3,TIMING,,,,1,0,235,30,30,1,False,5,6,False,True,0,0,1,647,90,5,647,100,4,False,False,,,True
92229131,532.5,LOSS,False,45,7,TO_ACTIVE,5,ACTIVE_POKEMON_SELECTION,,,,0,0,,,,,False,5,6,False,True,,,1,647,100,4,647,100,4,,,,,True
92229131,532.5,LOSS,False,46,8,MAIN,20,BENCH_MANAGEMENT,EVOLVE,,EVOLVE,0,0,120,90,90,1,False,4,6,True,True,1,1,1,647,100,4,647,100,4,False,False,,,False
92229131,532.5,LOSS,False,47,8,MAIN,19,RESOURCE_MANAGEMENT,PLAY_POKEMON,119,PLAY,1,0,121,320,320,2,False,4,6,True,True,1,1,1,647,100,4,647,100,4,False,False,,,True
92229131,532.5,LOSS,False,48,8,MAIN,20,RESOURCE_MANAGEMENT,ABILITY,,ABILITY,1,0,121,320,320,2,False,5,6,True,True,1,1,1,647,100,4,647,100,4,False,False,,,False
92229131,532.5,LOSS,False,49,8,MAIN,22,RESOURCE_MANAGEMENT,PLAY_ITEM,1120,PLAY,1,0,121,320,320,2,False,5,6,True,True,1,1,1,647,100,4,647,100,4,False,False,,,False
92229131,532.5,LOSS,False,50,8,MAIN,21,RESOURCE_MANAGEMENT,PLAY_SUPPORTER,1198,PLAY,1,0,121,320,320,2,False,5,6,True,True,1,1,1,647,100,4,647,100,4,False,False,,,False
92229131,532.5,LOSS,False,51,8,TO_HAND,2,RESOURCE_MANAGEMENT,,,CARD,0,0,121,320,320,2,False,5,6,False,True,1,1,1,647,100,4,647,100,4,False,False,,,False
92229131,532.5,LOSS,False,52,8,ATTACH_TO,1,ENERGY_MANAGEMENT,,,CARD,0,0,121,320,320,2,False,5,6,False,True,1,1,1,647,100,4,647,100,4,False,False,,,False
92229131,532.5,LOSS,False,53,8,ATTACH_FROM,6,ENERGY_MANAGEMENT,,,CARD,0,0,121,320,320,2,False,5,6,False,True,1,1,1,647,100,4,647,100,4,False,False,,,False
92229131,532.5,LOSS,False,54,8,MAIN,24,BENCH_MANAGEMENT,EVOLVE,,EVOLVE,2,0,121,320,320,2,False,5,6,True,True,1,1,1,647,100,4,647,100,4,False,False,,,False
92229131,532.5,LOSS,False,55,8,MAIN,24,RESOURCE_MANAGEMENT,ABILITY,,ABILITY,2,0,121,320,320,2,False,5,6,True,True,1,1,1,647,100,4,647,100,4,False,False,,,False
92229131,532.5,LOSS,False,56,8,TO_HAND,2,RESOURCE_MANAGEMENT,,,CARD,0,0,121,320,320,2,False,5,6,False,True,1,1,1,647,100,4,647,100,4,False,False,,,False
92229131,532.5,LOSS,False,57,8,MAIN,23,ENERGY_MANAGEMENT,ATTACH_ENERGY,,ATTACH,2,0,121,320,320,2,False,5,6,True,True,1,1,1,647,100,4,647,100,4,False,False,,,False
92229131,532.5,LOSS,False,58,8,MAIN,5,ATTACK_SELECTION,ATTACK,,ATTACK,2,1,121,320,320,2,False,5,6,True,True,1,1,2,647,100,4,647,0,4,False,False,,,False
92229131,532.5,LOSS,False,59,8,DAMAGE_COUNTER_ANY,5,TARGET_SELECTION,,,CARD,0,0,121,320,320,2,False,5,6,False,True,1,1,2,647,0,4,647,0,4,False,False,,,False
92229131,532.5,LOSS,False,60,8,DAMAGE_COUNTER_ANY,5,TARGET_SELECTION,,,CARD,0,0,121,320,320,2,False,5,6,False,True,1,1,2,647,0,4,647,0,4,False,False,,,False
92229131,532.5,LOSS,False,61,8,DAMAGE_COUNTER_ANY,5,TARGET_SELECTION,,,CARD,0,0,121,320,320,2,False,5,6,False,True,1,1,2,647,0,4,647,0,4,False,False,,,False
92229131,532.5,LOSS,False,62,8,DAMAGE_COUNTER_ANY,5,TARGET_SELECTION,,,CARD,0,0,121,320,320,2,False,5,6,False,True,1,1,2,647,0,4,647,0,4,False,False,,,False
92229131,532.5,LOSS,False,63,8,DAMAGE_COUNTER_ANY,5,TARGET_SELECTION,,,CARD,0,0,121,320,320,2,False,5,6,False,True,1,1,2,647,0,4,647,0,4,False,False,,,False
92229131,532.5,LOSS,False,64,8,DAMAGE_COUNTER_ANY,5,TARGET_SELECTION,,,CARD,0,0,121,320,320,2,False,5,6,False,True,1,1,2,647,0,4,,,4,False,False,,,False
92229131,532.5,LOSS,False,65,8,TO_HAND,6,RESOURCE_MANAGEMENT,,,,0,0,121,320,320,2,False,5,6,False,True,1,1,2,,,4,647,100,4,,,,,False
92229131,532.5,LOSS,False,66,10,MAIN,23,RESOURCE_MANAGEMENT,ABILITY,,ABILITY,2,0,121,320,320,2,False,5,5,True,True,1,1,2,647,100,4,647,100,4,False,False,,,False
92229131,532.5,LOSS,False,67,10,TO_HAND,2,RESOURCE_MANAGEMENT,,,CARD,0,0,121,320,320,2,False,5,5,False,True,1,1,2,647,100,4,647,100,4,False,False,,,False
92229131,532.5,LOSS,False,68,10,MAIN,23,RESOURCE_MANAGEMENT,PLAY_SUPPORTER,1182,PLAY,2,0,121,320,320,2,False,5,5,True,True,1,1,2,647,100,4,647,100,4,False,False,,,False
92229131,532.5,LOSS,False,69,10,SWITCH,5,ACTIVE_POKEMON_SELECTION,,,CARD,0,0,121,320,320,2,False,5,5,False,True,1,1,2,647,100,4,112,80,4,False,False,,,False
92229131,532.5,LOSS,False,70,10,MAIN,17,ENERGY_MANAGEMENT,ATTACH_ENERGY,,ATTACH,2,0,121,320,320,2,False,5,5,True,True,1,1,2,112,80,4,112,80,4,False,False,,,False
92229131,532.5,LOSS,False,71,10,MAIN,5,ATTACK_SELECTION,ATTACK,,ATTACK,2,1,121,320,320,2,False,5,5,True,True,1,1,2,112,80,4,112,0,4,False,False,,,False
92229131,532.5,LOSS,False,72,10,DAMAGE_COUNTER_ANY,5,TARGET_SELECTION,,,CARD,0,0,121,320,320,2,False,5,5,False,True,1,1,2,112,0,4,112,0,4,False,False,,,False
92229131,532.5,LOSS,False,73,10,DAMAGE_COUNTER_ANY,5,TARGET_SELECTION,,,CARD,0,0,121,320,320,2,False,5,5,False,True,1,1,2,112,0,4,112,0,4,False,False,,,False
92229131,532.5,LOSS,False,74,10,DAMAGE_COUNTER_ANY,5,TARGET_SELECTION,,,CARD,0,0,121,320,320,2,False,5,5,False,True,1,1,2,112,0,4,112,0,4,False,False,,,False
92229131,532.5,LOSS,False,75,10,DAMAGE_COUNTER_ANY,5,TARGET_SELECTION,,,CARD,0,0,121,320,320,2,False,5,5,False,True,1,1,2,112,0,4,112,0,4,False,False,,,False
92229131,532.5,LOSS,False,76,10,DAMAGE_COUNTER_ANY,5,TARGET_SELECTION,,,CARD,0,0,121,320,320,2,False,5,5,False,True,1,1,2,112,0,4,112,0,4,False,False,,,False
92229131,532.5,LOSS,False,77,10,DAMAGE_COUNTER_ANY,5,TARGET_SELECTION,,,CARD,0,0,121,320,320,2,False,5,5,False,True,1,1,2,112,0,4,,,4,False,False,,,False
92229131,532.5,LOSS,False,78,10,TO_HAND,5,RESOURCE_MANAGEMENT,,,,0,0,121,320,320,2,False,5,5,False,True,1,1,2,,,4,647,70,4,,,,,False
92229131,532.5,LOSS,False,79,12,MAIN,18,RESOURCE_MANAGEMENT,PLAY_ITEM,1097,PLAY,2,0,121,320,320,2,False,5,4,True,True,1,1,2,647,70,4,647,70,4,False,False,,,False
92229131,532.5,LOSS,False,80,12,TO_HAND,3,RESOURCE_MANAGEMENT,,,CARD,0,0,121,320,320,2,False,5,4,False,True,1,1,2,647,70,4,647,70,4,False,False,,,False
92229131,532.5,LOSS,False,81,12,MAIN,19,RESOURCE_MANAGEMENT,PLAY_ITEM,1079,PLAY,2,0,121,320,320,2,False,5,4,True,True,1,1,2,647,70,4,647,70,4,False,False,,,False
92229131,532.5,LOSS,False,82,12,EVOLVE,1,BENCH_MANAGEMENT,,,EVOLVE,0,0,121,320,320,2,False,5,4,False,True,1,1,2,647,70,4,647,70,4,False,False,,,False
92229131,532.5,LOSS,False,83,12,MAIN,17,RESOURCE_MANAGEMENT,ABILITY,,ABILITY,2,0,121,320,320,2,False,5,4,True,True,1,1,2,647,70,4,647,70,4,False,False,,,False
92229131,532.5,LOSS,False,84,12,TO_HAND,2,RESOURCE_MANAGEMENT,,,CARD,0,0,121,320,320,2,False,5,4,False,True,1,1,2,647,70,4,647,70,4,False,False,,,False
92229131,532.5,LOSS,False,85,12,MAIN,17,RESOURCE_MANAGEMENT,PLAY_ITEM,1152,PLAY,2,0,121,320,320,2,False,5,4,True,True,1,1,2,647,70,4,647,70,4,False,False,,,False
92229131,532.5,LOSS,False,86,12,TO_HAND,3,RESOURCE_MANAGEMENT,,,CARD,0,0,121,320,320,2,False,5,4,False,True,1,1,2,647,70,4,647,70,4,False,False,,,False
92229131,532.5,LOSS,False,87,12,MAIN,16,RESOURCE_MANAGEMENT,PLAY_SUPPORTER,1182,PLAY,2,0,121,320,320,2,False,5,4,True,True,1,1,2,647,70,4,647,70,4,False,False,,,False
92229131,532.5,LOSS,False,88,12,SWITCH,4,ACTIVE_POKEMON_SELECTION,,,CARD,0,0,121,320,320,2,False,5,4,False,True,1,1,2,647,70,4,112,110,4,False,False,,,False
92229131,532.5,LOSS,False,89,12,MAIN,11,ATTACK_SELECTION,ATTACK,,ATTACK,2,1,121,320,320,2,False,5,4,True,True,1,1,2,112,110,4,112,0,4,False,False,,,False
92229131,532.5,LOSS,False,90,12,DAMAGE_COUNTER_ANY,4,TARGET_SELECTION,,,CARD,0,0,121,320,320,2,False,5,4,False,True,1,1,2,112,0,4,112,0,4,False,False,,,False
92229131,532.5,LOSS,False,91,12,DAMAGE_COUNTER_ANY,4,TARGET_SELECTION,,,CARD,0,0,121,320,320,2,False,5,4,False,True,1,1,2,112,0,4,112,0,4,False,False,,,False
92229131,532.5,LOSS,False,92,12,DAMAGE_COUNTER_ANY,4,TARGET_SELECTION,,,CARD,0,0,121,320,320,2,False,5,4,False,True,1,1,2,112,0,4,112,0,4,False,False,,,False
92229131,532.5,LOSS,False,93,12,DAMAGE_COUNTER_ANY,4,TARGET_SELECTION,,,CARD,0,0,121,320,320,2,False,5,4,False,True,1,1,2,112,0,4,112,0,4,False,False,,,False
92229131,532.5,LOSS,False,94,12,DAMAGE_COUNTER_ANY,4,TARGET_SELECTION,,,CARD,0,0,121,320,320,2,False,5,4,False,True,1,1,2,112,0,4,112,0,4,False,False,,,False
92229131,532.5,LOSS,False,95,12,DAMAGE_COUNTER_ANY,4,TARGET_SELECTION,,,CARD,0,0,121,320,320,2,False,5,4,False,True,1,1,2,112,0,4,,,4,False,False,,,False
92229131,532.5,LOSS,False,96,12,TO_HAND,4,RESOURCE_MANAGEMENT,,,,0,0,121,320,320,2,False,5,4,False,True,1,1,2,,,4,648,250,4,,,,,False
92229131,532.5,LOSS,False,97,14,MAIN,8,RESOURCE_MANAGEMENT,PLAY_ITEM,1120,PLAY,2,0,121,140,320,2,True,5,3,True,True,1,1,2,648,250,4,648,250,4,True,False,Shadow Bullet,180,False
92229131,532.5,LOSS,False,98,14,MAIN,7,RESOURCE_MANAGEMENT,ABILITY,,ABILITY,2,0,121,140,320,2,True,5,3,True,True,1,1,2,648,250,4,648,250,4,True,False,Shadow Bullet,180,False
92229131,532.5,LOSS,False,99,14,TO_HAND,2,RESOURCE_MANAGEMENT,,,CARD,0,0,121,140,320,2,True,5,3,False,True,1,1,2,648,250,4,648,250,4,True,False,Shadow Bullet,180,False
92229131,532.5,LOSS,False,100,14,MAIN,6,RESOURCE_MANAGEMENT,PLAY_SUPPORTER,1210,PLAY,2,0,121,140,320,2,True,5,3,True,True,1,1,2,648,250,4,648,250,4,True,False,Shadow Bullet,180,False
92229131,532.5,LOSS,False,101,14,TO_HAND,3,RESOURCE_MANAGEMENT,,,CARD,0,0,121,140,320,2,True,5,3,False,True,1,1,2,648,250,4,648,250,4,True,False,Shadow Bullet,180,False
92229131,532.5,LOSS,False,102,14,TO_HAND,1,RESOURCE_MANAGEMENT,,,CARD,0,0,121,140,320,2,True,5,3,False,True,1,1,2,648,250,4,648,250,4,True,False,Shadow Bullet,180,False
92229131,532.5,LOSS,False,103,14,MAIN,5,ATTACK_SELECTION,ATTACK,,ATTACK,2,1,121,140,320,2,True,5,3,True,True,1,1,2,648,250,4,648,50,4,True,False,Shadow Bullet,180,False
92229131,532.5,LOSS,False,104,14,DAMAGE_COUNTER_ANY,4,TARGET_SELECTION,,,CARD,0,0,121,140,320,2,True,5,3,False,True,1,1,2,648,50,4,648,50,4,True,False,Shadow Bullet,180,False
92229131,532.5,LOSS,False,105,14,DAMAGE_COUNTER_ANY,4,TARGET_SELECTION,,,CARD,0,0,121,140,320,2,True,5,3,False,True,1,1,2,648,50,4,648,50,4,True,False,Shadow Bullet,180,False
92229131,532.5,LOSS,False,106,14,DAMAGE_COUNTER_ANY,4,TARGET_SELECTION,,,CARD,0,0,121,140,320,2,True,5,3,False,True,1,1,2,648,50,4,648,50,4,True,False,Shadow Bullet,180,False
92229131,532.5,LOSS,False,107,14,DAMAGE_COUNTER_ANY,4,TARGET_SELECTION,,,CARD,0,0,121,140,320,2,True,5,3,False,True,1,1,2,648,50,4,648,50,4,True,False,Shadow Bullet,180,False
92229131,532.5,LOSS,False,108,14,DAMAGE_COUNTER_ANY,4,TARGET_SELECTION,,,CARD,0,0,121,140,320,2,True,5,3,False,True,1,1,2,648,50,4,648,50,4,True,False,Shadow Bullet,180,False
92230119,527.8,WIN,False,0,,,0,UNKNOWN,,,,0,0,,,,,False,,,False,False,,,0,,,,,,,,,,,False
92230119,527.8,WIN,False,1,,,0,UNKNOWN,,,,0,0,,,,,False,,,False,False,,,0,,,,,,0,,,,,False
92230119,527.8,WIN,False,2,0,SETUP_ACTIVE_POKEMON,1,EARLY_GAME_SETUP,,,,0,0,,,,,False,0,0,False,False,,,0,,,0,741,50,6,,,,,False
92230119,527.8,WIN,False,3,2,MAIN,5,RESOURCE_MANAGEMENT,PLAY_ITEM,1120,PLAY,0,0,140,210,210,2,False,0,6,False,False,1,0,0,741,50,6,741,50,6,False,False,Teleportation Attack,10,False
92230119,527.8,WIN,False,4,2,MAIN,4,RESOURCE_MANAGEMENT,PLAY_SUPPORTER,1227,PLAY,0,0,140,210,210,2,False,0,6,False,False,1,0,0,741,50,6,741,50,6,False,False,Teleportation Attack,10,False
92230119,527.8,WIN,False,5,2,MAIN,8,RESOURCE_MANAGEMENT,PLAY_POKEMON,119,PLAY,0,0,140,210,210,2,False,0,6,False,False,1,0,0,741,50,6,741,50,6,False,False,Teleportation Attack,10,False
92230119,527.8,WIN,False,6,2,MAIN,10,RESOURCE_MANAGEMENT,PLAY_POKEMON,119,PLAY,0,0,140,210,210,2,False,1,6,False,True,1,0,0,741,50,6,741,50,6,False,False,Teleportation Attack,10,False
92230119,527.8,WIN,False,7,2,MAIN,12,RESOURCE_MANAGEMENT,PLAY_ITEM,1152,PLAY,0,0,140,210,210,2,False,2,6,False,True,1,0,0,741,50,6,741,50,6,False,False,Teleportation Attack,10,False
92230119,527.8,WIN,False,8,2,TO_HAND,6,RESOURCE_MANAGEMENT,,,CARD,0,0,140,210,210,2,False,2,6,False,True,1,0,0,741,50,6,741,50,6,False,False,Teleportation Attack,10,False
92230119,527.8,WIN,False,9,2,MAIN,12,RESOURCE_MANAGEMENT,PLAY_POKEMON,235,PLAY,0,0,140,210,210,2,False,2,6,False,True,1,0,0,741,50,6,741,50,6,False,False,Teleportation Attack,10,False
92230119,527.8,WIN,False,10,2,MAIN,14,ENERGY_MANAGEMENT,ATTACH_ENERGY,,ATTACH,0,0,140,210,210,2,False,3,6,False,True,1,0,1,741,50,6,741,50,6,False,False,Teleportation Attack,10,False
92230119,527.8,WIN,False,11,2,MAIN,3,RETREAT_SELECTION,RETREAT,,RETREAT,0,0,140,210,210,2,False,3,6,True,True,1,1,1,741,50,6,741,50,6,False,False,Teleportation Attack,10,False
92230119,527.8,WIN,False,12,2,DISCARD_ENERGY,1,ENERGY_MANAGEMENT,,,ENERGY,0,0,140,210,210,2,False,3,6,False,True,1,1,1,741,50,6,741,50,6,False,False,Teleportation Attack,10,False
92230119,527.8,WIN,False,13,2,SWITCH,3,ACTIVE_POKEMON_SELECTION,,,CARD,0,0,140,210,210,2,False,3,6,False,True,1,0,1,741,50,6,741,50,6,False,False,Teleportation Attack,10,False
92230119,527.8,WIN,False,14,2,MAIN,3,TIMING,,,,1,0,235,30,30,1,False,3,6,False,True,0,0,0,741,50,6,741,50,6,False,False,Teleportation Attack,10,True
92230119,527.8,WIN,False,15,4,MAIN,14,BENCH_MANAGEMENT,EVOLVE,,EVOLVE,1,0,235,20,30,1,True,3,6,True,True,0,0,0,741,50,6,741,50,6,False,False,,,False
92230119,527.8,WIN,False,16,4,MAIN,13,RESOURCE_MANAGEMENT,ABILITY,,ABILITY,1,0,235,20,30,1,True,3,6,True,True,0,0,0,741,50,6,741,50,6,False,False,,,False
92230119,527.8,WIN,False,17,4,TO_HAND,2,RESOURCE_MANAGEMENT,,,CARD,0,0,235,20,30,1,True,3,6,False,True,0,0,0,741,50,6,741,50,6,False,False,,,False
92230119,527.8,WIN,False,18,4,MAIN,13,ENERGY_MANAGEMENT,ATTACH_ENERGY,,ATTACH,1,0,235,20,30,1,True,3,6,True,True,0,0,0,741,50,6,741,50,6,False,False,,,False
92230119,527.8,WIN,False,19,4,MAIN,5,RESOURCE_MANAGEMENT,PLAY_SUPPORTER,1227,PLAY,1,0,235,20,30,1,True,3,6,True,True,0,0,1,741,50,6,741,50,6,False,False,,,False
92230119,527.8,WIN,False,20,4,MAIN,6,RESOURCE_MANAGEMENT,PLAY_ITEM,1086,PLAY,1,0,235,20,30,1,True,3,6,True,True,0,0,1,741,50,6,741,50,6,False,False,,,False
92230119,527.8,WIN,False,21,4,TO_BENCH,2,BENCH_MANAGEMENT,,,CARD,0,0,235,20,30,1,True,3,6,False,True,0,0,1,741,50,6,741,50,6,False,False,,,False
92230119,527.8,WIN,False,22,4,MAIN,5,TIMING,,,,1,0,235,20,30,1,True,4,6,True,True,0,0,1,741,50,6,741,40,6,False,False,,,False
92230119,527.8,WIN,False,23,6,MAIN,15,BENCH_MANAGEMENT,EVOLVE,,EVOLVE,1,0,235,20,30,1,True,4,6,True,True,0,0,1,741,40,6,741,40,6,False,False,,,False
92230119,527.8,WIN,False,24,6,MAIN,13,RESOURCE_MANAGEMENT,PLAY_SUPPORTER,1198,PLAY,1,0,235,20,30,1,True,4,6,True,True,0,0,1,741,40,6,741,40,6,False,False,,,False
92230119,527.8,WIN,False,25,6,TO_HAND,3,RESOURCE_MANAGEMENT,,,CARD,0,0,235,20,30,1,True,4,6,False,True,0,0,1,741,40,6,741,40,6,False,False,,,False
92230119,527.8,WIN,False,26,6,ATTACH_TO,1,ENERGY_MANAGEMENT,,,CARD,0,0,235,20,30,1,True,4,6,False,True,0,0,1,741,40,6,741,40,6,False,False,,,False
92230119,527.8,WIN,False,27,6,ATTACH_FROM,5,ENERGY_MANAGEMENT,,,CARD,0,0,235,20,30,1,True,4,6,False,True,0,0,1,741,40,6,741,40,6,False,False,,,False
92230119,527.8,WIN,False,28,6,MAIN,15,ENERGY_MANAGEMENT,ATTACH_ENERGY,,ATTACH,1,0,235,20,30,1,True,4,6,True,True,0,0,2,741,40,6,741,40,6,False,False,,,False
92230119,527.8,WIN,False,29,6,MAIN,5,RETREAT_SELECTION,RETREAT,,RETREAT,1,0,235,20,30,1,True,4,6,True,True,0,0,2,741,40,6,741,40,6,False,False,,,False
92230119,527.8,WIN,False,30,6,SWITCH,4,ACTIVE_POKEMON_SELECTION,,,CARD,0,0,235,20,30,1,True,4,6,False,True,0,0,2,741,40,6,741,40,6,False,False,,,False
92230119,527.8,WIN,False,31,6,MAIN,4,ATTACK_SELECTION,ATTACK,,ATTACK,1,1,121,320,320,2,False,4,6,False,True,1,1,2,741,40,6,,,6,False,False,,,True
92230119,527.8,WIN,False,32,6,TO_HAND,6,RESOURCE_MANAGEMENT,,,,0,0,121,320,320,2,False,4,6,False,True,1,1,2,,,6,741,50,6,,,,,False
92230119,527.8,WIN,False,33,8,MAIN,15,BENCH_MANAGEMENT,EVOLVE,,EVOLVE,1,0,121,310,320,2,True,4,5,True,True,1,1,2,741,50,6,741,50,6,False,False,,,False
92230119,527.8,WIN,False,34,8,MAIN,14,RESOURCE_MANAGEMENT,ABILITY,,ABILITY,1,0,121,310,320,2,True,4,5,True,True,1,1,1,741,50,6,741,50,6,False,False,,,False
92230119,527.8,WIN,False,35,8,TO_HAND,2,RESOURCE_MANAGEMENT,,,CARD,0,0,121,310,320,2,True,4,5,False,True,1,1,1,741,50,6,741,50,6,False,False,,,False
92230119,527.8,WIN,False,36,8,MAIN,14,RESOURCE_MANAGEMENT,PLAY_SUPPORTER,1198,PLAY,1,0,121,310,320,2,True,4,5,True,True,1,1,1,741,50,6,741,50,6,False,False,,,False
92230119,527.8,WIN,False,37,8,TO_HAND,1,RESOURCE_MANAGEMENT,,,CARD,0,0,121,310,320,2,True,4,5,False,True,1,1,1,741,50,6,741,50,6,False,False,,,False
92230119,527.8,WIN,False,38,8,MAIN,15,ENERGY_MANAGEMENT,ATTACH_ENERGY,,ATTACH,1,0,121,310,320,2,True,4,5,True,True,1,1,1,741,50,6,741,50,6,False,False,,,False
92230119,527.8,WIN,False,39,8,MAIN,5,RETREAT_SELECTION,RETREAT,,RETREAT,1,0,121,310,320,2,True,4,5,True,True,1,1,1,741,50,6,741,50,6,False,False,,,False
92230119,527.8,WIN,False,40,8,DISCARD_ENERGY,2,ENERGY_MANAGEMENT,,,ENERGY,0,0,121,310,320,2,True,4,5,False,True,1,1,1,741,50,6,741,50,6,False,False,,,False
92230119,527.8,WIN,False,41,8,SWITCH,4,ACTIVE_POKEMON_SELECTION,,,CARD,0,0,121,310,320,2,True,4,5,False,True,1,1,1,741,50,6,741,50,6,False,False,,,False
92230119,527.8,WIN,False,42,8,MAIN,4,TIMING,,,,1,0,235,20,30,1,True,4,5,False,True,0,0,1,741,50,6,741,40,6,False,False,,,True
92230119,527.8,WIN,False,43,10,MAIN,15,RESOURCE_MANAGEMENT,PLAY_ITEM,1120,PLAY,1,0,235,20,30,1,True,4,5,True,True,0,0,1,741,40,6,741,40,6,False,False,,,False
92230119,527.8,WIN,False,44,10,DISCARD_ENERGY,3,ENERGY_MANAGEMENT,,,ENERGY,0,0,235,20,30,1,True,4,5,False,True,0,0,1,741,40,6,741,40,6,False,False,,,False
92230119,527.8,WIN,False,45,10,MAIN,14,RESOURCE_MANAGEMENT,ABILITY,,ABILITY,1,0,235,20,30,1,True,4,5,True,True,0,0,1,741,40,6,741,40,6,False,False,,,False
92230119,527.8,WIN,False,46,10,TO_HAND,2,RESOURCE_MANAGEMENT,,,CARD,0,0,235,20,30,1,True,4,5,False,True,0,0,1,741,40,6,741,40,6,False,False,,,False
92230119,527.8,WIN,False,47,10,MAIN,14,RESOURCE_MANAGEMENT,PLAY_ITEM,1152,PLAY,1,0,235,20,30,1,True,4,5,True,True,0,0,1,741,40,6,741,40,6,False,False,,,False
92230119,527.8,WIN,False,48,10,TO_HAND,3,RESOURCE_MANAGEMENT,,,CARD,0,0,235,20,30,1,True,4,5,False,True,0,0,1,741,40,6,741,40,6,False,False,,,False
92230119,527.8,WIN,False,49,10,MAIN,14,BENCH_MANAGEMENT,EVOLVE,,EVOLVE,1,0,235,20,30,1,True,4,5,True,True,0,0,1,741,40,6,741,40,6,False,False,,,False
92230119,527.8,WIN,False,50,10,MAIN,14,RESOURCE_MANAGEMENT,ABILITY,,ABILITY,1,0,235,20,30,1,True,4,5,True,True,0,0,1,741,40,6,741,40,6,False,False,,,False
92230119,527.8,WIN,False,51,10,TO_HAND,2,RESOURCE_MANAGEMENT,,,CARD,0,0,235,20,30,1,True,4,5,False,True,0,0,1,741,40,6,741,40,6,False,False,,,False
92230119,527.8,WIN,False,52,10,MAIN,14,RESOURCE_MANAGEMENT,PLAY_ITEM,1120,PLAY,1,0,235,20,30,1,True,4,5,True,True,0,0,1,741,40,6,741,40,6,False,False,,,False
92230119,527.8,WIN,False,53,10,MAIN,13,ENERGY_MANAGEMENT,ATTACH_ENERGY,,ATTACH,1,0,235,20,30,1,True,4,5,True,True,0,0,1,741,40,6,741,40,6,False,False,,,False
92230119,527.8,WIN,False,54,10,MAIN,8,RESOURCE_MANAGEMENT,PLAY_SUPPORTER,1227,PLAY,1,0,235,20,30,1,True,4,5,True,True,0,0,2,741,40,6,741,40,6,False,False,,,False
92230119,527.8,WIN,False,55,10,MAIN,5,RESOURCE_MANAGEMENT,PLAY_POKEMON,184,PLAY,1,0,235,20,30,1,True,4,5,True,True,0,0,2,741,40,6,741,40,6,False,False,,,False
92230119,527.8,WIN,False,56,10,MAIN,3,TIMING,,,,1,0,235,20,30,1,True,5,5,True,True,0,0,2,741,40,6,741,30,6,False,False,,,False
92230119,527.8,WIN,False,57,12,MAIN,6,RESOURCE_MANAGEMENT,ABILITY,,ABILITY,1,0,235,20,30,1,True,5,5,True,True,0,0,2,741,30,6,741,30,6,False,False,,,False
92230119,527.8,WIN,False,58,12,TO_HAND,2,RESOURCE_MANAGEMENT,,,CARD,0,0,235,20,30,1,True,5,5,False,True,0,0,2,741,30,6,741,30,6,False,False,,,False
92230119,527.8,WIN,False,59,12,MAIN,6,RESOURCE_MANAGEMENT,ABILITY,,ABILITY,1,0,235,20,30,1,True,5,5,True,True,0,0,2,741,30,6,741,30,6,False,False,,,False
92230119,527.8,WIN,False,60,12,TO_HAND,2,RESOURCE_MANAGEMENT,,,CARD,0,0,235,20,30,1,True,5,5,False,True,0,0,2,741,30,6,741,30,6,False,False,,,False
92230119,527.8,WIN,False,61,12,MAIN,6,RESOURCE_MANAGEMENT,PLAY_SUPPORTER,1198,PLAY,1,0,235,20,30,1,True,5,5,True,True,0,0,2,741,30,6,741,30,6,False,False,,,False
92230119,527.8,WIN,False,62,12,MAIN,4,TIMING,,,,1,0,235,20,30,1,True,5,5,True,True,0,0,2,741,30,6,741,20,6,False,False,,,False
92230119,527.8,WIN,False,63,14,MAIN,7,RESOURCE_MANAGEMENT,ABILITY,,ABILITY,1,0,235,20,30,1,True,5,5,True,True,0,0,2,741,20,6,741,20,6,False,False,,,False
92230119,527.8,WIN,False,64,14,TO_HAND,2,RESOURCE_MANAGEMENT,,,CARD,0,0,235,20,30,1,True,5,5,False,True,0,0,2,741,20,6,741,20,6,False,False,,,False
92230119,527.8,WIN,False,65,14,MAIN,7,RESOURCE_MANAGEMENT,ABILITY,,ABILITY,1,0,235,20,30,1,True,5,5,True,True,0,0,2,741,20,6,741,20,6,False,False,,,False
92230119,527.8,WIN,False,66,14,TO_HAND,2,RESOURCE_MANAGEMENT,,,CARD,0,0,235,20,30,1,True,5,5,False,True,0,0,2,741,20,6,741,20,6,False,False,,,False
92230119,527.8,WIN,False,67,14,MAIN,7,RESOURCE_MANAGEMENT,PLAY_SUPPORTER,1210,PLAY,1,0,235,20,30,1,True,5,5,True,True,0,0,2,741,20,6,741,20,6,False,False,,,False
92230119,527.8,WIN,False,68,14,TO_HAND,1,RESOURCE_MANAGEMENT,,,CARD,0,0,235,20,30,1,True,5,5,False,True,0,0,2,741,20,6,741,20,6,False,False,,,False
92230119,527.8,WIN,False,69,14,MAIN,7,BENCH_MANAGEMENT,EVOLVE,,EVOLVE,1,0,235,20,30,1,True,5,5,True,True,0,0,2,741,20,6,741,20,6,False,False,,,False
92230119,527.8,WIN,False,70,14,MAIN,5,RETREAT_SELECTION,RETREAT,,RETREAT,1,0,235,20,30,1,True,5,5,True,True,0,0,2,741,20,6,741,20,6,False,False,,,False
92230119,527.8,WIN,False,71,14,SWITCH,5,ACTIVE_POKEMON_SELECTION,,,CARD,0,0,235,20,30,1,True,5,5,False,True,0,0,2,741,20,6,741,20,6,False,False,,,False
92230119,527.8,WIN,False,72,14,MAIN,4,ATTACK_SELECTION,ATTACK,,ATTACK,1,1,121,320,320,2,False,5,5,False,True,1,1,2,741,20,6,,,6,False,False,,,True
92230119,527.8,WIN,False,73,14,TO_HAND,5,RESOURCE_MANAGEMENT,,,,0,0,121,320,320,2,False,5,5,False,True,1,1,2,,,6,742,80,6,,,,,False
92230119,527.8,WIN,False,74,16,MAIN,14,RESOURCE_MANAGEMENT,PLAY_STADIUM,1256,PLAY,1,0,121,310,320,2,True,5,4,True,True,1,1,2,742,80,6,742,80,6,False,False,,,False
92230119,527.8,WIN,False,75,16,MAIN,14,RESOURCE_MANAGEMENT,ABILITY,,ABILITY,2,0,121,310,320,2,True,5,4,True,True,1,1,2,742,80,6,742,80,6,False,False,,,False
92230119,527.8,WIN,False,76,16,TO_HAND,2,RESOURCE_MANAGEMENT,,,CARD,0,0,121,310,320,2,True,5,4,False,True,1,1,2,742,80,6,742,80,6,False,False,,,False
92230119,527.8,WIN,False,77,16,MAIN,14,RESOURCE_MANAGEMENT,PLAY_SUPPORTER,1182,PLAY,2,0,121,310,320,2,True,5,4,True,True,1,1,2,742,80,6,742,80,6,False,False,,,False
92230119,527.8,WIN,False,78,16,SWITCH,5,ACTIVE_POKEMON_SELECTION,,,CARD,0,0,121,310,320,2,True,5,4,False,True,1,1,2,742,80,6,140,210,6,False,False,,,False
92230119,527.8,WIN,False,79,16,MAIN,12,ENERGY_MANAGEMENT,ATTACH_ENERGY,,ATTACH,2,0,121,310,320,2,True,5,4,True,True,1,1,2,140,210,6,140,210,6,False,False,,,False
92230119,527.8,WIN,False,80,16,MAIN,6,ATTACK_SELECTION,ATTACK,,ATTACK,2,1,121,310,320,2,True,5,4,True,True,1,1,2,140,210,6,140,10,6,False,False,,,False
92230119,527.8,WIN,False,81,16,DAMAGE_COUNTER_ANY,5,TARGET_SELECTION,,,CARD,0,0,121,310,320,2,True,5,4,False,True,1,1,2,140,10,6,140,10,6,False,False,,,False
92230119,527.8,WIN,False,82,16,DAMAGE_COUNTER_ANY,5,TARGET_SELECTION,,,CARD,0,0,121,310,320,2,True,5,4,False,True,1,1,2,140,10,6,140,10,6,False,False,,,False
92230119,527.8,WIN,False,83,16,DAMAGE_COUNTER_ANY,5,TARGET_SELECTION,,,CARD,0,0,121,310,320,2,True,5,4,False,True,1,1,2,140,10,6,140,10,6,False,False,,,False
92230119,527.8,WIN,False,84,16,DAMAGE_COUNTER_ANY,5,TARGET_SELECTION,,,CARD,0,0,121,310,320,2,True,5,4,False,True,1,1,2,140,10,6,140,10,6,False,False,,,False
92230119,527.8,WIN,False,85,16,DAMAGE_COUNTER_ANY,5,TARGET_SELECTION,,,CARD,0,0,121,310,320,2,True,5,4,False,True,1,1,2,140,10,6,140,10,6,False,False,,,False
92230119,527.8,WIN,False,86,16,DAMAGE_COUNTER_ANY,5,TARGET_SELECTION,,,,0,0,121,310,320,2,True,5,4,False,True,1,1,2,140,10,6,140,10,6,False,False,,,False
92230119,527.8,WIN,False,87,18,MAIN,8,RESOURCE_MANAGEMENT,ABILITY,,ABILITY,1,0,121,310,320,2,True,5,4,True,True,1,1,2,140,10,6,140,10,6,False,False,,,False
92230119,527.8,WIN,False,88,18,TO_HAND,2,RESOURCE_MANAGEMENT,,,CARD,0,0,121,310,320,2,True,5,4,False,True,1,1,2,140,10,6,140,10,6,False,False,,,False
92230119,527.8,WIN,False,89,18,MAIN,8,RESOURCE_MANAGEMENT,PLAY_SUPPORTER,1227,PLAY,1,0,121,310,320,2,True,5,4,True,True,1,1,2,140,10,6,140,10,6,False,False,,,False
92230119,527.8,WIN,False,90,18,MAIN,6,RESOURCE_MANAGEMENT,PLAY_STADIUM,1256,PLAY,1,0,121,310,320,2,True,5,4,True,True,1,1,2,140,10,6,140,10,6,False,False,,,False
92230119,527.8,WIN,False,91,18,MAIN,6,RESOURCE_MANAGEMENT,PLAY_ITEM,1120,PLAY,2,0,121,310,320,2,True,5,4,True,True,1,1,2,140,10,6,140,10,6,False,False,,,False
92230119,527.8,WIN,False,92,18,MAIN,5,ATTACK_SELECTION,ATTACK,,ATTACK,2,1,121,310,320,2,True,5,4,True,True,1,1,2,140,10,6,140,0,6,False,False,,,False
92230119,527.8,WIN,False,93,18,DAMAGE_COUNTER_ANY,5,TARGET_SELECTION,,,CARD,0,0,121,310,320,2,True,5,4,False,True,1,1,2,140,0,6,140,0,6,False,False,,,False
92230119,527.8,WIN,False,94,18,DAMAGE_COUNTER_ANY,5,TARGET_SELECTION,,,CARD,0,0,121,310,320,2,True,5,4,False,True,1,1,2,140,0,6,140,0,6,False,False,,,False
92230119,527.8,WIN,False,95,18,DAMAGE_COUNTER_ANY,5,TARGET_SELECTION,,,CARD,0,0,121,310,320,2,True,5,4,False,True,1,1,2,140,0,6,140,0,6,False,False,,,False
92230119,527.8,WIN,False,96,18,DAMAGE_COUNTER_ANY,5,TARGET_SELECTION,,,CARD,0,0,121,310,320,2,True,5,4,False,True,1,1,2,140,0,6,140,0,6,False,False,,,False
92230119,527.8,WIN,False,97,18,DAMAGE_COUNTER_ANY,5,TARGET_SELECTION,,,CARD,0,0,121,310,320,2,True,5,4,False,True,1,1,2,140,0,6,140,0,6,False,False,,,False
92230119,527.8,WIN,False,98,18,DAMAGE_COUNTER_ANY,5,TARGET_SELECTION,,,CARD,0,0,121,310,320,2,True,5,4,False,True,1,1,2,140,0,6,,,6,False,False,,,False
92230119,527.8,WIN,False,99,18,TO_HAND,4,RESOURCE_MANAGEMENT,,,,0,0,121,310,320,2,True,5,4,False,True,1,1,2,,,6,743,40,4,,,,,False
92230119,527.8,WIN,False,100,19,TO_ACTIVE,5,ACTIVE_POKEMON_SELECTION,,,CARD,0,0,,,,,False,5,2,False,True,,,2,743,40,4,743,40,4,,,,,True
92230119,527.8,WIN,False,101,20,MAIN,19,ENERGY_MANAGEMENT,ATTACH_ENERGY,,ATTACH,1,0,235,20,30,1,True,4,2,True,True,0,0,1,743,40,4,743,40,4,False,False,Powerful Hand,0,False
92230119,527.8,WIN,False,102,20,MAIN,14,RESOURCE_MANAGEMENT,PLAY_POKEMON,119,PLAY,1,0,235,20,30,1,True,4,2,True,True,0,0,1,743,40,4,743,40,4,False,False,Powerful Hand,0,False
92230119,527.8,WIN,False,103,20,MAIN,13,RESOURCE_MANAGEMENT,ABILITY,,ABILITY,1,0,235,20,30,1,True,5,2,True,True,0,0,1,743,40,4,743,40,4,False,False,Powerful Hand,0,False
92230119,527.8,WIN,False,104,20,TO_HAND,2,RESOURCE_MANAGEMENT,,,CARD,0,0,235,20,30,1,True,5,2,False,True,0,0,1,743,40,4,743,40,4,False,False,Powerful Hand,0,False
92230119,527.8,WIN,False,105,20,MAIN,13,RESOURCE_MANAGEMENT,ABILITY,,ABILITY,1,0,235,20,30,1,True,5,2,True,True,0,0,1,743,40,4,743,40,4,False,False,Powerful Hand,0,False
92230119,527.8,WIN,False,106,20,MAIN,14,RESOURCE_MANAGEMENT,PLAY_SUPPORTER,1182,PLAY,1,0,235,20,30,1,True,5,2,True,True,0,0,1,743,40,4,743,40,4,False,False,Powerful Hand,0,False
92230119,527.8,WIN,False,107,20,SWITCH,4,ACTIVE_POKEMON_SELECTION,,,CARD,0,0,235,20,30,1,True,5,2,False,True,0,0,1,743,40,4,743,140,4,False,False,Powerful Hand,0,False
92230119,527.8,WIN,False,108,20,MAIN,12,ENERGY_MANAGEMENT,ATTACH_ENERGY,,ATTACH,1,0,235,20,30,1,True,5,2,True,True,0,0,1,743,140,4,743,140,4,False,False,,,False
92230119,527.8,WIN,False,109,20,MAIN,6,RESOURCE_MANAGEMENT,PLAY_ITEM,1080,PLAY,1,0,235,20,30,1,True,5,2,True,True,0,0,2,743,140,4,743,140,4,False,False,,,False
92230119,527.8,WIN,False,110,20,MAIN,4,RETREAT_SELECTION,RETREAT,,RETREAT,1,0,235,20,30,1,True,5,2,True,True,0,0,2,743,140,4,743,140,4,False,False,,,False
92230119,527.8,WIN,False,111,20,SWITCH,5,ACTIVE_POKEMON_SELECTION,,,CARD,0,0,235,20,30,1,True,5,2,False,True,0,0,2,743,140,4,743,140,4,False,False,,,False
92230119,527.8,WIN,False,112,20,MAIN,4,ATTACK_SELECTION,ATTACK,,ATTACK,2,1,121,310,320,2,True,5,2,False,True,1,1,2,743,140,4,743,0,4,False,False,,,True
92230119,527.8,WIN,False,113,20,DAMAGE_COUNTER_ANY,4,TARGET_SELECTION,,,CARD,0,0,121,310,320,2,True,5,2,False,True,1,1,2,743,0,4,743,0,4,False,False,,,False
92230119,527.8,WIN,False,114,20,DAMAGE_COUNTER_ANY,4,TARGET_SELECTION,,,CARD,0,0,121,310,320,2,True,5,2,False,True,1,1,2,743,0,4,743,0,4,False,False,,,False
92230119,527.8,WIN,False,115,20,DAMAGE_COUNTER_ANY,4,TARGET_SELECTION,,,CARD,0,0,121,310,320,2,True,5,2,False,True,1,1,2,743,0,4,743,0,4,False,False,,,False
92230119,527.8,WIN,False,116,20,DAMAGE_COUNTER_ANY,4,TARGET_SELECTION,,,CARD,0,0,121,310,320,2,True,5,2,False,True,1,1,2,743,0,4,743,0,4,False,False,,,False
92230119,527.8,WIN,False,117,20,DAMAGE_COUNTER_ANY,4,TARGET_SELECTION,,,CARD,0,0,121,310,320,2,True,5,2,False,True,1,1,2,743,0,4,743,0,4,False,False,,,False
92230119,527.8,WIN,False,118,20,DAMAGE_COUNTER_ANY,4,TARGET_SELECTION,,,CARD,0,0,121,310,320,2,True,5,2,False,True,1,1,2,743,0,4,,,4,False,False,,,False
92230119,527.8,WIN,False,119,20,TO_HAND,2,RESOURCE_MANAGEMENT,,,CARD,0,0,121,310,320,2,True,5,2,False,True,1,1,2,,,4,,,4,,,,,False
92231060,521.2,WIN,True,0,,,0,UNKNOWN,,,,0,0,,,,,False,,,False,False,,,0,,,,,,,,,,,False
92231060,521.2,WIN,True,1,,,0,UNKNOWN,,,,0,0,,,,,False,,,False,False,,,0,,,,,,0,,,,,False
92231060,521.2,WIN,True,2,0,IS_FIRST,2,GOING_FIRST_SECOND,,,YES,0,0,,,,,False,0,0,False,False,,,0,,,0,,,0,,,,,False
92231060,521.2,WIN,True,3,0,SETUP_ACTIVE_POKEMON,1,EARLY_GAME_SETUP,,,,0,0,,,,,False,0,0,False,False,,,0,,,0,305,70,6,,,,,False
92231060,521.2,WIN,True,4,1,MAIN,5,RESOURCE_MANAGEMENT,PLAY_POKEMON,119,PLAY,0,0,119,70,70,1,False,0,6,False,False,1,0,0,305,70,6,305,70,6,False,False,,,False
92231060,521.2,WIN,True,5,1,MAIN,6,ENERGY_MANAGEMENT,ATTACH_ENERGY,,ATTACH,0,0,119,70,70,1,False,1,6,False,True,1,0,0,305,70,6,305,70,6,False,False,,,False
92231060,521.2,WIN,True,6,1,MAIN,2,TIMING,,,,0,0,119,70,70,1,False,1,6,False,True,1,0,1,305,70,6,305,70,6,False,False,,,False
92231060,521.2,WIN,True,7,3,MAIN,8,RESOURCE_MANAGEMENT,PLAY_POKEMON,235,PLAY,0,0,119,70,70,1,False,1,6,False,True,1,0,1,305,70,6,305,70,6,False,False,,,False
92231060,521.2,WIN,True,8,3,MAIN,8,BENCH_MANAGEMENT,EVOLVE,,EVOLVE,0,0,119,70,70,1,False,2,6,False,True,1,0,2,305,70,6,305,70,6,False,False,,,False
92231060,521.2,WIN,True,9,3,MAIN,7,RESOURCE_MANAGEMENT,ABILITY,,ABILITY,0,0,119,70,70,1,False,2,6,False,True,1,0,1,305,70,6,305,70,6,False,False,,,False
92231060,521.2,WIN,True,10,3,TO_HAND,2,RESOURCE_MANAGEMENT,,,CARD,0,0,119,70,70,1,False,2,6,False,True,1,0,1,305,70,6,305,70,6,False,False,,,False
92231060,521.2,WIN,True,11,3,MAIN,7,RESOURCE_MANAGEMENT,PLAY_ITEM,1086,PLAY,0,0,119,70,70,1,False,2,6,False,True,1,0,1,305,70,6,305,70,6,False,False,,,False
92231060,521.2,WIN,True,12,3,TO_BENCH,3,BENCH_MANAGEMENT,,,CARD;CARD,0,0,119,70,70,1,False,2,6,False,True,1,0,1,305,70,6,305,70,6,False,False,,,False
92231060,521.2,WIN,True,13,3,MAIN,8,ENERGY_MANAGEMENT,ATTACH_ENERGY,,ATTACH,0,0,119,70,70,1,False,4,6,False,True,1,0,1,305,70,6,305,70,6,False,False,,,False
92231060,521.2,WIN,True,14,3,MAIN,3,RESOURCE_MANAGEMENT,PLAY_SUPPORTER,1227,PLAY,0,0,119,70,70,1,False,4,6,False,True,1,0,2,305,70,6,305,70,6,False,False,,,False
92231060,521.2,WIN,True,15,3,MAIN,6,RESOURCE_MANAGEMENT,PLAY_STADIUM,1256,PLAY,0,0,119,70,70,1,False,4,6,False,True,1,0,2,305,70,6,305,70,6,False,False,,,False
92231060,521.2,WIN,True,16,3,MAIN,5,RESOURCE_MANAGEMENT,PLAY_POKEMON,184,PLAY,0,0,119,70,70,1,False,4,6,False,True,1,0,2,305,70,6,305,70,6,False,False,,,False
92231060,521.2,WIN,True,17,3,MAIN,4,RESOURCE_MANAGEMENT,PLAY_ITEM,1120,PLAY,0,0,119,70,70,1,False,5,6,True,True,1,0,2,305,70,6,305,70,6,False,False,,,False
92231060,521.2,WIN,True,18,3,DISCARD_ENERGY,1,ENERGY_MANAGEMENT,,,ENERGY,0,0,119,70,70,1,False,5,6,False,True,1,0,2,305,70,6,305,70,6,False,False,,,False
92231060,521.2,WIN,True,19,3,MAIN,3,RETREAT_SELECTION,RETREAT,,RETREAT,0,0,119,70,70,1,False,5,6,True,True,1,0,2,305,70,6,305,70,6,False,False,,,False
92231060,521.2,WIN,True,20,3,SWITCH,5,ACTIVE_POKEMON_SELECTION,,,CARD,0,0,119,70,70,1,False,5,6,False,True,1,0,2,305,70,6,305,70,6,False,False,,,False
92231060,521.2,WIN,True,21,3,MAIN,3,TIMING,,,,1,0,235,30,30,1,False,5,6,False,True,0,0,1,305,70,6,305,60,6,False,False,,,True
92231060,521.2,WIN,True,22,5,MAIN,19,RESOURCE_MANAGEMENT,ABILITY,,ABILITY,1,0,235,30,30,1,False,5,6,True,True,0,0,1,305,60,6,305,60,6,False,False,,,False
92231060,521.2,WIN,True,23,5,TO_HAND,2,RESOURCE_MANAGEMENT,,,CARD,0,0,235,30,30,1,False,5,6,False,True,0,0,1,305,60,6,305,60,6,False,False,,,False
92231060,521.2,WIN,True,24,5,MAIN,18,RESOURCE_MANAGEMENT,PLAY_SUPPORTER,1210,PLAY,1,0,235,30,30,1,False,5,6,True,True,0,0,1,305,60,6,305,60,6,False,False,,,False
92231060,521.2,WIN,True,25,5,TO_HAND,6,RESOURCE_MANAGEMENT,,,CARD,0,0,235,30,30,1,False,5,6,False,True,0,0,1,305,60,6,305,60,6,False,False,,,False
92231060,521.2,WIN,True,26,5,MAIN,17,BENCH_MANAGEMENT,EVOLVE,,EVOLVE,1,0,235,30,30,1,False,5,6,True,True,0,0,1,305,60,6,305,60,6,False,False,,,False
92231060,521.2,WIN,True,27,5,MAIN,16,ENERGY_MANAGEMENT,ATTACH_ENERGY,,ATTACH,1,0,235,30,30,1,False,5,6,True,True,0,0,2,305,60,6,305,60,6,False,False,,,False
92231060,521.2,WIN,True,28,5,MAIN,4,RETREAT_SELECTION,RETREAT,,RETREAT,1,0,235,30,30,1,False,5,6,True,True,0,0,2,305,60,6,305,60,6,False,False,,,False
92231060,521.2,WIN,True,29,5,SWITCH,5,ACTIVE_POKEMON_SELECTION,,,CARD,0,0,235,30,30,1,False,5,6,False,True,0,0,2,305,60,6,305,60,6,False,False,,,False
92231060,521.2,WIN,True,30,5,MAIN,4,ATTACK_SELECTION,ATTACK,,ATTACK,2,1,121,320,320,2,False,5,6,False,True,1,1,2,305,60,6,305,0,6,False,False,,,True
92231060,521.2,WIN,True,31,5,DAMAGE_COUNTER_ANY,3,TARGET_SELECTION,,,CARD,0,0,121,320,320,2,False,5,6,False,True,1,1,2,305,0,6,305,0,6,False,False,,,False
92231060,521.2,WIN,True,32,5,DAMAGE_COUNTER_ANY,3,TARGET_SELECTION,,,CARD,0,0,121,320,320,2,False,5,6,False,True,1,1,2,305,0,6,305,0,6,False,False,,,False
92231060,521.2,WIN,True,33,5,DAMAGE_COUNTER_ANY,3,TARGET_SELECTION,,,CARD,0,0,121,320,320,2,False,5,6,False,True,1,1,2,305,0,6,305,0,6,False,False,,,False
92231060,521.2,WIN,True,34,5,DAMAGE_COUNTER_ANY,3,TARGET_SELECTION,,,CARD,0,0,121,320,320,2,False,5,6,False,True,1,1,2,305,0,6,305,0,6,False,False,,,False
92231060,521.2,WIN,True,35,5,DAMAGE_COUNTER_ANY,3,TARGET_SELECTION,,,CARD,0,0,121,320,320,2,False,5,6,False,True,1,1,2,305,0,6,305,0,6,False,False,,,False
92231060,521.2,WIN,True,36,5,DAMAGE_COUNTER_ANY,3,TARGET_SELECTION,,,CARD,0,0,121,320,320,2,False,5,6,False,True,1,1,2,305,0,6,,,6,False,False,,,False
92231060,521.2,WIN,True,37,5,TO_HAND,6,RESOURCE_MANAGEMENT,,,,0,0,121,320,320,2,False,5,6,False,True,1,1,2,,,6,743,140,6,,,,,False
92231060,521.2,WIN,True,38,7,MAIN,18,RESOURCE_MANAGEMENT,PLAY_SUPPORTER,1210,PLAY,2,0,121,120,320,2,True,5,5,True,True,1,1,2,743,140,6,743,140,6,False,False,Powerful Hand,0,False
92231060,521.2,WIN,True,39,7,TO_HAND,5,RESOURCE_MANAGEMENT,,,CARD,0,0,121,120,320,2,True,5,5,False,True,1,1,2,743,140,6,743,140,6,False,False,Powerful Hand,0,False
92231060,521.2,WIN,True,40,7,MAIN,20,BENCH_MANAGEMENT,EVOLVE,,EVOLVE,2,0,121,120,320,2,True,5,5,True,True,1,1,2,743,140,6,743,140,6,False,False,Powerful Hand,0,False
92231060,521.2,WIN,True,41,7,MAIN,18,RESOURCE_MANAGEMENT,ABILITY,,ABILITY,2,0,121,120,320,2,True,5,5,True,True,1,1,1,743,140,6,743,140,6,False,False,Powerful Hand,0,False
92231060,521.2,WIN,True,42,7,TO_HAND,2,RESOURCE_MANAGEMENT,,,CARD,0,0,121,120,320,2,True,5,5,False,True,1,1,1,743,140,6,743,140,6,False,False,Powerful Hand,0,False
92231060,521.2,WIN,True,43,7,MAIN,18,ENERGY_MANAGEMENT,ATTACH_ENERGY,,ATTACH,2,0,121,120,320,2,True,5,5,True,True,1,1,1,743,140,6,743,140,6,False,False,Powerful Hand,0,False
92231060,521.2,WIN,True,44,7,MAIN,6,ATTACK_SELECTION,ATTACK,,ATTACK,2,1,121,120,320,2,True,5,5,True,True,1,1,2,743,140,6,743,0,6,False,False,Powerful Hand,0,False
92231060,521.2,WIN,True,45,7,DAMAGE_COUNTER_ANY,3,TARGET_SELECTION,,,CARD,0,0,121,120,320,2,True,5,5,False,True,1,1,2,743,0,6,743,0,6,False,False,Powerful Hand,0,False
92231060,521.2,WIN,True,46,7,DAMAGE_COUNTER_ANY,3,TARGET_SELECTION,,,CARD,0,0,121,120,320,2,True,5,5,False,True,1,1,2,743,0,6,743,0,6,False,False,Powerful Hand,0,False
92231060,521.2,WIN,True,47,7,DAMAGE_COUNTER_ANY,3,TARGET_SELECTION,,,CARD,0,0,121,120,320,2,True,5,5,False,True,1,1,2,743,0,6,743,0,6,False,False,Powerful Hand,0,False
92231060,521.2,WIN,True,48,7,DAMAGE_COUNTER_ANY,3,TARGET_SELECTION,,,CARD,0,0,121,120,320,2,True,5,5,False,True,1,1,2,743,0,6,743,0,6,False,False,Powerful Hand,0,False
92231060,521.2,WIN,True,49,7,DAMAGE_COUNTER_ANY,3,TARGET_SELECTION,,,CARD,0,0,121,120,320,2,True,5,5,False,True,1,1,2,743,0,6,743,0,6,False,False,Powerful Hand,0,False
92231060,521.2,WIN,True,50,7,DAMAGE_COUNTER_ANY,3,TARGET_SELECTION,,,CARD,0,0,121,120,320,2,True,5,5,False,True,1,1,2,743,0,6,,,6,False,False,Powerful Hand,0,False
92231060,521.2,WIN,True,51,7,TO_HAND,5,RESOURCE_MANAGEMENT,,,,0,0,121,120,320,2,True,5,5,False,True,1,1,2,,,6,743,140,4,,,,,False
92231060,521.2,WIN,True,52,8,TO_ACTIVE,5,ACTIVE_POKEMON_SELECTION,,,CARD,0,0,,,,,False,5,4,False,True,,,2,743,140,4,743,140,4,,,,,True
92231060,521.2,WIN,True,53,9,MAIN,16,RESOURCE_MANAGEMENT,PLAY_POKEMON,140,PLAY,1,0,235,30,30,1,False,4,4,True,True,0,0,1,743,140,4,743,140,4,False,False,Powerful Hand,0,False
92231060,521.2,WIN,True,54,9,MAIN,15,RESOURCE_MANAGEMENT,PLAY_ITEM,1121,PLAY,1,0,235,30,30,1,False,5,4,True,True,0,0,1,743,140,4,743,140,4,False,False,Powerful Hand,0,False
92231060,521.2,WIN,True,55,9,DISCARD,6,RESOURCE_MANAGEMENT,,,CARD;CARD,0,0,235,30,30,1,False,5,4,False,True,0,0,1,743,140,4,743,140,4,False,False,Powerful Hand,0,False
92231060,521.2,WIN,True,56,9,TO_HAND,4,RESOURCE_MANAGEMENT,,,CARD,0,0,235,30,30,1,False,5,4,False,True,0,0,1,743,140,4,743,140,4,False,False,Powerful Hand,0,False
92231060,521.2,WIN,True,57,9,MAIN,14,BENCH_MANAGEMENT,EVOLVE,,EVOLVE,1,0,235,30,30,1,False,5,4,True,True,0,0,1,743,140,4,743,140,4,False,False,Powerful Hand,0,False
92231060,521.2,WIN,True,58,9,MAIN,12,RESOURCE_MANAGEMENT,PLAY_ITEM,1097,PLAY,1,0,235,30,30,1,False,5,4,True,True,0,0,2,743,140,4,743,140,4,False,False,Powerful Hand,0,False
92231060,521.2,WIN,True,59,9,TO_HAND,5,RESOURCE_MANAGEMENT,,,CARD,0,0,235,30,30,1,False,5,4,False,True,0,0,2,743,140,4,743,140,4,False,False,Powerful Hand,0,False
92231060,521.2,WIN,True,60,9,MAIN,13,RESOURCE_MANAGEMENT,ABILITY,,ABILITY,1,0,235,30,30,1,False,5,4,True,True,0,0,2,743,140,4,743,140,4,False,False,Powerful Hand,0,False
92231060,521.2,WIN,True,61,9,MAIN,19,RESOURCE_MANAGEMENT,PLAY_STADIUM,1256,PLAY,1,0,235,30,30,1,False,5,4,True,True,0,0,2,743,140,4,743,140,4,False,False,Powerful Hand,0,False
92231060,521.2,WIN,True,62,9,MAIN,18,ENERGY_MANAGEMENT,ATTACH_ENERGY,,ATTACH,1,0,235,30,30,1,False,5,4,True,True,0,0,2,743,140,4,743,140,4,False,False,Powerful Hand,0,False
92231060,521.2,WIN,True,63,9,MAIN,12,BENCH_MANAGEMENT,EVOLVE,,EVOLVE,1,0,235,30,30,1,False,5,4,True,True,0,0,2,743,140,4,743,140,4,False,False,Powerful Hand,0,False
92231060,521.2,WIN,True,64,9,MAIN,11,RESOURCE_MANAGEMENT,ABILITY,,ABILITY,1,0,235,30,30,1,False,5,4,True,True,0,0,1,743,140,4,743,140,4,False,False,Powerful Hand,0,False
92231060,521.2,WIN,True,65,9,TO_HAND,2,RESOURCE_MANAGEMENT,,,CARD,0,0,235,30,30,1,False,5,4,False,True,0,0,1,743,140,4,743,140,4,False,False,Powerful Hand,0,False
92231060,521.2,WIN,True,66,9,MAIN,11,ENERGY_MANAGEMENT,ATTACH_ENERGY,,ATTACH,1,0,235,30,30,1,False,5,4,True,True,0,0,1,743,140,4,743,140,4,False,False,Powerful Hand,0,False
92231060,521.2,WIN,True,67,9,MAIN,5,RESOURCE_MANAGEMENT,PLAY_ITEM,1080,PLAY,1,0,235,30,30,1,False,5,4,True,True,0,0,1,743,140,4,743,140,4,False,False,Powerful Hand,0,False
92231060,521.2,WIN,True,68,9,MAIN,7,RESOURCE_MANAGEMENT,PLAY_ITEM,1120,PLAY,1,0,235,30,30,1,False,5,4,True,True,0,0,1,743,140,4,743,140,4,False,False,Powerful Hand,0,False
92231060,521.2,WIN,True,69,9,MAIN,6,RESOURCE_MANAGEMENT,PLAY_SUPPORTER,1227,PLAY,1,0,235,30,30,1,False,5,4,True,True,0,0,1,743,140,4,743,140,4,False,False,Powerful Hand,0,False
92231060,521.2,WIN,True,70,9,MAIN,6,RESOURCE_MANAGEMENT,PLAY_ITEM,1152,PLAY,1,0,235,30,30,1,False,5,4,True,True,0,0,1,743,140,4,743,140,4,False,False,Powerful Hand,0,False
92231060,521.2,WIN,True,71,9,TO_HAND,2,RESOURCE_MANAGEMENT,,,CARD,0,0,235,30,30,1,False,5,4,False,True,0,0,1,743,140,4,743,140,4,False,False,Powerful Hand,0,False
92231060,521.2,WIN,True,72,9,MAIN,6,RESOURCE_MANAGEMENT,PLAY_ITEM,1120,PLAY,1,0,235,30,30,1,False,5,4,True,True,0,0,1,743,140,4,743,140,4,False,False,Powerful Hand,0,False
92231060,521.2,WIN,True,73,9,DISCARD_ENERGY,2,ENERGY_MANAGEMENT,,,ENERGY,0,0,235,30,30,1,False,5,4,False,True,0,0,1,743,140,4,743,140,4,False,False,Powerful Hand,0,False
92231060,521.2,WIN,True,74,9,MAIN,5,BENCH_MANAGEMENT,EVOLVE,,EVOLVE,1,0,235,30,30,1,False,5,4,True,True,0,0,1,743,140,4,743,140,4,False,False,Powerful Hand,0,False
92231060,521.2,WIN,True,75,9,MAIN,5,RESOURCE_MANAGEMENT,ABILITY,,ABILITY,1,0,235,30,30,1,False,5,4,True,True,0,0,1,743,140,4,743,140,4,False,False,Powerful Hand,0,False
92231060,521.2,WIN,True,76,9,TO_HAND,2,RESOURCE_MANAGEMENT,,,CARD,0,0,235,30,30,1,False,5,4,False,True,0,0,1,743,140,4,743,140,4,False,False,Powerful Hand,0,False
92231060,521.2,WIN,True,77,9,MAIN,4,RETREAT_SELECTION,RETREAT,,RETREAT,1,0,235,30,30,1,False,5,4,True,True,0,0,1,743,140,4,743,140,4,False,False,Powerful Hand,0,False
92231060,521.2,WIN,True,78,9,SWITCH,5,ACTIVE_POKEMON_SELECTION,,,CARD,0,0,235,30,30,1,False,5,4,False,True,0,0,1,743,140,4,743,140,4,False,False,Powerful Hand,0,False
92231060,521.2,WIN,True,79,9,MAIN,4,ATTACK_SELECTION,ATTACK,,ATTACK,2,1,121,320,320,2,False,5,4,False,True,1,1,1,743,140,4,743,0,4,False,False,Powerful Hand,0,True
92231060,521.2,WIN,True,80,9,DAMAGE_COUNTER_ANY,3,TARGET_SELECTION,,,CARD,0,0,121,320,320,2,False,5,4,False,True,1,1,1,743,0,4,743,0,4,False,False,Powerful Hand,0,False
92231060,521.2,WIN,True,81,9,DAMAGE_COUNTER_ANY,3,TARGET_SELECTION,,,CARD,0,0,121,320,320,2,False,5,4,False,True,1,1,1,743,0,4,743,0,4,False,False,Powerful Hand,0,False
92231060,521.2,WIN,True,82,9,DAMAGE_COUNTER_ANY,3,TARGET_SELECTION,,,CARD,0,0,121,320,320,2,False,5,4,False,True,1,1,1,743,0,4,743,0,4,False,False,Powerful Hand,0,False
92231060,521.2,WIN,True,83,9,DAMAGE_COUNTER_ANY,3,TARGET_SELECTION,,,CARD,0,0,121,320,320,2,False,5,4,False,True,1,1,1,743,0,4,743,0,4,False,False,Powerful Hand,0,False
92231060,521.2,WIN,True,84,9,DAMAGE_COUNTER_ANY,3,TARGET_SELECTION,,,CARD,0,0,121,320,320,2,False,5,4,False,True,1,1,1,743,0,4,743,0,4,False,False,Powerful Hand,0,False
92231060,521.2,WIN,True,85,9,DAMAGE_COUNTER_ANY,3,TARGET_SELECTION,,,CARD,0,0,121,320,320,2,False,5,4,False,True,1,1,1,743,0,4,,,4,False,False,Powerful Hand,0,False
92231060,521.2,WIN,True,86,9,TO_HAND,4,RESOURCE_MANAGEMENT,,,,0,0,121,320,320,2,False,5,4,False,True,1,1,1,,,4,743,140,4,,,,,False
92231060,521.2,WIN,True,87,11,MAIN,23,BENCH_MANAGEMENT,EVOLVE,,EVOLVE,2,0,121,320,320,2,False,5,3,True,True,1,1,1,743,140,4,743,140,4,False,False,,,False
92231060,521.2,WIN,True,88,11,MAIN,20,RESOURCE_MANAGEMENT,ABILITY,,ABILITY,2,0,121,320,320,2,False,5,3,True,True,1,1,2,743,140,4,743,140,4,False,False,,,False
92231060,521.2,WIN,True,89,11,TO_HAND,2,RESOURCE_MANAGEMENT,,,CARD,0,0,121,320,320,2,False,5,3,False,True,1,1,2,743,140,4,743,140,4,False,False,,,False
92231060,521.2,WIN,True,90,11,MAIN,19,RESOURCE_MANAGEMENT,PLAY_SUPPORTER,1182,PLAY,2,0,121,320,320,2,False,5,3,True,True,1,1,2,743,140,4,743,140,4,False,False,,,False
92231060,521.2,WIN,True,91,11,SWITCH,3,ACTIVE_POKEMON_SELECTION,,,CARD,0,0,121,320,320,2,False,5,3,False,True,1,1,2,743,140,4,272,190,4,False,False,,,False
92231060,521.2,WIN,True,92,11,MAIN,17,ENERGY_MANAGEMENT,ATTACH_ENERGY,,ATTACH,2,0,121,320,320,2,False,5,3,True,True,1,1,2,272,190,4,272,190,4,False,False,,,False
92231060,521.2,WIN,True,93,11,MAIN,5,ATTACK_SELECTION,ATTACK,,ATTACK,2,1,121,320,320,2,False,5,3,True,True,1,1,2,272,190,4,272,0,4,False,False,,,False
92231060,521.2,WIN,True,94,11,DAMAGE_COUNTER_ANY,3,TARGET_SELECTION,,,CARD,0,0,121,320,320,2,False,5,3,False,True,1,1,2,272,0,4,272,0,4,False,False,,,False
92231060,521.2,WIN,True,95,11,DAMAGE_COUNTER_ANY,3,TARGET_SELECTION,,,CARD,0,0,121,320,320,2,False,5,3,False,True,1,1,2,272,0,4,272,0,4,False,False,,,False
92231060,521.2,WIN,True,96,11,DAMAGE_COUNTER_ANY,3,TARGET_SELECTION,,,CARD,0,0,121,320,320,2,False,5,3,False,True,1,1,2,272,0,4,272,0,4,False,False,,,False
92231060,521.2,WIN,True,97,11,DAMAGE_COUNTER_ANY,3,TARGET_SELECTION,,,CARD,0,0,121,320,320,2,False,5,3,False,True,1,1,2,272,0,4,272,0,4,False,False,,,False
92231060,521.2,WIN,True,98,11,DAMAGE_COUNTER_ANY,3,TARGET_SELECTION,,,CARD,0,0,121,320,320,2,False,5,3,False,True,1,1,2,272,0,4,272,0,4,False,False,,,False
92231060,521.2,WIN,True,99,11,DAMAGE_COUNTER_ANY,3,TARGET_SELECTION,,,CARD,0,0,121,320,320,2,False,5,3,False,True,1,1,2,272,0,4,,,4,False,False,,,False
92231060,521.2,WIN,True,100,11,TO_HAND,3,RESOURCE_MANAGEMENT,,,CARD;CARD,0,0,121,320,320,2,False,5,3,False,True,1,1,2,,,4,,,4,,,,,False
92232003,610.3,WIN,False,0,,,0,UNKNOWN,,,,0,0,,,,,False,,,False,False,,,0,,,,,,,,,,,False
92232003,610.3,WIN,False,1,,,0,UNKNOWN,,,,0,0,,,,,False,,,False,False,,,0,,,,,,6,,,,,False
92232003,610.3,WIN,False,2,0,SETUP_ACTIVE_POKEMON,2,EARLY_GAME_SETUP,,,,0,0,,,,,False,0,0,False,False,,,0,,,6,,,6,,,,,False
92232003,610.3,WIN,False,3,0,SETUP_BENCH_POKEMON,1,BENCH_MANAGEMENT,,,,0,0,,,,,False,0,6,False,False,,,0,,,6,1030,70,6,,,,,False
92232003,610.3,WIN,False,4,2,MAIN,9,RESOURCE_MANAGEMENT,PLAY_ITEM,1120,PLAY,1,0,235,30,30,1,False,1,6,True,True,0,0,0,1030,70,6,1030,70,6,False,False,Water Gun,20,False
92232003,610.3,WIN,False,5,2,MAIN,8,ENERGY_MANAGEMENT,ATTACH_ENERGY,,ATTACH,1,0,235,30,30,1,False,1,6,True,True,0,0,0,1030,70,6,1030,70,6,False,False,Water Gun,20,False
92232003,610.3,WIN,False,6,2,MAIN,6,RESOURCE_MANAGEMENT,PLAY_SUPPORTER,1227,PLAY,1,0,235,30,30,1,False,1,6,True,True,0,0,1,1030,70,6,1030,70,6,False,False,Water Gun,20,False
92232003,610.3,WIN,False,7,2,MAIN,6,RESOURCE_MANAGEMENT,PLAY_ITEM,1086,PLAY,1,0,235,30,30,1,False,1,6,True,True,0,0,1,1030,70,6,1030,70,6,False,False,Water Gun,20,False
92232003,610.3,WIN,False,8,2,TO_BENCH,2,BENCH_MANAGEMENT,,,CARD;CARD,0,0,235,30,30,1,False,1,6,False,True,0,0,1,1030,70,6,1030,70,6,False,False,Water Gun,20,False
92232003,610.3,WIN,False,9,2,MAIN,5,TIMING,,,,1,0,235,30,30,1,False,3,6,True,True,0,0,1,1030,70,6,1031,320,5,False,False,Water Gun,20,False
92232003,610.3,WIN,False,10,3,TO_ACTIVE,3,ACTIVE_POKEMON_SELECTION,,,CARD,0,0,,,,,False,3,6,False,True,,,1,1031,320,5,1031,320,5,,,,,True
92232003,610.3,WIN,False,11,4,MAIN,14,ENERGY_MANAGEMENT,ATTACH_ENERGY,,ATTACH,1,0,119,20,70,1,True,2,6,True,True,1,1,0,1031,320,5,1031,320,5,True,False,Jetting Blow,120,False
92232003,610.3,WIN,False,12,4,MAIN,11,RESOURCE_MANAGEMENT,PLAY_ITEM,1097,PLAY,1,0,119,20,70,1,True,2,6,True,True,1,1,0,1031,320,5,1031,320,5,True,False,Jetting Blow,120,False
92232003,610.3,WIN,False,13,4,TO_HAND,1,RESOURCE_MANAGEMENT,,,CARD,0,0,119,20,70,1,True,2,6,False,True,1,1,0,1031,320,5,1031,320,5,True,False,Jetting Blow,120,False
92232003,610.3,WIN,False,14,4,MAIN,11,RESOURCE_MANAGEMENT,PLAY_POKEMON,235,PLAY,1,0,119,20,70,1,True,2,6,True,True,1,1,0,1031,320,5,1031,320,5,True,False,Jetting Blow,120,False
92232003,610.3,WIN,False,15,4,MAIN,11,ENERGY_MANAGEMENT,ATTACH_ENERGY,,ATTACH,1,0,119,20,70,1,True,3,6,True,True,1,1,1,1031,320,5,1031,320,5,True,False,Jetting Blow,120,False
92232003,610.3,WIN,False,16,4,MAIN,7,RESOURCE_MANAGEMENT,PLAY_SUPPORTER,1227,PLAY,1,0,119,20,70,1,True,3,6,True,True,1,1,1,1031,320,5,1031,320,5,True,False,Jetting Blow,120,False
92232003,610.3,WIN,False,17,4,MAIN,7,RESOURCE_MANAGEMENT,PLAY_POKEMON,184,PLAY,1,0,119,20,70,1,True,3,6,True,True,1,1,1,1031,320,5,1031,320,5,True,False,Jetting Blow,120,False
92232003,610.3,WIN,False,18,4,MAIN,6,RESOURCE_MANAGEMENT,PLAY_ITEM,1152,PLAY,1,0,119,20,70,1,True,4,6,True,True,1,1,1,1031,320,5,1031,320,5,True,False,Jetting Blow,120,False
92232003,610.3,WIN,False,19,4,TO_HAND,4,RESOURCE_MANAGEMENT,,,CARD,0,0,119,20,70,1,True,4,6,False,True,1,1,1,1031,320,5,1031,320,5,True,False,Jetting Blow,120,False
92232003,610.3,WIN,False,20,4,MAIN,8,RESOURCE_MANAGEMENT,PLAY_ITEM,1120,PLAY,1,0,119,20,70,1,True,4,6,True,True,1,1,1,1031,320,5,1031,320,5,True,False,Jetting Blow,120,False
92232003,610.3,WIN,False,21,4,DISCARD_ENERGY,2,ENERGY_MANAGEMENT,,,ENERGY,0,0,119,20,70,1,True,4,6,False,True,1,1,1,1031,320,5,1031,320,5,True,False,Jetting Blow,120,False
92232003,610.3,WIN,False,22,4,MAIN,7,BENCH_MANAGEMENT,EVOLVE,,EVOLVE,1,0,119,20,70,1,True,4,6,True,True,1,1,1,1031,320,5,1031,320,5,True,False,Jetting Blow,120,False
92232003,610.3,WIN,False,23,4,MAIN,4,RESOURCE_MANAGEMENT,ABILITY,,ABILITY,0,0,120,40,90,1,True,4,6,True,True,1,1,1,1031,320,5,1031,320,5,True,False,Jetting Blow,120,True
92232003,610.3,WIN,False,24,4,TO_HAND,2,RESOURCE_MANAGEMENT,,,CARD,0,0,120,40,90,1,True,4,6,False,True,1,1,1,1031,320,5,1031,320,5,True,False,Jetting Blow,120,False
92232003,610.3,WIN,False,25,4,MAIN,3,RETREAT_SELECTION,RETREAT,,RETREAT,0,0,120,40,90,1,True,4,6,True,True,1,1,1,1031,320,5,1031,320,5,True,False,Jetting Blow,120,False
92232003,610.3,WIN,False,26,4,DISCARD_ENERGY,1,ENERGY_MANAGEMENT,,,ENERGY,0,0,120,40,90,1,True,4,6,False,True,1,1,1,1031,320,5,1031,320,5,True,False,Jetting Blow,120,False
92232003,610.3,WIN,False,27,4,SWITCH,4,ACTIVE_POKEMON_SELECTION,,,CARD,0,0,120,40,90,1,True,4,6,False,True,1,0,1,1031,320,5,1031,320,5,True,False,Jetting Blow,120,False
92232003,610.3,WIN,False,28,4,MAIN,3,TIMING,,,,1,0,235,30,30,1,False,4,6,False,True,0,0,0,1031,320,5,1031,310,4,True,False,Jetting Blow,120,True
92232003,610.3,WIN,False,29,5,TO_ACTIVE,4,ACTIVE_POKEMON_SELECTION,,,CARD,0,0,,,,,False,4,6,False,True,,,0,1031,310,4,1031,310,4,,,,,True
92232003,610.3,WIN,False,30,6,MAIN,16,BENCH_MANAGEMENT,EVOLVE,,EVOLVE,0,0,119,70,70,1,False,3,6,True,True,1,1,0,1031,310,4,1031,310,4,True,False,Jetting Blow,120,False
92232003,610.3,WIN,False,31,6,MAIN,14,RESOURCE_MANAGEMENT,PLAY_ITEM,1121,PLAY,0,0,119,70,70,1,False,3,6,True,True,1,1,0,1031,310,4,1031,310,4,True,False,Jetting Blow,120,False
92232003,610.3,WIN,False,32,6,DISCARD,5,RESOURCE_MANAGEMENT,,,CARD;CARD,0,0,119,70,70,1,False,3,6,False,True,1,1,0,1031,310,4,1031,310,4,True,False,Jetting Blow,120,False
92232003,610.3,WIN,False,33,6,TO_HAND,7,RESOURCE_MANAGEMENT,,,CARD,0,0,119,70,70,1,False,3,6,False,True,1,1,0,1031,310,4,1031,310,4,True,False,Jetting Blow,120,False
92232003,610.3,WIN,False,34,6,MAIN,12,RESOURCE_MANAGEMENT,PLAY_POKEMON,140,PLAY,0,0,119,70,70,1,False,3,6,True,True,1,1,0,1031,310,4,1031,310,4,True,False,Jetting Blow,120,False
92232003,610.3,WIN,False,35,6,MAIN,14,RESOURCE_MANAGEMENT,ABILITY,,ABILITY,0,0,119,70,70,1,False,4,6,True,True,1,1,0,1031,310,4,1031,310,4,True,False,Jetting Blow,120,False
92232003,610.3,WIN,False,36,6,MAIN,16,BENCH_MANAGEMENT,EVOLVE,,EVOLVE,0,0,119,70,70,1,False,4,6,True,True,1,1,0,1031,310,4,1031,310,4,True,False,Jetting Blow,120,False
92232003,610.3,WIN,False,37,6,MAIN,15,RESOURCE_MANAGEMENT,ABILITY,,ABILITY,0,0,120,90,90,1,False,4,6,True,True,1,1,0,1031,310,4,1031,310,4,True,False,Jetting Blow,120,True
92232003,610.3,WIN,False,38,6,TO_HAND,2,RESOURCE_MANAGEMENT,,,CARD,0,0,120,90,90,1,False,4,6,False,True,1,1,0,1031,310,4,1031,310,4,True,False,Jetting Blow,120,False
92232003,610.3,WIN,False,39,6,MAIN,15,RESOURCE_MANAGEMENT,PLAY_ITEM,1079,PLAY,0,0,120,90,90,1,False,4,6,True,True,1,1,0,1031,310,4,1031,310,4,True,False,Jetting Blow,120,False
92232003,610.3,WIN,False,40,6,EVOLVE,1,BENCH_MANAGEMENT,,,EVOLVE,0,0,120,90,90,1,False,4,6,False,True,1,1,0,1031,310,4,1031,310,4,True,False,Jetting Blow,120,False
92232003,610.3,WIN,False,41,6,MAIN,14,ENERGY_MANAGEMENT,ATTACH_ENERGY,,ATTACH,0,0,120,90,90,1,False,4,6,True,True,1,1,0,1031,310,4,1031,310,4,True,False,Jetting Blow,120,False
92232003,610.3,WIN,False,42,6,MAIN,4,RESOURCE_MANAGEMENT,PLAY_ITEM,1080,PLAY,0,0,120,90,90,1,False,4,6,True,True,1,1,1,1031,310,4,1031,310,4,True,False,Jetting Blow,120,False
92232003,610.3,WIN,False,43,6,MAIN,5,RESOURCE_MANAGEMENT,PLAY_ITEM,1152,PLAY,0,0,120,90,90,1,False,4,6,True,True,1,1,1,1031,310,4,1031,310,4,True,False,Jetting Blow,120,False
92232003,610.3,WIN,False,44,6,TO_HAND,1,RESOURCE_MANAGEMENT,,,CARD,0,0,120,90,90,1,False,4,6,False,True,1,1,1,1031,310,4,1031,310,4,True,False,Jetting Blow,120,False
92232003,610.3,WIN,False,45,6,MAIN,4,RESOURCE_MANAGEMENT,PLAY_SUPPORTER,1198,PLAY,0,0,120,90,90,1,False,4,6,True,True,1,1,1,1031,310,4,1031,310,4,True,False,Jetting Blow,120,False
92232003,610.3,WIN,False,46,6,TO_HAND,3,RESOURCE_MANAGEMENT,,,CARD,0,0,120,90,90,1,False,4,6,False,True,1,1,1,1031,310,4,1031,310,4,True,False,Jetting Blow,120,False
92232003,610.3,WIN,False,47,6,ATTACH_TO,2,ENERGY_MANAGEMENT,,,CARD,0,0,120,90,90,1,False,4,6,False,True,1,1,1,1031,310,4,1031,310,4,True,False,Jetting Blow,120,False
92232003,610.3,WIN,False,48,6,ATTACH_FROM,5,ENERGY_MANAGEMENT,,,CARD,0,0,120,90,90,1,False,4,6,False,True,1,1,1,1031,310,4,1031,310,4,True,False,Jetting Blow,120,False
92232003,610.3,WIN,False,49,6,MAIN,3,RETREAT_SELECTION,RETREAT,,RETREAT,0,0,120,90,90,1,False,4,6,True,True,1,1,1,1031,310,4,1031,310,4,True,False,Jetting Blow,120,False
92232003,610.3,WIN,False,50,6,DISCARD_ENERGY,1,ENERGY_MANAGEMENT,,,ENERGY,0,0,120,90,90,1,False,4,6,False,True,1,1,1,1031,310,4,1031,310,4,True,False,Jetting Blow,120,False
92232003,610.3,WIN,False,51,6,SWITCH,4,ACTIVE_POKEMON_SELECTION,,,CARD,0,0,120,90,90,1,False,4,6,False,True,1,0,1,1031,310,4,1031,310,4,True,False,Jetting Blow,120,False
92232003,610.3,WIN,False,52,6,MAIN,4,ATTACK_SELECTION,ATTACK,,ATTACK,2,1,121,320,320,2,False,4,6,False,True,1,1,0,1031,310,4,1031,110,4,False,False,Jetting Blow,120,True
92232003,610.3,WIN,False,53,6,DAMAGE_COUNTER_ANY,1,TARGET_SELECTION,,,CARD,0,0,121,320,320,2,False,4,6,False,True,1,1,0,1031,110,4,1031,110,4,False,False,Jetting Blow,120,False
92232003,610.3,WIN,False,54,6,DAMAGE_COUNTER_ANY,1,TARGET_SELECTION,,,CARD,0,0,121,320,320,2,False,4,6,False,True,1,1,0,1031,110,4,1031,110,4,False,False,Jetting Blow,120,False
92232003,610.3,WIN,False,55,6,DAMAGE_COUNTER_ANY,1,TARGET_SELECTION,,,CARD,0,0,121,320,320,2,False,4,6,False,True,1,1,0,1031,110,4,1031,110,4,False,False,Jetting Blow,120,False
92232003,610.3,WIN,False,56,6,DAMAGE_COUNTER_ANY,1,TARGET_SELECTION,,,CARD,0,0,121,320,320,2,False,4,6,False,True,1,1,0,1031,110,4,1031,110,4,False,False,Jetting Blow,120,False
92232003,610.3,WIN,False,57,6,DAMAGE_COUNTER_ANY,1,TARGET_SELECTION,,,CARD,0,0,121,320,320,2,False,4,6,False,True,1,1,0,1031,110,4,1031,110,4,False,False,Jetting Blow,120,False
92232003,610.3,WIN,False,58,6,DAMAGE_COUNTER_ANY,1,TARGET_SELECTION,,,,0,0,121,320,320,2,False,4,6,False,True,1,1,0,1031,110,4,1031,110,4,False,False,Jetting Blow,120,False
92232003,610.3,WIN,False,59,8,MAIN,20,RESOURCE_MANAGEMENT,PLAY_POKEMON,1071,PLAY,0,0,121,150,320,2,True,4,6,False,True,1,0,1,1031,110,4,1031,110,4,False,True,Jetting Blow,120,False
92232003,610.3,WIN,False,60,8,ACTIVATE,2,RESOURCE_MANAGEMENT,,,YES,0,0,121,150,320,2,True,5,6,False,True,1,0,1,1031,110,4,1031,110,4,False,True,Jetting Blow,120,False
92232003,610.3,WIN,False,61,8,TO_HAND,7,RESOURCE_MANAGEMENT,,,CARD,0,0,121,150,320,2,True,5,6,False,True,1,0,1,1031,110,4,1031,110,4,False,True,Jetting Blow,120,False
92232003,610.3,WIN,False,62,8,MAIN,23,RESOURCE_MANAGEMENT,PLAY_ITEM,1121,PLAY,0,0,121,150,320,2,True,5,6,False,True,1,0,1,1031,110,4,1031,110,4,False,True,Jetting Blow,120,False
92232003,610.3,WIN,False,63,8,DISCARD,7,RESOURCE_MANAGEMENT,,,CARD;CARD,0,0,121,150,320,2,True,5,6,False,True,1,0,1,1031,110,4,1031,110,4,False,True,Jetting Blow,120,False
92232003,610.3,WIN,False,64,8,TO_HAND,1,RESOURCE_MANAGEMENT,,,CARD,0,0,121,150,320,2,True,5,6,False,True,1,0,1,1031,110,4,1031,110,4,False,True,Jetting Blow,120,False
92232003,610.3,WIN,False,65,8,MAIN,17,RESOURCE_MANAGEMENT,ABILITY,,ABILITY,0,0,121,150,320,2,True,5,6,False,True,1,0,1,1031,110,4,1031,110,4,False,True,Jetting Blow,120,False
92232003,610.3,WIN,False,66,8,TO_HAND,2,RESOURCE_MANAGEMENT,,,CARD,0,0,121,150,320,2,True,5,6,False,True,1,0,1,1031,110,4,1031,110,4,False,True,Jetting Blow,120,False
92232003,610.3,WIN,False,67,8,MAIN,17,ENERGY_MANAGEMENT,ATTACH_ENERGY,,ATTACH,0,0,121,150,320,2,True,5,6,False,True,1,0,1,1031,110,4,1031,110,4,False,True,Jetting Blow,120,False
92232003,610.3,WIN,False,68,8,MAIN,7,RESOURCE_MANAGEMENT,PLAY_SUPPORTER,1227,PLAY,1,0,121,150,320,2,True,5,6,True,True,1,1,1,1031,110,4,1031,110,4,False,True,Jetting Blow,120,False
92232003,610.3,WIN,False,69,8,MAIN,7,RESOURCE_MANAGEMENT,PLAY_ITEM,1120,PLAY,1,0,121,150,320,2,True,5,6,True,True,1,1,1,1031,110,4,1031,110,4,False,True,Jetting Blow,120,False
92232003,610.3,WIN,False,70,8,DISCARD_ENERGY,2,ENERGY_MANAGEMENT,,,ENERGY,0,0,121,150,320,2,True,5,6,False,True,1,1,1,1031,110,4,1031,110,4,False,True,Jetting Blow,120,False
92232003,610.3,WIN,False,71,8,MAIN,6,RETREAT_SELECTION,RETREAT,,RETREAT,1,0,121,150,320,2,True,5,6,True,True,1,1,1,1031,110,4,1031,110,4,False,False,Jetting Blow,120,False
92232003,610.3,WIN,False,72,8,DISCARD_ENERGY,1,ENERGY_MANAGEMENT,,,ENERGY,0,0,121,150,320,2,True,5,6,False,True,1,1,1,1031,110,4,1031,110,4,False,False,Jetting Blow,120,False
92232003,610.3,WIN,False,73,8,SWITCH,5,ACTIVE_POKEMON_SELECTION,,,CARD,0,0,121,150,320,2,True,5,6,False,True,1,0,1,1031,110,4,1031,110,4,False,False,Jetting Blow,120,False
92232003,610.3,WIN,False,74,8,MAIN,6,ATTACK_SELECTION,ATTACK,,ATTACK,2,1,121,320,320,2,False,5,6,False,True,1,1,0,1031,110,4,1031,0,4,False,False,Jetting Blow,120,False
92232003,610.3,WIN,False,75,8,DAMAGE_COUNTER_ANY,4,TARGET_SELECTION,,,CARD,0,0,121,320,320,2,False,5,6,False,True,1,1,0,1031,0,4,1031,0,4,False,False,Jetting Blow,120,False
92232003,610.3,WIN,False,76,8,DAMAGE_COUNTER_ANY,4,TARGET_SELECTION,,,CARD,0,0,121,320,320,2,False,5,6,False,True,1,1,0,1031,0,4,1031,0,4,False,False,Jetting Blow,120,False
92232003,610.3,WIN,False,77,8,DAMAGE_COUNTER_ANY,4,TARGET_SELECTION,,,CARD,0,0,121,320,320,2,False,5,6,False,True,1,1,0,1031,0,4,1031,0,4,False,False,Jetting Blow,120,False
92232003,610.3,WIN,False,78,8,DAMAGE_COUNTER_ANY,4,TARGET_SELECTION,,,CARD,0,0,121,320,320,2,False,5,6,False,True,1,1,0,1031,0,4,1031,0,4,False,False,Jetting Blow,120,False
92232003,610.3,WIN,False,79,8,DAMAGE_COUNTER_ANY,4,TARGET_SELECTION,,,CARD,0,0,121,320,320,2,False,5,6,False,True,1,1,0,1031,0,4,1031,0,4,False,False,Jetting Blow,120,False
92232003,610.3,WIN,False,80,8,DAMAGE_COUNTER_ANY,4,TARGET_SELECTION,,,CARD,0,0,121,320,320,2,False,5,6,False,True,1,1,0,1031,0,4,,,4,False,False,Jetting Blow,120,False
92232003,610.3,WIN,False,81,8,TO_HAND,6,RESOURCE_MANAGEMENT,,,,0,0,121,320,320,2,False,5,6,False,True,1,1,0,,,4,1030,70,4,,,,,False
92232003,610.3,WIN,False,82,10,MAIN,18,RESOURCE_MANAGEMENT,ABILITY,,ABILITY,2,0,121,320,320,2,False,5,3,True,True,1,1,0,1030,70,4,1030,70,4,False,False,,,False
92232003,610.3,WIN,False,83,10,TO_HAND,2,RESOURCE_MANAGEMENT,,,CARD,0,0,121,320,320,2,False,5,3,False,True,1,1,0,1030,70,4,1030,70,4,False,False,,,False
92232003,610.3,WIN,False,84,10,MAIN,18,RESOURCE_MANAGEMENT,PLAY_ITEM,1152,PLAY,2,0,121,320,320,2,False,5,3,True,True,1,1,0,1030,70,4,1030,70,4,False,False,,,False
92232003,610.3,WIN,False,85,10,TO_HAND,1,RESOURCE_MANAGEMENT,,,CARD,0,0,121,320,320,2,False,5,3,False,True,1,1,0,1030,70,4,1030,70,4,False,False,,,False
92232003,610.3,WIN,False,86,10,MAIN,17,RESOURCE_MANAGEMENT,PLAY_SUPPORTER,1182,PLAY,2,0,121,320,320,2,False,5,3,True,True,1,1,0,1030,70,4,1030,70,4,False,False,,,False
92232003,610.3,WIN,False,87,10,SWITCH,4,ACTIVE_POKEMON_SELECTION,,,CARD,0,0,121,320,320,2,False,5,3,False,True,1,1,0,1030,70,4,1031,270,4,False,False,,,False
92232003,610.3,WIN,False,88,10,MAIN,13,ENERGY_MANAGEMENT,ATTACH_ENERGY,,ATTACH,2,0,121,320,320,2,False,5,3,True,True,1,1,0,1031,270,4,1031,270,4,False,False,,,False
92232003,610.3,WIN,False,89,10,MAIN,7,ATTACK_SELECTION,ATTACK,,ATTACK,2,1,121,320,320,2,False,5,3,True,True,1,1,1,1031,270,4,1031,70,4,False,False,,,False
92232003,610.3,WIN,False,90,10,DAMAGE_COUNTER_ANY,4,TARGET_SELECTION,,,CARD,0,0,121,320,320,2,False,5,3,False,True,1,1,1,1031,70,4,1031,70,4,False,False,,,False
92232003,610.3,WIN,False,91,10,DAMAGE_COUNTER_ANY,4,TARGET_SELECTION,,,CARD,0,0,121,320,320,2,False,5,3,False,True,1,1,1,1031,70,4,1031,70,4,False,False,,,False
92232003,610.3,WIN,False,92,10,DAMAGE_COUNTER_ANY,4,TARGET_SELECTION,,,CARD,0,0,121,320,320,2,False,5,3,False,True,1,1,1,1031,70,4,1031,70,4,False,False,,,False
92232003,610.3,WIN,False,93,10,DAMAGE_COUNTER_ANY,4,TARGET_SELECTION,,,CARD,0,0,121,320,320,2,False,5,3,False,True,1,1,1,1031,70,4,1031,70,4,False,False,,,False
92232003,610.3,WIN,False,94,10,DAMAGE_COUNTER_ANY,4,TARGET_SELECTION,,,CARD,0,0,121,320,320,2,False,5,3,False,True,1,1,1,1031,70,4,1031,70,4,False,False,,,False
92232003,610.3,WIN,False,95,10,DAMAGE_COUNTER_ANY,4,TARGET_SELECTION,,,,0,0,121,320,320,2,False,5,3,False,True,1,1,1,1031,70,4,1031,70,4,False,False,,,False
92232003,610.3,WIN,False,96,12,MAIN,11,ATTACK_SELECTION,ATTACK,,ATTACK,2,1,121,320,320,2,False,5,3,True,True,1,1,1,1031,70,4,1031,0,4,False,False,,,False
92232003,610.3,WIN,False,97,12,DAMAGE_COUNTER_ANY,4,TARGET_SELECTION,,,CARD,0,0,121,320,320,2,False,5,3,False,True,1,1,1,1031,0,4,1031,0,4,False,False,,,False
92232003,610.3,WIN,False,98,12,DAMAGE_COUNTER_ANY,4,TARGET_SELECTION,,,CARD,0,0,121,320,320,2,False,5,3,False,True,1,1,1,1031,0,4,1031,0,4,False,False,,,False
92232003,610.3,WIN,False,99,12,DAMAGE_COUNTER_ANY,4,TARGET_SELECTION,,,CARD,0,0,121,320,320,2,False,5,3,False,True,1,1,1,1031,0,4,1031,0,4,False,False,,,False
92232003,610.3,WIN,False,100,12,DAMAGE_COUNTER_ANY,4,TARGET_SELECTION,,,CARD,0,0,121,320,320,2,False,5,3,False,True,1,1,1,1031,0,4,1031,0,4,False,False,,,False
92232003,610.3,WIN,False,101,12,DAMAGE_COUNTER_ANY,4,TARGET_SELECTION,,,CARD,0,0,121,320,320,2,False,5,3,False,True,1,1,1,1031,0,4,1031,0,4,False,False,,,False
92232003,610.3,WIN,False,102,12,DAMAGE_COUNTER_ANY,4,TARGET_SELECTION,,,CARD,0,0,121,320,320,2,False,5,3,False,True,1,1,1,1031,0,4,,,4,False,False,,,False
92232944,571.4,LOSS,False,0,,,0,UNKNOWN,,,,0,0,,,,,False,,,False,False,,,0,,,,,,,,,,,False
92232944,571.4,LOSS,False,1,,,0,UNKNOWN,,,,0,0,,,,,False,,,False,False,,,0,,,,,,0,,,,,False
92232944,571.4,LOSS,False,2,0,SETUP_ACTIVE_POKEMON,1,EARLY_GAME_SETUP,,,,0,0,,,,,False,0,0,False,False,,,0,,,0,,,6,,,,,False
92232944,571.4,LOSS,False,3,0,DRAW_COUNT,2,SEARCH_DECISION,,,,0,0,,,,,False,0,6,False,False,,,0,,,6,272,190,6,,,,,False
92232944,571.4,LOSS,False,4,2,MAIN,8,RESOURCE_MANAGEMENT,PLAY_ITEM,1086,PLAY,1,0,235,30,30,1,False,0,6,False,False,0,0,0,272,190,6,272,190,6,False,False,,,False
92232944,571.4,LOSS,False,5,2,TO_BENCH,3,BENCH_MANAGEMENT,,,CARD;CARD,0,0,235,30,30,1,False,0,6,False,False,0,0,0,272,190,6,272,190,6,False,False,,,False
92232944,571.4,LOSS,False,6,2,MAIN,12,RESOURCE_MANAGEMENT,PLAY_ITEM,1120,PLAY,1,0,235,30,30,1,False,2,6,True,True,0,0,0,272,190,6,272,190,6,False,False,,,False
92232944,571.4,LOSS,False,7,2,MAIN,11,RESOURCE_MANAGEMENT,PLAY_SUPPORTER,1198,PLAY,1,0,235,30,30,1,False,2,6,True,True,0,0,0,272,190,6,272,190,6,False,False,,,False
92232944,571.4,LOSS,False,8,2,TO_HAND,5,RESOURCE_MANAGEMENT,,,CARD,0,0,235,30,30,1,False,2,6,False,True,0,0,0,272,190,6,272,190,6,False,False,,,False
92232944,571.4,LOSS,False,9,2,ATTACH_TO,3,ENERGY_MANAGEMENT,,,CARD,0,0,235,30,30,1,False,2,6,False,True,0,0,0,272,190,6,272,190,6,False,False,,,False
92232944,571.4,LOSS,False,10,2,ATTACH_FROM,3,ENERGY_MANAGEMENT,,,CARD,0,0,235,30,30,1,False,2,6,False,True,0,0,0,272,190,6,272,190,6,False,False,,,False
92232944,571.4,LOSS,False,11,2,MAIN,12,ENERGY_MANAGEMENT,ATTACH_ENERGY,,ATTACH,1,0,235,30,30,1,False,2,6,True,True,0,0,1,272,190,6,272,190,6,False,False,,,False
92232944,571.4,LOSS,False,12,2,MAIN,3,TIMING,,,,1,0,235,30,30,1,False,2,6,True,True,0,0,1,272,190,6,272,180,5,False,False,,,False
92232944,571.4,LOSS,False,13,3,TO_ACTIVE,2,ACTIVE_POKEMON_SELECTION,,,CARD,0,0,,,,,False,2,6,False,True,,,1,272,180,5,272,180,5,,,,,True
92232944,571.4,LOSS,False,14,4,MAIN,12,RESOURCE_MANAGEMENT,PLAY_ITEM,1097,PLAY,1,0,119,70,70,1,False,1,6,True,True,1,1,0,272,180,5,272,180,5,False,False,,,False
92232944,571.4,LOSS,False,15,4,TO_HAND,1,RESOURCE_MANAGEMENT,,,CARD,0,0,119,70,70,1,False,1,6,False,True,1,1,0,272,180,5,272,180,5,False,False,,,False
92232944,571.4,LOSS,False,16,4,MAIN,12,RESOURCE_MANAGEMENT,PLAY_POKEMON,235,PLAY,1,0,119,70,70,1,False,1,6,True,True,1,1,0,272,180,5,272,180,5,False,False,,,False
92232944,571.4,LOSS,False,17,4,MAIN,13,RESOURCE_MANAGEMENT,PLAY_ITEM,1120,PLAY,1,0,119,70,70,1,False,2,6,True,True,1,1,1,272,180,5,272,180,5,False,False,,,False
92232944,571.4,LOSS,False,18,4,MAIN,12,BENCH_MANAGEMENT,EVOLVE,,EVOLVE,1,0,119,70,70,1,False,2,6,True,True,1,1,1,272,180,5,272,180,5,False,False,,,False
92232944,571.4,LOSS,False,19,4,MAIN,10,RESOURCE_MANAGEMENT,ABILITY,,ABILITY,0,0,120,90,90,1,False,2,6,True,True,1,1,1,272,180,5,272,180,5,False,False,,,True
92232944,571.4,LOSS,False,20,4,TO_HAND,2,RESOURCE_MANAGEMENT,,,CARD,0,0,120,90,90,1,False,2,6,False,True,1,1,1,272,180,5,272,180,5,False,False,,,False
92232944,571.4,LOSS,False,21,4,MAIN,10,ENERGY_MANAGEMENT,ATTACH_ENERGY,,ATTACH,0,0,120,90,90,1,False,2,6,True,True,1,1,1,272,180,5,272,180,5,False,False,,,False
92232944,571.4,LOSS,False,22,4,MAIN,5,RESOURCE_MANAGEMENT,PLAY_SUPPORTER,1227,PLAY,1,0,120,90,90,1,False,2,6,True,True,1,1,1,272,180,5,272,180,5,False,False,,,False
92232944,571.4,LOSS,False,23,4,MAIN,7,RESOURCE_MANAGEMENT,PLAY_ITEM,1120,PLAY,1,0,120,90,90,1,False,2,6,True,True,1,1,1,272,180,5,272,180,5,False,False,,,False
92232944,571.4,LOSS,False,24,4,MAIN,6,BENCH_MANAGEMENT,EVOLVE,,EVOLVE,1,0,120,90,90,1,False,2,6,True,True,1,1,1,272,180,5,272,180,5,False,False,,,False
92232944,571.4,LOSS,False,25,4,MAIN,6,RESOURCE_MANAGEMENT,ABILITY,,ABILITY,1,0,120,90,90,1,False,2,6,True,True,1,1,1,272,180,5,272,180,5,False,False,,,False
92232944,571.4,LOSS,False,26,4,TO_HAND,2,RESOURCE_MANAGEMENT,,,CARD,0,0,120,90,90,1,False,2,6,False,True,1,1,1,272,180,5,272,180,5,False,False,,,False
92232944,571.4,LOSS,False,27,4,MAIN,6,RESOURCE_MANAGEMENT,PLAY_ITEM,1152,PLAY,1,0,120,90,90,1,False,2,6,True,True,1,1,1,272,180,5,272,180,5,False,False,,,False
92232944,571.4,LOSS,False,28,4,TO_HAND,3,RESOURCE_MANAGEMENT,,,CARD,0,0,120,90,90,1,False,2,6,False,True,1,1,1,272,180,5,272,180,5,False,False,,,False
92232944,571.4,LOSS,False,29,4,MAIN,5,RETREAT_SELECTION,RETREAT,,RETREAT,1,0,120,90,90,1,False,2,6,True,True,1,1,1,272,180,5,272,180,5,False,False,,,False
92232944,571.4,LOSS,False,30,4,DISCARD_ENERGY,2,ENERGY_MANAGEMENT,,,ENERGY,0,0,120,90,90,1,False,2,6,False,True,1,1,1,272,180,5,272,180,5,False,False,,,False
92232944,571.4,LOSS,False,31,4,SWITCH,2,ACTIVE_POKEMON_SELECTION,,,CARD,0,0,120,90,90,1,False,2,6,False,True,1,1,1,272,180,5,272,180,5,False,False,,,False
92232944,571.4,LOSS,False,32,4,MAIN,4,TIMING,,,,1,0,235,30,30,1,False,2,6,False,True,0,0,0,272,180,5,108,210,3,False,False,,,True
92232944,571.4,LOSS,False,33,5,TO_ACTIVE,1,ACTIVE_POKEMON_SELECTION,,,CARD,0,0,,,,,False,1,6,False,True,,,0,108,210,3,108,210,3,,,,,True
92232944,571.4,LOSS,False,34,6,MAIN,9,BENCH_MANAGEMENT,EVOLVE,,EVOLVE,0,0,120,90,90,1,False,0,6,False,False,1,1,0,108,210,3,108,210,3,False,False,,,False
92232944,571.4,LOSS,False,35,6,MAIN,8,RESOURCE_MANAGEMENT,PLAY_ITEM,1121,PLAY,1,0,121,320,320,2,False,0,6,False,False,1,1,0,108,210,3,108,210,3,False,False,,,True
92232944,571.4,LOSS,False,36,6,DISCARD,6,RESOURCE_MANAGEMENT,,,CARD;CARD,0,0,121,320,320,2,False,0,6,False,False,1,1,0,108,210,3,108,210,3,False,False,,,False
92232944,571.4,LOSS,False,37,6,TO_HAND,7,RESOURCE_MANAGEMENT,,,CARD,0,0,121,320,320,2,False,0,6,False,False,1,1,0,108,210,3,108,210,3,False,False,,,False
92232944,571.4,LOSS,False,38,6,MAIN,6,RESOURCE_MANAGEMENT,PLAY_POKEMON,140,PLAY,1,0,121,320,320,2,False,0,6,False,False,1,1,0,108,210,3,108,210,3,False,False,,,False
92232944,571.4,LOSS,False,39,6,MAIN,7,RESOURCE_MANAGEMENT,ABILITY,,ABILITY,1,0,121,320,320,2,False,1,6,True,True,1,1,0,108,210,3,108,210,3,False,False,,,False
92232944,571.4,LOSS,False,40,6,MAIN,9,TIMING,,,,1,0,121,320,320,2,False,1,6,True,True,1,1,0,108,210,3,108,210,3,False,False,,,False
92232944,571.4,LOSS,False,41,6,MAIN,8,RESOURCE_MANAGEMENT,PLAY_SUPPORTER,1198,PLAY,1,0,121,320,320,2,False,1,6,True,True,1,1,0,108,210,3,108,210,3,False,False,,,False
92232944,571.4,LOSS,False,42,6,TO_HAND,4,RESOURCE_MANAGEMENT,,,CARD,0,0,121,320,320,2,False,1,6,False,True,1,1,0,108,210,3,108,210,3,False,False,,,False
92232944,571.4,LOSS,False,43,6,ATTACH_TO,2,ENERGY_MANAGEMENT,,,CARD,0,0,121,320,320,2,False,1,6,False,True,1,1,0,108,210,3,108,210,3,False,False,,,False
92232944,571.4,LOSS,False,44,6,ATTACH_FROM,2,ENERGY_MANAGEMENT,,,CARD,0,0,121,320,320,2,False,1,6,False,True,1,1,0,108,210,3,108,210,3,False,False,,,False
92232944,571.4,LOSS,False,45,6,MAIN,6,ATTACK_SELECTION,ATTACK,,ATTACK,2,1,121,320,320,2,False,1,6,True,True,1,1,0,108,210,3,108,10,3,False,False,,,False
92232944,571.4,LOSS,False,46,6,DAMAGE_COUNTER_ANY,5,TARGET_SELECTION,,,CARD,0,0,121,320,320,2,False,1,6,False,True,1,1,0,108,10,3,108,10,3,False,False,,,False
92232944,571.4,LOSS,False,47,6,DAMAGE_COUNTER_ANY,5,TARGET_SELECTION,,,CARD,0,0,121,320,320,2,False,1,6,False,True,1,1,0,108,10,3,108,10,3,False,False,,,False
92232944,571.4,LOSS,False,48,6,DAMAGE_COUNTER_ANY,5,TARGET_SELECTION,,,CARD,0,0,121,320,320,2,False,1,6,False,True,1,1,0,108,10,3,108,10,3,False,False,,,False
92232944,571.4,LOSS,False,49,6,DAMAGE_COUNTER_ANY,5,TARGET_SELECTION,,,CARD,0,0,121,320,320,2,False,1,6,False,True,1,1,0,108,10,3,108,10,3,False,False,,,False
92232944,571.4,LOSS,False,50,6,DAMAGE_COUNTER_ANY,5,TARGET_SELECTION,,,CARD,0,0,121,320,320,2,False,1,6,False,True,1,1,0,108,10,3,108,10,3,False,False,,,False
92232944,571.4,LOSS,False,51,6,DAMAGE_COUNTER_ANY,5,TARGET_SELECTION,,,,0,0,121,320,320,2,False,1,6,False,True,1,1,0,108,10,3,272,140,1,False,False,,,False
92232944,571.4,LOSS,False,52,7,TO_ACTIVE,1,ACTIVE_POKEMON_SELECTION,,,CARD,0,0,,,,,False,1,6,False,True,,,0,272,140,1,272,140,1,,,,,True
92232944,571.4,LOSS,False,53,8,MAIN,8,RESOURCE_MANAGEMENT,ABILITY,,ABILITY,0,0,140,210,210,2,False,0,6,False,False,1,0,0,272,140,1,272,140,1,False,False,,,False
92232944,571.4,LOSS,False,54,8,MAIN,9,RESOURCE_MANAGEMENT,PLAY_ITEM,1120,PLAY,0,0,140,210,210,2,False,0,6,False,False,1,0,0,272,140,1,272,140,1,False,False,,,False
92232944,571.4,LOSS,False,55,8,MAIN,8,ENERGY_MANAGEMENT,ATTACH_ENERGY,,ATTACH,0,0,140,210,210,2,False,0,6,False,False,1,0,0,272,140,1,272,140,1,False,False,,,False
92232944,571.4,LOSS,False,56,8,MAIN,6,RESOURCE_MANAGEMENT,PLAY_SUPPORTER,1227,PLAY,0,0,140,210,210,2,False,0,6,False,False,1,1,0,272,140,1,272,140,1,False,False,,,False
92232944,571.4,LOSS,False,57,8,MAIN,3,TIMING,,,,0,0,140,210,210,2,False,0,6,False,False,1,1,0,272,140,1,272,140,1,False,False,,,False
92232944,571.4,LOSS,False,58,8,MAIN,2,RESOURCE_MANAGEMENT,PLAY_ITEM,1080,PLAY,0,0,140,210,210,2,False,0,6,False,False,1,1,0,272,140,1,272,140,1,False,False,,,False
92232944,571.4,LOSS,False,59,8,MAIN,3,RESOURCE_MANAGEMENT,PLAY_POKEMON,235,PLAY,0,0,140,210,210,2,False,0,6,False,False,1,1,0,272,140,1,272,140,1,False,False,,,False
92232944,571.4,LOSS,False,60,8,MAIN,3,RESOURCE_MANAGEMENT,PLAY_ITEM,1097,PLAY,0,0,140,210,210,2,False,1,6,True,True,1,1,1,272,140,1,272,140,1,False,False,,,False
92232944,571.4,LOSS,False,61,8,TO_HAND,10,RESOURCE_MANAGEMENT,,,CARD,0,0,140,210,210,2,False,1,6,False,True,1,1,1,272,140,1,272,140,1,False,False,,,False
92232944,571.4,LOSS,False,62,8,MAIN,3,RESOURCE_MANAGEMENT,PLAY_POKEMON,119,PLAY,0,0,140,210,210,2,False,1,6,True,True,1,1,1,272,140,1,272,140,1,False,False,,,False
92232944,571.4,LOSS,False,63,8,MAIN,2,RETREAT_SELECTION,RETREAT,,RETREAT,0,0,140,210,210,2,False,2,6,True,True,1,1,1,272,140,1,272,140,1,False,False,,,False
92232944,571.4,LOSS,False,64,8,DISCARD_ENERGY,1,ENERGY_MANAGEMENT,,,ENERGY,0,0,140,210,210,2,False,2,6,False,True,1,1,1,272,140,1,272,140,1,False,False,,,False
92232944,571.4,LOSS,False,65,8,SWITCH,2,ACTIVE_POKEMON_SELECTION,,,CARD,0,0,140,210,210,2,False,2,6,False,True,1,0,1,272,140,1,272,140,1,False,False,,,False
92233918,440.7,WIN,False,0,,,0,UNKNOWN,,,,0,0,,,,,False,,,False,False,,,0,,,,,,,,,,,False
92233918,440.7,WIN,False,1,,,0,UNKNOWN,,,,0,0,,,,,False,,,False,False,,,0,,,,,,0,,,,,False
92233918,440.7,WIN,False,2,0,SETUP_ACTIVE_POKEMON,1,EARLY_GAME_SETUP,,,,0,0,,,,,False,0,0,False,False,,,0,,,0,304,150,6,,,,,False
92233918,440.7,WIN,False,3,2,MAIN,8,ENERGY_MANAGEMENT,ATTACH_ENERGY,,ATTACH,1,0,235,30,30,1,False,0,6,False,False,0,0,0,304,150,6,304,150,6,False,False,,,False
92233918,440.7,WIN,False,4,2,MAIN,7,RESOURCE_MANAGEMENT,PLAY_ITEM,1120,PLAY,1,0,235,30,30,1,False,0,6,False,False,0,0,0,304,150,6,304,150,6,False,False,,,False
92233918,440.7,WIN,False,5,2,DISCARD_ENERGY,1,ENERGY_MANAGEMENT,,,ENERGY,0,0,235,30,30,1,False,0,6,False,False,0,0,0,304,150,6,304,150,6,False,False,,,False
92233918,440.7,WIN,False,6,2,MAIN,6,RESOURCE_MANAGEMENT,PLAY_SUPPORTER,1227,PLAY,1,0,235,30,30,1,False,0,6,False,False,0,0,0,304,150,6,304,150,6,False,False,,,False
92233918,440.7,WIN,False,7,2,MAIN,7,RESOURCE_MANAGEMENT,PLAY_POKEMON,184,PLAY,1,0,235,30,30,1,False,0,6,False,False,0,0,0,304,150,6,304,150,6,False,False,,,False
92233918,440.7,WIN,False,8,2,MAIN,8,RESOURCE_MANAGEMENT,PLAY_ITEM,1152,PLAY,1,0,235,30,30,1,False,1,6,True,True,0,0,0,304,150,6,304,150,6,False,False,,,False
92233918,440.7,WIN,False,9,2,TO_HAND,8,RESOURCE_MANAGEMENT,,,CARD,0,0,235,30,30,1,False,1,6,False,True,0,0,0,304,150,6,304,150,6,False,False,,,False
92233918,440.7,WIN,False,10,2,MAIN,8,RESOURCE_MANAGEMENT,PLAY_POKEMON,119,PLAY,1,0,235,30,30,1,False,1,6,True,True,0,0,0,304,150,6,304,150,6,False,False,,,False
92233918,440.7,WIN,False,11,2,MAIN,8,ENERGY_MANAGEMENT,ATTACH_ENERGY,,ATTACH,1,0,235,30,30,1,False,2,6,True,True,0,0,0,304,150,6,304,150,6,False,False,,,False
92233918,440.7,WIN,False,12,2,MAIN,5,TIMING,,,,1,0,235,30,30,1,False,2,6,True,True,0,0,0,304,150,6,304,140,6,False,False,,,False
92233918,440.7,WIN,False,13,4,MAIN,8,BENCH_MANAGEMENT,EVOLVE,,EVOLVE,1,0,235,30,30,1,False,2,6,True,True,0,0,0,304,140,6,304,140,6,False,False,,,False
92233918,440.7,WIN,False,14,4,MAIN,7,RESOURCE_MANAGEMENT,ABILITY,,ABILITY,1,0,235,30,30,1,False,2,6,True,True,0,0,0,304,140,6,304,140,6,False,False,,,False
92233918,440.7,WIN,False,15,4,TO_HAND,2,RESOURCE_MANAGEMENT,,,CARD,0,0,235,30,30,1,False,2,6,False,True,0,0,0,304,140,6,304,140,6,False,False,,,False
92233918,440.7,WIN,False,16,4,MAIN,9,ENERGY_MANAGEMENT,ATTACH_ENERGY,,ATTACH,1,0,235,30,30,1,False,2,6,True,True,0,0,0,304,140,6,304,140,6,False,False,,,False
92233918,440.7,WIN,False,17,4,MAIN,6,RESOURCE_MANAGEMENT,PLAY_SUPPORTER,1227,PLAY,1,0,235,30,30,1,False,2,6,True,True,0,0,1,304,140,6,304,140,6,False,False,,,False
92233918,440.7,WIN,False,18,4,MAIN,6,RESOURCE_MANAGEMENT,PLAY_POKEMON,119,PLAY,1,0,235,30,30,1,False,2,6,True,True,0,0,1,304,140,6,304,140,6,False,False,,,False
92233918,440.7,WIN,False,19,4,MAIN,5,TIMING,,,,1,0,235,30,30,1,False,3,6,True,True,0,0,1,304,140,6,304,130,6,False,False,,,False
92233918,440.7,WIN,False,20,6,MAIN,13,RESOURCE_MANAGEMENT,PLAY_ITEM,1152,PLAY,1,0,235,30,30,1,False,3,6,True,True,0,0,1,304,130,6,304,130,6,False,False,,,False
92233918,440.7,WIN,False,21,6,TO_HAND,5,RESOURCE_MANAGEMENT,,,CARD,0,0,235,30,30,1,False,3,6,False,True,0,0,1,304,130,6,304,130,6,False,False,,,False
92233918,440.7,WIN,False,22,6,MAIN,13,RESOURCE_MANAGEMENT,PLAY_POKEMON,119,PLAY,1,0,235,30,30,1,False,3,6,True,True,0,0,1,304,130,6,304,130,6,False,False,,,False
92233918,440.7,WIN,False,23,6,MAIN,13,RESOURCE_MANAGEMENT,ABILITY,,ABILITY,1,0,235,30,30,1,False,4,6,True,True,0,0,1,304,130,6,304,130,6,False,False,,,False
92233918,440.7,WIN,False,24,6,TO_HAND,2,RESOURCE_MANAGEMENT,,,CARD,0,0,235,30,30,1,False,4,6,False,True,0,0,1,304,130,6,304,130,6,False,False,,,False
92233918,440.7,WIN,False,25,6,MAIN,13,RESOURCE_MANAGEMENT,PLAY_SUPPORTER,1210,PLAY,1,0,235,30,30,1,False,4,6,True,True,0,0,1,304,130,6,304,130,6,False,False,,,False
92233918,440.7,WIN,False,26,6,TO_HAND,7,RESOURCE_MANAGEMENT,,,CARD,0,0,235,30,30,1,False,4,6,False,True,0,0,1,304,130,6,304,130,6,False,False,,,False
92233918,440.7,WIN,False,27,6,MAIN,13,RESOURCE_MANAGEMENT,PLAY_ITEM,1079,PLAY,1,0,235,30,30,1,False,4,6,True,True,0,0,1,304,130,6,304,130,6,False,False,,,False
92233918,440.7,WIN,False,28,6,EVOLVE,1,BENCH_MANAGEMENT,,,EVOLVE,0,0,235,30,30,1,False,4,6,False,True,0,0,1,304,130,6,304,130,6,False,False,,,False
92233918,440.7,WIN,False,29,6,MAIN,10,ENERGY_MANAGEMENT,ATTACH_ENERGY,,ATTACH,1,0,235,30,30,1,False,4,6,True,True,0,0,1,304,130,6,304,130,6,False,False,,,False
92233918,440.7,WIN,False,30,6,MAIN,5,TIMING,,,,1,0,235,30,30,1,False,4,6,True,True,0,0,2,304,130,6,304,120,6,False,False,,,False
92233918,440.7,WIN,False,31,8,MAIN,9,RESOURCE_MANAGEMENT,PLAY_ITEM,1086,PLAY,1,0,235,30,30,1,False,4,6,True,True,0,0,2,304,120,6,304,120,6,False,False,,,False
92233918,440.7,WIN,False,32,8,TO_BENCH,2,BENCH_MANAGEMENT,,,CARD,0,0,235,30,30,1,False,4,6,False,True,0,0,2,304,120,6,304,120,6,False,False,,,False
92233918,440.7,WIN,False,33,8,MAIN,7,RESOURCE_MANAGEMENT,ABILITY,,ABILITY,1,0,235,30,30,1,False,5,6,True,True,0,0,2,304,120,6,304,120,6,False,False,,,False
92233918,440.7,WIN,False,34,8,TO_HAND,2,RESOURCE_MANAGEMENT,,,CARD,0,0,235,30,30,1,False,5,6,False,True,0,0,2,304,120,6,304,120,6,False,False,,,False
92233918,440.7,WIN,False,35,8,MAIN,7,RESOURCE_MANAGEMENT,PLAY_SUPPORTER,1198,PLAY,1,0,235,30,30,1,False,5,6,True,True,0,0,2,304,120,6,304,120,6,False,False,,,False
92233918,440.7,WIN,False,36,8,TO_HAND,3,RESOURCE_MANAGEMENT,,,CARD,0,0,235,30,30,1,False,5,6,False,True,0,0,2,304,120,6,304,120,6,False,False,,,False
92233918,440.7,WIN,False,37,8,ATTACH_TO,2,ENERGY_MANAGEMENT,,,CARD,0,0,235,30,30,1,False,5,6,False,True,0,0,2,304,120,6,304,120,6,False,False,,,False
92233918,440.7,WIN,False,38,8,ATTACH_FROM,6,ENERGY_MANAGEMENT,,,CARD,0,0,235,30,30,1,False,5,6,False,True,0,0,2,304,120,6,304,120,6,False,False,,,False
92233918,440.7,WIN,False,39,8,MAIN,11,BENCH_MANAGEMENT,EVOLVE,,EVOLVE,1,0,235,30,30,1,False,5,6,True,True,0,0,2,304,120,6,304,120,6,False,False,,,False
92233918,440.7,WIN,False,40,8,MAIN,11,RESOURCE_MANAGEMENT,ABILITY,,ABILITY,1,0,235,30,30,1,False,5,6,True,True,0,0,2,304,120,6,304,120,6,False,False,,,False
92233918,440.7,WIN,False,41,8,TO_HAND,2,RESOURCE_MANAGEMENT,,,CARD,0,0,235,30,30,1,False,5,6,False,True,0,0,2,304,120,6,304,120,6,False,False,,,False
92233918,440.7,WIN,False,42,8,MAIN,10,ENERGY_MANAGEMENT,ATTACH_ENERGY,,ATTACH,1,0,235,30,30,1,False,5,6,True,True,0,0,2,304,120,6,304,120,6,False,False,,,False
92233918,440.7,WIN,False,43,8,MAIN,4,RETREAT_SELECTION,RETREAT,,RETREAT,1,0,235,30,30,1,False,5,6,True,True,0,0,3,304,120,6,304,120,6,False,False,,,False
92233918,440.7,WIN,False,44,8,SWITCH,5,ACTIVE_POKEMON_SELECTION,,,CARD,0,0,235,30,30,1,False,5,6,False,True,0,0,3,304,120,6,304,120,6,False,False,,,False
92233918,440.7,WIN,False,45,8,MAIN,4,ATTACK_SELECTION,ATTACK,,ATTACK,2,1,121,320,320,2,False,5,6,False,True,1,1,3,304,120,6,304,0,6,False,False,,,True
92233918,440.7,WIN,False,46,8,DAMAGE_COUNTER_ANY,4,TARGET_SELECTION,,,CARD,0,0,121,320,320,2,False,5,6,False,True,1,1,3,304,0,6,304,0,6,False,False,,,False
92233918,440.7,WIN,False,47,8,DAMAGE_COUNTER_ANY,4,TARGET_SELECTION,,,CARD,0,0,121,320,320,2,False,5,6,False,True,1,1,3,304,0,6,304,0,6,False,False,,,False
92233918,440.7,WIN,False,48,8,DAMAGE_COUNTER_ANY,4,TARGET_SELECTION,,,CARD,0,0,121,320,320,2,False,5,6,False,True,1,1,3,304,0,6,304,0,6,False,False,,,False
92233918,440.7,WIN,False,49,8,DAMAGE_COUNTER_ANY,4,TARGET_SELECTION,,,CARD,0,0,121,320,320,2,False,5,6,False,True,1,1,3,304,0,6,304,0,6,False,False,,,False
92233918,440.7,WIN,False,50,8,DAMAGE_COUNTER_ANY,4,TARGET_SELECTION,,,CARD,0,0,121,320,320,2,False,5,6,False,True,1,1,3,304,0,6,304,0,6,False,False,,,False
92233918,440.7,WIN,False,51,8,DAMAGE_COUNTER_ANY,4,TARGET_SELECTION,,,CARD,0,0,121,320,320,2,False,5,6,False,True,1,1,3,304,0,6,,,6,False,False,,,False
92233918,440.7,WIN,False,52,8,TO_HAND,6,RESOURCE_MANAGEMENT,,,CARD,0,0,121,320,320,2,False,5,6,False,True,1,1,3,,,6,,,6,,,,,False
92233918,440.7,WIN,False,53,8,TO_HAND,5,RESOURCE_MANAGEMENT,,,,0,0,121,320,320,2,False,5,5,False,True,1,1,3,,,6,879,140,6,,,,,False
92233918,440.7,WIN,False,54,10,MAIN,10,RESOURCE_MANAGEMENT,PLAY_ITEM,1121,PLAY,2,0,121,100,320,2,True,5,4,True,True,1,1,3,879,140,6,879,140,6,False,False,,,False
92233918,440.7,WIN,False,55,10,DISCARD,7,RESOURCE_MANAGEMENT,,,CARD;CARD,0,0,121,100,320,2,True,5,4,False,True,1,1,3,879,140,6,879,140,6,False,False,,,False
92233918,440.7,WIN,False,56,10,TO_HAND,5,RESOURCE_MANAGEMENT,,,CARD,0,0,121,100,320,2,True,5,4,False,True,1,1,3,879,140,6,879,140,6,False,False,,,False
92233918,440.7,WIN,False,57,10,MAIN,9,RESOURCE_MANAGEMENT,ABILITY,,ABILITY,2,0,121,100,320,2,True,5,4,True,True,1,1,3,879,140,6,879,140,6,False,False,,,False
92233918,440.7,WIN,False,58,10,TO_HAND,2,RESOURCE_MANAGEMENT,,,CARD,0,0,121,100,320,2,True,5,4,False,True,1,1,3,879,140,6,879,140,6,False,False,,,False
92233918,440.7,WIN,False,59,10,MAIN,9,RESOURCE_MANAGEMENT,ABILITY,,ABILITY,2,0,121,100,320,2,True,5,4,True,True,1,1,3,879,140,6,879,140,6,False,False,,,False
92233918,440.7,WIN,False,60,10,TO_HAND,2,RESOURCE_MANAGEMENT,,,CARD,0,0,121,100,320,2,True,5,4,False,True,1,1,3,879,140,6,879,140,6,False,False,,,False
92233918,440.7,WIN,False,61,10,MAIN,10,BENCH_MANAGEMENT,EVOLVE,,EVOLVE,2,0,121,100,320,2,True,5,4,True,True,1,1,3,879,140,6,879,140,6,False,False,,,False
92233918,440.7,WIN,False,62,10,MAIN,8,RESOURCE_MANAGEMENT,PLAY_SUPPORTER,1198,PLAY,2,0,121,100,320,2,True,5,4,True,True,1,1,3,879,140,6,879,140,6,False,False,,,False
92233918,440.7,WIN,False,63,10,TO_HAND,1,RESOURCE_MANAGEMENT,,,CARD,0,0,121,100,320,2,True,5,4,False,True,1,1,3,879,140,6,879,140,6,False,False,,,False
92233918,440.7,WIN,False,64,10,MAIN,11,BENCH_MANAGEMENT,EVOLVE,,EVOLVE,2,0,121,100,320,2,True,5,4,True,True,1,1,3,879,140,6,879,140,6,False,False,,,False
92233918,440.7,WIN,False,65,10,MAIN,11,RESOURCE_MANAGEMENT,ABILITY,,ABILITY,2,0,121,100,320,2,True,5,4,True,True,1,1,2,879,140,6,879,140,6,False,False,,,False
92233918,440.7,WIN,False,66,10,TO_HAND,2,RESOURCE_MANAGEMENT,,,CARD,0,0,121,100,320,2,True,5,4,False,True,1,1,2,879,140,6,879,140,6,False,False,,,False
92233918,440.7,WIN,False,67,10,MAIN,10,ENERGY_MANAGEMENT,ATTACH_ENERGY,,ATTACH,2,0,121,100,320,2,True,5,4,True,True,1,1,2,879,140,6,879,140,6,False,False,,,False
92233918,440.7,WIN,False,68,10,MAIN,4,ATTACK_SELECTION,ATTACK,,ATTACK,2,1,121,100,320,2,True,5,4,True,True,1,1,2,879,140,6,879,0,6,False,False,,,False
92233918,440.7,WIN,False,69,10,DAMAGE_COUNTER_ANY,5,TARGET_SELECTION,,,CARD,0,0,121,100,320,2,True,5,4,False,True,1,1,2,879,0,6,879,0,6,False,False,,,False
92233918,440.7,WIN,False,70,10,DAMAGE_COUNTER_ANY,5,TARGET_SELECTION,,,CARD,0,0,121,100,320,2,True,5,4,False,True,1,1,2,879,0,6,879,0,6,False,False,,,False
92233918,440.7,WIN,False,71,10,DAMAGE_COUNTER_ANY,5,TARGET_SELECTION,,,CARD,0,0,121,100,320,2,True,5,4,False,True,1,1,2,879,0,6,879,0,6,False,False,,,False
92233918,440.7,WIN,False,72,10,DAMAGE_COUNTER_ANY,5,TARGET_SELECTION,,,CARD,0,0,121,100,320,2,True,5,4,False,True,1,1,2,879,0,6,879,0,6,False,False,,,False
92233918,440.7,WIN,False,73,10,DAMAGE_COUNTER_ANY,5,TARGET_SELECTION,,,CARD,0,0,121,100,320,2,True,5,4,False,True,1,1,2,879,0,6,879,0,6,False,False,,,False
92233918,440.7,WIN,False,74,10,DAMAGE_COUNTER_ANY,5,TARGET_SELECTION,,,CARD,0,0,121,100,320,2,True,5,4,False,True,1,1,2,879,0,6,,,6,False,False,,,False
92233918,440.7,WIN,False,75,10,TO_HAND,4,RESOURCE_MANAGEMENT,,,,0,0,121,100,320,2,True,5,4,False,True,1,1,2,,,6,879,140,4,,,,,False
92233918,440.7,WIN,False,76,11,TO_ACTIVE,5,ACTIVE_POKEMON_SELECTION,,,CARD,0,0,,,,,False,5,3,False,True,,,2,879,140,4,879,140,4,,,,,True
92233918,440.7,WIN,False,77,12,MAIN,13,RESOURCE_MANAGEMENT,PLAY_POKEMON,140,PLAY,1,0,235,30,30,1,False,4,3,True,True,0,0,1,879,140,4,879,140,4,True,False,Horrifying Revenge,30,False
92233918,440.7,WIN,False,78,12,MAIN,12,RESOURCE_MANAGEMENT,PLAY_ITEM,1120,PLAY,1,0,235,30,30,1,False,5,3,True,True,0,0,1,879,140,4,879,140,4,True,False,Horrifying Revenge,30,False
92233918,440.7,WIN,False,79,12,DISCARD_ENERGY,1,ENERGY_MANAGEMENT,,,ENERGY,0,0,235,30,30,1,False,5,3,False,True,0,0,1,879,140,4,879,140,4,True,False,Horrifying Revenge,30,False
92233918,440.7,WIN,False,80,12,MAIN,10,RESOURCE_MANAGEMENT,ABILITY,,ABILITY,1,0,235,30,30,1,False,5,3,True,True,0,0,1,879,140,4,879,140,4,False,True,,,False
92233918,440.7,WIN,False,81,12,TO_HAND,2,RESOURCE_MANAGEMENT,,,CARD,0,0,235,30,30,1,False,5,3,False,True,0,0,1,879,140,4,879,140,4,False,True,,,False
92233918,440.7,WIN,False,82,12,MAIN,10,RESOURCE_MANAGEMENT,PLAY_ITEM,1152,PLAY,1,0,235,30,30,1,False,5,3,True,True,0,0,1,879,140,4,879,140,4,False,True,,,False
92233918,440.7,WIN,False,83,12,TO_HAND,2,RESOURCE_MANAGEMENT,,,CARD,0,0,235,30,30,1,False,5,3,False,True,0,0,1,879,140,4,879,140,4,False,True,,,False
92233918,440.7,WIN,False,84,12,MAIN,9,RESOURCE_MANAGEMENT,ABILITY,,ABILITY,1,0,235,30,30,1,False,5,3,True,True,0,0,1,879,140,4,879,140,4,False,True,,,False
92233918,440.7,WIN,False,85,12,TO_HAND,2,RESOURCE_MANAGEMENT,,,CARD,0,0,235,30,30,1,False,5,3,False,True,0,0,1,879,140,4,879,140,4,False,True,,,False
92233918,440.7,WIN,False,86,12,MAIN,9,RESOURCE_MANAGEMENT,ABILITY,,ABILITY,1,0,235,30,30,1,False,5,3,True,True,0,0,1,879,140,4,879,140,4,False,True,,,False
92233918,440.7,WIN,False,87,12,MAIN,11,RESOURCE_MANAGEMENT,PLAY_ITEM,1121,PLAY,1,0,235,30,30,1,False,5,3,True,True,0,0,1,879,140,4,879,140,4,False,True,,,False
92233918,440.7,WIN,False,88,12,DISCARD,10,RESOURCE_MANAGEMENT,,,CARD;CARD,0,0,235,30,30,1,False,5,3,False,True,0,0,1,879,140,4,879,140,4,False,True,,,False
92233918,440.7,WIN,False,89,12,TO_HAND,2,RESOURCE_MANAGEMENT,,,CARD,0,0,235,30,30,1,False,5,3,False,True,0,0,1,879,140,4,879,140,4,False,True,,,False
92233918,440.7,WIN,False,90,12,MAIN,10,BENCH_MANAGEMENT,EVOLVE,,EVOLVE,1,0,235,30,30,1,False,5,3,True,True,0,0,1,879,140,4,879,140,4,False,True,,,False
92233918,440.7,WIN,False,91,12,MAIN,8,RESOURCE_MANAGEMENT,PLAY_SUPPORTER,1227,PLAY,1,0,235,30,30,1,False,5,3,True,True,0,0,2,879,140,4,879,140,4,False,True,,,False
92233918,440.7,WIN,False,92,12,MAIN,5,RESOURCE_MANAGEMENT,PLAY_ITEM,1121,PLAY,1,0,235,30,30,1,False,5,3,True,True,0,0,2,879,140,4,879,140,4,False,True,,,False
92233918,440.7,WIN,False,93,12,DISCARD,5,RESOURCE_MANAGEMENT,,,CARD;CARD,0,0,235,30,30,1,False,5,3,False,True,0,0,2,879,140,4,879,140,4,False,True,,,False
92233918,440.7,WIN,False,94,12,TO_HAND,3,RESOURCE_MANAGEMENT,,,CARD,0,0,235,30,30,1,False,5,3,False,True,0,0,2,879,140,4,879,140,4,False,True,,,False
92233918,440.7,WIN,False,95,12,MAIN,4,RETREAT_SELECTION,RETREAT,,RETREAT,1,0,235,30,30,1,False,5,3,True,True,0,0,2,879,140,4,879,140,4,False,True,,,False
92233918,440.7,WIN,False,96,12,SWITCH,5,ACTIVE_POKEMON_SELECTION,,,CARD,0,0,235,30,30,1,False,5,3,False,True,0,0,2,879,140,4,879,140,4,False,True,,,False
92233918,440.7,WIN,False,97,12,MAIN,4,ATTACK_SELECTION,ATTACK,,ATTACK,2,1,121,320,320,2,False,5,3,False,True,1,1,2,879,140,4,879,0,4,False,False,,,True
92233918,440.7,WIN,False,98,12,DAMAGE_COUNTER_ANY,5,TARGET_SELECTION,,,CARD,0,0,121,320,320,2,False,5,3,False,True,1,1,2,879,0,4,879,0,4,False,False,,,False
92233918,440.7,WIN,False,99,12,DAMAGE_COUNTER_ANY,5,TARGET_SELECTION,,,CARD,0,0,121,320,320,2,False,5,3,False,True,1,1,2,879,0,4,879,0,4,False,False,,,False
92233918,440.7,WIN,False,100,12,DAMAGE_COUNTER_ANY,5,TARGET_SELECTION,,,CARD,0,0,121,320,320,2,False,5,3,False,True,1,1,2,879,0,4,879,0,4,False,False,,,False
92233918,440.7,WIN,False,101,12,DAMAGE_COUNTER_ANY,5,TARGET_SELECTION,,,CARD,0,0,121,320,320,2,False,5,3,False,True,1,1,2,879,0,4,879,0,4,False,False,,,False
92233918,440.7,WIN,False,102,12,DAMAGE_COUNTER_ANY,5,TARGET_SELECTION,,,CARD,0,0,121,320,320,2,False,5,3,False,True,1,1,2,879,0,4,879,0,4,False,False,,,False
92233918,440.7,WIN,False,103,12,DAMAGE_COUNTER_ANY,5,TARGET_SELECTION,,,CARD,0,0,121,320,320,2,False,5,3,False,True,1,1,2,879,0,4,,,4,False,False,,,False
92233918,440.7,WIN,False,104,12,TO_HAND,3,RESOURCE_MANAGEMENT,,,,0,0,121,320,320,2,False,5,3,False,True,1,1,2,,,4,879,120,4,,,,,False
92233918,440.7,WIN,False,105,14,MAIN,14,RESOURCE_MANAGEMENT,PLAY_ITEM,1120,PLAY,2,0,121,130,320,2,True,5,2,True,True,1,1,2,879,120,4,879,120,4,False,False,Horrifying Revenge,30,False
92233918,440.7,WIN,False,106,14,DISCARD_ENERGY,1,ENERGY_MANAGEMENT,,,ENERGY,0,0,121,130,320,2,True,5,2,False,True,1,1,2,879,120,4,879,120,4,False,False,Horrifying Revenge,30,False
92233918,440.7,WIN,False,107,14,MAIN,13,RESOURCE_MANAGEMENT,ABILITY,,ABILITY,2,0,121,130,320,2,True,5,2,True,True,1,1,2,879,120,4,879,120,4,False,False,,,False
92233918,440.7,WIN,False,108,14,TO_HAND,2,RESOURCE_MANAGEMENT,,,CARD,0,0,121,130,320,2,True,5,2,False,True,1,1,2,879,120,4,879,120,4,False,False,,,False
92233918,440.7,WIN,False,109,14,MAIN,12,RESOURCE_MANAGEMENT,PLAY_SUPPORTER,1210,PLAY,2,0,121,130,320,2,True,5,2,True,True,1,1,2,879,120,4,879,120,4,False,False,,,False
92233918,440.7,WIN,False,110,14,TO_HAND,2,RESOURCE_MANAGEMENT,,,CARD,0,0,121,130,320,2,True,5,2,False,True,1,1,2,879,120,4,879,120,4,False,False,,,False
92233918,440.7,WIN,False,111,14,TO_HAND,1,RESOURCE_MANAGEMENT,,,CARD,0,0,121,130,320,2,True,5,2,False,True,1,1,2,879,120,4,879,120,4,False,False,,,False
92233918,440.7,WIN,False,112,14,MAIN,11,ENERGY_MANAGEMENT,ATTACH_ENERGY,,ATTACH,2,0,121,130,320,2,True,5,2,True,True,1,1,2,879,120,4,879,120,4,False,False,,,False
92233918,440.7,WIN,False,113,14,MAIN,5,ATTACK_SELECTION,ATTACK,,ATTACK,2,1,121,130,320,2,True,5,2,True,True,1,1,3,879,120,4,879,0,4,False,False,,,False
92233918,440.7,WIN,False,114,14,DAMAGE_COUNTER_ANY,5,TARGET_SELECTION,,,CARD,0,0,121,130,320,2,True,5,2,False,True,1,1,3,879,0,4,879,0,4,False,False,,,False
92233918,440.7,WIN,False,115,14,DAMAGE_COUNTER_ANY,5,TARGET_SELECTION,,,CARD,0,0,121,130,320,2,True,5,2,False,True,1,1,3,879,0,4,879,0,4,False,False,,,False
92233918,440.7,WIN,False,116,14,DAMAGE_COUNTER_ANY,5,TARGET_SELECTION,,,CARD,0,0,121,130,320,2,True,5,2,False,True,1,1,3,879,0,4,879,0,4,False,False,,,False
92233918,440.7,WIN,False,117,14,DAMAGE_COUNTER_ANY,5,TARGET_SELECTION,,,CARD,0,0,121,130,320,2,True,5,2,False,True,1,1,3,879,0,4,879,0,4,False,False,,,False
92233918,440.7,WIN,False,118,14,DAMAGE_COUNTER_ANY,5,TARGET_SELECTION,,,CARD,0,0,121,130,320,2,True,5,2,False,True,1,1,3,879,0,4,879,0,4,False,False,,,False
92233918,440.7,WIN,False,119,14,DAMAGE_COUNTER_ANY,5,TARGET_SELECTION,,,CARD,0,0,121,130,320,2,True,5,2,False,True,1,1,3,879,0,4,,,4,False,False,,,False
92233918,440.7,WIN,False,120,14,TO_HAND,2,RESOURCE_MANAGEMENT,,,CARD,0,0,121,130,320,2,True,5,2,False,True,1,1,3,,,4,,,4,,,,,False
92234853,613.9,WIN,True,0,,,0,UNKNOWN,,,,0,0,,,,,False,,,False,False,,,0,,,,,,,,,,,False
92234853,613.9,WIN,True,1,,,0,UNKNOWN,,,,0,0,,,,,False,,,False,False,,,0,,,,,,0,,,,,False
92234853,613.9,WIN,True,2,0,IS_FIRST,2,GOING_FIRST_SECOND,,,YES,0,0,,,,,False,0,0,False,False,,,0,,,0,,,0,,,,,False
92234853,613.9,WIN,True,3,0,SETUP_ACTIVE_POKEMON,1,EARLY_GAME_SETUP,,,,0,0,,,,,False,0,0,False,False,,,0,,,0,169,130,6,,,,,False
92234853,613.9,WIN,True,4,1,MAIN,2,TIMING,,,,0,0,119,70,70,1,False,0,6,False,False,1,0,0,169,130,6,169,130,6,False,False,,,False
92234853,613.9,WIN,True,5,3,MAIN,7,RESOURCE_MANAGEMENT,PLAY_ITEM,1152,PLAY,0,0,119,40,70,1,True,0,6,False,False,1,0,0,169,130,6,169,130,6,False,False,Hammer In,30,False
92234853,613.9,WIN,True,6,3,TO_HAND,8,RESOURCE_MANAGEMENT,,,CARD,0,0,119,40,70,1,True,0,6,False,False,1,0,0,169,130,6,169,130,6,False,False,Hammer In,30,False
92234853,613.9,WIN,True,7,3,MAIN,7,RESOURCE_MANAGEMENT,PLAY_POKEMON,235,PLAY,0,0,119,40,70,1,True,0,6,False,False,1,0,0,169,130,6,169,130,6,False,False,Hammer In,30,False
92234853,613.9,WIN,True,8,3,MAIN,6,BENCH_MANAGEMENT,EVOLVE,,EVOLVE,0,0,119,40,70,1,True,1,6,False,True,1,0,1,169,130,6,169,130,6,False,False,Hammer In,30,False
92234853,613.9,WIN,True,9,3,MAIN,6,RESOURCE_MANAGEMENT,ABILITY,,ABILITY,0,0,120,60,90,1,True,1,6,False,True,1,0,1,169,130,6,169,130,6,False,False,Hammer In,30,True
92234853,613.9,WIN,True,10,3,TO_HAND,2,RESOURCE_MANAGEMENT,,,CARD,0,0,120,60,90,1,True,1,6,False,True,1,0,1,169,130,6,169,130,6,False,False,Hammer In,30,False
92234853,613.9,WIN,True,11,3,MAIN,6,RESOURCE_MANAGEMENT,PLAY_ITEM,1086,PLAY,0,0,120,60,90,1,True,1,6,False,True,1,0,1,169,130,6,169,130,6,False,False,Hammer In,30,False
92234853,613.9,WIN,True,12,3,TO_BENCH,4,BENCH_MANAGEMENT,,,CARD;CARD,0,0,120,60,90,1,True,1,6,False,True,1,0,1,169,130,6,169,130,6,False,False,Hammer In,30,False
92234853,613.9,WIN,True,13,3,MAIN,5,RESOURCE_MANAGEMENT,PLAY_SUPPORTER,1227,PLAY,0,0,120,60,90,1,True,3,6,False,True,1,0,1,169,130,6,169,130,6,False,False,Hammer In,30,False
92234853,613.9,WIN,True,14,3,MAIN,6,ENERGY_MANAGEMENT,ATTACH_ENERGY,,ATTACH,0,0,120,60,90,1,True,3,6,False,True,1,0,1,169,130,6,169,130,6,False,False,Hammer In,30,False
92234853,613.9,WIN,True,15,3,MAIN,2,TIMING,,,,0,0,120,60,90,1,True,3,6,False,True,1,0,2,169,130,6,190,300,6,False,False,Hammer In,30,False
92234853,613.9,WIN,True,16,5,MAIN,11,BENCH_MANAGEMENT,EVOLVE,,EVOLVE,0,0,120,60,90,1,True,3,6,False,True,1,0,2,190,300,6,190,300,6,False,True,,,False
92234853,613.9,WIN,True,17,5,MAIN,9,RESOURCE_MANAGEMENT,PLAY_SUPPORTER,1198,PLAY,0,0,121,290,320,2,True,3,6,False,True,1,0,2,190,300,6,190,300,6,False,False,,,True
92234853,613.9,WIN,True,18,5,TO_HAND,7,RESOURCE_MANAGEMENT,,,CARD,0,0,121,290,320,2,True,3,6,False,True,1,0,2,190,300,6,190,300,6,False,False,,,False
92234853,613.9,WIN,True,19,5,ATTACH_TO,4,ENERGY_MANAGEMENT,,,CARD,0,0,121,290,320,2,True,3,6,False,True,1,0,2,190,300,6,190,300,6,False,False,,,False
92234853,613.9,WIN,True,20,5,ATTACH_FROM,4,ENERGY_MANAGEMENT,,,CARD,0,0,121,290,320,2,True,3,6,False,True,1,0,2,190,300,6,190,300,6,False,False,,,False
92234853,613.9,WIN,True,21,5,MAIN,12,BENCH_MANAGEMENT,EVOLVE,,EVOLVE,1,0,121,290,320,2,True,3,6,True,True,1,1,2,190,300,6,190,300,6,False,False,,,False
92234853,613.9,WIN,True,22,5,MAIN,10,RESOURCE_MANAGEMENT,ABILITY,,ABILITY,1,0,121,290,320,2,True,3,6,True,True,1,1,1,190,300,6,190,300,6,False,False,,,False
92234853,613.9,WIN,True,23,5,TO_HAND,2,RESOURCE_MANAGEMENT,,,CARD,0,0,121,290,320,2,True,3,6,False,True,1,1,1,190,300,6,190,300,6,False,False,,,False
92234853,613.9,WIN,True,24,5,MAIN,9,BENCH_MANAGEMENT,EVOLVE,,EVOLVE,1,0,121,290,320,2,True,3,6,True,True,1,1,1,190,300,6,190,300,6,False,False,,,False
92234853,613.9,WIN,True,25,5,MAIN,9,RESOURCE_MANAGEMENT,ABILITY,,ABILITY,1,0,121,290,320,2,True,3,6,True,True,1,1,1,190,300,6,190,300,6,False,False,,,False
92234853,613.9,WIN,True,26,5,TO_HAND,2,RESOURCE_MANAGEMENT,,,CARD,0,0,121,290,320,2,True,3,6,False,True,1,1,1,190,300,6,190,300,6,False,False,,,False
92234853,613.9,WIN,True,27,5,MAIN,9,RESOURCE_MANAGEMENT,PLAY_STADIUM,1256,PLAY,1,0,121,290,320,2,True,3,6,True,True,1,1,1,190,300,6,190,300,6,False,False,,,False
92234853,613.9,WIN,True,28,5,MAIN,8,ENERGY_MANAGEMENT,ATTACH_ENERGY,,ATTACH,1,0,121,290,320,2,True,3,6,True,True,1,1,1,190,300,6,190,300,6,False,False,,,False
92234853,613.9,WIN,True,29,5,MAIN,5,ATTACK_SELECTION,ATTACK,,ATTACK,2,1,121,290,320,2,True,3,6,True,True,1,1,1,190,300,6,190,100,6,False,False,,,False
92234853,613.9,WIN,True,30,5,DAMAGE_COUNTER_ANY,1,TARGET_SELECTION,,,CARD,0,0,121,290,320,2,True,3,6,False,True,1,1,1,190,100,6,190,100,6,False,False,,,False
92234853,613.9,WIN,True,31,5,DAMAGE_COUNTER_ANY,1,TARGET_SELECTION,,,CARD,0,0,121,290,320,2,True,3,6,False,True,1,1,1,190,100,6,190,100,6,False,False,,,False
92234853,613.9,WIN,True,32,5,DAMAGE_COUNTER_ANY,1,TARGET_SELECTION,,,CARD,0,0,121,290,320,2,True,3,6,False,True,1,1,1,190,100,6,190,100,6,False,False,,,False
92234853,613.9,WIN,True,33,5,DAMAGE_COUNTER_ANY,1,TARGET_SELECTION,,,CARD,0,0,121,290,320,2,True,3,6,False,True,1,1,1,190,100,6,190,100,6,False,False,,,False
92234853,613.9,WIN,True,34,5,DAMAGE_COUNTER_ANY,1,TARGET_SELECTION,,,CARD,0,0,121,290,320,2,True,3,6,False,True,1,1,1,190,100,6,190,100,6,False,False,,,False
92234853,613.9,WIN,True,35,5,DAMAGE_COUNTER_ANY,1,TARGET_SELECTION,,,,0,0,121,290,320,2,True,3,6,False,True,1,1,1,190,100,6,190,100,6,False,False,,,False
92234853,613.9,WIN,True,36,7,MAIN,14,RESOURCE_MANAGEMENT,ABILITY,,ABILITY,2,0,121,290,320,2,True,3,6,True,True,1,1,1,190,100,6,190,100,6,False,False,,,False
92234853,613.9,WIN,True,37,7,TO_HAND,2,RESOURCE_MANAGEMENT,,,CARD,0,0,121,290,320,2,True,3,6,False,True,1,1,1,190,100,6,190,100,6,False,False,,,False
92234853,613.9,WIN,True,38,7,MAIN,14,RESOURCE_MANAGEMENT,ABILITY,,ABILITY,2,0,121,290,320,2,True,3,6,True,True,1,1,1,190,100,6,190,100,6,False,False,,,False
92234853,613.9,WIN,True,39,7,TO_HAND,2,RESOURCE_MANAGEMENT,,,CARD,0,0,121,290,320,2,True,3,6,False,True,1,1,1,190,100,6,190,100,6,False,False,,,False
92234853,613.9,WIN,True,40,7,MAIN,14,RESOURCE_MANAGEMENT,PLAY_ITEM,1152,PLAY,2,0,121,290,320,2,True,3,6,True,True,1,1,1,190,100,6,190,100,6,False,False,,,False
92234853,613.9,WIN,True,41,7,TO_HAND,3,RESOURCE_MANAGEMENT,,,CARD,0,0,121,290,320,2,True,3,6,False,True,1,1,1,190,100,6,190,100,6,False,False,,,False
92234853,613.9,WIN,True,42,7,MAIN,13,ENERGY_MANAGEMENT,ATTACH_ENERGY,,ATTACH,2,0,121,290,320,2,True,3,6,True,True,1,1,1,190,100,6,190,100,6,False,False,,,False
92234853,613.9,WIN,True,43,7,MAIN,9,RESOURCE_MANAGEMENT,PLAY_SUPPORTER,1227,PLAY,2,0,121,290,320,2,True,3,6,True,True,1,1,1,190,100,6,190,100,6,False,False,,,False
92234853,613.9,WIN,True,44,7,MAIN,11,BENCH_MANAGEMENT,EVOLVE,,EVOLVE,2,0,121,290,320,2,True,3,6,True,True,1,1,1,190,100,6,190,100,6,False,False,,,False
92234853,613.9,WIN,True,45,7,MAIN,9,RESOURCE_MANAGEMENT,PLAY_POKEMON,119,PLAY,2,0,121,290,320,2,True,3,6,True,True,1,1,2,190,100,6,190,100,6,False,False,,,False
92234853,613.9,WIN,True,46,7,MAIN,8,ATTACK_SELECTION,ATTACK,,ATTACK,2,1,121,290,320,2,True,4,6,True,True,1,1,2,190,100,6,190,0,6,False,False,,,False
92234853,613.9,WIN,True,47,7,DAMAGE_COUNTER_ANY,1,TARGET_SELECTION,,,CARD,0,0,121,290,320,2,True,4,6,False,True,1,1,2,190,0,6,190,0,6,False,False,,,False
92234853,613.9,WIN,True,48,7,DAMAGE_COUNTER_ANY,1,TARGET_SELECTION,,,CARD,0,0,121,290,320,2,True,4,6,False,True,1,1,2,190,0,6,190,0,6,False,False,,,False
92234853,613.9,WIN,True,49,7,DAMAGE_COUNTER_ANY,1,TARGET_SELECTION,,,CARD,0,0,121,290,320,2,True,4,6,False,True,1,1,2,190,0,6,190,0,6,False,False,,,False
92234853,613.9,WIN,True,50,7,DAMAGE_COUNTER_ANY,1,TARGET_SELECTION,,,CARD,0,0,121,290,320,2,True,4,6,False,True,1,1,2,190,0,6,190,0,6,False,False,,,False
92234853,613.9,WIN,True,51,7,DAMAGE_COUNTER_ANY,1,TARGET_SELECTION,,,CARD,0,0,121,290,320,2,True,4,6,False,True,1,1,2,190,0,6,190,0,6,False,False,,,False
92234853,613.9,WIN,True,52,7,DAMAGE_COUNTER_ANY,1,TARGET_SELECTION,,,CARD,0,0,121,290,320,2,True,4,6,False,True,1,1,2,190,0,6,,,6,False,False,,,False
92234853,613.9,WIN,True,53,7,TO_HAND,6,RESOURCE_MANAGEMENT,,,,0,0,121,290,320,2,True,4,6,False,True,1,1,2,,,6,169,10,6,,,,,False
92234853,613.9,WIN,True,54,9,MAIN,18,RESOURCE_MANAGEMENT,PLAY_POKEMON,140,PLAY,2,0,121,290,320,2,True,4,4,True,True,1,1,2,169,10,6,169,10,6,False,False,,,False
92234853,613.9,WIN,True,55,9,MAIN,14,RESOURCE_MANAGEMENT,ABILITY,,ABILITY,2,0,121,290,320,2,True,5,4,True,True,1,1,2,169,10,6,169,10,6,False,False,,,False
92234853,613.9,WIN,True,56,9,TO_HAND,2,RESOURCE_MANAGEMENT,,,CARD,0,0,121,290,320,2,True,5,4,False,True,1,1,2,169,10,6,169,10,6,False,False,,,False
92234853,613.9,WIN,True,57,9,MAIN,13,BENCH_MANAGEMENT,EVOLVE,,EVOLVE,2,0,121,290,320,2,True,5,4,True,True,1,1,2,169,10,6,169,10,6,False,False,,,False
92234853,613.9,WIN,True,58,9,MAIN,13,RESOURCE_MANAGEMENT,ABILITY,,ABILITY,2,0,121,290,320,2,True,5,4,True,True,1,1,2,169,10,6,169,10,6,False,False,,,False
92234853,613.9,WIN,True,59,9,TO_HAND,2,RESOURCE_MANAGEMENT,,,CARD,0,0,121,290,320,2,True,5,4,False,True,1,1,2,169,10,6,169,10,6,False,False,,,False
92234853,613.9,WIN,True,60,9,MAIN,13,RESOURCE_MANAGEMENT,PLAY_SUPPORTER,1182,PLAY,2,0,121,290,320,2,True,5,4,True,True,1,1,2,169,10,6,169,10,6,False,False,,,False
92234853,613.9,WIN,True,61,9,SWITCH,1,ACTIVE_POKEMON_SELECTION,,,CARD,0,0,121,290,320,2,True,5,4,False,True,1,1,2,169,10,6,169,130,6,False,False,,,False
92234853,613.9,WIN,True,62,9,MAIN,10,ENERGY_MANAGEMENT,ATTACH_ENERGY,,ATTACH,2,0,121,290,320,2,True,5,4,True,True,1,1,2,169,130,6,169,130,6,False,False,,,False
92234853,613.9,WIN,True,63,9,MAIN,4,ATTACK_SELECTION,ATTACK,,ATTACK,2,1,121,290,320,2,True,5,4,True,True,1,1,2,169,130,6,169,0,6,False,False,,,False
92234853,613.9,WIN,True,64,9,DAMAGE_COUNTER_ANY,1,TARGET_SELECTION,,,CARD,0,0,121,290,320,2,True,5,4,False,True,1,1,2,169,0,6,169,0,6,False,False,,,False
92234853,613.9,WIN,True,65,9,DAMAGE_COUNTER_ANY,1,TARGET_SELECTION,,,CARD,0,0,121,290,320,2,True,5,4,False,True,1,1,2,169,0,6,169,0,6,False,False,,,False
92234853,613.9,WIN,True,66,9,DAMAGE_COUNTER_ANY,1,TARGET_SELECTION,,,CARD,0,0,121,290,320,2,True,5,4,False,True,1,1,2,169,0,6,169,0,6,False,False,,,False
92234853,613.9,WIN,True,67,9,DAMAGE_COUNTER_ANY,1,TARGET_SELECTION,,,CARD,0,0,121,290,320,2,True,5,4,False,True,1,1,2,169,0,6,169,0,6,False,False,,,False
92234853,613.9,WIN,True,68,9,DAMAGE_COUNTER_ANY,1,TARGET_SELECTION,,,CARD,0,0,121,290,320,2,True,5,4,False,True,1,1,2,169,0,6,169,0,6,False,False,,,False
92234853,613.9,WIN,True,69,9,DAMAGE_COUNTER_ANY,1,TARGET_SELECTION,,,CARD,0,0,121,290,320,2,True,5,4,False,True,1,1,2,169,0,6,,,6,False,False,,,False
92234853,613.9,WIN,True,70,9,TO_HAND,4,RESOURCE_MANAGEMENT,,,CARD,0,0,121,290,320,2,True,5,4,False,True,1,1,2,,,6,,,6,,,,,False
92235791,623.9,WIN,True,0,,,0,UNKNOWN,,,,0,0,,,,,False,,,False,False,,,0,,,,,,,,,,,False
92235791,623.9,WIN,True,1,,,0,UNKNOWN,,,,0,0,,,,,False,,,False,False,,,0,,,,,,0,,,,,False
92235791,623.9,WIN,True,2,0,IS_FIRST,2,GOING_FIRST_SECOND,,,,0,0,,,,,False,0,0,False,False,,,0,,,0,,,6,,,,,False
92235791,623.9,WIN,True,3,0,SETUP_ACTIVE_POKEMON,2,EARLY_GAME_SETUP,,,,0,0,,,,,False,0,0,False,False,,,0,,,6,,,6,,,,,False
92235791,623.9,WIN,True,4,0,SETUP_BENCH_POKEMON,1,BENCH_MANAGEMENT,,,,0,0,,,,,False,0,6,False,False,,,0,,,6,676,110,6,,,,,False
92235791,623.9,WIN,True,5,1,MAIN,5,RESOURCE_MANAGEMENT,PLAY_STADIUM,1256,PLAY,0,0,184,210,210,2,False,0,6,False,False,2,0,0,676,110,6,676,110,6,False,False,,,False
92235791,623.9,WIN,True,6,1,MAIN,4,RESOURCE_MANAGEMENT,PLAY_POKEMON,235,PLAY,0,0,184,210,210,2,False,0,6,False,False,2,0,0,676,110,6,676,110,6,False,False,,,False
92235791,623.9,WIN,True,7,1,MAIN,4,RESOURCE_MANAGEMENT,PLAY_ITEM,1152,PLAY,0,0,184,210,210,2,False,1,6,True,True,2,0,1,676,110,6,676,110,6,False,False,,,False
92235791,623.9,WIN,True,8,1,TO_HAND,8,RESOURCE_MANAGEMENT,,,CARD,0,0,184,210,210,2,False,1,6,False,True,2,0,1,676,110,6,676,110,6,False,False,,,False
92235791,623.9,WIN,True,9,1,MAIN,4,RESOURCE_MANAGEMENT,PLAY_POKEMON,119,PLAY,0,0,184,210,210,2,False,1,6,True,True,2,0,1,676,110,6,676,110,6,False,False,,,False
92235791,623.9,WIN,True,10,1,MAIN,3,TIMING,,,,0,0,184,210,210,2,False,2,6,True,True,2,0,1,676,110,6,676,110,6,False,False,,,False
92235791,623.9,WIN,True,11,3,MAIN,7,RESOURCE_MANAGEMENT,PLAY_ITEM,1086,PLAY,0,0,184,140,210,2,True,2,6,True,True,2,0,1,676,110,6,676,110,6,False,False,Cosmic Beam,70,False
92235791,623.9,WIN,True,12,3,TO_BENCH,4,BENCH_MANAGEMENT,,,CARD;CARD,0,0,184,140,210,2,True,2,6,False,True,2,0,1,676,110,6,676,110,6,False,False,Cosmic Beam,70,False
92235791,623.9,WIN,True,13,3,MAIN,6,RESOURCE_MANAGEMENT,PLAY_ITEM,1120,PLAY,0,0,184,140,210,2,True,4,6,True,True,2,0,1,676,110,6,676,110,6,False,False,Cosmic Beam,70,False
92235791,623.9,WIN,True,14,3,DISCARD_ENERGY,1,ENERGY_MANAGEMENT,,,ENERGY,0,0,184,140,210,2,True,4,6,False,True,2,0,1,676,110,6,676,110,6,False,False,Cosmic Beam,70,False
92235791,623.9,WIN,True,15,3,MAIN,5,BENCH_MANAGEMENT,EVOLVE,,EVOLVE,0,0,184,140,210,2,True,4,6,True,True,2,0,1,676,110,6,676,110,6,False,False,,,False
92235791,623.9,WIN,True,16,3,MAIN,5,RESOURCE_MANAGEMENT,ABILITY,,ABILITY,0,0,184,140,210,2,True,4,6,True,True,2,0,1,676,110,6,676,110,6,False,False,,,False
92235791,623.9,WIN,True,17,3,TO_HAND,2,RESOURCE_MANAGEMENT,,,CARD,0,0,184,140,210,2,True,4,6,False,True,2,0,1,676,110,6,676,110,6,False,False,,,False
92235791,623.9,WIN,True,18,3,MAIN,5,RETREAT_SELECTION,RETREAT,,RETREAT,0,0,184,140,210,2,True,4,6,True,True,2,0,1,676,110,6,676,110,6,False,False,,,False
92235791,623.9,WIN,True,19,3,SWITCH,4,ACTIVE_POKEMON_SELECTION,,,CARD,0,0,184,140,210,2,True,4,6,False,True,2,0,1,676,110,6,676,110,6,False,False,,,False
92235791,623.9,WIN,True,20,3,MAIN,5,TIMING,,,,1,0,235,30,30,1,False,4,6,False,True,0,0,0,676,110,6,676,90,5,False,True,,,True
92235791,623.9,WIN,True,21,4,TO_ACTIVE,4,ACTIVE_POKEMON_SELECTION,,,CARD,0,0,,,,,False,4,6,False,True,,,0,676,90,5,676,90,5,,,,,True
92235791,623.9,WIN,True,22,5,MAIN,7,RESOURCE_MANAGEMENT,PLAY_POKEMON,1071,PLAY,0,0,119,70,70,1,False,3,6,True,True,1,0,0,676,90,5,676,90,5,True,False,Cosmic Beam,70,False
92235791,623.9,WIN,True,23,5,ACTIVATE,2,RESOURCE_MANAGEMENT,,,YES,0,0,119,70,70,1,False,4,6,False,True,1,0,0,676,90,5,676,90,5,True,False,Cosmic Beam,70,False
92235791,623.9,WIN,True,24,5,TO_HAND,10,RESOURCE_MANAGEMENT,,,CARD,0,0,119,70,70,1,False,4,6,False,True,1,0,0,676,90,5,676,90,5,True,False,Cosmic Beam,70,False
92235791,623.9,WIN,True,25,5,MAIN,7,RESOURCE_MANAGEMENT,PLAY_ITEM,1086,PLAY,0,0,119,70,70,1,False,4,6,True,True,1,0,0,676,90,5,676,90,5,True,False,Cosmic Beam,70,False
92235791,623.9,WIN,True,26,5,TO_BENCH,2,BENCH_MANAGEMENT,,,CARD,0,0,119,70,70,1,False,4,6,False,True,1,0,0,676,90,5,676,90,5,True,False,Cosmic Beam,70,False
92235791,623.9,WIN,True,27,5,MAIN,6,RESOURCE_MANAGEMENT,ABILITY,,ABILITY,0,0,119,70,70,1,False,5,6,True,True,1,0,0,676,90,5,676,90,5,True,False,Cosmic Beam,70,False
92235791,623.9,WIN,True,28,5,TO_HAND,2,RESOURCE_MANAGEMENT,,,CARD,0,0,119,70,70,1,False,5,6,False,True,1,0,0,676,90,5,676,90,5,True,False,Cosmic Beam,70,False
92235791,623.9,WIN,True,29,5,MAIN,11,ENERGY_MANAGEMENT,ATTACH_ENERGY,,ATTACH,0,0,119,70,70,1,False,5,6,True,True,1,0,0,676,90,5,676,90,5,True,False,Cosmic Beam,70,False
92235791,623.9,WIN,True,30,5,MAIN,5,RESOURCE_MANAGEMENT,PLAY_SUPPORTER,1227,PLAY,0,0,119,70,70,1,False,5,6,True,True,1,0,1,676,90,5,676,90,5,True,False,Cosmic Beam,70,False
92235791,623.9,WIN,True,31,5,MAIN,5,RESOURCE_MANAGEMENT,PLAY_ITEM,1152,PLAY,0,0,119,70,70,1,False,5,6,True,True,1,0,1,676,90,5,676,90,5,True,False,Cosmic Beam,70,False
92235791,623.9,WIN,True,32,5,TO_HAND,4,RESOURCE_MANAGEMENT,,,CARD,0,0,119,70,70,1,False,5,6,False,True,1,0,1,676,90,5,676,90,5,True,False,Cosmic Beam,70,False
92235791,623.9,WIN,True,33,5,MAIN,6,BENCH_MANAGEMENT,EVOLVE,,EVOLVE,0,0,119,70,70,1,False,5,6,True,True,1,0,1,676,90,5,676,90,5,True,False,Cosmic Beam,70,False
92235791,623.9,WIN,True,34,5,MAIN,5,RESOURCE_MANAGEMENT,ABILITY,,ABILITY,0,0,119,70,70,1,False,5,6,True,True,1,0,0,676,90,5,676,90,5,True,False,Cosmic Beam,70,False
92235791,623.9,WIN,True,35,5,TO_HAND,2,RESOURCE_MANAGEMENT,,,CARD,0,0,119,70,70,1,False,5,6,False,True,1,0,0,676,90,5,676,90,5,True,False,Cosmic Beam,70,False
92235791,623.9,WIN,True,36,5,MAIN,4,RETREAT_SELECTION,RETREAT,,RETREAT,0,0,119,70,70,1,False,5,6,True,True,1,0,0,676,90,5,676,90,5,True,False,Cosmic Beam,70,False
92235791,623.9,WIN,True,37,5,SWITCH,5,ACTIVE_POKEMON_SELECTION,,,CARD,0,0,119,70,70,1,False,5,6,False,True,1,0,0,676,90,5,676,90,5,True,False,Cosmic Beam,70,False
92235791,623.9,WIN,True,38,5,MAIN,3,TIMING,,,,0,0,120,90,90,1,False,5,6,False,True,1,1,0,676,90,5,678,340,3,False,False,Cosmic Beam,70,True
92235791,623.9,WIN,True,39,6,TO_ACTIVE,5,ACTIVE_POKEMON_SELECTION,,,CARD,0,0,,,,,False,5,6,False,True,,,0,678,340,3,678,340,3,,,,,True
92235791,623.9,WIN,True,40,7,MAIN,21,RESOURCE_MANAGEMENT,PLAY_POKEMON,140,PLAY,0,0,120,90,90,1,False,4,6,True,True,1,1,0,678,340,3,678,340,3,True,False,Aura Jab,130,False
92235791,623.9,WIN,True,41,7,MAIN,23,RESOURCE_MANAGEMENT,PLAY_ITEM,1121,PLAY,0,0,120,90,90,1,False,5,6,True,True,1,1,0,678,340,3,678,340,3,True,False,Aura Jab,130,False
92235791,623.9,WIN,True,42,7,DISCARD,7,RESOURCE_MANAGEMENT,,,CARD;CARD,0,0,120,90,90,1,False,5,6,False,True,1,1,0,678,340,3,678,340,3,True,False,Aura Jab,130,False
92235791,623.9,WIN,True,43,7,TO_HAND,5,RESOURCE_MANAGEMENT,,,CARD,0,0,120,90,90,1,False,5,6,False,True,1,1,0,678,340,3,678,340,3,True,False,Aura Jab,130,False
92235791,623.9,WIN,True,44,7,MAIN,22,BENCH_MANAGEMENT,EVOLVE,,EVOLVE,0,0,120,90,90,1,False,5,6,True,True,1,1,0,678,340,3,678,340,3,True,False,Aura Jab,130,False
92235791,623.9,WIN,True,45,7,MAIN,20,RESOURCE_MANAGEMENT,PLAY_ITEM,1097,PLAY,1,0,121,290,290,2,False,5,6,True,True,1,1,0,678,340,3,678,340,3,False,False,Aura Jab,130,True
92235791,623.9,WIN,True,46,7,TO_HAND,2,RESOURCE_MANAGEMENT,,,CARD,0,0,121,290,290,2,False,5,6,False,True,1,1,0,678,340,3,678,340,3,False,False,Aura Jab,130,False
92235791,623.9,WIN,True,47,7,MAIN,19,RESOURCE_MANAGEMENT,ABILITY,,ABILITY,1,0,121,290,290,2,False,5,6,True,True,1,1,0,678,340,3,678,340,3,False,False,Aura Jab,130,False
92235791,623.9,WIN,True,48,7,TO_HAND,2,RESOURCE_MANAGEMENT,,,CARD,0,0,121,290,290,2,False,5,6,False,True,1,1,0,678,340,3,678,340,3,False,False,Aura Jab,130,False
92235791,623.9,WIN,True,49,7,MAIN,24,RESOURCE_MANAGEMENT,ABILITY,,ABILITY,1,0,121,290,290,2,False,5,6,True,True,1,1,0,678,340,3,678,340,3,False,False,Aura Jab,130,False
92235791,623.9,WIN,True,50,7,MAIN,26,RESOURCE_MANAGEMENT,PLAY_ITEM,1152,PLAY,1,0,121,290,290,2,False,5,6,True,True,1,1,0,678,340,3,678,340,3,False,False,Aura Jab,130,False
92235791,623.9,WIN,True,51,7,TO_HAND,3,RESOURCE_MANAGEMENT,,,CARD,0,0,121,290,290,2,False,5,6,False,True,1,1,0,678,340,3,678,340,3,False,False,Aura Jab,130,False
92235791,623.9,WIN,True,52,7,MAIN,27,RESOURCE_MANAGEMENT,PLAY_SUPPORTER,1198,PLAY,1,0,121,290,290,2,False,5,6,True,True,1,1,0,678,340,3,678,340,3,False,False,Aura Jab,130,False
92235791,623.9,WIN,True,53,7,TO_HAND,4,RESOURCE_MANAGEMENT,,,CARD,0,0,121,290,290,2,False,5,6,False,True,1,1,0,678,340,3,678,340,3,False,False,Aura Jab,130,False
92235791,623.9,WIN,True,54,7,ATTACH_TO,3,ENERGY_MANAGEMENT,,,CARD,0,0,121,290,290,2,False,5,6,False,True,1,1,0,678,340,3,678,340,3,False,False,Aura Jab,130,False
92235791,623.9,WIN,True,55,7,ATTACH_FROM,6,ENERGY_MANAGEMENT,,,CARD,0,0,121,290,290,2,False,5,6,False,True,1,1,0,678,340,3,678,340,3,False,False,Aura Jab,130,False
92235791,623.9,WIN,True,56,7,MAIN,31,RESOURCE_MANAGEMENT,PLAY_ITEM,1121,PLAY,2,0,121,290,290,2,False,5,6,True,True,1,1,0,678,340,3,678,340,3,False,False,Aura Jab,130,False
92235791,623.9,WIN,True,57,7,DISCARD,8,RESOURCE_MANAGEMENT,,,CARD;CARD,0,0,121,290,290,2,False,5,6,False,True,1,1,0,678,340,3,678,340,3,False,False,Aura Jab,130,False
92235791,623.9,WIN,True,58,7,TO_HAND,3,RESOURCE_MANAGEMENT,,,CARD,0,0,121,290,290,2,False,5,6,False,True,1,1,0,678,340,3,678,340,3,False,False,Aura Jab,130,False
92235791,623.9,WIN,True,59,7,MAIN,20,BENCH_MANAGEMENT,EVOLVE,,EVOLVE,2,0,121,290,290,2,False,5,6,True,True,1,1,0,678,340,3,678,340,3,False,False,Aura Jab,130,False
92235791,623.9,WIN,True,60,7,MAIN,18,RESOURCE_MANAGEMENT,ABILITY,,ABILITY,2,0,121,290,290,2,False,5,6,True,True,1,1,0,678,340,3,678,340,3,False,False,Aura Jab,130,False
92235791,623.9,WIN,True,61,7,TO_HAND,2,RESOURCE_MANAGEMENT,,,CARD,0,0,121,290,290,2,False,5,6,False,True,1,1,0,678,340,3,678,340,3,False,False,Aura Jab,130,False
92235791,623.9,WIN,True,62,7,MAIN,18,RESOURCE_MANAGEMENT,PLAY_STADIUM,1256,PLAY,2,0,121,290,290,2,False,5,6,True,True,1,1,0,678,340,3,678,340,3,False,False,Aura Jab,130,False
92235791,623.9,WIN,True,63,7,MAIN,17,BENCH_MANAGEMENT,EVOLVE,,EVOLVE,2,0,121,320,320,2,False,5,6,True,True,1,1,0,678,340,3,678,340,3,False,False,Aura Jab,130,False
92235791,623.9,WIN,True,64,7,MAIN,17,RESOURCE_MANAGEMENT,ABILITY,,ABILITY,2,0,121,320,320,2,False,5,6,True,True,1,1,0,678,340,3,678,340,3,False,False,Aura Jab,130,False
92235791,623.9,WIN,True,65,7,TO_HAND,2,RESOURCE_MANAGEMENT,,,CARD,0,0,121,320,320,2,False,5,6,False,True,1,1,0,678,340,3,678,340,3,False,False,Aura Jab,130,False
92235791,623.9,WIN,True,66,7,MAIN,16,ENERGY_MANAGEMENT,ATTACH_ENERGY,,ATTACH,2,0,121,320,320,2,False,5,6,True,True,1,1,0,678,340,3,678,340,3,False,False,Aura Jab,130,False
92235791,623.9,WIN,True,67,7,MAIN,4,ATTACK_SELECTION,ATTACK,,ATTACK,2,1,121,320,320,2,False,5,6,True,True,1,1,0,678,340,3,678,140,3,False,False,Aura Jab,130,False
92235791,623.9,WIN,True,68,7,DAMAGE_COUNTER_ANY,5,TARGET_SELECTION,,,CARD,0,0,121,320,320,2,False,5,6,False,True,1,1,0,678,140,3,678,140,3,False,False,Aura Jab,130,False
92235791,623.9,WIN,True,69,7,DAMAGE_COUNTER_ANY,5,TARGET_SELECTION,,,CARD,0,0,121,320,320,2,False,5,6,False,True,1,1,0,678,140,3,678,140,3,False,False,Aura Jab,130,False
92235791,623.9,WIN,True,70,7,DAMAGE_COUNTER_ANY,5,TARGET_SELECTION,,,CARD,0,0,121,320,320,2,False,5,6,False,True,1,1,0,678,140,3,678,140,3,False,False,Aura Jab,130,False
92235791,623.9,WIN,True,71,7,DAMAGE_COUNTER_ANY,5,TARGET_SELECTION,,,CARD,0,0,121,320,320,2,False,5,6,False,True,1,1,0,678,140,3,678,140,3,False,False,Aura Jab,130,False
92235791,623.9,WIN,True,72,7,DAMAGE_COUNTER_ANY,5,TARGET_SELECTION,,,CARD,0,0,121,320,320,2,False,5,6,False,True,1,1,0,678,140,3,678,140,3,False,False,Aura Jab,130,False
92235791,623.9,WIN,True,73,7,DAMAGE_COUNTER_ANY,5,TARGET_SELECTION,,,,0,0,121,320,320,2,False,5,6,False,True,1,1,0,678,140,3,678,140,3,False,False,Aura Jab,130,False
92235791,623.9,WIN,True,74,9,MAIN,17,RESOURCE_MANAGEMENT,ABILITY,,ABILITY,2,0,121,50,320,2,True,5,6,True,True,1,1,0,678,140,3,678,140,3,True,False,Mega Brave,270,False
92235791,623.9,WIN,True,75,9,TO_HAND,2,RESOURCE_MANAGEMENT,,,CARD,0,0,121,50,320,2,True,5,6,False,True,1,1,0,678,140,3,678,140,3,True,False,Mega Brave,270,False
92235791,623.9,WIN,True,76,9,MAIN,17,RESOURCE_MANAGEMENT,PLAY_ITEM,1120,PLAY,2,0,121,50,320,2,True,5,6,True,True,1,1,0,678,140,3,678,140,3,True,False,Mega Brave,270,False
92235791,623.9,WIN,True,77,9,MAIN,16,RESOURCE_MANAGEMENT,ABILITY,,ABILITY,2,0,121,50,320,2,True,5,6,True,True,1,1,0,678,140,3,678,140,3,True,False,Mega Brave,270,False
92235791,623.9,WIN,True,78,9,TO_HAND,2,RESOURCE_MANAGEMENT,,,CARD,0,0,121,50,320,2,True,5,6,False,True,1,1,0,678,140,3,678,140,3,True,False,Mega Brave,270,False
92235791,623.9,WIN,True,79,9,MAIN,18,BENCH_MANAGEMENT,EVOLVE,,EVOLVE,2,0,121,50,320,2,True,5,6,True,True,1,1,0,678,140,3,678,140,3,True,False,Mega Brave,270,False
92235791,623.9,WIN,True,80,9,MAIN,15,RESOURCE_MANAGEMENT,ABILITY,,ABILITY,2,0,121,50,320,2,True,5,6,True,True,1,1,1,678,140,3,678,140,3,True,False,Mega Brave,270,False
92235791,623.9,WIN,True,81,9,TO_HAND,2,RESOURCE_MANAGEMENT,,,CARD,0,0,121,50,320,2,True,5,6,False,True,1,1,1,678,140,3,678,140,3,True,False,Mega Brave,270,False
92235791,623.9,WIN,True,82,9,MAIN,15,ENERGY_MANAGEMENT,ATTACH_ENERGY,,ATTACH,2,0,121,50,320,2,True,5,6,True,True,1,1,1,678,140,3,678,140,3,True,False,Mega Brave,270,False
92235791,623.9,WIN,True,83,9,MAIN,9,RESOURCE_MANAGEMENT,PLAY_SUPPORTER,1227,PLAY,2,0,121,50,320,2,True,5,6,True,True,1,1,1,678,140,3,678,140,3,True,False,Mega Brave,270,False
92235791,623.9,WIN,True,84,9,MAIN,7,RESOURCE_MANAGEMENT,PLAY_ITEM,1121,PLAY,2,0,121,50,320,2,True,5,6,True,True,1,1,1,678,140,3,678,140,3,True,False,Mega Brave,270,False
92235791,623.9,WIN,True,85,9,DISCARD,7,RESOURCE_MANAGEMENT,,,CARD;CARD,0,0,121,50,320,2,True,5,6,False,True,1,1,1,678,140,3,678,140,3,True,False,Mega Brave,270,False
92235791,623.9,WIN,True,86,9,TO_HAND,1,RESOURCE_MANAGEMENT,,,CARD,0,0,121,50,320,2,True,5,6,False,True,1,1,1,678,140,3,678,140,3,True,False,Mega Brave,270,False
92235791,623.9,WIN,True,87,9,MAIN,6,RESOURCE_MANAGEMENT,PLAY_ITEM,1120,PLAY,2,0,121,50,320,2,True,5,6,True,True,1,1,1,678,140,3,678,140,3,True,False,Mega Brave,270,False
92235791,623.9,WIN,True,88,9,DISCARD_ENERGY,6,ENERGY_MANAGEMENT,,,ENERGY,0,0,121,50,320,2,True,5,6,False,True,1,1,1,678,140,3,678,140,3,True,False,Mega Brave,270,False
92235791,623.9,WIN,True,89,9,MAIN,5,ATTACK_SELECTION,ATTACK,,ATTACK,2,1,121,50,320,2,True,5,6,True,True,1,1,1,678,140,3,678,0,3,True,False,Mega Brave,270,False
92235791,623.9,WIN,True,90,9,DAMAGE_COUNTER_ANY,5,TARGET_SELECTION,,,CARD,0,0,121,50,320,2,True,5,6,False,True,1,1,1,678,0,3,678,0,3,True,False,Mega Brave,270,False
92235791,623.9,WIN,True,91,9,DAMAGE_COUNTER_ANY,5,TARGET_SELECTION,,,CARD,0,0,121,50,320,2,True,5,6,False,True,1,1,1,678,0,3,678,0,3,True,False,Mega Brave,270,False
92235791,623.9,WIN,True,92,9,DAMAGE_COUNTER_ANY,5,TARGET_SELECTION,,,CARD,0,0,121,50,320,2,True,5,6,False,True,1,1,1,678,0,3,678,0,3,True,False,Mega Brave,270,False
92235791,623.9,WIN,True,93,9,DAMAGE_COUNTER_ANY,5,TARGET_SELECTION,,,CARD,0,0,121,50,320,2,True,5,6,False,True,1,1,1,678,0,3,678,0,3,True,False,Mega Brave,270,False
92235791,623.9,WIN,True,94,9,DAMAGE_COUNTER_ANY,5,TARGET_SELECTION,,,CARD,0,0,121,50,320,2,True,5,6,False,True,1,1,1,678,0,3,678,0,3,True,False,Mega Brave,270,False
92235791,623.9,WIN,True,95,9,DAMAGE_COUNTER_ANY,5,TARGET_SELECTION,,,CARD,0,0,121,50,320,2,True,5,6,False,True,1,1,1,678,0,3,,,3,True,False,Mega Brave,270,False
92235791,623.9,WIN,True,96,9,TO_HAND,6,RESOURCE_MANAGEMENT,,,CARD;CARD;CARD,0,0,121,50,320,2,True,5,6,False,True,1,1,1,,,3,,,3,,,,,False
92235791,623.9,WIN,True,97,9,TO_HAND,3,RESOURCE_MANAGEMENT,,,,0,0,121,50,320,2,True,5,3,False,True,1,1,1,,,3,678,340,1,,,,,False
92235791,623.9,WIN,True,98,10,TO_ACTIVE,5,ACTIVE_POKEMON_SELECTION,,,CARD,0,0,,,,,False,5,2,False,True,,,1,678,340,1,678,340,1,,,,,True
92235791,623.9,WIN,True,99,11,MAIN,17,RESOURCE_MANAGEMENT,PLAY_SUPPORTER,1182,PLAY,2,0,121,320,320,2,False,4,2,True,True,1,1,0,678,340,1,678,340,1,False,False,Aura Jab,130,False
92235791,623.9,WIN,True,100,11,SWITCH,4,ACTIVE_POKEMON_SELECTION,,,CARD,0,0,121,320,320,2,False,4,2,False,True,1,1,0,678,340,1,675,110,1,False,False,Aura Jab,130,False
92235791,623.9,WIN,True,101,11,MAIN,12,ATTACK_SELECTION,ATTACK,,ATTACK,2,1,121,320,320,2,False,4,2,True,True,1,1,0,675,110,1,675,0,1,False,False,,,False
92235791,623.9,WIN,True,102,11,DAMAGE_COUNTER_ANY,4,TARGET_SELECTION,,,CARD,0,0,121,320,320,2,False,4,2,False,True,1,1,0,675,0,1,675,0,1,False,False,,,False
92235791,623.9,WIN,True,103,11,DAMAGE_COUNTER_ANY,4,TARGET_SELECTION,,,CARD,0,0,121,320,320,2,False,4,2,False,True,1,1,0,675,0,1,675,0,1,False,False,,,False
92235791,623.9,WIN,True,104,11,DAMAGE_COUNTER_ANY,4,TARGET_SELECTION,,,CARD,0,0,121,320,320,2,False,4,2,False,True,1,1,0,675,0,1,675,0,1,False,False,,,False
92235791,623.9,WIN,True,105,11,DAMAGE_COUNTER_ANY,4,TARGET_SELECTION,,,CARD,0,0,121,320,320,2,False,4,2,False,True,1,1,0,675,0,1,675,0,1,False,False,,,False
92235791,623.9,WIN,True,106,11,DAMAGE_COUNTER_ANY,4,TARGET_SELECTION,,,CARD,0,0,121,320,320,2,False,4,2,False,True,1,1,0,675,0,1,675,0,1,False,False,,,False
92235791,623.9,WIN,True,107,11,DAMAGE_COUNTER_ANY,4,TARGET_SELECTION,,,CARD,0,0,121,320,320,2,False,4,2,False,True,1,1,0,675,0,1,,,1,False,False,,,False
92235791,623.9,WIN,True,108,11,TO_HAND,2,RESOURCE_MANAGEMENT,,,CARD,0,0,121,320,320,2,False,4,2,False,True,1,1,0,,,1,,,1,,,,,False
92236755,366.2,WIN,True,0,,,0,UNKNOWN,,,,0,0,,,,,False,,,False,False,,,0,,,,,,,,,,,False
92236755,366.2,WIN,True,1,,,0,UNKNOWN,,,,0,0,,,,,False,,,False,False,,,0,,,,,,0,,,,,False
92236755,366.2,WIN,True,2,0,IS_FIRST,2,GOING_FIRST_SECOND,,,,0,0,,,,,False,0,0,False,False,,,0,,,0,,,6,,,,,False
92236755,366.2,WIN,True,3,0,SETUP_ACTIVE_POKEMON,1,EARLY_GAME_SETUP,,,,0,0,,,,,False,0,0,False,False,,,0,,,6,860,70,6,,,,,False
92236755,366.2,WIN,True,4,1,MAIN,6,RESOURCE_MANAGEMENT,PLAY_STADIUM,1256,PLAY,0,0,119,70,70,1,False,0,6,False,False,1,0,0,860,70,6,860,70,6,False,False,,,False
92236755,366.2,WIN,True,5,1,MAIN,5,RESOURCE_MANAGEMENT,PLAY_POKEMON,235,PLAY,0,0,119,70,70,1,False,0,6,False,False,1,0,0,860,70,6,860,70,6,False,False,,,False
92236755,366.2,WIN,True,6,1,MAIN,4,RESOURCE_MANAGEMENT,PLAY_ITEM,1086,PLAY,0,0,119,70,70,1,False,1,6,False,True,1,0,1,860,70,6,860,70,6,False,False,,,False
92236755,366.2,WIN,True,7,1,TO_BENCH,4,BENCH_MANAGEMENT,,,CARD;CARD,0,0,119,70,70,1,False,1,6,False,True,1,0,1,860,70,6,860,70,6,False,False,,,False
92236755,366.2,WIN,True,8,1,MAIN,3,TIMING,,,,0,0,119,70,70,1,False,3,6,False,True,1,0,1,860,70,6,646,70,6,False,False,,,False
92236755,366.2,WIN,True,9,3,MAIN,5,RESOURCE_MANAGEMENT,PLAY_SUPPORTER,1227,PLAY,0,0,119,70,70,1,False,3,6,False,True,1,0,1,646,70,6,646,70,6,False,False,,,False
92236755,366.2,WIN,True,10,3,MAIN,9,RESOURCE_MANAGEMENT,PLAY_POKEMON,184,PLAY,0,0,119,70,70,1,False,3,6,False,True,1,0,1,646,70,6,646,70,6,False,False,,,False
92236755,366.2,WIN,True,11,3,MAIN,10,RESOURCE_MANAGEMENT,PLAY_ITEM,1152,PLAY,0,0,119,70,70,1,False,4,6,True,True,1,0,1,646,70,6,646,70,6,False,False,,,False
92236755,366.2,WIN,True,12,3,TO_HAND,5,RESOURCE_MANAGEMENT,,,CARD,0,0,119,70,70,1,False,4,6,False,True,1,0,1,646,70,6,646,70,6,False,False,,,False
92236755,366.2,WIN,True,13,3,MAIN,12,RESOURCE_MANAGEMENT,PLAY_ITEM,1121,PLAY,0,0,119,70,70,1,False,4,6,True,True,1,0,1,646,70,6,646,70,6,False,False,,,False
92236755,366.2,WIN,True,14,3,DISCARD,6,RESOURCE_MANAGEMENT,,,CARD;CARD,0,0,119,70,70,1,False,4,6,False,True,1,0,1,646,70,6,646,70,6,False,False,,,False
92236755,366.2,WIN,True,15,3,TO_HAND,6,RESOURCE_MANAGEMENT,,,CARD,0,0,119,70,70,1,False,4,6,False,True,1,0,1,646,70,6,646,70,6,False,False,,,False
92236755,366.2,WIN,True,16,3,MAIN,13,BENCH_MANAGEMENT,EVOLVE,,EVOLVE,0,0,119,70,70,1,False,4,6,True,True,1,0,1,646,70,6,646,70,6,False,False,,,False
92236755,366.2,WIN,True,17,3,MAIN,9,RESOURCE_MANAGEMENT,ABILITY,,ABILITY,0,0,120,90,90,1,False,4,6,False,True,1,0,1,646,70,6,646,70,6,False,False,,,True
92236755,366.2,WIN,True,18,3,TO_HAND,2,RESOURCE_MANAGEMENT,,,CARD,0,0,120,90,90,1,False,4,6,False,True,1,0,1,646,70,6,646,70,6,False,False,,,False
92236755,366.2,WIN,True,19,3,MAIN,8,BENCH_MANAGEMENT,EVOLVE,,EVOLVE,0,0,120,90,90,1,False,4,6,False,True,1,0,1,646,70,6,646,70,6,False,False,,,False
92236755,366.2,WIN,True,20,3,MAIN,7,RESOURCE_MANAGEMENT,ABILITY,,ABILITY,0,0,120,90,90,1,False,4,6,False,True,1,0,1,646,70,6,646,70,6,False,False,,,False
92236755,366.2,WIN,True,21,3,TO_HAND,2,RESOURCE_MANAGEMENT,,,CARD,0,0,120,90,90,1,False,4,6,False,True,1,0,1,646,70,6,646,70,6,False,False,,,False
92236755,366.2,WIN,True,22,3,MAIN,6,ENERGY_MANAGEMENT,ATTACH_ENERGY,,ATTACH,0,0,120,90,90,1,False,4,6,False,True,1,0,1,646,70,6,646,70,6,False,False,,,False
92236755,366.2,WIN,True,23,3,MAIN,1,TIMING,,,,0,0,120,90,90,1,False,4,6,False,True,1,0,1,646,70,6,646,70,6,False,False,,,False
92236755,366.2,WIN,True,24,5,MAIN,9,BENCH_MANAGEMENT,EVOLVE,,EVOLVE,0,0,120,90,90,1,False,4,6,False,True,1,0,1,646,70,6,646,70,6,False,False,Corkscrew Punch,10,False
92236755,366.2,WIN,True,25,5,MAIN,6,RESOURCE_MANAGEMENT,ABILITY,,ABILITY,0,0,121,320,320,2,False,4,6,False,True,1,0,1,646,70,6,646,70,6,False,False,Corkscrew Punch,10,True
92236755,366.2,WIN,True,26,5,TO_HAND,2,RESOURCE_MANAGEMENT,,,CARD,0,0,121,320,320,2,False,4,6,False,True,1,0,1,646,70,6,646,70,6,False,False,Corkscrew Punch,10,False
92236755,366.2,WIN,True,27,5,MAIN,6,RESOURCE_MANAGEMENT,PLAY_STADIUM,1256,PLAY,0,0,121,320,320,2,False,4,6,False,True,1,0,1,646,70,6,646,70,6,False,False,Corkscrew Punch,10,False
92236755,366.2,WIN,True,28,5,MAIN,4,RESOURCE_MANAGEMENT,PLAY_SUPPORTER,1198,PLAY,0,0,121,320,320,2,False,4,6,False,True,1,0,1,646,70,6,646,70,6,False,False,Corkscrew Punch,10,False
92236755,366.2,WIN,True,29,5,TO_HAND,6,RESOURCE_MANAGEMENT,,,CARD,0,0,121,320,320,2,False,4,6,False,True,1,0,1,646,70,6,646,70,6,False,False,Corkscrew Punch,10,False
92236755,366.2,WIN,True,30,5,ATTACH_TO,4,ENERGY_MANAGEMENT,,,CARD,0,0,121,320,320,2,False,4,6,False,True,1,0,1,646,70,6,646,70,6,False,False,Corkscrew Punch,10,False
92236755,366.2,WIN,True,31,5,ATTACH_FROM,5,ENERGY_MANAGEMENT,,,CARD,0,0,121,320,320,2,False,4,6,False,True,1,0,1,646,70,6,646,70,6,False,False,Corkscrew Punch,10,False
92236755,366.2,WIN,True,32,5,MAIN,8,ENERGY_MANAGEMENT,ATTACH_ENERGY,,ATTACH,1,0,121,320,320,2,False,4,6,True,True,1,1,1,646,70,6,646,70,6,False,False,Corkscrew Punch,10,False
92236755,366.2,WIN,True,33,5,MAIN,4,ATTACK_SELECTION,ATTACK,,ATTACK,2,1,121,320,320,2,False,4,6,True,True,1,1,1,646,70,6,646,0,6,False,False,Corkscrew Punch,10,False
92236755,366.2,WIN,True,34,5,DAMAGE_COUNTER_ANY,5,TARGET_SELECTION,,,CARD,0,0,121,320,320,2,False,4,6,False,True,1,1,1,646,0,6,646,0,6,False,False,Corkscrew Punch,10,False
92236755,366.2,WIN,True,35,5,DAMAGE_COUNTER_ANY,5,TARGET_SELECTION,,,CARD,0,0,121,320,320,2,False,4,6,False,True,1,1,1,646,0,6,646,0,6,False,False,Corkscrew Punch,10,False
92236755,366.2,WIN,True,36,5,DAMAGE_COUNTER_ANY,5,TARGET_SELECTION,,,CARD,0,0,121,320,320,2,False,4,6,False,True,1,1,1,646,0,6,646,0,6,False,False,Corkscrew Punch,10,False
92236755,366.2,WIN,True,37,5,DAMAGE_COUNTER_ANY,5,TARGET_SELECTION,,,CARD,0,0,121,320,320,2,False,4,6,False,True,1,1,1,646,0,6,646,0,6,False,False,Corkscrew Punch,10,False
92236755,366.2,WIN,True,38,5,DAMAGE_COUNTER_ANY,5,TARGET_SELECTION,,,CARD,0,0,121,320,320,2,False,4,6,False,True,1,1,1,646,0,6,646,0,6,False,False,Corkscrew Punch,10,False
92236755,366.2,WIN,True,39,5,DAMAGE_COUNTER_ANY,5,TARGET_SELECTION,,,CARD,0,0,121,320,320,2,False,4,6,False,True,1,1,1,646,0,6,,,6,False,False,Corkscrew Punch,10,False
92236755,366.2,WIN,True,40,5,TO_HAND,6,RESOURCE_MANAGEMENT,,,,0,0,121,320,320,2,False,4,6,False,True,1,1,1,,,6,112,100,6,,,,,False
92236755,366.2,WIN,True,41,7,MAIN,9,RESOURCE_MANAGEMENT,ABILITY,,ABILITY,2,0,121,320,320,2,False,4,5,True,True,1,1,1,112,100,6,112,100,6,False,False,,,False
92236755,366.2,WIN,True,42,7,TO_HAND,2,RESOURCE_MANAGEMENT,,,CARD,0,0,121,320,320,2,False,4,5,False,True,1,1,1,112,100,6,112,100,6,False,False,,,False
92236755,366.2,WIN,True,43,7,MAIN,13,ENERGY_MANAGEMENT,ATTACH_ENERGY,,ATTACH,2,0,121,320,320,2,False,4,5,True,True,1,1,1,112,100,6,112,100,6,False,False,,,False
92236755,366.2,WIN,True,44,7,MAIN,8,RESOURCE_MANAGEMENT,PLAY_SUPPORTER,1227,PLAY,2,0,121,320,320,2,False,4,5,True,True,1,1,1,112,100,6,112,100,6,False,False,,,False
92236755,366.2,WIN,True,45,7,MAIN,6,BENCH_MANAGEMENT,EVOLVE,,EVOLVE,2,0,121,320,320,2,False,4,5,True,True,1,1,1,112,100,6,112,100,6,False,False,,,False
92236755,366.2,WIN,True,46,7,MAIN,5,ATTACK_SELECTION,ATTACK,,ATTACK,2,1,121,320,320,2,False,4,5,True,True,1,1,2,112,100,6,112,0,6,False,False,,,False
92236755,366.2,WIN,True,47,7,DAMAGE_COUNTER_ANY,5,TARGET_SELECTION,,,CARD,0,0,121,320,320,2,False,4,5,False,True,1,1,2,112,0,6,112,0,6,False,False,,,False
92236755,366.2,WIN,True,48,7,DAMAGE_COUNTER_ANY,5,TARGET_SELECTION,,,CARD,0,0,121,320,320,2,False,4,5,False,True,1,1,2,112,0,6,112,0,6,False,False,,,False
92236755,366.2,WIN,True,49,7,DAMAGE_COUNTER_ANY,5,TARGET_SELECTION,,,CARD,0,0,121,320,320,2,False,4,5,False,True,1,1,2,112,0,6,112,0,6,False,False,,,False
92236755,366.2,WIN,True,50,7,DAMAGE_COUNTER_ANY,5,TARGET_SELECTION,,,CARD,0,0,121,320,320,2,False,4,5,False,True,1,1,2,112,0,6,112,0,6,False,False,,,False
92236755,366.2,WIN,True,51,7,DAMAGE_COUNTER_ANY,5,TARGET_SELECTION,,,CARD,0,0,121,320,320,2,False,4,5,False,True,1,1,2,112,0,6,112,0,6,False,False,,,False
92236755,366.2,WIN,True,52,7,DAMAGE_COUNTER_ANY,5,TARGET_SELECTION,,,CARD,0,0,121,320,320,2,False,4,5,False,True,1,1,2,112,0,6,,,6,False,False,,,False
92236755,366.2,WIN,True,53,7,TO_HAND,5,RESOURCE_MANAGEMENT,,,CARD,0,0,121,320,320,2,False,4,5,False,True,1,1,2,,,6,,,6,,,,,False
92236755,366.2,WIN,True,54,7,TO_HAND,4,RESOURCE_MANAGEMENT,,,,0,0,121,320,320,2,False,4,4,False,True,1,1,2,,,6,112,100,6,,,,,False
92236755,366.2,WIN,True,55,9,MAIN,11,RESOURCE_MANAGEMENT,PLAY_ITEM,1152,PLAY,2,0,121,310,320,2,True,4,3,True,True,1,1,2,112,100,6,112,100,6,False,False,,,False
92236755,366.2,WIN,True,56,9,TO_HAND,3,RESOURCE_MANAGEMENT,,,CARD,0,0,121,310,320,2,True,4,3,False,True,1,1,2,112,100,6,112,100,6,False,False,,,False
92236755,366.2,WIN,True,57,9,MAIN,11,RESOURCE_MANAGEMENT,PLAY_SUPPORTER,1182,PLAY,2,0,121,310,320,2,True,4,3,True,True,1,1,2,112,100,6,112,100,6,False,False,,,False
92236755,366.2,WIN,True,58,9,SWITCH,5,ACTIVE_POKEMON_SELECTION,,,CARD,0,0,121,310,320,2,True,4,3,False,True,1,1,2,112,100,6,647,70,6,False,False,,,False
92236755,366.2,WIN,True,59,9,MAIN,7,BENCH_MANAGEMENT,EVOLVE,,EVOLVE,2,0,121,310,320,2,True,4,3,True,True,1,1,2,647,70,6,647,70,6,False,False,,,False
92236755,366.2,WIN,True,60,9,MAIN,7,RESOURCE_MANAGEMENT,ABILITY,,ABILITY,2,0,121,310,320,2,True,4,3,True,True,1,1,2,647,70,6,647,70,6,False,False,,,False
92236755,366.2,WIN,True,61,9,TO_HAND,2,RESOURCE_MANAGEMENT,,,CARD,0,0,121,310,320,2,True,4,3,False,True,1,1,2,647,70,6,647,70,6,False,False,,,False
92236755,366.2,WIN,True,62,9,MAIN,6,ATTACK_SELECTION,ATTACK,,ATTACK,2,1,121,310,320,2,True,4,3,True,True,1,1,2,647,70,6,647,0,6,False,False,,,False
92236755,366.2,WIN,True,63,9,DAMAGE_COUNTER_ANY,5,TARGET_SELECTION,,,CARD,0,0,121,310,320,2,True,4,3,False,True,1,1,2,647,0,6,647,0,6,False,False,,,False
92236755,366.2,WIN,True,64,9,DAMAGE_COUNTER_ANY,5,TARGET_SELECTION,,,CARD,0,0,121,310,320,2,True,4,3,False,True,1,1,2,647,0,6,647,0,6,False,False,,,False
92236755,366.2,WIN,True,65,9,DAMAGE_COUNTER_ANY,5,TARGET_SELECTION,,,CARD,0,0,121,310,320,2,True,4,3,False,True,1,1,2,647,0,6,647,0,6,False,False,,,False
92236755,366.2,WIN,True,66,9,DAMAGE_COUNTER_ANY,5,TARGET_SELECTION,,,CARD,0,0,121,310,320,2,True,4,3,False,True,1,1,2,647,0,6,647,0,6,False,False,,,False
92236755,366.2,WIN,True,67,9,DAMAGE_COUNTER_ANY,5,TARGET_SELECTION,,,CARD,0,0,121,310,320,2,True,4,3,False,True,1,1,2,647,0,6,647,0,6,False,False,,,False
92236755,366.2,WIN,True,68,9,DAMAGE_COUNTER_ANY,5,TARGET_SELECTION,,,CARD,0,0,121,310,320,2,True,4,3,False,True,1,1,2,647,0,6,,,6,False,False,,,False
92236755,366.2,WIN,True,69,9,TO_HAND,3,RESOURCE_MANAGEMENT,,,,0,0,121,310,320,2,True,4,3,False,True,1,1,2,,,6,112,110,6,,,,,False
92236755,366.2,WIN,True,70,11,MAIN,16,ENERGY_MANAGEMENT,ATTACH_ENERGY,,ATTACH,2,0,121,300,320,2,True,4,2,True,True,1,1,2,112,110,6,112,110,6,False,False,,,False
92236755,366.2,WIN,True,71,11,MAIN,11,RESOURCE_MANAGEMENT,PLAY_POKEMON,140,PLAY,2,0,121,300,320,2,True,4,2,True,True,1,1,2,112,110,6,112,110,6,False,False,,,False
92236755,366.2,WIN,True,72,11,MAIN,9,RESOURCE_MANAGEMENT,ABILITY,,ABILITY,2,0,121,300,320,2,True,5,2,True,True,1,1,2,112,110,6,112,110,6,False,False,,,False
92236755,366.2,WIN,True,73,11,TO_HAND,2,RESOURCE_MANAGEMENT,,,CARD,0,0,121,300,320,2,True,5,2,False,True,1,1,2,112,110,6,112,110,6,False,False,,,False
92236755,366.2,WIN,True,74,11,MAIN,14,RESOURCE_MANAGEMENT,PLAY_SUPPORTER,1210,PLAY,2,0,121,300,320,2,True,5,2,True,True,1,1,2,112,110,6,112,110,6,False,False,,,False
92236755,366.2,WIN,True,75,11,TO_HAND,2,RESOURCE_MANAGEMENT,,,CARD,0,0,121,300,320,2,True,5,2,False,True,1,1,2,112,110,6,112,110,6,False,False,,,False
92236755,366.2,WIN,True,76,11,MAIN,11,ENERGY_MANAGEMENT,ATTACH_ENERGY,,ATTACH,2,0,121,300,320,2,True,5,2,True,True,1,1,2,112,110,6,112,110,6,False,False,,,False
92236755,366.2,WIN,True,77,11,MAIN,5,ATTACK_SELECTION,ATTACK,,ATTACK,2,1,121,300,320,2,True,5,2,True,True,1,1,2,112,110,6,112,0,6,False,False,,,False
92236755,366.2,WIN,True,78,11,DAMAGE_COUNTER_ANY,5,TARGET_SELECTION,,,CARD,0,0,121,300,320,2,True,5,2,False,True,1,1,2,112,0,6,112,0,6,False,False,,,False
92236755,366.2,WIN,True,79,11,DAMAGE_COUNTER_ANY,5,TARGET_SELECTION,,,CARD,0,0,121,300,320,2,True,5,2,False,True,1,1,2,112,0,6,112,0,6,False,False,,,False
92236755,366.2,WIN,True,80,11,DAMAGE_COUNTER_ANY,5,TARGET_SELECTION,,,CARD,0,0,121,300,320,2,True,5,2,False,True,1,1,2,112,0,6,112,0,6,False,False,,,False
92236755,366.2,WIN,True,81,11,DAMAGE_COUNTER_ANY,5,TARGET_SELECTION,,,CARD,0,0,121,300,320,2,True,5,2,False,True,1,1,2,112,0,6,112,0,6,False,False,,,False
92236755,366.2,WIN,True,82,11,DAMAGE_COUNTER_ANY,5,TARGET_SELECTION,,,CARD,0,0,121,300,320,2,True,5,2,False,True,1,1,2,112,0,6,112,0,6,False,False,,,False
92236755,366.2,WIN,True,83,11,DAMAGE_COUNTER_ANY,5,TARGET_SELECTION,,,CARD,0,0,121,300,320,2,True,5,2,False,True,1,1,2,112,0,6,,,6,False,False,,,False
92236755,366.2,WIN,True,84,11,TO_HAND,2,RESOURCE_MANAGEMENT,,,CARD,0,0,121,300,320,2,True,5,2,False,True,1,1,2,,,6,,,6,,,,,False
92237689,623.5,LOSS,True,0,,,0,UNKNOWN,,,,0,0,,,,,False,,,False,False,,,0,,,,,,,,,,,False
92237689,623.5,LOSS,True,1,,,0,UNKNOWN,,,,0,0,,,,,False,,,False,False,,,0,,,,,,0,,,,,False
92237689,623.5,LOSS,True,2,0,IS_FIRST,2,GOING_FIRST_SECOND,,,,0,0,,,,,False,0,0,False,False,,,0,,,0,,,0,,,,,False
92237689,623.5,LOSS,True,3,0,SETUP_ACTIVE_POKEMON,1,EARLY_GAME_SETUP,,,,0,0,,,,,False,0,0,False,False,,,0,,,0,666,160,6,,,,,False
92237689,623.5,LOSS,True,4,1,MAIN,5,RESOURCE_MANAGEMENT,PLAY_STADIUM,1256,PLAY,0,0,1071,170,170,2,False,0,6,False,False,1,0,0,666,160,6,666,160,6,False,False,,,False
92237689,623.5,LOSS,True,5,1,MAIN,4,ENERGY_MANAGEMENT,ATTACH_ENERGY,,ATTACH,0,0,1071,170,170,2,False,0,6,False,False,1,0,0,666,160,6,666,160,6,False,False,,,False
92237689,623.5,LOSS,True,6,1,MAIN,1,TIMING,,,,0,0,1071,170,170,2,False,0,6,False,False,1,1,0,666,160,6,666,160,6,False,False,,,False
92237689,623.5,LOSS,True,7,3,MAIN,6,RESOURCE_MANAGEMENT,PLAY_SUPPORTER,1198,PLAY,0,0,1071,120,170,2,True,0,6,False,False,1,1,0,666,160,6,666,160,6,False,False,Turbo Flare,50,False
92237689,623.5,LOSS,True,8,3,TO_HAND,5,RESOURCE_MANAGEMENT,,,CARD,0,0,1071,120,170,2,True,0,6,False,False,1,1,0,666,160,6,666,160,6,False,False,Turbo Flare,50,False
92237689,623.5,LOSS,True,9,3,ATTACH_TO,3,ENERGY_MANAGEMENT,,,CARD,0,0,1071,120,170,2,True,0,6,False,False,1,1,0,666,160,6,666,160,6,False,False,Turbo Flare,50,False
92237689,623.5,LOSS,True,10,3,ATTACH_FROM,1,ENERGY_MANAGEMENT,,,CARD,0,0,1071,120,170,2,True,0,6,False,False,1,1,0,666,160,6,666,160,6,False,False,Turbo Flare,50,False
92237689,623.5,LOSS,True,11,3,MAIN,5,ENERGY_MANAGEMENT,ATTACH_ENERGY,,ATTACH,0,0,1071,120,170,2,True,0,6,False,False,1,1,0,666,160,6,666,160,6,False,False,Turbo Flare,50,False
92238642,731.4,LOSS,True,0,,,0,UNKNOWN,,,,0,0,,,,,False,,,False,False,,,0,,,,,,,,,,,False
92238642,731.4,LOSS,True,1,,,0,UNKNOWN,,,,0,0,,,,,False,,,False,False,,,0,,,,,,0,,,,,False
92238642,731.4,LOSS,True,2,0,IS_FIRST,2,GOING_FIRST_SECOND,,,YES,0,0,,,,,False,0,0,False,False,,,0,,,0,,,0,,,,,False
92238642,731.4,LOSS,True,3,0,SETUP_ACTIVE_POKEMON,1,EARLY_GAME_SETUP,,,,0,0,,,,,False,0,0,False,False,,,0,,,0,305,70,6,,,,,False
92238642,731.4,LOSS,True,4,1,MAIN,5,RESOURCE_MANAGEMENT,PLAY_POKEMON,119,PLAY,0,0,119,70,70,1,False,0,6,False,False,1,0,0,305,70,6,305,70,6,False,False,,,False
92238642,731.4,LOSS,True,5,1,MAIN,5,RESOURCE_MANAGEMENT,PLAY_ITEM,1152,PLAY,0,0,119,70,70,1,False,1,6,False,True,1,0,0,305,70,6,305,70,6,False,False,,,False
92238642,731.4,LOSS,True,6,1,TO_HAND,8,RESOURCE_MANAGEMENT,,,CARD,0,0,119,70,70,1,False,1,6,False,True,1,0,0,305,70,6,305,70,6,False,False,,,False
92238642,731.4,LOSS,True,7,1,MAIN,5,RESOURCE_MANAGEMENT,PLAY_POKEMON,119,PLAY,0,0,119,70,70,1,False,1,6,False,True,1,0,0,305,70,6,305,70,6,False,False,,,False
92238642,731.4,LOSS,True,8,1,MAIN,5,ENERGY_MANAGEMENT,ATTACH_ENERGY,,ATTACH,0,0,119,70,70,1,False,2,6,False,True,1,0,0,305,70,6,305,70,6,False,False,,,False
92238642,731.4,LOSS,True,9,1,MAIN,2,TIMING,,,,0,0,119,70,70,1,False,2,6,False,True,1,0,1,305,70,6,305,70,6,False,False,,,False
92238642,731.4,LOSS,True,10,3,MAIN,5,RESOURCE_MANAGEMENT,PLAY_ITEM,1120,PLAY,0,0,119,70,70,1,False,2,6,False,True,1,0,1,305,70,6,305,70,6,False,False,,,False
92238642,731.4,LOSS,True,11,3,DISCARD_ENERGY,1,ENERGY_MANAGEMENT,,,ENERGY,0,0,119,70,70,1,False,2,6,False,True,1,0,1,305,70,6,305,70,6,False,False,,,False
92238642,731.4,LOSS,True,12,3,MAIN,4,RESOURCE_MANAGEMENT,PLAY_SUPPORTER,1227,PLAY,0,0,119,70,70,1,False,2,6,False,True,1,0,1,305,70,6,305,70,6,False,False,,,False
92238642,731.4,LOSS,True,13,3,MAIN,7,RESOURCE_MANAGEMENT,PLAY_POKEMON,235,PLAY,0,0,119,70,70,1,False,2,6,False,True,1,0,1,305,70,6,305,70,6,False,False,,,False
92238642,731.4,LOSS,True,14,3,MAIN,7,RESOURCE_MANAGEMENT,PLAY_ITEM,1086,PLAY,0,0,119,70,70,1,False,3,6,False,True,1,0,2,305,70,6,305,70,6,False,False,,,False
92238642,731.4,LOSS,True,15,3,TO_BENCH,2,BENCH_MANAGEMENT,,,CARD,0,0,119,70,70,1,False,3,6,False,True,1,0,2,305,70,6,305,70,6,False,False,,,False
92238642,731.4,LOSS,True,16,3,MAIN,7,ENERGY_MANAGEMENT,ATTACH_ENERGY,,ATTACH,0,0,119,70,70,1,False,4,6,False,True,1,0,2,305,70,6,305,70,6,False,False,,,False
92238642,731.4,LOSS,True,17,3,MAIN,2,TIMING,,,,0,0,119,70,70,1,False,4,6,False,True,1,0,2,305,70,6,742,80,6,False,False,,,False
92238642,731.4,LOSS,True,18,5,MAIN,7,RESOURCE_MANAGEMENT,PLAY_SUPPORTER,1210,PLAY,0,0,119,70,70,1,False,4,6,False,True,1,0,2,742,80,6,742,80,6,False,False,,,False
92238642,731.4,LOSS,True,19,5,TO_HAND,7,RESOURCE_MANAGEMENT,,,CARD,0,0,119,70,70,1,False,4,6,False,True,1,0,2,742,80,6,742,80,6,False,False,,,False
92238642,731.4,LOSS,True,20,5,TO_HAND,2,RESOURCE_MANAGEMENT,,,CARD,0,0,119,70,70,1,False,4,6,False,True,1,0,2,742,80,6,742,80,6,False,False,,,False
92238642,731.4,LOSS,True,21,5,MAIN,8,RESOURCE_MANAGEMENT,PLAY_POKEMON,184,PLAY,0,0,119,70,70,1,False,4,6,False,True,1,0,2,742,80,6,742,80,6,False,False,,,False
92238642,731.4,LOSS,True,22,5,MAIN,6,BENCH_MANAGEMENT,EVOLVE,,EVOLVE,0,0,119,70,70,1,False,5,6,True,True,1,0,2,742,80,6,742,80,6,False,False,,,False
92238642,731.4,LOSS,True,23,5,MAIN,3,RESOURCE_MANAGEMENT,ABILITY,,ABILITY,0,0,119,70,70,1,False,5,6,True,True,1,0,1,742,80,6,742,80,6,False,False,,,False
92238642,731.4,LOSS,True,24,5,TO_HAND,2,RESOURCE_MANAGEMENT,,,CARD,0,0,119,70,70,1,False,5,6,False,True,1,0,1,742,80,6,742,80,6,False,False,,,False
92238642,731.4,LOSS,True,25,5,MAIN,3,RESOURCE_MANAGEMENT,PLAY_ITEM,1120,PLAY,0,0,119,70,70,1,False,5,6,True,True,1,0,1,742,80,6,742,80,6,False,False,,,False
92238642,731.4,LOSS,True,26,5,DISCARD_ENERGY,1,ENERGY_MANAGEMENT,,,ENERGY,0,0,119,70,70,1,False,5,6,False,True,1,0,1,742,80,6,742,80,6,False,False,,,False
92238642,731.4,LOSS,True,27,5,MAIN,2,RETREAT_SELECTION,RETREAT,,RETREAT,0,0,119,70,70,1,False,5,6,True,True,1,0,1,742,80,6,742,80,6,False,False,,,False
92238642,731.4,LOSS,True,28,5,SWITCH,5,ACTIVE_POKEMON_SELECTION,,,CARD,0,0,119,70,70,1,False,5,6,False,True,1,0,1,742,80,6,742,80,6,False,False,,,False
92238642,731.4,LOSS,True,29,5,MAIN,2,TIMING,,,,1,0,235,30,30,1,False,5,6,False,True,0,0,0,742,80,6,743,130,6,False,True,,,True
92238642,731.4,LOSS,True,30,7,MAIN,12,BENCH_MANAGEMENT,EVOLVE,,EVOLVE,1,0,235,30,30,1,False,5,6,True,True,0,0,0,743,130,6,743,130,6,False,False,,,False
92238642,731.4,LOSS,True,31,7,MAIN,9,ENERGY_MANAGEMENT,ATTACH_ENERGY,,ATTACH,1,0,235,30,30,1,False,5,6,True,True,0,0,1,743,130,6,743,130,6,False,False,,,False
92238642,731.4,LOSS,True,32,7,MAIN,3,RETREAT_SELECTION,RETREAT,,RETREAT,1,0,235,30,30,1,False,5,6,True,True,0,0,1,743,130,6,743,130,6,False,False,,,False
92238642,731.4,LOSS,True,33,7,SWITCH,5,ACTIVE_POKEMON_SELECTION,,,CARD,0,0,235,30,30,1,False,5,6,False,True,0,0,1,743,130,6,743,130,6,False,False,,,False
92238642,731.4,LOSS,True,34,7,MAIN,3,ATTACK_SELECTION,ATTACK,,ATTACK,2,1,121,320,320,2,False,5,6,False,True,1,1,1,743,130,6,743,0,6,False,False,,,True
92238642,731.4,LOSS,True,35,7,DAMAGE_COUNTER_ANY,5,TARGET_SELECTION,,,CARD,0,0,121,320,320,2,False,5,6,False,True,1,1,1,743,0,6,743,0,6,False,False,,,False
92238642,731.4,LOSS,True,36,7,DAMAGE_COUNTER_ANY,5,TARGET_SELECTION,,,CARD,0,0,121,320,320,2,False,5,6,False,True,1,1,1,743,0,6,743,0,6,False,False,,,False
92238642,731.4,LOSS,True,37,7,DAMAGE_COUNTER_ANY,5,TARGET_SELECTION,,,CARD,0,0,121,320,320,2,False,5,6,False,True,1,1,1,743,0,6,743,0,6,False,False,,,False
92238642,731.4,LOSS,True,38,7,DAMAGE_COUNTER_ANY,5,TARGET_SELECTION,,,CARD,0,0,121,320,320,2,False,5,6,False,True,1,1,1,743,0,6,743,0,6,False,False,,,False
92238642,731.4,LOSS,True,39,7,DAMAGE_COUNTER_ANY,5,TARGET_SELECTION,,,CARD,0,0,121,320,320,2,False,5,6,False,True,1,1,1,743,0,6,743,0,6,False,False,,,False
92238642,731.4,LOSS,True,40,7,DAMAGE_COUNTER_ANY,5,TARGET_SELECTION,,,CARD,0,0,121,320,320,2,False,5,6,False,True,1,1,1,743,0,6,,,6,False,False,,,False
92238642,731.4,LOSS,True,41,7,TO_HAND,6,RESOURCE_MANAGEMENT,,,,0,0,121,320,320,2,False,5,6,False,True,1,1,1,,,6,743,140,4,,,,,False
92238642,731.4,LOSS,True,42,8,TO_ACTIVE,5,ACTIVE_POKEMON_SELECTION,,,CARD,0,0,,,,,False,5,5,False,True,,,1,743,140,4,743,140,4,,,,,True
92238642,731.4,LOSS,True,43,9,MAIN,8,RESOURCE_MANAGEMENT,PLAY_POKEMON,140,PLAY,1,0,235,30,30,1,False,4,5,True,True,0,0,0,743,140,4,743,140,4,False,False,Powerful Hand,0,False
92238642,731.4,LOSS,True,44,9,MAIN,7,RESOURCE_MANAGEMENT,ABILITY,,ABILITY,1,0,235,30,30,1,False,5,5,True,True,0,0,0,743,140,4,743,140,4,False,False,Powerful Hand,0,False
92238642,731.4,LOSS,True,45,9,MAIN,8,RESOURCE_MANAGEMENT,PLAY_ITEM,1121,PLAY,1,0,235,30,30,1,False,5,5,True,True,0,0,0,743,140,4,743,140,4,False,False,Powerful Hand,0,False
92238642,731.4,LOSS,True,46,9,DISCARD,7,RESOURCE_MANAGEMENT,,,CARD;CARD,0,0,235,30,30,1,False,5,5,False,True,0,0,0,743,140,4,743,140,4,False,False,Powerful Hand,0,False
92238642,731.4,LOSS,True,47,9,TO_HAND,5,RESOURCE_MANAGEMENT,,,CARD,0,0,235,30,30,1,False,5,5,False,True,0,0,0,743,140,4,743,140,4,False,False,Powerful Hand,0,False
92238642,731.4,LOSS,True,48,9,MAIN,9,RESOURCE_MANAGEMENT,PLAY_SUPPORTER,1198,PLAY,1,0,235,30,30,1,False,5,5,True,True,0,0,0,743,140,4,743,140,4,False,False,Powerful Hand,0,False
92238642,731.4,LOSS,True,49,9,TO_HAND,5,RESOURCE_MANAGEMENT,,,CARD,0,0,235,30,30,1,False,5,5,False,True,0,0,0,743,140,4,743,140,4,False,False,Powerful Hand,0,False
92238642,731.4,LOSS,True,50,9,ATTACH_TO,3,ENERGY_MANAGEMENT,,,CARD,0,0,235,30,30,1,False,5,5,False,True,0,0,0,743,140,4,743,140,4,False,False,Powerful Hand,0,False
92238642,731.4,LOSS,True,51,9,ATTACH_FROM,6,ENERGY_MANAGEMENT,,,CARD,0,0,235,30,30,1,False,5,5,False,True,0,0,0,743,140,4,743,140,4,False,False,Powerful Hand,0,False
92238642,731.4,LOSS,True,52,9,MAIN,13,BENCH_MANAGEMENT,EVOLVE,,EVOLVE,1,0,235,30,30,1,False,5,5,True,True,0,0,1,743,140,4,743,140,4,False,False,Powerful Hand,0,False
92238642,731.4,LOSS,True,53,9,MAIN,11,RESOURCE_MANAGEMENT,ABILITY,,ABILITY,1,0,235,30,30,1,False,5,5,True,True,0,0,1,743,140,4,743,140,4,False,False,Powerful Hand,0,False
92238642,731.4,LOSS,True,54,9,TO_HAND,2,RESOURCE_MANAGEMENT,,,CARD,0,0,235,30,30,1,False,5,5,False,True,0,0,1,743,140,4,743,140,4,False,False,Powerful Hand,0,False
92238642,731.4,LOSS,True,55,9,MAIN,12,BENCH_MANAGEMENT,EVOLVE,,EVOLVE,1,0,235,30,30,1,False,5,5,True,True,0,0,1,743,140,4,743,140,4,False,False,Powerful Hand,0,False
92238642,731.4,LOSS,True,56,9,MAIN,11,RESOURCE_MANAGEMENT,ABILITY,,ABILITY,1,0,235,30,30,1,False,5,5,True,True,0,0,0,743,140,4,743,140,4,False,False,Powerful Hand,0,False
92238642,731.4,LOSS,True,57,9,TO_HAND,2,RESOURCE_MANAGEMENT,,,CARD,0,0,235,30,30,1,False,5,5,False,True,0,0,0,743,140,4,743,140,4,False,False,Powerful Hand,0,False
92238642,731.4,LOSS,True,58,9,MAIN,11,ENERGY_MANAGEMENT,ATTACH_ENERGY,,ATTACH,1,0,235,30,30,1,False,5,5,True,True,0,0,0,743,140,4,743,140,4,False,False,Powerful Hand,0,False
92238642,731.4,LOSS,True,59,9,MAIN,5,RESOURCE_MANAGEMENT,PLAY_ITEM,1080,PLAY,1,0,235,30,30,1,False,5,5,True,True,0,0,0,743,140,4,743,140,4,False,False,Powerful Hand,0,False
92238642,731.4,LOSS,True,60,9,MAIN,4,TIMING,,,,1,0,235,30,30,1,False,5,5,True,True,0,0,0,743,140,4,743,130,3,False,False,Powerful Hand,0,False
92238642,731.4,LOSS,True,61,10,TO_ACTIVE,5,ACTIVE_POKEMON_SELECTION,,,CARD,0,0,,,,,False,5,5,False,True,,,0,743,130,3,743,130,3,,,,,True
92238642,731.4,LOSS,True,62,11,MAIN,12,BENCH_MANAGEMENT,EVOLVE,,EVOLVE,0,0,120,90,90,1,False,4,5,True,True,1,1,0,743,130,3,743,130,3,False,False,Powerful Hand,0,False
92238642,731.4,LOSS,True,63,11,MAIN,10,RESOURCE_MANAGEMENT,ABILITY,,ABILITY,1,0,121,320,320,2,False,4,5,True,True,1,1,0,743,130,3,743,130,3,False,False,Powerful Hand,0,True
92238642,731.4,LOSS,True,64,11,TO_HAND,2,RESOURCE_MANAGEMENT,,,CARD,0,0,121,320,320,2,False,4,5,False,True,1,1,0,743,130,3,743,130,3,False,False,Powerful Hand,0,False
92238642,731.4,LOSS,True,65,11,MAIN,10,BENCH_MANAGEMENT,EVOLVE,,EVOLVE,1,0,121,320,320,2,False,4,5,True,True,1,1,0,743,130,3,743,130,3,False,False,Powerful Hand,0,False
92238642,731.4,LOSS,True,66,11,MAIN,9,RESOURCE_MANAGEMENT,ABILITY,,ABILITY,1,0,121,320,320,2,False,4,5,True,True,1,1,1,743,130,3,743,130,3,False,False,Powerful Hand,0,False
92238642,731.4,LOSS,True,67,11,MAIN,11,RESOURCE_MANAGEMENT,PLAY_ITEM,1152,PLAY,1,0,121,320,320,2,False,4,5,True,True,1,1,1,743,130,3,743,130,3,False,False,Powerful Hand,0,False
92238642,731.4,LOSS,True,68,11,TO_HAND,2,RESOURCE_MANAGEMENT,,,CARD,0,0,121,320,320,2,False,4,5,False,True,1,1,1,743,130,3,743,130,3,False,False,Powerful Hand,0,False
92238642,731.4,LOSS,True,69,11,MAIN,11,RESOURCE_MANAGEMENT,PLAY_SUPPORTER,1198,PLAY,1,0,121,320,320,2,False,4,5,True,True,1,1,1,743,130,3,743,130,3,False,False,Powerful Hand,0,False
92238642,731.4,LOSS,True,70,11,TO_HAND,3,RESOURCE_MANAGEMENT,,,CARD,0,0,121,320,320,2,False,4,5,False,True,1,1,1,743,130,3,743,130,3,False,False,Powerful Hand,0,False
92238642,731.4,LOSS,True,71,11,ATTACH_TO,2,ENERGY_MANAGEMENT,,,CARD,0,0,121,320,320,2,False,4,5,False,True,1,1,1,743,130,3,743,130,3,False,False,Powerful Hand,0,False
92238642,731.4,LOSS,True,72,11,ATTACH_FROM,5,ENERGY_MANAGEMENT,,,CARD,0,0,121,320,320,2,False,4,5,False,True,1,1,1,743,130,3,743,130,3,False,False,Powerful Hand,0,False
92238642,731.4,LOSS,True,73,11,MAIN,13,BENCH_MANAGEMENT,EVOLVE,,EVOLVE,2,0,121,320,320,2,False,4,5,True,True,1,1,1,743,130,3,743,130,3,False,False,Powerful Hand,0,False
92238642,731.4,LOSS,True,74,11,MAIN,13,RESOURCE_MANAGEMENT,ABILITY,,ABILITY,2,0,121,320,320,2,False,4,5,True,True,1,1,1,743,130,3,743,130,3,False,False,Powerful Hand,0,False
92238642,731.4,LOSS,True,75,11,TO_HAND,2,RESOURCE_MANAGEMENT,,,CARD,0,0,121,320,320,2,False,4,5,False,True,1,1,1,743,130,3,743,130,3,False,False,Powerful Hand,0,False
92238642,731.4,LOSS,True,76,11,MAIN,17,ENERGY_MANAGEMENT,ATTACH_ENERGY,,ATTACH,2,0,121,320,320,2,False,4,5,True,True,1,1,1,743,130,3,743,130,3,False,False,Powerful Hand,0,False
92238642,731.4,LOSS,True,77,11,MAIN,12,ENERGY_MANAGEMENT,ATTACH_ENERGY,,ATTACH,2,0,121,320,320,2,False,4,5,True,True,1,1,1,743,130,3,743,130,3,False,False,Powerful Hand,0,False
92238642,731.4,LOSS,True,78,11,MAIN,7,ATTACK_SELECTION,ATTACK,,ATTACK,2,1,121,320,320,2,False,4,5,True,True,1,1,1,743,130,3,743,0,3,False,False,Powerful Hand,0,False
92238642,731.4,LOSS,True,79,11,DAMAGE_COUNTER_ANY,4,TARGET_SELECTION,,,CARD,0,0,121,320,320,2,False,4,5,False,True,1,1,1,743,0,3,743,0,3,False,False,Powerful Hand,0,False
92238642,731.4,LOSS,True,80,11,DAMAGE_COUNTER_ANY,4,TARGET_SELECTION,,,CARD,0,0,121,320,320,2,False,4,5,False,True,1,1,1,743,0,3,743,0,3,False,False,Powerful Hand,0,False
92238642,731.4,LOSS,True,81,11,DAMAGE_COUNTER_ANY,4,TARGET_SELECTION,,,CARD,0,0,121,320,320,2,False,4,5,False,True,1,1,1,743,0,3,743,0,3,False,False,Powerful Hand,0,False
92238642,731.4,LOSS,True,82,11,DAMAGE_COUNTER_ANY,4,TARGET_SELECTION,,,CARD,0,0,121,320,320,2,False,4,5,False,True,1,1,1,743,0,3,743,0,3,False,False,Powerful Hand,0,False
92238642,731.4,LOSS,True,83,11,DAMAGE_COUNTER_ANY,4,TARGET_SELECTION,,,CARD,0,0,121,320,320,2,False,4,5,False,True,1,1,1,743,0,3,743,0,3,False,False,Powerful Hand,0,False
92238642,731.4,LOSS,True,84,11,DAMAGE_COUNTER_ANY,4,TARGET_SELECTION,,,CARD,0,0,121,320,320,2,False,4,5,False,True,1,1,1,743,0,3,,,3,False,False,Powerful Hand,0,False
92238642,731.4,LOSS,True,85,11,TO_HAND,5,RESOURCE_MANAGEMENT,,,,0,0,121,320,320,2,False,4,5,False,True,1,1,1,,,3,743,140,1,,,,,False
92238642,731.4,LOSS,True,86,12,TO_ACTIVE,4,ACTIVE_POKEMON_SELECTION,,,CARD,0,0,,,,,False,4,4,False,True,,,1,743,140,1,743,140,1,,,,,True
92238642,731.4,LOSS,True,87,13,MAIN,13,RESOURCE_MANAGEMENT,PLAY_ITEM,1121,PLAY,2,0,121,320,320,2,False,3,4,True,True,1,1,0,743,140,1,743,140,1,False,False,Powerful Hand,0,False
92238642,731.4,LOSS,True,88,13,DISCARD,7,RESOURCE_MANAGEMENT,,,CARD;CARD,0,0,121,320,320,2,False,3,4,False,True,1,1,0,743,140,1,743,140,1,False,False,Powerful Hand,0,False
92238642,731.4,LOSS,True,89,13,TO_HAND,1,RESOURCE_MANAGEMENT,,,CARD,0,0,121,320,320,2,False,3,4,False,True,1,1,0,743,140,1,743,140,1,False,False,Powerful Hand,0,False
92238642,731.4,LOSS,True,90,13,MAIN,12,RESOURCE_MANAGEMENT,ABILITY,,ABILITY,2,0,121,320,320,2,False,3,4,True,True,1,1,0,743,140,1,743,140,1,False,False,Powerful Hand,0,False
92238642,731.4,LOSS,True,91,13,TO_HAND,2,RESOURCE_MANAGEMENT,,,CARD,0,0,121,320,320,2,False,3,4,False,True,1,1,0,743,140,1,743,140,1,False,False,Powerful Hand,0,False
92238642,731.4,LOSS,True,92,13,MAIN,12,RESOURCE_MANAGEMENT,PLAY_ITEM,1097,PLAY,2,0,121,320,320,2,False,3,4,True,True,1,1,0,743,140,1,743,140,1,False,False,Powerful Hand,0,False
92238642,731.4,LOSS,True,93,13,TO_HAND,11,RESOURCE_MANAGEMENT,,,CARD,0,0,121,320,320,2,False,3,4,False,True,1,1,0,743,140,1,743,140,1,False,False,Powerful Hand,0,False
92238642,731.4,LOSS,True,94,13,MAIN,12,RESOURCE_MANAGEMENT,PLAY_POKEMON,119,PLAY,2,0,121,320,320,2,False,3,4,True,True,1,1,0,743,140,1,743,140,1,False,False,Powerful Hand,0,False
92238642,731.4,LOSS,True,95,13,MAIN,11,RESOURCE_MANAGEMENT,ABILITY,,ABILITY,2,0,121,320,320,2,False,4,4,True,True,1,1,0,743,140,1,743,140,1,False,False,Powerful Hand,0,False
92238642,731.4,LOSS,True,96,13,MAIN,13,RESOURCE_MANAGEMENT,PLAY_SUPPORTER,1227,PLAY,2,0,121,320,320,2,False,4,4,True,True,1,1,0,743,140,1,743,140,1,False,False,Powerful Hand,0,False
92238642,731.4,LOSS,True,97,13,MAIN,7,RESOURCE_MANAGEMENT,PLAY_ITEM,1121,PLAY,2,0,121,320,320,2,False,4,4,True,True,1,1,0,743,140,1,743,140,1,False,False,Powerful Hand,0,False
92238642,731.4,LOSS,True,98,13,DISCARD,5,RESOURCE_MANAGEMENT,,,CARD;CARD,0,0,121,320,320,2,False,4,4,False,True,1,1,0,743,140,1,743,140,1,False,False,Powerful Hand,0,False
92238642,731.4,LOSS,True,99,13,MAIN,5,ATTACK_SELECTION,ATTACK,,ATTACK,2,1,121,320,320,2,False,4,4,True,True,1,1,0,743,140,1,743,0,1,False,False,Powerful Hand,0,False
92238642,731.4,LOSS,True,100,13,DAMAGE_COUNTER_ANY,4,TARGET_SELECTION,,,CARD,0,0,121,320,320,2,False,4,4,False,True,1,1,0,743,0,1,743,0,1,False,False,Powerful Hand,0,False
92238642,731.4,LOSS,True,101,13,DAMAGE_COUNTER_ANY,4,TARGET_SELECTION,,,CARD,0,0,121,320,320,2,False,4,4,False,True,1,1,0,743,0,1,743,0,1,False,False,Powerful Hand,0,False
92238642,731.4,LOSS,True,102,13,DAMAGE_COUNTER_ANY,4,TARGET_SELECTION,,,CARD,0,0,121,320,320,2,False,4,4,False,True,1,1,0,743,0,1,743,0,1,False,False,Powerful Hand,0,False
92238642,731.4,LOSS,True,103,13,DAMAGE_COUNTER_ANY,4,TARGET_SELECTION,,,CARD,0,0,121,320,320,2,False,4,4,False,True,1,1,0,743,0,1,743,0,1,False,False,Powerful Hand,0,False
92238642,731.4,LOSS,True,104,13,DAMAGE_COUNTER_ANY,4,TARGET_SELECTION,,,CARD,0,0,121,320,320,2,False,4,4,False,True,1,1,0,743,0,1,743,0,1,False,False,Powerful Hand,0,False
92238642,731.4,LOSS,True,105,13,DAMAGE_COUNTER_ANY,4,TARGET_SELECTION,,,CARD,0,0,121,320,320,2,False,4,4,False,True,1,1,0,743,0,1,,,1,False,False,Powerful Hand,0,False
92239608,657.6,WIN,False,0,,,0,UNKNOWN,,,,0,0,,,,,False,,,False,False,,,0,,,,,,,,,,,False
92239608,657.6,WIN,False,1,,,0,UNKNOWN,,,,0,0,,,,,False,,,False,False,,,0,,,,,,0,,,,,False
92239608,657.6,WIN,False,2,0,SETUP_ACTIVE_POKEMON,1,EARLY_GAME_SETUP,,,,0,0,,,,,False,0,0,False,False,,,0,,,0,,,6,,,,,False
92239608,657.6,WIN,False,3,0,DRAW_COUNT,3,SEARCH_DECISION,,,,0,0,,,,,False,0,6,False,False,,,0,,,6,,,6,,,,,False
92239608,657.6,WIN,False,4,0,SETUP_BENCH_POKEMON,2,BENCH_MANAGEMENT,,,,0,0,,,,,False,0,6,False,False,,,0,,,6,204,80,6,,,,,False
92239608,657.6,WIN,False,5,2,MAIN,9,RESOURCE_MANAGEMENT,PLAY_ITEM,1086,PLAY,0,0,119,70,70,1,False,1,6,False,True,1,0,0,204,80,6,204,80,6,False,False,Light Punch,10,False
92239608,657.6,WIN,False,6,2,TO_BENCH,4,BENCH_MANAGEMENT,,,CARD;CARD,0,0,119,70,70,1,False,1,6,False,True,1,0,0,204,80,6,204,80,6,False,False,Light Punch,10,False
92239608,657.6,WIN,False,7,2,MAIN,8,RESOURCE_MANAGEMENT,PLAY_ITEM,1086,PLAY,0,0,119,70,70,1,False,3,6,False,True,1,0,1,204,80,6,204,80,6,False,False,Light Punch,10,False
92239608,657.6,WIN,False,8,2,TO_BENCH,2,BENCH_MANAGEMENT,,,CARD,0,0,119,70,70,1,False,3,6,False,True,1,0,1,204,80,6,204,80,6,False,False,Light Punch,10,False
92239608,657.6,WIN,False,9,2,MAIN,7,RESOURCE_MANAGEMENT,PLAY_ITEM,1120,PLAY,0,0,119,70,70,1,False,4,6,False,True,1,0,1,204,80,6,204,80,6,False,False,Light Punch,10,False
92239608,657.6,WIN,False,10,2,DISCARD_ENERGY,1,ENERGY_MANAGEMENT,,,ENERGY,0,0,119,70,70,1,False,4,6,False,True,1,0,1,204,80,6,204,80,6,False,False,Light Punch,10,False
92239608,657.6,WIN,False,11,2,MAIN,6,RESOURCE_MANAGEMENT,PLAY_SUPPORTER,1227,PLAY,0,0,119,70,70,1,False,4,6,False,True,1,0,1,204,80,6,204,80,6,False,False,,,False
92239608,657.6,WIN,False,12,2,MAIN,14,RESOURCE_MANAGEMENT,PLAY_ITEM,1152,PLAY,0,0,119,70,70,1,False,4,6,False,True,1,0,1,204,80,6,204,80,6,False,False,,,False
92239608,657.6,WIN,False,13,2,TO_HAND,3,RESOURCE_MANAGEMENT,,,CARD,0,0,119,70,70,1,False,4,6,False,True,1,0,1,204,80,6,204,80,6,False,False,,,False
92239608,657.6,WIN,False,14,2,MAIN,13,ENERGY_MANAGEMENT,ATTACH_ENERGY,,ATTACH,0,0,119,70,70,1,False,4,6,False,True,1,0,1,204,80,6,204,80,6,False,False,,,False
92239608,657.6,WIN,False,15,2,MAIN,3,TIMING,,,,0,0,119,70,70,1,False,4,6,False,True,1,0,1,204,80,6,320,270,5,False,False,,,False
92239608,657.6,WIN,False,16,3,TO_ACTIVE,4,ACTIVE_POKEMON_SELECTION,,,CARD,0,0,,,,,False,4,6,False,True,,,1,320,270,5,320,270,5,,,,,True
92239608,657.6,WIN,False,17,4,MAIN,21,RESOURCE_MANAGEMENT,PLAY_POKEMON,140,PLAY,1,0,235,30,30,1,False,3,6,True,True,0,0,0,320,270,5,320,270,5,True,False,Abyssal Flames,30,False
92239608,657.6,WIN,False,18,4,MAIN,23,RESOURCE_MANAGEMENT,ABILITY,,ABILITY,1,0,235,30,30,1,False,4,6,True,True,0,0,0,320,270,5,320,270,5,True,False,Abyssal Flames,30,False
92239608,657.6,WIN,False,19,4,MAIN,30,BENCH_MANAGEMENT,EVOLVE,,EVOLVE,1,0,235,30,30,1,False,4,6,True,True,0,0,0,320,270,5,320,270,5,True,False,Abyssal Flames,30,False
92239608,657.6,WIN,False,20,4,MAIN,26,RESOURCE_MANAGEMENT,ABILITY,,ABILITY,1,0,235,30,30,1,False,4,6,True,True,0,0,0,320,270,5,320,270,5,True,False,Abyssal Flames,30,False
92239608,657.6,WIN,False,21,4,TO_HAND,2,RESOURCE_MANAGEMENT,,,CARD,0,0,235,30,30,1,False,4,6,False,True,0,0,0,320,270,5,320,270,5,True,False,Abyssal Flames,30,False
92239608,657.6,WIN,False,22,4,MAIN,26,BENCH_MANAGEMENT,EVOLVE,,EVOLVE,1,0,235,30,30,1,False,4,6,True,True,0,0,0,320,270,5,320,270,5,True,False,Abyssal Flames,30,False
92239608,657.6,WIN,False,23,4,MAIN,24,RESOURCE_MANAGEMENT,ABILITY,,ABILITY,1,0,235,30,30,1,False,4,6,True,True,0,0,0,320,270,5,320,270,5,True,False,Abyssal Flames,30,False
92239608,657.6,WIN,False,24,4,TO_HAND,2,RESOURCE_MANAGEMENT,,,CARD,0,0,235,30,30,1,False,4,6,False,True,0,0,0,320,270,5,320,270,5,True,False,Abyssal Flames,30,False
92239608,657.6,WIN,False,25,4,MAIN,24,BENCH_MANAGEMENT,EVOLVE,,EVOLVE,1,0,235,30,30,1,False,4,6,True,True,0,0,0,320,270,5,320,270,5,True,False,Abyssal Flames,30,False
92239608,657.6,WIN,False,26,4,MAIN,24,RESOURCE_MANAGEMENT,ABILITY,,ABILITY,1,0,235,30,30,1,False,4,6,True,True,0,0,0,320,270,5,320,270,5,True,False,Abyssal Flames,30,False
92239608,657.6,WIN,False,27,4,TO_HAND,2,RESOURCE_MANAGEMENT,,,CARD,0,0,235,30,30,1,False,4,6,False,True,0,0,0,320,270,5,320,270,5,True,False,Abyssal Flames,30,False
92239608,657.6,WIN,False,28,4,MAIN,24,RESOURCE_MANAGEMENT,PLAY_POKEMON,184,PLAY,1,0,235,30,30,1,False,4,6,True,True,0,0,0,320,270,5,320,270,5,True,False,Abyssal Flames,30,False
92239608,657.6,WIN,False,29,4,MAIN,26,ENERGY_MANAGEMENT,ATTACH_ENERGY,,ATTACH,1,0,235,30,30,1,False,5,6,True,True,0,0,0,320,270,5,320,270,5,True,False,Abyssal Flames,30,False
92239608,657.6,WIN,False,30,4,MAIN,8,RESOURCE_MANAGEMENT,PLAY_ITEM,1080,PLAY,1,0,235,30,30,1,False,5,6,True,True,0,0,0,320,270,5,320,270,5,True,False,Abyssal Flames,30,False
92239608,657.6,WIN,False,31,4,MAIN,7,RESOURCE_MANAGEMENT,PLAY_SUPPORTER,1227,PLAY,1,0,235,30,30,1,False,5,6,True,True,0,0,0,320,270,5,320,270,5,True,False,Abyssal Flames,30,False
92239608,657.6,WIN,False,32,4,MAIN,5,TIMING,,,,1,0,235,30,30,1,False,5,6,True,True,0,0,0,320,270,5,320,260,4,True,False,Abyssal Flames,30,False
92239608,657.6,WIN,False,33,5,TO_ACTIVE,5,ACTIVE_POKEMON_SELECTION,,,CARD,0,0,,,,,False,5,6,False,True,,,0,320,260,4,320,260,4,,,,,True
92239608,657.6,WIN,False,34,6,MAIN,25,BENCH_MANAGEMENT,EVOLVE,,EVOLVE,0,0,120,90,90,1,False,4,6,True,True,1,1,0,320,260,4,320,260,4,False,False,Abyssal Flames,30,False
92239608,657.6,WIN,False,35,6,MAIN,22,RESOURCE_MANAGEMENT,ABILITY,,ABILITY,1,0,121,290,290,2,False,4,6,True,True,1,1,0,320,260,4,320,260,4,False,False,Abyssal Flames,30,True
92239608,657.6,WIN,False,36,6,TO_HAND,2,RESOURCE_MANAGEMENT,,,CARD,0,0,121,290,290,2,False,4,6,False,True,1,1,0,320,260,4,320,260,4,False,False,Abyssal Flames,30,False
92239608,657.6,WIN,False,37,6,MAIN,23,BENCH_MANAGEMENT,EVOLVE,,EVOLVE,1,0,121,290,290,2,False,4,6,True,True,1,1,0,320,260,4,320,260,4,False,False,Abyssal Flames,30,False
92239608,657.6,WIN,False,38,6,MAIN,21,RESOURCE_MANAGEMENT,ABILITY,,ABILITY,1,0,121,290,290,2,False,4,6,True,True,1,1,1,320,260,4,320,260,4,False,False,Abyssal Flames,30,False
92239608,657.6,WIN,False,39,6,TO_HAND,2,RESOURCE_MANAGEMENT,,,CARD,0,0,121,290,290,2,False,4,6,False,True,1,1,1,320,260,4,320,260,4,False,False,Abyssal Flames,30,False
92239608,657.6,WIN,False,40,6,MAIN,21,RESOURCE_MANAGEMENT,ABILITY,,ABILITY,1,0,121,290,290,2,False,4,6,True,True,1,1,1,320,260,4,320,260,4,False,False,Abyssal Flames,30,False
92239608,657.6,WIN,False,41,6,MAIN,23,RESOURCE_MANAGEMENT,PLAY_STADIUM,1256,PLAY,1,0,121,290,290,2,False,4,6,True,True,1,1,1,320,260,4,320,260,4,False,False,Abyssal Flames,30,False
92239608,657.6,WIN,False,42,6,MAIN,22,RESOURCE_MANAGEMENT,PLAY_ITEM,1121,PLAY,1,0,121,320,320,2,False,4,6,True,True,1,1,1,320,260,4,320,260,4,False,False,Abyssal Flames,30,False
92239608,657.6,WIN,False,43,6,DISCARD,10,RESOURCE_MANAGEMENT,,,CARD;CARD,0,0,121,320,320,2,False,4,6,False,True,1,1,1,320,260,4,320,260,4,False,False,Abyssal Flames,30,False
92239608,657.6,WIN,False,44,6,TO_HAND,3,RESOURCE_MANAGEMENT,,,CARD,0,0,121,320,320,2,False,4,6,False,True,1,1,1,320,260,4,320,260,4,False,False,Abyssal Flames,30,False
92239608,657.6,WIN,False,45,6,MAIN,20,RESOURCE_MANAGEMENT,PLAY_SUPPORTER,1198,PLAY,1,0,121,320,320,2,False,4,6,True,True,1,1,1,320,260,4,320,260,4,False,False,Abyssal Flames,30,False
92239608,657.6,WIN,False,46,6,TO_HAND,4,RESOURCE_MANAGEMENT,,,CARD,0,0,121,320,320,2,False,4,6,False,True,1,1,1,320,260,4,320,260,4,False,False,Abyssal Flames,30,False
92239608,657.6,WIN,False,47,6,ATTACH_TO,3,ENERGY_MANAGEMENT,,,CARD,0,0,121,320,320,2,False,4,6,False,True,1,1,1,320,260,4,320,260,4,False,False,Abyssal Flames,30,False
92239608,657.6,WIN,False,48,6,ATTACH_FROM,5,ENERGY_MANAGEMENT,,,CARD,0,0,121,320,320,2,False,4,6,False,True,1,1,1,320,260,4,320,260,4,False,False,Abyssal Flames,30,False
92239608,657.6,WIN,False,49,6,MAIN,21,ENERGY_MANAGEMENT,ATTACH_ENERGY,,ATTACH,2,0,121,320,320,2,False,4,6,True,True,1,1,1,320,260,4,320,260,4,False,False,Abyssal Flames,30,False
92239608,657.6,WIN,False,50,6,MAIN,6,ATTACK_SELECTION,ATTACK,,ATTACK,2,1,121,320,320,2,False,4,6,True,True,1,1,1,320,260,4,320,60,4,False,False,Abyssal Flames,30,False
92239608,657.6,WIN,False,51,6,DAMAGE_COUNTER_ANY,4,TARGET_SELECTION,,,CARD,0,0,121,320,320,2,False,4,6,False,True,1,1,1,320,60,4,320,60,4,False,False,Abyssal Flames,30,False
92239608,657.6,WIN,False,52,6,DAMAGE_COUNTER_ANY,4,TARGET_SELECTION,,,CARD,0,0,121,320,320,2,False,4,6,False,True,1,1,1,320,60,4,320,60,4,False,False,Abyssal Flames,30,False
92239608,657.6,WIN,False,53,6,DAMAGE_COUNTER_ANY,4,TARGET_SELECTION,,,CARD,0,0,121,320,320,2,False,4,6,False,True,1,1,1,320,60,4,320,60,4,False,False,Abyssal Flames,30,False
92239608,657.6,WIN,False,54,6,DAMAGE_COUNTER_ANY,4,TARGET_SELECTION,,,CARD,0,0,121,320,320,2,False,4,6,False,True,1,1,1,320,60,4,320,60,4,False,False,Abyssal Flames,30,False
92239608,657.6,WIN,False,55,6,DAMAGE_COUNTER_ANY,4,TARGET_SELECTION,,,CARD,0,0,121,320,320,2,False,4,6,False,True,1,1,1,320,60,4,320,60,4,False,False,Abyssal Flames,30,False
92239608,657.6,WIN,False,56,6,DAMAGE_COUNTER_ANY,4,TARGET_SELECTION,,,,0,0,121,320,320,2,False,4,6,False,True,1,1,1,320,60,4,320,60,4,False,False,Abyssal Flames,30,False
92239608,657.6,WIN,False,57,8,MAIN,22,RESOURCE_MANAGEMENT,ABILITY,,ABILITY,2,0,121,150,320,2,True,4,6,True,True,1,1,1,320,60,4,320,60,4,False,False,Abyssal Flames,30,False
92239608,657.6,WIN,False,58,8,TO_HAND,2,RESOURCE_MANAGEMENT,,,CARD,0,0,121,150,320,2,True,4,6,False,True,1,1,1,320,60,4,320,60,4,False,False,Abyssal Flames,30,False
92239608,657.6,WIN,False,59,8,MAIN,22,RESOURCE_MANAGEMENT,PLAY_ITEM,1121,PLAY,2,0,121,150,320,2,True,4,6,True,True,1,1,1,320,60,4,320,60,4,False,False,Abyssal Flames,30,False
92239608,657.6,WIN,False,60,8,DISCARD,9,RESOURCE_MANAGEMENT,,,CARD;CARD,0,0,121,150,320,2,True,4,6,False,True,1,1,1,320,60,4,320,60,4,False,False,Abyssal Flames,30,False
92239608,657.6,WIN,False,61,8,TO_HAND,2,RESOURCE_MANAGEMENT,,,CARD,0,0,121,150,320,2,True,4,6,False,True,1,1,1,320,60,4,320,60,4,False,False,Abyssal Flames,30,False
92239608,657.6,WIN,False,62,8,MAIN,12,RESOURCE_MANAGEMENT,PLAY_SUPPORTER,1182,PLAY,2,0,121,150,320,2,True,4,6,True,True,1,1,1,320,60,4,320,60,4,False,False,Abyssal Flames,30,False
92239608,657.6,WIN,False,63,8,SWITCH,4,ACTIVE_POKEMON_SELECTION,,,CARD,0,0,121,150,320,2,True,4,6,False,True,1,1,1,320,60,4,320,270,4,False,False,Abyssal Flames,30,False
92239608,657.6,WIN,False,64,8,MAIN,8,ATTACK_SELECTION,ATTACK,,ATTACK,2,1,121,150,320,2,True,4,6,True,True,1,1,1,320,270,4,320,70,4,False,False,Abyssal Flames,30,False
92239608,657.6,WIN,False,65,8,DAMAGE_COUNTER_ANY,4,TARGET_SELECTION,,,CARD,0,0,121,150,320,2,True,4,6,False,True,1,1,1,320,70,4,320,70,4,False,False,Abyssal Flames,30,False
92239608,657.6,WIN,False,66,8,DAMAGE_COUNTER_ANY,4,TARGET_SELECTION,,,CARD,0,0,121,150,320,2,True,4,6,False,True,1,1,1,320,70,4,320,70,4,False,False,Abyssal Flames,30,False
92239608,657.6,WIN,False,67,8,DAMAGE_COUNTER_ANY,4,TARGET_SELECTION,,,CARD,0,0,121,150,320,2,True,4,6,False,True,1,1,1,320,70,4,320,70,4,False,False,Abyssal Flames,30,False
92239608,657.6,WIN,False,68,8,DAMAGE_COUNTER_ANY,4,TARGET_SELECTION,,,CARD,0,0,121,150,320,2,True,4,6,False,True,1,1,1,320,70,4,320,70,4,False,False,Abyssal Flames,30,False
92239608,657.6,WIN,False,69,8,DAMAGE_COUNTER_ANY,4,TARGET_SELECTION,,,CARD,0,0,121,150,320,2,True,4,6,False,True,1,1,1,320,70,4,320,70,4,False,False,Abyssal Flames,30,False
92239608,657.6,WIN,False,70,8,DAMAGE_COUNTER_ANY,4,TARGET_SELECTION,,,CARD,0,0,121,150,320,2,True,4,6,False,True,1,1,1,320,70,4,320,70,4,False,False,Abyssal Flames,30,False
92239608,657.6,WIN,False,71,8,TO_HAND,6,RESOURCE_MANAGEMENT,,,,0,0,121,150,320,2,True,4,6,False,True,1,1,1,320,70,4,320,70,2,False,False,Abyssal Flames,30,False
92239608,657.6,WIN,False,72,9,TO_ACTIVE,4,ACTIVE_POKEMON_SELECTION,,,CARD,0,0,,,,,False,4,4,False,True,,,1,320,70,2,320,70,2,,,,,True
92239608,657.6,WIN,False,73,10,MAIN,15,RESOURCE_MANAGEMENT,PLAY_ITEM,1097,PLAY,2,0,121,320,320,2,False,3,4,True,True,1,1,0,320,70,2,320,70,2,False,False,Abyssal Flames,30,False
92239608,657.6,WIN,False,74,10,TO_HAND,9,RESOURCE_MANAGEMENT,,,CARD,0,0,121,320,320,2,False,3,4,False,True,1,1,0,320,70,2,320,70,2,False,False,Abyssal Flames,30,False
92239608,657.6,WIN,False,75,10,MAIN,15,RESOURCE_MANAGEMENT,PLAY_POKEMON,119,PLAY,2,0,121,320,320,2,False,3,4,True,True,1,1,0,320,70,2,320,70,2,False,False,Abyssal Flames,30,False
92239608,657.6,WIN,False,76,10,MAIN,14,RESOURCE_MANAGEMENT,PLAY_ITEM,1120,PLAY,2,0,121,320,320,2,False,4,4,True,True,1,1,0,320,70,2,320,70,2,False,False,Abyssal Flames,30,False
92239608,657.6,WIN,False,77,10,DISCARD_ENERGY,1,ENERGY_MANAGEMENT,,,ENERGY,0,0,121,320,320,2,False,4,4,False,True,1,1,0,320,70,2,320,70,2,False,False,Abyssal Flames,30,False
92239608,657.6,WIN,False,78,10,MAIN,13,RESOURCE_MANAGEMENT,ABILITY,,ABILITY,2,0,121,320,320,2,False,4,4,True,True,1,1,0,320,70,2,320,70,2,False,False,,,False
92239608,657.6,WIN,False,79,10,TO_HAND,2,RESOURCE_MANAGEMENT,,,CARD,0,0,121,320,320,2,False,4,4,False,True,1,1,0,320,70,2,320,70,2,False,False,,,False
92239608,657.6,WIN,False,80,10,MAIN,13,RESOURCE_MANAGEMENT,ABILITY,,ABILITY,2,0,121,320,320,2,False,4,4,True,True,1,1,0,320,70,2,320,70,2,False,False,,,False
92239608,657.6,WIN,False,81,10,MAIN,15,RESOURCE_MANAGEMENT,PLAY_ITEM,1121,PLAY,2,0,121,320,320,2,False,4,4,True,True,1,1,0,320,70,2,320,70,2,False,False,,,False
92239608,657.6,WIN,False,82,10,DISCARD,11,RESOURCE_MANAGEMENT,,,CARD;CARD,0,0,121,320,320,2,False,4,4,False,True,1,1,0,320,70,2,320,70,2,False,False,,,False
92239608,657.6,WIN,False,83,10,TO_HAND,1,RESOURCE_MANAGEMENT,,,CARD,0,0,121,320,320,2,False,4,4,False,True,1,1,0,320,70,2,320,70,2,False,False,,,False
92239608,657.6,WIN,False,84,10,MAIN,13,RESOURCE_MANAGEMENT,PLAY_ITEM,1121,PLAY,2,0,121,320,320,2,False,4,4,True,True,1,1,0,320,70,2,320,70,2,False,False,,,False
92239608,657.6,WIN,False,85,10,DISCARD,9,RESOURCE_MANAGEMENT,,,CARD;CARD,0,0,121,320,320,2,False,4,4,False,True,1,1,0,320,70,2,320,70,2,False,False,,,False
92239608,657.6,WIN,False,86,10,MAIN,10,RESOURCE_MANAGEMENT,PLAY_SUPPORTER,1227,PLAY,2,0,121,320,320,2,False,4,4,True,True,1,1,0,320,70,2,320,70,2,False,False,,,False
92239608,657.6,WIN,False,87,10,MAIN,7,ATTACK_SELECTION,ATTACK,,ATTACK,2,1,121,320,320,2,False,4,4,True,True,1,1,0,320,70,2,320,0,2,False,False,,,False
92239608,657.6,WIN,False,88,10,DAMAGE_COUNTER_ANY,3,TARGET_SELECTION,,,CARD,0,0,121,320,320,2,False,4,4,False,True,1,1,0,320,0,2,320,0,2,False,False,,,False
92239608,657.6,WIN,False,89,10,DAMAGE_COUNTER_ANY,3,TARGET_SELECTION,,,CARD,0,0,121,320,320,2,False,4,4,False,True,1,1,0,320,0,2,320,0,2,False,False,,,False
92239608,657.6,WIN,False,90,10,DAMAGE_COUNTER_ANY,3,TARGET_SELECTION,,,CARD,0,0,121,320,320,2,False,4,4,False,True,1,1,0,320,0,2,320,0,2,False,False,,,False
92239608,657.6,WIN,False,91,10,DAMAGE_COUNTER_ANY,3,TARGET_SELECTION,,,CARD,0,0,121,320,320,2,False,4,4,False,True,1,1,0,320,0,2,320,0,2,False,False,,,False
92239608,657.6,WIN,False,92,10,DAMAGE_COUNTER_ANY,3,TARGET_SELECTION,,,CARD,0,0,121,320,320,2,False,4,4,False,True,1,1,0,320,0,2,320,0,2,False,False,,,False
92239608,657.6,WIN,False,93,10,DAMAGE_COUNTER_ANY,3,TARGET_SELECTION,,,CARD,0,0,121,320,320,2,False,4,4,False,True,1,1,0,320,0,2,,,2,False,False,,,False
92239608,657.6,WIN,False,94,10,TO_HAND,4,RESOURCE_MANAGEMENT,,,,0,0,121,320,320,2,False,4,4,False,True,1,1,0,,,2,676,110,2,,,,,False
92239608,657.6,WIN,False,95,12,MAIN,14,ENERGY_MANAGEMENT,ATTACH_ENERGY,,ATTACH,0,0,140,140,210,2,True,4,2,True,True,1,0,1,676,110,2,676,110,2,False,False,Cosmic Beam,70,True
92239608,657.6,WIN,False,96,12,MAIN,9,RESOURCE_MANAGEMENT,PLAY_ITEM,1120,PLAY,0,0,140,140,210,2,True,4,2,True,True,1,0,1,676,110,2,676,110,2,False,False,Cosmic Beam,70,False
92239608,657.6,WIN,False,97,12,MAIN,8,BENCH_MANAGEMENT,EVOLVE,,EVOLVE,0,0,140,140,210,2,True,4,2,True,True,1,0,1,676,110,2,676,110,2,False,False,Cosmic Beam,70,False
92239608,657.6,WIN,False,98,12,MAIN,8,RESOURCE_MANAGEMENT,PLAY_SUPPORTER,1227,PLAY,0,0,140,140,210,2,True,4,2,True,True,1,0,1,676,110,2,676,110,2,False,False,Cosmic Beam,70,False
92239608,657.6,WIN,False,99,12,MAIN,5,RESOURCE_MANAGEMENT,PLAY_ITEM,1120,PLAY,0,0,140,140,210,2,True,4,2,True,True,1,0,1,676,110,2,676,110,2,False,False,Cosmic Beam,70,False
92239608,657.6,WIN,False,100,12,MAIN,4,RETREAT_SELECTION,RETREAT,,RETREAT,0,0,140,140,210,2,True,4,2,True,True,1,0,1,676,110,2,676,110,2,False,False,Cosmic Beam,70,False
92239608,657.6,WIN,False,101,12,SWITCH,4,ACTIVE_POKEMON_SELECTION,,,CARD,0,0,140,140,210,2,True,4,2,False,True,1,0,1,676,110,2,676,110,2,False,False,Cosmic Beam,70,False
92239608,657.6,WIN,False,102,12,MAIN,5,ATTACK_SELECTION,ATTACK,,ATTACK,2,1,121,290,290,2,False,4,2,False,True,1,1,0,676,110,2,676,0,2,False,False,Cosmic Beam,70,True
92239608,657.6,WIN,False,103,12,DAMAGE_COUNTER_ANY,3,TARGET_SELECTION,,,CARD,0,0,121,290,290,2,False,4,2,False,True,1,1,0,676,0,2,676,0,2,False,False,Cosmic Beam,70,False
92239608,657.6,WIN,False,104,12,DAMAGE_COUNTER_ANY,3,TARGET_SELECTION,,,CARD,0,0,121,290,290,2,False,4,2,False,True,1,1,0,676,0,2,676,0,2,False,False,Cosmic Beam,70,False
92239608,657.6,WIN,False,105,12,DAMAGE_COUNTER_ANY,3,TARGET_SELECTION,,,CARD,0,0,121,290,290,2,False,4,2,False,True,1,1,0,676,0,2,676,0,2,False,False,Cosmic Beam,70,False
92239608,657.6,WIN,False,106,12,DAMAGE_COUNTER_ANY,3,TARGET_SELECTION,,,CARD,0,0,121,290,290,2,False,4,2,False,True,1,1,0,676,0,2,676,0,2,False,False,Cosmic Beam,70,False
92239608,657.6,WIN,False,107,12,DAMAGE_COUNTER_ANY,3,TARGET_SELECTION,,,CARD,0,0,121,290,290,2,False,4,2,False,True,1,1,0,676,0,2,676,0,2,False,False,Cosmic Beam,70,False
92239608,657.6,WIN,False,108,12,DAMAGE_COUNTER_ANY,3,TARGET_SELECTION,,,CARD,0,0,121,290,290,2,False,4,2,False,True,1,1,0,676,0,2,,,2,False,False,Cosmic Beam,70,False
92239608,657.6,WIN,False,109,12,TO_HAND,2,RESOURCE_MANAGEMENT,,,CARD,0,0,121,290,290,2,False,4,2,False,True,1,1,0,,,2,,,2,,,,,False
92240528,797.3,WIN,True,0,,,0,UNKNOWN,,,,0,0,,,,,False,,,False,False,,,0,,,,,,,,,,,False
92240528,797.3,WIN,True,1,,,0,UNKNOWN,,,,0,0,,,,,False,,,False,False,,,0,,,,,,0,,,,,False
92240528,797.3,WIN,True,2,0,IS_FIRST,2,GOING_FIRST_SECOND,,,,0,0,,,,,False,0,0,False,False,,,0,,,0,,,6,,,,,False
92240528,797.3,WIN,True,3,0,SETUP_ACTIVE_POKEMON,1,EARLY_GAME_SETUP,,,,0,0,,,,,False,0,0,False,False,,,0,,,6,860,70,6,,,,,False
92240528,797.3,WIN,True,4,1,MAIN,4,RESOURCE_MANAGEMENT,PLAY_ITEM,1152,PLAY,0,0,184,210,210,2,False,0,6,False,False,2,0,0,860,70,6,860,70,6,False,False,,,False
92240528,797.3,WIN,True,5,1,TO_HAND,8,RESOURCE_MANAGEMENT,,,CARD,0,0,184,210,210,2,False,0,6,False,False,2,0,0,860,70,6,860,70,6,False,False,,,False
92240528,797.3,WIN,True,6,1,MAIN,4,RESOURCE_MANAGEMENT,PLAY_POKEMON,119,PLAY,0,0,184,210,210,2,False,0,6,False,False,2,0,0,860,70,6,860,70,6,False,False,,,False
92240528,797.3,WIN,True,7,1,MAIN,5,ENERGY_MANAGEMENT,ATTACH_ENERGY,,ATTACH,0,0,184,210,210,2,False,1,6,True,True,2,0,0,860,70,6,860,70,6,False,False,,,False
92240528,797.3,WIN,True,8,1,MAIN,3,TIMING,,,,0,0,184,210,210,2,False,1,6,True,True,2,0,1,860,70,6,860,70,6,False,False,,,False
92240528,797.3,WIN,True,9,3,MAIN,6,RESOURCE_MANAGEMENT,PLAY_SUPPORTER,1227,PLAY,0,0,184,210,210,2,False,1,6,True,True,2,0,1,860,70,6,860,70,6,False,False,,,False
92240528,797.3,WIN,True,10,3,MAIN,9,RESOURCE_MANAGEMENT,PLAY_ITEM,1079,PLAY,0,0,184,210,210,2,False,1,6,True,True,2,0,1,860,70,6,860,70,6,False,False,,,False
92240528,797.3,WIN,True,11,3,EVOLVE,1,BENCH_MANAGEMENT,,,EVOLVE,0,0,184,210,210,2,False,1,6,False,True,2,0,1,860,70,6,860,70,6,False,False,,,False
92240528,797.3,WIN,True,12,3,MAIN,6,RESOURCE_MANAGEMENT,PLAY_POKEMON,119,PLAY,0,0,184,210,210,2,False,1,6,True,True,2,0,1,860,70,6,860,70,6,False,False,,,False
92240528,797.3,WIN,True,13,3,MAIN,5,RESOURCE_MANAGEMENT,PLAY_ITEM,1086,PLAY,0,0,184,210,210,2,False,2,6,True,True,2,0,1,860,70,6,860,70,6,False,False,,,False
92240528,797.3,WIN,True,14,3,TO_BENCH,3,BENCH_MANAGEMENT,,,CARD,0,0,184,210,210,2,False,2,6,False,True,2,0,1,860,70,6,860,70,6,False,False,,,False
92240528,797.3,WIN,True,15,3,MAIN,4,TIMING,,,,0,0,184,210,210,2,False,3,6,True,True,2,0,1,860,70,6,860,70,6,False,False,,,False
92240528,797.3,WIN,True,16,5,MAIN,8,RESOURCE_MANAGEMENT,PLAY_POKEMON,1071,PLAY,0,0,184,200,210,2,True,3,6,True,True,2,0,1,860,70,6,860,70,6,False,False,,,False
92240528,797.3,WIN,True,17,5,ACTIVATE,2,RESOURCE_MANAGEMENT,,,YES,0,0,184,200,210,2,True,4,6,False,True,2,0,1,860,70,6,860,70,6,False,False,,,False
92240528,797.3,WIN,True,18,5,TO_HAND,12,RESOURCE_MANAGEMENT,,,CARD,0,0,184,200,210,2,True,4,6,False,True,2,0,1,860,70,6,860,70,6,False,False,,,False
92240528,797.3,WIN,True,19,5,MAIN,8,RESOURCE_MANAGEMENT,PLAY_SUPPORTER,1198,PLAY,0,0,184,200,210,2,True,4,6,True,True,2,0,1,860,70,6,860,70,6,False,False,,,False
92240528,797.3,WIN,True,20,5,TO_HAND,6,RESOURCE_MANAGEMENT,,,CARD,0,0,184,200,210,2,True,4,6,False,True,2,0,1,860,70,6,860,70,6,False,False,,,False
92240528,797.3,WIN,True,21,5,ATTACH_TO,3,ENERGY_MANAGEMENT,,,CARD,0,0,184,200,210,2,True,4,6,False,True,2,0,1,860,70,6,860,70,6,False,False,,,False
92240528,797.3,WIN,True,22,5,ATTACH_FROM,5,ENERGY_MANAGEMENT,,,CARD,0,0,184,200,210,2,True,4,6,False,True,2,0,1,860,70,6,860,70,6,False,False,,,False
92240528,797.3,WIN,True,23,5,MAIN,12,BENCH_MANAGEMENT,EVOLVE,,EVOLVE,0,0,184,200,210,2,True,4,6,True,True,2,0,1,860,70,6,860,70,6,False,False,,,False
92240528,797.3,WIN,True,24,5,MAIN,10,RESOURCE_MANAGEMENT,ABILITY,,ABILITY,0,0,184,200,210,2,True,4,6,True,True,2,0,1,860,70,6,860,70,6,False,False,,,False
92240528,797.3,WIN,True,25,5,TO_HAND,2,RESOURCE_MANAGEMENT,,,CARD,0,0,184,200,210,2,True,4,6,False,True,2,0,1,860,70,6,860,70,6,False,False,,,False
92240528,797.3,WIN,True,26,5,MAIN,9,BENCH_MANAGEMENT,EVOLVE,,EVOLVE,0,0,184,200,210,2,True,4,6,True,True,2,0,1,860,70,6,860,70,6,False,False,,,False
92240528,797.3,WIN,True,27,5,MAIN,9,RESOURCE_MANAGEMENT,ABILITY,,ABILITY,0,0,184,200,210,2,True,4,6,True,True,2,0,1,860,70,6,860,70,6,False,False,,,False
92240528,797.3,WIN,True,28,5,TO_HAND,2,RESOURCE_MANAGEMENT,,,CARD,0,0,184,200,210,2,True,4,6,False,True,2,0,1,860,70,6,860,70,6,False,False,,,False
92240528,797.3,WIN,True,29,5,MAIN,8,ENERGY_MANAGEMENT,ATTACH_ENERGY,,ATTACH,0,0,184,200,210,2,True,4,6,True,True,2,0,1,860,70,6,860,70,6,False,False,,,False
92240528,797.3,WIN,True,30,5,MAIN,3,RETREAT_SELECTION,RETREAT,,RETREAT,0,0,184,200,210,2,True,4,6,True,True,2,0,1,860,70,6,860,70,6,False,False,,,False
92240528,797.3,WIN,True,31,5,SWITCH,4,ACTIVE_POKEMON_SELECTION,,,CARD,0,0,184,200,210,2,True,4,6,False,True,2,0,1,860,70,6,860,70,6,False,False,,,False
92240528,797.3,WIN,True,32,5,MAIN,4,ATTACK_SELECTION,ATTACK,,ATTACK,2,1,121,320,320,2,False,4,6,False,True,1,1,0,860,70,6,860,0,6,False,False,,,True
92240528,797.3,WIN,True,33,5,DAMAGE_COUNTER_ANY,3,TARGET_SELECTION,,,CARD,0,0,121,320,320,2,False,4,6,False,True,1,1,0,860,0,6,860,0,6,False,False,,,False
92240528,797.3,WIN,True,34,5,DAMAGE_COUNTER_ANY,3,TARGET_SELECTION,,,CARD,0,0,121,320,320,2,False,4,6,False,True,1,1,0,860,0,6,860,0,6,False,False,,,False
92240528,797.3,WIN,True,35,5,DAMAGE_COUNTER_ANY,3,TARGET_SELECTION,,,CARD,0,0,121,320,320,2,False,4,6,False,True,1,1,0,860,0,6,860,0,6,False,False,,,False
92240528,797.3,WIN,True,36,5,DAMAGE_COUNTER_ANY,3,TARGET_SELECTION,,,CARD,0,0,121,320,320,2,False,4,6,False,True,1,1,0,860,0,6,860,0,6,False,False,,,False
92240528,797.3,WIN,True,37,5,DAMAGE_COUNTER_ANY,3,TARGET_SELECTION,,,CARD,0,0,121,320,320,2,False,4,6,False,True,1,1,0,860,0,6,860,0,6,False,False,,,False
92240528,797.3,WIN,True,38,5,DAMAGE_COUNTER_ANY,3,TARGET_SELECTION,,,CARD,0,0,121,320,320,2,False,4,6,False,True,1,1,0,860,0,6,,,6,False,False,,,False
92240528,797.3,WIN,True,39,5,TO_HAND,6,RESOURCE_MANAGEMENT,,,,0,0,121,320,320,2,False,4,6,False,True,1,1,0,,,6,648,290,6,,,,,False
92240528,797.3,WIN,True,40,7,MAIN,10,BENCH_MANAGEMENT,EVOLVE,,EVOLVE,2,0,121,140,320,2,True,4,5,True,True,1,1,0,648,290,6,648,290,6,True,False,Shadow Bullet,180,False
92240528,797.3,WIN,True,41,7,MAIN,7,RESOURCE_MANAGEMENT,ABILITY,,ABILITY,2,0,121,140,320,2,True,4,5,True,True,1,1,1,648,290,6,648,290,6,True,False,Shadow Bullet,180,False
92240528,797.3,WIN,True,42,7,TO_HAND,2,RESOURCE_MANAGEMENT,,,CARD,0,0,121,140,320,2,True,4,5,False,True,1,1,1,648,290,6,648,290,6,True,False,Shadow Bullet,180,False
92240528,797.3,WIN,True,43,7,MAIN,6,RESOURCE_MANAGEMENT,PLAY_SUPPORTER,1227,PLAY,2,0,121,140,320,2,True,4,5,True,True,1,1,1,648,290,6,648,290,6,True,False,Shadow Bullet,180,False
92240528,797.3,WIN,True,44,7,MAIN,12,ENERGY_MANAGEMENT,ATTACH_ENERGY,,ATTACH,2,0,121,140,320,2,True,4,5,True,True,1,1,1,648,290,6,648,290,6,True,False,Shadow Bullet,180,False
92240528,797.3,WIN,True,45,7,MAIN,7,ATTACK_SELECTION,ATTACK,,ATTACK,2,1,121,140,320,2,True,4,5,True,True,1,1,1,648,290,6,648,90,6,True,False,Shadow Bullet,180,False
92240528,797.3,WIN,True,46,7,DAMAGE_COUNTER_ANY,2,TARGET_SELECTION,,,CARD,0,0,121,140,320,2,True,4,5,False,True,1,1,1,648,90,6,648,90,6,True,False,Shadow Bullet,180,False
92240528,797.3,WIN,True,47,7,DAMAGE_COUNTER_ANY,2,TARGET_SELECTION,,,CARD,0,0,121,140,320,2,True,4,5,False,True,1,1,1,648,90,6,648,90,6,True,False,Shadow Bullet,180,False
92240528,797.3,WIN,True,48,7,DAMAGE_COUNTER_ANY,2,TARGET_SELECTION,,,CARD,0,0,121,140,320,2,True,4,5,False,True,1,1,1,648,90,6,648,90,6,True,False,Shadow Bullet,180,False
92240528,797.3,WIN,True,49,7,DAMAGE_COUNTER_ANY,2,TARGET_SELECTION,,,CARD,0,0,121,140,320,2,True,4,5,False,True,1,1,1,648,90,6,648,90,6,True,False,Shadow Bullet,180,False
92240528,797.3,WIN,True,50,7,DAMAGE_COUNTER_ANY,2,TARGET_SELECTION,,,CARD,0,0,121,140,320,2,True,4,5,False,True,1,1,1,648,90,6,648,90,6,True,False,Shadow Bullet,180,False
92240528,797.3,WIN,True,51,7,DAMAGE_COUNTER_ANY,2,TARGET_SELECTION,,,,0,0,121,140,320,2,True,4,5,False,True,1,1,1,648,90,6,648,80,4,True,False,Shadow Bullet,180,False
92240528,797.3,WIN,True,52,8,TO_ACTIVE,4,ACTIVE_POKEMON_SELECTION,,,CARD,0,0,,,,,False,4,5,False,True,,,2,648,80,4,648,70,4,,,,,True
92240528,797.3,WIN,True,53,9,MAIN,11,RESOURCE_MANAGEMENT,PLAY_POKEMON,140,PLAY,2,0,121,270,320,2,True,3,5,True,True,1,1,1,648,70,4,648,70,4,False,False,Shadow Bullet,180,False
92240528,797.3,WIN,True,54,9,MAIN,11,RESOURCE_MANAGEMENT,PLAY_ITEM,1152,PLAY,2,0,121,270,320,2,True,4,5,True,True,1,1,1,648,70,4,648,70,4,False,False,Shadow Bullet,180,False
92240528,797.3,WIN,True,55,9,TO_HAND,3,RESOURCE_MANAGEMENT,,,CARD,0,0,121,270,320,2,True,4,5,False,True,1,1,1,648,70,4,648,70,4,False,False,Shadow Bullet,180,False
92240528,797.3,WIN,True,56,9,MAIN,10,RESOURCE_MANAGEMENT,ABILITY,,ABILITY,2,0,121,270,320,2,True,4,5,True,True,1,1,1,648,70,4,648,70,4,False,False,Shadow Bullet,180,False
92240528,797.3,WIN,True,57,9,TO_HAND,2,RESOURCE_MANAGEMENT,,,CARD,0,0,121,270,320,2,True,4,5,False,True,1,1,1,648,70,4,648,70,4,False,False,Shadow Bullet,180,False
92240528,797.3,WIN,True,58,9,MAIN,10,RESOURCE_MANAGEMENT,ABILITY,,ABILITY,2,0,121,270,320,2,True,4,5,True,True,1,1,1,648,70,4,648,70,4,False,False,Shadow Bullet,180,False
92240528,797.3,WIN,True,59,9,MAIN,12,RESOURCE_MANAGEMENT,PLAY_SUPPORTER,1198,PLAY,2,0,121,270,320,2,True,4,5,True,True,1,1,1,648,70,4,648,70,4,False,False,Shadow Bullet,180,False
92240528,797.3,WIN,True,60,9,TO_HAND,3,RESOURCE_MANAGEMENT,,,CARD,0,0,121,270,320,2,True,4,5,False,True,1,1,1,648,70,4,648,70,4,False,False,Shadow Bullet,180,False
92240528,797.3,WIN,True,61,9,ATTACH_TO,1,ENERGY_MANAGEMENT,,,CARD,0,0,121,270,320,2,True,4,5,False,True,1,1,1,648,70,4,648,70,4,False,False,Shadow Bullet,180,False
92240528,797.3,WIN,True,62,9,ATTACH_FROM,5,ENERGY_MANAGEMENT,,,CARD,0,0,121,270,320,2,True,4,5,False,True,1,1,1,648,70,4,648,70,4,False,False,Shadow Bullet,180,False
92240528,797.3,WIN,True,63,9,MAIN,15,ENERGY_MANAGEMENT,ATTACH_ENERGY,,ATTACH,2,0,121,270,320,2,True,4,5,True,True,1,1,1,648,70,4,648,70,4,False,False,Shadow Bullet,180,False
92240528,797.3,WIN,True,64,9,MAIN,10,RESOURCE_MANAGEMENT,PLAY_ITEM,1080,PLAY,2,0,121,270,320,2,True,4,5,True,True,1,1,2,648,70,4,648,70,4,False,False,Shadow Bullet,180,False
92240528,797.3,WIN,True,65,9,MAIN,7,RESOURCE_MANAGEMENT,PLAY_ITEM,1120,PLAY,2,0,121,270,320,2,True,4,5,True,True,1,1,2,648,70,4,648,70,4,False,False,Shadow Bullet,180,False
92240528,797.3,WIN,True,66,9,DISCARD_ENERGY,9,ENERGY_MANAGEMENT,,,ENERGY,0,0,121,270,320,2,True,4,5,False,True,1,1,2,648,70,4,648,70,4,False,False,Shadow Bullet,180,False
92240528,797.3,WIN,True,67,9,MAIN,6,ATTACK_SELECTION,ATTACK,,ATTACK,2,1,121,270,320,2,True,4,5,True,True,1,1,2,648,70,4,648,0,4,False,False,Shadow Bullet,180,False
92240528,797.3,WIN,True,68,9,DAMAGE_COUNTER_ANY,3,TARGET_SELECTION,,,CARD,0,0,121,270,320,2,True,4,5,False,True,1,1,2,648,0,4,648,0,4,False,False,Shadow Bullet,180,False
92240528,797.3,WIN,True,69,9,DAMAGE_COUNTER_ANY,3,TARGET_SELECTION,,,CARD,0,0,121,270,320,2,True,4,5,False,True,1,1,2,648,0,4,648,0,4,False,False,Shadow Bullet,180,False
92240528,797.3,WIN,True,70,9,DAMAGE_COUNTER_ANY,3,TARGET_SELECTION,,,CARD,0,0,121,270,320,2,True,4,5,False,True,1,1,2,648,0,4,648,0,4,False,False,Shadow Bullet,180,False
92240528,797.3,WIN,True,71,9,DAMAGE_COUNTER_ANY,3,TARGET_SELECTION,,,CARD,0,0,121,270,320,2,True,4,5,False,True,1,1,2,648,0,4,648,0,4,False,False,Shadow Bullet,180,False
92240528,797.3,WIN,True,72,9,DAMAGE_COUNTER_ANY,3,TARGET_SELECTION,,,CARD,0,0,121,270,320,2,True,4,5,False,True,1,1,2,648,0,4,648,0,4,False,False,Shadow Bullet,180,False
92240528,797.3,WIN,True,73,9,DAMAGE_COUNTER_ANY,3,TARGET_SELECTION,,,CARD,0,0,121,270,320,2,True,4,5,False,True,1,1,2,648,0,4,,,4,False,False,Shadow Bullet,180,False
92240528,797.3,WIN,True,74,9,TO_HAND,5,RESOURCE_MANAGEMENT,,,,0,0,121,270,320,2,True,4,5,False,True,1,1,2,,,4,648,150,3,,,,,False
92240528,797.3,WIN,True,75,11,MAIN,11,RESOURCE_MANAGEMENT,PLAY_ITEM,1121,PLAY,2,0,121,90,320,2,True,3,3,True,True,1,1,1,648,150,3,648,150,3,True,False,Shadow Bullet,180,False
92240528,797.3,WIN,True,76,11,DISCARD,6,RESOURCE_MANAGEMENT,,,CARD;CARD,0,0,121,90,320,2,True,3,3,False,True,1,1,1,648,150,3,648,150,3,True,False,Shadow Bullet,180,False
92240528,797.3,WIN,True,77,11,TO_HAND,3,RESOURCE_MANAGEMENT,,,CARD,0,0,121,90,320,2,True,3,3,False,True,1,1,1,648,150,3,648,150,3,True,False,Shadow Bullet,180,False
92240528,797.3,WIN,True,78,11,MAIN,8,RESOURCE_MANAGEMENT,ABILITY,,ABILITY,2,0,121,90,320,2,True,3,3,True,True,1,1,1,648,150,3,648,150,3,True,False,Shadow Bullet,180,False
92240528,797.3,WIN,True,79,11,MAIN,13,RESOURCE_MANAGEMENT,PLAY_ITEM,1097,PLAY,2,0,121,90,320,2,True,3,3,True,True,1,1,1,648,150,3,648,150,3,True,False,Shadow Bullet,180,False
92240528,797.3,WIN,True,80,11,TO_HAND,6,RESOURCE_MANAGEMENT,,,CARD,0,0,121,90,320,2,True,3,3,False,True,1,1,1,648,150,3,648,150,3,True,False,Shadow Bullet,180,False
92240528,797.3,WIN,True,81,11,MAIN,13,RESOURCE_MANAGEMENT,PLAY_POKEMON,119,PLAY,2,0,121,90,320,2,True,3,3,True,True,1,1,1,648,150,3,648,150,3,True,False,Shadow Bullet,180,False
92240528,797.3,WIN,True,82,11,MAIN,13,ENERGY_MANAGEMENT,ATTACH_ENERGY,,ATTACH,2,0,121,90,320,2,True,4,3,True,True,1,1,1,648,150,3,648,150,3,True,False,Shadow Bullet,180,False
92240528,797.3,WIN,True,83,11,MAIN,8,RESOURCE_MANAGEMENT,PLAY_SUPPORTER,1227,PLAY,2,0,121,90,320,2,True,4,3,True,True,1,1,2,648,150,3,648,150,3,True,False,Shadow Bullet,180,False
92240528,797.3,WIN,True,84,11,MAIN,6,RESOURCE_MANAGEMENT,PLAY_ITEM,1120,PLAY,2,0,121,90,320,2,True,4,3,True,True,1,1,2,648,150,3,648,150,3,True,False,Shadow Bullet,180,False
92240528,797.3,WIN,True,85,11,DISCARD_ENERGY,2,ENERGY_MANAGEMENT,,,ENERGY,0,0,121,90,320,2,True,4,3,False,True,1,1,2,648,150,3,648,150,3,True,False,Shadow Bullet,180,False
92240528,797.3,WIN,True,86,11,MAIN,5,ATTACK_SELECTION,ATTACK,,ATTACK,2,1,121,90,320,2,True,4,3,True,True,1,1,2,648,150,3,648,0,3,False,True,,,False
92240528,797.3,WIN,True,87,11,DAMAGE_COUNTER_ANY,5,TARGET_SELECTION,,,CARD,0,0,121,90,320,2,True,4,3,False,True,1,1,2,648,0,3,648,0,3,False,True,,,False
92240528,797.3,WIN,True,88,11,DAMAGE_COUNTER_ANY,5,TARGET_SELECTION,,,CARD,0,0,121,90,320,2,True,4,3,False,True,1,1,2,648,0,3,648,0,3,False,True,,,False
92240528,797.3,WIN,True,89,11,DAMAGE_COUNTER_ANY,5,TARGET_SELECTION,,,CARD,0,0,121,90,320,2,True,4,3,False,True,1,1,2,648,0,3,648,0,3,False,True,,,False
92240528,797.3,WIN,True,90,11,DAMAGE_COUNTER_ANY,5,TARGET_SELECTION,,,CARD,0,0,121,90,320,2,True,4,3,False,True,1,1,2,648,0,3,648,0,3,False,True,,,False
92240528,797.3,WIN,True,91,11,DAMAGE_COUNTER_ANY,5,TARGET_SELECTION,,,CARD,0,0,121,90,320,2,True,4,3,False,True,1,1,2,648,0,3,648,0,3,False,True,,,False
92240528,797.3,WIN,True,92,11,DAMAGE_COUNTER_ANY,5,TARGET_SELECTION,,,CARD,0,0,121,90,320,2,True,4,3,False,True,1,1,2,648,0,3,,,3,False,True,,,False
92240528,797.3,WIN,True,93,11,TO_HAND,3,RESOURCE_MANAGEMENT,,,CARD;CARD,0,0,121,90,320,2,True,4,3,False,True,1,1,2,,,3,,,3,,,,,False
92241477,722.5,LOSS,True,0,,,0,UNKNOWN,,,,0,0,,,,,False,,,False,False,,,0,,,,,,,,,,,False
92241477,722.5,LOSS,True,1,,,0,UNKNOWN,,,,0,0,,,,,False,,,False,False,,,0,,,,,,0,,,,,False
92241477,722.5,LOSS,True,2,0,IS_FIRST,2,GOING_FIRST_SECOND,,,YES,0,0,,,,,False,0,0,False,False,,,0,,,0,,,0,,,,,False
92241477,722.5,LOSS,True,3,0,SETUP_ACTIVE_POKEMON,1,EARLY_GAME_SETUP,,,,0,0,,,,,False,0,0,False,False,,,0,,,0,119,70,6,,,,,False
92241477,722.5,LOSS,True,4,1,MAIN,7,ENERGY_MANAGEMENT,ATTACH_ENERGY,,ATTACH,0,0,119,70,70,1,False,0,6,False,False,1,0,0,119,70,6,119,70,6,False,False,,,False
92241477,722.5,LOSS,True,5,1,MAIN,6,RESOURCE_MANAGEMENT,PLAY_ITEM,1086,PLAY,0,0,119,70,70,1,False,0,6,False,False,1,0,0,119,70,6,119,70,6,False,False,,,False
92241477,722.5,LOSS,True,6,1,TO_BENCH,5,BENCH_MANAGEMENT,,,CARD;CARD,0,0,119,70,70,1,False,0,6,False,False,1,0,0,119,70,6,119,70,6,False,False,,,False
92241477,722.5,LOSS,True,7,1,MAIN,9,RESOURCE_MANAGEMENT,PLAY_ITEM,1086,PLAY,0,0,119,70,70,1,False,2,6,False,True,1,0,0,119,70,6,119,70,6,False,False,,,False
92241477,722.5,LOSS,True,8,1,TO_BENCH,3,BENCH_MANAGEMENT,,,CARD;CARD,0,0,119,70,70,1,False,2,6,False,True,1,0,0,119,70,6,119,70,6,False,False,,,False
92241477,722.5,LOSS,True,9,1,MAIN,12,ENERGY_MANAGEMENT,ATTACH_ENERGY,,ATTACH,0,0,119,70,70,1,False,4,6,False,True,1,0,1,119,70,6,119,70,6,False,False,,,False
92241477,722.5,LOSS,True,10,1,MAIN,2,TIMING,,,,0,0,119,70,70,1,False,4,6,False,True,1,0,1,119,70,6,119,70,6,False,False,,,False
92241477,722.5,LOSS,True,11,3,MAIN,9,RESOURCE_MANAGEMENT,PLAY_ITEM,1120,PLAY,0,0,119,70,70,1,False,4,6,False,True,1,0,1,119,70,6,119,70,6,False,False,,,False
92241477,722.5,LOSS,True,12,3,MAIN,8,ENERGY_MANAGEMENT,ATTACH_ENERGY,,ATTACH,0,0,119,70,70,1,False,4,6,False,True,1,0,1,119,70,6,119,70,6,False,False,,,False
92241477,722.5,LOSS,True,13,3,MAIN,2,TIMING,,,,0,0,119,70,70,1,False,4,6,False,True,1,0,2,119,70,6,119,70,6,False,False,,,False
92241477,722.5,LOSS,True,14,5,MAIN,4,RESOURCE_MANAGEMENT,PLAY_SUPPORTER,1198,PLAY,0,0,119,70,70,1,False,4,6,False,True,1,0,2,119,70,6,119,70,6,False,False,,,False
92241477,722.5,LOSS,True,15,5,TO_HAND,6,RESOURCE_MANAGEMENT,,,CARD,0,0,119,70,70,1,False,4,6,False,True,1,0,2,119,70,6,119,70,6,False,False,,,False
92241477,722.5,LOSS,True,16,5,ATTACH_TO,3,ENERGY_MANAGEMENT,,,CARD,0,0,119,70,70,1,False,4,6,False,True,1,0,2,119,70,6,119,70,6,False,False,,,False
92241477,722.5,LOSS,True,17,5,ATTACH_FROM,5,ENERGY_MANAGEMENT,,,CARD,0,0,119,70,70,1,False,4,6,False,True,1,0,2,119,70,6,119,70,6,False,False,,,False
92241477,722.5,LOSS,True,18,5,MAIN,7,ENERGY_MANAGEMENT,ATTACH_ENERGY,,ATTACH,0,0,119,70,70,1,False,4,6,False,True,1,0,3,119,70,6,119,70,6,False,False,,,False
92241477,722.5,LOSS,True,19,5,MAIN,1,TIMING,,,,0,0,119,70,70,1,False,4,6,False,True,1,0,3,119,70,6,119,70,6,False,False,,,False
92241477,722.5,LOSS,True,20,7,MAIN,4,RESOURCE_MANAGEMENT,PLAY_ITEM,1152,PLAY,0,0,119,70,70,1,False,4,6,False,True,1,0,3,119,70,6,119,70,6,False,False,,,False
92241477,722.5,LOSS,True,21,7,TO_HAND,4,RESOURCE_MANAGEMENT,,,CARD,0,0,119,70,70,1,False,4,6,False,True,1,0,3,119,70,6,119,70,6,False,False,,,False
92241477,722.5,LOSS,True,22,7,MAIN,7,BENCH_MANAGEMENT,EVOLVE,,EVOLVE,0,0,119,70,70,1,False,4,6,False,True,1,0,3,119,70,6,119,70,6,False,False,,,False
92241477,722.5,LOSS,True,23,7,MAIN,3,RESOURCE_MANAGEMENT,ABILITY,,ABILITY,0,0,119,70,70,1,False,4,6,False,True,1,0,2,119,70,6,119,70,6,False,False,,,False
92241477,722.5,LOSS,True,24,7,TO_HAND,2,RESOURCE_MANAGEMENT,,,CARD,0,0,119,70,70,1,False,4,6,False,True,1,0,2,119,70,6,119,70,6,False,False,,,False
92241477,722.5,LOSS,True,25,7,MAIN,8,ENERGY_MANAGEMENT,ATTACH_ENERGY,,ATTACH,0,0,119,70,70,1,False,4,6,False,True,1,0,2,119,70,6,119,70,6,False,False,,,False
92241477,722.5,LOSS,True,26,7,MAIN,4,RETREAT_SELECTION,RETREAT,,RETREAT,1,0,119,70,70,1,False,4,6,True,True,1,1,2,119,70,6,119,70,6,False,False,,,False
92241477,722.5,LOSS,True,27,7,DISCARD_ENERGY,1,ENERGY_MANAGEMENT,,,ENERGY,0,0,119,70,70,1,False,4,6,False,True,1,1,2,119,70,6,119,70,6,False,False,,,False
92241477,722.5,LOSS,True,28,7,SWITCH,4,ACTIVE_POKEMON_SELECTION,,,CARD,0,0,119,70,70,1,False,4,6,False,True,1,0,2,119,70,6,119,70,6,False,False,,,False
92241477,722.5,LOSS,True,29,7,MAIN,3,TIMING,,,,1,0,235,30,30,1,False,4,6,False,True,0,0,1,119,70,6,121,320,5,False,False,,,True
92241477,722.5,LOSS,True,30,8,TO_ACTIVE,4,ACTIVE_POKEMON_SELECTION,,,CARD,0,0,,,,,False,4,6,False,True,,,1,121,320,5,121,320,5,,,,,True
92241477,722.5,LOSS,True,31,9,MAIN,6,RESOURCE_MANAGEMENT,ABILITY,,ABILITY,0,0,120,90,90,1,False,3,6,True,True,1,1,1,121,320,5,121,320,5,False,True,Jet Headbutt,70,False
92241477,722.5,LOSS,True,32,9,TO_HAND,2,RESOURCE_MANAGEMENT,,,CARD,0,0,120,90,90,1,False,3,6,False,True,1,1,1,121,320,5,121,320,5,False,True,Jet Headbutt,70,False
92241477,722.5,LOSS,True,33,9,MAIN,6,RESOURCE_MANAGEMENT,PLAY_SUPPORTER,1227,PLAY,0,0,120,90,90,1,False,3,6,True,True,1,1,1,121,320,5,121,320,5,False,True,Jet Headbutt,70,False
92241477,722.5,LOSS,True,34,9,MAIN,13,RESOURCE_MANAGEMENT,PLAY_ITEM,1120,PLAY,0,0,120,90,90,1,False,3,6,True,True,1,1,1,121,320,5,121,320,5,False,True,Jet Headbutt,70,False
92241477,722.5,LOSS,True,35,9,DISCARD_ENERGY,2,ENERGY_MANAGEMENT,,,ENERGY,0,0,120,90,90,1,False,3,6,False,True,1,1,1,121,320,5,121,320,5,False,True,Jet Headbutt,70,False
92241477,722.5,LOSS,True,36,9,MAIN,12,BENCH_MANAGEMENT,EVOLVE,,EVOLVE,0,0,120,90,90,1,False,3,6,True,True,1,1,1,121,320,5,121,320,5,False,True,Jet Headbutt,70,False
92241477,722.5,LOSS,True,37,9,MAIN,10,RESOURCE_MANAGEMENT,ABILITY,,ABILITY,0,0,120,90,90,1,False,3,6,True,True,1,1,0,121,320,5,121,320,5,False,True,Jet Headbutt,70,False
92241477,722.5,LOSS,True,38,9,TO_HAND,2,RESOURCE_MANAGEMENT,,,CARD,0,0,120,90,90,1,False,3,6,False,True,1,1,0,121,320,5,121,320,5,False,True,Jet Headbutt,70,False
92241477,722.5,LOSS,True,39,9,MAIN,10,RESOURCE_MANAGEMENT,PLAY_POKEMON,140,PLAY,0,0,120,90,90,1,False,3,6,True,True,1,1,0,121,320,5,121,320,5,False,True,Jet Headbutt,70,False
92241477,722.5,LOSS,True,40,9,MAIN,11,RESOURCE_MANAGEMENT,ABILITY,,ABILITY,0,0,120,90,90,1,False,4,6,True,True,1,1,0,121,320,5,121,320,5,False,True,Jet Headbutt,70,False
92241477,722.5,LOSS,True,41,9,MAIN,12,RESOURCE_MANAGEMENT,PLAY_POKEMON,235,PLAY,0,0,120,90,90,1,False,4,6,True,True,1,1,0,121,320,5,121,320,5,False,True,Jet Headbutt,70,False
92241477,722.5,LOSS,True,42,9,MAIN,12,RESOURCE_MANAGEMENT,PLAY_ITEM,1121,PLAY,0,0,120,90,90,1,False,5,6,True,True,1,1,1,121,320,5,121,320,5,False,True,Jet Headbutt,70,False
92241477,722.5,LOSS,True,43,9,DISCARD,7,RESOURCE_MANAGEMENT,,,CARD;CARD,0,0,120,90,90,1,False,5,6,False,True,1,1,1,121,320,5,121,320,5,False,True,Jet Headbutt,70,False
92241477,722.5,LOSS,True,44,9,TO_HAND,4,RESOURCE_MANAGEMENT,,,CARD,0,0,120,90,90,1,False,5,6,False,True,1,1,1,121,320,5,121,320,5,False,True,Jet Headbutt,70,False
92241477,722.5,LOSS,True,45,9,MAIN,11,BENCH_MANAGEMENT,EVOLVE,,EVOLVE,0,0,120,90,90,1,False,5,6,True,True,1,1,1,121,320,5,121,320,5,False,True,Jet Headbutt,70,False
92241477,722.5,LOSS,True,46,9,MAIN,11,ENERGY_MANAGEMENT,ATTACH_ENERGY,,ATTACH,1,0,121,320,320,2,False,5,6,True,True,1,1,1,121,320,5,121,320,5,False,False,Jet Headbutt,70,True
92241477,722.5,LOSS,True,47,9,MAIN,5,RETREAT_SELECTION,RETREAT,,RETREAT,1,0,121,320,320,2,False,5,6,True,True,1,1,2,121,320,5,121,320,5,False,False,Jet Headbutt,70,False
92241477,722.5,LOSS,True,48,9,DISCARD_ENERGY,1,ENERGY_MANAGEMENT,,,ENERGY,0,0,121,320,320,2,False,5,6,False,True,1,1,2,121,320,5,121,320,5,False,False,Jet Headbutt,70,False
92241477,722.5,LOSS,True,49,9,SWITCH,5,ACTIVE_POKEMON_SELECTION,,,CARD,0,0,121,320,320,2,False,5,6,False,True,1,0,2,121,320,5,121,320,5,False,False,Jet Headbutt,70,False
92241477,722.5,LOSS,True,50,9,MAIN,4,TIMING,,,,1,0,235,30,30,1,False,5,6,False,True,0,0,1,121,320,5,121,310,4,True,False,Jet Headbutt,70,True
92241477,722.5,LOSS,True,51,10,TO_ACTIVE,5,ACTIVE_POKEMON_SELECTION,,,CARD,0,0,,,,,False,5,6,False,True,,,1,121,310,4,121,310,4,,,,,True
92241477,722.5,LOSS,True,52,11,MAIN,8,RESOURCE_MANAGEMENT,PLAY_ITEM,1152,PLAY,0,0,121,320,320,2,False,4,6,False,True,1,0,1,121,310,4,121,310,4,False,False,Phantom Dive,200,False
92241477,722.5,LOSS,True,53,11,TO_HAND,1,RESOURCE_MANAGEMENT,,,CARD,0,0,121,320,320,2,False,4,6,False,True,1,0,1,121,310,4,121,310,4,False,False,Phantom Dive,200,False
92241477,722.5,LOSS,True,54,11,MAIN,9,RESOURCE_MANAGEMENT,ABILITY,,ABILITY,0,0,121,320,320,2,False,4,6,False,True,1,0,1,121,310,4,121,310,4,False,False,Phantom Dive,200,False
92241477,722.5,LOSS,True,55,11,TO_HAND,2,RESOURCE_MANAGEMENT,,,CARD,0,0,121,320,320,2,False,4,6,False,True,1,0,1,121,310,4,121,310,4,False,False,Phantom Dive,200,False
92241477,722.5,LOSS,True,56,11,MAIN,9,RESOURCE_MANAGEMENT,ABILITY,,ABILITY,0,0,121,320,320,2,False,4,6,False,True,1,0,1,121,310,4,121,310,4,False,False,Phantom Dive,200,False
92241477,722.5,LOSS,True,57,11,MAIN,11,RESOURCE_MANAGEMENT,PLAY_SUPPORTER,1198,PLAY,0,0,121,320,320,2,False,4,6,False,True,1,0,1,121,310,4,121,310,4,False,False,Phantom Dive,200,False
92241477,722.5,LOSS,True,58,11,TO_HAND,2,RESOURCE_MANAGEMENT,,,CARD,0,0,121,320,320,2,False,4,6,False,True,1,0,1,121,310,4,121,310,4,False,False,Phantom Dive,200,False
92241477,722.5,LOSS,True,59,11,MAIN,12,BENCH_MANAGEMENT,EVOLVE,,EVOLVE,0,0,121,320,320,2,False,4,6,False,True,1,0,1,121,310,4,121,310,4,False,False,Phantom Dive,200,False
92241477,722.5,LOSS,True,60,11,MAIN,11,RESOURCE_MANAGEMENT,ABILITY,,ABILITY,0,0,121,320,320,2,False,4,6,False,True,1,0,1,121,310,4,121,310,4,False,False,Phantom Dive,200,False
92241477,722.5,LOSS,True,61,11,TO_HAND,2,RESOURCE_MANAGEMENT,,,CARD,0,0,121,320,320,2,False,4,6,False,True,1,0,1,121,310,4,121,310,4,False,False,Phantom Dive,200,False
92241477,722.5,LOSS,True,62,11,MAIN,10,RESOURCE_MANAGEMENT,PLAY_ITEM,1121,PLAY,0,0,121,320,320,2,False,4,6,False,True,1,0,1,121,310,4,121,310,4,False,False,Phantom Dive,200,False
92241477,722.5,LOSS,True,63,11,DISCARD,8,RESOURCE_MANAGEMENT,,,CARD;CARD,0,0,121,320,320,2,False,4,6,False,True,1,0,1,121,310,4,121,310,4,False,False,Phantom Dive,200,False
92241477,722.5,LOSS,True,64,11,TO_HAND,2,RESOURCE_MANAGEMENT,,,CARD,0,0,121,320,320,2,False,4,6,False,True,1,0,1,121,310,4,121,310,4,False,False,Phantom Dive,200,False
92241477,722.5,LOSS,True,65,11,MAIN,10,BENCH_MANAGEMENT,EVOLVE,,EVOLVE,0,0,121,320,320,2,False,4,6,False,True,1,0,1,121,310,4,121,310,4,False,False,Phantom Dive,200,False
92241477,722.5,LOSS,True,66,11,MAIN,9,ENERGY_MANAGEMENT,ATTACH_ENERGY,,ATTACH,0,0,121,320,320,2,False,4,6,False,True,1,0,2,121,310,4,121,310,4,False,False,Phantom Dive,200,False
92241477,722.5,LOSS,True,67,11,MAIN,4,RESOURCE_MANAGEMENT,PLAY_ITEM,1080,PLAY,0,0,121,320,320,2,False,4,6,False,True,1,0,2,121,310,4,121,310,4,False,False,Phantom Dive,200,False
92241477,722.5,LOSS,True,68,11,MAIN,4,TIMING,,,,0,0,121,320,320,2,False,4,6,False,True,1,0,2,121,310,4,121,310,4,False,False,Phantom Dive,200,False
92241477,722.5,LOSS,True,69,13,MAIN,10,RESOURCE_MANAGEMENT,PLAY_POKEMON,1071,PLAY,2,0,121,120,320,2,True,4,6,True,True,1,1,1,121,310,4,121,310,4,True,False,Phantom Dive,200,False
92241477,722.5,LOSS,True,70,13,ACTIVATE,2,RESOURCE_MANAGEMENT,,,YES,0,0,121,120,320,2,True,5,6,False,True,1,1,1,121,310,4,121,310,4,True,False,Phantom Dive,200,False
92241477,722.5,LOSS,True,71,13,TO_HAND,4,RESOURCE_MANAGEMENT,,,CARD,0,0,121,120,320,2,True,5,6,False,True,1,1,1,121,310,4,121,310,4,True,False,Phantom Dive,200,False
92241477,722.5,LOSS,True,72,13,MAIN,10,RESOURCE_MANAGEMENT,ABILITY,,ABILITY,2,0,121,120,320,2,True,5,6,True,True,1,1,1,121,310,4,121,310,4,True,False,Phantom Dive,200,False
92241477,722.5,LOSS,True,73,13,TO_HAND,2,RESOURCE_MANAGEMENT,,,CARD,0,0,121,120,320,2,True,5,6,False,True,1,1,1,121,310,4,121,310,4,True,False,Phantom Dive,200,False
92241477,722.5,LOSS,True,74,13,MAIN,10,RESOURCE_MANAGEMENT,PLAY_SUPPORTER,1182,PLAY,2,0,121,120,320,2,True,5,6,True,True,1,1,1,121,310,4,121,310,4,True,False,Phantom Dive,200,False
92241477,722.5,LOSS,True,75,13,SWITCH,4,ACTIVE_POKEMON_SELECTION,,,CARD,0,0,121,120,320,2,True,5,6,False,True,1,1,1,121,310,4,1071,170,4,True,False,Phantom Dive,200,False
92241477,722.5,LOSS,True,76,13,MAIN,7,ATTACK_SELECTION,ATTACK,,ATTACK,2,1,121,120,320,2,True,5,6,True,True,1,1,1,1071,170,4,1071,0,4,False,False,,,False
92241477,722.5,LOSS,True,77,13,DAMAGE_COUNTER_ANY,4,TARGET_SELECTION,,,CARD,0,0,121,120,320,2,True,5,6,False,True,1,1,1,1071,0,4,1071,0,4,False,False,,,False
92241477,722.5,LOSS,True,78,13,DAMAGE_COUNTER_ANY,4,TARGET_SELECTION,,,CARD,0,0,121,120,320,2,True,5,6,False,True,1,1,1,1071,0,4,1071,0,4,False,False,,,False
92241477,722.5,LOSS,True,79,13,DAMAGE_COUNTER_ANY,4,TARGET_SELECTION,,,CARD,0,0,121,120,320,2,True,5,6,False,True,1,1,1,1071,0,4,1071,0,4,False,False,,,False
92241477,722.5,LOSS,True,80,13,DAMAGE_COUNTER_ANY,4,TARGET_SELECTION,,,CARD,0,0,121,120,320,2,True,5,6,False,True,1,1,1,1071,0,4,1071,0,4,False,False,,,False
92241477,722.5,LOSS,True,81,13,DAMAGE_COUNTER_ANY,4,TARGET_SELECTION,,,CARD,0,0,121,120,320,2,True,5,6,False,True,1,1,1,1071,0,4,1071,0,4,False,False,,,False
92241477,722.5,LOSS,True,82,13,DAMAGE_COUNTER_ANY,4,TARGET_SELECTION,,,CARD,0,0,121,120,320,2,True,5,6,False,True,1,1,1,1071,0,4,,,4,False,False,,,False
92241477,722.5,LOSS,True,83,13,TO_HAND,6,RESOURCE_MANAGEMENT,,,CARD;CARD,0,0,121,120,320,2,True,5,6,False,True,1,1,1,,,4,,,4,,,,,False
92252769,634.7,WIN,False,0,,,0,UNKNOWN,,,,0,0,,,,,False,,,False,False,,,0,,,,,,,,,,,False
92252769,634.7,WIN,False,1,,,0,UNKNOWN,,,,0,0,,,,,False,,,False,False,,,0,,,,,,0,,,,,False
92252769,634.7,WIN,False,2,0,SETUP_ACTIVE_POKEMON,1,EARLY_GAME_SETUP,,,,0,0,,,,,False,0,0,False,False,,,0,,,0,119,70,6,,,,,False
92252769,634.7,WIN,False,3,2,MAIN,6,RESOURCE_MANAGEMENT,PLAY_ITEM,1086,PLAY,1,0,235,30,30,1,False,0,6,False,False,0,0,0,119,70,6,119,70,6,False,False,,,False
92252769,634.7,WIN,False,4,2,TO_BENCH,4,BENCH_MANAGEMENT,,,CARD;CARD,0,0,235,30,30,1,False,0,6,False,False,0,0,0,119,70,6,119,70,6,False,False,,,False
92252769,634.7,WIN,False,5,2,MAIN,8,RESOURCE_MANAGEMENT,PLAY_ITEM,1086,PLAY,1,0,235,30,30,1,False,2,6,True,True,0,0,0,119,70,6,119,70,6,False,False,,,False
92252769,634.7,WIN,False,6,2,TO_BENCH,2,BENCH_MANAGEMENT,,,CARD,0,0,235,30,30,1,False,2,6,False,True,0,0,0,119,70,6,119,70,6,False,False,,,False
92252769,634.7,WIN,False,7,2,MAIN,8,ENERGY_MANAGEMENT,ATTACH_ENERGY,,ATTACH,1,0,235,30,30,1,False,3,6,True,True,0,0,0,119,70,6,119,70,6,False,False,,,False
92252769,634.7,WIN,False,8,2,MAIN,4,RESOURCE_MANAGEMENT,PLAY_SUPPORTER,1227,PLAY,1,0,235,30,30,1,False,3,6,True,True,0,0,1,119,70,6,119,70,6,False,False,,,False
92252769,634.7,WIN,False,9,2,MAIN,4,TIMING,,,,1,0,235,30,30,1,False,3,6,True,True,0,0,1,119,70,6,305,70,6,False,False,,,False
92252769,634.7,WIN,False,10,4,MAIN,10,RESOURCE_MANAGEMENT,PLAY_SUPPORTER,1198,PLAY,1,0,235,30,30,1,False,3,6,True,True,0,0,1,305,70,6,305,70,6,False,False,,,False
92252769,634.7,WIN,False,11,4,TO_HAND,5,RESOURCE_MANAGEMENT,,,CARD,0,0,235,30,30,1,False,3,6,False,True,0,0,1,305,70,6,305,70,6,False,False,,,False
92252769,634.7,WIN,False,12,4,ATTACH_TO,2,ENERGY_MANAGEMENT,,,CARD,0,0,235,30,30,1,False,3,6,False,True,0,0,1,305,70,6,305,70,6,False,False,,,False
92252769,634.7,WIN,False,13,4,ATTACH_FROM,4,ENERGY_MANAGEMENT,,,CARD,0,0,235,30,30,1,False,3,6,False,True,0,0,1,305,70,6,305,70,6,False,False,,,False
92252769,634.7,WIN,False,14,4,MAIN,11,BENCH_MANAGEMENT,EVOLVE,,EVOLVE,1,0,235,30,30,1,False,3,6,True,True,0,0,2,305,70,6,305,70,6,False,False,,,False
92252769,634.7,WIN,False,15,4,MAIN,9,RESOURCE_MANAGEMENT,ABILITY,,ABILITY,1,0,235,30,30,1,False,3,6,True,True,0,0,1,305,70,6,305,70,6,False,False,,,False
92252769,634.7,WIN,False,16,4,TO_HAND,2,RESOURCE_MANAGEMENT,,,CARD,0,0,235,30,30,1,False,3,6,False,True,0,0,1,305,70,6,305,70,6,False,False,,,False
92252769,634.7,WIN,False,17,4,MAIN,9,RESOURCE_MANAGEMENT,PLAY_ITEM,1152,PLAY,1,0,235,30,30,1,False,3,6,True,True,0,0,1,305,70,6,305,70,6,False,False,,,False
92252769,634.7,WIN,False,18,4,TO_HAND,4,RESOURCE_MANAGEMENT,,,CARD,0,0,235,30,30,1,False,3,6,False,True,0,0,1,305,70,6,305,70,6,False,False,,,False
92252769,634.7,WIN,False,19,4,MAIN,10,BENCH_MANAGEMENT,EVOLVE,,EVOLVE,1,0,235,30,30,1,False,3,6,True,True,0,0,1,305,70,6,305,70,6,False,False,,,False
92252769,634.7,WIN,False,20,4,MAIN,9,RESOURCE_MANAGEMENT,ABILITY,,ABILITY,1,0,235,30,30,1,False,3,6,True,True,0,0,0,305,70,6,305,70,6,False,False,,,False
92252769,634.7,WIN,False,21,4,TO_HAND,2,RESOURCE_MANAGEMENT,,,CARD,0,0,235,30,30,1,False,3,6,False,True,0,0,0,305,70,6,305,70,6,False,False,,,False
92252769,634.7,WIN,False,22,4,MAIN,8,ENERGY_MANAGEMENT,ATTACH_ENERGY,,ATTACH,1,0,235,30,30,1,False,3,6,True,True,0,0,0,305,70,6,305,70,6,False,False,,,False
92252769,634.7,WIN,False,23,4,MAIN,4,TIMING,,,,1,0,235,30,30,1,False,3,6,True,True,0,0,0,305,70,6,305,60,6,False,False,,,False
92252769,634.7,WIN,False,24,6,MAIN,16,BENCH_MANAGEMENT,EVOLVE,,EVOLVE,1,0,235,30,30,1,False,3,6,True,True,0,0,0,305,60,6,305,60,6,False,False,,,False
92252769,634.7,WIN,False,25,6,MAIN,11,BENCH_MANAGEMENT,EVOLVE,,EVOLVE,1,0,235,30,30,1,False,3,6,True,True,0,0,1,305,60,6,305,60,6,False,False,,,False
92252769,634.7,WIN,False,26,6,MAIN,8,RESOURCE_MANAGEMENT,PLAY_SUPPORTER,1198,PLAY,1,0,235,30,30,1,False,3,6,True,True,0,0,2,305,60,6,305,60,6,False,False,,,False
92252769,634.7,WIN,False,27,6,TO_HAND,3,RESOURCE_MANAGEMENT,,,CARD,0,0,235,30,30,1,False,3,6,False,True,0,0,2,305,60,6,305,60,6,False,False,,,False
92252769,634.7,WIN,False,28,6,ATTACH_TO,2,ENERGY_MANAGEMENT,,,CARD,0,0,235,30,30,1,False,3,6,False,True,0,0,2,305,60,6,305,60,6,False,False,,,False
92252769,634.7,WIN,False,29,6,ATTACH_FROM,4,ENERGY_MANAGEMENT,,,CARD,0,0,235,30,30,1,False,3,6,False,True,0,0,2,305,60,6,305,60,6,False,False,,,False
92252769,634.7,WIN,False,30,6,MAIN,9,ENERGY_MANAGEMENT,ATTACH_ENERGY,,ATTACH,1,0,235,30,30,1,False,3,6,True,True,0,0,2,305,60,6,305,60,6,False,False,,,False
92252769,634.7,WIN,False,31,6,MAIN,5,RETREAT_SELECTION,RETREAT,,RETREAT,1,0,235,30,30,1,False,3,6,True,True,0,0,3,305,60,6,305,60,6,False,False,,,False
92252769,634.7,WIN,False,32,6,SWITCH,3,ACTIVE_POKEMON_SELECTION,,,CARD,0,0,235,30,30,1,False,3,6,False,True,0,0,3,305,60,6,305,60,6,False,False,,,False
92252769,634.7,WIN,False,33,6,MAIN,5,ATTACK_SELECTION,ATTACK,,ATTACK,2,1,121,320,320,2,False,3,6,False,True,1,1,3,305,60,6,305,0,6,False,False,,,True
92252769,634.7,WIN,False,34,6,DAMAGE_COUNTER_ANY,4,TARGET_SELECTION,,,CARD,0,0,121,320,320,2,False,3,6,False,True,1,1,3,305,0,6,305,0,6,False,False,,,False
92252769,634.7,WIN,False,35,6,DAMAGE_COUNTER_ANY,4,TARGET_SELECTION,,,CARD,0,0,121,320,320,2,False,3,6,False,True,1,1,3,305,0,6,305,0,6,False,False,,,False
92252769,634.7,WIN,False,36,6,DAMAGE_COUNTER_ANY,4,TARGET_SELECTION,,,CARD,0,0,121,320,320,2,False,3,6,False,True,1,1,3,305,0,6,305,0,6,False,False,,,False
92252769,634.7,WIN,False,37,6,DAMAGE_COUNTER_ANY,4,TARGET_SELECTION,,,CARD,0,0,121,320,320,2,False,3,6,False,True,1,1,3,305,0,6,305,0,6,False,False,,,False
92252769,634.7,WIN,False,38,6,DAMAGE_COUNTER_ANY,4,TARGET_SELECTION,,,CARD,0,0,121,320,320,2,False,3,6,False,True,1,1,3,305,0,6,305,0,6,False,False,,,False
92252769,634.7,WIN,False,39,6,DAMAGE_COUNTER_ANY,4,TARGET_SELECTION,,,CARD,0,0,121,320,320,2,False,3,6,False,True,1,1,3,305,0,6,,,6,False,False,,,False
92252769,634.7,WIN,False,40,6,TO_HAND,6,RESOURCE_MANAGEMENT,,,,0,0,121,320,320,2,False,3,6,False,True,1,1,3,,,6,121,310,5,,,,,False
92252769,634.7,WIN,False,41,8,MAIN,13,RESOURCE_MANAGEMENT,PLAY_ITEM,1152,PLAY,2,0,121,120,320,2,True,2,5,True,True,1,1,2,121,310,5,121,310,5,True,False,Phantom Dive,200,False
92252769,634.7,WIN,False,42,8,TO_HAND,3,RESOURCE_MANAGEMENT,,,CARD,0,0,121,120,320,2,True,2,5,False,True,1,1,2,121,310,5,121,310,5,True,False,Phantom Dive,200,False
92252769,634.7,WIN,False,43,8,MAIN,13,RESOURCE_MANAGEMENT,PLAY_SUPPORTER,1210,PLAY,2,0,121,120,320,2,True,2,5,True,True,1,1,2,121,310,5,121,310,5,True,False,Phantom Dive,200,False
92252769,634.7,WIN,False,44,8,TO_HAND,4,RESOURCE_MANAGEMENT,,,CARD,0,0,121,120,320,2,True,2,5,False,True,1,1,2,121,310,5,121,310,5,True,False,Phantom Dive,200,False
92252769,634.7,WIN,False,45,8,TO_HAND,2,RESOURCE_MANAGEMENT,,,CARD,0,0,121,120,320,2,True,2,5,False,True,1,1,2,121,310,5,121,310,5,True,False,Phantom Dive,200,False
92252769,634.7,WIN,False,46,8,MAIN,13,RESOURCE_MANAGEMENT,PLAY_POKEMON,140,PLAY,2,0,121,120,320,2,True,2,5,True,True,1,1,2,121,310,5,121,310,5,True,False,Phantom Dive,200,False
92252769,634.7,WIN,False,47,8,MAIN,14,RESOURCE_MANAGEMENT,ABILITY,,ABILITY,2,0,121,120,320,2,True,3,5,True,True,1,1,2,121,310,5,121,310,5,True,False,Phantom Dive,200,False
92252769,634.7,WIN,False,48,8,MAIN,14,RESOURCE_MANAGEMENT,PLAY_ITEM,1121,PLAY,2,0,121,120,320,2,True,3,5,True,True,1,1,2,121,310,5,121,310,5,True,False,Phantom Dive,200,False
92252769,634.7,WIN,False,49,8,DISCARD,10,RESOURCE_MANAGEMENT,,,CARD;CARD,0,0,121,120,320,2,True,3,5,False,True,1,1,2,121,310,5,121,310,5,True,False,Phantom Dive,200,False
92252769,634.7,WIN,False,50,8,TO_HAND,2,RESOURCE_MANAGEMENT,,,CARD,0,0,121,120,320,2,True,3,5,False,True,1,1,2,121,310,5,121,310,5,True,False,Phantom Dive,200,False
92252769,634.7,WIN,False,51,8,MAIN,13,RESOURCE_MANAGEMENT,PLAY_ITEM,1120,PLAY,2,0,121,120,320,2,True,3,5,True,True,1,1,2,121,310,5,121,310,5,True,False,Phantom Dive,200,False
92252769,634.7,WIN,False,52,8,DISCARD_ENERGY,2,ENERGY_MANAGEMENT,,,ENERGY,0,0,121,120,320,2,True,3,5,False,True,1,1,2,121,310,5,121,310,5,True,False,Phantom Dive,200,False
92252769,634.7,WIN,False,53,8,MAIN,12,BENCH_MANAGEMENT,EVOLVE,,EVOLVE,2,0,121,120,320,2,True,3,5,True,True,1,1,2,121,310,5,121,310,5,False,True,Jet Headbutt,70,False
92252769,634.7,WIN,False,54,8,MAIN,11,RESOURCE_MANAGEMENT,ABILITY,,ABILITY,2,0,121,120,320,2,True,3,5,True,True,1,1,2,121,310,5,121,310,5,False,True,Jet Headbutt,70,False
92252769,634.7,WIN,False,55,8,TO_HAND,2,RESOURCE_MANAGEMENT,,,CARD,0,0,121,120,320,2,True,3,5,False,True,1,1,2,121,310,5,121,310,5,False,True,Jet Headbutt,70,False
92252769,634.7,WIN,False,56,8,MAIN,11,ENERGY_MANAGEMENT,ATTACH_ENERGY,,ATTACH,2,0,121,120,320,2,True,3,5,True,True,1,1,2,121,310,5,121,310,5,False,True,Jet Headbutt,70,False
92252769,634.7,WIN,False,57,8,MAIN,7,RESOURCE_MANAGEMENT,PLAY_ITEM,1080,PLAY,2,0,121,120,320,2,True,3,5,True,True,1,1,2,121,310,5,121,310,5,False,True,Jet Headbutt,70,False
92252769,634.7,WIN,False,58,8,MAIN,11,ENERGY_MANAGEMENT,ATTACH_ENERGY,,ATTACH,2,0,121,120,320,2,True,3,5,True,True,1,1,2,121,310,5,121,310,5,False,True,Jet Headbutt,70,False
92252769,634.7,WIN,False,59,8,MAIN,7,RESOURCE_MANAGEMENT,PLAY_ITEM,1152,PLAY,2,0,121,120,320,2,True,3,5,True,True,1,1,2,121,310,5,121,310,5,False,True,Jet Headbutt,70,False
92252769,634.7,WIN,False,60,8,TO_HAND,2,RESOURCE_MANAGEMENT,,,CARD,0,0,121,120,320,2,True,3,5,False,True,1,1,2,121,310,5,121,310,5,False,True,Jet Headbutt,70,False
92252769,634.7,WIN,False,61,8,MAIN,6,RESOURCE_MANAGEMENT,PLAY_ITEM,1120,PLAY,2,0,121,120,320,2,True,3,5,True,True,1,1,2,121,310,5,121,310,5,False,True,Jet Headbutt,70,False
92252769,634.7,WIN,False,62,8,MAIN,5,ATTACK_SELECTION,ATTACK,,ATTACK,2,1,121,120,320,2,True,3,5,True,True,1,1,2,121,310,5,121,110,5,False,True,Jet Headbutt,70,False
92252769,634.7,WIN,False,63,8,DAMAGE_COUNTER_ANY,4,TARGET_SELECTION,,,CARD,0,0,121,120,320,2,True,3,5,False,True,1,1,2,121,110,5,121,110,5,False,True,Jet Headbutt,70,False
92252769,634.7,WIN,False,64,8,DAMAGE_COUNTER_ANY,4,TARGET_SELECTION,,,CARD,0,0,121,120,320,2,True,3,5,False,True,1,1,2,121,110,5,121,110,5,False,True,Jet Headbutt,70,False
92252769,634.7,WIN,False,65,8,DAMAGE_COUNTER_ANY,4,TARGET_SELECTION,,,CARD,0,0,121,120,320,2,True,3,5,False,True,1,1,2,121,110,5,121,110,5,False,True,Jet Headbutt,70,False
92252769,634.7,WIN,False,66,8,DAMAGE_COUNTER_ANY,4,TARGET_SELECTION,,,CARD,0,0,121,120,320,2,True,3,5,False,True,1,1,2,121,110,5,121,110,5,False,True,Jet Headbutt,70,False
92252769,634.7,WIN,False,67,8,DAMAGE_COUNTER_ANY,4,TARGET_SELECTION,,,CARD,0,0,121,120,320,2,True,3,5,False,True,1,1,2,121,110,5,121,110,5,False,True,Jet Headbutt,70,False
92252769,634.7,WIN,False,68,8,DAMAGE_COUNTER_ANY,4,TARGET_SELECTION,,,,0,0,121,120,320,2,True,3,5,False,True,1,1,2,121,110,5,121,140,5,False,True,Jet Headbutt,70,False
92252769,634.7,WIN,False,69,10,MAIN,12,RESOURCE_MANAGEMENT,ABILITY,,ABILITY,2,0,121,50,320,2,True,3,5,True,True,1,1,2,121,140,5,121,140,5,True,False,Jet Headbutt,70,False
92252769,634.7,WIN,False,70,10,TO_HAND,2,RESOURCE_MANAGEMENT,,,CARD,0,0,121,50,320,2,True,3,5,False,True,1,1,2,121,140,5,121,140,5,True,False,Jet Headbutt,70,False
92252769,634.7,WIN,False,71,10,MAIN,12,RESOURCE_MANAGEMENT,PLAY_SUPPORTER,1210,PLAY,2,0,121,50,320,2,True,3,5,True,True,1,1,2,121,140,5,121,140,5,True,False,Jet Headbutt,70,False
92252769,634.7,WIN,False,72,10,TO_HAND,3,RESOURCE_MANAGEMENT,,,CARD,0,0,121,50,320,2,True,3,5,False,True,1,1,2,121,140,5,121,140,5,True,False,Jet Headbutt,70,False
92252769,634.7,WIN,False,73,10,MAIN,12,ATTACK_SELECTION,ATTACK,,ATTACK,2,1,121,50,320,2,True,3,5,True,True,1,1,2,121,140,5,121,0,5,True,False,Jet Headbutt,70,False
92252769,634.7,WIN,False,74,10,DAMAGE_COUNTER_ANY,5,TARGET_SELECTION,,,CARD,0,0,121,50,320,2,True,3,5,False,True,1,1,2,121,0,5,121,0,5,True,False,Jet Headbutt,70,False
92252769,634.7,WIN,False,75,10,DAMAGE_COUNTER_ANY,5,TARGET_SELECTION,,,CARD,0,0,121,50,320,2,True,3,5,False,True,1,1,2,121,0,5,121,0,5,True,False,Jet Headbutt,70,False
92252769,634.7,WIN,False,76,10,DAMAGE_COUNTER_ANY,5,TARGET_SELECTION,,,CARD,0,0,121,50,320,2,True,3,5,False,True,1,1,2,121,0,5,121,0,5,True,False,Jet Headbutt,70,False
92252769,634.7,WIN,False,77,10,DAMAGE_COUNTER_ANY,5,TARGET_SELECTION,,,CARD,0,0,121,50,320,2,True,3,5,False,True,1,1,2,121,0,5,121,0,5,True,False,Jet Headbutt,70,False
92252769,634.7,WIN,False,78,10,DAMAGE_COUNTER_ANY,5,TARGET_SELECTION,,,CARD,0,0,121,50,320,2,True,3,5,False,True,1,1,2,121,0,5,121,0,5,True,False,Jet Headbutt,70,False
92252769,634.7,WIN,False,79,10,DAMAGE_COUNTER_ANY,5,TARGET_SELECTION,,,CARD,0,0,121,50,320,2,True,3,5,False,True,1,1,2,121,0,5,,,5,True,False,Jet Headbutt,70,False
92252769,634.7,WIN,False,80,10,TO_HAND,5,RESOURCE_MANAGEMENT,,,,0,0,121,50,320,2,True,3,5,False,True,1,1,2,,,5,121,320,2,,,,,False
92252769,634.7,WIN,False,81,11,TO_ACTIVE,2,ACTIVE_POKEMON_SELECTION,,,CARD,0,0,,,,,False,2,3,False,True,,,1,121,320,2,121,320,2,,,,,True
92252769,634.7,WIN,False,82,12,MAIN,15,RESOURCE_MANAGEMENT,PLAY_POKEMON,119,PLAY,2,0,121,290,320,2,True,1,3,True,True,1,1,0,121,320,2,121,320,2,False,False,Phantom Dive,200,False
92252769,634.7,WIN,False,83,12,MAIN,15,RESOURCE_MANAGEMENT,PLAY_ITEM,1121,PLAY,2,0,121,290,320,2,True,2,3,True,True,1,1,0,121,320,2,121,320,2,False,False,Phantom Dive,200,False
92252769,634.7,WIN,False,84,12,DISCARD,10,RESOURCE_MANAGEMENT,,,CARD;CARD,0,0,121,290,320,2,True,2,3,False,True,1,1,0,121,320,2,121,320,2,False,False,Phantom Dive,200,False
92252769,634.7,WIN,False,85,12,TO_HAND,1,RESOURCE_MANAGEMENT,,,CARD,0,0,121,290,320,2,True,2,3,False,True,1,1,0,121,320,2,121,320,2,False,False,Phantom Dive,200,False
92252769,634.7,WIN,False,86,12,MAIN,12,RESOURCE_MANAGEMENT,PLAY_ITEM,1121,PLAY,2,0,121,290,320,2,True,2,3,True,True,1,1,0,121,320,2,121,320,2,False,False,Phantom Dive,200,False
92252769,634.7,WIN,False,87,12,DISCARD,8,RESOURCE_MANAGEMENT,,,CARD;CARD,0,0,121,290,320,2,True,2,3,False,True,1,1,0,121,320,2,121,320,2,False,False,Phantom Dive,200,False
92252769,634.7,WIN,False,88,12,MAIN,10,RESOURCE_MANAGEMENT,PLAY_ITEM,1097,PLAY,2,0,121,290,320,2,True,2,3,True,True,1,1,0,121,320,2,121,320,2,False,False,Phantom Dive,200,False
92252769,634.7,WIN,False,89,12,TO_HAND,13,RESOURCE_MANAGEMENT,,,CARD,0,0,121,290,320,2,True,2,3,False,True,1,1,0,121,320,2,121,320,2,False,False,Phantom Dive,200,False
92252769,634.7,WIN,False,90,12,MAIN,10,RESOURCE_MANAGEMENT,PLAY_POKEMON,119,PLAY,2,0,121,290,320,2,True,2,3,True,True,1,1,0,121,320,2,121,320,2,False,False,Phantom Dive,200,False
92252769,634.7,WIN,False,91,12,MAIN,9,RESOURCE_MANAGEMENT,ABILITY,,ABILITY,2,0,121,290,320,2,True,3,3,True,True,1,1,0,121,320,2,121,320,2,False,False,Phantom Dive,200,False
92252769,634.7,WIN,False,92,12,MAIN,10,RESOURCE_MANAGEMENT,PLAY_SUPPORTER,1227,PLAY,2,0,121,290,320,2,True,3,3,True,True,1,1,0,121,320,2,121,320,2,False,False,Phantom Dive,200,False
92252769,634.7,WIN,False,93,12,MAIN,8,RESOURCE_MANAGEMENT,PLAY_ITEM,1120,PLAY,2,0,121,290,320,2,True,3,3,True,True,1,1,0,121,320,2,121,320,2,False,False,Phantom Dive,200,False
92252769,634.7,WIN,False,94,12,MAIN,7,ATTACK_SELECTION,ATTACK,,ATTACK,2,1,121,290,320,2,True,3,3,True,True,1,1,0,121,320,2,121,120,2,False,False,Phantom Dive,200,False
92252769,634.7,WIN,False,95,12,DAMAGE_COUNTER_ANY,3,TARGET_SELECTION,,,CARD,0,0,121,290,320,2,True,3,3,False,True,1,1,0,121,120,2,121,120,2,False,False,Phantom Dive,200,False
92252769,634.7,WIN,False,96,12,DAMAGE_COUNTER_ANY,3,TARGET_SELECTION,,,CARD,0,0,121,290,320,2,True,3,3,False,True,1,1,0,121,120,2,121,120,2,False,False,Phantom Dive,200,False
92252769,634.7,WIN,False,97,12,DAMAGE_COUNTER_ANY,3,TARGET_SELECTION,,,CARD,0,0,121,290,320,2,True,3,3,False,True,1,1,0,121,120,2,121,120,2,False,False,Phantom Dive,200,False
92252769,634.7,WIN,False,98,12,DAMAGE_COUNTER_ANY,3,TARGET_SELECTION,,,CARD,0,0,121,290,320,2,True,3,3,False,True,1,1,0,121,120,2,121,120,2,False,False,Phantom Dive,200,False
92252769,634.7,WIN,False,99,12,DAMAGE_COUNTER_ANY,3,TARGET_SELECTION,,,CARD,0,0,121,290,320,2,True,3,3,False,True,1,1,0,121,120,2,121,120,2,False,False,Phantom Dive,200,False
92252769,634.7,WIN,False,100,12,DAMAGE_COUNTER_ANY,3,TARGET_SELECTION,,,,0,0,121,290,320,2,True,3,3,False,True,1,1,0,121,120,2,121,120,1,False,False,Phantom Dive,200,False
92252769,634.7,WIN,False,101,14,MAIN,10,RESOURCE_MANAGEMENT,PLAY_ITEM,1097,PLAY,2,0,121,90,320,2,True,2,3,True,True,1,1,0,121,120,1,121,120,1,True,False,Phantom Dive,200,False
92252769,634.7,WIN,False,102,14,TO_HAND,13,RESOURCE_MANAGEMENT,,,CARD,0,0,121,90,320,2,True,2,3,False,True,1,1,0,121,120,1,121,120,1,True,False,Phantom Dive,200,False
92252769,634.7,WIN,False,103,14,MAIN,10,BENCH_MANAGEMENT,EVOLVE,,EVOLVE,2,0,121,90,320,2,True,2,3,True,True,1,1,0,121,120,1,121,120,1,True,False,Phantom Dive,200,False
92252769,634.7,WIN,False,104,14,MAIN,10,ATTACK_SELECTION,ATTACK,,ATTACK,2,1,121,90,320,2,True,2,3,True,True,1,1,0,121,120,1,121,0,1,True,False,Phantom Dive,200,False
92252769,634.7,WIN,False,105,14,DAMAGE_COUNTER_ANY,4,TARGET_SELECTION,,,CARD,0,0,121,90,320,2,True,2,3,False,True,1,1,0,121,0,1,121,0,1,True,False,Phantom Dive,200,False
92252769,634.7,WIN,False,106,14,DAMAGE_COUNTER_ANY,4,TARGET_SELECTION,,,CARD,0,0,121,90,320,2,True,2,3,False,True,1,1,0,121,0,1,121,0,1,True,False,Phantom Dive,200,False
92252769,634.7,WIN,False,107,14,DAMAGE_COUNTER_ANY,4,TARGET_SELECTION,,,CARD,0,0,121,90,320,2,True,2,3,False,True,1,1,0,121,0,1,121,0,1,True,False,Phantom Dive,200,False
92252769,634.7,WIN,False,108,14,DAMAGE_COUNTER_ANY,4,TARGET_SELECTION,,,CARD,0,0,121,90,320,2,True,2,3,False,True,1,1,0,121,0,1,121,0,1,True,False,Phantom Dive,200,False
92252769,634.7,WIN,False,109,14,DAMAGE_COUNTER_ANY,4,TARGET_SELECTION,,,CARD,0,0,121,90,320,2,True,2,3,False,True,1,1,0,121,0,1,121,0,1,True,False,Phantom Dive,200,False
92252769,634.7,WIN,False,110,14,DAMAGE_COUNTER_ANY,4,TARGET_SELECTION,,,CARD,0,0,121,90,320,2,True,2,3,False,True,1,1,0,121,0,1,,,1,True,False,Phantom Dive,200,False
92252769,634.7,WIN,False,111,14,TO_HAND,3,RESOURCE_MANAGEMENT,,,CARD;CARD,0,0,121,90,320,2,True,2,3,False,True,1,1,0,,,1,,,1,,,,,False
92275122,696.6,WIN,True,0,,,0,UNKNOWN,,,,0,0,,,,,False,,,False,False,,,0,,,,,,,,,,,False
92275122,696.6,WIN,True,1,,,0,UNKNOWN,,,,0,0,,,,,False,,,False,False,,,0,,,,,,0,,,,,False
92275122,696.6,WIN,True,2,0,IS_FIRST,2,GOING_FIRST_SECOND,,,YES,0,0,,,,,False,0,0,False,False,,,0,,,0,,,0,,,,,False
92275122,696.6,WIN,True,3,0,SETUP_ACTIVE_POKEMON,2,EARLY_GAME_SETUP,,,,0,0,,,,,False,0,0,False,False,,,0,,,0,,,6,,,,,False
92275122,696.6,WIN,True,4,0,SETUP_BENCH_POKEMON,1,BENCH_MANAGEMENT,,,,0,0,,,,,False,0,6,False,False,,,0,,,6,741,50,6,,,,,False
92275122,696.6,WIN,True,5,1,MAIN,4,ENERGY_MANAGEMENT,ATTACH_ENERGY,,ATTACH,0,0,119,70,70,1,False,0,6,False,False,1,0,0,741,50,6,741,50,6,False,False,,,False
92275122,696.6,WIN,True,6,1,MAIN,3,RESOURCE_MANAGEMENT,PLAY_ITEM,1152,PLAY,0,0,119,70,70,1,False,0,6,False,False,1,0,0,741,50,6,741,50,6,False,False,,,False
92275122,696.6,WIN,True,7,1,TO_HAND,8,RESOURCE_MANAGEMENT,,,CARD,0,0,119,70,70,1,False,0,6,False,False,1,0,0,741,50,6,741,50,6,False,False,,,False
92275122,696.6,WIN,True,8,1,MAIN,3,RESOURCE_MANAGEMENT,PLAY_POKEMON,119,PLAY,0,0,119,70,70,1,False,0,6,False,False,1,0,0,741,50,6,741,50,6,False,False,,,False
92275122,696.6,WIN,True,9,1,MAIN,2,TIMING,,,,0,0,119,70,70,1,False,1,6,False,True,1,0,0,741,50,6,741,50,6,False,False,,,False
92275122,696.6,WIN,True,10,3,MAIN,6,ENERGY_MANAGEMENT,ATTACH_ENERGY,,ATTACH,0,0,119,70,70,1,False,1,6,False,True,1,0,0,741,50,6,741,50,6,False,False,,,False
92275122,696.6,WIN,True,11,3,MAIN,4,RESOURCE_MANAGEMENT,PLAY_SUPPORTER,1227,PLAY,0,0,119,70,70,1,False,1,6,False,True,1,0,1,741,50,6,741,50,6,False,False,,,False
92275122,696.6,WIN,True,12,3,MAIN,6,RESOURCE_MANAGEMENT,PLAY_POKEMON,119,PLAY,0,0,119,70,70,1,False,1,6,False,True,1,0,1,741,50,6,741,50,6,False,False,,,False
92275122,696.6,WIN,True,13,3,MAIN,5,RESOURCE_MANAGEMENT,PLAY_POKEMON,184,PLAY,0,0,119,70,70,1,False,2,6,False,True,1,0,1,741,50,6,741,50,6,False,False,,,False
92275122,696.6,WIN,True,14,3,MAIN,5,BENCH_MANAGEMENT,EVOLVE,,EVOLVE,0,0,119,70,70,1,False,3,6,True,True,1,0,1,741,50,6,741,50,6,False,False,,,False
92275122,696.6,WIN,True,15,3,MAIN,4,RESOURCE_MANAGEMENT,ABILITY,,ABILITY,0,0,119,70,70,1,False,3,6,True,True,1,0,0,741,50,6,741,50,6,False,False,,,False
92275122,696.6,WIN,True,16,3,TO_HAND,2,RESOURCE_MANAGEMENT,,,CARD,0,0,119,70,70,1,False,3,6,False,True,1,0,0,741,50,6,741,50,6,False,False,,,False
92275122,696.6,WIN,True,17,3,MAIN,3,TIMING,,,,0,0,119,70,70,1,False,3,6,True,True,1,0,0,741,50,6,742,80,6,False,False,,,False
92275122,696.6,WIN,True,18,4,DISCARD,6,RESOURCE_MANAGEMENT,,,,0,0,119,70,70,1,False,3,6,False,True,1,0,0,742,80,6,742,80,6,False,False,,,False
92275122,696.6,WIN,True,19,5,MAIN,13,RESOURCE_MANAGEMENT,ABILITY,,ABILITY,0,0,119,70,70,1,False,3,6,True,True,1,0,0,742,80,6,742,80,6,False,False,,,False
92275122,696.6,WIN,True,20,5,TO_HAND,2,RESOURCE_MANAGEMENT,,,CARD,0,0,119,70,70,1,False,3,6,False,True,1,0,0,742,80,6,742,80,6,False,False,,,False
92275122,696.6,WIN,True,21,5,MAIN,13,RESOURCE_MANAGEMENT,PLAY_ITEM,1152,PLAY,0,0,119,70,70,1,False,3,6,True,True,1,0,0,742,80,6,742,80,6,False,False,,,False
92275122,696.6,WIN,True,22,5,TO_HAND,5,RESOURCE_MANAGEMENT,,,CARD,0,0,119,70,70,1,False,3,6,False,True,1,0,0,742,80,6,742,80,6,False,False,,,False
92275122,696.6,WIN,True,23,5,MAIN,14,RESOURCE_MANAGEMENT,PLAY_SUPPORTER,1198,PLAY,0,0,119,70,70,1,False,3,6,True,True,1,0,0,742,80,6,742,80,6,False,False,,,False
92275122,696.6,WIN,True,24,5,TO_HAND,3,RESOURCE_MANAGEMENT,,,CARD,0,0,119,70,70,1,False,3,6,False,True,1,0,0,742,80,6,742,80,6,False,False,,,False
92275122,696.6,WIN,True,25,5,ATTACH_TO,1,ENERGY_MANAGEMENT,,,CARD,0,0,119,70,70,1,False,3,6,False,True,1,0,0,742,80,6,742,80,6,False,False,,,False
92275122,696.6,WIN,True,26,5,ATTACH_FROM,4,ENERGY_MANAGEMENT,,,CARD,0,0,119,70,70,1,False,3,6,False,True,1,0,0,742,80,6,742,80,6,False,False,,,False
92275122,696.6,WIN,True,27,5,MAIN,16,BENCH_MANAGEMENT,EVOLVE,,EVOLVE,0,0,119,70,70,1,False,3,6,True,True,1,0,0,742,80,6,742,80,6,False,False,,,False
92275122,696.6,WIN,True,28,5,MAIN,15,RESOURCE_MANAGEMENT,ABILITY,,ABILITY,0,0,119,70,70,1,False,3,6,True,True,1,0,0,742,80,6,742,80,6,False,False,,,False
92275122,696.6,WIN,True,29,5,TO_HAND,2,RESOURCE_MANAGEMENT,,,CARD,0,0,119,70,70,1,False,3,6,False,True,1,0,0,742,80,6,742,80,6,False,False,,,False
92275122,696.6,WIN,True,30,5,MAIN,14,ENERGY_MANAGEMENT,ATTACH_ENERGY,,ATTACH,0,0,119,70,70,1,False,3,6,True,True,1,0,0,742,80,6,742,80,6,False,False,,,False
92275122,696.6,WIN,True,31,5,MAIN,2,TIMING,,,,0,0,119,70,70,1,False,3,6,True,True,1,1,0,742,80,6,743,140,5,False,False,,,False
92275122,696.6,WIN,True,32,6,TO_ACTIVE,3,ACTIVE_POKEMON_SELECTION,,,CARD,0,0,,,,,False,3,6,False,True,,,0,743,140,5,743,140,5,,,,,True
92275122,696.6,WIN,True,33,7,MAIN,13,RESOURCE_MANAGEMENT,PLAY_ITEM,1120,PLAY,0,0,120,90,90,1,False,2,6,True,True,1,1,0,743,140,5,743,140,5,False,False,Powerful Hand,0,False
92275122,696.6,WIN,True,34,7,DISCARD_ENERGY,1,ENERGY_MANAGEMENT,,,ENERGY,0,0,120,90,90,1,False,2,6,False,True,1,1,0,743,140,5,743,140,5,False,False,Powerful Hand,0,False
92275122,696.6,WIN,True,35,7,MAIN,12,RESOURCE_MANAGEMENT,ABILITY,,ABILITY,0,0,120,90,90,1,False,2,6,True,True,1,1,0,743,140,5,743,140,5,False,False,,,False
92275122,696.6,WIN,True,36,7,TO_HAND,2,RESOURCE_MANAGEMENT,,,CARD,0,0,120,90,90,1,False,2,6,False,True,1,1,0,743,140,5,743,140,5,False,False,,,False
92275122,696.6,WIN,True,37,7,MAIN,12,RESOURCE_MANAGEMENT,PLAY_STADIUM,1256,PLAY,0,0,120,90,90,1,False,2,6,True,True,1,1,0,743,140,5,743,140,5,False,False,,,False
92275122,696.6,WIN,True,38,7,MAIN,11,RESOURCE_MANAGEMENT,ABILITY,,ABILITY,0,0,120,90,90,1,False,2,6,True,True,1,1,0,743,140,5,743,140,5,False,False,,,False
92275122,696.6,WIN,True,39,7,TO_HAND,2,RESOURCE_MANAGEMENT,,,CARD,0,0,120,90,90,1,False,2,6,False,True,1,1,0,743,140,5,743,140,5,False,False,,,False
92275122,696.6,WIN,True,40,7,MAIN,11,ENERGY_MANAGEMENT,ATTACH_ENERGY,,ATTACH,0,0,120,90,90,1,False,2,6,True,True,1,1,0,743,140,5,743,140,5,False,False,,,False
92275122,696.6,WIN,True,41,7,MAIN,5,RESOURCE_MANAGEMENT,PLAY_SUPPORTER,1227,PLAY,0,0,120,90,90,1,False,2,6,True,True,1,1,1,743,140,5,743,140,5,False,False,,,False
92275122,696.6,WIN,True,42,7,MAIN,6,RESOURCE_MANAGEMENT,PLAY_POKEMON,140,PLAY,0,0,120,90,90,1,False,2,6,True,True,1,1,1,743,140,5,743,140,5,False,False,,,False
92275122,696.6,WIN,True,43,7,MAIN,6,RESOURCE_MANAGEMENT,PLAY_POKEMON,119,PLAY,0,0,120,90,90,1,False,3,6,True,True,1,1,1,743,140,5,743,140,5,False,False,,,False
92275122,696.6,WIN,True,44,7,MAIN,5,RESOURCE_MANAGEMENT,ABILITY,,ABILITY,0,0,120,90,90,1,False,4,6,True,True,1,1,1,743,140,5,743,140,5,False,False,,,False
92275122,696.6,WIN,True,45,7,MAIN,5,TIMING,,,,0,0,120,90,90,1,False,4,6,True,True,1,1,1,743,140,5,743,140,3,False,False,,,False
92275122,696.6,WIN,True,46,8,TO_ACTIVE,4,ACTIVE_POKEMON_SELECTION,,,CARD,0,0,,,,,False,4,6,False,True,,,1,743,140,3,743,140,3,,,,,True
92275122,696.6,WIN,True,47,9,MAIN,17,RESOURCE_MANAGEMENT,PLAY_ITEM,1121,PLAY,1,0,120,90,90,1,False,3,6,True,True,1,1,0,743,140,3,743,140,3,False,False,Powerful Hand,0,False
92275122,696.6,WIN,True,48,9,DISCARD,9,RESOURCE_MANAGEMENT,,,CARD;CARD,0,0,120,90,90,1,False,3,6,False,True,1,1,0,743,140,3,743,140,3,False,False,Powerful Hand,0,False
92275122,696.6,WIN,True,49,9,TO_HAND,7,RESOURCE_MANAGEMENT,,,CARD,0,0,120,90,90,1,False,3,6,False,True,1,1,0,743,140,3,743,140,3,False,False,Powerful Hand,0,False
92275122,696.6,WIN,True,50,9,MAIN,18,RESOURCE_MANAGEMENT,PLAY_ITEM,1079,PLAY,1,0,120,90,90,1,False,3,6,True,True,1,1,0,743,140,3,743,140,3,False,False,Powerful Hand,0,False
92275122,696.6,WIN,True,51,9,EVOLVE,1,BENCH_MANAGEMENT,,,EVOLVE,0,0,120,90,90,1,False,3,6,False,True,1,1,0,743,140,3,743,140,3,False,False,Powerful Hand,0,False
92275122,696.6,WIN,True,52,9,MAIN,15,RESOURCE_MANAGEMENT,ABILITY,,ABILITY,1,0,120,90,90,1,False,3,6,True,True,1,1,0,743,140,3,743,140,3,False,False,Powerful Hand,0,False
92275122,696.6,WIN,True,53,9,TO_HAND,2,RESOURCE_MANAGEMENT,,,CARD,0,0,120,90,90,1,False,3,6,False,True,1,1,0,743,140,3,743,140,3,False,False,Powerful Hand,0,False
92275122,696.6,WIN,True,54,9,MAIN,16,BENCH_MANAGEMENT,EVOLVE,,EVOLVE,1,0,120,90,90,1,False,3,6,True,True,1,1,0,743,140,3,743,140,3,False,False,Powerful Hand,0,False
92275122,696.6,WIN,True,55,9,MAIN,15,RESOURCE_MANAGEMENT,ABILITY,,ABILITY,2,0,121,320,320,2,False,3,6,True,True,1,1,0,743,140,3,743,140,3,False,False,Powerful Hand,0,True
92275122,696.6,WIN,True,56,9,TO_HAND,2,RESOURCE_MANAGEMENT,,,CARD,0,0,121,320,320,2,False,3,6,False,True,1,1,0,743,140,3,743,140,3,False,False,Powerful Hand,0,False
92275122,696.6,WIN,True,57,9,MAIN,15,RESOURCE_MANAGEMENT,ABILITY,,ABILITY,2,0,121,320,320,2,False,3,6,True,True,1,1,0,743,140,3,743,140,3,False,False,Powerful Hand,0,False
92275122,696.6,WIN,True,58,9,MAIN,17,RESOURCE_MANAGEMENT,PLAY_ITEM,1121,PLAY,2,0,121,320,320,2,False,3,6,True,True,1,1,0,743,140,3,743,140,3,False,False,Powerful Hand,0,False
92275122,696.6,WIN,True,59,9,DISCARD,9,RESOURCE_MANAGEMENT,,,CARD;CARD,0,0,121,320,320,2,False,3,6,False,True,1,1,0,743,140,3,743,140,3,False,False,Powerful Hand,0,False
92275122,696.6,WIN,True,60,9,TO_HAND,4,RESOURCE_MANAGEMENT,,,CARD,0,0,121,320,320,2,False,3,6,False,True,1,1,0,743,140,3,743,140,3,False,False,Powerful Hand,0,False
92275122,696.6,WIN,True,61,9,MAIN,14,ENERGY_MANAGEMENT,ATTACH_ENERGY,,ATTACH,2,0,121,320,320,2,False,3,6,True,True,1,1,0,743,140,3,743,140,3,False,False,Powerful Hand,0,False
92275122,696.6,WIN,True,62,9,MAIN,10,RESOURCE_MANAGEMENT,PLAY_SUPPORTER,1227,PLAY,2,0,121,320,320,2,False,3,6,True,True,1,1,1,743,140,3,743,140,3,False,False,Powerful Hand,0,False
92275122,696.6,WIN,True,63,9,MAIN,7,RESOURCE_MANAGEMENT,PLAY_ITEM,1080,PLAY,2,0,121,320,320,2,False,3,6,True,True,1,1,1,743,140,3,743,140,3,False,False,Powerful Hand,0,False
92275122,696.6,WIN,True,64,9,MAIN,8,RESOURCE_MANAGEMENT,PLAY_ITEM,1120,PLAY,2,0,121,320,320,2,False,3,6,True,True,1,1,1,743,140,3,743,140,3,False,False,Powerful Hand,0,False
92275122,696.6,WIN,True,65,9,MAIN,7,ATTACK_SELECTION,ATTACK,,ATTACK,2,1,121,320,320,2,False,3,6,True,True,1,1,1,743,140,3,743,0,3,False,False,Powerful Hand,0,False
92275122,696.6,WIN,True,66,9,DAMAGE_COUNTER_ANY,3,TARGET_SELECTION,,,CARD,0,0,121,320,320,2,False,3,6,False,True,1,1,1,743,0,3,743,0,3,False,False,Powerful Hand,0,False
92275122,696.6,WIN,True,67,9,DAMAGE_COUNTER_ANY,3,TARGET_SELECTION,,,CARD,0,0,121,320,320,2,False,3,6,False,True,1,1,1,743,0,3,743,0,3,False,False,Powerful Hand,0,False
92275122,696.6,WIN,True,68,9,DAMAGE_COUNTER_ANY,3,TARGET_SELECTION,,,CARD,0,0,121,320,320,2,False,3,6,False,True,1,1,1,743,0,3,743,0,3,False,False,Powerful Hand,0,False
92275122,696.6,WIN,True,69,9,DAMAGE_COUNTER_ANY,3,TARGET_SELECTION,,,CARD,0,0,121,320,320,2,False,3,6,False,True,1,1,1,743,0,3,743,0,3,False,False,Powerful Hand,0,False
92275122,696.6,WIN,True,70,9,DAMAGE_COUNTER_ANY,3,TARGET_SELECTION,,,CARD,0,0,121,320,320,2,False,3,6,False,True,1,1,1,743,0,3,743,0,3,False,False,Powerful Hand,0,False
92275122,696.6,WIN,True,71,9,DAMAGE_COUNTER_ANY,3,TARGET_SELECTION,,,CARD,0,0,121,320,320,2,False,3,6,False,True,1,1,1,743,0,3,,,3,False,False,Powerful Hand,0,False
92275122,696.6,WIN,True,72,9,TO_HAND,6,RESOURCE_MANAGEMENT,,,,0,0,121,320,320,2,False,3,6,False,True,1,1,1,,,3,743,140,3,,,,,False
92275122,696.6,WIN,True,73,11,MAIN,14,RESOURCE_MANAGEMENT,ABILITY,,ABILITY,2,0,121,320,320,2,False,3,5,True,True,1,1,1,743,140,3,743,140,3,False,False,,,False
92275122,696.6,WIN,True,74,11,TO_HAND,2,RESOURCE_MANAGEMENT,,,CARD,0,0,121,320,320,2,False,3,5,False,True,1,1,1,743,140,3,743,140,3,False,False,,,False
92275122,696.6,WIN,True,75,11,MAIN,14,ENERGY_MANAGEMENT,ATTACH_ENERGY,,ATTACH,2,0,121,320,320,2,False,3,5,True,True,1,1,1,743,140,3,743,140,3,False,False,,,False
92275122,696.6,WIN,True,76,11,MAIN,10,RESOURCE_MANAGEMENT,PLAY_SUPPORTER,1227,PLAY,2,0,121,320,320,2,False,3,5,True,True,1,1,1,743,140,3,743,140,3,False,False,,,False
92275122,696.6,WIN,True,77,11,MAIN,8,RESOURCE_MANAGEMENT,PLAY_STADIUM,1256,PLAY,2,0,121,320,320,2,False,3,5,True,True,1,1,1,743,140,3,743,140,3,False,False,,,False
92275122,696.6,WIN,True,78,11,MAIN,7,ATTACK_SELECTION,ATTACK,,ATTACK,2,1,121,320,320,2,False,3,5,True,True,1,1,1,743,140,3,743,0,3,False,False,,,False
92275122,696.6,WIN,True,79,11,DAMAGE_COUNTER_ANY,3,TARGET_SELECTION,,,CARD,0,0,121,320,320,2,False,3,5,False,True,1,1,1,743,0,3,743,0,3,False,False,,,False
92275122,696.6,WIN,True,80,11,DAMAGE_COUNTER_ANY,3,TARGET_SELECTION,,,CARD,0,0,121,320,320,2,False,3,5,False,True,1,1,1,743,0,3,743,0,3,False,False,,,False
92275122,696.6,WIN,True,81,11,DAMAGE_COUNTER_ANY,3,TARGET_SELECTION,,,CARD,0,0,121,320,320,2,False,3,5,False,True,1,1,1,743,0,3,743,0,3,False,False,,,False
92275122,696.6,WIN,True,82,11,DAMAGE_COUNTER_ANY,3,TARGET_SELECTION,,,CARD,0,0,121,320,320,2,False,3,5,False,True,1,1,1,743,0,3,743,0,3,False,False,,,False
92275122,696.6,WIN,True,83,11,DAMAGE_COUNTER_ANY,3,TARGET_SELECTION,,,CARD,0,0,121,320,320,2,False,3,5,False,True,1,1,1,743,0,3,743,0,3,False,False,,,False
92275122,696.6,WIN,True,84,11,DAMAGE_COUNTER_ANY,3,TARGET_SELECTION,,,CARD,0,0,121,320,320,2,False,3,5,False,True,1,1,1,743,0,3,,,3,False,False,,,False
92275122,696.6,WIN,True,85,11,TO_HAND,5,RESOURCE_MANAGEMENT,,,CARD,0,0,121,320,320,2,False,3,5,False,True,1,1,1,,,3,,,3,,,,,False
92275122,696.6,WIN,True,86,11,TO_HAND,4,RESOURCE_MANAGEMENT,,,,0,0,121,320,320,2,False,3,4,False,True,1,1,1,,,3,743,130,3,,,,,False
92275122,696.6,WIN,True,87,13,MAIN,13,RESOURCE_MANAGEMENT,PLAY_ITEM,1121,PLAY,2,0,121,320,320,2,False,3,3,True,True,1,1,1,743,130,3,743,130,3,False,False,,,False
92275122,696.6,WIN,True,88,13,DISCARD,7,RESOURCE_MANAGEMENT,,,CARD;CARD,0,0,121,320,320,2,False,3,3,False,True,1,1,1,743,130,3,743,130,3,False,False,,,False
92275122,696.6,WIN,True,89,13,TO_HAND,3,RESOURCE_MANAGEMENT,,,CARD,0,0,121,320,320,2,False,3,3,False,True,1,1,1,743,130,3,743,130,3,False,False,,,False
92275122,696.6,WIN,True,90,13,MAIN,10,RESOURCE_MANAGEMENT,ABILITY,,ABILITY,2,0,121,320,320,2,False,3,3,True,True,1,1,1,743,130,3,743,130,3,False,False,,,False
92275122,696.6,WIN,True,91,13,TO_HAND,2,RESOURCE_MANAGEMENT,,,CARD,0,0,121,320,320,2,False,3,3,False,True,1,1,1,743,130,3,743,130,3,False,False,,,False
92275122,696.6,WIN,True,92,13,MAIN,10,ATTACK_SELECTION,ATTACK,,ATTACK,2,1,121,320,320,2,False,3,3,True,True,1,1,1,743,130,3,743,0,3,False,False,,,False
92275122,696.6,WIN,True,93,13,DAMAGE_COUNTER_ANY,1,TARGET_SELECTION,,,CARD,0,0,121,320,320,2,False,3,3,False,True,1,1,1,743,0,3,743,0,3,False,False,,,False
92275122,696.6,WIN,True,94,13,DAMAGE_COUNTER_ANY,1,TARGET_SELECTION,,,CARD,0,0,121,320,320,2,False,3,3,False,True,1,1,1,743,0,3,743,0,3,False,False,,,False
92275122,696.6,WIN,True,95,13,DAMAGE_COUNTER_ANY,1,TARGET_SELECTION,,,CARD,0,0,121,320,320,2,False,3,3,False,True,1,1,1,743,0,3,743,0,3,False,False,,,False
92275122,696.6,WIN,True,96,13,DAMAGE_COUNTER_ANY,1,TARGET_SELECTION,,,CARD,0,0,121,320,320,2,False,3,3,False,True,1,1,1,743,0,3,743,0,3,False,False,,,False
92275122,696.6,WIN,True,97,13,DAMAGE_COUNTER_ANY,1,TARGET_SELECTION,,,CARD,0,0,121,320,320,2,False,3,3,False,True,1,1,1,743,0,3,743,0,3,False,False,,,False
92275122,696.6,WIN,True,98,13,DAMAGE_COUNTER_ANY,1,TARGET_SELECTION,,,CARD,0,0,121,320,320,2,False,3,3,False,True,1,1,1,743,0,3,,,3,False,False,,,False
92275122,696.6,WIN,True,99,13,TO_HAND,3,RESOURCE_MANAGEMENT,,,,0,0,121,320,320,2,False,3,3,False,True,1,1,1,,,3,66,80,3,,,,,False
92275122,696.6,WIN,True,100,15,MAIN,11,ATTACK_SELECTION,ATTACK,,ATTACK,2,1,121,320,320,2,False,3,2,True,True,1,1,1,66,80,3,,,3,False,False,,,False
92278623,830.3,WIN,True,0,,,0,UNKNOWN,,,,0,0,,,,,False,,,False,False,,,0,,,,,,,,,,,False
92278623,830.3,WIN,True,1,,,0,UNKNOWN,,,,0,0,,,,,False,,,False,False,,,0,,,,,,0,,,,,False
92278623,830.3,WIN,True,2,0,IS_FIRST,2,GOING_FIRST_SECOND,,,,0,0,,,,,False,0,0,False,False,,,0,,,0,,,6,,,,,False
92278623,830.3,WIN,True,3,0,SETUP_ACTIVE_POKEMON,2,EARLY_GAME_SETUP,,,,0,0,,,,,False,0,0,False,False,,,0,,,6,,,6,,,,,False
92278623,830.3,WIN,True,4,0,SETUP_BENCH_POKEMON,1,BENCH_MANAGEMENT,,,,0,0,,,,,False,0,6,False,False,,,0,,,6,741,50,6,,,,,False
92278623,830.3,WIN,True,5,1,MAIN,5,RESOURCE_MANAGEMENT,PLAY_POKEMON,119,PLAY,0,0,119,70,70,1,False,0,6,False,False,1,0,0,741,50,6,741,50,6,False,False,,,False
92278623,830.3,WIN,True,6,1,MAIN,5,RESOURCE_MANAGEMENT,PLAY_ITEM,1086,PLAY,0,0,119,70,70,1,False,1,6,False,True,1,0,0,741,50,6,741,50,6,False,False,,,False
92278623,830.3,WIN,True,7,1,TO_BENCH,4,BENCH_MANAGEMENT,,,CARD;CARD,0,0,119,70,70,1,False,1,6,False,True,1,0,0,741,50,6,741,50,6,False,False,,,False
92278623,830.3,WIN,True,8,1,MAIN,6,ENERGY_MANAGEMENT,ATTACH_ENERGY,,ATTACH,0,0,119,70,70,1,False,3,6,False,True,1,0,0,741,50,6,741,50,6,False,False,,,False
92278623,830.3,WIN,True,9,1,MAIN,2,TIMING,,,,0,0,119,70,70,1,False,3,6,False,True,1,0,1,741,50,6,741,50,6,False,False,,,False
92278623,830.3,WIN,True,10,3,MAIN,6,RESOURCE_MANAGEMENT,PLAY_SUPPORTER,1227,PLAY,0,0,119,70,70,1,False,3,6,False,True,1,0,1,741,50,6,741,50,6,False,False,,,False
92278623,830.3,WIN,True,11,3,MAIN,13,RESOURCE_MANAGEMENT,PLAY_ITEM,1152,PLAY,0,0,119,70,70,1,False,3,6,False,True,1,0,1,741,50,6,741,50,6,False,False,,,False
92278623,830.3,WIN,True,12,3,TO_HAND,3,RESOURCE_MANAGEMENT,,,CARD,0,0,119,70,70,1,False,3,6,False,True,1,0,1,741,50,6,741,50,6,False,False,,,False
92278623,830.3,WIN,True,13,3,MAIN,13,RESOURCE_MANAGEMENT,PLAY_POKEMON,235,PLAY,0,0,119,70,70,1,False,3,6,False,True,1,0,1,741,50,6,741,50,6,False,False,,,False
92278623,830.3,WIN,True,14,3,MAIN,13,RESOURCE_MANAGEMENT,PLAY_ITEM,1120,PLAY,0,0,119,70,70,1,False,4,6,False,True,1,0,2,741,50,6,741,50,6,False,False,,,False
92278623,830.3,WIN,True,15,3,MAIN,12,BENCH_MANAGEMENT,EVOLVE,,EVOLVE,0,0,119,70,70,1,False,4,6,False,True,1,0,2,741,50,6,741,50,6,False,False,,,False
92278623,830.3,WIN,True,16,3,MAIN,9,RESOURCE_MANAGEMENT,ABILITY,,ABILITY,0,0,119,70,70,1,False,4,6,False,True,1,0,1,741,50,6,741,50,6,False,False,,,False
92278623,830.3,WIN,True,17,3,TO_HAND,2,RESOURCE_MANAGEMENT,,,CARD,0,0,119,70,70,1,False,4,6,False,True,1,0,1,741,50,6,741,50,6,False,False,,,False
92278623,830.3,WIN,True,18,3,MAIN,8,ENERGY_MANAGEMENT,ATTACH_ENERGY,,ATTACH,0,0,119,70,70,1,False,4,6,False,True,1,0,1,741,50,6,741,50,6,False,False,,,False
92278623,830.3,WIN,True,19,3,MAIN,3,TIMING,,,,0,0,119,70,70,1,False,4,6,False,True,1,0,1,741,50,6,743,140,5,False,False,,,False
92278623,830.3,WIN,True,20,4,TO_ACTIVE,4,ACTIVE_POKEMON_SELECTION,,,CARD,0,0,,,,,False,4,6,False,True,,,1,743,140,5,743,140,5,,,,,True
92278623,830.3,WIN,True,21,5,MAIN,13,RESOURCE_MANAGEMENT,PLAY_POKEMON,140,PLAY,1,0,235,30,30,1,False,3,6,True,True,0,0,0,743,140,5,743,140,5,False,False,Powerful Hand,0,False
92278623,830.3,WIN,True,22,5,MAIN,14,RESOURCE_MANAGEMENT,ABILITY,,ABILITY,1,0,235,30,30,1,False,4,6,True,True,0,0,0,743,140,5,743,140,5,False,False,Powerful Hand,0,False
92278623,830.3,WIN,True,23,5,TO_HAND,2,RESOURCE_MANAGEMENT,,,CARD,0,0,235,30,30,1,False,4,6,False,True,0,0,0,743,140,5,743,140,5,False,False,Powerful Hand,0,False
92278623,830.3,WIN,True,24,5,MAIN,14,RESOURCE_MANAGEMENT,ABILITY,,ABILITY,1,0,235,30,30,1,False,4,6,True,True,0,0,0,743,140,5,743,140,5,False,False,Powerful Hand,0,False
92278623,830.3,WIN,True,25,5,MAIN,16,BENCH_MANAGEMENT,EVOLVE,,EVOLVE,1,0,235,30,30,1,False,4,6,True,True,0,0,0,743,140,5,743,140,5,False,False,Powerful Hand,0,False
92278623,830.3,WIN,True,26,5,MAIN,15,RESOURCE_MANAGEMENT,PLAY_ITEM,1120,PLAY,1,0,235,30,30,1,False,4,6,True,True,0,0,1,743,140,5,743,140,5,False,False,Powerful Hand,0,False
92278623,830.3,WIN,True,27,5,MAIN,14,RESOURCE_MANAGEMENT,PLAY_SUPPORTER,1198,PLAY,1,0,235,30,30,1,False,4,6,True,True,0,0,1,743,140,5,743,140,5,False,False,Powerful Hand,0,False
92278623,830.3,WIN,True,28,5,TO_HAND,4,RESOURCE_MANAGEMENT,,,CARD,0,0,235,30,30,1,False,4,6,False,True,0,0,1,743,140,5,743,140,5,False,False,Powerful Hand,0,False
92278623,830.3,WIN,True,29,5,ATTACH_TO,3,ENERGY_MANAGEMENT,,,CARD,0,0,235,30,30,1,False,4,6,False,True,0,0,1,743,140,5,743,140,5,False,False,Powerful Hand,0,False
92278623,830.3,WIN,True,30,5,ATTACH_FROM,5,ENERGY_MANAGEMENT,,,CARD,0,0,235,30,30,1,False,4,6,False,True,0,0,1,743,140,5,743,140,5,False,False,Powerful Hand,0,False
92278623,830.3,WIN,True,31,5,MAIN,16,ENERGY_MANAGEMENT,ATTACH_ENERGY,,ATTACH,1,0,235,30,30,1,False,4,6,True,True,0,0,1,743,140,5,743,140,5,False,False,Powerful Hand,0,False
92278623,830.3,WIN,True,32,5,MAIN,6,RETREAT_SELECTION,RETREAT,,RETREAT,1,0,235,30,30,1,False,4,6,True,True,0,0,2,743,140,5,743,140,5,False,False,Powerful Hand,0,False
92278623,830.3,WIN,True,33,5,SWITCH,4,ACTIVE_POKEMON_SELECTION,,,CARD,0,0,235,30,30,1,False,4,6,False,True,0,0,2,743,140,5,743,140,5,False,False,Powerful Hand,0,False
92278623,830.3,WIN,True,34,5,MAIN,6,ATTACK_SELECTION,ATTACK,,ATTACK,2,1,121,320,320,2,False,4,6,False,True,1,1,2,743,140,5,743,0,5,False,False,Powerful Hand,0,True
92278623,830.3,WIN,True,35,5,DAMAGE_COUNTER_ANY,5,TARGET_SELECTION,,,CARD,0,0,121,320,320,2,False,4,6,False,True,1,1,2,743,0,5,743,0,5,False,False,Powerful Hand,0,False
92278623,830.3,WIN,True,36,5,DAMAGE_COUNTER_ANY,5,TARGET_SELECTION,,,CARD,0,0,121,320,320,2,False,4,6,False,True,1,1,2,743,0,5,743,0,5,False,False,Powerful Hand,0,False
92278623,830.3,WIN,True,37,5,DAMAGE_COUNTER_ANY,5,TARGET_SELECTION,,,CARD,0,0,121,320,320,2,False,4,6,False,True,1,1,2,743,0,5,743,0,5,False,False,Powerful Hand,0,False
92278623,830.3,WIN,True,38,5,DAMAGE_COUNTER_ANY,5,TARGET_SELECTION,,,CARD,0,0,121,320,320,2,False,4,6,False,True,1,1,2,743,0,5,743,0,5,False,False,Powerful Hand,0,False
92278623,830.3,WIN,True,39,5,DAMAGE_COUNTER_ANY,5,TARGET_SELECTION,,,CARD,0,0,121,320,320,2,False,4,6,False,True,1,1,2,743,0,5,743,0,5,False,False,Powerful Hand,0,False
92278623,830.3,WIN,True,40,5,DAMAGE_COUNTER_ANY,5,TARGET_SELECTION,,,CARD,0,0,121,320,320,2,False,4,6,False,True,1,1,2,743,0,5,,,5,False,False,Powerful Hand,0,False
92278623,830.3,WIN,True,41,5,TO_HAND,6,RESOURCE_MANAGEMENT,,,CARD,0,0,121,320,320,2,False,4,6,False,True,1,1,2,,,5,,,5,,,,,False
92278623,830.3,WIN,True,42,5,TO_HAND,5,RESOURCE_MANAGEMENT,,,,0,0,121,320,320,2,False,4,5,False,True,1,1,2,,,5,743,140,3,,,,,False
92278623,830.3,WIN,True,43,6,TO_ACTIVE,4,ACTIVE_POKEMON_SELECTION,,,CARD,0,0,,,,,False,4,4,False,True,,,2,743,140,3,743,140,3,,,,,True
92278623,830.3,WIN,True,44,7,MAIN,19,RESOURCE_MANAGEMENT,PLAY_STADIUM,1256,PLAY,1,0,235,30,30,1,False,3,4,True,True,0,0,1,743,140,3,743,140,3,False,False,Powerful Hand,0,False
92278623,830.3,WIN,True,45,7,MAIN,18,RESOURCE_MANAGEMENT,PLAY_ITEM,1097,PLAY,1,0,235,30,30,1,False,3,4,True,True,0,0,1,743,140,3,743,140,3,False,False,Powerful Hand,0,False
92278623,830.3,WIN,True,46,7,TO_HAND,6,RESOURCE_MANAGEMENT,,,CARD,0,0,235,30,30,1,False,3,4,False,True,0,0,1,743,140,3,743,140,3,False,False,Powerful Hand,0,False
92278623,830.3,WIN,True,47,7,MAIN,19,RESOURCE_MANAGEMENT,ABILITY,,ABILITY,1,0,235,30,30,1,False,3,4,True,True,0,0,1,743,140,3,743,140,3,False,False,Powerful Hand,0,False
92278623,830.3,WIN,True,48,7,MAIN,23,RESOURCE_MANAGEMENT,PLAY_ITEM,1120,PLAY,1,0,235,30,30,1,False,3,4,True,True,0,0,1,743,140,3,743,140,3,False,False,Powerful Hand,0,False
92278623,830.3,WIN,True,49,7,DISCARD_ENERGY,1,ENERGY_MANAGEMENT,,,ENERGY,0,0,235,30,30,1,False,3,4,False,True,0,0,1,743,140,3,743,140,3,False,False,Powerful Hand,0,False
92278623,830.3,WIN,True,50,7,MAIN,22,BENCH_MANAGEMENT,EVOLVE,,EVOLVE,1,0,235,30,30,1,False,3,4,True,True,0,0,1,743,140,3,743,140,3,False,False,,,False
92278623,830.3,WIN,True,51,7,MAIN,21,RESOURCE_MANAGEMENT,ABILITY,,ABILITY,1,0,235,30,30,1,False,3,4,True,True,0,0,1,743,140,3,743,140,3,False,False,,,False
92278623,830.3,WIN,True,52,7,TO_HAND,2,RESOURCE_MANAGEMENT,,,CARD,0,0,235,30,30,1,False,3,4,False,True,0,0,1,743,140,3,743,140,3,False,False,,,False
92278623,830.3,WIN,True,53,7,MAIN,21,ENERGY_MANAGEMENT,ATTACH_ENERGY,,ATTACH,1,0,235,30,30,1,False,3,4,True,True,0,0,1,743,140,3,743,140,3,False,False,,,False
92278623,830.3,WIN,True,54,7,MAIN,9,RESOURCE_MANAGEMENT,PLAY_SUPPORTER,1227,PLAY,1,0,235,30,30,1,False,3,4,True,True,0,0,1,743,140,3,743,140,3,False,False,,,False
92278623,830.3,WIN,True,55,7,MAIN,4,RESOURCE_MANAGEMENT,PLAY_ITEM,1079,PLAY,1,0,235,30,30,1,False,3,4,True,True,0,0,1,743,140,3,743,140,3,False,False,,,False
92278623,830.3,WIN,True,56,7,EVOLVE,1,BENCH_MANAGEMENT,,,EVOLVE,0,0,235,30,30,1,False,3,4,False,True,0,0,1,743,140,3,743,140,3,False,False,,,False
92278623,830.3,WIN,True,57,7,MAIN,3,RETREAT_SELECTION,RETREAT,,RETREAT,1,0,235,30,30,1,False,3,4,True,True,0,0,1,743,140,3,743,140,3,False,False,,,False
92278623,830.3,WIN,True,58,7,SWITCH,3,ACTIVE_POKEMON_SELECTION,,,CARD,0,0,235,30,30,1,False,3,4,False,True,0,0,1,743,140,3,743,140,3,False,False,,,False
92278623,830.3,WIN,True,59,7,MAIN,3,ATTACK_SELECTION,ATTACK,,ATTACK,2,1,121,320,320,2,False,3,4,False,True,1,1,1,743,140,3,743,0,3,False,False,,,True
92278623,830.3,WIN,True,60,7,DAMAGE_COUNTER_ANY,5,TARGET_SELECTION,,,CARD,0,0,121,320,320,2,False,3,4,False,True,1,1,1,743,0,3,743,0,3,False,False,,,False
92278623,830.3,WIN,True,61,7,DAMAGE_COUNTER_ANY,5,TARGET_SELECTION,,,CARD,0,0,121,320,320,2,False,3,4,False,True,1,1,1,743,0,3,743,0,3,False,False,,,False
92278623,830.3,WIN,True,62,7,DAMAGE_COUNTER_ANY,5,TARGET_SELECTION,,,CARD,0,0,121,320,320,2,False,3,4,False,True,1,1,1,743,0,3,743,0,3,False,False,,,False
92278623,830.3,WIN,True,63,7,DAMAGE_COUNTER_ANY,5,TARGET_SELECTION,,,CARD,0,0,121,320,320,2,False,3,4,False,True,1,1,1,743,0,3,743,0,3,False,False,,,False
92278623,830.3,WIN,True,64,7,DAMAGE_COUNTER_ANY,5,TARGET_SELECTION,,,CARD,0,0,121,320,320,2,False,3,4,False,True,1,1,1,743,0,3,743,0,3,False,False,,,False
92278623,830.3,WIN,True,65,7,DAMAGE_COUNTER_ANY,5,TARGET_SELECTION,,,CARD,0,0,121,320,320,2,False,3,4,False,True,1,1,1,743,0,3,,,3,False,False,,,False
92278623,830.3,WIN,True,66,7,TO_HAND,4,RESOURCE_MANAGEMENT,,,,0,0,121,320,320,2,False,3,4,False,True,1,1,1,,,3,742,40,3,,,,,False
92278623,830.3,WIN,True,67,9,MAIN,9,RESOURCE_MANAGEMENT,PLAY_ITEM,1120,PLAY,2,0,121,320,320,2,False,3,3,True,True,1,1,1,742,40,3,742,40,3,False,False,,,False
92278623,830.3,WIN,True,68,9,DISCARD_ENERGY,1,ENERGY_MANAGEMENT,,,ENERGY,0,0,121,320,320,2,False,3,3,False,True,1,1,1,742,40,3,742,40,3,False,False,,,False
92278623,830.3,WIN,True,69,9,MAIN,8,RESOURCE_MANAGEMENT,ABILITY,,ABILITY,2,0,121,320,320,2,False,3,3,True,True,1,1,1,742,40,3,742,40,3,False,False,,,False
92278623,830.3,WIN,True,70,9,TO_HAND,2,RESOURCE_MANAGEMENT,,,CARD,0,0,121,320,320,2,False,3,3,False,True,1,1,1,742,40,3,742,40,3,False,False,,,False
92278623,830.3,WIN,True,71,9,MAIN,8,RESOURCE_MANAGEMENT,PLAY_SUPPORTER,1182,PLAY,2,0,121,320,320,2,False,3,3,True,True,1,1,1,742,40,3,742,40,3,False,False,,,False
92278623,830.3,WIN,True,72,9,SWITCH,5,ACTIVE_POKEMON_SELECTION,,,CARD,0,0,121,320,320,2,False,3,3,False,True,1,1,1,742,40,3,66,140,3,False,False,,,False
92278623,830.3,WIN,True,73,9,MAIN,5,ATTACK_SELECTION,ATTACK,,ATTACK,2,1,121,320,320,2,False,3,3,True,True,1,1,1,66,140,3,66,0,3,False,False,,,False
92278623,830.3,WIN,True,74,9,DAMAGE_COUNTER_ANY,5,TARGET_SELECTION,,,CARD,0,0,121,320,320,2,False,3,3,False,True,1,1,1,66,0,3,66,0,3,False,False,,,False
92278623,830.3,WIN,True,75,9,DAMAGE_COUNTER_ANY,5,TARGET_SELECTION,,,CARD,0,0,121,320,320,2,False,3,3,False,True,1,1,1,66,0,3,66,0,3,False,False,,,False
92278623,830.3,WIN,True,76,9,DAMAGE_COUNTER_ANY,5,TARGET_SELECTION,,,CARD,0,0,121,320,320,2,False,3,3,False,True,1,1,1,66,0,3,66,0,3,False,False,,,False
92278623,830.3,WIN,True,77,9,DAMAGE_COUNTER_ANY,5,TARGET_SELECTION,,,CARD,0,0,121,320,320,2,False,3,3,False,True,1,1,1,66,0,3,66,0,3,False,False,,,False
92278623,830.3,WIN,True,78,9,DAMAGE_COUNTER_ANY,5,TARGET_SELECTION,,,CARD,0,0,121,320,320,2,False,3,3,False,True,1,1,1,66,0,3,66,0,3,False,False,,,False
92278623,830.3,WIN,True,79,9,DAMAGE_COUNTER_ANY,5,TARGET_SELECTION,,,CARD,0,0,121,320,320,2,False,3,3,False,True,1,1,1,66,0,3,,,3,False,False,,,False
92278623,830.3,WIN,True,80,9,TO_HAND,3,RESOURCE_MANAGEMENT,,,,0,0,121,320,320,2,False,3,3,False,True,1,1,1,,,3,743,70,3,,,,,False
92278623,830.3,WIN,True,81,11,MAIN,10,RESOURCE_MANAGEMENT,PLAY_ITEM,1121,PLAY,2,0,121,20,320,2,True,3,2,True,True,1,1,1,743,70,3,743,70,3,False,False,Powerful Hand,0,False
92278623,830.3,WIN,True,82,11,DISCARD,6,RESOURCE_MANAGEMENT,,,CARD;CARD,0,0,121,20,320,2,True,3,2,False,True,1,1,1,743,70,3,743,70,3,False,False,Powerful Hand,0,False
92278623,830.3,WIN,True,83,11,TO_HAND,5,RESOURCE_MANAGEMENT,,,CARD,0,0,121,20,320,2,True,3,2,False,True,1,1,1,743,70,3,743,70,3,False,False,Powerful Hand,0,False
92278623,830.3,WIN,True,84,11,MAIN,8,BENCH_MANAGEMENT,EVOLVE,,EVOLVE,2,0,121,20,320,2,True,3,2,True,True,1,1,1,743,70,3,743,70,3,False,False,Powerful Hand,0,False
92278623,830.3,WIN,True,85,11,MAIN,6,RESOURCE_MANAGEMENT,PLAY_SUPPORTER,1210,PLAY,2,0,121,20,320,2,True,3,2,True,True,1,1,2,743,70,3,743,70,3,False,False,Powerful Hand,0,False
92278623,830.3,WIN,True,86,11,TO_HAND,4,RESOURCE_MANAGEMENT,,,CARD,0,0,121,20,320,2,True,3,2,False,True,1,1,2,743,70,3,743,70,3,False,False,Powerful Hand,0,False
92278623,830.3,WIN,True,87,11,TO_HAND,2,RESOURCE_MANAGEMENT,,,CARD,0,0,121,20,320,2,True,3,2,False,True,1,1,2,743,70,3,743,70,3,False,False,Powerful Hand,0,False
92278623,830.3,WIN,True,88,11,MAIN,6,ATTACK_SELECTION,ATTACK,,ATTACK,2,1,121,20,320,2,True,3,2,True,True,1,1,2,743,70,3,743,0,3,False,False,Powerful Hand,0,False
92278623,830.3,WIN,True,89,11,DAMAGE_COUNTER_ANY,5,TARGET_SELECTION,,,CARD,0,0,121,20,320,2,True,3,2,False,True,1,1,2,743,0,3,743,0,3,False,False,Powerful Hand,0,False
92278623,830.3,WIN,True,90,11,DAMAGE_COUNTER_ANY,5,TARGET_SELECTION,,,CARD,0,0,121,20,320,2,True,3,2,False,True,1,1,2,743,0,3,743,0,3,False,False,Powerful Hand,0,False
92278623,830.3,WIN,True,91,11,DAMAGE_COUNTER_ANY,5,TARGET_SELECTION,,,CARD,0,0,121,20,320,2,True,3,2,False,True,1,1,2,743,0,3,743,0,3,False,False,Powerful Hand,0,False
92278623,830.3,WIN,True,92,11,DAMAGE_COUNTER_ANY,5,TARGET_SELECTION,,,CARD,0,0,121,20,320,2,True,3,2,False,True,1,1,2,743,0,3,743,0,3,False,False,Powerful Hand,0,False
92278623,830.3,WIN,True,93,11,DAMAGE_COUNTER_ANY,5,TARGET_SELECTION,,,CARD,0,0,121,20,320,2,True,3,2,False,True,1,1,2,743,0,3,743,0,3,False,False,Powerful Hand,0,False
92278623,830.3,WIN,True,94,11,DAMAGE_COUNTER_ANY,5,TARGET_SELECTION,,,CARD,0,0,121,20,320,2,True,3,2,False,True,1,1,2,743,0,3,,,3,False,False,Powerful Hand,0,False
92278623,830.3,WIN,True,95,11,TO_HAND,2,RESOURCE_MANAGEMENT,,,,0,0,121,20,320,2,True,3,2,False,True,1,1,2,,,3,743,140,1,,,,,False
92278623,830.3,WIN,True,96,12,TO_ACTIVE,3,ACTIVE_POKEMON_SELECTION,,,CARD,0,0,,,,,False,3,1,False,True,,,2,743,140,1,743,140,1,,,,,True
92278623,830.3,WIN,True,97,13,MAIN,8,RESOURCE_MANAGEMENT,PLAY_POKEMON,184,PLAY,1,0,235,30,30,1,False,2,1,True,True,0,0,1,743,140,1,743,140,1,False,False,Powerful Hand,0,False
92278623,830.3,WIN,True,98,13,MAIN,7,RESOURCE_MANAGEMENT,ABILITY,,ABILITY,1,0,235,30,30,1,False,3,1,True,True,0,0,1,743,140,1,743,140,1,False,False,Powerful Hand,0,False
92278623,830.3,WIN,True,99,13,MAIN,18,RESOURCE_MANAGEMENT,PLAY_SUPPORTER,1198,PLAY,1,0,235,30,30,1,False,3,1,True,True,0,0,1,743,140,1,743,140,1,False,False,Powerful Hand,0,False
92278623,830.3,WIN,True,100,13,MAIN,17,ENERGY_MANAGEMENT,ATTACH_ENERGY,,ATTACH,1,0,235,30,30,1,False,3,1,True,True,0,0,1,743,140,1,743,140,1,False,False,Powerful Hand,0,False
92278623,830.3,WIN,True,101,13,MAIN,5,RETREAT_SELECTION,RETREAT,,RETREAT,1,0,235,30,30,1,False,3,1,True,True,0,0,1,743,140,1,743,140,1,False,False,Powerful Hand,0,False
92278623,830.3,WIN,True,102,13,SWITCH,3,ACTIVE_POKEMON_SELECTION,,,CARD,0,0,235,30,30,1,False,3,1,False,True,0,0,1,743,140,1,743,140,1,False,False,Powerful Hand,0,False
92278623,830.3,WIN,True,103,13,MAIN,5,ATTACK_SELECTION,ATTACK,,ATTACK,2,1,121,320,320,2,False,3,1,False,True,1,1,1,743,140,1,743,0,1,False,False,Powerful Hand,0,True
92278623,830.3,WIN,True,104,13,DAMAGE_COUNTER_ANY,5,TARGET_SELECTION,,,CARD,0,0,121,320,320,2,False,3,1,False,True,1,1,1,743,0,1,743,0,1,False,False,Powerful Hand,0,False
92278623,830.3,WIN,True,105,13,DAMAGE_COUNTER_ANY,5,TARGET_SELECTION,,,CARD,0,0,121,320,320,2,False,3,1,False,True,1,1,1,743,0,1,743,0,1,False,False,Powerful Hand,0,False
92278623,830.3,WIN,True,106,13,DAMAGE_COUNTER_ANY,5,TARGET_SELECTION,,,CARD,0,0,121,320,320,2,False,3,1,False,True,1,1,1,743,0,1,743,0,1,False,False,Powerful Hand,0,False
92278623,830.3,WIN,True,107,13,DAMAGE_COUNTER_ANY,5,TARGET_SELECTION,,,CARD,0,0,121,320,320,2,False,3,1,False,True,1,1,1,743,0,1,743,0,1,False,False,Powerful Hand,0,False
92278623,830.3,WIN,True,108,13,DAMAGE_COUNTER_ANY,5,TARGET_SELECTION,,,CARD,0,0,121,320,320,2,False,3,1,False,True,1,1,1,743,0,1,743,0,1,False,False,Powerful Hand,0,False
92278623,830.3,WIN,True,109,13,DAMAGE_COUNTER_ANY,5,TARGET_SELECTION,,,CARD,0,0,121,320,320,2,False,3,1,False,True,1,1,1,743,0,1,,,1,False,False,Powerful Hand,0,False
92289688,608.5,WIN,True,0,,,0,UNKNOWN,,,,0,0,,,,,False,,,False,False,,,0,,,,,,,,,,,False
92289688,608.5,WIN,True,1,,,0,UNKNOWN,,,,0,0,,,,,False,,,False,False,,,0,,,,,,0,,,,,False
92289688,608.5,WIN,True,2,0,IS_FIRST,2,GOING_FIRST_SECOND,,,YES,0,0,,,,,False,0,0,False,False,,,0,,,0,,,0,,,,,False
92289688,608.5,WIN,True,3,0,SETUP_ACTIVE_POKEMON,1,EARLY_GAME_SETUP,,,,0,0,,,,,False,0,0,False,False,,,0,,,0,,,6,,,,,False
92289688,608.5,WIN,True,4,0,DRAW_COUNT,3,SEARCH_DECISION,,,NUMBER,0,0,,,,,False,0,6,False,False,,,0,,,6,96,210,6,,,,,False
92289688,608.5,WIN,True,5,1,MAIN,3,RESOURCE_MANAGEMENT,PLAY_ITEM,1086,PLAY,0,0,184,210,210,2,False,0,6,False,False,2,0,0,96,210,6,96,210,6,False,False,,,False
92289688,608.5,WIN,True,6,1,TO_BENCH,4,BENCH_MANAGEMENT,,,CARD;CARD,0,0,184,210,210,2,False,0,6,False,False,2,0,0,96,210,6,96,210,6,False,False,,,False
92289688,608.5,WIN,True,7,1,MAIN,3,TIMING,,,,0,0,184,210,210,2,False,2,6,True,True,2,0,0,96,210,6,96,210,6,False,False,,,False
92289688,608.5,WIN,True,8,3,MAIN,12,BENCH_MANAGEMENT,EVOLVE,,EVOLVE,0,0,184,210,210,2,False,2,6,True,True,2,0,0,96,210,6,96,210,6,False,False,,,False
92289688,608.5,WIN,True,9,3,MAIN,11,RESOURCE_MANAGEMENT,ABILITY,,ABILITY,0,0,184,210,210,2,False,2,6,True,True,2,0,0,96,210,6,96,210,6,False,False,,,False
92289688,608.5,WIN,True,10,3,TO_HAND,2,RESOURCE_MANAGEMENT,,,CARD,0,0,184,210,210,2,False,2,6,False,True,2,0,0,96,210,6,96,210,6,False,False,,,False
92289688,608.5,WIN,True,11,3,MAIN,11,ENERGY_MANAGEMENT,ATTACH_ENERGY,,ATTACH,0,0,184,210,210,2,False,2,6,True,True,2,0,0,96,210,6,96,210,6,False,False,,,False
92289688,608.5,WIN,True,12,3,MAIN,5,RESOURCE_MANAGEMENT,PLAY_SUPPORTER,1227,PLAY,0,0,184,210,210,2,False,2,6,True,True,2,0,1,96,210,6,96,210,6,False,False,,,False
92289688,608.5,WIN,True,13,3,MAIN,6,ENERGY_MANAGEMENT,ATTACH_ENERGY,,ATTACH,0,0,184,210,210,2,False,2,6,True,True,2,0,1,96,210,6,96,210,6,False,False,,,False
92289688,608.5,WIN,True,14,3,MAIN,3,RESOURCE_MANAGEMENT,PLAY_POKEMON,235,PLAY,0,0,184,210,210,2,False,2,6,True,True,2,0,1,96,210,6,96,210,6,False,False,,,False
92289688,608.5,WIN,True,15,3,MAIN,2,RETREAT_SELECTION,RETREAT,,RETREAT,0,0,184,210,210,2,False,3,6,True,True,2,0,2,96,210,6,96,210,6,False,False,,,False
92289688,608.5,WIN,True,16,3,SWITCH,3,ACTIVE_POKEMON_SELECTION,,,CARD,0,0,184,210,210,2,False,3,6,False,True,2,0,2,96,210,6,96,210,6,False,False,,,False
92289688,608.5,WIN,True,17,3,MAIN,2,TIMING,,,,1,0,235,30,30,1,False,3,6,False,True,0,0,1,96,210,6,96,210,6,False,False,,,True
92289688,608.5,WIN,True,18,5,MAIN,19,RESOURCE_MANAGEMENT,ABILITY,,ABILITY,0,0,184,210,210,2,False,3,6,True,True,2,0,2,96,210,6,96,210,6,False,False,,,True
92289688,608.5,WIN,True,19,5,TO_HAND,2,RESOURCE_MANAGEMENT,,,CARD,0,0,184,210,210,2,False,3,6,False,True,2,0,2,96,210,6,96,210,6,False,False,,,False
92289688,608.5,WIN,True,20,5,MAIN,18,RESOURCE_MANAGEMENT,PLAY_SUPPORTER,1210,PLAY,0,0,184,210,210,2,False,3,6,True,True,2,0,2,96,210,6,96,210,6,False,False,,,False
92289688,608.5,WIN,True,21,5,TO_HAND,8,RESOURCE_MANAGEMENT,,,CARD,0,0,184,210,210,2,False,3,6,False,True,2,0,2,96,210,6,96,210,6,False,False,,,False
92289688,608.5,WIN,True,22,5,MAIN,15,BENCH_MANAGEMENT,EVOLVE,,EVOLVE,0,0,184,210,210,2,False,3,6,True,True,2,0,2,96,210,6,96,210,6,False,False,,,False
92289688,608.5,WIN,True,23,5,MAIN,14,ENERGY_MANAGEMENT,ATTACH_ENERGY,,ATTACH,0,0,184,210,210,2,False,3,6,True,True,2,0,2,96,210,6,96,210,6,False,False,,,False
92289688,608.5,WIN,True,24,5,MAIN,2,RETREAT_SELECTION,RETREAT,,RETREAT,0,0,184,210,210,2,False,3,6,True,True,2,0,3,96,210,6,96,210,6,False,False,,,False
92289688,608.5,WIN,True,25,5,SWITCH,3,ACTIVE_POKEMON_SELECTION,,,CARD,0,0,184,210,210,2,False,3,6,False,True,2,0,3,96,210,6,96,210,6,False,False,,,False
92289688,608.5,WIN,True,26,5,MAIN,2,TIMING,,,,1,0,121,320,320,2,False,3,6,False,True,1,1,2,96,210,6,96,140,6,False,False,,,True
92289688,608.5,WIN,True,27,7,MAIN,15,RESOURCE_MANAGEMENT,PLAY_SUPPORTER,1198,PLAY,1,0,121,320,320,2,False,3,6,True,True,1,1,2,96,140,6,96,140,6,False,False,,,False
92289688,608.5,WIN,True,28,7,TO_HAND,4,RESOURCE_MANAGEMENT,,,CARD,0,0,121,320,320,2,False,3,6,False,True,1,1,2,96,140,6,96,140,6,False,False,,,False
92289688,608.5,WIN,True,29,7,ATTACH_TO,2,ENERGY_MANAGEMENT,,,CARD,0,0,121,320,320,2,False,3,6,False,True,1,1,2,96,140,6,96,140,6,False,False,,,False
92289688,608.5,WIN,True,30,7,ATTACH_FROM,4,ENERGY_MANAGEMENT,,,CARD,0,0,121,320,320,2,False,3,6,False,True,1,1,2,96,140,6,96,140,6,False,False,,,False
92289688,608.5,WIN,True,31,7,MAIN,17,RESOURCE_MANAGEMENT,PLAY_ITEM,1121,PLAY,2,0,121,320,320,2,False,3,6,True,True,1,1,2,96,140,6,96,140,6,False,False,,,False
92289688,608.5,WIN,True,32,7,DISCARD,6,RESOURCE_MANAGEMENT,,,CARD;CARD,0,0,121,320,320,2,False,3,6,False,True,1,1,2,96,140,6,96,140,6,False,False,,,False
92289688,608.5,WIN,True,33,7,TO_HAND,7,RESOURCE_MANAGEMENT,,,CARD,0,0,121,320,320,2,False,3,6,False,True,1,1,2,96,140,6,96,140,6,False,False,,,False
92289688,608.5,WIN,True,34,7,MAIN,13,BENCH_MANAGEMENT,EVOLVE,,EVOLVE,2,0,121,320,320,2,False,3,6,True,True,1,1,2,96,140,6,96,140,6,False,False,,,False
92289688,608.5,WIN,True,35,7,MAIN,13,RESOURCE_MANAGEMENT,ABILITY,,ABILITY,2,0,121,320,320,2,False,3,6,True,True,1,1,1,96,140,6,96,140,6,False,False,,,False
92289688,608.5,WIN,True,36,7,TO_HAND,2,RESOURCE_MANAGEMENT,,,CARD,0,0,121,320,320,2,False,3,6,False,True,1,1,1,96,140,6,96,140,6,False,False,,,False
92289688,608.5,WIN,True,37,7,MAIN,12,ENERGY_MANAGEMENT,ATTACH_ENERGY,,ATTACH,2,0,121,320,320,2,False,3,6,True,True,1,1,1,96,140,6,96,140,6,False,False,,,False
92289688,608.5,WIN,True,38,7,MAIN,4,ATTACK_SELECTION,ATTACK,,ATTACK,2,1,121,320,320,2,False,3,6,True,True,1,1,2,96,140,6,96,0,6,False,False,,,False
92289688,608.5,WIN,True,39,7,DAMAGE_COUNTER_ANY,2,TARGET_SELECTION,,,CARD,0,0,121,320,320,2,False,3,6,False,True,1,1,2,96,0,6,96,0,6,False,False,,,False
92289688,608.5,WIN,True,40,7,DAMAGE_COUNTER_ANY,2,TARGET_SELECTION,,,CARD,0,0,121,320,320,2,False,3,6,False,True,1,1,2,96,0,6,96,0,6,False,False,,,False
92289688,608.5,WIN,True,41,7,DAMAGE_COUNTER_ANY,2,TARGET_SELECTION,,,CARD,0,0,121,320,320,2,False,3,6,False,True,1,1,2,96,0,6,96,0,6,False,False,,,False
92289688,608.5,WIN,True,42,7,DAMAGE_COUNTER_ANY,2,TARGET_SELECTION,,,CARD,0,0,121,320,320,2,False,3,6,False,True,1,1,2,96,0,6,96,0,6,False,False,,,False
92289688,608.5,WIN,True,43,7,DAMAGE_COUNTER_ANY,2,TARGET_SELECTION,,,CARD,0,0,121,320,320,2,False,3,6,False,True,1,1,2,96,0,6,96,0,6,False,False,,,False
92289688,608.5,WIN,True,44,7,DAMAGE_COUNTER_ANY,2,TARGET_SELECTION,,,CARD,0,0,121,320,320,2,False,3,6,False,True,1,1,2,96,0,6,,,6,False,False,,,False
92289688,608.5,WIN,True,45,7,TO_HAND,6,RESOURCE_MANAGEMENT,,,,0,0,121,320,320,2,False,3,6,False,True,1,1,2,,,6,96,300,6,,,,,False
92289688,608.5,WIN,True,46,9,MAIN,13,RESOURCE_MANAGEMENT,PLAY_ITEM,1120,PLAY,1,0,121,320,320,2,False,3,4,True,True,1,1,2,96,300,6,96,300,6,False,False,,,False
92289688,608.5,WIN,True,47,9,DISCARD_ENERGY,4,ENERGY_MANAGEMENT,,,ENERGY,0,0,121,320,320,2,False,3,4,False,True,1,1,2,96,300,6,96,300,6,False,False,,,False
92289688,608.5,WIN,True,48,9,MAIN,12,RESOURCE_MANAGEMENT,ABILITY,,ABILITY,1,0,121,320,320,2,False,3,4,True,True,1,1,2,96,300,6,96,300,6,False,False,,,False
92289688,608.5,WIN,True,49,9,TO_HAND,2,RESOURCE_MANAGEMENT,,,CARD,0,0,121,320,320,2,False,3,4,False,True,1,1,2,96,300,6,96,300,6,False,False,,,False
92289688,608.5,WIN,True,50,9,MAIN,12,RESOURCE_MANAGEMENT,PLAY_ITEM,1152,PLAY,1,0,121,320,320,2,False,3,4,True,True,1,1,2,96,300,6,96,300,6,False,False,,,False
92289688,608.5,WIN,True,51,9,TO_HAND,2,RESOURCE_MANAGEMENT,,,CARD,0,0,121,320,320,2,False,3,4,False,True,1,1,2,96,300,6,96,300,6,False,False,,,False
92289688,608.5,WIN,True,52,9,MAIN,11,RESOURCE_MANAGEMENT,PLAY_SUPPORTER,1198,PLAY,1,0,121,320,320,2,False,3,4,True,True,1,1,2,96,300,6,96,300,6,False,False,,,False
92289688,608.5,WIN,True,53,9,TO_HAND,2,RESOURCE_MANAGEMENT,,,CARD,0,0,121,320,320,2,False,3,4,False,True,1,1,2,96,300,6,96,300,6,False,False,,,False
92289688,608.5,WIN,True,54,9,ATTACH_TO,1,ENERGY_MANAGEMENT,,,CARD,0,0,121,320,320,2,False,3,4,False,True,1,1,2,96,300,6,96,300,6,False,False,,,False
92289688,608.5,WIN,True,55,9,ATTACH_FROM,4,ENERGY_MANAGEMENT,,,CARD,0,0,121,320,320,2,False,3,4,False,True,1,1,2,96,300,6,96,300,6,False,False,,,False
92289688,608.5,WIN,True,56,9,MAIN,13,RESOURCE_MANAGEMENT,PLAY_ITEM,1121,PLAY,2,0,121,320,320,2,False,3,4,True,True,1,1,2,96,300,6,96,300,6,False,False,,,False
92289688,608.5,WIN,True,57,9,DISCARD,6,RESOURCE_MANAGEMENT,,,CARD;CARD,0,0,121,320,320,2,False,3,4,False,True,1,1,2,96,300,6,96,300,6,False,False,,,False
92289688,608.5,WIN,True,58,9,TO_HAND,5,RESOURCE_MANAGEMENT,,,CARD,0,0,121,320,320,2,False,3,4,False,True,1,1,2,96,300,6,96,300,6,False,False,,,False
92289688,608.5,WIN,True,59,9,MAIN,5,BENCH_MANAGEMENT,EVOLVE,,EVOLVE,2,0,121,320,320,2,False,3,4,True,True,1,1,2,96,300,6,96,300,6,False,False,,,False
92289688,608.5,WIN,True,60,9,MAIN,4,ATTACK_SELECTION,ATTACK,,ATTACK,2,1,121,320,320,2,False,3,4,True,True,1,1,2,96,300,6,96,100,6,False,False,,,False
92289688,608.5,WIN,True,61,9,DAMAGE_COUNTER_ANY,2,TARGET_SELECTION,,,CARD,0,0,121,320,320,2,False,3,4,False,True,1,1,2,96,100,6,96,100,6,False,False,,,False
92289688,608.5,WIN,True,62,9,DAMAGE_COUNTER_ANY,2,TARGET_SELECTION,,,CARD,0,0,121,320,320,2,False,3,4,False,True,1,1,2,96,100,6,96,100,6,False,False,,,False
92289688,608.5,WIN,True,63,9,DAMAGE_COUNTER_ANY,2,TARGET_SELECTION,,,CARD,0,0,121,320,320,2,False,3,4,False,True,1,1,2,96,100,6,96,100,6,False,False,,,False
92289688,608.5,WIN,True,64,9,DAMAGE_COUNTER_ANY,2,TARGET_SELECTION,,,CARD,0,0,121,320,320,2,False,3,4,False,True,1,1,2,96,100,6,96,100,6,False,False,,,False
92289688,608.5,WIN,True,65,9,DAMAGE_COUNTER_ANY,2,TARGET_SELECTION,,,CARD,0,0,121,320,320,2,False,3,4,False,True,1,1,2,96,100,6,96,100,6,False,False,,,False
92289688,608.5,WIN,True,66,9,DAMAGE_COUNTER_ANY,2,TARGET_SELECTION,,,,0,0,121,320,320,2,False,3,4,False,True,1,1,2,96,100,6,96,100,6,False,False,,,False
92289688,608.5,WIN,True,67,11,MAIN,7,RESOURCE_MANAGEMENT,PLAY_SUPPORTER,1182,PLAY,2,0,121,320,320,2,False,3,4,True,True,1,1,2,96,100,6,96,100,6,False,False,,,False
92289688,608.5,WIN,True,68,11,SWITCH,2,ACTIVE_POKEMON_SELECTION,,,CARD,0,0,121,320,320,2,False,3,4,False,True,1,1,2,96,100,6,96,200,6,False,False,,,False
92289688,608.5,WIN,True,69,11,MAIN,5,ATTACK_SELECTION,ATTACK,,ATTACK,2,1,121,320,320,2,False,3,4,True,True,1,1,2,96,200,6,96,0,6,False,False,,,False
92289688,608.5,WIN,True,70,11,DAMAGE_COUNTER_ANY,2,TARGET_SELECTION,,,CARD,0,0,121,320,320,2,False,3,4,False,True,1,1,2,96,0,6,96,0,6,False,False,,,False
92289688,608.5,WIN,True,71,11,DAMAGE_COUNTER_ANY,2,TARGET_SELECTION,,,CARD,0,0,121,320,320,2,False,3,4,False,True,1,1,2,96,0,6,96,0,6,False,False,,,False
92289688,608.5,WIN,True,72,11,DAMAGE_COUNTER_ANY,2,TARGET_SELECTION,,,CARD,0,0,121,320,320,2,False,3,4,False,True,1,1,2,96,0,6,96,0,6,False,False,,,False
92289688,608.5,WIN,True,73,11,DAMAGE_COUNTER_ANY,2,TARGET_SELECTION,,,CARD,0,0,121,320,320,2,False,3,4,False,True,1,1,2,96,0,6,96,0,6,False,False,,,False
92289688,608.5,WIN,True,74,11,DAMAGE_COUNTER_ANY,2,TARGET_SELECTION,,,CARD,0,0,121,320,320,2,False,3,4,False,True,1,1,2,96,0,6,96,0,6,False,False,,,False
92289688,608.5,WIN,True,75,11,DAMAGE_COUNTER_ANY,2,TARGET_SELECTION,,,CARD,0,0,121,320,320,2,False,3,4,False,True,1,1,2,96,0,6,,,6,False,False,,,False
92289688,608.5,WIN,True,76,11,TO_HAND,4,RESOURCE_MANAGEMENT,,,,0,0,121,320,320,2,False,3,4,False,True,1,1,2,,,6,96,140,6,,,,,False
92289688,608.5,WIN,True,77,13,MAIN,9,RESOURCE_MANAGEMENT,PLAY_POKEMON,119,PLAY,2,0,121,140,320,2,True,3,2,True,True,1,1,2,96,140,6,96,140,6,False,False,Myriad Leaf Shower,30,False
92289688,608.5,WIN,True,78,13,MAIN,8,RESOURCE_MANAGEMENT,PLAY_ITEM,1120,PLAY,2,0,121,140,320,2,True,4,2,True,True,1,1,2,96,140,6,96,140,6,False,False,Myriad Leaf Shower,30,False
92289688,608.5,WIN,True,79,13,DISCARD_ENERGY,3,ENERGY_MANAGEMENT,,,ENERGY,0,0,121,140,320,2,True,4,2,False,True,1,1,2,96,140,6,96,140,6,False,False,Myriad Leaf Shower,30,False
92289688,608.5,WIN,True,80,13,MAIN,7,RESOURCE_MANAGEMENT,PLAY_SUPPORTER,1227,PLAY,2,0,121,140,320,2,True,4,2,True,True,1,1,2,96,140,6,96,140,6,False,False,,,False
92289688,608.5,WIN,True,81,13,MAIN,7,ATTACK_SELECTION,ATTACK,,ATTACK,2,1,121,140,320,2,True,4,2,True,True,1,1,2,96,140,6,96,0,6,False,False,,,False
92289688,608.5,WIN,True,82,13,DAMAGE_COUNTER_ANY,1,TARGET_SELECTION,,,CARD,0,0,121,140,320,2,True,4,2,False,True,1,1,2,96,0,6,96,0,6,False,False,,,False
92289688,608.5,WIN,True,83,13,DAMAGE_COUNTER_ANY,1,TARGET_SELECTION,,,CARD,0,0,121,140,320,2,True,4,2,False,True,1,1,2,96,0,6,96,0,6,False,False,,,False
92289688,608.5,WIN,True,84,13,DAMAGE_COUNTER_ANY,1,TARGET_SELECTION,,,CARD,0,0,121,140,320,2,True,4,2,False,True,1,1,2,96,0,6,96,0,6,False,False,,,False
92289688,608.5,WIN,True,85,13,DAMAGE_COUNTER_ANY,1,TARGET_SELECTION,,,CARD,0,0,121,140,320,2,True,4,2,False,True,1,1,2,96,0,6,96,0,6,False,False,,,False
92289688,608.5,WIN,True,86,13,DAMAGE_COUNTER_ANY,1,TARGET_SELECTION,,,CARD,0,0,121,140,320,2,True,4,2,False,True,1,1,2,96,0,6,96,0,6,False,False,,,False
92289688,608.5,WIN,True,87,13,DAMAGE_COUNTER_ANY,1,TARGET_SELECTION,,,CARD,0,0,121,140,320,2,True,4,2,False,True,1,1,2,96,0,6,,,6,False,False,,,False
92309614,643.9,WIN,True,0,,,0,UNKNOWN,,,,0,0,,,,,False,,,False,False,,,0,,,,,,,,,,,False
92309614,643.9,WIN,True,1,,,0,UNKNOWN,,,,0,0,,,,,False,,,False,False,,,0,,,,,,0,,,,,False
92309614,643.9,WIN,True,2,0,IS_FIRST,2,GOING_FIRST_SECOND,,,,0,0,,,,,False,0,0,False,False,,,0,,,0,,,6,,,,,False
92309614,643.9,WIN,True,3,0,SETUP_ACTIVE_POKEMON,2,EARLY_GAME_SETUP,,,,0,0,,,,,False,0,0,False,False,,,0,,,6,,,6,,,,,False
92309614,643.9,WIN,True,4,0,SETUP_BENCH_POKEMON,1,BENCH_MANAGEMENT,,,,0,0,,,,,False,0,6,False,False,,,0,,,6,305,70,6,,,,,False
92309614,643.9,WIN,True,5,1,MAIN,4,RESOURCE_MANAGEMENT,PLAY_ITEM,1086,PLAY,0,0,119,70,70,1,False,0,6,False,False,1,0,0,305,70,6,305,70,6,False,False,,,False
92309614,643.9,WIN,True,6,1,TO_BENCH,4,BENCH_MANAGEMENT,,,CARD;CARD,0,0,119,70,70,1,False,0,6,False,False,1,0,0,305,70,6,305,70,6,False,False,,,False
92309614,643.9,WIN,True,7,1,MAIN,3,TIMING,,,,0,0,119,70,70,1,False,2,6,False,True,1,0,0,305,70,6,305,70,6,False,False,,,False
92309614,643.9,WIN,True,8,3,MAIN,9,RESOURCE_MANAGEMENT,PLAY_ITEM,1120,PLAY,0,0,119,70,70,1,False,2,6,False,True,1,0,0,305,70,6,305,70,6,False,False,,,False
92309614,643.9,WIN,True,9,3,DISCARD_ENERGY,1,ENERGY_MANAGEMENT,,,ENERGY,0,0,119,70,70,1,False,2,6,False,True,1,0,0,305,70,6,305,70,6,False,False,,,False
92309614,643.9,WIN,True,10,3,MAIN,8,BENCH_MANAGEMENT,EVOLVE,,EVOLVE,0,0,119,70,70,1,False,2,6,False,True,1,0,0,305,70,6,305,70,6,False,False,,,False
92309614,643.9,WIN,True,11,3,MAIN,6,RESOURCE_MANAGEMENT,ABILITY,,ABILITY,0,0,120,90,90,1,False,2,6,False,True,1,0,0,305,70,6,305,70,6,False,False,,,True
92309614,643.9,WIN,True,12,3,TO_HAND,2,RESOURCE_MANAGEMENT,,,CARD,0,0,120,90,90,1,False,2,6,False,True,1,0,0,305,70,6,305,70,6,False,False,,,False
92309614,643.9,WIN,True,13,3,MAIN,8,ENERGY_MANAGEMENT,ATTACH_ENERGY,,ATTACH,0,0,120,90,90,1,False,2,6,False,True,1,0,0,305,70,6,305,70,6,False,False,,,False
92309614,643.9,WIN,True,14,3,MAIN,5,RESOURCE_MANAGEMENT,PLAY_SUPPORTER,1227,PLAY,0,0,120,90,90,1,False,2,6,False,True,1,0,0,305,70,6,305,70,6,False,False,,,False
92309614,643.9,WIN,True,15,3,MAIN,9,RESOURCE_MANAGEMENT,PLAY_POKEMON,235,PLAY,0,0,120,90,90,1,False,2,6,False,True,1,0,0,305,70,6,305,70,6,False,False,,,False
92309614,643.9,WIN,True,16,3,MAIN,9,RESOURCE_MANAGEMENT,PLAY_ITEM,1152,PLAY,0,0,120,90,90,1,False,3,6,False,True,1,0,1,305,70,6,305,70,6,False,False,,,False
92309614,643.9,WIN,True,17,3,TO_HAND,3,RESOURCE_MANAGEMENT,,,CARD,0,0,120,90,90,1,False,3,6,False,True,1,0,1,305,70,6,305,70,6,False,False,,,False
92309614,643.9,WIN,True,18,3,MAIN,10,RESOURCE_MANAGEMENT,PLAY_ITEM,1121,PLAY,0,0,120,90,90,1,False,3,6,False,True,1,0,1,305,70,6,305,70,6,False,False,,,False
92309614,643.9,WIN,True,19,3,DISCARD,6,RESOURCE_MANAGEMENT,,,CARD;CARD,0,0,120,90,90,1,False,3,6,False,True,1,0,1,305,70,6,305,70,6,False,False,,,False
92309614,643.9,WIN,True,20,3,TO_HAND,8,RESOURCE_MANAGEMENT,,,CARD,0,0,120,90,90,1,False,3,6,False,True,1,0,1,305,70,6,305,70,6,False,False,,,False
92309614,643.9,WIN,True,21,3,MAIN,9,BENCH_MANAGEMENT,EVOLVE,,EVOLVE,0,0,120,90,90,1,False,3,6,False,True,1,0,1,305,70,6,305,70,6,False,False,,,False
92309614,643.9,WIN,True,22,3,MAIN,7,RESOURCE_MANAGEMENT,ABILITY,,ABILITY,0,0,120,90,90,1,False,3,6,False,True,1,0,1,305,70,6,305,70,6,False,False,,,False
92309614,643.9,WIN,True,23,3,TO_HAND,2,RESOURCE_MANAGEMENT,,,CARD,0,0,120,90,90,1,False,3,6,False,True,1,0,1,305,70,6,305,70,6,False,False,,,False
92309614,643.9,WIN,True,24,3,MAIN,7,BENCH_MANAGEMENT,EVOLVE,,EVOLVE,0,0,120,90,90,1,False,3,6,False,True,1,0,1,305,70,6,305,70,6,False,False,,,False
92309614,643.9,WIN,True,25,3,MAIN,7,RESOURCE_MANAGEMENT,ABILITY,,ABILITY,0,0,120,90,90,1,False,3,6,False,True,1,0,1,305,70,6,305,70,6,False,False,,,False
92309614,643.9,WIN,True,26,3,TO_HAND,2,RESOURCE_MANAGEMENT,,,CARD,0,0,120,90,90,1,False,3,6,False,True,1,0,1,305,70,6,305,70,6,False,False,,,False
92309614,643.9,WIN,True,27,3,MAIN,6,ENERGY_MANAGEMENT,ATTACH_ENERGY,,ATTACH,0,0,120,90,90,1,False,3,6,False,True,1,0,1,305,70,6,305,70,6,False,False,,,False
92309614,643.9,WIN,True,28,3,MAIN,2,TIMING,,,,0,0,120,90,90,1,False,3,6,False,True,1,0,1,305,70,6,861,310,6,False,False,,,False
92309614,643.9,WIN,True,29,5,MAIN,11,RESOURCE_MANAGEMENT,ABILITY,,ABILITY,0,0,120,90,90,1,False,3,6,False,True,1,0,1,861,310,6,861,310,6,False,False,,,False
92309614,643.9,WIN,True,30,5,TO_HAND,2,RESOURCE_MANAGEMENT,,,CARD,0,0,120,90,90,1,False,3,6,False,True,1,0,1,861,310,6,861,310,6,False,False,,,False
92309614,643.9,WIN,True,31,5,MAIN,11,RESOURCE_MANAGEMENT,ABILITY,,ABILITY,0,0,120,90,90,1,False,3,6,False,True,1,0,1,861,310,6,861,310,6,False,False,,,False
92309614,643.9,WIN,True,32,5,TO_HAND,2,RESOURCE_MANAGEMENT,,,CARD,0,0,120,90,90,1,False,3,6,False,True,1,0,1,861,310,6,861,310,6,False,False,,,False
92309614,643.9,WIN,True,33,5,MAIN,11,RESOURCE_MANAGEMENT,ABILITY,,ABILITY,0,0,120,90,90,1,False,3,6,False,True,1,0,1,861,310,6,861,310,6,False,False,,,False
92309614,643.9,WIN,True,34,5,TO_HAND,2,RESOURCE_MANAGEMENT,,,CARD,0,0,120,90,90,1,False,3,6,False,True,1,0,1,861,310,6,861,310,6,False,False,,,False
92309614,643.9,WIN,True,35,5,MAIN,13,BENCH_MANAGEMENT,EVOLVE,,EVOLVE,0,0,120,90,90,1,False,3,6,False,True,1,0,1,861,310,6,861,310,6,False,False,,,False
92309614,643.9,WIN,True,36,5,MAIN,10,RESOURCE_MANAGEMENT,PLAY_SUPPORTER,1198,PLAY,0,0,120,90,90,1,False,3,6,False,True,1,0,2,861,310,6,861,310,6,False,False,,,False
92309614,643.9,WIN,True,37,5,TO_HAND,4,RESOURCE_MANAGEMENT,,,CARD,0,0,120,90,90,1,False,3,6,False,True,1,0,2,861,310,6,861,310,6,False,False,,,False
92309614,643.9,WIN,True,38,5,ATTACH_TO,1,ENERGY_MANAGEMENT,,,CARD,0,0,120,90,90,1,False,3,6,False,True,1,0,2,861,310,6,861,310,6,False,False,,,False
92309614,643.9,WIN,True,39,5,ATTACH_FROM,4,ENERGY_MANAGEMENT,,,CARD,0,0,120,90,90,1,False,3,6,False,True,1,0,2,861,310,6,861,310,6,False,False,,,False
92309614,643.9,WIN,True,40,5,MAIN,10,ENERGY_MANAGEMENT,ATTACH_ENERGY,,ATTACH,0,0,120,90,90,1,False,3,6,False,True,1,0,2,861,310,6,861,310,6,False,False,,,False
92309614,643.9,WIN,True,41,5,MAIN,3,RETREAT_SELECTION,RETREAT,,RETREAT,0,0,120,90,90,1,False,3,6,True,True,1,1,2,861,310,6,861,310,6,False,False,,,False
92309614,643.9,WIN,True,42,5,DISCARD_ENERGY,1,ENERGY_MANAGEMENT,,,ENERGY,0,0,120,90,90,1,False,3,6,False,True,1,1,2,861,310,6,861,310,6,False,False,,,False
92309614,643.9,WIN,True,43,5,SWITCH,3,ACTIVE_POKEMON_SELECTION,,,CARD,0,0,120,90,90,1,False,3,6,False,True,1,0,2,861,310,6,861,310,6,False,False,,,False
92309614,643.9,WIN,True,44,5,MAIN,4,ATTACK_SELECTION,ATTACK,,ATTACK,2,1,121,320,320,2,False,3,6,False,True,1,1,1,861,310,6,861,110,6,False,False,,,True
92309614,643.9,WIN,True,45,5,DAMAGE_COUNTER_ANY,3,TARGET_SELECTION,,,CARD,0,0,121,320,320,2,False,3,6,False,True,1,1,1,861,110,6,861,110,6,False,False,,,False
92309614,643.9,WIN,True,46,5,DAMAGE_COUNTER_ANY,3,TARGET_SELECTION,,,CARD,0,0,121,320,320,2,False,3,6,False,True,1,1,1,861,110,6,861,110,6,False,False,,,False
92309614,643.9,WIN,True,47,5,DAMAGE_COUNTER_ANY,3,TARGET_SELECTION,,,CARD,0,0,121,320,320,2,False,3,6,False,True,1,1,1,861,110,6,861,110,6,False,False,,,False
92309614,643.9,WIN,True,48,5,DAMAGE_COUNTER_ANY,3,TARGET_SELECTION,,,CARD,0,0,121,320,320,2,False,3,6,False,True,1,1,1,861,110,6,861,110,6,False,False,,,False
92309614,643.9,WIN,True,49,5,DAMAGE_COUNTER_ANY,3,TARGET_SELECTION,,,CARD,0,0,121,320,320,2,False,3,6,False,True,1,1,1,861,110,6,861,110,6,False,False,,,False
92309614,643.9,WIN,True,50,5,DAMAGE_COUNTER_ANY,3,TARGET_SELECTION,,,,0,0,121,320,320,2,False,3,6,False,True,1,1,1,861,110,6,861,310,6,False,False,,,False
92309614,643.9,WIN,True,51,7,MAIN,16,RESOURCE_MANAGEMENT,PLAY_ITEM,1120,PLAY,2,0,121,320,320,2,False,3,6,True,True,1,1,1,861,310,6,861,310,6,False,False,,,False
92309614,643.9,WIN,True,52,7,MAIN,15,RESOURCE_MANAGEMENT,ABILITY,,ABILITY,2,0,121,320,320,2,False,3,6,True,True,1,1,1,861,310,6,861,310,6,False,False,,,False
92309614,643.9,WIN,True,53,7,TO_HAND,2,RESOURCE_MANAGEMENT,,,CARD,0,0,121,320,320,2,False,3,6,False,True,1,1,1,861,310,6,861,310,6,False,False,,,False
92309614,643.9,WIN,True,54,7,MAIN,15,RESOURCE_MANAGEMENT,ABILITY,,ABILITY,2,0,121,320,320,2,False,3,6,True,True,1,1,1,861,310,6,861,310,6,False,False,,,False
92309614,643.9,WIN,True,55,7,TO_HAND,2,RESOURCE_MANAGEMENT,,,CARD,0,0,121,320,320,2,False,3,6,False,True,1,1,1,861,310,6,861,310,6,False,False,,,False
92309614,643.9,WIN,True,56,7,MAIN,15,RESOURCE_MANAGEMENT,PLAY_ITEM,1152,PLAY,2,0,121,320,320,2,False,3,6,True,True,1,1,1,861,310,6,861,310,6,False,False,,,False
92309614,643.9,WIN,True,57,7,TO_HAND,1,RESOURCE_MANAGEMENT,,,CARD,0,0,121,320,320,2,False,3,6,False,True,1,1,1,861,310,6,861,310,6,False,False,,,False
92309614,643.9,WIN,True,58,7,MAIN,14,ENERGY_MANAGEMENT,ATTACH_ENERGY,,ATTACH,2,0,121,320,320,2,False,3,6,True,True,1,1,1,861,310,6,861,310,6,False,False,,,False
92309614,643.9,WIN,True,59,7,MAIN,10,RESOURCE_MANAGEMENT,PLAY_SUPPORTER,1227,PLAY,2,0,121,320,320,2,False,3,6,True,True,1,1,1,861,310,6,861,310,6,False,False,,,False
92309614,643.9,WIN,True,60,7,MAIN,7,ATTACK_SELECTION,ATTACK,,ATTACK,2,1,121,320,320,2,False,3,6,True,True,1,1,1,861,310,6,861,110,6,False,False,,,False
92309614,643.9,WIN,True,61,7,DAMAGE_COUNTER_ANY,3,TARGET_SELECTION,,,CARD,0,0,121,320,320,2,False,3,6,False,True,1,1,1,861,110,6,861,110,6,False,False,,,False
92309614,643.9,WIN,True,62,7,DAMAGE_COUNTER_ANY,3,TARGET_SELECTION,,,CARD,0,0,121,320,320,2,False,3,6,False,True,1,1,1,861,110,6,861,110,6,False,False,,,False
92309614,643.9,WIN,True,63,7,DAMAGE_COUNTER_ANY,3,TARGET_SELECTION,,,CARD,0,0,121,320,320,2,False,3,6,False,True,1,1,1,861,110,6,861,110,6,False,False,,,False
92309614,643.9,WIN,True,64,7,DAMAGE_COUNTER_ANY,3,TARGET_SELECTION,,,CARD,0,0,121,320,320,2,False,3,6,False,True,1,1,1,861,110,6,861,110,6,False,False,,,False
92309614,643.9,WIN,True,65,7,DAMAGE_COUNTER_ANY,3,TARGET_SELECTION,,,CARD,0,0,121,320,320,2,False,3,6,False,True,1,1,1,861,110,6,861,110,6,False,False,,,False
92309614,643.9,WIN,True,66,7,DAMAGE_COUNTER_ANY,3,TARGET_SELECTION,,,,0,0,121,320,320,2,False,3,6,False,True,1,1,1,861,110,6,849,330,6,False,False,,,False
92309614,643.9,WIN,True,67,9,MAIN,16,RESOURCE_MANAGEMENT,PLAY_ITEM,1152,PLAY,2,0,121,90,320,2,True,3,6,True,True,1,1,1,849,330,6,849,330,6,False,True,Gale Thrust,60,False
92309614,643.9,WIN,True,68,9,TO_HAND,1,RESOURCE_MANAGEMENT,,,CARD,0,0,121,90,320,2,True,3,6,False,True,1,1,1,849,330,6,849,330,6,False,True,Gale Thrust,60,False
92309614,643.9,WIN,True,69,9,MAIN,15,RESOURCE_MANAGEMENT,ABILITY,,ABILITY,2,0,121,90,320,2,True,3,6,True,True,1,1,1,849,330,6,849,330,6,False,True,Gale Thrust,60,False
92309614,643.9,WIN,True,70,9,TO_HAND,2,RESOURCE_MANAGEMENT,,,CARD,0,0,121,90,320,2,True,3,6,False,True,1,1,1,849,330,6,849,330,6,False,True,Gale Thrust,60,False
92309614,643.9,WIN,True,71,9,MAIN,15,RESOURCE_MANAGEMENT,ABILITY,,ABILITY,2,0,121,90,320,2,True,3,6,True,True,1,1,1,849,330,6,849,330,6,False,True,Gale Thrust,60,False
92309614,643.9,WIN,True,72,9,TO_HAND,2,RESOURCE_MANAGEMENT,,,CARD,0,0,121,90,320,2,True,3,6,False,True,1,1,1,849,330,6,849,330,6,False,True,Gale Thrust,60,False
92309614,643.9,WIN,True,73,9,MAIN,15,RESOURCE_MANAGEMENT,PLAY_ITEM,1121,PLAY,2,0,121,90,320,2,True,3,6,True,True,1,1,1,849,330,6,849,330,6,False,True,Gale Thrust,60,False
92309614,643.9,WIN,True,74,9,DISCARD,10,RESOURCE_MANAGEMENT,,,CARD;CARD,0,0,121,90,320,2,True,3,6,False,True,1,1,1,849,330,6,849,330,6,False,True,Gale Thrust,60,False
92309614,643.9,WIN,True,75,9,TO_HAND,5,RESOURCE_MANAGEMENT,,,CARD,0,0,121,90,320,2,True,3,6,False,True,1,1,1,849,330,6,849,330,6,False,True,Gale Thrust,60,False
92309614,643.9,WIN,True,76,9,MAIN,15,BENCH_MANAGEMENT,EVOLVE,,EVOLVE,2,0,121,90,320,2,True,3,6,True,True,1,1,1,849,330,6,849,330,6,False,True,Gale Thrust,60,False
92309614,643.9,WIN,True,77,9,MAIN,13,ENERGY_MANAGEMENT,ATTACH_ENERGY,,ATTACH,2,0,121,90,320,2,True,3,6,True,True,1,1,2,849,330,6,849,330,6,False,True,Gale Thrust,60,False
92309614,643.9,WIN,True,78,9,MAIN,9,RESOURCE_MANAGEMENT,PLAY_SUPPORTER,1227,PLAY,2,0,121,90,320,2,True,3,6,True,True,1,1,2,849,330,6,849,330,6,False,True,Gale Thrust,60,False
92309614,643.9,WIN,True,79,9,MAIN,11,RESOURCE_MANAGEMENT,PLAY_ITEM,1121,PLAY,2,0,121,90,320,2,True,3,6,True,True,1,1,2,849,330,6,849,330,6,False,True,Gale Thrust,60,False
92309614,643.9,WIN,True,80,9,DISCARD,7,RESOURCE_MANAGEMENT,,,CARD;CARD,0,0,121,90,320,2,True,3,6,False,True,1,1,2,849,330,6,849,330,6,False,True,Gale Thrust,60,False
92309614,643.9,WIN,True,81,9,TO_HAND,3,RESOURCE_MANAGEMENT,,,CARD,0,0,121,90,320,2,True,3,6,False,True,1,1,2,849,330,6,849,330,6,False,True,Gale Thrust,60,False
92309614,643.9,WIN,True,82,9,MAIN,8,RESOURCE_MANAGEMENT,PLAY_ITEM,1120,PLAY,2,0,121,90,320,2,True,3,6,True,True,1,1,2,849,330,6,849,330,6,False,True,Gale Thrust,60,False
92309614,643.9,WIN,True,83,9,DISCARD_ENERGY,1,ENERGY_MANAGEMENT,,,ENERGY,0,0,121,90,320,2,True,3,6,False,True,1,1,2,849,330,6,849,330,6,False,True,Gale Thrust,60,False
92309614,643.9,WIN,True,84,9,MAIN,7,ATTACK_SELECTION,ATTACK,,ATTACK,2,1,121,90,320,2,True,3,6,True,True,1,1,2,849,330,6,849,130,6,False,False,,,False
92309614,643.9,WIN,True,85,9,DAMAGE_COUNTER_ANY,3,TARGET_SELECTION,,,CARD,0,0,121,90,320,2,True,3,6,False,True,1,1,2,849,130,6,849,130,6,False,False,,,False
92309614,643.9,WIN,True,86,9,DAMAGE_COUNTER_ANY,3,TARGET_SELECTION,,,CARD,0,0,121,90,320,2,True,3,6,False,True,1,1,2,849,130,6,849,130,6,False,False,,,False
92309614,643.9,WIN,True,87,9,DAMAGE_COUNTER_ANY,3,TARGET_SELECTION,,,CARD,0,0,121,90,320,2,True,3,6,False,True,1,1,2,849,130,6,849,130,6,False,False,,,False
92309614,643.9,WIN,True,88,9,DAMAGE_COUNTER_ANY,3,TARGET_SELECTION,,,CARD,0,0,121,90,320,2,True,3,6,False,True,1,1,2,849,130,6,849,130,6,False,False,,,False
92309614,643.9,WIN,True,89,9,DAMAGE_COUNTER_ANY,3,TARGET_SELECTION,,,CARD,0,0,121,90,320,2,True,3,6,False,True,1,1,2,849,130,6,849,130,6,False,False,,,False
92309614,643.9,WIN,True,90,9,DAMAGE_COUNTER_ANY,3,TARGET_SELECTION,,,,0,0,121,90,320,2,True,3,6,False,True,1,1,2,849,130,6,849,330,6,False,False,,,False
92309614,643.9,WIN,True,91,11,MAIN,10,RESOURCE_MANAGEMENT,ABILITY,,ABILITY,2,0,121,90,320,2,True,3,6,True,True,1,1,2,849,330,6,849,330,6,False,False,,,False
92309614,643.9,WIN,True,92,11,TO_HAND,2,RESOURCE_MANAGEMENT,,,CARD,0,0,121,90,320,2,True,3,6,False,True,1,1,2,849,330,6,849,330,6,False,False,,,False
92309614,643.9,WIN,True,93,11,MAIN,10,RESOURCE_MANAGEMENT,PLAY_SUPPORTER,1182,PLAY,2,0,121,90,320,2,True,3,6,True,True,1,1,2,849,330,6,849,330,6,False,False,,,False
92309614,643.9,WIN,True,94,11,SWITCH,4,ACTIVE_POKEMON_SELECTION,,,CARD,0,0,121,90,320,2,True,3,6,False,True,1,1,2,849,330,6,861,310,6,False,False,,,False
92309614,643.9,WIN,True,95,11,MAIN,8,ATTACK_SELECTION,ATTACK,,ATTACK,2,1,121,90,320,2,True,3,6,True,True,1,1,2,861,310,6,861,110,6,False,False,,,False
92309614,643.9,WIN,True,96,11,DAMAGE_COUNTER_ANY,4,TARGET_SELECTION,,,CARD,0,0,121,90,320,2,True,3,6,False,True,1,1,2,861,110,6,861,110,6,False,False,,,False
92309614,643.9,WIN,True,97,11,DAMAGE_COUNTER_ANY,4,TARGET_SELECTION,,,CARD,0,0,121,90,320,2,True,3,6,False,True,1,1,2,861,110,6,861,110,6,False,False,,,False
92309614,643.9,WIN,True,98,11,DAMAGE_COUNTER_ANY,4,TARGET_SELECTION,,,CARD,0,0,121,90,320,2,True,3,6,False,True,1,1,2,861,110,6,861,110,6,False,False,,,False
92309614,643.9,WIN,True,99,11,DAMAGE_COUNTER_ANY,4,TARGET_SELECTION,,,CARD,0,0,121,90,320,2,True,3,6,False,True,1,1,2,861,110,6,861,110,6,False,False,,,False
92309614,643.9,WIN,True,100,11,DAMAGE_COUNTER_ANY,4,TARGET_SELECTION,,,CARD,0,0,121,90,320,2,True,3,6,False,True,1,1,2,861,110,6,861,110,6,False,False,,,False
92309614,643.9,WIN,True,101,11,DAMAGE_COUNTER_ANY,4,TARGET_SELECTION,,,CARD,0,0,121,90,320,2,True,3,6,False,True,1,1,2,861,110,6,861,110,6,False,False,,,False
92309614,643.9,WIN,True,102,11,TO_HAND,6,RESOURCE_MANAGEMENT,,,CARD,0,0,121,90,320,2,True,3,6,False,True,1,1,2,861,110,6,861,110,6,False,False,,,False
92309614,643.9,WIN,True,103,11,TO_HAND,5,RESOURCE_MANAGEMENT,,,,0,0,121,90,320,2,True,3,5,False,True,1,1,2,861,110,6,849,330,4,False,False,,,False
92309614,643.9,WIN,True,104,12,TO_ACTIVE,3,ACTIVE_POKEMON_SELECTION,,,CARD,0,0,,,,,False,3,4,False,True,,,2,849,330,4,849,330,4,,,,,True
92309614,643.9,WIN,True,105,13,MAIN,14,BENCH_MANAGEMENT,EVOLVE,,EVOLVE,1,0,235,30,30,1,False,2,4,True,True,0,0,1,849,330,4,849,330,4,True,False,Gale Thrust,60,False
92309614,643.9,WIN,True,106,13,MAIN,12,RESOURCE_MANAGEMENT,PLAY_POKEMON,140,PLAY,1,0,235,30,30,1,False,2,4,True,True,0,0,2,849,330,4,849,330,4,True,False,Gale Thrust,60,False
92309614,643.9,WIN,True,107,13,MAIN,13,RESOURCE_MANAGEMENT,PLAY_POKEMON,184,PLAY,1,0,235,30,30,1,False,3,4,True,True,0,0,2,849,330,4,849,330,4,True,False,Gale Thrust,60,False
92309614,643.9,WIN,True,108,13,MAIN,13,RESOURCE_MANAGEMENT,PLAY_ITEM,1097,PLAY,1,0,235,30,30,1,False,4,4,True,True,0,0,2,849,330,4,849,330,4,True,False,Gale Thrust,60,False
92309614,643.9,WIN,True,109,13,TO_HAND,7,RESOURCE_MANAGEMENT,,,CARD,0,0,235,30,30,1,False,4,4,False,True,0,0,2,849,330,4,849,330,4,True,False,Gale Thrust,60,False
92309614,643.9,WIN,True,110,13,MAIN,13,RESOURCE_MANAGEMENT,PLAY_POKEMON,119,PLAY,1,0,235,30,30,1,False,4,4,True,True,0,0,2,849,330,4,849,330,4,True,False,Gale Thrust,60,False
92309614,643.9,WIN,True,111,13,MAIN,13,RESOURCE_MANAGEMENT,ABILITY,,ABILITY,1,0,235,30,30,1,False,5,4,True,True,0,0,2,849,330,4,849,330,4,True,False,Gale Thrust,60,False
92309614,643.9,WIN,True,112,13,MAIN,14,ENERGY_MANAGEMENT,ATTACH_ENERGY,,ATTACH,1,0,235,30,30,1,False,5,4,True,True,0,0,2,849,330,4,849,330,4,True,False,Gale Thrust,60,False
92309614,643.9,WIN,True,113,13,MAIN,8,RESOURCE_MANAGEMENT,PLAY_ITEM,1080,PLAY,1,0,235,30,30,1,False,5,4,True,True,0,0,2,849,330,4,849,330,4,True,False,Gale Thrust,60,False
92309614,643.9,WIN,True,114,13,MAIN,6,RESOURCE_MANAGEMENT,PLAY_SUPPORTER,1210,PLAY,1,0,235,30,30,1,False,5,4,True,True,0,0,2,849,330,4,849,330,4,True,False,Gale Thrust,60,False
92309614,643.9,WIN,True,115,13,TO_HAND,1,RESOURCE_MANAGEMENT,,,CARD,0,0,235,30,30,1,False,5,4,False,True,0,0,2,849,330,4,849,330,4,True,False,Gale Thrust,60,False
92309614,643.9,WIN,True,116,13,MAIN,4,RETREAT_SELECTION,RETREAT,,RETREAT,1,0,235,30,30,1,False,5,4,True,True,0,0,2,849,330,4,849,330,4,True,False,Gale Thrust,60,False
92309614,643.9,WIN,True,117,13,SWITCH,5,ACTIVE_POKEMON_SELECTION,,,CARD,0,0,235,30,30,1,False,5,4,False,True,0,0,2,849,330,4,849,330,4,True,False,Gale Thrust,60,False
92309614,643.9,WIN,True,118,13,MAIN,4,ATTACK_SELECTION,ATTACK,,ATTACK,2,1,121,320,320,2,False,5,4,False,True,1,1,2,849,330,4,849,130,4,False,False,Gale Thrust,60,True
92309614,643.9,WIN,True,119,13,DAMAGE_COUNTER_ANY,2,TARGET_SELECTION,,,CARD,0,0,121,320,320,2,False,5,4,False,True,1,1,2,849,130,4,849,130,4,False,False,Gale Thrust,60,False
92309614,643.9,WIN,True,120,13,DAMAGE_COUNTER_ANY,2,TARGET_SELECTION,,,CARD,0,0,121,320,320,2,False,5,4,False,True,1,1,2,849,130,4,849,130,4,False,False,Gale Thrust,60,False
92309614,643.9,WIN,True,121,13,DAMAGE_COUNTER_ANY,2,TARGET_SELECTION,,,CARD,0,0,121,320,320,2,False,5,4,False,True,1,1,2,849,130,4,849,130,4,False,False,Gale Thrust,60,False
92309614,643.9,WIN,True,122,13,DAMAGE_COUNTER_ANY,2,TARGET_SELECTION,,,CARD,0,0,121,320,320,2,False,5,4,False,True,1,1,2,849,130,4,849,130,4,False,False,Gale Thrust,60,False
92309614,643.9,WIN,True,123,13,DAMAGE_COUNTER_ANY,2,TARGET_SELECTION,,,CARD,0,0,121,320,320,2,False,5,4,False,True,1,1,2,849,130,4,849,130,4,False,False,Gale Thrust,60,False
92309614,643.9,WIN,True,124,13,DAMAGE_COUNTER_ANY,2,TARGET_SELECTION,,,,0,0,121,320,320,2,False,5,4,False,True,1,1,2,849,130,4,849,230,4,False,False,Gale Thrust,60,False
92309614,643.9,WIN,True,125,15,MAIN,10,RESOURCE_MANAGEMENT,PLAY_SUPPORTER,1182,PLAY,2,0,121,260,320,2,True,5,4,True,True,1,1,2,849,230,4,849,230,4,False,False,Gale Thrust,60,False
92309614,643.9,WIN,True,126,15,SWITCH,4,ACTIVE_POKEMON_SELECTION,,,CARD,0,0,121,260,320,2,True,5,4,False,True,1,1,2,849,230,4,861,50,4,False,False,Gale Thrust,60,False
92309614,643.9,WIN,True,127,15,MAIN,7,BENCH_MANAGEMENT,EVOLVE,,EVOLVE,2,0,121,260,320,2,True,5,4,True,True,1,1,2,861,50,4,861,50,4,False,False,Resentful Refrain,0,False
92309614,643.9,WIN,True,128,15,MAIN,7,ATTACK_SELECTION,ATTACK,,ATTACK,2,1,121,260,320,2,True,5,4,True,True,1,1,2,861,50,4,861,0,4,False,False,Resentful Refrain,0,False
92309614,643.9,WIN,True,129,15,DAMAGE_COUNTER_ANY,4,TARGET_SELECTION,,,CARD,0,0,121,260,320,2,True,5,4,False,True,1,1,2,861,0,4,861,0,4,False,False,Resentful Refrain,0,False
92309614,643.9,WIN,True,130,15,DAMAGE_COUNTER_ANY,4,TARGET_SELECTION,,,CARD,0,0,121,260,320,2,True,5,4,False,True,1,1,2,861,0,4,861,0,4,False,False,Resentful Refrain,0,False
92309614,643.9,WIN,True,131,15,DAMAGE_COUNTER_ANY,4,TARGET_SELECTION,,,CARD,0,0,121,260,320,2,True,5,4,False,True,1,1,2,861,0,4,861,0,4,False,False,Resentful Refrain,0,False
92309614,643.9,WIN,True,132,15,DAMAGE_COUNTER_ANY,4,TARGET_SELECTION,,,CARD,0,0,121,260,320,2,True,5,4,False,True,1,1,2,861,0,4,861,0,4,False,False,Resentful Refrain,0,False
92309614,643.9,WIN,True,133,15,DAMAGE_COUNTER_ANY,4,TARGET_SELECTION,,,CARD,0,0,121,260,320,2,True,5,4,False,True,1,1,2,861,0,4,861,0,4,False,False,Resentful Refrain,0,False
92309614,643.9,WIN,True,134,15,DAMAGE_COUNTER_ANY,4,TARGET_SELECTION,,,CARD,0,0,121,260,320,2,True,5,4,False,True,1,1,2,861,0,4,,,4,False,False,Resentful Refrain,0,False
92309614,643.9,WIN,True,135,15,TO_HAND,4,RESOURCE_MANAGEMENT,,,CARD;CARD;CARD,0,0,121,260,320,2,True,5,4,False,True,1,1,2,,,4,,,4,,,,,False
92316974,552.7,LOSS,True,0,,,0,UNKNOWN,,,,0,0,,,,,False,,,False,False,,,0,,,,,,,,,,,False
92316974,552.7,LOSS,True,1,,,0,UNKNOWN,,,,0,0,,,,,False,,,False,False,,,0,,,,,,0,,,,,False
92316974,552.7,LOSS,True,2,0,IS_FIRST,2,GOING_FIRST_SECOND,,,YES,0,0,,,,,False,0,0,False,False,,,0,,,0,,,0,,,,,False
92316974,552.7,LOSS,True,3,0,SETUP_ACTIVE_POKEMON,1,EARLY_GAME_SETUP,,,,0,0,,,,,False,0,0,False,False,,,0,,,0,,,6,,,,,False
92316974,552.7,LOSS,True,4,0,DRAW_COUNT,3,SEARCH_DECISION,,,NUMBER,0,0,,,,,False,0,6,False,False,,,0,,,6,,,6,,,,,False
92316974,552.7,LOSS,True,5,0,SETUP_BENCH_POKEMON,1,BENCH_MANAGEMENT,,,,0,0,,,,,False,0,6,False,False,,,0,,,6,112,110,6,,,,,False
92316974,552.7,LOSS,True,6,1,MAIN,5,RESOURCE_MANAGEMENT,PLAY_POKEMON,184,PLAY,0,0,140,210,210,2,False,0,6,False,False,1,0,0,112,110,6,112,110,6,False,False,,,False
92316974,552.7,LOSS,True,7,1,MAIN,5,RESOURCE_MANAGEMENT,PLAY_POKEMON,1071,PLAY,0,0,140,210,210,2,False,1,6,True,True,1,0,0,112,110,6,112,110,6,False,False,,,False
92316974,552.7,LOSS,True,8,1,ACTIVATE,2,RESOURCE_MANAGEMENT,,,YES,0,0,140,210,210,2,False,2,6,False,True,1,0,0,112,110,6,112,110,6,False,False,,,False
92316974,552.7,LOSS,True,9,1,TO_HAND,11,RESOURCE_MANAGEMENT,,,CARD,0,0,140,210,210,2,False,2,6,False,True,1,0,0,112,110,6,112,110,6,False,False,,,False
92316974,552.7,LOSS,True,10,1,MAIN,4,RESOURCE_MANAGEMENT,PLAY_ITEM,1086,PLAY,0,0,140,210,210,2,False,2,6,True,True,1,0,0,112,110,6,112,110,6,False,False,,,False
92316974,552.7,LOSS,True,11,1,TO_BENCH,6,BENCH_MANAGEMENT,,,CARD;CARD,0,0,140,210,210,2,False,2,6,False,True,1,0,0,112,110,6,112,110,6,False,False,,,False
92316974,552.7,LOSS,True,12,1,MAIN,3,RESOURCE_MANAGEMENT,PLAY_ITEM,1152,PLAY,0,0,140,210,210,2,False,4,6,True,True,1,0,0,112,110,6,112,110,6,False,False,,,False
92316974,552.7,LOSS,True,13,1,TO_HAND,5,RESOURCE_MANAGEMENT,,,CARD,0,0,140,210,210,2,False,4,6,False,True,1,0,0,112,110,6,112,110,6,False,False,,,False
92316974,552.7,LOSS,True,14,1,MAIN,3,RESOURCE_MANAGEMENT,PLAY_POKEMON,119,PLAY,0,0,140,210,210,2,False,4,6,True,True,1,0,0,112,110,6,112,110,6,False,False,,,False
92316974,552.7,LOSS,True,15,1,MAIN,2,TIMING,,,,0,0,140,210,210,2,False,5,6,True,True,1,0,0,112,110,6,112,110,6,False,False,,,False
92316974,552.7,LOSS,True,16,3,MAIN,14,RESOURCE_MANAGEMENT,ABILITY,,ABILITY,0,0,140,210,210,2,False,5,6,True,True,1,0,0,112,110,6,112,110,6,False,False,,,False
92316974,552.7,LOSS,True,17,3,MAIN,13,BENCH_MANAGEMENT,EVOLVE,,EVOLVE,0,0,140,210,210,2,False,5,6,True,True,1,0,0,112,110,6,112,110,6,False,False,,,False
92316974,552.7,LOSS,True,18,3,MAIN,9,RESOURCE_MANAGEMENT,ABILITY,,ABILITY,0,0,140,210,210,2,False,5,6,True,True,1,0,0,112,110,6,112,110,6,False,False,,,False
92316974,552.7,LOSS,True,19,3,TO_HAND,2,RESOURCE_MANAGEMENT,,,CARD,0,0,140,210,210,2,False,5,6,False,True,1,0,0,112,110,6,112,110,6,False,False,,,False
92316974,552.7,LOSS,True,20,3,MAIN,9,BENCH_MANAGEMENT,EVOLVE,,EVOLVE,0,0,140,210,210,2,False,5,6,True,True,1,0,0,112,110,6,112,110,6,False,False,,,False
92316974,552.7,LOSS,True,21,3,MAIN,7,RESOURCE_MANAGEMENT,ABILITY,,ABILITY,0,0,140,210,210,2,False,5,6,True,True,1,0,0,112,110,6,112,110,6,False,False,,,False
92316974,552.7,LOSS,True,22,3,TO_HAND,2,RESOURCE_MANAGEMENT,,,CARD,0,0,140,210,210,2,False,5,6,False,True,1,0,0,112,110,6,112,110,6,False,False,,,False
92316974,552.7,LOSS,True,23,3,MAIN,7,BENCH_MANAGEMENT,EVOLVE,,EVOLVE,0,0,140,210,210,2,False,5,6,True,True,1,0,0,112,110,6,112,110,6,False,False,,,False
92316974,552.7,LOSS,True,24,3,MAIN,7,RESOURCE_MANAGEMENT,ABILITY,,ABILITY,0,0,140,210,210,2,False,5,6,True,True,1,0,0,112,110,6,112,110,6,False,False,,,False
92316974,552.7,LOSS,True,25,3,TO_HAND,2,RESOURCE_MANAGEMENT,,,CARD,0,0,140,210,210,2,False,5,6,False,True,1,0,0,112,110,6,112,110,6,False,False,,,False
92316974,552.7,LOSS,True,26,3,MAIN,6,RESOURCE_MANAGEMENT,PLAY_SUPPORTER,1227,PLAY,0,0,140,210,210,2,False,5,6,True,True,1,0,0,112,110,6,112,110,6,False,False,,,False
92316974,552.7,LOSS,True,27,3,MAIN,10,RESOURCE_MANAGEMENT,PLAY_ITEM,1121,PLAY,0,0,140,210,210,2,False,5,6,True,True,1,0,0,112,110,6,112,110,6,False,False,,,False
92316974,552.7,LOSS,True,28,3,DISCARD,7,RESOURCE_MANAGEMENT,,,CARD;CARD,0,0,140,210,210,2,False,5,6,False,True,1,0,0,112,110,6,112,110,6,False,False,,,False
92316974,552.7,LOSS,True,29,3,TO_HAND,5,RESOURCE_MANAGEMENT,,,CARD,0,0,140,210,210,2,False,5,6,False,True,1,0,0,112,110,6,112,110,6,False,False,,,False
92316974,552.7,LOSS,True,30,3,MAIN,9,RESOURCE_MANAGEMENT,PLAY_ITEM,1120,PLAY,0,0,140,210,210,2,False,5,6,True,True,1,0,0,112,110,6,112,110,6,False,False,,,False
92316974,552.7,LOSS,True,31,3,MAIN,8,ENERGY_MANAGEMENT,ATTACH_ENERGY,,ATTACH,0,0,140,210,210,2,False,5,6,True,True,1,0,0,112,110,6,112,110,6,False,False,,,False
92316974,552.7,LOSS,True,32,3,MAIN,2,TIMING,,,,0,0,140,210,210,2,False,5,6,True,True,1,0,0,112,110,6,112,110,6,False,False,,,False
92316974,552.7,LOSS,True,33,5,MAIN,10,BENCH_MANAGEMENT,EVOLVE,,EVOLVE,0,0,140,210,210,2,False,5,6,True,True,1,0,0,112,110,6,112,110,6,False,False,,,False
92316974,552.7,LOSS,True,34,5,MAIN,6,RESOURCE_MANAGEMENT,ABILITY,,ABILITY,0,0,140,210,210,2,False,5,6,True,True,1,0,1,112,110,6,112,110,6,False,False,,,False
92316974,552.7,LOSS,True,35,5,TO_HAND,2,RESOURCE_MANAGEMENT,,,CARD,0,0,140,210,210,2,False,5,6,False,True,1,0,1,112,110,6,112,110,6,False,False,,,False
92316974,552.7,LOSS,True,36,5,MAIN,6,RESOURCE_MANAGEMENT,ABILITY,,ABILITY,0,0,140,210,210,2,False,5,6,True,True,1,0,1,112,110,6,112,110,6,False,False,,,False
92316974,552.7,LOSS,True,37,5,TO_HAND,2,RESOURCE_MANAGEMENT,,,CARD,0,0,140,210,210,2,False,5,6,False,True,1,0,1,112,110,6,112,110,6,False,False,,,False
92316974,552.7,LOSS,True,38,5,MAIN,11,RESOURCE_MANAGEMENT,ABILITY,,ABILITY,0,0,140,210,210,2,False,5,6,True,True,1,0,1,112,110,6,112,110,6,False,False,,,False
92316974,552.7,LOSS,True,39,5,MAIN,10,RESOURCE_MANAGEMENT,PLAY_SUPPORTER,1198,PLAY,0,0,140,210,210,2,False,5,6,True,True,1,0,1,112,110,6,112,110,6,False,False,,,False
92316974,552.7,LOSS,True,40,5,TO_HAND,4,RESOURCE_MANAGEMENT,,,CARD,0,0,140,210,210,2,False,5,6,False,True,1,0,1,112,110,6,112,110,6,False,False,,,False
92316974,552.7,LOSS,True,41,5,ATTACH_TO,2,ENERGY_MANAGEMENT,,,CARD,0,0,140,210,210,2,False,5,6,False,True,1,0,1,112,110,6,112,110,6,False,False,,,False
92316974,552.7,LOSS,True,42,5,ATTACH_FROM,6,ENERGY_MANAGEMENT,,,CARD,0,0,140,210,210,2,False,5,6,False,True,1,0,1,112,110,6,112,110,6,False,False,,,False
92316974,552.7,LOSS,True,43,5,MAIN,14,ENERGY_MANAGEMENT,ATTACH_ENERGY,,ATTACH,0,0,140,210,210,2,False,5,6,True,True,1,0,1,112,110,6,112,110,6,False,False,,,False
92316974,552.7,LOSS,True,44,5,MAIN,2,RETREAT_SELECTION,RETREAT,,RETREAT,0,0,140,210,210,2,False,5,6,True,True,1,0,1,112,110,6,112,110,6,False,False,,,False
92316974,552.7,LOSS,True,45,5,SWITCH,5,ACTIVE_POKEMON_SELECTION,,,CARD,0,0,140,210,210,2,False,5,6,False,True,1,0,1,112,110,6,112,110,6,False,False,,,False
92316974,552.7,LOSS,True,46,5,MAIN,3,ATTACK_SELECTION,ATTACK,,ATTACK,2,1,121,320,320,2,False,5,6,False,True,1,1,0,112,110,6,112,0,6,False,False,,,True
92316974,552.7,LOSS,True,47,5,DAMAGE_COUNTER_ANY,2,TARGET_SELECTION,,,CARD,0,0,121,320,320,2,False,5,6,False,True,1,1,0,112,0,6,112,0,6,False,False,,,False
92316974,552.7,LOSS,True,48,5,DAMAGE_COUNTER_ANY,2,TARGET_SELECTION,,,CARD,0,0,121,320,320,2,False,5,6,False,True,1,1,0,112,0,6,112,0,6,False,False,,,False
92316974,552.7,LOSS,True,49,5,DAMAGE_COUNTER_ANY,2,TARGET_SELECTION,,,CARD,0,0,121,320,320,2,False,5,6,False,True,1,1,0,112,0,6,112,0,6,False,False,,,False
92316974,552.7,LOSS,True,50,5,DAMAGE_COUNTER_ANY,2,TARGET_SELECTION,,,CARD,0,0,121,320,320,2,False,5,6,False,True,1,1,0,112,0,6,112,0,6,False,False,,,False
92316974,552.7,LOSS,True,51,5,DAMAGE_COUNTER_ANY,2,TARGET_SELECTION,,,CARD,0,0,121,320,320,2,False,5,6,False,True,1,1,0,112,0,6,112,0,6,False,False,,,False
92316974,552.7,LOSS,True,52,5,DAMAGE_COUNTER_ANY,2,TARGET_SELECTION,,,CARD,0,0,121,320,320,2,False,5,6,False,True,1,1,0,112,0,6,,,6,False,False,,,False
92316974,552.7,LOSS,True,53,5,TO_HAND,6,RESOURCE_MANAGEMENT,,,,0,0,121,320,320,2,False,5,6,False,True,1,1,0,,,6,648,310,6,,,,,False
92316974,552.7,LOSS,True,54,7,MAIN,15,RESOURCE_MANAGEMENT,ABILITY,,ABILITY,2,0,121,140,320,2,True,5,5,True,True,1,1,0,648,310,6,648,310,6,True,False,Shadow Bullet,180,False
92316974,552.7,LOSS,True,55,7,TO_HAND,2,RESOURCE_MANAGEMENT,,,CARD,0,0,121,140,320,2,True,5,5,False,True,1,1,0,648,310,6,648,310,6,True,False,Shadow Bullet,180,False
92316974,552.7,LOSS,True,56,7,MAIN,16,BENCH_MANAGEMENT,EVOLVE,,EVOLVE,2,0,121,140,320,2,True,5,5,True,True,1,1,0,648,310,6,648,310,6,True,False,Shadow Bullet,180,False
92316974,552.7,LOSS,True,57,7,MAIN,14,RESOURCE_MANAGEMENT,ABILITY,,ABILITY,2,0,121,140,320,2,True,5,5,True,True,1,1,1,648,310,6,648,310,6,True,False,Shadow Bullet,180,False
92316974,552.7,LOSS,True,58,7,TO_HAND,2,RESOURCE_MANAGEMENT,,,CARD,0,0,121,140,320,2,True,5,5,False,True,1,1,1,648,310,6,648,310,6,True,False,Shadow Bullet,180,False
92316974,552.7,LOSS,True,59,7,MAIN,14,RESOURCE_MANAGEMENT,ABILITY,,ABILITY,2,0,121,140,320,2,True,5,5,True,True,1,1,1,648,310,6,648,310,6,True,False,Shadow Bullet,180,False
92316974,552.7,LOSS,True,60,7,MAIN,13,ENERGY_MANAGEMENT,ATTACH_ENERGY,,ATTACH,2,0,121,140,320,2,True,5,5,True,True,1,1,1,648,310,6,648,310,6,True,False,Shadow Bullet,180,False
92316974,552.7,LOSS,True,61,7,MAIN,7,RESOURCE_MANAGEMENT,PLAY_SUPPORTER,1227,PLAY,2,0,121,140,320,2,True,5,5,True,True,1,1,1,648,310,6,648,310,6,True,False,Shadow Bullet,180,False
92316974,552.7,LOSS,True,62,7,MAIN,6,RESOURCE_MANAGEMENT,PLAY_STADIUM,1256,PLAY,2,0,121,140,320,2,True,5,5,True,True,1,1,1,648,310,6,648,310,6,True,False,Shadow Bullet,180,False
92316974,552.7,LOSS,True,63,7,MAIN,5,RESOURCE_MANAGEMENT,PLAY_ITEM,1120,PLAY,2,0,121,140,320,2,True,5,5,True,True,1,1,1,648,310,6,648,310,6,True,False,Shadow Bullet,180,False
92316974,552.7,LOSS,True,64,7,MAIN,4,ATTACK_SELECTION,ATTACK,,ATTACK,2,1,121,140,320,2,True,5,5,True,True,1,1,1,648,310,6,648,110,6,True,False,Shadow Bullet,180,False
92316974,552.7,LOSS,True,65,7,DAMAGE_COUNTER_ANY,5,TARGET_SELECTION,,,CARD,0,0,121,140,320,2,True,5,5,False,True,1,1,1,648,110,6,648,110,6,True,False,Shadow Bullet,180,False
92316974,552.7,LOSS,True,66,7,DAMAGE_COUNTER_ANY,5,TARGET_SELECTION,,,CARD,0,0,121,140,320,2,True,5,5,False,True,1,1,1,648,110,6,648,110,6,True,False,Shadow Bullet,180,False
92316974,552.7,LOSS,True,67,7,DAMAGE_COUNTER_ANY,5,TARGET_SELECTION,,,CARD,0,0,121,140,320,2,True,5,5,False,True,1,1,1,648,110,6,648,110,6,True,False,Shadow Bullet,180,False
92316974,552.7,LOSS,True,68,7,DAMAGE_COUNTER_ANY,5,TARGET_SELECTION,,,CARD,0,0,121,140,320,2,True,5,5,False,True,1,1,1,648,110,6,648,110,6,True,False,Shadow Bullet,180,False
92316974,552.7,LOSS,True,69,7,DAMAGE_COUNTER_ANY,5,TARGET_SELECTION,,,CARD,0,0,121,140,320,2,True,5,5,False,True,1,1,1,648,110,6,648,110,6,True,False,Shadow Bullet,180,False
92316974,552.7,LOSS,True,70,7,DAMAGE_COUNTER_ANY,5,TARGET_SELECTION,,,,0,0,121,140,320,2,True,5,5,False,True,1,1,1,648,110,6,648,130,4,True,False,Shadow Bullet,180,False
92316974,552.7,LOSS,True,71,8,TO_ACTIVE,5,ACTIVE_POKEMON_SELECTION,,,CARD,0,0,,,,,False,5,5,False,True,,,1,648,130,4,648,130,4,,,,,True
92316974,552.7,LOSS,True,72,8,SKILL_ORDER,2,TIMING,,,,0,0,121,250,320,2,True,4,5,False,True,1,1,0,648,130,4,648,110,3,False,False,Shadow Bullet,180,False
92316974,552.7,LOSS,True,73,9,MAIN,9,RESOURCE_MANAGEMENT,PLAY_ITEM,1086,PLAY,1,0,121,250,320,2,True,3,5,True,True,1,1,0,648,110,3,648,110,3,False,False,Shadow Bullet,180,False
92316974,552.7,LOSS,True,74,9,TO_BENCH,3,BENCH_MANAGEMENT,,,CARD,0,0,121,250,320,2,True,3,5,False,True,1,1,0,648,110,3,648,110,3,False,False,Shadow Bullet,180,False
92316974,552.7,LOSS,True,75,9,MAIN,8,RESOURCE_MANAGEMENT,ABILITY,,ABILITY,1,0,121,250,320,2,True,4,5,True,True,1,1,0,648,110,3,648,110,3,False,False,Shadow Bullet,180,False
92316974,552.7,LOSS,True,76,9,MAIN,14,ENERGY_MANAGEMENT,ATTACH_ENERGY,,ATTACH,1,0,121,250,320,2,True,4,5,True,True,1,1,0,648,110,3,648,110,3,False,False,Shadow Bullet,180,False
92316974,552.7,LOSS,True,77,9,MAIN,9,RESOURCE_MANAGEMENT,PLAY_ITEM,1097,PLAY,1,0,121,250,320,2,True,4,5,True,True,1,1,0,648,110,3,648,110,3,False,False,Shadow Bullet,180,False
92316974,552.7,LOSS,True,78,9,TO_HAND,8,RESOURCE_MANAGEMENT,,,CARD,0,0,121,250,320,2,True,4,5,False,True,1,1,0,648,110,3,648,110,3,False,False,Shadow Bullet,180,False
92316974,552.7,LOSS,True,79,9,MAIN,9,RESOURCE_MANAGEMENT,PLAY_POKEMON,119,PLAY,1,0,121,250,320,2,True,4,5,True,True,1,1,0,648,110,3,648,110,3,False,False,Shadow Bullet,180,False
92316974,552.7,LOSS,True,80,9,MAIN,7,RESOURCE_MANAGEMENT,ABILITY,,ABILITY,1,0,121,250,320,2,True,5,5,True,True,1,1,0,648,110,3,648,110,3,False,False,Shadow Bullet,180,False
92316974,552.7,LOSS,True,81,9,MAIN,6,RESOURCE_MANAGEMENT,PLAY_SUPPORTER,1198,PLAY,1,0,121,250,320,2,True,5,5,True,True,1,1,0,648,110,3,648,110,3,False,False,Shadow Bullet,180,False
92316974,552.7,LOSS,True,82,9,TO_HAND,2,RESOURCE_MANAGEMENT,,,CARD,0,0,121,250,320,2,True,5,5,False,True,1,1,0,648,110,3,648,110,3,False,False,Shadow Bullet,180,False
92316974,552.7,LOSS,True,83,9,ATTACH_TO,1,ENERGY_MANAGEMENT,,,CARD,0,0,121,250,320,2,True,5,5,False,True,1,1,0,648,110,3,648,110,3,False,False,Shadow Bullet,180,False
92316974,552.7,LOSS,True,84,9,ATTACH_FROM,6,ENERGY_MANAGEMENT,,,CARD,0,0,121,250,320,2,True,5,5,False,True,1,1,0,648,110,3,648,110,3,False,False,Shadow Bullet,180,False
92316974,552.7,LOSS,True,85,9,MAIN,11,ENERGY_MANAGEMENT,ATTACH_ENERGY,,ATTACH,2,0,121,250,320,2,True,5,5,True,True,1,1,0,648,110,3,648,110,3,False,False,Shadow Bullet,180,False
92316974,552.7,LOSS,True,86,9,MAIN,5,ATTACK_SELECTION,ATTACK,,ATTACK,2,1,121,250,320,2,True,5,5,True,True,1,1,1,648,110,3,648,0,3,False,False,Shadow Bullet,180,False
92316974,552.7,LOSS,True,87,9,DAMAGE_COUNTER_ANY,5,TARGET_SELECTION,,,CARD,0,0,121,250,320,2,True,5,5,False,True,1,1,1,648,0,3,648,0,3,False,False,Shadow Bullet,180,False
92316974,552.7,LOSS,True,88,9,DAMAGE_COUNTER_ANY,5,TARGET_SELECTION,,,CARD,0,0,121,250,320,2,True,5,5,False,True,1,1,1,648,0,3,648,0,3,False,False,Shadow Bullet,180,False
92316974,552.7,LOSS,True,89,9,DAMAGE_COUNTER_ANY,5,TARGET_SELECTION,,,CARD,0,0,121,250,320,2,True,5,5,False,True,1,1,1,648,0,3,648,0,3,False,False,Shadow Bullet,180,False
92316974,552.7,LOSS,True,90,9,DAMAGE_COUNTER_ANY,5,TARGET_SELECTION,,,CARD,0,0,121,250,320,2,True,5,5,False,True,1,1,1,648,0,3,648,0,3,False,False,Shadow Bullet,180,False
92316974,552.7,LOSS,True,91,9,DAMAGE_COUNTER_ANY,5,TARGET_SELECTION,,,CARD,0,0,121,250,320,2,True,5,5,False,True,1,1,1,648,0,3,648,0,3,False,False,Shadow Bullet,180,False
92316974,552.7,LOSS,True,92,9,DAMAGE_COUNTER_ANY,5,TARGET_SELECTION,,,CARD,0,0,121,250,320,2,True,5,5,False,True,1,1,1,648,0,3,,,3,False,False,Shadow Bullet,180,False
92316974,552.7,LOSS,True,93,9,TO_HAND,5,RESOURCE_MANAGEMENT,,,CARD;CARD,0,0,121,250,320,2,True,5,5,False,True,1,1,1,,,3,,,3,,,,,False
92347825,723.8,WIN,True,0,,,0,UNKNOWN,,,,0,0,,,,,False,,,False,False,,,0,,,,,,,,,,,False
92347825,723.8,WIN,True,1,,,0,UNKNOWN,,,,0,0,,,,,False,,,False,False,,,0,,,,,,0,,,,,False
92347825,723.8,WIN,True,2,0,IS_FIRST,2,GOING_FIRST_SECOND,,,YES,0,0,,,,,False,0,0,False,False,,,0,,,0,,,0,,,,,False
92347825,723.8,WIN,True,3,0,SETUP_ACTIVE_POKEMON,2,EARLY_GAME_SETUP,,,,0,0,,,,,False,0,0,False,False,,,0,,,0,,,6,,,,,False
92347825,723.8,WIN,True,4,0,SETUP_BENCH_POKEMON,1,BENCH_MANAGEMENT,,,,0,0,,,,,False,0,6,False,False,,,0,,,6,305,70,6,,,,,False
92347825,723.8,WIN,True,5,1,MAIN,4,RESOURCE_MANAGEMENT,PLAY_STADIUM,1256,PLAY,0,0,119,70,70,1,False,0,6,False,False,1,0,0,305,70,6,305,70,6,False,False,,,False
92347825,723.8,WIN,True,6,1,MAIN,3,ENERGY_MANAGEMENT,ATTACH_ENERGY,,ATTACH,0,0,119,70,70,1,False,0,6,False,False,1,0,0,305,70,6,305,70,6,False,False,,,False
92347825,723.8,WIN,True,7,1,MAIN,2,TIMING,,,,0,0,119,70,70,1,False,0,6,False,False,1,1,0,305,70,6,305,70,6,False,False,,,False
92347825,723.8,WIN,True,8,3,MAIN,6,RESOURCE_MANAGEMENT,PLAY_POKEMON,119,PLAY,1,0,119,70,70,1,False,0,6,False,False,1,1,0,305,70,6,305,70,6,False,False,,,False
92347825,723.8,WIN,True,9,3,MAIN,6,RESOURCE_MANAGEMENT,PLAY_SUPPORTER,1210,PLAY,1,0,119,70,70,1,False,1,6,True,True,1,1,0,305,70,6,305,70,6,False,False,,,False
92347825,723.8,WIN,True,10,3,TO_HAND,8,RESOURCE_MANAGEMENT,,,CARD,0,0,119,70,70,1,False,1,6,False,True,1,1,0,305,70,6,305,70,6,False,False,,,False
92347825,723.8,WIN,True,11,3,TO_HAND,3,RESOURCE_MANAGEMENT,,,CARD,0,0,119,70,70,1,False,1,6,False,True,1,1,0,305,70,6,305,70,6,False,False,,,False
92347825,723.8,WIN,True,12,3,MAIN,6,RESOURCE_MANAGEMENT,PLAY_POKEMON,235,PLAY,1,0,119,70,70,1,False,1,6,True,True,1,1,0,305,70,6,305,70,6,False,False,,,False
92347825,723.8,WIN,True,13,3,MAIN,5,RESOURCE_MANAGEMENT,PLAY_POKEMON,184,PLAY,1,0,119,70,70,1,False,2,6,True,True,1,1,1,305,70,6,305,70,6,False,False,,,False
92347825,723.8,WIN,True,14,3,MAIN,4,RETREAT_SELECTION,RETREAT,,RETREAT,1,0,119,70,70,1,False,3,6,True,True,1,1,1,305,70,6,305,70,6,False,False,,,False
92347825,723.8,WIN,True,15,3,SWITCH,3,ACTIVE_POKEMON_SELECTION,,,CARD,0,0,119,70,70,1,False,3,6,False,True,1,1,1,305,70,6,305,70,6,False,False,,,False
92347825,723.8,WIN,True,16,3,MAIN,3,TIMING,,,,1,0,235,30,30,1,False,3,6,False,True,0,0,1,305,70,6,742,80,5,False,False,,,True
92347825,723.8,WIN,True,17,4,TO_ACTIVE,3,ACTIVE_POKEMON_SELECTION,,,CARD,0,0,,,,,False,3,6,False,True,,,1,742,80,5,742,80,5,,,,,True
92347825,723.8,WIN,True,18,5,MAIN,6,RESOURCE_MANAGEMENT,PLAY_ITEM,1097,PLAY,1,0,119,70,70,1,False,2,6,True,True,1,1,0,742,80,5,742,80,5,False,False,Super Psy Bolt,30,False
92347825,723.8,WIN,True,19,5,TO_HAND,1,RESOURCE_MANAGEMENT,,,CARD,0,0,119,70,70,1,False,2,6,False,True,1,1,0,742,80,5,742,80,5,False,False,Super Psy Bolt,30,False
92347825,723.8,WIN,True,20,5,MAIN,6,RESOURCE_MANAGEMENT,PLAY_POKEMON,235,PLAY,1,0,119,70,70,1,False,2,6,True,True,1,1,0,742,80,5,742,80,5,False,False,Super Psy Bolt,30,False
92347825,723.8,WIN,True,21,5,MAIN,5,RESOURCE_MANAGEMENT,PLAY_SUPPORTER,1198,PLAY,1,0,119,70,70,1,False,3,6,True,True,1,1,1,742,80,5,742,80,5,False,False,Super Psy Bolt,30,False
92347825,723.8,WIN,True,22,5,TO_HAND,5,RESOURCE_MANAGEMENT,,,CARD,0,0,119,70,70,1,False,3,6,False,True,1,1,1,742,80,5,742,80,5,False,False,Super Psy Bolt,30,False
92347825,723.8,WIN,True,23,5,ATTACH_TO,1,ENERGY_MANAGEMENT,,,CARD,0,0,119,70,70,1,False,3,6,False,True,1,1,1,742,80,5,742,80,5,False,False,Super Psy Bolt,30,False
92347825,723.8,WIN,True,24,5,ATTACH_FROM,4,ENERGY_MANAGEMENT,,,CARD,0,0,119,70,70,1,False,3,6,False,True,1,1,1,742,80,5,742,80,5,False,False,Super Psy Bolt,30,False
92347825,723.8,WIN,True,25,5,MAIN,8,ENERGY_MANAGEMENT,ATTACH_ENERGY,,ATTACH,1,0,119,70,70,1,False,3,6,True,True,1,1,2,742,80,5,742,80,5,False,False,Super Psy Bolt,30,False
92347825,723.8,WIN,True,26,5,MAIN,5,RETREAT_SELECTION,RETREAT,,RETREAT,2,0,119,70,70,1,False,3,6,True,True,1,1,2,742,80,5,742,80,5,False,False,Super Psy Bolt,30,False
92347825,723.8,WIN,True,27,5,SWITCH,3,ACTIVE_POKEMON_SELECTION,,,CARD,0,0,119,70,70,1,False,3,6,False,True,1,1,2,742,80,5,742,80,5,False,False,Super Psy Bolt,30,False
92347825,723.8,WIN,True,28,5,MAIN,3,TIMING,,,,1,0,235,30,30,1,False,3,6,False,True,0,0,2,742,80,5,743,130,4,True,False,Super Psy Bolt,30,True
92347825,723.8,WIN,True,29,6,TO_ACTIVE,3,ACTIVE_POKEMON_SELECTION,,,CARD,0,0,,,,,False,3,6,False,True,,,2,743,130,4,743,130,4,,,,,True
92347825,723.8,WIN,True,30,7,MAIN,7,RESOURCE_MANAGEMENT,PLAY_POKEMON,1071,PLAY,2,0,119,70,70,1,False,2,6,True,True,1,1,1,743,130,4,743,130,4,False,False,Powerful Hand,0,False
92347825,723.8,WIN,True,31,7,ACTIVATE,2,RESOURCE_MANAGEMENT,,,YES,0,0,119,70,70,1,False,3,6,False,True,1,1,1,743,130,4,743,130,4,False,False,Powerful Hand,0,False
92347825,723.8,WIN,True,32,7,TO_HAND,10,RESOURCE_MANAGEMENT,,,CARD,0,0,119,70,70,1,False,3,6,False,True,1,1,1,743,130,4,743,130,4,False,False,Powerful Hand,0,False
92347825,723.8,WIN,True,33,7,MAIN,7,BENCH_MANAGEMENT,EVOLVE,,EVOLVE,2,0,119,70,70,1,False,3,6,True,True,1,1,1,743,130,4,743,130,4,False,False,Powerful Hand,0,False
92347825,723.8,WIN,True,34,7,MAIN,5,RESOURCE_MANAGEMENT,ABILITY,,ABILITY,1,0,120,90,90,1,False,3,6,True,True,1,1,1,743,130,4,743,130,4,False,False,Powerful Hand,0,True
92347825,723.8,WIN,True,35,7,TO_HAND,2,RESOURCE_MANAGEMENT,,,CARD,0,0,120,90,90,1,False,3,6,False,True,1,1,1,743,130,4,743,130,4,False,False,Powerful Hand,0,False
92347825,723.8,WIN,True,36,7,MAIN,8,ENERGY_MANAGEMENT,ATTACH_ENERGY,,ATTACH,1,0,120,90,90,1,False,3,6,True,True,1,1,1,743,130,4,743,130,4,False,False,Powerful Hand,0,False
92347825,723.8,WIN,True,37,7,MAIN,4,RESOURCE_MANAGEMENT,PLAY_SUPPORTER,1227,PLAY,1,0,120,90,90,1,False,3,6,True,True,1,1,1,743,130,4,743,130,4,False,False,Powerful Hand,0,False
92347825,723.8,WIN,True,38,7,MAIN,6,RESOURCE_MANAGEMENT,PLAY_ITEM,1152,PLAY,1,0,120,90,90,1,False,3,6,True,True,1,1,1,743,130,4,743,130,4,False,False,Powerful Hand,0,False
92347825,723.8,WIN,True,39,7,TO_HAND,3,RESOURCE_MANAGEMENT,,,CARD,0,0,120,90,90,1,False,3,6,False,True,1,1,1,743,130,4,743,130,4,False,False,Powerful Hand,0,False
92347825,723.8,WIN,True,40,7,MAIN,6,RESOURCE_MANAGEMENT,PLAY_ITEM,1120,PLAY,1,0,120,90,90,1,False,3,6,True,True,1,1,1,743,130,4,743,130,4,False,False,Powerful Hand,0,False
92347825,723.8,WIN,True,41,7,DISCARD_ENERGY,2,ENERGY_MANAGEMENT,,,ENERGY,0,0,120,90,90,1,False,3,6,False,True,1,1,1,743,130,4,743,130,4,False,False,Powerful Hand,0,False
92347825,723.8,WIN,True,42,7,MAIN,5,BENCH_MANAGEMENT,EVOLVE,,EVOLVE,1,0,120,90,90,1,False,3,6,True,True,1,1,1,743,130,4,743,130,4,False,False,Powerful Hand,0,False
92347825,723.8,WIN,True,43,7,MAIN,5,RESOURCE_MANAGEMENT,ABILITY,,ABILITY,1,0,120,90,90,1,False,3,6,True,True,1,1,1,743,130,4,743,130,4,False,False,Powerful Hand,0,False
92347825,723.8,WIN,True,44,7,TO_HAND,2,RESOURCE_MANAGEMENT,,,CARD,0,0,120,90,90,1,False,3,6,False,True,1,1,1,743,130,4,743,130,4,False,False,Powerful Hand,0,False
92347825,723.8,WIN,True,45,7,MAIN,5,RESOURCE_MANAGEMENT,PLAY_POKEMON,140,PLAY,1,0,120,90,90,1,False,3,6,True,True,1,1,1,743,130,4,743,130,4,False,False,Powerful Hand,0,False
92347825,723.8,WIN,True,46,7,MAIN,5,RESOURCE_MANAGEMENT,ABILITY,,ABILITY,1,0,120,90,90,1,False,4,6,True,True,1,1,1,743,130,4,743,130,4,False,False,Powerful Hand,0,False
92347825,723.8,WIN,True,47,7,MAIN,5,RESOURCE_MANAGEMENT,PLAY_ITEM,1152,PLAY,1,0,120,90,90,1,False,4,6,True,True,1,1,1,743,130,4,743,130,4,False,False,Powerful Hand,0,False
92347825,723.8,WIN,True,48,7,TO_HAND,2,RESOURCE_MANAGEMENT,,,CARD,0,0,120,90,90,1,False,4,6,False,True,1,1,1,743,130,4,743,130,4,False,False,Powerful Hand,0,False
92347825,723.8,WIN,True,49,7,MAIN,5,RESOURCE_MANAGEMENT,PLAY_POKEMON,119,PLAY,1,0,120,90,90,1,False,4,6,True,True,1,1,1,743,130,4,743,130,4,False,False,Powerful Hand,0,False
92347825,723.8,WIN,True,50,7,MAIN,4,RESOURCE_MANAGEMENT,PLAY_ITEM,1121,PLAY,1,0,120,90,90,1,False,5,6,True,True,1,1,1,743,130,4,743,130,4,False,False,Powerful Hand,0,False
92347825,723.8,WIN,True,51,7,DISCARD,7,RESOURCE_MANAGEMENT,,,CARD;CARD,0,0,120,90,90,1,False,5,6,False,True,1,1,1,743,130,4,743,130,4,False,False,Powerful Hand,0,False
92347825,723.8,WIN,True,52,7,TO_HAND,2,RESOURCE_MANAGEMENT,,,CARD,0,0,120,90,90,1,False,5,6,False,True,1,1,1,743,130,4,743,130,4,False,False,Powerful Hand,0,False
92347825,723.8,WIN,True,53,7,MAIN,3,TIMING,,,,1,0,120,90,90,1,False,5,6,True,True,1,1,1,743,130,4,743,60,2,False,False,Powerful Hand,0,False
92347825,723.8,WIN,True,54,8,TO_ACTIVE,5,ACTIVE_POKEMON_SELECTION,,,CARD,0,0,,,,,False,5,6,False,True,,,2,743,60,2,743,60,2,,,,,True
92347825,723.8,WIN,True,55,9,MAIN,14,RESOURCE_MANAGEMENT,PLAY_ITEM,1079,PLAY,1,0,120,90,90,1,False,4,6,True,True,1,1,1,743,60,2,743,60,2,False,False,Powerful Hand,0,False
92347825,723.8,WIN,True,56,9,EVOLVE,1,BENCH_MANAGEMENT,,,EVOLVE,0,0,120,90,90,1,False,4,6,False,True,1,1,1,743,60,2,743,60,2,False,False,Powerful Hand,0,False
92347825,723.8,WIN,True,57,9,MAIN,10,RESOURCE_MANAGEMENT,ABILITY,,ABILITY,1,0,120,90,90,1,False,4,6,True,True,1,1,1,743,60,2,743,60,2,False,False,Powerful Hand,0,False
92347825,723.8,WIN,True,58,9,TO_HAND,2,RESOURCE_MANAGEMENT,,,CARD,0,0,120,90,90,1,False,4,6,False,True,1,1,1,743,60,2,743,60,2,False,False,Powerful Hand,0,False
92347825,723.8,WIN,True,59,9,MAIN,10,RESOURCE_MANAGEMENT,PLAY_ITEM,1120,PLAY,1,0,120,90,90,1,False,4,6,True,True,1,1,1,743,60,2,743,60,2,False,False,Powerful Hand,0,False
92347825,723.8,WIN,True,60,9,MAIN,9,RESOURCE_MANAGEMENT,ABILITY,,ABILITY,1,0,120,90,90,1,False,4,6,True,True,1,1,1,743,60,2,743,60,2,False,False,Powerful Hand,0,False
92347825,723.8,WIN,True,61,9,TO_HAND,2,RESOURCE_MANAGEMENT,,,CARD,0,0,120,90,90,1,False,4,6,False,True,1,1,1,743,60,2,743,60,2,False,False,Powerful Hand,0,False
92347825,723.8,WIN,True,62,9,MAIN,9,RESOURCE_MANAGEMENT,ABILITY,,ABILITY,1,0,120,90,90,1,False,4,6,True,True,1,1,1,743,60,2,743,60,2,False,False,Powerful Hand,0,False
92347825,723.8,WIN,True,63,9,MAIN,11,RESOURCE_MANAGEMENT,PLAY_SUPPORTER,1198,PLAY,1,0,120,90,90,1,False,4,6,True,True,1,1,1,743,60,2,743,60,2,False,False,Powerful Hand,0,False
92347825,723.8,WIN,True,64,9,TO_HAND,2,RESOURCE_MANAGEMENT,,,CARD,0,0,120,90,90,1,False,4,6,False,True,1,1,1,743,60,2,743,60,2,False,False,Powerful Hand,0,False
92347825,723.8,WIN,True,65,9,MAIN,12,ENERGY_MANAGEMENT,ATTACH_ENERGY,,ATTACH,1,0,120,90,90,1,False,4,6,True,True,1,1,1,743,60,2,743,60,2,False,False,Powerful Hand,0,False
92347825,723.8,WIN,True,66,9,MAIN,7,RESOURCE_MANAGEMENT,PLAY_ITEM,1080,PLAY,1,0,120,90,90,1,False,4,6,True,True,1,1,2,743,60,2,743,60,2,False,False,Powerful Hand,0,False
92347825,723.8,WIN,True,67,9,MAIN,6,RESOURCE_MANAGEMENT,PLAY_STADIUM,1256,PLAY,1,0,120,90,90,1,False,4,6,True,True,1,1,2,743,60,2,743,60,2,False,False,Powerful Hand,0,False
92347825,723.8,WIN,True,68,9,MAIN,5,ATTACK_SELECTION,ATTACK,,ATTACK,1,1,120,90,90,1,False,4,6,True,True,1,1,2,743,60,2,,,2,False,False,Powerful Hand,0,False
92347825,723.8,WIN,True,69,9,TO_HAND,6,RESOURCE_MANAGEMENT,,,,0,0,120,90,90,1,False,4,6,False,True,1,1,2,,,2,743,140,1,,,,,False
92347825,723.8,WIN,True,70,10,TO_ACTIVE,4,ACTIVE_POKEMON_SELECTION,,,CARD,0,0,,,,,False,4,5,False,True,,,2,743,140,1,743,140,1,,,,,True
92347825,723.8,WIN,True,71,11,MAIN,13,RESOURCE_MANAGEMENT,ABILITY,,ABILITY,1,0,121,320,320,2,False,3,5,True,True,1,1,1,743,140,1,743,140,1,False,False,Powerful Hand,0,False
92347825,723.8,WIN,True,72,11,TO_HAND,2,RESOURCE_MANAGEMENT,,,CARD,0,0,121,320,320,2,False,3,5,False,True,1,1,1,743,140,1,743,140,1,False,False,Powerful Hand,0,False
92347825,723.8,WIN,True,73,11,MAIN,13,RESOURCE_MANAGEMENT,PLAY_ITEM,1120,PLAY,1,0,121,320,320,2,False,3,5,True,True,1,1,1,743,140,1,743,140,1,False,False,Powerful Hand,0,False
92347825,723.8,WIN,True,74,11,DISCARD_ENERGY,1,ENERGY_MANAGEMENT,,,ENERGY,0,0,121,320,320,2,False,3,5,False,True,1,1,1,743,140,1,743,140,1,False,False,Powerful Hand,0,False
92347825,723.8,WIN,True,75,11,MAIN,12,RESOURCE_MANAGEMENT,ABILITY,,ABILITY,1,0,121,320,320,2,False,3,5,True,True,1,1,1,743,140,1,743,140,1,False,False,,,False
92347825,723.8,WIN,True,76,11,MAIN,13,RESOURCE_MANAGEMENT,PLAY_ITEM,1121,PLAY,1,0,121,320,320,2,False,3,5,True,True,1,1,1,743,140,1,743,140,1,False,False,,,False
92347825,723.8,WIN,True,77,11,DISCARD,8,RESOURCE_MANAGEMENT,,,CARD;CARD,0,0,121,320,320,2,False,3,5,False,True,1,1,1,743,140,1,743,140,1,False,False,,,False
92347825,723.8,WIN,True,78,11,TO_HAND,1,RESOURCE_MANAGEMENT,,,CARD,0,0,121,320,320,2,False,3,5,False,True,1,1,1,743,140,1,743,140,1,False,False,,,False
92347825,723.8,WIN,True,79,11,MAIN,11,ENERGY_MANAGEMENT,ATTACH_ENERGY,,ATTACH,1,0,121,320,320,2,False,3,5,True,True,1,1,1,743,140,1,743,140,1,False,False,,,False
92347825,723.8,WIN,True,80,11,MAIN,8,RESOURCE_MANAGEMENT,PLAY_SUPPORTER,1227,PLAY,2,0,121,320,320,2,False,3,5,True,True,1,1,1,743,140,1,743,140,1,False,False,,,False
92347825,723.8,WIN,True,81,11,MAIN,6,ATTACK_SELECTION,ATTACK,,ATTACK,2,1,121,320,320,2,False,3,5,True,True,1,1,1,743,140,1,743,0,1,False,False,,,False
92347825,723.8,WIN,True,82,11,DAMAGE_COUNTER_ANY,4,TARGET_SELECTION,,,CARD,0,0,121,320,320,2,False,3,5,False,True,1,1,1,743,0,1,743,0,1,False,False,,,False
92347825,723.8,WIN,True,83,11,DAMAGE_COUNTER_ANY,4,TARGET_SELECTION,,,CARD,0,0,121,320,320,2,False,3,5,False,True,1,1,1,743,0,1,743,0,1,False,False,,,False
92347825,723.8,WIN,True,84,11,DAMAGE_COUNTER_ANY,4,TARGET_SELECTION,,,CARD,0,0,121,320,320,2,False,3,5,False,True,1,1,1,743,0,1,743,0,1,False,False,,,False
92347825,723.8,WIN,True,85,11,DAMAGE_COUNTER_ANY,4,TARGET_SELECTION,,,CARD,0,0,121,320,320,2,False,3,5,False,True,1,1,1,743,0,1,743,0,1,False,False,,,False
92347825,723.8,WIN,True,86,11,DAMAGE_COUNTER_ANY,4,TARGET_SELECTION,,,CARD,0,0,121,320,320,2,False,3,5,False,True,1,1,1,743,0,1,743,0,1,False,False,,,False
92347825,723.8,WIN,True,87,11,DAMAGE_COUNTER_ANY,4,TARGET_SELECTION,,,CARD,0,0,121,320,320,2,False,3,5,False,True,1,1,1,743,0,1,,,1,False,False,,,False
92347825,723.8,WIN,True,88,11,TO_HAND,5,RESOURCE_MANAGEMENT,,,,0,0,121,320,320,2,False,3,5,False,True,1,1,1,,,1,743,80,1,,,,,False
92347825,723.8,WIN,True,89,13,MAIN,9,RESOURCE_MANAGEMENT,PLAY_ITEM,1121,PLAY,0,0,1071,170,170,2,False,3,4,False,True,1,0,2,743,80,1,743,80,1,False,False,,,True
92347825,723.8,WIN,True,90,13,DISCARD,7,RESOURCE_MANAGEMENT,,,CARD;CARD,0,0,1071,170,170,2,False,3,4,False,True,1,0,2,743,80,1,743,80,1,False,False,,,False
92347825,723.8,WIN,True,91,13,TO_HAND,1,RESOURCE_MANAGEMENT,,,CARD,0,0,1071,170,170,2,False,3,4,False,True,1,0,2,743,80,1,743,80,1,False,False,,,False
92347825,723.8,WIN,True,92,13,MAIN,7,RESOURCE_MANAGEMENT,ABILITY,,ABILITY,0,0,1071,170,170,2,False,3,4,False,True,1,0,2,743,80,1,743,80,1,False,False,,,False
92347825,723.8,WIN,True,93,13,TO_HAND,2,RESOURCE_MANAGEMENT,,,CARD,0,0,1071,170,170,2,False,3,4,False,True,1,0,2,743,80,1,743,80,1,False,False,,,False
92347825,723.8,WIN,True,94,13,MAIN,7,RESOURCE_MANAGEMENT,PLAY_SUPPORTER,1227,PLAY,0,0,1071,170,170,2,False,3,4,False,True,1,0,2,743,80,1,743,80,1,False,False,,,False
92347825,723.8,WIN,True,95,13,MAIN,8,RESOURCE_MANAGEMENT,PLAY_ITEM,1152,PLAY,0,0,1071,170,170,2,False,3,4,False,True,1,0,2,743,80,1,743,80,1,False,False,,,False
92347825,723.8,WIN,True,96,13,TO_HAND,1,RESOURCE_MANAGEMENT,,,CARD,0,0,1071,170,170,2,False,3,4,False,True,1,0,2,743,80,1,743,80,1,False,False,,,False
92347825,723.8,WIN,True,97,13,MAIN,7,RESOURCE_MANAGEMENT,PLAY_ITEM,1097,PLAY,0,0,1071,170,170,2,False,3,4,False,True,1,0,2,743,80,1,743,80,1,False,False,,,False
92347825,723.8,WIN,True,98,13,TO_HAND,7,RESOURCE_MANAGEMENT,,,CARD,0,0,1071,170,170,2,False,3,4,False,True,1,0,2,743,80,1,743,80,1,False,False,,,False
92347825,723.8,WIN,True,99,13,MAIN,7,RESOURCE_MANAGEMENT,PLAY_POKEMON,119,PLAY,0,0,1071,170,170,2,False,3,4,False,True,1,0,2,743,80,1,743,80,1,False,False,,,False
92347825,723.8,WIN,True,100,13,MAIN,7,ENERGY_MANAGEMENT,ATTACH_ENERGY,,ATTACH,0,0,1071,170,170,2,False,4,4,False,True,1,0,2,743,80,1,743,80,1,False,False,,,False
92347825,723.8,WIN,True,101,13,MAIN,3,RETREAT_SELECTION,RETREAT,,RETREAT,0,0,1071,170,170,2,False,4,4,True,True,1,1,2,743,80,1,743,80,1,False,False,,,False
92347825,723.8,WIN,True,102,13,DISCARD_ENERGY,1,ENERGY_MANAGEMENT,,,ENERGY,0,0,1071,170,170,2,False,4,4,False,True,1,1,2,743,80,1,743,80,1,False,False,,,False
92347825,723.8,WIN,True,103,13,SWITCH,4,ACTIVE_POKEMON_SELECTION,,,CARD,0,0,1071,170,170,2,False,4,4,False,True,1,0,2,743,80,1,743,80,1,False,False,,,False
92347825,723.8,WIN,True,104,13,MAIN,4,ATTACK_SELECTION,ATTACK,,ATTACK,2,1,121,320,320,2,False,4,4,False,True,1,1,1,743,80,1,743,0,1,False,False,,,True
92347825,723.8,WIN,True,105,13,DAMAGE_COUNTER_ANY,4,TARGET_SELECTION,,,CARD,0,0,121,320,320,2,False,4,4,False,True,1,1,1,743,0,1,743,0,1,False,False,,,False
92347825,723.8,WIN,True,106,13,DAMAGE_COUNTER_ANY,4,TARGET_SELECTION,,,CARD,0,0,121,320,320,2,False,4,4,False,True,1,1,1,743,0,1,743,0,1,False,False,,,False
92347825,723.8,WIN,True,107,13,DAMAGE_COUNTER_ANY,4,TARGET_SELECTION,,,CARD,0,0,121,320,320,2,False,4,4,False,True,1,1,1,743,0,1,743,0,1,False,False,,,False
92347825,723.8,WIN,True,108,13,DAMAGE_COUNTER_ANY,4,TARGET_SELECTION,,,CARD,0,0,121,320,320,2,False,4,4,False,True,1,1,1,743,0,1,743,0,1,False,False,,,False
92347825,723.8,WIN,True,109,13,DAMAGE_COUNTER_ANY,4,TARGET_SELECTION,,,CARD,0,0,121,320,320,2,False,4,4,False,True,1,1,1,743,0,1,743,0,1,False,False,,,False
92347825,723.8,WIN,True,110,13,DAMAGE_COUNTER_ANY,4,TARGET_SELECTION,,,CARD,0,0,121,320,320,2,False,4,4,False,True,1,1,1,743,0,1,,,1,False,False,,,False
92347825,723.8,WIN,True,111,13,TO_HAND,4,RESOURCE_MANAGEMENT,,,,0,0,121,320,320,2,False,4,4,False,True,1,1,1,,,1,743,140,1,,,,,False
92347825,723.8,WIN,True,112,15,MAIN,9,BENCH_MANAGEMENT,EVOLVE,,EVOLVE,2,0,121,320,320,2,False,4,3,True,True,1,1,1,743,140,1,743,140,1,False,False,,,False
92347825,723.8,WIN,True,113,15,MAIN,9,ATTACK_SELECTION,ATTACK,,ATTACK,2,1,121,320,320,2,False,4,3,True,True,1,1,1,743,140,1,743,0,1,False,False,,,False
92347825,723.8,WIN,True,114,15,DAMAGE_COUNTER_ANY,3,TARGET_SELECTION,,,CARD,0,0,121,320,320,2,False,4,3,False,True,1,1,1,743,0,1,743,0,1,False,False,,,False
92347825,723.8,WIN,True,115,15,DAMAGE_COUNTER_ANY,3,TARGET_SELECTION,,,CARD,0,0,121,320,320,2,False,4,3,False,True,1,1,1,743,0,1,743,0,1,False,False,,,False
92347825,723.8,WIN,True,116,15,DAMAGE_COUNTER_ANY,3,TARGET_SELECTION,,,CARD,0,0,121,320,320,2,False,4,3,False,True,1,1,1,743,0,1,743,0,1,False,False,,,False
92347825,723.8,WIN,True,117,15,DAMAGE_COUNTER_ANY,3,TARGET_SELECTION,,,CARD,0,0,121,320,320,2,False,4,3,False,True,1,1,1,743,0,1,743,0,1,False,False,,,False
92347825,723.8,WIN,True,118,15,DAMAGE_COUNTER_ANY,3,TARGET_SELECTION,,,CARD,0,0,121,320,320,2,False,4,3,False,True,1,1,1,743,0,1,743,0,1,False,False,,,False
92347825,723.8,WIN,True,119,15,DAMAGE_COUNTER_ANY,3,TARGET_SELECTION,,,CARD,0,0,121,320,320,2,False,4,3,False,True,1,1,1,743,0,1,,,1,False,False,,,False
92347825,723.8,WIN,True,120,15,TO_HAND,3,RESOURCE_MANAGEMENT,,,,0,0,121,320,320,2,False,4,3,False,True,1,1,1,,,1,66,80,1,,,,,False
92347825,723.8,WIN,True,121,17,MAIN,15,RESOURCE_MANAGEMENT,PLAY_SUPPORTER,1182,PLAY,2,0,121,320,320,2,False,4,2,True,True,1,1,1,66,80,1,66,80,1,False,False,,,False
92347825,723.8,WIN,True,122,17,SWITCH,2,ACTIVE_POKEMON_SELECTION,,,CARD,0,0,121,320,320,2,False,4,2,False,True,1,1,1,66,80,1,66,140,1,False,False,,,False
92347825,723.8,WIN,True,123,17,MAIN,14,ENERGY_MANAGEMENT,ATTACH_ENERGY,,ATTACH,2,0,121,320,320,2,False,4,2,True,True,1,1,1,66,140,1,66,140,1,False,False,,,False
92347825,723.8,WIN,True,124,17,MAIN,9,ATTACK_SELECTION,ATTACK,,ATTACK,2,1,121,320,320,2,False,4,2,True,True,1,1,1,66,140,1,66,0,1,False,False,,,False
92347825,723.8,WIN,True,125,17,DAMAGE_COUNTER_ANY,2,TARGET_SELECTION,,,CARD,0,0,121,320,320,2,False,4,2,False,True,1,1,1,66,0,1,66,0,1,False,False,,,False
92347825,723.8,WIN,True,126,17,DAMAGE_COUNTER_ANY,2,TARGET_SELECTION,,,CARD,0,0,121,320,320,2,False,4,2,False,True,1,1,1,66,0,1,66,0,1,False,False,,,False
92347825,723.8,WIN,True,127,17,DAMAGE_COUNTER_ANY,2,TARGET_SELECTION,,,CARD,0,0,121,320,320,2,False,4,2,False,True,1,1,1,66,0,1,66,0,1,False,False,,,False
92347825,723.8,WIN,True,128,17,DAMAGE_COUNTER_ANY,2,TARGET_SELECTION,,,CARD,0,0,121,320,320,2,False,4,2,False,True,1,1,1,66,0,1,66,0,1,False,False,,,False
92347825,723.8,WIN,True,129,17,DAMAGE_COUNTER_ANY,2,TARGET_SELECTION,,,CARD,0,0,121,320,320,2,False,4,2,False,True,1,1,1,66,0,1,66,0,1,False,False,,,False
92347825,723.8,WIN,True,130,17,DAMAGE_COUNTER_ANY,2,TARGET_SELECTION,,,CARD,0,0,121,320,320,2,False,4,2,False,True,1,1,1,66,0,1,,,1,False,False,,,False
92347825,723.8,WIN,True,131,17,TO_HAND,2,RESOURCE_MANAGEMENT,,,,0,0,121,320,320,2,False,4,2,False,True,1,1,1,,,1,66,20,1,,,,,False
92347825,723.8,WIN,True,132,19,MAIN,11,RESOURCE_MANAGEMENT,PLAY_POKEMON,119,PLAY,2,0,121,320,320,2,False,4,1,True,True,1,1,1,66,20,1,66,20,1,False,False,,,False
92347825,723.8,WIN,True,133,19,MAIN,8,ATTACK_SELECTION,ATTACK,,ATTACK,2,1,121,320,320,2,False,5,1,True,True,1,1,1,66,20,1,66,0,1,False,False,,,False
92347825,723.8,WIN,True,134,19,DAMAGE_COUNTER_ANY,1,TARGET_SELECTION,,,CARD,0,0,121,320,320,2,False,5,1,False,True,1,1,1,66,0,1,66,0,1,False,False,,,False
92347825,723.8,WIN,True,135,19,DAMAGE_COUNTER_ANY,1,TARGET_SELECTION,,,CARD,0,0,121,320,320,2,False,5,1,False,True,1,1,1,66,0,1,66,0,1,False,False,,,False
92347825,723.8,WIN,True,136,19,DAMAGE_COUNTER_ANY,1,TARGET_SELECTION,,,CARD,0,0,121,320,320,2,False,5,1,False,True,1,1,1,66,0,1,66,0,1,False,False,,,False
92347825,723.8,WIN,True,137,19,DAMAGE_COUNTER_ANY,1,TARGET_SELECTION,,,CARD,0,0,121,320,320,2,False,5,1,False,True,1,1,1,66,0,1,66,0,1,False,False,,,False
92347825,723.8,WIN,True,138,19,DAMAGE_COUNTER_ANY,1,TARGET_SELECTION,,,CARD,0,0,121,320,320,2,False,5,1,False,True,1,1,1,66,0,1,66,0,1,False,False,,,False
92347825,723.8,WIN,True,139,19,DAMAGE_COUNTER_ANY,1,TARGET_SELECTION,,,CARD,0,0,121,320,320,2,False,5,1,False,True,1,1,1,66,0,1,,,1,False,False,,,False
92350502,806.5,WIN,False,0,,,0,UNKNOWN,,,,0,0,,,,,False,,,False,False,,,0,,,,,,,,,,,False
92350502,806.5,WIN,False,1,,,0,UNKNOWN,,,,0,0,,,,,False,,,False,False,,,0,,,,,,0,,,,,False
92350502,806.5,WIN,False,2,0,SETUP_ACTIVE_POKEMON,2,EARLY_GAME_SETUP,,,,0,0,,,,,False,0,0,False,False,,,0,,,0,,,6,,,,,False
92350502,806.5,WIN,False,3,0,DRAW_COUNT,3,SEARCH_DECISION,,,,0,0,,,,,False,0,6,False,False,,,0,,,6,,,6,,,,,False
92350502,806.5,WIN,False,4,0,SETUP_BENCH_POKEMON,2,BENCH_MANAGEMENT,,,,0,0,,,,,False,0,6,False,False,,,0,,,6,305,70,6,,,,,False
92350502,806.5,WIN,False,5,2,MAIN,9,RESOURCE_MANAGEMENT,PLAY_POKEMON,184,PLAY,1,0,235,30,30,1,False,1,6,True,True,0,0,0,305,70,6,305,70,6,False,False,,,False
92350502,806.5,WIN,False,6,2,MAIN,9,RESOURCE_MANAGEMENT,PLAY_POKEMON,1071,PLAY,1,0,235,30,30,1,False,2,6,True,True,0,0,0,305,70,6,305,70,6,False,False,,,False
92350502,806.5,WIN,False,7,2,ACTIVATE,2,RESOURCE_MANAGEMENT,,,YES,0,0,235,30,30,1,False,3,6,False,True,0,0,0,305,70,6,305,70,6,False,False,,,False
92350502,806.5,WIN,False,8,2,TO_HAND,11,RESOURCE_MANAGEMENT,,,CARD,0,0,235,30,30,1,False,3,6,False,True,0,0,0,305,70,6,305,70,6,False,False,,,False
92350502,806.5,WIN,False,9,2,MAIN,10,ENERGY_MANAGEMENT,ATTACH_ENERGY,,ATTACH,1,0,235,30,30,1,False,3,6,True,True,0,0,0,305,70,6,305,70,6,False,False,,,False
92350502,806.5,WIN,False,10,2,MAIN,6,RESOURCE_MANAGEMENT,PLAY_SUPPORTER,1227,PLAY,1,0,235,30,30,1,False,3,6,True,True,0,0,0,305,70,6,305,70,6,False,False,,,False
92350502,806.5,WIN,False,11,2,MAIN,9,ENERGY_MANAGEMENT,ATTACH_ENERGY,,ATTACH,1,0,235,30,30,1,False,3,6,True,True,0,0,0,305,70,6,305,70,6,False,False,,,False
92350502,806.5,WIN,False,12,2,MAIN,5,RESOURCE_MANAGEMENT,PLAY_ITEM,1086,PLAY,1,0,235,30,30,1,False,3,6,True,True,0,0,0,305,70,6,305,70,6,False,False,,,False
92350502,806.5,WIN,False,13,2,TO_BENCH,3,BENCH_MANAGEMENT,,,CARD;CARD,0,0,235,30,30,1,False,3,6,False,True,0,0,0,305,70,6,305,70,6,False,False,,,False
92350502,806.5,WIN,False,14,2,MAIN,4,TIMING,,,,1,0,235,30,30,1,False,5,6,True,True,0,0,0,305,70,6,305,70,6,False,False,,,False
92350502,806.5,WIN,False,15,4,MAIN,19,RESOURCE_MANAGEMENT,PLAY_ITEM,1121,PLAY,0,0,1071,160,170,2,True,5,6,True,True,1,0,1,305,70,6,305,70,6,False,False,,,True
92350502,806.5,WIN,False,16,4,DISCARD,6,RESOURCE_MANAGEMENT,,,CARD;CARD,0,0,1071,160,170,2,True,5,6,False,True,1,0,1,305,70,6,305,70,6,False,False,,,False
92350502,806.5,WIN,False,17,4,TO_HAND,6,RESOURCE_MANAGEMENT,,,CARD,0,0,1071,160,170,2,True,5,6,False,True,1,0,1,305,70,6,305,70,6,False,False,,,False
92350502,806.5,WIN,False,18,4,MAIN,15,BENCH_MANAGEMENT,EVOLVE,,EVOLVE,0,0,1071,160,170,2,True,5,6,True,True,1,0,1,305,70,6,305,70,6,False,False,,,False
92350502,806.5,WIN,False,19,4,MAIN,12,RESOURCE_MANAGEMENT,ABILITY,,ABILITY,0,0,1071,160,170,2,True,5,6,True,True,1,0,1,305,70,6,305,70,6,False,False,,,False
92350502,806.5,WIN,False,20,4,TO_HAND,2,RESOURCE_MANAGEMENT,,,CARD,0,0,1071,160,170,2,True,5,6,False,True,1,0,1,305,70,6,305,70,6,False,False,,,False
92350502,806.5,WIN,False,21,4,MAIN,12,RESOURCE_MANAGEMENT,PLAY_ITEM,1152,PLAY,0,0,1071,160,170,2,True,5,6,True,True,1,0,1,305,70,6,305,70,6,False,False,,,False
92350502,806.5,WIN,False,22,4,TO_HAND,2,RESOURCE_MANAGEMENT,,,CARD,0,0,1071,160,170,2,True,5,6,False,True,1,0,1,305,70,6,305,70,6,False,False,,,False
92350502,806.5,WIN,False,23,4,MAIN,13,BENCH_MANAGEMENT,EVOLVE,,EVOLVE,0,0,1071,160,170,2,True,5,6,True,True,1,0,1,305,70,6,305,70,6,False,False,,,False
92350502,806.5,WIN,False,24,4,MAIN,11,RESOURCE_MANAGEMENT,ABILITY,,ABILITY,0,0,1071,160,170,2,True,5,6,True,True,1,0,1,305,70,6,305,70,6,False,False,,,False
92350502,806.5,WIN,False,25,4,TO_HAND,2,RESOURCE_MANAGEMENT,,,CARD,0,0,1071,160,170,2,True,5,6,False,True,1,0,1,305,70,6,305,70,6,False,False,,,False
92350502,806.5,WIN,False,26,4,MAIN,16,BENCH_MANAGEMENT,EVOLVE,,EVOLVE,0,0,1071,160,170,2,True,5,6,True,True,1,0,1,305,70,6,305,70,6,False,False,,,False
92350502,806.5,WIN,False,27,4,MAIN,16,RESOURCE_MANAGEMENT,ABILITY,,ABILITY,0,0,1071,160,170,2,True,5,6,True,True,1,0,1,305,70,6,305,70,6,False,False,,,False
92350502,806.5,WIN,False,28,4,TO_HAND,2,RESOURCE_MANAGEMENT,,,CARD,0,0,1071,160,170,2,True,5,6,False,True,1,0,1,305,70,6,305,70,6,False,False,,,False
92350502,806.5,WIN,False,29,4,MAIN,16,ENERGY_MANAGEMENT,ATTACH_ENERGY,,ATTACH,0,0,1071,160,170,2,True,5,6,True,True,1,0,1,305,70,6,305,70,6,False,False,,,False
92350502,806.5,WIN,False,30,4,MAIN,4,RESOURCE_MANAGEMENT,PLAY_SUPPORTER,1227,PLAY,0,0,1071,160,170,2,True,5,6,True,True,1,0,1,305,70,6,305,70,6,False,False,,,False
92350502,806.5,WIN,False,31,4,MAIN,4,RESOURCE_MANAGEMENT,PLAY_ITEM,1121,PLAY,0,0,1071,160,170,2,True,5,6,True,True,1,0,1,305,70,6,305,70,6,False,False,,,False
92350502,806.5,WIN,False,32,4,DISCARD,7,RESOURCE_MANAGEMENT,,,CARD;CARD,0,0,1071,160,170,2,True,5,6,False,True,1,0,1,305,70,6,305,70,6,False,False,,,False
92350502,806.5,WIN,False,33,4,TO_HAND,3,RESOURCE_MANAGEMENT,,,CARD,0,0,1071,160,170,2,True,5,6,False,True,1,0,1,305,70,6,305,70,6,False,False,,,False
92350502,806.5,WIN,False,34,4,MAIN,3,RESOURCE_MANAGEMENT,PLAY_ITEM,1120,PLAY,0,0,1071,160,170,2,True,5,6,True,True,1,0,1,305,70,6,305,70,6,False,False,,,False
92350502,806.5,WIN,False,35,4,MAIN,2,RETREAT_SELECTION,RETREAT,,RETREAT,0,0,1071,160,170,2,True,5,6,True,True,1,0,1,305,70,6,305,70,6,False,False,,,False
92350502,806.5,WIN,False,36,4,SWITCH,5,ACTIVE_POKEMON_SELECTION,,,CARD,0,0,1071,160,170,2,True,5,6,False,True,1,0,1,305,70,6,305,70,6,False,False,,,False
92350502,806.5,WIN,False,37,4,MAIN,2,TIMING,,,,1,0,235,30,30,1,False,5,6,False,True,0,0,0,305,70,6,305,60,6,False,False,,,True
92350502,806.5,WIN,False,38,6,MAIN,19,BENCH_MANAGEMENT,EVOLVE,,EVOLVE,0,0,1071,160,170,2,True,5,6,True,True,1,0,1,305,60,6,305,60,6,False,False,,,True
92350502,806.5,WIN,False,39,6,MAIN,14,BENCH_MANAGEMENT,EVOLVE,,EVOLVE,0,0,1071,160,170,2,True,5,6,True,True,1,0,2,305,60,6,305,60,6,False,False,,,False
92350502,806.5,WIN,False,40,6,MAIN,11,RESOURCE_MANAGEMENT,ABILITY,,ABILITY,0,0,1071,160,170,2,True,5,6,True,True,1,0,3,305,60,6,305,60,6,False,False,,,False
92350502,806.5,WIN,False,41,6,TO_HAND,2,RESOURCE_MANAGEMENT,,,CARD,0,0,1071,160,170,2,True,5,6,False,True,1,0,3,305,60,6,305,60,6,False,False,,,False
92350502,806.5,WIN,False,42,6,MAIN,11,ENERGY_MANAGEMENT,ATTACH_ENERGY,,ATTACH,0,0,1071,160,170,2,True,5,6,True,True,1,0,3,305,60,6,305,60,6,False,False,,,False
92350502,806.5,WIN,False,43,6,MAIN,5,RESOURCE_MANAGEMENT,PLAY_SUPPORTER,1227,PLAY,0,0,1071,160,170,2,True,5,6,True,True,1,0,3,305,60,6,305,60,6,False,False,,,False
92350502,806.5,WIN,False,44,6,MAIN,5,RETREAT_SELECTION,RETREAT,,RETREAT,0,0,1071,160,170,2,True,5,6,True,True,1,0,3,305,60,6,305,60,6,False,False,,,False
92350502,806.5,WIN,False,45,6,SWITCH,5,ACTIVE_POKEMON_SELECTION,,,CARD,0,0,1071,160,170,2,True,5,6,False,True,1,0,3,305,60,6,305,60,6,False,False,,,False
92350502,806.5,WIN,False,46,6,MAIN,6,ATTACK_SELECTION,ATTACK,,ATTACK,2,1,121,320,320,2,False,5,6,False,True,1,1,2,305,60,6,305,0,6,False,False,,,True
92350502,806.5,WIN,False,47,6,DAMAGE_COUNTER_ANY,4,TARGET_SELECTION,,,CARD,0,0,121,320,320,2,False,5,6,False,True,1,1,2,305,0,6,305,0,6,False,False,,,False
92350502,806.5,WIN,False,48,6,DAMAGE_COUNTER_ANY,4,TARGET_SELECTION,,,CARD,0,0,121,320,320,2,False,5,6,False,True,1,1,2,305,0,6,305,0,6,False,False,,,False
92350502,806.5,WIN,False,49,6,DAMAGE_COUNTER_ANY,4,TARGET_SELECTION,,,CARD,0,0,121,320,320,2,False,5,6,False,True,1,1,2,305,0,6,305,0,6,False,False,,,False
92350502,806.5,WIN,False,50,6,DAMAGE_COUNTER_ANY,4,TARGET_SELECTION,,,CARD,0,0,121,320,320,2,False,5,6,False,True,1,1,2,305,0,6,305,0,6,False,False,,,False
92350502,806.5,WIN,False,51,6,DAMAGE_COUNTER_ANY,4,TARGET_SELECTION,,,CARD,0,0,121,320,320,2,False,5,6,False,True,1,1,2,305,0,6,305,0,6,False,False,,,False
92350502,806.5,WIN,False,52,6,DAMAGE_COUNTER_ANY,4,TARGET_SELECTION,,,CARD,0,0,121,320,320,2,False,5,6,False,True,1,1,2,305,0,6,,,6,False,False,,,False
92350502,806.5,WIN,False,53,6,TO_HAND,6,RESOURCE_MANAGEMENT,,,CARD,0,0,121,320,320,2,False,5,6,False,True,1,1,2,,,6,,,6,,,,,False
92350502,806.5,WIN,False,54,6,TO_HAND,5,RESOURCE_MANAGEMENT,,,,0,0,121,320,320,2,False,5,5,False,True,1,1,2,,,6,305,70,6,,,,,False
92350502,806.5,WIN,False,55,8,MAIN,23,RESOURCE_MANAGEMENT,ABILITY,,ABILITY,2,0,121,320,320,2,False,5,4,True,True,1,1,2,305,70,6,305,70,6,False,False,,,False
92350502,806.5,WIN,False,56,8,TO_HAND,2,RESOURCE_MANAGEMENT,,,CARD,0,0,121,320,320,2,False,5,4,False,True,1,1,2,305,70,6,305,70,6,False,False,,,False
92350502,806.5,WIN,False,57,8,MAIN,23,RESOURCE_MANAGEMENT,PLAY_ITEM,1121,PLAY,2,0,121,320,320,2,False,5,4,True,True,1,1,2,305,70,6,305,70,6,False,False,,,False
92350502,806.5,WIN,False,58,8,DISCARD,11,RESOURCE_MANAGEMENT,,,CARD;CARD,0,0,121,320,320,2,False,5,4,False,True,1,1,2,305,70,6,305,70,6,False,False,,,False
92350502,806.5,WIN,False,59,8,TO_HAND,1,RESOURCE_MANAGEMENT,,,CARD,0,0,121,320,320,2,False,5,4,False,True,1,1,2,305,70,6,305,70,6,False,False,,,False
92350502,806.5,WIN,False,60,8,MAIN,16,RESOURCE_MANAGEMENT,PLAY_SUPPORTER,1182,PLAY,2,0,121,320,320,2,False,5,4,True,True,1,1,2,305,70,6,305,70,6,False,False,,,False
92350502,806.5,WIN,False,61,8,SWITCH,5,ACTIVE_POKEMON_SELECTION,,,CARD,0,0,121,320,320,2,False,5,4,False,True,1,1,2,305,70,6,742,80,6,False,False,,,False
92350502,806.5,WIN,False,62,8,MAIN,14,ENERGY_MANAGEMENT,ATTACH_ENERGY,,ATTACH,2,0,121,320,320,2,False,5,4,True,True,1,1,2,742,80,6,742,80,6,False,False,,,False
92350502,806.5,WIN,False,63,8,MAIN,8,ATTACK_SELECTION,ATTACK,,ATTACK,2,1,121,320,320,2,False,5,4,True,True,1,1,2,742,80,6,742,0,6,False,False,,,False
92350502,806.5,WIN,False,64,8,DAMAGE_COUNTER_ANY,5,TARGET_SELECTION,,,CARD,0,0,121,320,320,2,False,5,4,False,True,1,1,2,742,0,6,742,0,6,False,False,,,False
92350502,806.5,WIN,False,65,8,DAMAGE_COUNTER_ANY,5,TARGET_SELECTION,,,CARD,0,0,121,320,320,2,False,5,4,False,True,1,1,2,742,0,6,742,0,6,False,False,,,False
92350502,806.5,WIN,False,66,8,DAMAGE_COUNTER_ANY,5,TARGET_SELECTION,,,CARD,0,0,121,320,320,2,False,5,4,False,True,1,1,2,742,0,6,742,0,6,False,False,,,False
92350502,806.5,WIN,False,67,8,DAMAGE_COUNTER_ANY,5,TARGET_SELECTION,,,CARD,0,0,121,320,320,2,False,5,4,False,True,1,1,2,742,0,6,742,0,6,False,False,,,False
92350502,806.5,WIN,False,68,8,DAMAGE_COUNTER_ANY,5,TARGET_SELECTION,,,CARD,0,0,121,320,320,2,False,5,4,False,True,1,1,2,742,0,6,742,0,6,False,False,,,False
92350502,806.5,WIN,False,69,8,DAMAGE_COUNTER_ANY,5,TARGET_SELECTION,,,CARD,0,0,121,320,320,2,False,5,4,False,True,1,1,2,742,0,6,,,6,False,False,,,False
92350502,806.5,WIN,False,70,8,TO_HAND,4,RESOURCE_MANAGEMENT,,,,0,0,121,320,320,2,False,5,4,False,True,1,1,2,,,6,743,110,4,,,,,False
92350502,806.5,WIN,False,71,9,TO_ACTIVE,5,ACTIVE_POKEMON_SELECTION,,,CARD,0,0,,,,,False,5,3,False,True,,,2,743,110,4,743,110,4,,,,,True
92350502,806.5,WIN,False,72,10,MAIN,12,BENCH_MANAGEMENT,EVOLVE,,EVOLVE,1,0,235,30,30,1,False,4,3,True,True,0,0,1,743,110,4,743,110,4,False,False,Powerful Hand,0,False
92350502,806.5,WIN,False,73,10,MAIN,10,RESOURCE_MANAGEMENT,PLAY_POKEMON,140,PLAY,1,0,235,30,30,1,False,4,3,True,True,0,0,1,743,110,4,743,110,4,False,False,Powerful Hand,0,False
92350502,806.5,WIN,False,74,10,MAIN,10,RESOURCE_MANAGEMENT,PLAY_ITEM,1097,PLAY,1,0,235,30,30,1,False,5,3,True,True,0,0,1,743,110,4,743,110,4,False,False,Powerful Hand,0,False
92350502,806.5,WIN,False,75,10,TO_HAND,8,RESOURCE_MANAGEMENT,,,CARD,0,0,235,30,30,1,False,5,3,False,True,0,0,1,743,110,4,743,110,4,False,False,Powerful Hand,0,False
92350502,806.5,WIN,False,76,10,MAIN,9,RESOURCE_MANAGEMENT,PLAY_ITEM,1120,PLAY,1,0,235,30,30,1,False,5,3,True,True,0,0,1,743,110,4,743,110,4,False,False,Powerful Hand,0,False
92350502,806.5,WIN,False,77,10,MAIN,8,RESOURCE_MANAGEMENT,ABILITY,,ABILITY,1,0,235,30,30,1,False,5,3,True,True,0,0,1,743,110,4,743,110,4,False,False,Powerful Hand,0,False
92350502,806.5,WIN,False,78,10,MAIN,15,RESOURCE_MANAGEMENT,PLAY_ITEM,1120,PLAY,1,0,235,30,30,1,False,5,3,True,True,0,0,1,743,110,4,743,110,4,False,False,Powerful Hand,0,False
92350502,806.5,WIN,False,79,10,MAIN,14,RESOURCE_MANAGEMENT,PLAY_SUPPORTER,1210,PLAY,1,0,235,30,30,1,False,5,3,True,True,0,0,1,743,110,4,743,110,4,False,False,Powerful Hand,0,False
92350502,806.5,WIN,False,80,10,MAIN,11,ENERGY_MANAGEMENT,ATTACH_ENERGY,,ATTACH,1,0,235,30,30,1,False,5,3,True,True,0,0,1,743,110,4,743,110,4,False,False,Powerful Hand,0,False
92350502,806.5,WIN,False,81,10,MAIN,5,RETREAT_SELECTION,RETREAT,,RETREAT,1,0,235,30,30,1,False,5,3,True,True,0,0,2,743,110,4,743,110,4,False,False,Powerful Hand,0,False
92350502,806.5,WIN,False,82,10,SWITCH,5,ACTIVE_POKEMON_SELECTION,,,CARD,0,0,235,30,30,1,False,5,3,False,True,0,0,2,743,110,4,743,110,4,False,False,Powerful Hand,0,False
92350502,806.5,WIN,False,83,10,MAIN,5,ATTACK_SELECTION,ATTACK,,ATTACK,2,1,121,320,320,2,False,5,3,False,True,1,1,2,743,110,4,743,0,4,False,False,Powerful Hand,0,True
92350502,806.5,WIN,False,84,10,DAMAGE_COUNTER_ANY,2,TARGET_SELECTION,,,CARD,0,0,121,320,320,2,False,5,3,False,True,1,1,2,743,0,4,743,0,4,False,False,Powerful Hand,0,False
92350502,806.5,WIN,False,85,10,DAMAGE_COUNTER_ANY,2,TARGET_SELECTION,,,CARD,0,0,121,320,320,2,False,5,3,False,True,1,1,2,743,0,4,743,0,4,False,False,Powerful Hand,0,False
92350502,806.5,WIN,False,86,10,DAMAGE_COUNTER_ANY,2,TARGET_SELECTION,,,CARD,0,0,121,320,320,2,False,5,3,False,True,1,1,2,743,0,4,743,0,4,False,False,Powerful Hand,0,False
92350502,806.5,WIN,False,87,10,DAMAGE_COUNTER_ANY,2,TARGET_SELECTION,,,CARD,0,0,121,320,320,2,False,5,3,False,True,1,1,2,743,0,4,743,0,4,False,False,Powerful Hand,0,False
92350502,806.5,WIN,False,88,10,DAMAGE_COUNTER_ANY,2,TARGET_SELECTION,,,CARD,0,0,121,320,320,2,False,5,3,False,True,1,1,2,743,0,4,743,0,4,False,False,Powerful Hand,0,False
92350502,806.5,WIN,False,89,10,DAMAGE_COUNTER_ANY,2,TARGET_SELECTION,,,CARD,0,0,121,320,320,2,False,5,3,False,True,1,1,2,743,0,4,,,4,False,False,Powerful Hand,0,False
92350502,806.5,WIN,False,90,10,TO_HAND,3,RESOURCE_MANAGEMENT,,,,0,0,121,320,320,2,False,5,3,False,True,1,1,2,,,4,743,80,2,,,,,False
92350502,806.5,WIN,False,91,11,TO_ACTIVE,5,ACTIVE_POKEMON_SELECTION,,,CARD,0,0,,,,,False,5,2,False,True,,,2,743,80,2,743,80,2,,,,,True
92350502,806.5,WIN,False,92,12,MAIN,11,RESOURCE_MANAGEMENT,PLAY_POKEMON,119,PLAY,1,0,235,30,30,1,False,4,2,True,True,0,0,1,743,80,2,743,80,2,False,False,Powerful Hand,0,False
92350502,806.5,WIN,False,93,12,MAIN,9,RESOURCE_MANAGEMENT,PLAY_ITEM,1120,PLAY,1,0,235,30,30,1,False,5,2,True,True,0,0,1,743,80,2,743,80,2,False,False,Powerful Hand,0,False
92350502,806.5,WIN,False,94,12,DISCARD_ENERGY,1,ENERGY_MANAGEMENT,,,ENERGY,0,0,235,30,30,1,False,5,2,False,True,0,0,1,743,80,2,743,80,2,False,False,Powerful Hand,0,False
92350502,806.5,WIN,False,95,12,MAIN,8,RESOURCE_MANAGEMENT,ABILITY,,ABILITY,1,0,235,30,30,1,False,5,2,True,True,0,0,1,743,80,2,743,80,2,False,False,,,False
92350502,806.5,WIN,False,96,12,MAIN,10,RESOURCE_MANAGEMENT,PLAY_ITEM,1080,PLAY,1,0,235,30,30,1,False,5,2,True,True,0,0,1,743,80,2,743,80,2,False,False,,,False
92350502,806.5,WIN,False,97,12,MAIN,11,ENERGY_MANAGEMENT,ATTACH_ENERGY,,ATTACH,1,0,235,30,30,1,False,5,2,True,True,0,0,1,743,80,2,743,80,2,False,False,,,False
92350502,806.5,WIN,False,98,12,MAIN,5,RETREAT_SELECTION,RETREAT,,RETREAT,1,0,235,30,30,1,False,5,2,True,True,0,0,1,743,80,2,743,80,2,False,False,,,False
92350502,806.5,WIN,False,99,12,SWITCH,5,ACTIVE_POKEMON_SELECTION,,,CARD,0,0,235,30,30,1,False,5,2,False,True,0,0,1,743,80,2,743,80,2,False,False,,,False
92350502,806.5,WIN,False,100,12,MAIN,5,ATTACK_SELECTION,ATTACK,,ATTACK,2,1,121,320,320,2,False,5,2,False,True,1,1,1,743,80,2,743,0,2,False,False,,,True
92350502,806.5,WIN,False,101,12,DAMAGE_COUNTER_ANY,4,TARGET_SELECTION,,,CARD,0,0,121,320,320,2,False,5,2,False,True,1,1,1,743,0,2,743,0,2,False,False,,,False
92350502,806.5,WIN,False,102,12,DAMAGE_COUNTER_ANY,4,TARGET_SELECTION,,,CARD,0,0,121,320,320,2,False,5,2,False,True,1,1,1,743,0,2,743,0,2,False,False,,,False
92350502,806.5,WIN,False,103,12,DAMAGE_COUNTER_ANY,4,TARGET_SELECTION,,,CARD,0,0,121,320,320,2,False,5,2,False,True,1,1,1,743,0,2,743,0,2,False,False,,,False
92350502,806.5,WIN,False,104,12,DAMAGE_COUNTER_ANY,4,TARGET_SELECTION,,,CARD,0,0,121,320,320,2,False,5,2,False,True,1,1,1,743,0,2,743,0,2,False,False,,,False
92350502,806.5,WIN,False,105,12,DAMAGE_COUNTER_ANY,4,TARGET_SELECTION,,,CARD,0,0,121,320,320,2,False,5,2,False,True,1,1,1,743,0,2,743,0,2,False,False,,,False
92350502,806.5,WIN,False,106,12,DAMAGE_COUNTER_ANY,4,TARGET_SELECTION,,,CARD,0,0,121,320,320,2,False,5,2,False,True,1,1,1,743,0,2,,,2,False,False,,,False
92350502,806.5,WIN,False,107,12,TO_HAND,2,RESOURCE_MANAGEMENT,,,CARD,0,0,121,320,320,2,False,5,2,False,True,1,1,1,,,2,,,2,,,,,False
92355171,634.5,WIN,True,0,,,0,UNKNOWN,,,,0,0,,,,,False,,,False,False,,,0,,,,,,,,,,,False
92355171,634.5,WIN,True,1,,,0,UNKNOWN,,,,0,0,,,,,False,,,False,False,,,0,,,,,,0,,,,,False
92355171,634.5,WIN,True,2,0,IS_FIRST,2,GOING_FIRST_SECOND,,,,0,0,,,,,False,0,0,False,False,,,0,,,0,,,6,,,,,False
92355171,634.5,WIN,True,3,0,SETUP_ACTIVE_POKEMON,2,EARLY_GAME_SETUP,,,,0,0,,,,,False,0,0,False,False,,,0,,,6,,,6,,,,,False
92355171,634.5,WIN,True,4,0,SETUP_BENCH_POKEMON,1,BENCH_MANAGEMENT,,,,0,0,,,,,False,0,6,False,False,,,0,,,6,343,80,6,,,,,False
92355171,634.5,WIN,True,5,1,MAIN,5,RESOURCE_MANAGEMENT,PLAY_POKEMON,235,PLAY,0,0,119,70,70,1,False,0,6,False,False,1,0,0,343,80,6,343,80,6,False,False,,,False
92355171,634.5,WIN,True,6,1,MAIN,5,RESOURCE_MANAGEMENT,PLAY_POKEMON,119,PLAY,0,0,119,70,70,1,False,1,6,False,True,1,0,1,343,80,6,343,80,6,False,False,,,False
92355171,634.5,WIN,True,7,1,MAIN,5,ENERGY_MANAGEMENT,ATTACH_ENERGY,,ATTACH,0,0,119,70,70,1,False,2,6,False,True,1,0,1,343,80,6,343,80,6,False,False,,,False
92355171,634.5,WIN,True,8,1,MAIN,2,TIMING,,,,0,0,119,70,70,1,False,2,6,False,True,1,0,1,343,80,6,343,80,6,False,False,,,False
92355171,634.5,WIN,True,9,3,MAIN,7,BENCH_MANAGEMENT,EVOLVE,,EVOLVE,0,0,119,70,70,1,False,2,6,False,True,1,0,1,343,80,6,343,80,6,False,False,,,False
92355171,634.5,WIN,True,10,3,MAIN,6,RESOURCE_MANAGEMENT,ABILITY,,ABILITY,0,0,119,70,70,1,False,2,6,False,True,1,0,1,343,80,6,343,80,6,False,False,,,False
92355171,634.5,WIN,True,11,3,TO_HAND,2,RESOURCE_MANAGEMENT,,,CARD,0,0,119,70,70,1,False,2,6,False,True,1,0,1,343,80,6,343,80,6,False,False,,,False
92355171,634.5,WIN,True,12,3,MAIN,6,RESOURCE_MANAGEMENT,PLAY_ITEM,1086,PLAY,0,0,119,70,70,1,False,2,6,False,True,1,0,1,343,80,6,343,80,6,False,False,,,False
92355171,634.5,WIN,True,13,3,TO_BENCH,3,BENCH_MANAGEMENT,,,CARD;CARD,0,0,119,70,70,1,False,2,6,False,True,1,0,1,343,80,6,343,80,6,False,False,,,False
92355171,634.5,WIN,True,14,3,MAIN,5,RESOURCE_MANAGEMENT,PLAY_SUPPORTER,1227,PLAY,0,0,119,70,70,1,False,4,6,False,True,1,0,1,343,80,6,343,80,6,False,False,,,False
92355171,634.5,WIN,True,15,3,MAIN,17,ENERGY_MANAGEMENT,ATTACH_ENERGY,,ATTACH,0,0,119,70,70,1,False,4,6,False,True,1,0,1,343,80,6,343,80,6,False,False,,,False
92355171,634.5,WIN,True,16,3,MAIN,12,RESOURCE_MANAGEMENT,PLAY_ITEM,1152,PLAY,0,0,119,70,70,1,False,4,6,False,True,1,0,1,343,80,6,343,80,6,False,False,,,False
92355171,634.5,WIN,True,17,3,TO_HAND,4,RESOURCE_MANAGEMENT,,,CARD,0,0,119,70,70,1,False,4,6,False,True,1,0,1,343,80,6,343,80,6,False,False,,,False
92355171,634.5,WIN,True,18,3,MAIN,12,BENCH_MANAGEMENT,EVOLVE,,EVOLVE,0,0,119,70,70,1,False,4,6,False,True,1,0,1,343,80,6,343,80,6,False,False,,,False
92355171,634.5,WIN,True,19,3,MAIN,12,RESOURCE_MANAGEMENT,ABILITY,,ABILITY,0,0,120,90,90,1,False,4,6,False,True,1,0,1,343,80,6,343,80,6,False,False,,,True
92355171,634.5,WIN,True,20,3,TO_HAND,2,RESOURCE_MANAGEMENT,,,CARD,0,0,120,90,90,1,False,4,6,False,True,1,0,1,343,80,6,343,80,6,False,False,,,False
92355171,634.5,WIN,True,21,3,MAIN,12,ENERGY_MANAGEMENT,ATTACH_ENERGY,,ATTACH,0,0,120,90,90,1,False,4,6,False,True,1,0,1,343,80,6,343,80,6,False,False,,,False
92355171,634.5,WIN,True,22,3,MAIN,2,TIMING,,,,0,0,120,90,90,1,False,4,6,False,True,1,0,2,343,80,6,743,140,5,False,False,,,False
92355171,634.5,WIN,True,23,4,TO_ACTIVE,4,ACTIVE_POKEMON_SELECTION,,,CARD,0,0,,,,,False,4,6,False,True,,,2,743,140,5,743,140,5,,,,,True
92355171,634.5,WIN,True,24,5,MAIN,14,BENCH_MANAGEMENT,EVOLVE,,EVOLVE,1,0,235,30,30,1,False,3,6,True,True,0,0,1,743,140,5,743,140,5,False,False,Powerful Hand,0,False
92355171,634.5,WIN,True,25,5,MAIN,12,RESOURCE_MANAGEMENT,PLAY_POKEMON,140,PLAY,1,0,235,30,30,1,False,3,6,True,True,0,0,2,743,140,5,743,140,5,False,False,Powerful Hand,0,False
92355171,634.5,WIN,True,26,5,MAIN,13,RESOURCE_MANAGEMENT,PLAY_ITEM,1097,PLAY,1,0,235,30,30,1,False,4,6,True,True,0,0,2,743,140,5,743,140,5,False,False,Powerful Hand,0,False
92355171,634.5,WIN,True,27,5,TO_HAND,2,RESOURCE_MANAGEMENT,,,CARD,0,0,235,30,30,1,False,4,6,False,True,0,0,2,743,140,5,743,140,5,False,False,Powerful Hand,0,False
92355171,634.5,WIN,True,28,5,MAIN,14,RESOURCE_MANAGEMENT,ABILITY,,ABILITY,1,0,235,30,30,1,False,4,6,True,True,0,0,2,743,140,5,743,140,5,False,False,Powerful Hand,0,False
92355171,634.5,WIN,True,29,5,MAIN,17,RESOURCE_MANAGEMENT,PLAY_SUPPORTER,1198,PLAY,1,0,235,30,30,1,False,4,6,True,True,0,0,2,743,140,5,743,140,5,False,False,Powerful Hand,0,False
92355171,634.5,WIN,True,30,5,TO_HAND,3,RESOURCE_MANAGEMENT,,,CARD,0,0,235,30,30,1,False,4,6,False,True,0,0,2,743,140,5,743,140,5,False,False,Powerful Hand,0,False
92355171,634.5,WIN,True,31,5,ATTACH_TO,1,ENERGY_MANAGEMENT,,,CARD,0,0,235,30,30,1,False,4,6,False,True,0,0,2,743,140,5,743,140,5,False,False,Powerful Hand,0,False
92355171,634.5,WIN,True,32,5,ATTACH_FROM,5,ENERGY_MANAGEMENT,,,CARD,0,0,235,30,30,1,False,4,6,False,True,0,0,2,743,140,5,743,140,5,False,False,Powerful Hand,0,False
92355171,634.5,WIN,True,33,5,MAIN,18,BENCH_MANAGEMENT,EVOLVE,,EVOLVE,1,0,235,30,30,1,False,4,6,True,True,0,0,2,743,140,5,743,140,5,False,False,Powerful Hand,0,False
92355171,634.5,WIN,True,34,5,MAIN,16,RESOURCE_MANAGEMENT,ABILITY,,ABILITY,1,0,235,30,30,1,False,4,6,True,True,0,0,1,743,140,5,743,140,5,False,False,Powerful Hand,0,False
92355171,634.5,WIN,True,35,5,TO_HAND,2,RESOURCE_MANAGEMENT,,,CARD,0,0,235,30,30,1,False,4,6,False,True,0,0,1,743,140,5,743,140,5,False,False,Powerful Hand,0,False
92355171,634.5,WIN,True,36,5,MAIN,16,RESOURCE_MANAGEMENT,PLAY_ITEM,1120,PLAY,1,0,235,30,30,1,False,4,6,True,True,0,0,1,743,140,5,743,140,5,False,False,Powerful Hand,0,False
92355171,634.5,WIN,True,37,5,MAIN,15,BENCH_MANAGEMENT,EVOLVE,,EVOLVE,1,0,235,30,30,1,False,4,6,True,True,0,0,1,743,140,5,743,140,5,False,False,Powerful Hand,0,False
92355171,634.5,WIN,True,38,5,MAIN,15,RESOURCE_MANAGEMENT,ABILITY,,ABILITY,1,0,235,30,30,1,False,4,6,True,True,0,0,1,743,140,5,743,140,5,False,False,Powerful Hand,0,False
92355171,634.5,WIN,True,39,5,TO_HAND,2,RESOURCE_MANAGEMENT,,,CARD,0,0,235,30,30,1,False,4,6,False,True,0,0,1,743,140,5,743,140,5,False,False,Powerful Hand,0,False
92355171,634.5,WIN,True,40,5,MAIN,14,ENERGY_MANAGEMENT,ATTACH_ENERGY,,ATTACH,1,0,235,30,30,1,False,4,6,True,True,0,0,1,743,140,5,743,140,5,False,False,Powerful Hand,0,False
92355171,634.5,WIN,True,41,5,MAIN,4,RESOURCE_MANAGEMENT,PLAY_ITEM,1080,PLAY,1,0,235,30,30,1,False,4,6,True,True,0,0,1,743,140,5,743,140,5,False,False,Powerful Hand,0,False
92355171,634.5,WIN,True,42,5,MAIN,6,RESOURCE_MANAGEMENT,PLAY_ITEM,1152,PLAY,1,0,235,30,30,1,False,4,6,True,True,0,0,1,743,140,5,743,140,5,False,False,Powerful Hand,0,False
92355171,634.5,WIN,True,43,5,TO_HAND,2,RESOURCE_MANAGEMENT,,,CARD,0,0,235,30,30,1,False,4,6,False,True,0,0,1,743,140,5,743,140,5,False,False,Powerful Hand,0,False
92355171,634.5,WIN,True,44,5,MAIN,5,RESOURCE_MANAGEMENT,PLAY_ITEM,1120,PLAY,1,0,235,30,30,1,False,4,6,True,True,0,0,1,743,140,5,743,140,5,False,False,Powerful Hand,0,False
92355171,634.5,WIN,True,45,5,MAIN,4,RETREAT_SELECTION,RETREAT,,RETREAT,1,0,235,30,30,1,False,4,6,True,True,0,0,1,743,140,5,743,140,5,False,False,Powerful Hand,0,False
92355171,634.5,WIN,True,46,5,SWITCH,4,ACTIVE_POKEMON_SELECTION,,,CARD,0,0,235,30,30,1,False,4,6,False,True,0,0,1,743,140,5,743,140,5,False,False,Powerful Hand,0,False
92355171,634.5,WIN,True,47,5,MAIN,4,ATTACK_SELECTION,ATTACK,,ATTACK,2,1,121,320,320,2,False,4,6,False,True,1,1,1,743,140,5,743,0,5,False,False,Powerful Hand,0,True
92355171,634.5,WIN,True,48,5,DAMAGE_COUNTER_ANY,4,TARGET_SELECTION,,,CARD,0,0,121,320,320,2,False,4,6,False,True,1,1,1,743,0,5,743,0,5,False,False,Powerful Hand,0,False
92355171,634.5,WIN,True,49,5,DAMAGE_COUNTER_ANY,4,TARGET_SELECTION,,,CARD,0,0,121,320,320,2,False,4,6,False,True,1,1,1,743,0,5,743,0,5,False,False,Powerful Hand,0,False
92355171,634.5,WIN,True,50,5,DAMAGE_COUNTER_ANY,4,TARGET_SELECTION,,,CARD,0,0,121,320,320,2,False,4,6,False,True,1,1,1,743,0,5,743,0,5,False,False,Powerful Hand,0,False
92355171,634.5,WIN,True,51,5,DAMAGE_COUNTER_ANY,4,TARGET_SELECTION,,,CARD,0,0,121,320,320,2,False,4,6,False,True,1,1,1,743,0,5,743,0,5,False,False,Powerful Hand,0,False
92355171,634.5,WIN,True,52,5,DAMAGE_COUNTER_ANY,4,TARGET_SELECTION,,,CARD,0,0,121,320,320,2,False,4,6,False,True,1,1,1,743,0,5,743,0,5,False,False,Powerful Hand,0,False
92355171,634.5,WIN,True,53,5,DAMAGE_COUNTER_ANY,4,TARGET_SELECTION,,,CARD,0,0,121,320,320,2,False,4,6,False,True,1,1,1,743,0,5,,,5,False,False,Powerful Hand,0,False
92355171,634.5,WIN,True,54,5,TO_HAND,6,RESOURCE_MANAGEMENT,,,,0,0,121,320,320,2,False,4,6,False,True,1,1,1,,,5,742,20,5,,,,,False
92355171,634.5,WIN,True,55,7,MAIN,14,RESOURCE_MANAGEMENT,ABILITY,,ABILITY,1,0,235,30,30,1,False,4,5,True,True,0,0,1,742,20,5,742,20,5,False,True,,,True
92355171,634.5,WIN,True,56,7,TO_HAND,2,RESOURCE_MANAGEMENT,,,CARD,0,0,235,30,30,1,False,4,5,False,True,0,0,1,742,20,5,742,20,5,False,True,,,False
92355171,634.5,WIN,True,57,7,MAIN,14,RESOURCE_MANAGEMENT,ABILITY,,ABILITY,1,0,235,30,30,1,False,4,5,True,True,0,0,1,742,20,5,742,20,5,False,True,,,False
92355171,634.5,WIN,True,58,7,TO_HAND,2,RESOURCE_MANAGEMENT,,,CARD,0,0,235,30,30,1,False,4,5,False,True,0,0,1,742,20,5,742,20,5,False,True,,,False
92355171,634.5,WIN,True,59,7,MAIN,14,RESOURCE_MANAGEMENT,PLAY_ITEM,1121,PLAY,1,0,235,30,30,1,False,4,5,True,True,0,0,1,742,20,5,742,20,5,False,True,,,False
92355171,634.5,WIN,True,60,7,DISCARD,7,RESOURCE_MANAGEMENT,,,CARD;CARD,0,0,235,30,30,1,False,4,5,False,True,0,0,1,742,20,5,742,20,5,False,True,,,False
92355171,634.5,WIN,True,61,7,TO_HAND,3,RESOURCE_MANAGEMENT,,,CARD,0,0,235,30,30,1,False,4,5,False,True,0,0,1,742,20,5,742,20,5,False,True,,,False
92355171,634.5,WIN,True,62,7,MAIN,9,BENCH_MANAGEMENT,EVOLVE,,EVOLVE,1,0,235,30,30,1,False,4,5,True,True,0,0,1,742,20,5,742,20,5,False,True,,,False
92355171,634.5,WIN,True,63,7,MAIN,7,RESOURCE_MANAGEMENT,PLAY_SUPPORTER,1210,PLAY,1,0,235,30,30,1,False,4,5,True,True,0,0,2,742,20,5,742,20,5,False,True,,,False
92355171,634.5,WIN,True,64,7,TO_HAND,2,RESOURCE_MANAGEMENT,,,CARD,0,0,235,30,30,1,False,4,5,False,True,0,0,2,742,20,5,742,20,5,False,True,,,False
92355171,634.5,WIN,True,65,7,MAIN,6,RETREAT_SELECTION,RETREAT,,RETREAT,1,0,235,30,30,1,False,4,5,True,True,0,0,2,742,20,5,742,20,5,False,True,,,False
92355171,634.5,WIN,True,66,7,SWITCH,4,ACTIVE_POKEMON_SELECTION,,,CARD,0,0,235,30,30,1,False,4,5,False,True,0,0,2,742,20,5,742,20,5,False,True,,,False
92355171,634.5,WIN,True,67,7,MAIN,6,ATTACK_SELECTION,ATTACK,,ATTACK,2,1,121,320,320,2,False,4,5,False,True,1,1,2,742,20,5,742,0,5,False,False,,,True
92355171,634.5,WIN,True,68,7,DAMAGE_COUNTER_ANY,3,TARGET_SELECTION,,,CARD,0,0,121,320,320,2,False,4,5,False,True,1,1,2,742,0,5,742,0,5,False,False,,,False
92355171,634.5,WIN,True,69,7,DAMAGE_COUNTER_ANY,3,TARGET_SELECTION,,,CARD,0,0,121,320,320,2,False,4,5,False,True,1,1,2,742,0,5,742,0,5,False,False,,,False
92355171,634.5,WIN,True,70,7,DAMAGE_COUNTER_ANY,3,TARGET_SELECTION,,,CARD,0,0,121,320,320,2,False,4,5,False,True,1,1,2,742,0,5,742,0,5,False,False,,,False
92355171,634.5,WIN,True,71,7,DAMAGE_COUNTER_ANY,3,TARGET_SELECTION,,,CARD,0,0,121,320,320,2,False,4,5,False,True,1,1,2,742,0,5,742,0,5,False,False,,,False
92355171,634.5,WIN,True,72,7,DAMAGE_COUNTER_ANY,3,TARGET_SELECTION,,,CARD,0,0,121,320,320,2,False,4,5,False,True,1,1,2,742,0,5,742,0,5,False,False,,,False
92355171,634.5,WIN,True,73,7,DAMAGE_COUNTER_ANY,3,TARGET_SELECTION,,,CARD,0,0,121,320,320,2,False,4,5,False,True,1,1,2,742,0,5,,,5,False,False,,,False
92355171,634.5,WIN,True,74,7,TO_HAND,5,RESOURCE_MANAGEMENT,,,,0,0,121,320,320,2,False,4,5,False,True,1,1,2,,,5,742,20,5,,,,,False
92355171,634.5,WIN,True,75,8,DISCARD,6,RESOURCE_MANAGEMENT,,,,0,0,121,320,320,2,False,4,4,False,True,1,1,2,742,20,5,742,20,5,False,False,Super Psy Bolt,30,False
92355171,634.5,WIN,True,76,9,MAIN,8,RESOURCE_MANAGEMENT,ABILITY,,ABILITY,2,0,121,290,320,2,True,4,4,True,True,1,1,2,742,20,5,742,20,5,False,False,Super Psy Bolt,30,False
92355171,634.5,WIN,True,77,9,TO_HAND,2,RESOURCE_MANAGEMENT,,,CARD,0,0,121,290,320,2,True,4,4,False,True,1,1,2,742,20,5,742,20,5,False,False,Super Psy Bolt,30,False
92355171,634.5,WIN,True,78,9,MAIN,8,RESOURCE_MANAGEMENT,PLAY_ITEM,1120,PLAY,2,0,121,290,320,2,True,4,4,True,True,1,1,2,742,20,5,742,20,5,False,False,Super Psy Bolt,30,False
92355171,634.5,WIN,True,79,9,DISCARD_ENERGY,1,ENERGY_MANAGEMENT,,,ENERGY,0,0,121,290,320,2,True,4,4,False,True,1,1,2,742,20,5,742,20,5,False,False,Super Psy Bolt,30,False
92355171,634.5,WIN,True,80,9,MAIN,7,RESOURCE_MANAGEMENT,PLAY_SUPPORTER,1198,PLAY,2,0,121,290,320,2,True,4,4,True,True,1,1,2,742,20,5,742,20,5,False,False,,,False
92355171,634.5,WIN,True,81,9,TO_HAND,2,RESOURCE_MANAGEMENT,,,CARD,0,0,121,290,320,2,True,4,4,False,True,1,1,2,742,20,5,742,20,5,False,False,,,False
92355171,634.5,WIN,True,82,9,MAIN,11,ENERGY_MANAGEMENT,ATTACH_ENERGY,,ATTACH,2,0,121,290,320,2,True,4,4,True,True,1,1,2,742,20,5,742,20,5,False,False,,,False
92355171,634.5,WIN,True,83,9,MAIN,6,ATTACK_SELECTION,ATTACK,,ATTACK,2,1,121,290,320,2,True,4,4,True,True,1,1,2,742,20,5,742,0,5,False,False,,,False
92355171,634.5,WIN,True,84,9,DAMAGE_COUNTER_ANY,4,TARGET_SELECTION,,,CARD,0,0,121,290,320,2,True,4,4,False,True,1,1,2,742,0,5,742,0,5,False,False,,,False
92355171,634.5,WIN,True,85,9,DAMAGE_COUNTER_ANY,4,TARGET_SELECTION,,,CARD,0,0,121,290,320,2,True,4,4,False,True,1,1,2,742,0,5,742,0,5,False,False,,,False
92355171,634.5,WIN,True,86,9,DAMAGE_COUNTER_ANY,4,TARGET_SELECTION,,,CARD,0,0,121,290,320,2,True,4,4,False,True,1,1,2,742,0,5,742,0,5,False,False,,,False
92355171,634.5,WIN,True,87,9,DAMAGE_COUNTER_ANY,4,TARGET_SELECTION,,,CARD,0,0,121,290,320,2,True,4,4,False,True,1,1,2,742,0,5,742,0,5,False,False,,,False
92355171,634.5,WIN,True,88,9,DAMAGE_COUNTER_ANY,4,TARGET_SELECTION,,,CARD,0,0,121,290,320,2,True,4,4,False,True,1,1,2,742,0,5,742,0,5,False,False,,,False
92355171,634.5,WIN,True,89,9,DAMAGE_COUNTER_ANY,4,TARGET_SELECTION,,,CARD,0,0,121,290,320,2,True,4,4,False,True,1,1,2,742,0,5,,,5,False,False,,,False
92355171,634.5,WIN,True,90,9,TO_HAND,4,RESOURCE_MANAGEMENT,,,,0,0,121,290,320,2,True,4,4,False,True,1,1,2,,,5,742,40,5,,,,,False
92355171,634.5,WIN,True,91,11,MAIN,7,RESOURCE_MANAGEMENT,ABILITY,,ABILITY,1,0,235,30,30,1,False,4,3,True,True,0,0,2,742,40,5,742,40,5,False,True,,,True
92355171,634.5,WIN,True,92,11,TO_HAND,2,RESOURCE_MANAGEMENT,,,CARD,0,0,235,30,30,1,False,4,3,False,True,0,0,2,742,40,5,742,40,5,False,True,,,False
92355171,634.5,WIN,True,93,11,MAIN,7,RESOURCE_MANAGEMENT,PLAY_SUPPORTER,1198,PLAY,1,0,235,30,30,1,False,4,3,True,True,0,0,2,742,40,5,742,40,5,False,True,,,False
92355171,634.5,WIN,True,94,11,TO_HAND,1,RESOURCE_MANAGEMENT,,,CARD,0,0,235,30,30,1,False,4,3,False,True,0,0,2,742,40,5,742,40,5,False,True,,,False
92355171,634.5,WIN,True,95,11,MAIN,11,ENERGY_MANAGEMENT,ATTACH_ENERGY,,ATTACH,1,0,235,30,30,1,False,4,3,True,True,0,0,2,742,40,5,742,40,5,False,True,,,False
92355171,634.5,WIN,True,96,11,MAIN,6,RETREAT_SELECTION,RETREAT,,RETREAT,1,0,235,30,30,1,False,4,3,True,True,0,0,3,742,40,5,742,40,5,False,True,,,False
92355171,634.5,WIN,True,97,11,SWITCH,4,ACTIVE_POKEMON_SELECTION,,,CARD,0,0,235,30,30,1,False,4,3,False,True,0,0,3,742,40,5,742,40,5,False,True,,,False
92355171,634.5,WIN,True,98,11,MAIN,6,ATTACK_SELECTION,ATTACK,,ATTACK,2,1,121,320,320,2,False,4,3,False,True,1,1,3,742,40,5,742,0,5,False,False,,,True
92355171,634.5,WIN,True,99,11,DAMAGE_COUNTER_ANY,4,TARGET_SELECTION,,,CARD,0,0,121,320,320,2,False,4,3,False,True,1,1,3,742,0,5,742,0,5,False,False,,,False
92355171,634.5,WIN,True,100,11,DAMAGE_COUNTER_ANY,4,TARGET_SELECTION,,,CARD,0,0,121,320,320,2,False,4,3,False,True,1,1,3,742,0,5,742,0,5,False,False,,,False
92355171,634.5,WIN,True,101,11,DAMAGE_COUNTER_ANY,4,TARGET_SELECTION,,,CARD,0,0,121,320,320,2,False,4,3,False,True,1,1,3,742,0,5,742,0,5,False,False,,,False
92355171,634.5,WIN,True,102,11,DAMAGE_COUNTER_ANY,4,TARGET_SELECTION,,,CARD,0,0,121,320,320,2,False,4,3,False,True,1,1,3,742,0,5,742,0,5,False,False,,,False
92355171,634.5,WIN,True,103,11,DAMAGE_COUNTER_ANY,4,TARGET_SELECTION,,,CARD,0,0,121,320,320,2,False,4,3,False,True,1,1,3,742,0,5,742,0,5,False,False,,,False
92355171,634.5,WIN,True,104,11,DAMAGE_COUNTER_ANY,4,TARGET_SELECTION,,,CARD,0,0,121,320,320,2,False,4,3,False,True,1,1,3,742,0,5,,,5,False,False,,,False
92355171,634.5,WIN,True,105,11,TO_HAND,3,RESOURCE_MANAGEMENT,,,,0,0,121,320,320,2,False,4,3,False,True,1,1,3,,,5,741,10,5,,,,,False
92355171,634.5,WIN,True,106,12,DISCARD,6,RESOURCE_MANAGEMENT,,,,0,0,121,320,320,2,False,4,2,False,True,1,1,3,741,10,5,741,10,5,False,False,,,False
92355171,634.5,WIN,True,107,13,MAIN,7,RESOURCE_MANAGEMENT,ABILITY,,ABILITY,2,0,121,320,320,2,False,4,2,True,True,1,1,3,741,10,5,741,10,5,False,False,,,False
92355171,634.5,WIN,True,108,13,TO_HAND,2,RESOURCE_MANAGEMENT,,,CARD,0,0,121,320,320,2,False,4,2,False,True,1,1,3,741,10,5,741,10,5,False,False,,,False
92355171,634.5,WIN,True,109,13,MAIN,6,RESOURCE_MANAGEMENT,PLAY_SUPPORTER,1227,PLAY,2,0,121,320,320,2,False,4,2,True,True,1,1,3,741,10,5,741,10,5,False,False,,,False
92355171,634.5,WIN,True,110,13,MAIN,7,RESOURCE_MANAGEMENT,PLAY_ITEM,1121,PLAY,2,0,121,320,320,2,False,4,2,True,True,1,1,3,741,10,5,741,10,5,False,False,,,False
92355171,634.5,WIN,True,111,13,DISCARD,5,RESOURCE_MANAGEMENT,,,CARD;CARD,0,0,121,320,320,2,False,4,2,False,True,1,1,3,741,10,5,741,10,5,False,False,,,False
92355171,634.5,WIN,True,112,13,TO_HAND,1,RESOURCE_MANAGEMENT,,,CARD,0,0,121,320,320,2,False,4,2,False,True,1,1,3,741,10,5,741,10,5,False,False,,,False
92355171,634.5,WIN,True,113,13,MAIN,5,ATTACK_SELECTION,ATTACK,,ATTACK,2,1,121,320,320,2,False,4,2,True,True,1,1,3,741,10,5,741,0,5,False,False,,,False
92355171,634.5,WIN,True,114,13,DAMAGE_COUNTER_ANY,4,TARGET_SELECTION,,,CARD,0,0,121,320,320,2,False,4,2,False,True,1,1,3,741,0,5,741,0,5,False,False,,,False
92355171,634.5,WIN,True,115,13,DAMAGE_COUNTER_ANY,4,TARGET_SELECTION,,,CARD,0,0,121,320,320,2,False,4,2,False,True,1,1,3,741,0,5,741,0,5,False,False,,,False
92355171,634.5,WIN,True,116,13,DAMAGE_COUNTER_ANY,4,TARGET_SELECTION,,,CARD,0,0,121,320,320,2,False,4,2,False,True,1,1,3,741,0,5,741,0,5,False,False,,,False
92355171,634.5,WIN,True,117,13,DAMAGE_COUNTER_ANY,4,TARGET_SELECTION,,,CARD,0,0,121,320,320,2,False,4,2,False,True,1,1,3,741,0,5,741,0,5,False,False,,,False
92355171,634.5,WIN,True,118,13,DAMAGE_COUNTER_ANY,4,TARGET_SELECTION,,,CARD,0,0,121,320,320,2,False,4,2,False,True,1,1,3,741,0,5,741,0,5,False,False,,,False
92355171,634.5,WIN,True,119,13,DAMAGE_COUNTER_ANY,4,TARGET_SELECTION,,,CARD,0,0,121,320,320,2,False,4,2,False,True,1,1,3,741,0,5,,,5,False,False,,,False
92355171,634.5,WIN,True,120,13,TO_HAND,2,RESOURCE_MANAGEMENT,,,CARD,0,0,121,320,320,2,False,4,2,False,True,1,1,3,,,5,,,5,,,,,False
92387111,721.1,LOSS,False,0,,,0,UNKNOWN,,,,0,0,,,,,False,,,False,False,,,0,,,,,,,,,,,False
92387111,721.1,LOSS,False,1,,,0,UNKNOWN,,,,0,0,,,,,False,,,False,False,,,0,,,,,,0,,,,,False
92387111,721.1,LOSS,False,2,0,SETUP_ACTIVE_POKEMON,2,EARLY_GAME_SETUP,,,,0,0,,,,,False,0,0,False,False,,,0,,,0,,,6,,,,,False
92387111,721.1,LOSS,False,3,0,DRAW_COUNT,6,SEARCH_DECISION,,,NUMBER,0,0,,,,,False,0,6,False,False,,,0,,,6,,,6,,,,,False
92387111,721.1,LOSS,False,4,0,SETUP_BENCH_POKEMON,2,BENCH_MANAGEMENT,,,,0,0,,,,,False,0,6,False,False,,,0,,,6,344,90,6,,,,,False
92387111,721.1,LOSS,False,5,2,MAIN,10,RESOURCE_MANAGEMENT,PLAY_POKEMON,184,PLAY,0,0,119,70,70,1,False,1,6,False,True,1,0,0,344,90,6,344,90,6,False,False,Ascension,0,False
92387111,721.1,LOSS,False,6,2,MAIN,10,RESOURCE_MANAGEMENT,PLAY_ITEM,1086,PLAY,0,0,119,70,70,1,False,2,6,True,True,1,0,0,344,90,6,344,90,6,False,False,Ascension,0,False
92387111,721.1,LOSS,False,7,2,TO_BENCH,4,BENCH_MANAGEMENT,,,CARD;CARD,0,0,119,70,70,1,False,2,6,False,True,1,0,0,344,90,6,344,90,6,False,False,Ascension,0,False
92387111,721.1,LOSS,False,8,2,MAIN,9,RESOURCE_MANAGEMENT,PLAY_ITEM,1086,PLAY,0,0,119,70,70,1,False,4,6,True,True,1,0,1,344,90,6,344,90,6,False,False,Ascension,0,False
92387111,721.1,LOSS,False,9,2,TO_BENCH,2,BENCH_MANAGEMENT,,,CARD,0,0,119,70,70,1,False,4,6,False,True,1,0,1,344,90,6,344,90,6,False,False,Ascension,0,False
92387111,721.1,LOSS,False,10,2,MAIN,7,RESOURCE_MANAGEMENT,PLAY_ITEM,1152,PLAY,0,0,119,70,70,1,False,5,6,True,True,1,0,1,344,90,6,344,90,6,False,False,Ascension,0,False
92387111,721.1,LOSS,False,11,2,TO_HAND,3,RESOURCE_MANAGEMENT,,,CARD,0,0,119,70,70,1,False,5,6,False,True,1,0,1,344,90,6,344,90,6,False,False,Ascension,0,False
92387111,721.1,LOSS,False,12,2,MAIN,6,RESOURCE_MANAGEMENT,PLAY_ITEM,1121,PLAY,0,0,119,70,70,1,False,5,6,True,True,1,0,1,344,90,6,344,90,6,False,False,Ascension,0,False
92387111,721.1,LOSS,False,13,2,DISCARD,7,RESOURCE_MANAGEMENT,,,CARD;CARD,0,0,119,70,70,1,False,5,6,False,True,1,0,1,344,90,6,344,90,6,False,False,Ascension,0,False
92387111,721.1,LOSS,False,14,2,TO_HAND,6,RESOURCE_MANAGEMENT,,,CARD,0,0,119,70,70,1,False,5,6,False,True,1,0,1,344,90,6,344,90,6,False,False,Ascension,0,False
92387111,721.1,LOSS,False,15,2,MAIN,5,RESOURCE_MANAGEMENT,PLAY_SUPPORTER,1227,PLAY,0,0,119,70,70,1,False,5,6,True,True,1,0,1,344,90,6,344,90,6,False,False,Ascension,0,False
92387111,721.1,LOSS,False,16,2,MAIN,11,RESOURCE_MANAGEMENT,PLAY_ITEM,1152,PLAY,0,0,119,70,70,1,False,5,6,True,True,1,0,1,344,90,6,344,90,6,False,False,Ascension,0,False
92387111,721.1,LOSS,False,17,2,TO_HAND,3,RESOURCE_MANAGEMENT,,,CARD,0,0,119,70,70,1,False,5,6,False,True,1,0,1,344,90,6,344,90,6,False,False,Ascension,0,False
92387111,721.1,LOSS,False,18,2,MAIN,10,RESOURCE_MANAGEMENT,PLAY_ITEM,1097,PLAY,0,0,119,70,70,1,False,5,6,True,True,1,0,1,344,90,6,344,90,6,False,False,Ascension,0,False
92387111,721.1,LOSS,False,19,2,TO_HAND,1,RESOURCE_MANAGEMENT,,,CARD,0,0,119,70,70,1,False,5,6,False,True,1,0,1,344,90,6,344,90,6,False,False,Ascension,0,False
92387111,721.1,LOSS,False,20,2,MAIN,9,RESOURCE_MANAGEMENT,PLAY_ITEM,1120,PLAY,0,0,119,70,70,1,False,5,6,True,True,1,0,1,344,90,6,344,90,6,False,False,Ascension,0,False
92387111,721.1,LOSS,False,21,2,DISCARD_ENERGY,1,ENERGY_MANAGEMENT,,,ENERGY,0,0,119,70,70,1,False,5,6,False,True,1,0,1,344,90,6,344,70,6,False,False,Ascension,0,False
92387111,721.1,LOSS,False,22,2,MAIN,8,ENERGY_MANAGEMENT,ATTACH_ENERGY,,ATTACH,0,0,119,70,70,1,False,5,6,True,True,1,0,1,344,70,6,344,70,6,False,False,,,False
92387111,721.1,LOSS,False,23,2,MAIN,2,RETREAT_SELECTION,RETREAT,,RETREAT,0,0,119,70,70,1,False,5,6,True,True,1,0,1,344,70,6,344,70,6,False,False,,,False
92387111,721.1,LOSS,False,24,2,SWITCH,5,ACTIVE_POKEMON_SELECTION,,,CARD,0,0,119,70,70,1,False,5,6,False,True,1,0,1,344,70,6,344,70,6,False,False,,,False
92387111,721.1,LOSS,False,25,2,MAIN,2,TIMING,,,,1,0,235,30,30,1,False,5,6,False,True,0,0,0,344,70,6,344,60,6,False,False,,,True
92387111,721.1,LOSS,False,26,3,DISCARD,6,RESOURCE_MANAGEMENT,,,,0,0,235,30,30,1,False,5,6,False,True,0,0,0,344,60,6,345,140,6,False,False,Ascension,0,False
92387111,721.1,LOSS,False,27,4,MAIN,13,RESOURCE_MANAGEMENT,PLAY_SUPPORTER,1210,PLAY,1,0,235,30,30,1,False,5,6,True,True,0,0,0,345,140,6,345,140,6,False,False,,,False
92387111,721.1,LOSS,False,28,4,TO_HAND,4,RESOURCE_MANAGEMENT,,,CARD,0,0,235,30,30,1,False,5,6,False,True,0,0,0,345,140,6,345,140,6,False,False,,,False
92387111,721.1,LOSS,False,29,4,MAIN,11,BENCH_MANAGEMENT,EVOLVE,,EVOLVE,1,0,235,30,30,1,False,5,6,True,True,0,0,0,345,140,6,345,140,6,False,False,,,False
92387111,721.1,LOSS,False,30,4,MAIN,7,RESOURCE_MANAGEMENT,ABILITY,,ABILITY,1,0,235,30,30,1,False,5,6,True,True,0,0,0,345,140,6,345,140,6,False,False,,,False
92387111,721.1,LOSS,False,31,4,TO_HAND,2,RESOURCE_MANAGEMENT,,,CARD,0,0,235,30,30,1,False,5,6,False,True,0,0,0,345,140,6,345,140,6,False,False,,,False
92387111,721.1,LOSS,False,32,4,MAIN,12,BENCH_MANAGEMENT,EVOLVE,,EVOLVE,1,0,235,30,30,1,False,5,6,True,True,0,0,0,345,140,6,345,140,6,False,False,,,False
92387111,721.1,LOSS,False,33,4,MAIN,10,RESOURCE_MANAGEMENT,ABILITY,,ABILITY,1,0,235,30,30,1,False,5,6,True,True,0,0,0,345,140,6,345,140,6,False,False,,,False
92387111,721.1,LOSS,False,34,4,TO_HAND,2,RESOURCE_MANAGEMENT,,,CARD,0,0,235,30,30,1,False,5,6,False,True,0,0,0,345,140,6,345,140,6,False,False,,,False
92387111,721.1,LOSS,False,35,4,MAIN,9,ENERGY_MANAGEMENT,ATTACH_ENERGY,,ATTACH,1,0,235,30,30,1,False,5,6,True,True,0,0,0,345,140,6,345,140,6,False,False,,,False
92387111,721.1,LOSS,False,36,4,MAIN,3,TIMING,,,,1,0,235,30,30,1,False,5,6,True,True,0,0,0,345,140,6,345,130,6,False,False,,,False
92387111,721.1,LOSS,False,37,6,MAIN,11,BENCH_MANAGEMENT,EVOLVE,,EVOLVE,1,0,235,10,30,1,True,5,6,True,True,0,0,0,345,130,6,345,130,6,False,False,,,False
92387111,721.1,LOSS,False,38,6,MAIN,7,BENCH_MANAGEMENT,EVOLVE,,EVOLVE,1,0,235,10,30,1,True,5,6,True,True,0,0,1,345,130,6,345,130,6,False,False,,,False
92387111,721.1,LOSS,False,39,6,MAIN,5,RESOURCE_MANAGEMENT,PLAY_SUPPORTER,1198,PLAY,1,0,235,10,30,1,True,5,6,True,True,0,0,1,345,130,6,345,130,6,False,False,,,False
92387111,721.1,LOSS,False,40,6,TO_HAND,5,RESOURCE_MANAGEMENT,,,CARD,0,0,235,10,30,1,True,5,6,False,True,0,0,1,345,130,6,345,130,6,False,False,,,False
92387111,721.1,LOSS,False,41,6,ATTACH_TO,4,ENERGY_MANAGEMENT,,,CARD,0,0,235,10,30,1,True,5,6,False,True,0,0,1,345,130,6,345,130,6,False,False,,,False
92387111,721.1,LOSS,False,42,6,ATTACH_FROM,6,ENERGY_MANAGEMENT,,,CARD,0,0,235,10,30,1,True,5,6,False,True,0,0,1,345,130,6,345,130,6,False,False,,,False
92387111,721.1,LOSS,False,43,6,MAIN,9,ENERGY_MANAGEMENT,ATTACH_ENERGY,,ATTACH,1,0,235,10,30,1,True,5,6,True,True,0,0,1,345,130,6,345,130,6,False,False,,,False
92387111,721.1,LOSS,False,44,6,MAIN,3,RETREAT_SELECTION,RETREAT,,RETREAT,1,0,235,10,30,1,True,5,6,True,True,0,0,2,345,130,6,345,130,6,False,False,,,False
92387111,721.1,LOSS,False,45,6,SWITCH,5,ACTIVE_POKEMON_SELECTION,,,CARD,0,0,235,10,30,1,True,5,6,False,True,0,0,2,345,130,6,345,130,6,False,False,,,False
92387111,721.1,LOSS,False,46,6,MAIN,3,ATTACK_SELECTION,ATTACK,,ATTACK,2,1,121,320,320,2,False,5,6,False,True,1,1,2,345,130,6,345,130,6,False,False,,,True
92387111,721.1,LOSS,False,47,6,DAMAGE_COUNTER_ANY,2,TARGET_SELECTION,,,CARD,0,0,121,320,320,2,False,5,6,False,True,1,1,2,345,130,6,345,130,6,False,False,,,False
92387111,721.1,LOSS,False,48,6,DAMAGE_COUNTER_ANY,2,TARGET_SELECTION,,,CARD,0,0,121,320,320,2,False,5,6,False,True,1,1,2,345,130,6,345,130,6,False,False,,,False
92387111,721.1,LOSS,False,49,6,DAMAGE_COUNTER_ANY,2,TARGET_SELECTION,,,CARD,0,0,121,320,320,2,False,5,6,False,True,1,1,2,345,130,6,345,130,6,False,False,,,False
92387111,721.1,LOSS,False,50,6,DAMAGE_COUNTER_ANY,2,TARGET_SELECTION,,,CARD,0,0,121,320,320,2,False,5,6,False,True,1,1,2,345,130,6,345,130,6,False,False,,,False
92387111,721.1,LOSS,False,51,6,DAMAGE_COUNTER_ANY,2,TARGET_SELECTION,,,CARD,0,0,121,320,320,2,False,5,6,False,True,1,1,2,345,130,6,345,130,6,False,False,,,False
92387111,721.1,LOSS,False,52,6,DAMAGE_COUNTER_ANY,2,TARGET_SELECTION,,,,0,0,121,320,320,2,False,5,6,False,True,1,1,2,345,130,6,345,130,6,False,False,,,False
92387111,721.1,LOSS,False,53,8,MAIN,5,RESOURCE_MANAGEMENT,PLAY_SUPPORTER,1210,PLAY,2,0,121,320,320,2,False,5,6,True,True,1,1,2,345,130,6,345,130,6,False,False,,,False
92387111,721.1,LOSS,False,54,8,TO_HAND,2,RESOURCE_MANAGEMENT,,,CARD,0,0,121,320,320,2,False,5,6,False,True,1,1,2,345,130,6,345,130,6,False,False,,,False
92387111,721.1,LOSS,False,55,8,TO_HAND,1,RESOURCE_MANAGEMENT,,,CARD,0,0,121,320,320,2,False,5,6,False,True,1,1,2,345,130,6,345,130,6,False,False,,,False
92387111,721.1,LOSS,False,56,8,MAIN,5,ATTACK_SELECTION,ATTACK,,ATTACK,2,1,121,320,320,2,False,5,6,True,True,1,1,2,345,130,6,345,130,6,False,False,,,False
92387111,721.1,LOSS,False,57,8,DAMAGE_COUNTER_ANY,2,TARGET_SELECTION,,,CARD,0,0,121,320,320,2,False,5,6,False,True,1,1,2,345,130,6,345,130,6,False,False,,,False
92387111,721.1,LOSS,False,58,8,DAMAGE_COUNTER_ANY,2,TARGET_SELECTION,,,CARD,0,0,121,320,320,2,False,5,6,False,True,1,1,2,345,130,6,345,130,6,False,False,,,False
92387111,721.1,LOSS,False,59,8,DAMAGE_COUNTER_ANY,2,TARGET_SELECTION,,,CARD,0,0,121,320,320,2,False,5,6,False,True,1,1,2,345,130,6,345,130,6,False,False,,,False
92387111,721.1,LOSS,False,60,8,DAMAGE_COUNTER_ANY,2,TARGET_SELECTION,,,CARD,0,0,121,320,320,2,False,5,6,False,True,1,1,2,345,130,6,345,130,6,False,False,,,False
92387111,721.1,LOSS,False,61,8,DAMAGE_COUNTER_ANY,2,TARGET_SELECTION,,,CARD,0,0,121,320,320,2,False,5,6,False,True,1,1,2,345,130,6,345,130,6,False,False,,,False
92387111,721.1,LOSS,False,62,8,DAMAGE_COUNTER_ANY,2,TARGET_SELECTION,,,,0,0,121,320,320,2,False,5,6,False,True,1,1,2,345,130,6,345,150,6,False,False,,,False
92387111,721.1,LOSS,False,63,10,MAIN,11,ENERGY_MANAGEMENT,ATTACH_ENERGY,,ATTACH,2,0,121,320,320,2,False,5,6,True,True,1,1,2,345,150,6,345,150,6,False,False,,,False
92387111,721.1,LOSS,False,64,10,MAIN,5,ATTACK_SELECTION,ATTACK,,ATTACK,2,1,121,320,320,2,False,5,6,True,True,1,1,2,345,150,6,345,150,6,False,False,,,False
92387111,721.1,LOSS,False,65,10,DAMAGE_COUNTER_ANY,2,TARGET_SELECTION,,,CARD,0,0,121,320,320,2,False,5,6,False,True,1,1,2,345,150,6,345,150,6,False,False,,,False
92387111,721.1,LOSS,False,66,10,DAMAGE_COUNTER_ANY,2,TARGET_SELECTION,,,CARD,0,0,121,320,320,2,False,5,6,False,True,1,1,2,345,150,6,345,150,6,False,False,,,False
92387111,721.1,LOSS,False,67,10,DAMAGE_COUNTER_ANY,2,TARGET_SELECTION,,,CARD,0,0,121,320,320,2,False,5,6,False,True,1,1,2,345,150,6,345,150,6,False,False,,,False
92387111,721.1,LOSS,False,68,10,DAMAGE_COUNTER_ANY,2,TARGET_SELECTION,,,CARD,0,0,121,320,320,2,False,5,6,False,True,1,1,2,345,150,6,345,150,6,False,False,,,False
92387111,721.1,LOSS,False,69,10,DAMAGE_COUNTER_ANY,2,TARGET_SELECTION,,,CARD,0,0,121,320,320,2,False,5,6,False,True,1,1,2,345,150,6,345,150,6,False,False,,,False
92387111,721.1,LOSS,False,70,10,DAMAGE_COUNTER_ANY,2,TARGET_SELECTION,,,,0,0,121,320,320,2,False,5,6,False,True,1,1,2,345,150,6,756,300,6,False,False,,,False
92387111,721.1,LOSS,False,71,12,MAIN,5,RESOURCE_MANAGEMENT,PLAY_ITEM,1121,PLAY,2,0,121,320,320,2,False,5,6,True,True,1,1,2,756,300,6,756,300,6,False,False,,,False
92387111,721.1,LOSS,False,72,12,DISCARD,3,RESOURCE_MANAGEMENT,,,CARD;CARD,0,0,121,320,320,2,False,5,6,False,True,1,1,2,756,300,6,756,300,6,False,False,,,False
92387111,721.1,LOSS,False,73,12,MAIN,4,ATTACK_SELECTION,ATTACK,,ATTACK,2,1,121,320,320,2,False,5,6,True,True,1,1,2,756,300,6,756,100,6,False,False,,,False
92387111,721.1,LOSS,False,74,12,DAMAGE_COUNTER_ANY,4,TARGET_SELECTION,,,CARD,0,0,121,320,320,2,False,5,6,False,True,1,1,2,756,100,6,756,100,6,False,False,,,False
92387111,721.1,LOSS,False,75,12,DAMAGE_COUNTER_ANY,4,TARGET_SELECTION,,,CARD,0,0,121,320,320,2,False,5,6,False,True,1,1,2,756,100,6,756,100,6,False,False,,,False
92387111,721.1,LOSS,False,76,12,DAMAGE_COUNTER_ANY,4,TARGET_SELECTION,,,CARD,0,0,121,320,320,2,False,5,6,False,True,1,1,2,756,100,6,756,100,6,False,False,,,False
92387111,721.1,LOSS,False,77,12,DAMAGE_COUNTER_ANY,4,TARGET_SELECTION,,,CARD,0,0,121,320,320,2,False,5,6,False,True,1,1,2,756,100,6,756,100,6,False,False,,,False
92387111,721.1,LOSS,False,78,12,DAMAGE_COUNTER_ANY,4,TARGET_SELECTION,,,CARD,0,0,121,320,320,2,False,5,6,False,True,1,1,2,756,100,6,756,100,6,False,False,,,False
92387111,721.1,LOSS,False,79,12,DAMAGE_COUNTER_ANY,4,TARGET_SELECTION,,,,0,0,121,320,320,2,False,5,6,False,True,1,1,2,756,100,6,756,100,6,False,False,,,False
92387111,721.1,LOSS,False,80,14,MAIN,5,RESOURCE_MANAGEMENT,PLAY_SUPPORTER,1198,PLAY,2,0,121,320,320,2,False,5,6,True,True,1,1,2,756,100,6,756,100,6,False,False,,,False
92387111,721.1,LOSS,False,81,14,TO_HAND,2,RESOURCE_MANAGEMENT,,,CARD,0,0,121,320,320,2,False,5,6,False,True,1,1,2,756,100,6,756,100,6,False,False,,,False
92387111,721.1,LOSS,False,82,14,MAIN,10,ENERGY_MANAGEMENT,ATTACH_ENERGY,,ATTACH,2,0,121,320,320,2,False,5,6,True,True,1,1,2,756,100,6,756,100,6,False,False,,,False
92387111,721.1,LOSS,False,83,14,MAIN,4,ATTACK_SELECTION,ATTACK,,ATTACK,2,1,121,320,320,2,False,5,6,True,True,1,1,3,756,100,6,756,0,6,False,False,,,False
92387111,721.1,LOSS,False,84,14,DAMAGE_COUNTER_ANY,4,TARGET_SELECTION,,,CARD,0,0,121,320,320,2,False,5,6,False,True,1,1,3,756,0,6,756,0,6,False,False,,,False
92387111,721.1,LOSS,False,85,14,DAMAGE_COUNTER_ANY,4,TARGET_SELECTION,,,CARD,0,0,121,320,320,2,False,5,6,False,True,1,1,3,756,0,6,756,0,6,False,False,,,False
92387111,721.1,LOSS,False,86,14,DAMAGE_COUNTER_ANY,4,TARGET_SELECTION,,,CARD,0,0,121,320,320,2,False,5,6,False,True,1,1,3,756,0,6,756,0,6,False,False,,,False
92387111,721.1,LOSS,False,87,14,DAMAGE_COUNTER_ANY,4,TARGET_SELECTION,,,CARD,0,0,121,320,320,2,False,5,6,False,True,1,1,3,756,0,6,756,0,6,False,False,,,False
92387111,721.1,LOSS,False,88,14,DAMAGE_COUNTER_ANY,4,TARGET_SELECTION,,,CARD,0,0,121,320,320,2,False,5,6,False,True,1,1,3,756,0,6,756,0,6,False,False,,,False
92387111,721.1,LOSS,False,89,14,DAMAGE_COUNTER_ANY,4,TARGET_SELECTION,,,CARD,0,0,121,320,320,2,False,5,6,False,True,1,1,3,756,0,6,,,6,False,False,,,False
92387111,721.1,LOSS,False,90,14,TO_HAND,6,RESOURCE_MANAGEMENT,,,,0,0,121,320,320,2,False,5,6,False,True,1,1,3,,,6,345,150,6,,,,,False
92387111,721.1,LOSS,False,91,15,DISCARD,4,RESOURCE_MANAGEMENT,,,,0,0,121,320,320,2,False,5,3,False,True,1,1,3,345,150,6,345,150,6,False,False,,,False
92387111,721.1,LOSS,False,92,16,MAIN,6,RESOURCE_MANAGEMENT,PLAY_ITEM,1120,PLAY,2,0,121,320,320,2,False,5,3,True,True,1,1,3,345,150,6,345,150,6,False,False,,,False
92387111,721.1,LOSS,False,93,16,MAIN,5,RESOURCE_MANAGEMENT,PLAY_SUPPORTER,1227,PLAY,2,0,121,320,320,2,False,5,3,True,True,1,1,3,345,150,6,345,150,6,False,False,,,False
92387111,721.1,LOSS,False,94,16,MAIN,14,RESOURCE_MANAGEMENT,PLAY_ITEM,1097,PLAY,2,0,121,320,320,2,False,5,3,True,True,1,1,3,345,150,6,345,150,6,False,False,,,False
92387111,721.1,LOSS,False,95,16,TO_HAND,4,RESOURCE_MANAGEMENT,,,CARD,0,0,121,320,320,2,False,5,3,False,True,1,1,3,345,150,6,345,150,6,False,False,,,False
92387111,721.1,LOSS,False,96,16,MAIN,15,RESOURCE_MANAGEMENT,PLAY_ITEM,1120,PLAY,2,0,121,320,320,2,False,5,3,True,True,1,1,3,345,150,6,345,150,6,False,False,,,False
92387111,721.1,LOSS,False,97,16,DISCARD_ENERGY,4,ENERGY_MANAGEMENT,,,ENERGY,0,0,121,320,320,2,False,5,3,False,True,1,1,3,345,150,6,345,150,6,False,False,,,False
92387111,721.1,LOSS,False,98,16,MAIN,14,RESOURCE_MANAGEMENT,PLAY_ITEM,1120,PLAY,2,0,121,320,320,2,False,5,3,True,True,1,1,3,345,150,6,345,150,6,False,False,,,False
92387111,721.1,LOSS,False,99,16,DISCARD_ENERGY,3,ENERGY_MANAGEMENT,,,ENERGY,0,0,121,320,320,2,False,5,3,False,True,1,1,3,345,150,6,345,150,6,False,False,,,False
92387111,721.1,LOSS,False,100,16,MAIN,13,BENCH_MANAGEMENT,EVOLVE,,EVOLVE,2,0,121,320,320,2,False,5,3,True,True,1,1,3,345,150,6,345,150,6,False,False,,,False
92387111,721.1,LOSS,False,101,16,MAIN,12,RESOURCE_MANAGEMENT,ABILITY,,ABILITY,2,0,121,320,320,2,False,5,3,True,True,1,1,3,345,150,6,345,150,6,False,False,,,False
92387111,721.1,LOSS,False,102,16,TO_HAND,2,RESOURCE_MANAGEMENT,,,CARD,0,0,121,320,320,2,False,5,3,False,True,1,1,3,345,150,6,345,150,6,False,False,,,False
92387111,721.1,LOSS,False,103,16,MAIN,12,RESOURCE_MANAGEMENT,PLAY_ITEM,1079,PLAY,2,0,121,320,320,2,False,5,3,True,True,1,1,3,345,150,6,345,150,6,False,False,,,False
92387111,721.1,LOSS,False,104,16,EVOLVE,1,BENCH_MANAGEMENT,,,EVOLVE,0,0,121,320,320,2,False,5,3,False,True,1,1,3,345,150,6,345,150,6,False,False,,,False
92387111,721.1,LOSS,False,105,16,MAIN,11,ENERGY_MANAGEMENT,ATTACH_ENERGY,,ATTACH,2,0,121,320,320,2,False,5,3,True,True,1,1,3,345,150,6,345,150,6,False,False,,,False
92387111,721.1,LOSS,False,106,16,MAIN,5,ATTACK_SELECTION,ATTACK,,ATTACK,2,1,121,320,320,2,False,5,3,True,True,1,1,4,345,150,6,345,150,6,False,False,,,False
92387111,721.1,LOSS,False,107,16,DAMAGE_COUNTER_ANY,3,TARGET_SELECTION,,,CARD,0,0,121,320,320,2,False,5,3,False,True,1,1,4,345,150,6,345,150,6,False,False,,,False
92387111,721.1,LOSS,False,108,16,DAMAGE_COUNTER_ANY,3,TARGET_SELECTION,,,CARD,0,0,121,320,320,2,False,5,3,False,True,1,1,4,345,150,6,345,150,6,False,False,,,False
92387111,721.1,LOSS,False,109,16,DAMAGE_COUNTER_ANY,3,TARGET_SELECTION,,,CARD,0,0,121,320,320,2,False,5,3,False,True,1,1,4,345,150,6,345,150,6,False,False,,,False
92387111,721.1,LOSS,False,110,16,DAMAGE_COUNTER_ANY,3,TARGET_SELECTION,,,CARD,0,0,121,320,320,2,False,5,3,False,True,1,1,4,345,150,6,345,150,6,False,False,,,False
92387111,721.1,LOSS,False,111,16,DAMAGE_COUNTER_ANY,3,TARGET_SELECTION,,,CARD,0,0,121,320,320,2,False,5,3,False,True,1,1,4,345,150,6,345,150,6,False,False,,,False
92387111,721.1,LOSS,False,112,16,DAMAGE_COUNTER_ANY,3,TARGET_SELECTION,,,,0,0,121,320,320,2,False,5,3,False,True,1,1,4,345,150,6,345,150,6,False,False,,,False
92387111,721.1,LOSS,False,113,18,MAIN,12,ENERGY_MANAGEMENT,ATTACH_ENERGY,,ATTACH,2,0,121,320,320,2,False,5,3,True,True,1,1,4,345,150,6,345,150,6,False,False,,,False
92387111,721.1,LOSS,False,114,18,MAIN,6,RESOURCE_MANAGEMENT,ABILITY,,ABILITY,2,0,121,320,320,2,False,5,3,True,True,1,1,4,345,150,6,345,150,6,False,False,,,False
92387111,721.1,LOSS,False,115,18,TO_HAND,2,RESOURCE_MANAGEMENT,,,CARD,0,0,121,320,320,2,False,5,3,False,True,1,1,4,345,150,6,345,150,6,False,False,,,False
92387111,721.1,LOSS,False,116,18,MAIN,6,RESOURCE_MANAGEMENT,PLAY_SUPPORTER,1227,PLAY,2,0,121,320,320,2,False,5,3,True,True,1,1,4,345,150,6,345,150,6,False,False,,,False
92387111,721.1,LOSS,False,117,18,MAIN,7,RESOURCE_MANAGEMENT,PLAY_STADIUM,1256,PLAY,2,0,121,320,320,2,False,5,3,True,True,1,1,4,345,150,6,345,150,6,False,False,,,False
92387111,721.1,LOSS,False,118,18,MAIN,6,ATTACK_SELECTION,ATTACK,,ATTACK,2,1,121,320,320,2,False,5,3,True,True,1,1,4,345,150,6,345,150,6,False,False,,,False
92387111,721.1,LOSS,False,119,18,DAMAGE_COUNTER_ANY,3,TARGET_SELECTION,,,CARD,0,0,121,320,320,2,False,5,3,False,True,1,1,4,345,150,6,345,150,6,False,False,,,False
92387111,721.1,LOSS,False,120,18,DAMAGE_COUNTER_ANY,3,TARGET_SELECTION,,,CARD,0,0,121,320,320,2,False,5,3,False,True,1,1,4,345,150,6,345,150,6,False,False,,,False
92387111,721.1,LOSS,False,121,18,DAMAGE_COUNTER_ANY,3,TARGET_SELECTION,,,CARD,0,0,121,320,320,2,False,5,3,False,True,1,1,4,345,150,6,345,150,6,False,False,,,False
92387111,721.1,LOSS,False,122,18,DAMAGE_COUNTER_ANY,3,TARGET_SELECTION,,,CARD,0,0,121,320,320,2,False,5,3,False,True,1,1,4,345,150,6,345,150,6,False,False,,,False
92387111,721.1,LOSS,False,123,18,DAMAGE_COUNTER_ANY,3,TARGET_SELECTION,,,CARD,0,0,121,320,320,2,False,5,3,False,True,1,1,4,345,150,6,345,150,6,False,False,,,False
92387111,721.1,LOSS,False,124,18,DAMAGE_COUNTER_ANY,3,TARGET_SELECTION,,,,0,0,121,320,320,2,False,5,3,False,True,1,1,4,345,150,6,345,150,6,False,False,,,False
92387111,721.1,LOSS,False,125,20,MAIN,12,RESOURCE_MANAGEMENT,PLAY_SUPPORTER,1227,PLAY,2,0,121,200,320,2,True,5,3,True,True,1,1,4,345,150,6,345,150,6,False,False,Superb Scissors,120,False
92387111,721.1,LOSS,False,126,20,MAIN,7,ATTACK_SELECTION,ATTACK,,ATTACK,2,1,121,200,320,2,True,5,3,True,True,1,1,4,345,150,6,345,150,6,False,False,Superb Scissors,120,False
92387111,721.1,LOSS,False,127,20,DAMAGE_COUNTER_ANY,3,TARGET_SELECTION,,,CARD,0,0,121,200,320,2,True,5,3,False,True,1,1,4,345,150,6,345,150,6,False,False,Superb Scissors,120,False
92387111,721.1,LOSS,False,128,20,DAMAGE_COUNTER_ANY,3,TARGET_SELECTION,,,CARD,0,0,121,200,320,2,True,5,3,False,True,1,1,4,345,150,6,345,150,6,False,False,Superb Scissors,120,False
92387111,721.1,LOSS,False,129,20,DAMAGE_COUNTER_ANY,3,TARGET_SELECTION,,,CARD,0,0,121,200,320,2,True,5,3,False,True,1,1,4,345,150,6,345,150,6,False,False,Superb Scissors,120,False
92387111,721.1,LOSS,False,130,20,DAMAGE_COUNTER_ANY,3,TARGET_SELECTION,,,CARD,0,0,121,200,320,2,True,5,3,False,True,1,1,4,345,150,6,345,150,6,False,False,Superb Scissors,120,False
92387111,721.1,LOSS,False,131,20,DAMAGE_COUNTER_ANY,3,TARGET_SELECTION,,,CARD,0,0,121,200,320,2,True,5,3,False,True,1,1,4,345,150,6,345,150,6,False,False,Superb Scissors,120,False
92387111,721.1,LOSS,False,132,20,DAMAGE_COUNTER_ANY,3,TARGET_SELECTION,,,,0,0,121,200,320,2,True,5,3,False,True,1,1,4,345,150,6,345,150,6,False,False,Superb Scissors,120,False
92387111,721.1,LOSS,False,133,22,MAIN,6,ATTACK_SELECTION,ATTACK,,ATTACK,2,1,121,80,320,2,True,5,3,True,True,1,1,4,345,150,6,345,150,6,True,False,Superb Scissors,120,False
92387111,721.1,LOSS,False,134,22,DAMAGE_COUNTER_ANY,3,TARGET_SELECTION,,,CARD,0,0,121,80,320,2,True,5,3,False,True,1,1,4,345,150,6,345,150,6,True,False,Superb Scissors,120,False
92387111,721.1,LOSS,False,135,22,DAMAGE_COUNTER_ANY,3,TARGET_SELECTION,,,CARD,0,0,121,80,320,2,True,5,3,False,True,1,1,4,345,150,6,345,150,6,True,False,Superb Scissors,120,False
92387111,721.1,LOSS,False,136,22,DAMAGE_COUNTER_ANY,3,TARGET_SELECTION,,,CARD,0,0,121,80,320,2,True,5,3,False,True,1,1,4,345,150,6,345,150,6,True,False,Superb Scissors,120,False
92387111,721.1,LOSS,False,137,22,DAMAGE_COUNTER_ANY,3,TARGET_SELECTION,,,CARD,0,0,121,80,320,2,True,5,3,False,True,1,1,4,345,150,6,345,150,6,True,False,Superb Scissors,120,False
92387111,721.1,LOSS,False,138,22,DAMAGE_COUNTER_ANY,3,TARGET_SELECTION,,,CARD,0,0,121,80,320,2,True,5,3,False,True,1,1,4,345,150,6,345,150,6,True,False,Superb Scissors,120,False
92387111,721.1,LOSS,False,139,22,DAMAGE_COUNTER_ANY,3,TARGET_SELECTION,,,CARD,0,0,121,80,320,2,True,5,3,False,True,1,1,4,345,150,6,345,150,6,True,False,Superb Scissors,120,False
92387111,721.1,LOSS,False,140,22,TO_HAND,3,RESOURCE_MANAGEMENT,,,CARD,0,0,121,80,320,2,True,5,3,False,True,1,1,4,345,150,6,345,150,6,True,False,Superb Scissors,120,False
92387111,721.1,LOSS,False,141,22,TO_HAND,2,RESOURCE_MANAGEMENT,,,,0,0,121,80,320,2,True,5,2,False,True,1,1,4,345,150,6,345,150,4,True,False,Superb Scissors,120,False
92415836,701.7,WIN,True,0,,,0,UNKNOWN,,,,0,0,,,,,False,,,False,False,,,0,,,,,,,,,,,False
92415836,701.7,WIN,True,1,,,0,UNKNOWN,,,,0,0,,,,,False,,,False,False,,,0,,,,,,0,,,,,False
92415836,701.7,WIN,True,2,0,IS_FIRST,2,GOING_FIRST_SECOND,,,YES,0,0,,,,,False,0,0,False,False,,,0,,,0,,,0,,,,,False
92415836,701.7,WIN,True,3,0,SETUP_ACTIVE_POKEMON,1,EARLY_GAME_SETUP,,,,0,0,,,,,False,0,0,False,False,,,0,,,0,,,6,,,,,False
92415836,701.7,WIN,True,4,0,DRAW_COUNT,2,SEARCH_DECISION,,,NUMBER,0,0,,,,,False,0,6,False,False,,,0,,,6,96,210,6,,,,,False
92415836,701.7,WIN,True,5,1,MAIN,5,RESOURCE_MANAGEMENT,PLAY_STADIUM,1256,PLAY,0,0,140,210,210,2,False,0,6,False,False,1,0,0,96,210,6,96,210,6,False,False,,,False
92415836,701.7,WIN,True,6,1,MAIN,4,RESOURCE_MANAGEMENT,PLAY_ITEM,1152,PLAY,0,0,140,210,210,2,False,0,6,False,False,1,0,0,96,210,6,96,210,6,False,False,,,False
92415836,701.7,WIN,True,7,1,TO_HAND,7,RESOURCE_MANAGEMENT,,,CARD,0,0,140,210,210,2,False,0,6,False,False,1,0,0,96,210,6,96,210,6,False,False,,,False
92415836,701.7,WIN,True,8,1,MAIN,4,RESOURCE_MANAGEMENT,PLAY_POKEMON,119,PLAY,0,0,140,210,210,2,False,0,6,False,False,1,0,0,96,210,6,96,210,6,False,False,,,False
92415836,701.7,WIN,True,9,1,MAIN,4,ENERGY_MANAGEMENT,ATTACH_ENERGY,,ATTACH,0,0,140,210,210,2,False,1,6,False,True,1,0,0,96,210,6,96,210,6,False,False,,,False
92415836,701.7,WIN,True,10,1,MAIN,2,TIMING,,,,0,0,140,210,210,2,False,1,6,False,True,1,0,1,96,210,6,96,230,6,False,False,,,False
92415836,701.7,WIN,True,11,3,MAIN,7,BENCH_MANAGEMENT,EVOLVE,,EVOLVE,0,0,140,210,210,2,False,1,6,False,True,1,0,1,96,230,6,96,230,6,False,False,,,False
92415836,701.7,WIN,True,12,3,MAIN,7,RESOURCE_MANAGEMENT,ABILITY,,ABILITY,0,0,140,210,210,2,False,1,6,False,True,1,0,0,96,230,6,96,230,6,False,False,,,False
92415836,701.7,WIN,True,13,3,TO_HAND,2,RESOURCE_MANAGEMENT,,,CARD,0,0,140,210,210,2,False,1,6,False,True,1,0,0,96,230,6,96,230,6,False,False,,,False
92415836,701.7,WIN,True,14,3,MAIN,6,RESOURCE_MANAGEMENT,PLAY_SUPPORTER,1227,PLAY,0,0,140,210,210,2,False,1,6,False,True,1,0,0,96,230,6,96,230,6,False,False,,,False
92415836,701.7,WIN,True,15,3,MAIN,7,RESOURCE_MANAGEMENT,PLAY_ITEM,1086,PLAY,0,0,140,210,210,2,False,1,6,False,True,1,0,0,96,230,6,96,230,6,False,False,,,False
92415836,701.7,WIN,True,16,3,TO_BENCH,3,BENCH_MANAGEMENT,,,CARD;CARD,0,0,140,210,210,2,False,1,6,False,True,1,0,0,96,230,6,96,230,6,False,False,,,False
92415836,701.7,WIN,True,17,3,MAIN,10,ENERGY_MANAGEMENT,ATTACH_ENERGY,,ATTACH,0,0,140,210,210,2,False,3,6,False,True,1,0,0,96,230,6,96,230,6,False,False,,,False
92415836,701.7,WIN,True,18,3,MAIN,2,TIMING,,,,0,0,140,210,210,2,False,3,6,False,True,1,0,0,96,230,6,96,260,6,False,False,,,False
92415836,701.7,WIN,True,19,5,MAIN,13,RESOURCE_MANAGEMENT,PLAY_STADIUM,1256,PLAY,0,0,140,90,240,2,True,3,6,False,True,1,0,0,96,260,6,96,230,6,False,False,Myriad Leaf Shower,30,False
92415836,701.7,WIN,True,20,5,MAIN,12,RESOURCE_MANAGEMENT,ABILITY,,ABILITY,0,0,140,60,210,2,True,3,6,False,True,1,0,0,96,230,6,96,230,6,False,False,Myriad Leaf Shower,30,False
92415836,701.7,WIN,True,21,5,TO_HAND,2,RESOURCE_MANAGEMENT,,,CARD,0,0,140,60,210,2,True,3,6,False,True,1,0,0,96,230,6,96,230,6,False,False,Myriad Leaf Shower,30,False
92415836,701.7,WIN,True,22,5,MAIN,12,ENERGY_MANAGEMENT,ATTACH_ENERGY,,ATTACH,0,0,140,60,210,2,True,3,6,False,True,1,0,0,96,230,6,96,230,6,False,False,Myriad Leaf Shower,30,False
92415836,701.7,WIN,True,23,5,MAIN,4,RESOURCE_MANAGEMENT,PLAY_SUPPORTER,1227,PLAY,0,0,140,60,210,2,True,3,6,False,True,1,0,1,96,230,6,96,230,6,False,False,Myriad Leaf Shower,30,False
92415836,701.7,WIN,True,24,5,MAIN,8,RESOURCE_MANAGEMENT,PLAY_ITEM,1152,PLAY,0,0,140,60,210,2,True,3,6,False,True,1,0,1,96,230,6,96,230,6,False,False,Myriad Leaf Shower,30,False
92415836,701.7,WIN,True,25,5,TO_HAND,4,RESOURCE_MANAGEMENT,,,CARD,0,0,140,60,210,2,True,3,6,False,True,1,0,1,96,230,6,96,230,6,False,False,Myriad Leaf Shower,30,False
92415836,701.7,WIN,True,26,5,MAIN,9,RESOURCE_MANAGEMENT,PLAY_ITEM,1121,PLAY,0,0,140,60,210,2,True,3,6,False,True,1,0,1,96,230,6,96,230,6,False,False,Myriad Leaf Shower,30,False
92415836,701.7,WIN,True,27,5,DISCARD,7,RESOURCE_MANAGEMENT,,,CARD;CARD,0,0,140,60,210,2,True,3,6,False,True,1,0,1,96,230,6,96,230,6,False,False,Myriad Leaf Shower,30,False
92415836,701.7,WIN,True,28,5,TO_HAND,8,RESOURCE_MANAGEMENT,,,CARD,0,0,140,60,210,2,True,3,6,False,True,1,0,1,96,230,6,96,230,6,False,False,Myriad Leaf Shower,30,False
92415836,701.7,WIN,True,29,5,MAIN,7,BENCH_MANAGEMENT,EVOLVE,,EVOLVE,0,0,140,60,210,2,True,3,6,False,True,1,0,1,96,230,6,96,230,6,False,False,Myriad Leaf Shower,30,False
92415836,701.7,WIN,True,30,5,MAIN,6,RESOURCE_MANAGEMENT,PLAY_ITEM,1120,PLAY,0,0,140,60,210,2,True,3,6,False,True,1,0,2,96,230,6,96,230,6,False,False,Myriad Leaf Shower,30,False
92415836,701.7,WIN,True,31,5,DISCARD_ENERGY,5,ENERGY_MANAGEMENT,,,ENERGY,0,0,140,60,210,2,True,3,6,False,True,1,0,2,96,230,6,96,230,6,False,False,Myriad Leaf Shower,30,False
92415836,701.7,WIN,True,32,5,MAIN,5,RESOURCE_MANAGEMENT,PLAY_ITEM,1120,PLAY,0,0,140,60,210,2,True,3,6,False,True,1,0,2,96,230,6,96,230,6,False,False,Myriad Leaf Shower,30,False
92415836,701.7,WIN,True,33,5,MAIN,4,BENCH_MANAGEMENT,EVOLVE,,EVOLVE,0,0,140,60,210,2,True,3,6,False,True,1,0,2,96,230,6,96,230,6,False,False,Myriad Leaf Shower,30,False
92415836,701.7,WIN,True,34,5,MAIN,2,RESOURCE_MANAGEMENT,ABILITY,,ABILITY,0,0,140,60,210,2,True,3,6,False,True,1,0,2,96,230,6,96,230,6,False,False,Myriad Leaf Shower,30,False
92415836,701.7,WIN,True,35,5,TO_HAND,2,RESOURCE_MANAGEMENT,,,CARD,0,0,140,60,210,2,True,3,6,False,True,1,0,2,96,230,6,96,230,6,False,False,Myriad Leaf Shower,30,False
92415836,701.7,WIN,True,36,5,MAIN,2,TIMING,,,,0,0,140,60,210,2,True,3,6,False,True,1,0,2,96,230,6,96,280,4,False,False,Myriad Leaf Shower,30,False
92415836,701.7,WIN,True,37,6,TO_ACTIVE,3,ACTIVE_POKEMON_SELECTION,,,CARD,0,0,,,,,False,3,6,False,True,,,2,96,280,4,96,280,4,,,,,True
92415836,701.7,WIN,True,38,7,MAIN,8,RESOURCE_MANAGEMENT,PLAY_ITEM,1097,PLAY,1,0,121,320,320,2,False,2,6,True,True,1,1,1,96,280,4,96,280,4,False,False,Myriad Leaf Shower,30,False
92415836,701.7,WIN,True,39,7,TO_HAND,1,RESOURCE_MANAGEMENT,,,CARD,0,0,121,320,320,2,False,2,6,False,True,1,1,1,96,280,4,96,280,4,False,False,Myriad Leaf Shower,30,False
92415836,701.7,WIN,True,40,7,MAIN,8,RESOURCE_MANAGEMENT,PLAY_POKEMON,140,PLAY,1,0,121,320,320,2,False,2,6,True,True,1,1,1,96,280,4,96,280,4,False,False,Myriad Leaf Shower,30,False
92415836,701.7,WIN,True,41,7,MAIN,8,RESOURCE_MANAGEMENT,ABILITY,,ABILITY,1,0,121,320,320,2,False,3,6,True,True,1,1,1,96,280,4,96,280,4,False,False,Myriad Leaf Shower,30,False
92415836,701.7,WIN,True,42,7,TO_HAND,2,RESOURCE_MANAGEMENT,,,CARD,0,0,121,320,320,2,False,3,6,False,True,1,1,1,96,280,4,96,280,4,False,False,Myriad Leaf Shower,30,False
92415836,701.7,WIN,True,43,7,MAIN,8,RESOURCE_MANAGEMENT,ABILITY,,ABILITY,1,0,121,320,320,2,False,3,6,True,True,1,1,1,96,280,4,96,280,4,False,False,Myriad Leaf Shower,30,False
92415836,701.7,WIN,True,44,7,MAIN,16,RESOURCE_MANAGEMENT,PLAY_ITEM,1152,PLAY,1,0,121,320,320,2,False,3,6,True,True,1,1,1,96,280,4,96,280,4,False,False,Myriad Leaf Shower,30,False
92415836,701.7,WIN,True,45,7,TO_HAND,3,RESOURCE_MANAGEMENT,,,CARD,0,0,121,320,320,2,False,3,6,False,True,1,1,1,96,280,4,96,280,4,False,False,Myriad Leaf Shower,30,False
92415836,701.7,WIN,True,46,7,MAIN,16,BENCH_MANAGEMENT,EVOLVE,,EVOLVE,1,0,121,320,320,2,False,3,6,True,True,1,1,1,96,280,4,96,280,4,False,False,Myriad Leaf Shower,30,False
92415836,701.7,WIN,True,47,7,MAIN,16,RESOURCE_MANAGEMENT,ABILITY,,ABILITY,1,0,121,320,320,2,False,3,6,True,True,1,1,0,96,280,4,96,280,4,False,False,Myriad Leaf Shower,30,False
92415836,701.7,WIN,True,48,7,TO_HAND,2,RESOURCE_MANAGEMENT,,,CARD,0,0,121,320,320,2,False,3,6,False,True,1,1,0,96,280,4,96,280,4,False,False,Myriad Leaf Shower,30,False
92415836,701.7,WIN,True,49,7,MAIN,15,ENERGY_MANAGEMENT,ATTACH_ENERGY,,ATTACH,1,0,121,320,320,2,False,3,6,True,True,1,1,0,96,280,4,96,280,4,False,False,Myriad Leaf Shower,30,False
92415836,701.7,WIN,True,50,7,MAIN,8,RESOURCE_MANAGEMENT,PLAY_SUPPORTER,1227,PLAY,2,0,121,320,320,2,False,3,6,True,True,1,1,0,96,280,4,96,280,4,False,False,Myriad Leaf Shower,30,False
92415836,701.7,WIN,True,51,7,MAIN,10,ENERGY_MANAGEMENT,ATTACH_ENERGY,,ATTACH,2,0,121,320,320,2,False,3,6,True,True,1,1,0,96,280,4,96,280,4,False,False,Myriad Leaf Shower,30,False
92415836,701.7,WIN,True,52,7,MAIN,6,ATTACK_SELECTION,ATTACK,,ATTACK,2,1,121,320,320,2,False,3,6,True,True,1,1,0,96,280,4,96,80,4,False,False,Myriad Leaf Shower,30,False
92415836,701.7,WIN,True,53,7,DAMAGE_COUNTER_ANY,1,TARGET_SELECTION,,,CARD,0,0,121,320,320,2,False,3,6,False,True,1,1,0,96,80,4,96,80,4,False,False,Myriad Leaf Shower,30,False
92415836,701.7,WIN,True,54,7,DAMAGE_COUNTER_ANY,1,TARGET_SELECTION,,,CARD,0,0,121,320,320,2,False,3,6,False,True,1,1,0,96,80,4,96,80,4,False,False,Myriad Leaf Shower,30,False
92415836,701.7,WIN,True,55,7,DAMAGE_COUNTER_ANY,1,TARGET_SELECTION,,,CARD,0,0,121,320,320,2,False,3,6,False,True,1,1,0,96,80,4,96,80,4,False,False,Myriad Leaf Shower,30,False
92415836,701.7,WIN,True,56,7,DAMAGE_COUNTER_ANY,1,TARGET_SELECTION,,,CARD,0,0,121,320,320,2,False,3,6,False,True,1,1,0,96,80,4,96,80,4,False,False,Myriad Leaf Shower,30,False
92415836,701.7,WIN,True,57,7,DAMAGE_COUNTER_ANY,1,TARGET_SELECTION,,,CARD,0,0,121,320,320,2,False,3,6,False,True,1,1,0,96,80,4,96,80,4,False,False,Myriad Leaf Shower,30,False
92415836,701.7,WIN,True,58,7,DAMAGE_COUNTER_ANY,1,TARGET_SELECTION,,,,0,0,121,320,320,2,False,3,6,False,True,1,1,0,96,80,4,96,180,2,False,False,Myriad Leaf Shower,30,False
92415836,701.7,WIN,True,59,8,TO_ACTIVE,3,ACTIVE_POKEMON_SELECTION,,,CARD,0,0,,,,,False,3,6,False,True,,,0,96,180,2,96,180,2,,,,,True
92415836,701.7,WIN,True,60,9,MAIN,16,BENCH_MANAGEMENT,EVOLVE,,EVOLVE,0,0,120,90,90,1,False,2,6,True,True,1,1,0,96,180,2,96,180,2,False,False,Myriad Leaf Shower,30,False
92415836,701.7,WIN,True,61,9,MAIN,13,RESOURCE_MANAGEMENT,ABILITY,,ABILITY,1,0,121,320,320,2,False,2,6,True,True,1,1,0,96,180,2,96,180,2,False,False,Myriad Leaf Shower,30,True
92415836,701.7,WIN,True,62,9,TO_HAND,2,RESOURCE_MANAGEMENT,,,CARD,0,0,121,320,320,2,False,2,6,False,True,1,1,0,96,180,2,96,180,2,False,False,Myriad Leaf Shower,30,False
92415836,701.7,WIN,True,63,9,MAIN,15,RESOURCE_MANAGEMENT,ABILITY,,ABILITY,1,0,121,320,320,2,False,2,6,True,True,1,1,0,96,180,2,96,180,2,False,False,Myriad Leaf Shower,30,False
92415836,701.7,WIN,True,64,9,MAIN,21,RESOURCE_MANAGEMENT,PLAY_SUPPORTER,1198,PLAY,1,0,121,320,320,2,False,2,6,True,True,1,1,0,96,180,2,96,180,2,False,False,Myriad Leaf Shower,30,False
92415836,701.7,WIN,True,65,9,TO_HAND,1,RESOURCE_MANAGEMENT,,,CARD,0,0,121,320,320,2,False,2,6,False,True,1,1,0,96,180,2,96,180,2,False,False,Myriad Leaf Shower,30,False
92415836,701.7,WIN,True,66,9,MAIN,18,ENERGY_MANAGEMENT,ATTACH_ENERGY,,ATTACH,1,0,121,320,320,2,False,2,6,True,True,1,1,0,96,180,2,96,180,2,False,False,Myriad Leaf Shower,30,False
92415836,701.7,WIN,True,67,9,MAIN,7,ATTACK_SELECTION,ATTACK,,ATTACK,2,1,121,320,320,2,False,2,6,True,True,1,1,0,96,180,2,96,0,2,False,False,Myriad Leaf Shower,30,False
92415836,701.7,WIN,True,68,9,DAMAGE_COUNTER_ANY,1,TARGET_SELECTION,,,CARD,0,0,121,320,320,2,False,2,6,False,True,1,1,0,96,0,2,96,0,2,False,False,Myriad Leaf Shower,30,False
92415836,701.7,WIN,True,69,9,DAMAGE_COUNTER_ANY,1,TARGET_SELECTION,,,CARD,0,0,121,320,320,2,False,2,6,False,True,1,1,0,96,0,2,96,0,2,False,False,Myriad Leaf Shower,30,False
92415836,701.7,WIN,True,70,9,DAMAGE_COUNTER_ANY,1,TARGET_SELECTION,,,CARD,0,0,121,320,320,2,False,2,6,False,True,1,1,0,96,0,2,96,0,2,False,False,Myriad Leaf Shower,30,False
92415836,701.7,WIN,True,71,9,DAMAGE_COUNTER_ANY,1,TARGET_SELECTION,,,CARD,0,0,121,320,320,2,False,2,6,False,True,1,1,0,96,0,2,96,0,2,False,False,Myriad Leaf Shower,30,False
92415836,701.7,WIN,True,72,9,DAMAGE_COUNTER_ANY,1,TARGET_SELECTION,,,CARD,0,0,121,320,320,2,False,2,6,False,True,1,1,0,96,0,2,96,0,2,False,False,Myriad Leaf Shower,30,False
92415836,701.7,WIN,True,73,9,DAMAGE_COUNTER_ANY,1,TARGET_SELECTION,,,CARD,0,0,121,320,320,2,False,2,6,False,True,1,1,0,96,0,2,,,2,False,False,Myriad Leaf Shower,30,False
92415836,701.7,WIN,True,74,9,TO_HAND,6,RESOURCE_MANAGEMENT,,,,0,0,121,320,320,2,False,2,6,False,True,1,1,0,,,2,96,120,2,,,,,False
92415836,701.7,WIN,True,75,11,MAIN,8,RESOURCE_MANAGEMENT,ABILITY,,ABILITY,2,0,121,110,320,2,True,2,4,True,True,1,1,0,96,120,2,96,120,2,False,False,Myriad Leaf Shower,30,False
92415836,701.7,WIN,True,76,11,TO_HAND,2,RESOURCE_MANAGEMENT,,,CARD,0,0,121,110,320,2,True,2,4,False,True,1,1,0,96,120,2,96,120,2,False,False,Myriad Leaf Shower,30,False
92415836,701.7,WIN,True,77,11,MAIN,8,RESOURCE_MANAGEMENT,PLAY_SUPPORTER,1227,PLAY,2,0,121,110,320,2,True,2,4,True,True,1,1,0,96,120,2,96,120,2,False,False,Myriad Leaf Shower,30,False
92415836,701.7,WIN,True,78,11,MAIN,9,RESOURCE_MANAGEMENT,PLAY_ITEM,1121,PLAY,2,0,121,110,320,2,True,2,4,True,True,1,1,0,96,120,2,96,120,2,False,False,Myriad Leaf Shower,30,False
92415836,701.7,WIN,True,79,11,DISCARD,5,RESOURCE_MANAGEMENT,,,CARD;CARD,0,0,121,110,320,2,True,2,4,False,True,1,1,0,96,120,2,96,120,2,False,False,Myriad Leaf Shower,30,False
92415836,701.7,WIN,True,80,11,TO_HAND,6,RESOURCE_MANAGEMENT,,,CARD,0,0,121,110,320,2,True,2,4,False,True,1,1,0,96,120,2,96,120,2,False,False,Myriad Leaf Shower,30,False
92415836,701.7,WIN,True,81,11,MAIN,5,RESOURCE_MANAGEMENT,PLAY_ITEM,1097,PLAY,2,0,121,110,320,2,True,2,4,True,True,1,1,0,96,120,2,96,120,2,False,False,Myriad Leaf Shower,30,False
92415836,701.7,WIN,True,82,11,TO_HAND,6,RESOURCE_MANAGEMENT,,,CARD,0,0,121,110,320,2,True,2,4,False,True,1,1,0,96,120,2,96,120,2,False,False,Myriad Leaf Shower,30,False
92415836,701.7,WIN,True,83,11,MAIN,5,RESOURCE_MANAGEMENT,PLAY_POKEMON,119,PLAY,2,0,121,110,320,2,True,2,4,True,True,1,1,0,96,120,2,96,120,2,False,False,Myriad Leaf Shower,30,False
92415836,701.7,WIN,True,84,11,MAIN,4,ATTACK_SELECTION,ATTACK,,ATTACK,2,1,121,110,320,2,True,3,4,True,True,1,1,0,96,120,2,,,2,False,False,Myriad Leaf Shower,30,False
92428800,773.6,LOSS,True,0,,,0,UNKNOWN,,,,0,0,,,,,False,,,False,False,,,0,,,,,,,,,,,False
92428800,773.6,LOSS,True,1,,,0,UNKNOWN,,,,0,0,,,,,False,,,False,False,,,0,,,,,,0,,,,,False
92428800,773.6,LOSS,True,2,0,IS_FIRST,2,GOING_FIRST_SECOND,,,YES,0,0,,,,,False,0,0,False,False,,,0,,,0,,,0,,,,,False
92428800,773.6,LOSS,True,3,0,SETUP_ACTIVE_POKEMON,1,EARLY_GAME_SETUP,,,,0,0,,,,,False,0,0,False,False,,,0,,,0,,,6,,,,,False
92428800,773.6,LOSS,True,4,0,DRAW_COUNT,2,SEARCH_DECISION,,,NUMBER,0,0,,,,,False,0,6,False,False,,,0,,,6,,,6,,,,,False
92428800,773.6,LOSS,True,5,0,SETUP_BENCH_POKEMON,1,BENCH_MANAGEMENT,,,,0,0,,,,,False,0,6,False,False,,,0,,,6,112,110,6,,,,,False
92428800,773.6,LOSS,True,6,1,MAIN,3,RESOURCE_MANAGEMENT,PLAY_STADIUM,1256,PLAY,0,0,119,70,70,1,False,0,6,False,False,1,0,0,112,110,6,112,110,6,False,False,,,False
92428800,773.6,LOSS,True,7,1,MAIN,2,RESOURCE_MANAGEMENT,PLAY_POKEMON,235,PLAY,0,0,119,70,70,1,False,0,6,False,False,1,0,0,112,110,6,112,110,6,False,False,,,False
92428800,773.6,LOSS,True,8,1,MAIN,1,TIMING,,,,0,0,119,70,70,1,False,1,6,False,True,1,0,1,112,110,6,112,110,6,False,False,,,False
92428800,773.6,LOSS,True,9,3,MAIN,8,RESOURCE_MANAGEMENT,PLAY_ITEM,1120,PLAY,0,0,119,70,70,1,False,1,6,False,True,1,0,1,112,110,6,112,110,6,False,False,,,False
92428800,773.6,LOSS,True,10,3,DISCARD_ENERGY,1,ENERGY_MANAGEMENT,,,ENERGY,0,0,119,70,70,1,False,1,6,False,True,1,0,1,112,110,6,112,110,6,False,False,,,False
92428800,773.6,LOSS,True,11,3,MAIN,7,RESOURCE_MANAGEMENT,ABILITY,,ABILITY,0,0,119,70,70,1,False,1,6,False,True,1,0,1,112,110,6,112,110,6,False,False,,,False
92428800,773.6,LOSS,True,12,3,MAIN,6,RESOURCE_MANAGEMENT,PLAY_SUPPORTER,1198,PLAY,0,0,119,70,70,1,False,1,6,False,True,1,0,1,112,110,6,112,110,6,False,False,,,False
92428800,773.6,LOSS,True,13,3,TO_HAND,7,RESOURCE_MANAGEMENT,,,CARD,0,0,119,70,70,1,False,1,6,False,True,1,0,1,112,110,6,112,110,6,False,False,,,False
92428800,773.6,LOSS,True,14,3,ATTACH_TO,3,ENERGY_MANAGEMENT,,,CARD,0,0,119,70,70,1,False,1,6,False,True,1,0,1,112,110,6,112,110,6,False,False,,,False
92428800,773.6,LOSS,True,15,3,ATTACH_FROM,2,ENERGY_MANAGEMENT,,,CARD,0,0,119,70,70,1,False,1,6,False,True,1,0,1,112,110,6,112,110,6,False,False,,,False
92428800,773.6,LOSS,True,16,3,MAIN,7,BENCH_MANAGEMENT,EVOLVE,,EVOLVE,1,0,119,70,70,1,False,1,6,True,True,1,1,1,112,110,6,112,110,6,False,False,,,False
92428800,773.6,LOSS,True,17,3,MAIN,6,RESOURCE_MANAGEMENT,ABILITY,,ABILITY,0,0,120,90,90,1,False,1,6,True,True,1,1,1,112,110,6,112,110,6,False,False,,,True
92428800,773.6,LOSS,True,18,3,TO_HAND,2,RESOURCE_MANAGEMENT,,,CARD,0,0,120,90,90,1,False,1,6,False,True,1,1,1,112,110,6,112,110,6,False,False,,,False
92428800,773.6,LOSS,True,19,3,MAIN,5,ENERGY_MANAGEMENT,ATTACH_ENERGY,,ATTACH,0,0,120,90,90,1,False,1,6,True,True,1,1,1,112,110,6,112,110,6,False,False,,,False
92428800,773.6,LOSS,True,20,3,MAIN,4,RETREAT_SELECTION,RETREAT,,RETREAT,1,0,120,90,90,1,False,1,6,True,True,1,1,1,112,110,6,112,110,6,False,False,,,False
92428800,773.6,LOSS,True,21,3,DISCARD_ENERGY,2,ENERGY_MANAGEMENT,,,ENERGY,0,0,120,90,90,1,False,1,6,False,True,1,1,1,112,110,6,112,110,6,False,False,,,False
92428800,773.6,LOSS,True,22,3,SWITCH,1,ACTIVE_POKEMON_SELECTION,,,CARD,0,0,120,90,90,1,False,1,6,False,True,1,1,1,112,110,6,112,110,6,False,False,,,False
92428800,773.6,LOSS,True,23,3,MAIN,3,TIMING,,,,1,0,235,30,30,1,False,1,6,False,True,0,0,0,112,110,6,112,110,6,False,False,,,True
92428800,773.6,LOSS,True,24,5,MAIN,10,BENCH_MANAGEMENT,EVOLVE,,EVOLVE,1,0,235,30,30,1,False,1,6,True,True,0,0,0,112,110,6,112,110,6,False,False,,,False
92428800,773.6,LOSS,True,25,5,MAIN,8,RESOURCE_MANAGEMENT,ABILITY,,ABILITY,1,0,235,30,30,1,False,1,6,True,True,0,0,1,112,110,6,112,110,6,False,False,,,False
92428800,773.6,LOSS,True,26,5,MAIN,7,RESOURCE_MANAGEMENT,PLAY_SUPPORTER,1198,PLAY,1,0,235,30,30,1,False,1,6,True,True,0,0,1,112,110,6,112,110,6,False,False,,,False
92428800,773.6,LOSS,True,27,5,TO_HAND,5,RESOURCE_MANAGEMENT,,,CARD,0,0,235,30,30,1,False,1,6,False,True,0,0,1,112,110,6,112,110,6,False,False,,,False
92428800,773.6,LOSS,True,28,5,ATTACH_TO,2,ENERGY_MANAGEMENT,,,CARD,0,0,235,30,30,1,False,1,6,False,True,0,0,1,112,110,6,112,110,6,False,False,,,False
92428800,773.6,LOSS,True,29,5,ATTACH_FROM,2,ENERGY_MANAGEMENT,,,CARD,0,0,235,30,30,1,False,1,6,False,True,0,0,1,112,110,6,112,110,6,False,False,,,False
92428800,773.6,LOSS,True,30,5,MAIN,6,RETREAT_SELECTION,RETREAT,,RETREAT,1,0,235,30,30,1,False,1,6,True,True,0,0,1,112,110,6,112,110,6,False,False,,,False
92428800,773.6,LOSS,True,31,5,SWITCH,1,ACTIVE_POKEMON_SELECTION,,,CARD,0,0,235,30,30,1,False,1,6,False,True,0,0,1,112,110,6,112,110,6,False,False,,,False
92428800,773.6,LOSS,True,32,5,MAIN,6,ATTACK_SELECTION,ATTACK,,ATTACK,2,1,121,310,320,2,True,1,6,False,True,1,1,1,112,110,6,112,0,6,False,False,,,True
92428800,773.6,LOSS,True,33,5,DAMAGE_COUNTER_ANY,5,TARGET_SELECTION,,,CARD,0,0,121,310,320,2,True,1,6,False,True,1,1,1,112,0,6,112,0,6,False,False,,,False
92428800,773.6,LOSS,True,34,5,DAMAGE_COUNTER_ANY,5,TARGET_SELECTION,,,CARD,0,0,121,310,320,2,True,1,6,False,True,1,1,1,112,0,6,112,0,6,False,False,,,False
92428800,773.6,LOSS,True,35,5,DAMAGE_COUNTER_ANY,5,TARGET_SELECTION,,,CARD,0,0,121,310,320,2,True,1,6,False,True,1,1,1,112,0,6,112,0,6,False,False,,,False
92428800,773.6,LOSS,True,36,5,DAMAGE_COUNTER_ANY,5,TARGET_SELECTION,,,CARD,0,0,121,310,320,2,True,1,6,False,True,1,1,1,112,0,6,112,0,6,False,False,,,False
92428800,773.6,LOSS,True,37,5,DAMAGE_COUNTER_ANY,5,TARGET_SELECTION,,,CARD,0,0,121,310,320,2,True,1,6,False,True,1,1,1,112,0,6,112,0,6,False,False,,,False
92428800,773.6,LOSS,True,38,5,DAMAGE_COUNTER_ANY,5,TARGET_SELECTION,,,CARD,0,0,121,310,320,2,True,1,6,False,True,1,1,1,112,0,6,,,6,False,False,,,False
92428800,773.6,LOSS,True,39,5,TO_HAND,6,RESOURCE_MANAGEMENT,,,,0,0,121,310,320,2,True,1,6,False,True,1,1,1,,,6,648,320,5,,,,,False
92428800,773.6,LOSS,True,40,7,MAIN,5,RESOURCE_MANAGEMENT,ABILITY,,ABILITY,2,0,121,130,320,2,True,0,5,False,False,1,1,0,648,320,5,648,320,5,True,False,Shadow Bullet,180,False
92428800,773.6,LOSS,True,41,7,MAIN,4,ATTACK_SELECTION,ATTACK,,ATTACK,2,1,121,130,320,2,True,0,5,False,False,1,1,0,648,320,5,648,120,5,True,False,Shadow Bullet,180,False
92428800,773.6,LOSS,True,42,7,DAMAGE_COUNTER_ANY,5,TARGET_SELECTION,,,CARD,0,0,121,130,320,2,True,0,5,False,False,1,1,0,648,120,5,648,120,5,True,False,Shadow Bullet,180,False
92428800,773.6,LOSS,True,43,7,DAMAGE_COUNTER_ANY,5,TARGET_SELECTION,,,CARD,0,0,121,130,320,2,True,0,5,False,False,1,1,0,648,120,5,648,120,5,True,False,Shadow Bullet,180,False
92428800,773.6,LOSS,True,44,7,DAMAGE_COUNTER_ANY,5,TARGET_SELECTION,,,CARD,0,0,121,130,320,2,True,0,5,False,False,1,1,0,648,120,5,648,120,5,True,False,Shadow Bullet,180,False
92428800,773.6,LOSS,True,45,7,DAMAGE_COUNTER_ANY,5,TARGET_SELECTION,,,CARD,0,0,121,130,320,2,True,0,5,False,False,1,1,0,648,120,5,648,120,5,True,False,Shadow Bullet,180,False
92428800,773.6,LOSS,True,46,7,DAMAGE_COUNTER_ANY,5,TARGET_SELECTION,,,CARD,0,0,121,130,320,2,True,0,5,False,False,1,1,0,648,120,5,648,120,5,True,False,Shadow Bullet,180,False
92447449,436.4,LOSS,True,0,,,0,UNKNOWN,,,,0,0,,,,,False,,,False,False,,,0,,,,,,,,,,,False
92447449,436.4,LOSS,True,1,,,0,UNKNOWN,,,,0,0,,,,,False,,,False,False,,,0,,,,,,0,,,,,False
92447449,436.4,LOSS,True,2,0,IS_FIRST,2,GOING_FIRST_SECOND,,,,0,0,,,,,False,0,0,False,False,,,0,,,0,,,6,,,,,False
92447449,436.4,LOSS,True,3,0,SETUP_ACTIVE_POKEMON,1,EARLY_GAME_SETUP,,,,0,0,,,,,False,0,0,False,False,,,0,,,6,65,60,6,,,,,False
92447449,436.4,LOSS,True,4,1,MAIN,5,ENERGY_MANAGEMENT,ATTACH_ENERGY,,ATTACH,0,0,119,70,70,1,False,0,6,False,False,1,0,0,65,60,6,65,60,6,False,False,,,False
92447449,436.4,LOSS,True,5,1,MAIN,4,ENERGY_MANAGEMENT,ATTACH_ENERGY,,ATTACH,0,0,119,70,70,1,False,0,6,False,False,1,0,0,65,60,6,65,60,6,False,False,,,False
92447449,436.4,LOSS,True,6,1,MAIN,2,TIMING,,,,0,0,119,70,70,1,False,0,6,False,False,1,1,0,65,60,6,65,60,6,False,False,,,False
92447449,436.4,LOSS,True,7,3,MAIN,5,RESOURCE_MANAGEMENT,PLAY_POKEMON,235,PLAY,0,0,119,70,70,1,False,0,6,False,False,1,1,0,65,60,6,65,60,6,False,False,,,False
92447449,436.4,LOSS,True,8,3,MAIN,6,ENERGY_MANAGEMENT,ATTACH_ENERGY,,ATTACH,0,0,119,70,70,1,False,1,6,True,True,1,1,1,65,60,6,65,60,6,False,False,,,False
92447449,436.4,LOSS,True,9,3,MAIN,6,RETREAT_SELECTION,RETREAT,,RETREAT,2,0,119,70,70,1,False,1,6,True,True,1,1,1,65,60,6,65,60,6,False,False,,,False
92447449,436.4,LOSS,True,10,3,DISCARD_ENERGY,2,ENERGY_MANAGEMENT,,,ENERGY,0,0,119,70,70,1,False,1,6,False,True,1,1,1,65,60,6,65,60,6,False,False,,,False
92447449,436.4,LOSS,True,11,3,SWITCH,1,ACTIVE_POKEMON_SELECTION,,,CARD,0,0,119,70,70,1,False,1,6,False,True,1,1,1,65,60,6,65,60,6,False,False,,,False
92447449,436.4,LOSS,True,12,3,MAIN,5,TIMING,,,,1,0,235,30,30,1,False,1,6,False,True,0,0,1,65,60,6,65,50,6,False,False,,,True
92447449,436.4,LOSS,True,13,5,MAIN,8,ENERGY_MANAGEMENT,ATTACH_ENERGY,,ATTACH,1,0,235,30,30,1,False,1,6,True,True,0,0,1,65,50,6,65,50,6,False,False,,,False
92447449,436.4,LOSS,True,14,5,MAIN,6,TIMING,,,,1,0,235,30,30,1,False,1,6,True,True,0,0,1,65,50,6,741,50,6,False,False,,,False
92447449,436.4,LOSS,True,15,7,MAIN,10,RESOURCE_MANAGEMENT,PLAY_SUPPORTER,1210,PLAY,2,0,119,60,70,1,True,1,6,True,True,1,1,1,741,50,6,741,50,6,False,False,Teleportation Attack,10,True
92447449,436.4,LOSS,True,16,7,TO_HAND,10,RESOURCE_MANAGEMENT,,,CARD,0,0,119,60,70,1,True,1,6,False,True,1,1,1,741,50,6,741,50,6,False,False,Teleportation Attack,10,False
92447449,436.4,LOSS,True,17,7,MAIN,8,RESOURCE_MANAGEMENT,PLAY_ITEM,1079,PLAY,2,0,119,60,70,1,True,1,6,True,True,1,1,1,741,50,6,741,50,6,False,False,Teleportation Attack,10,False
92447449,436.4,LOSS,True,18,7,EVOLVE,1,BENCH_MANAGEMENT,,,EVOLVE,0,0,119,60,70,1,True,1,6,False,True,1,1,1,741,50,6,741,50,6,False,False,Teleportation Attack,10,False
92447449,436.4,LOSS,True,19,7,MAIN,6,ATTACK_SELECTION,ATTACK,,ATTACK,2,1,121,310,320,2,True,1,6,True,True,1,1,1,741,50,6,741,0,6,False,False,Teleportation Attack,10,True
92447449,436.4,LOSS,True,20,7,DAMAGE_COUNTER_ANY,4,TARGET_SELECTION,,,CARD,0,0,121,310,320,2,True,1,6,False,True,1,1,1,741,0,6,741,0,6,False,False,Teleportation Attack,10,False
92447449,436.4,LOSS,True,21,7,DAMAGE_COUNTER_ANY,4,TARGET_SELECTION,,,CARD,0,0,121,310,320,2,True,1,6,False,True,1,1,1,741,0,6,741,0,6,False,False,Teleportation Attack,10,False
92447449,436.4,LOSS,True,22,7,DAMAGE_COUNTER_ANY,4,TARGET_SELECTION,,,CARD,0,0,121,310,320,2,True,1,6,False,True,1,1,1,741,0,6,741,0,6,False,False,Teleportation Attack,10,False
92447449,436.4,LOSS,True,23,7,DAMAGE_COUNTER_ANY,4,TARGET_SELECTION,,,CARD,0,0,121,310,320,2,True,1,6,False,True,1,1,1,741,0,6,741,0,6,False,False,Teleportation Attack,10,False
92447449,436.4,LOSS,True,24,7,DAMAGE_COUNTER_ANY,4,TARGET_SELECTION,,,CARD,0,0,121,310,320,2,True,1,6,False,True,1,1,1,741,0,6,741,0,6,False,False,Teleportation Attack,10,False
92447449,436.4,LOSS,True,25,7,DAMAGE_COUNTER_ANY,4,TARGET_SELECTION,,,CARD,0,0,121,310,320,2,True,1,6,False,True,1,1,1,741,0,6,,,6,False,False,Teleportation Attack,10,False
92447449,436.4,LOSS,True,26,7,TO_HAND,6,RESOURCE_MANAGEMENT,,,CARD,0,0,121,310,320,2,True,1,6,False,True,1,1,1,,,6,,,6,,,,,False
92447449,436.4,LOSS,True,27,7,TO_HAND,5,RESOURCE_MANAGEMENT,,,,0,0,121,310,320,2,True,1,5,False,True,1,1,1,,,6,743,130,6,,,,,False
92447449,436.4,LOSS,True,28,8,DISCARD,7,RESOURCE_MANAGEMENT,,,,0,0,121,310,320,2,True,1,4,False,True,1,1,1,743,130,6,743,130,6,False,False,Powerful Hand,0,False
92447449,436.4,LOSS,True,29,9,MAIN,7,ATTACK_SELECTION,ATTACK,,ATTACK,2,1,121,170,320,2,True,1,4,True,True,1,1,1,743,130,6,743,0,6,False,False,Powerful Hand,0,False
92447449,436.4,LOSS,True,30,9,DAMAGE_COUNTER_ANY,2,TARGET_SELECTION,,,CARD,0,0,121,170,320,2,True,1,4,False,True,1,1,1,743,0,6,743,0,6,False,False,Powerful Hand,0,False
92447449,436.4,LOSS,True,31,9,DAMAGE_COUNTER_ANY,2,TARGET_SELECTION,,,CARD,0,0,121,170,320,2,True,1,4,False,True,1,1,1,743,0,6,743,0,6,False,False,Powerful Hand,0,False
92447449,436.4,LOSS,True,32,9,DAMAGE_COUNTER_ANY,2,TARGET_SELECTION,,,CARD,0,0,121,170,320,2,True,1,4,False,True,1,1,1,743,0,6,743,0,6,False,False,Powerful Hand,0,False
92447449,436.4,LOSS,True,33,9,DAMAGE_COUNTER_ANY,2,TARGET_SELECTION,,,CARD,0,0,121,170,320,2,True,1,4,False,True,1,1,1,743,0,6,743,0,6,False,False,Powerful Hand,0,False
92447449,436.4,LOSS,True,34,9,DAMAGE_COUNTER_ANY,2,TARGET_SELECTION,,,CARD,0,0,121,170,320,2,True,1,4,False,True,1,1,1,743,0,6,743,0,6,False,False,Powerful Hand,0,False
92447449,436.4,LOSS,True,35,9,DAMAGE_COUNTER_ANY,2,TARGET_SELECTION,,,CARD,0,0,121,170,320,2,True,1,4,False,True,1,1,1,743,0,6,,,6,False,False,Powerful Hand,0,False
92447449,436.4,LOSS,True,36,9,TO_HAND,4,RESOURCE_MANAGEMENT,,,,0,0,121,170,320,2,True,1,4,False,True,1,1,1,,,6,743,130,4,,,,,False
92447449,436.4,LOSS,True,37,10,TO_ACTIVE,1,ACTIVE_POKEMON_SELECTION,,,CARD,0,0,,,,,False,1,3,False,True,,,1,743,130,4,743,130,4,,,,,True
92447449,436.4,LOSS,True,38,11,MAIN,6,RESOURCE_MANAGEMENT,PLAY_SUPPORTER,1227,PLAY,1,0,235,30,30,1,False,0,3,False,False,0,0,0,743,130,4,743,130,4,False,False,Powerful Hand,0,False
92447449,436.4,LOSS,True,39,11,MAIN,7,RESOURCE_MANAGEMENT,PLAY_ITEM,1086,PLAY,1,0,235,30,30,1,False,0,3,False,False,0,0,0,743,130,4,743,130,4,False,False,Powerful Hand,0,False
92447449,436.4,LOSS,True,40,11,TO_BENCH,3,BENCH_MANAGEMENT,,,CARD;CARD,0,0,235,30,30,1,False,0,3,False,False,0,0,0,743,130,4,743,130,4,False,False,Powerful Hand,0,False
92447449,436.4,LOSS,True,41,11,MAIN,9,ENERGY_MANAGEMENT,ATTACH_ENERGY,,ATTACH,1,0,235,30,30,1,False,2,3,True,True,0,0,0,743,130,4,743,130,4,False,False,Powerful Hand,0,False
92447449,436.4,LOSS,True,42,11,MAIN,6,TIMING,,,,1,0,235,30,30,1,False,2,3,True,True,0,0,1,743,130,4,743,120,3,False,False,Powerful Hand,0,False
92447449,436.4,LOSS,True,43,12,TO_ACTIVE,2,ACTIVE_POKEMON_SELECTION,,,CARD,0,0,,,,,False,2,3,False,True,,,1,743,120,3,743,120,3,,,,,True
92447449,436.4,LOSS,True,44,13,MAIN,7,RESOURCE_MANAGEMENT,PLAY_POKEMON,1071,PLAY,1,0,119,70,70,1,False,1,3,True,True,1,1,0,743,120,3,743,120,3,False,False,Powerful Hand,0,False
92447449,436.4,LOSS,True,45,13,ACTIVATE,2,RESOURCE_MANAGEMENT,,,YES,0,0,119,70,70,1,False,2,3,False,True,1,1,0,743,120,3,743,120,3,False,False,Powerful Hand,0,False
92447449,436.4,LOSS,True,46,13,TO_HAND,10,RESOURCE_MANAGEMENT,,,CARD,0,0,119,70,70,1,False,2,3,False,True,1,1,0,743,120,3,743,120,3,False,False,Powerful Hand,0,False
92447449,436.4,LOSS,True,47,13,MAIN,7,RESOURCE_MANAGEMENT,PLAY_ITEM,1120,PLAY,1,0,119,70,70,1,False,2,3,True,True,1,1,0,743,120,3,743,120,3,False,False,Powerful Hand,0,False
92447449,436.4,LOSS,True,48,13,MAIN,6,RESOURCE_MANAGEMENT,PLAY_SUPPORTER,1227,PLAY,1,0,119,70,70,1,False,2,3,True,True,1,1,0,743,120,3,743,120,3,False,False,Powerful Hand,0,False
92447449,436.4,LOSS,True,49,13,MAIN,10,RESOURCE_MANAGEMENT,PLAY_ITEM,1152,PLAY,1,0,119,70,70,1,False,2,3,True,True,1,1,0,743,120,3,743,120,3,False,False,Powerful Hand,0,False
92447449,436.4,LOSS,True,50,13,TO_HAND,5,RESOURCE_MANAGEMENT,,,CARD,0,0,119,70,70,1,False,2,3,False,True,1,1,0,743,120,3,743,120,3,False,False,Powerful Hand,0,False
92447449,436.4,LOSS,True,51,13,MAIN,11,RESOURCE_MANAGEMENT,PLAY_ITEM,1152,PLAY,1,0,119,70,70,1,False,2,3,True,True,1,1,0,743,120,3,743,120,3,False,False,Powerful Hand,0,False
92447449,436.4,LOSS,True,52,13,TO_HAND,4,RESOURCE_MANAGEMENT,,,CARD,0,0,119,70,70,1,False,2,3,False,True,1,1,0,743,120,3,743,120,3,False,False,Powerful Hand,0,False
92447449,436.4,LOSS,True,53,13,MAIN,12,RESOURCE_MANAGEMENT,PLAY_ITEM,1120,PLAY,1,0,119,70,70,1,False,2,3,True,True,1,1,0,743,120,3,743,120,3,False,False,Powerful Hand,0,False
92447449,436.4,LOSS,True,54,13,MAIN,11,BENCH_MANAGEMENT,EVOLVE,,EVOLVE,1,0,119,70,70,1,False,2,3,True,True,1,1,0,743,120,3,743,120,3,False,False,Powerful Hand,0,False
92447449,436.4,LOSS,True,55,13,MAIN,8,RESOURCE_MANAGEMENT,ABILITY,,ABILITY,0,0,120,90,90,1,False,2,3,True,True,1,1,0,743,120,3,743,120,3,False,False,Powerful Hand,0,True
92447449,436.4,LOSS,True,56,13,TO_HAND,2,RESOURCE_MANAGEMENT,,,CARD,0,0,120,90,90,1,False,2,3,False,True,1,1,0,743,120,3,743,120,3,False,False,Powerful Hand,0,False
92447449,436.4,LOSS,True,57,13,MAIN,7,BENCH_MANAGEMENT,EVOLVE,,EVOLVE,0,0,120,90,90,1,False,2,3,True,True,1,1,0,743,120,3,743,120,3,False,False,Powerful Hand,0,False
92447449,436.4,LOSS,True,58,13,MAIN,7,RESOURCE_MANAGEMENT,ABILITY,,ABILITY,0,0,120,90,90,1,False,2,3,True,True,1,1,0,743,120,3,743,120,3,False,False,Powerful Hand,0,False
92447449,436.4,LOSS,True,59,13,TO_HAND,2,RESOURCE_MANAGEMENT,,,CARD,0,0,120,90,90,1,False,2,3,False,True,1,1,0,743,120,3,743,120,3,False,False,Powerful Hand,0,False
92447449,436.4,LOSS,True,60,13,MAIN,9,ENERGY_MANAGEMENT,ATTACH_ENERGY,,ATTACH,0,0,120,90,90,1,False,2,3,True,True,1,1,0,743,120,3,743,120,3,False,False,Powerful Hand,0,False
92447449,436.4,LOSS,True,61,13,MAIN,3,TIMING,,,,0,0,120,90,90,1,False,2,3,True,True,1,1,0,743,120,3,743,120,2,False,False,Powerful Hand,0,False
92447449,436.4,LOSS,True,62,14,TO_ACTIVE,2,ACTIVE_POKEMON_SELECTION,,,CARD,0,0,,,,,False,2,3,False,True,,,0,743,120,2,743,120,2,,,,,True
92447449,436.4,LOSS,True,63,15,MAIN,9,RESOURCE_MANAGEMENT,PLAY_STADIUM,1256,PLAY,0,0,120,90,90,1,False,1,3,True,True,1,1,0,743,120,2,743,120,2,False,False,Powerful Hand,0,False
92447449,436.4,LOSS,True,64,15,MAIN,8,RESOURCE_MANAGEMENT,PLAY_ITEM,1086,PLAY,0,0,120,90,90,1,False,1,3,True,True,1,1,0,743,120,2,743,120,2,False,False,Powerful Hand,0,False
92447449,436.4,LOSS,True,65,15,TO_BENCH,1,BENCH_MANAGEMENT,,,CARD,0,0,120,90,90,1,False,1,3,False,True,1,1,0,743,120,2,743,120,2,False,False,Powerful Hand,0,False
92447449,436.4,LOSS,True,66,15,MAIN,8,RESOURCE_MANAGEMENT,ABILITY,,ABILITY,0,0,120,90,90,1,False,2,3,True,True,1,1,0,743,120,2,743,120,2,False,False,Powerful Hand,0,False
92447449,436.4,LOSS,True,67,15,TO_HAND,2,RESOURCE_MANAGEMENT,,,CARD,0,0,120,90,90,1,False,2,3,False,True,1,1,0,743,120,2,743,120,2,False,False,Powerful Hand,0,False
92447449,436.4,LOSS,True,68,15,MAIN,8,BENCH_MANAGEMENT,EVOLVE,,EVOLVE,0,0,120,90,90,1,False,2,3,True,True,1,1,0,743,120,2,743,120,2,False,False,Powerful Hand,0,False
92447449,436.4,LOSS,True,69,15,MAIN,8,ENERGY_MANAGEMENT,ATTACH_ENERGY,,ATTACH,1,0,121,320,320,2,False,2,3,True,True,1,1,0,743,120,2,743,120,2,False,False,Powerful Hand,0,True
92447449,436.4,LOSS,True,70,15,MAIN,6,RESOURCE_MANAGEMENT,PLAY_SUPPORTER,1227,PLAY,2,0,121,320,320,2,False,2,3,True,True,1,1,0,743,120,2,743,120,2,False,False,Powerful Hand,0,False
92447449,436.4,LOSS,True,71,15,MAIN,6,RESOURCE_MANAGEMENT,PLAY_ITEM,1097,PLAY,2,0,121,320,320,2,False,2,3,True,True,1,1,0,743,120,2,743,120,2,False,False,Powerful Hand,0,False
92447449,436.4,LOSS,True,72,15,TO_HAND,9,RESOURCE_MANAGEMENT,,,CARD,0,0,121,320,320,2,False,2,3,False,True,1,1,0,743,120,2,743,120,2,False,False,Powerful Hand,0,False
92447449,436.4,LOSS,True,73,15,MAIN,6,RESOURCE_MANAGEMENT,PLAY_POKEMON,119,PLAY,2,0,121,320,320,2,False,2,3,True,True,1,1,0,743,120,2,743,120,2,False,False,Powerful Hand,0,False
92447449,436.4,LOSS,True,74,15,MAIN,5,RESOURCE_MANAGEMENT,PLAY_ITEM,1120,PLAY,2,0,121,320,320,2,False,3,3,True,True,1,1,0,743,120,2,743,120,2,False,False,Powerful Hand,0,False
92447449,436.4,LOSS,True,75,15,MAIN,4,ATTACK_SELECTION,ATTACK,,ATTACK,2,1,121,320,320,2,False,3,3,True,True,1,1,0,743,120,2,743,0,2,False,False,Powerful Hand,0,False
92447449,436.4,LOSS,True,76,15,DAMAGE_COUNTER_ANY,5,TARGET_SELECTION,,,CARD,0,0,121,320,320,2,False,3,3,False,True,1,1,0,743,0,2,743,0,2,False,False,Powerful Hand,0,False
92447449,436.4,LOSS,True,77,15,DAMAGE_COUNTER_ANY,5,TARGET_SELECTION,,,CARD,0,0,121,320,320,2,False,3,3,False,True,1,1,0,743,0,2,743,0,2,False,False,Powerful Hand,0,False
92447449,436.4,LOSS,True,78,15,DAMAGE_COUNTER_ANY,5,TARGET_SELECTION,,,CARD,0,0,121,320,320,2,False,3,3,False,True,1,1,0,743,0,2,743,0,2,False,False,Powerful Hand,0,False
92447449,436.4,LOSS,True,79,15,DAMAGE_COUNTER_ANY,5,TARGET_SELECTION,,,CARD,0,0,121,320,320,2,False,3,3,False,True,1,1,0,743,0,2,743,0,2,False,False,Powerful Hand,0,False
92447449,436.4,LOSS,True,80,15,DAMAGE_COUNTER_ANY,5,TARGET_SELECTION,,,CARD,0,0,121,320,320,2,False,3,3,False,True,1,1,0,743,0,2,743,0,2,False,False,Powerful Hand,0,False
92447449,436.4,LOSS,True,81,15,DAMAGE_COUNTER_ANY,5,TARGET_SELECTION,,,CARD,0,0,121,320,320,2,False,3,3,False,True,1,1,0,743,0,2,,,2,False,False,Powerful Hand,0,False
92461081,727.6,LOSS,False,0,,,0,UNKNOWN,,,,0,0,,,,,False,,,False,False,,,0,,,,,,,,,,,False
92461081,727.6,LOSS,False,1,,,0,UNKNOWN,,,,0,0,,,,,False,,,False,False,,,0,,,,,,6,,,,,False
92461081,727.6,LOSS,False,2,0,SETUP_ACTIVE_POKEMON,2,EARLY_GAME_SETUP,,,,0,0,,,,,False,0,0,False,False,,,0,,,6,,,6,,,,,False
92461081,727.6,LOSS,False,3,0,SETUP_BENCH_POKEMON,1,BENCH_MANAGEMENT,,,,0,0,,,,,False,0,6,False,False,,,0,,,6,860,70,6,,,,,False
92461081,727.6,LOSS,False,4,2,MAIN,6,RESOURCE_MANAGEMENT,PLAY_SUPPORTER,1210,PLAY,0,0,119,70,70,1,False,0,6,False,False,1,0,0,860,70,6,860,70,6,False,False,,,False
92461081,727.6,LOSS,False,5,2,TO_HAND,10,RESOURCE_MANAGEMENT,,,CARD,0,0,119,70,70,1,False,0,6,False,False,1,0,0,860,70,6,860,70,6,False,False,,,False
92461081,727.6,LOSS,False,6,2,TO_HAND,5,RESOURCE_MANAGEMENT,,,CARD,0,0,119,70,70,1,False,0,6,False,False,1,0,0,860,70,6,860,70,6,False,False,,,False
92461081,727.6,LOSS,False,7,2,MAIN,6,RESOURCE_MANAGEMENT,PLAY_POKEMON,235,PLAY,0,0,119,70,70,1,False,0,6,False,False,1,0,0,860,70,6,860,70,6,False,False,,,False
92461081,727.6,LOSS,False,8,2,MAIN,6,RESOURCE_MANAGEMENT,PLAY_POKEMON,184,PLAY,0,0,119,70,70,1,False,1,6,False,True,1,0,1,860,70,6,860,70,6,False,False,,,False
92461081,727.6,LOSS,False,9,2,MAIN,7,ENERGY_MANAGEMENT,ATTACH_ENERGY,,ATTACH,0,0,119,70,70,1,False,2,6,True,True,1,0,1,860,70,6,860,70,6,False,False,,,False
92461081,727.6,LOSS,False,10,2,MAIN,5,RETREAT_SELECTION,RETREAT,,RETREAT,1,0,119,70,70,1,False,2,6,True,True,1,1,1,860,70,6,860,70,6,False,False,,,False
92461081,727.6,LOSS,False,11,2,SWITCH,2,ACTIVE_POKEMON_SELECTION,,,CARD,0,0,119,70,70,1,False,2,6,False,True,1,1,1,860,70,6,860,70,6,False,False,,,False
92461081,727.6,LOSS,False,12,2,MAIN,4,TIMING,,,,1,0,235,30,30,1,False,2,6,False,True,0,0,1,860,70,6,860,70,6,False,False,,,True
92461081,727.6,LOSS,False,13,4,MAIN,10,RESOURCE_MANAGEMENT,PLAY_STADIUM,1256,PLAY,1,0,235,30,30,1,False,2,6,True,True,0,0,1,860,70,6,860,70,6,False,False,,,False
92461081,727.6,LOSS,False,14,4,MAIN,8,RESOURCE_MANAGEMENT,PLAY_ITEM,1086,PLAY,1,0,235,30,30,1,False,2,6,True,True,0,0,1,860,70,6,860,70,6,False,False,,,False
92461081,727.6,LOSS,False,15,4,TO_BENCH,4,BENCH_MANAGEMENT,,,CARD;CARD,0,0,235,30,30,1,False,2,6,False,True,0,0,1,860,70,6,860,70,6,False,False,,,False
92461081,727.6,LOSS,False,16,4,MAIN,7,BENCH_MANAGEMENT,EVOLVE,,EVOLVE,1,0,235,30,30,1,False,4,6,True,True,0,0,1,860,70,6,860,70,6,False,False,,,False
92461081,727.6,LOSS,False,17,4,MAIN,6,RESOURCE_MANAGEMENT,ABILITY,,ABILITY,1,0,235,30,30,1,False,4,6,True,True,0,0,0,860,70,6,860,70,6,False,False,,,False
92461081,727.6,LOSS,False,18,4,TO_HAND,2,RESOURCE_MANAGEMENT,,,CARD,0,0,235,30,30,1,False,4,6,False,True,0,0,0,860,70,6,860,70,6,False,False,,,False
92461081,727.6,LOSS,False,19,4,MAIN,6,RESOURCE_MANAGEMENT,PLAY_SUPPORTER,1227,PLAY,1,0,235,30,30,1,False,4,6,True,True,0,0,0,860,70,6,860,70,6,False,False,,,False
92461081,727.6,LOSS,False,20,4,MAIN,11,RESOURCE_MANAGEMENT,PLAY_ITEM,1086,PLAY,1,0,235,30,30,1,False,4,6,True,True,0,0,0,860,70,6,860,70,6,False,False,,,False
92461081,727.6,LOSS,False,21,4,TO_BENCH,2,BENCH_MANAGEMENT,,,CARD,0,0,235,30,30,1,False,4,6,False,True,0,0,0,860,70,6,860,70,6,False,False,,,False
92461081,727.6,LOSS,False,22,4,MAIN,11,RESOURCE_MANAGEMENT,PLAY_ITEM,1120,PLAY,1,0,235,30,30,1,False,5,6,True,True,0,0,0,860,70,6,860,70,6,False,False,,,False
92461081,727.6,LOSS,False,23,4,MAIN,10,RESOURCE_MANAGEMENT,PLAY_ITEM,1120,PLAY,1,0,235,30,30,1,False,5,6,True,True,0,0,0,860,70,6,860,70,6,False,False,,,False
92461081,727.6,LOSS,False,24,4,DISCARD_ENERGY,2,ENERGY_MANAGEMENT,,,ENERGY,0,0,235,30,30,1,False,5,6,False,True,0,0,0,860,70,6,860,70,6,False,False,,,False
92461081,727.6,LOSS,False,25,4,MAIN,9,ENERGY_MANAGEMENT,ATTACH_ENERGY,,ATTACH,1,0,235,30,30,1,False,5,6,True,True,0,0,0,860,70,6,860,70,6,False,False,,,False
92461081,727.6,LOSS,False,26,4,MAIN,3,TIMING,,,,1,0,235,30,30,1,False,5,6,True,True,0,0,0,860,70,6,647,100,6,False,False,,,False
92461081,727.6,LOSS,False,27,6,MAIN,9,RESOURCE_MANAGEMENT,PLAY_STADIUM,1256,PLAY,1,0,235,30,30,1,False,5,6,True,True,0,0,0,647,100,6,647,100,6,False,False,,,False
92461081,727.6,LOSS,False,28,6,MAIN,7,BENCH_MANAGEMENT,EVOLVE,,EVOLVE,1,0,235,30,30,1,False,5,6,True,True,0,0,0,647,100,6,647,100,6,False,False,,,False
92461081,727.6,LOSS,False,29,6,MAIN,5,RESOURCE_MANAGEMENT,PLAY_SUPPORTER,1210,PLAY,1,0,235,30,30,1,False,5,6,True,True,0,0,1,647,100,6,647,100,6,False,False,,,False
92461081,727.6,LOSS,False,30,6,TO_HAND,6,RESOURCE_MANAGEMENT,,,CARD,0,0,235,30,30,1,False,5,6,False,True,0,0,1,647,100,6,647,100,6,False,False,,,False
92461081,727.6,LOSS,False,31,6,MAIN,6,BENCH_MANAGEMENT,EVOLVE,,EVOLVE,1,0,235,30,30,1,False,5,6,True,True,0,0,1,647,100,6,647,100,6,False,False,,,False
92461081,727.6,LOSS,False,32,6,MAIN,4,RESOURCE_MANAGEMENT,ABILITY,,ABILITY,1,0,235,30,30,1,False,5,6,True,True,0,0,1,647,100,6,647,100,6,False,False,,,False
92461081,727.6,LOSS,False,33,6,TO_HAND,2,RESOURCE_MANAGEMENT,,,CARD,0,0,235,30,30,1,False,5,6,False,True,0,0,1,647,100,6,647,100,6,False,False,,,False
92461081,727.6,LOSS,False,34,6,MAIN,4,RESOURCE_MANAGEMENT,PLAY_ITEM,1152,PLAY,1,0,235,30,30,1,False,5,6,True,True,0,0,1,647,100,6,647,100,6,False,False,,,False
92461081,727.6,LOSS,False,35,6,TO_HAND,2,RESOURCE_MANAGEMENT,,,CARD,0,0,235,30,30,1,False,5,6,False,True,0,0,1,647,100,6,647,100,6,False,False,,,False
92461081,727.6,LOSS,False,36,6,MAIN,5,BENCH_MANAGEMENT,EVOLVE,,EVOLVE,1,0,235,30,30,1,False,5,6,True,True,0,0,1,647,100,6,647,100,6,False,False,,,False
92461081,727.6,LOSS,False,37,6,MAIN,4,RESOURCE_MANAGEMENT,ABILITY,,ABILITY,1,0,235,30,30,1,False,5,6,True,True,0,0,1,647,100,6,647,100,6,False,False,,,False
92461081,727.6,LOSS,False,38,6,TO_HAND,2,RESOURCE_MANAGEMENT,,,CARD,0,0,235,30,30,1,False,5,6,False,True,0,0,1,647,100,6,647,100,6,False,False,,,False
92461081,727.6,LOSS,False,39,6,MAIN,3,TIMING,,,,1,0,235,30,30,1,False,5,6,True,True,0,0,1,647,100,6,647,100,6,False,False,,,False
92461081,727.6,LOSS,False,40,8,MAIN,8,RESOURCE_MANAGEMENT,ABILITY,,ABILITY,1,0,235,30,30,1,False,5,6,True,True,0,0,1,647,100,6,647,100,6,False,False,,,False
92461081,727.6,LOSS,False,41,8,TO_HAND,2,RESOURCE_MANAGEMENT,,,CARD,0,0,235,30,30,1,False,5,6,False,True,0,0,1,647,100,6,647,100,6,False,False,,,False
92461081,727.6,LOSS,False,42,8,MAIN,9,BENCH_MANAGEMENT,EVOLVE,,EVOLVE,1,0,235,30,30,1,False,5,6,True,True,0,0,1,647,100,6,647,100,6,False,False,,,False
92461081,727.6,LOSS,False,43,8,MAIN,7,RESOURCE_MANAGEMENT,ABILITY,,ABILITY,1,0,235,30,30,1,False,5,6,True,True,0,0,2,647,100,6,647,100,6,False,False,,,False
92461081,727.6,LOSS,False,44,8,TO_HAND,2,RESOURCE_MANAGEMENT,,,CARD,0,0,235,30,30,1,False,5,6,False,True,0,0,2,647,100,6,647,100,6,False,False,,,False
92461081,727.6,LOSS,False,45,8,MAIN,12,RESOURCE_MANAGEMENT,PLAY_SUPPORTER,1198,PLAY,1,0,235,30,30,1,False,5,6,True,True,0,0,2,647,100,6,647,100,6,False,False,,,False
92461081,727.6,LOSS,False,46,8,TO_HAND,5,RESOURCE_MANAGEMENT,,,CARD,0,0,235,30,30,1,False,5,6,False,True,0,0,2,647,100,6,647,100,6,False,False,,,False
92461081,727.6,LOSS,False,47,8,ATTACH_TO,3,ENERGY_MANAGEMENT,,,CARD,0,0,235,30,30,1,False,5,6,False,True,0,0,2,647,100,6,647,100,6,False,False,,,False
92461081,727.6,LOSS,False,48,8,ATTACH_FROM,6,ENERGY_MANAGEMENT,,,CARD,0,0,235,30,30,1,False,5,6,False,True,0,0,2,647,100,6,647,100,6,False,False,,,False
92461081,727.6,LOSS,False,49,8,MAIN,15,ENERGY_MANAGEMENT,ATTACH_ENERGY,,ATTACH,1,0,235,30,30,1,False,5,6,True,True,0,0,2,647,100,6,647,100,6,False,False,,,False
92461081,727.6,LOSS,False,50,8,MAIN,3,RETREAT_SELECTION,RETREAT,,RETREAT,1,0,235,30,30,1,False,5,6,True,True,0,0,2,647,100,6,647,100,6,False,False,,,False
92461081,727.6,LOSS,False,51,8,SWITCH,5,ACTIVE_POKEMON_SELECTION,,,CARD,0,0,235,30,30,1,False,5,6,False,True,0,0,2,647,100,6,647,100,6,False,False,,,False
92461081,727.6,LOSS,False,52,8,MAIN,3,ATTACK_SELECTION,ATTACK,,ATTACK,2,1,121,300,320,2,True,5,6,False,True,1,1,2,647,100,6,647,0,6,False,False,,,True
92461081,727.6,LOSS,False,53,8,DAMAGE_COUNTER_ANY,5,TARGET_SELECTION,,,CARD,0,0,121,300,320,2,True,5,6,False,True,1,1,2,647,0,6,647,0,6,False,False,,,False
92461081,727.6,LOSS,False,54,8,DAMAGE_COUNTER_ANY,5,TARGET_SELECTION,,,CARD,0,0,121,300,320,2,True,5,6,False,True,1,1,2,647,0,6,647,0,6,False,False,,,False
92461081,727.6,LOSS,False,55,8,DAMAGE_COUNTER_ANY,5,TARGET_SELECTION,,,CARD,0,0,121,300,320,2,True,5,6,False,True,1,1,2,647,0,6,647,0,6,False,False,,,False
92461081,727.6,LOSS,False,56,8,DAMAGE_COUNTER_ANY,5,TARGET_SELECTION,,,CARD,0,0,121,300,320,2,True,5,6,False,True,1,1,2,647,0,6,647,0,6,False,False,,,False
92461081,727.6,LOSS,False,57,8,DAMAGE_COUNTER_ANY,5,TARGET_SELECTION,,,CARD,0,0,121,300,320,2,True,5,6,False,True,1,1,2,647,0,6,647,0,6,False,False,,,False
92461081,727.6,LOSS,False,58,8,DAMAGE_COUNTER_ANY,5,TARGET_SELECTION,,,CARD,0,0,121,300,320,2,True,5,6,False,True,1,1,2,647,0,6,,,6,False,False,,,False
92461081,727.6,LOSS,False,59,8,TO_HAND,6,RESOURCE_MANAGEMENT,,,,0,0,121,300,320,2,True,5,6,False,True,1,1,2,,,6,648,310,5,,,,,False
92461081,727.6,LOSS,False,60,10,MAIN,15,RESOURCE_MANAGEMENT,PLAY_POKEMON,140,PLAY,2,0,121,120,320,2,True,4,5,True,True,1,1,2,648,310,5,648,310,5,True,False,Shadow Bullet,180,False
92461081,727.6,LOSS,False,61,10,MAIN,16,RESOURCE_MANAGEMENT,PLAY_ITEM,1097,PLAY,2,0,121,120,320,2,True,5,5,True,True,1,1,2,648,310,5,648,310,5,True,False,Shadow Bullet,180,False
92461081,727.6,LOSS,False,62,10,TO_HAND,2,RESOURCE_MANAGEMENT,,,CARD,0,0,121,120,320,2,True,5,5,False,True,1,1,2,648,310,5,648,310,5,True,False,Shadow Bullet,180,False
92461081,727.6,LOSS,False,63,10,MAIN,16,RESOURCE_MANAGEMENT,PLAY_ITEM,1120,PLAY,2,0,121,120,320,2,True,5,5,True,True,1,1,2,648,310,5,648,310,5,True,False,Shadow Bullet,180,False
92461081,727.6,LOSS,False,64,10,DISCARD_ENERGY,6,ENERGY_MANAGEMENT,,,ENERGY,0,0,121,120,320,2,True,5,5,False,True,1,1,2,648,310,5,648,310,5,True,False,Shadow Bullet,180,False
92461081,727.6,LOSS,False,65,10,MAIN,15,RESOURCE_MANAGEMENT,ABILITY,,ABILITY,2,0,121,120,320,2,True,5,5,True,True,1,1,2,648,310,5,648,310,5,True,False,Shadow Bullet,180,False
92461081,727.6,LOSS,False,66,10,MAIN,21,ENERGY_MANAGEMENT,ATTACH_ENERGY,,ATTACH,2,0,121,120,320,2,True,5,5,True,True,1,1,2,648,310,5,648,310,5,True,False,Shadow Bullet,180,False
92461081,727.6,LOSS,False,67,10,MAIN,15,RESOURCE_MANAGEMENT,ABILITY,,ABILITY,2,0,121,120,320,2,True,5,5,True,True,1,1,2,648,310,5,648,310,5,True,False,Shadow Bullet,180,False
92461081,727.6,LOSS,False,68,10,MAIN,14,BENCH_MANAGEMENT,EVOLVE,,EVOLVE,2,0,121,120,320,2,True,5,5,True,True,1,1,2,648,310,5,648,310,5,True,False,Shadow Bullet,180,False
92461081,727.6,LOSS,False,69,10,MAIN,14,RESOURCE_MANAGEMENT,ABILITY,,ABILITY,2,0,121,120,320,2,True,5,5,True,True,1,1,2,648,310,5,648,310,5,True,False,Shadow Bullet,180,False
92461081,727.6,LOSS,False,70,10,TO_HAND,2,RESOURCE_MANAGEMENT,,,CARD,0,0,121,120,320,2,True,5,5,False,True,1,1,2,648,310,5,648,310,5,True,False,Shadow Bullet,180,False
92461081,727.6,LOSS,False,71,10,MAIN,14,ENERGY_MANAGEMENT,ATTACH_ENERGY,,ATTACH,2,0,121,120,320,2,True,5,5,True,True,1,1,2,648,310,5,648,310,5,True,False,Shadow Bullet,180,False
92461081,727.6,LOSS,False,72,10,MAIN,8,RESOURCE_MANAGEMENT,PLAY_SUPPORTER,1227,PLAY,2,0,121,120,320,2,True,5,5,True,True,1,1,2,648,310,5,648,310,5,True,False,Shadow Bullet,180,False
92461081,727.6,LOSS,False,73,10,MAIN,5,RESOURCE_MANAGEMENT,PLAY_ITEM,1120,PLAY,2,0,121,120,320,2,True,5,5,True,True,1,1,2,648,310,5,648,310,5,True,False,Shadow Bullet,180,False
92461081,727.6,LOSS,False,74,10,MAIN,4,ATTACK_SELECTION,ATTACK,,ATTACK,2,1,121,120,320,2,True,5,5,True,True,1,1,2,648,310,5,648,110,5,True,False,Shadow Bullet,180,False
92461081,727.6,LOSS,False,75,10,DAMAGE_COUNTER_ANY,4,TARGET_SELECTION,,,CARD,0,0,121,120,320,2,True,5,5,False,True,1,1,2,648,110,5,648,110,5,True,False,Shadow Bullet,180,False
92461081,727.6,LOSS,False,76,10,DAMAGE_COUNTER_ANY,4,TARGET_SELECTION,,,CARD,0,0,121,120,320,2,True,5,5,False,True,1,1,2,648,110,5,648,110,5,True,False,Shadow Bullet,180,False
92461081,727.6,LOSS,False,77,10,DAMAGE_COUNTER_ANY,4,TARGET_SELECTION,,,CARD,0,0,121,120,320,2,True,5,5,False,True,1,1,2,648,110,5,648,110,5,True,False,Shadow Bullet,180,False
92461081,727.6,LOSS,False,78,10,DAMAGE_COUNTER_ANY,4,TARGET_SELECTION,,,CARD,0,0,121,120,320,2,True,5,5,False,True,1,1,2,648,110,5,648,110,5,True,False,Shadow Bullet,180,False
92461081,727.6,LOSS,False,79,10,DAMAGE_COUNTER_ANY,4,TARGET_SELECTION,,,CARD,0,0,121,120,320,2,True,5,5,False,True,1,1,2,648,110,5,648,110,5,True,False,Shadow Bullet,180,False
92461081,727.6,LOSS,False,80,10,DAMAGE_COUNTER_ANY,4,TARGET_SELECTION,,,CARD,0,0,121,120,320,2,True,5,5,False,True,1,1,2,648,110,5,648,110,5,True,False,Shadow Bullet,180,False
92461081,727.6,LOSS,False,81,10,TO_HAND,5,RESOURCE_MANAGEMENT,,,,0,0,121,120,320,2,True,5,5,False,True,1,1,2,648,110,5,648,100,2,True,False,Shadow Bullet,180,False
92461081,727.6,LOSS,False,82,11,TO_ACTIVE,4,ACTIVE_POKEMON_SELECTION,,,CARD,0,0,,,,,False,4,4,False,True,,,2,648,100,2,648,90,2,,,,,True
92461081,727.6,LOSS,False,83,12,MAIN,12,RESOURCE_MANAGEMENT,PLAY_ITEM,1121,PLAY,1,0,235,30,30,1,False,3,4,True,True,0,0,1,648,90,2,648,90,2,True,False,Shadow Bullet,180,False
92461081,727.6,LOSS,False,84,12,DISCARD,8,RESOURCE_MANAGEMENT,,,CARD;CARD,0,0,235,30,30,1,False,3,4,False,True,0,0,1,648,90,2,648,90,2,True,False,Shadow Bullet,180,False
92461081,727.6,LOSS,False,85,12,TO_HAND,2,RESOURCE_MANAGEMENT,,,CARD,0,0,235,30,30,1,False,3,4,False,True,0,0,1,648,90,2,648,90,2,True,False,Shadow Bullet,180,False
92461081,727.6,LOSS,False,86,12,MAIN,12,RESOURCE_MANAGEMENT,PLAY_ITEM,1097,PLAY,1,0,235,30,30,1,False,3,4,True,True,0,0,1,648,90,2,648,90,2,True,False,Shadow Bullet,180,False
92461081,727.6,LOSS,False,87,12,TO_HAND,10,RESOURCE_MANAGEMENT,,,CARD,0,0,235,30,30,1,False,3,4,False,True,0,0,1,648,90,2,648,90,2,True,False,Shadow Bullet,180,False
92461081,727.6,LOSS,False,88,12,MAIN,12,RESOURCE_MANAGEMENT,PLAY_POKEMON,119,PLAY,1,0,235,30,30,1,False,3,4,True,True,0,0,1,648,90,2,648,90,2,True,False,Shadow Bullet,180,False
92461081,727.6,LOSS,False,89,12,MAIN,11,RESOURCE_MANAGEMENT,ABILITY,,ABILITY,1,0,235,30,30,1,False,4,4,True,True,0,0,1,648,90,2,648,90,2,True,False,Shadow Bullet,180,False
92461081,727.6,LOSS,False,90,12,MAIN,13,RESOURCE_MANAGEMENT,PLAY_ITEM,1121,PLAY,1,0,235,30,30,1,False,4,4,True,True,0,0,1,648,90,2,648,90,2,True,False,Shadow Bullet,180,False
92461081,727.6,LOSS,False,91,12,DISCARD,8,RESOURCE_MANAGEMENT,,,CARD;CARD,0,0,235,30,30,1,False,4,4,False,True,0,0,1,648,90,2,648,90,2,True,False,Shadow Bullet,180,False
92461081,727.6,LOSS,False,92,12,TO_HAND,1,RESOURCE_MANAGEMENT,,,CARD,0,0,235,30,30,1,False,4,4,False,True,0,0,1,648,90,2,648,90,2,True,False,Shadow Bullet,180,False
92461081,727.6,LOSS,False,93,12,MAIN,11,RESOURCE_MANAGEMENT,ABILITY,,ABILITY,1,0,235,30,30,1,False,4,4,True,True,0,0,1,648,90,2,648,90,2,True,False,Shadow Bullet,180,False
92461081,727.6,LOSS,False,94,12,MAIN,10,RESOURCE_MANAGEMENT,PLAY_SUPPORTER,1227,PLAY,1,0,235,30,30,1,False,4,4,True,True,0,0,1,648,90,2,648,90,2,True,False,Shadow Bullet,180,False
92461081,727.6,LOSS,False,95,12,MAIN,5,RETREAT_SELECTION,RETREAT,,RETREAT,1,0,235,30,30,1,False,4,4,True,True,0,0,1,648,90,2,648,90,2,True,False,Shadow Bullet,180,False
92461081,727.6,LOSS,False,96,12,SWITCH,4,ACTIVE_POKEMON_SELECTION,,,CARD,0,0,235,30,30,1,False,4,4,False,True,0,0,1,648,90,2,648,90,2,True,False,Shadow Bullet,180,False
92461081,727.6,LOSS,False,97,12,MAIN,5,ATTACK_SELECTION,ATTACK,,ATTACK,2,1,121,280,320,2,True,4,4,False,True,1,1,1,648,90,2,648,0,2,False,False,Shadow Bullet,180,True
92461081,727.6,LOSS,False,98,12,DAMAGE_COUNTER_ANY,4,TARGET_SELECTION,,,CARD,0,0,121,280,320,2,True,4,4,False,True,1,1,1,648,0,2,648,0,2,False,False,Shadow Bullet,180,False
92461081,727.6,LOSS,False,99,12,DAMAGE_COUNTER_ANY,4,TARGET_SELECTION,,,CARD,0,0,121,280,320,2,True,4,4,False,True,1,1,1,648,0,2,648,0,2,False,False,Shadow Bullet,180,False
92461081,727.6,LOSS,False,100,12,DAMAGE_COUNTER_ANY,4,TARGET_SELECTION,,,CARD,0,0,121,280,320,2,True,4,4,False,True,1,1,1,648,0,2,648,0,2,False,False,Shadow Bullet,180,False
92461081,727.6,LOSS,False,101,12,DAMAGE_COUNTER_ANY,4,TARGET_SELECTION,,,CARD,0,0,121,280,320,2,True,4,4,False,True,1,1,1,648,0,2,648,0,2,False,False,Shadow Bullet,180,False
92461081,727.6,LOSS,False,102,12,DAMAGE_COUNTER_ANY,4,TARGET_SELECTION,,,CARD,0,0,121,280,320,2,True,4,4,False,True,1,1,1,648,0,2,648,0,2,False,False,Shadow Bullet,180,False
92461081,727.6,LOSS,False,103,12,DAMAGE_COUNTER_ANY,4,TARGET_SELECTION,,,CARD,0,0,121,280,320,2,True,4,4,False,True,1,1,1,648,0,2,,,2,False,False,Shadow Bullet,180,False
92461081,727.6,LOSS,False,104,12,TO_HAND,4,RESOURCE_MANAGEMENT,,,,0,0,121,280,320,2,True,4,4,False,True,1,1,1,,,2,647,100,2,,,,,False
92466796,842.9,LOSS,True,0,,,0,UNKNOWN,,,,0,0,,,,,False,,,False,False,,,0,,,,,,,,,,,False
92466796,842.9,LOSS,True,1,,,0,UNKNOWN,,,,0,0,,,,,False,,,False,False,,,0,,,,,,0,,,,,False
92466796,842.9,LOSS,True,2,0,IS_FIRST,2,GOING_FIRST_SECOND,,,YES,0,0,,,,,False,0,0,False,False,,,0,,,0,,,0,,,,,False
92466796,842.9,LOSS,True,3,0,SETUP_ACTIVE_POKEMON,1,EARLY_GAME_SETUP,,,,0,0,,,,,False,0,0,False,False,,,0,,,0,666,160,6,,,,,False
92466796,842.9,LOSS,True,4,1,MAIN,2,RESOURCE_MANAGEMENT,PLAY_ITEM,1086,PLAY,0,0,119,70,70,1,False,0,6,False,False,1,0,0,666,160,6,666,160,6,False,False,,,False
92466796,842.9,LOSS,True,5,1,TO_BENCH,4,BENCH_MANAGEMENT,,,CARD;CARD,0,0,119,70,70,1,False,0,6,False,False,1,0,0,666,160,6,666,160,6,False,False,,,False
92466796,842.9,LOSS,True,6,1,MAIN,1,TIMING,,,,0,0,119,70,70,1,False,2,6,False,True,1,0,0,666,160,6,666,160,6,False,False,,,False
92466796,842.9,LOSS,True,7,3,MAIN,9,RESOURCE_MANAGEMENT,PLAY_ITEM,1120,PLAY,0,0,119,20,70,1,True,2,6,False,True,1,0,0,666,160,6,666,160,6,True,False,Turbo Flare,50,False
92466796,842.9,LOSS,True,8,3,MAIN,8,BENCH_MANAGEMENT,EVOLVE,,EVOLVE,0,0,119,20,70,1,True,2,6,False,True,1,0,0,666,160,6,666,160,6,True,False,Turbo Flare,50,False
92466796,842.9,LOSS,True,9,3,MAIN,6,RESOURCE_MANAGEMENT,ABILITY,,ABILITY,0,0,120,40,90,1,True,2,6,False,True,1,0,0,666,160,6,666,160,6,True,False,Turbo Flare,50,True
92466796,842.9,LOSS,True,10,3,TO_HAND,2,RESOURCE_MANAGEMENT,,,CARD,0,0,120,40,90,1,True,2,6,False,True,1,0,0,666,160,6,666,160,6,True,False,Turbo Flare,50,False
92466796,842.9,LOSS,True,11,3,MAIN,7,BENCH_MANAGEMENT,EVOLVE,,EVOLVE,0,0,120,40,90,1,True,2,6,False,True,1,0,0,666,160,6,666,160,6,True,False,Turbo Flare,50,False
92466796,842.9,LOSS,True,12,3,MAIN,6,RESOURCE_MANAGEMENT,ABILITY,,ABILITY,0,0,120,40,90,1,True,2,6,False,True,1,0,0,666,160,6,666,160,6,True,False,Turbo Flare,50,False
92466796,842.9,LOSS,True,13,3,TO_HAND,2,RESOURCE_MANAGEMENT,,,CARD,0,0,120,40,90,1,True,2,6,False,True,1,0,0,666,160,6,666,160,6,True,False,Turbo Flare,50,False
92466796,842.9,LOSS,True,14,3,MAIN,6,RESOURCE_MANAGEMENT,PLAY_ITEM,1079,PLAY,0,0,120,40,90,1,True,2,6,False,True,1,0,0,666,160,6,666,160,6,True,False,Turbo Flare,50,False
92466796,842.9,LOSS,True,15,3,EVOLVE,1,BENCH_MANAGEMENT,,,EVOLVE,0,0,120,40,90,1,True,2,6,False,True,1,0,0,666,160,6,666,160,6,True,False,Turbo Flare,50,False
92466796,842.9,LOSS,True,16,3,MAIN,5,RESOURCE_MANAGEMENT,PLAY_SUPPORTER,1198,PLAY,0,0,120,40,90,1,True,2,6,False,True,1,0,0,666,160,6,666,160,6,True,False,Turbo Flare,50,False
92466796,842.9,LOSS,True,17,3,TO_HAND,7,RESOURCE_MANAGEMENT,,,CARD,0,0,120,40,90,1,True,2,6,False,True,1,0,0,666,160,6,666,160,6,True,False,Turbo Flare,50,False
92466796,842.9,LOSS,True,18,3,ATTACH_TO,3,ENERGY_MANAGEMENT,,,CARD,0,0,120,40,90,1,True,2,6,False,True,1,0,0,666,160,6,666,160,6,True,False,Turbo Flare,50,False
92466796,842.9,LOSS,True,19,3,ATTACH_FROM,3,ENERGY_MANAGEMENT,,,CARD,0,0,120,40,90,1,True,2,6,False,True,1,0,0,666,160,6,666,160,6,True,False,Turbo Flare,50,False
92466796,842.9,LOSS,True,20,3,MAIN,4,ENERGY_MANAGEMENT,ATTACH_ENERGY,,ATTACH,0,0,120,40,90,1,True,2,6,False,True,1,0,1,666,160,6,666,160,6,True,False,Turbo Flare,50,False
92466796,842.9,LOSS,True,21,3,MAIN,1,TIMING,,,,0,0,120,40,90,1,True,2,6,False,True,1,0,1,666,160,6,57,100,6,True,False,Turbo Flare,50,False
92466796,842.9,LOSS,True,22,5,MAIN,7,RESOURCE_MANAGEMENT,ABILITY,,ABILITY,0,0,120,40,90,1,True,2,6,False,True,1,0,1,57,100,6,57,100,6,False,False,,,False
92466796,842.9,LOSS,True,23,5,TO_HAND,2,RESOURCE_MANAGEMENT,,,CARD,0,0,120,40,90,1,True,2,6,False,True,1,0,1,57,100,6,57,100,6,False,False,,,False
92466796,842.9,LOSS,True,24,5,MAIN,7,RESOURCE_MANAGEMENT,PLAY_ITEM,1152,PLAY,0,0,120,40,90,1,True,2,6,False,True,1,0,1,57,100,6,57,100,6,False,False,,,False
92466796,842.9,LOSS,True,25,5,TO_HAND,4,RESOURCE_MANAGEMENT,,,CARD,0,0,120,40,90,1,True,2,6,False,True,1,0,1,57,100,6,57,100,6,False,False,,,False
92466796,842.9,LOSS,True,26,5,MAIN,6,RESOURCE_MANAGEMENT,ABILITY,,ABILITY,0,0,120,40,90,1,True,2,6,False,True,1,0,1,57,100,6,57,100,6,False,False,,,False
92466796,842.9,LOSS,True,27,5,TO_HAND,2,RESOURCE_MANAGEMENT,,,CARD,0,0,120,40,90,1,True,2,6,False,True,1,0,1,57,100,6,57,100,6,False,False,,,False
92466796,842.9,LOSS,True,28,5,MAIN,6,RESOURCE_MANAGEMENT,PLAY_ITEM,1152,PLAY,0,0,120,40,90,1,True,2,6,False,True,1,0,1,57,100,6,57,100,6,False,False,,,False
92466796,842.9,LOSS,True,29,5,TO_HAND,3,RESOURCE_MANAGEMENT,,,CARD,0,0,120,40,90,1,True,2,6,False,True,1,0,1,57,100,6,57,100,6,False,False,,,False
92466796,842.9,LOSS,True,30,5,MAIN,5,RESOURCE_MANAGEMENT,PLAY_SUPPORTER,1227,PLAY,0,0,120,40,90,1,True,2,6,False,True,1,0,1,57,100,6,57,100,6,False,False,,,False
92466796,842.9,LOSS,True,31,5,MAIN,11,ENERGY_MANAGEMENT,ATTACH_ENERGY,,ATTACH,0,0,120,40,90,1,True,2,6,False,True,1,0,1,57,100,6,57,100,6,False,False,,,False
92466796,842.9,LOSS,True,32,5,MAIN,8,RESOURCE_MANAGEMENT,PLAY_ITEM,1121,PLAY,0,0,120,40,90,1,True,2,6,False,True,1,0,1,57,100,6,57,100,6,False,False,,,False
92466796,842.9,LOSS,True,33,5,DISCARD,6,RESOURCE_MANAGEMENT,,,CARD;CARD,0,0,120,40,90,1,True,2,6,False,True,1,0,1,57,100,6,57,100,6,False,False,,,False
92466796,842.9,LOSS,True,34,5,TO_HAND,8,RESOURCE_MANAGEMENT,,,CARD,0,0,120,40,90,1,True,2,6,False,True,1,0,1,57,100,6,57,100,6,False,False,,,False
92466796,842.9,LOSS,True,35,5,MAIN,7,BENCH_MANAGEMENT,EVOLVE,,EVOLVE,0,0,120,40,90,1,True,2,6,False,True,1,0,1,57,100,6,57,100,6,False,False,,,False
92466796,842.9,LOSS,True,36,5,MAIN,5,ENERGY_MANAGEMENT,ATTACH_ENERGY,,ATTACH,0,0,121,270,320,2,True,2,6,False,True,1,0,1,57,100,6,57,100,6,False,False,,,True
92466796,842.9,LOSS,True,37,5,MAIN,4,RETREAT_SELECTION,RETREAT,,RETREAT,1,0,121,270,320,2,True,2,6,True,True,1,1,1,57,100,6,57,100,6,False,False,,,False
92466796,842.9,LOSS,True,38,5,DISCARD_ENERGY,1,ENERGY_MANAGEMENT,,,ENERGY,0,0,121,270,320,2,True,2,6,False,True,1,1,1,57,100,6,57,100,6,False,False,,,False
92466796,842.9,LOSS,True,39,5,SWITCH,2,ACTIVE_POKEMON_SELECTION,,,CARD,0,0,121,270,320,2,True,2,6,False,True,1,0,1,57,100,6,57,100,6,False,False,,,False
92466796,842.9,LOSS,True,40,5,MAIN,4,ATTACK_SELECTION,ATTACK,,ATTACK,2,1,121,320,320,2,False,2,6,False,True,1,1,0,57,100,6,57,0,6,False,False,,,False
92466796,842.9,LOSS,True,41,5,DAMAGE_COUNTER_ANY,5,TARGET_SELECTION,,,CARD,0,0,121,320,320,2,False,2,6,False,True,1,1,0,57,0,6,57,0,6,False,False,,,False
92466796,842.9,LOSS,True,42,5,DAMAGE_COUNTER_ANY,5,TARGET_SELECTION,,,CARD,0,0,121,320,320,2,False,2,6,False,True,1,1,0,57,0,6,57,0,6,False,False,,,False
92466796,842.9,LOSS,True,43,5,DAMAGE_COUNTER_ANY,5,TARGET_SELECTION,,,CARD,0,0,121,320,320,2,False,2,6,False,True,1,1,0,57,0,6,57,0,6,False,False,,,False
92466796,842.9,LOSS,True,44,5,DAMAGE_COUNTER_ANY,5,TARGET_SELECTION,,,CARD,0,0,121,320,320,2,False,2,6,False,True,1,1,0,57,0,6,57,0,6,False,False,,,False
92466796,842.9,LOSS,True,45,5,DAMAGE_COUNTER_ANY,5,TARGET_SELECTION,,,CARD,0,0,121,320,320,2,False,2,6,False,True,1,1,0,57,0,6,57,0,6,False,False,,,False
92466796,842.9,LOSS,True,46,5,DAMAGE_COUNTER_ANY,5,TARGET_SELECTION,,,CARD,0,0,121,320,320,2,False,2,6,False,True,1,1,0,57,0,6,,,6,False,False,,,False
92466796,842.9,LOSS,True,47,5,TO_HAND,6,RESOURCE_MANAGEMENT,,,,0,0,121,320,320,2,False,2,6,False,True,1,1,0,,,6,190,240,6,,,,,False
92466796,842.9,LOSS,True,48,7,MAIN,9,RESOURCE_MANAGEMENT,PLAY_POKEMON,119,PLAY,2,0,121,100,320,2,True,2,5,True,True,1,1,0,190,240,6,190,240,6,True,False,Metal Defender,220,False
92466796,842.9,LOSS,True,49,7,MAIN,8,RESOURCE_MANAGEMENT,ABILITY,,ABILITY,2,0,121,100,320,2,True,3,5,True,True,1,1,0,190,240,6,190,240,6,True,False,Metal Defender,220,False
92466796,842.9,LOSS,True,50,7,TO_HAND,2,RESOURCE_MANAGEMENT,,,CARD,0,0,121,100,320,2,True,3,5,False,True,1,1,0,190,240,6,190,240,6,True,False,Metal Defender,220,False
92466796,842.9,LOSS,True,51,7,MAIN,8,RESOURCE_MANAGEMENT,PLAY_SUPPORTER,1227,PLAY,2,0,121,100,320,2,True,3,5,True,True,1,1,0,190,240,6,190,240,6,True,False,Metal Defender,220,False
92466796,842.9,LOSS,True,52,7,MAIN,13,ENERGY_MANAGEMENT,ATTACH_ENERGY,,ATTACH,2,0,121,100,320,2,True,3,5,True,True,1,1,0,190,240,6,190,240,6,True,False,Metal Defender,220,False
92466796,842.9,LOSS,True,53,7,MAIN,5,ATTACK_SELECTION,ATTACK,,ATTACK,2,1,121,100,320,2,True,3,5,True,True,1,1,1,190,240,6,190,70,6,True,False,Metal Defender,220,False
92466796,842.9,LOSS,True,54,7,DAMAGE_COUNTER_ANY,4,TARGET_SELECTION,,,CARD,0,0,121,100,320,2,True,3,5,False,True,1,1,1,190,70,6,190,70,6,True,False,Metal Defender,220,False
92466796,842.9,LOSS,True,55,7,DAMAGE_COUNTER_ANY,4,TARGET_SELECTION,,,CARD,0,0,121,100,320,2,True,3,5,False,True,1,1,1,190,70,6,190,70,6,True,False,Metal Defender,220,False
92466796,842.9,LOSS,True,56,7,DAMAGE_COUNTER_ANY,4,TARGET_SELECTION,,,CARD,0,0,121,100,320,2,True,3,5,False,True,1,1,1,190,70,6,190,70,6,True,False,Metal Defender,220,False
92466796,842.9,LOSS,True,57,7,DAMAGE_COUNTER_ANY,4,TARGET_SELECTION,,,CARD,0,0,121,100,320,2,True,3,5,False,True,1,1,1,190,70,6,190,70,6,True,False,Metal Defender,220,False
92466796,842.9,LOSS,True,58,7,DAMAGE_COUNTER_ANY,4,TARGET_SELECTION,,,CARD,0,0,121,100,320,2,True,3,5,False,True,1,1,1,190,70,6,190,70,6,True,False,Metal Defender,220,False
92466796,842.9,LOSS,True,59,7,DAMAGE_COUNTER_ANY,4,TARGET_SELECTION,,,,0,0,121,100,320,2,True,3,5,False,True,1,1,1,190,70,6,190,150,4,True,False,Metal Defender,220,False
92466796,842.9,LOSS,True,60,8,TO_ACTIVE,3,ACTIVE_POKEMON_SELECTION,,,CARD,0,0,,,,,False,3,5,False,True,,,1,190,150,4,190,150,4,,,,,True
92466796,842.9,LOSS,True,61,9,MAIN,12,RESOURCE_MANAGEMENT,PLAY_ITEM,1120,PLAY,1,0,121,270,320,2,True,2,5,True,True,1,1,0,190,150,4,190,150,4,False,False,Metal Defender,220,False
92466796,842.9,LOSS,True,62,9,MAIN,11,RESOURCE_MANAGEMENT,ABILITY,,ABILITY,1,0,121,270,320,2,True,2,5,True,True,1,1,0,190,150,4,190,150,4,False,False,Metal Defender,220,False
92466796,842.9,LOSS,True,63,9,TO_HAND,2,RESOURCE_MANAGEMENT,,,CARD,0,0,121,270,320,2,True,2,5,False,True,1,1,0,190,150,4,190,150,4,False,False,Metal Defender,220,False
92466796,842.9,LOSS,True,64,9,MAIN,11,RESOURCE_MANAGEMENT,PLAY_SUPPORTER,1198,PLAY,1,0,121,270,320,2,True,2,5,True,True,1,1,0,190,150,4,190,150,4,False,False,Metal Defender,220,False
92466796,842.9,LOSS,True,65,9,TO_HAND,2,RESOURCE_MANAGEMENT,,,CARD,0,0,121,270,320,2,True,2,5,False,True,1,1,0,190,150,4,190,150,4,False,False,Metal Defender,220,False
92466796,842.9,LOSS,True,66,9,ATTACH_TO,1,ENERGY_MANAGEMENT,,,CARD,0,0,121,270,320,2,True,2,5,False,True,1,1,0,190,150,4,190,150,4,False,False,Metal Defender,220,False
92466796,842.9,LOSS,True,67,9,ATTACH_FROM,3,ENERGY_MANAGEMENT,,,CARD,0,0,121,270,320,2,True,2,5,False,True,1,1,0,190,150,4,190,150,4,False,False,Metal Defender,220,False
92466796,842.9,LOSS,True,68,9,MAIN,13,RESOURCE_MANAGEMENT,PLAY_ITEM,1152,PLAY,2,0,121,270,320,2,True,2,5,True,True,1,1,0,190,150,4,190,150,4,False,False,Metal Defender,220,False
92466796,842.9,LOSS,True,69,9,TO_HAND,2,RESOURCE_MANAGEMENT,,,CARD,0,0,121,270,320,2,True,2,5,False,True,1,1,0,190,150,4,190,150,4,False,False,Metal Defender,220,False
92466796,842.9,LOSS,True,70,9,MAIN,13,BENCH_MANAGEMENT,EVOLVE,,EVOLVE,2,0,121,270,320,2,True,2,5,True,True,1,1,0,190,150,4,190,150,4,False,False,Metal Defender,220,False
92466796,842.9,LOSS,True,71,9,MAIN,12,RESOURCE_MANAGEMENT,ABILITY,,ABILITY,2,0,121,270,320,2,True,2,5,True,True,1,1,0,190,150,4,190,150,4,False,False,Metal Defender,220,False
92466796,842.9,LOSS,True,72,9,TO_HAND,2,RESOURCE_MANAGEMENT,,,CARD,0,0,121,270,320,2,True,2,5,False,True,1,1,0,190,150,4,190,150,4,False,False,Metal Defender,220,False
92466796,842.9,LOSS,True,73,9,MAIN,12,ENERGY_MANAGEMENT,ATTACH_ENERGY,,ATTACH,2,0,121,270,320,2,True,2,5,True,True,1,1,0,190,150,4,190,150,4,False,False,Metal Defender,220,False
92466796,842.9,LOSS,True,74,9,MAIN,6,ATTACK_SELECTION,ATTACK,,ATTACK,2,1,121,270,320,2,True,2,5,True,True,1,1,0,190,150,4,190,0,4,False,False,Metal Defender,220,False
92466796,842.9,LOSS,True,75,9,DAMAGE_COUNTER_ANY,4,TARGET_SELECTION,,,CARD,0,0,121,270,320,2,True,2,5,False,True,1,1,0,190,0,4,190,0,4,False,False,Metal Defender,220,False
92466796,842.9,LOSS,True,76,9,DAMAGE_COUNTER_ANY,4,TARGET_SELECTION,,,CARD,0,0,121,270,320,2,True,2,5,False,True,1,1,0,190,0,4,190,0,4,False,False,Metal Defender,220,False
92466796,842.9,LOSS,True,77,9,DAMAGE_COUNTER_ANY,4,TARGET_SELECTION,,,CARD,0,0,121,270,320,2,True,2,5,False,True,1,1,0,190,0,4,190,0,4,False,False,Metal Defender,220,False
92466796,842.9,LOSS,True,78,9,DAMAGE_COUNTER_ANY,4,TARGET_SELECTION,,,CARD,0,0,121,270,320,2,True,2,5,False,True,1,1,0,190,0,4,190,0,4,False,False,Metal Defender,220,False
92466796,842.9,LOSS,True,79,9,DAMAGE_COUNTER_ANY,4,TARGET_SELECTION,,,CARD,0,0,121,270,320,2,True,2,5,False,True,1,1,0,190,0,4,190,0,4,False,False,Metal Defender,220,False
92466796,842.9,LOSS,True,80,9,DAMAGE_COUNTER_ANY,4,TARGET_SELECTION,,,CARD,0,0,121,270,320,2,True,2,5,False,True,1,1,0,190,0,4,,,4,False,False,Metal Defender,220,False
92466796,842.9,LOSS,True,81,9,TO_HAND,5,RESOURCE_MANAGEMENT,,,,0,0,121,270,320,2,True,2,5,False,True,1,1,0,,,4,169,130,4,,,,,False
92466796,842.9,LOSS,True,82,11,MAIN,14,RESOURCE_MANAGEMENT,ABILITY,,ABILITY,0,0,120,10,90,1,True,2,3,True,True,1,1,1,169,130,4,169,130,4,True,False,Raging Hammer,80,True
92466796,842.9,LOSS,True,83,11,TO_HAND,2,RESOURCE_MANAGEMENT,,,CARD,0,0,120,10,90,1,True,2,3,False,True,1,1,1,169,130,4,169,130,4,True,False,Raging Hammer,80,False
92466796,842.9,LOSS,True,84,11,MAIN,14,RESOURCE_MANAGEMENT,ABILITY,,ABILITY,0,0,120,10,90,1,True,2,3,True,True,1,1,1,169,130,4,169,130,4,True,False,Raging Hammer,80,False
92466796,842.9,LOSS,True,85,11,TO_HAND,2,RESOURCE_MANAGEMENT,,,CARD,0,0,120,10,90,1,True,2,3,False,True,1,1,1,169,130,4,169,130,4,True,False,Raging Hammer,80,False
92466796,842.9,LOSS,True,86,11,MAIN,14,RESOURCE_MANAGEMENT,PLAY_ITEM,1120,PLAY,0,0,120,10,90,1,True,2,3,True,True,1,1,1,169,130,4,169,130,4,True,False,Raging Hammer,80,False
92466796,842.9,LOSS,True,87,11,MAIN,13,RESOURCE_MANAGEMENT,PLAY_SUPPORTER,1182,PLAY,0,0,120,10,90,1,True,2,3,True,True,1,1,1,169,130,4,169,130,4,True,False,Raging Hammer,80,False
92466796,842.9,LOSS,True,88,11,SWITCH,3,ACTIVE_POKEMON_SELECTION,,,CARD,0,0,120,10,90,1,True,2,3,False,True,1,1,1,169,130,4,190,180,4,True,False,Raging Hammer,80,False
92466796,842.9,LOSS,True,89,11,MAIN,10,ENERGY_MANAGEMENT,ATTACH_ENERGY,,ATTACH,0,0,120,10,90,1,True,2,3,True,True,1,1,1,190,180,4,190,180,4,True,False,Metal Defender,220,False
92466796,842.9,LOSS,True,90,11,MAIN,5,RETREAT_SELECTION,RETREAT,,RETREAT,1,0,120,10,90,1,True,2,3,True,True,1,1,1,190,180,4,190,180,4,True,False,Metal Defender,220,False
92466796,842.9,LOSS,True,91,11,DISCARD_ENERGY,2,ENERGY_MANAGEMENT,,,ENERGY,0,0,120,10,90,1,True,2,3,False,True,1,1,1,190,180,4,190,180,4,True,False,Metal Defender,220,False
92466796,842.9,LOSS,True,92,11,SWITCH,2,ACTIVE_POKEMON_SELECTION,,,CARD,0,0,120,10,90,1,True,2,3,False,True,1,1,1,190,180,4,190,180,4,True,False,Metal Defender,220,False
92466796,842.9,LOSS,True,93,11,MAIN,5,ATTACK_SELECTION,ATTACK,,ATTACK,2,1,121,270,320,2,True,2,3,False,True,1,1,0,190,180,4,190,10,4,False,False,Metal Defender,220,True
92466796,842.9,LOSS,True,94,11,DAMAGE_COUNTER_ANY,3,TARGET_SELECTION,,,CARD,0,0,121,270,320,2,True,2,3,False,True,1,1,0,190,10,4,190,10,4,False,False,Metal Defender,220,False
92466796,842.9,LOSS,True,95,11,DAMAGE_COUNTER_ANY,3,TARGET_SELECTION,,,CARD,0,0,121,270,320,2,True,2,3,False,True,1,1,0,190,10,4,190,10,4,False,False,Metal Defender,220,False
92466796,842.9,LOSS,True,96,11,DAMAGE_COUNTER_ANY,3,TARGET_SELECTION,,,CARD,0,0,121,270,320,2,True,2,3,False,True,1,1,0,190,10,4,190,10,4,False,False,Metal Defender,220,False
92466796,842.9,LOSS,True,97,11,DAMAGE_COUNTER_ANY,3,TARGET_SELECTION,,,CARD,0,0,121,270,320,2,True,2,3,False,True,1,1,0,190,10,4,190,10,4,False,False,Metal Defender,220,False
92466796,842.9,LOSS,True,98,11,DAMAGE_COUNTER_ANY,3,TARGET_SELECTION,,,CARD,0,0,121,270,320,2,True,2,3,False,True,1,1,0,190,10,4,190,10,4,False,False,Metal Defender,220,False
92466796,842.9,LOSS,True,99,11,DAMAGE_COUNTER_ANY,3,TARGET_SELECTION,,,,0,0,121,270,320,2,True,2,3,False,True,1,1,0,190,10,4,190,10,2,False,False,Metal Defender,220,False
92466796,842.9,LOSS,True,100,12,TO_ACTIVE,2,ACTIVE_POKEMON_SELECTION,,,CARD,0,0,,,,,False,2,3,False,True,,,0,190,10,2,190,10,2,,,,,True
92466796,842.9,LOSS,True,101,13,MAIN,14,RESOURCE_MANAGEMENT,PLAY_POKEMON,235,PLAY,0,0,120,10,90,1,True,1,3,True,True,1,1,0,190,10,2,190,10,2,True,False,Metal Defender,220,False
92466796,842.9,LOSS,True,102,13,MAIN,14,RESOURCE_MANAGEMENT,PLAY_ITEM,1121,PLAY,0,0,120,10,90,1,True,2,3,True,True,1,1,1,190,10,2,190,10,2,True,False,Metal Defender,220,False
92466796,842.9,LOSS,True,103,13,DISCARD,8,RESOURCE_MANAGEMENT,,,CARD;CARD,0,0,120,10,90,1,True,2,3,False,True,1,1,1,190,10,2,190,10,2,True,False,Metal Defender,220,False
92466796,842.9,LOSS,True,104,13,TO_HAND,4,RESOURCE_MANAGEMENT,,,CARD,0,0,120,10,90,1,True,2,3,False,True,1,1,1,190,10,2,190,10,2,True,False,Metal Defender,220,False
92466796,842.9,LOSS,True,105,13,MAIN,12,RESOURCE_MANAGEMENT,PLAY_POKEMON,140,PLAY,0,0,120,10,90,1,True,2,3,True,True,1,1,1,190,10,2,190,10,2,True,False,Metal Defender,220,False
92466796,842.9,LOSS,True,106,13,MAIN,13,RESOURCE_MANAGEMENT,ABILITY,,ABILITY,0,0,120,10,90,1,True,3,3,True,True,1,1,1,190,10,2,190,10,2,True,False,Metal Defender,220,False
92466796,842.9,LOSS,True,107,13,TO_HAND,2,RESOURCE_MANAGEMENT,,,CARD,0,0,120,10,90,1,True,3,3,False,True,1,1,1,190,10,2,190,10,2,True,False,Metal Defender,220,False
92466796,842.9,LOSS,True,108,13,MAIN,13,RESOURCE_MANAGEMENT,ABILITY,,ABILITY,0,0,120,10,90,1,True,3,3,True,True,1,1,1,190,10,2,190,10,2,True,False,Metal Defender,220,False
92466796,842.9,LOSS,True,109,13,TO_HAND,2,RESOURCE_MANAGEMENT,,,CARD,0,0,120,10,90,1,True,3,3,False,True,1,1,1,190,10,2,190,10,2,True,False,Metal Defender,220,False
92466796,842.9,LOSS,True,110,13,MAIN,13,RESOURCE_MANAGEMENT,ABILITY,,ABILITY,0,0,120,10,90,1,True,3,3,True,True,1,1,1,190,10,2,190,10,2,True,False,Metal Defender,220,False
92466796,842.9,LOSS,True,111,13,MAIN,14,ENERGY_MANAGEMENT,ATTACH_ENERGY,,ATTACH,0,0,120,10,90,1,True,3,3,True,True,1,1,1,190,10,2,190,10,2,True,False,Metal Defender,220,False
92466796,842.9,LOSS,True,112,13,MAIN,10,RESOURCE_MANAGEMENT,PLAY_ITEM,1080,PLAY,0,0,120,10,90,1,True,3,3,True,True,1,1,1,190,10,2,190,10,2,True,False,Metal Defender,220,False
92466796,842.9,LOSS,True,113,13,MAIN,7,RESOURCE_MANAGEMENT,PLAY_ITEM,1097,PLAY,0,0,120,10,90,1,True,3,3,True,True,1,1,1,190,10,2,190,10,2,True,False,Metal Defender,220,False
92466796,842.9,LOSS,True,114,13,TO_HAND,11,RESOURCE_MANAGEMENT,,,CARD,0,0,120,10,90,1,True,3,3,False,True,1,1,1,190,10,2,190,10,2,True,False,Metal Defender,220,False
92466796,842.9,LOSS,True,115,13,MAIN,8,BENCH_MANAGEMENT,EVOLVE,,EVOLVE,0,0,120,10,90,1,True,3,3,True,True,1,1,1,190,10,2,190,10,2,True,False,Metal Defender,220,False
92466796,842.9,LOSS,True,116,13,MAIN,7,RESOURCE_MANAGEMENT,PLAY_SUPPORTER,1198,PLAY,1,0,121,240,320,2,True,3,3,True,True,1,1,1,190,10,2,190,10,2,False,False,Metal Defender,220,True
92466796,842.9,LOSS,True,117,13,MAIN,5,RETREAT_SELECTION,RETREAT,,RETREAT,1,0,121,240,320,2,True,3,3,True,True,1,1,1,190,10,2,190,10,2,False,False,Metal Defender,220,False
92466796,842.9,LOSS,True,118,13,DISCARD_ENERGY,1,ENERGY_MANAGEMENT,,,ENERGY,0,0,121,240,320,2,True,3,3,False,True,1,1,1,190,10,2,190,10,2,False,False,Metal Defender,220,False
92466796,842.9,LOSS,True,119,13,SWITCH,3,ACTIVE_POKEMON_SELECTION,,,CARD,0,0,121,240,320,2,True,3,3,False,True,1,0,1,190,10,2,190,10,2,False,False,Metal Defender,220,False
92466796,842.9,LOSS,True,120,13,MAIN,4,RESOURCE_MANAGEMENT,PLAY_POKEMON,184,PLAY,1,0,235,30,30,1,False,3,3,False,True,0,0,0,190,10,2,190,10,2,True,False,Metal Defender,220,True
