episode_id,opponent_current_score,result,went_first,decision_index,turn,select_context_name,n_options,category,action_class,action_card_id,chosen_option_types,n_available_attacks,n_chosen_attacks,our_active_id,our_active_hp,our_active_maxhp,our_active_prize_value,our_active_damaged,our_bench_n,our_prize_n,retreat_available_this_decision,bench_target_exists,our_active_retreat_cost,our_active_energy_loss_if_retreated,bench_ready_attackers,opp_active_id,opp_active_hp,opp_prize_n,opp_active_id_after,opp_active_hp_after,opp_prize_n_after,opp_lethal_now,opp_lethal_with_one_more_energy,opp_best_attack_name,opp_best_attack_damage,our_active_changed_since_prev_own_decision
92549421,599.2,LOSS,True,0,,,0,UNKNOWN,,,,0,0,,,,,False,,,False,False,,,0,,,,,,,,,,,False
92549421,599.2,LOSS,True,1,,,0,UNKNOWN,,,,0,0,,,,,False,,,False,False,,,0,,,,,,0,,,,,False
92549421,599.2,LOSS,True,2,0,IS_FIRST,2,GOING_FIRST_SECOND,,,YES,0,0,,,,,False,0,0,False,False,,,0,,,0,,,0,,,,,False
92549421,599.2,LOSS,True,3,0,SETUP_ACTIVE_POKEMON,2,EARLY_GAME_SETUP,,,,0,0,,,,,False,0,0,False,False,,,0,,,0,,,6,,,,,False
92549421,599.2,LOSS,True,4,0,DRAW_COUNT,3,SEARCH_DECISION,,,NUMBER,0,0,,,,,False,0,6,False,False,,,0,,,6,,,6,,,,,False
92549421,599.2,LOSS,True,5,0,SETUP_BENCH_POKEMON,1,BENCH_MANAGEMENT,,,,0,0,,,,,False,0,6,False,False,,,0,,,6,673,80,6,,,,,False
92549421,599.2,LOSS,True,6,1,MAIN,7,RESOURCE_MANAGEMENT,PLAY_STADIUM,1256,PLAY,0,0,119,70,70,1,False,0,6,False,False,1,0,0,673,80,6,673,80,6,False,False,,,False
92549421,599.2,LOSS,True,7,1,MAIN,6,RESOURCE_MANAGEMENT,PLAY_POKEMON,184,PLAY,0,0,119,70,70,1,False,0,6,False,False,1,0,0,673,80,6,673,80,6,False,False,,,False
92549421,599.2,LOSS,True,8,1,MAIN,8,RESOURCE_MANAGEMENT,PLAY_ITEM,1152,PLAY,0,0,119,70,70,1,False,1,6,True,True,1,0,0,673,80,6,673,80,6,False,False,,,False
92549421,599.2,LOSS,True,9,1,TO_HAND,9,RESOURCE_MANAGEMENT,,,CARD,0,0,119,70,70,1,False,1,6,False,True,1,0,0,673,80,6,673,80,6,False,False,,,False
92549421,599.2,LOSS,True,10,1,MAIN,8,RESOURCE_MANAGEMENT,PLAY_POKEMON,119,PLAY,0,0,119,70,70,1,False,1,6,True,True,1,0,0,673,80,6,673,80,6,False,False,,,False
92549421,599.2,LOSS,True,11,1,MAIN,9,ENERGY_MANAGEMENT,ATTACH_ENERGY,,ATTACH,0,0,119,70,70,1,False,2,6,True,True,1,0,0,673,80,6,673,80,6,False,False,,,False
92549421,599.2,LOSS,True,12,1,MAIN,3,TIMING,,,,0,0,119,70,70,1,False,2,6,True,True,1,0,1,673,80,6,673,80,6,False,False,,,False
92549421,599.2,LOSS,True,13,3,MAIN,10,RESOURCE_MANAGEMENT,PLAY_ITEM,1120,PLAY,0,0,119,60,70,1,True,2,6,True,True,1,0,1,673,80,6,673,80,6,False,False,Corkscrew Punch,10,False
92549421,599.2,LOSS,True,14,3,MAIN,9,BENCH_MANAGEMENT,EVOLVE,,EVOLVE,0,0,119,60,70,1,True,2,6,True,True,1,0,1,673,80,6,673,80,6,False,False,Corkscrew Punch,10,False
92549421,599.2,LOSS,True,15,3,MAIN,8,RESOURCE_MANAGEMENT,ABILITY,,ABILITY,0,0,119,60,70,1,True,2,6,True,True,1,0,0,673,80,6,673,80,6,False,False,Corkscrew Punch,10,False
92549421,599.2,LOSS,True,16,3,TO_HAND,2,RESOURCE_MANAGEMENT,,,CARD,0,0,119,60,70,1,True,2,6,False,True,1,0,0,673,80,6,673,80,6,False,False,Corkscrew Punch,10,False
92549421,599.2,LOSS,True,17,3,MAIN,10,ENERGY_MANAGEMENT,ATTACH_ENERGY,,ATTACH,0,0,119,60,70,1,True,2,6,True,True,1,0,0,673,80,6,673,80,6,False,False,Corkscrew Punch,10,False
92549421,599.2,LOSS,True,18,3,MAIN,5,RESOURCE_MANAGEMENT,PLAY_SUPPORTER,1227,PLAY,1,0,119,60,70,1,True,2,6,True,True,1,1,0,673,80,6,673,80,6,False,False,Corkscrew Punch,10,False
92549421,599.2,LOSS,True,19,3,MAIN,9,RESOURCE_MANAGEMENT,PLAY_STADIUM,1256,PLAY,1,0,119,60,70,1,True,2,6,True,True,1,1,0,673,80,6,673,80,6,False,False,Corkscrew Punch,10,False
92549421,599.2,LOSS,True,20,3,MAIN,8,RESOURCE_MANAGEMENT,PLAY_POKEMON,235,PLAY,1,0,119,60,70,1,True,2,6,True,True,1,1,0,673,80,6,673,80,6,False,False,Corkscrew Punch,10,False
92549421,599.2,LOSS,True,21,3,MAIN,7,RESOURCE_MANAGEMENT,PLAY_POKEMON,119,PLAY,1,0,119,60,70,1,True,3,6,True,True,1,1,1,673,80,6,673,80,6,False,False,Corkscrew Punch,10,False
92549421,599.2,LOSS,True,22,3,MAIN,6,RESOURCE_MANAGEMENT,PLAY_ITEM,1152,PLAY,1,0,119,60,70,1,True,4,6,True,True,1,1,1,673,80,6,673,80,6,False,False,Corkscrew Punch,10,False
92549421,599.2,LOSS,True,23,3,TO_HAND,5,RESOURCE_MANAGEMENT,,,CARD,0,0,119,60,70,1,True,4,6,False,True,1,1,1,673,80,6,673,80,6,False,False,Corkscrew Punch,10,False
92549421,599.2,LOSS,True,24,3,MAIN,6,BENCH_MANAGEMENT,EVOLVE,,EVOLVE,1,0,119,60,70,1,True,4,6,True,True,1,1,1,673,80,6,673,80,6,False,False,Corkscrew Punch,10,False
92549421,599.2,LOSS,True,25,3,MAIN,5,RESOURCE_MANAGEMENT,ABILITY,,ABILITY,0,0,120,80,90,1,True,4,6,True,True,1,1,1,673,80,6,673,80,6,False,False,Corkscrew Punch,10,True
92549421,599.2,LOSS,True,26,3,TO_HAND,2,RESOURCE_MANAGEMENT,,,CARD,0,0,120,80,90,1,True,4,6,False,True,1,1,1,673,80,6,673,80,6,False,False,Corkscrew Punch,10,False
92549421,599.2,LOSS,True,27,3,MAIN,4,RETREAT_SELECTION,RETREAT,,RETREAT,0,0,120,80,90,1,True,4,6,True,True,1,1,1,673,80,6,673,80,6,False,False,Corkscrew Punch,10,False
92549421,599.2,LOSS,True,28,3,DISCARD_ENERGY,1,ENERGY_MANAGEMENT,,,ENERGY,0,0,120,80,90,1,True,4,6,False,True,1,1,1,673,80,6,673,80,6,False,False,Corkscrew Punch,10,False
92549421,599.2,LOSS,True,29,3,SWITCH,4,ACTIVE_POKEMON_SELECTION,,,CARD,0,0,120,80,90,1,True,4,6,False,True,1,0,1,673,80,6,673,80,6,False,False,Corkscrew Punch,10,False
92549421,599.2,LOSS,True,30,3,MAIN,4,TIMING,,,,1,0,235,30,30,1,False,4,6,False,True,0,0,0,673,80,6,674,140,6,False,True,Corkscrew Punch,10,True
92549421,599.2,LOSS,True,31,5,MAIN,10,RESOURCE_MANAGEMENT,PLAY_ITEM,1086,PLAY,0,0,184,210,210,2,False,4,6,True,True,2,0,1,674,140,6,674,140,6,False,True,,,True
92549421,599.2,LOSS,True,32,5,TO_BENCH,2,BENCH_MANAGEMENT,,,CARD,0,0,184,210,210,2,False,4,6,False,True,2,0,1,674,140,6,674,140,6,False,True,,,False
92549421,599.2,LOSS,True,33,5,MAIN,8,RESOURCE_MANAGEMENT,ABILITY,,ABILITY,0,0,184,210,210,2,False,5,6,True,True,2,0,1,674,140,6,674,140,6,False,True,,,False
92549421,599.2,LOSS,True,34,5,TO_HAND,2,RESOURCE_MANAGEMENT,,,CARD,0,0,184,210,210,2,False,5,6,False,True,2,0,1,674,140,6,674,140,6,False,True,,,False
92549421,599.2,LOSS,True,35,5,MAIN,8,RESOURCE_MANAGEMENT,PLAY_ITEM,1152,PLAY,0,0,184,210,210,2,False,5,6,True,True,2,0,1,674,140,6,674,140,6,False,True,,,False
92549421,599.2,LOSS,True,36,5,TO_HAND,3,RESOURCE_MANAGEMENT,,,CARD,0,0,184,210,210,2,False,5,6,False,True,2,0,1,674,140,6,674,140,6,False,True,,,False
92549421,599.2,LOSS,True,37,5,MAIN,8,RESOURCE_MANAGEMENT,ABILITY,,ABILITY,0,0,184,210,210,2,False,5,6,True,True,2,0,1,674,140,6,674,140,6,False,True,,,False
92549421,599.2,LOSS,True,38,5,TO_HAND,2,RESOURCE_MANAGEMENT,,,CARD,0,0,184,210,210,2,False,5,6,False,True,2,0,1,674,140,6,674,140,6,False,True,,,False
92549421,599.2,LOSS,True,39,5,MAIN,13,BENCH_MANAGEMENT,EVOLVE,,EVOLVE,0,0,184,210,210,2,False,5,6,True,True,2,0,1,674,140,6,674,140,6,False,True,,,False
92549421,599.2,LOSS,True,40,5,MAIN,13,RESOURCE_MANAGEMENT,ABILITY,,ABILITY,0,0,184,210,210,2,False,5,6,True,True,2,0,1,674,140,6,674,140,6,False,True,,,False
92549421,599.2,LOSS,True,41,5,TO_HAND,2,RESOURCE_MANAGEMENT,,,CARD,0,0,184,210,210,2,False,5,6,False,True,2,0,1,674,140,6,674,140,6,False,True,,,False
92549421,599.2,LOSS,True,42,5,MAIN,13,ENERGY_MANAGEMENT,ATTACH_ENERGY,,ATTACH,0,0,184,210,210,2,False,5,6,True,True,2,0,1,674,140,6,674,140,6,False,True,,,False
92549421,599.2,LOSS,True,43,5,MAIN,7,RESOURCE_MANAGEMENT,PLAY_SUPPORTER,1227,PLAY,0,0,184,210,210,2,False,5,6,True,True,2,0,1,674,140,6,674,140,6,False,True,,,False
92549421,599.2,LOSS,True,44,5,MAIN,5,RESOURCE_MANAGEMENT,PLAY_ITEM,1121,PLAY,0,0,184,210,210,2,False,5,6,True,True,2,0,1,674,140,6,674,140,6,False,True,,,False
92549421,599.2,LOSS,True,45,5,DISCARD,7,RESOURCE_MANAGEMENT,,,CARD;CARD,0,0,184,210,210,2,False,5,6,False,True,2,0,1,674,140,6,674,140,6,False,True,,,False
92549421,599.2,LOSS,True,46,5,TO_HAND,6,RESOURCE_MANAGEMENT,,,CARD,0,0,184,210,210,2,False,5,6,False,True,2,0,1,674,140,6,674,140,6,False,True,,,False
92549421,599.2,LOSS,True,47,5,MAIN,6,BENCH_MANAGEMENT,EVOLVE,,EVOLVE,0,0,184,210,210,2,False,5,6,True,True,2,0,1,674,140,6,674,140,6,False,True,,,False
92549421,599.2,LOSS,True,48,5,MAIN,4,RESOURCE_MANAGEMENT,PLAY_ITEM,1120,PLAY,0,0,184,210,210,2,False,5,6,True,True,2,0,2,674,140,6,674,140,6,False,True,,,False
92549421,599.2,LOSS,True,49,5,DISCARD_ENERGY,2,ENERGY_MANAGEMENT,,,ENERGY,0,0,184,210,210,2,False,5,6,False,True,2,0,2,674,140,6,674,140,6,False,True,,,False
92549421,599.2,LOSS,True,50,5,MAIN,3,RETREAT_SELECTION,RETREAT,,RETREAT,0,0,184,210,210,2,False,5,6,True,True,2,0,2,674,140,6,674,140,6,False,False,,,False
92549421,599.2,LOSS,True,51,5,SWITCH,5,ACTIVE_POKEMON_SELECTION,,,CARD,0,0,184,210,210,2,False,5,6,False,True,2,0,2,674,140,6,674,140,6,False,False,,,False
92549421,599.2,LOSS,True,52,5,MAIN,3,TIMING,,,,1,0,121,320,320,2,False,5,6,False,True,1,1,1,674,140,6,678,340,5,False,False,,,True
92549421,599.2,LOSS,True,53,6,TO_ACTIVE,5,ACTIVE_POKEMON_SELECTION,,,CARD,0,0,,,,,False,5,6,False,True,,,2,678,340,5,678,340,5,,,,,True
92549421,599.2,LOSS,True,54,7,MAIN,13,RESOURCE_MANAGEMENT,ABILITY,,ABILITY,1,0,235,30,30,1,False,4,6,True,True,0,0,1,678,340,5,678,340,5,True,False,Aura Jab,130,False
92549421,599.2,LOSS,True,55,7,TO_HAND,2,RESOURCE_MANAGEMENT,,,CARD,0,0,235,30,30,1,False,4,6,False,True,0,0,1,678,340,5,678,340,5,True,False,Aura Jab,130,False
92549421,599.2,LOSS,True,56,7,MAIN,13,RESOURCE_MANAGEMENT,ABILITY,,ABILITY,1,0,235,30,30,1,False,4,6,True,True,0,0,1,678,340,5,678,340,5,True,False,Aura Jab,130,False
92549421,599.2,LOSS,True,57,7,TO_HAND,2,RESOURCE_MANAGEMENT,,,CARD,0,0,235,30,30,1,False,4,6,False,True,0,0,1,678,340,5,678,340,5,True,False,Aura Jab,130,False
92549421,599.2,LOSS,True,58,7,MAIN,13,RESOURCE_MANAGEMENT,PLAY_SUPPORTER,1198,PLAY,1,0,235,30,30,1,False,4,6,True,True,0,0,1,678,340,5,678,340,5,True,False,Aura Jab,130,False
92549421,599.2,LOSS,True,59,7,TO_HAND,4,RESOURCE_MANAGEMENT,,,CARD,0,0,235,30,30,1,False,4,6,False,True,0,0,1,678,340,5,678,340,5,True,False,Aura Jab,130,False
92549421,599.2,LOSS,True,60,7,ATTACH_TO,3,ENERGY_MANAGEMENT,,,CARD,0,0,235,30,30,1,False,4,6,False,True,0,0,1,678,340,5,678,340,5,True,False,Aura Jab,130,False
92549421,599.2,LOSS,True,61,7,ATTACH_FROM,5,ENERGY_MANAGEMENT,,,CARD,0,0,235,30,30,1,False,4,6,False,True,0,0,1,678,340,5,678,340,5,True,False,Aura Jab,130,False
92549421,599.2,LOSS,True,62,7,MAIN,14,RESOURCE_MANAGEMENT,PLAY_ITEM,1121,PLAY,1,0,235,30,30,1,False,4,6,True,True,0,0,1,678,340,5,678,340,5,True,False,Aura Jab,130,False
92549421,599.2,LOSS,True,63,7,DISCARD,6,RESOURCE_MANAGEMENT,,,CARD;CARD,0,0,235,30,30,1,False,4,6,False,True,0,0,1,678,340,5,678,340,5,True,False,Aura Jab,130,False
92549421,599.2,LOSS,True,64,7,TO_HAND,5,RESOURCE_MANAGEMENT,,,CARD,0,0,235,30,30,1,False,4,6,False,True,0,0,1,678,340,5,678,340,5,True,False,Aura Jab,130,False
92549421,599.2,LOSS,True,65,7,MAIN,9,RESOURCE_MANAGEMENT,PLAY_POKEMON,140,PLAY,1,0,235,30,30,1,False,4,6,True,True,0,0,1,678,340,5,678,340,5,True,False,Aura Jab,130,False
92549421,599.2,LOSS,True,66,7,MAIN,10,RESOURCE_MANAGEMENT,ABILITY,,ABILITY,1,0,235,30,30,1,False,5,6,True,True,0,0,1,678,340,5,678,340,5,True,False,Aura Jab,130,False
92549421,599.2,LOSS,True,67,7,MAIN,16,ENERGY_MANAGEMENT,ATTACH_ENERGY,,ATTACH,1,0,235,30,30,1,False,5,6,True,True,0,0,1,678,340,5,678,340,5,True,False,Aura Jab,130,False
92549421,599.2,LOSS,True,68,7,MAIN,4,RETREAT_SELECTION,RETREAT,,RETREAT,1,0,235,30,30,1,False,5,6,True,True,0,0,1,678,340,5,678,340,5,True,False,Aura Jab,130,False
92549421,599.2,LOSS,True,69,7,SWITCH,5,ACTIVE_POKEMON_SELECTION,,,CARD,0,0,235,30,30,1,False,5,6,False,True,0,0,1,678,340,5,678,340,5,True,False,Aura Jab,130,False
92549421,599.2,LOSS,True,70,7,MAIN,4,ATTACK_SELECTION,ATTACK,,ATTACK,2,1,121,320,320,2,False,5,6,False,True,1,1,1,678,340,5,678,140,5,False,False,Aura Jab,130,True
92549421,599.2,LOSS,True,71,7,DAMAGE_COUNTER_ANY,5,TARGET_SELECTION,,,CARD,0,0,121,320,320,2,False,5,6,False,True,1,1,1,678,140,5,678,140,5,False,False,Aura Jab,130,False
92549421,599.2,LOSS,True,72,7,DAMAGE_COUNTER_ANY,5,TARGET_SELECTION,,,CARD,0,0,121,320,320,2,False,5,6,False,True,1,1,1,678,140,5,678,140,5,False,False,Aura Jab,130,False
92549421,599.2,LOSS,True,73,7,DAMAGE_COUNTER_ANY,5,TARGET_SELECTION,,,CARD,0,0,121,320,320,2,False,5,6,False,True,1,1,1,678,140,5,678,140,5,False,False,Aura Jab,130,False
92549421,599.2,LOSS,True,74,7,DAMAGE_COUNTER_ANY,5,TARGET_SELECTION,,,CARD,0,0,121,320,320,2,False,5,6,False,True,1,1,1,678,140,5,678,140,5,False,False,Aura Jab,130,False
92549421,599.2,LOSS,True,75,7,DAMAGE_COUNTER_ANY,5,TARGET_SELECTION,,,CARD,0,0,121,320,320,2,False,5,6,False,True,1,1,1,678,140,5,678,140,5,False,False,Aura Jab,130,False
92549421,599.2,LOSS,True,76,7,DAMAGE_COUNTER_ANY,5,TARGET_SELECTION,,,,0,0,121,320,320,2,False,5,6,False,True,1,1,1,678,140,5,678,240,3,False,False,Aura Jab,130,False
92549421,599.2,LOSS,True,77,8,TO_ACTIVE,5,ACTIVE_POKEMON_SELECTION,,,CARD,0,0,,,,,False,5,6,False,True,,,1,678,240,3,678,240,3,,,,,True
92549421,599.2,LOSS,True,78,9,MAIN,16,RESOURCE_MANAGEMENT,ABILITY,,ABILITY,1,0,235,30,30,1,False,4,6,True,True,0,0,0,678,240,3,678,240,3,True,False,Mega Brave,270,False
92549421,599.2,LOSS,True,79,9,TO_HAND,2,RESOURCE_MANAGEMENT,,,CARD,0,0,235,30,30,1,False,4,6,False,True,0,0,0,678,240,3,678,240,3,True,False,Mega Brave,270,False
92549421,599.2,LOSS,True,80,9,MAIN,16,RESOURCE_MANAGEMENT,PLAY_ITEM,1120,PLAY,1,0,235,30,30,1,False,4,6,True,True,0,0,0,678,240,3,678,240,3,True,False,Mega Brave,270,False
92549421,599.2,LOSS,True,81,9,MAIN,15,RESOURCE_MANAGEMENT,ABILITY,,ABILITY,1,0,235,30,30,1,False,4,6,True,True,0,0,0,678,240,3,678,240,3,True,False,Mega Brave,270,False
92549421,599.2,LOSS,True,82,9,TO_HAND,2,RESOURCE_MANAGEMENT,,,CARD,0,0,235,30,30,1,False,4,6,False,True,0,0,0,678,240,3,678,240,3,True,False,Mega Brave,270,False
92549421,599.2,LOSS,True,83,9,MAIN,15,RESOURCE_MANAGEMENT,PLAY_ITEM,1097,PLAY,1,0,235,30,30,1,False,4,6,True,True,0,0,0,678,240,3,678,240,3,True,False,Mega Brave,270,False
92549421,599.2,LOSS,True,84,9,TO_HAND,9,RESOURCE_MANAGEMENT,,,CARD,0,0,235,30,30,1,False,4,6,False,True,0,0,0,678,240,3,678,240,3,True,False,Mega Brave,270,False
92549421,599.2,LOSS,True,85,9,MAIN,16,BENCH_MANAGEMENT,EVOLVE,,EVOLVE,1,0,235,30,30,1,False,4,6,True,True,0,0,0,678,240,3,678,240,3,True,False,Mega Brave,270,False
92549421,599.2,LOSS,True,86,9,MAIN,14,RESOURCE_MANAGEMENT,ABILITY,,ABILITY,1,0,235,30,30,1,False,4,6,True,True,0,0,1,678,240,3,678,240,3,True,False,Mega Brave,270,False
92549421,599.2,LOSS,True,87,9,MAIN,19,ENERGY_MANAGEMENT,ATTACH_ENERGY,,ATTACH,1,0,235,30,30,1,False,4,6,True,True,0,0,1,678,240,3,678,240,3,True,False,Mega Brave,270,False
92549421,599.2,LOSS,True,88,9,MAIN,14,RESOURCE_MANAGEMENT,PLAY_ITEM,1121,PLAY,1,0,235,30,30,1,False,4,6,True,True,0,0,1,678,240,3,678,240,3,True,False,Mega Brave,270,False
92549421,599.2,LOSS,True,89,9,DISCARD,8,RESOURCE_MANAGEMENT,,,CARD;CARD,0,0,235,30,30,1,False,4,6,False,True,0,0,1,678,240,3,678,240,3,True,False,Mega Brave,270,False
92549421,599.2,LOSS,True,90,9,TO_HAND,4,RESOURCE_MANAGEMENT,,,CARD,0,0,235,30,30,1,False,4,6,False,True,0,0,1,678,240,3,678,240,3,True,False,Mega Brave,270,False
92549421,599.2,LOSS,True,91,9,MAIN,13,BENCH_MANAGEMENT,EVOLVE,,EVOLVE,1,0,235,30,30,1,False,4,6,True,True,0,0,1,678,240,3,678,240,3,True,False,Mega Brave,270,False
92549421,599.2,LOSS,True,92,9,MAIN,12,ENERGY_MANAGEMENT,ATTACH_ENERGY,,ATTACH,1,0,235,30,30,1,False,4,6,True,True,0,0,1,678,240,3,678,240,3,True,False,Mega Brave,270,False
92549421,599.2,LOSS,True,93,9,MAIN,7,RESOURCE_MANAGEMENT,PLAY_SUPPORTER,1227,PLAY,1,0,235,30,30,1,False,4,6,True,True,0,0,1,678,240,3,678,240,3,True,False,Mega Brave,270,False
92549421,599.2,LOSS,True,94,9,MAIN,6,RESOURCE_MANAGEMENT,PLAY_ITEM,1120,PLAY,1,0,235,30,30,1,False,4,6,True,True,0,0,1,678,240,3,678,240,3,True,False,Mega Brave,270,False
92549421,599.2,LOSS,True,95,9,MAIN,5,RETREAT_SELECTION,RETREAT,,RETREAT,1,0,235,30,30,1,False,4,6,True,True,0,0,1,678,240,3,678,240,3,True,False,Mega Brave,270,False
92549421,599.2,LOSS,True,96,9,SWITCH,4,ACTIVE_POKEMON_SELECTION,,,CARD,0,0,235,30,30,1,False,4,6,False,True,0,0,1,678,240,3,678,240,3,True,False,Mega Brave,270,False
92549421,599.2,LOSS,True,97,9,MAIN,5,ATTACK_SELECTION,ATTACK,,ATTACK,2,1,121,280,290,2,True,4,6,False,True,1,1,1,678,240,3,678,40,3,False,False,Mega Brave,270,True
92549421,599.2,LOSS,True,98,9,DAMAGE_COUNTER_ANY,5,TARGET_SELECTION,,,CARD,0,0,121,280,290,2,True,4,6,False,True,1,1,1,678,40,3,678,40,3,False,False,Mega Brave,270,False
92549421,599.2,LOSS,True,99,9,DAMAGE_COUNTER_ANY,5,TARGET_SELECTION,,,CARD,0,0,121,280,290,2,True,4,6,False,True,1,1,1,678,40,3,678,40,3,False,False,Mega Brave,270,False
92549421,599.2,LOSS,True,100,9,DAMAGE_COUNTER_ANY,5,TARGET_SELECTION,,,CARD,0,0,121,280,290,2,True,4,6,False,True,1,1,1,678,40,3,678,40,3,False,False,Mega Brave,270,False
92549421,599.2,LOSS,True,101,9,DAMAGE_COUNTER_ANY,5,TARGET_SELECTION,,,CARD,0,0,121,280,290,2,True,4,6,False,True,1,1,1,678,40,3,678,40,3,False,False,Mega Brave,270,False
92549421,599.2,LOSS,True,102,9,DAMAGE_COUNTER_ANY,5,TARGET_SELECTION,,,CARD,0,0,121,280,290,2,True,4,6,False,True,1,1,1,678,40,3,678,40,3,False,False,Mega Brave,270,False
92549421,599.2,LOSS,True,103,9,DAMAGE_COUNTER_ANY,5,TARGET_SELECTION,,,CARD,0,0,121,280,290,2,True,4,6,False,True,1,1,1,678,40,3,678,40,3,False,False,Mega Brave,270,False
92549421,599.2,LOSS,True,104,9,TO_HAND,6,RESOURCE_MANAGEMENT,,,,0,0,121,280,290,2,True,4,6,False,True,1,1,1,678,40,3,678,340,1,False,False,Mega Brave,270,False
92549421,599.2,LOSS,True,105,10,TO_ACTIVE,4,ACTIVE_POKEMON_SELECTION,,,CARD,0,0,,,,,False,4,5,False,True,,,1,678,340,1,678,340,1,,,,,True
92549421,599.2,LOSS,True,106,11,MAIN,15,RESOURCE_MANAGEMENT,PLAY_ITEM,1097,PLAY,1,0,235,30,30,1,False,3,5,True,True,0,0,0,678,340,1,678,340,1,True,False,Mega Brave,270,False
92549421,599.2,LOSS,True,107,11,TO_HAND,13,RESOURCE_MANAGEMENT,,,CARD,0,0,235,30,30,1,False,3,5,False,True,0,0,0,678,340,1,678,340,1,True,False,Mega Brave,270,False
92549421,599.2,LOSS,True,108,11,MAIN,15,RESOURCE_MANAGEMENT,PLAY_POKEMON,119,PLAY,1,0,235,30,30,1,False,3,5,True,True,0,0,0,678,340,1,678,340,1,True,False,Mega Brave,270,False
92549421,599.2,LOSS,True,109,11,MAIN,15,ENERGY_MANAGEMENT,ATTACH_ENERGY,,ATTACH,1,0,235,30,30,1,False,4,5,True,True,0,0,0,678,340,1,678,340,1,True,False,Mega Brave,270,False
92550391,444.8,WIN,True,0,,,0,UNKNOWN,,,,0,0,,,,,False,,,False,False,,,0,,,,,,,,,,,False
92550391,444.8,WIN,True,1,,,0,UNKNOWN,,,,0,0,,,,,False,,,False,False,,,0,,,,,,0,,,,,False
92550391,444.8,WIN,True,2,0,IS_FIRST,2,GOING_FIRST_SECOND,,,YES,0,0,,,,,False,0,0,False,False,,,0,,,0,,,0,,,,,False
92550391,444.8,WIN,True,3,0,SETUP_ACTIVE_POKEMON,2,EARLY_GAME_SETUP,,,,0,0,,,,,False,0,0,False,False,,,0,,,0,,,6,,,,,False
92550391,444.8,WIN,True,4,0,SETUP_BENCH_POKEMON,1,BENCH_MANAGEMENT,,,,0,0,,,,,False,0,6,False,False,,,0,,,6,860,70,6,,,,,False
92550391,444.8,WIN,True,5,1,MAIN,4,RESOURCE_MANAGEMENT,PLAY_POKEMON,235,PLAY,0,0,140,210,210,2,False,0,6,False,False,1,0,0,860,70,6,860,70,6,False,False,,,False
92550391,444.8,WIN,True,6,1,MAIN,3,RESOURCE_MANAGEMENT,PLAY_ITEM,1152,PLAY,0,0,140,210,210,2,False,1,6,False,True,1,0,1,860,70,6,860,70,6,False,False,,,False
92550391,444.8,WIN,True,7,1,TO_HAND,8,RESOURCE_MANAGEMENT,,,CARD,0,0,140,210,210,2,False,1,6,False,True,1,0,1,860,70,6,860,70,6,False,False,,,False
92550391,444.8,WIN,True,8,1,MAIN,3,RESOURCE_MANAGEMENT,PLAY_POKEMON,119,PLAY,0,0,140,210,210,2,False,1,6,False,True,1,0,1,860,70,6,860,70,6,False,False,,,False
92550391,444.8,WIN,True,9,1,MAIN,2,TIMING,,,,0,0,140,210,210,2,False,2,6,False,True,1,0,1,860,70,6,860,70,6,False,False,,,False
92550391,444.8,WIN,True,10,3,MAIN,7,BENCH_MANAGEMENT,EVOLVE,,EVOLVE,0,0,140,200,210,2,True,2,6,False,True,1,0,1,860,70,6,860,70,6,False,False,Chilly,10,False
92550391,444.8,WIN,True,11,3,MAIN,7,RESOURCE_MANAGEMENT,ABILITY,,ABILITY,0,0,140,200,210,2,True,2,6,False,True,1,0,1,860,70,6,860,70,6,False,False,Chilly,10,False
92550391,444.8,WIN,True,12,3,TO_HAND,2,RESOURCE_MANAGEMENT,,,CARD,0,0,140,200,210,2,True,2,6,False,True,1,0,1,860,70,6,860,70,6,False,False,Chilly,10,False
92550391,444.8,WIN,True,13,3,MAIN,7,RESOURCE_MANAGEMENT,PLAY_SUPPORTER,1227,PLAY,0,0,140,200,210,2,True,2,6,False,True,1,0,1,860,70,6,860,70,6,False,False,Chilly,10,False
92550391,444.8,WIN,True,14,3,MAIN,8,RESOURCE_MANAGEMENT,PLAY_ITEM,1086,PLAY,0,0,140,200,210,2,True,2,6,False,True,1,0,1,860,70,6,860,70,6,False,False,Chilly,10,False
92550391,444.8,WIN,True,15,3,TO_BENCH,4,BENCH_MANAGEMENT,,,CARD;CARD,0,0,140,200,210,2,True,2,6,False,True,1,0,1,860,70,6,860,70,6,False,False,Chilly,10,False
92550391,444.8,WIN,True,16,3,MAIN,9,RESOURCE_MANAGEMENT,PLAY_ITEM,1152,PLAY,0,0,140,200,210,2,True,4,6,False,True,1,0,1,860,70,6,860,70,6,False,False,Chilly,10,False
92550391,444.8,WIN,True,17,3,TO_HAND,4,RESOURCE_MANAGEMENT,,,CARD,0,0,140,200,210,2,True,4,6,False,True,1,0,1,860,70,6,860,70,6,False,False,Chilly,10,False
92550391,444.8,WIN,True,18,3,MAIN,9,RESOURCE_MANAGEMENT,PLAY_POKEMON,119,PLAY,0,0,140,200,210,2,True,4,6,False,True,1,0,1,860,70,6,860,70,6,False,False,Chilly,10,False
92550391,444.8,WIN,True,19,3,MAIN,9,RESOURCE_MANAGEMENT,PLAY_ITEM,1120,PLAY,0,0,140,200,210,2,True,5,6,False,True,1,0,1,860,70,6,860,70,6,False,False,Chilly,10,False
92550391,444.8,WIN,True,20,3,DISCARD_ENERGY,1,ENERGY_MANAGEMENT,,,ENERGY,0,0,140,200,210,2,True,5,6,False,True,1,0,1,860,70,6,860,70,6,False,False,Chilly,10,False
92550391,444.8,WIN,True,21,3,MAIN,8,ENERGY_MANAGEMENT,ATTACH_ENERGY,,ATTACH,0,0,140,200,210,2,True,5,6,False,True,1,0,1,860,70,6,860,70,6,False,False,,,False
92550391,444.8,WIN,True,22,3,MAIN,3,RETREAT_SELECTION,RETREAT,,RETREAT,0,0,140,200,210,2,True,5,6,True,True,1,1,1,860,70,6,860,70,6,False,False,,,False
92550391,444.8,WIN,True,23,3,DISCARD_ENERGY,1,ENERGY_MANAGEMENT,,,ENERGY,0,0,140,200,210,2,True,5,6,False,True,1,1,1,860,70,6,860,70,6,False,False,,,False
92550391,444.8,WIN,True,24,3,SWITCH,5,ACTIVE_POKEMON_SELECTION,,,CARD,0,0,140,200,210,2,True,5,6,False,True,1,0,1,860,70,6,860,70,6,False,False,,,False
92550391,444.8,WIN,True,25,3,MAIN,3,TIMING,,,,1,0,235,30,30,1,False,5,6,False,True,0,0,0,860,70,6,861,300,6,False,False,,,True
92550391,444.8,WIN,True,26,5,MAIN,11,RESOURCE_MANAGEMENT,PLAY_ITEM,1120,PLAY,1,0,235,30,30,1,False,5,6,True,True,0,0,0,861,300,6,861,300,6,False,False,,,False
92550391,444.8,WIN,True,27,5,MAIN,10,RESOURCE_MANAGEMENT,ABILITY,,ABILITY,1,0,235,30,30,1,False,5,6,True,True,0,0,0,861,300,6,861,300,6,False,False,,,False
92550391,444.8,WIN,True,28,5,TO_HAND,2,RESOURCE_MANAGEMENT,,,CARD,0,0,235,30,30,1,False,5,6,False,True,0,0,0,861,300,6,861,300,6,False,False,,,False
92550391,444.8,WIN,True,29,5,MAIN,10,BENCH_MANAGEMENT,EVOLVE,,EVOLVE,1,0,235,30,30,1,False,5,6,True,True,0,0,0,861,300,6,861,300,6,False,False,,,False
92550391,444.8,WIN,True,30,5,MAIN,8,RESOURCE_MANAGEMENT,ABILITY,,ABILITY,1,0,235,30,30,1,False,5,6,True,True,0,0,0,861,300,6,861,300,6,False,False,,,False
92550391,444.8,WIN,True,31,5,TO_HAND,2,RESOURCE_MANAGEMENT,,,CARD,0,0,235,30,30,1,False,5,6,False,True,0,0,0,861,300,6,861,300,6,False,False,,,False
92550391,444.8,WIN,True,32,5,MAIN,13,ENERGY_MANAGEMENT,ATTACH_ENERGY,,ATTACH,1,0,235,30,30,1,False,5,6,True,True,0,0,0,861,300,6,861,300,6,False,False,,,False
92550391,444.8,WIN,True,33,5,MAIN,7,RESOURCE_MANAGEMENT,PLAY_SUPPORTER,1227,PLAY,1,0,235,30,30,1,False,5,6,True,True,0,0,0,861,300,6,861,300,6,False,False,,,False
92550391,444.8,WIN,True,34,5,MAIN,7,RESOURCE_MANAGEMENT,PLAY_ITEM,1120,PLAY,1,0,235,30,30,1,False,5,6,True,True,0,0,0,861,300,6,861,300,6,False,False,,,False
92550391,444.8,WIN,True,35,5,DISCARD_ENERGY,1,ENERGY_MANAGEMENT,,,ENERGY,0,0,235,30,30,1,False,5,6,False,True,0,0,0,861,300,6,861,300,6,False,False,,,False
92550391,444.8,WIN,True,36,5,MAIN,5,TIMING,,,,1,0,235,30,30,1,False,5,6,True,True,0,0,0,861,300,6,861,290,5,False,False,,,False
92550391,444.8,WIN,True,37,6,TO_ACTIVE,5,ACTIVE_POKEMON_SELECTION,,,CARD,0,0,,,,,False,5,6,False,True,,,0,861,290,5,861,290,5,,,,,True
92550391,444.8,WIN,True,38,7,MAIN,12,RESOURCE_MANAGEMENT,PLAY_ITEM,1120,PLAY,0,0,119,70,70,1,False,4,6,True,True,1,1,0,861,290,5,861,290,5,False,False,Resentful Refrain,0,False
92550391,444.8,WIN,True,39,7,DISCARD_ENERGY,1,ENERGY_MANAGEMENT,,,ENERGY,0,0,119,70,70,1,False,4,6,False,True,1,1,0,861,290,5,861,290,5,False,False,Resentful Refrain,0,False
92550391,444.8,WIN,True,40,7,MAIN,11,RESOURCE_MANAGEMENT,ABILITY,,ABILITY,0,0,119,70,70,1,False,4,6,True,True,1,1,0,861,290,5,861,290,5,False,False,,,False
92550391,444.8,WIN,True,41,7,MAIN,21,RESOURCE_MANAGEMENT,PLAY_ITEM,1121,PLAY,0,0,119,70,70,1,False,4,6,True,True,1,1,0,861,290,5,861,290,5,False,False,,,False
92550391,444.8,WIN,True,42,7,DISCARD,9,RESOURCE_MANAGEMENT,,,CARD;CARD,0,0,119,70,70,1,False,4,6,False,True,1,1,0,861,290,5,861,290,5,False,False,,,False
92550391,444.8,WIN,True,43,7,TO_HAND,7,RESOURCE_MANAGEMENT,,,CARD,0,0,119,70,70,1,False,4,6,False,True,1,1,0,861,290,5,861,290,5,False,False,,,False
92550391,444.8,WIN,True,44,7,MAIN,17,RESOURCE_MANAGEMENT,PLAY_ITEM,1079,PLAY,0,0,119,70,70,1,False,4,6,True,True,1,1,0,861,290,5,861,290,5,False,False,,,False
92550391,444.8,WIN,True,45,7,EVOLVE,2,BENCH_MANAGEMENT,,,EVOLVE,0,0,119,70,70,1,False,4,6,False,True,1,1,0,861,290,5,861,290,5,False,False,,,False
92550391,444.8,WIN,True,46,7,MAIN,15,RESOURCE_MANAGEMENT,ABILITY,,ABILITY,1,0,121,320,320,2,False,4,6,True,True,1,1,0,861,290,5,861,290,5,False,False,,,True
92550391,444.8,WIN,True,47,7,TO_HAND,2,RESOURCE_MANAGEMENT,,,CARD,0,0,121,320,320,2,False,4,6,False,True,1,1,0,861,290,5,861,290,5,False,False,,,False
92550391,444.8,WIN,True,48,7,MAIN,15,RESOURCE_MANAGEMENT,ABILITY,,ABILITY,1,0,121,320,320,2,False,4,6,True,True,1,1,0,861,290,5,861,290,5,False,False,,,False
92550391,444.8,WIN,True,49,7,TO_HAND,2,RESOURCE_MANAGEMENT,,,CARD,0,0,121,320,320,2,False,4,6,False,True,1,1,0,861,290,5,861,290,5,False,False,,,False
92550391,444.8,WIN,True,50,7,MAIN,15,RESOURCE_MANAGEMENT,PLAY_SUPPORTER,1198,PLAY,1,0,121,320,320,2,False,4,6,True,True,1,1,0,861,290,5,861,290,5,False,False,,,False
92550391,444.8,WIN,True,51,7,TO_HAND,4,RESOURCE_MANAGEMENT,,,CARD,0,0,121,320,320,2,False,4,6,False,True,1,1,0,861,290,5,861,290,5,False,False,,,False
92550391,444.8,WIN,True,52,7,ATTACH_TO,2,ENERGY_MANAGEMENT,,,CARD,0,0,121,320,320,2,False,4,6,False,True,1,1,0,861,290,5,861,290,5,False,False,,,False
92550391,444.8,WIN,True,53,7,ATTACH_FROM,5,ENERGY_MANAGEMENT,,,CARD,0,0,121,320,320,2,False,4,6,False,True,1,1,0,861,290,5,861,290,5,False,False,,,False
92550391,444.8,WIN,True,54,7,MAIN,17,ENERGY_MANAGEMENT,ATTACH_ENERGY,,ATTACH,2,0,121,320,320,2,False,4,6,True,True,1,1,0,861,290,5,861,290,5,False,False,,,False
92550391,444.8,WIN,True,55,7,MAIN,7,RESOURCE_MANAGEMENT,PLAY_ITEM,1080,PLAY,2,0,121,320,320,2,False,4,6,True,True,1,1,1,861,290,5,861,290,5,False,False,,,False
92550391,444.8,WIN,True,56,7,MAIN,8,RESOURCE_MANAGEMENT,PLAY_ITEM,1079,PLAY,2,0,121,320,320,2,False,4,6,True,True,1,1,1,861,290,5,861,290,5,False,False,,,False
92550391,444.8,WIN,True,57,7,EVOLVE,1,BENCH_MANAGEMENT,,,EVOLVE,0,0,121,320,320,2,False,4,6,False,True,1,1,1,861,290,5,861,290,5,False,False,,,False
92550391,444.8,WIN,True,58,7,MAIN,5,ATTACK_SELECTION,ATTACK,,ATTACK,2,1,121,320,320,2,False,4,6,True,True,1,1,1,861,290,5,861,90,5,False,False,,,False
92550391,444.8,WIN,True,59,7,DAMAGE_COUNTER_ANY,3,TARGET_SELECTION,,,CARD,0,0,121,320,320,2,False,4,6,False,True,1,1,1,861,90,5,861,90,5,False,False,,,False
92550391,444.8,WIN,True,60,7,DAMAGE_COUNTER_ANY,3,TARGET_SELECTION,,,CARD,0,0,121,320,320,2,False,4,6,False,True,1,1,1,861,90,5,861,90,5,False,False,,,False
92550391,444.8,WIN,True,61,7,DAMAGE_COUNTER_ANY,3,TARGET_SELECTION,,,CARD,0,0,121,320,320,2,False,4,6,False,True,1,1,1,861,90,5,861,90,5,False,False,,,False
92550391,444.8,WIN,True,62,7,DAMAGE_COUNTER_ANY,3,TARGET_SELECTION,,,CARD,0,0,121,320,320,2,False,4,6,False,True,1,1,1,861,90,5,861,90,5,False,False,,,False
92550391,444.8,WIN,True,63,7,DAMAGE_COUNTER_ANY,3,TARGET_SELECTION,,,CARD,0,0,121,320,320,2,False,4,6,False,True,1,1,1,861,90,5,861,90,5,False,False,,,False
92550391,444.8,WIN,True,64,7,DAMAGE_COUNTER_ANY,3,TARGET_SELECTION,,,,0,0,121,320,320,2,False,4,6,False,True,1,1,1,861,90,5,861,310,5,False,False,,,False
92550391,444.8,WIN,True,65,9,MAIN,10,RESOURCE_MANAGEMENT,ABILITY,,ABILITY,2,0,121,320,320,2,False,4,6,True,True,1,1,1,861,310,5,861,310,5,False,False,,,False
92550391,444.8,WIN,True,66,9,TO_HAND,2,RESOURCE_MANAGEMENT,,,CARD,0,0,121,320,320,2,False,4,6,False,True,1,1,1,861,310,5,861,310,5,False,False,,,False
92550391,444.8,WIN,True,67,9,MAIN,10,RESOURCE_MANAGEMENT,ABILITY,,ABILITY,2,0,121,320,320,2,False,4,6,True,True,1,1,1,861,310,5,861,310,5,False,False,,,False
92550391,444.8,WIN,True,68,9,TO_HAND,2,RESOURCE_MANAGEMENT,,,CARD,0,0,121,320,320,2,False,4,6,False,True,1,1,1,861,310,5,861,310,5,False,False,,,False
92550391,444.8,WIN,True,69,9,MAIN,9,RESOURCE_MANAGEMENT,PLAY_SUPPORTER,1227,PLAY,2,0,121,320,320,2,False,4,6,True,True,1,1,1,861,310,5,861,310,5,False,False,,,False
92550391,444.8,WIN,True,70,9,MAIN,13,RESOURCE_MANAGEMENT,PLAY_ITEM,1121,PLAY,2,0,121,320,320,2,False,4,6,True,True,1,1,1,861,310,5,861,310,5,False,False,,,False
92550391,444.8,WIN,True,71,9,DISCARD,7,RESOURCE_MANAGEMENT,,,CARD;CARD,0,0,121,320,320,2,False,4,6,False,True,1,1,1,861,310,5,861,310,5,False,False,,,False
92550391,444.8,WIN,True,72,9,TO_HAND,3,RESOURCE_MANAGEMENT,,,CARD,0,0,121,320,320,2,False,4,6,False,True,1,1,1,861,310,5,861,310,5,False,False,,,False
92550391,444.8,WIN,True,73,9,MAIN,12,ENERGY_MANAGEMENT,ATTACH_ENERGY,,ATTACH,2,0,121,320,320,2,False,4,6,True,True,1,1,1,861,310,5,861,310,5,False,False,,,False
92550391,444.8,WIN,True,74,9,MAIN,7,ATTACK_SELECTION,ATTACK,,ATTACK,2,1,121,320,320,2,False,4,6,True,True,1,1,1,861,310,5,861,110,5,False,False,,,False
92550391,444.8,WIN,True,75,9,DAMAGE_COUNTER_ANY,4,TARGET_SELECTION,,,CARD,0,0,121,320,320,2,False,4,6,False,True,1,1,1,861,110,5,861,110,5,False,False,,,False
92550391,444.8,WIN,True,76,9,DAMAGE_COUNTER_ANY,4,TARGET_SELECTION,,,CARD,0,0,121,320,320,2,False,4,6,False,True,1,1,1,861,110,5,861,110,5,False,False,,,False
92550391,444.8,WIN,True,77,9,DAMAGE_COUNTER_ANY,4,TARGET_SELECTION,,,CARD,0,0,121,320,320,2,False,4,6,False,True,1,1,1,861,110,5,861,110,5,False,False,,,False
92550391,444.8,WIN,True,78,9,DAMAGE_COUNTER_ANY,4,TARGET_SELECTION,,,CARD,0,0,121,320,320,2,False,4,6,False,True,1,1,1,861,110,5,861,110,5,False,False,,,False
92550391,444.8,WIN,True,79,9,DAMAGE_COUNTER_ANY,4,TARGET_SELECTION,,,CARD,0,0,121,320,320,2,False,4,6,False,True,1,1,1,861,110,5,861,110,5,False,False,,,False
92550391,444.8,WIN,True,80,9,DAMAGE_COUNTER_ANY,4,TARGET_SELECTION,,,,0,0,121,320,320,2,False,4,6,False,True,1,1,1,861,110,5,861,110,5,False,False,,,False
92550391,444.8,WIN,True,81,11,MAIN,11,RESOURCE_MANAGEMENT,ABILITY,,ABILITY,2,0,121,290,290,2,False,4,6,True,True,1,1,1,861,110,5,861,110,5,False,False,,,False
92550391,444.8,WIN,True,82,11,TO_HAND,2,RESOURCE_MANAGEMENT,,,CARD,0,0,121,290,290,2,False,4,6,False,True,1,1,1,861,110,5,861,110,5,False,False,,,False
92550391,444.8,WIN,True,83,11,MAIN,15,RESOURCE_MANAGEMENT,ABILITY,,ABILITY,2,0,121,290,290,2,False,4,6,True,True,1,1,1,861,110,5,861,110,5,False,False,,,False
92550391,444.8,WIN,True,84,11,TO_HAND,2,RESOURCE_MANAGEMENT,,,CARD,0,0,121,290,290,2,False,4,6,False,True,1,1,1,861,110,5,861,110,5,False,False,,,False
92550391,444.8,WIN,True,85,11,MAIN,15,RESOURCE_MANAGEMENT,PLAY_SUPPORTER,1198,PLAY,2,0,121,290,290,2,False,4,6,True,True,1,1,1,861,110,5,861,110,5,False,False,,,False
92550391,444.8,WIN,True,86,11,TO_HAND,1,RESOURCE_MANAGEMENT,,,CARD,0,0,121,290,290,2,False,4,6,False,True,1,1,1,861,110,5,861,110,5,False,False,,,False
92550391,444.8,WIN,True,87,11,MAIN,19,RESOURCE_MANAGEMENT,PLAY_ITEM,1121,PLAY,2,0,121,290,290,2,False,4,6,True,True,1,1,1,861,110,5,861,110,5,False,False,,,False
92550391,444.8,WIN,True,88,11,DISCARD,7,RESOURCE_MANAGEMENT,,,CARD;CARD,0,0,121,290,290,2,False,4,6,False,True,1,1,1,861,110,5,861,110,5,False,False,,,False
92550391,444.8,WIN,True,89,11,TO_HAND,1,RESOURCE_MANAGEMENT,,,CARD,0,0,121,290,290,2,False,4,6,False,True,1,1,1,861,110,5,861,110,5,False,False,,,False
92550391,444.8,WIN,True,90,11,MAIN,12,ENERGY_MANAGEMENT,ATTACH_ENERGY,,ATTACH,2,0,121,290,290,2,False,4,6,True,True,1,1,1,861,110,5,861,110,5,False,False,,,False
92550391,444.8,WIN,True,91,11,MAIN,7,ATTACK_SELECTION,ATTACK,,ATTACK,2,1,121,290,290,2,False,4,6,True,True,1,1,1,861,110,5,861,0,5,False,False,,,False
92550391,444.8,WIN,True,92,11,DAMAGE_COUNTER_ANY,4,TARGET_SELECTION,,,CARD,0,0,121,290,290,2,False,4,6,False,True,1,1,1,861,0,5,861,0,5,False,False,,,False
92550391,444.8,WIN,True,93,11,DAMAGE_COUNTER_ANY,4,TARGET_SELECTION,,,CARD,0,0,121,290,290,2,False,4,6,False,True,1,1,1,861,0,5,861,0,5,False,False,,,False
92550391,444.8,WIN,True,94,11,DAMAGE_COUNTER_ANY,4,TARGET_SELECTION,,,CARD,0,0,121,290,290,2,False,4,6,False,True,1,1,1,861,0,5,861,0,5,False,False,,,False
92550391,444.8,WIN,True,95,11,DAMAGE_COUNTER_ANY,4,TARGET_SELECTION,,,CARD,0,0,121,290,290,2,False,4,6,False,True,1,1,1,861,0,5,861,0,5,False,False,,,False
92550391,444.8,WIN,True,96,11,DAMAGE_COUNTER_ANY,4,TARGET_SELECTION,,,CARD,0,0,121,290,290,2,False,4,6,False,True,1,1,1,861,0,5,861,0,5,False,False,,,False
92550391,444.8,WIN,True,97,11,DAMAGE_COUNTER_ANY,4,TARGET_SELECTION,,,CARD,0,0,121,290,290,2,False,4,6,False,True,1,1,1,861,0,5,,,5,False,False,,,False
92550391,444.8,WIN,True,98,11,TO_HAND,6,RESOURCE_MANAGEMENT,,,CARD;CARD;CARD,0,0,121,290,290,2,False,4,6,False,True,1,1,1,,,5,,,5,,,,,False
92550391,444.8,WIN,True,99,11,TO_HAND,3,RESOURCE_MANAGEMENT,,,,0,0,121,290,290,2,False,4,3,False,True,1,1,1,,,5,1031,330,5,,,,,False
92550391,444.8,WIN,True,100,13,MAIN,18,RESOURCE_MANAGEMENT,PLAY_STADIUM,1256,PLAY,2,0,121,170,290,2,True,4,2,True,True,1,1,1,1031,330,5,1031,330,5,False,False,,,False
92550391,444.8,WIN,True,101,13,MAIN,17,ENERGY_MANAGEMENT,ATTACH_ENERGY,,ATTACH,2,0,121,200,320,2,True,4,2,True,True,1,1,1,1031,330,5,1031,330,5,False,False,,,False
92550391,444.8,WIN,True,102,13,MAIN,12,RESOURCE_MANAGEMENT,PLAY_SUPPORTER,1182,PLAY,2,0,121,200,320,2,True,4,2,True,True,1,1,1,1031,330,5,1031,330,5,False,False,,,False
92550391,444.8,WIN,True,103,13,SWITCH,2,ACTIVE_POKEMON_SELECTION,,,CARD,0,0,121,200,320,2,True,4,2,False,True,1,1,1,1031,330,5,861,200,5,False,False,,,False
92550391,444.8,WIN,True,104,13,MAIN,9,ATTACK_SELECTION,ATTACK,,ATTACK,2,1,121,200,320,2,True,4,2,True,True,1,1,1,861,200,5,861,0,5,False,False,,,False
92550391,444.8,WIN,True,105,13,DAMAGE_COUNTER_ANY,2,TARGET_SELECTION,,,CARD,0,0,121,200,320,2,True,4,2,False,True,1,1,1,861,0,5,861,0,5,False,False,,,False
92550391,444.8,WIN,True,106,13,DAMAGE_COUNTER_ANY,2,TARGET_SELECTION,,,CARD,0,0,121,200,320,2,True,4,2,False,True,1,1,1,861,0,5,861,0,5,False,False,,,False
92550391,444.8,WIN,True,107,13,DAMAGE_COUNTER_ANY,2,TARGET_SELECTION,,,CARD,0,0,121,200,320,2,True,4,2,False,True,1,1,1,861,0,5,861,0,5,False,False,,,False
92550391,444.8,WIN,True,108,13,DAMAGE_COUNTER_ANY,2,TARGET_SELECTION,,,CARD,0,0,121,200,320,2,True,4,2,False,True,1,1,1,861,0,5,861,0,5,False,False,,,False
92550391,444.8,WIN,True,109,13,DAMAGE_COUNTER_ANY,2,TARGET_SELECTION,,,CARD,0,0,121,200,320,2,True,4,2,False,True,1,1,1,861,0,5,861,0,5,False,False,,,False
92550391,444.8,WIN,True,110,13,DAMAGE_COUNTER_ANY,2,TARGET_SELECTION,,,CARD,0,0,121,200,320,2,True,4,2,False,True,1,1,1,861,0,5,,,5,False,False,,,False
92551306,510.1,WIN,True,0,,,0,UNKNOWN,,,,0,0,,,,,False,,,False,False,,,0,,,,,,,,,,,False
92551306,510.1,WIN,True,1,,,0,UNKNOWN,,,,0,0,,,,,False,,,False,False,,,0,,,,,,0,,,,,False
92551306,510.1,WIN,True,2,0,IS_FIRST,2,GOING_FIRST_SECOND,,,YES,0,0,,,,,False,0,0,False,False,,,0,,,0,,,0,,,,,False
92551306,510.1,WIN,True,3,0,SETUP_ACTIVE_POKEMON,1,EARLY_GAME_SETUP,,,,0,0,,,,,False,0,0,False,False,,,0,,,0,741,50,6,,,,,False
92551306,510.1,WIN,True,4,1,MAIN,5,RESOURCE_MANAGEMENT,PLAY_ITEM,1086,PLAY,0,0,119,70,70,1,False,0,6,False,False,1,0,0,741,50,6,741,50,6,False,False,,,False
92551306,510.1,WIN,True,5,1,TO_BENCH,5,BENCH_MANAGEMENT,,,CARD;CARD,0,0,119,70,70,1,False,0,6,False,False,1,0,0,741,50,6,741,50,6,False,False,,,False
92551306,510.1,WIN,True,6,1,MAIN,6,RESOURCE_MANAGEMENT,PLAY_ITEM,1086,PLAY,0,0,119,70,70,1,False,2,6,False,True,1,0,0,741,50,6,741,50,6,False,False,,,False
92551306,510.1,WIN,True,7,1,TO_BENCH,3,BENCH_MANAGEMENT,,,CARD;CARD,0,0,119,70,70,1,False,2,6,False,True,1,0,0,741,50,6,741,50,6,False,False,,,False
92551306,510.1,WIN,True,8,1,MAIN,7,RESOURCE_MANAGEMENT,PLAY_ITEM,1152,PLAY,0,0,119,70,70,1,False,4,6,False,True,1,0,1,741,50,6,741,50,6,False,False,,,False
92551306,510.1,WIN,True,9,1,TO_HAND,3,RESOURCE_MANAGEMENT,,,CARD,0,0,119,70,70,1,False,4,6,False,True,1,0,1,741,50,6,741,50,6,False,False,,,False
92551306,510.1,WIN,True,10,1,MAIN,6,ENERGY_MANAGEMENT,ATTACH_ENERGY,,ATTACH,0,0,119,70,70,1,False,4,6,False,True,1,0,1,741,50,6,741,50,6,False,False,,,False
92551306,510.1,WIN,True,11,1,MAIN,1,TIMING,,,,0,0,119,70,70,1,False,4,6,False,True,1,0,1,741,50,6,741,50,6,False,False,,,False
92551306,510.1,WIN,True,12,3,MAIN,15,BENCH_MANAGEMENT,EVOLVE,,EVOLVE,0,0,119,60,70,1,True,4,6,False,True,1,0,1,741,50,6,741,50,6,False,False,,,False
92551306,510.1,WIN,True,13,3,MAIN,10,RESOURCE_MANAGEMENT,ABILITY,,ABILITY,0,0,119,60,70,1,True,4,6,False,True,1,0,1,741,50,6,741,50,6,False,False,,,False
92551306,510.1,WIN,True,14,3,TO_HAND,2,RESOURCE_MANAGEMENT,,,CARD,0,0,119,60,70,1,True,4,6,False,True,1,0,1,741,50,6,741,50,6,False,False,,,False
92551306,510.1,WIN,True,15,3,MAIN,10,BENCH_MANAGEMENT,EVOLVE,,EVOLVE,0,0,119,60,70,1,True,4,6,False,True,1,0,1,741,50,6,741,50,6,False,False,,,False
92551306,510.1,WIN,True,16,3,MAIN,7,RESOURCE_MANAGEMENT,ABILITY,,ABILITY,0,0,120,80,90,1,True,4,6,False,True,1,0,1,741,50,6,741,50,6,False,False,,,True
92551306,510.1,WIN,True,17,3,TO_HAND,2,RESOURCE_MANAGEMENT,,,CARD,0,0,120,80,90,1,True,4,6,False,True,1,0,1,741,50,6,741,50,6,False,False,,,False
92551306,510.1,WIN,True,18,3,MAIN,11,BENCH_MANAGEMENT,EVOLVE,,EVOLVE,0,0,120,80,90,1,True,4,6,False,True,1,0,1,741,50,6,741,50,6,False,False,,,False
92551306,510.1,WIN,True,19,3,MAIN,10,RESOURCE_MANAGEMENT,ABILITY,,ABILITY,0,0,120,80,90,1,True,4,6,False,True,1,0,1,741,50,6,741,50,6,False,False,,,False
92551306,510.1,WIN,True,20,3,TO_HAND,2,RESOURCE_MANAGEMENT,,,CARD,0,0,120,80,90,1,True,4,6,False,True,1,0,1,741,50,6,741,50,6,False,False,,,False
92551306,510.1,WIN,True,21,3,MAIN,10,ENERGY_MANAGEMENT,ATTACH_ENERGY,,ATTACH,0,0,120,80,90,1,True,4,6,False,True,1,0,1,741,50,6,741,50,6,False,False,,,False
92551306,510.1,WIN,True,22,3,MAIN,5,RESOURCE_MANAGEMENT,PLAY_SUPPORTER,1227,PLAY,0,0,120,80,90,1,True,4,6,False,True,1,0,2,741,50,6,741,50,6,False,False,,,False
92551306,510.1,WIN,True,23,3,MAIN,3,RESOURCE_MANAGEMENT,PLAY_ITEM,1120,PLAY,0,0,120,80,90,1,True,4,6,False,True,1,0,2,741,50,6,741,50,6,False,False,,,False
92551306,510.1,WIN,True,24,3,MAIN,2,TIMING,,,,0,0,120,80,90,1,True,4,6,False,True,1,0,2,741,50,6,743,140,5,False,False,,,False
92551306,510.1,WIN,True,25,4,TO_ACTIVE,4,ACTIVE_POKEMON_SELECTION,,,CARD,0,0,,,,,False,4,6,False,True,,,2,743,140,5,743,140,5,,,,,True
92551306,510.1,WIN,True,26,5,MAIN,16,RESOURCE_MANAGEMENT,PLAY_POKEMON,184,PLAY,1,0,235,30,30,1,False,3,6,True,True,0,0,1,743,140,5,743,140,5,False,False,Powerful Hand,0,False
92551306,510.1,WIN,True,27,5,MAIN,16,RESOURCE_MANAGEMENT,PLAY_ITEM,1120,PLAY,1,0,235,30,30,1,False,4,6,True,True,0,0,1,743,140,5,743,140,5,False,False,Powerful Hand,0,False
92551306,510.1,WIN,True,28,5,DISCARD_ENERGY,1,ENERGY_MANAGEMENT,,,ENERGY,0,0,235,30,30,1,False,4,6,False,True,0,0,1,743,140,5,743,140,5,False,False,Powerful Hand,0,False
92551306,510.1,WIN,True,29,5,MAIN,15,RESOURCE_MANAGEMENT,ABILITY,,ABILITY,1,0,235,30,30,1,False,4,6,True,True,0,0,1,743,140,5,743,140,5,False,False,,,False
92551306,510.1,WIN,True,30,5,TO_HAND,2,RESOURCE_MANAGEMENT,,,CARD,0,0,235,30,30,1,False,4,6,False,True,0,0,1,743,140,5,743,140,5,False,False,,,False
92551306,510.1,WIN,True,31,5,MAIN,14,RESOURCE_MANAGEMENT,ABILITY,,ABILITY,1,0,235,30,30,1,False,4,6,True,True,0,0,1,743,140,5,743,140,5,False,False,,,False
92551306,510.1,WIN,True,32,5,TO_HAND,2,RESOURCE_MANAGEMENT,,,CARD,0,0,235,30,30,1,False,4,6,False,True,0,0,1,743,140,5,743,140,5,False,False,,,False
92551306,510.1,WIN,True,33,5,MAIN,15,BENCH_MANAGEMENT,EVOLVE,,EVOLVE,1,0,235,30,30,1,False,4,6,True,True,0,0,1,743,140,5,743,140,5,False,False,,,False
92551306,510.1,WIN,True,34,5,MAIN,13,RESOURCE_MANAGEMENT,PLAY_SUPPORTER,1198,PLAY,1,0,235,30,30,1,False,4,6,True,True,0,0,1,743,140,5,743,140,5,False,False,,,False
92551306,510.1,WIN,True,35,5,TO_HAND,4,RESOURCE_MANAGEMENT,,,CARD,0,0,235,30,30,1,False,4,6,False,True,0,0,1,743,140,5,743,140,5,False,False,,,False
92551306,510.1,WIN,True,36,5,ATTACH_TO,2,ENERGY_MANAGEMENT,,,CARD,0,0,235,30,30,1,False,4,6,False,True,0,0,1,743,140,5,743,140,5,False,False,,,False
92551306,510.1,WIN,True,37,5,ATTACH_FROM,5,ENERGY_MANAGEMENT,,,CARD,0,0,235,30,30,1,False,4,6,False,True,0,0,1,743,140,5,743,140,5,False,False,,,False
92551306,510.1,WIN,True,38,5,MAIN,14,ENERGY_MANAGEMENT,ATTACH_ENERGY,,ATTACH,1,0,235,30,30,1,False,4,6,True,True,0,0,2,743,140,5,743,140,5,False,False,,,False
92551306,510.1,WIN,True,39,5,MAIN,4,RESOURCE_MANAGEMENT,PLAY_ITEM,1080,PLAY,1,0,235,30,30,1,False,4,6,True,True,0,0,2,743,140,5,743,140,5,False,False,,,False
92551306,510.1,WIN,True,40,5,MAIN,4,BENCH_MANAGEMENT,EVOLVE,,EVOLVE,1,0,235,30,30,1,False,4,6,True,True,0,0,2,743,140,5,743,140,5,False,False,,,False
92551306,510.1,WIN,True,41,5,MAIN,4,RESOURCE_MANAGEMENT,ABILITY,,ABILITY,1,0,235,30,30,1,False,4,6,True,True,0,0,1,743,140,5,743,140,5,False,False,,,False
92551306,510.1,WIN,True,42,5,TO_HAND,2,RESOURCE_MANAGEMENT,,,CARD,0,0,235,30,30,1,False,4,6,False,True,0,0,1,743,140,5,743,140,5,False,False,,,False
92551306,510.1,WIN,True,43,5,MAIN,3,RETREAT_SELECTION,RETREAT,,RETREAT,1,0,235,30,30,1,False,4,6,True,True,0,0,1,743,140,5,743,140,5,False,False,,,False
92551306,510.1,WIN,True,44,5,SWITCH,4,ACTIVE_POKEMON_SELECTION,,,CARD,0,0,235,30,30,1,False,4,6,False,True,0,0,1,743,140,5,743,140,5,False,False,,,False
92551306,510.1,WIN,True,45,5,MAIN,3,ATTACK_SELECTION,ATTACK,,ATTACK,2,1,121,310,320,2,True,4,6,False,True,1,1,1,743,140,5,743,0,5,False,False,,,True
92551306,510.1,WIN,True,46,5,DAMAGE_COUNTER_ANY,4,TARGET_SELECTION,,,CARD,0,0,121,310,320,2,True,4,6,False,True,1,1,1,743,0,5,743,0,5,False,False,,,False
92551306,510.1,WIN,True,47,5,DAMAGE_COUNTER_ANY,4,TARGET_SELECTION,,,CARD,0,0,121,310,320,2,True,4,6,False,True,1,1,1,743,0,5,743,0,5,False,False,,,False
92551306,510.1,WIN,True,48,5,DAMAGE_COUNTER_ANY,4,TARGET_SELECTION,,,CARD,0,0,121,310,320,2,True,4,6,False,True,1,1,1,743,0,5,743,0,5,False,False,,,False
92551306,510.1,WIN,True,49,5,DAMAGE_COUNTER_ANY,4,TARGET_SELECTION,,,CARD,0,0,121,310,320,2,True,4,6,False,True,1,1,1,743,0,5,743,0,5,False,False,,,False
92551306,510.1,WIN,True,50,5,DAMAGE_COUNTER_ANY,4,TARGET_SELECTION,,,CARD,0,0,121,310,320,2,True,4,6,False,True,1,1,1,743,0,5,743,0,5,False,False,,,False
92551306,510.1,WIN,True,51,5,DAMAGE_COUNTER_ANY,4,TARGET_SELECTION,,,CARD,0,0,121,310,320,2,True,4,6,False,True,1,1,1,743,0,5,,,5,False,False,,,False
92551306,510.1,WIN,True,52,5,TO_HAND,6,RESOURCE_MANAGEMENT,,,CARD,0,0,121,310,320,2,True,4,6,False,True,1,1,1,,,5,,,5,,,,,False
92551306,510.1,WIN,True,53,5,TO_HAND,5,RESOURCE_MANAGEMENT,,,,0,0,121,310,320,2,True,4,5,False,True,1,1,1,,,5,743,140,5,,,,,False
92551306,510.1,WIN,True,54,7,MAIN,22,RESOURCE_MANAGEMENT,PLAY_ITEM,1120,PLAY,2,0,121,310,320,2,True,4,4,True,True,1,1,1,743,140,5,743,140,5,False,False,,,False
92551306,510.1,WIN,True,55,7,MAIN,21,RESOURCE_MANAGEMENT,ABILITY,,ABILITY,2,0,121,310,320,2,True,4,4,True,True,1,1,1,743,140,5,743,140,5,False,False,,,False
92551306,510.1,WIN,True,56,7,TO_HAND,2,RESOURCE_MANAGEMENT,,,CARD,0,0,121,310,320,2,True,4,4,False,True,1,1,1,743,140,5,743,140,5,False,False,,,False
92551306,510.1,WIN,True,57,7,MAIN,21,RESOURCE_MANAGEMENT,ABILITY,,ABILITY,2,0,121,310,320,2,True,4,4,True,True,1,1,1,743,140,5,743,140,5,False,False,,,False
92551306,510.1,WIN,True,58,7,TO_HAND,2,RESOURCE_MANAGEMENT,,,CARD,0,0,121,310,320,2,True,4,4,False,True,1,1,1,743,140,5,743,140,5,False,False,,,False
92551306,510.1,WIN,True,59,7,MAIN,21,RESOURCE_MANAGEMENT,PLAY_ITEM,1121,PLAY,2,0,121,310,320,2,True,4,4,True,True,1,1,1,743,140,5,743,140,5,False,False,,,False
92551306,510.1,WIN,True,60,7,DISCARD,8,RESOURCE_MANAGEMENT,,,CARD;CARD,0,0,121,310,320,2,True,4,4,False,True,1,1,1,743,140,5,743,140,5,False,False,,,False
92551306,510.1,WIN,True,61,7,TO_HAND,5,RESOURCE_MANAGEMENT,,,CARD,0,0,121,310,320,2,True,4,4,False,True,1,1,1,743,140,5,743,140,5,False,False,,,False
92551306,510.1,WIN,True,62,7,MAIN,20,BENCH_MANAGEMENT,EVOLVE,,EVOLVE,2,0,121,310,320,2,True,4,4,True,True,1,1,1,743,140,5,743,140,5,False,False,,,False
92551306,510.1,WIN,True,63,7,MAIN,18,RESOURCE_MANAGEMENT,PLAY_SUPPORTER,1182,PLAY,2,0,121,310,320,2,True,4,4,True,True,1,1,2,743,140,5,743,140,5,False,False,,,False
92551306,510.1,WIN,True,64,7,SWITCH,5,ACTIVE_POKEMON_SELECTION,,,CARD,0,0,121,310,320,2,True,4,4,False,True,1,1,2,743,140,5,305,70,5,False,False,,,False
92551306,510.1,WIN,True,65,7,MAIN,15,ENERGY_MANAGEMENT,ATTACH_ENERGY,,ATTACH,2,0,121,310,320,2,True,4,4,True,True,1,1,2,305,70,5,305,70,5,False,False,Trading Places,0,False
92551306,510.1,WIN,True,66,7,MAIN,5,ATTACK_SELECTION,ATTACK,,ATTACK,2,1,121,310,320,2,True,4,4,True,True,1,1,2,305,70,5,305,0,5,False,False,Trading Places,0,False
92551306,510.1,WIN,True,67,7,DAMAGE_COUNTER_ANY,5,TARGET_SELECTION,,,CARD,0,0,121,310,320,2,True,4,4,False,True,1,1,2,305,0,5,305,0,5,False,False,Trading Places,0,False
92551306,510.1,WIN,True,68,7,DAMAGE_COUNTER_ANY,5,TARGET_SELECTION,,,CARD,0,0,121,310,320,2,True,4,4,False,True,1,1,2,305,0,5,305,0,5,False,False,Trading Places,0,False
92551306,510.1,WIN,True,69,7,DAMAGE_COUNTER_ANY,5,TARGET_SELECTION,,,CARD,0,0,121,310,320,2,True,4,4,False,True,1,1,2,305,0,5,305,0,5,False,False,Trading Places,0,False
92551306,510.1,WIN,True,70,7,DAMAGE_COUNTER_ANY,5,TARGET_SELECTION,,,CARD,0,0,121,310,320,2,True,4,4,False,True,1,1,2,305,0,5,305,0,5,False,False,Trading Places,0,False
92551306,510.1,WIN,True,71,7,DAMAGE_COUNTER_ANY,5,TARGET_SELECTION,,,CARD,0,0,121,310,320,2,True,4,4,False,True,1,1,2,305,0,5,305,0,5,False,False,Trading Places,0,False
92551306,510.1,WIN,True,72,7,DAMAGE_COUNTER_ANY,5,TARGET_SELECTION,,,CARD,0,0,121,310,320,2,True,4,4,False,True,1,1,2,305,0,5,,,5,False,False,Trading Places,0,False
92551306,510.1,WIN,True,73,7,TO_HAND,4,RESOURCE_MANAGEMENT,,,,0,0,121,310,320,2,True,4,4,False,True,1,1,2,,,5,743,140,5,,,,,False
92551306,510.1,WIN,True,74,9,MAIN,14,RESOURCE_MANAGEMENT,PLAY_ITEM,1120,PLAY,2,0,121,180,320,2,True,4,3,True,True,1,1,2,743,140,5,743,140,5,False,False,Powerful Hand,0,False
92551306,510.1,WIN,True,75,9,DISCARD_ENERGY,1,ENERGY_MANAGEMENT,,,ENERGY,0,0,121,180,320,2,True,4,3,False,True,1,1,2,743,140,5,743,140,5,False,False,Powerful Hand,0,False
92551306,510.1,WIN,True,76,9,MAIN,13,RESOURCE_MANAGEMENT,ABILITY,,ABILITY,2,0,121,180,320,2,True,4,3,True,True,1,1,2,743,140,5,743,140,5,False,False,,,False
92551306,510.1,WIN,True,77,9,TO_HAND,2,RESOURCE_MANAGEMENT,,,CARD,0,0,121,180,320,2,True,4,3,False,True,1,1,2,743,140,5,743,140,5,False,False,,,False
92551306,510.1,WIN,True,78,9,MAIN,13,ENERGY_MANAGEMENT,ATTACH_ENERGY,,ATTACH,2,0,121,180,320,2,True,4,3,True,True,1,1,2,743,140,5,743,140,5,False,False,,,False
92551306,510.1,WIN,True,79,9,MAIN,8,RESOURCE_MANAGEMENT,PLAY_SUPPORTER,1227,PLAY,2,0,121,180,320,2,True,4,3,True,True,1,1,2,743,140,5,743,140,5,False,False,,,False
92551306,510.1,WIN,True,80,9,MAIN,7,RESOURCE_MANAGEMENT,PLAY_STADIUM,1256,PLAY,2,0,121,180,320,2,True,4,3,True,True,1,1,2,743,140,5,743,140,5,False,False,,,False
92551306,510.1,WIN,True,81,9,MAIN,6,ATTACK_SELECTION,ATTACK,,ATTACK,2,1,121,180,320,2,True,4,3,True,True,1,1,2,743,140,5,743,0,5,False,False,,,False
92551306,510.1,WIN,True,82,9,DAMAGE_COUNTER_ANY,4,TARGET_SELECTION,,,CARD,0,0,121,180,320,2,True,4,3,False,True,1,1,2,743,0,5,743,0,5,False,False,,,False
92551306,510.1,WIN,True,83,9,DAMAGE_COUNTER_ANY,4,TARGET_SELECTION,,,CARD,0,0,121,180,320,2,True,4,3,False,True,1,1,2,743,0,5,743,0,5,False,False,,,False
92551306,510.1,WIN,True,84,9,DAMAGE_COUNTER_ANY,4,TARGET_SELECTION,,,CARD,0,0,121,180,320,2,True,4,3,False,True,1,1,2,743,0,5,743,0,5,False,False,,,False
92551306,510.1,WIN,True,85,9,DAMAGE_COUNTER_ANY,4,TARGET_SELECTION,,,CARD,0,0,121,180,320,2,True,4,3,False,True,1,1,2,743,0,5,743,0,5,False,False,,,False
92551306,510.1,WIN,True,86,9,DAMAGE_COUNTER_ANY,4,TARGET_SELECTION,,,CARD,0,0,121,180,320,2,True,4,3,False,True,1,1,2,743,0,5,743,0,5,False,False,,,False
92551306,510.1,WIN,True,87,9,DAMAGE_COUNTER_ANY,4,TARGET_SELECTION,,,CARD,0,0,121,180,320,2,True,4,3,False,True,1,1,2,743,0,5,,,5,False,False,,,False
92551306,510.1,WIN,True,88,9,TO_HAND,3,RESOURCE_MANAGEMENT,,,,0,0,121,180,320,2,True,4,3,False,True,1,1,2,,,5,743,10,5,,,,,False
92551306,510.1,WIN,True,89,11,MAIN,19,RESOURCE_MANAGEMENT,PLAY_ITEM,1121,PLAY,2,0,121,180,320,2,True,4,2,True,True,1,1,2,743,10,5,743,10,5,False,False,,,False
92551306,510.1,WIN,True,90,11,DISCARD,6,RESOURCE_MANAGEMENT,,,CARD;CARD,0,0,121,180,320,2,True,4,2,False,True,1,1,2,743,10,5,743,10,5,False,False,,,False
92551306,510.1,WIN,True,91,11,TO_HAND,4,RESOURCE_MANAGEMENT,,,CARD,0,0,121,180,320,2,True,4,2,False,True,1,1,2,743,10,5,743,10,5,False,False,,,False
92551306,510.1,WIN,True,92,11,MAIN,13,RESOURCE_MANAGEMENT,ABILITY,,ABILITY,2,0,121,180,320,2,True,4,2,True,True,1,1,2,743,10,5,743,10,5,False,False,,,False
92551306,510.1,WIN,True,93,11,TO_HAND,2,RESOURCE_MANAGEMENT,,,CARD,0,0,121,180,320,2,True,4,2,False,True,1,1,2,743,10,5,743,10,5,False,False,,,False
92551306,510.1,WIN,True,94,11,MAIN,13,RESOURCE_MANAGEMENT,PLAY_SUPPORTER,1198,PLAY,2,0,121,180,320,2,True,4,2,True,True,1,1,2,743,10,5,743,10,5,False,False,,,False
92551306,510.1,WIN,True,95,11,MAIN,12,ENERGY_MANAGEMENT,ATTACH_ENERGY,,ATTACH,2,0,121,180,320,2,True,4,2,True,True,1,1,2,743,10,5,743,10,5,False,False,,,False
92551306,510.1,WIN,True,96,11,MAIN,7,ATTACK_SELECTION,ATTACK,,ATTACK,2,1,121,180,320,2,True,4,2,True,True,1,1,3,743,10,5,743,0,5,False,False,,,False
92551306,510.1,WIN,True,97,11,DAMAGE_COUNTER_ANY,3,TARGET_SELECTION,,,CARD,0,0,121,180,320,2,True,4,2,False,True,1,1,3,743,0,5,743,0,5,False,False,,,False
92551306,510.1,WIN,True,98,11,DAMAGE_COUNTER_ANY,3,TARGET_SELECTION,,,CARD,0,0,121,180,320,2,True,4,2,False,True,1,1,3,743,0,5,743,0,5,False,False,,,False
92551306,510.1,WIN,True,99,11,DAMAGE_COUNTER_ANY,3,TARGET_SELECTION,,,CARD,0,0,121,180,320,2,True,4,2,False,True,1,1,3,743,0,5,743,0,5,False,False,,,False
92551306,510.1,WIN,True,100,11,DAMAGE_COUNTER_ANY,3,TARGET_SELECTION,,,CARD,0,0,121,180,320,2,True,4,2,False,True,1,1,3,743,0,5,743,0,5,False,False,,,False
92551306,510.1,WIN,True,101,11,DAMAGE_COUNTER_ANY,3,TARGET_SELECTION,,,CARD,0,0,121,180,320,2,True,4,2,False,True,1,1,3,743,0,5,743,0,5,False,False,,,False
92551306,510.1,WIN,True,102,11,DAMAGE_COUNTER_ANY,3,TARGET_SELECTION,,,CARD,0,0,121,180,320,2,True,4,2,False,True,1,1,3,743,0,5,,,5,False,False,,,False
92551306,510.1,WIN,True,103,11,TO_HAND,2,RESOURCE_MANAGEMENT,,,,0,0,121,180,320,2,True,4,2,False,True,1,1,3,,,5,66,140,5,,,,,False
92551306,510.1,WIN,True,104,13,MAIN,10,RESOURCE_MANAGEMENT,ABILITY,,ABILITY,2,0,121,180,320,2,True,4,1,True,True,1,1,3,66,140,5,66,140,5,False,False,,,False
92551306,510.1,WIN,True,105,13,TO_HAND,2,RESOURCE_MANAGEMENT,,,CARD,0,0,121,180,320,2,True,4,1,False,True,1,1,3,66,140,5,66,140,5,False,False,,,False
92551306,510.1,WIN,True,106,13,MAIN,10,RESOURCE_MANAGEMENT,PLAY_POKEMON,140,PLAY,2,0,121,180,320,2,True,4,1,True,True,1,1,3,66,140,5,66,140,5,False,False,,,False
92551306,510.1,WIN,True,107,13,MAIN,8,RESOURCE_MANAGEMENT,PLAY_SUPPORTER,1227,PLAY,2,0,121,180,320,2,True,5,1,True,True,1,1,3,66,140,5,66,140,5,False,False,,,False
92551306,510.1,WIN,True,108,13,MAIN,8,RESOURCE_MANAGEMENT,PLAY_ITEM,1121,PLAY,2,0,121,180,320,2,True,5,1,True,True,1,1,3,66,140,5,66,140,5,False,False,,,False
92551306,510.1,WIN,True,109,13,DISCARD,5,RESOURCE_MANAGEMENT,,,CARD;CARD,0,0,121,180,320,2,True,5,1,False,True,1,1,3,66,140,5,66,140,5,False,False,,,False
92551306,510.1,WIN,True,110,13,TO_HAND,2,RESOURCE_MANAGEMENT,,,CARD,0,0,121,180,320,2,True,5,1,False,True,1,1,3,66,140,5,66,140,5,False,False,,,False
92551306,510.1,WIN,True,111,13,MAIN,6,ATTACK_SELECTION,ATTACK,,ATTACK,2,1,121,180,320,2,True,5,1,True,True,1,1,3,66,140,5,66,0,5,False,False,,,False
92551306,510.1,WIN,True,112,13,DAMAGE_COUNTER_ANY,2,TARGET_SELECTION,,,CARD,0,0,121,180,320,2,True,5,1,False,True,1,1,3,66,0,5,66,0,5,False,False,,,False
92551306,510.1,WIN,True,113,13,DAMAGE_COUNTER_ANY,2,TARGET_SELECTION,,,CARD,0,0,121,180,320,2,True,5,1,False,True,1,1,3,66,0,5,66,0,5,False,False,,,False
92551306,510.1,WIN,True,114,13,DAMAGE_COUNTER_ANY,2,TARGET_SELECTION,,,CARD,0,0,121,180,320,2,True,5,1,False,True,1,1,3,66,0,5,66,0,5,False,False,,,False
92551306,510.1,WIN,True,115,13,DAMAGE_COUNTER_ANY,2,TARGET_SELECTION,,,CARD,0,0,121,180,320,2,True,5,1,False,True,1,1,3,66,0,5,66,0,5,False,False,,,False
92551306,510.1,WIN,True,116,13,DAMAGE_COUNTER_ANY,2,TARGET_SELECTION,,,CARD,0,0,121,180,320,2,True,5,1,False,True,1,1,3,66,0,5,66,0,5,False,False,,,False
92551306,510.1,WIN,True,117,13,DAMAGE_COUNTER_ANY,2,TARGET_SELECTION,,,CARD,0,0,121,180,320,2,True,5,1,False,True,1,1,3,66,0,5,,,5,False,False,,,False
92552245,681.2,LOSS,True,0,,,0,UNKNOWN,,,,0,0,,,,,False,,,False,False,,,0,,,,,,,,,,,False
92552245,681.2,LOSS,True,1,,,0,UNKNOWN,,,,0,0,,,,,False,,,False,False,,,0,,,,,,6,,,,,False
92552245,681.2,LOSS,True,2,0,SETUP_ACTIVE_POKEMON,4,EARLY_GAME_SETUP,,,,0,0,,,,,False,0,0,False,False,,,0,,,6,,,6,,,,,False
92552245,681.2,LOSS,True,3,0,SETUP_BENCH_POKEMON,3,BENCH_MANAGEMENT,,,,0,0,,,,,False,0,6,False,False,,,0,,,6,666,160,6,,,,,False
92552245,681.2,LOSS,True,4,1,MAIN,6,RESOURCE_MANAGEMENT,PLAY_ITEM,1086,PLAY,0,0,235,30,30,1,False,0,6,False,False,0,0,0,666,160,6,666,160,6,False,True,,,False
92552245,681.2,LOSS,True,5,1,TO_BENCH,3,BENCH_MANAGEMENT,,,CARD;CARD,0,0,235,30,30,1,False,0,6,False,False,0,0,0,666,160,6,666,160,6,False,True,,,False
92552245,681.2,LOSS,True,6,1,MAIN,6,TIMING,,,,0,0,235,30,30,1,False,2,6,True,True,0,0,0,666,160,6,666,160,5,False,True,,,False
92552245,681.2,LOSS,True,7,2,TO_ACTIVE,2,ACTIVE_POKEMON_SELECTION,,,CARD,0,0,,,,,False,2,6,False,True,,,0,666,160,5,666,160,5,,,,,True
92552245,681.2,LOSS,True,8,3,MAIN,7,RESOURCE_MANAGEMENT,PLAY_POKEMON,140,PLAY,0,0,119,70,70,1,False,1,6,False,True,1,0,0,666,160,5,666,160,5,False,False,Turbo Flare,50,False
92552245,681.2,LOSS,True,9,3,MAIN,7,RESOURCE_MANAGEMENT,PLAY_POKEMON,235,PLAY,0,0,119,70,70,1,False,2,6,False,True,1,0,0,666,160,5,666,160,5,False,False,Turbo Flare,50,False
92552245,681.2,LOSS,True,10,3,MAIN,6,RESOURCE_MANAGEMENT,ABILITY,,ABILITY,0,0,119,70,70,1,False,3,6,False,True,1,0,1,666,160,5,666,160,5,False,False,Turbo Flare,50,False
92552245,681.2,LOSS,True,11,3,MAIN,8,RESOURCE_MANAGEMENT,PLAY_ITEM,1121,PLAY,0,0,119,70,70,1,False,3,6,False,True,1,0,1,666,160,5,666,160,5,False,False,Turbo Flare,50,False
92552245,681.2,LOSS,True,12,3,DISCARD,7,RESOURCE_MANAGEMENT,,,CARD;CARD,0,0,119,70,70,1,False,3,6,False,True,1,0,1,666,160,5,666,160,5,False,False,Turbo Flare,50,False
92552245,681.2,LOSS,True,13,3,TO_HAND,7,RESOURCE_MANAGEMENT,,,CARD,0,0,119,70,70,1,False,3,6,False,True,1,0,1,666,160,5,666,160,5,False,False,Turbo Flare,50,False
92552245,681.2,LOSS,True,14,3,MAIN,7,BENCH_MANAGEMENT,EVOLVE,,EVOLVE,0,0,119,70,70,1,False,3,6,False,True,1,0,1,666,160,5,666,160,5,False,False,Turbo Flare,50,False
92552245,681.2,LOSS,True,15,3,MAIN,6,RESOURCE_MANAGEMENT,ABILITY,,ABILITY,0,0,120,90,90,1,False,3,6,False,True,1,0,1,666,160,5,666,160,5,False,False,Turbo Flare,50,True
92552245,681.2,LOSS,True,16,3,TO_HAND,2,RESOURCE_MANAGEMENT,,,CARD,0,0,120,90,90,1,False,3,6,False,True,1,0,1,666,160,5,666,160,5,False,False,Turbo Flare,50,False
92552245,681.2,LOSS,True,17,3,MAIN,9,ENERGY_MANAGEMENT,ATTACH_ENERGY,,ATTACH,0,0,120,90,90,1,False,3,6,False,True,1,0,1,666,160,5,666,160,5,False,False,Turbo Flare,50,False
92552245,681.2,LOSS,True,18,3,MAIN,5,RESOURCE_MANAGEMENT,PLAY_SUPPORTER,1227,PLAY,0,0,120,90,90,1,False,3,6,False,True,1,0,2,666,160,5,666,160,5,False,False,Turbo Flare,50,False
92552245,681.2,LOSS,True,19,3,MAIN,5,RESOURCE_MANAGEMENT,PLAY_POKEMON,119,PLAY,0,0,120,90,90,1,False,3,6,False,True,1,0,2,666,160,5,666,160,5,False,False,Turbo Flare,50,False
92552245,681.2,LOSS,True,20,3,MAIN,4,RESOURCE_MANAGEMENT,PLAY_ITEM,1080,PLAY,0,0,120,90,90,1,False,4,6,False,True,1,0,2,666,160,5,666,160,5,False,False,Turbo Flare,50,False
92552245,681.2,LOSS,True,21,3,MAIN,5,RESOURCE_MANAGEMENT,PLAY_ITEM,1152,PLAY,0,0,120,90,90,1,False,4,6,False,True,1,0,2,666,160,5,666,160,5,False,False,Turbo Flare,50,False
92552245,681.2,LOSS,True,22,3,TO_HAND,3,RESOURCE_MANAGEMENT,,,CARD,0,0,120,90,90,1,False,4,6,False,True,1,0,2,666,160,5,666,160,5,False,False,Turbo Flare,50,False
92552245,681.2,LOSS,True,23,3,MAIN,5,BENCH_MANAGEMENT,EVOLVE,,EVOLVE,0,0,120,90,90,1,False,4,6,False,True,1,0,2,666,160,5,666,160,5,False,False,Turbo Flare,50,False
92552245,681.2,LOSS,True,24,3,MAIN,5,RESOURCE_MANAGEMENT,ABILITY,,ABILITY,0,0,120,90,90,1,False,4,6,False,True,1,0,1,666,160,5,666,160,5,False,False,Turbo Flare,50,False
92552245,681.2,LOSS,True,25,3,TO_HAND,2,RESOURCE_MANAGEMENT,,,CARD,0,0,120,90,90,1,False,4,6,False,True,1,0,1,666,160,5,666,160,5,False,False,Turbo Flare,50,False
92552245,681.2,LOSS,True,26,3,MAIN,4,TIMING,,,,0,0,120,90,90,1,False,4,6,False,True,1,0,1,666,160,5,169,130,5,False,False,Turbo Flare,50,False
92552245,681.2,LOSS,True,27,5,MAIN,21,RESOURCE_MANAGEMENT,PLAY_POKEMON,1071,PLAY,0,0,120,10,90,1,True,4,6,False,True,1,0,1,169,130,5,169,130,5,True,False,Raging Hammer,80,False
92552245,681.2,LOSS,True,28,5,ACTIVATE,2,RESOURCE_MANAGEMENT,,,YES,0,0,120,10,90,1,True,5,6,False,True,1,0,1,169,130,5,169,130,5,True,False,Raging Hammer,80,False
92552245,681.2,LOSS,True,29,5,TO_HAND,8,RESOURCE_MANAGEMENT,,,CARD,0,0,120,10,90,1,True,5,6,False,True,1,0,1,169,130,5,169,130,5,True,False,Raging Hammer,80,False
92552245,681.2,LOSS,True,30,5,MAIN,23,RESOURCE_MANAGEMENT,ABILITY,,ABILITY,0,0,120,10,90,1,True,5,6,False,True,1,0,1,169,130,5,169,130,5,True,False,Raging Hammer,80,False
92552245,681.2,LOSS,True,31,5,TO_HAND,2,RESOURCE_MANAGEMENT,,,CARD,0,0,120,10,90,1,True,5,6,False,True,1,0,1,169,130,5,169,130,5,True,False,Raging Hammer,80,False
92552245,681.2,LOSS,True,32,5,MAIN,22,RESOURCE_MANAGEMENT,ABILITY,,ABILITY,0,0,120,10,90,1,True,5,6,False,True,1,0,1,169,130,5,169,130,5,True,False,Raging Hammer,80,False
92552245,681.2,LOSS,True,33,5,TO_HAND,2,RESOURCE_MANAGEMENT,,,CARD,0,0,120,10,90,1,True,5,6,False,True,1,0,1,169,130,5,169,130,5,True,False,Raging Hammer,80,False
92552245,681.2,LOSS,True,34,5,MAIN,22,ENERGY_MANAGEMENT,ATTACH_ENERGY,,ATTACH,0,0,120,10,90,1,True,5,6,False,True,1,0,1,169,130,5,169,130,5,True,False,Raging Hammer,80,False
92552245,681.2,LOSS,True,35,5,MAIN,4,RESOURCE_MANAGEMENT,PLAY_SUPPORTER,1227,PLAY,0,0,120,10,90,1,True,5,6,False,True,1,0,1,169,130,5,169,130,5,True,False,Raging Hammer,80,False
92552245,681.2,LOSS,True,36,5,MAIN,8,BENCH_MANAGEMENT,EVOLVE,,EVOLVE,0,0,120,10,90,1,True,5,6,False,True,1,0,1,169,130,5,169,130,5,True,False,Raging Hammer,80,False
92552245,681.2,LOSS,True,37,5,MAIN,6,RESOURCE_MANAGEMENT,PLAY_ITEM,1121,PLAY,0,0,120,10,90,1,True,5,6,False,True,1,0,2,169,130,5,169,130,5,True,False,Raging Hammer,80,False
92552245,681.2,LOSS,True,38,5,DISCARD,6,RESOURCE_MANAGEMENT,,,CARD;CARD,0,0,120,10,90,1,True,5,6,False,True,1,0,2,169,130,5,169,130,5,True,False,Raging Hammer,80,False
92552245,681.2,LOSS,True,39,5,TO_HAND,4,RESOURCE_MANAGEMENT,,,CARD,0,0,120,10,90,1,True,5,6,False,True,1,0,2,169,130,5,169,130,5,True,False,Raging Hammer,80,False
92552245,681.2,LOSS,True,40,5,MAIN,4,RESOURCE_MANAGEMENT,PLAY_ITEM,1120,PLAY,0,0,120,10,90,1,True,5,6,False,True,1,0,2,169,130,5,169,130,5,True,False,Raging Hammer,80,False
92552245,681.2,LOSS,True,41,5,DISCARD_ENERGY,5,ENERGY_MANAGEMENT,,,ENERGY,0,0,120,10,90,1,True,5,6,False,True,1,0,2,169,130,5,169,130,5,True,False,Raging Hammer,80,False
92552245,681.2,LOSS,True,42,5,MAIN,3,BENCH_MANAGEMENT,EVOLVE,,EVOLVE,0,0,120,10,90,1,True,5,6,False,True,1,0,2,169,130,5,169,130,5,True,False,Raging Hammer,80,False
92552245,681.2,LOSS,True,43,5,MAIN,3,RESOURCE_MANAGEMENT,ABILITY,,ABILITY,0,0,120,10,90,1,True,5,6,False,True,1,0,2,169,130,5,169,130,5,True,False,Raging Hammer,80,False
92552245,681.2,LOSS,True,44,5,TO_HAND,2,RESOURCE_MANAGEMENT,,,CARD,0,0,120,10,90,1,True,5,6,False,True,1,0,2,169,130,5,169,130,5,True,False,Raging Hammer,80,False
92552245,681.2,LOSS,True,45,5,MAIN,3,RESOURCE_MANAGEMENT,PLAY_ITEM,1120,PLAY,0,0,120,10,90,1,True,5,6,False,True,1,0,2,169,130,5,169,130,5,True,False,Raging Hammer,80,False
92552245,681.2,LOSS,True,46,5,DISCARD_ENERGY,4,ENERGY_MANAGEMENT,,,ENERGY,0,0,120,10,90,1,True,5,6,False,True,1,0,2,169,130,5,169,130,5,True,False,Raging Hammer,80,False
92552245,681.2,LOSS,True,47,5,MAIN,2,TIMING,,,,0,0,120,10,90,1,True,5,6,False,True,1,0,2,169,130,5,190,300,4,True,False,Raging Hammer,80,False
92552245,681.2,LOSS,True,48,6,TO_ACTIVE,5,ACTIVE_POKEMON_SELECTION,,,CARD,0,0,,,,,False,5,6,False,True,,,2,190,300,4,190,300,4,,,,,True
92552245,681.2,LOSS,True,49,7,MAIN,13,RESOURCE_MANAGEMENT,PLAY_ITEM,1152,PLAY,1,0,235,30,30,1,False,4,6,True,True,0,0,1,190,300,4,190,300,4,True,False,Metal Defender,220,False
92552245,681.2,LOSS,True,50,7,TO_HAND,1,RESOURCE_MANAGEMENT,,,CARD,0,0,235,30,30,1,False,4,6,False,True,0,0,1,190,300,4,190,300,4,True,False,Metal Defender,220,False
92552245,681.2,LOSS,True,51,7,MAIN,12,RESOURCE_MANAGEMENT,ABILITY,,ABILITY,1,0,235,30,30,1,False,4,6,True,True,0,0,1,190,300,4,190,300,4,True,False,Metal Defender,220,False
92552245,681.2,LOSS,True,52,7,MAIN,14,RESOURCE_MANAGEMENT,ABILITY,,ABILITY,1,0,235,30,30,1,False,4,6,True,True,0,0,1,190,300,4,190,300,4,True,False,Metal Defender,220,False
92552245,681.2,LOSS,True,53,7,TO_HAND,2,RESOURCE_MANAGEMENT,,,CARD,0,0,235,30,30,1,False,4,6,False,True,0,0,1,190,300,4,190,300,4,True,False,Metal Defender,220,False
92552245,681.2,LOSS,True,54,7,MAIN,14,RESOURCE_MANAGEMENT,PLAY_SUPPORTER,1198,PLAY,1,0,235,30,30,1,False,4,6,True,True,0,0,1,190,300,4,190,300,4,True,False,Metal Defender,220,False
92552245,681.2,LOSS,True,55,7,TO_HAND,5,RESOURCE_MANAGEMENT,,,CARD,0,0,235,30,30,1,False,4,6,False,True,0,0,1,190,300,4,190,300,4,True,False,Metal Defender,220,False
92552245,681.2,LOSS,True,56,7,ATTACH_TO,2,ENERGY_MANAGEMENT,,,CARD,0,0,235,30,30,1,False,4,6,False,True,0,0,1,190,300,4,190,300,4,True,False,Metal Defender,220,False
92552245,681.2,LOSS,True,57,7,ATTACH_FROM,5,ENERGY_MANAGEMENT,,,CARD,0,0,235,30,30,1,False,4,6,False,True,0,0,1,190,300,4,190,300,4,True,False,Metal Defender,220,False
92552245,681.2,LOSS,True,58,7,MAIN,16,RESOURCE_MANAGEMENT,PLAY_ITEM,1121,PLAY,1,0,235,30,30,1,False,4,6,True,True,0,0,1,190,300,4,190,300,4,True,False,Metal Defender,220,False
92552245,681.2,LOSS,True,59,7,DISCARD,7,RESOURCE_MANAGEMENT,,,CARD;CARD,0,0,235,30,30,1,False,4,6,False,True,0,0,1,190,300,4,190,300,4,True,False,Metal Defender,220,False
92552245,681.2,LOSS,True,60,7,TO_HAND,2,RESOURCE_MANAGEMENT,,,CARD,0,0,235,30,30,1,False,4,6,False,True,0,0,1,190,300,4,190,300,4,True,False,Metal Defender,220,False
92552245,681.2,LOSS,True,61,7,MAIN,10,BENCH_MANAGEMENT,EVOLVE,,EVOLVE,1,0,235,30,30,1,False,4,6,True,True,0,0,1,190,300,4,190,300,4,True,False,Metal Defender,220,False
92552245,681.2,LOSS,True,62,7,MAIN,9,ENERGY_MANAGEMENT,ATTACH_ENERGY,,ATTACH,1,0,235,30,30,1,False,4,6,True,True,0,0,2,190,300,4,190,300,4,True,False,Metal Defender,220,False
92552245,681.2,LOSS,True,63,7,MAIN,4,RETREAT_SELECTION,RETREAT,,RETREAT,1,0,235,30,30,1,False,4,6,True,True,0,0,2,190,300,4,190,300,4,True,False,Metal Defender,220,False
92552245,681.2,LOSS,True,64,7,SWITCH,4,ACTIVE_POKEMON_SELECTION,,,CARD,0,0,235,30,30,1,False,4,6,False,True,0,0,2,190,300,4,190,300,4,True,False,Metal Defender,220,False
92552245,681.2,LOSS,True,65,7,MAIN,4,ATTACK_SELECTION,ATTACK,,ATTACK,2,1,121,320,320,2,False,4,6,False,True,1,1,2,190,300,4,190,100,4,False,False,Metal Defender,220,True
92552245,681.2,LOSS,True,66,7,DAMAGE_COUNTER_ANY,2,TARGET_SELECTION,,,CARD,0,0,121,320,320,2,False,4,6,False,True,1,1,2,190,100,4,190,100,4,False,False,Metal Defender,220,False
92552245,681.2,LOSS,True,67,7,DAMAGE_COUNTER_ANY,2,TARGET_SELECTION,,,CARD,0,0,121,320,320,2,False,4,6,False,True,1,1,2,190,100,4,190,100,4,False,False,Metal Defender,220,False
92552245,681.2,LOSS,True,68,7,DAMAGE_COUNTER_ANY,2,TARGET_SELECTION,,,CARD,0,0,121,320,320,2,False,4,6,False,True,1,1,2,190,100,4,190,100,4,False,False,Metal Defender,220,False
92552245,681.2,LOSS,True,69,7,DAMAGE_COUNTER_ANY,2,TARGET_SELECTION,,,CARD,0,0,121,320,320,2,False,4,6,False,True,1,1,2,190,100,4,190,100,4,False,False,Metal Defender,220,False
92552245,681.2,LOSS,True,70,7,DAMAGE_COUNTER_ANY,2,TARGET_SELECTION,,,CARD,0,0,121,320,320,2,False,4,6,False,True,1,1,2,190,100,4,190,100,4,False,False,Metal Defender,220,False
92552245,681.2,LOSS,True,71,7,DAMAGE_COUNTER_ANY,2,TARGET_SELECTION,,,,0,0,121,320,320,2,False,4,6,False,True,1,1,2,190,100,4,190,100,4,False,False,Metal Defender,220,False
92552245,681.2,LOSS,True,72,9,MAIN,8,RESOURCE_MANAGEMENT,PLAY_STADIUM,1256,PLAY,2,0,121,100,320,2,True,4,6,True,True,1,1,2,190,100,4,190,100,4,True,False,Metal Defender,220,False
92552245,681.2,LOSS,True,73,9,MAIN,7,RESOURCE_MANAGEMENT,PLAY_SUPPORTER,1182,PLAY,2,0,121,100,320,2,True,4,6,True,True,1,1,2,190,100,4,190,100,4,True,False,Metal Defender,220,False
92552245,681.2,LOSS,True,74,9,SWITCH,2,ACTIVE_POKEMON_SELECTION,,,CARD,0,0,121,100,320,2,True,4,6,False,True,1,1,2,190,100,4,190,300,4,True,False,Metal Defender,220,False
92552245,681.2,LOSS,True,75,9,MAIN,4,ATTACK_SELECTION,ATTACK,,ATTACK,2,1,121,100,320,2,True,4,6,True,True,1,1,2,190,300,4,190,100,4,True,False,Metal Defender,220,False
92552245,681.2,LOSS,True,76,9,DAMAGE_COUNTER_ANY,2,TARGET_SELECTION,,,CARD,0,0,121,100,320,2,True,4,6,False,True,1,1,2,190,100,4,190,100,4,True,False,Metal Defender,220,False
92552245,681.2,LOSS,True,77,9,DAMAGE_COUNTER_ANY,2,TARGET_SELECTION,,,CARD,0,0,121,100,320,2,True,4,6,False,True,1,1,2,190,100,4,190,100,4,True,False,Metal Defender,220,False
92552245,681.2,LOSS,True,78,9,DAMAGE_COUNTER_ANY,2,TARGET_SELECTION,,,CARD,0,0,121,100,320,2,True,4,6,False,True,1,1,2,190,100,4,190,100,4,True,False,Metal Defender,220,False
92552245,681.2,LOSS,True,79,9,DAMAGE_COUNTER_ANY,2,TARGET_SELECTION,,,CARD,0,0,121,100,320,2,True,4,6,False,True,1,1,2,190,100,4,190,100,4,True,False,Metal Defender,220,False
92552245,681.2,LOSS,True,80,9,DAMAGE_COUNTER_ANY,2,TARGET_SELECTION,,,CARD,0,0,121,100,320,2,True,4,6,False,True,1,1,2,190,100,4,190,100,4,True,False,Metal Defender,220,False
92552245,681.2,LOSS,True,81,9,DAMAGE_COUNTER_ANY,2,TARGET_SELECTION,,,,0,0,121,100,320,2,True,4,6,False,True,1,1,2,190,100,4,190,200,2,True,False,Metal Defender,220,False
92552245,681.2,LOSS,True,82,10,TO_ACTIVE,4,ACTIVE_POKEMON_SELECTION,,,CARD,0,0,,,,,False,4,6,False,True,,,2,190,200,2,190,200,2,,,,,True
92552245,681.2,LOSS,True,83,11,MAIN,10,ENERGY_MANAGEMENT,ATTACH_ENERGY,,ATTACH,1,0,235,30,30,1,False,3,6,True,True,0,0,1,190,200,2,190,200,2,True,False,Metal Defender,220,False
92552245,681.2,LOSS,True,84,11,MAIN,6,RESOURCE_MANAGEMENT,ABILITY,,ABILITY,1,0,235,30,30,1,False,3,6,True,True,0,0,1,190,200,2,190,200,2,True,False,Metal Defender,220,False
92552245,681.2,LOSS,True,85,11,MAIN,13,RESOURCE_MANAGEMENT,PLAY_SUPPORTER,1227,PLAY,1,0,235,30,30,1,False,3,6,True,True,0,0,1,190,200,2,190,200,2,True,False,Metal Defender,220,False
92552245,681.2,LOSS,True,86,11,MAIN,12,RETREAT_SELECTION,RETREAT,,RETREAT,1,0,235,30,30,1,False,3,6,True,True,0,0,1,190,200,2,190,200,2,True,False,Metal Defender,220,False
92552245,681.2,LOSS,True,87,11,SWITCH,3,ACTIVE_POKEMON_SELECTION,,,CARD,0,0,235,30,30,1,False,3,6,False,True,0,0,1,190,200,2,190,200,2,True,False,Metal Defender,220,False
92552245,681.2,LOSS,True,88,11,MAIN,12,ATTACK_SELECTION,ATTACK,,ATTACK,2,1,121,320,320,2,False,3,6,False,True,1,1,1,190,200,2,190,0,2,False,False,Metal Defender,220,True
92552245,681.2,LOSS,True,89,11,DAMAGE_COUNTER_ANY,2,TARGET_SELECTION,,,CARD,0,0,121,320,320,2,False,3,6,False,True,1,1,1,190,0,2,190,0,2,False,False,Metal Defender,220,False
92552245,681.2,LOSS,True,90,11,DAMAGE_COUNTER_ANY,2,TARGET_SELECTION,,,CARD,0,0,121,320,320,2,False,3,6,False,True,1,1,1,190,0,2,190,0,2,False,False,Metal Defender,220,False
92552245,681.2,LOSS,True,91,11,DAMAGE_COUNTER_ANY,2,TARGET_SELECTION,,,CARD,0,0,121,320,320,2,False,3,6,False,True,1,1,1,190,0,2,190,0,2,False,False,Metal Defender,220,False
92552245,681.2,LOSS,True,92,11,DAMAGE_COUNTER_ANY,2,TARGET_SELECTION,,,CARD,0,0,121,320,320,2,False,3,6,False,True,1,1,1,190,0,2,190,0,2,False,False,Metal Defender,220,False
92552245,681.2,LOSS,True,93,11,DAMAGE_COUNTER_ANY,2,TARGET_SELECTION,,,CARD,0,0,121,320,320,2,False,3,6,False,True,1,1,1,190,0,2,190,0,2,False,False,Metal Defender,220,False
92552245,681.2,LOSS,True,94,11,DAMAGE_COUNTER_ANY,2,TARGET_SELECTION,,,CARD,0,0,121,320,320,2,False,3,6,False,True,1,1,1,190,0,2,,,2,False,False,Metal Defender,220,False
92552245,681.2,LOSS,True,95,11,TO_HAND,6,RESOURCE_MANAGEMENT,,,CARD;CARD,0,0,121,320,320,2,False,3,6,False,True,1,1,1,,,2,,,2,,,,,False
92552245,681.2,LOSS,True,96,11,TO_HAND,4,RESOURCE_MANAGEMENT,,,,0,0,121,320,320,2,False,3,4,False,True,1,1,1,,,2,666,80,2,,,,,False
92552245,681.2,LOSS,True,97,12,DISCARD,12,RESOURCE_MANAGEMENT,,,,0,0,121,320,320,2,False,3,2,False,True,1,1,1,666,80,2,666,80,2,False,False,,,False
92552245,681.2,LOSS,True,98,13,MAIN,7,RESOURCE_MANAGEMENT,PLAY_SUPPORTER,1227,PLAY,2,0,121,320,320,2,False,3,2,True,True,1,1,1,666,80,2,666,80,2,False,False,,,False
92552245,681.2,LOSS,True,99,13,MAIN,5,ATTACK_SELECTION,ATTACK,,ATTACK,2,1,121,320,320,2,False,3,2,True,True,1,1,1,666,80,2,666,0,2,False,False,,,False
92552245,681.2,LOSS,True,100,13,DAMAGE_COUNTER_ANY,2,TARGET_SELECTION,,,CARD,0,0,121,320,320,2,False,3,2,False,True,1,1,1,666,0,2,666,0,2,False,False,,,False
92552245,681.2,LOSS,True,101,13,DAMAGE_COUNTER_ANY,2,TARGET_SELECTION,,,CARD,0,0,121,320,320,2,False,3,2,False,True,1,1,1,666,0,2,666,0,2,False,False,,,False
92552245,681.2,LOSS,True,102,13,DAMAGE_COUNTER_ANY,2,TARGET_SELECTION,,,CARD,0,0,121,320,320,2,False,3,2,False,True,1,1,1,666,0,2,666,0,2,False,False,,,False
92552245,681.2,LOSS,True,103,13,DAMAGE_COUNTER_ANY,2,TARGET_SELECTION,,,CARD,0,0,121,320,320,2,False,3,2,False,True,1,1,1,666,0,2,666,0,2,False,False,,,False
92552245,681.2,LOSS,True,104,13,DAMAGE_COUNTER_ANY,2,TARGET_SELECTION,,,CARD,0,0,121,320,320,2,False,3,2,False,True,1,1,1,666,0,2,666,0,2,False,False,,,False
92552245,681.2,LOSS,True,105,13,DAMAGE_COUNTER_ANY,2,TARGET_SELECTION,,,CARD,0,0,121,320,320,2,False,3,2,False,True,1,1,1,666,0,2,,,2,False,False,,,False
92552245,681.2,LOSS,True,106,13,TO_HAND,2,RESOURCE_MANAGEMENT,,,,0,0,121,320,320,2,False,3,2,False,True,1,1,1,,,2,190,240,2,,,,,False
92552245,681.2,LOSS,True,107,15,MAIN,9,ATTACK_SELECTION,ATTACK,,ATTACK,2,1,121,100,320,2,True,3,1,True,True,1,1,1,190,240,2,190,70,2,True,False,Metal Defender,220,False
92552245,681.2,LOSS,True,108,15,DAMAGE_COUNTER_ANY,1,TARGET_SELECTION,,,CARD,0,0,121,100,320,2,True,3,1,False,True,1,1,1,190,70,2,190,70,2,True,False,Metal Defender,220,False
92552245,681.2,LOSS,True,109,15,DAMAGE_COUNTER_ANY,1,TARGET_SELECTION,,,CARD,0,0,121,100,320,2,True,3,1,False,True,1,1,1,190,70,2,190,70,2,True,False,Metal Defender,220,False
92552245,681.2,LOSS,True,110,15,DAMAGE_COUNTER_ANY,1,TARGET_SELECTION,,,CARD,0,0,121,100,320,2,True,3,1,False,True,1,1,1,190,70,2,190,70,2,True,False,Metal Defender,220,False
92552245,681.2,LOSS,True,111,15,DAMAGE_COUNTER_ANY,1,TARGET_SELECTION,,,CARD,0,0,121,100,320,2,True,3,1,False,True,1,1,1,190,70,2,190,70,2,True,False,Metal Defender,220,False
92552245,681.2,LOSS,True,112,15,DAMAGE_COUNTER_ANY,1,TARGET_SELECTION,,,CARD,0,0,121,100,320,2,True,3,1,False,True,1,1,1,190,70,2,190,70,2,True,False,Metal Defender,220,False
92553251,607.0,LOSS,True,0,,,0,UNKNOWN,,,,0,0,,,,,False,,,False,False,,,0,,,,,,,,,,,False
92553251,607.0,LOSS,True,1,,,0,UNKNOWN,,,,0,0,,,,,False,,,False,False,,,0,,,,,,0,,,,,False
92553251,607.0,LOSS,True,2,0,IS_FIRST,2,GOING_FIRST_SECOND,,,YES,0,0,,,,,False,0,0,False,False,,,0,,,0,,,0,,,,,False
92553251,607.0,LOSS,True,3,0,SETUP_ACTIVE_POKEMON,1,EARLY_GAME_SETUP,,,,0,0,,,,,False,0,0,False,False,,,0,,,0,756,300,6,,,,,False
92553251,607.0,LOSS,True,4,1,MAIN,5,RESOURCE_MANAGEMENT,PLAY_ITEM,1086,PLAY,0,0,235,30,30,1,False,0,6,False,False,0,0,0,756,300,6,756,300,6,False,False,,,False
92553251,607.0,LOSS,True,5,1,TO_BENCH,4,BENCH_MANAGEMENT,,,CARD;CARD,0,0,235,30,30,1,False,0,6,False,False,0,0,0,756,300,6,756,300,6,False,False,,,False
92553251,607.0,LOSS,True,6,1,MAIN,5,RESOURCE_MANAGEMENT,PLAY_ITEM,1121,PLAY,0,0,235,30,30,1,False,2,6,True,True,0,0,0,756,300,6,756,300,6,False,False,,,False
92553251,607.0,LOSS,True,7,1,DISCARD,5,RESOURCE_MANAGEMENT,,,CARD;CARD,0,0,235,30,30,1,False,2,6,False,True,0,0,0,756,300,6,756,300,6,False,False,,,False
92553251,607.0,LOSS,True,8,1,TO_HAND,9,RESOURCE_MANAGEMENT,,,CARD,0,0,235,30,30,1,False,2,6,False,True,0,0,0,756,300,6,756,300,6,False,False,,,False
92553251,607.0,LOSS,True,9,1,MAIN,3,RESOURCE_MANAGEMENT,PLAY_POKEMON,119,PLAY,0,0,235,30,30,1,False,2,6,True,True,0,0,0,756,300,6,756,300,6,False,False,,,False
92553251,607.0,LOSS,True,10,1,MAIN,2,TIMING,,,,0,0,235,30,30,1,False,3,6,True,True,0,0,0,756,300,6,756,300,6,False,False,,,False
92553251,607.0,LOSS,True,11,3,MAIN,8,RESOURCE_MANAGEMENT,PLAY_SUPPORTER,1210,PLAY,1,0,235,30,30,1,False,3,6,True,True,0,0,0,756,300,6,756,300,6,False,False,,,False
92553251,607.0,LOSS,True,12,3,TO_HAND,8,RESOURCE_MANAGEMENT,,,CARD,0,0,235,30,30,1,False,3,6,False,True,0,0,0,756,300,6,756,300,6,False,False,,,False
92553251,607.0,LOSS,True,13,3,MAIN,9,BENCH_MANAGEMENT,EVOLVE,,EVOLVE,1,0,235,30,30,1,False,3,6,True,True,0,0,0,756,300,6,756,300,6,False,False,,,False
92553251,607.0,LOSS,True,14,3,MAIN,6,RESOURCE_MANAGEMENT,ABILITY,,ABILITY,1,0,235,30,30,1,False,3,6,True,True,0,0,0,756,300,6,756,300,6,False,False,,,False
92553251,607.0,LOSS,True,15,3,TO_HAND,2,RESOURCE_MANAGEMENT,,,CARD,0,0,235,30,30,1,False,3,6,False,True,0,0,0,756,300,6,756,300,6,False,False,,,False
92553251,607.0,LOSS,True,16,3,MAIN,5,BENCH_MANAGEMENT,EVOLVE,,EVOLVE,1,0,235,30,30,1,False,3,6,True,True,0,0,0,756,300,6,756,300,6,False,False,,,False
92553251,607.0,LOSS,True,17,3,MAIN,4,RESOURCE_MANAGEMENT,ABILITY,,ABILITY,1,0,235,30,30,1,False,3,6,True,True,0,0,0,756,300,6,756,300,6,False,False,,,False
92553251,607.0,LOSS,True,18,3,TO_HAND,2,RESOURCE_MANAGEMENT,,,CARD,0,0,235,30,30,1,False,3,6,False,True,0,0,0,756,300,6,756,300,6,False,False,,,False
92553251,607.0,LOSS,True,19,3,MAIN,3,TIMING,,,,1,0,235,30,30,1,False,3,6,True,True,0,0,0,756,300,6,756,290,6,False,False,,,False
92553251,607.0,LOSS,True,20,5,MAIN,10,BENCH_MANAGEMENT,EVOLVE,,EVOLVE,1,0,235,30,30,1,False,3,6,True,True,0,0,0,756,290,6,756,290,6,False,True,,,False
92553251,607.0,LOSS,True,21,5,MAIN,6,BENCH_MANAGEMENT,EVOLVE,,EVOLVE,1,0,235,30,30,1,False,3,6,True,True,0,0,0,756,290,6,756,290,6,False,True,,,False
92553251,607.0,LOSS,True,22,5,MAIN,4,RESOURCE_MANAGEMENT,PLAY_SUPPORTER,1198,PLAY,1,0,235,30,30,1,False,3,6,True,True,0,0,0,756,290,6,756,290,6,False,True,,,False
92553251,607.0,LOSS,True,23,5,TO_HAND,7,RESOURCE_MANAGEMENT,,,CARD,0,0,235,30,30,1,False,3,6,False,True,0,0,0,756,290,6,756,290,6,False,True,,,False
92553251,607.0,LOSS,True,24,5,ATTACH_TO,3,ENERGY_MANAGEMENT,,,CARD,0,0,235,30,30,1,False,3,6,False,True,0,0,0,756,290,6,756,290,6,False,True,,,False
92553251,607.0,LOSS,True,25,5,ATTACH_FROM,4,ENERGY_MANAGEMENT,,,CARD,0,0,235,30,30,1,False,3,6,False,True,0,0,0,756,290,6,756,290,6,False,True,,,False
92553251,607.0,LOSS,True,26,5,MAIN,7,ENERGY_MANAGEMENT,ATTACH_ENERGY,,ATTACH,1,0,235,30,30,1,False,3,6,True,True,0,0,1,756,290,6,756,290,6,False,True,,,False
92553251,607.0,LOSS,True,27,5,MAIN,3,RETREAT_SELECTION,RETREAT,,RETREAT,1,0,235,30,30,1,False,3,6,True,True,0,0,1,756,290,6,756,290,6,False,True,,,False
92553251,607.0,LOSS,True,28,5,SWITCH,3,ACTIVE_POKEMON_SELECTION,,,CARD,0,0,235,30,30,1,False,3,6,False,True,0,0,1,756,290,6,756,290,6,False,True,,,False
92553251,607.0,LOSS,True,29,5,MAIN,3,TIMING,,,,2,0,121,320,320,2,False,3,6,False,True,1,1,1,756,290,6,756,90,4,False,False,,,True
92553251,607.0,LOSS,True,30,6,TO_ACTIVE,3,ACTIVE_POKEMON_SELECTION,,,CARD,0,0,,,,,False,3,6,False,True,,,1,756,90,4,756,90,4,,,,,True
92553251,607.0,LOSS,True,31,7,MAIN,5,RESOURCE_MANAGEMENT,PLAY_ITEM,1097,PLAY,1,0,235,30,30,1,False,2,6,True,True,0,0,0,756,90,4,756,90,4,True,False,Rapid-Fire Combo,200,False
92553251,607.0,LOSS,True,32,7,TO_HAND,5,RESOURCE_MANAGEMENT,,,CARD,0,0,235,30,30,1,False,2,6,False,True,0,0,0,756,90,4,756,90,4,True,False,Rapid-Fire Combo,200,False
92553251,607.0,LOSS,True,33,7,MAIN,5,RESOURCE_MANAGEMENT,PLAY_ITEM,1079,PLAY,1,0,235,30,30,1,False,2,6,True,True,0,0,0,756,90,4,756,90,4,True,False,Rapid-Fire Combo,200,False
92553251,607.0,LOSS,True,34,7,EVOLVE,1,BENCH_MANAGEMENT,,,EVOLVE,0,0,235,30,30,1,False,2,6,False,True,0,0,0,756,90,4,756,90,4,True,False,Rapid-Fire Combo,200,False
92553251,607.0,LOSS,True,35,7,MAIN,4,TIMING,,,,1,0,235,30,30,1,False,2,6,True,True,0,0,0,756,90,4,756,80,3,True,False,Rapid-Fire Combo,200,False
92553251,607.0,LOSS,True,36,8,TO_ACTIVE,2,ACTIVE_POKEMON_SELECTION,,,CARD,0,0,,,,,False,2,6,False,True,,,0,756,80,3,756,80,3,,,,,True
92553251,607.0,LOSS,True,37,9,MAIN,3,TIMING,,,,0,0,121,320,320,2,False,1,6,False,True,1,0,0,756,80,3,756,80,1,False,False,Rapid-Fire Combo,200,False
92553251,607.0,LOSS,True,38,10,TO_ACTIVE,1,ACTIVE_POKEMON_SELECTION,,,CARD,0,0,,,,,False,1,6,False,True,,,0,756,80,1,756,80,1,,,,,True
92553251,607.0,LOSS,True,39,11,MAIN,4,RESOURCE_MANAGEMENT,PLAY_SUPPORTER,1227,PLAY,0,0,121,320,320,2,False,0,6,False,False,1,0,0,756,80,1,756,80,1,False,False,Rapid-Fire Combo,200,False
92553251,607.0,LOSS,True,40,11,MAIN,6,ENERGY_MANAGEMENT,ATTACH_ENERGY,,ATTACH,0,0,121,320,320,2,False,0,6,False,False,1,0,0,756,80,1,756,80,1,False,False,Rapid-Fire Combo,200,False
92554151,614.9,WIN,True,0,,,0,UNKNOWN,,,,0,0,,,,,False,,,False,False,,,0,,,,,,,,,,,False
92554151,614.9,WIN,True,1,,,0,UNKNOWN,,,,0,0,,,,,False,,,False,False,,,0,,,,,,0,,,,,False
92554151,614.9,WIN,True,2,0,IS_FIRST,2,GOING_FIRST_SECOND,,,,0,0,,,,,False,0,0,False,False,,,0,,,0,,,6,,,,,False
92554151,614.9,WIN,True,3,0,SETUP_ACTIVE_POKEMON,2,EARLY_GAME_SETUP,,,,0,0,,,,,False,0,0,False,False,,,0,,,6,,,6,,,,,False
92554151,614.9,WIN,True,4,0,SETUP_BENCH_POKEMON,1,BENCH_MANAGEMENT,,,,0,0,,,,,False,0,6,False,False,,,0,,,6,677,80,6,,,,,False
92554151,614.9,WIN,True,5,1,MAIN,7,RESOURCE_MANAGEMENT,PLAY_POKEMON,119,PLAY,0,0,235,30,30,1,False,0,6,False,False,0,0,0,677,80,6,677,80,6,False,True,,,False
92554151,614.9,WIN,True,6,1,MAIN,7,RESOURCE_MANAGEMENT,PLAY_ITEM,1086,PLAY,0,0,235,30,30,1,False,1,6,True,True,0,0,0,677,80,6,677,80,6,False,True,,,False
92554151,614.9,WIN,True,7,1,TO_BENCH,4,BENCH_MANAGEMENT,,,CARD;CARD,0,0,235,30,30,1,False,1,6,False,True,0,0,0,677,80,6,677,80,6,False,True,,,False
92554151,614.9,WIN,True,8,1,MAIN,6,RESOURCE_MANAGEMENT,PLAY_ITEM,1086,PLAY,0,0,235,30,30,1,False,3,6,True,True,0,0,0,677,80,6,677,80,6,False,True,,,False
92554151,614.9,WIN,True,9,1,TO_BENCH,2,BENCH_MANAGEMENT,,,CARD,0,0,235,30,30,1,False,3,6,False,True,0,0,0,677,80,6,677,80,6,False,True,,,False
92554151,614.9,WIN,True,10,1,MAIN,5,RESOURCE_MANAGEMENT,PLAY_ITEM,1152,PLAY,0,0,235,30,30,1,False,4,6,True,True,0,0,0,677,80,6,677,80,6,False,True,,,False
92554151,614.9,WIN,True,11,1,TO_HAND,5,RESOURCE_MANAGEMENT,,,CARD,0,0,235,30,30,1,False,4,6,False,True,0,0,0,677,80,6,677,80,6,False,True,,,False
92554151,614.9,WIN,True,12,1,MAIN,4,TIMING,,,,0,0,235,30,30,1,False,4,6,True,True,0,0,0,677,80,6,676,110,5,False,True,,,False
92554151,614.9,WIN,True,13,2,TO_ACTIVE,4,ACTIVE_POKEMON_SELECTION,,,CARD,0,0,,,,,False,4,6,False,True,,,0,676,110,5,676,110,5,,,,,True
92554151,614.9,WIN,True,14,3,MAIN,9,RESOURCE_MANAGEMENT,PLAY_ITEM,1121,PLAY,0,0,119,70,70,1,False,3,6,False,True,1,0,0,676,110,5,676,110,5,True,False,Cosmic Beam,70,False
92554151,614.9,WIN,True,15,3,DISCARD,4,RESOURCE_MANAGEMENT,,,CARD;CARD,0,0,119,70,70,1,False,3,6,False,True,1,0,0,676,110,5,676,110,5,True,False,Cosmic Beam,70,False
92554151,614.9,WIN,True,16,3,TO_HAND,9,RESOURCE_MANAGEMENT,,,CARD,0,0,119,70,70,1,False,3,6,False,True,1,0,0,676,110,5,676,110,5,True,False,Cosmic Beam,70,False
92554151,614.9,WIN,True,17,3,MAIN,7,RESOURCE_MANAGEMENT,PLAY_POKEMON,140,PLAY,0,0,119,70,70,1,False,3,6,False,True,1,0,0,676,110,5,676,110,5,True,False,Cosmic Beam,70,False
92554151,614.9,WIN,True,18,3,MAIN,7,RESOURCE_MANAGEMENT,ABILITY,,ABILITY,0,0,119,70,70,1,False,4,6,False,True,1,0,0,676,110,5,676,110,5,True,False,Cosmic Beam,70,False
92554151,614.9,WIN,True,19,3,MAIN,21,RESOURCE_MANAGEMENT,PLAY_SUPPORTER,1198,PLAY,0,0,119,70,70,1,False,4,6,False,True,1,0,0,676,110,5,676,110,5,True,False,Cosmic Beam,70,False
92554151,614.9,WIN,True,20,3,TO_HAND,3,RESOURCE_MANAGEMENT,,,CARD,0,0,119,70,70,1,False,4,6,False,True,1,0,0,676,110,5,676,110,5,True,False,Cosmic Beam,70,False
92554151,614.9,WIN,True,21,3,ATTACH_TO,1,ENERGY_MANAGEMENT,,,CARD,0,0,119,70,70,1,False,4,6,False,True,1,0,0,676,110,5,676,110,5,True,False,Cosmic Beam,70,False
92554151,614.9,WIN,True,22,3,ATTACH_FROM,5,ENERGY_MANAGEMENT,,,CARD,0,0,119,70,70,1,False,4,6,False,True,1,0,0,676,110,5,676,110,5,True,False,Cosmic Beam,70,False
92554151,614.9,WIN,True,23,3,MAIN,25,BENCH_MANAGEMENT,EVOLVE,,EVOLVE,0,0,119,70,70,1,False,4,6,False,True,1,0,0,676,110,5,676,110,5,True,False,Cosmic Beam,70,False
92554151,614.9,WIN,True,24,3,MAIN,22,RESOURCE_MANAGEMENT,ABILITY,,ABILITY,0,0,119,70,70,1,False,4,6,False,True,1,0,0,676,110,5,676,110,5,True,False,Cosmic Beam,70,False
92554151,614.9,WIN,True,25,3,TO_HAND,2,RESOURCE_MANAGEMENT,,,CARD,0,0,119,70,70,1,False,4,6,False,True,1,0,0,676,110,5,676,110,5,True,False,Cosmic Beam,70,False
92554151,614.9,WIN,True,26,3,MAIN,22,RESOURCE_MANAGEMENT,PLAY_ITEM,1152,PLAY,0,0,119,70,70,1,False,4,6,False,True,1,0,0,676,110,5,676,110,5,True,False,Cosmic Beam,70,False
92554151,614.9,WIN,True,27,3,TO_HAND,4,RESOURCE_MANAGEMENT,,,CARD,0,0,119,70,70,1,False,4,6,False,True,1,0,0,676,110,5,676,110,5,True,False,Cosmic Beam,70,False
92554151,614.9,WIN,True,28,3,MAIN,24,BENCH_MANAGEMENT,EVOLVE,,EVOLVE,0,0,119,70,70,1,False,4,6,False,True,1,0,0,676,110,5,676,110,5,True,False,Cosmic Beam,70,False
92554151,614.9,WIN,True,29,3,MAIN,22,RESOURCE_MANAGEMENT,ABILITY,,ABILITY,0,0,120,90,90,1,False,4,6,False,True,1,0,0,676,110,5,676,110,5,False,False,Cosmic Beam,70,True
92554151,614.9,WIN,True,30,3,TO_HAND,2,RESOURCE_MANAGEMENT,,,CARD,0,0,120,90,90,1,False,4,6,False,True,1,0,0,676,110,5,676,110,5,False,False,Cosmic Beam,70,False
92554151,614.9,WIN,True,31,3,MAIN,22,ENERGY_MANAGEMENT,ATTACH_ENERGY,,ATTACH,0,0,120,90,90,1,False,4,6,False,True,1,0,0,676,110,5,676,110,5,False,False,Cosmic Beam,70,False
92554151,614.9,WIN,True,32,3,MAIN,2,TIMING,,,,0,0,120,90,90,1,False,4,6,False,True,1,0,0,676,110,5,678,440,3,False,False,Cosmic Beam,70,False
92554151,614.9,WIN,True,33,4,TO_ACTIVE,4,ACTIVE_POKEMON_SELECTION,,,CARD,0,0,,,,,False,4,6,False,True,,,0,678,440,3,678,440,3,,,,,True
92554151,614.9,WIN,True,34,5,MAIN,21,ENERGY_MANAGEMENT,ATTACH_ENERGY,,ATTACH,0,0,120,90,90,1,False,3,6,True,True,1,1,0,678,440,3,678,440,3,True,False,Aura Jab,130,False
92554151,614.9,WIN,True,35,5,MAIN,17,RESOURCE_MANAGEMENT,ABILITY,,ABILITY,0,0,120,90,90,1,False,3,6,True,True,1,1,0,678,440,3,678,440,3,True,False,Aura Jab,130,False
92554151,614.9,WIN,True,36,5,TO_HAND,2,RESOURCE_MANAGEMENT,,,CARD,0,0,120,90,90,1,False,3,6,False,True,1,1,0,678,440,3,678,440,3,True,False,Aura Jab,130,False
92554151,614.9,WIN,True,37,5,MAIN,17,RESOURCE_MANAGEMENT,PLAY_ITEM,1097,PLAY,0,0,120,90,90,1,False,3,6,True,True,1,1,0,678,440,3,678,440,3,True,False,Aura Jab,130,False
92554151,614.9,WIN,True,38,5,TO_HAND,2,RESOURCE_MANAGEMENT,,,CARD,0,0,120,90,90,1,False,3,6,False,True,1,1,0,678,440,3,678,440,3,True,False,Aura Jab,130,False
92554151,614.9,WIN,True,39,5,MAIN,17,RESOURCE_MANAGEMENT,PLAY_POKEMON,140,PLAY,0,0,120,90,90,1,False,3,6,True,True,1,1,0,678,440,3,678,440,3,True,False,Aura Jab,130,False
92554151,614.9,WIN,True,40,5,MAIN,20,RESOURCE_MANAGEMENT,ABILITY,,ABILITY,0,0,120,90,90,1,False,4,6,True,True,1,1,0,678,440,3,678,440,3,True,False,Aura Jab,130,False
92554151,614.9,WIN,True,41,5,TO_HAND,2,RESOURCE_MANAGEMENT,,,CARD,0,0,120,90,90,1,False,4,6,False,True,1,1,0,678,440,3,678,440,3,True,False,Aura Jab,130,False
92554151,614.9,WIN,True,42,5,MAIN,19,RESOURCE_MANAGEMENT,ABILITY,,ABILITY,0,0,120,90,90,1,False,4,6,True,True,1,1,0,678,440,3,678,440,3,True,False,Aura Jab,130,False
92554151,614.9,WIN,True,43,5,MAIN,21,RESOURCE_MANAGEMENT,PLAY_ITEM,1120,PLAY,0,0,120,90,90,1,False,4,6,True,True,1,1,0,678,440,3,678,440,3,True,False,Aura Jab,130,False
92554151,614.9,WIN,True,44,5,DISCARD_ENERGY,4,ENERGY_MANAGEMENT,,,ENERGY,0,0,120,90,90,1,False,4,6,False,True,1,1,0,678,440,3,678,440,3,True,False,Aura Jab,130,False
92554151,614.9,WIN,True,45,5,MAIN,20,ENERGY_MANAGEMENT,ATTACH_ENERGY,,ATTACH,0,0,120,90,90,1,False,4,6,True,True,1,1,0,678,440,3,678,440,3,True,False,Aura Jab,130,False
92554151,614.9,WIN,True,46,5,MAIN,5,RESOURCE_MANAGEMENT,PLAY_SUPPORTER,1227,PLAY,0,0,120,90,90,1,False,4,6,True,True,1,1,0,678,440,3,678,440,3,True,False,Aura Jab,130,False
92554151,614.9,WIN,True,47,5,MAIN,9,BENCH_MANAGEMENT,EVOLVE,,EVOLVE,0,0,120,90,90,1,False,4,6,True,True,1,1,0,678,440,3,678,440,3,True,False,Aura Jab,130,False
92554151,614.9,WIN,True,48,5,MAIN,8,RESOURCE_MANAGEMENT,PLAY_ITEM,1152,PLAY,1,0,121,320,320,2,False,4,6,True,True,1,1,0,678,440,3,678,440,3,False,False,Aura Jab,130,True
92554151,614.9,WIN,True,49,5,TO_HAND,2,RESOURCE_MANAGEMENT,,,CARD,0,0,121,320,320,2,False,4,6,False,True,1,1,0,678,440,3,678,440,3,False,False,Aura Jab,130,False
92554151,614.9,WIN,True,50,5,MAIN,9,BENCH_MANAGEMENT,EVOLVE,,EVOLVE,1,0,121,320,320,2,False,4,6,True,True,1,1,0,678,440,3,678,440,3,False,False,Aura Jab,130,False
92554151,614.9,WIN,True,51,5,MAIN,7,RESOURCE_MANAGEMENT,ABILITY,,ABILITY,1,0,121,320,320,2,False,4,6,True,True,1,1,0,678,440,3,678,440,3,False,False,Aura Jab,130,False
92554151,614.9,WIN,True,52,5,TO_HAND,2,RESOURCE_MANAGEMENT,,,CARD,0,0,121,320,320,2,False,4,6,False,True,1,1,0,678,440,3,678,440,3,False,False,Aura Jab,130,False
92554151,614.9,WIN,True,53,5,MAIN,7,BENCH_MANAGEMENT,EVOLVE,,EVOLVE,1,0,121,320,320,2,False,4,6,True,True,1,1,0,678,440,3,678,440,3,False,False,Aura Jab,130,False
92554151,614.9,WIN,True,54,5,MAIN,7,RESOURCE_MANAGEMENT,ABILITY,,ABILITY,1,0,121,320,320,2,False,4,6,True,True,1,1,0,678,440,3,678,440,3,False,False,Aura Jab,130,False
92554151,614.9,WIN,True,55,5,TO_HAND,2,RESOURCE_MANAGEMENT,,,CARD,0,0,121,320,320,2,False,4,6,False,True,1,1,0,678,440,3,678,440,3,False,False,Aura Jab,130,False
92554151,614.9,WIN,True,56,5,MAIN,6,RESOURCE_MANAGEMENT,PLAY_ITEM,1080,PLAY,1,0,121,320,320,2,False,4,6,True,True,1,1,0,678,440,3,678,440,3,False,False,Aura Jab,130,False
92554151,614.9,WIN,True,57,5,MAIN,4,RESOURCE_MANAGEMENT,PLAY_ITEM,1120,PLAY,1,0,121,320,320,2,False,4,6,True,True,1,1,0,678,440,3,678,440,3,False,False,Aura Jab,130,False
92554151,614.9,WIN,True,58,5,MAIN,3,TIMING,,,,1,0,121,320,320,2,False,4,6,True,True,1,1,0,678,440,3,678,370,3,False,False,Aura Jab,130,False
92554151,614.9,WIN,True,59,7,MAIN,17,RESOURCE_MANAGEMENT,ABILITY,,ABILITY,1,0,121,20,320,2,True,4,6,True,True,1,1,0,678,370,3,678,370,3,True,False,Mega Brave,270,False
92554151,614.9,WIN,True,60,7,TO_HAND,2,RESOURCE_MANAGEMENT,,,CARD,0,0,121,20,320,2,True,4,6,False,True,1,1,0,678,370,3,678,370,3,True,False,Mega Brave,270,False
92554151,614.9,WIN,True,61,7,MAIN,17,RESOURCE_MANAGEMENT,PLAY_ITEM,1120,PLAY,1,0,121,20,320,2,True,4,6,True,True,1,1,0,678,370,3,678,370,3,True,False,Mega Brave,270,False
92554151,614.9,WIN,True,62,7,DISCARD_ENERGY,4,ENERGY_MANAGEMENT,,,ENERGY,0,0,121,20,320,2,True,4,6,False,True,1,1,0,678,370,3,678,370,3,True,False,Mega Brave,270,False
92554151,614.9,WIN,True,63,7,MAIN,16,RESOURCE_MANAGEMENT,ABILITY,,ABILITY,1,0,121,20,320,2,True,4,6,True,True,1,1,0,678,370,3,678,370,3,True,False,Mega Brave,270,False
92554151,614.9,WIN,True,64,7,TO_HAND,2,RESOURCE_MANAGEMENT,,,CARD,0,0,121,20,320,2,True,4,6,False,True,1,1,0,678,370,3,678,370,3,True,False,Mega Brave,270,False
92554151,614.9,WIN,True,65,7,MAIN,18,BENCH_MANAGEMENT,EVOLVE,,EVOLVE,1,0,121,20,320,2,True,4,6,True,True,1,1,0,678,370,3,678,370,3,True,False,Mega Brave,270,False
92554151,614.9,WIN,True,66,7,MAIN,15,RESOURCE_MANAGEMENT,ABILITY,,ABILITY,1,0,121,20,320,2,True,4,6,True,True,1,1,1,678,370,3,678,370,3,True,False,Mega Brave,270,False
92554151,614.9,WIN,True,67,7,TO_HAND,2,RESOURCE_MANAGEMENT,,,CARD,0,0,121,20,320,2,True,4,6,False,True,1,1,1,678,370,3,678,370,3,True,False,Mega Brave,270,False
92554151,614.9,WIN,True,68,7,MAIN,15,RESOURCE_MANAGEMENT,PLAY_SUPPORTER,1198,PLAY,1,0,121,20,320,2,True,4,6,True,True,1,1,1,678,370,3,678,370,3,True,False,Mega Brave,270,False
92554151,614.9,WIN,True,69,7,TO_HAND,2,RESOURCE_MANAGEMENT,,,CARD,0,0,121,20,320,2,True,4,6,False,True,1,1,1,678,370,3,678,370,3,True,False,Mega Brave,270,False
92554151,614.9,WIN,True,70,7,MAIN,14,ENERGY_MANAGEMENT,ATTACH_ENERGY,,ATTACH,1,0,121,20,320,2,True,4,6,True,True,1,1,1,678,370,3,678,370,3,True,False,Mega Brave,270,False
92554151,614.9,WIN,True,71,7,MAIN,5,ATTACK_SELECTION,ATTACK,,ATTACK,2,1,121,20,320,2,True,4,6,True,True,1,1,1,678,370,3,678,170,3,True,False,Mega Brave,270,False
92554151,614.9,WIN,True,72,7,DAMAGE_COUNTER_ANY,5,TARGET_SELECTION,,,CARD,0,0,121,20,320,2,True,4,6,False,True,1,1,1,678,170,3,678,170,3,True,False,Mega Brave,270,False
92554151,614.9,WIN,True,73,7,DAMAGE_COUNTER_ANY,5,TARGET_SELECTION,,,CARD,0,0,121,20,320,2,True,4,6,False,True,1,1,1,678,170,3,678,170,3,True,False,Mega Brave,270,False
92554151,614.9,WIN,True,74,7,DAMAGE_COUNTER_ANY,5,TARGET_SELECTION,,,CARD,0,0,121,20,320,2,True,4,6,False,True,1,1,1,678,170,3,678,170,3,True,False,Mega Brave,270,False
92554151,614.9,WIN,True,75,7,DAMAGE_COUNTER_ANY,5,TARGET_SELECTION,,,CARD,0,0,121,20,320,2,True,4,6,False,True,1,1,1,678,170,3,678,170,3,True,False,Mega Brave,270,False
92554151,614.9,WIN,True,76,7,DAMAGE_COUNTER_ANY,5,TARGET_SELECTION,,,CARD,0,0,121,20,320,2,True,4,6,False,True,1,1,1,678,170,3,678,170,3,True,False,Mega Brave,270,False
92554151,614.9,WIN,True,77,7,DAMAGE_COUNTER_ANY,5,TARGET_SELECTION,,,,0,0,121,20,320,2,True,4,6,False,True,1,1,1,678,170,3,676,110,1,True,False,Mega Brave,270,False
92554151,614.9,WIN,True,78,8,TO_ACTIVE,4,ACTIVE_POKEMON_SELECTION,,,CARD,0,0,,,,,False,4,6,False,True,,,1,676,110,1,676,110,1,,,,,True
92554151,614.9,WIN,True,79,9,MAIN,22,RESOURCE_MANAGEMENT,ABILITY,,ABILITY,1,0,121,320,320,2,False,3,6,True,True,1,1,0,676,110,1,676,110,1,False,False,Cosmic Beam,70,False
92554151,614.9,WIN,True,80,9,TO_HAND,2,RESOURCE_MANAGEMENT,,,CARD,0,0,121,320,320,2,False,3,6,False,True,1,1,0,676,110,1,676,110,1,False,False,Cosmic Beam,70,False
92554151,614.9,WIN,True,81,9,MAIN,22,RESOURCE_MANAGEMENT,ABILITY,,ABILITY,1,0,121,320,320,2,False,3,6,True,True,1,1,0,676,110,1,676,110,1,False,False,Cosmic Beam,70,False
92554151,614.9,WIN,True,82,9,TO_HAND,2,RESOURCE_MANAGEMENT,,,CARD,0,0,121,320,320,2,False,3,6,False,True,1,1,0,676,110,1,676,110,1,False,False,Cosmic Beam,70,False
92554151,614.9,WIN,True,83,9,MAIN,22,RESOURCE_MANAGEMENT,PLAY_ITEM,1120,PLAY,1,0,121,320,320,2,False,3,6,True,True,1,1,0,676,110,1,676,110,1,False,False,Cosmic Beam,70,False
92554151,614.9,WIN,True,84,9,MAIN,21,RESOURCE_MANAGEMENT,ABILITY,,ABILITY,1,0,121,320,320,2,False,3,6,True,True,1,1,0,676,110,1,676,110,1,False,False,Cosmic Beam,70,False
92554151,614.9,WIN,True,85,9,MAIN,22,ENERGY_MANAGEMENT,ATTACH_ENERGY,,ATTACH,1,0,121,320,320,2,False,3,6,True,True,1,1,0,676,110,1,676,110,1,False,False,Cosmic Beam,70,False
92554151,614.9,WIN,True,86,9,MAIN,15,RESOURCE_MANAGEMENT,PLAY_SUPPORTER,1182,PLAY,2,0,121,320,320,2,False,3,6,True,True,1,1,0,676,110,1,676,110,1,False,False,Cosmic Beam,70,False
92554151,614.9,WIN,True,87,9,SWITCH,5,ACTIVE_POKEMON_SELECTION,,,CARD,0,0,121,320,320,2,False,3,6,False,True,1,1,0,676,110,1,678,170,1,False,False,Cosmic Beam,70,False
92554151,614.9,WIN,True,88,9,MAIN,7,ATTACK_SELECTION,ATTACK,,ATTACK,2,1,121,320,320,2,False,3,6,True,True,1,1,0,678,170,1,678,0,1,False,False,Mega Brave,270,False
92554151,614.9,WIN,True,89,9,DAMAGE_COUNTER_ANY,5,TARGET_SELECTION,,,CARD,0,0,121,320,320,2,False,3,6,False,True,1,1,0,678,0,1,678,0,1,False,False,Mega Brave,270,False
92554151,614.9,WIN,True,90,9,DAMAGE_COUNTER_ANY,5,TARGET_SELECTION,,,CARD,0,0,121,320,320,2,False,3,6,False,True,1,1,0,678,0,1,678,0,1,False,False,Mega Brave,270,False
92554151,614.9,WIN,True,91,9,DAMAGE_COUNTER_ANY,5,TARGET_SELECTION,,,CARD,0,0,121,320,320,2,False,3,6,False,True,1,1,0,678,0,1,678,0,1,False,False,Mega Brave,270,False
92554151,614.9,WIN,True,92,9,DAMAGE_COUNTER_ANY,5,TARGET_SELECTION,,,CARD,0,0,121,320,320,2,False,3,6,False,True,1,1,0,678,0,1,678,0,1,False,False,Mega Brave,270,False
92554151,614.9,WIN,True,93,9,DAMAGE_COUNTER_ANY,5,TARGET_SELECTION,,,CARD,0,0,121,320,320,2,False,3,6,False,True,1,1,0,678,0,1,678,0,1,False,False,Mega Brave,270,False
92554151,614.9,WIN,True,94,9,DAMAGE_COUNTER_ANY,5,TARGET_SELECTION,,,CARD,0,0,121,320,320,2,False,3,6,False,True,1,1,0,678,0,1,,,1,False,False,Mega Brave,270,False
92554151,614.9,WIN,True,95,9,TO_HAND,6,RESOURCE_MANAGEMENT,,,CARD;CARD;CARD,0,0,121,320,320,2,False,3,6,False,True,1,1,0,,,1,,,1,,,,,False
92554151,614.9,WIN,True,96,9,TO_HAND,3,RESOURCE_MANAGEMENT,,,,0,0,121,320,320,2,False,3,3,False,True,1,1,0,,,1,678,340,1,,,,,False
92554151,614.9,WIN,True,97,11,MAIN,30,RESOURCE_MANAGEMENT,PLAY_SUPPORTER,1182,PLAY,2,0,121,190,320,2,True,3,2,True,True,1,1,0,678,340,1,678,340,1,False,True,Aura Jab,130,False
92554151,614.9,WIN,True,98,11,SWITCH,3,ACTIVE_POKEMON_SELECTION,,,CARD,0,0,121,190,320,2,True,3,2,False,True,1,1,0,678,340,1,674,150,1,False,True,Aura Jab,130,False
92554151,614.9,WIN,True,99,11,MAIN,21,ENERGY_MANAGEMENT,ATTACH_ENERGY,,ATTACH,2,0,121,190,320,2,True,3,2,True,True,1,1,0,674,150,1,674,150,1,True,False,Wild Press,210,False
92554151,614.9,WIN,True,100,11,MAIN,9,ATTACK_SELECTION,ATTACK,,ATTACK,2,1,121,190,320,2,True,3,2,True,True,1,1,0,674,150,1,674,0,1,True,False,Wild Press,210,False
92554151,614.9,WIN,True,101,11,DAMAGE_COUNTER_ANY,3,TARGET_SELECTION,,,CARD,0,0,121,190,320,2,True,3,2,False,True,1,1,0,674,0,1,674,0,1,True,False,Wild Press,210,False
92554151,614.9,WIN,True,102,11,DAMAGE_COUNTER_ANY,3,TARGET_SELECTION,,,CARD,0,0,121,190,320,2,True,3,2,False,True,1,1,0,674,0,1,674,0,1,True,False,Wild Press,210,False
92554151,614.9,WIN,True,103,11,DAMAGE_COUNTER_ANY,3,TARGET_SELECTION,,,CARD,0,0,121,190,320,2,True,3,2,False,True,1,1,0,674,0,1,674,0,1,True,False,Wild Press,210,False
92554151,614.9,WIN,True,104,11,DAMAGE_COUNTER_ANY,3,TARGET_SELECTION,,,CARD,0,0,121,190,320,2,True,3,2,False,True,1,1,0,674,0,1,674,0,1,True,False,Wild Press,210,False
92554151,614.9,WIN,True,105,11,DAMAGE_COUNTER_ANY,3,TARGET_SELECTION,,,CARD,0,0,121,190,320,2,True,3,2,False,True,1,1,0,674,0,1,674,0,1,True,False,Wild Press,210,False
92554151,614.9,WIN,True,106,11,DAMAGE_COUNTER_ANY,3,TARGET_SELECTION,,,CARD,0,0,121,190,320,2,True,3,2,False,True,1,1,0,674,0,1,,,1,True,False,Wild Press,210,False
92554151,614.9,WIN,True,107,11,TO_HAND,2,RESOURCE_MANAGEMENT,,,,0,0,121,190,320,2,True,3,2,False,True,1,1,0,,,1,678,340,1,,,,,False
92554151,614.9,WIN,True,108,13,MAIN,27,ENERGY_MANAGEMENT,ATTACH_ENERGY,,ATTACH,2,0,121,60,320,2,True,3,1,True,True,1,1,0,678,340,1,678,340,1,True,False,Aura Jab,130,False
92554151,614.9,WIN,True,109,13,MAIN,19,RESOURCE_MANAGEMENT,PLAY_SUPPORTER,1227,PLAY,2,0,121,60,320,2,True,3,1,True,True,1,1,1,678,340,1,678,340,1,True,False,Aura Jab,130,False
92554151,614.9,WIN,True,110,13,MAIN,9,RESOURCE_MANAGEMENT,ABILITY,,ABILITY,2,0,121,60,320,2,True,3,1,True,True,1,1,1,678,340,1,678,340,1,True,False,Aura Jab,130,False
92554151,614.9,WIN,True,111,13,TO_HAND,2,RESOURCE_MANAGEMENT,,,CARD,0,0,121,60,320,2,True,3,1,False,True,1,1,1,678,340,1,678,340,1,True,False,Aura Jab,130,False
92554151,614.9,WIN,True,112,13,MAIN,8,RESOURCE_MANAGEMENT,ABILITY,,ABILITY,2,0,121,60,320,2,True,3,1,True,True,1,1,1,678,340,1,678,340,1,True,False,Aura Jab,130,False
92554151,614.9,WIN,True,113,13,TO_HAND,2,RESOURCE_MANAGEMENT,,,CARD,0,0,121,60,320,2,True,3,1,False,True,1,1,1,678,340,1,678,340,1,True,False,Aura Jab,130,False
92554151,614.9,WIN,True,114,13,MAIN,7,ATTACK_SELECTION,ATTACK,,ATTACK,2,1,121,60,320,2,True,3,1,True,True,1,1,1,678,340,1,678,140,1,True,False,Aura Jab,130,False
92554151,614.9,WIN,True,115,13,DAMAGE_COUNTER_ANY,2,TARGET_SELECTION,,,CARD,0,0,121,60,320,2,True,3,1,False,True,1,1,1,678,140,1,678,140,1,True,False,Aura Jab,130,False
92554151,614.9,WIN,True,116,13,DAMAGE_COUNTER_ANY,2,TARGET_SELECTION,,,CARD,0,0,121,60,320,2,True,3,1,False,True,1,1,1,678,140,1,678,140,1,True,False,Aura Jab,130,False
92554151,614.9,WIN,True,117,13,DAMAGE_COUNTER_ANY,2,TARGET_SELECTION,,,CARD,0,0,121,60,320,2,True,3,1,False,True,1,1,1,678,140,1,678,140,1,True,False,Aura Jab,130,False
92554151,614.9,WIN,True,118,13,DAMAGE_COUNTER_ANY,2,TARGET_SELECTION,,,CARD,0,0,121,60,320,2,True,3,1,False,True,1,1,1,678,140,1,678,140,1,True,False,Aura Jab,130,False
92554151,614.9,WIN,True,119,13,DAMAGE_COUNTER_ANY,2,TARGET_SELECTION,,,CARD,0,0,121,60,320,2,True,3,1,False,True,1,1,1,678,140,1,678,140,1,True,False,Aura Jab,130,False
92554151,614.9,WIN,True,120,13,DAMAGE_COUNTER_ANY,2,TARGET_SELECTION,,,CARD,0,0,121,60,320,2,True,3,1,False,True,1,1,1,678,140,1,678,140,1,True,False,Aura Jab,130,False
92555101,617.1,LOSS,False,0,,,0,UNKNOWN,,,,0,0,,,,,False,,,False,False,,,0,,,,,,,,,,,False
92555101,617.1,LOSS,False,1,,,0,UNKNOWN,,,,0,0,,,,,False,,,False,False,,,0,,,,,,0,,,,,False
92555101,617.1,LOSS,False,2,0,SETUP_ACTIVE_POKEMON,1,EARLY_GAME_SETUP,,,,0,0,,,,,False,0,0,False,False,,,0,,,0,677,80,6,,,,,False
92555101,617.1,LOSS,False,3,2,MAIN,7,ENERGY_MANAGEMENT,ATTACH_ENERGY,,ATTACH,1,0,235,30,30,1,False,0,6,False,False,0,0,0,677,80,6,677,80,6,False,True,,,False
92555101,617.1,LOSS,False,4,2,MAIN,6,RESOURCE_MANAGEMENT,PLAY_POKEMON,119,PLAY,1,0,235,30,30,1,False,0,6,False,False,0,0,0,677,80,6,677,80,6,False,True,,,False
92555101,617.1,LOSS,False,5,2,MAIN,7,RESOURCE_MANAGEMENT,PLAY_ITEM,1086,PLAY,1,0,235,30,30,1,False,1,6,True,True,0,0,0,677,80,6,677,80,6,False,True,,,False
92555101,617.1,LOSS,False,6,2,TO_BENCH,4,BENCH_MANAGEMENT,,,CARD;CARD,0,0,235,30,30,1,False,1,6,False,True,0,0,0,677,80,6,677,80,6,False,True,,,False
92555101,617.1,LOSS,False,7,2,MAIN,8,RESOURCE_MANAGEMENT,PLAY_ITEM,1152,PLAY,1,0,235,30,30,1,False,3,6,True,True,0,0,0,677,80,6,677,80,6,False,True,,,False
92555101,617.1,LOSS,False,8,2,TO_HAND,6,RESOURCE_MANAGEMENT,,,CARD,0,0,235,30,30,1,False,3,6,False,True,0,0,0,677,80,6,677,80,6,False,True,,,False
92555101,617.1,LOSS,False,9,2,MAIN,7,ENERGY_MANAGEMENT,ATTACH_ENERGY,,ATTACH,1,0,235,30,30,1,False,3,6,True,True,0,0,0,677,80,6,677,80,6,False,True,,,False
92555101,617.1,LOSS,False,10,2,MAIN,3,TIMING,,,,1,0,235,30,30,1,False,3,6,True,True,0,0,0,677,80,6,678,330,5,False,True,,,False
92555101,617.1,LOSS,False,11,3,TO_ACTIVE,3,ACTIVE_POKEMON_SELECTION,,,CARD,0,0,,,,,False,3,6,False,True,,,0,678,330,5,678,330,5,,,,,True
92555101,617.1,LOSS,False,12,4,MAIN,10,RESOURCE_MANAGEMENT,PLAY_POKEMON,235,PLAY,0,0,119,70,70,1,False,2,6,True,True,1,1,0,678,330,5,678,330,5,True,False,Aura Jab,130,False
92555101,617.1,LOSS,False,13,4,MAIN,9,RESOURCE_MANAGEMENT,PLAY_ITEM,1086,PLAY,0,0,119,70,70,1,False,3,6,True,True,1,1,1,678,330,5,678,330,5,True,False,Aura Jab,130,False
92555101,617.1,LOSS,False,14,4,TO_BENCH,1,BENCH_MANAGEMENT,,,CARD,0,0,119,70,70,1,False,3,6,False,True,1,1,1,678,330,5,678,330,5,True,False,Aura Jab,130,False
92555101,617.1,LOSS,False,15,4,MAIN,8,RESOURCE_MANAGEMENT,PLAY_ITEM,1120,PLAY,0,0,119,70,70,1,False,4,6,True,True,1,1,1,678,330,5,678,330,5,True,False,Aura Jab,130,False
92555101,617.1,LOSS,False,16,4,MAIN,7,BENCH_MANAGEMENT,EVOLVE,,EVOLVE,0,0,119,70,70,1,False,4,6,True,True,1,1,1,678,330,5,678,330,5,True,False,Aura Jab,130,False
92555101,617.1,LOSS,False,17,4,MAIN,5,RESOURCE_MANAGEMENT,ABILITY,,ABILITY,0,0,120,90,90,1,False,4,6,True,True,1,1,1,678,330,5,678,330,5,True,False,Aura Jab,130,True
92555101,617.1,LOSS,False,18,4,TO_HAND,2,RESOURCE_MANAGEMENT,,,CARD,0,0,120,90,90,1,False,4,6,False,True,1,1,1,678,330,5,678,330,5,True,False,Aura Jab,130,False
92555101,617.1,LOSS,False,19,4,MAIN,5,RESOURCE_MANAGEMENT,PLAY_ITEM,1080,PLAY,0,0,120,90,90,1,False,4,6,True,True,1,1,1,678,330,5,678,330,5,True,False,Aura Jab,130,False
92555101,617.1,LOSS,False,20,4,MAIN,13,RESOURCE_MANAGEMENT,PLAY_SUPPORTER,1198,PLAY,0,0,120,90,90,1,False,4,6,True,True,1,1,1,678,330,5,678,330,5,True,False,Aura Jab,130,False
92555101,617.1,LOSS,False,21,4,TO_HAND,5,RESOURCE_MANAGEMENT,,,CARD,0,0,120,90,90,1,False,4,6,False,True,1,1,1,678,330,5,678,330,5,True,False,Aura Jab,130,False
92555101,617.1,LOSS,False,22,4,ATTACH_TO,3,ENERGY_MANAGEMENT,,,CARD,0,0,120,90,90,1,False,4,6,False,True,1,1,1,678,330,5,678,330,5,True,False,Aura Jab,130,False
92555101,617.1,LOSS,False,23,4,ATTACH_FROM,5,ENERGY_MANAGEMENT,,,CARD,0,0,120,90,90,1,False,4,6,False,True,1,1,1,678,330,5,678,330,5,True,False,Aura Jab,130,False
92555101,617.1,LOSS,False,24,4,MAIN,17,BENCH_MANAGEMENT,EVOLVE,,EVOLVE,0,0,120,90,90,1,False,4,6,True,True,1,1,2,678,330,5,678,330,5,True,False,Aura Jab,130,False
92555101,617.1,LOSS,False,25,4,MAIN,15,RESOURCE_MANAGEMENT,ABILITY,,ABILITY,0,0,120,90,90,1,False,4,6,True,True,1,1,1,678,330,5,678,330,5,True,False,Aura Jab,130,False
92555101,617.1,LOSS,False,26,4,TO_HAND,2,RESOURCE_MANAGEMENT,,,CARD,0,0,120,90,90,1,False,4,6,False,True,1,1,1,678,330,5,678,330,5,True,False,Aura Jab,130,False
92555101,617.1,LOSS,False,27,4,MAIN,15,RESOURCE_MANAGEMENT,PLAY_POKEMON,140,PLAY,0,0,120,90,90,1,False,4,6,True,True,1,1,1,678,330,5,678,330,5,True,False,Aura Jab,130,False
92555101,617.1,LOSS,False,28,4,MAIN,16,RESOURCE_MANAGEMENT,ABILITY,,ABILITY,0,0,120,90,90,1,False,5,6,True,True,1,1,1,678,330,5,678,330,5,True,False,Aura Jab,130,False
92555101,617.1,LOSS,False,29,4,MAIN,21,BENCH_MANAGEMENT,EVOLVE,,EVOLVE,0,0,120,90,90,1,False,5,6,True,True,1,1,1,678,330,5,678,330,5,True,False,Aura Jab,130,False
92555101,617.1,LOSS,False,30,4,MAIN,21,RESOURCE_MANAGEMENT,ABILITY,,ABILITY,0,0,120,90,90,1,False,5,6,True,True,1,1,1,678,330,5,678,330,5,True,False,Aura Jab,130,False
92555101,617.1,LOSS,False,31,4,TO_HAND,2,RESOURCE_MANAGEMENT,,,CARD,0,0,120,90,90,1,False,5,6,False,True,1,1,1,678,330,5,678,330,5,True,False,Aura Jab,130,False
92555101,617.1,LOSS,False,32,4,MAIN,20,ENERGY_MANAGEMENT,ATTACH_ENERGY,,ATTACH,0,0,120,90,90,1,False,5,6,True,True,1,1,1,678,330,5,678,330,5,True,False,Aura Jab,130,False
92555101,617.1,LOSS,False,33,4,MAIN,2,RETREAT_SELECTION,RETREAT,,RETREAT,0,0,120,90,90,1,False,5,6,True,True,1,1,2,678,330,5,678,330,5,True,False,Aura Jab,130,False
92555101,617.1,LOSS,False,34,4,DISCARD_ENERGY,1,ENERGY_MANAGEMENT,,,ENERGY,0,0,120,90,90,1,False,5,6,False,True,1,1,2,678,330,5,678,330,5,True,False,Aura Jab,130,False
92555101,617.1,LOSS,False,35,4,SWITCH,5,ACTIVE_POKEMON_SELECTION,,,CARD,0,0,120,90,90,1,False,5,6,False,True,1,0,2,678,330,5,678,330,5,True,False,Aura Jab,130,False
92555101,617.1,LOSS,False,36,4,MAIN,2,TIMING,,,,1,0,235,30,30,1,False,5,6,False,True,0,0,1,678,330,5,678,420,4,True,False,Aura Jab,130,True
92555101,617.1,LOSS,False,37,5,TO_ACTIVE,5,ACTIVE_POKEMON_SELECTION,,,CARD,0,0,,,,,False,5,6,False,True,,,1,678,420,4,678,420,4,,,,,True
92555101,617.1,LOSS,False,38,6,MAIN,20,RESOURCE_MANAGEMENT,ABILITY,,ABILITY,0,0,120,90,90,1,False,4,6,True,True,1,1,1,678,420,4,678,420,4,True,False,Aura Jab,130,False
92555101,617.1,LOSS,False,39,6,TO_HAND,2,RESOURCE_MANAGEMENT,,,CARD,0,0,120,90,90,1,False,4,6,False,True,1,1,1,678,420,4,678,420,4,True,False,Aura Jab,130,False
92555101,617.1,LOSS,False,40,6,MAIN,23,RESOURCE_MANAGEMENT,PLAY_ITEM,1079,PLAY,0,0,120,90,90,1,False,4,6,True,True,1,1,1,678,420,4,678,420,4,True,False,Aura Jab,130,False
92555101,617.1,LOSS,False,41,6,EVOLVE,1,BENCH_MANAGEMENT,,,EVOLVE,0,0,120,90,90,1,False,4,6,False,True,1,1,1,678,420,4,678,420,4,True,False,Aura Jab,130,False
92555101,617.1,LOSS,False,42,6,MAIN,19,RESOURCE_MANAGEMENT,ABILITY,,ABILITY,0,0,120,90,90,1,False,4,6,True,True,1,1,1,678,420,4,678,420,4,True,False,Aura Jab,130,False
92555101,617.1,LOSS,False,43,6,TO_HAND,2,RESOURCE_MANAGEMENT,,,CARD,0,0,120,90,90,1,False,4,6,False,True,1,1,1,678,420,4,678,420,4,True,False,Aura Jab,130,False
92555101,617.1,LOSS,False,44,6,MAIN,19,RESOURCE_MANAGEMENT,ABILITY,,ABILITY,0,0,120,90,90,1,False,4,6,True,True,1,1,1,678,420,4,678,420,4,True,False,Aura Jab,130,False
92555101,617.1,LOSS,False,45,6,TO_HAND,2,RESOURCE_MANAGEMENT,,,CARD,0,0,120,90,90,1,False,4,6,False,True,1,1,1,678,420,4,678,420,4,True,False,Aura Jab,130,False
92555101,617.1,LOSS,False,46,6,MAIN,19,RESOURCE_MANAGEMENT,PLAY_ITEM,1120,PLAY,0,0,120,90,90,1,False,4,6,True,True,1,1,1,678,420,4,678,420,4,True,False,Aura Jab,130,False
92555101,617.1,LOSS,False,47,6,MAIN,18,RESOURCE_MANAGEMENT,ABILITY,,ABILITY,0,0,120,90,90,1,False,4,6,True,True,1,1,1,678,420,4,678,420,4,True,False,Aura Jab,130,False
92555101,617.1,LOSS,False,48,6,MAIN,19,RESOURCE_MANAGEMENT,PLAY_ITEM,1121,PLAY,0,0,120,90,90,1,False,4,6,True,True,1,1,1,678,420,4,678,420,4,True,False,Aura Jab,130,False
92555101,617.1,LOSS,False,49,6,DISCARD,9,RESOURCE_MANAGEMENT,,,CARD;CARD,0,0,120,90,90,1,False,4,6,False,True,1,1,1,678,420,4,678,420,4,True,False,Aura Jab,130,False
92555101,617.1,LOSS,False,50,6,TO_HAND,3,RESOURCE_MANAGEMENT,,,CARD,0,0,120,90,90,1,False,4,6,False,True,1,1,1,678,420,4,678,420,4,True,False,Aura Jab,130,False
92555101,617.1,LOSS,False,51,6,MAIN,15,BENCH_MANAGEMENT,EVOLVE,,EVOLVE,0,0,120,90,90,1,False,4,6,True,True,1,1,1,678,420,4,678,420,4,True,False,Aura Jab,130,False
92555101,617.1,LOSS,False,52,6,MAIN,13,RESOURCE_MANAGEMENT,PLAY_SUPPORTER,1198,PLAY,1,0,121,320,320,2,False,4,6,True,True,1,1,1,678,420,4,678,420,4,False,False,Aura Jab,130,True
92555101,617.1,LOSS,False,53,6,TO_HAND,2,RESOURCE_MANAGEMENT,,,CARD,0,0,121,320,320,2,False,4,6,False,True,1,1,1,678,420,4,678,420,4,False,False,Aura Jab,130,False
92555101,617.1,LOSS,False,54,6,MAIN,15,ENERGY_MANAGEMENT,ATTACH_ENERGY,,ATTACH,1,0,121,320,320,2,False,4,6,True,True,1,1,1,678,420,4,678,420,4,False,False,Aura Jab,130,False
92555101,617.1,LOSS,False,55,6,MAIN,6,ATTACK_SELECTION,ATTACK,,ATTACK,2,1,121,320,320,2,False,4,6,True,True,1,1,1,678,420,4,678,220,4,False,False,Aura Jab,130,False
92555101,617.1,LOSS,False,56,6,DAMAGE_COUNTER_ANY,4,TARGET_SELECTION,,,CARD,0,0,121,320,320,2,False,4,6,False,True,1,1,1,678,220,4,678,220,4,False,False,Aura Jab,130,False
92555101,617.1,LOSS,False,57,6,DAMAGE_COUNTER_ANY,4,TARGET_SELECTION,,,CARD,0,0,121,320,320,2,False,4,6,False,True,1,1,1,678,220,4,678,220,4,False,False,Aura Jab,130,False
92555101,617.1,LOSS,False,58,6,DAMAGE_COUNTER_ANY,4,TARGET_SELECTION,,,CARD,0,0,121,320,320,2,False,4,6,False,True,1,1,1,678,220,4,678,220,4,False,False,Aura Jab,130,False
92555101,617.1,LOSS,False,59,6,DAMAGE_COUNTER_ANY,4,TARGET_SELECTION,,,CARD,0,0,121,320,320,2,False,4,6,False,True,1,1,1,678,220,4,678,220,4,False,False,Aura Jab,130,False
92555101,617.1,LOSS,False,60,6,DAMAGE_COUNTER_ANY,4,TARGET_SELECTION,,,CARD,0,0,121,320,320,2,False,4,6,False,True,1,1,1,678,220,4,678,220,4,False,False,Aura Jab,130,False
92555101,617.1,LOSS,False,61,6,DAMAGE_COUNTER_ANY,4,TARGET_SELECTION,,,,0,0,121,320,320,2,False,4,6,False,True,1,1,1,678,220,4,678,220,2,False,False,Aura Jab,130,False
92555101,617.1,LOSS,False,62,7,TO_ACTIVE,4,ACTIVE_POKEMON_SELECTION,,,CARD,0,0,,,,,False,4,6,False,True,,,2,678,220,2,678,220,2,,,,,True
92555101,617.1,LOSS,False,63,8,MAIN,15,RESOURCE_MANAGEMENT,PLAY_ITEM,1097,PLAY,2,0,121,320,320,2,False,3,6,True,True,1,1,1,678,220,2,678,220,2,False,False,Mega Brave,270,False
92555101,617.1,LOSS,False,64,8,TO_HAND,5,RESOURCE_MANAGEMENT,,,CARD,0,0,121,320,320,2,False,3,6,False,True,1,1,1,678,220,2,678,220,2,False,False,Mega Brave,270,False
92555101,617.1,LOSS,False,65,8,MAIN,15,RESOURCE_MANAGEMENT,PLAY_POKEMON,140,PLAY,2,0,121,320,320,2,False,3,6,True,True,1,1,1,678,220,2,678,220,2,False,False,Mega Brave,270,False
92555101,617.1,LOSS,False,66,8,MAIN,16,RESOURCE_MANAGEMENT,ABILITY,,ABILITY,2,0,121,320,320,2,False,4,6,True,True,1,1,1,678,220,2,678,220,2,False,False,Mega Brave,270,False
92555101,617.1,LOSS,False,67,8,TO_HAND,2,RESOURCE_MANAGEMENT,,,CARD,0,0,121,320,320,2,False,4,6,False,True,1,1,1,678,220,2,678,220,2,False,False,Mega Brave,270,False
92555101,617.1,LOSS,False,68,8,MAIN,16,RESOURCE_MANAGEMENT,ABILITY,,ABILITY,2,0,121,320,320,2,False,4,6,True,True,1,1,1,678,220,2,678,220,2,False,False,Mega Brave,270,False
92555101,617.1,LOSS,False,69,8,TO_HAND,2,RESOURCE_MANAGEMENT,,,CARD,0,0,121,320,320,2,False,4,6,False,True,1,1,1,678,220,2,678,220,2,False,False,Mega Brave,270,False
92555101,617.1,LOSS,False,70,8,MAIN,16,RESOURCE_MANAGEMENT,PLAY_ITEM,1121,PLAY,2,0,121,320,320,2,False,4,6,True,True,1,1,1,678,220,2,678,220,2,False,False,Mega Brave,270,False
92555101,617.1,LOSS,False,71,8,DISCARD,7,RESOURCE_MANAGEMENT,,,CARD;CARD,0,0,121,320,320,2,False,4,6,False,True,1,1,1,678,220,2,678,220,2,False,False,Mega Brave,270,False
92555101,617.1,LOSS,False,72,8,TO_HAND,2,RESOURCE_MANAGEMENT,,,CARD,0,0,121,320,320,2,False,4,6,False,True,1,1,1,678,220,2,678,220,2,False,False,Mega Brave,270,False
92555101,617.1,LOSS,False,73,8,MAIN,10,RESOURCE_MANAGEMENT,ABILITY,,ABILITY,2,0,121,320,320,2,False,4,6,True,True,1,1,1,678,220,2,678,220,2,False,False,Mega Brave,270,False
92555101,617.1,LOSS,False,74,8,MAIN,11,RESOURCE_MANAGEMENT,PLAY_ITEM,1120,PLAY,2,0,121,320,320,2,False,4,6,True,True,1,1,1,678,220,2,678,220,2,False,False,Mega Brave,270,False
92555101,617.1,LOSS,False,75,8,DISCARD_ENERGY,5,ENERGY_MANAGEMENT,,,ENERGY,0,0,121,320,320,2,False,4,6,False,True,1,1,1,678,220,2,678,220,2,False,False,Mega Brave,270,False
92555101,617.1,LOSS,False,76,8,MAIN,10,RESOURCE_MANAGEMENT,PLAY_SUPPORTER,1182,PLAY,2,0,121,320,320,2,False,4,6,True,True,1,1,1,678,220,2,678,220,2,False,False,Mega Brave,270,False
92555101,617.1,LOSS,False,77,8,SWITCH,4,ACTIVE_POKEMON_SELECTION,,,CARD,0,0,121,320,320,2,False,4,6,False,True,1,1,1,678,220,2,678,340,2,False,False,Mega Brave,270,False
92555101,617.1,LOSS,False,78,8,MAIN,7,ATTACK_SELECTION,ATTACK,,ATTACK,2,1,121,320,320,2,False,4,6,True,True,1,1,1,678,340,2,678,140,2,False,False,,,False
92555101,617.1,LOSS,False,79,8,DAMAGE_COUNTER_ANY,4,TARGET_SELECTION,,,CARD,0,0,121,320,320,2,False,4,6,False,True,1,1,1,678,140,2,678,140,2,False,False,,,False
92555101,617.1,LOSS,False,80,8,DAMAGE_COUNTER_ANY,4,TARGET_SELECTION,,,CARD,0,0,121,320,320,2,False,4,6,False,True,1,1,1,678,140,2,678,140,2,False,False,,,False
92555101,617.1,LOSS,False,81,8,DAMAGE_COUNTER_ANY,4,TARGET_SELECTION,,,CARD,0,0,121,320,320,2,False,4,6,False,True,1,1,1,678,140,2,678,140,2,False,False,,,False
92555101,617.1,LOSS,False,82,8,DAMAGE_COUNTER_ANY,4,TARGET_SELECTION,,,CARD,0,0,121,320,320,2,False,4,6,False,True,1,1,1,678,140,2,678,140,2,False,False,,,False
92555101,617.1,LOSS,False,83,8,DAMAGE_COUNTER_ANY,4,TARGET_SELECTION,,,CARD,0,0,121,320,320,2,False,4,6,False,True,1,1,1,678,140,2,678,140,2,False,False,,,False
92555101,617.1,LOSS,False,84,8,DAMAGE_COUNTER_ANY,4,TARGET_SELECTION,,,,0,0,121,320,320,2,False,4,6,False,True,1,1,1,678,140,2,678,140,2,False,False,,,False
92555101,617.1,LOSS,False,85,10,MAIN,9,RESOURCE_MANAGEMENT,PLAY_POKEMON,184,PLAY,0,0,140,210,210,2,False,4,6,False,True,1,0,2,678,140,2,678,140,2,False,False,,,True
92555101,617.1,LOSS,False,86,10,MAIN,8,RESOURCE_MANAGEMENT,ABILITY,,ABILITY,0,0,140,210,210,2,False,5,6,True,True,1,0,2,678,140,2,678,140,2,False,False,,,False
92555101,617.1,LOSS,False,87,10,TO_HAND,2,RESOURCE_MANAGEMENT,,,CARD,0,0,140,210,210,2,False,5,6,False,True,1,0,2,678,140,2,678,140,2,False,False,,,False
92555101,617.1,LOSS,False,88,10,MAIN,8,RESOURCE_MANAGEMENT,ABILITY,,ABILITY,0,0,140,210,210,2,False,5,6,True,True,1,0,2,678,140,2,678,140,2,False,False,,,False
92555101,617.1,LOSS,False,89,10,TO_HAND,2,RESOURCE_MANAGEMENT,,,CARD,0,0,140,210,210,2,False,5,6,False,True,1,0,2,678,140,2,678,140,2,False,False,,,False
92555101,617.1,LOSS,False,90,10,MAIN,8,RESOURCE_MANAGEMENT,PLAY_ITEM,1121,PLAY,0,0,140,210,210,2,False,5,6,True,True,1,0,2,678,140,2,678,140,2,False,False,,,False
92555101,617.1,LOSS,False,91,10,DISCARD,8,RESOURCE_MANAGEMENT,,,CARD;CARD,0,0,140,210,210,2,False,5,6,False,True,1,0,2,678,140,2,678,140,2,False,False,,,False
92555101,617.1,LOSS,False,92,10,TO_HAND,1,RESOURCE_MANAGEMENT,,,CARD,0,0,140,210,210,2,False,5,6,False,True,1,0,2,678,140,2,678,140,2,False,False,,,False
92555101,617.1,LOSS,False,93,10,MAIN,8,RESOURCE_MANAGEMENT,PLAY_SUPPORTER,1227,PLAY,0,0,140,210,210,2,False,5,6,True,True,1,0,2,678,140,2,678,140,2,False,False,,,False
92555101,617.1,LOSS,False,94,10,MAIN,10,ENERGY_MANAGEMENT,ATTACH_ENERGY,,ATTACH,0,0,140,210,210,2,False,5,6,True,True,1,0,2,678,140,2,678,140,2,False,False,,,False
92555101,617.1,LOSS,False,95,10,MAIN,4,RETREAT_SELECTION,RETREAT,,RETREAT,0,0,140,210,210,2,False,5,6,True,True,1,0,2,678,140,2,678,140,2,False,False,,,False
92555101,617.1,LOSS,False,96,10,SWITCH,5,ACTIVE_POKEMON_SELECTION,,,CARD,0,0,140,210,210,2,False,5,6,False,True,1,0,2,678,140,2,678,140,2,False,False,,,False
92555101,617.1,LOSS,False,97,10,MAIN,5,ATTACK_SELECTION,ATTACK,,ATTACK,2,1,121,320,320,2,False,5,6,False,True,1,1,1,678,140,2,678,0,2,False,False,,,True
92555101,617.1,LOSS,False,98,10,DAMAGE_COUNTER_ANY,5,TARGET_SELECTION,,,CARD,0,0,121,320,320,2,False,5,6,False,True,1,1,1,678,0,2,678,0,2,False,False,,,False
92555101,617.1,LOSS,False,99,10,DAMAGE_COUNTER_ANY,5,TARGET_SELECTION,,,CARD,0,0,121,320,320,2,False,5,6,False,True,1,1,1,678,0,2,678,0,2,False,False,,,False
92555101,617.1,LOSS,False,100,10,DAMAGE_COUNTER_ANY,5,TARGET_SELECTION,,,CARD,0,0,121,320,320,2,False,5,6,False,True,1,1,1,678,0,2,678,0,2,False,False,,,False
92555101,617.1,LOSS,False,101,10,DAMAGE_COUNTER_ANY,5,TARGET_SELECTION,,,CARD,0,0,121,320,320,2,False,5,6,False,True,1,1,1,678,0,2,678,0,2,False,False,,,False
92555101,617.1,LOSS,False,102,10,DAMAGE_COUNTER_ANY,5,TARGET_SELECTION,,,CARD,0,0,121,320,320,2,False,5,6,False,True,1,1,1,678,0,2,678,0,2,False,False,,,False
92555101,617.1,LOSS,False,103,10,DAMAGE_COUNTER_ANY,5,TARGET_SELECTION,,,CARD,0,0,121,320,320,2,False,5,6,False,True,1,1,1,678,0,2,,,2,False,False,,,False
92555101,617.1,LOSS,False,104,10,TO_HAND,6,RESOURCE_MANAGEMENT,,,CARD;CARD;CARD,0,0,121,320,320,2,False,5,6,False,True,1,1,1,,,2,,,2,,,,,False
92556089,598.0,WIN,False,0,,,0,UNKNOWN,,,,0,0,,,,,False,,,False,False,,,0,,,,,,,,,,,False
92556089,598.0,WIN,False,1,,,0,UNKNOWN,,,,0,0,,,,,False,,,False,False,,,0,,,,,,0,,,,,False
92556089,598.0,WIN,False,2,0,SETUP_ACTIVE_POKEMON,1,EARLY_GAME_SETUP,,,,0,0,,,,,False,0,0,False,False,,,0,,,0,344,70,6,,,,,False
92556089,598.0,WIN,False,3,2,MAIN,6,RESOURCE_MANAGEMENT,PLAY_SUPPORTER,1227,PLAY,1,0,235,30,30,1,False,0,6,False,False,0,0,0,344,70,6,344,70,6,False,False,,,False
92556089,598.0,WIN,False,4,2,MAIN,8,RESOURCE_MANAGEMENT,PLAY_STADIUM,1256,PLAY,1,0,235,30,30,1,False,0,6,False,False,0,0,0,344,70,6,344,70,6,False,False,,,False
92556089,598.0,WIN,False,5,2,MAIN,7,RESOURCE_MANAGEMENT,PLAY_ITEM,1086,PLAY,1,0,235,30,30,1,False,0,6,False,False,0,0,0,344,70,6,344,70,6,False,False,,,False
92556089,598.0,WIN,False,6,2,TO_BENCH,4,BENCH_MANAGEMENT,,,CARD;CARD,0,0,235,30,30,1,False,0,6,False,False,0,0,0,344,70,6,344,70,6,False,False,,,False
92556089,598.0,WIN,False,7,2,MAIN,11,RESOURCE_MANAGEMENT,PLAY_ITEM,1152,PLAY,1,0,235,30,30,1,False,2,6,True,True,0,0,0,344,70,6,344,70,6,False,False,,,False
92556089,598.0,WIN,False,8,2,TO_HAND,6,RESOURCE_MANAGEMENT,,,CARD,0,0,235,30,30,1,False,2,6,False,True,0,0,0,344,70,6,344,70,6,False,False,,,False
92556089,598.0,WIN,False,9,2,MAIN,11,RESOURCE_MANAGEMENT,PLAY_POKEMON,119,PLAY,1,0,235,30,30,1,False,2,6,True,True,0,0,0,344,70,6,344,70,6,False,False,,,False
92556089,598.0,WIN,False,10,2,MAIN,12,RESOURCE_MANAGEMENT,PLAY_ITEM,1120,PLAY,1,0,235,30,30,1,False,3,6,True,True,0,0,0,344,70,6,344,70,6,False,False,,,False
92556089,598.0,WIN,False,11,2,MAIN,11,ENERGY_MANAGEMENT,ATTACH_ENERGY,,ATTACH,1,0,235,30,30,1,False,3,6,True,True,0,0,0,344,70,6,344,70,6,False,False,,,False
92556089,598.0,WIN,False,12,2,MAIN,3,TIMING,,,,1,0,235,30,30,1,False,3,6,True,True,0,0,0,344,70,6,345,240,6,False,False,,,False
92556089,598.0,WIN,False,13,4,MAIN,10,ENERGY_MANAGEMENT,ATTACH_ENERGY,,ATTACH,1,0,235,30,30,1,False,3,6,True,True,0,0,0,345,240,6,345,240,6,False,False,,,False
92556089,598.0,WIN,False,14,4,MAIN,6,RESOURCE_MANAGEMENT,PLAY_SUPPORTER,1227,PLAY,1,0,235,30,30,1,False,3,6,True,True,0,0,0,345,240,6,345,240,6,False,False,,,False
92556089,598.0,WIN,False,15,4,MAIN,10,RESOURCE_MANAGEMENT,PLAY_ITEM,1152,PLAY,1,0,235,30,30,1,False,3,6,True,True,0,0,0,345,240,6,345,240,6,False,False,,,False
92556089,598.0,WIN,False,16,4,TO_HAND,4,RESOURCE_MANAGEMENT,,,CARD,0,0,235,30,30,1,False,3,6,False,True,0,0,0,345,240,6,345,240,6,False,False,,,False
92556089,598.0,WIN,False,17,4,MAIN,12,RESOURCE_MANAGEMENT,PLAY_ITEM,1120,PLAY,1,0,235,30,30,1,False,3,6,True,True,0,0,0,345,240,6,345,240,6,False,False,,,False
92556089,598.0,WIN,False,18,4,MAIN,11,BENCH_MANAGEMENT,EVOLVE,,EVOLVE,1,0,235,30,30,1,False,3,6,True,True,0,0,0,345,240,6,345,240,6,False,False,,,False
92556089,598.0,WIN,False,19,4,MAIN,8,RESOURCE_MANAGEMENT,ABILITY,,ABILITY,1,0,235,30,30,1,False,3,6,True,True,0,0,0,345,240,6,345,240,6,False,False,,,False
92556089,598.0,WIN,False,20,4,TO_HAND,2,RESOURCE_MANAGEMENT,,,CARD,0,0,235,30,30,1,False,3,6,False,True,0,0,0,345,240,6,345,240,6,False,False,,,False
92556089,598.0,WIN,False,21,4,MAIN,8,RESOURCE_MANAGEMENT,PLAY_ITEM,1120,PLAY,1,0,235,30,30,1,False,3,6,True,True,0,0,0,345,240,6,345,240,6,False,False,,,False
92556089,598.0,WIN,False,22,4,DISCARD_ENERGY,2,ENERGY_MANAGEMENT,,,ENERGY,0,0,235,30,30,1,False,3,6,False,True,0,0,0,345,240,6,345,240,6,False,False,,,False
92556089,598.0,WIN,False,23,4,MAIN,7,BENCH_MANAGEMENT,EVOLVE,,EVOLVE,1,0,235,30,30,1,False,3,6,True,True,0,0,0,345,240,6,345,240,6,False,False,,,False
92556089,598.0,WIN,False,24,4,MAIN,6,RESOURCE_MANAGEMENT,ABILITY,,ABILITY,1,0,235,30,30,1,False,3,6,True,True,0,0,0,345,240,6,345,240,6,False,False,,,False
92556089,598.0,WIN,False,25,4,TO_HAND,2,RESOURCE_MANAGEMENT,,,CARD,0,0,235,30,30,1,False,3,6,False,True,0,0,0,345,240,6,345,240,6,False,False,,,False
92556089,598.0,WIN,False,26,4,MAIN,5,TIMING,,,,1,0,235,30,30,1,False,3,6,True,True,0,0,0,345,240,6,345,230,6,False,False,,,False
92556089,598.0,WIN,False,27,6,MAIN,14,RESOURCE_MANAGEMENT,ABILITY,,ABILITY,1,0,235,30,30,1,False,3,6,True,True,0,0,0,345,230,6,345,230,6,False,False,,,False
92556089,598.0,WIN,False,28,6,TO_HAND,2,RESOURCE_MANAGEMENT,,,CARD,0,0,235,30,30,1,False,3,6,False,True,0,0,0,345,230,6,345,230,6,False,False,,,False
92556089,598.0,WIN,False,29,6,MAIN,14,RESOURCE_MANAGEMENT,ABILITY,,ABILITY,1,0,235,30,30,1,False,3,6,True,True,0,0,0,345,230,6,345,230,6,False,False,,,False
92556089,598.0,WIN,False,30,6,TO_HAND,2,RESOURCE_MANAGEMENT,,,CARD,0,0,235,30,30,1,False,3,6,False,True,0,0,0,345,230,6,345,230,6,False,False,,,False
92556089,598.0,WIN,False,31,6,MAIN,14,BENCH_MANAGEMENT,EVOLVE,,EVOLVE,1,0,235,30,30,1,False,3,6,True,True,0,0,0,345,230,6,345,230,6,False,False,,,False
92556089,598.0,WIN,False,32,6,MAIN,14,RESOURCE_MANAGEMENT,ABILITY,,ABILITY,1,0,235,30,30,1,False,3,6,True,True,0,0,0,345,230,6,345,230,6,False,False,,,False
92556089,598.0,WIN,False,33,6,TO_HAND,2,RESOURCE_MANAGEMENT,,,CARD,0,0,235,30,30,1,False,3,6,False,True,0,0,0,345,230,6,345,230,6,False,False,,,False
92556089,598.0,WIN,False,34,6,MAIN,13,ENERGY_MANAGEMENT,ATTACH_ENERGY,,ATTACH,1,0,235,30,30,1,False,3,6,True,True,0,0,0,345,230,6,345,230,6,False,False,,,False
92556089,598.0,WIN,False,35,6,MAIN,9,RESOURCE_MANAGEMENT,PLAY_SUPPORTER,1227,PLAY,1,0,235,30,30,1,False,3,6,True,True,0,0,0,345,230,6,345,230,6,False,False,,,False
92556089,598.0,WIN,False,36,6,MAIN,6,RESOURCE_MANAGEMENT,PLAY_STADIUM,1256,PLAY,1,0,235,30,30,1,False,3,6,True,True,0,0,0,345,230,6,345,230,6,False,False,,,False
92556089,598.0,WIN,False,37,6,MAIN,5,RESOURCE_MANAGEMENT,PLAY_POKEMON,184,PLAY,1,0,235,30,30,1,False,3,6,True,True,0,0,0,345,230,6,345,230,6,False,False,,,False
92556089,598.0,WIN,False,38,6,MAIN,4,TIMING,,,,1,0,235,30,30,1,False,4,6,True,True,0,0,0,345,230,6,345,220,6,False,False,,,False
92556089,598.0,WIN,False,39,8,MAIN,21,RESOURCE_MANAGEMENT,PLAY_ITEM,1121,PLAY,1,0,235,30,30,1,False,4,6,True,True,0,0,0,345,220,6,345,220,6,False,False,,,False
92556089,598.0,WIN,False,40,8,DISCARD,6,RESOURCE_MANAGEMENT,,,CARD;CARD,0,0,235,30,30,1,False,4,6,False,True,0,0,0,345,220,6,345,220,6,False,False,,,False
92556089,598.0,WIN,False,41,8,TO_HAND,6,RESOURCE_MANAGEMENT,,,CARD,0,0,235,30,30,1,False,4,6,False,True,0,0,0,345,220,6,345,220,6,False,False,,,False
92556089,598.0,WIN,False,42,8,MAIN,17,BENCH_MANAGEMENT,EVOLVE,,EVOLVE,1,0,235,30,30,1,False,4,6,True,True,0,0,0,345,220,6,345,220,6,False,False,,,False
92556089,598.0,WIN,False,43,8,MAIN,13,RESOURCE_MANAGEMENT,ABILITY,,ABILITY,1,0,235,30,30,1,False,4,6,True,True,0,0,1,345,220,6,345,220,6,False,False,,,False
92556089,598.0,WIN,False,44,8,TO_HAND,2,RESOURCE_MANAGEMENT,,,CARD,0,0,235,30,30,1,False,4,6,False,True,0,0,1,345,220,6,345,220,6,False,False,,,False
92556089,598.0,WIN,False,45,8,MAIN,17,RESOURCE_MANAGEMENT,ABILITY,,ABILITY,1,0,235,30,30,1,False,4,6,True,True,0,0,1,345,220,6,345,220,6,False,False,,,False
92556089,598.0,WIN,False,46,8,TO_HAND,2,RESOURCE_MANAGEMENT,,,CARD,0,0,235,30,30,1,False,4,6,False,True,0,0,1,345,220,6,345,220,6,False,False,,,False
92556089,598.0,WIN,False,47,8,MAIN,16,RESOURCE_MANAGEMENT,PLAY_SUPPORTER,1198,PLAY,1,0,235,30,30,1,False,4,6,True,True,0,0,1,345,220,6,345,220,6,False,False,,,False
92556089,598.0,WIN,False,48,8,MAIN,13,ENERGY_MANAGEMENT,ATTACH_ENERGY,,ATTACH,1,0,235,30,30,1,False,4,6,True,True,0,0,1,345,220,6,345,220,6,False,False,,,False
92556089,598.0,WIN,False,49,8,MAIN,3,RETREAT_SELECTION,RETREAT,,RETREAT,1,0,235,30,30,1,False,4,6,True,True,0,0,1,345,220,6,345,220,6,False,False,,,False
92556089,598.0,WIN,False,50,8,SWITCH,4,ACTIVE_POKEMON_SELECTION,,,CARD,0,0,235,30,30,1,False,4,6,False,True,0,0,1,345,220,6,345,220,6,False,False,,,False
92556089,598.0,WIN,False,51,8,MAIN,3,ATTACK_SELECTION,ATTACK,,ATTACK,2,1,121,320,320,2,False,4,6,False,True,1,1,1,345,220,6,345,220,6,False,False,,,True
92556089,598.0,WIN,False,52,8,DAMAGE_COUNTER_ANY,3,TARGET_SELECTION,,,CARD,0,0,121,320,320,2,False,4,6,False,True,1,1,1,345,220,6,345,220,6,False,False,,,False
92556089,598.0,WIN,False,53,8,DAMAGE_COUNTER_ANY,3,TARGET_SELECTION,,,CARD,0,0,121,320,320,2,False,4,6,False,True,1,1,1,345,220,6,345,220,6,False,False,,,False
92556089,598.0,WIN,False,54,8,DAMAGE_COUNTER_ANY,3,TARGET_SELECTION,,,CARD,0,0,121,320,320,2,False,4,6,False,True,1,1,1,345,220,6,345,220,6,False,False,,,False
92556089,598.0,WIN,False,55,8,DAMAGE_COUNTER_ANY,3,TARGET_SELECTION,,,CARD,0,0,121,320,320,2,False,4,6,False,True,1,1,1,345,220,6,345,220,6,False,False,,,False
92556089,598.0,WIN,False,56,8,DAMAGE_COUNTER_ANY,3,TARGET_SELECTION,,,CARD,0,0,121,320,320,2,False,4,6,False,True,1,1,1,345,220,6,345,220,6,False,False,,,False
92556089,598.0,WIN,False,57,8,DAMAGE_COUNTER_ANY,3,TARGET_SELECTION,,,,0,0,121,320,320,2,False,4,6,False,True,1,1,1,345,220,6,345,220,6,False,False,,,False
92556089,598.0,WIN,False,58,10,MAIN,14,RESOURCE_MANAGEMENT,ABILITY,,ABILITY,2,0,121,320,320,2,False,4,6,True,True,1,1,1,345,220,6,345,220,6,False,False,,,False
92556089,598.0,WIN,False,59,10,TO_HAND,2,RESOURCE_MANAGEMENT,,,CARD,0,0,121,320,320,2,False,4,6,False,True,1,1,1,345,220,6,345,220,6,False,False,,,False
92556089,598.0,WIN,False,60,10,MAIN,14,RESOURCE_MANAGEMENT,PLAY_ITEM,1121,PLAY,2,0,121,320,320,2,False,4,6,True,True,1,1,1,345,220,6,345,220,6,False,False,,,False
92556089,598.0,WIN,False,61,10,DISCARD,5,RESOURCE_MANAGEMENT,,,CARD;CARD,0,0,121,320,320,2,False,4,6,False,True,1,1,1,345,220,6,345,220,6,False,False,,,False
92556089,598.0,WIN,False,62,10,TO_HAND,5,RESOURCE_MANAGEMENT,,,CARD,0,0,121,320,320,2,False,4,6,False,True,1,1,1,345,220,6,345,220,6,False,False,,,False
92556089,598.0,WIN,False,63,10,MAIN,9,BENCH_MANAGEMENT,EVOLVE,,EVOLVE,2,0,121,320,320,2,False,4,6,True,True,1,1,1,345,220,6,345,220,6,False,False,,,False
92556089,598.0,WIN,False,64,10,MAIN,7,RESOURCE_MANAGEMENT,ABILITY,,ABILITY,2,0,121,320,320,2,False,4,6,True,True,1,1,2,345,220,6,345,220,6,False,False,,,False
92556089,598.0,WIN,False,65,10,TO_HAND,2,RESOURCE_MANAGEMENT,,,CARD,0,0,121,320,320,2,False,4,6,False,True,1,1,2,345,220,6,345,220,6,False,False,,,False
92556089,598.0,WIN,False,66,10,MAIN,7,RESOURCE_MANAGEMENT,PLAY_SUPPORTER,1182,PLAY,2,0,121,320,320,2,False,4,6,True,True,1,1,2,345,220,6,345,220,6,False,False,,,False
92556089,598.0,WIN,False,67,10,SWITCH,3,ACTIVE_POKEMON_SELECTION,,,CARD,0,0,121,320,320,2,False,4,6,False,True,1,1,2,345,220,6,756,300,6,False,False,,,False
92556089,598.0,WIN,False,68,10,MAIN,4,ATTACK_SELECTION,ATTACK,,ATTACK,2,1,121,320,320,2,False,4,6,True,True,1,1,2,756,300,6,756,100,6,False,False,,,False
92556089,598.0,WIN,False,69,10,DAMAGE_COUNTER_ANY,3,TARGET_SELECTION,,,CARD,0,0,121,320,320,2,False,4,6,False,True,1,1,2,756,100,6,756,100,6,False,False,,,False
92556089,598.0,WIN,False,70,10,DAMAGE_COUNTER_ANY,3,TARGET_SELECTION,,,CARD,0,0,121,320,320,2,False,4,6,False,True,1,1,2,756,100,6,756,100,6,False,False,,,False
92556089,598.0,WIN,False,71,10,DAMAGE_COUNTER_ANY,3,TARGET_SELECTION,,,CARD,0,0,121,320,320,2,False,4,6,False,True,1,1,2,756,100,6,756,100,6,False,False,,,False
92556089,598.0,WIN,False,72,10,DAMAGE_COUNTER_ANY,3,TARGET_SELECTION,,,CARD,0,0,121,320,320,2,False,4,6,False,True,1,1,2,756,100,6,756,100,6,False,False,,,False
92556089,598.0,WIN,False,73,10,DAMAGE_COUNTER_ANY,3,TARGET_SELECTION,,,CARD,0,0,121,320,320,2,False,4,6,False,True,1,1,2,756,100,6,756,100,6,False,False,,,False
92556089,598.0,WIN,False,74,10,DAMAGE_COUNTER_ANY,3,TARGET_SELECTION,,,,0,0,121,320,320,2,False,4,6,False,True,1,1,2,756,100,6,756,100,6,False,False,,,False
92556089,598.0,WIN,False,75,12,MAIN,8,RESOURCE_MANAGEMENT,ABILITY,,ABILITY,2,0,121,300,320,2,True,4,6,True,True,1,1,2,756,100,6,756,100,6,False,False,,,False
92556089,598.0,WIN,False,76,12,TO_HAND,2,RESOURCE_MANAGEMENT,,,CARD,0,0,121,300,320,2,True,4,6,False,True,1,1,2,756,100,6,756,100,6,False,False,,,False
92556089,598.0,WIN,False,77,12,MAIN,8,RESOURCE_MANAGEMENT,PLAY_SUPPORTER,1210,PLAY,2,0,121,300,320,2,True,4,6,True,True,1,1,2,756,100,6,756,100,6,False,False,,,False
92556089,598.0,WIN,False,78,12,TO_HAND,4,RESOURCE_MANAGEMENT,,,CARD,0,0,121,300,320,2,True,4,6,False,True,1,1,2,756,100,6,756,100,6,False,False,,,False
92556089,598.0,WIN,False,79,12,MAIN,5,ATTACK_SELECTION,ATTACK,,ATTACK,2,1,121,300,320,2,True,4,6,True,True,1,1,2,756,100,6,756,0,6,False,False,,,False
92556089,598.0,WIN,False,80,12,DAMAGE_COUNTER_ANY,3,TARGET_SELECTION,,,CARD,0,0,121,300,320,2,True,4,6,False,True,1,1,2,756,0,6,756,0,6,False,False,,,False
92556089,598.0,WIN,False,81,12,DAMAGE_COUNTER_ANY,3,TARGET_SELECTION,,,CARD,0,0,121,300,320,2,True,4,6,False,True,1,1,2,756,0,6,756,0,6,False,False,,,False
92556089,598.0,WIN,False,82,12,DAMAGE_COUNTER_ANY,3,TARGET_SELECTION,,,CARD,0,0,121,300,320,2,True,4,6,False,True,1,1,2,756,0,6,756,0,6,False,False,,,False
92556089,598.0,WIN,False,83,12,DAMAGE_COUNTER_ANY,3,TARGET_SELECTION,,,CARD,0,0,121,300,320,2,True,4,6,False,True,1,1,2,756,0,6,756,0,6,False,False,,,False
92556089,598.0,WIN,False,84,12,DAMAGE_COUNTER_ANY,3,TARGET_SELECTION,,,CARD,0,0,121,300,320,2,True,4,6,False,True,1,1,2,756,0,6,756,0,6,False,False,,,False
92556089,598.0,WIN,False,85,12,DAMAGE_COUNTER_ANY,3,TARGET_SELECTION,,,CARD,0,0,121,300,320,2,True,4,6,False,True,1,1,2,756,0,6,,,6,False,False,,,False
92556089,598.0,WIN,False,86,12,TO_HAND,6,RESOURCE_MANAGEMENT,,,CARD;CARD;CARD,0,0,121,280,320,2,True,4,6,False,True,1,1,2,,,6,,,6,,,,,False
92556089,598.0,WIN,False,87,12,TO_HAND,3,RESOURCE_MANAGEMENT,,,,0,0,121,280,320,2,True,4,3,False,True,1,1,2,,,6,345,200,6,,,,,False
92556089,598.0,WIN,False,88,13,DISCARD,9,RESOURCE_MANAGEMENT,,,,0,0,121,280,320,2,True,4,2,False,True,1,1,2,345,200,6,345,200,6,False,False,,,False
92556089,598.0,WIN,False,89,14,MAIN,13,RESOURCE_MANAGEMENT,PLAY_POKEMON,119,PLAY,2,0,121,280,320,2,True,4,2,True,True,1,1,2,345,200,6,345,200,6,False,False,,,False
92556089,598.0,WIN,False,90,14,MAIN,12,RESOURCE_MANAGEMENT,ABILITY,,ABILITY,2,0,121,280,320,2,True,5,2,True,True,1,1,2,345,200,6,345,200,6,False,False,,,False
92556089,598.0,WIN,False,91,14,TO_HAND,2,RESOURCE_MANAGEMENT,,,CARD,0,0,121,280,320,2,True,5,2,False,True,1,1,2,345,200,6,345,200,6,False,False,,,False
92556089,598.0,WIN,False,92,14,MAIN,12,RESOURCE_MANAGEMENT,PLAY_SUPPORTER,1198,PLAY,2,0,121,280,320,2,True,5,2,True,True,1,1,2,345,200,6,345,200,6,False,False,,,False
92556089,598.0,WIN,False,93,14,MAIN,11,ENERGY_MANAGEMENT,ATTACH_ENERGY,,ATTACH,2,0,121,280,320,2,True,5,2,True,True,1,1,2,345,200,6,345,200,6,False,False,,,False
92556089,598.0,WIN,False,94,14,MAIN,5,ATTACK_SELECTION,ATTACK,,ATTACK,2,1,121,280,320,2,True,5,2,True,True,1,1,2,345,200,6,345,200,6,False,False,,,False
92556089,598.0,WIN,False,95,14,DAMAGE_COUNTER_ANY,2,TARGET_SELECTION,,,CARD,0,0,121,280,320,2,True,5,2,False,True,1,1,2,345,200,6,345,200,6,False,False,,,False
92556089,598.0,WIN,False,96,14,DAMAGE_COUNTER_ANY,2,TARGET_SELECTION,,,CARD,0,0,121,280,320,2,True,5,2,False,True,1,1,2,345,200,6,345,200,6,False,False,,,False
92556089,598.0,WIN,False,97,14,DAMAGE_COUNTER_ANY,2,TARGET_SELECTION,,,CARD,0,0,121,280,320,2,True,5,2,False,True,1,1,2,345,200,6,345,200,6,False,False,,,False
92556089,598.0,WIN,False,98,14,DAMAGE_COUNTER_ANY,2,TARGET_SELECTION,,,CARD,0,0,121,280,320,2,True,5,2,False,True,1,1,2,345,200,6,345,200,6,False,False,,,False
92556089,598.0,WIN,False,99,14,DAMAGE_COUNTER_ANY,2,TARGET_SELECTION,,,CARD,0,0,121,280,320,2,True,5,2,False,True,1,1,2,345,200,6,345,200,6,False,False,,,False
92556089,598.0,WIN,False,100,14,DAMAGE_COUNTER_ANY,2,TARGET_SELECTION,,,,0,0,121,280,320,2,True,5,2,False,True,1,1,2,345,200,6,345,220,6,False,False,,,False
92556089,598.0,WIN,False,101,16,MAIN,7,RESOURCE_MANAGEMENT,ABILITY,,ABILITY,2,0,121,280,320,2,True,5,2,True,True,1,1,2,345,220,6,345,220,6,False,False,,,False
92556089,598.0,WIN,False,102,16,TO_HAND,2,RESOURCE_MANAGEMENT,,,CARD,0,0,121,280,320,2,True,5,2,False,True,1,1,2,345,220,6,345,220,6,False,False,,,False
92556089,598.0,WIN,False,103,16,MAIN,7,BENCH_MANAGEMENT,EVOLVE,,EVOLVE,2,0,121,280,320,2,True,5,2,True,True,1,1,2,345,220,6,345,220,6,False,False,,,False
92556089,598.0,WIN,False,104,16,MAIN,7,RESOURCE_MANAGEMENT,ABILITY,,ABILITY,2,0,121,280,320,2,True,5,2,True,True,1,1,2,345,220,6,345,220,6,False,False,,,False
92556089,598.0,WIN,False,105,16,TO_HAND,2,RESOURCE_MANAGEMENT,,,CARD,0,0,121,280,320,2,True,5,2,False,True,1,1,2,345,220,6,345,220,6,False,False,,,False
92556089,598.0,WIN,False,106,16,MAIN,7,RESOURCE_MANAGEMENT,PLAY_SUPPORTER,1227,PLAY,2,0,121,280,320,2,True,5,2,True,True,1,1,2,345,220,6,345,220,6,False,False,,,False
92556089,598.0,WIN,False,107,16,MAIN,11,ENERGY_MANAGEMENT,ATTACH_ENERGY,,ATTACH,2,0,121,280,320,2,True,5,2,True,True,1,1,2,345,220,6,345,220,6,False,False,,,False
92556089,598.0,WIN,False,108,16,MAIN,5,ATTACK_SELECTION,ATTACK,,ATTACK,2,1,121,280,320,2,True,5,2,True,True,1,1,2,345,220,6,345,220,6,False,False,,,False
92556089,598.0,WIN,False,109,16,DAMAGE_COUNTER_ANY,2,TARGET_SELECTION,,,CARD,0,0,121,280,320,2,True,5,2,False,True,1,1,2,345,220,6,345,220,6,False,False,,,False
92556089,598.0,WIN,False,110,16,DAMAGE_COUNTER_ANY,2,TARGET_SELECTION,,,CARD,0,0,121,280,320,2,True,5,2,False,True,1,1,2,345,220,6,345,220,6,False,False,,,False
92556089,598.0,WIN,False,111,16,DAMAGE_COUNTER_ANY,2,TARGET_SELECTION,,,CARD,0,0,121,280,320,2,True,5,2,False,True,1,1,2,345,220,6,345,220,6,False,False,,,False
92556089,598.0,WIN,False,112,16,DAMAGE_COUNTER_ANY,2,TARGET_SELECTION,,,CARD,0,0,121,280,320,2,True,5,2,False,True,1,1,2,345,220,6,345,220,6,False,False,,,False
92556089,598.0,WIN,False,113,16,DAMAGE_COUNTER_ANY,2,TARGET_SELECTION,,,CARD,0,0,121,280,320,2,True,5,2,False,True,1,1,2,345,220,6,345,220,6,False,False,,,False
92556089,598.0,WIN,False,114,16,DAMAGE_COUNTER_ANY,2,TARGET_SELECTION,,,CARD,0,0,121,280,320,2,True,5,2,False,True,1,1,2,345,220,6,345,220,6,False,False,,,False
92556089,598.0,WIN,False,115,16,TO_HAND,2,RESOURCE_MANAGEMENT,,,,0,0,121,280,320,2,True,5,2,False,True,1,1,2,345,220,6,345,220,6,False,False,,,False
92556089,598.0,WIN,False,116,18,MAIN,14,ENERGY_MANAGEMENT,ATTACH_ENERGY,,ATTACH,2,0,121,280,320,2,True,5,1,True,True,1,1,2,345,220,6,345,220,6,False,False,,,False
92556089,598.0,WIN,False,117,18,MAIN,8,ATTACK_SELECTION,ATTACK,,ATTACK,2,1,121,280,320,2,True,5,1,True,True,1,1,2,345,220,6,345,220,6,False,False,,,False
92556089,598.0,WIN,False,118,18,DAMAGE_COUNTER_ANY,2,TARGET_SELECTION,,,CARD,0,0,121,280,320,2,True,5,1,False,True,1,1,2,345,220,6,345,220,6,False,False,,,False
92556089,598.0,WIN,False,119,18,DAMAGE_COUNTER_ANY,2,TARGET_SELECTION,,,CARD,0,0,121,280,320,2,True,5,1,False,True,1,1,2,345,220,6,345,220,6,False,False,,,False
92556089,598.0,WIN,False,120,18,DAMAGE_COUNTER_ANY,2,TARGET_SELECTION,,,CARD,0,0,121,280,320,2,True,5,1,False,True,1,1,2,345,220,6,345,220,6,False,False,,,False
92556089,598.0,WIN,False,121,18,DAMAGE_COUNTER_ANY,2,TARGET_SELECTION,,,CARD,0,0,121,280,320,2,True,5,1,False,True,1,1,2,345,220,6,345,220,6,False,False,,,False
92556089,598.0,WIN,False,122,18,DAMAGE_COUNTER_ANY,2,TARGET_SELECTION,,,CARD,0,0,121,280,320,2,True,5,1,False,True,1,1,2,345,220,6,345,220,6,False,False,,,False
92556089,598.0,WIN,False,123,18,DAMAGE_COUNTER_ANY,2,TARGET_SELECTION,,,,0,0,121,280,320,2,True,5,1,False,True,1,1,2,345,220,6,345,220,6,False,False,,,False
92556089,598.0,WIN,False,124,20,MAIN,9,RESOURCE_MANAGEMENT,PLAY_ITEM,1120,PLAY,2,0,121,280,320,2,True,5,1,True,True,1,1,2,345,220,6,345,220,6,False,False,,,False
92556089,598.0,WIN,False,125,20,MAIN,8,ATTACK_SELECTION,ATTACK,,ATTACK,2,1,121,280,320,2,True,5,1,True,True,1,1,2,345,220,6,345,220,6,False,False,,,False
92556089,598.0,WIN,False,126,20,DAMAGE_COUNTER_ANY,2,TARGET_SELECTION,,,CARD,0,0,121,280,320,2,True,5,1,False,True,1,1,2,345,220,6,345,220,6,False,False,,,False
92556089,598.0,WIN,False,127,20,DAMAGE_COUNTER_ANY,2,TARGET_SELECTION,,,CARD,0,0,121,280,320,2,True,5,1,False,True,1,1,2,345,220,6,345,220,6,False,False,,,False
92556089,598.0,WIN,False,128,20,DAMAGE_COUNTER_ANY,2,TARGET_SELECTION,,,CARD,0,0,121,280,320,2,True,5,1,False,True,1,1,2,345,220,6,345,220,6,False,False,,,False
92556089,598.0,WIN,False,129,20,DAMAGE_COUNTER_ANY,2,TARGET_SELECTION,,,CARD,0,0,121,280,320,2,True,5,1,False,True,1,1,2,345,220,6,345,220,6,False,False,,,False
92556089,598.0,WIN,False,130,20,DAMAGE_COUNTER_ANY,2,TARGET_SELECTION,,,CARD,0,0,121,280,320,2,True,5,1,False,True,1,1,2,345,220,6,345,220,6,False,False,,,False
92556089,598.0,WIN,False,131,20,DAMAGE_COUNTER_ANY,2,TARGET_SELECTION,,,CARD,0,0,121,280,320,2,True,5,1,False,True,1,1,2,345,220,6,345,220,6,False,False,,,False
92556974,736.0,WIN,True,0,,,0,UNKNOWN,,,,0,0,,,,,False,,,False,False,,,0,,,,,,,,,,,False
92556974,736.0,WIN,True,1,,,0,UNKNOWN,,,,0,0,,,,,False,,,False,False,,,0,,,,,,0,,,,,False
92556974,736.0,WIN,True,2,0,IS_FIRST,2,GOING_FIRST_SECOND,,,YES,0,0,,,,,False,0,0,False,False,,,0,,,0,,,0,,,,,False
92556974,736.0,WIN,True,3,0,SETUP_ACTIVE_POKEMON,3,EARLY_GAME_SETUP,,,,0,0,,,,,False,0,0,False,False,,,0,,,0,,,6,,,,,False
92556974,736.0,WIN,True,4,0,SETUP_BENCH_POKEMON,2,BENCH_MANAGEMENT,,,,0,0,,,,,False,0,6,False,False,,,0,,,6,676,110,6,,,,,False
92556974,736.0,WIN,True,5,1,MAIN,7,ENERGY_MANAGEMENT,ATTACH_ENERGY,,ATTACH,0,0,119,70,70,1,False,0,6,False,False,1,0,0,676,110,6,676,110,6,False,True,,,False
92556974,736.0,WIN,True,6,1,MAIN,6,RESOURCE_MANAGEMENT,PLAY_POKEMON,184,PLAY,0,0,119,70,70,1,False,0,6,False,False,1,0,0,676,110,6,676,110,6,False,True,,,False
92556974,736.0,WIN,True,7,1,MAIN,7,RESOURCE_MANAGEMENT,PLAY_ITEM,1086,PLAY,0,0,119,70,70,1,False,1,6,True,True,1,0,0,676,110,6,676,110,6,False,True,,,False
92556974,736.0,WIN,True,8,1,TO_BENCH,5,BENCH_MANAGEMENT,,,CARD;CARD,0,0,119,70,70,1,False,1,6,False,True,1,0,0,676,110,6,676,110,6,False,True,,,False
92556974,736.0,WIN,True,9,1,MAIN,8,ENERGY_MANAGEMENT,ATTACH_ENERGY,,ATTACH,0,0,119,70,70,1,False,3,6,True,True,1,0,0,676,110,6,676,110,6,False,True,,,False
92556974,736.0,WIN,True,10,1,MAIN,4,TIMING,,,,0,0,119,70,70,1,False,3,6,True,True,1,0,1,676,110,6,676,110,6,False,True,,,False
92556974,736.0,WIN,True,11,3,MAIN,7,BENCH_MANAGEMENT,EVOLVE,,EVOLVE,0,0,119,70,70,1,False,3,6,True,True,1,0,1,676,110,6,676,110,6,False,True,,,False
92556974,736.0,WIN,True,12,3,MAIN,5,RESOURCE_MANAGEMENT,ABILITY,,ABILITY,0,0,119,70,70,1,False,3,6,True,True,1,0,0,676,110,6,676,110,6,False,True,,,False
92556974,736.0,WIN,True,13,3,TO_HAND,2,RESOURCE_MANAGEMENT,,,CARD,0,0,119,70,70,1,False,3,6,False,True,1,0,0,676,110,6,676,110,6,False,True,,,False
92556974,736.0,WIN,True,14,3,MAIN,5,RESOURCE_MANAGEMENT,PLAY_ITEM,1079,PLAY,0,0,119,70,70,1,False,3,6,True,True,1,0,0,676,110,6,676,110,6,False,True,,,False
92556974,736.0,WIN,True,15,3,EVOLVE,2,BENCH_MANAGEMENT,,,EVOLVE,0,0,119,70,70,1,False,3,6,False,True,1,0,0,676,110,6,676,110,6,False,True,,,False
92556974,736.0,WIN,True,16,3,MAIN,2,TIMING,,,,0,0,121,320,320,2,False,3,6,False,True,1,0,0,676,110,6,676,110,6,False,False,,,True
92556974,736.0,WIN,True,17,5,MAIN,5,RESOURCE_MANAGEMENT,ABILITY,,ABILITY,0,0,121,320,320,2,False,3,6,False,True,1,0,0,676,110,6,676,110,6,False,False,,,False
92556974,736.0,WIN,True,18,5,TO_HAND,2,RESOURCE_MANAGEMENT,,,CARD,0,0,121,320,320,2,False,3,6,False,True,1,0,0,676,110,6,676,110,6,False,False,,,False
92556974,736.0,WIN,True,19,5,MAIN,5,RESOURCE_MANAGEMENT,PLAY_SUPPORTER,1210,PLAY,0,0,121,320,320,2,False,3,6,False,True,1,0,0,676,110,6,676,110,6,False,False,,,False
92556974,736.0,WIN,True,20,5,TO_HAND,8,RESOURCE_MANAGEMENT,,,CARD,0,0,121,320,320,2,False,3,6,False,True,1,0,0,676,110,6,676,110,6,False,False,,,False
92556974,736.0,WIN,True,21,5,MAIN,5,BENCH_MANAGEMENT,EVOLVE,,EVOLVE,0,0,121,320,320,2,False,3,6,False,True,1,0,0,676,110,6,676,110,6,False,False,,,False
92556974,736.0,WIN,True,22,5,MAIN,5,RESOURCE_MANAGEMENT,ABILITY,,ABILITY,0,0,121,320,320,2,False,3,6,False,True,1,0,0,676,110,6,676,110,6,False,False,,,False
92556974,736.0,WIN,True,23,5,TO_HAND,2,RESOURCE_MANAGEMENT,,,CARD,0,0,121,320,320,2,False,3,6,False,True,1,0,0,676,110,6,676,110,6,False,False,,,False
92556974,736.0,WIN,True,24,5,MAIN,5,RESOURCE_MANAGEMENT,PLAY_ITEM,1152,PLAY,0,0,121,320,320,2,False,3,6,False,True,1,0,0,676,110,6,676,110,6,False,False,,,False
92556974,736.0,WIN,True,25,5,TO_HAND,4,RESOURCE_MANAGEMENT,,,CARD,0,0,121,320,320,2,False,3,6,False,True,1,0,0,676,110,6,676,110,6,False,False,,,False
92556974,736.0,WIN,True,26,5,MAIN,4,TIMING,,,,0,0,121,320,320,2,False,3,6,False,True,1,0,0,676,110,6,676,110,6,False,False,,,False
92556974,736.0,WIN,True,27,7,MAIN,7,RESOURCE_MANAGEMENT,PLAY_POKEMON,1071,PLAY,0,0,121,320,320,2,False,3,6,False,True,1,0,0,676,110,6,676,110,6,False,False,,,False
92556974,736.0,WIN,True,28,7,ACTIVATE,2,RESOURCE_MANAGEMENT,,,YES,0,0,121,320,320,2,False,4,6,False,True,1,0,0,676,110,6,676,110,6,False,False,,,False
92556974,736.0,WIN,True,29,7,TO_HAND,11,RESOURCE_MANAGEMENT,,,CARD,0,0,121,320,320,2,False,4,6,False,True,1,0,0,676,110,6,676,110,6,False,False,,,False
92556974,736.0,WIN,True,30,7,MAIN,7,RESOURCE_MANAGEMENT,ABILITY,,ABILITY,0,0,121,320,320,2,False,4,6,False,True,1,0,0,676,110,6,676,110,6,False,False,,,False
92556974,736.0,WIN,True,31,7,TO_HAND,2,RESOURCE_MANAGEMENT,,,CARD,0,0,121,320,320,2,False,4,6,False,True,1,0,0,676,110,6,676,110,6,False,False,,,False
92556974,736.0,WIN,True,32,7,MAIN,7,RESOURCE_MANAGEMENT,PLAY_ITEM,1120,PLAY,0,0,121,320,320,2,False,4,6,False,True,1,0,0,676,110,6,676,110,6,False,False,,,False
92556974,736.0,WIN,True,33,7,DISCARD_ENERGY,1,ENERGY_MANAGEMENT,,,ENERGY,0,0,121,320,320,2,False,4,6,False,True,1,0,0,676,110,6,676,110,6,False,False,,,False
92556974,736.0,WIN,True,34,7,MAIN,6,RESOURCE_MANAGEMENT,ABILITY,,ABILITY,0,0,121,320,320,2,False,4,6,False,True,1,0,0,676,110,6,676,110,6,False,False,,,False
92556974,736.0,WIN,True,35,7,TO_HAND,2,RESOURCE_MANAGEMENT,,,CARD,0,0,121,320,320,2,False,4,6,False,True,1,0,0,676,110,6,676,110,6,False,False,,,False
92556974,736.0,WIN,True,36,7,MAIN,10,RESOURCE_MANAGEMENT,PLAY_SUPPORTER,1198,PLAY,0,0,121,320,320,2,False,4,6,False,True,1,0,0,676,110,6,676,110,6,False,False,,,False
92556974,736.0,WIN,True,37,7,TO_HAND,4,RESOURCE_MANAGEMENT,,,CARD,0,0,121,320,320,2,False,4,6,False,True,1,0,0,676,110,6,676,110,6,False,False,,,False
92556974,736.0,WIN,True,38,7,ATTACH_TO,2,ENERGY_MANAGEMENT,,,CARD,0,0,121,320,320,2,False,4,6,False,True,1,0,0,676,110,6,676,110,6,False,False,,,False
92556974,736.0,WIN,True,39,7,ATTACH_FROM,5,ENERGY_MANAGEMENT,,,CARD,0,0,121,320,320,2,False,4,6,False,True,1,0,0,676,110,6,676,110,6,False,False,,,False
92556974,736.0,WIN,True,40,7,MAIN,16,ENERGY_MANAGEMENT,ATTACH_ENERGY,,ATTACH,1,0,121,320,320,2,False,4,6,True,True,1,1,0,676,110,6,676,110,6,False,False,,,False
92556974,736.0,WIN,True,41,7,MAIN,7,ATTACK_SELECTION,ATTACK,,ATTACK,2,1,121,320,320,2,False,4,6,True,True,1,1,0,676,110,6,676,0,6,False,False,,,False
92556974,736.0,WIN,True,42,7,DAMAGE_COUNTER_ANY,2,TARGET_SELECTION,,,CARD,0,0,121,320,320,2,False,4,6,False,True,1,1,0,676,0,6,676,0,6,False,False,,,False
92556974,736.0,WIN,True,43,7,DAMAGE_COUNTER_ANY,2,TARGET_SELECTION,,,CARD,0,0,121,320,320,2,False,4,6,False,True,1,1,0,676,0,6,676,0,6,False,False,,,False
92556974,736.0,WIN,True,44,7,DAMAGE_COUNTER_ANY,2,TARGET_SELECTION,,,CARD,0,0,121,320,320,2,False,4,6,False,True,1,1,0,676,0,6,676,0,6,False,False,,,False
92556974,736.0,WIN,True,45,7,DAMAGE_COUNTER_ANY,2,TARGET_SELECTION,,,CARD,0,0,121,320,320,2,False,4,6,False,True,1,1,0,676,0,6,676,0,6,False,False,,,False
92556974,736.0,WIN,True,46,7,DAMAGE_COUNTER_ANY,2,TARGET_SELECTION,,,CARD,0,0,121,320,320,2,False,4,6,False,True,1,1,0,676,0,6,676,0,6,False,False,,,False
92556974,736.0,WIN,True,47,7,DAMAGE_COUNTER_ANY,2,TARGET_SELECTION,,,CARD,0,0,121,320,320,2,False,4,6,False,True,1,1,0,676,0,6,,,6,False,False,,,False
92556974,736.0,WIN,True,48,7,TO_HAND,6,RESOURCE_MANAGEMENT,,,,0,0,121,320,320,2,False,4,6,False,True,1,1,0,,,6,678,340,6,,,,,False
92556974,736.0,WIN,True,49,9,MAIN,16,RESOURCE_MANAGEMENT,PLAY_ITEM,1152,PLAY,2,0,121,320,320,2,False,4,5,True,True,1,1,0,678,340,6,678,340,6,False,False,,,False
92556974,736.0,WIN,True,50,9,TO_HAND,3,RESOURCE_MANAGEMENT,,,CARD,0,0,121,320,320,2,False,4,5,False,True,1,1,0,678,340,6,678,340,6,False,False,,,False
92556974,736.0,WIN,True,51,9,MAIN,16,RESOURCE_MANAGEMENT,PLAY_POKEMON,119,PLAY,2,0,121,320,320,2,False,4,5,True,True,1,1,0,678,340,6,678,340,6,False,False,,,False
92556974,736.0,WIN,True,52,9,MAIN,14,RESOURCE_MANAGEMENT,ABILITY,,ABILITY,2,0,121,320,320,2,False,5,5,True,True,1,1,0,678,340,6,678,340,6,False,False,,,False
92556974,736.0,WIN,True,53,9,TO_HAND,2,RESOURCE_MANAGEMENT,,,CARD,0,0,121,320,320,2,False,5,5,False,True,1,1,0,678,340,6,678,340,6,False,False,,,False
92556974,736.0,WIN,True,54,9,MAIN,14,RESOURCE_MANAGEMENT,ABILITY,,ABILITY,2,0,121,320,320,2,False,5,5,True,True,1,1,0,678,340,6,678,340,6,False,False,,,False
92556974,736.0,WIN,True,55,9,TO_HAND,2,RESOURCE_MANAGEMENT,,,CARD,0,0,121,320,320,2,False,5,5,False,True,1,1,0,678,340,6,678,340,6,False,False,,,False
92556974,736.0,WIN,True,56,9,MAIN,19,RESOURCE_MANAGEMENT,PLAY_SUPPORTER,1210,PLAY,2,0,121,320,320,2,False,5,5,True,True,1,1,0,678,340,6,678,340,6,False,False,,,False
92556974,736.0,WIN,True,57,9,TO_HAND,4,RESOURCE_MANAGEMENT,,,CARD,0,0,121,320,320,2,False,5,5,False,True,1,1,0,678,340,6,678,340,6,False,False,,,False
92556974,736.0,WIN,True,58,9,MAIN,19,BENCH_MANAGEMENT,EVOLVE,,EVOLVE,2,0,121,320,320,2,False,5,5,True,True,1,1,0,678,340,6,678,340,6,False,False,,,False
92556974,736.0,WIN,True,59,9,MAIN,17,ENERGY_MANAGEMENT,ATTACH_ENERGY,,ATTACH,2,0,121,320,320,2,False,5,5,True,True,1,1,1,678,340,6,678,340,6,False,False,,,False
92556974,736.0,WIN,True,60,9,MAIN,5,ATTACK_SELECTION,ATTACK,,ATTACK,2,1,121,320,320,2,False,5,5,True,True,1,1,1,678,340,6,678,140,6,False,False,,,False
92556974,736.0,WIN,True,61,9,DAMAGE_COUNTER_ANY,2,TARGET_SELECTION,,,CARD,0,0,121,320,320,2,False,5,5,False,True,1,1,1,678,140,6,678,140,6,False,False,,,False
92556974,736.0,WIN,True,62,9,DAMAGE_COUNTER_ANY,2,TARGET_SELECTION,,,CARD,0,0,121,320,320,2,False,5,5,False,True,1,1,1,678,140,6,678,140,6,False,False,,,False
92556974,736.0,WIN,True,63,9,DAMAGE_COUNTER_ANY,2,TARGET_SELECTION,,,CARD,0,0,121,320,320,2,False,5,5,False,True,1,1,1,678,140,6,678,140,6,False,False,,,False
92556974,736.0,WIN,True,64,9,DAMAGE_COUNTER_ANY,2,TARGET_SELECTION,,,CARD,0,0,121,320,320,2,False,5,5,False,True,1,1,1,678,140,6,678,140,6,False,False,,,False
92556974,736.0,WIN,True,65,9,DAMAGE_COUNTER_ANY,2,TARGET_SELECTION,,,CARD,0,0,121,320,320,2,False,5,5,False,True,1,1,1,678,140,6,678,140,6,False,False,,,False
92556974,736.0,WIN,True,66,9,DAMAGE_COUNTER_ANY,2,TARGET_SELECTION,,,CARD,0,0,121,320,320,2,False,5,5,False,True,1,1,1,678,140,6,678,140,6,False,False,,,False
92556974,736.0,WIN,True,67,9,TO_HAND,5,RESOURCE_MANAGEMENT,,,,0,0,121,320,320,2,False,5,5,False,True,1,1,1,678,140,6,678,140,6,False,False,,,False
92556974,736.0,WIN,True,68,11,MAIN,20,RESOURCE_MANAGEMENT,ABILITY,,ABILITY,2,0,121,320,320,2,False,5,4,True,True,1,1,1,678,140,6,678,140,6,False,False,,,False
92556974,736.0,WIN,True,69,11,TO_HAND,2,RESOURCE_MANAGEMENT,,,CARD,0,0,121,320,320,2,False,5,4,False,True,1,1,1,678,140,6,678,140,6,False,False,,,False
92556974,736.0,WIN,True,70,11,MAIN,19,RESOURCE_MANAGEMENT,PLAY_SUPPORTER,1198,PLAY,2,0,121,320,320,2,False,5,4,True,True,1,1,1,678,140,6,678,140,6,False,False,,,False
92556974,736.0,WIN,True,71,11,TO_HAND,1,RESOURCE_MANAGEMENT,,,CARD,0,0,121,320,320,2,False,5,4,False,True,1,1,1,678,140,6,678,140,6,False,False,,,False
92556974,736.0,WIN,True,72,11,MAIN,24,RESOURCE_MANAGEMENT,PLAY_ITEM,1121,PLAY,2,0,121,320,320,2,False,5,4,True,True,1,1,1,678,140,6,678,140,6,False,False,,,False
92556974,736.0,WIN,True,73,11,DISCARD,8,RESOURCE_MANAGEMENT,,,CARD;CARD,0,0,121,320,320,2,False,5,4,False,True,1,1,1,678,140,6,678,140,6,False,False,,,False
92556974,736.0,WIN,True,74,11,TO_HAND,3,RESOURCE_MANAGEMENT,,,CARD,0,0,121,320,320,2,False,5,4,False,True,1,1,1,678,140,6,678,140,6,False,False,,,False
92556974,736.0,WIN,True,75,11,MAIN,19,BENCH_MANAGEMENT,EVOLVE,,EVOLVE,2,0,121,320,320,2,False,5,4,True,True,1,1,1,678,140,6,678,140,6,False,False,,,False
92556974,736.0,WIN,True,76,11,MAIN,19,RESOURCE_MANAGEMENT,ABILITY,,ABILITY,2,0,121,320,320,2,False,5,4,True,True,1,1,1,678,140,6,678,140,6,False,False,,,False
92556974,736.0,WIN,True,77,11,TO_HAND,2,RESOURCE_MANAGEMENT,,,CARD,0,0,121,320,320,2,False,5,4,False,True,1,1,1,678,140,6,678,140,6,False,False,,,False
92556974,736.0,WIN,True,78,11,MAIN,18,ENERGY_MANAGEMENT,ATTACH_ENERGY,,ATTACH,2,0,121,320,320,2,False,5,4,True,True,1,1,1,678,140,6,678,140,6,False,False,,,False
92556974,736.0,WIN,True,79,11,MAIN,6,ATTACK_SELECTION,ATTACK,,ATTACK,2,1,121,320,320,2,False,5,4,True,True,1,1,1,678,140,6,678,0,6,False,False,,,False
92556974,736.0,WIN,True,80,11,DAMAGE_COUNTER_ANY,2,TARGET_SELECTION,,,CARD,0,0,121,320,320,2,False,5,4,False,True,1,1,1,678,0,6,678,0,6,False,False,,,False
92556974,736.0,WIN,True,81,11,DAMAGE_COUNTER_ANY,2,TARGET_SELECTION,,,CARD,0,0,121,320,320,2,False,5,4,False,True,1,1,1,678,0,6,678,0,6,False,False,,,False
92556974,736.0,WIN,True,82,11,DAMAGE_COUNTER_ANY,2,TARGET_SELECTION,,,CARD,0,0,121,320,320,2,False,5,4,False,True,1,1,1,678,0,6,678,0,6,False,False,,,False
92556974,736.0,WIN,True,83,11,DAMAGE_COUNTER_ANY,2,TARGET_SELECTION,,,CARD,0,0,121,320,320,2,False,5,4,False,True,1,1,1,678,0,6,678,0,6,False,False,,,False
92556974,736.0,WIN,True,84,11,DAMAGE_COUNTER_ANY,2,TARGET_SELECTION,,,CARD,0,0,121,320,320,2,False,5,4,False,True,1,1,1,678,0,6,678,0,6,False,False,,,False
92556974,736.0,WIN,True,85,11,DAMAGE_COUNTER_ANY,2,TARGET_SELECTION,,,CARD,0,0,121,320,320,2,False,5,4,False,True,1,1,1,678,0,6,,,6,False,False,,,False
92556974,736.0,WIN,True,86,11,TO_HAND,4,RESOURCE_MANAGEMENT,,,,0,0,121,320,320,2,False,5,4,False,True,1,1,1,,,6,676,10,6,,,,,False
92556974,736.0,WIN,True,87,13,MAIN,9,RESOURCE_MANAGEMENT,ABILITY,,ABILITY,2,0,121,320,320,2,False,5,1,True,True,1,1,1,676,10,6,676,10,6,False,False,,,False
92556974,736.0,WIN,True,88,13,TO_HAND,2,RESOURCE_MANAGEMENT,,,CARD,0,0,121,320,320,2,False,5,1,False,True,1,1,1,676,10,6,676,10,6,False,False,,,False
92556974,736.0,WIN,True,89,13,MAIN,9,RESOURCE_MANAGEMENT,PLAY_ITEM,1120,PLAY,2,0,121,320,320,2,False,5,1,True,True,1,1,1,676,10,6,676,10,6,False,False,,,False
92556974,736.0,WIN,True,90,13,MAIN,8,RESOURCE_MANAGEMENT,ABILITY,,ABILITY,2,0,121,320,320,2,False,5,1,True,True,1,1,1,676,10,6,676,10,6,False,False,,,False
92556974,736.0,WIN,True,91,13,TO_HAND,2,RESOURCE_MANAGEMENT,,,CARD,0,0,121,320,320,2,False,5,1,False,True,1,1,1,676,10,6,676,10,6,False,False,,,False
92556974,736.0,WIN,True,92,13,MAIN,8,RESOURCE_MANAGEMENT,PLAY_ITEM,1120,PLAY,2,0,121,320,320,2,False,5,1,True,True,1,1,1,676,10,6,676,10,6,False,False,,,False
92556974,736.0,WIN,True,93,13,MAIN,7,RESOURCE_MANAGEMENT,PLAY_SUPPORTER,1227,PLAY,2,0,121,320,320,2,False,5,1,True,True,1,1,1,676,10,6,676,10,6,False,False,,,False
92556974,736.0,WIN,True,94,13,MAIN,12,ENERGY_MANAGEMENT,ATTACH_ENERGY,,ATTACH,2,0,121,320,320,2,False,5,1,True,True,1,1,1,676,10,6,676,10,6,False,False,,,False
92556974,736.0,WIN,True,95,13,MAIN,6,ATTACK_SELECTION,ATTACK,,ATTACK,2,1,121,320,320,2,False,5,1,True,True,1,1,1,676,10,6,676,0,6,False,False,,,False
92556974,736.0,WIN,True,96,13,DAMAGE_COUNTER_ANY,3,TARGET_SELECTION,,,CARD,0,0,121,320,320,2,False,5,1,False,True,1,1,1,676,0,6,676,0,6,False,False,,,False
92556974,736.0,WIN,True,97,13,DAMAGE_COUNTER_ANY,3,TARGET_SELECTION,,,CARD,0,0,121,320,320,2,False,5,1,False,True,1,1,1,676,0,6,676,0,6,False,False,,,False
92556974,736.0,WIN,True,98,13,DAMAGE_COUNTER_ANY,3,TARGET_SELECTION,,,CARD,0,0,121,320,320,2,False,5,1,False,True,1,1,1,676,0,6,676,0,6,False,False,,,False
92556974,736.0,WIN,True,99,13,DAMAGE_COUNTER_ANY,3,TARGET_SELECTION,,,CARD,0,0,121,320,320,2,False,5,1,False,True,1,1,1,676,0,6,676,0,6,False,False,,,False
92556974,736.0,WIN,True,100,13,DAMAGE_COUNTER_ANY,3,TARGET_SELECTION,,,CARD,0,0,121,320,320,2,False,5,1,False,True,1,1,1,676,0,6,676,0,6,False,False,,,False
92556974,736.0,WIN,True,101,13,DAMAGE_COUNTER_ANY,3,TARGET_SELECTION,,,CARD,0,0,121,320,320,2,False,5,1,False,True,1,1,1,676,0,6,,,6,False,False,,,False
92557908,585.4,WIN,True,0,,,0,UNKNOWN,,,,0,0,,,,,False,,,False,False,,,0,,,,,,,,,,,False
92557908,585.4,WIN,True,1,,,0,UNKNOWN,,,,0,0,,,,,False,,,False,False,,,0,,,,,,0,,,,,False
92557908,585.4,WIN,True,2,0,IS_FIRST,2,GOING_FIRST_SECOND,,,YES,0,0,,,,,False,0,0,False,False,,,0,,,0,,,0,,,,,False
92557908,585.4,WIN,True,3,0,SETUP_ACTIVE_POKEMON,1,EARLY_GAME_SETUP,,,,0,0,,,,,False,0,0,False,False,,,0,,,0,344,70,6,,,,,False
92557908,585.4,WIN,True,4,1,MAIN,3,RESOURCE_MANAGEMENT,PLAY_ITEM,1121,PLAY,0,0,119,70,70,1,False,0,6,False,False,1,0,0,344,70,6,344,70,6,False,False,,,False
92557908,585.4,WIN,True,5,1,DISCARD,6,RESOURCE_MANAGEMENT,,,CARD;CARD,0,0,119,70,70,1,False,0,6,False,False,1,0,0,344,70,6,344,70,6,False,False,,,False
92557908,585.4,WIN,True,6,1,TO_HAND,12,RESOURCE_MANAGEMENT,,,CARD,0,0,119,70,70,1,False,0,6,False,False,1,0,0,344,70,6,344,70,6,False,False,,,False
92557908,585.4,WIN,True,7,1,MAIN,3,RESOURCE_MANAGEMENT,PLAY_POKEMON,184,PLAY,0,0,119,70,70,1,False,0,6,False,False,1,0,0,344,70,6,344,70,6,False,False,,,False
92557908,585.4,WIN,True,8,1,MAIN,3,TIMING,,,,0,0,119,70,70,1,False,1,6,True,True,1,0,0,344,70,6,344,90,6,False,False,,,False
92557908,585.4,WIN,True,9,3,MAIN,6,RESOURCE_MANAGEMENT,PLAY_ITEM,1120,PLAY,0,0,119,70,70,1,False,1,6,True,True,1,0,0,344,90,6,344,90,6,False,False,Ascension,0,False
92557908,585.4,WIN,True,10,3,DISCARD_ENERGY,1,ENERGY_MANAGEMENT,,,ENERGY,0,0,119,70,70,1,False,1,6,False,True,1,0,0,344,90,6,344,70,6,False,False,Ascension,0,False
92557908,585.4,WIN,True,11,3,MAIN,5,RESOURCE_MANAGEMENT,PLAY_SUPPORTER,1198,PLAY,0,0,119,70,70,1,False,1,6,True,True,1,0,0,344,70,6,344,70,6,False,False,,,False
92557908,585.4,WIN,True,12,3,TO_HAND,8,RESOURCE_MANAGEMENT,,,CARD,0,0,119,70,70,1,False,1,6,False,True,1,0,0,344,70,6,344,70,6,False,False,,,False
92557908,585.4,WIN,True,13,3,ATTACH_TO,4,ENERGY_MANAGEMENT,,,CARD,0,0,119,70,70,1,False,1,6,False,True,1,0,0,344,70,6,344,70,6,False,False,,,False
92557908,585.4,WIN,True,14,3,ATTACH_FROM,2,ENERGY_MANAGEMENT,,,CARD,0,0,119,70,70,1,False,1,6,False,True,1,0,0,344,70,6,344,70,6,False,False,,,False
92557908,585.4,WIN,True,15,3,MAIN,6,ENERGY_MANAGEMENT,ATTACH_ENERGY,,ATTACH,0,0,119,70,70,1,False,1,6,True,True,1,1,0,344,70,6,344,70,6,False,False,,,False
92557908,585.4,WIN,True,16,3,MAIN,6,TIMING,,,,2,0,119,70,70,1,False,1,6,True,True,1,1,0,344,70,6,345,110,6,False,False,,,False
92557908,585.4,WIN,True,17,5,MAIN,7,TIMING,,,,2,0,119,70,70,1,False,1,6,True,True,1,1,0,345,110,6,345,70,6,False,False,,,False
92557908,585.4,WIN,True,18,7,MAIN,8,RESOURCE_MANAGEMENT,PLAY_ITEM,1086,PLAY,2,0,119,70,70,1,False,1,6,True,True,1,1,0,345,70,6,345,70,6,False,True,,,False
92557908,585.4,WIN,True,19,7,TO_BENCH,5,BENCH_MANAGEMENT,,,CARD;CARD,0,0,119,70,70,1,False,1,6,False,True,1,1,0,345,70,6,345,70,6,False,True,,,False
92557908,585.4,WIN,True,20,7,MAIN,7,RETREAT_SELECTION,RETREAT,,RETREAT,2,0,119,70,70,1,False,3,6,True,True,1,1,1,345,70,6,345,70,6,False,True,,,False
92557908,585.4,WIN,True,21,7,SWITCH,3,ACTIVE_POKEMON_SELECTION,,,CARD,0,0,119,70,70,1,False,3,6,False,True,1,1,1,345,70,6,345,70,6,False,True,,,False
92557908,585.4,WIN,True,22,7,MAIN,5,TIMING,,,,1,0,235,30,30,1,False,3,6,False,True,0,0,1,345,70,6,345,60,6,False,True,,,True
92557908,585.4,WIN,True,23,9,MAIN,7,RESOURCE_MANAGEMENT,PLAY_SUPPORTER,1210,PLAY,1,0,235,30,30,1,False,3,6,True,True,0,0,1,345,60,6,345,60,6,False,True,,,False
92557908,585.4,WIN,True,24,9,TO_HAND,9,RESOURCE_MANAGEMENT,,,CARD,0,0,235,30,30,1,False,3,6,False,True,0,0,1,345,60,6,345,60,6,False,True,,,False
92557908,585.4,WIN,True,25,9,MAIN,8,BENCH_MANAGEMENT,EVOLVE,,EVOLVE,1,0,235,30,30,1,False,3,6,True,True,0,0,1,345,60,6,345,60,6,False,True,,,False
92557908,585.4,WIN,True,26,9,MAIN,7,RESOURCE_MANAGEMENT,ABILITY,,ABILITY,1,0,235,30,30,1,False,3,6,True,True,0,0,1,345,60,6,345,60,6,False,True,,,False
92557908,585.4,WIN,True,27,9,TO_HAND,2,RESOURCE_MANAGEMENT,,,CARD,0,0,235,30,30,1,False,3,6,False,True,0,0,1,345,60,6,345,60,6,False,True,,,False
92557908,585.4,WIN,True,28,9,MAIN,7,RESOURCE_MANAGEMENT,PLAY_ITEM,1120,PLAY,1,0,235,30,30,1,False,3,6,True,True,0,0,1,345,60,6,345,60,6,False,True,,,False
92557908,585.4,WIN,True,29,9,MAIN,6,TIMING,,,,1,0,235,30,30,1,False,3,6,True,True,0,0,1,345,60,6,345,50,6,False,True,,,False
92557908,585.4,WIN,True,30,11,MAIN,8,BENCH_MANAGEMENT,EVOLVE,,EVOLVE,0,0,119,70,70,1,False,3,6,True,True,1,0,2,345,50,6,345,50,6,False,True,,,True
92557908,585.4,WIN,True,31,11,MAIN,6,RESOURCE_MANAGEMENT,PLAY_ITEM,1152,PLAY,0,0,119,70,70,1,False,3,6,True,True,1,0,2,345,50,6,345,50,6,False,True,,,False
92557908,585.4,WIN,True,32,11,TO_HAND,5,RESOURCE_MANAGEMENT,,,CARD,0,0,119,70,70,1,False,3,6,False,True,1,0,2,345,50,6,345,50,6,False,True,,,False
92557908,585.4,WIN,True,33,11,MAIN,6,BENCH_MANAGEMENT,EVOLVE,,EVOLVE,0,0,119,70,70,1,False,3,6,True,True,1,0,2,345,50,6,345,50,6,False,True,,,False
92557908,585.4,WIN,True,34,11,MAIN,5,RESOURCE_MANAGEMENT,ABILITY,,ABILITY,0,0,120,90,90,1,False,3,6,False,True,1,0,2,345,50,6,345,50,6,False,True,,,True
92557908,585.4,WIN,True,35,11,TO_HAND,2,RESOURCE_MANAGEMENT,,,CARD,0,0,120,90,90,1,False,3,6,False,True,1,0,2,345,50,6,345,50,6,False,True,,,False
92557908,585.4,WIN,True,36,11,MAIN,5,RESOURCE_MANAGEMENT,PLAY_ITEM,1152,PLAY,0,0,120,90,90,1,False,3,6,False,True,1,0,2,345,50,6,345,50,6,False,True,,,False
92557908,585.4,WIN,True,37,11,TO_HAND,4,RESOURCE_MANAGEMENT,,,CARD,0,0,120,90,90,1,False,3,6,False,True,1,0,2,345,50,6,345,50,6,False,True,,,False
92557908,585.4,WIN,True,38,11,MAIN,5,RESOURCE_MANAGEMENT,PLAY_POKEMON,119,PLAY,0,0,120,90,90,1,False,3,6,False,True,1,0,2,345,50,6,345,50,6,False,True,,,False
92557908,585.4,WIN,True,39,11,MAIN,4,TIMING,,,,0,0,120,90,90,1,False,4,6,False,True,1,0,2,345,50,6,345,50,6,False,True,,,False
92557908,585.4,WIN,True,40,13,MAIN,6,RESOURCE_MANAGEMENT,PLAY_ITEM,1086,PLAY,0,0,120,90,90,1,False,4,6,False,True,1,0,2,345,50,6,345,50,6,False,True,,,False
92557908,585.4,WIN,True,41,13,TO_BENCH,2,BENCH_MANAGEMENT,,,CARD,0,0,120,90,90,1,False,4,6,False,True,1,0,2,345,50,6,345,50,6,False,True,,,False
92557908,585.4,WIN,True,42,13,MAIN,5,RESOURCE_MANAGEMENT,ABILITY,,ABILITY,0,0,120,90,90,1,False,5,6,False,True,1,0,2,345,50,6,345,50,6,False,True,,,False
92557908,585.4,WIN,True,43,13,TO_HAND,2,RESOURCE_MANAGEMENT,,,CARD,0,0,120,90,90,1,False,5,6,False,True,1,0,2,345,50,6,345,50,6,False,True,,,False
92557908,585.4,WIN,True,44,13,MAIN,5,RESOURCE_MANAGEMENT,PLAY_SUPPORTER,1227,PLAY,0,0,120,90,90,1,False,5,6,False,True,1,0,2,345,50,6,345,50,6,False,True,,,False
92557908,585.4,WIN,True,45,13,MAIN,11,BENCH_MANAGEMENT,EVOLVE,,EVOLVE,0,0,120,90,90,1,False,5,6,False,True,1,0,2,345,50,6,345,50,6,False,True,,,False
92557908,585.4,WIN,True,46,13,MAIN,10,RESOURCE_MANAGEMENT,PLAY_ITEM,1120,PLAY,0,0,121,320,320,2,False,5,6,False,True,1,0,2,345,50,6,345,50,6,False,False,,,True
92557908,585.4,WIN,True,47,13,MAIN,9,ENERGY_MANAGEMENT,ATTACH_ENERGY,,ATTACH,0,0,121,320,320,2,False,5,6,False,True,1,0,2,345,50,6,345,50,6,False,False,,,False
92557908,585.4,WIN,True,48,13,MAIN,5,RETREAT_SELECTION,RETREAT,,RETREAT,1,0,121,320,320,2,False,5,6,True,True,1,1,2,345,50,6,345,50,6,False,False,,,False
92557908,585.4,WIN,True,49,13,DISCARD_ENERGY,1,ENERGY_MANAGEMENT,,,ENERGY,0,0,121,320,320,2,False,5,6,False,True,1,1,2,345,50,6,345,50,6,False,False,,,False
92557908,585.4,WIN,True,50,13,SWITCH,5,ACTIVE_POKEMON_SELECTION,,,CARD,0,0,121,320,320,2,False,5,6,False,True,1,0,2,345,50,6,345,50,6,False,False,,,False
92557908,585.4,WIN,True,51,13,MAIN,5,ATTACK_SELECTION,ATTACK,,ATTACK,2,1,121,320,320,2,False,5,6,False,True,1,1,1,345,50,6,345,50,6,False,False,,,False
92557908,585.4,WIN,True,52,13,DAMAGE_COUNTER_ANY,4,TARGET_SELECTION,,,CARD,0,0,121,320,320,2,False,5,6,False,True,1,1,1,345,50,6,345,50,6,False,False,,,False
92557908,585.4,WIN,True,53,13,DAMAGE_COUNTER_ANY,4,TARGET_SELECTION,,,CARD,0,0,121,320,320,2,False,5,6,False,True,1,1,1,345,50,6,345,50,6,False,False,,,False
92557908,585.4,WIN,True,54,13,DAMAGE_COUNTER_ANY,4,TARGET_SELECTION,,,CARD,0,0,121,320,320,2,False,5,6,False,True,1,1,1,345,50,6,345,50,6,False,False,,,False
92557908,585.4,WIN,True,55,13,DAMAGE_COUNTER_ANY,4,TARGET_SELECTION,,,CARD,0,0,121,320,320,2,False,5,6,False,True,1,1,1,345,50,6,345,50,6,False,False,,,False
92557908,585.4,WIN,True,56,13,DAMAGE_COUNTER_ANY,4,TARGET_SELECTION,,,CARD,0,0,121,320,320,2,False,5,6,False,True,1,1,1,345,50,6,345,50,6,False,False,,,False
92557908,585.4,WIN,True,57,13,DAMAGE_COUNTER_ANY,4,TARGET_SELECTION,,,,0,0,121,320,320,2,False,5,6,False,True,1,1,1,345,50,6,345,50,6,False,False,,,False
92557908,585.4,WIN,True,58,14,DISCARD,5,RESOURCE_MANAGEMENT,,,,0,0,121,320,320,2,False,5,6,False,True,1,1,1,345,50,6,345,50,6,False,False,,,False
92557908,585.4,WIN,True,59,15,MAIN,8,RESOURCE_MANAGEMENT,PLAY_SUPPORTER,1182,PLAY,2,0,121,320,320,2,False,5,6,True,True,1,1,1,345,50,6,345,50,6,False,False,,,False
92557908,585.4,WIN,True,60,15,SWITCH,4,ACTIVE_POKEMON_SELECTION,,,CARD,0,0,121,320,320,2,False,5,6,False,True,1,1,1,345,50,6,756,300,6,False,False,,,False
92557908,585.4,WIN,True,61,15,MAIN,6,ATTACK_SELECTION,ATTACK,,ATTACK,2,1,121,320,320,2,False,5,6,True,True,1,1,1,756,300,6,756,100,6,False,False,,,False
92557908,585.4,WIN,True,62,15,DAMAGE_COUNTER_ANY,4,TARGET_SELECTION,,,CARD,0,0,121,320,320,2,False,5,6,False,True,1,1,1,756,100,6,756,100,6,False,False,,,False
92557908,585.4,WIN,True,63,15,DAMAGE_COUNTER_ANY,4,TARGET_SELECTION,,,CARD,0,0,121,320,320,2,False,5,6,False,True,1,1,1,756,100,6,756,100,6,False,False,,,False
92557908,585.4,WIN,True,64,15,DAMAGE_COUNTER_ANY,4,TARGET_SELECTION,,,CARD,0,0,121,320,320,2,False,5,6,False,True,1,1,1,756,100,6,756,100,6,False,False,,,False
92557908,585.4,WIN,True,65,15,DAMAGE_COUNTER_ANY,4,TARGET_SELECTION,,,CARD,0,0,121,320,320,2,False,5,6,False,True,1,1,1,756,100,6,756,100,6,False,False,,,False
92557908,585.4,WIN,True,66,15,DAMAGE_COUNTER_ANY,4,TARGET_SELECTION,,,CARD,0,0,121,320,320,2,False,5,6,False,True,1,1,1,756,100,6,756,100,6,False,False,,,False
92557908,585.4,WIN,True,67,15,DAMAGE_COUNTER_ANY,4,TARGET_SELECTION,,,,0,0,121,320,320,2,False,5,6,False,True,1,1,1,756,100,6,756,260,6,False,False,,,False
92557908,585.4,WIN,True,68,17,MAIN,8,RESOURCE_MANAGEMENT,PLAY_ITEM,1120,PLAY,2,0,121,100,320,2,True,5,6,True,True,1,1,1,756,260,6,756,260,6,True,False,Rapid-Fire Combo,200,False
92557908,585.4,WIN,True,69,17,DISCARD_ENERGY,5,ENERGY_MANAGEMENT,,,ENERGY,0,0,121,100,320,2,True,5,6,False,True,1,1,1,756,260,6,756,260,6,True,False,Rapid-Fire Combo,200,False
92557908,585.4,WIN,True,70,17,MAIN,7,RESOURCE_MANAGEMENT,PLAY_SUPPORTER,1198,PLAY,2,0,121,100,320,2,True,5,6,True,True,1,1,1,756,260,6,756,260,6,True,False,Rapid-Fire Combo,200,False
92557908,585.4,WIN,True,71,17,TO_HAND,5,RESOURCE_MANAGEMENT,,,CARD,0,0,121,100,320,2,True,5,6,False,True,1,1,1,756,260,6,756,260,6,True,False,Rapid-Fire Combo,200,False
92557908,585.4,WIN,True,72,17,ATTACH_TO,2,ENERGY_MANAGEMENT,,,CARD,0,0,121,100,320,2,True,5,6,False,True,1,1,1,756,260,6,756,260,6,True,False,Rapid-Fire Combo,200,False
92557908,585.4,WIN,True,73,17,ATTACH_FROM,6,ENERGY_MANAGEMENT,,,CARD,0,0,121,100,320,2,True,5,6,False,True,1,1,1,756,260,6,756,260,6,True,False,Rapid-Fire Combo,200,False
92557908,585.4,WIN,True,74,17,MAIN,12,ENERGY_MANAGEMENT,ATTACH_ENERGY,,ATTACH,2,0,121,100,320,2,True,5,6,True,True,1,1,2,756,260,6,756,260,6,True,False,Rapid-Fire Combo,200,False
92557908,585.4,WIN,True,75,17,MAIN,5,ATTACK_SELECTION,ATTACK,,ATTACK,2,1,121,100,320,2,True,5,6,True,True,1,1,2,756,260,6,756,60,6,True,False,Rapid-Fire Combo,200,False
92557908,585.4,WIN,True,76,17,DAMAGE_COUNTER_ANY,5,TARGET_SELECTION,,,CARD,0,0,121,100,320,2,True,5,6,False,True,1,1,2,756,60,6,756,60,6,True,False,Rapid-Fire Combo,200,False
92557908,585.4,WIN,True,77,17,DAMAGE_COUNTER_ANY,5,TARGET_SELECTION,,,CARD,0,0,121,100,320,2,True,5,6,False,True,1,1,2,756,60,6,756,60,6,True,False,Rapid-Fire Combo,200,False
92557908,585.4,WIN,True,78,17,DAMAGE_COUNTER_ANY,5,TARGET_SELECTION,,,CARD,0,0,121,100,320,2,True,5,6,False,True,1,1,2,756,60,6,756,60,6,True,False,Rapid-Fire Combo,200,False
92557908,585.4,WIN,True,79,17,DAMAGE_COUNTER_ANY,5,TARGET_SELECTION,,,CARD,0,0,121,100,320,2,True,5,6,False,True,1,1,2,756,60,6,756,60,6,True,False,Rapid-Fire Combo,200,False
92557908,585.4,WIN,True,80,17,DAMAGE_COUNTER_ANY,5,TARGET_SELECTION,,,CARD,0,0,121,100,320,2,True,5,6,False,True,1,1,2,756,60,6,756,60,6,True,False,Rapid-Fire Combo,200,False
92557908,585.4,WIN,True,81,17,DAMAGE_COUNTER_ANY,5,TARGET_SELECTION,,,CARD,0,0,121,100,320,2,True,5,6,False,True,1,1,2,756,60,6,756,60,6,True,False,Rapid-Fire Combo,200,False
92557908,585.4,WIN,True,82,17,TO_HAND,6,RESOURCE_MANAGEMENT,,,,0,0,121,80,320,2,True,5,6,False,True,1,1,2,756,60,6,756,60,4,True,False,Rapid-Fire Combo,200,False
92557908,585.4,WIN,True,83,18,TO_ACTIVE,5,ACTIVE_POKEMON_SELECTION,,,CARD,0,0,,,,,False,5,5,False,True,,,2,756,60,4,756,60,4,,,,,True
92557908,585.4,WIN,True,84,19,MAIN,7,RESOURCE_MANAGEMENT,PLAY_ITEM,1097,PLAY,1,0,235,30,30,1,False,4,5,True,True,0,0,1,756,60,4,756,60,4,True,False,Rapid-Fire Combo,200,False
92557908,585.4,WIN,True,85,19,TO_HAND,7,RESOURCE_MANAGEMENT,,,CARD,0,0,235,30,30,1,False,4,5,False,True,0,0,1,756,60,4,756,60,4,True,False,Rapid-Fire Combo,200,False
92557908,585.4,WIN,True,86,19,MAIN,8,BENCH_MANAGEMENT,EVOLVE,,EVOLVE,1,0,235,30,30,1,False,4,5,True,True,0,0,1,756,60,4,756,60,4,True,False,Rapid-Fire Combo,200,False
92557908,585.4,WIN,True,87,19,MAIN,7,RESOURCE_MANAGEMENT,ABILITY,,ABILITY,1,0,235,30,30,1,False,4,5,True,True,0,0,1,756,60,4,756,60,4,True,False,Rapid-Fire Combo,200,False
92557908,585.4,WIN,True,88,19,TO_HAND,2,RESOURCE_MANAGEMENT,,,CARD,0,0,235,30,30,1,False,4,5,False,True,0,0,1,756,60,4,756,60,4,True,False,Rapid-Fire Combo,200,False
92557908,585.4,WIN,True,89,19,MAIN,7,RESOURCE_MANAGEMENT,PLAY_POKEMON,140,PLAY,1,0,235,30,30,1,False,4,5,True,True,0,0,1,756,60,4,756,60,4,True,False,Rapid-Fire Combo,200,False
92557908,585.4,WIN,True,90,19,MAIN,7,RESOURCE_MANAGEMENT,ABILITY,,ABILITY,1,0,235,30,30,1,False,5,5,True,True,0,0,1,756,60,4,756,60,4,True,False,Rapid-Fire Combo,200,False
92557908,585.4,WIN,True,91,19,MAIN,13,ENERGY_MANAGEMENT,ATTACH_ENERGY,,ATTACH,1,0,235,30,30,1,False,5,5,True,True,0,0,1,756,60,4,756,60,4,True,False,Rapid-Fire Combo,200,False
92557908,585.4,WIN,True,92,19,MAIN,7,RESOURCE_MANAGEMENT,PLAY_SUPPORTER,1182,PLAY,1,0,235,30,30,1,False,5,5,True,True,0,0,1,756,60,4,756,60,4,True,False,Rapid-Fire Combo,200,False
92557908,585.4,WIN,True,93,19,SWITCH,4,ACTIVE_POKEMON_SELECTION,,,CARD,0,0,235,30,30,1,False,5,5,False,True,0,0,1,756,60,4,756,300,4,True,False,Rapid-Fire Combo,200,False
92557908,585.4,WIN,True,94,19,MAIN,6,RETREAT_SELECTION,RETREAT,,RETREAT,1,0,235,30,30,1,False,5,5,True,True,0,0,1,756,300,4,756,300,4,False,False,,,False
92557908,585.4,WIN,True,95,19,SWITCH,5,ACTIVE_POKEMON_SELECTION,,,CARD,0,0,235,30,30,1,False,5,5,False,True,0,0,1,756,300,4,756,300,4,False,False,,,False
92557908,585.4,WIN,True,96,19,MAIN,6,ATTACK_SELECTION,ATTACK,,ATTACK,2,1,121,320,320,2,False,5,5,False,True,1,1,1,756,300,4,756,100,4,False,False,,,True
92557908,585.4,WIN,True,97,19,DAMAGE_COUNTER_ANY,4,TARGET_SELECTION,,,CARD,0,0,121,320,320,2,False,5,5,False,True,1,1,1,756,100,4,756,100,4,False,False,,,False
92557908,585.4,WIN,True,98,19,DAMAGE_COUNTER_ANY,4,TARGET_SELECTION,,,CARD,0,0,121,320,320,2,False,5,5,False,True,1,1,1,756,100,4,756,100,4,False,False,,,False
92557908,585.4,WIN,True,99,19,DAMAGE_COUNTER_ANY,4,TARGET_SELECTION,,,CARD,0,0,121,320,320,2,False,5,5,False,True,1,1,1,756,100,4,756,100,4,False,False,,,False
92557908,585.4,WIN,True,100,19,DAMAGE_COUNTER_ANY,4,TARGET_SELECTION,,,CARD,0,0,121,320,320,2,False,5,5,False,True,1,1,1,756,100,4,756,100,4,False,False,,,False
92557908,585.4,WIN,True,101,19,DAMAGE_COUNTER_ANY,4,TARGET_SELECTION,,,CARD,0,0,121,320,320,2,False,5,5,False,True,1,1,1,756,100,4,756,100,4,False,False,,,False
92557908,585.4,WIN,True,102,19,DAMAGE_COUNTER_ANY,4,TARGET_SELECTION,,,CARD,0,0,121,320,320,2,False,5,5,False,True,1,1,1,756,100,4,756,100,4,False,False,,,False
92557908,585.4,WIN,True,103,19,TO_HAND,5,RESOURCE_MANAGEMENT,,,,0,0,121,320,320,2,False,5,5,False,True,1,1,1,756,100,4,756,100,4,False,False,,,False
92557908,585.4,WIN,True,104,20,DISCARD,5,RESOURCE_MANAGEMENT,,,,0,0,121,320,320,2,False,5,4,False,True,1,1,1,756,100,4,756,60,4,False,False,,,False
92557908,585.4,WIN,True,105,21,MAIN,13,RESOURCE_MANAGEMENT,ABILITY,,ABILITY,2,0,121,20,320,2,True,5,4,True,True,1,1,1,756,60,4,756,60,4,True,False,Rapid-Fire Combo,200,False
92557908,585.4,WIN,True,106,21,TO_HAND,2,RESOURCE_MANAGEMENT,,,CARD,0,0,121,20,320,2,True,5,4,False,True,1,1,1,756,60,4,756,60,4,True,False,Rapid-Fire Combo,200,False
92557908,585.4,WIN,True,107,21,MAIN,13,ENERGY_MANAGEMENT,ATTACH_ENERGY,,ATTACH,2,0,121,20,320,2,True,5,4,True,True,1,1,1,756,60,4,756,60,4,True,False,Rapid-Fire Combo,200,False
92557908,585.4,WIN,True,108,21,MAIN,7,RESOURCE_MANAGEMENT,PLAY_SUPPORTER,1227,PLAY,2,0,121,20,320,2,True,5,4,True,True,1,1,2,756,60,4,756,60,4,True,False,Rapid-Fire Combo,200,False
92557908,585.4,WIN,True,109,21,MAIN,6,ATTACK_SELECTION,ATTACK,,ATTACK,2,1,121,20,320,2,True,5,4,True,True,1,1,2,756,60,4,756,0,4,True,False,Rapid-Fire Combo,200,False
92557908,585.4,WIN,True,110,21,DAMAGE_COUNTER_ANY,3,TARGET_SELECTION,,,CARD,0,0,121,20,320,2,True,5,4,False,True,1,1,2,756,0,4,756,0,4,True,False,Rapid-Fire Combo,200,False
92557908,585.4,WIN,True,111,21,DAMAGE_COUNTER_ANY,3,TARGET_SELECTION,,,CARD,0,0,121,20,320,2,True,5,4,False,True,1,1,2,756,0,4,756,0,4,True,False,Rapid-Fire Combo,200,False
92557908,585.4,WIN,True,112,21,DAMAGE_COUNTER_ANY,3,TARGET_SELECTION,,,CARD,0,0,121,20,320,2,True,5,4,False,True,1,1,2,756,0,4,756,0,4,True,False,Rapid-Fire Combo,200,False
92557908,585.4,WIN,True,113,21,DAMAGE_COUNTER_ANY,3,TARGET_SELECTION,,,CARD,0,0,121,20,320,2,True,5,4,False,True,1,1,2,756,0,4,756,0,4,True,False,Rapid-Fire Combo,200,False
92557908,585.4,WIN,True,114,21,DAMAGE_COUNTER_ANY,3,TARGET_SELECTION,,,CARD,0,0,121,20,320,2,True,5,4,False,True,1,1,2,756,0,4,756,0,4,True,False,Rapid-Fire Combo,200,False
92557908,585.4,WIN,True,115,21,DAMAGE_COUNTER_ANY,3,TARGET_SELECTION,,,,0,0,121,20,320,2,True,5,4,False,True,1,1,2,756,0,4,,,2,True,False,Rapid-Fire Combo,200,False
92557908,585.4,WIN,True,116,21,TO_HAND,4,RESOURCE_MANAGEMENT,,,,0,0,,,,,False,5,4,False,True,,,2,,,2,345,50,2,,,,,True
92557908,585.4,WIN,True,117,21,TO_ACTIVE,5,ACTIVE_POKEMON_SELECTION,,,,0,0,,,,,False,5,1,False,True,,,2,345,50,2,345,50,2,,,,,False
92557908,585.4,WIN,True,118,22,DISCARD,9,RESOURCE_MANAGEMENT,,,,0,0,235,30,30,1,False,4,1,False,True,0,0,1,345,50,2,345,50,2,False,False,,,False
92557908,585.4,WIN,True,119,23,MAIN,8,RESOURCE_MANAGEMENT,PLAY_ITEM,1097,PLAY,1,0,235,30,30,1,False,4,1,True,True,0,0,1,345,50,2,345,50,2,False,False,,,False
92557908,585.4,WIN,True,120,23,TO_HAND,15,RESOURCE_MANAGEMENT,,,CARD,0,0,235,30,30,1,False,4,1,False,True,0,0,1,345,50,2,345,50,2,False,False,,,False
92557908,585.4,WIN,True,121,23,MAIN,8,BENCH_MANAGEMENT,EVOLVE,,EVOLVE,1,0,235,30,30,1,False,4,1,True,True,0,0,1,345,50,2,345,50,2,False,False,,,False
92557908,585.4,WIN,True,122,23,MAIN,6,TIMING,,,,1,0,235,30,30,1,False,4,1,True,True,0,0,1,345,50,2,345,140,2,False,False,,,False
92557908,585.4,WIN,True,123,25,MAIN,7,TIMING,,,,1,0,235,30,30,1,False,4,1,True,True,0,0,1,345,140,2,345,130,2,False,False,,,False
92557908,585.4,WIN,True,124,27,MAIN,8,RETREAT_SELECTION,RETREAT,,RETREAT,1,0,119,70,70,1,False,4,1,True,True,1,1,1,345,130,2,345,130,2,False,False,,,True
92557908,585.4,WIN,True,125,27,SWITCH,4,ACTIVE_POKEMON_SELECTION,,,CARD,0,0,119,70,70,1,False,4,1,False,True,1,1,1,345,130,2,345,130,2,False,False,,,False
92557908,585.4,WIN,True,126,27,MAIN,6,TIMING,,,,0,0,121,320,320,2,False,4,1,False,True,1,0,2,345,130,2,345,130,2,False,False,,,True
92557908,585.4,WIN,True,127,29,MAIN,7,TIMING,,,,0,0,121,320,320,2,False,4,1,False,True,1,0,2,345,130,2,345,130,2,False,False,,,False
92557908,585.4,WIN,True,128,31,MAIN,8,BENCH_MANAGEMENT,EVOLVE,,EVOLVE,0,0,121,320,320,2,False,4,1,False,True,1,0,2,345,130,2,345,130,2,False,False,,,False
92557908,585.4,WIN,True,129,31,MAIN,8,TIMING,,,,0,0,121,320,320,2,False,4,1,False,True,1,0,1,345,130,2,345,130,2,False,False,,,False
92557908,585.4,WIN,True,130,33,MAIN,9,TIMING,,,,0,0,121,320,320,2,False,4,1,False,True,1,0,1,345,130,2,345,130,2,False,False,,,False
92557908,585.4,WIN,True,131,35,MAIN,9,TIMING,,,,0,0,121,320,320,2,False,4,1,False,True,1,0,1,345,130,2,345,130,2,False,False,,,False
92557908,585.4,WIN,True,132,37,MAIN,10,TIMING,,,,0,0,121,320,320,2,False,4,1,False,True,1,0,1,345,130,2,345,130,2,False,False,,,False
92557908,585.4,WIN,True,133,38,DISCARD,9,RESOURCE_MANAGEMENT,,,,0,0,121,320,320,2,False,4,1,False,True,1,0,1,345,130,2,345,130,2,False,False,,,False
92557908,585.4,WIN,True,134,39,MAIN,2,RESOURCE_MANAGEMENT,PLAY_SUPPORTER,1227,PLAY,0,0,121,320,320,2,False,4,1,False,True,1,0,1,345,130,2,345,130,2,False,False,,,False
92558848,674.5,LOSS,False,0,,,0,UNKNOWN,,,,0,0,,,,,False,,,False,False,,,0,,,,,,,,,,,False
92558848,674.5,LOSS,False,1,,,0,UNKNOWN,,,,0,0,,,,,False,,,False,False,,,0,,,,,,6,,,,,False
92558848,674.5,LOSS,False,2,0,SETUP_ACTIVE_POKEMON,1,EARLY_GAME_SETUP,,,,0,0,,,,,False,0,0,False,False,,,0,,,6,677,80,6,,,,,False
92558848,674.5,LOSS,False,3,2,MAIN,7,RESOURCE_MANAGEMENT,PLAY_ITEM,1086,PLAY,0,0,119,70,70,1,False,0,6,False,False,1,0,0,677,80,6,677,80,6,False,False,,,False
92558848,674.5,LOSS,False,4,2,TO_BENCH,5,BENCH_MANAGEMENT,,,CARD;CARD,0,0,119,70,70,1,False,0,6,False,False,1,0,0,677,80,6,677,80,6,False,False,,,False
92558848,674.5,LOSS,False,5,2,MAIN,12,ENERGY_MANAGEMENT,ATTACH_ENERGY,,ATTACH,0,0,119,70,70,1,False,2,6,False,True,1,0,1,677,80,6,677,80,6,False,False,,,False
92558848,674.5,LOSS,False,6,2,MAIN,3,TIMING,,,,0,0,119,70,70,1,False,2,6,False,True,1,0,2,677,80,6,678,340,5,False,False,,,False
92558848,674.5,LOSS,False,7,3,TO_ACTIVE,2,ACTIVE_POKEMON_SELECTION,,,CARD,0,0,,,,,False,2,6,False,True,,,2,678,340,5,678,340,5,,,,,True
92558848,674.5,LOSS,False,8,4,MAIN,11,RESOURCE_MANAGEMENT,PLAY_ITEM,1097,PLAY,1,0,235,30,30,1,False,1,6,True,True,0,0,1,678,340,5,678,340,5,True,False,Aura Jab,130,False
92558848,674.5,LOSS,False,9,4,TO_HAND,1,RESOURCE_MANAGEMENT,,,CARD,0,0,235,30,30,1,False,1,6,False,True,0,0,1,678,340,5,678,340,5,True,False,Aura Jab,130,False
92558848,674.5,LOSS,False,10,4,MAIN,11,RESOURCE_MANAGEMENT,PLAY_POKEMON,119,PLAY,1,0,235,30,30,1,False,1,6,True,True,0,0,1,678,340,5,678,340,5,True,False,Aura Jab,130,False
92558848,674.5,LOSS,False,11,4,MAIN,12,ENERGY_MANAGEMENT,ATTACH_ENERGY,,ATTACH,1,0,235,30,30,1,False,2,6,True,True,0,0,1,678,340,5,678,340,5,True,False,Aura Jab,130,False
92558848,674.5,LOSS,False,12,4,MAIN,6,TIMING,,,,1,0,235,30,30,1,False,2,6,True,True,0,0,1,678,340,5,678,330,4,True,False,Aura Jab,130,False
92558848,674.5,LOSS,False,13,5,TO_ACTIVE,2,ACTIVE_POKEMON_SELECTION,,,CARD,0,0,,,,,False,2,6,False,True,,,1,678,330,4,678,330,4,,,,,True
92558848,674.5,LOSS,False,14,6,MAIN,9,RESOURCE_MANAGEMENT,PLAY_POKEMON,119,PLAY,1,0,235,30,30,1,False,1,6,True,True,0,0,0,678,330,4,678,330,4,True,False,Aura Jab,130,False
92558848,674.5,LOSS,False,15,6,MAIN,9,ENERGY_MANAGEMENT,ATTACH_ENERGY,,ATTACH,1,0,235,30,30,1,False,2,6,True,True,0,0,0,678,330,4,678,330,4,True,False,Aura Jab,130,False
92558848,674.5,LOSS,False,16,6,MAIN,6,TIMING,,,,1,0,235,30,30,1,False,2,6,True,True,0,0,1,678,330,4,678,320,3,True,False,Aura Jab,130,False
92558848,674.5,LOSS,False,17,7,TO_ACTIVE,2,ACTIVE_POKEMON_SELECTION,,,CARD,0,0,,,,,False,2,6,False,True,,,2,678,320,3,678,320,3,,,,,True
92558848,674.5,LOSS,False,18,8,MAIN,7,BENCH_MANAGEMENT,EVOLVE,,EVOLVE,1,0,235,30,30,1,False,1,6,True,True,0,0,1,678,320,3,678,320,3,True,False,Mega Brave,270,False
92558848,674.5,LOSS,False,19,8,MAIN,7,RESOURCE_MANAGEMENT,ABILITY,,ABILITY,1,0,235,30,30,1,False,1,6,True,True,0,0,0,678,320,3,678,320,3,True,False,Mega Brave,270,False
92558848,674.5,LOSS,False,20,8,TO_HAND,2,RESOURCE_MANAGEMENT,,,CARD,0,0,235,30,30,1,False,1,6,False,True,0,0,0,678,320,3,678,320,3,True,False,Mega Brave,270,False
92558848,674.5,LOSS,False,21,8,MAIN,7,RESOURCE_MANAGEMENT,PLAY_SUPPORTER,1227,PLAY,1,0,235,30,30,1,False,1,6,True,True,0,0,0,678,320,3,678,320,3,True,False,Mega Brave,270,False
92558848,674.5,LOSS,False,22,8,MAIN,9,RESOURCE_MANAGEMENT,PLAY_ITEM,1152,PLAY,1,0,235,30,30,1,False,1,6,True,True,0,0,0,678,320,3,678,320,3,True,False,Mega Brave,270,False
92558848,674.5,LOSS,False,23,8,TO_HAND,5,RESOURCE_MANAGEMENT,,,CARD,0,0,235,30,30,1,False,1,6,False,True,0,0,0,678,320,3,678,320,3,True,False,Mega Brave,270,False
92558848,674.5,LOSS,False,24,8,MAIN,9,RESOURCE_MANAGEMENT,PLAY_POKEMON,119,PLAY,1,0,235,30,30,1,False,1,6,True,True,0,0,0,678,320,3,678,320,3,True,False,Mega Brave,270,False
92558848,674.5,LOSS,False,25,8,MAIN,10,RESOURCE_MANAGEMENT,PLAY_ITEM,1152,PLAY,1,0,235,30,30,1,False,2,6,True,True,0,0,0,678,320,3,678,320,3,True,False,Mega Brave,270,False
92558848,674.5,LOSS,False,26,8,TO_HAND,4,RESOURCE_MANAGEMENT,,,CARD,0,0,235,30,30,1,False,2,6,False,True,0,0,0,678,320,3,678,320,3,True,False,Mega Brave,270,False
92558848,674.5,LOSS,False,27,8,MAIN,9,ENERGY_MANAGEMENT,ATTACH_ENERGY,,ATTACH,1,0,235,30,30,1,False,2,6,True,True,0,0,0,678,320,3,678,320,3,True,False,Mega Brave,270,False
92558848,674.5,LOSS,False,28,8,MAIN,3,TIMING,,,,1,0,235,30,30,1,False,2,6,True,True,0,0,0,678,320,3,678,310,2,True,False,Mega Brave,270,False
92558848,674.5,LOSS,False,29,9,TO_ACTIVE,2,ACTIVE_POKEMON_SELECTION,,,CARD,0,0,,,,,False,2,6,False,True,,,0,678,310,2,678,310,2,,,,,True
92558848,674.5,LOSS,False,30,10,MAIN,11,BENCH_MANAGEMENT,EVOLVE,,EVOLVE,0,0,120,90,90,1,False,1,6,True,True,1,1,0,678,310,2,678,310,2,True,False,Mega Brave,270,False
92558848,674.5,LOSS,False,31,10,MAIN,10,RESOURCE_MANAGEMENT,PLAY_SUPPORTER,1198,PLAY,1,0,121,320,320,2,False,1,6,True,True,1,1,0,678,310,2,678,310,2,False,False,Mega Brave,270,True
92558848,674.5,LOSS,False,32,10,TO_HAND,3,RESOURCE_MANAGEMENT,,,CARD,0,0,121,320,320,2,False,1,6,False,True,1,1,0,678,310,2,678,310,2,False,False,Mega Brave,270,False
92558848,674.5,LOSS,False,33,10,ATTACH_TO,1,ENERGY_MANAGEMENT,,,CARD,0,0,121,320,320,2,False,1,6,False,True,1,1,0,678,310,2,678,310,2,False,False,Mega Brave,270,False
92558848,674.5,LOSS,False,34,10,ATTACH_FROM,2,ENERGY_MANAGEMENT,,,CARD,0,0,121,320,320,2,False,1,6,False,True,1,1,0,678,310,2,678,310,2,False,False,Mega Brave,270,False
92558848,674.5,LOSS,False,35,10,MAIN,9,BENCH_MANAGEMENT,EVOLVE,,EVOLVE,2,0,121,320,320,2,False,1,6,True,True,1,1,0,678,310,2,678,310,2,False,False,Mega Brave,270,False
92558848,674.5,LOSS,False,36,10,MAIN,9,RESOURCE_MANAGEMENT,ABILITY,,ABILITY,2,0,121,320,320,2,False,1,6,True,True,1,1,0,678,310,2,678,310,2,False,False,Mega Brave,270,False
92558848,674.5,LOSS,False,37,10,TO_HAND,2,RESOURCE_MANAGEMENT,,,CARD,0,0,121,320,320,2,False,1,6,False,True,1,1,0,678,310,2,678,310,2,False,False,Mega Brave,270,False
92558848,674.5,LOSS,False,38,10,MAIN,8,ENERGY_MANAGEMENT,ATTACH_ENERGY,,ATTACH,2,0,121,320,320,2,False,1,6,True,True,1,1,0,678,310,2,678,310,2,False,False,Mega Brave,270,False
92558848,674.5,LOSS,False,39,10,MAIN,4,ATTACK_SELECTION,ATTACK,,ATTACK,2,1,121,320,320,2,False,1,6,True,True,1,1,1,678,310,2,678,110,2,False,False,Mega Brave,270,False
92558848,674.5,LOSS,False,40,10,DAMAGE_COUNTER_ANY,5,TARGET_SELECTION,,,CARD,0,0,121,320,320,2,False,1,6,False,True,1,1,1,678,110,2,678,110,2,False,False,Mega Brave,270,False
92558848,674.5,LOSS,False,41,10,DAMAGE_COUNTER_ANY,5,TARGET_SELECTION,,,CARD,0,0,121,320,320,2,False,1,6,False,True,1,1,1,678,110,2,678,110,2,False,False,Mega Brave,270,False
92558848,674.5,LOSS,False,42,10,DAMAGE_COUNTER_ANY,5,TARGET_SELECTION,,,CARD,0,0,121,320,320,2,False,1,6,False,True,1,1,1,678,110,2,678,110,2,False,False,Mega Brave,270,False
92558848,674.5,LOSS,False,43,10,DAMAGE_COUNTER_ANY,5,TARGET_SELECTION,,,CARD,0,0,121,320,320,2,False,1,6,False,True,1,1,1,678,110,2,678,110,2,False,False,Mega Brave,270,False
92558848,674.5,LOSS,False,44,10,DAMAGE_COUNTER_ANY,5,TARGET_SELECTION,,,CARD,0,0,121,320,320,2,False,1,6,False,True,1,1,1,678,110,2,678,110,2,False,False,Mega Brave,270,False
92558848,674.5,LOSS,False,45,10,DAMAGE_COUNTER_ANY,5,TARGET_SELECTION,,,,0,0,121,320,320,2,False,1,6,False,True,1,1,1,678,110,2,678,110,2,False,False,Mega Brave,270,False
92558848,674.5,LOSS,False,46,12,MAIN,12,RESOURCE_MANAGEMENT,ABILITY,,ABILITY,2,0,121,20,320,2,True,1,6,True,True,1,1,1,678,110,2,678,110,2,True,False,Mega Brave,270,False
92558848,674.5,LOSS,False,47,12,TO_HAND,2,RESOURCE_MANAGEMENT,,,CARD,0,0,121,20,320,2,True,1,6,False,True,1,1,1,678,110,2,678,110,2,True,False,Mega Brave,270,False
92558848,674.5,LOSS,False,48,12,MAIN,12,RESOURCE_MANAGEMENT,PLAY_SUPPORTER,1182,PLAY,2,0,121,20,320,2,True,1,6,True,True,1,1,1,678,110,2,678,110,2,True,False,Mega Brave,270,False
92558848,674.5,LOSS,False,49,12,SWITCH,5,ACTIVE_POKEMON_SELECTION,,,CARD,0,0,121,20,320,2,True,1,6,False,True,1,1,1,678,110,2,678,340,2,True,False,Mega Brave,270,False
92558848,674.5,LOSS,False,50,12,MAIN,7,ATTACK_SELECTION,ATTACK,,ATTACK,2,1,121,20,320,2,True,1,6,True,True,1,1,1,678,340,2,678,140,2,True,False,Mega Brave,270,False
92558848,674.5,LOSS,False,51,12,DAMAGE_COUNTER_ANY,5,TARGET_SELECTION,,,CARD,0,0,121,20,320,2,True,1,6,False,True,1,1,1,678,140,2,678,140,2,True,False,Mega Brave,270,False
92558848,674.5,LOSS,False,52,12,DAMAGE_COUNTER_ANY,5,TARGET_SELECTION,,,CARD,0,0,121,20,320,2,True,1,6,False,True,1,1,1,678,140,2,678,140,2,True,False,Mega Brave,270,False
92558848,674.5,LOSS,False,53,12,DAMAGE_COUNTER_ANY,5,TARGET_SELECTION,,,CARD,0,0,121,20,320,2,True,1,6,False,True,1,1,1,678,140,2,678,140,2,True,False,Mega Brave,270,False
92558848,674.5,LOSS,False,54,12,DAMAGE_COUNTER_ANY,5,TARGET_SELECTION,,,CARD,0,0,121,20,320,2,True,1,6,False,True,1,1,1,678,140,2,678,140,2,True,False,Mega Brave,270,False
92558848,674.5,LOSS,False,55,12,DAMAGE_COUNTER_ANY,5,TARGET_SELECTION,,,CARD,0,0,121,20,320,2,True,1,6,False,True,1,1,1,678,140,2,678,140,2,True,False,Mega Brave,270,False
92559794,741.2,WIN,True,0,,,0,UNKNOWN,,,,0,0,,,,,False,,,False,False,,,0,,,,,,,,,,,False
92559794,741.2,WIN,True,1,,,0,UNKNOWN,,,,0,0,,,,,False,,,False,False,,,0,,,,,,0,,,,,False
92559794,741.2,WIN,True,2,0,IS_FIRST,2,GOING_FIRST_SECOND,,,YES,0,0,,,,,False,0,0,False,False,,,0,,,0,,,0,,,,,False
92559794,741.2,WIN,True,3,0,SETUP_ACTIVE_POKEMON,3,EARLY_GAME_SETUP,,,,0,0,,,,,False,0,0,False,False,,,0,,,0,,,6,,,,,False
92559794,741.2,WIN,True,4,0,DRAW_COUNT,2,SEARCH_DECISION,,,NUMBER,0,0,,,,,False,0,6,False,False,,,0,,,6,,,6,,,,,False
92559794,741.2,WIN,True,5,0,SETUP_BENCH_POKEMON,2,BENCH_MANAGEMENT,,,,0,0,,,,,False,0,6,False,False,,,0,,,6,646,70,6,,,,,False
92559794,741.2,WIN,True,6,1,MAIN,6,RESOURCE_MANAGEMENT,PLAY_POKEMON,119,PLAY,0,0,235,30,30,1,False,0,6,False,False,0,0,0,646,70,6,646,70,6,False,False,,,False
92559794,741.2,WIN,True,7,1,MAIN,7,RESOURCE_MANAGEMENT,PLAY_ITEM,1086,PLAY,0,0,235,30,30,1,False,1,6,True,True,0,0,0,646,70,6,646,70,6,False,False,,,False
92559794,741.2,WIN,True,8,1,TO_BENCH,3,BENCH_MANAGEMENT,,,CARD;CARD,0,0,235,30,30,1,False,1,6,False,True,0,0,0,646,70,6,646,70,6,False,False,,,False
92559794,741.2,WIN,True,9,1,MAIN,8,RESOURCE_MANAGEMENT,PLAY_ITEM,1152,PLAY,0,0,235,30,30,1,False,3,6,True,True,0,0,0,646,70,6,646,70,6,False,False,,,False
92559794,741.2,WIN,True,10,1,TO_HAND,3,RESOURCE_MANAGEMENT,,,CARD,0,0,235,30,30,1,False,3,6,False,True,0,0,0,646,70,6,646,70,6,False,False,,,False
92559794,741.2,WIN,True,11,1,MAIN,8,RESOURCE_MANAGEMENT,PLAY_POKEMON,119,PLAY,0,0,235,30,30,1,False,3,6,True,True,0,0,0,646,70,6,646,70,6,False,False,,,False
92559794,741.2,WIN,True,12,1,MAIN,8,ENERGY_MANAGEMENT,ATTACH_ENERGY,,ATTACH,0,0,235,30,30,1,False,4,6,True,True,0,0,0,646,70,6,646,70,6,False,False,,,False
92559794,741.2,WIN,True,13,1,MAIN,3,TIMING,,,,0,0,235,30,30,1,False,4,6,True,True,0,0,0,646,70,6,646,70,6,False,False,,,False
92559794,741.2,WIN,True,14,3,MAIN,12,RESOURCE_MANAGEMENT,ABILITY,,ABILITY,1,0,235,30,30,1,False,4,6,True,True,0,0,0,646,70,6,646,70,6,False,False,,,False
92559794,741.2,WIN,True,15,3,MAIN,11,BENCH_MANAGEMENT,EVOLVE,,EVOLVE,1,0,235,30,30,1,False,4,6,True,True,0,0,0,646,70,6,646,70,6,False,False,,,False
92559794,741.2,WIN,True,16,3,MAIN,8,RESOURCE_MANAGEMENT,ABILITY,,ABILITY,1,0,235,30,30,1,False,4,6,True,True,0,0,0,646,70,6,646,70,6,False,False,,,False
92559794,741.2,WIN,True,17,3,TO_HAND,2,RESOURCE_MANAGEMENT,,,CARD,0,0,235,30,30,1,False,4,6,False,True,0,0,0,646,70,6,646,70,6,False,False,,,False
92559794,741.2,WIN,True,18,3,MAIN,8,RESOURCE_MANAGEMENT,PLAY_SUPPORTER,1227,PLAY,1,0,235,30,30,1,False,4,6,True,True,0,0,0,646,70,6,646,70,6,False,False,,,False
92559794,741.2,WIN,True,19,3,MAIN,17,RESOURCE_MANAGEMENT,PLAY_STADIUM,1256,PLAY,1,0,235,30,30,1,False,4,6,True,True,0,0,0,646,70,6,646,70,6,False,False,,,False
92559794,741.2,WIN,True,20,3,MAIN,15,RESOURCE_MANAGEMENT,PLAY_ITEM,1121,PLAY,1,0,235,30,30,1,False,4,6,True,True,0,0,0,646,70,6,646,70,6,False,False,,,False
92559794,741.2,WIN,True,21,3,DISCARD,6,RESOURCE_MANAGEMENT,,,CARD;CARD,0,0,235,30,30,1,False,4,6,False,True,0,0,0,646,70,6,646,70,6,False,False,,,False
92559794,741.2,WIN,True,22,3,TO_HAND,8,RESOURCE_MANAGEMENT,,,CARD,0,0,235,30,30,1,False,4,6,False,True,0,0,0,646,70,6,646,70,6,False,False,,,False
92559794,741.2,WIN,True,23,3,MAIN,11,BENCH_MANAGEMENT,EVOLVE,,EVOLVE,1,0,235,30,30,1,False,4,6,True,True,0,0,0,646,70,6,646,70,6,False,False,,,False
92559794,741.2,WIN,True,24,3,MAIN,9,RESOURCE_MANAGEMENT,ABILITY,,ABILITY,1,0,235,30,30,1,False,4,6,True,True,0,0,0,646,70,6,646,70,6,False,False,,,False
92559794,741.2,WIN,True,25,3,TO_HAND,2,RESOURCE_MANAGEMENT,,,CARD,0,0,235,30,30,1,False,4,6,False,True,0,0,0,646,70,6,646,70,6,False,False,,,False
92559794,741.2,WIN,True,26,3,MAIN,8,ENERGY_MANAGEMENT,ATTACH_ENERGY,,ATTACH,1,0,235,30,30,1,False,4,6,True,True,0,0,0,646,70,6,646,70,6,False,False,,,False
92559794,741.2,WIN,True,27,3,MAIN,3,TIMING,,,,1,0,235,30,30,1,False,4,6,True,True,0,0,1,646,70,6,647,100,6,False,False,,,False
92559794,741.2,WIN,True,28,5,MAIN,10,RESOURCE_MANAGEMENT,PLAY_STADIUM,1256,PLAY,1,0,235,10,30,1,True,4,6,True,True,0,0,1,647,100,6,647,100,6,False,False,,,False
92559794,741.2,WIN,True,29,5,MAIN,8,RESOURCE_MANAGEMENT,ABILITY,,ABILITY,1,0,235,10,30,1,True,4,6,True,True,0,0,1,647,100,6,647,100,6,False,False,,,False
92559794,741.2,WIN,True,30,5,TO_HAND,2,RESOURCE_MANAGEMENT,,,CARD,0,0,235,10,30,1,True,4,6,False,True,0,0,1,647,100,6,647,100,6,False,False,,,False
92559794,741.2,WIN,True,31,5,MAIN,8,RESOURCE_MANAGEMENT,ABILITY,,ABILITY,1,0,235,10,30,1,True,4,6,True,True,0,0,1,647,100,6,647,100,6,False,False,,,False
92559794,741.2,WIN,True,32,5,TO_HAND,2,RESOURCE_MANAGEMENT,,,CARD,0,0,235,10,30,1,True,4,6,False,True,0,0,1,647,100,6,647,100,6,False,False,,,False
92559794,741.2,WIN,True,33,5,MAIN,8,RESOURCE_MANAGEMENT,PLAY_SUPPORTER,1227,PLAY,1,0,235,10,30,1,True,4,6,True,True,0,0,1,647,100,6,647,100,6,False,False,,,False
92559794,741.2,WIN,True,34,5,MAIN,9,BENCH_MANAGEMENT,EVOLVE,,EVOLVE,1,0,235,10,30,1,True,4,6,True,True,0,0,1,647,100,6,647,100,6,False,False,,,False
92559794,741.2,WIN,True,35,5,MAIN,7,RESOURCE_MANAGEMENT,PLAY_ITEM,1152,PLAY,1,0,235,10,30,1,True,4,6,True,True,0,0,2,647,100,6,647,100,6,False,False,,,False
92559794,741.2,WIN,True,36,5,TO_HAND,2,RESOURCE_MANAGEMENT,,,CARD,0,0,235,10,30,1,True,4,6,False,True,0,0,2,647,100,6,647,100,6,False,False,,,False
92559794,741.2,WIN,True,37,5,MAIN,8,BENCH_MANAGEMENT,EVOLVE,,EVOLVE,1,0,235,10,30,1,True,4,6,True,True,0,0,2,647,100,6,647,100,6,False,False,,,False
92559794,741.2,WIN,True,38,5,MAIN,7,RESOURCE_MANAGEMENT,ABILITY,,ABILITY,1,0,235,10,30,1,True,4,6,True,True,0,0,1,647,100,6,647,100,6,False,False,,,False
92559794,741.2,WIN,True,39,5,TO_HAND,2,RESOURCE_MANAGEMENT,,,CARD,0,0,235,10,30,1,True,4,6,False,True,0,0,1,647,100,6,647,100,6,False,False,,,False
92559794,741.2,WIN,True,40,5,MAIN,6,TIMING,,,,1,0,235,10,30,1,True,4,6,True,True,0,0,1,647,100,6,648,320,5,False,False,,,False
92559794,741.2,WIN,True,41,6,TO_ACTIVE,4,ACTIVE_POKEMON_SELECTION,,,,0,0,,,,,False,4,6,False,True,,,1,648,320,5,648,320,5,,,,,True
92559794,741.2,WIN,True,42,7,MAIN,13,RESOURCE_MANAGEMENT,PLAY_ITEM,1121,PLAY,1,0,121,320,320,2,False,3,6,True,True,1,1,0,648,320,5,648,320,5,False,False,,,False
92559794,741.2,WIN,True,43,7,DISCARD,7,RESOURCE_MANAGEMENT,,,CARD;CARD,0,0,121,320,320,2,False,3,6,False,True,1,1,0,648,320,5,648,320,5,False,False,,,False
92559794,741.2,WIN,True,44,7,TO_HAND,4,RESOURCE_MANAGEMENT,,,CARD,0,0,121,320,320,2,False,3,6,False,True,1,1,0,648,320,5,648,320,5,False,False,,,False
92559794,741.2,WIN,True,45,7,MAIN,12,BENCH_MANAGEMENT,EVOLVE,,EVOLVE,1,0,121,320,320,2,False,3,6,True,True,1,1,0,648,320,5,648,320,5,False,False,,,False
92559794,741.2,WIN,True,46,7,MAIN,9,RESOURCE_MANAGEMENT,ABILITY,,ABILITY,1,0,121,320,320,2,False,3,6,True,True,1,1,1,648,320,5,648,320,5,False,False,,,False
92559794,741.2,WIN,True,47,7,TO_HAND,2,RESOURCE_MANAGEMENT,,,CARD,0,0,121,320,320,2,False,3,6,False,True,1,1,1,648,320,5,648,320,5,False,False,,,False
92559794,741.2,WIN,True,48,7,MAIN,9,RESOURCE_MANAGEMENT,PLAY_SUPPORTER,1198,PLAY,1,0,121,320,320,2,False,3,6,True,True,1,1,1,648,320,5,648,320,5,False,False,,,False
92559794,741.2,WIN,True,49,7,TO_HAND,3,RESOURCE_MANAGEMENT,,,CARD,0,0,121,320,320,2,False,3,6,False,True,1,1,1,648,320,5,648,320,5,False,False,,,False
92559794,741.2,WIN,True,50,7,ATTACH_TO,1,ENERGY_MANAGEMENT,,,CARD,0,0,121,320,320,2,False,3,6,False,True,1,1,1,648,320,5,648,320,5,False,False,,,False
92559794,741.2,WIN,True,51,7,ATTACH_FROM,4,ENERGY_MANAGEMENT,,,CARD,0,0,121,320,320,2,False,3,6,False,True,1,1,1,648,320,5,648,320,5,False,False,,,False
92559794,741.2,WIN,True,52,7,MAIN,10,ENERGY_MANAGEMENT,ATTACH_ENERGY,,ATTACH,2,0,121,320,320,2,False,3,6,True,True,1,1,1,648,320,5,648,320,5,False,False,,,False
92559794,741.2,WIN,True,53,7,MAIN,6,ATTACK_SELECTION,ATTACK,,ATTACK,2,1,121,320,320,2,False,3,6,True,True,1,1,1,648,320,5,648,120,5,False,False,,,False
92559794,741.2,WIN,True,54,7,DAMAGE_COUNTER_ANY,4,TARGET_SELECTION,,,CARD,0,0,121,320,320,2,False,3,6,False,True,1,1,1,648,120,5,648,120,5,False,False,,,False
92559794,741.2,WIN,True,55,7,DAMAGE_COUNTER_ANY,4,TARGET_SELECTION,,,CARD,0,0,121,320,320,2,False,3,6,False,True,1,1,1,648,120,5,648,120,5,False,False,,,False
92559794,741.2,WIN,True,56,7,DAMAGE_COUNTER_ANY,4,TARGET_SELECTION,,,CARD,0,0,121,320,320,2,False,3,6,False,True,1,1,1,648,120,5,648,120,5,False,False,,,False
92559794,741.2,WIN,True,57,7,DAMAGE_COUNTER_ANY,4,TARGET_SELECTION,,,CARD,0,0,121,320,320,2,False,3,6,False,True,1,1,1,648,120,5,648,120,5,False,False,,,False
92559794,741.2,WIN,True,58,7,DAMAGE_COUNTER_ANY,4,TARGET_SELECTION,,,CARD,0,0,121,320,320,2,False,3,6,False,True,1,1,1,648,120,5,648,120,5,False,False,,,False
92559794,741.2,WIN,True,59,7,DAMAGE_COUNTER_ANY,4,TARGET_SELECTION,,,,0,0,121,320,320,2,False,3,6,False,True,1,1,1,648,120,5,648,150,5,False,False,,,False
92559794,741.2,WIN,True,60,9,MAIN,11,RESOURCE_MANAGEMENT,ABILITY,,ABILITY,2,0,121,290,320,2,True,3,6,True,True,1,1,1,648,150,5,648,150,5,False,False,,,False
92559794,741.2,WIN,True,61,9,TO_HAND,2,RESOURCE_MANAGEMENT,,,CARD,0,0,121,290,320,2,True,3,6,False,True,1,1,1,648,150,5,648,150,5,False,False,,,False
92559794,741.2,WIN,True,62,9,MAIN,14,ENERGY_MANAGEMENT,ATTACH_ENERGY,,ATTACH,2,0,121,290,320,2,True,3,6,True,True,1,1,1,648,150,5,648,150,5,False,False,,,False
92559794,741.2,WIN,True,63,9,MAIN,10,RESOURCE_MANAGEMENT,PLAY_SUPPORTER,1182,PLAY,2,0,121,290,320,2,True,3,6,True,True,1,1,1,648,150,5,648,150,5,False,False,,,False
92559794,741.2,WIN,True,64,9,SWITCH,4,ACTIVE_POKEMON_SELECTION,,,CARD,0,0,121,290,320,2,True,3,6,False,True,1,1,1,648,150,5,112,110,5,False,False,,,False
92559794,741.2,WIN,True,65,9,MAIN,6,ATTACK_SELECTION,ATTACK,,ATTACK,2,1,121,290,320,2,True,3,6,True,True,1,1,1,112,110,5,112,0,5,False,False,,,False
92559794,741.2,WIN,True,66,9,DAMAGE_COUNTER_ANY,4,TARGET_SELECTION,,,CARD,0,0,121,290,320,2,True,3,6,False,True,1,1,1,112,0,5,112,0,5,False,False,,,False
92559794,741.2,WIN,True,67,9,DAMAGE_COUNTER_ANY,4,TARGET_SELECTION,,,CARD,0,0,121,290,320,2,True,3,6,False,True,1,1,1,112,0,5,112,0,5,False,False,,,False
92559794,741.2,WIN,True,68,9,DAMAGE_COUNTER_ANY,4,TARGET_SELECTION,,,CARD,0,0,121,290,320,2,True,3,6,False,True,1,1,1,112,0,5,112,0,5,False,False,,,False
92559794,741.2,WIN,True,69,9,DAMAGE_COUNTER_ANY,4,TARGET_SELECTION,,,CARD,0,0,121,290,320,2,True,3,6,False,True,1,1,1,112,0,5,112,0,5,False,False,,,False
92559794,741.2,WIN,True,70,9,DAMAGE_COUNTER_ANY,4,TARGET_SELECTION,,,CARD,0,0,121,290,320,2,True,3,6,False,True,1,1,1,112,0,5,112,0,5,False,False,,,False
92559794,741.2,WIN,True,71,9,DAMAGE_COUNTER_ANY,4,TARGET_SELECTION,,,CARD,0,0,121,290,320,2,True,3,6,False,True,1,1,1,112,0,5,,,5,False,False,,,False
92559794,741.2,WIN,True,72,9,TO_HAND,6,RESOURCE_MANAGEMENT,,,CARD,0,0,121,290,320,2,True,3,6,False,True,1,1,1,,,5,,,5,,,,,False
92559794,741.2,WIN,True,73,9,TO_HAND,5,RESOURCE_MANAGEMENT,,,,0,0,121,290,320,2,True,3,5,False,True,1,1,1,,,5,648,180,5,,,,,False
92559794,741.2,WIN,True,74,11,MAIN,8,RESOURCE_MANAGEMENT,PLAY_ITEM,1120,PLAY,2,0,121,260,320,2,True,3,4,True,True,1,1,1,648,180,5,648,180,5,False,False,,,False
92559794,741.2,WIN,True,75,11,DISCARD_ENERGY,2,ENERGY_MANAGEMENT,,,ENERGY,0,0,121,260,320,2,True,3,4,False,True,1,1,1,648,180,5,648,180,5,False,False,,,False
92559794,741.2,WIN,True,76,11,MAIN,7,RESOURCE_MANAGEMENT,PLAY_ITEM,1120,PLAY,2,0,121,260,320,2,True,3,4,True,True,1,1,1,648,180,5,648,180,5,False,False,,,False
92559794,741.2,WIN,True,77,11,DISCARD_ENERGY,1,ENERGY_MANAGEMENT,,,ENERGY,0,0,121,260,320,2,True,3,4,False,True,1,1,1,648,180,5,648,180,5,False,False,,,False
92559794,741.2,WIN,True,78,11,MAIN,5,RESOURCE_MANAGEMENT,ABILITY,,ABILITY,2,0,121,260,320,2,True,3,4,True,True,1,1,1,648,180,5,648,180,5,False,False,,,False
92559794,741.2,WIN,True,79,11,TO_HAND,2,RESOURCE_MANAGEMENT,,,CARD,0,0,121,260,320,2,True,3,4,False,True,1,1,1,648,180,5,648,180,5,False,False,,,False
92559794,741.2,WIN,True,80,11,MAIN,5,ATTACK_SELECTION,ATTACK,,ATTACK,2,1,121,260,320,2,True,3,4,True,True,1,1,1,648,180,5,648,0,5,False,False,,,False
92559794,741.2,WIN,True,81,11,DAMAGE_COUNTER_ANY,3,TARGET_SELECTION,,,CARD,0,0,121,260,320,2,True,3,4,False,True,1,1,1,648,0,5,648,0,5,False,False,,,False
92559794,741.2,WIN,True,82,11,DAMAGE_COUNTER_ANY,3,TARGET_SELECTION,,,CARD,0,0,121,260,320,2,True,3,4,False,True,1,1,1,648,0,5,648,0,5,False,False,,,False
92559794,741.2,WIN,True,83,11,DAMAGE_COUNTER_ANY,3,TARGET_SELECTION,,,CARD,0,0,121,260,320,2,True,3,4,False,True,1,1,1,648,0,5,648,0,5,False,False,,,False
92559794,741.2,WIN,True,84,11,DAMAGE_COUNTER_ANY,3,TARGET_SELECTION,,,CARD,0,0,121,260,320,2,True,3,4,False,True,1,1,1,648,0,5,648,0,5,False,False,,,False
92559794,741.2,WIN,True,85,11,DAMAGE_COUNTER_ANY,3,TARGET_SELECTION,,,CARD,0,0,121,260,320,2,True,3,4,False,True,1,1,1,648,0,5,648,0,5,False,False,,,False
92559794,741.2,WIN,True,86,11,DAMAGE_COUNTER_ANY,3,TARGET_SELECTION,,,CARD,0,0,121,260,320,2,True,3,4,False,True,1,1,1,648,0,5,,,5,False,False,,,False
92559794,741.2,WIN,True,87,11,TO_HAND,4,RESOURCE_MANAGEMENT,,,CARD;CARD,0,0,121,260,320,2,True,3,4,False,True,1,1,1,,,5,,,5,,,,,False
92559794,741.2,WIN,True,88,11,TO_HAND,2,RESOURCE_MANAGEMENT,,,,0,0,121,260,320,2,True,3,2,False,True,1,1,1,,,5,860,70,5,,,,,False
92559794,741.2,WIN,True,89,13,MAIN,17,RESOURCE_MANAGEMENT,PLAY_POKEMON,140,PLAY,2,0,121,260,320,2,True,3,1,True,True,1,1,1,860,70,5,860,70,5,False,False,,,False
92559794,741.2,WIN,True,90,13,MAIN,18,RESOURCE_MANAGEMENT,PLAY_ITEM,1120,PLAY,2,0,121,260,320,2,True,4,1,True,True,1,1,1,860,70,5,860,70,5,False,False,,,False
92559794,741.2,WIN,True,91,13,DISCARD_ENERGY,1,ENERGY_MANAGEMENT,,,ENERGY,0,0,121,260,320,2,True,4,1,False,True,1,1,1,860,70,5,860,70,5,False,False,,,False
92559794,741.2,WIN,True,92,13,MAIN,17,RESOURCE_MANAGEMENT,ABILITY,,ABILITY,2,0,121,260,320,2,True,4,1,True,True,1,1,1,860,70,5,860,70,5,False,False,,,False
92559794,741.2,WIN,True,93,13,TO_HAND,2,RESOURCE_MANAGEMENT,,,CARD,0,0,121,260,320,2,True,4,1,False,True,1,1,1,860,70,5,860,70,5,False,False,,,False
92559794,741.2,WIN,True,94,13,MAIN,17,ENERGY_MANAGEMENT,ATTACH_ENERGY,,ATTACH,2,0,121,260,320,2,True,4,1,True,True,1,1,1,860,70,5,860,70,5,False,False,,,False
92559794,741.2,WIN,True,95,13,MAIN,7,RESOURCE_MANAGEMENT,PLAY_SUPPORTER,1227,PLAY,2,0,121,260,320,2,True,4,1,True,True,1,1,1,860,70,5,860,70,5,False,False,,,False
92559794,741.2,WIN,True,96,13,MAIN,8,RESOURCE_MANAGEMENT,PLAY_ITEM,1121,PLAY,2,0,121,260,320,2,True,4,1,True,True,1,1,1,860,70,5,860,70,5,False,False,,,False
92559794,741.2,WIN,True,97,13,DISCARD,5,RESOURCE_MANAGEMENT,,,CARD;CARD,0,0,121,260,320,2,True,4,1,False,True,1,1,1,860,70,5,860,70,5,False,False,,,False
92559794,741.2,WIN,True,98,13,TO_HAND,3,RESOURCE_MANAGEMENT,,,CARD,0,0,121,260,320,2,True,4,1,False,True,1,1,1,860,70,5,860,70,5,False,False,,,False
92559794,741.2,WIN,True,99,13,MAIN,6,BENCH_MANAGEMENT,EVOLVE,,EVOLVE,2,0,121,260,320,2,True,4,1,True,True,1,1,1,860,70,5,860,70,5,False,False,,,False
92559794,741.2,WIN,True,100,13,MAIN,6,RESOURCE_MANAGEMENT,ABILITY,,ABILITY,2,0,121,260,320,2,True,4,1,True,True,1,1,1,860,70,5,860,70,5,False,False,,,False
92559794,741.2,WIN,True,101,13,TO_HAND,2,RESOURCE_MANAGEMENT,,,CARD,0,0,121,260,320,2,True,4,1,False,True,1,1,1,860,70,5,860,70,5,False,False,,,False
92559794,741.2,WIN,True,102,13,MAIN,5,ATTACK_SELECTION,ATTACK,,ATTACK,2,1,121,260,320,2,True,4,1,True,True,1,1,1,860,70,5,860,0,5,False,False,,,False
92559794,741.2,WIN,True,103,13,DAMAGE_COUNTER_ANY,2,TARGET_SELECTION,,,CARD,0,0,121,260,320,2,True,4,1,False,True,1,1,1,860,0,5,860,0,5,False,False,,,False
92559794,741.2,WIN,True,104,13,DAMAGE_COUNTER_ANY,2,TARGET_SELECTION,,,CARD,0,0,121,260,320,2,True,4,1,False,True,1,1,1,860,0,5,860,0,5,False,False,,,False
92559794,741.2,WIN,True,105,13,DAMAGE_COUNTER_ANY,2,TARGET_SELECTION,,,CARD,0,0,121,260,320,2,True,4,1,False,True,1,1,1,860,0,5,860,0,5,False,False,,,False
92559794,741.2,WIN,True,106,13,DAMAGE_COUNTER_ANY,2,TARGET_SELECTION,,,CARD,0,0,121,260,320,2,True,4,1,False,True,1,1,1,860,0,5,860,0,5,False,False,,,False
92559794,741.2,WIN,True,107,13,DAMAGE_COUNTER_ANY,2,TARGET_SELECTION,,,CARD,0,0,121,260,320,2,True,4,1,False,True,1,1,1,860,0,5,860,0,5,False,False,,,False
92559794,741.2,WIN,True,108,13,DAMAGE_COUNTER_ANY,2,TARGET_SELECTION,,,CARD,0,0,121,260,320,2,True,4,1,False,True,1,1,1,860,0,5,,,5,False,False,,,False
92560743,585.7,LOSS,True,0,,,0,UNKNOWN,,,,0,0,,,,,False,,,False,False,,,0,,,,,,,,,,,False
92560743,585.7,LOSS,True,1,,,0,UNKNOWN,,,,0,0,,,,,False,,,False,False,,,0,,,,,,0,,,,,False
92560743,585.7,LOSS,True,2,0,IS_FIRST,2,GOING_FIRST_SECOND,,,YES,0,0,,,,,False,0,0,False,False,,,0,,,0,,,0,,,,,False
92560743,585.7,LOSS,True,3,0,SETUP_ACTIVE_POKEMON,2,EARLY_GAME_SETUP,,,,0,0,,,,,False,0,0,False,False,,,0,,,0,,,6,,,,,False
92560743,585.7,LOSS,True,4,0,SETUP_BENCH_POKEMON,1,BENCH_MANAGEMENT,,,,0,0,,,,,False,0,6,False,False,,,0,,,6,169,130,6,,,,,False
92560743,585.7,LOSS,True,5,1,MAIN,7,ENERGY_MANAGEMENT,ATTACH_ENERGY,,ATTACH,0,0,235,30,30,1,False,0,6,False,False,0,0,0,169,130,6,169,130,6,False,True,,,False
92560743,585.7,LOSS,True,6,1,MAIN,6,RESOURCE_MANAGEMENT,PLAY_POKEMON,184,PLAY,0,0,235,30,30,1,False,0,6,False,False,0,0,0,169,130,6,169,130,6,False,True,,,False
92560743,585.7,LOSS,True,7,1,MAIN,8,RESOURCE_MANAGEMENT,PLAY_ITEM,1152,PLAY,0,0,235,30,30,1,False,1,6,True,True,0,0,0,169,130,6,169,130,6,False,True,,,False
92560743,585.7,LOSS,True,8,1,TO_HAND,7,RESOURCE_MANAGEMENT,,,CARD,0,0,235,30,30,1,False,1,6,False,True,0,0,0,169,130,6,169,130,6,False,True,,,False
92560743,585.7,LOSS,True,9,1,MAIN,8,RESOURCE_MANAGEMENT,PLAY_POKEMON,119,PLAY,0,0,235,30,30,1,False,1,6,True,True,0,0,0,169,130,6,169,130,6,False,True,,,False
92560743,585.7,LOSS,True,10,1,MAIN,9,RESOURCE_MANAGEMENT,PLAY_ITEM,1152,PLAY,0,0,235,30,30,1,False,2,6,True,True,0,0,0,169,130,6,169,130,6,False,True,,,False
92560743,585.7,LOSS,True,11,1,TO_HAND,6,RESOURCE_MANAGEMENT,,,CARD,0,0,235,30,30,1,False,2,6,False,True,0,0,0,169,130,6,169,130,6,False,True,,,False
92560743,585.7,LOSS,True,12,1,MAIN,9,RESOURCE_MANAGEMENT,PLAY_POKEMON,119,PLAY,0,0,235,30,30,1,False,2,6,True,True,0,0,0,169,130,6,169,130,6,False,True,,,False
92560743,585.7,LOSS,True,13,1,MAIN,10,ENERGY_MANAGEMENT,ATTACH_ENERGY,,ATTACH,0,0,235,30,30,1,False,3,6,True,True,0,0,0,169,130,6,169,130,6,False,True,,,False
92560743,585.7,LOSS,True,14,1,MAIN,2,TIMING,,,,0,0,235,30,30,1,False,3,6,True,True,0,0,1,169,130,6,169,130,5,False,True,,,False
92560743,585.7,LOSS,True,15,2,TO_ACTIVE,3,ACTIVE_POKEMON_SELECTION,,,CARD,0,0,,,,,False,3,6,False,True,,,1,169,130,5,169,130,5,,,,,True
92560743,585.7,LOSS,True,16,3,MAIN,10,RESOURCE_MANAGEMENT,PLAY_POKEMON,235,PLAY,1,0,119,70,70,1,False,2,6,True,True,1,1,0,169,130,5,169,130,5,False,False,Hammer In,30,False
92560743,585.7,LOSS,True,17,3,MAIN,10,RESOURCE_MANAGEMENT,PLAY_ITEM,1120,PLAY,1,0,119,70,70,1,False,3,6,True,True,1,1,1,169,130,5,169,130,5,False,False,Hammer In,30,False
92560743,585.7,LOSS,True,18,3,MAIN,9,RESOURCE_MANAGEMENT,PLAY_SUPPORTER,1198,PLAY,1,0,119,70,70,1,False,3,6,True,True,1,1,1,169,130,5,169,130,5,False,False,Hammer In,30,False
92560743,585.7,LOSS,True,19,3,TO_HAND,6,RESOURCE_MANAGEMENT,,,CARD,0,0,119,70,70,1,False,3,6,False,True,1,1,1,169,130,5,169,130,5,False,False,Hammer In,30,False
92560743,585.7,LOSS,True,20,3,ATTACH_TO,4,ENERGY_MANAGEMENT,,,CARD,0,0,119,70,70,1,False,3,6,False,True,1,1,1,169,130,5,169,130,5,False,False,Hammer In,30,False
92560743,585.7,LOSS,True,21,3,ATTACH_FROM,4,ENERGY_MANAGEMENT,,,CARD,0,0,119,70,70,1,False,3,6,False,True,1,1,1,169,130,5,169,130,5,False,False,Hammer In,30,False
92560743,585.7,LOSS,True,22,3,MAIN,12,ENERGY_MANAGEMENT,ATTACH_ENERGY,,ATTACH,1,0,119,70,70,1,False,3,6,True,True,1,1,1,169,130,5,169,130,5,False,False,Hammer In,30,False
92560743,585.7,LOSS,True,23,3,MAIN,4,RETREAT_SELECTION,RETREAT,,RETREAT,1,0,119,70,70,1,False,3,6,True,True,1,1,2,169,130,5,169,130,5,False,False,Hammer In,30,False
92560743,585.7,LOSS,True,24,3,SWITCH,3,ACTIVE_POKEMON_SELECTION,,,CARD,0,0,119,70,70,1,False,3,6,False,True,1,1,2,169,130,5,169,130,5,False,False,Hammer In,30,False
92560743,585.7,LOSS,True,25,3,MAIN,3,TIMING,,,,1,0,235,30,30,1,False,3,6,False,True,0,0,2,169,130,5,169,130,4,True,False,Hammer In,30,True
92560743,585.7,LOSS,True,26,4,TO_ACTIVE,3,ACTIVE_POKEMON_SELECTION,,,CARD,0,0,,,,,False,3,6,False,True,,,2,169,130,4,169,130,4,,,,,True
92560743,585.7,LOSS,True,27,5,MAIN,10,BENCH_MANAGEMENT,EVOLVE,,EVOLVE,2,0,119,70,70,1,False,2,6,True,True,1,1,1,169,130,4,169,130,4,False,True,Hammer In,30,False
92560743,585.7,LOSS,True,28,5,MAIN,8,RESOURCE_MANAGEMENT,ABILITY,,ABILITY,1,0,120,90,90,1,False,2,6,True,True,1,1,1,169,130,4,169,130,4,False,False,Hammer In,30,True
92560743,585.7,LOSS,True,29,5,TO_HAND,2,RESOURCE_MANAGEMENT,,,CARD,0,0,120,90,90,1,False,2,6,False,True,1,1,1,169,130,4,169,130,4,False,False,Hammer In,30,False
92560743,585.7,LOSS,True,30,5,MAIN,8,RESOURCE_MANAGEMENT,PLAY_SUPPORTER,1198,PLAY,1,0,120,90,90,1,False,2,6,True,True,1,1,1,169,130,4,169,130,4,False,False,Hammer In,30,False
92560743,585.7,LOSS,True,31,5,TO_HAND,4,RESOURCE_MANAGEMENT,,,CARD,0,0,120,90,90,1,False,2,6,False,True,1,1,1,169,130,4,169,130,4,False,False,Hammer In,30,False
92560743,585.7,LOSS,True,32,5,ATTACH_TO,3,ENERGY_MANAGEMENT,,,CARD,0,0,120,90,90,1,False,2,6,False,True,1,1,1,169,130,4,169,130,4,False,False,Hammer In,30,False
92560743,585.7,LOSS,True,33,5,ATTACH_FROM,3,ENERGY_MANAGEMENT,,,CARD,0,0,120,90,90,1,False,2,6,False,True,1,1,1,169,130,4,169,130,4,False,False,Hammer In,30,False
92560743,585.7,LOSS,True,34,5,MAIN,10,TIMING,,,,1,0,120,90,90,1,False,2,6,True,True,1,1,1,169,130,4,190,230,3,False,False,Hammer In,30,False
92560743,585.7,LOSS,True,35,6,TO_ACTIVE,2,ACTIVE_POKEMON_SELECTION,,,CARD,0,0,,,,,False,2,6,False,True,,,1,190,230,3,190,230,3,,,,,True
92560743,585.7,LOSS,True,36,7,MAIN,10,TIMING,,,,2,0,119,70,70,1,False,1,6,True,True,1,1,0,190,230,3,190,190,2,True,False,Metal Defender,220,False
92560743,585.7,LOSS,True,37,8,TO_ACTIVE,1,ACTIVE_POKEMON_SELECTION,,,CARD,0,0,,,,,False,1,6,False,True,,,0,190,190,2,190,190,2,,,,,True
92560743,585.7,LOSS,True,38,9,MAIN,6,RESOURCE_MANAGEMENT,PLAY_ITEM,1121,PLAY,0,0,184,210,210,2,False,0,6,False,False,2,0,0,190,190,2,190,190,2,True,False,Metal Defender,220,False
92560743,585.7,LOSS,True,39,9,DISCARD,4,RESOURCE_MANAGEMENT,,,CARD;CARD,0,0,184,210,210,2,False,0,6,False,False,2,0,0,190,190,2,190,190,2,True,False,Metal Defender,220,False
92560743,585.7,LOSS,True,40,9,TO_HAND,8,RESOURCE_MANAGEMENT,,,CARD,0,0,184,210,210,2,False,0,6,False,False,2,0,0,190,190,2,190,190,2,True,False,Metal Defender,220,False
92560743,585.7,LOSS,True,41,9,MAIN,4,RESOURCE_MANAGEMENT,PLAY_POKEMON,140,PLAY,0,0,184,210,210,2,False,0,6,False,False,2,0,0,190,190,2,190,190,2,True,False,Metal Defender,220,False
92560743,585.7,LOSS,True,42,9,MAIN,7,RESOURCE_MANAGEMENT,ABILITY,,ABILITY,0,0,184,210,210,2,False,1,6,True,True,2,0,0,190,190,2,190,190,2,True,False,Metal Defender,220,False
92560743,585.7,LOSS,True,43,9,MAIN,7,RESOURCE_MANAGEMENT,PLAY_SUPPORTER,1227,PLAY,0,0,184,210,210,2,False,1,6,True,True,2,0,0,190,190,2,190,190,2,True,False,Metal Defender,220,False
92560743,585.7,LOSS,True,44,9,MAIN,7,RESOURCE_MANAGEMENT,PLAY_ITEM,1097,PLAY,0,0,184,210,210,2,False,1,6,True,True,2,0,0,190,190,2,190,190,2,True,False,Metal Defender,220,False
92560743,585.7,LOSS,True,45,9,TO_HAND,9,RESOURCE_MANAGEMENT,,,CARD,0,0,184,210,210,2,False,1,6,False,True,2,0,0,190,190,2,190,190,2,True,False,Metal Defender,220,False
92560743,585.7,LOSS,True,46,9,MAIN,7,RESOURCE_MANAGEMENT,PLAY_POKEMON,235,PLAY,0,0,184,210,210,2,False,1,6,True,True,2,0,0,190,190,2,190,190,2,True,False,Metal Defender,220,False
92560743,585.7,LOSS,True,47,9,MAIN,6,RESOURCE_MANAGEMENT,PLAY_ITEM,1120,PLAY,0,0,184,210,210,2,False,2,6,True,True,2,0,1,190,190,2,190,190,2,True,False,Metal Defender,220,False
92560743,585.7,LOSS,True,48,9,DISCARD_ENERGY,5,ENERGY_MANAGEMENT,,,ENERGY,0,0,184,210,210,2,False,2,6,False,True,2,0,1,190,190,2,190,190,2,True,False,Metal Defender,220,False
92560743,585.7,LOSS,True,49,9,MAIN,5,RESOURCE_MANAGEMENT,PLAY_ITEM,1080,PLAY,0,0,184,210,210,2,False,2,6,True,True,2,0,1,190,190,2,190,190,2,True,False,Metal Defender,220,False
92560743,585.7,LOSS,True,50,9,MAIN,6,RESOURCE_MANAGEMENT,PLAY_ITEM,1152,PLAY,0,0,184,210,210,2,False,2,6,True,True,2,0,1,190,190,2,190,190,2,True,False,Metal Defender,220,False
92560743,585.7,LOSS,True,51,9,TO_HAND,2,RESOURCE_MANAGEMENT,,,CARD,0,0,184,210,210,2,False,2,6,False,True,2,0,1,190,190,2,190,190,2,True,False,Metal Defender,220,False
92560743,585.7,LOSS,True,52,9,MAIN,5,RETREAT_SELECTION,RETREAT,,RETREAT,0,0,184,210,210,2,False,2,6,True,True,2,0,1,190,190,2,190,190,2,True,False,Metal Defender,220,False
92560743,585.7,LOSS,True,53,9,SWITCH,2,ACTIVE_POKEMON_SELECTION,,,CARD,0,0,184,210,210,2,False,2,6,False,True,2,0,1,190,190,2,190,190,2,True,False,Metal Defender,220,False
92561745,702.7,WIN,True,0,,,0,UNKNOWN,,,,0,0,,,,,False,,,False,False,,,0,,,,,,,,,,,False
92561745,702.7,WIN,True,1,,,0,UNKNOWN,,,,0,0,,,,,False,,,False,False,,,0,,,,,,0,,,,,False
92561745,702.7,WIN,True,2,0,IS_FIRST,2,GOING_FIRST_SECOND,,,YES,0,0,,,,,False,0,0,False,False,,,0,,,0,,,0,,,,,False
92561745,702.7,WIN,True,3,0,SETUP_ACTIVE_POKEMON,1,EARLY_GAME_SETUP,,,,0,0,,,,,False,0,0,False,False,,,0,,,0,,,6,,,,,False
92561745,702.7,WIN,True,4,0,DRAW_COUNT,2,SEARCH_DECISION,,,NUMBER,0,0,,,,,False,0,6,False,False,,,0,,,6,878,70,6,,,,,False
92561745,702.7,WIN,True,5,1,MAIN,3,RESOURCE_MANAGEMENT,PLAY_ITEM,1086,PLAY,0,0,235,30,30,1,False,0,6,False,False,0,0,0,878,70,6,878,70,6,False,False,,,False
92561745,702.7,WIN,True,6,1,TO_BENCH,5,BENCH_MANAGEMENT,,,CARD;CARD,0,0,235,30,30,1,False,0,6,False,False,0,0,0,878,70,6,878,70,6,False,False,,,False
92561745,702.7,WIN,True,7,1,MAIN,5,ENERGY_MANAGEMENT,ATTACH_ENERGY,,ATTACH,0,0,235,30,30,1,False,2,6,True,True,0,0,0,878,70,6,878,70,6,False,False,,,False
92561745,702.7,WIN,True,8,1,MAIN,2,TIMING,,,,0,0,235,30,30,1,False,2,6,True,True,0,0,0,878,70,6,878,70,5,False,False,,,False
92561745,702.7,WIN,True,9,2,TO_ACTIVE,2,ACTIVE_POKEMON_SELECTION,,,CARD,0,0,,,,,False,2,6,False,True,,,0,878,70,5,878,70,5,,,,,True
92561745,702.7,WIN,True,10,3,MAIN,10,RESOURCE_MANAGEMENT,PLAY_ITEM,1152,PLAY,0,0,119,70,70,1,False,1,6,True,True,1,1,0,878,70,5,878,70,5,False,False,Splashing Dodge,10,False
92561745,702.7,WIN,True,11,3,TO_HAND,6,RESOURCE_MANAGEMENT,,,CARD,0,0,119,70,70,1,False,1,6,False,True,1,1,0,878,70,5,878,70,5,False,False,Splashing Dodge,10,False
92561745,702.7,WIN,True,12,3,MAIN,10,RESOURCE_MANAGEMENT,PLAY_POKEMON,235,PLAY,0,0,119,70,70,1,False,1,6,True,True,1,1,0,878,70,5,878,70,5,False,False,Splashing Dodge,10,False
92561745,702.7,WIN,True,13,3,MAIN,9,RESOURCE_MANAGEMENT,PLAY_ITEM,1120,PLAY,0,0,119,70,70,1,False,2,6,True,True,1,1,1,878,70,5,878,70,5,False,False,Splashing Dodge,10,False
92561745,702.7,WIN,True,14,3,MAIN,8,RESOURCE_MANAGEMENT,PLAY_ITEM,1120,PLAY,0,0,119,70,70,1,False,2,6,True,True,1,1,1,878,70,5,878,70,5,False,False,Splashing Dodge,10,False
92561745,702.7,WIN,True,15,3,DISCARD_ENERGY,1,ENERGY_MANAGEMENT,,,ENERGY,0,0,119,70,70,1,False,2,6,False,True,1,1,1,878,70,5,878,70,5,False,False,Splashing Dodge,10,False
92561745,702.7,WIN,True,16,3,MAIN,7,RESOURCE_MANAGEMENT,PLAY_SUPPORTER,1210,PLAY,0,0,119,70,70,1,False,2,6,True,True,1,1,1,878,70,5,878,70,5,False,False,,,False
92561745,702.7,WIN,True,17,3,TO_HAND,11,RESOURCE_MANAGEMENT,,,CARD,0,0,119,70,70,1,False,2,6,False,True,1,1,1,878,70,5,878,70,5,False,False,,,False
92561745,702.7,WIN,True,18,3,TO_HAND,4,RESOURCE_MANAGEMENT,,,CARD,0,0,119,70,70,1,False,2,6,False,True,1,1,1,878,70,5,878,70,5,False,False,,,False
92561745,702.7,WIN,True,19,3,MAIN,7,RESOURCE_MANAGEMENT,PLAY_POKEMON,140,PLAY,0,0,119,70,70,1,False,2,6,True,True,1,1,1,878,70,5,878,70,5,False,False,,,False
92561745,702.7,WIN,True,20,3,MAIN,7,RESOURCE_MANAGEMENT,PLAY_POKEMON,184,PLAY,0,0,119,70,70,1,False,3,6,True,True,1,1,1,878,70,5,878,70,5,False,False,,,False
92561745,702.7,WIN,True,21,3,MAIN,6,RESOURCE_MANAGEMENT,ABILITY,,ABILITY,0,0,119,70,70,1,False,4,6,True,True,1,1,1,878,70,5,878,70,5,False,False,,,False
92561745,702.7,WIN,True,22,3,MAIN,6,RESOURCE_MANAGEMENT,PLAY_STADIUM,1256,PLAY,0,0,119,70,70,1,False,4,6,True,True,1,1,1,878,70,5,878,70,5,False,False,,,False
92561745,702.7,WIN,True,23,3,MAIN,5,BENCH_MANAGEMENT,EVOLVE,,EVOLVE,0,0,119,70,70,1,False,4,6,True,True,1,1,1,878,70,5,878,70,5,False,False,,,False
92561745,702.7,WIN,True,24,3,MAIN,4,RESOURCE_MANAGEMENT,ABILITY,,ABILITY,0,0,120,90,90,1,False,4,6,True,True,1,1,1,878,70,5,878,70,5,False,False,,,True
92561745,702.7,WIN,True,25,3,TO_HAND,2,RESOURCE_MANAGEMENT,,,CARD,0,0,120,90,90,1,False,4,6,False,True,1,1,1,878,70,5,878,70,5,False,False,,,False
92561745,702.7,WIN,True,26,3,MAIN,4,BENCH_MANAGEMENT,EVOLVE,,EVOLVE,0,0,120,90,90,1,False,4,6,True,True,1,1,1,878,70,5,878,70,5,False,False,,,False
92561745,702.7,WIN,True,27,3,MAIN,4,RESOURCE_MANAGEMENT,ABILITY,,ABILITY,0,0,120,90,90,1,False,4,6,True,True,1,1,1,878,70,5,878,70,5,False,False,,,False
92561745,702.7,WIN,True,28,3,TO_HAND,2,RESOURCE_MANAGEMENT,,,CARD,0,0,120,90,90,1,False,4,6,False,True,1,1,1,878,70,5,878,70,5,False,False,,,False
92561745,702.7,WIN,True,29,3,MAIN,8,ENERGY_MANAGEMENT,ATTACH_ENERGY,,ATTACH,0,0,120,90,90,1,False,4,6,True,True,1,1,1,878,70,5,878,70,5,False,False,,,False
92561745,702.7,WIN,True,30,3,MAIN,3,RETREAT_SELECTION,RETREAT,,RETREAT,0,0,120,90,90,1,False,4,6,True,True,1,1,1,878,70,5,878,70,5,False,False,,,False
92561745,702.7,WIN,True,31,3,DISCARD_ENERGY,1,ENERGY_MANAGEMENT,,,ENERGY,0,0,120,90,90,1,False,4,6,False,True,1,1,1,878,70,5,878,70,5,False,False,,,False
92561745,702.7,WIN,True,32,3,SWITCH,4,ACTIVE_POKEMON_SELECTION,,,CARD,0,0,120,90,90,1,False,4,6,False,True,1,0,1,878,70,5,878,70,5,False,False,,,False
92561745,702.7,WIN,True,33,3,MAIN,3,TIMING,,,,1,0,235,30,30,1,False,4,6,False,True,0,0,0,878,70,5,879,130,4,False,False,,,True
92561745,702.7,WIN,True,34,4,TO_ACTIVE,4,ACTIVE_POKEMON_SELECTION,,,CARD,0,0,,,,,False,4,6,False,True,,,0,879,130,4,879,130,4,,,,,True
92561745,702.7,WIN,True,35,5,MAIN,14,BENCH_MANAGEMENT,EVOLVE,,EVOLVE,0,0,120,90,90,1,False,3,6,True,True,1,1,0,879,130,4,879,130,4,False,False,Horrifying Revenge,30,False
92561745,702.7,WIN,True,36,5,MAIN,12,RESOURCE_MANAGEMENT,ABILITY,,ABILITY,1,0,121,320,320,2,False,3,6,True,True,1,1,0,879,130,4,879,130,4,False,False,Horrifying Revenge,30,True
92561745,702.7,WIN,True,37,5,TO_HAND,2,RESOURCE_MANAGEMENT,,,CARD,0,0,121,320,320,2,False,3,6,False,True,1,1,0,879,130,4,879,130,4,False,False,Horrifying Revenge,30,False
92561745,702.7,WIN,True,38,5,MAIN,12,RESOURCE_MANAGEMENT,ABILITY,,ABILITY,1,0,121,320,320,2,False,3,6,True,True,1,1,0,879,130,4,879,130,4,False,False,Horrifying Revenge,30,False
92561745,702.7,WIN,True,39,5,MAIN,14,RESOURCE_MANAGEMENT,PLAY_POKEMON,119,PLAY,1,0,121,320,320,2,False,3,6,True,True,1,1,0,879,130,4,879,130,4,False,False,Horrifying Revenge,30,False
92561745,702.7,WIN,True,40,5,MAIN,14,RESOURCE_MANAGEMENT,PLAY_ITEM,1086,PLAY,1,0,121,320,320,2,False,4,6,True,True,1,1,0,879,130,4,879,130,4,False,False,Horrifying Revenge,30,False
92561745,702.7,WIN,True,41,5,TO_BENCH,1,BENCH_MANAGEMENT,,,CARD,0,0,121,320,320,2,False,4,6,False,True,1,1,0,879,130,4,879,130,4,False,False,Horrifying Revenge,30,False
92561745,702.7,WIN,True,42,5,MAIN,14,RESOURCE_MANAGEMENT,PLAY_SUPPORTER,1198,PLAY,1,0,121,320,320,2,False,5,6,True,True,1,1,0,879,130,4,879,130,4,False,False,Horrifying Revenge,30,False
92561745,702.7,WIN,True,43,5,TO_HAND,3,RESOURCE_MANAGEMENT,,,CARD,0,0,121,320,320,2,False,5,6,False,True,1,1,0,879,130,4,879,130,4,False,False,Horrifying Revenge,30,False
92561745,702.7,WIN,True,44,5,ATTACH_TO,2,ENERGY_MANAGEMENT,,,CARD,0,0,121,320,320,2,False,5,6,False,True,1,1,0,879,130,4,879,130,4,False,False,Horrifying Revenge,30,False
92561745,702.7,WIN,True,45,5,ATTACH_FROM,6,ENERGY_MANAGEMENT,,,CARD,0,0,121,320,320,2,False,5,6,False,True,1,1,0,879,130,4,879,130,4,False,False,Horrifying Revenge,30,False
92561745,702.7,WIN,True,46,5,MAIN,18,ENERGY_MANAGEMENT,ATTACH_ENERGY,,ATTACH,2,0,121,320,320,2,False,5,6,True,True,1,1,0,879,130,4,879,130,4,False,False,Horrifying Revenge,30,False
92561745,702.7,WIN,True,47,5,MAIN,6,ATTACK_SELECTION,ATTACK,,ATTACK,2,1,121,320,320,2,False,5,6,True,True,1,1,1,879,130,4,879,0,4,False,False,Horrifying Revenge,30,False
92561745,702.7,WIN,True,48,5,DAMAGE_COUNTER_ANY,5,TARGET_SELECTION,,,CARD,0,0,121,320,320,2,False,5,6,False,True,1,1,1,879,0,4,879,0,4,False,False,Horrifying Revenge,30,False
92561745,702.7,WIN,True,49,5,DAMAGE_COUNTER_ANY,5,TARGET_SELECTION,,,CARD,0,0,121,320,320,2,False,5,6,False,True,1,1,1,879,0,4,879,0,4,False,False,Horrifying Revenge,30,False
92561745,702.7,WIN,True,50,5,DAMAGE_COUNTER_ANY,5,TARGET_SELECTION,,,CARD,0,0,121,320,320,2,False,5,6,False,True,1,1,1,879,0,4,879,0,4,False,False,Horrifying Revenge,30,False
92561745,702.7,WIN,True,51,5,DAMAGE_COUNTER_ANY,5,TARGET_SELECTION,,,CARD,0,0,121,320,320,2,False,5,6,False,True,1,1,1,879,0,4,879,0,4,False,False,Horrifying Revenge,30,False
92561745,702.7,WIN,True,52,5,DAMAGE_COUNTER_ANY,5,TARGET_SELECTION,,,CARD,0,0,121,320,320,2,False,5,6,False,True,1,1,1,879,0,4,879,0,4,False,False,Horrifying Revenge,30,False
92561745,702.7,WIN,True,53,5,DAMAGE_COUNTER_ANY,5,TARGET_SELECTION,,,CARD,0,0,121,320,320,2,False,5,6,False,True,1,1,1,879,0,4,,,4,False,False,Horrifying Revenge,30,False
92561745,702.7,WIN,True,54,5,TO_HAND,6,RESOURCE_MANAGEMENT,,,,0,0,121,320,320,2,False,5,6,False,True,1,1,1,,,4,879,80,3,,,,,False
92561745,702.7,WIN,True,55,6,TO_ACTIVE,5,ACTIVE_POKEMON_SELECTION,,,CARD,0,0,,,,,False,5,5,False,True,,,1,879,80,3,879,80,3,,,,,True
92561745,702.7,WIN,True,56,7,MAIN,9,RESOURCE_MANAGEMENT,ABILITY,,ABILITY,2,0,121,320,320,2,False,4,5,True,True,1,1,0,879,80,3,879,80,3,False,False,Horrifying Revenge,30,False
92561745,702.7,WIN,True,57,7,TO_HAND,2,RESOURCE_MANAGEMENT,,,CARD,0,0,121,320,320,2,False,4,5,False,True,1,1,0,879,80,3,879,80,3,False,False,Horrifying Revenge,30,False
92561745,702.7,WIN,True,58,7,MAIN,9,RESOURCE_MANAGEMENT,ABILITY,,ABILITY,2,0,121,320,320,2,False,4,5,True,True,1,1,0,879,80,3,879,80,3,False,False,Horrifying Revenge,30,False
92561745,702.7,WIN,True,59,7,MAIN,14,BENCH_MANAGEMENT,EVOLVE,,EVOLVE,2,0,121,320,320,2,False,4,5,True,True,1,1,0,879,80,3,879,80,3,False,False,Horrifying Revenge,30,False
92561745,702.7,WIN,True,60,7,MAIN,13,ENERGY_MANAGEMENT,ATTACH_ENERGY,,ATTACH,2,0,121,320,320,2,False,4,5,True,True,1,1,0,879,80,3,879,80,3,False,False,Horrifying Revenge,30,False
92561745,702.7,WIN,True,61,7,MAIN,8,RESOURCE_MANAGEMENT,PLAY_SUPPORTER,1182,PLAY,2,0,121,320,320,2,False,4,5,True,True,1,1,0,879,80,3,879,80,3,False,False,Horrifying Revenge,30,False
92561745,702.7,WIN,True,62,7,SWITCH,5,ACTIVE_POKEMON_SELECTION,,,CARD,0,0,121,320,320,2,False,4,5,False,True,1,1,0,879,80,3,879,140,3,False,False,Horrifying Revenge,30,False
92561745,702.7,WIN,True,63,7,MAIN,6,BENCH_MANAGEMENT,EVOLVE,,EVOLVE,2,0,121,320,320,2,False,4,5,True,True,1,1,0,879,140,3,879,140,3,False,False,,,False
92561745,702.7,WIN,True,64,7,MAIN,6,RESOURCE_MANAGEMENT,ABILITY,,ABILITY,2,0,121,320,320,2,False,4,5,True,True,1,1,0,879,140,3,879,140,3,False,False,,,False
92561745,702.7,WIN,True,65,7,TO_HAND,2,RESOURCE_MANAGEMENT,,,CARD,0,0,121,320,320,2,False,4,5,False,True,1,1,0,879,140,3,879,140,3,False,False,,,False
92561745,702.7,WIN,True,66,7,MAIN,6,RESOURCE_MANAGEMENT,PLAY_ITEM,1152,PLAY,2,0,121,320,320,2,False,4,5,True,True,1,1,0,879,140,3,879,140,3,False,False,,,False
92561745,702.7,WIN,True,67,7,TO_HAND,1,RESOURCE_MANAGEMENT,,,CARD,0,0,121,320,320,2,False,4,5,False,True,1,1,0,879,140,3,879,140,3,False,False,,,False
92561745,702.7,WIN,True,68,7,MAIN,5,ATTACK_SELECTION,ATTACK,,ATTACK,2,1,121,320,320,2,False,4,5,True,True,1,1,0,879,140,3,879,0,3,False,False,,,False
92561745,702.7,WIN,True,69,7,DAMAGE_COUNTER_ANY,5,TARGET_SELECTION,,,CARD,0,0,121,320,320,2,False,4,5,False,True,1,1,0,879,0,3,879,0,3,False,False,,,False
92561745,702.7,WIN,True,70,7,DAMAGE_COUNTER_ANY,5,TARGET_SELECTION,,,CARD,0,0,121,320,320,2,False,4,5,False,True,1,1,0,879,0,3,879,0,3,False,False,,,False
92561745,702.7,WIN,True,71,7,DAMAGE_COUNTER_ANY,5,TARGET_SELECTION,,,CARD,0,0,121,320,320,2,False,4,5,False,True,1,1,0,879,0,3,879,0,3,False,False,,,False
92561745,702.7,WIN,True,72,7,DAMAGE_COUNTER_ANY,5,TARGET_SELECTION,,,CARD,0,0,121,320,320,2,False,4,5,False,True,1,1,0,879,0,3,879,0,3,False,False,,,False
92561745,702.7,WIN,True,73,7,DAMAGE_COUNTER_ANY,5,TARGET_SELECTION,,,CARD,0,0,121,320,320,2,False,4,5,False,True,1,1,0,879,0,3,879,0,3,False,False,,,False
92561745,702.7,WIN,True,74,7,DAMAGE_COUNTER_ANY,5,TARGET_SELECTION,,,CARD,0,0,121,320,320,2,False,4,5,False,True,1,1,0,879,0,3,,,3,False,False,,,False
92561745,702.7,WIN,True,75,7,TO_HAND,5,RESOURCE_MANAGEMENT,,,,0,0,121,320,320,2,False,4,5,False,True,1,1,0,,,3,879,20,3,,,,,False
92561745,702.7,WIN,True,76,9,MAIN,15,RESOURCE_MANAGEMENT,ABILITY,,ABILITY,2,0,121,160,320,2,True,4,4,True,True,1,1,0,879,20,3,879,20,3,False,False,Horrifying Revenge,30,False
92561745,702.7,WIN,True,77,9,TO_HAND,2,RESOURCE_MANAGEMENT,,,CARD,0,0,121,160,320,2,True,4,4,False,True,1,1,0,879,20,3,879,20,3,False,False,Horrifying Revenge,30,False
92561745,702.7,WIN,True,78,9,MAIN,15,RESOURCE_MANAGEMENT,PLAY_ITEM,1121,PLAY,2,0,121,160,320,2,True,4,4,True,True,1,1,0,879,20,3,879,20,3,False,False,Horrifying Revenge,30,False
92561745,702.7,WIN,True,79,9,DISCARD,8,RESOURCE_MANAGEMENT,,,CARD;CARD,0,0,121,160,320,2,True,4,4,False,True,1,1,0,879,20,3,879,20,3,False,False,Horrifying Revenge,30,False
92561745,702.7,WIN,True,80,9,TO_HAND,2,RESOURCE_MANAGEMENT,,,CARD,0,0,121,160,320,2,True,4,4,False,True,1,1,0,879,20,3,879,20,3,False,False,Horrifying Revenge,30,False
92561745,702.7,WIN,True,81,9,MAIN,13,ENERGY_MANAGEMENT,ATTACH_ENERGY,,ATTACH,2,0,121,160,320,2,True,4,4,True,True,1,1,0,879,20,3,879,20,3,False,False,Horrifying Revenge,30,False
92561745,702.7,WIN,True,82,9,MAIN,8,RESOURCE_MANAGEMENT,PLAY_SUPPORTER,1227,PLAY,2,0,121,160,320,2,True,4,4,True,True,1,1,1,879,20,3,879,20,3,False,False,Horrifying Revenge,30,False
92561745,702.7,WIN,True,83,9,MAIN,5,ATTACK_SELECTION,ATTACK,,ATTACK,2,1,121,160,320,2,True,4,4,True,True,1,1,1,879,20,3,879,0,3,False,False,Horrifying Revenge,30,False
92561745,702.7,WIN,True,84,9,DAMAGE_COUNTER_ANY,4,TARGET_SELECTION,,,CARD,0,0,121,160,320,2,True,4,4,False,True,1,1,1,879,0,3,879,0,3,False,False,Horrifying Revenge,30,False
92561745,702.7,WIN,True,85,9,DAMAGE_COUNTER_ANY,4,TARGET_SELECTION,,,CARD,0,0,121,160,320,2,True,4,4,False,True,1,1,1,879,0,3,879,0,3,False,False,Horrifying Revenge,30,False
92561745,702.7,WIN,True,86,9,DAMAGE_COUNTER_ANY,4,TARGET_SELECTION,,,CARD,0,0,121,160,320,2,True,4,4,False,True,1,1,1,879,0,3,879,0,3,False,False,Horrifying Revenge,30,False
92561745,702.7,WIN,True,87,9,DAMAGE_COUNTER_ANY,4,TARGET_SELECTION,,,CARD,0,0,121,160,320,2,True,4,4,False,True,1,1,1,879,0,3,879,0,3,False,False,Horrifying Revenge,30,False
92561745,702.7,WIN,True,88,9,DAMAGE_COUNTER_ANY,4,TARGET_SELECTION,,,CARD,0,0,121,160,320,2,True,4,4,False,True,1,1,1,879,0,3,879,0,3,False,False,Horrifying Revenge,30,False
92561745,702.7,WIN,True,89,9,DAMAGE_COUNTER_ANY,4,TARGET_SELECTION,,,CARD,0,0,121,160,320,2,True,4,4,False,True,1,1,1,879,0,3,,,3,False,False,Horrifying Revenge,30,False
92561745,702.7,WIN,True,90,9,TO_HAND,4,RESOURCE_MANAGEMENT,,,,0,0,121,160,320,2,True,4,4,False,True,1,1,1,,,3,311,110,3,,,,,False
92561745,702.7,WIN,True,91,11,MAIN,13,RESOURCE_MANAGEMENT,PLAY_ITEM,1121,PLAY,2,0,121,40,320,2,True,4,3,True,True,1,1,1,311,110,3,311,110,3,True,False,Fickle Spitting,120,False
92561745,702.7,WIN,True,92,11,DISCARD,9,RESOURCE_MANAGEMENT,,,CARD;CARD,0,0,121,40,320,2,True,4,3,False,True,1,1,1,311,110,3,311,110,3,True,False,Fickle Spitting,120,False
92561745,702.7,WIN,True,93,11,TO_HAND,1,RESOURCE_MANAGEMENT,,,CARD,0,0,121,40,320,2,True,4,3,False,True,1,1,1,311,110,3,311,110,3,True,False,Fickle Spitting,120,False
92561745,702.7,WIN,True,94,11,MAIN,10,RESOURCE_MANAGEMENT,ABILITY,,ABILITY,2,0,121,40,320,2,True,4,3,True,True,1,1,1,311,110,3,311,110,3,True,False,Fickle Spitting,120,False
92561745,702.7,WIN,True,95,11,TO_HAND,2,RESOURCE_MANAGEMENT,,,CARD,0,0,121,40,320,2,True,4,3,False,True,1,1,1,311,110,3,311,110,3,True,False,Fickle Spitting,120,False
92561745,702.7,WIN,True,96,11,MAIN,10,RESOURCE_MANAGEMENT,PLAY_SUPPORTER,1182,PLAY,2,0,121,40,320,2,True,4,3,True,True,1,1,1,311,110,3,311,110,3,True,False,Fickle Spitting,120,False
92561745,702.7,WIN,True,97,11,SWITCH,3,ACTIVE_POKEMON_SELECTION,,,CARD,0,0,121,40,320,2,True,4,3,False,True,1,1,1,311,110,3,879,80,3,True,False,Fickle Spitting,120,False
92561745,702.7,WIN,True,98,11,MAIN,8,ATTACK_SELECTION,ATTACK,,ATTACK,2,1,121,40,320,2,True,4,3,True,True,1,1,1,879,80,3,879,0,3,False,False,Horrifying Revenge,30,False
92561745,702.7,WIN,True,99,11,DAMAGE_COUNTER_ANY,3,TARGET_SELECTION,,,CARD,0,0,121,40,320,2,True,4,3,False,True,1,1,1,879,0,3,879,0,3,False,False,Horrifying Revenge,30,False
92561745,702.7,WIN,True,100,11,DAMAGE_COUNTER_ANY,3,TARGET_SELECTION,,,CARD,0,0,121,40,320,2,True,4,3,False,True,1,1,1,879,0,3,879,0,3,False,False,Horrifying Revenge,30,False
92561745,702.7,WIN,True,101,11,DAMAGE_COUNTER_ANY,3,TARGET_SELECTION,,,CARD,0,0,121,40,320,2,True,4,3,False,True,1,1,1,879,0,3,879,0,3,False,False,Horrifying Revenge,30,False
92561745,702.7,WIN,True,102,11,DAMAGE_COUNTER_ANY,3,TARGET_SELECTION,,,CARD,0,0,121,40,320,2,True,4,3,False,True,1,1,1,879,0,3,879,0,3,False,False,Horrifying Revenge,30,False
92561745,702.7,WIN,True,103,11,DAMAGE_COUNTER_ANY,3,TARGET_SELECTION,,,CARD,0,0,121,40,320,2,True,4,3,False,True,1,1,1,879,0,3,879,0,3,False,False,Horrifying Revenge,30,False
92561745,702.7,WIN,True,104,11,DAMAGE_COUNTER_ANY,3,TARGET_SELECTION,,,CARD,0,0,121,40,320,2,True,4,3,False,True,1,1,1,879,0,3,,,3,False,False,Horrifying Revenge,30,False
92561745,702.7,WIN,True,105,11,TO_HAND,3,RESOURCE_MANAGEMENT,,,,0,0,121,40,320,2,True,4,3,False,True,1,1,1,,,3,311,110,3,,,,,False
92561745,702.7,WIN,True,106,13,MAIN,12,RESOURCE_MANAGEMENT,PLAY_ITEM,1121,PLAY,2,0,121,40,320,2,True,4,2,True,True,1,1,1,311,110,3,311,110,3,True,False,Fickle Spitting,120,False
92561745,702.7,WIN,True,107,13,DISCARD,9,RESOURCE_MANAGEMENT,,,CARD;CARD,0,0,121,40,320,2,True,4,2,False,True,1,1,1,311,110,3,311,110,3,True,False,Fickle Spitting,120,False
92561745,702.7,WIN,True,108,13,MAIN,10,RESOURCE_MANAGEMENT,ABILITY,,ABILITY,2,0,121,40,320,2,True,4,2,True,True,1,1,1,311,110,3,311,110,3,True,False,Fickle Spitting,120,False
92561745,702.7,WIN,True,109,13,TO_HAND,2,RESOURCE_MANAGEMENT,,,CARD,0,0,121,40,320,2,True,4,2,False,True,1,1,1,311,110,3,311,110,3,True,False,Fickle Spitting,120,False
92561745,702.7,WIN,True,110,13,MAIN,14,RESOURCE_MANAGEMENT,PLAY_SUPPORTER,1198,PLAY,2,0,121,40,320,2,True,4,2,True,True,1,1,1,311,110,3,311,110,3,True,False,Fickle Spitting,120,False
92561745,702.7,WIN,True,111,13,TO_HAND,1,RESOURCE_MANAGEMENT,,,CARD,0,0,121,40,320,2,True,4,2,False,True,1,1,1,311,110,3,311,110,3,True,False,Fickle Spitting,120,False
92561745,702.7,WIN,True,112,13,MAIN,18,ENERGY_MANAGEMENT,ATTACH_ENERGY,,ATTACH,2,0,121,40,320,2,True,4,2,True,True,1,1,1,311,110,3,311,110,3,True,False,Fickle Spitting,120,False
92561745,702.7,WIN,True,113,13,MAIN,8,ATTACK_SELECTION,ATTACK,,ATTACK,2,1,121,40,320,2,True,4,2,True,True,1,1,1,311,110,3,311,0,3,True,False,Fickle Spitting,120,False
92561745,702.7,WIN,True,114,13,DAMAGE_COUNTER_ANY,2,TARGET_SELECTION,,,CARD,0,0,121,40,320,2,True,4,2,False,True,1,1,1,311,0,3,311,0,3,True,False,Fickle Spitting,120,False
92561745,702.7,WIN,True,115,13,DAMAGE_COUNTER_ANY,2,TARGET_SELECTION,,,CARD,0,0,121,40,320,2,True,4,2,False,True,1,1,1,311,0,3,311,0,3,True,False,Fickle Spitting,120,False
92561745,702.7,WIN,True,116,13,DAMAGE_COUNTER_ANY,2,TARGET_SELECTION,,,CARD,0,0,121,40,320,2,True,4,2,False,True,1,1,1,311,0,3,311,0,3,True,False,Fickle Spitting,120,False
92561745,702.7,WIN,True,117,13,DAMAGE_COUNTER_ANY,2,TARGET_SELECTION,,,CARD,0,0,121,40,320,2,True,4,2,False,True,1,1,1,311,0,3,311,0,3,True,False,Fickle Spitting,120,False
92561745,702.7,WIN,True,118,13,DAMAGE_COUNTER_ANY,2,TARGET_SELECTION,,,CARD,0,0,121,40,320,2,True,4,2,False,True,1,1,1,311,0,3,311,0,3,True,False,Fickle Spitting,120,False
92561745,702.7,WIN,True,119,13,DAMAGE_COUNTER_ANY,2,TARGET_SELECTION,,,CARD,0,0,121,40,320,2,True,4,2,False,True,1,1,1,311,0,3,,,3,True,False,Fickle Spitting,120,False
92561745,702.7,WIN,True,120,13,TO_HAND,2,RESOURCE_MANAGEMENT,,,,0,0,121,40,320,2,True,4,2,False,True,1,1,1,,,3,304,30,3,,,,,False
92561745,702.7,WIN,True,121,15,MAIN,20,ENERGY_MANAGEMENT,ATTACH_ENERGY,,ATTACH,2,0,121,40,320,2,True,4,1,True,True,1,1,1,304,30,3,304,30,3,False,True,,,False
92561745,702.7,WIN,True,122,15,MAIN,10,RESOURCE_MANAGEMENT,PLAY_SUPPORTER,1227,PLAY,2,0,121,40,320,2,True,4,1,True,True,1,1,1,304,30,3,304,30,3,False,True,,,False
92561745,702.7,WIN,True,123,15,MAIN,8,RESOURCE_MANAGEMENT,PLAY_ITEM,1152,PLAY,2,0,121,40,320,2,True,4,1,True,True,1,1,1,304,30,3,304,30,3,False,True,,,False
92561745,702.7,WIN,True,124,15,TO_HAND,1,RESOURCE_MANAGEMENT,,,CARD,0,0,121,40,320,2,True,4,1,False,True,1,1,1,304,30,3,304,30,3,False,True,,,False
92561745,702.7,WIN,True,125,15,MAIN,7,ATTACK_SELECTION,ATTACK,,ATTACK,2,1,121,40,320,2,True,4,1,True,True,1,1,1,304,30,3,304,0,3,False,True,,,False
92561745,702.7,WIN,True,126,15,DAMAGE_COUNTER_ANY,1,TARGET_SELECTION,,,CARD,0,0,121,40,320,2,True,4,1,False,True,1,1,1,304,0,3,304,0,3,False,True,,,False
92561745,702.7,WIN,True,127,15,DAMAGE_COUNTER_ANY,1,TARGET_SELECTION,,,CARD,0,0,121,40,320,2,True,4,1,False,True,1,1,1,304,0,3,304,0,3,False,True,,,False
92561745,702.7,WIN,True,128,15,DAMAGE_COUNTER_ANY,1,TARGET_SELECTION,,,CARD,0,0,121,40,320,2,True,4,1,False,True,1,1,1,304,0,3,304,0,3,False,True,,,False
92561745,702.7,WIN,True,129,15,DAMAGE_COUNTER_ANY,1,TARGET_SELECTION,,,CARD,0,0,121,40,320,2,True,4,1,False,True,1,1,1,304,0,3,304,0,3,False,True,,,False
92561745,702.7,WIN,True,130,15,DAMAGE_COUNTER_ANY,1,TARGET_SELECTION,,,CARD,0,0,121,40,320,2,True,4,1,False,True,1,1,1,304,0,3,304,0,3,False,True,,,False
92561745,702.7,WIN,True,131,15,DAMAGE_COUNTER_ANY,1,TARGET_SELECTION,,,CARD,0,0,121,40,320,2,True,4,1,False,True,1,1,1,304,0,3,,,3,False,True,,,False
92562643,556.0,LOSS,True,0,,,0,UNKNOWN,,,,0,0,,,,,False,,,False,False,,,0,,,,,,,,,,,False
92562643,556.0,LOSS,True,1,,,0,UNKNOWN,,,,0,0,,,,,False,,,False,False,,,0,,,,,,0,,,,,False
92562643,556.0,LOSS,True,2,0,IS_FIRST,2,GOING_FIRST_SECOND,,,,0,0,,,,,False,0,0,False,False,,,0,,,0,,,6,,,,,False
92562643,556.0,LOSS,True,3,0,SETUP_ACTIVE_POKEMON,1,EARLY_GAME_SETUP,,,,0,0,,,,,False,0,0,False,False,,,0,,,6,676,110,6,,,,,False
92562643,556.0,LOSS,True,4,1,MAIN,6,RESOURCE_MANAGEMENT,PLAY_ITEM,1086,PLAY,0,0,140,210,210,2,False,0,6,False,False,1,0,0,676,110,6,676,110,6,False,False,,,False
92562643,556.0,LOSS,True,5,1,TO_BENCH,4,BENCH_MANAGEMENT,,,CARD;CARD,0,0,140,210,210,2,False,0,6,False,False,1,0,0,676,110,6,676,110,6,False,False,,,False
92562643,556.0,LOSS,True,6,1,MAIN,7,RESOURCE_MANAGEMENT,PLAY_ITEM,1086,PLAY,0,0,140,210,210,2,False,2,6,False,True,1,0,0,676,110,6,676,110,6,False,False,,,False
92562643,556.0,LOSS,True,7,1,TO_BENCH,2,BENCH_MANAGEMENT,,,CARD;CARD,0,0,140,210,210,2,False,2,6,False,True,1,0,0,676,110,6,676,110,6,False,False,,,False
92562643,556.0,LOSS,True,8,1,MAIN,8,RESOURCE_MANAGEMENT,PLAY_ITEM,1152,PLAY,0,0,140,210,210,2,False,4,6,False,True,1,0,1,676,110,6,676,110,6,False,False,,,False
92562643,556.0,LOSS,True,9,1,TO_HAND,4,RESOURCE_MANAGEMENT,,,CARD,0,0,140,210,210,2,False,4,6,False,True,1,0,1,676,110,6,676,110,6,False,False,,,False
92562643,556.0,LOSS,True,10,1,MAIN,7,ENERGY_MANAGEMENT,ATTACH_ENERGY,,ATTACH,0,0,140,210,210,2,False,4,6,False,True,1,0,1,676,110,6,676,110,6,False,False,,,False
92562643,556.0,LOSS,True,11,1,MAIN,3,TIMING,,,,0,0,140,210,210,2,False,4,6,True,True,1,1,1,676,110,6,676,110,6,False,False,,,False
92562643,556.0,LOSS,True,12,3,MAIN,8,RESOURCE_MANAGEMENT,PLAY_SUPPORTER,1210,PLAY,0,0,140,140,210,2,True,4,6,True,True,1,1,1,676,110,6,676,110,6,False,False,Cosmic Beam,70,False
92562643,556.0,LOSS,True,13,3,TO_HAND,7,RESOURCE_MANAGEMENT,,,CARD,0,0,140,140,210,2,True,4,6,False,True,1,1,1,676,110,6,676,110,6,False,False,Cosmic Beam,70,False
92562643,556.0,LOSS,True,14,3,TO_HAND,1,RESOURCE_MANAGEMENT,,,CARD,0,0,140,140,210,2,True,4,6,False,True,1,1,1,676,110,6,676,110,6,False,False,Cosmic Beam,70,False
92562643,556.0,LOSS,True,15,3,MAIN,8,RESOURCE_MANAGEMENT,PLAY_POKEMON,184,PLAY,0,0,140,140,210,2,True,4,6,True,True,1,1,1,676,110,6,676,110,6,False,False,Cosmic Beam,70,False
92562643,556.0,LOSS,True,16,3,MAIN,6,BENCH_MANAGEMENT,EVOLVE,,EVOLVE,0,0,140,140,210,2,True,5,6,True,True,1,1,1,676,110,6,676,110,6,False,False,Cosmic Beam,70,False
92562643,556.0,LOSS,True,17,3,MAIN,4,RESOURCE_MANAGEMENT,ABILITY,,ABILITY,0,0,140,140,210,2,True,5,6,True,True,1,1,1,676,110,6,676,110,6,False,False,Cosmic Beam,70,False
92562643,556.0,LOSS,True,18,3,TO_HAND,2,RESOURCE_MANAGEMENT,,,CARD,0,0,140,140,210,2,True,5,6,False,True,1,1,1,676,110,6,676,110,6,False,False,Cosmic Beam,70,False
92562643,556.0,LOSS,True,19,3,MAIN,9,ENERGY_MANAGEMENT,ATTACH_ENERGY,,ATTACH,0,0,140,140,210,2,True,5,6,True,True,1,1,1,676,110,6,676,110,6,False,False,Cosmic Beam,70,False
92562643,556.0,LOSS,True,20,3,MAIN,3,RETREAT_SELECTION,RETREAT,,RETREAT,0,0,140,140,210,2,True,5,6,True,True,1,1,1,676,110,6,676,110,6,False,False,Cosmic Beam,70,False
92562643,556.0,LOSS,True,21,3,SWITCH,5,ACTIVE_POKEMON_SELECTION,,,CARD,0,0,140,140,210,2,True,5,6,False,True,1,1,1,676,110,6,676,110,6,False,False,Cosmic Beam,70,False
92562643,556.0,LOSS,True,22,3,MAIN,3,TIMING,,,,1,0,235,30,30,1,False,5,6,False,True,0,0,0,676,110,6,676,90,5,True,False,Cosmic Beam,70,True
92562643,556.0,LOSS,True,23,4,TO_ACTIVE,5,ACTIVE_POKEMON_SELECTION,,,CARD,0,0,,,,,False,5,6,False,True,,,0,676,90,5,676,90,5,,,,,True
92562643,556.0,LOSS,True,24,5,MAIN,13,RESOURCE_MANAGEMENT,ABILITY,,ABILITY,0,0,119,70,70,1,False,4,6,True,True,1,1,0,676,90,5,676,90,5,True,False,Cosmic Beam,70,False
92562643,556.0,LOSS,True,25,5,TO_HAND,2,RESOURCE_MANAGEMENT,,,CARD,0,0,119,70,70,1,False,4,6,False,True,1,1,0,676,90,5,676,90,5,True,False,Cosmic Beam,70,False
92562643,556.0,LOSS,True,26,5,MAIN,14,RESOURCE_MANAGEMENT,ABILITY,,ABILITY,0,0,119,70,70,1,False,4,6,True,True,1,1,0,676,90,5,676,90,5,True,False,Cosmic Beam,70,False
92562643,556.0,LOSS,True,27,5,MAIN,16,RESOURCE_MANAGEMENT,PLAY_SUPPORTER,1198,PLAY,0,0,119,70,70,1,False,4,6,True,True,1,1,0,676,90,5,676,90,5,True,False,Cosmic Beam,70,False
92562643,556.0,LOSS,True,28,5,TO_HAND,5,RESOURCE_MANAGEMENT,,,CARD,0,0,119,70,70,1,False,4,6,False,True,1,1,0,676,90,5,676,90,5,True,False,Cosmic Beam,70,False
92562643,556.0,LOSS,True,29,5,ATTACH_TO,2,ENERGY_MANAGEMENT,,,CARD,0,0,119,70,70,1,False,4,6,False,True,1,1,0,676,90,5,676,90,5,True,False,Cosmic Beam,70,False
92562643,556.0,LOSS,True,30,5,ATTACH_FROM,5,ENERGY_MANAGEMENT,,,CARD,0,0,119,70,70,1,False,4,6,False,True,1,1,0,676,90,5,676,90,5,True,False,Cosmic Beam,70,False
92562643,556.0,LOSS,True,31,5,MAIN,19,BENCH_MANAGEMENT,EVOLVE,,EVOLVE,0,0,119,70,70,1,False,4,6,True,True,1,1,0,676,90,5,676,90,5,True,False,Cosmic Beam,70,False
92562643,556.0,LOSS,True,32,5,MAIN,18,RESOURCE_MANAGEMENT,ABILITY,,ABILITY,0,0,120,90,90,1,False,4,6,True,True,1,1,0,676,90,5,676,90,5,False,False,Cosmic Beam,70,True
92562643,556.0,LOSS,True,33,5,TO_HAND,2,RESOURCE_MANAGEMENT,,,CARD,0,0,120,90,90,1,False,4,6,False,True,1,1,0,676,90,5,676,90,5,False,False,Cosmic Beam,70,False
92562643,556.0,LOSS,True,34,5,MAIN,18,RESOURCE_MANAGEMENT,PLAY_ITEM,1120,PLAY,0,0,120,90,90,1,False,4,6,True,True,1,1,0,676,90,5,676,90,5,False,False,Cosmic Beam,70,False
92562643,556.0,LOSS,True,35,5,DISCARD_ENERGY,2,ENERGY_MANAGEMENT,,,ENERGY,0,0,120,90,90,1,False,4,6,False,True,1,1,0,676,90,5,676,90,5,False,False,Cosmic Beam,70,False
92562643,556.0,LOSS,True,36,5,MAIN,17,ENERGY_MANAGEMENT,ATTACH_ENERGY,,ATTACH,0,0,120,90,90,1,False,4,6,True,True,1,1,0,676,90,5,676,90,5,False,False,Cosmic Beam,70,False
92562643,556.0,LOSS,True,37,5,MAIN,7,RESOURCE_MANAGEMENT,PLAY_ITEM,1080,PLAY,0,0,120,90,90,1,False,4,6,True,True,1,1,0,676,90,5,676,90,5,False,False,Cosmic Beam,70,False
92562643,556.0,LOSS,True,38,5,MAIN,4,RESOURCE_MANAGEMENT,PLAY_ITEM,1152,PLAY,0,0,120,90,90,1,False,4,6,True,True,1,1,0,676,90,5,676,90,5,False,False,Cosmic Beam,70,False
92562643,556.0,LOSS,True,39,5,TO_HAND,2,RESOURCE_MANAGEMENT,,,CARD,0,0,120,90,90,1,False,4,6,False,True,1,1,0,676,90,5,676,90,5,False,False,Cosmic Beam,70,False
92562643,556.0,LOSS,True,40,5,MAIN,4,BENCH_MANAGEMENT,EVOLVE,,EVOLVE,0,0,120,90,90,1,False,4,6,True,True,1,1,0,676,90,5,676,90,5,False,False,Cosmic Beam,70,False
92562643,556.0,LOSS,True,41,5,MAIN,4,RESOURCE_MANAGEMENT,ABILITY,,ABILITY,0,0,120,90,90,1,False,4,6,True,True,1,1,0,676,90,5,676,90,5,False,False,Cosmic Beam,70,False
92562643,556.0,LOSS,True,42,5,TO_HAND,2,RESOURCE_MANAGEMENT,,,CARD,0,0,120,90,90,1,False,4,6,False,True,1,1,0,676,90,5,676,90,5,False,False,Cosmic Beam,70,False
92562643,556.0,LOSS,True,43,5,MAIN,4,RESOURCE_MANAGEMENT,PLAY_ITEM,1120,PLAY,0,0,120,90,90,1,False,4,6,True,True,1,1,0,676,90,5,676,90,5,False,False,Cosmic Beam,70,False
92562643,556.0,LOSS,True,44,5,MAIN,3,TIMING,,,,0,0,120,90,90,1,False,4,6,True,True,1,1,0,676,90,5,676,90,5,False,False,Cosmic Beam,70,False
92562643,556.0,LOSS,True,45,7,MAIN,10,RESOURCE_MANAGEMENT,ABILITY,,ABILITY,0,0,120,20,90,1,True,4,6,True,True,1,1,0,676,90,5,676,90,5,True,False,Cosmic Beam,70,False
92562643,556.0,LOSS,True,46,7,TO_HAND,2,RESOURCE_MANAGEMENT,,,CARD,0,0,120,20,90,1,True,4,6,False,True,1,1,0,676,90,5,676,90,5,True,False,Cosmic Beam,70,False
92562643,556.0,LOSS,True,47,7,MAIN,9,RESOURCE_MANAGEMENT,ABILITY,,ABILITY,0,0,120,20,90,1,True,4,6,True,True,1,1,0,676,90,5,676,90,5,True,False,Cosmic Beam,70,False
92562643,556.0,LOSS,True,48,7,TO_HAND,2,RESOURCE_MANAGEMENT,,,CARD,0,0,120,20,90,1,True,4,6,False,True,1,1,0,676,90,5,676,90,5,True,False,Cosmic Beam,70,False
92562643,556.0,LOSS,True,49,7,MAIN,9,RESOURCE_MANAGEMENT,ABILITY,,ABILITY,0,0,120,20,90,1,True,4,6,True,True,1,1,0,676,90,5,676,90,5,True,False,Cosmic Beam,70,False
92562643,556.0,LOSS,True,50,7,TO_HAND,2,RESOURCE_MANAGEMENT,,,CARD,0,0,120,20,90,1,True,4,6,False,True,1,1,0,676,90,5,676,90,5,True,False,Cosmic Beam,70,False
92562643,556.0,LOSS,True,51,7,MAIN,9,RESOURCE_MANAGEMENT,PLAY_SUPPORTER,1227,PLAY,0,0,120,20,90,1,True,4,6,True,True,1,1,0,676,90,5,676,90,5,True,False,Cosmic Beam,70,False
92562643,556.0,LOSS,True,52,7,MAIN,13,BENCH_MANAGEMENT,EVOLVE,,EVOLVE,0,0,120,20,90,1,True,4,6,True,True,1,1,0,676,90,5,676,90,5,True,False,Cosmic Beam,70,False
92562643,556.0,LOSS,True,53,7,MAIN,11,ENERGY_MANAGEMENT,ATTACH_ENERGY,,ATTACH,1,0,121,250,320,2,True,4,6,True,True,1,1,0,676,90,5,676,90,5,False,False,Cosmic Beam,70,True
92562643,556.0,LOSS,True,54,7,MAIN,6,RESOURCE_MANAGEMENT,PLAY_ITEM,1121,PLAY,1,0,121,250,320,2,True,4,6,True,True,1,1,0,676,90,5,676,90,5,False,False,Cosmic Beam,70,False
92562643,556.0,LOSS,True,55,7,DISCARD,5,RESOURCE_MANAGEMENT,,,CARD;CARD,0,0,121,250,320,2,True,4,6,False,True,1,1,0,676,90,5,676,90,5,False,False,Cosmic Beam,70,False
92562643,556.0,LOSS,True,56,7,TO_HAND,2,RESOURCE_MANAGEMENT,,,CARD,0,0,121,250,320,2,True,4,6,False,True,1,1,0,676,90,5,676,90,5,False,False,Cosmic Beam,70,False
92562643,556.0,LOSS,True,57,7,MAIN,6,BENCH_MANAGEMENT,EVOLVE,,EVOLVE,1,0,121,250,320,2,True,4,6,True,True,1,1,0,676,90,5,676,90,5,False,False,Cosmic Beam,70,False
92562643,556.0,LOSS,True,58,7,MAIN,4,TIMING,,,,1,0,121,250,320,2,True,4,6,True,True,1,1,1,676,90,5,676,20,5,False,False,Cosmic Beam,70,False
92562643,556.0,LOSS,True,59,9,MAIN,6,RESOURCE_MANAGEMENT,ABILITY,,ABILITY,0,0,140,70,210,2,True,4,6,True,True,1,1,2,676,20,5,676,20,5,True,False,Cosmic Beam,70,True
92562643,556.0,LOSS,True,60,9,TO_HAND,2,RESOURCE_MANAGEMENT,,,CARD,0,0,140,70,210,2,True,4,6,False,True,1,1,2,676,20,5,676,20,5,True,False,Cosmic Beam,70,False
92562643,556.0,LOSS,True,61,9,MAIN,6,RESOURCE_MANAGEMENT,PLAY_SUPPORTER,1198,PLAY,0,0,140,70,210,2,True,4,6,True,True,1,1,2,676,20,5,676,20,5,True,False,Cosmic Beam,70,False
92562643,556.0,LOSS,True,62,9,TO_HAND,4,RESOURCE_MANAGEMENT,,,CARD,0,0,140,70,210,2,True,4,6,False,True,1,1,2,676,20,5,676,20,5,True,False,Cosmic Beam,70,False
92562643,556.0,LOSS,True,63,9,ATTACH_TO,1,ENERGY_MANAGEMENT,,,CARD,0,0,140,70,210,2,True,4,6,False,True,1,1,2,676,20,5,676,20,5,True,False,Cosmic Beam,70,False
92562643,556.0,LOSS,True,64,9,ATTACH_FROM,5,ENERGY_MANAGEMENT,,,CARD,0,0,140,70,210,2,True,4,6,False,True,1,1,2,676,20,5,676,20,5,True,False,Cosmic Beam,70,False
92562643,556.0,LOSS,True,65,9,MAIN,10,ENERGY_MANAGEMENT,ATTACH_ENERGY,,ATTACH,0,0,140,70,210,2,True,4,6,True,True,1,1,2,676,20,5,676,20,5,True,False,Cosmic Beam,70,False
92562643,556.0,LOSS,True,66,9,MAIN,5,RETREAT_SELECTION,RETREAT,,RETREAT,0,0,140,70,210,2,True,4,6,True,True,1,1,2,676,20,5,676,20,5,True,False,Cosmic Beam,70,False
92562643,556.0,LOSS,True,67,9,SWITCH,4,ACTIVE_POKEMON_SELECTION,,,CARD,0,0,140,70,210,2,True,4,6,False,True,1,1,2,676,20,5,676,20,5,True,False,Cosmic Beam,70,False
92562643,556.0,LOSS,True,68,9,MAIN,6,ATTACK_SELECTION,ATTACK,,ATTACK,2,1,121,320,320,2,False,4,6,False,True,1,1,1,676,20,5,676,0,5,False,False,Cosmic Beam,70,True
92562643,556.0,LOSS,True,69,9,DAMAGE_COUNTER_ANY,5,TARGET_SELECTION,,,CARD,0,0,121,320,320,2,False,4,6,False,True,1,1,1,676,0,5,676,0,5,False,False,Cosmic Beam,70,False
92562643,556.0,LOSS,True,70,9,DAMAGE_COUNTER_ANY,5,TARGET_SELECTION,,,CARD,0,0,121,320,320,2,False,4,6,False,True,1,1,1,676,0,5,676,0,5,False,False,Cosmic Beam,70,False
92562643,556.0,LOSS,True,71,9,DAMAGE_COUNTER_ANY,5,TARGET_SELECTION,,,CARD,0,0,121,320,320,2,False,4,6,False,True,1,1,1,676,0,5,676,0,5,False,False,Cosmic Beam,70,False
92562643,556.0,LOSS,True,72,9,DAMAGE_COUNTER_ANY,5,TARGET_SELECTION,,,CARD,0,0,121,320,320,2,False,4,6,False,True,1,1,1,676,0,5,676,0,5,False,False,Cosmic Beam,70,False
92562643,556.0,LOSS,True,73,9,DAMAGE_COUNTER_ANY,5,TARGET_SELECTION,,,CARD,0,0,121,320,320,2,False,4,6,False,True,1,1,1,676,0,5,676,0,5,False,False,Cosmic Beam,70,False
92562643,556.0,LOSS,True,74,9,DAMAGE_COUNTER_ANY,5,TARGET_SELECTION,,,CARD,0,0,121,320,320,2,False,4,6,False,True,1,1,1,676,0,5,,,5,False,False,Cosmic Beam,70,False
92562643,556.0,LOSS,True,75,9,TO_HAND,6,RESOURCE_MANAGEMENT,,,,0,0,121,320,320,2,False,4,6,False,True,1,1,1,,,5,678,440,3,,,,,False
92562643,556.0,LOSS,True,76,10,TO_ACTIVE,4,ACTIVE_POKEMON_SELECTION,,,CARD,0,0,,,,,False,4,5,False,True,,,1,678,440,3,678,440,3,,,,,True
92562643,556.0,LOSS,True,77,11,MAIN,11,RESOURCE_MANAGEMENT,PLAY_STADIUM,1256,PLAY,2,0,121,220,290,2,True,3,5,True,True,1,1,0,678,440,3,678,440,3,True,False,Mega Brave,270,False
92562643,556.0,LOSS,True,78,11,MAIN,10,RESOURCE_MANAGEMENT,PLAY_ITEM,1097,PLAY,2,0,121,250,320,2,True,3,5,True,True,1,1,0,678,440,3,678,440,3,True,False,Mega Brave,270,False
92562643,556.0,LOSS,True,79,11,TO_HAND,6,RESOURCE_MANAGEMENT,,,CARD,0,0,121,250,320,2,True,3,5,False,True,1,1,0,678,440,3,678,440,3,True,False,Mega Brave,270,False
92562643,556.0,LOSS,True,80,11,MAIN,10,RESOURCE_MANAGEMENT,PLAY_POKEMON,119,PLAY,2,0,121,250,320,2,True,3,5,True,True,1,1,0,678,440,3,678,440,3,True,False,Mega Brave,270,False
92562643,556.0,LOSS,True,81,11,MAIN,9,RESOURCE_MANAGEMENT,ABILITY,,ABILITY,2,0,121,250,320,2,True,4,5,True,True,1,1,0,678,440,3,678,440,3,True,False,Mega Brave,270,False
92562643,556.0,LOSS,True,82,11,MAIN,11,RESOURCE_MANAGEMENT,ABILITY,,ABILITY,2,0,121,250,320,2,True,4,5,True,True,1,1,0,678,440,3,678,440,3,True,False,Mega Brave,270,False
92562643,556.0,LOSS,True,83,11,TO_HAND,2,RESOURCE_MANAGEMENT,,,CARD,0,0,121,250,320,2,True,4,5,False,True,1,1,0,678,440,3,678,440,3,True,False,Mega Brave,270,False
92562643,556.0,LOSS,True,84,11,MAIN,11,RESOURCE_MANAGEMENT,PLAY_SUPPORTER,1182,PLAY,2,0,121,250,320,2,True,4,5,True,True,1,1,0,678,440,3,678,440,3,True,False,Mega Brave,270,False
92562643,556.0,LOSS,True,85,11,SWITCH,4,ACTIVE_POKEMON_SELECTION,,,CARD,0,0,121,250,320,2,True,4,5,False,True,1,1,0,678,440,3,678,280,3,True,False,Mega Brave,270,False
92562643,556.0,LOSS,True,86,11,MAIN,8,ATTACK_SELECTION,ATTACK,,ATTACK,2,1,121,250,320,2,True,4,5,True,True,1,1,0,678,280,3,678,80,3,False,False,,,False
92562643,556.0,LOSS,True,87,11,DAMAGE_COUNTER_ANY,4,TARGET_SELECTION,,,CARD,0,0,121,250,320,2,True,4,5,False,True,1,1,0,678,80,3,678,80,3,False,False,,,False
92562643,556.0,LOSS,True,88,11,DAMAGE_COUNTER_ANY,4,TARGET_SELECTION,,,CARD,0,0,121,250,320,2,True,4,5,False,True,1,1,0,678,80,3,678,80,3,False,False,,,False
92562643,556.0,LOSS,True,89,11,DAMAGE_COUNTER_ANY,4,TARGET_SELECTION,,,CARD,0,0,121,250,320,2,True,4,5,False,True,1,1,0,678,80,3,678,80,3,False,False,,,False
92562643,556.0,LOSS,True,90,11,DAMAGE_COUNTER_ANY,4,TARGET_SELECTION,,,CARD,0,0,121,250,320,2,True,4,5,False,True,1,1,0,678,80,3,678,80,3,False,False,,,False
92562643,556.0,LOSS,True,91,11,DAMAGE_COUNTER_ANY,4,TARGET_SELECTION,,,CARD,0,0,121,250,320,2,True,4,5,False,True,1,1,0,678,80,3,678,80,3,False,False,,,False
92562643,556.0,LOSS,True,92,11,DAMAGE_COUNTER_ANY,4,TARGET_SELECTION,,,,0,0,121,250,320,2,True,4,5,False,True,1,1,0,678,80,3,678,440,1,False,False,,,False
92562643,556.0,LOSS,True,93,12,TO_ACTIVE,4,ACTIVE_POKEMON_SELECTION,,,CARD,0,0,,,,,False,4,5,False,True,,,0,678,440,1,678,440,1,,,,,True
92562643,556.0,LOSS,True,94,13,MAIN,17,RESOURCE_MANAGEMENT,PLAY_POKEMON,235,PLAY,0,0,120,90,90,1,False,3,5,True,True,1,1,0,678,440,1,678,440,1,True,False,Mega Brave,270,False
92562643,556.0,LOSS,True,95,13,MAIN,17,RESOURCE_MANAGEMENT,PLAY_ITEM,1120,PLAY,0,0,120,90,90,1,False,4,5,True,True,1,1,1,678,440,1,678,440,1,True,False,Mega Brave,270,False
92562643,556.0,LOSS,True,96,13,MAIN,16,RESOURCE_MANAGEMENT,ABILITY,,ABILITY,0,0,120,90,90,1,False,4,5,True,True,1,1,1,678,440,1,678,440,1,True,False,Mega Brave,270,False
92562643,556.0,LOSS,True,97,13,TO_HAND,2,RESOURCE_MANAGEMENT,,,CARD,0,0,120,90,90,1,False,4,5,False,True,1,1,1,678,440,1,678,440,1,True,False,Mega Brave,270,False
92562643,556.0,LOSS,True,98,13,MAIN,16,RESOURCE_MANAGEMENT,PLAY_ITEM,1097,PLAY,0,0,120,90,90,1,False,4,5,True,True,1,1,1,678,440,1,678,440,1,True,False,Mega Brave,270,False
92562643,556.0,LOSS,True,99,13,TO_HAND,10,RESOURCE_MANAGEMENT,,,CARD,0,0,120,90,90,1,False,4,5,False,True,1,1,1,678,440,1,678,440,1,True,False,Mega Brave,270,False
92562643,556.0,LOSS,True,100,13,MAIN,16,BENCH_MANAGEMENT,EVOLVE,,EVOLVE,0,0,120,90,90,1,False,4,5,True,True,1,1,1,678,440,1,678,440,1,True,False,Mega Brave,270,False
92562643,556.0,LOSS,True,101,13,MAIN,16,RESOURCE_MANAGEMENT,ABILITY,,ABILITY,1,0,121,320,320,2,False,4,5,True,True,1,1,1,678,440,1,678,440,1,False,False,Mega Brave,270,True
92562643,556.0,LOSS,True,102,13,MAIN,18,BENCH_MANAGEMENT,EVOLVE,,EVOLVE,1,0,121,320,320,2,False,4,5,True,True,1,1,1,678,440,1,678,440,1,False,False,Mega Brave,270,False
92562643,556.0,LOSS,True,103,13,MAIN,18,ENERGY_MANAGEMENT,ATTACH_ENERGY,,ATTACH,1,0,121,320,320,2,False,4,5,True,True,1,1,1,678,440,1,678,440,1,False,False,Mega Brave,270,False
92562643,556.0,LOSS,True,104,13,MAIN,14,RESOURCE_MANAGEMENT,PLAY_SUPPORTER,1227,PLAY,2,0,121,320,320,2,False,4,5,True,True,1,1,1,678,440,1,678,440,1,False,False,Mega Brave,270,False
92562643,556.0,LOSS,True,105,13,MAIN,8,ATTACK_SELECTION,ATTACK,,ATTACK,2,1,121,320,320,2,False,4,5,True,True,1,1,1,678,440,1,678,240,1,False,False,Mega Brave,270,False
92562643,556.0,LOSS,True,106,13,DAMAGE_COUNTER_ANY,5,TARGET_SELECTION,,,CARD,0,0,121,320,320,2,False,4,5,False,True,1,1,1,678,240,1,678,240,1,False,False,Mega Brave,270,False
92562643,556.0,LOSS,True,107,13,DAMAGE_COUNTER_ANY,5,TARGET_SELECTION,,,CARD,0,0,121,320,320,2,False,4,5,False,True,1,1,1,678,240,1,678,240,1,False,False,Mega Brave,270,False
92562643,556.0,LOSS,True,108,13,DAMAGE_COUNTER_ANY,5,TARGET_SELECTION,,,CARD,0,0,121,320,320,2,False,4,5,False,True,1,1,1,678,240,1,678,240,1,False,False,Mega Brave,270,False
92562643,556.0,LOSS,True,109,13,DAMAGE_COUNTER_ANY,5,TARGET_SELECTION,,,CARD,0,0,121,320,320,2,False,4,5,False,True,1,1,1,678,240,1,678,240,1,False,False,Mega Brave,270,False
92562643,556.0,LOSS,True,110,13,DAMAGE_COUNTER_ANY,5,TARGET_SELECTION,,,CARD,0,0,121,320,320,2,False,4,5,False,True,1,1,1,678,240,1,678,240,1,False,False,Mega Brave,270,False
92563590,590.6,WIN,False,0,,,0,UNKNOWN,,,,0,0,,,,,False,,,False,False,,,0,,,,,,,,,,,False
92563590,590.6,WIN,False,1,,,0,UNKNOWN,,,,0,0,,,,,False,,,False,False,,,0,,,,,,0,,,,,False
92563590,590.6,WIN,False,2,0,SETUP_ACTIVE_POKEMON,1,EARLY_GAME_SETUP,,,,0,0,,,,,False,0,0,False,False,,,0,,,0,305,70,6,,,,,False
92563590,590.6,WIN,False,3,2,MAIN,7,ENERGY_MANAGEMENT,ATTACH_ENERGY,,ATTACH,1,0,235,30,30,1,False,0,6,False,False,0,0,0,305,70,6,305,70,6,False,False,,,False
92563590,590.6,WIN,False,4,2,MAIN,6,RESOURCE_MANAGEMENT,PLAY_ITEM,1086,PLAY,1,0,235,30,30,1,False,0,6,False,False,0,0,0,305,70,6,305,70,6,False,False,,,False
92563590,590.6,WIN,False,5,2,TO_BENCH,4,BENCH_MANAGEMENT,,,CARD;CARD,0,0,235,30,30,1,False,0,6,False,False,0,0,0,305,70,6,305,70,6,False,False,,,False
92563590,590.6,WIN,False,6,2,MAIN,6,RESOURCE_MANAGEMENT,PLAY_SUPPORTER,1227,PLAY,1,0,235,30,30,1,False,2,6,True,True,0,0,0,305,70,6,305,70,6,False,False,,,False
92563590,590.6,WIN,False,7,2,MAIN,10,RESOURCE_MANAGEMENT,PLAY_POKEMON,119,PLAY,1,0,235,30,30,1,False,2,6,True,True,0,0,0,305,70,6,305,70,6,False,False,,,False
92563590,590.6,WIN,False,8,2,MAIN,10,RESOURCE_MANAGEMENT,PLAY_ITEM,1086,PLAY,1,0,235,30,30,1,False,3,6,True,True,0,0,0,305,70,6,305,70,6,False,False,,,False
92563590,590.6,WIN,False,9,2,TO_BENCH,1,BENCH_MANAGEMENT,,,CARD,0,0,235,30,30,1,False,3,6,False,True,0,0,0,305,70,6,305,70,6,False,False,,,False
92563590,590.6,WIN,False,10,2,MAIN,10,RESOURCE_MANAGEMENT,PLAY_ITEM,1152,PLAY,1,0,235,30,30,1,False,4,6,True,True,0,0,0,305,70,6,305,70,6,False,False,,,False
92563590,590.6,WIN,False,11,2,TO_HAND,2,RESOURCE_MANAGEMENT,,,CARD,0,0,235,30,30,1,False,4,6,False,True,0,0,0,305,70,6,305,70,6,False,False,,,False
92563590,590.6,WIN,False,12,2,MAIN,9,ENERGY_MANAGEMENT,ATTACH_ENERGY,,ATTACH,1,0,235,30,30,1,False,4,6,True,True,0,0,0,305,70,6,305,70,6,False,False,,,False
92563590,590.6,WIN,False,13,2,MAIN,4,TIMING,,,,1,0,235,30,30,1,False,4,6,True,True,0,0,1,305,70,6,66,130,6,False,False,,,False
92563590,590.6,WIN,False,14,4,MAIN,11,RESOURCE_MANAGEMENT,PLAY_ITEM,1121,PLAY,1,0,235,30,30,1,False,4,6,True,True,0,0,1,66,130,6,66,130,6,False,False,,,False
92563590,590.6,WIN,False,15,4,DISCARD,5,RESOURCE_MANAGEMENT,,,CARD;CARD,0,0,235,30,30,1,False,4,6,False,True,0,0,1,66,130,6,66,130,6,False,False,,,False
92563590,590.6,WIN,False,16,4,TO_HAND,6,RESOURCE_MANAGEMENT,,,CARD,0,0,235,30,30,1,False,4,6,False,True,0,0,1,66,130,6,66,130,6,False,False,,,False
92563590,590.6,WIN,False,17,4,MAIN,9,RESOURCE_MANAGEMENT,PLAY_POKEMON,1071,PLAY,1,0,235,30,30,1,False,4,6,True,True,0,0,1,66,130,6,66,130,6,False,False,,,False
92563590,590.6,WIN,False,18,4,ACTIVATE,2,RESOURCE_MANAGEMENT,,,YES,0,0,235,30,30,1,False,5,6,False,True,0,0,1,66,130,6,66,130,6,False,False,,,False
92563590,590.6,WIN,False,19,4,TO_HAND,11,RESOURCE_MANAGEMENT,,,CARD,0,0,235,30,30,1,False,5,6,False,True,0,0,1,66,130,6,66,130,6,False,False,,,False
92563590,590.6,WIN,False,20,4,MAIN,9,RESOURCE_MANAGEMENT,PLAY_ITEM,1120,PLAY,1,0,235,30,30,1,False,5,6,True,True,0,0,1,66,130,6,66,130,6,False,False,,,False
92563590,590.6,WIN,False,21,4,DISCARD_ENERGY,1,ENERGY_MANAGEMENT,,,ENERGY,0,0,235,30,30,1,False,5,6,False,True,0,0,1,66,130,6,66,130,6,False,False,,,False
92563590,590.6,WIN,False,22,4,MAIN,8,BENCH_MANAGEMENT,EVOLVE,,EVOLVE,1,0,235,30,30,1,False,5,6,True,True,0,0,1,66,130,6,66,130,6,False,False,,,False
92563590,590.6,WIN,False,23,4,MAIN,5,RESOURCE_MANAGEMENT,ABILITY,,ABILITY,1,0,235,30,30,1,False,5,6,True,True,0,0,0,66,130,6,66,130,6,False,False,,,False
92563590,590.6,WIN,False,24,4,TO_HAND,2,RESOURCE_MANAGEMENT,,,CARD,0,0,235,30,30,1,False,5,6,False,True,0,0,0,66,130,6,66,130,6,False,False,,,False
92563590,590.6,WIN,False,25,4,MAIN,10,ENERGY_MANAGEMENT,ATTACH_ENERGY,,ATTACH,1,0,235,30,30,1,False,5,6,True,True,0,0,0,66,130,6,66,130,6,False,False,,,False
92563590,590.6,WIN,False,26,4,MAIN,4,RESOURCE_MANAGEMENT,PLAY_SUPPORTER,1227,PLAY,1,0,235,30,30,1,False,5,6,True,True,0,0,0,66,130,6,66,130,6,False,False,,,False
92563590,590.6,WIN,False,27,4,MAIN,5,RESOURCE_MANAGEMENT,PLAY_ITEM,1121,PLAY,1,0,235,30,30,1,False,5,6,True,True,0,0,0,66,130,6,66,130,6,False,False,,,False
92563590,590.6,WIN,False,28,4,DISCARD,7,RESOURCE_MANAGEMENT,,,CARD;CARD,0,0,235,30,30,1,False,5,6,False,True,0,0,0,66,130,6,66,130,6,False,False,,,False
92563590,590.6,WIN,False,29,4,TO_HAND,6,RESOURCE_MANAGEMENT,,,CARD,0,0,235,30,30,1,False,5,6,False,True,0,0,0,66,130,6,66,130,6,False,False,,,False
92563590,590.6,WIN,False,30,4,MAIN,7,BENCH_MANAGEMENT,EVOLVE,,EVOLVE,1,0,235,30,30,1,False,5,6,True,True,0,0,0,66,130,6,66,130,6,False,False,,,False
92563590,590.6,WIN,False,31,4,MAIN,5,RESOURCE_MANAGEMENT,ABILITY,,ABILITY,1,0,235,30,30,1,False,5,6,True,True,0,0,0,66,130,6,66,130,6,False,False,,,False
92563590,590.6,WIN,False,32,4,TO_HAND,2,RESOURCE_MANAGEMENT,,,CARD,0,0,235,30,30,1,False,5,6,False,True,0,0,0,66,130,6,66,130,6,False,False,,,False
92563590,590.6,WIN,False,33,4,MAIN,5,TIMING,,,,1,0,235,30,30,1,False,5,6,True,True,0,0,0,66,130,6,66,120,6,False,False,,,False
92563590,590.6,WIN,False,34,6,MAIN,17,RESOURCE_MANAGEMENT,PLAY_ITEM,1120,PLAY,1,0,235,30,30,1,False,5,6,True,True,0,0,0,66,120,6,66,120,6,False,False,,,False
92563590,590.6,WIN,False,35,6,MAIN,16,RESOURCE_MANAGEMENT,ABILITY,,ABILITY,1,0,235,30,30,1,False,5,6,True,True,0,0,0,66,120,6,66,120,6,False,False,,,False
92563590,590.6,WIN,False,36,6,TO_HAND,2,RESOURCE_MANAGEMENT,,,CARD,0,0,235,30,30,1,False,5,6,False,True,0,0,0,66,120,6,66,120,6,False,False,,,False
92563590,590.6,WIN,False,37,6,MAIN,21,RESOURCE_MANAGEMENT,ABILITY,,ABILITY,1,0,235,30,30,1,False,5,6,True,True,0,0,0,66,120,6,66,120,6,False,False,,,False
92563590,590.6,WIN,False,38,6,TO_HAND,2,RESOURCE_MANAGEMENT,,,CARD,0,0,235,30,30,1,False,5,6,False,True,0,0,0,66,120,6,66,120,6,False,False,,,False
92563590,590.6,WIN,False,39,6,MAIN,22,BENCH_MANAGEMENT,EVOLVE,,EVOLVE,1,0,235,30,30,1,False,5,6,True,True,0,0,0,66,120,6,66,120,6,False,False,,,False
92563590,590.6,WIN,False,40,6,MAIN,20,RESOURCE_MANAGEMENT,PLAY_SUPPORTER,1198,PLAY,1,0,235,30,30,1,False,5,6,True,True,0,0,1,66,120,6,66,120,6,False,False,,,False
92563590,590.6,WIN,False,41,6,TO_HAND,3,RESOURCE_MANAGEMENT,,,CARD,0,0,235,30,30,1,False,5,6,False,True,0,0,1,66,120,6,66,120,6,False,False,,,False
92563590,590.6,WIN,False,42,6,ATTACH_TO,2,ENERGY_MANAGEMENT,,,CARD,0,0,235,30,30,1,False,5,6,False,True,0,0,1,66,120,6,66,120,6,False,False,,,False
92563590,590.6,WIN,False,43,6,ATTACH_FROM,6,ENERGY_MANAGEMENT,,,CARD,0,0,235,30,30,1,False,5,6,False,True,0,0,1,66,120,6,66,120,6,False,False,,,False
92563590,590.6,WIN,False,44,6,MAIN,23,RESOURCE_MANAGEMENT,PLAY_ITEM,1121,PLAY,1,0,235,30,30,1,False,5,6,True,True,0,0,1,66,120,6,66,120,6,False,False,,,False
92563590,590.6,WIN,False,45,6,DISCARD,6,RESOURCE_MANAGEMENT,,,CARD;CARD,0,0,235,30,30,1,False,5,6,False,True,0,0,1,66,120,6,66,120,6,False,False,,,False
92563590,590.6,WIN,False,46,6,TO_HAND,4,RESOURCE_MANAGEMENT,,,CARD,0,0,235,30,30,1,False,5,6,False,True,0,0,1,66,120,6,66,120,6,False,False,,,False
92563590,590.6,WIN,False,47,6,MAIN,17,BENCH_MANAGEMENT,EVOLVE,,EVOLVE,1,0,235,30,30,1,False,5,6,True,True,0,0,1,66,120,6,66,120,6,False,False,,,False
92563590,590.6,WIN,False,48,6,MAIN,16,ENERGY_MANAGEMENT,ATTACH_ENERGY,,ATTACH,1,0,235,30,30,1,False,5,6,True,True,0,0,2,66,120,6,66,120,6,False,False,,,False
92563590,590.6,WIN,False,49,6,MAIN,4,RETREAT_SELECTION,RETREAT,,RETREAT,1,0,235,30,30,1,False,5,6,True,True,0,0,2,66,120,6,66,120,6,False,False,,,False
92563590,590.6,WIN,False,50,6,SWITCH,5,ACTIVE_POKEMON_SELECTION,,,CARD,0,0,235,30,30,1,False,5,6,False,True,0,0,2,66,120,6,66,120,6,False,False,,,False
92563590,590.6,WIN,False,51,6,MAIN,4,ATTACK_SELECTION,ATTACK,,ATTACK,2,1,121,320,320,2,False,5,6,False,True,1,1,2,66,120,6,66,0,6,False,False,,,True
92563590,590.6,WIN,False,52,6,DAMAGE_COUNTER_ANY,4,TARGET_SELECTION,,,CARD,0,0,121,320,320,2,False,5,6,False,True,1,1,2,66,0,6,66,0,6,False,False,,,False
92563590,590.6,WIN,False,53,6,DAMAGE_COUNTER_ANY,4,TARGET_SELECTION,,,CARD,0,0,121,320,320,2,False,5,6,False,True,1,1,2,66,0,6,66,0,6,False,False,,,False
92563590,590.6,WIN,False,54,6,DAMAGE_COUNTER_ANY,4,TARGET_SELECTION,,,CARD,0,0,121,320,320,2,False,5,6,False,True,1,1,2,66,0,6,66,0,6,False,False,,,False
92563590,590.6,WIN,False,55,6,DAMAGE_COUNTER_ANY,4,TARGET_SELECTION,,,CARD,0,0,121,320,320,2,False,5,6,False,True,1,1,2,66,0,6,66,0,6,False,False,,,False
92563590,590.6,WIN,False,56,6,DAMAGE_COUNTER_ANY,4,TARGET_SELECTION,,,CARD,0,0,121,320,320,2,False,5,6,False,True,1,1,2,66,0,6,66,0,6,False,False,,,False
92563590,590.6,WIN,False,57,6,DAMAGE_COUNTER_ANY,4,TARGET_SELECTION,,,CARD,0,0,121,320,320,2,False,5,6,False,True,1,1,2,66,0,6,,,6,False,False,,,False
92563590,590.6,WIN,False,58,6,TO_HAND,6,RESOURCE_MANAGEMENT,,,,0,0,121,320,320,2,False,5,6,False,True,1,1,2,,,6,743,80,5,,,,,False
92563590,590.6,WIN,False,59,7,TO_ACTIVE,5,ACTIVE_POKEMON_SELECTION,,,CARD,0,0,,,,,False,5,5,False,True,,,2,743,80,5,743,80,5,,,,,True
92563590,590.6,WIN,False,60,8,MAIN,14,RESOURCE_MANAGEMENT,PLAY_SUPPORTER,1182,PLAY,2,0,121,320,320,2,False,4,5,True,True,1,1,1,743,80,5,743,80,5,False,False,Powerful Hand,0,False
92563590,590.6,WIN,False,61,8,SWITCH,3,ACTIVE_POKEMON_SELECTION,,,CARD,0,0,121,320,320,2,False,4,5,False,True,1,1,1,743,80,5,741,50,5,False,False,Powerful Hand,0,False
92563590,590.6,WIN,False,62,8,MAIN,13,BENCH_MANAGEMENT,EVOLVE,,EVOLVE,2,0,121,320,320,2,False,4,5,True,True,1,1,1,741,50,5,741,50,5,False,False,,,False
92563590,590.6,WIN,False,63,8,MAIN,12,RESOURCE_MANAGEMENT,ABILITY,,ABILITY,2,0,121,320,320,2,False,4,5,True,True,1,1,1,741,50,5,741,50,5,False,False,,,False
92563590,590.6,WIN,False,64,8,TO_HAND,2,RESOURCE_MANAGEMENT,,,CARD,0,0,121,320,320,2,False,4,5,False,True,1,1,1,741,50,5,741,50,5,False,False,,,False
92563590,590.6,WIN,False,65,8,MAIN,11,ENERGY_MANAGEMENT,ATTACH_ENERGY,,ATTACH,2,0,121,320,320,2,False,4,5,True,True,1,1,1,741,50,5,741,50,5,False,False,,,False
92563590,590.6,WIN,False,66,8,MAIN,6,RESOURCE_MANAGEMENT,PLAY_ITEM,1080,PLAY,2,0,121,320,320,2,False,4,5,True,True,1,1,1,741,50,5,741,50,5,False,False,,,False
92563590,590.6,WIN,False,67,8,MAIN,6,RESOURCE_MANAGEMENT,PLAY_POKEMON,140,PLAY,2,0,121,320,320,2,False,4,5,True,True,1,1,1,741,50,5,741,50,5,False,False,,,False
92563590,590.6,WIN,False,68,8,MAIN,6,RESOURCE_MANAGEMENT,ABILITY,,ABILITY,2,0,121,320,320,2,False,5,5,True,True,1,1,1,741,50,5,741,50,5,False,False,,,False
92563590,590.6,WIN,False,69,8,MAIN,6,ATTACK_SELECTION,ATTACK,,ATTACK,2,1,121,320,320,2,False,5,5,True,True,1,1,1,741,50,5,741,0,5,False,False,,,False
92563590,590.6,WIN,False,70,8,DAMAGE_COUNTER_ANY,3,TARGET_SELECTION,,,CARD,0,0,121,320,320,2,False,5,5,False,True,1,1,1,741,0,5,741,0,5,False,False,,,False
92563590,590.6,WIN,False,71,8,DAMAGE_COUNTER_ANY,3,TARGET_SELECTION,,,CARD,0,0,121,320,320,2,False,5,5,False,True,1,1,1,741,0,5,741,0,5,False,False,,,False
92563590,590.6,WIN,False,72,8,DAMAGE_COUNTER_ANY,3,TARGET_SELECTION,,,CARD,0,0,121,320,320,2,False,5,5,False,True,1,1,1,741,0,5,741,0,5,False,False,,,False
92563590,590.6,WIN,False,73,8,DAMAGE_COUNTER_ANY,3,TARGET_SELECTION,,,CARD,0,0,121,320,320,2,False,5,5,False,True,1,1,1,741,0,5,741,0,5,False,False,,,False
92563590,590.6,WIN,False,74,8,DAMAGE_COUNTER_ANY,3,TARGET_SELECTION,,,CARD,0,0,121,320,320,2,False,5,5,False,True,1,1,1,741,0,5,741,0,5,False,False,,,False
92563590,590.6,WIN,False,75,8,DAMAGE_COUNTER_ANY,3,TARGET_SELECTION,,,CARD,0,0,121,320,320,2,False,5,5,False,True,1,1,1,741,0,5,,,5,False,False,,,False
92563590,590.6,WIN,False,76,8,TO_HAND,5,RESOURCE_MANAGEMENT,,,,0,0,121,320,320,2,False,5,5,False,True,1,1,1,,,5,743,20,5,,,,,False
92563590,590.6,WIN,False,77,10,MAIN,19,RESOURCE_MANAGEMENT,PLAY_ITEM,1121,PLAY,2,0,121,280,320,2,True,5,4,True,True,1,1,1,743,20,5,743,20,5,False,False,Powerful Hand,0,False
92563590,590.6,WIN,False,78,10,DISCARD,8,RESOURCE_MANAGEMENT,,,CARD;CARD,0,0,121,280,320,2,True,5,4,False,True,1,1,1,743,20,5,743,20,5,False,False,Powerful Hand,0,False
92563590,590.6,WIN,False,79,10,TO_HAND,2,RESOURCE_MANAGEMENT,,,CARD,0,0,121,280,320,2,True,5,4,False,True,1,1,1,743,20,5,743,20,5,False,False,Powerful Hand,0,False
92563590,590.6,WIN,False,80,10,MAIN,17,RESOURCE_MANAGEMENT,ABILITY,,ABILITY,2,0,121,280,320,2,True,5,4,True,True,1,1,1,743,20,5,743,20,5,False,False,Powerful Hand,0,False
92563590,590.6,WIN,False,81,10,TO_HAND,2,RESOURCE_MANAGEMENT,,,CARD,0,0,121,280,320,2,True,5,4,False,True,1,1,1,743,20,5,743,20,5,False,False,Powerful Hand,0,False
92563590,590.6,WIN,False,82,10,MAIN,17,RESOURCE_MANAGEMENT,PLAY_ITEM,1079,PLAY,2,0,121,280,320,2,True,5,4,True,True,1,1,1,743,20,5,743,20,5,False,False,Powerful Hand,0,False
92563590,590.6,WIN,False,83,10,EVOLVE,1,BENCH_MANAGEMENT,,,EVOLVE,0,0,121,280,320,2,True,5,4,False,True,1,1,1,743,20,5,743,20,5,False,False,Powerful Hand,0,False
92563590,590.6,WIN,False,84,10,MAIN,14,ENERGY_MANAGEMENT,ATTACH_ENERGY,,ATTACH,2,0,121,280,320,2,True,5,4,True,True,1,1,2,743,20,5,743,20,5,False,False,Powerful Hand,0,False
92563590,590.6,WIN,False,85,10,MAIN,8,RESOURCE_MANAGEMENT,PLAY_SUPPORTER,1227,PLAY,2,0,121,280,320,2,True,5,4,True,True,1,1,2,743,20,5,743,20,5,False,False,Powerful Hand,0,False
92563590,590.6,WIN,False,86,10,MAIN,7,ATTACK_SELECTION,ATTACK,,ATTACK,2,1,121,280,320,2,True,5,4,True,True,1,1,2,743,20,5,743,0,5,False,False,Powerful Hand,0,False
92563590,590.6,WIN,False,87,10,DAMAGE_COUNTER_ANY,2,TARGET_SELECTION,,,CARD,0,0,121,280,320,2,True,5,4,False,True,1,1,2,743,0,5,743,0,5,False,False,Powerful Hand,0,False
92563590,590.6,WIN,False,88,10,DAMAGE_COUNTER_ANY,2,TARGET_SELECTION,,,CARD,0,0,121,280,320,2,True,5,4,False,True,1,1,2,743,0,5,743,0,5,False,False,Powerful Hand,0,False
92563590,590.6,WIN,False,89,10,DAMAGE_COUNTER_ANY,2,TARGET_SELECTION,,,CARD,0,0,121,280,320,2,True,5,4,False,True,1,1,2,743,0,5,743,0,5,False,False,Powerful Hand,0,False
92563590,590.6,WIN,False,90,10,DAMAGE_COUNTER_ANY,2,TARGET_SELECTION,,,CARD,0,0,121,280,320,2,True,5,4,False,True,1,1,2,743,0,5,743,0,5,False,False,Powerful Hand,0,False
92563590,590.6,WIN,False,91,10,DAMAGE_COUNTER_ANY,2,TARGET_SELECTION,,,CARD,0,0,121,280,320,2,True,5,4,False,True,1,1,2,743,0,5,743,0,5,False,False,Powerful Hand,0,False
92563590,590.6,WIN,False,92,10,DAMAGE_COUNTER_ANY,2,TARGET_SELECTION,,,CARD,0,0,121,280,320,2,True,5,4,False,True,1,1,2,743,0,5,,,5,False,False,Powerful Hand,0,False
92563590,590.6,WIN,False,93,10,TO_HAND,4,RESOURCE_MANAGEMENT,,,,0,0,121,280,320,2,True,5,4,False,True,1,1,2,,,5,743,80,5,,,,,False
92563590,590.6,WIN,False,94,11,DISCARD,7,RESOURCE_MANAGEMENT,,,,0,0,121,280,320,2,True,5,3,False,True,1,1,2,743,80,5,743,80,5,False,False,Powerful Hand,0,False
92563590,590.6,WIN,False,95,12,MAIN,8,ATTACK_SELECTION,ATTACK,,ATTACK,2,1,121,220,320,2,True,5,3,True,True,1,1,2,743,80,5,743,0,5,False,False,Powerful Hand,0,False
92563590,590.6,WIN,False,96,12,DAMAGE_COUNTER_ANY,2,TARGET_SELECTION,,,CARD,0,0,121,220,320,2,True,5,3,False,True,1,1,2,743,0,5,743,0,5,False,False,Powerful Hand,0,False
92563590,590.6,WIN,False,97,12,DAMAGE_COUNTER_ANY,2,TARGET_SELECTION,,,CARD,0,0,121,220,320,2,True,5,3,False,True,1,1,2,743,0,5,743,0,5,False,False,Powerful Hand,0,False
92563590,590.6,WIN,False,98,12,DAMAGE_COUNTER_ANY,2,TARGET_SELECTION,,,CARD,0,0,121,220,320,2,True,5,3,False,True,1,1,2,743,0,5,743,0,5,False,False,Powerful Hand,0,False
92563590,590.6,WIN,False,99,12,DAMAGE_COUNTER_ANY,2,TARGET_SELECTION,,,CARD,0,0,121,220,320,2,True,5,3,False,True,1,1,2,743,0,5,743,0,5,False,False,Powerful Hand,0,False
92563590,590.6,WIN,False,100,12,DAMAGE_COUNTER_ANY,2,TARGET_SELECTION,,,CARD,0,0,121,220,320,2,True,5,3,False,True,1,1,2,743,0,5,743,0,5,False,False,Powerful Hand,0,False
92563590,590.6,WIN,False,101,12,DAMAGE_COUNTER_ANY,2,TARGET_SELECTION,,,CARD,0,0,121,220,320,2,True,5,3,False,True,1,1,2,743,0,5,,,5,False,False,Powerful Hand,0,False
92563590,590.6,WIN,False,102,12,TO_HAND,3,RESOURCE_MANAGEMENT,,,CARD,0,0,121,220,320,2,True,5,3,False,True,1,1,2,,,5,,,5,,,,,False
92563590,590.6,WIN,False,103,12,TO_HAND,2,RESOURCE_MANAGEMENT,,,,0,0,121,220,320,2,True,5,2,False,True,1,1,2,,,5,66,140,5,,,,,False
92563590,590.6,WIN,False,104,13,DISCARD,6,RESOURCE_MANAGEMENT,,,,0,0,121,220,320,2,True,5,1,False,True,1,1,2,66,140,5,66,140,5,False,False,,,False
92563590,590.6,WIN,False,105,14,MAIN,8,RESOURCE_MANAGEMENT,PLAY_SUPPORTER,1227,PLAY,2,0,121,220,320,2,True,5,1,True,True,1,1,2,66,140,5,66,140,5,False,False,,,False
92563590,590.6,WIN,False,106,14,MAIN,8,ATTACK_SELECTION,ATTACK,,ATTACK,2,1,121,220,320,2,True,5,1,True,True,1,1,2,66,140,5,,,5,False,False,,,False
92564534,642.9,WIN,True,0,,,0,UNKNOWN,,,,0,0,,,,,False,,,False,False,,,0,,,,,,,,,,,False
92564534,642.9,WIN,True,1,,,0,UNKNOWN,,,,0,0,,,,,False,,,False,False,,,0,,,,,,0,,,,,False
92564534,642.9,WIN,True,2,0,IS_FIRST,2,GOING_FIRST_SECOND,,,,0,0,,,,,False,0,0,False,False,,,0,,,0,,,0,,,,,False
92564534,642.9,WIN,True,3,0,SETUP_ACTIVE_POKEMON,2,EARLY_GAME_SETUP,,,,0,0,,,,,False,0,0,False,False,,,0,,,0,,,6,,,,,False
92564534,642.9,WIN,True,4,0,DRAW_COUNT,2,SEARCH_DECISION,,,NUMBER,0,0,,,,,False,0,6,False,False,,,0,,,6,,,6,,,,,False
92564534,642.9,WIN,True,5,0,SETUP_BENCH_POKEMON,1,BENCH_MANAGEMENT,,,,0,0,,,,,False,0,6,False,False,,,0,,,6,666,160,6,,,,,False
92564534,642.9,WIN,True,6,1,MAIN,4,ENERGY_MANAGEMENT,ATTACH_ENERGY,,ATTACH,0,0,119,70,70,1,False,0,6,False,False,1,0,0,666,160,6,666,160,6,False,False,,,False
92564534,642.9,WIN,True,7,1,MAIN,3,TIMING,,,,0,0,119,70,70,1,False,0,6,False,False,1,1,0,666,160,6,666,160,6,False,False,,,False
92564534,642.9,WIN,True,8,2,DISCARD,7,RESOURCE_MANAGEMENT,,,,0,0,119,70,70,1,False,0,6,False,False,1,1,0,666,160,6,666,160,6,False,False,,,False
92564534,642.9,WIN,True,9,3,MAIN,6,ENERGY_MANAGEMENT,ATTACH_ENERGY,,ATTACH,1,0,119,20,70,1,True,0,6,False,False,1,1,0,666,160,6,666,160,6,True,False,Turbo Flare,50,False
92564534,642.9,WIN,True,10,3,MAIN,6,RESOURCE_MANAGEMENT,PLAY_SUPPORTER,1227,PLAY,2,0,119,20,70,1,True,0,6,False,False,1,1,0,666,160,6,666,160,6,True,False,Turbo Flare,50,False
92564534,642.9,WIN,True,11,3,MAIN,6,RESOURCE_MANAGEMENT,PLAY_ITEM,1079,PLAY,2,0,119,20,70,1,True,0,6,False,False,1,1,0,666,160,6,666,160,6,True,False,Turbo Flare,50,False
92564534,642.9,WIN,True,12,3,EVOLVE,2,BENCH_MANAGEMENT,,,EVOLVE,0,0,119,20,70,1,True,0,6,False,False,1,1,0,666,160,6,666,160,6,True,False,Turbo Flare,50,False
92564534,642.9,WIN,True,13,3,MAIN,5,RESOURCE_MANAGEMENT,PLAY_ITEM,1086,PLAY,2,0,121,270,320,2,True,0,6,False,False,1,1,0,666,160,6,666,160,6,False,False,Turbo Flare,50,True
92564534,642.9,WIN,True,14,3,TO_BENCH,5,BENCH_MANAGEMENT,,,CARD;CARD,0,0,121,270,320,2,True,0,6,False,False,1,1,0,666,160,6,666,160,6,False,False,Turbo Flare,50,False
92564534,642.9,WIN,True,15,3,MAIN,5,ATTACK_SELECTION,ATTACK,,ATTACK,2,1,121,270,320,2,True,2,6,True,True,1,1,0,666,160,6,666,0,6,False,False,Turbo Flare,50,False
92564534,642.9,WIN,True,16,3,DAMAGE_COUNTER_ANY,3,TARGET_SELECTION,,,CARD,0,0,121,270,320,2,True,2,6,False,True,1,1,0,666,0,6,666,0,6,False,False,Turbo Flare,50,False
92564534,642.9,WIN,True,17,3,DAMAGE_COUNTER_ANY,3,TARGET_SELECTION,,,CARD,0,0,121,270,320,2,True,2,6,False,True,1,1,0,666,0,6,666,0,6,False,False,Turbo Flare,50,False
92564534,642.9,WIN,True,18,3,DAMAGE_COUNTER_ANY,3,TARGET_SELECTION,,,CARD,0,0,121,270,320,2,True,2,6,False,True,1,1,0,666,0,6,666,0,6,False,False,Turbo Flare,50,False
92564534,642.9,WIN,True,19,3,DAMAGE_COUNTER_ANY,3,TARGET_SELECTION,,,CARD,0,0,121,270,320,2,True,2,6,False,True,1,1,0,666,0,6,666,0,6,False,False,Turbo Flare,50,False
92564534,642.9,WIN,True,20,3,DAMAGE_COUNTER_ANY,3,TARGET_SELECTION,,,CARD,0,0,121,270,320,2,True,2,6,False,True,1,1,0,666,0,6,666,0,6,False,False,Turbo Flare,50,False
92564534,642.9,WIN,True,21,3,DAMAGE_COUNTER_ANY,3,TARGET_SELECTION,,,CARD,0,0,121,270,320,2,True,2,6,False,True,1,1,0,666,0,6,,,6,False,False,Turbo Flare,50,False
92564534,642.9,WIN,True,22,3,TO_HAND,6,RESOURCE_MANAGEMENT,,,,0,0,121,270,320,2,True,2,6,False,True,1,1,0,,,6,1030,10,6,,,,,False
92564534,642.9,WIN,True,23,4,DISCARD,6,RESOURCE_MANAGEMENT,,,,0,0,121,270,320,2,True,2,5,False,True,1,1,0,1030,10,6,1031,270,6,False,False,Water Gun,20,False
92564534,642.9,WIN,True,24,5,MAIN,8,RESOURCE_MANAGEMENT,PLAY_SUPPORTER,1182,PLAY,2,0,121,60,320,2,True,2,5,True,True,1,1,0,1031,270,6,1031,270,6,True,False,Jetting Blow,120,False
92564534,642.9,WIN,True,25,5,SWITCH,2,ACTIVE_POKEMON_SELECTION,,,CARD,0,0,121,60,320,2,True,2,5,False,True,1,1,0,1031,270,6,1030,70,6,True,False,Jetting Blow,120,False
92564534,642.9,WIN,True,26,5,MAIN,4,ATTACK_SELECTION,ATTACK,,ATTACK,2,1,121,60,320,2,True,2,5,True,True,1,1,0,1030,70,6,1030,0,6,False,False,Water Gun,20,False
92564534,642.9,WIN,True,27,5,DAMAGE_COUNTER_ANY,2,TARGET_SELECTION,,,CARD,0,0,121,60,320,2,True,2,5,False,True,1,1,0,1030,0,6,1030,0,6,False,False,Water Gun,20,False
92564534,642.9,WIN,True,28,5,DAMAGE_COUNTER_ANY,2,TARGET_SELECTION,,,CARD,0,0,121,60,320,2,True,2,5,False,True,1,1,0,1030,0,6,1030,0,6,False,False,Water Gun,20,False
92564534,642.9,WIN,True,29,5,DAMAGE_COUNTER_ANY,2,TARGET_SELECTION,,,CARD,0,0,121,60,320,2,True,2,5,False,True,1,1,0,1030,0,6,1030,0,6,False,False,Water Gun,20,False
92564534,642.9,WIN,True,30,5,DAMAGE_COUNTER_ANY,2,TARGET_SELECTION,,,CARD,0,0,121,60,320,2,True,2,5,False,True,1,1,0,1030,0,6,1030,0,6,False,False,Water Gun,20,False
92564534,642.9,WIN,True,31,5,DAMAGE_COUNTER_ANY,2,TARGET_SELECTION,,,CARD,0,0,121,60,320,2,True,2,5,False,True,1,1,0,1030,0,6,1030,0,6,False,False,Water Gun,20,False
92564534,642.9,WIN,True,32,5,DAMAGE_COUNTER_ANY,2,TARGET_SELECTION,,,CARD,0,0,121,60,320,2,True,2,5,False,True,1,1,0,1030,0,6,,,6,False,False,Water Gun,20,False
92564534,642.9,WIN,True,33,5,TO_HAND,5,RESOURCE_MANAGEMENT,,,,0,0,121,60,320,2,True,2,5,False,True,1,1,0,,,6,1031,270,4,,,,,False
92564534,642.9,WIN,True,34,6,TO_ACTIVE,2,ACTIVE_POKEMON_SELECTION,,,CARD,0,0,,,,,False,2,4,False,True,,,0,1031,270,4,1031,270,4,,,,,True
92564534,642.9,WIN,True,35,7,MAIN,7,RESOURCE_MANAGEMENT,PLAY_ITEM,1120,PLAY,0,0,119,70,70,1,False,1,4,False,True,1,0,0,1031,270,4,1031,270,4,True,False,Nebula Beam,210,False
92564534,642.9,WIN,True,36,7,DISCARD_ENERGY,3,ENERGY_MANAGEMENT,,,ENERGY,0,0,119,70,70,1,False,1,4,False,True,1,0,0,1031,270,4,1031,270,4,True,False,Nebula Beam,210,False
92564534,642.9,WIN,True,37,7,MAIN,6,BENCH_MANAGEMENT,EVOLVE,,EVOLVE,0,0,119,70,70,1,False,1,4,False,True,1,0,0,1031,270,4,1031,270,4,True,False,Jetting Blow,120,False
92564534,642.9,WIN,True,38,7,MAIN,5,RESOURCE_MANAGEMENT,ABILITY,,ABILITY,0,0,120,90,90,1,False,1,4,False,True,1,0,0,1031,270,4,1031,270,4,True,False,Jetting Blow,120,True
92564534,642.9,WIN,True,39,7,TO_HAND,2,RESOURCE_MANAGEMENT,,,CARD,0,0,120,90,90,1,False,1,4,False,True,1,0,0,1031,270,4,1031,270,4,True,False,Jetting Blow,120,False
92564534,642.9,WIN,True,40,7,MAIN,5,RESOURCE_MANAGEMENT,PLAY_ITEM,1120,PLAY,0,0,120,90,90,1,False,1,4,False,True,1,0,0,1031,270,4,1031,270,4,True,False,Jetting Blow,120,False
92564534,642.9,WIN,True,41,7,DISCARD_ENERGY,2,ENERGY_MANAGEMENT,,,ENERGY,0,0,120,90,90,1,False,1,4,False,True,1,0,0,1031,270,4,1031,270,4,True,False,Jetting Blow,120,False
92564534,642.9,WIN,True,42,7,MAIN,4,RESOURCE_MANAGEMENT,PLAY_SUPPORTER,1227,PLAY,0,0,120,90,90,1,False,1,4,False,True,1,0,0,1031,270,4,1031,270,4,True,False,Jetting Blow,120,False
92564534,642.9,WIN,True,43,7,MAIN,5,RESOURCE_MANAGEMENT,PLAY_ITEM,1086,PLAY,0,0,120,90,90,1,False,1,4,False,True,1,0,0,1031,270,4,1031,270,4,True,False,Jetting Blow,120,False
92564534,642.9,WIN,True,44,7,TO_BENCH,3,BENCH_MANAGEMENT,,,CARD,0,0,120,90,90,1,False,1,4,False,True,1,0,0,1031,270,4,1031,270,4,True,False,Jetting Blow,120,False
92564534,642.9,WIN,True,45,7,MAIN,5,ENERGY_MANAGEMENT,ATTACH_ENERGY,,ATTACH,0,0,120,90,90,1,False,2,4,False,True,1,0,0,1031,270,4,1031,270,4,True,False,Jetting Blow,120,False
92564534,642.9,WIN,True,46,7,MAIN,2,TIMING,,,,0,0,120,90,90,1,False,2,4,False,True,1,0,1,1031,270,4,1031,270,2,True,False,Jetting Blow,120,False
92564534,642.9,WIN,True,47,8,TO_ACTIVE,1,ACTIVE_POKEMON_SELECTION,,,CARD,0,0,,,,,False,1,4,False,True,,,0,1031,270,2,1031,270,2,,,,,True
92564534,642.9,WIN,True,48,9,MAIN,5,RESOURCE_MANAGEMENT,PLAY_POKEMON,184,PLAY,0,0,119,70,70,1,False,0,4,False,False,1,0,0,1031,270,2,1031,270,2,True,False,Jetting Blow,120,False
92564534,642.9,WIN,True,49,9,MAIN,5,RESOURCE_MANAGEMENT,PLAY_SUPPORTER,1227,PLAY,0,0,119,70,70,1,False,1,4,True,True,1,0,0,1031,270,2,1031,270,2,True,False,Jetting Blow,120,False
92564534,642.9,WIN,True,50,9,MAIN,8,RESOURCE_MANAGEMENT,PLAY_ITEM,1152,PLAY,0,0,119,70,70,1,False,1,4,True,True,1,0,0,1031,270,2,1031,270,2,True,False,Jetting Blow,120,False
92564534,642.9,WIN,True,51,9,TO_HAND,3,RESOURCE_MANAGEMENT,,,CARD,0,0,119,70,70,1,False,1,4,False,True,1,0,0,1031,270,2,1031,270,2,True,False,Jetting Blow,120,False
92564534,642.9,WIN,True,52,9,MAIN,8,RESOURCE_MANAGEMENT,PLAY_POKEMON,235,PLAY,0,0,119,70,70,1,False,1,4,True,True,1,0,0,1031,270,2,1031,270,2,True,False,Jetting Blow,120,False
92564534,642.9,WIN,True,53,9,MAIN,8,RESOURCE_MANAGEMENT,PLAY_ITEM,1120,PLAY,0,0,119,70,70,1,False,2,4,True,True,1,0,1,1031,270,2,1031,270,2,True,False,Jetting Blow,120,False
92564534,642.9,WIN,True,54,9,DISCARD_ENERGY,1,ENERGY_MANAGEMENT,,,ENERGY,0,0,119,70,70,1,False,2,4,False,True,1,0,1,1031,270,2,1031,270,2,True,False,Jetting Blow,120,False
92564534,642.9,WIN,True,55,9,MAIN,7,ENERGY_MANAGEMENT,ATTACH_ENERGY,,ATTACH,0,0,119,70,70,1,False,2,4,True,True,1,0,1,1031,270,2,1031,270,2,False,True,,,False
92564534,642.9,WIN,True,56,9,MAIN,5,RESOURCE_MANAGEMENT,PLAY_ITEM,1080,PLAY,1,0,119,70,70,1,False,2,4,True,True,1,1,1,1031,270,2,1031,270,2,False,True,,,False
92564534,642.9,WIN,True,57,9,MAIN,5,RETREAT_SELECTION,RETREAT,,RETREAT,1,0,119,70,70,1,False,2,4,True,True,1,1,1,1031,270,2,1031,270,2,False,True,,,False
92564534,642.9,WIN,True,58,9,SWITCH,2,ACTIVE_POKEMON_SELECTION,,,CARD,0,0,119,70,70,1,False,2,4,False,True,1,1,1,1031,270,2,1031,270,2,False,True,,,False
92564534,642.9,WIN,True,59,9,MAIN,4,TIMING,,,,1,0,235,30,30,1,False,2,4,False,True,0,0,1,1031,270,2,1031,260,1,False,True,,,True
92564534,642.9,WIN,True,60,10,TO_ACTIVE,2,ACTIVE_POKEMON_SELECTION,,,CARD,0,0,,,,,False,2,4,False,True,,,1,1031,260,1,1031,260,1,,,,,True
92564534,642.9,WIN,True,61,11,MAIN,8,RESOURCE_MANAGEMENT,PLAY_ITEM,1120,PLAY,1,0,119,20,70,1,True,1,4,True,True,1,1,0,1031,260,1,1031,260,1,True,False,Jetting Blow,120,False
92564534,642.9,WIN,True,62,11,DISCARD_ENERGY,1,ENERGY_MANAGEMENT,,,ENERGY,0,0,119,20,70,1,True,1,4,False,True,1,1,0,1031,260,1,1031,260,1,True,False,Jetting Blow,120,False
92564534,642.9,WIN,True,63,11,MAIN,7,RESOURCE_MANAGEMENT,PLAY_SUPPORTER,1198,PLAY,1,0,119,20,70,1,True,1,4,True,True,1,1,0,1031,260,1,1031,260,1,False,True,,,False
92564534,642.9,WIN,True,64,11,TO_HAND,3,RESOURCE_MANAGEMENT,,,CARD,0,0,119,20,70,1,True,1,4,False,True,1,1,0,1031,260,1,1031,260,1,False,True,,,False
92564534,642.9,WIN,True,65,11,MAIN,8,ENERGY_MANAGEMENT,ATTACH_ENERGY,,ATTACH,1,0,119,20,70,1,True,1,4,True,True,1,1,0,1031,260,1,1031,260,1,False,True,,,False
92564534,642.9,WIN,True,66,11,MAIN,7,TIMING,,,,2,0,119,20,70,1,True,1,4,True,True,1,1,0,1031,260,1,1031,330,1,False,True,,,False
92564534,642.9,WIN,True,67,13,MAIN,8,RESOURCE_MANAGEMENT,PLAY_ITEM,1079,PLAY,2,0,119,20,70,1,True,1,4,True,True,1,1,0,1031,330,1,1031,330,1,False,True,,,False
92564534,642.9,WIN,True,68,13,EVOLVE,1,BENCH_MANAGEMENT,,,EVOLVE,0,0,119,20,70,1,True,1,4,False,True,1,1,0,1031,330,1,1031,330,1,False,True,,,False
92564534,642.9,WIN,True,69,13,MAIN,7,ATTACK_SELECTION,ATTACK,,ATTACK,2,1,121,270,320,2,True,1,4,True,True,1,1,0,1031,330,1,1031,130,1,False,False,,,True
92564534,642.9,WIN,True,70,13,DAMAGE_COUNTER_ANY,1,TARGET_SELECTION,,,CARD,0,0,121,270,320,2,True,1,4,False,True,1,1,0,1031,130,1,1031,130,1,False,False,,,False
92564534,642.9,WIN,True,71,13,DAMAGE_COUNTER_ANY,1,TARGET_SELECTION,,,CARD,0,0,121,270,320,2,True,1,4,False,True,1,1,0,1031,130,1,1031,130,1,False,False,,,False
92564534,642.9,WIN,True,72,13,DAMAGE_COUNTER_ANY,1,TARGET_SELECTION,,,CARD,0,0,121,270,320,2,True,1,4,False,True,1,1,0,1031,130,1,1031,130,1,False,False,,,False
92564534,642.9,WIN,True,73,13,DAMAGE_COUNTER_ANY,1,TARGET_SELECTION,,,CARD,0,0,121,270,320,2,True,1,4,False,True,1,1,0,1031,130,1,1031,130,1,False,False,,,False
92564534,642.9,WIN,True,74,13,DAMAGE_COUNTER_ANY,1,TARGET_SELECTION,,,CARD,0,0,121,270,320,2,True,1,4,False,True,1,1,0,1031,130,1,1031,130,1,False,False,,,False
92564534,642.9,WIN,True,75,13,DAMAGE_COUNTER_ANY,1,TARGET_SELECTION,,,,0,0,121,270,320,2,True,1,4,False,True,1,1,0,1031,130,1,1031,130,1,False,False,,,False
92564534,642.9,WIN,True,76,15,MAIN,8,RESOURCE_MANAGEMENT,PLAY_SUPPORTER,1198,PLAY,2,0,121,270,320,2,True,1,4,True,True,1,1,0,1031,130,1,1031,130,1,False,False,,,False
92564534,642.9,WIN,True,77,15,TO_HAND,2,RESOURCE_MANAGEMENT,,,CARD,0,0,121,270,320,2,True,1,4,False,True,1,1,0,1031,130,1,1031,130,1,False,False,,,False
92564534,642.9,WIN,True,78,15,MAIN,9,RESOURCE_MANAGEMENT,PLAY_ITEM,1121,PLAY,2,0,121,270,320,2,True,1,4,True,True,1,1,0,1031,130,1,1031,130,1,False,False,,,False
92564534,642.9,WIN,True,79,15,DISCARD,3,RESOURCE_MANAGEMENT,,,CARD;CARD,0,0,121,270,320,2,True,1,4,False,True,1,1,0,1031,130,1,1031,130,1,False,False,,,False
92564534,642.9,WIN,True,80,15,TO_HAND,3,RESOURCE_MANAGEMENT,,,CARD,0,0,121,270,320,2,True,1,4,False,True,1,1,0,1031,130,1,1031,130,1,False,False,,,False
92564534,642.9,WIN,True,81,15,MAIN,5,ATTACK_SELECTION,ATTACK,,ATTACK,2,1,121,270,320,2,True,1,4,True,True,1,1,0,1031,130,1,1031,0,1,False,False,,,False
92564534,642.9,WIN,True,82,15,DAMAGE_COUNTER_ANY,1,TARGET_SELECTION,,,CARD,0,0,121,270,320,2,True,1,4,False,True,1,1,0,1031,0,1,1031,0,1,False,False,,,False
92564534,642.9,WIN,True,83,15,DAMAGE_COUNTER_ANY,1,TARGET_SELECTION,,,CARD,0,0,121,270,320,2,True,1,4,False,True,1,1,0,1031,0,1,1031,0,1,False,False,,,False
92564534,642.9,WIN,True,84,15,DAMAGE_COUNTER_ANY,1,TARGET_SELECTION,,,CARD,0,0,121,270,320,2,True,1,4,False,True,1,1,0,1031,0,1,1031,0,1,False,False,,,False
92564534,642.9,WIN,True,85,15,DAMAGE_COUNTER_ANY,1,TARGET_SELECTION,,,CARD,0,0,121,270,320,2,True,1,4,False,True,1,1,0,1031,0,1,1031,0,1,False,False,,,False
92564534,642.9,WIN,True,86,15,DAMAGE_COUNTER_ANY,1,TARGET_SELECTION,,,CARD,0,0,121,270,320,2,True,1,4,False,True,1,1,0,1031,0,1,1031,0,1,False,False,,,False
92564534,642.9,WIN,True,87,15,DAMAGE_COUNTER_ANY,1,TARGET_SELECTION,,,CARD,0,0,121,270,320,2,True,1,4,False,True,1,1,0,1031,0,1,,,1,False,False,,,False
92564534,642.9,WIN,True,88,15,TO_HAND,4,RESOURCE_MANAGEMENT,,,,0,0,121,270,320,2,True,1,4,False,True,1,1,0,,,1,1031,150,1,,,,,False
92564534,642.9,WIN,True,89,17,MAIN,10,RESOURCE_MANAGEMENT,PLAY_ITEM,1097,PLAY,2,0,121,60,320,2,True,1,1,True,True,1,1,0,1031,150,1,1031,150,1,False,True,,,False
92564534,642.9,WIN,True,90,17,TO_HAND,14,RESOURCE_MANAGEMENT,,,CARD,0,0,121,60,320,2,True,1,1,False,True,1,1,0,1031,150,1,1031,150,1,False,True,,,False
92564534,642.9,WIN,True,91,17,MAIN,10,RESOURCE_MANAGEMENT,PLAY_POKEMON,119,PLAY,2,0,121,60,320,2,True,1,1,True,True,1,1,0,1031,150,1,1031,150,1,False,True,,,False
92564534,642.9,WIN,True,92,17,MAIN,10,RESOURCE_MANAGEMENT,PLAY_SUPPORTER,1210,PLAY,2,0,121,60,320,2,True,2,1,True,True,1,1,0,1031,150,1,1031,150,1,False,True,,,False
92564534,642.9,WIN,True,93,17,TO_HAND,2,RESOURCE_MANAGEMENT,,,CARD,0,0,121,60,320,2,True,2,1,False,True,1,1,0,1031,150,1,1031,150,1,False,True,,,False
92564534,642.9,WIN,True,94,17,TO_HAND,1,RESOURCE_MANAGEMENT,,,CARD,0,0,121,60,320,2,True,2,1,False,True,1,1,0,1031,150,1,1031,150,1,False,True,,,False
92564534,642.9,WIN,True,95,17,MAIN,11,ENERGY_MANAGEMENT,ATTACH_ENERGY,,ATTACH,2,0,121,60,320,2,True,2,1,True,True,1,1,0,1031,150,1,1031,150,1,False,True,,,False
92564534,642.9,WIN,True,96,17,MAIN,8,ATTACK_SELECTION,ATTACK,,ATTACK,2,1,121,60,320,2,True,2,1,True,True,1,1,1,1031,150,1,,,1,False,True,,,False
92565477,738.0,LOSS,False,0,,,0,UNKNOWN,,,,0,0,,,,,False,,,False,False,,,0,,,,,,,,,,,False
92565477,738.0,LOSS,False,1,,,0,UNKNOWN,,,,0,0,,,,,False,,,False,False,,,0,,,,,,0,,,,,False
92565477,738.0,LOSS,False,2,0,SETUP_ACTIVE_POKEMON,1,EARLY_GAME_SETUP,,,,0,0,,,,,False,0,0,False,False,,,0,,,0,305,70,6,,,,,False
92565477,738.0,LOSS,False,3,2,MAIN,8,ENERGY_MANAGEMENT,ATTACH_ENERGY,,ATTACH,0,0,119,70,70,1,False,0,6,False,False,1,0,0,305,70,6,305,70,6,False,False,Trading Places,0,False
92565477,738.0,LOSS,False,4,2,MAIN,7,RESOURCE_MANAGEMENT,PLAY_ITEM,1086,PLAY,0,0,119,70,70,1,False,0,6,False,False,1,0,0,305,70,6,305,70,6,False,False,Trading Places,0,False
92565477,738.0,LOSS,False,5,2,TO_BENCH,5,BENCH_MANAGEMENT,,,CARD;CARD,0,0,119,70,70,1,False,0,6,False,False,1,0,0,305,70,6,305,70,6,False,False,Trading Places,0,False
92565477,738.0,LOSS,False,6,2,MAIN,10,RESOURCE_MANAGEMENT,PLAY_ITEM,1152,PLAY,0,0,119,70,70,1,False,2,6,False,True,1,0,1,305,70,6,305,70,6,False,False,Trading Places,0,False
92565477,738.0,LOSS,False,7,2,TO_HAND,7,RESOURCE_MANAGEMENT,,,CARD,0,0,119,70,70,1,False,2,6,False,True,1,0,1,305,70,6,305,70,6,False,False,Trading Places,0,False
92565477,738.0,LOSS,False,8,2,MAIN,9,ENERGY_MANAGEMENT,ATTACH_ENERGY,,ATTACH,0,0,119,70,70,1,False,2,6,False,True,1,0,1,305,70,6,305,70,6,False,False,Trading Places,0,False
92565477,738.0,LOSS,False,9,2,MAIN,3,RESOURCE_MANAGEMENT,PLAY_SUPPORTER,1227,PLAY,0,0,119,70,70,1,False,2,6,False,True,1,0,2,305,70,6,305,70,6,False,False,Trading Places,0,False
92565477,738.0,LOSS,False,10,2,MAIN,4,RESOURCE_MANAGEMENT,PLAY_ITEM,1152,PLAY,0,0,119,70,70,1,False,2,6,False,True,1,0,2,305,70,6,305,70,6,False,False,Trading Places,0,False
92565477,738.0,LOSS,False,11,2,TO_HAND,6,RESOURCE_MANAGEMENT,,,CARD,0,0,119,70,70,1,False,2,6,False,True,1,0,2,305,70,6,305,70,6,False,False,Trading Places,0,False
92565477,738.0,LOSS,False,12,2,MAIN,4,RESOURCE_MANAGEMENT,PLAY_POKEMON,119,PLAY,0,0,119,70,70,1,False,2,6,False,True,1,0,2,305,70,6,305,70,6,False,False,Trading Places,0,False
92565477,738.0,LOSS,False,13,2,MAIN,3,RESOURCE_MANAGEMENT,PLAY_ITEM,1120,PLAY,0,0,119,70,70,1,False,3,6,False,True,1,0,2,305,70,6,305,70,6,False,False,Trading Places,0,False
92565477,738.0,LOSS,False,14,2,MAIN,2,RESOURCE_MANAGEMENT,PLAY_ITEM,1120,PLAY,0,0,119,70,70,1,False,3,6,False,True,1,0,2,305,70,6,305,70,6,False,False,Trading Places,0,False
92565477,738.0,LOSS,False,15,2,DISCARD_ENERGY,1,ENERGY_MANAGEMENT,,,ENERGY,0,0,119,70,70,1,False,3,6,False,True,1,0,2,305,70,6,305,70,6,False,False,Trading Places,0,False
92565477,738.0,LOSS,False,16,2,MAIN,1,TIMING,,,,0,0,119,70,70,1,False,3,6,False,True,1,0,2,305,70,6,743,140,5,False,False,,,False
92565477,738.0,LOSS,False,17,3,TO_ACTIVE,3,ACTIVE_POKEMON_SELECTION,,,CARD,0,0,,,,,False,3,6,False,True,,,2,743,140,5,743,140,5,,,,,True
92565477,738.0,LOSS,False,18,4,MAIN,11,RESOURCE_MANAGEMENT,PLAY_ITEM,1079,PLAY,1,0,235,30,30,1,False,2,6,True,True,0,0,1,743,140,5,743,140,5,False,False,Powerful Hand,0,False
92565477,738.0,LOSS,False,19,4,EVOLVE,2,BENCH_MANAGEMENT,,,EVOLVE,0,0,235,30,30,1,False,2,6,False,True,0,0,1,743,140,5,743,140,5,False,False,Powerful Hand,0,False
92565477,738.0,LOSS,False,20,4,MAIN,9,BENCH_MANAGEMENT,EVOLVE,,EVOLVE,1,0,235,30,30,1,False,2,6,True,True,0,0,1,743,140,5,743,140,5,False,False,Powerful Hand,0,False
92565477,738.0,LOSS,False,21,4,MAIN,9,RESOURCE_MANAGEMENT,ABILITY,,ABILITY,1,0,235,30,30,1,False,2,6,True,True,0,0,1,743,140,5,743,140,5,False,False,Powerful Hand,0,False
92565477,738.0,LOSS,False,22,4,TO_HAND,2,RESOURCE_MANAGEMENT,,,CARD,0,0,235,30,30,1,False,2,6,False,True,0,0,1,743,140,5,743,140,5,False,False,Powerful Hand,0,False
92565477,738.0,LOSS,False,23,4,MAIN,11,ENERGY_MANAGEMENT,ATTACH_ENERGY,,ATTACH,1,0,235,30,30,1,False,2,6,True,True,0,0,1,743,140,5,743,140,5,False,False,Powerful Hand,0,False
92565477,738.0,LOSS,False,24,4,MAIN,5,RESOURCE_MANAGEMENT,PLAY_ITEM,1080,PLAY,1,0,235,30,30,1,False,2,6,True,True,0,0,1,743,140,5,743,140,5,False,False,Powerful Hand,0,False
92565477,738.0,LOSS,False,25,4,MAIN,7,RESOURCE_MANAGEMENT,PLAY_POKEMON,184,PLAY,1,0,235,30,30,1,False,2,6,True,True,0,0,1,743,140,5,743,140,5,False,False,Powerful Hand,0,False
92565477,738.0,LOSS,False,26,4,MAIN,6,RESOURCE_MANAGEMENT,PLAY_ITEM,1086,PLAY,1,0,235,30,30,1,False,3,6,True,True,0,0,1,743,140,5,743,140,5,False,False,Powerful Hand,0,False
92565477,738.0,LOSS,False,27,4,TO_BENCH,2,BENCH_MANAGEMENT,,,CARD,0,0,235,30,30,1,False,3,6,False,True,0,0,1,743,140,5,743,140,5,False,False,Powerful Hand,0,False
92565477,738.0,LOSS,False,28,4,MAIN,5,RESOURCE_MANAGEMENT,PLAY_ITEM,1152,PLAY,1,0,235,30,30,1,False,4,6,True,True,0,0,1,743,140,5,743,140,5,False,False,Powerful Hand,0,False
92565477,738.0,LOSS,False,29,4,TO_HAND,4,RESOURCE_MANAGEMENT,,,CARD,0,0,235,30,30,1,False,4,6,False,True,0,0,1,743,140,5,743,140,5,False,False,Powerful Hand,0,False
92565477,738.0,LOSS,False,30,4,MAIN,4,RESOURCE_MANAGEMENT,PLAY_SUPPORTER,1198,PLAY,1,0,235,30,30,1,False,4,6,True,True,0,0,1,743,140,5,743,140,5,False,False,Powerful Hand,0,False
92565477,738.0,LOSS,False,31,4,TO_HAND,4,RESOURCE_MANAGEMENT,,,CARD,0,0,235,30,30,1,False,4,6,False,True,0,0,1,743,140,5,743,140,5,False,False,Powerful Hand,0,False
92565477,738.0,LOSS,False,32,4,ATTACH_TO,1,ENERGY_MANAGEMENT,,,CARD,0,0,235,30,30,1,False,4,6,False,True,0,0,1,743,140,5,743,140,5,False,False,Powerful Hand,0,False
92565477,738.0,LOSS,False,33,4,ATTACH_FROM,5,ENERGY_MANAGEMENT,,,CARD,0,0,235,30,30,1,False,4,6,False,True,0,0,1,743,140,5,743,140,5,False,False,Powerful Hand,0,False
92565477,738.0,LOSS,False,34,4,MAIN,3,RETREAT_SELECTION,RETREAT,,RETREAT,1,0,235,30,30,1,False,4,6,True,True,0,0,2,743,140,5,743,140,5,False,False,Powerful Hand,0,False
92565477,738.0,LOSS,False,35,4,SWITCH,4,ACTIVE_POKEMON_SELECTION,,,CARD,0,0,235,30,30,1,False,4,6,False,True,0,0,2,743,140,5,743,140,5,False,False,Powerful Hand,0,False
92565477,738.0,LOSS,False,36,4,MAIN,3,ATTACK_SELECTION,ATTACK,,ATTACK,2,1,121,320,320,2,False,4,6,False,True,1,1,2,743,140,5,743,0,5,False,False,Powerful Hand,0,True
92565477,738.0,LOSS,False,37,4,DAMAGE_COUNTER_ANY,2,TARGET_SELECTION,,,CARD,0,0,121,320,320,2,False,4,6,False,True,1,1,2,743,0,5,743,0,5,False,False,Powerful Hand,0,False
92565477,738.0,LOSS,False,38,4,DAMAGE_COUNTER_ANY,2,TARGET_SELECTION,,,CARD,0,0,121,320,320,2,False,4,6,False,True,1,1,2,743,0,5,743,0,5,False,False,Powerful Hand,0,False
92565477,738.0,LOSS,False,39,4,DAMAGE_COUNTER_ANY,2,TARGET_SELECTION,,,CARD,0,0,121,320,320,2,False,4,6,False,True,1,1,2,743,0,5,743,0,5,False,False,Powerful Hand,0,False
92565477,738.0,LOSS,False,40,4,DAMAGE_COUNTER_ANY,2,TARGET_SELECTION,,,CARD,0,0,121,320,320,2,False,4,6,False,True,1,1,2,743,0,5,743,0,5,False,False,Powerful Hand,0,False
92565477,738.0,LOSS,False,41,4,DAMAGE_COUNTER_ANY,2,TARGET_SELECTION,,,CARD,0,0,121,320,320,2,False,4,6,False,True,1,1,2,743,0,5,743,0,5,False,False,Powerful Hand,0,False
92565477,738.0,LOSS,False,42,4,DAMAGE_COUNTER_ANY,2,TARGET_SELECTION,,,CARD,0,0,121,320,320,2,False,4,6,False,True,1,1,2,743,0,5,,,5,False,False,Powerful Hand,0,False
92565477,738.0,LOSS,False,43,4,TO_HAND,6,RESOURCE_MANAGEMENT,,,CARD,0,0,121,320,320,2,False,4,6,False,True,1,1,2,,,5,,,5,,,,,False
92565477,738.0,LOSS,False,44,4,TO_HAND,5,RESOURCE_MANAGEMENT,,,,0,0,121,320,320,2,False,4,5,False,True,1,1,2,,,5,741,40,5,,,,,False
92565477,738.0,LOSS,False,45,5,DISCARD,5,RESOURCE_MANAGEMENT,,,,0,0,121,320,320,2,False,4,4,False,True,1,1,2,741,40,5,741,40,5,False,False,,,False
92565477,738.0,LOSS,False,46,6,MAIN,12,RESOURCE_MANAGEMENT,ABILITY,,ABILITY,1,0,121,320,320,2,False,4,4,True,True,1,1,2,741,40,5,741,40,5,False,False,,,False
92565477,738.0,LOSS,False,47,6,TO_HAND,2,RESOURCE_MANAGEMENT,,,CARD,0,0,121,320,320,2,False,4,4,False,True,1,1,2,741,40,5,741,40,5,False,False,,,False
92565477,738.0,LOSS,False,48,6,MAIN,12,RESOURCE_MANAGEMENT,PLAY_SUPPORTER,1198,PLAY,1,0,121,320,320,2,False,4,4,True,True,1,1,2,741,40,5,741,40,5,False,False,,,False
92565477,738.0,LOSS,False,49,6,TO_HAND,2,RESOURCE_MANAGEMENT,,,CARD,0,0,121,320,320,2,False,4,4,False,True,1,1,2,741,40,5,741,40,5,False,False,,,False
92565477,738.0,LOSS,False,50,6,MAIN,15,BENCH_MANAGEMENT,EVOLVE,,EVOLVE,1,0,121,320,320,2,False,4,4,True,True,1,1,2,741,40,5,741,40,5,False,False,,,False
92565477,738.0,LOSS,False,51,6,MAIN,15,RESOURCE_MANAGEMENT,ABILITY,,ABILITY,1,0,121,320,320,2,False,4,4,True,True,1,1,1,741,40,5,741,40,5,False,False,,,False
92565477,738.0,LOSS,False,52,6,TO_HAND,2,RESOURCE_MANAGEMENT,,,CARD,0,0,121,320,320,2,False,4,4,False,True,1,1,1,741,40,5,741,40,5,False,False,,,False
92565477,738.0,LOSS,False,53,6,MAIN,14,ENERGY_MANAGEMENT,ATTACH_ENERGY,,ATTACH,1,0,121,320,320,2,False,4,4,True,True,1,1,1,741,40,5,741,40,5,False,False,,,False
92565477,738.0,LOSS,False,54,6,MAIN,4,RETREAT_SELECTION,RETREAT,,RETREAT,1,0,121,320,320,2,False,4,4,True,True,1,1,1,741,40,5,741,40,5,False,False,,,False
92565477,738.0,LOSS,False,55,6,DISCARD_ENERGY,2,ENERGY_MANAGEMENT,,,ENERGY,0,0,121,320,320,2,False,4,4,False,True,1,1,1,741,40,5,741,40,5,False,False,,,False
92565477,738.0,LOSS,False,56,6,SWITCH,4,ACTIVE_POKEMON_SELECTION,,,CARD,0,0,121,320,320,2,False,4,4,False,True,1,1,1,741,40,5,741,40,5,False,False,,,False
92565477,738.0,LOSS,False,57,6,MAIN,3,TIMING,,,,1,0,235,30,30,1,False,4,4,False,True,0,0,1,741,40,5,741,30,5,False,False,,,True
92565477,738.0,LOSS,False,58,8,MAIN,14,RESOURCE_MANAGEMENT,ABILITY,,ABILITY,1,0,235,30,30,1,False,4,4,True,True,0,0,1,741,30,5,741,30,5,False,False,,,False
92565477,738.0,LOSS,False,59,8,TO_HAND,2,RESOURCE_MANAGEMENT,,,CARD,0,0,235,30,30,1,False,4,4,False,True,0,0,1,741,30,5,741,30,5,False,False,,,False
92565477,738.0,LOSS,False,60,8,MAIN,13,RESOURCE_MANAGEMENT,ABILITY,,ABILITY,1,0,235,30,30,1,False,4,4,True,True,0,0,1,741,30,5,741,30,5,False,False,,,False
92565477,738.0,LOSS,False,61,8,TO_HAND,2,RESOURCE_MANAGEMENT,,,CARD,0,0,235,30,30,1,False,4,4,False,True,0,0,1,741,30,5,741,30,5,False,False,,,False
92565477,738.0,LOSS,False,62,8,MAIN,13,ENERGY_MANAGEMENT,ATTACH_ENERGY,,ATTACH,1,0,235,30,30,1,False,4,4,True,True,0,0,1,741,30,5,741,30,5,False,False,,,False
92565477,738.0,LOSS,False,63,8,MAIN,8,RESOURCE_MANAGEMENT,PLAY_SUPPORTER,1227,PLAY,1,0,235,30,30,1,False,4,4,True,True,0,0,2,741,30,5,741,30,5,False,False,,,False
92565477,738.0,LOSS,False,64,8,MAIN,8,BENCH_MANAGEMENT,EVOLVE,,EVOLVE,1,0,235,30,30,1,False,4,4,True,True,0,0,2,741,30,5,741,30,5,False,False,,,False
92565477,738.0,LOSS,False,65,8,MAIN,6,RETREAT_SELECTION,RETREAT,,RETREAT,1,0,235,30,30,1,False,4,4,True,True,0,0,2,741,30,5,741,30,5,False,False,,,False
92565477,738.0,LOSS,False,66,8,SWITCH,4,ACTIVE_POKEMON_SELECTION,,,CARD,0,0,235,30,30,1,False,4,4,False,True,0,0,2,741,30,5,741,30,5,False,False,,,False
92565477,738.0,LOSS,False,67,8,MAIN,5,ATTACK_SELECTION,ATTACK,,ATTACK,1,1,121,320,320,2,False,4,4,False,True,1,1,2,741,30,5,,,5,False,False,,,True
92565477,738.0,LOSS,False,68,8,TO_HAND,4,RESOURCE_MANAGEMENT,,,,0,0,121,320,320,2,False,4,4,False,True,1,1,2,,,5,305,70,5,,,,,False
92565477,738.0,LOSS,False,69,10,MAIN,10,RESOURCE_MANAGEMENT,ABILITY,,ABILITY,1,0,121,320,320,2,False,4,3,True,True,1,1,2,305,70,5,305,70,5,False,False,,,False
92565477,738.0,LOSS,False,70,10,TO_HAND,2,RESOURCE_MANAGEMENT,,,CARD,0,0,121,320,320,2,False,4,3,False,True,1,1,2,305,70,5,305,70,5,False,False,,,False
92565477,738.0,LOSS,False,71,10,MAIN,10,RESOURCE_MANAGEMENT,PLAY_SUPPORTER,1198,PLAY,1,0,121,320,320,2,False,4,3,True,True,1,1,2,305,70,5,305,70,5,False,False,,,False
92565477,738.0,LOSS,False,72,10,TO_HAND,1,RESOURCE_MANAGEMENT,,,CARD,0,0,121,320,320,2,False,4,3,False,True,1,1,2,305,70,5,305,70,5,False,False,,,False
92565477,738.0,LOSS,False,73,10,MAIN,11,RESOURCE_MANAGEMENT,PLAY_ITEM,1121,PLAY,1,0,121,320,320,2,False,4,3,True,True,1,1,2,305,70,5,305,70,5,False,False,,,False
92565477,738.0,LOSS,False,74,10,DISCARD,7,RESOURCE_MANAGEMENT,,,CARD;CARD,0,0,121,320,320,2,False,4,3,False,True,1,1,2,305,70,5,305,70,5,False,False,,,False
92565477,738.0,LOSS,False,75,10,TO_HAND,4,RESOURCE_MANAGEMENT,,,CARD,0,0,121,320,320,2,False,4,3,False,True,1,1,2,305,70,5,305,70,5,False,False,,,False
92565477,738.0,LOSS,False,76,10,MAIN,5,RETREAT_SELECTION,RETREAT,,RETREAT,1,0,121,320,320,2,False,4,3,True,True,1,1,2,305,70,5,305,70,5,False,False,,,False
92565477,738.0,LOSS,False,77,10,DISCARD_ENERGY,2,ENERGY_MANAGEMENT,,,ENERGY,0,0,121,320,320,2,False,4,3,False,True,1,1,2,305,70,5,305,70,5,False,False,,,False
92565477,738.0,LOSS,False,78,10,SWITCH,4,ACTIVE_POKEMON_SELECTION,,,CARD,0,0,121,320,320,2,False,4,3,False,True,1,1,2,305,70,5,305,70,5,False,False,,,False
92565477,738.0,LOSS,False,79,10,MAIN,3,TIMING,,,,0,0,121,320,320,2,False,4,3,False,True,1,1,2,305,70,5,66,140,5,False,False,,,False
92565477,738.0,LOSS,False,80,12,MAIN,9,RESOURCE_MANAGEMENT,ABILITY,,ABILITY,0,0,121,320,320,2,False,4,3,True,True,1,1,2,66,140,5,66,140,5,False,False,,,False
92565477,738.0,LOSS,False,81,12,TO_HAND,2,RESOURCE_MANAGEMENT,,,CARD,0,0,121,320,320,2,False,4,3,False,True,1,1,2,66,140,5,66,140,5,False,False,,,False
92565477,738.0,LOSS,False,82,12,MAIN,9,RESOURCE_MANAGEMENT,PLAY_SUPPORTER,1198,PLAY,0,0,121,320,320,2,False,4,3,True,True,1,1,2,66,140,5,66,140,5,False,False,,,False
92565477,738.0,LOSS,False,83,12,MAIN,4,RETREAT_SELECTION,RETREAT,,RETREAT,0,0,121,320,320,2,False,4,3,True,True,1,1,2,66,140,5,66,140,5,False,False,,,False
92565477,738.0,LOSS,False,84,12,DISCARD_ENERGY,1,ENERGY_MANAGEMENT,,,ENERGY,0,0,121,320,320,2,False,4,3,False,True,1,1,2,66,140,5,66,140,5,False,False,,,False
92565477,738.0,LOSS,False,85,12,SWITCH,4,ACTIVE_POKEMON_SELECTION,,,CARD,0,0,121,320,320,2,False,4,3,False,True,1,0,2,66,140,5,66,140,5,False,False,,,False
92565477,738.0,LOSS,False,86,12,MAIN,3,TIMING,,,,0,0,121,320,320,2,False,4,3,False,True,1,1,1,66,140,5,66,140,5,False,False,,,False
92565477,738.0,LOSS,False,87,14,MAIN,10,RESOURCE_MANAGEMENT,ABILITY,,ABILITY,0,0,121,320,320,2,False,4,3,True,True,1,1,1,66,140,5,66,140,5,False,False,,,False
92565477,738.0,LOSS,False,88,14,TO_HAND,2,RESOURCE_MANAGEMENT,,,CARD,0,0,121,320,320,2,False,4,3,False,True,1,1,1,66,140,5,66,140,5,False,False,,,False
92565477,738.0,LOSS,False,89,14,MAIN,10,RESOURCE_MANAGEMENT,PLAY_ITEM,1121,PLAY,0,0,121,320,320,2,False,4,3,True,True,1,1,1,66,140,5,66,140,5,False,False,,,False
92565477,738.0,LOSS,False,90,14,DISCARD,8,RESOURCE_MANAGEMENT,,,CARD;CARD,0,0,121,320,320,2,False,4,3,False,True,1,1,1,66,140,5,66,140,5,False,False,,,False
92565477,738.0,LOSS,False,91,14,TO_HAND,3,RESOURCE_MANAGEMENT,,,CARD,0,0,121,320,320,2,False,4,3,False,True,1,1,1,66,140,5,66,140,5,False,False,,,False
92565477,738.0,LOSS,False,92,14,MAIN,8,RESOURCE_MANAGEMENT,PLAY_POKEMON,140,PLAY,0,0,121,320,320,2,False,4,3,True,True,1,1,1,66,140,5,66,140,5,False,False,,,False
92565477,738.0,LOSS,False,93,14,MAIN,7,RESOURCE_MANAGEMENT,PLAY_SUPPORTER,1227,PLAY,0,0,121,320,320,2,False,5,3,True,True,1,1,1,66,140,5,66,140,5,False,False,,,False
92565477,738.0,LOSS,False,94,14,MAIN,6,RESOURCE_MANAGEMENT,PLAY_STADIUM,1256,PLAY,0,0,121,320,320,2,False,5,3,True,True,1,1,1,66,140,5,66,140,5,False,False,,,False
92565477,738.0,LOSS,False,95,14,MAIN,6,RESOURCE_MANAGEMENT,PLAY_ITEM,1121,PLAY,1,0,121,320,320,2,False,5,3,True,True,1,1,1,66,140,5,66,140,5,False,False,,,False
92565477,738.0,LOSS,False,96,14,DISCARD,4,RESOURCE_MANAGEMENT,,,CARD;CARD,0,0,121,320,320,2,False,5,3,False,True,1,1,1,66,140,5,66,140,5,False,False,,,False
92565477,738.0,LOSS,False,97,14,TO_HAND,4,RESOURCE_MANAGEMENT,,,CARD,0,0,121,320,320,2,False,5,3,False,True,1,1,1,66,140,5,66,140,5,False,False,,,False
92565477,738.0,LOSS,False,98,14,MAIN,4,RETREAT_SELECTION,RETREAT,,RETREAT,1,0,121,320,320,2,False,5,3,True,True,1,1,1,66,140,5,66,140,5,False,False,,,False
92565477,738.0,LOSS,False,99,14,DISCARD_ENERGY,1,ENERGY_MANAGEMENT,,,ENERGY,0,0,121,320,320,2,False,5,3,False,True,1,1,1,66,140,5,66,140,5,False,False,,,False
92565477,738.0,LOSS,False,100,14,SWITCH,5,ACTIVE_POKEMON_SELECTION,,,CARD,0,0,121,320,320,2,False,5,3,False,True,1,0,1,66,140,5,66,140,5,False,False,,,False
92565477,738.0,LOSS,False,101,14,MAIN,2,TIMING,,,,0,0,121,320,320,2,False,5,3,False,True,1,0,1,66,140,5,66,140,5,False,False,,,False
92565477,738.0,LOSS,False,102,16,MAIN,5,TIMING,,,,0,0,121,320,320,2,False,5,3,False,True,1,0,1,66,140,5,66,140,5,False,False,,,False
92565477,738.0,LOSS,False,103,18,MAIN,6,RESOURCE_MANAGEMENT,PLAY_ITEM,1120,PLAY,0,0,121,320,320,2,False,5,3,False,True,1,0,1,66,140,5,66,140,5,False,False,,,False
92565477,738.0,LOSS,False,104,18,DISCARD_ENERGY,1,ENERGY_MANAGEMENT,,,ENERGY,0,0,121,320,320,2,False,5,3,False,True,1,0,1,66,140,5,66,140,5,False,False,,,False
92565477,738.0,LOSS,False,105,18,MAIN,5,TIMING,,,,0,0,121,320,320,2,False,5,3,False,True,1,0,1,66,140,5,66,140,5,False,False,,,False
92565477,738.0,LOSS,False,106,20,MAIN,6,TIMING,,,,0,0,121,320,320,2,False,5,3,False,True,1,0,1,66,140,5,66,140,5,False,False,,,False
92565477,738.0,LOSS,False,107,22,MAIN,6,TIMING,,,,0,0,121,320,320,2,False,5,3,False,True,1,0,1,66,140,5,66,140,5,False,False,,,False
92565477,738.0,LOSS,False,108,24,MAIN,6,TIMING,,,,0,0,121,320,320,2,False,5,3,False,True,1,0,1,66,140,5,743,140,3,False,False,,,False
92565477,738.0,LOSS,False,109,25,TO_ACTIVE,5,ACTIVE_POKEMON_SELECTION,,,CARD,0,0,,,,,False,5,3,False,True,,,1,743,140,3,743,140,3,,,,,True
92565477,738.0,LOSS,False,110,26,MAIN,10,RESOURCE_MANAGEMENT,PLAY_ITEM,1120,PLAY,1,0,235,30,30,1,False,4,3,True,True,0,0,0,743,140,3,743,140,3,False,False,Powerful Hand,0,False
92565477,738.0,LOSS,False,111,26,DISCARD_ENERGY,1,ENERGY_MANAGEMENT,,,ENERGY,0,0,235,30,30,1,False,4,3,False,True,0,0,0,743,140,3,743,140,3,False,False,Powerful Hand,0,False
92565477,738.0,LOSS,False,112,26,MAIN,9,TIMING,,,,1,0,235,30,30,1,False,4,3,True,True,0,0,0,743,140,3,743,130,2,False,False,,,False
92565477,738.0,LOSS,False,113,27,TO_ACTIVE,4,ACTIVE_POKEMON_SELECTION,,,CARD,0,0,,,,,False,4,3,False,True,,,0,743,130,2,743,130,2,,,,,True
92566301,794.1,WIN,True,0,,,0,UNKNOWN,,,,0,0,,,,,False,,,False,False,,,0,,,,,,,,,,,False
92566301,794.1,WIN,True,1,,,0,UNKNOWN,,,,0,0,,,,,False,,,False,False,,,0,,,,,,0,,,,,False
92566301,794.1,WIN,True,2,0,IS_FIRST,2,GOING_FIRST_SECOND,,,YES,0,0,,,,,False,0,0,False,False,,,0,,,0,,,0,,,,,False
92566301,794.1,WIN,True,3,0,SETUP_ACTIVE_POKEMON,1,EARLY_GAME_SETUP,,,,0,0,,,,,False,0,0,False,False,,,0,,,0,,,6,,,,,False
92566301,794.1,WIN,True,4,0,DRAW_COUNT,2,SEARCH_DECISION,,,,0,0,,,,,False,0,6,False,False,,,0,,,6,666,160,6,,,,,False
92566301,794.1,WIN,True,5,1,MAIN,6,RESOURCE_MANAGEMENT,PLAY_STADIUM,1256,PLAY,0,0,119,70,70,1,False,0,6,False,False,1,0,0,666,160,6,666,160,6,False,False,,,False
92566301,794.1,WIN,True,6,1,MAIN,5,RESOURCE_MANAGEMENT,PLAY_ITEM,1086,PLAY,0,0,119,70,70,1,False,0,6,False,False,1,0,0,666,160,6,666,160,6,False,False,,,False
92566301,794.1,WIN,True,7,1,TO_BENCH,4,BENCH_MANAGEMENT,,,CARD;CARD,0,0,119,70,70,1,False,0,6,False,False,1,0,0,666,160,6,666,160,6,False,False,,,False
92566301,794.1,WIN,True,8,1,MAIN,4,RESOURCE_MANAGEMENT,PLAY_ITEM,1152,PLAY,0,0,119,70,70,1,False,2,6,False,True,1,0,0,666,160,6,666,160,6,False,False,,,False
92566301,794.1,WIN,True,9,1,TO_HAND,5,RESOURCE_MANAGEMENT,,,CARD,0,0,119,70,70,1,False,2,6,False,True,1,0,0,666,160,6,666,160,6,False,False,,,False
92566301,794.1,WIN,True,10,1,MAIN,3,RESOURCE_MANAGEMENT,PLAY_ITEM,1152,PLAY,0,0,119,70,70,1,False,2,6,False,True,1,0,0,666,160,6,666,160,6,False,False,,,False
92566301,794.1,WIN,True,11,1,TO_HAND,4,RESOURCE_MANAGEMENT,,,CARD,0,0,119,70,70,1,False,2,6,False,True,1,0,0,666,160,6,666,160,6,False,False,,,False
92566301,794.1,WIN,True,12,1,MAIN,3,RESOURCE_MANAGEMENT,PLAY_POKEMON,235,PLAY,0,0,119,70,70,1,False,2,6,False,True,1,0,0,666,160,6,666,160,6,False,False,,,False
92566301,794.1,WIN,True,13,1,MAIN,2,RESOURCE_MANAGEMENT,PLAY_ITEM,1152,PLAY,0,0,119,70,70,1,False,3,6,False,True,1,0,1,666,160,6,666,160,6,False,False,,,False
92566301,794.1,WIN,True,14,1,TO_HAND,3,RESOURCE_MANAGEMENT,,,CARD,0,0,119,70,70,1,False,3,6,False,True,1,0,1,666,160,6,666,160,6,False,False,,,False
92566301,794.1,WIN,True,15,1,MAIN,1,TIMING,,,,0,0,119,70,70,1,False,3,6,False,True,1,0,1,666,160,6,666,160,6,False,False,,,False
92566301,794.1,WIN,True,16,3,MAIN,10,RESOURCE_MANAGEMENT,PLAY_ITEM,1079,PLAY,0,0,119,20,70,1,True,3,6,False,True,1,0,1,666,160,6,666,160,6,True,False,Turbo Flare,50,False
92566301,794.1,WIN,True,17,3,EVOLVE,3,BENCH_MANAGEMENT,,,EVOLVE,0,0,119,20,70,1,True,3,6,False,True,1,0,1,666,160,6,666,160,6,True,False,Turbo Flare,50,False
92566301,794.1,WIN,True,18,3,MAIN,7,RESOURCE_MANAGEMENT,PLAY_SUPPORTER,1198,PLAY,0,0,121,270,320,2,True,3,6,False,True,1,0,1,666,160,6,666,160,6,False,False,Turbo Flare,50,True
92566301,794.1,WIN,True,19,3,TO_HAND,7,RESOURCE_MANAGEMENT,,,CARD,0,0,121,270,320,2,True,3,6,False,True,1,0,1,666,160,6,666,160,6,False,False,Turbo Flare,50,False
92566301,794.1,WIN,True,20,3,ATTACH_TO,3,ENERGY_MANAGEMENT,,,CARD,0,0,121,270,320,2,True,3,6,False,True,1,0,1,666,160,6,666,160,6,False,False,Turbo Flare,50,False
92566301,794.1,WIN,True,21,3,ATTACH_FROM,4,ENERGY_MANAGEMENT,,,CARD,0,0,121,270,320,2,True,3,6,False,True,1,0,1,666,160,6,666,160,6,False,False,Turbo Flare,50,False
92566301,794.1,WIN,True,22,3,MAIN,11,BENCH_MANAGEMENT,EVOLVE,,EVOLVE,1,0,121,270,320,2,True,3,6,True,True,1,1,1,666,160,6,666,160,6,False,False,Turbo Flare,50,False
92566301,794.1,WIN,True,23,3,MAIN,9,RESOURCE_MANAGEMENT,ABILITY,,ABILITY,1,0,121,270,320,2,True,3,6,True,True,1,1,1,666,160,6,666,160,6,False,False,Turbo Flare,50,False
92566301,794.1,WIN,True,24,3,TO_HAND,2,RESOURCE_MANAGEMENT,,,CARD,0,0,121,270,320,2,True,3,6,False,True,1,1,1,666,160,6,666,160,6,False,False,Turbo Flare,50,False
92566301,794.1,WIN,True,25,3,MAIN,8,BENCH_MANAGEMENT,EVOLVE,,EVOLVE,1,0,121,270,320,2,True,3,6,True,True,1,1,1,666,160,6,666,160,6,False,False,Turbo Flare,50,False
92566301,794.1,WIN,True,26,3,MAIN,8,RESOURCE_MANAGEMENT,ABILITY,,ABILITY,1,0,121,270,320,2,True,3,6,True,True,1,1,1,666,160,6,666,160,6,False,False,Turbo Flare,50,False
92566301,794.1,WIN,True,27,3,TO_HAND,2,RESOURCE_MANAGEMENT,,,CARD,0,0,121,270,320,2,True,3,6,False,True,1,1,1,666,160,6,666,160,6,False,False,Turbo Flare,50,False
92566301,794.1,WIN,True,28,3,MAIN,11,ENERGY_MANAGEMENT,ATTACH_ENERGY,,ATTACH,1,0,121,270,320,2,True,3,6,True,True,1,1,1,666,160,6,666,160,6,False,False,Turbo Flare,50,False
92566301,794.1,WIN,True,29,3,MAIN,4,ATTACK_SELECTION,ATTACK,,ATTACK,2,1,121,270,320,2,True,3,6,True,True,1,1,1,666,160,6,666,0,6,False,False,Turbo Flare,50,False
92566301,794.1,WIN,True,30,3,DAMAGE_COUNTER_ANY,2,TARGET_SELECTION,,,CARD,0,0,121,270,320,2,True,3,6,False,True,1,1,1,666,0,6,666,0,6,False,False,Turbo Flare,50,False
92566301,794.1,WIN,True,31,3,DAMAGE_COUNTER_ANY,2,TARGET_SELECTION,,,CARD,0,0,121,270,320,2,True,3,6,False,True,1,1,1,666,0,6,666,0,6,False,False,Turbo Flare,50,False
92566301,794.1,WIN,True,32,3,DAMAGE_COUNTER_ANY,2,TARGET_SELECTION,,,CARD,0,0,121,270,320,2,True,3,6,False,True,1,1,1,666,0,6,666,0,6,False,False,Turbo Flare,50,False
92566301,794.1,WIN,True,33,3,DAMAGE_COUNTER_ANY,2,TARGET_SELECTION,,,CARD,0,0,121,270,320,2,True,3,6,False,True,1,1,1,666,0,6,666,0,6,False,False,Turbo Flare,50,False
92566301,794.1,WIN,True,34,3,DAMAGE_COUNTER_ANY,2,TARGET_SELECTION,,,CARD,0,0,121,270,320,2,True,3,6,False,True,1,1,1,666,0,6,666,0,6,False,False,Turbo Flare,50,False
92566301,794.1,WIN,True,35,3,DAMAGE_COUNTER_ANY,2,TARGET_SELECTION,,,CARD,0,0,121,270,320,2,True,3,6,False,True,1,1,1,666,0,6,,,6,False,False,Turbo Flare,50,False
92566301,794.1,WIN,True,36,3,TO_HAND,6,RESOURCE_MANAGEMENT,,,,0,0,121,270,320,2,True,3,6,False,True,1,1,1,,,6,169,70,5,,,,,False
92566301,794.1,WIN,True,37,4,TO_ACTIVE,3,ACTIVE_POKEMON_SELECTION,,,CARD,0,0,,,,,False,3,5,False,True,,,2,169,70,5,169,70,5,,,,,True
92566301,794.1,WIN,True,38,5,MAIN,9,RESOURCE_MANAGEMENT,ABILITY,,ABILITY,1,0,235,30,30,1,False,2,5,True,True,0,0,1,169,70,5,169,70,5,True,False,Raging Hammer,80,False
92566301,794.1,WIN,True,39,5,TO_HAND,2,RESOURCE_MANAGEMENT,,,CARD,0,0,235,30,30,1,False,2,5,False,True,0,0,1,169,70,5,169,70,5,True,False,Raging Hammer,80,False
92566301,794.1,WIN,True,40,5,MAIN,9,RESOURCE_MANAGEMENT,PLAY_ITEM,1120,PLAY,1,0,235,30,30,1,False,2,5,True,True,0,0,1,169,70,5,169,70,5,True,False,Raging Hammer,80,False
92566301,794.1,WIN,True,41,5,DISCARD_ENERGY,3,ENERGY_MANAGEMENT,,,ENERGY,0,0,235,30,30,1,False,2,5,False,True,0,0,1,169,70,5,169,70,5,True,False,Raging Hammer,80,False
92566301,794.1,WIN,True,42,5,MAIN,8,ENERGY_MANAGEMENT,ATTACH_ENERGY,,ATTACH,1,0,235,30,30,1,False,2,5,True,True,0,0,1,169,70,5,169,70,5,True,False,Hammer In,30,False
92566301,794.1,WIN,True,43,5,MAIN,5,RESOURCE_MANAGEMENT,PLAY_SUPPORTER,1227,PLAY,1,0,235,30,30,1,False,2,5,True,True,0,0,1,169,70,5,169,70,5,True,False,Hammer In,30,False
92566301,794.1,WIN,True,44,5,MAIN,5,BENCH_MANAGEMENT,EVOLVE,,EVOLVE,1,0,235,30,30,1,False,2,5,True,True,0,0,1,169,70,5,169,70,5,True,False,Hammer In,30,False
92566301,794.1,WIN,True,45,5,MAIN,4,RESOURCE_MANAGEMENT,PLAY_POKEMON,184,PLAY,1,0,235,30,30,1,False,2,5,True,True,0,0,2,169,70,5,169,70,5,True,False,Hammer In,30,False
92566301,794.1,WIN,True,46,5,MAIN,3,RETREAT_SELECTION,RETREAT,,RETREAT,1,0,235,30,30,1,False,3,5,True,True,0,0,2,169,70,5,169,70,5,True,False,Hammer In,30,False
92566301,794.1,WIN,True,47,5,SWITCH,3,ACTIVE_POKEMON_SELECTION,,,CARD,0,0,235,30,30,1,False,3,5,False,True,0,0,2,169,70,5,169,70,5,True,False,Hammer In,30,False
92566301,794.1,WIN,True,48,5,MAIN,3,ATTACK_SELECTION,ATTACK,,ATTACK,2,1,121,270,320,2,True,3,5,False,True,1,1,2,169,70,5,169,0,5,False,False,Hammer In,30,True
92566301,794.1,WIN,True,49,5,DAMAGE_COUNTER_ANY,1,TARGET_SELECTION,,,CARD,0,0,121,270,320,2,True,3,5,False,True,1,1,2,169,0,5,169,0,5,False,False,Hammer In,30,False
92566301,794.1,WIN,True,50,5,DAMAGE_COUNTER_ANY,1,TARGET_SELECTION,,,CARD,0,0,121,270,320,2,True,3,5,False,True,1,1,2,169,0,5,169,0,5,False,False,Hammer In,30,False
92566301,794.1,WIN,True,51,5,DAMAGE_COUNTER_ANY,1,TARGET_SELECTION,,,CARD,0,0,121,270,320,2,True,3,5,False,True,1,1,2,169,0,5,169,0,5,False,False,Hammer In,30,False
92566301,794.1,WIN,True,52,5,DAMAGE_COUNTER_ANY,1,TARGET_SELECTION,,,CARD,0,0,121,270,320,2,True,3,5,False,True,1,1,2,169,0,5,169,0,5,False,False,Hammer In,30,False
92566301,794.1,WIN,True,53,5,DAMAGE_COUNTER_ANY,1,TARGET_SELECTION,,,CARD,0,0,121,270,320,2,True,3,5,False,True,1,1,2,169,0,5,169,0,5,False,False,Hammer In,30,False
92566301,794.1,WIN,True,54,5,DAMAGE_COUNTER_ANY,1,TARGET_SELECTION,,,CARD,0,0,121,270,320,2,True,3,5,False,True,1,1,2,169,0,5,,,5,False,False,Hammer In,30,False
92566301,794.1,WIN,True,55,5,TO_HAND,5,RESOURCE_MANAGEMENT,,,,0,0,121,270,320,2,True,3,5,False,True,1,1,2,,,5,169,70,5,,,,,False
92566301,794.1,WIN,True,56,7,MAIN,15,ENERGY_MANAGEMENT,ATTACH_ENERGY,,ATTACH,2,0,121,270,320,2,True,3,4,True,True,1,1,2,169,70,5,169,70,5,False,False,,,False
92566301,794.1,WIN,True,57,7,MAIN,7,RESOURCE_MANAGEMENT,PLAY_SUPPORTER,1227,PLAY,2,0,121,270,320,2,True,3,4,True,True,1,1,2,169,70,5,169,70,5,False,False,,,False
92566301,794.1,WIN,True,58,7,MAIN,8,RESOURCE_MANAGEMENT,PLAY_ITEM,1121,PLAY,2,0,121,270,320,2,True,3,4,True,True,1,1,2,169,70,5,169,70,5,False,False,,,False
92566301,794.1,WIN,True,59,7,DISCARD,5,RESOURCE_MANAGEMENT,,,CARD;CARD,0,0,121,270,320,2,True,3,4,False,True,1,1,2,169,70,5,169,70,5,False,False,,,False
92566301,794.1,WIN,True,60,7,TO_HAND,6,RESOURCE_MANAGEMENT,,,CARD,0,0,121,270,320,2,True,3,4,False,True,1,1,2,169,70,5,169,70,5,False,False,,,False
92566301,794.1,WIN,True,61,7,MAIN,5,RESOURCE_MANAGEMENT,PLAY_ITEM,1097,PLAY,2,0,121,270,320,2,True,3,4,True,True,1,1,2,169,70,5,169,70,5,False,False,,,False
92566301,794.1,WIN,True,62,7,TO_HAND,2,RESOURCE_MANAGEMENT,,,CARD,0,0,121,270,320,2,True,3,4,False,True,1,1,2,169,70,5,169,70,5,False,False,,,False
92566301,794.1,WIN,True,63,7,MAIN,5,RESOURCE_MANAGEMENT,PLAY_POKEMON,119,PLAY,2,0,121,270,320,2,True,3,4,True,True,1,1,2,169,70,5,169,70,5,False,False,,,False
92566301,794.1,WIN,True,64,7,MAIN,4,ATTACK_SELECTION,ATTACK,,ATTACK,2,1,121,270,320,2,True,4,4,True,True,1,1,2,169,70,5,169,0,5,False,False,,,False
92566301,794.1,WIN,True,65,7,DAMAGE_COUNTER_ANY,1,TARGET_SELECTION,,,CARD,0,0,121,270,320,2,True,4,4,False,True,1,1,2,169,0,5,169,0,5,False,False,,,False
92566301,794.1,WIN,True,66,7,DAMAGE_COUNTER_ANY,1,TARGET_SELECTION,,,CARD,0,0,121,270,320,2,True,4,4,False,True,1,1,2,169,0,5,169,0,5,False,False,,,False
92566301,794.1,WIN,True,67,7,DAMAGE_COUNTER_ANY,1,TARGET_SELECTION,,,CARD,0,0,121,270,320,2,True,4,4,False,True,1,1,2,169,0,5,169,0,5,False,False,,,False
92566301,794.1,WIN,True,68,7,DAMAGE_COUNTER_ANY,1,TARGET_SELECTION,,,CARD,0,0,121,270,320,2,True,4,4,False,True,1,1,2,169,0,5,169,0,5,False,False,,,False
92566301,794.1,WIN,True,69,7,DAMAGE_COUNTER_ANY,1,TARGET_SELECTION,,,CARD,0,0,121,270,320,2,True,4,4,False,True,1,1,2,169,0,5,169,0,5,False,False,,,False
92566301,794.1,WIN,True,70,7,DAMAGE_COUNTER_ANY,1,TARGET_SELECTION,,,CARD,0,0,121,270,320,2,True,4,4,False,True,1,1,2,169,0,5,,,5,False,False,,,False
92566301,794.1,WIN,True,71,7,TO_HAND,4,RESOURCE_MANAGEMENT,,,,0,0,121,270,320,2,True,4,4,False,True,1,1,2,,,5,190,240,5,,,,,False
92566301,794.1,WIN,True,72,9,MAIN,12,RESOURCE_MANAGEMENT,PLAY_SUPPORTER,1198,PLAY,2,0,121,50,320,2,True,4,3,True,True,1,1,2,190,240,5,190,240,5,True,False,Metal Defender,220,False
92566301,794.1,WIN,True,73,9,TO_HAND,2,RESOURCE_MANAGEMENT,,,CARD,0,0,121,50,320,2,True,4,3,False,True,1,1,2,190,240,5,190,240,5,True,False,Metal Defender,220,False
92566301,794.1,WIN,True,74,9,ATTACH_TO,1,ENERGY_MANAGEMENT,,,CARD,0,0,121,50,320,2,True,4,3,False,True,1,1,2,190,240,5,190,240,5,True,False,Metal Defender,220,False
92566301,794.1,WIN,True,75,9,ATTACH_FROM,5,ENERGY_MANAGEMENT,,,CARD,0,0,121,50,320,2,True,4,3,False,True,1,1,2,190,240,5,190,240,5,True,False,Metal Defender,220,False
92566301,794.1,WIN,True,76,9,MAIN,16,BENCH_MANAGEMENT,EVOLVE,,EVOLVE,2,0,121,50,320,2,True,4,3,True,True,1,1,2,190,240,5,190,240,5,True,False,Metal Defender,220,False
92566301,794.1,WIN,True,77,9,MAIN,16,RESOURCE_MANAGEMENT,ABILITY,,ABILITY,2,0,121,50,320,2,True,4,3,True,True,1,1,2,190,240,5,190,240,5,True,False,Metal Defender,220,False
92566301,794.1,WIN,True,78,9,TO_HAND,2,RESOURCE_MANAGEMENT,,,CARD,0,0,121,50,320,2,True,4,3,False,True,1,1,2,190,240,5,190,240,5,True,False,Metal Defender,220,False
92566301,794.1,WIN,True,79,9,MAIN,15,ENERGY_MANAGEMENT,ATTACH_ENERGY,,ATTACH,2,0,121,50,320,2,True,4,3,True,True,1,1,2,190,240,5,190,240,5,True,False,Metal Defender,220,False
92566301,794.1,WIN,True,80,9,MAIN,5,TIMING,,,,2,0,121,50,320,2,True,4,3,True,True,1,1,3,190,240,5,190,70,3,True,False,Metal Defender,220,False
92566301,794.1,WIN,True,81,10,TO_ACTIVE,4,ACTIVE_POKEMON_SELECTION,,,CARD,0,0,,,,,False,4,3,False,True,,,3,190,70,3,190,70,3,,,,,True
92566301,794.1,WIN,True,82,11,MAIN,11,RESOURCE_MANAGEMENT,ABILITY,,ABILITY,1,0,235,30,30,1,False,3,3,True,True,0,0,2,190,70,3,190,70,3,True,False,Metal Defender,220,False
92566301,794.1,WIN,True,83,11,TO_HAND,2,RESOURCE_MANAGEMENT,,,CARD,0,0,235,30,30,1,False,3,3,False,True,0,0,2,190,70,3,190,70,3,True,False,Metal Defender,220,False
92566301,794.1,WIN,True,84,11,MAIN,11,RESOURCE_MANAGEMENT,PLAY_SUPPORTER,1198,PLAY,1,0,235,30,30,1,False,3,3,True,True,0,0,2,190,70,3,190,70,3,True,False,Metal Defender,220,False
92566301,794.1,WIN,True,85,11,MAIN,9,RETREAT_SELECTION,RETREAT,,RETREAT,1,0,235,30,30,1,False,3,3,True,True,0,0,2,190,70,3,190,70,3,True,False,Metal Defender,220,False
92566301,794.1,WIN,True,86,11,SWITCH,3,ACTIVE_POKEMON_SELECTION,,,CARD,0,0,235,30,30,1,False,3,3,False,True,0,0,2,190,70,3,190,70,3,True,False,Metal Defender,220,False
92566301,794.1,WIN,True,87,11,MAIN,9,ATTACK_SELECTION,ATTACK,,ATTACK,2,1,121,320,320,2,False,3,3,False,True,1,1,2,190,70,3,190,0,3,False,False,Metal Defender,220,True
92566301,794.1,WIN,True,88,11,DAMAGE_COUNTER_ANY,1,TARGET_SELECTION,,,CARD,0,0,121,320,320,2,False,3,3,False,True,1,1,2,190,0,3,190,0,3,False,False,Metal Defender,220,False
92566301,794.1,WIN,True,89,11,DAMAGE_COUNTER_ANY,1,TARGET_SELECTION,,,CARD,0,0,121,320,320,2,False,3,3,False,True,1,1,2,190,0,3,190,0,3,False,False,Metal Defender,220,False
92566301,794.1,WIN,True,90,11,DAMAGE_COUNTER_ANY,1,TARGET_SELECTION,,,CARD,0,0,121,320,320,2,False,3,3,False,True,1,1,2,190,0,3,190,0,3,False,False,Metal Defender,220,False
92566301,794.1,WIN,True,91,11,DAMAGE_COUNTER_ANY,1,TARGET_SELECTION,,,CARD,0,0,121,320,320,2,False,3,3,False,True,1,1,2,190,0,3,190,0,3,False,False,Metal Defender,220,False
92566301,794.1,WIN,True,92,11,DAMAGE_COUNTER_ANY,1,TARGET_SELECTION,,,CARD,0,0,121,320,320,2,False,3,3,False,True,1,1,2,190,0,3,190,0,3,False,False,Metal Defender,220,False
92566301,794.1,WIN,True,93,11,DAMAGE_COUNTER_ANY,1,TARGET_SELECTION,,,CARD,0,0,121,320,320,2,False,3,3,False,True,1,1,2,190,0,3,,,3,False,False,Metal Defender,220,False
92566301,794.1,WIN,True,94,11,TO_HAND,3,RESOURCE_MANAGEMENT,,,,0,0,121,320,320,2,False,3,3,False,True,1,1,2,,,3,169,70,3,,,,,False
92566301,794.1,WIN,True,95,13,MAIN,15,RESOURCE_MANAGEMENT,PLAY_POKEMON,119,PLAY,2,0,121,320,320,2,False,3,1,True,True,1,1,2,169,70,3,169,70,3,False,False,,,False
92566301,794.1,WIN,True,96,13,MAIN,15,RESOURCE_MANAGEMENT,PLAY_POKEMON,1071,PLAY,2,0,121,320,320,2,False,4,1,True,True,1,1,2,169,70,3,169,70,3,False,False,,,False
92566301,794.1,WIN,True,97,13,ACTIVATE,2,RESOURCE_MANAGEMENT,,,YES,0,0,121,320,320,2,False,5,1,False,True,1,1,2,169,70,3,169,70,3,False,False,,,False
92566301,794.1,WIN,True,98,13,TO_HAND,6,RESOURCE_MANAGEMENT,,,CARD,0,0,121,320,320,2,False,5,1,False,True,1,1,2,169,70,3,169,70,3,False,False,,,False
92566301,794.1,WIN,True,99,13,MAIN,16,RESOURCE_MANAGEMENT,ABILITY,,ABILITY,2,0,121,320,320,2,False,5,1,True,True,1,1,2,169,70,3,169,70,3,False,False,,,False
92566301,794.1,WIN,True,100,13,TO_HAND,2,RESOURCE_MANAGEMENT,,,CARD,0,0,121,320,320,2,False,5,1,False,True,1,1,2,169,70,3,169,70,3,False,False,,,False
92566301,794.1,WIN,True,101,13,MAIN,15,RESOURCE_MANAGEMENT,PLAY_SUPPORTER,1182,PLAY,2,0,121,320,320,2,False,5,1,True,True,1,1,2,169,70,3,169,70,3,False,False,,,False
92566301,794.1,WIN,True,102,13,SWITCH,1,ACTIVE_POKEMON_SELECTION,,,CARD,0,0,121,320,320,2,False,5,1,False,True,1,1,2,169,70,3,57,100,3,False,False,,,False
92566301,794.1,WIN,True,103,13,MAIN,12,ENERGY_MANAGEMENT,ATTACH_ENERGY,,ATTACH,2,0,121,320,320,2,False,5,1,True,True,1,1,2,57,100,3,57,100,3,False,False,,,False
92566301,794.1,WIN,True,104,13,MAIN,6,ATTACK_SELECTION,ATTACK,,ATTACK,2,1,121,320,320,2,False,5,1,True,True,1,1,3,57,100,3,57,0,3,False,False,,,False
92566301,794.1,WIN,True,105,13,DAMAGE_COUNTER_ANY,1,TARGET_SELECTION,,,CARD,0,0,121,320,320,2,False,5,1,False,True,1,1,3,57,0,3,57,0,3,False,False,,,False
92566301,794.1,WIN,True,106,13,DAMAGE_COUNTER_ANY,1,TARGET_SELECTION,,,CARD,0,0,121,320,320,2,False,5,1,False,True,1,1,3,57,0,3,57,0,3,False,False,,,False
92566301,794.1,WIN,True,107,13,DAMAGE_COUNTER_ANY,1,TARGET_SELECTION,,,CARD,0,0,121,320,320,2,False,5,1,False,True,1,1,3,57,0,3,57,0,3,False,False,,,False
92566301,794.1,WIN,True,108,13,DAMAGE_COUNTER_ANY,1,TARGET_SELECTION,,,CARD,0,0,121,320,320,2,False,5,1,False,True,1,1,3,57,0,3,57,0,3,False,False,,,False
92566301,794.1,WIN,True,109,13,DAMAGE_COUNTER_ANY,1,TARGET_SELECTION,,,CARD,0,0,121,320,320,2,False,5,1,False,True,1,1,3,57,0,3,57,0,3,False,False,,,False
92566301,794.1,WIN,True,110,13,DAMAGE_COUNTER_ANY,1,TARGET_SELECTION,,,CARD,0,0,121,320,320,2,False,5,1,False,True,1,1,3,57,0,3,,,3,False,False,,,False
92566420,663.1,WIN,True,0,,,0,UNKNOWN,,,,0,0,,,,,False,,,False,False,,,0,,,,,,,,,,,False
92566420,663.1,WIN,True,1,,,0,UNKNOWN,,,,0,0,,,,,False,,,False,False,,,0,,,,,,0,,,,,False
92566420,663.1,WIN,True,2,0,IS_FIRST,2,GOING_FIRST_SECOND,,,YES,0,0,,,,,False,0,0,False,False,,,0,,,0,,,0,,,,,False
92566420,663.1,WIN,True,3,0,SETUP_ACTIVE_POKEMON,3,EARLY_GAME_SETUP,,,,0,0,,,,,False,0,0,False,False,,,0,,,0,,,6,,,,,False
92566420,663.1,WIN,True,4,0,SETUP_BENCH_POKEMON,2,BENCH_MANAGEMENT,,,,0,0,,,,,False,0,6,False,False,,,0,,,6,741,50,6,,,,,False
92566420,663.1,WIN,True,5,1,MAIN,4,RESOURCE_MANAGEMENT,PLAY_POKEMON,119,PLAY,0,0,235,30,30,1,False,0,6,False,False,0,0,0,741,50,6,741,50,6,False,False,,,False
92566420,663.1,WIN,True,6,1,MAIN,5,ENERGY_MANAGEMENT,ATTACH_ENERGY,,ATTACH,0,0,235,30,30,1,False,1,6,True,True,0,0,0,741,50,6,741,50,6,False,False,,,False
92566420,663.1,WIN,True,7,1,MAIN,3,TIMING,,,,0,0,235,30,30,1,False,1,6,True,True,0,0,1,741,50,6,741,50,6,False,False,,,False
92566420,663.1,WIN,True,8,3,MAIN,8,RESOURCE_MANAGEMENT,PLAY_SUPPORTER,1227,PLAY,1,0,235,30,30,1,False,1,6,True,True,0,0,1,741,50,6,741,50,6,False,False,,,False
92566420,663.1,WIN,True,9,3,MAIN,10,RESOURCE_MANAGEMENT,PLAY_STADIUM,1256,PLAY,1,0,235,30,30,1,False,1,6,True,True,0,0,1,741,50,6,741,50,6,False,False,,,False
92566420,663.1,WIN,True,10,3,MAIN,9,RESOURCE_MANAGEMENT,PLAY_ITEM,1079,PLAY,1,0,235,30,30,1,False,1,6,True,True,0,0,1,741,50,6,741,50,6,False,False,,,False
92566420,663.1,WIN,True,11,3,EVOLVE,1,BENCH_MANAGEMENT,,,EVOLVE,0,0,235,30,30,1,False,1,6,False,True,0,0,1,741,50,6,741,50,6,False,False,,,False
92566420,663.1,WIN,True,12,3,MAIN,8,ENERGY_MANAGEMENT,ATTACH_ENERGY,,ATTACH,1,0,235,30,30,1,False,1,6,True,True,0,0,1,741,50,6,741,50,6,False,False,,,False
92566420,663.1,WIN,True,13,3,MAIN,4,RETREAT_SELECTION,RETREAT,,RETREAT,1,0,235,30,30,1,False,1,6,True,True,0,0,1,741,50,6,741,50,6,False,False,,,False
92566420,663.1,WIN,True,14,3,SWITCH,1,ACTIVE_POKEMON_SELECTION,,,CARD,0,0,235,30,30,1,False,1,6,False,True,0,0,1,741,50,6,741,50,6,False,False,,,False
92566420,663.1,WIN,True,15,3,MAIN,4,ATTACK_SELECTION,ATTACK,,ATTACK,2,1,121,320,320,2,False,1,6,False,True,1,1,1,741,50,6,741,0,6,False,False,,,True
92566420,663.1,WIN,True,16,3,DAMAGE_COUNTER_ANY,2,TARGET_SELECTION,,,CARD,0,0,121,320,320,2,False,1,6,False,True,1,1,1,741,0,6,741,0,6,False,False,,,False
92566420,663.1,WIN,True,17,3,DAMAGE_COUNTER_ANY,2,TARGET_SELECTION,,,CARD,0,0,121,320,320,2,False,1,6,False,True,1,1,1,741,0,6,741,0,6,False,False,,,False
92566420,663.1,WIN,True,18,3,DAMAGE_COUNTER_ANY,2,TARGET_SELECTION,,,CARD,0,0,121,320,320,2,False,1,6,False,True,1,1,1,741,0,6,741,0,6,False,False,,,False
92566420,663.1,WIN,True,19,3,DAMAGE_COUNTER_ANY,2,TARGET_SELECTION,,,CARD,0,0,121,320,320,2,False,1,6,False,True,1,1,1,741,0,6,741,0,6,False,False,,,False
92566420,663.1,WIN,True,20,3,DAMAGE_COUNTER_ANY,2,TARGET_SELECTION,,,CARD,0,0,121,320,320,2,False,1,6,False,True,1,1,1,741,0,6,741,0,6,False,False,,,False
92566420,663.1,WIN,True,21,3,DAMAGE_COUNTER_ANY,2,TARGET_SELECTION,,,CARD,0,0,121,320,320,2,False,1,6,False,True,1,1,1,741,0,6,,,6,False,False,,,False
92566420,663.1,WIN,True,22,3,TO_HAND,6,RESOURCE_MANAGEMENT,,,CARD,0,0,121,320,320,2,False,1,6,False,True,1,1,1,,,6,,,6,,,,,False
92566420,663.1,WIN,True,23,3,TO_HAND,5,RESOURCE_MANAGEMENT,,,,0,0,121,320,320,2,False,1,5,False,True,1,1,1,,,6,343,70,6,,,,,False
92566420,663.1,WIN,True,24,5,MAIN,10,RESOURCE_MANAGEMENT,PLAY_POKEMON,140,PLAY,2,0,121,320,320,2,False,1,4,True,True,1,1,1,343,70,6,343,70,6,False,False,,,False
92566420,663.1,WIN,True,25,5,MAIN,10,RESOURCE_MANAGEMENT,PLAY_SUPPORTER,1227,PLAY,2,0,121,320,320,2,False,2,4,True,True,1,1,1,343,70,6,343,70,6,False,False,,,False
92566420,663.1,WIN,True,26,5,MAIN,6,RESOURCE_MANAGEMENT,PLAY_ITEM,1086,PLAY,2,0,121,320,320,2,False,2,4,True,True,1,1,1,343,70,6,343,70,6,False,False,,,False
92566420,663.1,WIN,True,27,5,TO_BENCH,4,BENCH_MANAGEMENT,,,CARD;CARD,0,0,121,320,320,2,False,2,4,False,True,1,1,1,343,70,6,343,70,6,False,False,,,False
92566420,663.1,WIN,True,28,5,MAIN,5,ATTACK_SELECTION,ATTACK,,ATTACK,2,1,121,320,320,2,False,4,4,True,True,1,1,1,343,70,6,343,0,6,False,False,,,False
92566420,663.1,WIN,True,29,5,DAMAGE_COUNTER_ANY,1,TARGET_SELECTION,,,CARD,0,0,121,320,320,2,False,4,4,False,True,1,1,1,343,0,6,343,0,6,False,False,,,False
92566420,663.1,WIN,True,30,5,DAMAGE_COUNTER_ANY,1,TARGET_SELECTION,,,CARD,0,0,121,320,320,2,False,4,4,False,True,1,1,1,343,0,6,343,0,6,False,False,,,False
92566420,663.1,WIN,True,31,5,DAMAGE_COUNTER_ANY,1,TARGET_SELECTION,,,CARD,0,0,121,320,320,2,False,4,4,False,True,1,1,1,343,0,6,343,0,6,False,False,,,False
92566420,663.1,WIN,True,32,5,DAMAGE_COUNTER_ANY,1,TARGET_SELECTION,,,CARD,0,0,121,320,320,2,False,4,4,False,True,1,1,1,343,0,6,343,0,6,False,False,,,False
92566420,663.1,WIN,True,33,5,DAMAGE_COUNTER_ANY,1,TARGET_SELECTION,,,CARD,0,0,121,320,320,2,False,4,4,False,True,1,1,1,343,0,6,343,0,6,False,False,,,False
92566420,663.1,WIN,True,34,5,DAMAGE_COUNTER_ANY,1,TARGET_SELECTION,,,CARD,0,0,121,320,320,2,False,4,4,False,True,1,1,1,343,0,6,,,6,False,False,,,False
92566420,663.1,WIN,True,35,5,TO_HAND,4,RESOURCE_MANAGEMENT,,,CARD,0,0,121,320,320,2,False,4,4,False,True,1,1,1,,,6,,,6,,,,,False
92567367,526.3,WIN,False,0,,,0,UNKNOWN,,,,0,0,,,,,False,,,False,False,,,0,,,,,,,,,,,False
92567367,526.3,WIN,False,1,,,0,UNKNOWN,,,,0,0,,,,,False,,,False,False,,,0,,,,,,0,,,,,False
92567367,526.3,WIN,False,2,0,SETUP_ACTIVE_POKEMON,1,EARLY_GAME_SETUP,,,,0,0,,,,,False,0,0,False,False,,,0,,,0,235,30,6,,,,,False
92567367,526.3,WIN,False,3,2,MAIN,6,RESOURCE_MANAGEMENT,PLAY_POKEMON,235,PLAY,0,0,140,210,210,2,False,0,6,False,False,1,0,0,235,30,6,235,30,6,False,False,Itchy Pollen,10,False
92567367,526.3,WIN,False,4,2,MAIN,6,RESOURCE_MANAGEMENT,PLAY_ITEM,1086,PLAY,0,0,140,210,210,2,False,1,6,False,True,1,0,1,235,30,6,235,30,6,False,False,Itchy Pollen,10,False
92567367,526.3,WIN,False,5,2,TO_BENCH,5,BENCH_MANAGEMENT,,,CARD;CARD,0,0,140,210,210,2,False,1,6,False,True,1,0,1,235,30,6,235,30,6,False,False,Itchy Pollen,10,False
92567367,526.3,WIN,False,6,2,MAIN,7,RESOURCE_MANAGEMENT,PLAY_ITEM,1152,PLAY,0,0,140,210,210,2,False,3,6,False,True,1,0,1,235,30,6,235,30,6,False,False,Itchy Pollen,10,False
92567367,526.3,WIN,False,7,2,TO_HAND,7,RESOURCE_MANAGEMENT,,,CARD,0,0,140,210,210,2,False,3,6,False,True,1,0,1,235,30,6,235,30,6,False,False,Itchy Pollen,10,False
92567367,526.3,WIN,False,8,2,MAIN,7,RESOURCE_MANAGEMENT,PLAY_POKEMON,119,PLAY,0,0,140,210,210,2,False,3,6,False,True,1,0,1,235,30,6,235,30,6,False,False,Itchy Pollen,10,False
92567367,526.3,WIN,False,9,2,MAIN,7,ENERGY_MANAGEMENT,ATTACH_ENERGY,,ATTACH,0,0,140,210,210,2,False,4,6,False,True,1,0,1,235,30,6,235,30,6,False,False,Itchy Pollen,10,False
92567367,526.3,WIN,False,10,2,MAIN,3,RESOURCE_MANAGEMENT,PLAY_SUPPORTER,1227,PLAY,0,0,140,210,210,2,False,4,6,True,True,1,1,1,235,30,6,235,30,6,False,False,Itchy Pollen,10,False
92567367,526.3,WIN,False,11,2,MAIN,2,RETREAT_SELECTION,RETREAT,,RETREAT,0,0,140,210,210,2,False,4,6,True,True,1,1,1,235,30,6,235,30,6,False,False,Itchy Pollen,10,False
92567367,526.3,WIN,False,12,2,DISCARD_ENERGY,1,ENERGY_MANAGEMENT,,,ENERGY,0,0,140,210,210,2,False,4,6,False,True,1,1,1,235,30,6,235,30,6,False,False,Itchy Pollen,10,False
92567367,526.3,WIN,False,13,2,SWITCH,4,ACTIVE_POKEMON_SELECTION,,,CARD,0,0,140,210,210,2,False,4,6,False,True,1,0,1,235,30,6,235,30,6,False,False,Itchy Pollen,10,False
92567367,526.3,WIN,False,14,2,MAIN,2,TIMING,,,,1,0,235,30,30,1,False,4,6,False,True,0,0,0,235,30,6,235,20,6,False,False,Itchy Pollen,10,True
92567367,526.3,WIN,False,15,4,MAIN,18,BENCH_MANAGEMENT,EVOLVE,,EVOLVE,1,0,235,20,30,1,True,4,6,True,True,0,0,0,235,20,6,235,20,6,False,False,Itchy Pollen,10,False
92567367,526.3,WIN,False,16,4,MAIN,16,RESOURCE_MANAGEMENT,ABILITY,,ABILITY,1,0,235,20,30,1,True,4,6,True,True,0,0,0,235,20,6,235,20,6,False,False,Itchy Pollen,10,False
92567367,526.3,WIN,False,17,4,TO_HAND,2,RESOURCE_MANAGEMENT,,,CARD,0,0,235,20,30,1,True,4,6,False,True,0,0,0,235,20,6,235,20,6,False,False,Itchy Pollen,10,False
92567367,526.3,WIN,False,18,4,MAIN,15,ENERGY_MANAGEMENT,ATTACH_ENERGY,,ATTACH,1,0,235,20,30,1,True,4,6,True,True,0,0,0,235,20,6,235,20,6,False,False,Itchy Pollen,10,False
92567367,526.3,WIN,False,19,4,MAIN,5,RESOURCE_MANAGEMENT,PLAY_SUPPORTER,1227,PLAY,1,0,235,20,30,1,True,4,6,True,True,0,0,0,235,20,6,235,20,6,False,False,Itchy Pollen,10,False
92567367,526.3,WIN,False,20,4,MAIN,11,ENERGY_MANAGEMENT,ATTACH_ENERGY,,ATTACH,1,0,235,20,30,1,True,4,6,True,True,0,0,0,235,20,6,235,20,6,False,False,Itchy Pollen,10,False
92567367,526.3,WIN,False,21,4,MAIN,6,BENCH_MANAGEMENT,EVOLVE,,EVOLVE,1,0,235,20,30,1,True,4,6,True,True,0,0,0,235,20,6,235,20,6,False,False,Itchy Pollen,10,False
92567367,526.3,WIN,False,22,4,MAIN,5,RESOURCE_MANAGEMENT,ABILITY,,ABILITY,1,0,235,20,30,1,True,4,6,True,True,0,0,0,235,20,6,235,20,6,False,False,Itchy Pollen,10,False
92567367,526.3,WIN,False,23,4,TO_HAND,2,RESOURCE_MANAGEMENT,,,CARD,0,0,235,20,30,1,True,4,6,False,True,0,0,0,235,20,6,235,20,6,False,False,Itchy Pollen,10,False
92567367,526.3,WIN,False,24,4,MAIN,5,TIMING,,,,1,0,235,20,30,1,True,4,6,True,True,0,0,0,235,20,6,235,10,6,False,False,Itchy Pollen,10,False
92567367,526.3,WIN,False,25,6,MAIN,18,RESOURCE_MANAGEMENT,ABILITY,,ABILITY,1,0,235,10,30,1,True,4,6,True,True,0,0,0,235,10,6,235,10,6,True,False,Itchy Pollen,10,False
92567367,526.3,WIN,False,26,6,TO_HAND,2,RESOURCE_MANAGEMENT,,,CARD,0,0,235,10,30,1,True,4,6,False,True,0,0,0,235,10,6,235,10,6,True,False,Itchy Pollen,10,False
92567367,526.3,WIN,False,27,6,MAIN,17,RESOURCE_MANAGEMENT,ABILITY,,ABILITY,1,0,235,10,30,1,True,4,6,True,True,0,0,0,235,10,6,235,10,6,True,False,Itchy Pollen,10,False
92567367,526.3,WIN,False,28,6,TO_HAND,2,RESOURCE_MANAGEMENT,,,CARD,0,0,235,10,30,1,True,4,6,False,True,0,0,0,235,10,6,235,10,6,True,False,Itchy Pollen,10,False
92567367,526.3,WIN,False,29,6,MAIN,18,BENCH_MANAGEMENT,EVOLVE,,EVOLVE,1,0,235,10,30,1,True,4,6,True,True,0,0,0,235,10,6,235,10,6,True,False,Itchy Pollen,10,False
92567367,526.3,WIN,False,30,6,MAIN,16,RESOURCE_MANAGEMENT,PLAY_SUPPORTER,1198,PLAY,1,0,235,10,30,1,True,4,6,True,True,0,0,1,235,10,6,235,10,6,True,False,Itchy Pollen,10,False
92567367,526.3,WIN,False,31,6,TO_HAND,3,RESOURCE_MANAGEMENT,,,CARD,0,0,235,10,30,1,True,4,6,False,True,0,0,1,235,10,6,235,10,6,True,False,Itchy Pollen,10,False
92567367,526.3,WIN,False,32,6,ATTACH_TO,2,ENERGY_MANAGEMENT,,,CARD,0,0,235,10,30,1,True,4,6,False,True,0,0,1,235,10,6,235,10,6,True,False,Itchy Pollen,10,False
92567367,526.3,WIN,False,33,6,ATTACH_FROM,5,ENERGY_MANAGEMENT,,,CARD,0,0,235,10,30,1,True,4,6,False,True,0,0,1,235,10,6,235,10,6,True,False,Itchy Pollen,10,False
92567367,526.3,WIN,False,34,6,MAIN,20,ENERGY_MANAGEMENT,ATTACH_ENERGY,,ATTACH,1,0,235,10,30,1,True,4,6,True,True,0,0,1,235,10,6,235,10,6,True,False,Itchy Pollen,10,False
92567367,526.3,WIN,False,35,6,MAIN,5,RETREAT_SELECTION,RETREAT,,RETREAT,1,0,235,10,30,1,True,4,6,True,True,0,0,1,235,10,6,235,10,6,True,False,Itchy Pollen,10,False
92567367,526.3,WIN,False,36,6,SWITCH,4,ACTIVE_POKEMON_SELECTION,,,CARD,0,0,235,10,30,1,True,4,6,False,True,0,0,1,235,10,6,235,10,6,True,False,Itchy Pollen,10,False
92567367,526.3,WIN,False,37,6,MAIN,5,ATTACK_SELECTION,ATTACK,,ATTACK,2,1,121,320,320,2,False,4,6,False,True,1,1,1,235,10,6,235,0,6,False,False,Itchy Pollen,10,True
92567367,526.3,WIN,False,38,6,DAMAGE_COUNTER_ANY,3,TARGET_SELECTION,,,CARD,0,0,121,320,320,2,False,4,6,False,True,1,1,1,235,0,6,235,0,6,False,False,Itchy Pollen,10,False
92567367,526.3,WIN,False,39,6,DAMAGE_COUNTER_ANY,3,TARGET_SELECTION,,,CARD,0,0,121,320,320,2,False,4,6,False,True,1,1,1,235,0,6,235,0,6,False,False,Itchy Pollen,10,False
92567367,526.3,WIN,False,40,6,DAMAGE_COUNTER_ANY,3,TARGET_SELECTION,,,CARD,0,0,121,320,320,2,False,4,6,False,True,1,1,1,235,0,6,235,0,6,False,False,Itchy Pollen,10,False
92567367,526.3,WIN,False,41,6,DAMAGE_COUNTER_ANY,3,TARGET_SELECTION,,,CARD,0,0,121,320,320,2,False,4,6,False,True,1,1,1,235,0,6,235,0,6,False,False,Itchy Pollen,10,False
92567367,526.3,WIN,False,42,6,DAMAGE_COUNTER_ANY,3,TARGET_SELECTION,,,CARD,0,0,121,320,320,2,False,4,6,False,True,1,1,1,235,0,6,235,0,6,False,False,Itchy Pollen,10,False
92567367,526.3,WIN,False,43,6,DAMAGE_COUNTER_ANY,3,TARGET_SELECTION,,,CARD,0,0,121,320,320,2,False,4,6,False,True,1,1,1,235,0,6,,,6,False,False,Itchy Pollen,10,False
92567367,526.3,WIN,False,44,6,TO_HAND,6,RESOURCE_MANAGEMENT,,,,0,0,121,320,320,2,False,4,6,False,True,1,1,1,,,6,121,320,6,,,,,False
92567367,526.3,WIN,False,45,8,MAIN,24,RESOURCE_MANAGEMENT,PLAY_ITEM,1086,PLAY,2,0,121,120,320,2,True,4,5,True,True,1,1,1,121,320,6,121,320,6,True,False,Phantom Dive,200,False
92567367,526.3,WIN,False,46,8,TO_BENCH,1,BENCH_MANAGEMENT,,,CARD,0,0,121,120,320,2,True,4,5,False,True,1,1,1,121,320,6,121,320,6,True,False,Phantom Dive,200,False
92567367,526.3,WIN,False,47,8,MAIN,23,RESOURCE_MANAGEMENT,PLAY_ITEM,1121,PLAY,2,0,121,120,320,2,True,5,5,True,True,1,1,1,121,320,6,121,320,6,True,False,Phantom Dive,200,False
92567367,526.3,WIN,False,48,8,DISCARD,10,RESOURCE_MANAGEMENT,,,CARD;CARD,0,0,121,120,320,2,True,5,5,False,True,1,1,1,121,320,6,121,320,6,True,False,Phantom Dive,200,False
92567367,526.3,WIN,False,49,8,TO_HAND,6,RESOURCE_MANAGEMENT,,,CARD,0,0,121,120,320,2,True,5,5,False,True,1,1,1,121,320,6,121,320,6,True,False,Phantom Dive,200,False
92567367,526.3,WIN,False,50,8,MAIN,24,RESOURCE_MANAGEMENT,PLAY_ITEM,1079,PLAY,2,0,121,120,320,2,True,5,5,True,True,1,1,1,121,320,6,121,320,6,True,False,Phantom Dive,200,False
92567367,526.3,WIN,False,51,8,EVOLVE,1,BENCH_MANAGEMENT,,,EVOLVE,0,0,121,120,320,2,True,5,5,False,True,1,1,1,121,320,6,121,320,6,True,False,Phantom Dive,200,False
92567367,526.3,WIN,False,52,8,MAIN,22,RESOURCE_MANAGEMENT,PLAY_ITEM,1121,PLAY,2,0,121,120,320,2,True,5,5,True,True,1,1,2,121,320,6,121,320,6,True,False,Phantom Dive,200,False
92567367,526.3,WIN,False,53,8,DISCARD,6,RESOURCE_MANAGEMENT,,,CARD;CARD,0,0,121,120,320,2,True,5,5,False,True,1,1,2,121,320,6,121,320,6,True,False,Phantom Dive,200,False
92567367,526.3,WIN,False,54,8,TO_HAND,5,RESOURCE_MANAGEMENT,,,CARD,0,0,121,120,320,2,True,5,5,False,True,1,1,2,121,320,6,121,320,6,True,False,Phantom Dive,200,False
92567367,526.3,WIN,False,55,8,MAIN,19,RESOURCE_MANAGEMENT,PLAY_ITEM,1120,PLAY,2,0,121,120,320,2,True,5,5,True,True,1,1,2,121,320,6,121,320,6,True,False,Phantom Dive,200,False
92567367,526.3,WIN,False,56,8,MAIN,18,RESOURCE_MANAGEMENT,ABILITY,,ABILITY,2,0,121,120,320,2,True,5,5,True,True,1,1,2,121,320,6,121,320,6,True,False,Phantom Dive,200,False
92567367,526.3,WIN,False,57,8,TO_HAND,2,RESOURCE_MANAGEMENT,,,CARD,0,0,121,120,320,2,True,5,5,False,True,1,1,2,121,320,6,121,320,6,True,False,Phantom Dive,200,False
92567367,526.3,WIN,False,58,8,MAIN,17,ENERGY_MANAGEMENT,ATTACH_ENERGY,,ATTACH,2,0,121,120,320,2,True,5,5,True,True,1,1,2,121,320,6,121,320,6,True,False,Phantom Dive,200,False
92567367,526.3,WIN,False,59,8,MAIN,5,ATTACK_SELECTION,ATTACK,,ATTACK,2,1,121,120,320,2,True,5,5,True,True,1,1,2,121,320,6,121,120,6,True,False,Phantom Dive,200,False
92567367,526.3,WIN,False,60,8,DAMAGE_COUNTER_ANY,3,TARGET_SELECTION,,,CARD,0,0,121,120,320,2,True,5,5,False,True,1,1,2,121,120,6,121,120,6,True,False,Phantom Dive,200,False
92567367,526.3,WIN,False,61,8,DAMAGE_COUNTER_ANY,3,TARGET_SELECTION,,,CARD,0,0,121,120,320,2,True,5,5,False,True,1,1,2,121,120,6,121,120,6,True,False,Phantom Dive,200,False
92567367,526.3,WIN,False,62,8,DAMAGE_COUNTER_ANY,3,TARGET_SELECTION,,,CARD,0,0,121,120,320,2,True,5,5,False,True,1,1,2,121,120,6,121,120,6,True,False,Phantom Dive,200,False
92567367,526.3,WIN,False,63,8,DAMAGE_COUNTER_ANY,3,TARGET_SELECTION,,,CARD,0,0,121,120,320,2,True,5,5,False,True,1,1,2,121,120,6,121,120,6,True,False,Phantom Dive,200,False
92567367,526.3,WIN,False,64,8,DAMAGE_COUNTER_ANY,3,TARGET_SELECTION,,,CARD,0,0,121,120,320,2,True,5,5,False,True,1,1,2,121,120,6,121,120,6,True,False,Phantom Dive,200,False
92567367,526.3,WIN,False,65,8,DAMAGE_COUNTER_ANY,3,TARGET_SELECTION,,,,0,0,121,120,320,2,True,5,5,False,True,1,1,2,121,120,6,121,120,3,True,False,Phantom Dive,200,False
92567367,526.3,WIN,False,66,9,TO_ACTIVE,4,ACTIVE_POKEMON_SELECTION,,,CARD,0,0,,,,,False,4,5,False,True,,,1,121,120,3,121,120,3,,,,,True
92567367,526.3,WIN,False,67,10,MAIN,13,RESOURCE_MANAGEMENT,PLAY_POKEMON,1071,PLAY,1,0,121,270,320,2,True,3,5,True,True,1,1,0,121,120,3,121,120,3,False,False,Phantom Dive,200,False
92567367,526.3,WIN,False,68,10,ACTIVATE,2,RESOURCE_MANAGEMENT,,,YES,0,0,121,270,320,2,True,4,5,False,True,1,1,0,121,120,3,121,120,3,False,False,Phantom Dive,200,False
92567367,526.3,WIN,False,69,10,TO_HAND,8,RESOURCE_MANAGEMENT,,,CARD,0,0,121,270,320,2,True,4,5,False,True,1,1,0,121,120,3,121,120,3,False,False,Phantom Dive,200,False
92567367,526.3,WIN,False,70,10,MAIN,14,RESOURCE_MANAGEMENT,PLAY_ITEM,1152,PLAY,1,0,121,270,320,2,True,4,5,True,True,1,1,0,121,120,3,121,120,3,False,False,Phantom Dive,200,False
92567367,526.3,WIN,False,71,10,TO_HAND,1,RESOURCE_MANAGEMENT,,,CARD,0,0,121,270,320,2,True,4,5,False,True,1,1,0,121,120,3,121,120,3,False,False,Phantom Dive,200,False
92567367,526.3,WIN,False,72,10,MAIN,14,RESOURCE_MANAGEMENT,ABILITY,,ABILITY,1,0,121,270,320,2,True,4,5,True,True,1,1,0,121,120,3,121,120,3,False,False,Phantom Dive,200,False
92567367,526.3,WIN,False,73,10,MAIN,20,RESOURCE_MANAGEMENT,ABILITY,,ABILITY,1,0,121,270,320,2,True,4,5,True,True,1,1,0,121,120,3,121,120,3,False,False,Phantom Dive,200,False
92567367,526.3,WIN,False,74,10,TO_HAND,2,RESOURCE_MANAGEMENT,,,CARD,0,0,121,270,320,2,True,4,5,False,True,1,1,0,121,120,3,121,120,3,False,False,Phantom Dive,200,False
92567367,526.3,WIN,False,75,10,MAIN,20,RESOURCE_MANAGEMENT,PLAY_SUPPORTER,1198,PLAY,1,0,121,270,320,2,True,4,5,True,True,1,1,0,121,120,3,121,120,3,False,False,Phantom Dive,200,False
92567367,526.3,WIN,False,76,10,MAIN,18,BENCH_MANAGEMENT,EVOLVE,,EVOLVE,1,0,121,270,320,2,True,4,5,True,True,1,1,0,121,120,3,121,120,3,False,False,Phantom Dive,200,False
92567367,526.3,WIN,False,77,10,MAIN,17,RESOURCE_MANAGEMENT,ABILITY,,ABILITY,1,0,121,270,320,2,True,4,5,True,True,1,1,0,121,120,3,121,120,3,False,False,Phantom Dive,200,False
92567367,526.3,WIN,False,78,10,TO_HAND,2,RESOURCE_MANAGEMENT,,,CARD,0,0,121,270,320,2,True,4,5,False,True,1,1,0,121,120,3,121,120,3,False,False,Phantom Dive,200,False
92567367,526.3,WIN,False,79,10,MAIN,16,ENERGY_MANAGEMENT,ATTACH_ENERGY,,ATTACH,1,0,121,270,320,2,True,4,5,True,True,1,1,0,121,120,3,121,120,3,False,False,Phantom Dive,200,False
92567367,526.3,WIN,False,80,10,MAIN,7,RESOURCE_MANAGEMENT,PLAY_ITEM,1080,PLAY,2,0,121,270,320,2,True,4,5,True,True,1,1,0,121,120,3,121,120,3,False,False,Phantom Dive,200,False
92567367,526.3,WIN,False,81,10,MAIN,6,RESOURCE_MANAGEMENT,PLAY_ITEM,1120,PLAY,2,0,121,270,320,2,True,4,5,True,True,1,1,0,121,120,3,121,120,3,False,False,Phantom Dive,200,False
92567367,526.3,WIN,False,82,10,MAIN,5,ATTACK_SELECTION,ATTACK,,ATTACK,2,1,121,270,320,2,True,4,5,True,True,1,1,0,121,120,3,121,0,3,False,False,Phantom Dive,200,False
92567367,526.3,WIN,False,83,10,DAMAGE_COUNTER_ANY,3,TARGET_SELECTION,,,CARD,0,0,121,270,320,2,True,4,5,False,True,1,1,0,121,0,3,121,0,3,False,False,Phantom Dive,200,False
92567367,526.3,WIN,False,84,10,DAMAGE_COUNTER_ANY,3,TARGET_SELECTION,,,CARD,0,0,121,270,320,2,True,4,5,False,True,1,1,0,121,0,3,121,0,3,False,False,Phantom Dive,200,False
92567367,526.3,WIN,False,85,10,DAMAGE_COUNTER_ANY,3,TARGET_SELECTION,,,CARD,0,0,121,270,320,2,True,4,5,False,True,1,1,0,121,0,3,121,0,3,False,False,Phantom Dive,200,False
92567367,526.3,WIN,False,86,10,DAMAGE_COUNTER_ANY,3,TARGET_SELECTION,,,CARD,0,0,121,270,320,2,True,4,5,False,True,1,1,0,121,0,3,121,0,3,False,False,Phantom Dive,200,False
92567367,526.3,WIN,False,87,10,DAMAGE_COUNTER_ANY,3,TARGET_SELECTION,,,CARD,0,0,121,270,320,2,True,4,5,False,True,1,1,0,121,0,3,121,0,3,False,False,Phantom Dive,200,False
92567367,526.3,WIN,False,88,10,DAMAGE_COUNTER_ANY,3,TARGET_SELECTION,,,CARD,0,0,121,270,320,2,True,4,5,False,True,1,1,0,121,0,3,,,3,False,False,Phantom Dive,200,False
92567367,526.3,WIN,False,89,10,TO_HAND,5,RESOURCE_MANAGEMENT,,,,0,0,121,270,320,2,True,4,5,False,True,1,1,0,,,3,121,200,3,,,,,False
92567367,526.3,WIN,False,90,12,MAIN,8,RESOURCE_MANAGEMENT,ABILITY,,ABILITY,1,0,121,70,320,2,True,4,3,True,True,1,1,0,121,200,3,121,200,3,True,False,Phantom Dive,200,False
92567367,526.3,WIN,False,91,12,TO_HAND,2,RESOURCE_MANAGEMENT,,,CARD,0,0,121,70,320,2,True,4,3,False,True,1,1,0,121,200,3,121,200,3,True,False,Phantom Dive,200,False
92567367,526.3,WIN,False,92,12,MAIN,8,RESOURCE_MANAGEMENT,ABILITY,,ABILITY,1,0,121,70,320,2,True,4,3,True,True,1,1,0,121,200,3,121,200,3,True,False,Phantom Dive,200,False
92567367,526.3,WIN,False,93,12,TO_HAND,2,RESOURCE_MANAGEMENT,,,CARD,0,0,121,70,320,2,True,4,3,False,True,1,1,0,121,200,3,121,200,3,True,False,Phantom Dive,200,False
92567367,526.3,WIN,False,94,12,MAIN,8,RESOURCE_MANAGEMENT,PLAY_SUPPORTER,1198,PLAY,1,0,121,70,320,2,True,4,3,True,True,1,1,0,121,200,3,121,200,3,True,False,Phantom Dive,200,False
92567367,526.3,WIN,False,95,12,TO_HAND,1,RESOURCE_MANAGEMENT,,,CARD,0,0,121,70,320,2,True,4,3,False,True,1,1,0,121,200,3,121,200,3,True,False,Phantom Dive,200,False
92567367,526.3,WIN,False,96,12,MAIN,10,ENERGY_MANAGEMENT,ATTACH_ENERGY,,ATTACH,1,0,121,70,320,2,True,4,3,True,True,1,1,0,121,200,3,121,200,3,True,False,Phantom Dive,200,False
92567367,526.3,WIN,False,97,12,MAIN,6,ATTACK_SELECTION,ATTACK,,ATTACK,2,1,121,70,320,2,True,4,3,True,True,1,1,0,121,200,3,121,0,3,True,False,Phantom Dive,200,False
92567367,526.3,WIN,False,98,12,DAMAGE_COUNTER_ANY,3,TARGET_SELECTION,,,CARD,0,0,121,70,320,2,True,4,3,False,True,1,1,0,121,0,3,121,0,3,True,False,Phantom Dive,200,False
92567367,526.3,WIN,False,99,12,DAMAGE_COUNTER_ANY,3,TARGET_SELECTION,,,CARD,0,0,121,70,320,2,True,4,3,False,True,1,1,0,121,0,3,121,0,3,True,False,Phantom Dive,200,False
92567367,526.3,WIN,False,100,12,DAMAGE_COUNTER_ANY,3,TARGET_SELECTION,,,CARD,0,0,121,70,320,2,True,4,3,False,True,1,1,0,121,0,3,121,0,3,True,False,Phantom Dive,200,False
92567367,526.3,WIN,False,101,12,DAMAGE_COUNTER_ANY,3,TARGET_SELECTION,,,CARD,0,0,121,70,320,2,True,4,3,False,True,1,1,0,121,0,3,121,0,3,True,False,Phantom Dive,200,False
92567367,526.3,WIN,False,102,12,DAMAGE_COUNTER_ANY,3,TARGET_SELECTION,,,CARD,0,0,121,70,320,2,True,4,3,False,True,1,1,0,121,0,3,121,0,3,True,False,Phantom Dive,200,False
92567367,526.3,WIN,False,103,12,DAMAGE_COUNTER_ANY,3,TARGET_SELECTION,,,CARD,0,0,121,70,320,2,True,4,3,False,True,1,1,0,121,0,3,,,3,True,False,Phantom Dive,200,False
92567367,526.3,WIN,False,104,12,TO_HAND,3,RESOURCE_MANAGEMENT,,,CARD;CARD,0,0,121,70,320,2,True,4,3,False,True,1,1,0,,,3,,,3,,,,,False
92568100,927.9,WIN,True,0,,,0,UNKNOWN,,,,0,0,,,,,False,,,False,False,,,0,,,,,,,,,,,False
92568100,927.9,WIN,True,1,,,0,UNKNOWN,,,,0,0,,,,,False,,,False,False,,,0,,,,,,0,,,,,False
92568100,927.9,WIN,True,2,0,IS_FIRST,2,GOING_FIRST_SECOND,,,YES,0,0,,,,,False,0,0,False,False,,,0,,,0,,,0,,,,,False
92568100,927.9,WIN,True,3,0,SETUP_ACTIVE_POKEMON,1,EARLY_GAME_SETUP,,,,0,0,,,,,False,0,0,False,False,,,0,,,0,119,70,6,,,,,False
92568100,927.9,WIN,True,4,1,MAIN,4,RESOURCE_MANAGEMENT,PLAY_ITEM,1152,PLAY,0,0,1071,170,170,2,False,0,6,False,False,1,0,0,119,70,6,119,70,6,False,False,,,False
92568100,927.9,WIN,True,5,1,TO_HAND,8,RESOURCE_MANAGEMENT,,,CARD,0,0,1071,170,170,2,False,0,6,False,False,1,0,0,119,70,6,119,70,6,False,False,,,False
92568100,927.9,WIN,True,6,1,MAIN,4,RESOURCE_MANAGEMENT,PLAY_POKEMON,119,PLAY,0,0,1071,170,170,2,False,0,6,False,False,1,0,0,119,70,6,119,70,6,False,False,,,False
92568100,927.9,WIN,True,7,1,MAIN,5,ENERGY_MANAGEMENT,ATTACH_ENERGY,,ATTACH,0,0,1071,170,170,2,False,1,6,False,True,1,0,0,119,70,6,119,70,6,False,False,,,False
92568100,927.9,WIN,True,8,1,MAIN,1,TIMING,,,,0,0,1071,170,170,2,False,1,6,False,True,1,0,0,119,70,6,119,70,6,False,False,,,False
92568100,927.9,WIN,True,9,3,MAIN,9,BENCH_MANAGEMENT,EVOLVE,,EVOLVE,0,0,119,70,70,1,False,1,6,False,True,1,0,0,119,70,6,119,70,6,False,False,,,True
92568100,927.9,WIN,True,10,3,MAIN,9,RESOURCE_MANAGEMENT,ABILITY,,ABILITY,0,0,120,90,90,1,False,1,6,False,True,1,0,0,119,70,6,119,70,6,False,False,,,True
92568100,927.9,WIN,True,11,3,TO_HAND,2,RESOURCE_MANAGEMENT,,,CARD,0,0,120,90,90,1,False,1,6,False,True,1,0,0,119,70,6,119,70,6,False,False,,,False
92568100,927.9,WIN,True,12,3,MAIN,9,ENERGY_MANAGEMENT,ATTACH_ENERGY,,ATTACH,0,0,120,90,90,1,False,1,6,False,True,1,0,0,119,70,6,119,70,6,False,False,,,False
92568100,927.9,WIN,True,13,3,MAIN,6,RESOURCE_MANAGEMENT,PLAY_SUPPORTER,1227,PLAY,0,0,120,90,90,1,False,1,6,True,True,1,1,0,119,70,6,119,70,6,False,False,,,False
92568100,927.9,WIN,True,14,3,MAIN,7,ENERGY_MANAGEMENT,ATTACH_ENERGY,,ATTACH,0,0,120,90,90,1,False,1,6,True,True,1,1,0,119,70,6,119,70,6,False,False,,,False
92568100,927.9,WIN,True,15,3,MAIN,5,RESOURCE_MANAGEMENT,PLAY_ITEM,1086,PLAY,0,0,120,90,90,1,False,1,6,True,True,1,1,0,119,70,6,119,70,6,False,False,,,False
92568100,927.9,WIN,True,16,3,TO_BENCH,4,BENCH_MANAGEMENT,,,CARD;CARD,0,0,120,90,90,1,False,1,6,False,True,1,1,0,119,70,6,119,70,6,False,False,,,False
92568100,927.9,WIN,True,17,3,MAIN,4,RESOURCE_MANAGEMENT,PLAY_ITEM,1086,PLAY,0,0,120,90,90,1,False,3,6,True,True,1,1,0,119,70,6,119,70,6,False,False,,,False
92568100,927.9,WIN,True,18,3,TO_BENCH,2,BENCH_MANAGEMENT,,,CARD,0,0,120,90,90,1,False,3,6,False,True,1,1,0,119,70,6,119,70,6,False,False,,,False
92568100,927.9,WIN,True,19,3,MAIN,3,TIMING,,,,0,0,120,90,90,1,False,4,6,True,True,1,1,0,119,70,6,235,30,6,False,False,,,False
92568100,927.9,WIN,True,20,5,MAIN,18,RESOURCE_MANAGEMENT,ABILITY,,ABILITY,0,0,120,80,90,1,True,4,6,True,True,1,1,0,235,30,6,235,30,6,False,False,Itchy Pollen,10,False
92568100,927.9,WIN,True,21,5,TO_HAND,2,RESOURCE_MANAGEMENT,,,CARD,0,0,120,80,90,1,True,4,6,False,True,1,1,0,235,30,6,235,30,6,False,False,Itchy Pollen,10,False
92568100,927.9,WIN,True,22,5,MAIN,18,RESOURCE_MANAGEMENT,PLAY_SUPPORTER,1198,PLAY,0,0,120,80,90,1,True,4,6,True,True,1,1,0,235,30,6,235,30,6,False,False,Itchy Pollen,10,False
92568100,927.9,WIN,True,23,5,TO_HAND,4,RESOURCE_MANAGEMENT,,,CARD,0,0,120,80,90,1,True,4,6,False,True,1,1,0,235,30,6,235,30,6,False,False,Itchy Pollen,10,False
92568100,927.9,WIN,True,24,5,ATTACH_TO,3,ENERGY_MANAGEMENT,,,CARD,0,0,120,80,90,1,True,4,6,False,True,1,1,0,235,30,6,235,30,6,False,False,Itchy Pollen,10,False
92568100,927.9,WIN,True,25,5,ATTACH_FROM,5,ENERGY_MANAGEMENT,,,CARD,0,0,120,80,90,1,True,4,6,False,True,1,1,0,235,30,6,235,30,6,False,False,Itchy Pollen,10,False
92568100,927.9,WIN,True,26,5,MAIN,21,BENCH_MANAGEMENT,EVOLVE,,EVOLVE,0,0,120,80,90,1,True,4,6,True,True,1,1,1,235,30,6,235,30,6,False,False,Itchy Pollen,10,False
92568100,927.9,WIN,True,27,5,MAIN,19,RESOURCE_MANAGEMENT,ABILITY,,ABILITY,0,0,120,80,90,1,True,4,6,True,True,1,1,0,235,30,6,235,30,6,False,False,Itchy Pollen,10,False
92568100,927.9,WIN,True,28,5,TO_HAND,2,RESOURCE_MANAGEMENT,,,CARD,0,0,120,80,90,1,True,4,6,False,True,1,1,0,235,30,6,235,30,6,False,False,Itchy Pollen,10,False
92568100,927.9,WIN,True,29,5,MAIN,20,BENCH_MANAGEMENT,EVOLVE,,EVOLVE,0,0,120,80,90,1,True,4,6,True,True,1,1,0,235,30,6,235,30,6,False,False,Itchy Pollen,10,False
92568100,927.9,WIN,True,30,5,MAIN,19,RESOURCE_MANAGEMENT,ABILITY,,ABILITY,0,0,120,80,90,1,True,4,6,True,True,1,1,0,235,30,6,235,30,6,False,False,Itchy Pollen,10,False
92568100,927.9,WIN,True,31,5,TO_HAND,2,RESOURCE_MANAGEMENT,,,CARD,0,0,120,80,90,1,True,4,6,False,True,1,1,0,235,30,6,235,30,6,False,False,Itchy Pollen,10,False
92568100,927.9,WIN,True,32,5,MAIN,18,ENERGY_MANAGEMENT,ATTACH_ENERGY,,ATTACH,0,0,120,80,90,1,True,4,6,True,True,1,1,0,235,30,6,235,30,6,False,False,Itchy Pollen,10,False
92568100,927.9,WIN,True,33,5,MAIN,3,TIMING,,,,0,0,120,80,90,1,True,4,6,True,True,1,1,1,235,30,6,235,30,6,False,False,Itchy Pollen,10,False
92568100,927.9,WIN,True,34,7,MAIN,19,RESOURCE_MANAGEMENT,ABILITY,,ABILITY,0,0,120,70,90,1,True,4,6,True,True,1,1,1,235,30,6,235,30,6,False,False,Itchy Pollen,10,False
92568100,927.9,WIN,True,35,7,TO_HAND,2,RESOURCE_MANAGEMENT,,,CARD,0,0,120,70,90,1,True,4,6,False,True,1,1,1,235,30,6,235,30,6,False,False,Itchy Pollen,10,False
92568100,927.9,WIN,True,36,7,MAIN,18,RESOURCE_MANAGEMENT,ABILITY,,ABILITY,0,0,120,70,90,1,True,4,6,True,True,1,1,1,235,30,6,235,30,6,False,False,Itchy Pollen,10,False
92568100,927.9,WIN,True,37,7,TO_HAND,2,RESOURCE_MANAGEMENT,,,CARD,0,0,120,70,90,1,True,4,6,False,True,1,1,1,235,30,6,235,30,6,False,False,Itchy Pollen,10,False
92568100,927.9,WIN,True,38,7,MAIN,20,BENCH_MANAGEMENT,EVOLVE,,EVOLVE,0,0,120,70,90,1,True,4,6,True,True,1,1,1,235,30,6,235,30,6,False,False,Itchy Pollen,10,False
92568100,927.9,WIN,True,39,7,MAIN,18,RESOURCE_MANAGEMENT,ABILITY,,ABILITY,1,0,121,300,320,2,True,4,6,True,True,1,1,1,235,30,6,235,30,6,False,False,Itchy Pollen,10,True
92568100,927.9,WIN,True,40,7,TO_HAND,2,RESOURCE_MANAGEMENT,,,CARD,0,0,121,300,320,2,True,4,6,False,True,1,1,1,235,30,6,235,30,6,False,False,Itchy Pollen,10,False
92568100,927.9,WIN,True,41,7,MAIN,18,RESOURCE_MANAGEMENT,PLAY_SUPPORTER,1198,PLAY,1,0,121,300,320,2,True,4,6,True,True,1,1,1,235,30,6,235,30,6,False,False,Itchy Pollen,10,False
92568100,927.9,WIN,True,42,7,TO_HAND,2,RESOURCE_MANAGEMENT,,,CARD,0,0,121,300,320,2,True,4,6,False,True,1,1,1,235,30,6,235,30,6,False,False,Itchy Pollen,10,False
92568100,927.9,WIN,True,43,7,MAIN,19,ENERGY_MANAGEMENT,ATTACH_ENERGY,,ATTACH,1,0,121,300,320,2,True,4,6,True,True,1,1,1,235,30,6,235,30,6,False,False,Itchy Pollen,10,False
92568100,927.9,WIN,True,44,7,MAIN,5,ATTACK_SELECTION,ATTACK,,ATTACK,2,1,121,300,320,2,True,4,6,True,True,1,1,1,235,30,6,235,0,6,False,False,Itchy Pollen,10,False
92568100,927.9,WIN,True,45,7,DAMAGE_COUNTER_ANY,5,TARGET_SELECTION,,,CARD,0,0,121,300,320,2,True,4,6,False,True,1,1,1,235,0,6,235,0,6,False,False,Itchy Pollen,10,False
92568100,927.9,WIN,True,46,7,DAMAGE_COUNTER_ANY,5,TARGET_SELECTION,,,CARD,0,0,121,300,320,2,True,4,6,False,True,1,1,1,235,0,6,235,0,6,False,False,Itchy Pollen,10,False
92568100,927.9,WIN,True,47,7,DAMAGE_COUNTER_ANY,5,TARGET_SELECTION,,,CARD,0,0,121,300,320,2,True,4,6,False,True,1,1,1,235,0,6,235,0,6,False,False,Itchy Pollen,10,False
92568100,927.9,WIN,True,48,7,DAMAGE_COUNTER_ANY,5,TARGET_SELECTION,,,CARD,0,0,121,300,320,2,True,4,6,False,True,1,1,1,235,0,6,235,0,6,False,False,Itchy Pollen,10,False
92568100,927.9,WIN,True,49,7,DAMAGE_COUNTER_ANY,5,TARGET_SELECTION,,,CARD,0,0,121,300,320,2,True,4,6,False,True,1,1,1,235,0,6,235,0,6,False,False,Itchy Pollen,10,False
92568100,927.9,WIN,True,50,7,DAMAGE_COUNTER_ANY,5,TARGET_SELECTION,,,CARD,0,0,121,300,320,2,True,4,6,False,True,1,1,1,235,0,6,,,6,False,False,Itchy Pollen,10,False
92568100,927.9,WIN,True,51,7,TO_HAND,6,RESOURCE_MANAGEMENT,,,,0,0,121,300,320,2,True,4,6,False,True,1,1,1,,,6,121,300,5,,,,,False
92568100,927.9,WIN,True,52,9,MAIN,23,BENCH_MANAGEMENT,EVOLVE,,EVOLVE,2,0,121,100,320,2,True,3,5,True,True,1,1,1,121,300,5,121,300,5,True,False,Phantom Dive,200,False
92568100,927.9,WIN,True,53,9,MAIN,21,RESOURCE_MANAGEMENT,PLAY_POKEMON,140,PLAY,2,0,121,100,320,2,True,3,5,True,True,1,1,1,121,300,5,121,300,5,True,False,Phantom Dive,200,False
92568100,927.9,WIN,True,54,9,MAIN,23,RESOURCE_MANAGEMENT,PLAY_ITEM,1152,PLAY,2,0,121,100,320,2,True,4,5,True,True,1,1,1,121,300,5,121,300,5,True,False,Phantom Dive,200,False
92568100,927.9,WIN,True,55,9,TO_HAND,2,RESOURCE_MANAGEMENT,,,CARD,0,0,121,100,320,2,True,4,5,False,True,1,1,1,121,300,5,121,300,5,True,False,Phantom Dive,200,False
92568100,927.9,WIN,True,56,9,MAIN,23,RESOURCE_MANAGEMENT,PLAY_ITEM,1097,PLAY,2,0,121,100,320,2,True,4,5,True,True,1,1,1,121,300,5,121,300,5,True,False,Phantom Dive,200,False
92568100,927.9,WIN,True,57,9,TO_HAND,4,RESOURCE_MANAGEMENT,,,CARD,0,0,121,100,320,2,True,4,5,False,True,1,1,1,121,300,5,121,300,5,True,False,Phantom Dive,200,False
92568100,927.9,WIN,True,58,9,MAIN,27,RESOURCE_MANAGEMENT,PLAY_ITEM,1120,PLAY,2,0,121,100,320,2,True,4,5,True,True,1,1,1,121,300,5,121,300,5,True,False,Phantom Dive,200,False
92568100,927.9,WIN,True,59,9,DISCARD_ENERGY,3,ENERGY_MANAGEMENT,,,ENERGY,0,0,121,100,320,2,True,4,5,False,True,1,1,1,121,300,5,121,300,5,True,False,Phantom Dive,200,False
92568100,927.9,WIN,True,60,9,MAIN,26,RESOURCE_MANAGEMENT,ABILITY,,ABILITY,2,0,121,100,320,2,True,4,5,True,True,1,1,1,121,300,5,121,300,5,True,False,Phantom Dive,200,False
92568100,927.9,WIN,True,61,9,MAIN,28,RESOURCE_MANAGEMENT,PLAY_ITEM,1121,PLAY,2,0,121,100,320,2,True,4,5,True,True,1,1,1,121,300,5,121,300,5,True,False,Phantom Dive,200,False
92568100,927.9,WIN,True,62,9,DISCARD,11,RESOURCE_MANAGEMENT,,,CARD;CARD,0,0,121,100,320,2,True,4,5,False,True,1,1,1,121,300,5,121,300,5,True,False,Phantom Dive,200,False
92568100,927.9,WIN,True,63,9,TO_HAND,1,RESOURCE_MANAGEMENT,,,CARD,0,0,121,100,320,2,True,4,5,False,True,1,1,1,121,300,5,121,300,5,True,False,Phantom Dive,200,False
92568100,927.9,WIN,True,64,9,MAIN,26,RESOURCE_MANAGEMENT,PLAY_SUPPORTER,1182,PLAY,2,0,121,100,320,2,True,4,5,True,True,1,1,1,121,300,5,121,300,5,True,False,Phantom Dive,200,False
92568100,927.9,WIN,True,65,9,SWITCH,5,ACTIVE_POKEMON_SELECTION,,,CARD,0,0,121,100,320,2,True,4,5,False,True,1,1,1,121,300,5,140,200,5,True,False,Phantom Dive,200,False
92568100,927.9,WIN,True,66,9,MAIN,21,BENCH_MANAGEMENT,EVOLVE,,EVOLVE,2,0,121,100,320,2,True,4,5,True,True,1,1,1,140,200,5,140,200,5,False,False,,,False
92568100,927.9,WIN,True,67,9,MAIN,21,RESOURCE_MANAGEMENT,ABILITY,,ABILITY,2,0,121,100,320,2,True,4,5,True,True,1,1,0,140,200,5,140,200,5,False,False,,,False
92568100,927.9,WIN,True,68,9,TO_HAND,2,RESOURCE_MANAGEMENT,,,CARD,0,0,121,100,320,2,True,4,5,False,True,1,1,0,140,200,5,140,200,5,False,False,,,False
92568100,927.9,WIN,True,69,9,MAIN,21,ENERGY_MANAGEMENT,ATTACH_ENERGY,,ATTACH,2,0,121,100,320,2,True,4,5,True,True,1,1,0,140,200,5,140,200,5,False,False,,,False
92568100,927.9,WIN,True,70,9,MAIN,6,ATTACK_SELECTION,ATTACK,,ATTACK,2,1,121,100,320,2,True,4,5,True,True,1,1,1,140,200,5,140,0,5,False,False,,,False
92568100,927.9,WIN,True,71,9,DAMAGE_COUNTER_ANY,5,TARGET_SELECTION,,,CARD,0,0,121,100,320,2,True,4,5,False,True,1,1,1,140,0,5,140,0,5,False,False,,,False
92568100,927.9,WIN,True,72,9,DAMAGE_COUNTER_ANY,5,TARGET_SELECTION,,,CARD,0,0,121,100,320,2,True,4,5,False,True,1,1,1,140,0,5,140,0,5,False,False,,,False
92568100,927.9,WIN,True,73,9,DAMAGE_COUNTER_ANY,5,TARGET_SELECTION,,,CARD,0,0,121,100,320,2,True,4,5,False,True,1,1,1,140,0,5,140,0,5,False,False,,,False
92568100,927.9,WIN,True,74,9,DAMAGE_COUNTER_ANY,5,TARGET_SELECTION,,,CARD,0,0,121,100,320,2,True,4,5,False,True,1,1,1,140,0,5,140,0,5,False,False,,,False
92568100,927.9,WIN,True,75,9,DAMAGE_COUNTER_ANY,5,TARGET_SELECTION,,,CARD,0,0,121,100,320,2,True,4,5,False,True,1,1,1,140,0,5,140,0,5,False,False,,,False
92568100,927.9,WIN,True,76,9,DAMAGE_COUNTER_ANY,5,TARGET_SELECTION,,,CARD,0,0,121,100,320,2,True,4,5,False,True,1,1,1,140,0,5,,,5,False,False,,,False
92568100,927.9,WIN,True,77,9,TO_HAND,5,RESOURCE_MANAGEMENT,,,,0,0,121,100,320,2,True,4,5,False,True,1,1,1,,,5,121,300,5,,,,,False
92568100,927.9,WIN,True,78,11,MAIN,8,RESOURCE_MANAGEMENT,ABILITY,,ABILITY,0,0,140,10,210,2,True,4,3,False,True,1,0,2,121,300,5,121,300,5,True,False,Phantom Dive,200,True
92568100,927.9,WIN,True,79,11,TO_HAND,2,RESOURCE_MANAGEMENT,,,CARD,0,0,140,10,210,2,True,4,3,False,True,1,0,2,121,300,5,121,300,5,True,False,Phantom Dive,200,False
92568100,927.9,WIN,True,80,11,MAIN,8,ENERGY_MANAGEMENT,ATTACH_ENERGY,,ATTACH,0,0,140,10,210,2,True,4,3,False,True,1,0,2,121,300,5,121,300,5,True,False,Phantom Dive,200,False
92568100,927.9,WIN,True,81,11,MAIN,4,RESOURCE_MANAGEMENT,PLAY_SUPPORTER,1227,PLAY,0,0,140,10,210,2,True,4,3,True,True,1,1,2,121,300,5,121,300,5,True,False,Phantom Dive,200,False
92568100,927.9,WIN,True,82,11,MAIN,3,RETREAT_SELECTION,RETREAT,,RETREAT,0,0,140,10,210,2,True,4,3,True,True,1,1,2,121,300,5,121,300,5,True,False,Phantom Dive,200,False
92568100,927.9,WIN,True,83,11,DISCARD_ENERGY,1,ENERGY_MANAGEMENT,,,ENERGY,0,0,140,10,210,2,True,4,3,False,True,1,1,2,121,300,5,121,300,5,True,False,Phantom Dive,200,False
92568100,927.9,WIN,True,84,11,SWITCH,4,ACTIVE_POKEMON_SELECTION,,,CARD,0,0,140,10,210,2,True,4,3,False,True,1,0,2,121,300,5,121,300,5,True,False,Phantom Dive,200,False
92568100,927.9,WIN,True,85,11,MAIN,4,ATTACK_SELECTION,ATTACK,,ATTACK,2,1,121,40,320,2,True,4,3,False,True,1,1,1,121,300,5,121,100,5,True,False,Phantom Dive,200,True
92568100,927.9,WIN,True,86,11,DAMAGE_COUNTER_ANY,5,TARGET_SELECTION,,,CARD,0,0,121,40,320,2,True,4,3,False,True,1,1,1,121,100,5,121,100,5,True,False,Phantom Dive,200,False
92568100,927.9,WIN,True,87,11,DAMAGE_COUNTER_ANY,5,TARGET_SELECTION,,,CARD,0,0,121,40,320,2,True,4,3,False,True,1,1,1,121,100,5,121,100,5,True,False,Phantom Dive,200,False
92568100,927.9,WIN,True,88,11,DAMAGE_COUNTER_ANY,5,TARGET_SELECTION,,,CARD,0,0,121,40,320,2,True,4,3,False,True,1,1,1,121,100,5,121,100,5,True,False,Phantom Dive,200,False
92568100,927.9,WIN,True,89,11,DAMAGE_COUNTER_ANY,5,TARGET_SELECTION,,,CARD,0,0,121,40,320,2,True,4,3,False,True,1,1,1,121,100,5,121,100,5,True,False,Phantom Dive,200,False
92568100,927.9,WIN,True,90,11,DAMAGE_COUNTER_ANY,5,TARGET_SELECTION,,,CARD,0,0,121,40,320,2,True,4,3,False,True,1,1,1,121,100,5,121,100,5,True,False,Phantom Dive,200,False
92568100,927.9,WIN,True,91,11,DAMAGE_COUNTER_ANY,5,TARGET_SELECTION,,,CARD,0,0,121,40,320,2,True,4,3,False,True,1,1,1,121,100,5,121,100,5,True,False,Phantom Dive,200,False
92568100,927.9,WIN,True,92,11,TO_HAND,3,RESOURCE_MANAGEMENT,,,,0,0,121,40,320,2,True,4,3,False,True,1,1,1,121,100,5,121,100,1,True,False,Phantom Dive,200,False
92568100,927.9,WIN,True,93,12,TO_ACTIVE,3,ACTIVE_POKEMON_SELECTION,,,CARD,0,0,,,,,False,3,2,False,True,,,1,121,100,1,121,100,1,,,,,True
92568100,927.9,WIN,True,94,13,MAIN,13,RESOURCE_MANAGEMENT,PLAY_ITEM,1121,PLAY,1,0,121,320,320,2,False,2,2,True,True,1,1,0,121,100,1,121,100,1,False,False,Phantom Dive,200,False
92568100,927.9,WIN,True,95,13,DISCARD,9,RESOURCE_MANAGEMENT,,,CARD;CARD,0,0,121,320,320,2,False,2,2,False,True,1,1,0,121,100,1,121,100,1,False,False,Phantom Dive,200,False
92568100,927.9,WIN,True,96,13,TO_HAND,1,RESOURCE_MANAGEMENT,,,CARD,0,0,121,320,320,2,False,2,2,False,True,1,1,0,121,100,1,121,100,1,False,False,Phantom Dive,200,False
92568100,927.9,WIN,True,97,13,MAIN,11,RESOURCE_MANAGEMENT,PLAY_ITEM,1120,PLAY,1,0,121,320,320,2,False,2,2,True,True,1,1,0,121,100,1,121,100,1,False,False,Phantom Dive,200,False
92568100,927.9,WIN,True,98,13,DISCARD_ENERGY,2,ENERGY_MANAGEMENT,,,ENERGY,0,0,121,320,320,2,False,2,2,False,True,1,1,0,121,100,1,121,100,1,False,False,Phantom Dive,200,False
92568100,927.9,WIN,True,99,13,MAIN,10,RESOURCE_MANAGEMENT,ABILITY,,ABILITY,1,0,121,320,320,2,False,2,2,True,True,1,1,0,121,100,1,121,100,1,False,False,Jet Headbutt,70,False
92568100,927.9,WIN,True,100,13,TO_HAND,2,RESOURCE_MANAGEMENT,,,CARD,0,0,121,320,320,2,False,2,2,False,True,1,1,0,121,100,1,121,100,1,False,False,Jet Headbutt,70,False
92568100,927.9,WIN,True,101,13,MAIN,10,RESOURCE_MANAGEMENT,PLAY_ITEM,1121,PLAY,1,0,121,320,320,2,False,2,2,True,True,1,1,0,121,100,1,121,100,1,False,False,Jet Headbutt,70,False
92568100,927.9,WIN,True,102,13,DISCARD,7,RESOURCE_MANAGEMENT,,,CARD;CARD,0,0,121,320,320,2,False,2,2,False,True,1,1,0,121,100,1,121,100,1,False,False,Jet Headbutt,70,False
92568100,927.9,WIN,True,103,13,MAIN,7,RESOURCE_MANAGEMENT,PLAY_SUPPORTER,1198,PLAY,1,0,121,320,320,2,False,2,2,True,True,1,1,0,121,100,1,121,100,1,False,False,Jet Headbutt,70,False
92568100,927.9,WIN,True,104,13,TO_HAND,2,RESOURCE_MANAGEMENT,,,CARD,0,0,121,320,320,2,False,2,2,False,True,1,1,0,121,100,1,121,100,1,False,False,Jet Headbutt,70,False
92568100,927.9,WIN,True,105,13,ATTACH_TO,1,ENERGY_MANAGEMENT,,,CARD,0,0,121,320,320,2,False,2,2,False,True,1,1,0,121,100,1,121,100,1,False,False,Jet Headbutt,70,False
92568100,927.9,WIN,True,106,13,ATTACH_FROM,3,ENERGY_MANAGEMENT,,,CARD,0,0,121,320,320,2,False,2,2,False,True,1,1,0,121,100,1,121,100,1,False,False,Jet Headbutt,70,False
92568100,927.9,WIN,True,107,13,MAIN,8,ENERGY_MANAGEMENT,ATTACH_ENERGY,,ATTACH,2,0,121,320,320,2,False,2,2,True,True,1,1,0,121,100,1,121,100,1,False,False,Jet Headbutt,70,False
92568100,927.9,WIN,True,108,13,MAIN,5,RESOURCE_MANAGEMENT,PLAY_ITEM,1080,PLAY,2,0,121,320,320,2,False,2,2,True,True,1,1,1,121,100,1,121,100,1,False,False,Jet Headbutt,70,False
92568100,927.9,WIN,True,109,13,MAIN,5,RESOURCE_MANAGEMENT,PLAY_ITEM,1120,PLAY,2,0,121,320,320,2,False,2,2,True,True,1,1,1,121,100,1,121,100,1,False,False,Jet Headbutt,70,False
92568100,927.9,WIN,True,110,13,MAIN,4,ATTACK_SELECTION,ATTACK,,ATTACK,2,1,121,320,320,2,False,2,2,True,True,1,1,1,121,100,1,121,0,1,False,False,Jet Headbutt,70,False
92568100,927.9,WIN,True,111,13,DAMAGE_COUNTER_ANY,4,TARGET_SELECTION,,,CARD,0,0,121,320,320,2,False,2,2,False,True,1,1,1,121,0,1,121,0,1,False,False,Jet Headbutt,70,False
92568100,927.9,WIN,True,112,13,DAMAGE_COUNTER_ANY,4,TARGET_SELECTION,,,CARD,0,0,121,320,320,2,False,2,2,False,True,1,1,1,121,0,1,121,0,1,False,False,Jet Headbutt,70,False
92568100,927.9,WIN,True,113,13,DAMAGE_COUNTER_ANY,4,TARGET_SELECTION,,,CARD,0,0,121,320,320,2,False,2,2,False,True,1,1,1,121,0,1,121,0,1,False,False,Jet Headbutt,70,False
92568100,927.9,WIN,True,114,13,DAMAGE_COUNTER_ANY,4,TARGET_SELECTION,,,CARD,0,0,121,320,320,2,False,2,2,False,True,1,1,1,121,0,1,121,0,1,False,False,Jet Headbutt,70,False
92568100,927.9,WIN,True,115,13,DAMAGE_COUNTER_ANY,4,TARGET_SELECTION,,,CARD,0,0,121,320,320,2,False,2,2,False,True,1,1,1,121,0,1,121,0,1,False,False,Jet Headbutt,70,False
92568100,927.9,WIN,True,116,13,DAMAGE_COUNTER_ANY,4,TARGET_SELECTION,,,CARD,0,0,121,320,320,2,False,2,2,False,True,1,1,1,121,0,1,,,1,False,False,Jet Headbutt,70,False
92568309,678.1,WIN,True,0,,,0,UNKNOWN,,,,0,0,,,,,False,,,False,False,,,0,,,,,,,,,,,False
92568309,678.1,WIN,True,1,,,0,UNKNOWN,,,,0,0,,,,,False,,,False,False,,,0,,,,,,0,,,,,False
92568309,678.1,WIN,True,2,0,IS_FIRST,2,GOING_FIRST_SECOND,,,YES,0,0,,,,,False,0,0,False,False,,,0,,,0,,,0,,,,,False
92568309,678.1,WIN,True,3,0,SETUP_ACTIVE_POKEMON,1,EARLY_GAME_SETUP,,,,0,0,,,,,False,0,0,False,False,,,0,,,0,676,110,6,,,,,False
92568309,678.1,WIN,True,4,1,MAIN,3,RESOURCE_MANAGEMENT,PLAY_ITEM,1086,PLAY,0,0,1071,170,170,2,False,0,6,False,False,1,0,0,676,110,6,676,110,6,False,False,,,False
92568309,678.1,WIN,True,5,1,TO_BENCH,6,BENCH_MANAGEMENT,,,CARD;CARD,0,0,1071,170,170,2,False,0,6,False,False,1,0,0,676,110,6,676,110,6,False,False,,,False
92568309,678.1,WIN,True,6,1,MAIN,4,ENERGY_MANAGEMENT,ATTACH_ENERGY,,ATTACH,0,0,1071,170,170,2,False,2,6,False,True,1,0,0,676,110,6,676,110,6,False,False,,,False
92568309,678.1,WIN,True,7,1,MAIN,1,TIMING,,,,0,0,1071,170,170,2,False,2,6,False,True,1,0,0,676,110,6,676,110,6,False,False,,,False
92568309,678.1,WIN,True,8,3,MAIN,4,RESOURCE_MANAGEMENT,PLAY_POKEMON,235,PLAY,0,0,1071,170,170,2,False,2,6,False,True,1,0,0,676,110,6,676,110,6,False,False,Cosmic Beam,70,False
92568309,678.1,WIN,True,9,3,MAIN,3,RESOURCE_MANAGEMENT,PLAY_SUPPORTER,1227,PLAY,0,0,1071,170,170,2,False,3,6,False,True,1,0,1,676,110,6,676,110,6,False,False,Cosmic Beam,70,False
92568309,678.1,WIN,True,10,3,MAIN,9,RESOURCE_MANAGEMENT,PLAY_ITEM,1152,PLAY,0,0,1071,170,170,2,False,3,6,False,True,1,0,1,676,110,6,676,110,6,False,False,Cosmic Beam,70,False
92568309,678.1,WIN,True,11,3,TO_HAND,6,RESOURCE_MANAGEMENT,,,CARD,0,0,1071,170,170,2,False,3,6,False,True,1,0,1,676,110,6,676,110,6,False,False,Cosmic Beam,70,False
92568309,678.1,WIN,True,12,3,MAIN,10,RESOURCE_MANAGEMENT,PLAY_ITEM,1120,PLAY,0,0,1071,170,170,2,False,3,6,False,True,1,0,1,676,110,6,676,110,6,False,False,Cosmic Beam,70,False
92568309,678.1,WIN,True,13,3,MAIN,9,RESOURCE_MANAGEMENT,PLAY_ITEM,1120,PLAY,0,0,1071,170,170,2,False,3,6,False,True,1,0,1,676,110,6,676,110,6,False,False,Cosmic Beam,70,False
92568309,678.1,WIN,True,14,3,MAIN,8,BENCH_MANAGEMENT,EVOLVE,,EVOLVE,0,0,1071,170,170,2,False,3,6,False,True,1,0,1,676,110,6,676,110,6,False,False,Cosmic Beam,70,False
92568309,678.1,WIN,True,15,3,MAIN,7,RESOURCE_MANAGEMENT,ABILITY,,ABILITY,0,0,1071,170,170,2,False,3,6,False,True,1,0,1,676,110,6,676,110,6,False,False,Cosmic Beam,70,False
92568309,678.1,WIN,True,16,3,TO_HAND,2,RESOURCE_MANAGEMENT,,,CARD,0,0,1071,170,170,2,False,3,6,False,True,1,0,1,676,110,6,676,110,6,False,False,Cosmic Beam,70,False
92568309,678.1,WIN,True,17,3,MAIN,7,BENCH_MANAGEMENT,EVOLVE,,EVOLVE,0,0,1071,170,170,2,False,3,6,False,True,1,0,1,676,110,6,676,110,6,False,False,Cosmic Beam,70,False
92568309,678.1,WIN,True,18,3,MAIN,7,RESOURCE_MANAGEMENT,ABILITY,,ABILITY,0,0,1071,170,170,2,False,3,6,False,True,1,0,1,676,110,6,676,110,6,False,False,Cosmic Beam,70,False
92568309,678.1,WIN,True,19,3,TO_HAND,2,RESOURCE_MANAGEMENT,,,CARD,0,0,1071,170,170,2,False,3,6,False,True,1,0,1,676,110,6,676,110,6,False,False,Cosmic Beam,70,False
92568309,678.1,WIN,True,20,3,MAIN,6,ENERGY_MANAGEMENT,ATTACH_ENERGY,,ATTACH,0,0,1071,170,170,2,False,3,6,False,True,1,0,1,676,110,6,676,110,6,False,False,Cosmic Beam,70,False
92568309,678.1,WIN,True,21,3,MAIN,3,RETREAT_SELECTION,RETREAT,,RETREAT,0,0,1071,170,170,2,False,3,6,True,True,1,1,1,676,110,6,676,110,6,False,False,Cosmic Beam,70,False
92568309,678.1,WIN,True,22,3,DISCARD_ENERGY,1,ENERGY_MANAGEMENT,,,ENERGY,0,0,1071,170,170,2,False,3,6,False,True,1,1,1,676,110,6,676,110,6,False,False,Cosmic Beam,70,False
92568309,678.1,WIN,True,23,3,SWITCH,3,ACTIVE_POKEMON_SELECTION,,,CARD,0,0,1071,170,170,2,False,3,6,False,True,1,0,1,676,110,6,676,110,6,False,False,Cosmic Beam,70,False
92568309,678.1,WIN,True,24,3,MAIN,4,TIMING,,,,1,0,235,30,30,1,False,3,6,False,True,0,0,0,676,110,6,676,90,6,True,False,Cosmic Beam,70,True
92568309,678.1,WIN,True,25,5,MAIN,9,RESOURCE_MANAGEMENT,ABILITY,,ABILITY,0,0,120,90,90,1,False,3,6,True,True,1,1,1,676,90,6,676,90,6,False,False,Cosmic Beam,70,True
92568309,678.1,WIN,True,26,5,TO_HAND,2,RESOURCE_MANAGEMENT,,,CARD,0,0,120,90,90,1,False,3,6,False,True,1,1,1,676,90,6,676,90,6,False,False,Cosmic Beam,70,False
92568309,678.1,WIN,True,27,5,MAIN,12,RESOURCE_MANAGEMENT,ABILITY,,ABILITY,0,0,120,90,90,1,False,3,6,True,True,1,1,1,676,90,6,676,90,6,False,False,Cosmic Beam,70,False
92568309,678.1,WIN,True,28,5,TO_HAND,2,RESOURCE_MANAGEMENT,,,CARD,0,0,120,90,90,1,False,3,6,False,True,1,1,1,676,90,6,676,90,6,False,False,Cosmic Beam,70,False
92568309,678.1,WIN,True,29,5,MAIN,12,ENERGY_MANAGEMENT,ATTACH_ENERGY,,ATTACH,0,0,120,90,90,1,False,3,6,True,True,1,1,1,676,90,6,676,90,6,False,False,Cosmic Beam,70,False
92568309,678.1,WIN,True,30,5,MAIN,8,RESOURCE_MANAGEMENT,PLAY_SUPPORTER,1227,PLAY,0,0,120,90,90,1,False,3,6,True,True,1,1,1,676,90,6,676,90,6,False,False,Cosmic Beam,70,False
92568309,678.1,WIN,True,31,5,MAIN,7,RESOURCE_MANAGEMENT,PLAY_POKEMON,119,PLAY,0,0,120,90,90,1,False,3,6,True,True,1,1,1,676,90,6,676,90,6,False,False,Cosmic Beam,70,False
92568309,678.1,WIN,True,32,5,MAIN,6,RESOURCE_MANAGEMENT,PLAY_POKEMON,119,PLAY,0,0,120,90,90,1,False,4,6,True,True,1,1,1,676,90,6,676,90,6,False,False,Cosmic Beam,70,False
92568309,678.1,WIN,True,33,5,MAIN,5,RESOURCE_MANAGEMENT,PLAY_ITEM,1121,PLAY,0,0,120,90,90,1,False,5,6,True,True,1,1,1,676,90,6,676,90,6,False,False,Cosmic Beam,70,False
92568309,678.1,WIN,True,34,5,DISCARD,5,RESOURCE_MANAGEMENT,,,CARD;CARD,0,0,120,90,90,1,False,5,6,False,True,1,1,1,676,90,6,676,90,6,False,False,Cosmic Beam,70,False
92568309,678.1,WIN,True,35,5,TO_HAND,8,RESOURCE_MANAGEMENT,,,CARD,0,0,120,90,90,1,False,5,6,False,True,1,1,1,676,90,6,676,90,6,False,False,Cosmic Beam,70,False
92568309,678.1,WIN,True,36,5,MAIN,5,BENCH_MANAGEMENT,EVOLVE,,EVOLVE,0,0,120,90,90,1,False,5,6,True,True,1,1,1,676,90,6,676,90,6,False,False,Cosmic Beam,70,False
92568309,678.1,WIN,True,37,5,MAIN,4,RETREAT_SELECTION,RETREAT,,RETREAT,1,0,121,320,320,2,False,5,6,True,True,1,1,1,676,90,6,676,90,6,False,False,Cosmic Beam,70,True
92568309,678.1,WIN,True,38,5,DISCARD_ENERGY,1,ENERGY_MANAGEMENT,,,ENERGY,0,0,121,320,320,2,False,5,6,False,True,1,1,1,676,90,6,676,90,6,False,False,Cosmic Beam,70,False
92568309,678.1,WIN,True,39,5,SWITCH,5,ACTIVE_POKEMON_SELECTION,,,CARD,0,0,121,320,320,2,False,5,6,False,True,1,0,1,676,90,6,676,90,6,False,False,Cosmic Beam,70,False
92568309,678.1,WIN,True,40,5,MAIN,3,TIMING,,,,1,0,235,30,30,1,False,5,6,False,True,0,0,0,676,90,6,676,70,6,True,False,Cosmic Beam,70,True
92568309,678.1,WIN,True,41,7,MAIN,7,RESOURCE_MANAGEMENT,ABILITY,,ABILITY,1,0,235,30,30,1,False,5,6,True,True,0,0,0,676,70,6,676,70,6,True,False,Cosmic Beam,70,False
92568309,678.1,WIN,True,42,7,TO_HAND,2,RESOURCE_MANAGEMENT,,,CARD,0,0,235,30,30,1,False,5,6,False,True,0,0,0,676,70,6,676,70,6,True,False,Cosmic Beam,70,False
92568309,678.1,WIN,True,43,7,MAIN,7,RESOURCE_MANAGEMENT,PLAY_SUPPORTER,1198,PLAY,1,0,235,30,30,1,False,5,6,True,True,0,0,0,676,70,6,676,70,6,True,False,Cosmic Beam,70,False
92568309,678.1,WIN,True,44,7,TO_HAND,3,RESOURCE_MANAGEMENT,,,CARD,0,0,235,30,30,1,False,5,6,False,True,0,0,0,676,70,6,676,70,6,True,False,Cosmic Beam,70,False
92568309,678.1,WIN,True,45,7,ATTACH_TO,2,ENERGY_MANAGEMENT,,,CARD,0,0,235,30,30,1,False,5,6,False,True,0,0,0,676,70,6,676,70,6,True,False,Cosmic Beam,70,False
92568309,678.1,WIN,True,46,7,ATTACH_FROM,6,ENERGY_MANAGEMENT,,,CARD,0,0,235,30,30,1,False,5,6,False,True,0,0,0,676,70,6,676,70,6,True,False,Cosmic Beam,70,False
92568309,678.1,WIN,True,47,7,MAIN,11,ENERGY_MANAGEMENT,ATTACH_ENERGY,,ATTACH,1,0,235,30,30,1,False,5,6,True,True,0,0,1,676,70,6,676,70,6,True,False,Cosmic Beam,70,False
92568309,678.1,WIN,True,48,7,MAIN,5,RETREAT_SELECTION,RETREAT,,RETREAT,1,0,235,30,30,1,False,5,6,True,True,0,0,1,676,70,6,676,70,6,True,False,Cosmic Beam,70,False
92568309,678.1,WIN,True,49,7,SWITCH,5,ACTIVE_POKEMON_SELECTION,,,CARD,0,0,235,30,30,1,False,5,6,False,True,0,0,1,676,70,6,676,70,6,True,False,Cosmic Beam,70,False
92568309,678.1,WIN,True,50,7,MAIN,5,ATTACK_SELECTION,ATTACK,,ATTACK,2,1,121,290,290,2,False,5,6,False,True,1,1,1,676,70,6,676,0,6,False,False,Cosmic Beam,70,True
92568309,678.1,WIN,True,51,7,DAMAGE_COUNTER_ANY,2,TARGET_SELECTION,,,CARD,0,0,121,290,290,2,False,5,6,False,True,1,1,1,676,0,6,676,0,6,False,False,Cosmic Beam,70,False
92568309,678.1,WIN,True,52,7,DAMAGE_COUNTER_ANY,2,TARGET_SELECTION,,,CARD,0,0,121,290,290,2,False,5,6,False,True,1,1,1,676,0,6,676,0,6,False,False,Cosmic Beam,70,False
92568309,678.1,WIN,True,53,7,DAMAGE_COUNTER_ANY,2,TARGET_SELECTION,,,CARD,0,0,121,290,290,2,False,5,6,False,True,1,1,1,676,0,6,676,0,6,False,False,Cosmic Beam,70,False
92568309,678.1,WIN,True,54,7,DAMAGE_COUNTER_ANY,2,TARGET_SELECTION,,,CARD,0,0,121,290,290,2,False,5,6,False,True,1,1,1,676,0,6,676,0,6,False,False,Cosmic Beam,70,False
92568309,678.1,WIN,True,55,7,DAMAGE_COUNTER_ANY,2,TARGET_SELECTION,,,CARD,0,0,121,290,290,2,False,5,6,False,True,1,1,1,676,0,6,676,0,6,False,False,Cosmic Beam,70,False
92568309,678.1,WIN,True,56,7,DAMAGE_COUNTER_ANY,2,TARGET_SELECTION,,,CARD,0,0,121,290,290,2,False,5,6,False,True,1,1,1,676,0,6,,,6,False,False,Cosmic Beam,70,False
92568309,678.1,WIN,True,57,7,TO_HAND,6,RESOURCE_MANAGEMENT,,,,0,0,121,290,290,2,False,5,6,False,True,1,1,1,,,6,674,150,6,,,,,False
92568309,678.1,WIN,True,58,9,MAIN,20,RESOURCE_MANAGEMENT,ABILITY,,ABILITY,2,0,121,290,290,2,False,5,5,True,True,1,1,1,674,150,6,674,150,6,False,False,,,False
92568309,678.1,WIN,True,59,9,TO_HAND,2,RESOURCE_MANAGEMENT,,,CARD,0,0,121,290,290,2,False,5,5,False,True,1,1,1,674,150,6,674,150,6,False,False,,,False
92568309,678.1,WIN,True,60,9,MAIN,21,RESOURCE_MANAGEMENT,PLAY_ITEM,1079,PLAY,2,0,121,290,290,2,False,5,5,True,True,1,1,1,674,150,6,674,150,6,False,False,,,False
92568309,678.1,WIN,True,61,9,EVOLVE,2,BENCH_MANAGEMENT,,,EVOLVE,0,0,121,290,290,2,False,5,5,False,True,1,1,1,674,150,6,674,150,6,False,False,,,False
92568309,678.1,WIN,True,62,9,MAIN,19,RESOURCE_MANAGEMENT,PLAY_SUPPORTER,1182,PLAY,2,0,121,290,290,2,False,5,5,True,True,1,1,1,674,150,6,674,150,6,False,False,,,False
92568309,678.1,WIN,True,63,9,SWITCH,2,ACTIVE_POKEMON_SELECTION,,,CARD,0,0,121,290,290,2,False,5,5,False,True,1,1,1,674,150,6,678,280,6,False,False,,,False
92568309,678.1,WIN,True,64,9,MAIN,18,ENERGY_MANAGEMENT,ATTACH_ENERGY,,ATTACH,2,0,121,290,290,2,False,5,5,True,True,1,1,1,678,280,6,678,280,6,False,False,,,False
92568309,678.1,WIN,True,65,9,MAIN,6,ATTACK_SELECTION,ATTACK,,ATTACK,2,1,121,290,290,2,False,5,5,True,True,1,1,2,678,280,6,678,80,6,False,False,,,False
92568309,678.1,WIN,True,66,9,DAMAGE_COUNTER_ANY,2,TARGET_SELECTION,,,CARD,0,0,121,290,290,2,False,5,5,False,True,1,1,2,678,80,6,678,80,6,False,False,,,False
92568309,678.1,WIN,True,67,9,DAMAGE_COUNTER_ANY,2,TARGET_SELECTION,,,CARD,0,0,121,290,290,2,False,5,5,False,True,1,1,2,678,80,6,678,80,6,False,False,,,False
92568309,678.1,WIN,True,68,9,DAMAGE_COUNTER_ANY,2,TARGET_SELECTION,,,CARD,0,0,121,290,290,2,False,5,5,False,True,1,1,2,678,80,6,678,80,6,False,False,,,False
92568309,678.1,WIN,True,69,9,DAMAGE_COUNTER_ANY,2,TARGET_SELECTION,,,CARD,0,0,121,290,290,2,False,5,5,False,True,1,1,2,678,80,6,678,80,6,False,False,,,False
92568309,678.1,WIN,True,70,9,DAMAGE_COUNTER_ANY,2,TARGET_SELECTION,,,CARD,0,0,121,290,290,2,False,5,5,False,True,1,1,2,678,80,6,678,80,6,False,False,,,False
92568309,678.1,WIN,True,71,9,DAMAGE_COUNTER_ANY,2,TARGET_SELECTION,,,,0,0,121,290,290,2,False,5,5,False,True,1,1,2,678,80,6,678,80,6,False,False,,,False
92568309,678.1,WIN,True,72,11,MAIN,14,RESOURCE_MANAGEMENT,ABILITY,,ABILITY,2,0,121,290,290,2,False,5,5,True,True,1,1,2,678,80,6,678,80,6,False,False,,,False
92568309,678.1,WIN,True,73,11,TO_HAND,2,RESOURCE_MANAGEMENT,,,CARD,0,0,121,290,290,2,False,5,5,False,True,1,1,2,678,80,6,678,80,6,False,False,,,False
92568309,678.1,WIN,True,74,11,MAIN,14,RESOURCE_MANAGEMENT,PLAY_SUPPORTER,1182,PLAY,2,0,121,290,290,2,False,5,5,True,True,1,1,2,678,80,6,678,80,6,False,False,,,False
92568309,678.1,WIN,True,75,11,SWITCH,3,ACTIVE_POKEMON_SELECTION,,,CARD,0,0,121,290,290,2,False,5,5,False,True,1,1,2,678,80,6,674,150,6,False,False,,,False
92568309,678.1,WIN,True,76,11,MAIN,13,ENERGY_MANAGEMENT,ATTACH_ENERGY,,ATTACH,2,0,121,290,290,2,False,5,5,True,True,1,1,2,674,150,6,674,150,6,False,False,,,False
92568309,678.1,WIN,True,77,11,MAIN,7,ATTACK_SELECTION,ATTACK,,ATTACK,2,1,121,290,290,2,False,5,5,True,True,1,1,2,674,150,6,674,0,6,False,False,,,False
92568309,678.1,WIN,True,78,11,DAMAGE_COUNTER_ANY,3,TARGET_SELECTION,,,CARD,0,0,121,290,290,2,False,5,5,False,True,1,1,2,674,0,6,674,0,6,False,False,,,False
92568309,678.1,WIN,True,79,11,DAMAGE_COUNTER_ANY,3,TARGET_SELECTION,,,CARD,0,0,121,290,290,2,False,5,5,False,True,1,1,2,674,0,6,674,0,6,False,False,,,False
92568309,678.1,WIN,True,80,11,DAMAGE_COUNTER_ANY,3,TARGET_SELECTION,,,CARD,0,0,121,290,290,2,False,5,5,False,True,1,1,2,674,0,6,674,0,6,False,False,,,False
92568309,678.1,WIN,True,81,11,DAMAGE_COUNTER_ANY,3,TARGET_SELECTION,,,CARD,0,0,121,290,290,2,False,5,5,False,True,1,1,2,674,0,6,674,0,6,False,False,,,False
92568309,678.1,WIN,True,82,11,DAMAGE_COUNTER_ANY,3,TARGET_SELECTION,,,CARD,0,0,121,290,290,2,False,5,5,False,True,1,1,2,674,0,6,674,0,6,False,False,,,False
92568309,678.1,WIN,True,83,11,DAMAGE_COUNTER_ANY,3,TARGET_SELECTION,,,CARD,0,0,121,290,290,2,False,5,5,False,True,1,1,2,674,0,6,,,6,False,False,,,False
92568309,678.1,WIN,True,84,11,TO_HAND,5,RESOURCE_MANAGEMENT,,,,0,0,121,290,290,2,False,5,5,False,True,1,1,2,,,6,678,20,6,,,,,False
92568309,678.1,WIN,True,85,13,MAIN,9,RESOURCE_MANAGEMENT,ABILITY,,ABILITY,2,0,121,290,290,2,False,5,4,True,True,1,1,2,678,20,6,678,20,6,False,False,,,False
92568309,678.1,WIN,True,86,13,TO_HAND,2,RESOURCE_MANAGEMENT,,,CARD,0,0,121,290,290,2,False,5,4,False,True,1,1,2,678,20,6,678,20,6,False,False,,,False
92568309,678.1,WIN,True,87,13,MAIN,9,RESOURCE_MANAGEMENT,PLAY_SUPPORTER,1227,PLAY,2,0,121,290,290,2,False,5,4,True,True,1,1,2,678,20,6,678,20,6,False,False,,,False
92568309,678.1,WIN,True,88,13,MAIN,12,RESOURCE_MANAGEMENT,PLAY_STADIUM,1256,PLAY,2,0,121,290,290,2,False,5,4,True,True,1,1,2,678,20,6,678,20,6,False,False,,,False
92568309,678.1,WIN,True,89,13,MAIN,11,ENERGY_MANAGEMENT,ATTACH_ENERGY,,ATTACH,2,0,121,320,320,2,False,5,4,True,True,1,1,2,678,20,6,678,20,6,False,False,,,False
92568309,678.1,WIN,True,90,13,MAIN,5,RESOURCE_MANAGEMENT,PLAY_ITEM,1121,PLAY,2,0,121,320,320,2,False,5,4,True,True,1,1,2,678,20,6,678,20,6,False,False,,,False
92568309,678.1,WIN,True,91,13,DISCARD,3,RESOURCE_MANAGEMENT,,,CARD;CARD,0,0,121,320,320,2,False,5,4,False,True,1,1,2,678,20,6,678,20,6,False,False,,,False
92568309,678.1,WIN,True,92,13,TO_HAND,6,RESOURCE_MANAGEMENT,,,CARD,0,0,121,320,320,2,False,5,4,False,True,1,1,2,678,20,6,678,20,6,False,False,,,False
92568309,678.1,WIN,True,93,13,MAIN,5,BENCH_MANAGEMENT,EVOLVE,,EVOLVE,2,0,121,320,320,2,False,5,4,True,True,1,1,2,678,20,6,678,20,6,False,False,,,False
92568309,678.1,WIN,True,94,13,MAIN,5,RESOURCE_MANAGEMENT,ABILITY,,ABILITY,2,0,121,320,320,2,False,5,4,True,True,1,1,2,678,20,6,678,20,6,False,False,,,False
92568309,678.1,WIN,True,95,13,TO_HAND,2,RESOURCE_MANAGEMENT,,,CARD,0,0,121,320,320,2,False,5,4,False,True,1,1,2,678,20,6,678,20,6,False,False,,,False
92568309,678.1,WIN,True,96,13,MAIN,5,RESOURCE_MANAGEMENT,PLAY_ITEM,1152,PLAY,2,0,121,320,320,2,False,5,4,True,True,1,1,2,678,20,6,678,20,6,False,False,,,False
92568309,678.1,WIN,True,97,13,TO_HAND,2,RESOURCE_MANAGEMENT,,,CARD,0,0,121,320,320,2,False,5,4,False,True,1,1,2,678,20,6,678,20,6,False,False,,,False
92568309,678.1,WIN,True,98,13,MAIN,4,ATTACK_SELECTION,ATTACK,,ATTACK,2,1,121,320,320,2,False,5,4,True,True,1,1,2,678,20,6,678,0,6,False,False,,,False
92568309,678.1,WIN,True,99,13,DAMAGE_COUNTER_ANY,2,TARGET_SELECTION,,,CARD,0,0,121,320,320,2,False,5,4,False,True,1,1,2,678,0,6,678,0,6,False,False,,,False
92568309,678.1,WIN,True,100,13,DAMAGE_COUNTER_ANY,2,TARGET_SELECTION,,,CARD,0,0,121,320,320,2,False,5,4,False,True,1,1,2,678,0,6,678,0,6,False,False,,,False
92568309,678.1,WIN,True,101,13,DAMAGE_COUNTER_ANY,2,TARGET_SELECTION,,,CARD,0,0,121,320,320,2,False,5,4,False,True,1,1,2,678,0,6,678,0,6,False,False,,,False
92568309,678.1,WIN,True,102,13,DAMAGE_COUNTER_ANY,2,TARGET_SELECTION,,,CARD,0,0,121,320,320,2,False,5,4,False,True,1,1,2,678,0,6,678,0,6,False,False,,,False
92568309,678.1,WIN,True,103,13,DAMAGE_COUNTER_ANY,2,TARGET_SELECTION,,,CARD,0,0,121,320,320,2,False,5,4,False,True,1,1,2,678,0,6,678,0,6,False,False,,,False
92568309,678.1,WIN,True,104,13,DAMAGE_COUNTER_ANY,2,TARGET_SELECTION,,,CARD,0,0,121,320,320,2,False,5,4,False,True,1,1,2,678,0,6,,,6,False,False,,,False
92568309,678.1,WIN,True,105,13,TO_HAND,4,RESOURCE_MANAGEMENT,,,CARD;CARD;CARD,0,0,121,320,320,2,False,5,4,False,True,1,1,2,,,6,,,6,,,,,False
92569244,589.4,WIN,True,0,,,0,UNKNOWN,,,,0,0,,,,,False,,,False,False,,,0,,,,,,,,,,,False
92569244,589.4,WIN,True,1,,,0,UNKNOWN,,,,0,0,,,,,False,,,False,False,,,0,,,,,,0,,,,,False
92569244,589.4,WIN,True,2,0,IS_FIRST,2,GOING_FIRST_SECOND,,,YES,0,0,,,,,False,0,0,False,False,,,0,,,0,,,0,,,,,False
92569244,589.4,WIN,True,3,0,SETUP_ACTIVE_POKEMON,2,EARLY_GAME_SETUP,,,,0,0,,,,,False,0,0,False,False,,,0,,,0,,,6,,,,,False
92569244,589.4,WIN,True,4,0,SETUP_BENCH_POKEMON,1,BENCH_MANAGEMENT,,,,0,0,,,,,False,0,6,False,False,,,0,,,6,305,70,6,,,,,False
92569244,589.4,WIN,True,5,1,MAIN,3,RESOURCE_MANAGEMENT,PLAY_POKEMON,119,PLAY,0,0,235,30,30,1,False,0,6,False,False,0,0,0,305,70,6,305,70,6,False,False,,,False
92569244,589.4,WIN,True,6,1,MAIN,4,ENERGY_MANAGEMENT,ATTACH_ENERGY,,ATTACH,0,0,235,30,30,1,False,1,6,True,True,0,0,0,305,70,6,305,70,6,False,False,,,False
92569244,589.4,WIN,True,7,1,MAIN,2,TIMING,,,,0,0,235,30,30,1,False,1,6,True,True,0,0,1,305,70,6,305,70,6,False,False,,,False
92569244,589.4,WIN,True,8,3,MAIN,8,RESOURCE_MANAGEMENT,PLAY_ITEM,1086,PLAY,1,0,119,70,70,1,False,1,6,True,True,1,1,1,305,70,6,305,70,6,False,False,,,True
92569244,589.4,WIN,True,9,3,TO_BENCH,3,BENCH_MANAGEMENT,,,CARD;CARD,0,0,119,70,70,1,False,1,6,False,True,1,1,1,305,70,6,305,70,6,False,False,,,False
92569244,589.4,WIN,True,10,3,MAIN,7,BENCH_MANAGEMENT,EVOLVE,,EVOLVE,1,0,119,70,70,1,False,3,6,True,True,1,1,1,305,70,6,305,70,6,False,False,,,False
92569244,589.4,WIN,True,11,3,MAIN,6,RESOURCE_MANAGEMENT,ABILITY,,ABILITY,0,0,120,90,90,1,False,3,6,True,True,1,1,1,305,70,6,305,70,6,False,False,,,True
92569244,589.4,WIN,True,12,3,TO_HAND,2,RESOURCE_MANAGEMENT,,,CARD,0,0,120,90,90,1,False,3,6,False,True,1,1,1,305,70,6,305,70,6,False,False,,,False
92569244,589.4,WIN,True,13,3,MAIN,5,RESOURCE_MANAGEMENT,PLAY_SUPPORTER,1227,PLAY,0,0,120,90,90,1,False,3,6,True,True,1,1,1,305,70,6,305,70,6,False,False,,,False
92569244,589.4,WIN,True,14,3,MAIN,8,RESOURCE_MANAGEMENT,PLAY_ITEM,1152,PLAY,0,0,120,90,90,1,False,3,6,True,True,1,1,1,305,70,6,305,70,6,False,False,,,False
92569244,589.4,WIN,True,15,3,TO_HAND,2,RESOURCE_MANAGEMENT,,,CARD,0,0,120,90,90,1,False,3,6,False,True,1,1,1,305,70,6,305,70,6,False,False,,,False
92569244,589.4,WIN,True,16,3,MAIN,7,ENERGY_MANAGEMENT,ATTACH_ENERGY,,ATTACH,0,0,120,90,90,1,False,3,6,True,True,1,1,1,305,70,6,305,70,6,False,False,,,False
92569244,589.4,WIN,True,17,3,MAIN,3,RETREAT_SELECTION,RETREAT,,RETREAT,0,0,120,90,90,1,False,3,6,True,True,1,1,1,305,70,6,305,70,6,False,False,,,False
92569244,589.4,WIN,True,18,3,DISCARD_ENERGY,1,ENERGY_MANAGEMENT,,,ENERGY,0,0,120,90,90,1,False,3,6,False,True,1,1,1,305,70,6,305,70,6,False,False,,,False
92569244,589.4,WIN,True,19,3,SWITCH,3,ACTIVE_POKEMON_SELECTION,,,CARD,0,0,120,90,90,1,False,3,6,False,True,1,0,1,305,70,6,305,70,6,False,False,,,False
92569244,589.4,WIN,True,20,3,MAIN,3,TIMING,,,,1,0,235,30,30,1,False,3,6,False,True,0,0,0,305,70,6,305,60,6,False,False,,,True
92569244,589.4,WIN,True,21,4,DISCARD,7,RESOURCE_MANAGEMENT,,,,0,0,235,30,30,1,False,3,6,False,True,0,0,0,305,60,6,305,60,6,False,False,,,False
92569244,589.4,WIN,True,22,5,MAIN,10,RESOURCE_MANAGEMENT,ABILITY,,ABILITY,1,0,235,30,30,1,False,3,6,True,True,0,0,0,305,60,6,305,60,6,False,False,,,False
92569244,589.4,WIN,True,23,5,TO_HAND,2,RESOURCE_MANAGEMENT,,,CARD,0,0,235,30,30,1,False,3,6,False,True,0,0,0,305,60,6,305,60,6,False,False,,,False
92569244,589.4,WIN,True,24,5,MAIN,9,BENCH_MANAGEMENT,EVOLVE,,EVOLVE,1,0,235,30,30,1,False,3,6,True,True,0,0,0,305,60,6,305,60,6,False,False,,,False
92569244,589.4,WIN,True,25,5,MAIN,7,RESOURCE_MANAGEMENT,ABILITY,,ABILITY,1,0,235,30,30,1,False,3,6,True,True,0,0,0,305,60,6,305,60,6,False,False,,,False
92569244,589.4,WIN,True,26,5,TO_HAND,2,RESOURCE_MANAGEMENT,,,CARD,0,0,235,30,30,1,False,3,6,False,True,0,0,0,305,60,6,305,60,6,False,False,,,False
92569244,589.4,WIN,True,27,5,MAIN,10,BENCH_MANAGEMENT,EVOLVE,,EVOLVE,1,0,235,30,30,1,False,3,6,True,True,0,0,0,305,60,6,305,60,6,False,False,,,False
92569244,589.4,WIN,True,28,5,MAIN,10,RESOURCE_MANAGEMENT,ABILITY,,ABILITY,1,0,235,30,30,1,False,3,6,True,True,0,0,0,305,60,6,305,60,6,False,False,,,False
92569244,589.4,WIN,True,29,5,TO_HAND,2,RESOURCE_MANAGEMENT,,,CARD,0,0,235,30,30,1,False,3,6,False,True,0,0,0,305,60,6,305,60,6,False,False,,,False
92569244,589.4,WIN,True,30,5,MAIN,10,ENERGY_MANAGEMENT,ATTACH_ENERGY,,ATTACH,1,0,235,30,30,1,False,3,6,True,True,0,0,0,305,60,6,305,60,6,False,False,,,False
92569244,589.4,WIN,True,31,5,MAIN,6,RESOURCE_MANAGEMENT,PLAY_SUPPORTER,1227,PLAY,1,0,235,30,30,1,False,3,6,True,True,0,0,0,305,60,6,305,60,6,False,False,,,False
92569244,589.4,WIN,True,32,5,MAIN,5,RESOURCE_MANAGEMENT,PLAY_POKEMON,184,PLAY,1,0,235,30,30,1,False,3,6,True,True,0,0,0,305,60,6,305,60,6,False,False,,,False
92569244,589.4,WIN,True,33,5,MAIN,4,TIMING,,,,1,0,235,30,30,1,False,4,6,True,True,0,0,0,305,60,6,305,50,6,False,False,,,False
92569244,589.4,WIN,True,34,7,MAIN,12,RESOURCE_MANAGEMENT,ABILITY,,ABILITY,1,0,235,30,30,1,False,4,6,True,True,0,0,0,305,50,6,305,50,6,False,False,,,False
92569244,589.4,WIN,True,35,7,TO_HAND,2,RESOURCE_MANAGEMENT,,,CARD,0,0,235,30,30,1,False,4,6,False,True,0,0,0,305,50,6,305,50,6,False,False,,,False
92569244,589.4,WIN,True,36,7,MAIN,12,RESOURCE_MANAGEMENT,ABILITY,,ABILITY,1,0,235,30,30,1,False,4,6,True,True,0,0,0,305,50,6,305,50,6,False,False,,,False
92569244,589.4,WIN,True,37,7,TO_HAND,2,RESOURCE_MANAGEMENT,,,CARD,0,0,235,30,30,1,False,4,6,False,True,0,0,0,305,50,6,305,50,6,False,False,,,False
92569244,589.4,WIN,True,38,7,MAIN,12,RESOURCE_MANAGEMENT,ABILITY,,ABILITY,1,0,235,30,30,1,False,4,6,True,True,0,0,0,305,50,6,305,50,6,False,False,,,False
92569244,589.4,WIN,True,39,7,TO_HAND,2,RESOURCE_MANAGEMENT,,,CARD,0,0,235,30,30,1,False,4,6,False,True,0,0,0,305,50,6,305,50,6,False,False,,,False
92569244,589.4,WIN,True,40,7,MAIN,16,ENERGY_MANAGEMENT,ATTACH_ENERGY,,ATTACH,1,0,235,30,30,1,False,4,6,True,True,0,0,0,305,50,6,305,50,6,False,False,,,False
92569244,589.4,WIN,True,41,7,MAIN,11,RESOURCE_MANAGEMENT,PLAY_SUPPORTER,1227,PLAY,1,0,235,30,30,1,False,4,6,True,True,0,0,0,305,50,6,305,50,6,False,False,,,False
92569244,589.4,WIN,True,42,7,MAIN,11,BENCH_MANAGEMENT,EVOLVE,,EVOLVE,1,0,235,30,30,1,False,4,6,True,True,0,0,0,305,50,6,305,50,6,False,False,,,False
92569244,589.4,WIN,True,43,7,MAIN,8,RESOURCE_MANAGEMENT,PLAY_ITEM,1121,PLAY,1,0,235,30,30,1,False,4,6,True,True,0,0,1,305,50,6,305,50,6,False,False,,,False
92569244,589.4,WIN,True,44,7,DISCARD,6,RESOURCE_MANAGEMENT,,,CARD;CARD,0,0,235,30,30,1,False,4,6,False,True,0,0,1,305,50,6,305,50,6,False,False,,,False
92569244,589.4,WIN,True,45,7,TO_HAND,3,RESOURCE_MANAGEMENT,,,CARD,0,0,235,30,30,1,False,4,6,False,True,0,0,1,305,50,6,305,50,6,False,False,,,False
92569244,589.4,WIN,True,46,7,MAIN,7,BENCH_MANAGEMENT,EVOLVE,,EVOLVE,1,0,235,30,30,1,False,4,6,True,True,0,0,1,305,50,6,305,50,6,False,False,,,False
92569244,589.4,WIN,True,47,7,MAIN,5,TIMING,,,,1,0,235,30,30,1,False,4,6,True,True,0,0,2,305,50,6,305,40,6,False,False,,,False
92569244,589.4,WIN,True,48,9,MAIN,13,RESOURCE_MANAGEMENT,ABILITY,,ABILITY,1,0,235,30,30,1,False,4,6,True,True,0,0,2,305,40,6,305,40,6,False,False,,,False
92569244,589.4,WIN,True,49,9,TO_HAND,2,RESOURCE_MANAGEMENT,,,CARD,0,0,235,30,30,1,False,4,6,False,True,0,0,2,305,40,6,305,40,6,False,False,,,False
92569244,589.4,WIN,True,50,9,MAIN,17,RESOURCE_MANAGEMENT,PLAY_SUPPORTER,1210,PLAY,1,0,235,30,30,1,False,4,6,True,True,0,0,2,305,40,6,305,40,6,False,False,,,False
92569244,589.4,WIN,True,51,9,TO_HAND,2,RESOURCE_MANAGEMENT,,,CARD,0,0,235,30,30,1,False,4,6,False,True,0,0,2,305,40,6,305,40,6,False,False,,,False
92569244,589.4,WIN,True,52,9,MAIN,16,ENERGY_MANAGEMENT,ATTACH_ENERGY,,ATTACH,1,0,235,30,30,1,False,4,6,True,True,0,0,2,305,40,6,305,40,6,False,False,,,False
92569244,589.4,WIN,True,53,9,MAIN,6,RETREAT_SELECTION,RETREAT,,RETREAT,1,0,235,30,30,1,False,4,6,True,True,0,0,2,305,40,6,305,40,6,False,False,,,False
92569244,589.4,WIN,True,54,9,SWITCH,4,ACTIVE_POKEMON_SELECTION,,,CARD,0,0,235,30,30,1,False,4,6,False,True,0,0,2,305,40,6,305,40,6,False,False,,,False
92569244,589.4,WIN,True,55,9,MAIN,6,ATTACK_SELECTION,ATTACK,,ATTACK,2,1,121,320,320,2,False,4,6,False,True,1,1,2,305,40,6,305,0,6,False,False,,,True
92569244,589.4,WIN,True,56,9,DAMAGE_COUNTER_ANY,4,TARGET_SELECTION,,,CARD,0,0,121,320,320,2,False,4,6,False,True,1,1,2,305,0,6,305,0,6,False,False,,,False
92569244,589.4,WIN,True,57,9,DAMAGE_COUNTER_ANY,4,TARGET_SELECTION,,,CARD,0,0,121,320,320,2,False,4,6,False,True,1,1,2,305,0,6,305,0,6,False,False,,,False
92569244,589.4,WIN,True,58,9,DAMAGE_COUNTER_ANY,4,TARGET_SELECTION,,,CARD,0,0,121,320,320,2,False,4,6,False,True,1,1,2,305,0,6,305,0,6,False,False,,,False
92569244,589.4,WIN,True,59,9,DAMAGE_COUNTER_ANY,4,TARGET_SELECTION,,,CARD,0,0,121,320,320,2,False,4,6,False,True,1,1,2,305,0,6,305,0,6,False,False,,,False
92569244,589.4,WIN,True,60,9,DAMAGE_COUNTER_ANY,4,TARGET_SELECTION,,,CARD,0,0,121,320,320,2,False,4,6,False,True,1,1,2,305,0,6,305,0,6,False,False,,,False
92569244,589.4,WIN,True,61,9,DAMAGE_COUNTER_ANY,4,TARGET_SELECTION,,,CARD,0,0,121,320,320,2,False,4,6,False,True,1,1,2,305,0,6,,,6,False,False,,,False
92569244,589.4,WIN,True,62,9,TO_HAND,6,RESOURCE_MANAGEMENT,,,CARD,0,0,121,320,320,2,False,4,6,False,True,1,1,2,,,6,,,6,,,,,False
92569244,589.4,WIN,True,63,9,TO_HAND,5,RESOURCE_MANAGEMENT,,,,0,0,121,320,320,2,False,4,5,False,True,1,1,2,,,6,741,40,6,,,,,False
92569244,589.4,WIN,True,64,10,DISCARD,7,RESOURCE_MANAGEMENT,,,,0,0,121,320,320,2,False,4,4,False,True,1,1,2,741,40,6,741,50,6,False,False,Teleportation Attack,10,False
92569244,589.4,WIN,True,65,11,MAIN,9,RESOURCE_MANAGEMENT,ABILITY,,ABILITY,2,0,121,310,320,2,True,4,4,True,True,1,1,2,741,50,6,741,50,6,False,False,,,False
92569244,589.4,WIN,True,66,11,TO_HAND,2,RESOURCE_MANAGEMENT,,,CARD,0,0,121,310,320,2,True,4,4,False,True,1,1,2,741,50,6,741,50,6,False,False,,,False
92569244,589.4,WIN,True,67,11,MAIN,9,RESOURCE_MANAGEMENT,PLAY_SUPPORTER,1227,PLAY,2,0,121,310,320,2,True,4,4,True,True,1,1,2,741,50,6,741,50,6,False,False,,,False
92569244,589.4,WIN,True,68,11,MAIN,12,RESOURCE_MANAGEMENT,PLAY_ITEM,1120,PLAY,2,0,121,310,320,2,True,4,4,True,True,1,1,2,741,50,6,741,50,6,False,False,,,False
92569244,589.4,WIN,True,69,11,DISCARD_ENERGY,1,ENERGY_MANAGEMENT,,,ENERGY,0,0,121,310,320,2,True,4,4,False,True,1,1,2,741,50,6,741,50,6,False,False,,,False
92569244,589.4,WIN,True,70,11,MAIN,11,ENERGY_MANAGEMENT,ATTACH_ENERGY,,ATTACH,2,0,121,310,320,2,True,4,4,True,True,1,1,2,741,50,6,741,50,6,False,False,,,False
92569244,589.4,WIN,True,71,11,MAIN,6,ATTACK_SELECTION,ATTACK,,ATTACK,2,1,121,310,320,2,True,4,4,True,True,1,1,3,741,50,6,741,0,6,False,False,,,False
92569244,589.4,WIN,True,72,11,DAMAGE_COUNTER_ANY,3,TARGET_SELECTION,,,CARD,0,0,121,310,320,2,True,4,4,False,True,1,1,3,741,0,6,741,0,6,False,False,,,False
92569244,589.4,WIN,True,73,11,DAMAGE_COUNTER_ANY,3,TARGET_SELECTION,,,CARD,0,0,121,310,320,2,True,4,4,False,True,1,1,3,741,0,6,741,0,6,False,False,,,False
92569244,589.4,WIN,True,74,11,DAMAGE_COUNTER_ANY,3,TARGET_SELECTION,,,CARD,0,0,121,310,320,2,True,4,4,False,True,1,1,3,741,0,6,741,0,6,False,False,,,False
92569244,589.4,WIN,True,75,11,DAMAGE_COUNTER_ANY,3,TARGET_SELECTION,,,CARD,0,0,121,310,320,2,True,4,4,False,True,1,1,3,741,0,6,741,0,6,False,False,,,False
92569244,589.4,WIN,True,76,11,DAMAGE_COUNTER_ANY,3,TARGET_SELECTION,,,CARD,0,0,121,310,320,2,True,4,4,False,True,1,1,3,741,0,6,741,0,6,False,False,,,False
92569244,589.4,WIN,True,77,11,DAMAGE_COUNTER_ANY,3,TARGET_SELECTION,,,CARD,0,0,121,310,320,2,True,4,4,False,True,1,1,3,741,0,6,,,6,False,False,,,False
92569244,589.4,WIN,True,78,11,TO_HAND,4,RESOURCE_MANAGEMENT,,,CARD,0,0,121,310,320,2,True,4,4,False,True,1,1,3,,,6,,,6,,,,,False
92569244,589.4,WIN,True,79,11,TO_HAND,3,RESOURCE_MANAGEMENT,,,,0,0,121,310,320,2,True,4,3,False,True,1,1,3,,,6,742,60,6,,,,,False
92569244,589.4,WIN,True,80,13,MAIN,12,RESOURCE_MANAGEMENT,PLAY_POKEMON,1071,PLAY,2,0,121,280,320,2,True,4,2,True,True,1,1,3,742,60,6,742,60,6,False,False,Super Psy Bolt,30,False
92569244,589.4,WIN,True,81,13,ACTIVATE,2,RESOURCE_MANAGEMENT,,,YES,0,0,121,280,320,2,True,5,2,False,True,1,1,3,742,60,6,742,60,6,False,False,Super Psy Bolt,30,False
92569244,589.4,WIN,True,82,13,TO_HAND,6,RESOURCE_MANAGEMENT,,,CARD,0,0,121,280,320,2,True,5,2,False,True,1,1,3,742,60,6,742,60,6,False,False,Super Psy Bolt,30,False
92569244,589.4,WIN,True,83,13,MAIN,12,RESOURCE_MANAGEMENT,PLAY_ITEM,1120,PLAY,2,0,121,280,320,2,True,5,2,True,True,1,1,3,742,60,6,742,60,6,False,False,Super Psy Bolt,30,False
92569244,589.4,WIN,True,84,13,DISCARD_ENERGY,1,ENERGY_MANAGEMENT,,,ENERGY,0,0,121,280,320,2,True,5,2,False,True,1,1,3,742,60,6,742,60,6,False,False,Super Psy Bolt,30,False
92569244,589.4,WIN,True,85,13,MAIN,11,RESOURCE_MANAGEMENT,ABILITY,,ABILITY,2,0,121,280,320,2,True,5,2,True,True,1,1,3,742,60,6,742,60,6,False,False,,,False
92569244,589.4,WIN,True,86,13,TO_HAND,2,RESOURCE_MANAGEMENT,,,CARD,0,0,121,280,320,2,True,5,2,False,True,1,1,3,742,60,6,742,60,6,False,False,,,False
92569244,589.4,WIN,True,87,13,MAIN,10,RESOURCE_MANAGEMENT,PLAY_SUPPORTER,1182,PLAY,2,0,121,280,320,2,True,5,2,True,True,1,1,3,742,60,6,742,60,6,False,False,,,False
92569244,589.4,WIN,True,88,13,SWITCH,4,ACTIVE_POKEMON_SELECTION,,,CARD,0,0,121,280,320,2,True,5,2,False,True,1,1,3,742,60,6,305,70,6,False,False,,,False
92569244,589.4,WIN,True,89,13,MAIN,7,ATTACK_SELECTION,ATTACK,,ATTACK,2,1,121,280,320,2,True,5,2,True,True,1,1,3,305,70,6,305,0,6,False,False,,,False
92569244,589.4,WIN,True,90,13,DAMAGE_COUNTER_ANY,4,TARGET_SELECTION,,,CARD,0,0,121,280,320,2,True,5,2,False,True,1,1,3,305,0,6,305,0,6,False,False,,,False
92569244,589.4,WIN,True,91,13,DAMAGE_COUNTER_ANY,4,TARGET_SELECTION,,,CARD,0,0,121,280,320,2,True,5,2,False,True,1,1,3,305,0,6,305,0,6,False,False,,,False
92569244,589.4,WIN,True,92,13,DAMAGE_COUNTER_ANY,4,TARGET_SELECTION,,,CARD,0,0,121,280,320,2,True,5,2,False,True,1,1,3,305,0,6,305,0,6,False,False,,,False
92569244,589.4,WIN,True,93,13,DAMAGE_COUNTER_ANY,4,TARGET_SELECTION,,,CARD,0,0,121,280,320,2,True,5,2,False,True,1,1,3,305,0,6,305,0,6,False,False,,,False
92569244,589.4,WIN,True,94,13,DAMAGE_COUNTER_ANY,4,TARGET_SELECTION,,,CARD,0,0,121,280,320,2,True,5,2,False,True,1,1,3,305,0,6,305,0,6,False,False,,,False
92569244,589.4,WIN,True,95,13,DAMAGE_COUNTER_ANY,4,TARGET_SELECTION,,,CARD,0,0,121,280,320,2,True,5,2,False,True,1,1,3,305,0,6,,,6,False,False,,,False
92569244,589.4,WIN,True,96,13,TO_HAND,2,RESOURCE_MANAGEMENT,,,CARD,0,0,121,280,320,2,True,5,2,False,True,1,1,3,,,6,,,6,,,,,False
92570266,616.5,WIN,True,0,,,0,UNKNOWN,,,,0,0,,,,,False,,,False,False,,,0,,,,,,,,,,,False
92570266,616.5,WIN,True,1,,,0,UNKNOWN,,,,0,0,,,,,False,,,False,False,,,0,,,,,,0,,,,,False
92570266,616.5,WIN,True,2,0,IS_FIRST,2,GOING_FIRST_SECOND,,,YES,0,0,,,,,False,0,0,False,False,,,0,,,0,,,0,,,,,False
92570266,616.5,WIN,True,3,0,SETUP_ACTIVE_POKEMON,1,EARLY_GAME_SETUP,,,,0,0,,,,,False,0,0,False,False,,,0,,,0,,,6,,,,,False
92570266,616.5,WIN,True,4,0,DRAW_COUNT,2,SEARCH_DECISION,,,NUMBER,0,0,,,,,False,0,6,False,False,,,0,,,6,1030,70,6,,,,,False
92570266,616.5,WIN,True,5,1,MAIN,5,RESOURCE_MANAGEMENT,PLAY_STADIUM,1256,PLAY,0,0,235,30,30,1,False,0,6,False,False,0,0,0,1030,70,6,1030,70,6,False,False,,,False
92570266,616.5,WIN,True,6,1,MAIN,4,RESOURCE_MANAGEMENT,PLAY_POKEMON,119,PLAY,0,0,235,30,30,1,False,0,6,False,False,0,0,0,1030,70,6,1030,70,6,False,False,,,False
92570266,616.5,WIN,True,7,1,MAIN,5,RESOURCE_MANAGEMENT,PLAY_ITEM,1086,PLAY,0,0,235,30,30,1,False,1,6,True,True,0,0,0,1030,70,6,1030,70,6,False,False,,,False
92570266,616.5,WIN,True,8,1,TO_BENCH,4,BENCH_MANAGEMENT,,,CARD;CARD,0,0,235,30,30,1,False,1,6,False,True,0,0,0,1030,70,6,1030,70,6,False,False,,,False
92570266,616.5,WIN,True,9,1,MAIN,6,ENERGY_MANAGEMENT,ATTACH_ENERGY,,ATTACH,0,0,235,30,30,1,False,3,6,True,True,0,0,0,1030,70,6,1030,70,6,False,False,,,False
92570266,616.5,WIN,True,10,1,MAIN,2,TIMING,,,,0,0,235,30,30,1,False,3,6,True,True,0,0,0,1030,70,6,1031,330,5,False,False,,,False
92570266,616.5,WIN,True,11,2,TO_ACTIVE,3,ACTIVE_POKEMON_SELECTION,,,CARD,0,0,,,,,False,3,6,False,True,,,0,1031,330,5,1031,330,5,,,,,True
92570266,616.5,WIN,True,12,3,MAIN,7,RESOURCE_MANAGEMENT,PLAY_SUPPORTER,1210,PLAY,0,0,119,20,70,1,True,2,6,True,True,1,1,0,1031,330,5,1031,330,5,True,False,Jetting Blow,120,False
92570266,616.5,WIN,True,13,3,TO_HAND,9,RESOURCE_MANAGEMENT,,,CARD,0,0,119,20,70,1,True,2,6,False,True,1,1,0,1031,330,5,1031,330,5,True,False,Jetting Blow,120,False
92570266,616.5,WIN,True,14,3,TO_HAND,3,RESOURCE_MANAGEMENT,,,CARD,0,0,119,20,70,1,True,2,6,False,True,1,1,0,1031,330,5,1031,330,5,True,False,Jetting Blow,120,False
92570266,616.5,WIN,True,15,3,MAIN,7,RESOURCE_MANAGEMENT,PLAY_POKEMON,140,PLAY,0,0,119,20,70,1,True,2,6,True,True,1,1,0,1031,330,5,1031,330,5,True,False,Jetting Blow,120,False
92570266,616.5,WIN,True,16,3,MAIN,7,RESOURCE_MANAGEMENT,PLAY_POKEMON,235,PLAY,0,0,119,20,70,1,True,3,6,True,True,1,1,0,1031,330,5,1031,330,5,True,False,Jetting Blow,120,False
92570266,616.5,WIN,True,17,3,MAIN,6,RESOURCE_MANAGEMENT,ABILITY,,ABILITY,0,0,119,20,70,1,True,4,6,True,True,1,1,1,1031,330,5,1031,330,5,True,False,Jetting Blow,120,False
92570266,616.5,WIN,True,18,3,MAIN,8,BENCH_MANAGEMENT,EVOLVE,,EVOLVE,0,0,119,20,70,1,True,4,6,True,True,1,1,1,1031,330,5,1031,330,5,True,False,Jetting Blow,120,False
92570266,616.5,WIN,True,19,3,MAIN,5,RESOURCE_MANAGEMENT,ABILITY,,ABILITY,0,0,120,40,90,1,True,4,6,True,True,1,1,1,1031,330,5,1031,330,5,True,False,Jetting Blow,120,True
92570266,616.5,WIN,True,20,3,TO_HAND,2,RESOURCE_MANAGEMENT,,,CARD,0,0,120,40,90,1,True,4,6,False,True,1,1,1,1031,330,5,1031,330,5,True,False,Jetting Blow,120,False
92570266,616.5,WIN,True,21,3,MAIN,5,BENCH_MANAGEMENT,EVOLVE,,EVOLVE,0,0,120,40,90,1,True,4,6,True,True,1,1,1,1031,330,5,1031,330,5,True,False,Jetting Blow,120,False
92570266,616.5,WIN,True,22,3,MAIN,4,RESOURCE_MANAGEMENT,ABILITY,,ABILITY,0,0,120,40,90,1,True,4,6,True,True,1,1,1,1031,330,5,1031,330,5,True,False,Jetting Blow,120,False
92570266,616.5,WIN,True,23,3,TO_HAND,2,RESOURCE_MANAGEMENT,,,CARD,0,0,120,40,90,1,True,4,6,False,True,1,1,1,1031,330,5,1031,330,5,True,False,Jetting Blow,120,False
92570266,616.5,WIN,True,24,3,MAIN,4,RESOURCE_MANAGEMENT,PLAY_ITEM,1152,PLAY,0,0,120,40,90,1,True,4,6,True,True,1,1,1,1031,330,5,1031,330,5,True,False,Jetting Blow,120,False
92570266,616.5,WIN,True,25,3,TO_HAND,3,RESOURCE_MANAGEMENT,,,CARD,0,0,120,40,90,1,True,4,6,False,True,1,1,1,1031,330,5,1031,330,5,True,False,Jetting Blow,120,False
92570266,616.5,WIN,True,26,3,MAIN,4,BENCH_MANAGEMENT,EVOLVE,,EVOLVE,0,0,120,40,90,1,True,4,6,True,True,1,1,1,1031,330,5,1031,330,5,True,False,Jetting Blow,120,False
92570266,616.5,WIN,True,27,3,MAIN,4,RESOURCE_MANAGEMENT,ABILITY,,ABILITY,0,0,120,40,90,1,True,4,6,True,True,1,1,1,1031,330,5,1031,330,5,True,False,Jetting Blow,120,False
92570266,616.5,WIN,True,28,3,TO_HAND,2,RESOURCE_MANAGEMENT,,,CARD,0,0,120,40,90,1,True,4,6,False,True,1,1,1,1031,330,5,1031,330,5,True,False,Jetting Blow,120,False
92570266,616.5,WIN,True,29,3,MAIN,8,ENERGY_MANAGEMENT,ATTACH_ENERGY,,ATTACH,0,0,120,40,90,1,True,4,6,True,True,1,1,1,1031,330,5,1031,330,5,True,False,Jetting Blow,120,False
92570266,616.5,WIN,True,30,3,MAIN,3,RESOURCE_MANAGEMENT,PLAY_ITEM,1080,PLAY,0,0,120,40,90,1,True,4,6,True,True,1,1,1,1031,330,5,1031,330,5,True,False,Jetting Blow,120,False
92570266,616.5,WIN,True,31,3,MAIN,5,RESOURCE_MANAGEMENT,PLAY_ITEM,1120,PLAY,0,0,120,40,90,1,True,4,6,True,True,1,1,1,1031,330,5,1031,330,5,True,False,Jetting Blow,120,False
92570266,616.5,WIN,True,32,3,MAIN,4,RESOURCE_MANAGEMENT,PLAY_ITEM,1120,PLAY,0,0,120,40,90,1,True,4,6,True,True,1,1,1,1031,330,5,1031,330,5,True,False,Jetting Blow,120,False
92570266,616.5,WIN,True,33,3,MAIN,3,RETREAT_SELECTION,RETREAT,,RETREAT,0,0,120,40,90,1,True,4,6,True,True,1,1,1,1031,330,5,1031,330,5,True,False,Jetting Blow,120,False
92570266,616.5,WIN,True,34,3,DISCARD_ENERGY,1,ENERGY_MANAGEMENT,,,ENERGY,0,0,120,40,90,1,True,4,6,False,True,1,1,1,1031,330,5,1031,330,5,True,False,Jetting Blow,120,False
92570266,616.5,WIN,True,35,3,SWITCH,4,ACTIVE_POKEMON_SELECTION,,,CARD,0,0,120,40,90,1,True,4,6,False,True,1,0,1,1031,330,5,1031,330,5,True,False,Jetting Blow,120,False
92570266,616.5,WIN,True,36,3,MAIN,3,TIMING,,,,1,0,235,30,30,1,False,4,6,False,True,0,0,0,1031,330,5,1031,320,4,True,False,Jetting Blow,120,True
92570266,616.5,WIN,True,37,4,TO_ACTIVE,4,ACTIVE_POKEMON_SELECTION,,,CARD,0,0,,,,,False,4,6,False,True,,,0,1031,320,4,1031,320,4,,,,,True
92570266,616.5,WIN,True,38,5,MAIN,9,RESOURCE_MANAGEMENT,ABILITY,,ABILITY,0,0,120,40,90,1,True,3,6,True,True,1,1,0,1031,320,4,1031,320,4,True,False,Jetting Blow,120,False
92570266,616.5,WIN,True,39,5,TO_HAND,2,RESOURCE_MANAGEMENT,,,CARD,0,0,120,40,90,1,True,3,6,False,True,1,1,0,1031,320,4,1031,320,4,True,False,Jetting Blow,120,False
92570266,616.5,WIN,True,40,5,MAIN,9,RESOURCE_MANAGEMENT,ABILITY,,ABILITY,0,0,120,40,90,1,True,3,6,True,True,1,1,0,1031,320,4,1031,320,4,True,False,Jetting Blow,120,False
92570266,616.5,WIN,True,41,5,TO_HAND,2,RESOURCE_MANAGEMENT,,,CARD,0,0,120,40,90,1,True,3,6,False,True,1,1,0,1031,320,4,1031,320,4,True,False,Jetting Blow,120,False
92570266,616.5,WIN,True,42,5,MAIN,9,RESOURCE_MANAGEMENT,PLAY_ITEM,1152,PLAY,0,0,120,40,90,1,True,3,6,True,True,1,1,0,1031,320,4,1031,320,4,True,False,Jetting Blow,120,False
92570266,616.5,WIN,True,43,5,TO_HAND,2,RESOURCE_MANAGEMENT,,,CARD,0,0,120,40,90,1,True,3,6,False,True,1,1,0,1031,320,4,1031,320,4,True,False,Jetting Blow,120,False
92570266,616.5,WIN,True,44,5,MAIN,8,RESOURCE_MANAGEMENT,ABILITY,,ABILITY,0,0,120,40,90,1,True,3,6,True,True,1,1,0,1031,320,4,1031,320,4,True,False,Jetting Blow,120,False
92570266,616.5,WIN,True,45,5,MAIN,10,RESOURCE_MANAGEMENT,PLAY_POKEMON,119,PLAY,0,0,120,40,90,1,True,3,6,True,True,1,1,0,1031,320,4,1031,320,4,True,False,Jetting Blow,120,False
92570266,616.5,WIN,True,46,5,MAIN,9,RESOURCE_MANAGEMENT,PLAY_ITEM,1121,PLAY,0,0,120,40,90,1,True,4,6,True,True,1,1,0,1031,320,4,1031,320,4,True,False,Jetting Blow,120,False
92570266,616.5,WIN,True,47,5,DISCARD,7,RESOURCE_MANAGEMENT,,,CARD;CARD,0,0,120,40,90,1,True,4,6,False,True,1,1,0,1031,320,4,1031,320,4,True,False,Jetting Blow,120,False
92570266,616.5,WIN,True,48,5,TO_HAND,3,RESOURCE_MANAGEMENT,,,CARD,0,0,120,40,90,1,True,4,6,False,True,1,1,0,1031,320,4,1031,320,4,True,False,Jetting Blow,120,False
92570266,616.5,WIN,True,49,5,MAIN,9,BENCH_MANAGEMENT,EVOLVE,,EVOLVE,0,0,120,40,90,1,True,4,6,True,True,1,1,0,1031,320,4,1031,320,4,True,False,Jetting Blow,120,False
92570266,616.5,WIN,True,50,5,MAIN,7,RESOURCE_MANAGEMENT,ABILITY,,ABILITY,1,0,121,270,320,2,True,4,6,True,True,1,1,0,1031,320,4,1031,320,4,False,False,Jetting Blow,120,True
92570266,616.5,WIN,True,51,5,TO_HAND,2,RESOURCE_MANAGEMENT,,,CARD,0,0,121,270,320,2,True,4,6,False,True,1,1,0,1031,320,4,1031,320,4,False,False,Jetting Blow,120,False
92570266,616.5,WIN,True,52,5,MAIN,11,RESOURCE_MANAGEMENT,PLAY_SUPPORTER,1198,PLAY,1,0,121,270,320,2,True,4,6,True,True,1,1,0,1031,320,4,1031,320,4,False,False,Jetting Blow,120,False
92570266,616.5,WIN,True,53,5,TO_HAND,5,RESOURCE_MANAGEMENT,,,CARD,0,0,121,270,320,2,True,4,6,False,True,1,1,0,1031,320,4,1031,320,4,False,False,Jetting Blow,120,False
92570266,616.5,WIN,True,54,5,ATTACH_TO,4,ENERGY_MANAGEMENT,,,CARD,0,0,121,270,320,2,True,4,6,False,True,1,1,0,1031,320,4,1031,320,4,False,False,Jetting Blow,120,False
92570266,616.5,WIN,True,55,5,ATTACH_FROM,5,ENERGY_MANAGEMENT,,,CARD,0,0,121,270,320,2,True,4,6,False,True,1,1,0,1031,320,4,1031,320,4,False,False,Jetting Blow,120,False
92570266,616.5,WIN,True,56,5,MAIN,15,ENERGY_MANAGEMENT,ATTACH_ENERGY,,ATTACH,2,0,121,270,320,2,True,4,6,True,True,1,1,0,1031,320,4,1031,320,4,False,False,Jetting Blow,120,False
92570266,616.5,WIN,True,57,5,MAIN,5,TIMING,,,,2,0,121,270,320,2,True,4,6,True,True,1,1,0,1031,320,4,1031,120,3,False,False,Jetting Blow,120,False
92570266,616.5,WIN,True,58,6,TO_ACTIVE,4,ACTIVE_POKEMON_SELECTION,,,CARD,0,0,,,,,False,4,6,False,True,,,1,1031,120,3,1031,120,3,,,,,True
92570266,616.5,WIN,True,59,7,MAIN,14,BENCH_MANAGEMENT,EVOLVE,,EVOLVE,2,0,121,270,320,2,True,3,6,True,True,1,1,0,1031,120,3,1031,120,3,False,False,Jetting Blow,120,False
92570266,616.5,WIN,True,60,7,MAIN,12,RESOURCE_MANAGEMENT,PLAY_ITEM,1097,PLAY,2,0,121,270,320,2,True,3,6,True,True,1,1,0,1031,120,3,1031,120,3,False,False,Jetting Blow,120,False
92570266,616.5,WIN,True,61,7,TO_HAND,5,RESOURCE_MANAGEMENT,,,CARD,0,0,121,270,320,2,True,3,6,False,True,1,1,0,1031,120,3,1031,120,3,False,False,Jetting Blow,120,False
92570266,616.5,WIN,True,62,7,MAIN,12,RESOURCE_MANAGEMENT,PLAY_POKEMON,119,PLAY,2,0,121,270,320,2,True,3,6,True,True,1,1,0,1031,120,3,1031,120,3,False,False,Jetting Blow,120,False
92570266,616.5,WIN,True,63,7,MAIN,12,RESOURCE_MANAGEMENT,ABILITY,,ABILITY,2,0,121,270,320,2,True,4,6,True,True,1,1,0,1031,120,3,1031,120,3,False,False,Jetting Blow,120,False
92570266,616.5,WIN,True,64,7,MAIN,13,BENCH_MANAGEMENT,EVOLVE,,EVOLVE,2,0,121,270,320,2,True,4,6,True,True,1,1,0,1031,120,3,1031,120,3,False,False,Jetting Blow,120,False
92570266,616.5,WIN,True,65,7,MAIN,13,RESOURCE_MANAGEMENT,ABILITY,,ABILITY,2,0,121,270,320,2,True,4,6,True,True,1,1,0,1031,120,3,1031,120,3,False,False,Jetting Blow,120,False
92570266,616.5,WIN,True,66,7,TO_HAND,2,RESOURCE_MANAGEMENT,,,CARD,0,0,121,270,320,2,True,4,6,False,True,1,1,0,1031,120,3,1031,120,3,False,False,Jetting Blow,120,False
92570266,616.5,WIN,True,67,7,MAIN,13,RESOURCE_MANAGEMENT,PLAY_ITEM,1121,PLAY,2,0,121,270,320,2,True,4,6,True,True,1,1,0,1031,120,3,1031,120,3,False,False,Jetting Blow,120,False
92570266,616.5,WIN,True,68,7,DISCARD,6,RESOURCE_MANAGEMENT,,,CARD;CARD,0,0,121,270,320,2,True,4,6,False,True,1,1,0,1031,120,3,1031,120,3,False,False,Jetting Blow,120,False
92570266,616.5,WIN,True,69,7,TO_HAND,1,RESOURCE_MANAGEMENT,,,CARD,0,0,121,270,320,2,True,4,6,False,True,1,1,0,1031,120,3,1031,120,3,False,False,Jetting Blow,120,False
92570266,616.5,WIN,True,70,7,MAIN,12,ENERGY_MANAGEMENT,ATTACH_ENERGY,,ATTACH,2,0,121,270,320,2,True,4,6,True,True,1,1,0,1031,120,3,1031,120,3,False,False,Jetting Blow,120,False
92570266,616.5,WIN,True,71,7,MAIN,7,RESOURCE_MANAGEMENT,PLAY_SUPPORTER,1227,PLAY,2,0,121,270,320,2,True,4,6,True,True,1,1,1,1031,120,3,1031,120,3,False,False,Jetting Blow,120,False
92570266,616.5,WIN,True,72,7,MAIN,8,RESOURCE_MANAGEMENT,PLAY_ITEM,1121,PLAY,2,0,121,270,320,2,True,4,6,True,True,1,1,1,1031,120,3,1031,120,3,False,False,Jetting Blow,120,False
92570266,616.5,WIN,True,73,7,DISCARD,7,RESOURCE_MANAGEMENT,,,CARD;CARD,0,0,121,270,320,2,True,4,6,False,True,1,1,1,1031,120,3,1031,120,3,False,False,Jetting Blow,120,False
92570266,616.5,WIN,True,74,7,TO_HAND,1,RESOURCE_MANAGEMENT,,,CARD,0,0,121,270,320,2,True,4,6,False,True,1,1,1,1031,120,3,1031,120,3,False,False,Jetting Blow,120,False
92570266,616.5,WIN,True,75,7,MAIN,7,ATTACK_SELECTION,ATTACK,,ATTACK,2,1,121,270,320,2,True,4,6,True,True,1,1,1,1031,120,3,,,3,False,False,Jetting Blow,120,False
92571127,673.9,LOSS,True,0,,,0,UNKNOWN,,,,0,0,,,,,False,,,False,False,,,0,,,,,,,,,,,False
92571127,673.9,LOSS,True,1,,,0,UNKNOWN,,,,0,0,,,,,False,,,False,False,,,0,,,,,,0,,,,,False
92571127,673.9,LOSS,True,2,0,IS_FIRST,2,GOING_FIRST_SECOND,,,YES,0,0,,,,,False,0,0,False,False,,,0,,,0,,,0,,,,,False
92571127,673.9,LOSS,True,3,0,SETUP_ACTIVE_POKEMON,1,EARLY_GAME_SETUP,,,,0,0,,,,,False,0,0,False,False,,,0,,,0,235,30,6,,,,,False
92571127,673.9,LOSS,True,4,1,MAIN,4,RESOURCE_MANAGEMENT,PLAY_STADIUM,1256,PLAY,0,0,1071,170,170,2,False,0,6,False,False,1,0,0,235,30,6,235,30,6,False,False,Itchy Pollen,10,False
92571127,673.9,LOSS,True,5,1,MAIN,3,RESOURCE_MANAGEMENT,PLAY_ITEM,1086,PLAY,0,0,1071,170,170,2,False,0,6,False,False,1,0,0,235,30,6,235,30,6,False,False,Itchy Pollen,10,False
92571127,673.9,LOSS,True,6,1,TO_BENCH,4,BENCH_MANAGEMENT,,,CARD;CARD,0,0,1071,170,170,2,False,0,6,False,False,1,0,0,235,30,6,235,30,6,False,False,Itchy Pollen,10,False
92571127,673.9,LOSS,True,7,1,MAIN,2,TIMING,,,,0,0,1071,170,170,2,False,2,6,False,True,1,0,0,235,30,6,235,30,6,False,False,Itchy Pollen,10,False
92571127,673.9,LOSS,True,8,3,MAIN,5,RESOURCE_MANAGEMENT,PLAY_SUPPORTER,1210,PLAY,0,0,1071,160,170,2,True,2,6,False,True,1,0,0,235,30,6,235,30,6,False,False,Itchy Pollen,10,False
92571127,673.9,LOSS,True,9,3,TO_HAND,9,RESOURCE_MANAGEMENT,,,CARD,0,0,1071,160,170,2,True,2,6,False,True,1,0,0,235,30,6,235,30,6,False,False,Itchy Pollen,10,False
92571127,673.9,LOSS,True,10,3,TO_HAND,2,RESOURCE_MANAGEMENT,,,CARD,0,0,1071,160,170,2,True,2,6,False,True,1,0,0,235,30,6,235,30,6,False,False,Itchy Pollen,10,False
92571127,673.9,LOSS,True,11,3,MAIN,5,RESOURCE_MANAGEMENT,PLAY_POKEMON,235,PLAY,0,0,1071,160,170,2,True,2,6,False,True,1,0,0,235,30,6,235,30,6,False,False,Itchy Pollen,10,False
92571127,673.9,LOSS,True,12,3,MAIN,4,RESOURCE_MANAGEMENT,PLAY_POKEMON,119,PLAY,0,0,1071,160,170,2,True,3,6,False,True,1,0,1,235,30,6,235,30,6,False,False,Itchy Pollen,10,False
92571127,673.9,LOSS,True,13,3,MAIN,3,BENCH_MANAGEMENT,EVOLVE,,EVOLVE,0,0,1071,160,170,2,True,4,6,False,True,1,0,1,235,30,6,235,30,6,False,False,Itchy Pollen,10,False
92571127,673.9,LOSS,True,14,3,MAIN,2,RESOURCE_MANAGEMENT,ABILITY,,ABILITY,0,0,1071,160,170,2,True,4,6,False,True,1,0,1,235,30,6,235,30,6,False,False,Itchy Pollen,10,False
92571127,673.9,LOSS,True,15,3,TO_HAND,2,RESOURCE_MANAGEMENT,,,CARD,0,0,1071,160,170,2,True,4,6,False,True,1,0,1,235,30,6,235,30,6,False,False,Itchy Pollen,10,False
92571127,673.9,LOSS,True,16,3,MAIN,1,TIMING,,,,0,0,1071,160,170,2,True,4,6,False,True,1,0,1,235,30,6,235,30,6,False,False,Itchy Pollen,10,False
92571127,673.9,LOSS,True,17,5,MAIN,4,BENCH_MANAGEMENT,EVOLVE,,EVOLVE,0,0,1071,150,170,2,True,4,6,False,True,1,0,1,235,30,6,235,30,6,False,False,Itchy Pollen,10,False
92571127,673.9,LOSS,True,18,5,MAIN,2,RESOURCE_MANAGEMENT,PLAY_SUPPORTER,1198,PLAY,0,0,1071,150,170,2,True,4,6,False,True,1,0,1,235,30,6,235,30,6,False,False,Itchy Pollen,10,False
92571127,673.9,LOSS,True,19,5,TO_HAND,7,RESOURCE_MANAGEMENT,,,CARD,0,0,1071,150,170,2,True,4,6,False,True,1,0,1,235,30,6,235,30,6,False,False,Itchy Pollen,10,False
92571127,673.9,LOSS,True,20,5,ATTACH_TO,4,ENERGY_MANAGEMENT,,,CARD,0,0,1071,150,170,2,True,4,6,False,True,1,0,1,235,30,6,235,30,6,False,False,Itchy Pollen,10,False
92571127,673.9,LOSS,True,21,5,ATTACH_FROM,5,ENERGY_MANAGEMENT,,,CARD,0,0,1071,150,170,2,True,4,6,False,True,1,0,1,235,30,6,235,30,6,False,False,Itchy Pollen,10,False
92571127,673.9,LOSS,True,22,5,MAIN,7,ENERGY_MANAGEMENT,ATTACH_ENERGY,,ATTACH,0,0,1071,150,170,2,True,4,6,True,True,1,1,1,235,30,6,235,30,6,False,False,Itchy Pollen,10,False
92571127,673.9,LOSS,True,23,5,MAIN,2,RETREAT_SELECTION,RETREAT,,RETREAT,0,0,1071,150,170,2,True,4,6,True,True,1,1,2,235,30,6,235,30,6,False,False,Itchy Pollen,10,False
92571127,673.9,LOSS,True,24,5,DISCARD_ENERGY,1,ENERGY_MANAGEMENT,,,ENERGY,0,0,1071,150,170,2,True,4,6,False,True,1,1,2,235,30,6,235,30,6,False,False,Itchy Pollen,10,False
92571127,673.9,LOSS,True,25,5,SWITCH,4,ACTIVE_POKEMON_SELECTION,,,CARD,0,0,1071,150,170,2,True,4,6,False,True,1,0,2,235,30,6,235,30,6,False,False,Itchy Pollen,10,False
92571127,673.9,LOSS,True,26,5,MAIN,2,ATTACK_SELECTION,ATTACK,,ATTACK,1,1,121,320,320,2,False,4,6,False,True,1,1,1,235,30,6,,,6,False,False,Itchy Pollen,10,True
92571127,673.9,LOSS,True,27,5,TO_HAND,6,RESOURCE_MANAGEMENT,,,,0,0,121,320,320,2,False,4,6,False,True,1,1,1,,,6,235,30,6,,,,,False
92571127,673.9,LOSS,True,28,7,MAIN,2,TIMING,,,,0,0,121,310,320,2,True,4,5,False,True,1,0,1,235,30,6,121,320,6,False,False,Itchy Pollen,10,False
92571127,673.9,LOSS,True,29,9,MAIN,5,RESOURCE_MANAGEMENT,PLAY_ITEM,1152,PLAY,0,0,121,110,320,2,True,4,5,False,True,1,0,1,121,320,6,121,320,6,True,False,Phantom Dive,200,False
92571127,673.9,LOSS,True,30,9,TO_HAND,3,RESOURCE_MANAGEMENT,,,CARD,0,0,121,110,320,2,True,4,5,False,True,1,0,1,121,320,6,121,320,6,True,False,Phantom Dive,200,False
92571127,673.9,LOSS,True,31,9,MAIN,6,BENCH_MANAGEMENT,EVOLVE,,EVOLVE,0,0,121,110,320,2,True,4,5,False,True,1,0,1,121,320,6,121,320,6,True,False,Phantom Dive,200,False
92571127,673.9,LOSS,True,32,9,MAIN,5,RESOURCE_MANAGEMENT,ABILITY,,ABILITY,0,0,121,110,320,2,True,4,5,False,True,1,0,1,121,320,6,121,320,6,True,False,Phantom Dive,200,False
92571127,673.9,LOSS,True,33,9,TO_HAND,2,RESOURCE_MANAGEMENT,,,CARD,0,0,121,110,320,2,True,4,5,False,True,1,0,1,121,320,6,121,320,6,True,False,Phantom Dive,200,False
92571127,673.9,LOSS,True,34,9,MAIN,5,RESOURCE_MANAGEMENT,PLAY_SUPPORTER,1198,PLAY,0,0,121,110,320,2,True,4,5,False,True,1,0,1,121,320,6,121,320,6,True,False,Phantom Dive,200,False
92571127,673.9,LOSS,True,35,9,TO_HAND,5,RESOURCE_MANAGEMENT,,,CARD,0,0,121,110,320,2,True,4,5,False,True,1,0,1,121,320,6,121,320,6,True,False,Phantom Dive,200,False
92571127,673.9,LOSS,True,36,9,ATTACH_TO,2,ENERGY_MANAGEMENT,,,CARD,0,0,121,110,320,2,True,4,5,False,True,1,0,1,121,320,6,121,320,6,True,False,Phantom Dive,200,False
92571127,673.9,LOSS,True,37,9,ATTACH_FROM,5,ENERGY_MANAGEMENT,,,CARD,0,0,121,110,320,2,True,4,5,False,True,1,0,1,121,320,6,121,320,6,True,False,Phantom Dive,200,False
92571127,673.9,LOSS,True,38,9,MAIN,9,ENERGY_MANAGEMENT,ATTACH_ENERGY,,ATTACH,1,0,121,110,320,2,True,4,5,True,True,1,1,1,121,320,6,121,320,6,True,False,Phantom Dive,200,False
92571127,673.9,LOSS,True,39,9,MAIN,5,ATTACK_SELECTION,ATTACK,,ATTACK,2,1,121,110,320,2,True,4,5,True,True,1,1,1,121,320,6,121,120,6,True,False,Phantom Dive,200,False
92571127,673.9,LOSS,True,40,9,DAMAGE_COUNTER_ANY,4,TARGET_SELECTION,,,CARD,0,0,121,110,320,2,True,4,5,False,True,1,1,1,121,120,6,121,120,6,True,False,Phantom Dive,200,False
92571127,673.9,LOSS,True,41,9,DAMAGE_COUNTER_ANY,4,TARGET_SELECTION,,,CARD,0,0,121,110,320,2,True,4,5,False,True,1,1,1,121,120,6,121,120,6,True,False,Phantom Dive,200,False
92571127,673.9,LOSS,True,42,9,DAMAGE_COUNTER_ANY,4,TARGET_SELECTION,,,CARD,0,0,121,110,320,2,True,4,5,False,True,1,1,1,121,120,6,121,120,6,True,False,Phantom Dive,200,False
92571127,673.9,LOSS,True,43,9,DAMAGE_COUNTER_ANY,4,TARGET_SELECTION,,,CARD,0,0,121,110,320,2,True,4,5,False,True,1,1,1,121,120,6,121,120,6,True,False,Phantom Dive,200,False
92571127,673.9,LOSS,True,44,9,DAMAGE_COUNTER_ANY,4,TARGET_SELECTION,,,CARD,0,0,121,110,320,2,True,4,5,False,True,1,1,1,121,120,6,121,120,6,True,False,Phantom Dive,200,False
92571127,673.9,LOSS,True,45,9,DAMAGE_COUNTER_ANY,4,TARGET_SELECTION,,,CARD,0,0,121,110,320,2,True,4,5,False,True,1,1,1,121,120,6,121,120,6,True,False,Phantom Dive,200,False
92571127,673.9,LOSS,True,46,9,TO_HAND,5,RESOURCE_MANAGEMENT,,,,0,0,121,110,320,2,True,4,5,False,True,1,1,1,121,120,6,121,120,2,True,False,Phantom Dive,200,False
92571127,673.9,LOSS,True,47,10,TO_ACTIVE,2,ACTIVE_POKEMON_SELECTION,,,CARD,0,0,,,,,False,2,4,False,True,,,0,121,120,2,121,120,2,,,,,True
92571127,673.9,LOSS,True,48,11,MAIN,7,RESOURCE_MANAGEMENT,PLAY_POKEMON,119,PLAY,0,0,119,70,70,1,False,1,4,False,True,1,0,0,121,120,2,121,120,2,True,False,Phantom Dive,200,False
92571127,673.9,LOSS,True,49,11,MAIN,7,ENERGY_MANAGEMENT,ATTACH_ENERGY,,ATTACH,0,0,119,70,70,1,False,2,4,False,True,1,0,0,121,120,2,121,120,2,True,False,Phantom Dive,200,False
92571127,673.9,LOSS,True,50,11,MAIN,4,RESOURCE_MANAGEMENT,PLAY_SUPPORTER,1227,PLAY,0,0,119,70,70,1,False,2,4,False,True,1,0,1,121,120,2,121,120,2,True,False,Phantom Dive,200,False
92571127,673.9,LOSS,True,51,11,MAIN,4,RESOURCE_MANAGEMENT,PLAY_POKEMON,140,PLAY,0,0,119,70,70,1,False,2,4,False,True,1,0,1,121,120,2,121,120,2,True,False,Phantom Dive,200,False
92571127,673.9,LOSS,True,52,11,MAIN,4,RESOURCE_MANAGEMENT,ABILITY,,ABILITY,0,0,119,70,70,1,False,3,4,False,True,1,0,1,121,120,2,121,120,2,True,False,Phantom Dive,200,False
92571127,673.9,LOSS,True,53,11,MAIN,5,RESOURCE_MANAGEMENT,PLAY_ITEM,1152,PLAY,0,0,119,70,70,1,False,3,4,False,True,1,0,1,121,120,2,121,120,2,True,False,Phantom Dive,200,False
92571127,673.9,LOSS,True,54,11,TO_HAND,2,RESOURCE_MANAGEMENT,,,CARD,0,0,119,70,70,1,False,3,4,False,True,1,0,1,121,120,2,121,120,2,True,False,Phantom Dive,200,False
92571127,673.9,LOSS,True,55,11,MAIN,5,RESOURCE_MANAGEMENT,PLAY_ITEM,1121,PLAY,0,0,119,70,70,1,False,3,4,False,True,1,0,1,121,120,2,121,120,2,True,False,Phantom Dive,200,False
92571127,673.9,LOSS,True,56,11,DISCARD,7,RESOURCE_MANAGEMENT,,,CARD;CARD,0,0,119,70,70,1,False,3,4,False,True,1,0,1,121,120,2,121,120,2,True,False,Phantom Dive,200,False
92571127,673.9,LOSS,True,57,11,TO_HAND,4,RESOURCE_MANAGEMENT,,,CARD,0,0,119,70,70,1,False,3,4,False,True,1,0,1,121,120,2,121,120,2,True,False,Phantom Dive,200,False
92571127,673.9,LOSS,True,58,11,MAIN,3,RESOURCE_MANAGEMENT,PLAY_POKEMON,184,PLAY,0,0,119,70,70,1,False,3,4,False,True,1,0,1,121,120,2,121,120,2,True,False,Phantom Dive,200,False
92571127,673.9,LOSS,True,59,11,MAIN,3,BENCH_MANAGEMENT,EVOLVE,,EVOLVE,0,0,119,70,70,1,False,4,4,True,True,1,0,1,121,120,2,121,120,2,True,False,Phantom Dive,200,False
92571127,673.9,LOSS,True,60,11,MAIN,2,RESOURCE_MANAGEMENT,ABILITY,,ABILITY,0,0,120,90,90,1,False,4,4,False,True,1,0,1,121,120,2,121,120,2,True,False,Phantom Dive,200,True
92571127,673.9,LOSS,True,61,11,TO_HAND,2,RESOURCE_MANAGEMENT,,,CARD,0,0,120,90,90,1,False,4,4,False,True,1,0,1,121,120,2,121,120,2,True,False,Phantom Dive,200,False
92571771,797.6,LOSS,True,0,,,0,UNKNOWN,,,,0,0,,,,,False,,,False,False,,,0,,,,,,,,,,,False
92571771,797.6,LOSS,True,1,,,0,UNKNOWN,,,,0,0,,,,,False,,,False,False,,,0,,,,,,0,,,,,False
92571771,797.6,LOSS,True,2,0,IS_FIRST,2,GOING_FIRST_SECOND,,,YES,0,0,,,,,False,0,0,False,False,,,0,,,0,,,0,,,,,False
92571771,797.6,LOSS,True,3,0,SETUP_ACTIVE_POKEMON,2,EARLY_GAME_SETUP,,,,0,0,,,,,False,0,0,False,False,,,0,,,0,,,6,,,,,False
92571771,797.6,LOSS,True,4,0,SETUP_BENCH_POKEMON,1,BENCH_MANAGEMENT,,,,0,0,,,,,False,0,6,False,False,,,0,,,6,65,60,6,,,,,False
92571771,797.6,LOSS,True,5,1,MAIN,5,ENERGY_MANAGEMENT,ATTACH_ENERGY,,ATTACH,0,0,235,30,30,1,False,0,6,False,False,0,0,0,65,60,6,65,60,6,False,False,,,False
92571771,797.6,LOSS,True,6,1,MAIN,4,RESOURCE_MANAGEMENT,PLAY_POKEMON,119,PLAY,0,0,235,30,30,1,False,0,6,False,False,0,0,0,65,60,6,65,60,6,False,False,,,False
92571771,797.6,LOSS,True,7,1,MAIN,5,RESOURCE_MANAGEMENT,PLAY_ITEM,1152,PLAY,0,0,235,30,30,1,False,1,6,True,True,0,0,0,65,60,6,65,60,6,False,False,,,False
92571771,797.6,LOSS,True,8,1,TO_HAND,6,RESOURCE_MANAGEMENT,,,CARD,0,0,235,30,30,1,False,1,6,False,True,0,0,0,65,60,6,65,60,6,False,False,,,False
92571771,797.6,LOSS,True,9,1,MAIN,5,RESOURCE_MANAGEMENT,PLAY_POKEMON,119,PLAY,0,0,235,30,30,1,False,1,6,True,True,0,0,0,65,60,6,65,60,6,False,False,,,False
92571771,797.6,LOSS,True,10,1,MAIN,5,ENERGY_MANAGEMENT,ATTACH_ENERGY,,ATTACH,0,0,235,30,30,1,False,2,6,True,True,0,0,0,65,60,6,65,60,6,False,False,,,False
92571771,797.6,LOSS,True,11,1,MAIN,2,TIMING,,,,0,0,235,30,30,1,False,2,6,True,True,0,0,1,65,60,6,65,60,6,False,False,,,False
92571771,797.6,LOSS,True,12,3,MAIN,8,RESOURCE_MANAGEMENT,PLAY_SUPPORTER,1210,PLAY,1,0,235,30,30,1,False,2,6,True,True,0,0,1,65,60,6,65,60,6,False,False,,,False
92571771,797.6,LOSS,True,13,3,TO_HAND,10,RESOURCE_MANAGEMENT,,,CARD,0,0,235,30,30,1,False,2,6,False,True,0,0,1,65,60,6,65,60,6,False,False,,,False
92571771,797.6,LOSS,True,14,3,TO_HAND,5,RESOURCE_MANAGEMENT,,,CARD,0,0,235,30,30,1,False,2,6,False,True,0,0,1,65,60,6,65,60,6,False,False,,,False
92571771,797.6,LOSS,True,15,3,MAIN,9,RESOURCE_MANAGEMENT,PLAY_POKEMON,119,PLAY,1,0,235,30,30,1,False,2,6,True,True,0,0,1,65,60,6,65,60,6,False,False,,,False
92571771,797.6,LOSS,True,16,3,MAIN,8,RESOURCE_MANAGEMENT,PLAY_POKEMON,119,PLAY,1,0,235,30,30,1,False,3,6,True,True,0,0,1,65,60,6,65,60,6,False,False,,,False
92571771,797.6,LOSS,True,17,3,MAIN,7,BENCH_MANAGEMENT,EVOLVE,,EVOLVE,1,0,235,30,30,1,False,4,6,True,True,0,0,1,65,60,6,65,60,6,False,False,,,False
92571771,797.6,LOSS,True,18,3,MAIN,5,RESOURCE_MANAGEMENT,ABILITY,,ABILITY,1,0,235,30,30,1,False,4,6,True,True,0,0,0,65,60,6,65,60,6,False,False,,,False
92571771,797.6,LOSS,True,19,3,TO_HAND,2,RESOURCE_MANAGEMENT,,,CARD,0,0,235,30,30,1,False,4,6,False,True,0,0,0,65,60,6,65,60,6,False,False,,,False
92571771,797.6,LOSS,True,20,3,MAIN,5,BENCH_MANAGEMENT,EVOLVE,,EVOLVE,1,0,235,30,30,1,False,4,6,True,True,0,0,0,65,60,6,65,60,6,False,False,,,False
92571771,797.6,LOSS,True,21,3,MAIN,5,RESOURCE_MANAGEMENT,ABILITY,,ABILITY,1,0,235,30,30,1,False,4,6,True,True,0,0,0,65,60,6,65,60,6,False,False,,,False
92571771,797.6,LOSS,True,22,3,TO_HAND,2,RESOURCE_MANAGEMENT,,,CARD,0,0,235,30,30,1,False,4,6,False,True,0,0,0,65,60,6,65,60,6,False,False,,,False
92571771,797.6,LOSS,True,23,3,MAIN,4,TIMING,,,,1,0,235,30,30,1,False,4,6,True,True,0,0,0,65,60,6,65,50,6,False,False,,,False
92571771,797.6,LOSS,True,24,5,MAIN,15,BENCH_MANAGEMENT,EVOLVE,,EVOLVE,1,0,235,30,30,1,False,4,6,True,True,0,0,0,65,50,6,65,50,6,False,False,,,False
92571771,797.6,LOSS,True,25,5,MAIN,12,RESOURCE_MANAGEMENT,ABILITY,,ABILITY,1,0,235,30,30,1,False,4,6,True,True,0,0,1,65,50,6,65,50,6,False,False,,,False
92571771,797.6,LOSS,True,26,5,TO_HAND,2,RESOURCE_MANAGEMENT,,,CARD,0,0,235,30,30,1,False,4,6,False,True,0,0,1,65,50,6,65,50,6,False,False,,,False
92571771,797.6,LOSS,True,27,5,MAIN,12,RESOURCE_MANAGEMENT,PLAY_POKEMON,1071,PLAY,1,0,235,30,30,1,False,4,6,True,True,0,0,1,65,50,6,65,50,6,False,False,,,False
92571771,797.6,LOSS,True,28,5,ACTIVATE,2,RESOURCE_MANAGEMENT,,,YES,0,0,235,30,30,1,False,5,6,False,True,0,0,1,65,50,6,65,50,6,False,False,,,False
92571771,797.6,LOSS,True,29,5,TO_HAND,11,RESOURCE_MANAGEMENT,,,CARD,0,0,235,30,30,1,False,5,6,False,True,0,0,1,65,50,6,65,50,6,False,False,,,False
92571771,797.6,LOSS,True,30,5,MAIN,12,RESOURCE_MANAGEMENT,PLAY_SUPPORTER,1198,PLAY,1,0,235,30,30,1,False,5,6,True,True,0,0,1,65,50,6,65,50,6,False,False,,,False
92571771,797.6,LOSS,True,31,5,TO_HAND,5,RESOURCE_MANAGEMENT,,,CARD,0,0,235,30,30,1,False,5,6,False,True,0,0,1,65,50,6,65,50,6,False,False,,,False
92571771,797.6,LOSS,True,32,5,ATTACH_TO,2,ENERGY_MANAGEMENT,,,CARD,0,0,235,30,30,1,False,5,6,False,True,0,0,1,65,50,6,65,50,6,False,False,,,False
92571771,797.6,LOSS,True,33,5,ATTACH_FROM,6,ENERGY_MANAGEMENT,,,CARD,0,0,235,30,30,1,False,5,6,False,True,0,0,1,65,50,6,65,50,6,False,False,,,False
92571771,797.6,LOSS,True,34,5,MAIN,17,BENCH_MANAGEMENT,EVOLVE,,EVOLVE,1,0,235,30,30,1,False,5,6,True,True,0,0,1,65,50,6,65,50,6,False,False,,,False
92571771,797.6,LOSS,True,35,5,MAIN,16,RESOURCE_MANAGEMENT,ABILITY,,ABILITY,1,0,235,30,30,1,False,5,6,True,True,0,0,1,65,50,6,65,50,6,False,False,,,False
92571771,797.6,LOSS,True,36,5,TO_HAND,2,RESOURCE_MANAGEMENT,,,CARD,0,0,235,30,30,1,False,5,6,False,True,0,0,1,65,50,6,65,50,6,False,False,,,False
92571771,797.6,LOSS,True,37,5,MAIN,15,ENERGY_MANAGEMENT,ATTACH_ENERGY,,ATTACH,1,0,235,30,30,1,False,5,6,True,True,0,0,1,65,50,6,65,50,6,False,False,,,False
92571771,797.6,LOSS,True,38,5,MAIN,3,RETREAT_SELECTION,RETREAT,,RETREAT,1,0,235,30,30,1,False,5,6,True,True,0,0,1,65,50,6,65,50,6,False,False,,,False
92571771,797.6,LOSS,True,39,5,SWITCH,5,ACTIVE_POKEMON_SELECTION,,,CARD,0,0,235,30,30,1,False,5,6,False,True,0,0,1,65,50,6,65,50,6,False,False,,,False
92571771,797.6,LOSS,True,40,5,MAIN,3,ATTACK_SELECTION,ATTACK,,ATTACK,2,1,121,320,320,2,False,5,6,False,True,1,1,1,65,50,6,65,0,6,False,False,,,True
92571771,797.6,LOSS,True,41,5,DAMAGE_COUNTER_ANY,5,TARGET_SELECTION,,,CARD,0,0,121,320,320,2,False,5,6,False,True,1,1,1,65,0,6,65,0,6,False,False,,,False
92571771,797.6,LOSS,True,42,5,DAMAGE_COUNTER_ANY,5,TARGET_SELECTION,,,CARD,0,0,121,320,320,2,False,5,6,False,True,1,1,1,65,0,6,65,0,6,False,False,,,False
92571771,797.6,LOSS,True,43,5,DAMAGE_COUNTER_ANY,5,TARGET_SELECTION,,,CARD,0,0,121,320,320,2,False,5,6,False,True,1,1,1,65,0,6,65,0,6,False,False,,,False
92571771,797.6,LOSS,True,44,5,DAMAGE_COUNTER_ANY,5,TARGET_SELECTION,,,CARD,0,0,121,320,320,2,False,5,6,False,True,1,1,1,65,0,6,65,0,6,False,False,,,False
92571771,797.6,LOSS,True,45,5,DAMAGE_COUNTER_ANY,5,TARGET_SELECTION,,,CARD,0,0,121,320,320,2,False,5,6,False,True,1,1,1,65,0,6,65,0,6,False,False,,,False
92571771,797.6,LOSS,True,46,5,DAMAGE_COUNTER_ANY,5,TARGET_SELECTION,,,CARD,0,0,121,320,320,2,False,5,6,False,True,1,1,1,65,0,6,,,6,False,False,,,False
92571771,797.6,LOSS,True,47,5,TO_HAND,6,RESOURCE_MANAGEMENT,,,,0,0,121,320,320,2,False,5,6,False,True,1,1,1,,,6,743,140,4,,,,,False
92571771,797.6,LOSS,True,48,6,TO_ACTIVE,5,ACTIVE_POKEMON_SELECTION,,,CARD,0,0,,,,,False,5,5,False,True,,,1,743,140,4,743,140,4,,,,,True
92571771,797.6,LOSS,True,49,7,MAIN,13,RESOURCE_MANAGEMENT,PLAY_POKEMON,140,PLAY,1,0,235,30,30,1,False,4,5,True,True,0,0,0,743,140,4,743,140,4,False,False,Powerful Hand,0,False
92571771,797.6,LOSS,True,50,7,MAIN,13,RESOURCE_MANAGEMENT,ABILITY,,ABILITY,1,0,235,30,30,1,False,5,5,True,True,0,0,0,743,140,4,743,140,4,False,False,Powerful Hand,0,False
92571771,797.6,LOSS,True,51,7,TO_HAND,2,RESOURCE_MANAGEMENT,,,CARD,0,0,235,30,30,1,False,5,5,False,True,0,0,0,743,140,4,743,140,4,False,False,Powerful Hand,0,False
92571771,797.6,LOSS,True,52,7,MAIN,13,RESOURCE_MANAGEMENT,ABILITY,,ABILITY,1,0,235,30,30,1,False,5,5,True,True,0,0,0,743,140,4,743,140,4,False,False,Powerful Hand,0,False
92571771,797.6,LOSS,True,53,7,TO_HAND,2,RESOURCE_MANAGEMENT,,,CARD,0,0,235,30,30,1,False,5,5,False,True,0,0,0,743,140,4,743,140,4,False,False,Powerful Hand,0,False
92571771,797.6,LOSS,True,54,7,MAIN,13,RESOURCE_MANAGEMENT,ABILITY,,ABILITY,1,0,235,30,30,1,False,5,5,True,True,0,0,0,743,140,4,743,140,4,False,False,Powerful Hand,0,False
92571771,797.6,LOSS,True,55,7,MAIN,20,RESOURCE_MANAGEMENT,PLAY_ITEM,1121,PLAY,1,0,235,30,30,1,False,5,5,True,True,0,0,0,743,140,4,743,140,4,False,False,Powerful Hand,0,False
92571771,797.6,LOSS,True,56,7,DISCARD,8,RESOURCE_MANAGEMENT,,,CARD;CARD,0,0,235,30,30,1,False,5,5,False,True,0,0,0,743,140,4,743,140,4,False,False,Powerful Hand,0,False
92571771,797.6,LOSS,True,57,7,TO_HAND,4,RESOURCE_MANAGEMENT,,,CARD,0,0,235,30,30,1,False,5,5,False,True,0,0,0,743,140,4,743,140,4,False,False,Powerful Hand,0,False
92571771,797.6,LOSS,True,58,7,MAIN,16,RESOURCE_MANAGEMENT,PLAY_ITEM,1079,PLAY,1,0,235,30,30,1,False,5,5,True,True,0,0,0,743,140,4,743,140,4,False,False,Powerful Hand,0,False
92571771,797.6,LOSS,True,59,7,EVOLVE,1,BENCH_MANAGEMENT,,,EVOLVE,0,0,235,30,30,1,False,5,5,False,True,0,0,0,743,140,4,743,140,4,False,False,Powerful Hand,0,False
92571771,797.6,LOSS,True,60,7,MAIN,13,ENERGY_MANAGEMENT,ATTACH_ENERGY,,ATTACH,1,0,235,30,30,1,False,5,5,True,True,0,0,1,743,140,4,743,140,4,False,False,Powerful Hand,0,False
92571771,797.6,LOSS,True,61,7,MAIN,7,RESOURCE_MANAGEMENT,PLAY_SUPPORTER,1182,PLAY,1,0,235,30,30,1,False,5,5,True,True,0,0,1,743,140,4,743,140,4,False,False,Powerful Hand,0,False
92571771,797.6,LOSS,True,62,7,SWITCH,5,ACTIVE_POKEMON_SELECTION,,,CARD,0,0,235,30,30,1,False,5,5,False,True,0,0,1,743,140,4,140,210,4,False,False,Powerful Hand,0,False
92571771,797.6,LOSS,True,63,7,MAIN,5,RETREAT_SELECTION,RETREAT,,RETREAT,1,0,235,30,30,1,False,5,5,True,True,0,0,1,140,210,4,140,210,4,False,False,,,False
92571771,797.6,LOSS,True,64,7,SWITCH,5,ACTIVE_POKEMON_SELECTION,,,CARD,0,0,235,30,30,1,False,5,5,False,True,0,0,1,140,210,4,140,210,4,False,False,,,False
92571771,797.6,LOSS,True,65,7,MAIN,5,ATTACK_SELECTION,ATTACK,,ATTACK,2,1,121,320,320,2,False,5,5,False,True,1,1,1,140,210,4,140,10,4,False,False,,,True
92571771,797.6,LOSS,True,66,7,DAMAGE_COUNTER_ANY,5,TARGET_SELECTION,,,CARD,0,0,121,320,320,2,False,5,5,False,True,1,1,1,140,10,4,140,10,4,False,False,,,False
92571771,797.6,LOSS,True,67,7,DAMAGE_COUNTER_ANY,5,TARGET_SELECTION,,,CARD,0,0,121,320,320,2,False,5,5,False,True,1,1,1,140,10,4,140,10,4,False,False,,,False
92571771,797.6,LOSS,True,68,7,DAMAGE_COUNTER_ANY,5,TARGET_SELECTION,,,CARD,0,0,121,320,320,2,False,5,5,False,True,1,1,1,140,10,4,140,10,4,False,False,,,False
92571771,797.6,LOSS,True,69,7,DAMAGE_COUNTER_ANY,5,TARGET_SELECTION,,,CARD,0,0,121,320,320,2,False,5,5,False,True,1,1,1,140,10,4,140,10,4,False,False,,,False
92571771,797.6,LOSS,True,70,7,DAMAGE_COUNTER_ANY,5,TARGET_SELECTION,,,CARD,0,0,121,320,320,2,False,5,5,False,True,1,1,1,140,10,4,140,10,4,False,False,,,False
92571771,797.6,LOSS,True,71,7,DAMAGE_COUNTER_ANY,5,TARGET_SELECTION,,,,0,0,121,320,320,2,False,5,5,False,True,1,1,1,140,10,4,743,140,2,False,False,,,False
92571771,797.6,LOSS,True,72,8,TO_ACTIVE,5,ACTIVE_POKEMON_SELECTION,,,CARD,0,0,,,,,False,5,5,False,True,,,1,743,140,2,743,140,2,,,,,True
92571771,797.6,LOSS,True,73,9,MAIN,10,RESOURCE_MANAGEMENT,PLAY_ITEM,1097,PLAY,1,0,235,30,30,1,False,4,5,True,True,0,0,0,743,140,2,743,140,2,False,False,Powerful Hand,0,False
92571771,797.6,LOSS,True,74,9,TO_HAND,11,RESOURCE_MANAGEMENT,,,CARD,0,0,235,30,30,1,False,4,5,False,True,0,0,0,743,140,2,743,140,2,False,False,Powerful Hand,0,False
92571771,797.6,LOSS,True,75,9,MAIN,11,BENCH_MANAGEMENT,EVOLVE,,EVOLVE,1,0,235,30,30,1,False,4,5,True,True,0,0,0,743,140,2,743,140,2,False,False,Powerful Hand,0,False
92571771,797.6,LOSS,True,76,9,MAIN,8,RESOURCE_MANAGEMENT,PLAY_ITEM,1097,PLAY,1,0,235,30,30,1,False,4,5,True,True,0,0,0,743,140,2,743,140,2,False,False,Powerful Hand,0,False
92571771,797.6,LOSS,True,77,9,TO_HAND,10,RESOURCE_MANAGEMENT,,,CARD,0,0,235,30,30,1,False,4,5,False,True,0,0,0,743,140,2,743,140,2,False,False,Powerful Hand,0,False
92571771,797.6,LOSS,True,78,9,MAIN,8,RESOURCE_MANAGEMENT,PLAY_POKEMON,119,PLAY,1,0,235,30,30,1,False,4,5,True,True,0,0,0,743,140,2,743,140,2,False,False,Powerful Hand,0,False
92571771,797.6,LOSS,True,79,9,MAIN,7,RESOURCE_MANAGEMENT,PLAY_ITEM,1120,PLAY,1,0,235,30,30,1,False,5,5,True,True,0,0,0,743,140,2,743,140,2,False,False,Powerful Hand,0,False
92571771,797.6,LOSS,True,80,9,DISCARD_ENERGY,2,ENERGY_MANAGEMENT,,,ENERGY,0,0,235,30,30,1,False,5,5,False,True,0,0,0,743,140,2,743,140,2,False,False,Powerful Hand,0,False
92571771,797.6,LOSS,True,81,9,MAIN,6,RESOURCE_MANAGEMENT,ABILITY,,ABILITY,1,0,235,30,30,1,False,5,5,True,True,0,0,0,743,140,2,743,140,2,False,False,,,False
92571771,797.6,LOSS,True,82,9,TO_HAND,2,RESOURCE_MANAGEMENT,,,CARD,0,0,235,30,30,1,False,5,5,False,True,0,0,0,743,140,2,743,140,2,False,False,,,False
92571771,797.6,LOSS,True,83,9,MAIN,6,RESOURCE_MANAGEMENT,PLAY_ITEM,1152,PLAY,1,0,235,30,30,1,False,5,5,True,True,0,0,0,743,140,2,743,140,2,False,False,,,False
92571771,797.6,LOSS,True,84,9,TO_HAND,1,RESOURCE_MANAGEMENT,,,CARD,0,0,235,30,30,1,False,5,5,False,True,0,0,0,743,140,2,743,140,2,False,False,,,False
92571771,797.6,LOSS,True,85,9,MAIN,5,RESOURCE_MANAGEMENT,ABILITY,,ABILITY,1,0,235,30,30,1,False,5,5,True,True,0,0,0,743,140,2,743,140,2,False,False,,,False
92571771,797.6,LOSS,True,86,9,MAIN,5,RESOURCE_MANAGEMENT,PLAY_SUPPORTER,1227,PLAY,1,0,235,30,30,1,False,5,5,True,True,0,0,0,743,140,2,743,140,2,False,False,,,False
92571771,797.6,LOSS,True,87,9,MAIN,10,ENERGY_MANAGEMENT,ATTACH_ENERGY,,ATTACH,1,0,235,30,30,1,False,5,5,True,True,0,0,0,743,140,2,743,140,2,False,False,,,False
92572051,673.4,LOSS,False,0,,,0,UNKNOWN,,,,0,0,,,,,False,,,False,False,,,0,,,,,,,,,,,False
92572051,673.4,LOSS,False,1,,,0,UNKNOWN,,,,0,0,,,,,False,,,False,False,,,0,,,,,,0,,,,,False
92572051,673.4,LOSS,False,2,0,SETUP_ACTIVE_POKEMON,2,EARLY_GAME_SETUP,,,CARD,0,0,,,,,False,0,0,False,False,,,0,,,0,,,6,,,,,False
92572051,673.4,LOSS,False,3,0,SETUP_BENCH_POKEMON,1,BENCH_MANAGEMENT,,,,0,0,,,,,False,0,6,False,False,,,0,,,6,676,110,6,,,,,False
92572051,673.4,LOSS,False,4,2,MAIN,9,ENERGY_MANAGEMENT,ATTACH_ENERGY,,ATTACH,1,0,235,30,30,1,False,1,6,True,True,0,0,0,676,110,6,676,110,6,False,True,,,False
92572051,673.4,LOSS,False,5,2,MAIN,5,RESOURCE_MANAGEMENT,PLAY_SUPPORTER,1227,PLAY,1,0,235,30,30,1,False,1,6,True,True,0,0,0,676,110,6,676,110,6,False,True,,,False
92572051,673.4,LOSS,False,6,2,MAIN,6,RESOURCE_MANAGEMENT,PLAY_POKEMON,184,PLAY,1,0,235,30,30,1,False,1,6,True,True,0,0,0,676,110,6,676,110,6,False,True,,,False
92572051,673.4,LOSS,False,7,2,MAIN,5,TIMING,,,,1,0,235,30,30,1,False,2,6,True,True,0,0,0,676,110,6,676,90,5,False,True,,,False
92572051,673.4,LOSS,False,8,3,TO_ACTIVE,2,ACTIVE_POKEMON_SELECTION,,,CARD,0,0,,,,,False,2,6,False,True,,,0,676,90,5,676,90,5,,,,,True
92572051,673.4,LOSS,False,9,4,MAIN,9,RESOURCE_MANAGEMENT,PLAY_ITEM,1097,PLAY,0,0,119,70,70,1,False,1,6,True,True,1,1,0,676,90,5,676,90,5,True,False,Cosmic Beam,70,False
92572051,673.4,LOSS,False,10,4,TO_HAND,1,RESOURCE_MANAGEMENT,,,CARD,0,0,119,70,70,1,False,1,6,False,True,1,1,0,676,90,5,676,90,5,True,False,Cosmic Beam,70,False
92572051,673.4,LOSS,False,11,4,MAIN,9,RESOURCE_MANAGEMENT,PLAY_POKEMON,235,PLAY,0,0,119,70,70,1,False,1,6,True,True,1,1,0,676,90,5,676,90,5,True,False,Cosmic Beam,70,False
92572051,673.4,LOSS,False,12,4,MAIN,9,RESOURCE_MANAGEMENT,PLAY_ITEM,1120,PLAY,0,0,119,70,70,1,False,2,6,True,True,1,1,1,676,90,5,676,90,5,True,False,Cosmic Beam,70,False
92572051,673.4,LOSS,False,13,4,DISCARD_ENERGY,2,ENERGY_MANAGEMENT,,,ENERGY,0,0,119,70,70,1,False,2,6,False,True,1,1,1,676,90,5,676,90,5,True,False,Cosmic Beam,70,False
92572051,673.4,LOSS,False,14,4,MAIN,8,RESOURCE_MANAGEMENT,PLAY_SUPPORTER,1198,PLAY,0,0,119,70,70,1,False,2,6,True,True,1,1,1,676,90,5,676,90,5,True,False,Cosmic Beam,70,False
92572051,673.4,LOSS,False,15,4,TO_HAND,4,RESOURCE_MANAGEMENT,,,CARD,0,0,119,70,70,1,False,2,6,False,True,1,1,1,676,90,5,676,90,5,True,False,Cosmic Beam,70,False
92572051,673.4,LOSS,False,16,4,ATTACH_TO,3,ENERGY_MANAGEMENT,,,CARD,0,0,119,70,70,1,False,2,6,False,True,1,1,1,676,90,5,676,90,5,True,False,Cosmic Beam,70,False
92572051,673.4,LOSS,False,17,4,ATTACH_FROM,3,ENERGY_MANAGEMENT,,,CARD,0,0,119,70,70,1,False,2,6,False,True,1,1,1,676,90,5,676,90,5,True,False,Cosmic Beam,70,False
92572051,673.4,LOSS,False,18,4,MAIN,12,RETREAT_SELECTION,RETREAT,,RETREAT,2,0,119,70,70,1,False,2,6,True,True,1,1,1,676,90,5,676,90,5,True,False,Cosmic Beam,70,False
92572051,673.4,LOSS,False,19,4,SWITCH,2,ACTIVE_POKEMON_SELECTION,,,CARD,0,0,119,70,70,1,False,2,6,False,True,1,1,1,676,90,5,676,90,5,True,False,Cosmic Beam,70,False
92572051,673.4,LOSS,False,20,4,MAIN,10,TIMING,,,,1,0,235,30,30,1,False,2,6,False,True,0,0,1,676,90,5,676,70,4,True,False,Cosmic Beam,70,True
92572051,673.4,LOSS,False,21,5,TO_ACTIVE,2,ACTIVE_POKEMON_SELECTION,,,CARD,0,0,,,,,False,2,6,False,True,,,1,676,70,4,676,70,4,,,,,True
92572051,673.4,LOSS,False,22,6,MAIN,11,RESOURCE_MANAGEMENT,PLAY_ITEM,1120,PLAY,2,0,119,70,70,1,False,1,6,True,True,1,1,0,676,70,4,676,70,4,True,False,Cosmic Beam,70,False
92572051,673.4,LOSS,False,23,6,MAIN,10,TIMING,,,,2,0,119,70,70,1,False,1,6,True,True,1,1,0,676,70,4,678,340,2,True,False,Cosmic Beam,70,False
92572051,673.4,LOSS,False,24,7,TO_ACTIVE,1,ACTIVE_POKEMON_SELECTION,,,CARD,0,0,,,,,False,1,6,False,True,,,1,678,340,2,678,340,2,,,,,True
92572051,673.4,LOSS,False,25,8,MAIN,8,RESOURCE_MANAGEMENT,PLAY_ITEM,1086,PLAY,2,0,119,70,70,1,False,0,6,False,False,1,1,0,678,340,2,678,340,2,True,False,Mega Brave,270,False
92572051,673.4,LOSS,False,26,8,TO_BENCH,4,BENCH_MANAGEMENT,,,CARD;CARD,0,0,119,70,70,1,False,0,6,False,False,1,1,0,678,340,2,678,340,2,True,False,Mega Brave,270,False
92572051,673.4,LOSS,False,27,8,MAIN,12,ENERGY_MANAGEMENT,ATTACH_ENERGY,,ATTACH,2,0,119,70,70,1,False,2,6,True,True,1,1,1,678,340,2,678,340,2,True,False,Mega Brave,270,False
92572051,673.4,LOSS,False,28,8,MAIN,6,RETREAT_SELECTION,RETREAT,,RETREAT,2,0,119,70,70,1,False,2,6,True,True,1,1,1,678,340,2,678,340,2,True,False,Mega Brave,270,False
92572051,673.4,LOSS,False,29,8,DISCARD_ENERGY,2,ENERGY_MANAGEMENT,,,ENERGY,0,0,119,70,70,1,False,2,6,False,True,1,1,1,678,340,2,678,340,2,True,False,Mega Brave,270,False
92572051,673.4,LOSS,False,30,8,SWITCH,2,ACTIVE_POKEMON_SELECTION,,,CARD,0,0,119,70,70,1,False,2,6,False,True,1,1,1,678,340,2,678,340,2,True,False,Mega Brave,270,False
92572051,673.4,LOSS,False,31,8,MAIN,4,TIMING,,,,1,0,235,30,30,1,False,2,6,False,True,0,0,1,678,340,2,678,430,1,True,False,Mega Brave,270,True
92572051,673.4,LOSS,False,32,9,TO_ACTIVE,2,ACTIVE_POKEMON_SELECTION,,,CARD,0,0,,,,,False,2,6,False,True,,,1,678,430,1,678,430,1,,,,,True
92572051,673.4,LOSS,False,33,10,MAIN,8,RESOURCE_MANAGEMENT,PLAY_ITEM,1152,PLAY,1,0,119,70,70,1,False,1,6,True,True,1,1,0,678,430,1,678,430,1,True,False,Mega Brave,270,False
92572051,673.4,LOSS,False,34,10,TO_HAND,6,RESOURCE_MANAGEMENT,,,CARD,0,0,119,70,70,1,False,1,6,False,True,1,1,0,678,430,1,678,430,1,True,False,Mega Brave,270,False
92572051,673.4,LOSS,False,35,10,MAIN,9,BENCH_MANAGEMENT,EVOLVE,,EVOLVE,1,0,119,70,70,1,False,1,6,True,True,1,1,0,678,430,1,678,430,1,True,False,Mega Brave,270,False
92572051,673.4,LOSS,False,36,10,MAIN,7,RESOURCE_MANAGEMENT,ABILITY,,ABILITY,0,0,120,90,90,1,False,1,6,True,True,1,1,0,678,430,1,678,430,1,True,False,Mega Brave,270,True
92572051,673.4,LOSS,False,37,10,TO_HAND,2,RESOURCE_MANAGEMENT,,,CARD,0,0,120,90,90,1,False,1,6,False,True,1,1,0,678,430,1,678,430,1,True,False,Mega Brave,270,False
92572051,673.4,LOSS,False,38,10,MAIN,7,RESOURCE_MANAGEMENT,PLAY_ITEM,1152,PLAY,0,0,120,90,90,1,False,1,6,True,True,1,1,0,678,430,1,678,430,1,True,False,Mega Brave,270,False
92572051,673.4,LOSS,False,39,10,TO_HAND,5,RESOURCE_MANAGEMENT,,,CARD,0,0,120,90,90,1,False,1,6,False,True,1,1,0,678,430,1,678,430,1,True,False,Mega Brave,270,False
92572051,673.4,LOSS,False,40,10,MAIN,7,BENCH_MANAGEMENT,EVOLVE,,EVOLVE,0,0,120,90,90,1,False,1,6,True,True,1,1,0,678,430,1,678,430,1,True,False,Mega Brave,270,False
92572051,673.4,LOSS,False,41,10,MAIN,7,RESOURCE_MANAGEMENT,ABILITY,,ABILITY,0,0,120,90,90,1,False,1,6,True,True,1,1,0,678,430,1,678,430,1,True,False,Mega Brave,270,False
92572051,673.4,LOSS,False,42,10,TO_HAND,2,RESOURCE_MANAGEMENT,,,CARD,0,0,120,90,90,1,False,1,6,False,True,1,1,0,678,430,1,678,430,1,True,False,Mega Brave,270,False
92572051,673.4,LOSS,False,43,10,MAIN,7,RESOURCE_MANAGEMENT,PLAY_ITEM,1086,PLAY,0,0,120,90,90,1,False,1,6,True,True,1,1,0,678,430,1,678,430,1,True,False,Mega Brave,270,False
92572051,673.4,LOSS,False,44,10,TO_BENCH,2,BENCH_MANAGEMENT,,,CARD;CARD,0,0,120,90,90,1,False,1,6,False,True,1,1,0,678,430,1,678,430,1,True,False,Mega Brave,270,False
92572051,673.4,LOSS,False,45,10,MAIN,8,ENERGY_MANAGEMENT,ATTACH_ENERGY,,ATTACH,0,0,120,90,90,1,False,3,6,True,True,1,1,0,678,430,1,678,430,1,True,False,Mega Brave,270,False
92572051,673.4,LOSS,False,46,10,MAIN,4,RETREAT_SELECTION,RETREAT,,RETREAT,0,0,120,90,90,1,False,3,6,True,True,1,1,0,678,430,1,678,430,1,True,False,Mega Brave,270,False
92572051,673.4,LOSS,False,47,10,DISCARD_ENERGY,1,ENERGY_MANAGEMENT,,,ENERGY,0,0,120,90,90,1,False,3,6,False,True,1,1,0,678,430,1,678,430,1,True,False,Mega Brave,270,False
92572051,673.4,LOSS,False,48,10,SWITCH,3,ACTIVE_POKEMON_SELECTION,,,CARD,0,0,120,90,90,1,False,3,6,False,True,1,0,0,678,430,1,678,430,1,True,False,Mega Brave,270,False
92573034,715.1,WIN,True,0,,,0,UNKNOWN,,,,0,0,,,,,False,,,False,False,,,0,,,,,,,,,,,False
92573034,715.1,WIN,True,1,,,0,UNKNOWN,,,,0,0,,,,,False,,,False,False,,,0,,,,,,0,,,,,False
92573034,715.1,WIN,True,2,0,SETUP_ACTIVE_POKEMON,2,EARLY_GAME_SETUP,,,,0,0,,,,,False,0,0,False,False,,,0,,,0,,,6,,,,,False
92573034,715.1,WIN,True,3,0,SETUP_BENCH_POKEMON,1,BENCH_MANAGEMENT,,,,0,0,,,,,False,0,6,False,False,,,0,,,6,305,70,6,,,,,False
92573034,715.1,WIN,True,4,1,MAIN,5,RESOURCE_MANAGEMENT,PLAY_STADIUM,1256,PLAY,0,0,235,30,30,1,False,0,6,False,False,0,0,0,305,70,6,305,70,6,False,False,,,False
92573034,715.1,WIN,True,5,1,MAIN,4,RESOURCE_MANAGEMENT,PLAY_POKEMON,119,PLAY,0,0,235,30,30,1,False,0,6,False,False,0,0,0,305,70,6,305,70,6,False,False,,,False
92573034,715.1,WIN,True,6,1,MAIN,4,RESOURCE_MANAGEMENT,PLAY_ITEM,1086,PLAY,0,0,235,30,30,1,False,1,6,True,True,0,0,0,305,70,6,305,70,6,False,False,,,False
92573034,715.1,WIN,True,7,1,TO_BENCH,4,BENCH_MANAGEMENT,,,CARD;CARD,0,0,235,30,30,1,False,1,6,False,True,0,0,0,305,70,6,305,70,6,False,False,,,False
92573034,715.1,WIN,True,8,1,MAIN,3,RESOURCE_MANAGEMENT,PLAY_ITEM,1086,PLAY,0,0,235,30,30,1,False,3,6,True,True,0,0,0,305,70,6,305,70,6,False,False,,,False
92573034,715.1,WIN,True,9,1,TO_BENCH,2,BENCH_MANAGEMENT,,,CARD,0,0,235,30,30,1,False,3,6,False,True,0,0,0,305,70,6,305,70,6,False,False,,,False
92573034,715.1,WIN,True,10,1,MAIN,2,TIMING,,,,0,0,235,30,30,1,False,4,6,True,True,0,0,0,305,70,6,305,70,6,False,False,,,False
92573034,715.1,WIN,True,11,3,MAIN,6,RESOURCE_MANAGEMENT,PLAY_ITEM,1120,PLAY,1,0,235,30,30,1,False,4,6,True,True,0,0,0,305,70,6,305,70,6,False,False,,,False
92573034,715.1,WIN,True,12,3,MAIN,5,RESOURCE_MANAGEMENT,PLAY_SUPPORTER,1210,PLAY,1,0,235,30,30,1,False,4,6,True,True,0,0,0,305,70,6,305,70,6,False,False,,,False
92573034,715.1,WIN,True,13,3,TO_HAND,10,RESOURCE_MANAGEMENT,,,CARD,0,0,235,30,30,1,False,4,6,False,True,0,0,0,305,70,6,305,70,6,False,False,,,False
92573034,715.1,WIN,True,14,3,MAIN,7,BENCH_MANAGEMENT,EVOLVE,,EVOLVE,1,0,235,30,30,1,False,4,6,True,True,0,0,0,305,70,6,305,70,6,False,False,,,False
92573034,715.1,WIN,True,15,3,MAIN,4,RESOURCE_MANAGEMENT,ABILITY,,ABILITY,1,0,235,30,30,1,False,4,6,True,True,0,0,0,305,70,6,305,70,6,False,False,,,False
92573034,715.1,WIN,True,16,3,TO_HAND,2,RESOURCE_MANAGEMENT,,,CARD,0,0,235,30,30,1,False,4,6,False,True,0,0,0,305,70,6,305,70,6,False,False,,,False
92573034,715.1,WIN,True,17,3,MAIN,8,ENERGY_MANAGEMENT,ATTACH_ENERGY,,ATTACH,1,0,235,30,30,1,False,4,6,True,True,0,0,0,305,70,6,305,70,6,False,False,,,False
92573034,715.1,WIN,True,18,3,MAIN,3,TIMING,,,,1,0,235,30,30,1,False,4,6,True,True,0,0,0,305,70,6,66,130,6,False,False,,,False
92573034,715.1,WIN,True,19,5,MAIN,11,BENCH_MANAGEMENT,EVOLVE,,EVOLVE,1,0,235,30,30,1,False,4,6,True,True,0,0,0,66,130,6,66,130,6,False,False,,,False
92573034,715.1,WIN,True,20,5,MAIN,9,RESOURCE_MANAGEMENT,PLAY_SUPPORTER,1198,PLAY,1,0,235,30,30,1,False,4,6,True,True,0,0,0,66,130,6,66,130,6,False,False,,,False
92573034,715.1,WIN,True,21,5,TO_HAND,3,RESOURCE_MANAGEMENT,,,CARD,0,0,235,30,30,1,False,4,6,False,True,0,0,0,66,130,6,66,130,6,False,False,,,False
92573034,715.1,WIN,True,22,5,ATTACH_TO,1,ENERGY_MANAGEMENT,,,CARD,0,0,235,30,30,1,False,4,6,False,True,0,0,0,66,130,6,66,130,6,False,False,,,False
92573034,715.1,WIN,True,23,5,ATTACH_FROM,5,ENERGY_MANAGEMENT,,,CARD,0,0,235,30,30,1,False,4,6,False,True,0,0,0,66,130,6,66,130,6,False,False,,,False
92573034,715.1,WIN,True,24,5,MAIN,13,ENERGY_MANAGEMENT,ATTACH_ENERGY,,ATTACH,1,0,235,30,30,1,False,4,6,True,True,0,0,1,66,130,6,66,130,6,False,False,,,False
92573034,715.1,WIN,True,25,5,MAIN,3,RETREAT_SELECTION,RETREAT,,RETREAT,1,0,235,30,30,1,False,4,6,True,True,0,0,1,66,130,6,66,130,6,False,False,,,False
92573034,715.1,WIN,True,26,5,SWITCH,4,ACTIVE_POKEMON_SELECTION,,,CARD,0,0,235,30,30,1,False,4,6,False,True,0,0,1,66,130,6,66,130,6,False,False,,,False
92573034,715.1,WIN,True,27,5,MAIN,3,ATTACK_SELECTION,ATTACK,,ATTACK,2,1,121,320,320,2,False,4,6,False,True,1,1,1,66,130,6,66,0,6,False,False,,,True
92573034,715.1,WIN,True,28,5,DAMAGE_COUNTER_ANY,4,TARGET_SELECTION,,,CARD,0,0,121,320,320,2,False,4,6,False,True,1,1,1,66,0,6,66,0,6,False,False,,,False
92573034,715.1,WIN,True,29,5,DAMAGE_COUNTER_ANY,4,TARGET_SELECTION,,,CARD,0,0,121,320,320,2,False,4,6,False,True,1,1,1,66,0,6,66,0,6,False,False,,,False
92573034,715.1,WIN,True,30,5,DAMAGE_COUNTER_ANY,4,TARGET_SELECTION,,,CARD,0,0,121,320,320,2,False,4,6,False,True,1,1,1,66,0,6,66,0,6,False,False,,,False
92573034,715.1,WIN,True,31,5,DAMAGE_COUNTER_ANY,4,TARGET_SELECTION,,,CARD,0,0,121,320,320,2,False,4,6,False,True,1,1,1,66,0,6,66,0,6,False,False,,,False
92573034,715.1,WIN,True,32,5,DAMAGE_COUNTER_ANY,4,TARGET_SELECTION,,,CARD,0,0,121,320,320,2,False,4,6,False,True,1,1,1,66,0,6,66,0,6,False,False,,,False
92573034,715.1,WIN,True,33,5,DAMAGE_COUNTER_ANY,4,TARGET_SELECTION,,,CARD,0,0,121,320,320,2,False,4,6,False,True,1,1,1,66,0,6,,,6,False,False,,,False
92573034,715.1,WIN,True,34,5,TO_HAND,6,RESOURCE_MANAGEMENT,,,CARD,0,0,121,320,320,2,False,4,6,False,True,1,1,1,,,6,,,6,,,,,False
92573034,715.1,WIN,True,35,5,TO_HAND,5,RESOURCE_MANAGEMENT,,,,0,0,121,320,320,2,False,4,5,False,True,1,1,1,,,6,743,140,6,,,,,False
92573034,715.1,WIN,True,36,7,MAIN,19,ENERGY_MANAGEMENT,ATTACH_ENERGY,,ATTACH,2,0,121,100,320,2,True,4,4,True,True,1,1,1,743,140,6,743,140,6,False,False,Powerful Hand,0,False
92573034,715.1,WIN,True,37,7,MAIN,4,ATTACK_SELECTION,ATTACK,,ATTACK,2,1,121,100,320,2,True,4,4,True,True,1,1,2,743,140,6,743,0,6,False,False,Powerful Hand,0,False
92573034,715.1,WIN,True,38,7,DAMAGE_COUNTER_ANY,5,TARGET_SELECTION,,,CARD,0,0,121,100,320,2,True,4,4,False,True,1,1,2,743,0,6,743,0,6,False,False,Powerful Hand,0,False
92573034,715.1,WIN,True,39,7,DAMAGE_COUNTER_ANY,5,TARGET_SELECTION,,,CARD,0,0,121,100,320,2,True,4,4,False,True,1,1,2,743,0,6,743,0,6,False,False,Powerful Hand,0,False
92573034,715.1,WIN,True,40,7,DAMAGE_COUNTER_ANY,5,TARGET_SELECTION,,,CARD,0,0,121,100,320,2,True,4,4,False,True,1,1,2,743,0,6,743,0,6,False,False,Powerful Hand,0,False
92573034,715.1,WIN,True,41,7,DAMAGE_COUNTER_ANY,5,TARGET_SELECTION,,,CARD,0,0,121,100,320,2,True,4,4,False,True,1,1,2,743,0,6,743,0,6,False,False,Powerful Hand,0,False
92573034,715.1,WIN,True,42,7,DAMAGE_COUNTER_ANY,5,TARGET_SELECTION,,,CARD,0,0,121,100,320,2,True,4,4,False,True,1,1,2,743,0,6,743,0,6,False,False,Powerful Hand,0,False
92573034,715.1,WIN,True,43,7,DAMAGE_COUNTER_ANY,5,TARGET_SELECTION,,,CARD,0,0,121,100,320,2,True,4,4,False,True,1,1,2,743,0,6,,,6,False,False,Powerful Hand,0,False
92573034,715.1,WIN,True,44,7,TO_HAND,4,RESOURCE_MANAGEMENT,,,CARD,0,0,121,100,320,2,True,4,4,False,True,1,1,2,,,6,,,6,,,,,False
92573034,715.1,WIN,True,45,7,TO_HAND,3,RESOURCE_MANAGEMENT,,,,0,0,121,100,320,2,True,4,3,False,True,1,1,2,,,6,743,140,4,,,,,False
92573034,715.1,WIN,True,46,8,TO_ACTIVE,4,ACTIVE_POKEMON_SELECTION,,,CARD,0,0,,,,,False,4,2,False,True,,,2,743,140,4,743,140,4,,,,,True
92573034,715.1,WIN,True,47,9,MAIN,18,RESOURCE_MANAGEMENT,PLAY_SUPPORTER,1210,PLAY,1,0,235,30,30,1,False,3,2,True,True,0,0,1,743,140,4,743,140,4,False,False,Powerful Hand,0,False
92573034,715.1,WIN,True,48,9,TO_HAND,9,RESOURCE_MANAGEMENT,,,CARD,0,0,235,30,30,1,False,3,2,False,True,0,0,1,743,140,4,743,140,4,False,False,Powerful Hand,0,False
92573034,715.1,WIN,True,49,9,TO_HAND,3,RESOURCE_MANAGEMENT,,,CARD,0,0,235,30,30,1,False,3,2,False,True,0,0,1,743,140,4,743,140,4,False,False,Powerful Hand,0,False
92573034,715.1,WIN,True,50,9,MAIN,19,RESOURCE_MANAGEMENT,PLAY_POKEMON,140,PLAY,1,0,235,30,30,1,False,3,2,True,True,0,0,1,743,140,4,743,140,4,False,False,Powerful Hand,0,False
92573034,715.1,WIN,True,51,9,MAIN,22,RESOURCE_MANAGEMENT,ABILITY,,ABILITY,1,0,235,30,30,1,False,4,2,True,True,0,0,1,743,140,4,743,140,4,False,False,Powerful Hand,0,False
92573034,715.1,WIN,True,52,9,MAIN,23,RESOURCE_MANAGEMENT,PLAY_ITEM,1152,PLAY,1,0,235,30,30,1,False,4,2,True,True,0,0,1,743,140,4,743,140,4,False,False,Powerful Hand,0,False
92573034,715.1,WIN,True,53,9,TO_HAND,4,RESOURCE_MANAGEMENT,,,CARD,0,0,235,30,30,1,False,4,2,False,True,0,0,1,743,140,4,743,140,4,False,False,Powerful Hand,0,False
92573034,715.1,WIN,True,54,9,MAIN,25,RESOURCE_MANAGEMENT,PLAY_ITEM,1121,PLAY,1,0,235,30,30,1,False,4,2,True,True,0,0,1,743,140,4,743,140,4,False,False,Powerful Hand,0,False
92573034,715.1,WIN,True,55,9,DISCARD,8,RESOURCE_MANAGEMENT,,,CARD;CARD,0,0,235,30,30,1,False,4,2,False,True,0,0,1,743,140,4,743,140,4,False,False,Powerful Hand,0,False
92573034,715.1,WIN,True,56,9,TO_HAND,6,RESOURCE_MANAGEMENT,,,CARD,0,0,235,30,30,1,False,4,2,False,True,0,0,1,743,140,4,743,140,4,False,False,Powerful Hand,0,False
92573034,715.1,WIN,True,57,9,MAIN,21,BENCH_MANAGEMENT,EVOLVE,,EVOLVE,1,0,235,30,30,1,False,4,2,True,True,0,0,1,743,140,4,743,140,4,False,False,Powerful Hand,0,False
92573034,715.1,WIN,True,58,9,MAIN,18,RESOURCE_MANAGEMENT,ABILITY,,ABILITY,1,0,235,30,30,1,False,4,2,True,True,0,0,1,743,140,4,743,140,4,False,False,Powerful Hand,0,False
92573034,715.1,WIN,True,59,9,TO_HAND,2,RESOURCE_MANAGEMENT,,,CARD,0,0,235,30,30,1,False,4,2,False,True,0,0,1,743,140,4,743,140,4,False,False,Powerful Hand,0,False
92573034,715.1,WIN,True,60,9,MAIN,17,BENCH_MANAGEMENT,EVOLVE,,EVOLVE,1,0,235,30,30,1,False,4,2,True,True,0,0,1,743,140,4,743,140,4,False,False,Powerful Hand,0,False
92573034,715.1,WIN,True,61,9,MAIN,16,RESOURCE_MANAGEMENT,ABILITY,,ABILITY,1,0,235,30,30,1,False,4,2,True,True,0,0,0,743,140,4,743,140,4,False,False,Powerful Hand,0,False
92573034,715.1,WIN,True,62,9,TO_HAND,2,RESOURCE_MANAGEMENT,,,CARD,0,0,235,30,30,1,False,4,2,False,True,0,0,0,743,140,4,743,140,4,False,False,Powerful Hand,0,False
92573034,715.1,WIN,True,63,9,MAIN,15,ENERGY_MANAGEMENT,ATTACH_ENERGY,,ATTACH,1,0,235,30,30,1,False,4,2,True,True,0,0,0,743,140,4,743,140,4,False,False,Powerful Hand,0,False
92573034,715.1,WIN,True,64,9,MAIN,5,RESOURCE_MANAGEMENT,PLAY_ITEM,1080,PLAY,1,0,235,30,30,1,False,4,2,True,True,0,0,0,743,140,4,743,140,4,False,False,Powerful Hand,0,False
92573034,715.1,WIN,True,65,9,MAIN,5,RESOURCE_MANAGEMENT,PLAY_ITEM,1097,PLAY,1,0,235,30,30,1,False,4,2,True,True,0,0,0,743,140,4,743,140,4,False,False,Powerful Hand,0,False
92573034,715.1,WIN,True,66,9,TO_HAND,6,RESOURCE_MANAGEMENT,,,CARD,0,0,235,30,30,1,False,4,2,False,True,0,0,0,743,140,4,743,140,4,False,False,Powerful Hand,0,False
92573034,715.1,WIN,True,67,9,MAIN,5,BENCH_MANAGEMENT,EVOLVE,,EVOLVE,1,0,235,30,30,1,False,4,2,True,True,0,0,0,743,140,4,743,140,4,False,False,Powerful Hand,0,False
92573034,715.1,WIN,True,68,9,MAIN,5,RESOURCE_MANAGEMENT,ABILITY,,ABILITY,1,0,235,30,30,1,False,4,2,True,True,0,0,0,743,140,4,743,140,4,False,False,Powerful Hand,0,False
92573034,715.1,WIN,True,69,9,TO_HAND,2,RESOURCE_MANAGEMENT,,,CARD,0,0,235,30,30,1,False,4,2,False,True,0,0,0,743,140,4,743,140,4,False,False,Powerful Hand,0,False
92573034,715.1,WIN,True,70,9,MAIN,4,TIMING,,,,1,0,235,30,30,1,False,4,2,True,True,0,0,0,743,140,4,743,130,3,False,False,Powerful Hand,0,False
92573034,715.1,WIN,True,71,10,TO_ACTIVE,4,ACTIVE_POKEMON_SELECTION,,,CARD,0,0,,,,,False,4,2,False,True,,,0,743,130,3,743,130,3,,,,,True
92573034,715.1,WIN,True,72,11,MAIN,14,BENCH_MANAGEMENT,EVOLVE,,EVOLVE,0,0,120,90,90,1,False,3,2,True,True,1,1,0,743,130,3,743,130,3,False,False,Powerful Hand,0,False
92573034,715.1,WIN,True,73,11,MAIN,11,RESOURCE_MANAGEMENT,ABILITY,,ABILITY,1,0,121,320,320,2,False,3,2,True,True,1,1,0,743,130,3,743,130,3,False,False,Powerful Hand,0,True
92573034,715.1,WIN,True,74,11,TO_HAND,2,RESOURCE_MANAGEMENT,,,CARD,0,0,121,320,320,2,False,3,2,False,True,1,1,0,743,130,3,743,130,3,False,False,Powerful Hand,0,False
92573034,715.1,WIN,True,75,11,MAIN,11,RESOURCE_MANAGEMENT,PLAY_STADIUM,1256,PLAY,1,0,121,320,320,2,False,3,2,True,True,1,1,0,743,130,3,743,130,3,False,False,Powerful Hand,0,False
92573034,715.1,WIN,True,76,11,MAIN,10,RESOURCE_MANAGEMENT,ABILITY,,ABILITY,1,0,121,320,320,2,False,3,2,True,True,1,1,0,743,130,3,743,130,3,False,False,Powerful Hand,0,False
92573034,715.1,WIN,True,77,11,TO_HAND,2,RESOURCE_MANAGEMENT,,,CARD,0,0,121,320,320,2,False,3,2,False,True,1,1,0,743,130,3,743,130,3,False,False,Powerful Hand,0,False
92573034,715.1,WIN,True,78,11,MAIN,13,ENERGY_MANAGEMENT,ATTACH_ENERGY,,ATTACH,1,0,121,320,320,2,False,3,2,True,True,1,1,0,743,130,3,743,130,3,False,False,Powerful Hand,0,False
92573034,715.1,WIN,True,79,11,MAIN,9,RESOURCE_MANAGEMENT,ABILITY,,ABILITY,1,0,121,320,320,2,False,3,2,True,True,1,1,0,743,130,3,743,130,3,False,False,Powerful Hand,0,False
92573034,715.1,WIN,True,80,11,MAIN,11,BENCH_MANAGEMENT,EVOLVE,,EVOLVE,1,0,121,320,320,2,False,3,2,True,True,1,1,0,743,130,3,743,130,3,False,False,Powerful Hand,0,False
92573034,715.1,WIN,True,81,11,MAIN,9,RESOURCE_MANAGEMENT,PLAY_ITEM,1120,PLAY,1,0,121,320,320,2,False,3,2,True,True,1,1,1,743,130,3,743,130,3,False,False,Powerful Hand,0,False
92573034,715.1,WIN,True,82,11,MAIN,8,RESOURCE_MANAGEMENT,PLAY_SUPPORTER,1198,PLAY,1,0,121,320,320,2,False,3,2,True,True,1,1,1,743,130,3,743,130,3,False,False,Powerful Hand,0,False
92573034,715.1,WIN,True,83,11,TO_HAND,1,RESOURCE_MANAGEMENT,,,CARD,0,0,121,320,320,2,False,3,2,False,True,1,1,1,743,130,3,743,130,3,False,False,Powerful Hand,0,False
92573034,715.1,WIN,True,84,11,MAIN,8,ENERGY_MANAGEMENT,ATTACH_ENERGY,,ATTACH,1,0,121,320,320,2,False,3,2,True,True,1,1,1,743,130,3,743,130,3,False,False,Powerful Hand,0,False
92573034,715.1,WIN,True,85,11,MAIN,5,ATTACK_SELECTION,ATTACK,,ATTACK,2,1,121,320,320,2,False,3,2,True,True,1,1,1,743,130,3,743,0,3,False,False,Powerful Hand,0,False
92573034,715.1,WIN,True,86,11,DAMAGE_COUNTER_ANY,4,TARGET_SELECTION,,,CARD,0,0,121,320,320,2,False,3,2,False,True,1,1,1,743,0,3,743,0,3,False,False,Powerful Hand,0,False
92573034,715.1,WIN,True,87,11,DAMAGE_COUNTER_ANY,4,TARGET_SELECTION,,,CARD,0,0,121,320,320,2,False,3,2,False,True,1,1,1,743,0,3,743,0,3,False,False,Powerful Hand,0,False
92573034,715.1,WIN,True,88,11,DAMAGE_COUNTER_ANY,4,TARGET_SELECTION,,,CARD,0,0,121,320,320,2,False,3,2,False,True,1,1,1,743,0,3,743,0,3,False,False,Powerful Hand,0,False
92573034,715.1,WIN,True,89,11,DAMAGE_COUNTER_ANY,4,TARGET_SELECTION,,,CARD,0,0,121,320,320,2,False,3,2,False,True,1,1,1,743,0,3,743,0,3,False,False,Powerful Hand,0,False
92573034,715.1,WIN,True,90,11,DAMAGE_COUNTER_ANY,4,TARGET_SELECTION,,,CARD,0,0,121,320,320,2,False,3,2,False,True,1,1,1,743,0,3,743,0,3,False,False,Powerful Hand,0,False
92573034,715.1,WIN,True,91,11,DAMAGE_COUNTER_ANY,4,TARGET_SELECTION,,,CARD,0,0,121,320,320,2,False,3,2,False,True,1,1,1,743,0,3,,,3,False,False,Powerful Hand,0,False
92573034,715.1,WIN,True,92,11,TO_HAND,2,RESOURCE_MANAGEMENT,,,CARD,0,0,121,320,320,2,False,3,2,False,True,1,1,1,,,3,,,3,,,,,False
92583351,610.2,LOSS,False,0,,,0,UNKNOWN,,,,0,0,,,,,False,,,False,False,,,0,,,,,,,,,,,False
92583351,610.2,LOSS,False,1,,,0,UNKNOWN,,,,0,0,,,,,False,,,False,False,,,0,,,,,,6,,,,,False
92583351,610.2,LOSS,False,2,0,SETUP_ACTIVE_POKEMON,1,EARLY_GAME_SETUP,,,,0,0,,,,,False,0,0,False,False,,,0,,,6,646,70,6,,,,,False
92583351,610.2,LOSS,False,3,2,MAIN,5,ENERGY_MANAGEMENT,ATTACH_ENERGY,,ATTACH,0,0,119,70,70,1,False,0,6,False,False,1,0,0,646,70,6,646,70,6,False,False,,,False
92583351,610.2,LOSS,False,4,2,MAIN,3,RESOURCE_MANAGEMENT,PLAY_SUPPORTER,1227,PLAY,0,0,119,70,70,1,False,0,6,False,False,1,1,0,646,70,6,646,70,6,False,False,,,False
92583351,610.2,LOSS,False,5,2,MAIN,6,RESOURCE_MANAGEMENT,PLAY_POKEMON,235,PLAY,0,0,119,70,70,1,False,0,6,False,False,1,1,0,646,70,6,646,70,6,False,False,,,False
92583351,610.2,LOSS,False,6,2,MAIN,6,RESOURCE_MANAGEMENT,PLAY_POKEMON,119,PLAY,0,0,119,70,70,1,False,1,6,True,True,1,1,1,646,70,6,646,70,6,False,False,,,False
92583351,610.2,LOSS,False,7,2,MAIN,5,RESOURCE_MANAGEMENT,PLAY_ITEM,1086,PLAY,0,0,119,70,70,1,False,2,6,True,True,1,1,1,646,70,6,646,70,6,False,False,,,False
92583351,610.2,LOSS,False,8,2,TO_BENCH,2,BENCH_MANAGEMENT,,,CARD,0,0,119,70,70,1,False,2,6,False,True,1,1,1,646,70,6,646,70,6,False,False,,,False
92583351,610.2,LOSS,False,9,2,MAIN,4,RETREAT_SELECTION,RETREAT,,RETREAT,0,0,119,70,70,1,False,3,6,True,True,1,1,1,646,70,6,646,70,6,False,False,,,False
92583351,610.2,LOSS,False,10,2,DISCARD_ENERGY,1,ENERGY_MANAGEMENT,,,ENERGY,0,0,119,70,70,1,False,3,6,False,True,1,1,1,646,70,6,646,70,6,False,False,,,False
92583351,610.2,LOSS,False,11,2,SWITCH,3,ACTIVE_POKEMON_SELECTION,,,CARD,0,0,119,70,70,1,False,3,6,False,True,1,0,1,646,70,6,646,70,6,False,False,,,False
92583351,610.2,LOSS,False,12,2,MAIN,5,TIMING,,,,1,0,235,30,30,1,False,3,6,False,True,0,0,0,646,70,6,646,70,6,False,False,,,True
92583351,610.2,LOSS,False,13,4,MAIN,12,RESOURCE_MANAGEMENT,PLAY_STADIUM,1256,PLAY,1,0,235,10,30,1,True,3,6,True,True,0,0,0,646,70,6,646,70,6,False,True,,,False
92583351,610.2,LOSS,False,14,4,MAIN,10,RESOURCE_MANAGEMENT,PLAY_SUPPORTER,1198,PLAY,1,0,235,10,30,1,True,3,6,True,True,0,0,0,646,70,6,646,70,6,False,True,,,False
92583351,610.2,LOSS,False,15,4,TO_HAND,5,RESOURCE_MANAGEMENT,,,CARD,0,0,235,10,30,1,True,3,6,False,True,0,0,0,646,70,6,646,70,6,False,True,,,False
92583351,610.2,LOSS,False,16,4,ATTACH_TO,3,ENERGY_MANAGEMENT,,,CARD,0,0,235,10,30,1,True,3,6,False,True,0,0,0,646,70,6,646,70,6,False,True,,,False
92583351,610.2,LOSS,False,17,4,ATTACH_FROM,4,ENERGY_MANAGEMENT,,,CARD,0,0,235,10,30,1,True,3,6,False,True,0,0,0,646,70,6,646,70,6,False,True,,,False
92583351,610.2,LOSS,False,18,4,MAIN,13,ENERGY_MANAGEMENT,ATTACH_ENERGY,,ATTACH,1,0,235,10,30,1,True,3,6,True,True,0,0,0,646,70,6,646,70,6,False,True,,,False
92583351,610.2,LOSS,False,19,4,MAIN,5,TIMING,,,,1,0,235,10,30,1,True,3,6,True,True,0,0,1,646,70,6,646,70,5,False,True,,,False
92583351,610.2,LOSS,False,20,5,TO_ACTIVE,3,ACTIVE_POKEMON_SELECTION,,,,0,0,,,,,False,3,6,False,True,,,1,646,70,5,646,70,5,,,,,True
92583351,610.2,LOSS,False,21,6,MAIN,8,RESOURCE_MANAGEMENT,PLAY_ITEM,1097,PLAY,0,0,119,70,70,1,False,2,6,True,True,1,1,1,646,70,5,646,70,5,False,False,Corkscrew Punch,10,False
92583351,610.2,LOSS,False,22,6,TO_HAND,2,RESOURCE_MANAGEMENT,,,CARD,0,0,119,70,70,1,False,2,6,False,True,1,1,1,646,70,5,646,70,5,False,False,Corkscrew Punch,10,False
92583351,610.2,LOSS,False,23,6,MAIN,8,RESOURCE_MANAGEMENT,PLAY_POKEMON,235,PLAY,0,0,119,70,70,1,False,2,6,True,True,1,1,1,646,70,5,646,70,5,False,False,Corkscrew Punch,10,False
92583351,610.2,LOSS,False,24,6,MAIN,8,RESOURCE_MANAGEMENT,PLAY_SUPPORTER,1198,PLAY,0,0,119,70,70,1,False,3,6,True,True,1,1,2,646,70,5,646,70,5,False,False,Corkscrew Punch,10,False
92583351,610.2,LOSS,False,25,6,TO_HAND,3,RESOURCE_MANAGEMENT,,,CARD,0,0,119,70,70,1,False,3,6,False,True,1,1,2,646,70,5,646,70,5,False,False,Corkscrew Punch,10,False
92583351,610.2,LOSS,False,26,6,ATTACH_TO,2,ENERGY_MANAGEMENT,,,CARD,0,0,119,70,70,1,False,3,6,False,True,1,1,2,646,70,5,646,70,5,False,False,Corkscrew Punch,10,False
92583351,610.2,LOSS,False,27,6,ATTACH_FROM,4,ENERGY_MANAGEMENT,,,CARD,0,0,119,70,70,1,False,3,6,False,True,1,1,2,646,70,5,646,70,5,False,False,Corkscrew Punch,10,False
92583351,610.2,LOSS,False,28,6,MAIN,11,ENERGY_MANAGEMENT,ATTACH_ENERGY,,ATTACH,0,0,119,70,70,1,False,3,6,True,True,1,1,2,646,70,5,646,70,5,False,False,Corkscrew Punch,10,False
92583351,610.2,LOSS,False,29,6,MAIN,5,RETREAT_SELECTION,RETREAT,,RETREAT,2,0,119,70,70,1,False,3,6,True,True,1,1,2,646,70,5,646,70,5,False,False,Corkscrew Punch,10,False
92583351,610.2,LOSS,False,30,6,DISCARD_ENERGY,2,ENERGY_MANAGEMENT,,,ENERGY,0,0,119,70,70,1,False,3,6,False,True,1,1,2,646,70,5,646,70,5,False,False,Corkscrew Punch,10,False
92583351,610.2,LOSS,False,31,6,SWITCH,3,ACTIVE_POKEMON_SELECTION,,,CARD,0,0,119,70,70,1,False,3,6,False,True,1,1,2,646,70,5,646,70,5,False,False,Corkscrew Punch,10,False
92583351,610.2,LOSS,False,32,6,MAIN,3,TIMING,,,,1,0,235,30,30,1,False,3,6,False,True,0,0,2,646,70,5,646,70,5,False,False,Corkscrew Punch,10,True
92583351,610.2,LOSS,False,33,8,MAIN,8,ENERGY_MANAGEMENT,ATTACH_ENERGY,,ATTACH,1,0,235,10,30,1,True,3,6,True,True,0,0,2,646,70,5,646,70,5,True,False,Corkscrew Punch,10,False
92583351,610.2,LOSS,False,34,8,MAIN,4,TIMING,,,,1,0,235,10,30,1,True,3,6,True,True,0,0,3,646,70,5,646,70,4,True,False,Corkscrew Punch,10,False
92583351,610.2,LOSS,False,35,9,TO_ACTIVE,3,ACTIVE_POKEMON_SELECTION,,,,0,0,,,,,False,3,6,False,True,,,3,646,70,4,648,320,3,,,,,True
92583351,610.2,LOSS,False,36,9,TO_ACTIVE,2,ACTIVE_POKEMON_SELECTION,,,CARD,0,0,,,,,False,2,6,False,True,,,2,648,320,3,648,310,3,,,,,False
92583351,610.2,LOSS,False,37,10,MAIN,6,RESOURCE_MANAGEMENT,PLAY_POKEMON,1071,PLAY,1,0,119,70,70,1,False,1,6,True,True,1,1,1,648,310,3,648,310,3,True,False,Shadow Bullet,180,False
92583351,610.2,LOSS,False,38,10,ACTIVATE,2,RESOURCE_MANAGEMENT,,,YES,0,0,119,70,70,1,False,2,6,False,True,1,1,1,648,310,3,648,310,3,True,False,Shadow Bullet,180,False
92583351,610.2,LOSS,False,39,10,TO_HAND,8,RESOURCE_MANAGEMENT,,,CARD,0,0,119,70,70,1,False,2,6,False,True,1,1,1,648,310,3,648,310,3,True,False,Shadow Bullet,180,False
92583351,610.2,LOSS,False,40,10,MAIN,6,RESOURCE_MANAGEMENT,PLAY_ITEM,1120,PLAY,1,0,119,70,70,1,False,2,6,True,True,1,1,1,648,310,3,648,310,3,True,False,Shadow Bullet,180,False
92583351,610.2,LOSS,False,41,10,MAIN,5,RESOURCE_MANAGEMENT,ABILITY,,ABILITY,1,0,119,70,70,1,False,2,6,True,True,1,1,1,648,310,3,648,310,3,True,False,Shadow Bullet,180,False
92583351,610.2,LOSS,False,42,10,MAIN,4,RESOURCE_MANAGEMENT,PLAY_SUPPORTER,1227,PLAY,1,0,119,70,70,1,False,2,6,True,True,1,1,1,648,310,3,648,310,3,True,False,Shadow Bullet,180,False
92583351,610.2,LOSS,False,43,10,MAIN,10,RESOURCE_MANAGEMENT,PLAY_STADIUM,1256,PLAY,1,0,119,70,70,1,False,2,6,True,True,1,1,1,648,310,3,648,310,3,True,False,Shadow Bullet,180,False
92583351,610.2,LOSS,False,44,10,MAIN,9,RESOURCE_MANAGEMENT,PLAY_ITEM,1152,PLAY,1,0,119,70,70,1,False,2,6,True,True,1,1,1,648,310,3,648,310,3,True,False,Shadow Bullet,180,False
92583351,610.2,LOSS,False,45,10,TO_HAND,4,RESOURCE_MANAGEMENT,,,CARD,0,0,119,70,70,1,False,2,6,False,True,1,1,1,648,310,3,648,310,3,True,False,Shadow Bullet,180,False
92583351,610.2,LOSS,False,46,10,MAIN,9,RESOURCE_MANAGEMENT,PLAY_POKEMON,235,PLAY,1,0,119,70,70,1,False,2,6,True,True,1,1,1,648,310,3,648,310,3,True,False,Shadow Bullet,180,False
92583351,610.2,LOSS,False,47,10,MAIN,8,RESOURCE_MANAGEMENT,PLAY_ITEM,1097,PLAY,1,0,119,70,70,1,False,3,6,True,True,1,1,2,648,310,3,648,310,3,True,False,Shadow Bullet,180,False
92583351,610.2,LOSS,False,48,10,TO_HAND,6,RESOURCE_MANAGEMENT,,,CARD,0,0,119,70,70,1,False,3,6,False,True,1,1,2,648,310,3,648,310,3,True,False,Shadow Bullet,180,False
92583351,610.2,LOSS,False,49,10,MAIN,8,RESOURCE_MANAGEMENT,PLAY_POKEMON,119,PLAY,1,0,119,70,70,1,False,3,6,True,True,1,1,2,648,310,3,648,310,3,True,False,Shadow Bullet,180,False
92583351,610.2,LOSS,False,50,10,MAIN,7,RESOURCE_MANAGEMENT,PLAY_ITEM,1120,PLAY,1,0,119,70,70,1,False,4,6,True,True,1,1,2,648,310,3,648,310,3,True,False,Shadow Bullet,180,False
92583351,610.2,LOSS,False,51,10,MAIN,6,RESOURCE_MANAGEMENT,PLAY_ITEM,1120,PLAY,1,0,119,70,70,1,False,4,6,True,True,1,1,2,648,310,3,648,310,3,True,False,Shadow Bullet,180,False
92583351,610.2,LOSS,False,52,10,DISCARD_ENERGY,7,ENERGY_MANAGEMENT,,,ENERGY,0,0,119,70,70,1,False,4,6,False,True,1,1,2,648,310,3,648,310,3,True,False,Shadow Bullet,180,False
92583351,610.2,LOSS,False,53,10,MAIN,5,BENCH_MANAGEMENT,EVOLVE,,EVOLVE,1,0,119,70,70,1,False,4,6,True,True,1,1,2,648,310,3,648,310,3,True,False,Shadow Bullet,180,False
92583351,610.2,LOSS,False,54,10,MAIN,3,RESOURCE_MANAGEMENT,ABILITY,,ABILITY,0,0,120,90,90,1,False,4,6,True,True,1,1,2,648,310,3,648,310,3,True,False,Shadow Bullet,180,True
92583351,610.2,LOSS,False,55,10,TO_HAND,2,RESOURCE_MANAGEMENT,,,CARD,0,0,120,90,90,1,False,4,6,False,True,1,1,2,648,310,3,648,310,3,True,False,Shadow Bullet,180,False
92583351,610.2,LOSS,False,56,10,MAIN,3,BENCH_MANAGEMENT,EVOLVE,,EVOLVE,0,0,120,90,90,1,False,4,6,True,True,1,1,2,648,310,3,648,310,3,True,False,Shadow Bullet,180,False
92583351,610.2,LOSS,False,57,10,MAIN,3,RESOURCE_MANAGEMENT,ABILITY,,ABILITY,0,0,120,90,90,1,False,4,6,True,True,1,1,1,648,310,3,648,310,3,True,False,Shadow Bullet,180,False
92583351,610.2,LOSS,False,58,10,TO_HAND,2,RESOURCE_MANAGEMENT,,,CARD,0,0,120,90,90,1,False,4,6,False,True,1,1,1,648,310,3,648,310,3,True,False,Shadow Bullet,180,False
92583351,610.2,LOSS,False,59,10,MAIN,3,RESOURCE_MANAGEMENT,PLAY_POKEMON,140,PLAY,0,0,120,90,90,1,False,4,6,True,True,1,1,1,648,310,3,648,310,3,True,False,Shadow Bullet,180,False
92583351,610.2,LOSS,False,60,10,MAIN,3,RESOURCE_MANAGEMENT,ABILITY,,ABILITY,0,0,120,90,90,1,False,5,6,True,True,1,1,1,648,310,3,648,310,3,True,False,Shadow Bullet,180,False
92583351,610.2,LOSS,False,61,10,MAIN,4,RESOURCE_MANAGEMENT,PLAY_ITEM,1120,PLAY,0,0,120,90,90,1,False,5,6,True,True,1,1,1,648,310,3,648,310,3,True,False,Shadow Bullet,180,False
92583351,610.2,LOSS,False,62,10,DISCARD_ENERGY,6,ENERGY_MANAGEMENT,,,ENERGY,0,0,120,90,90,1,False,5,6,False,True,1,1,1,648,310,3,648,310,3,True,False,Shadow Bullet,180,False
92583351,610.2,LOSS,False,63,10,MAIN,3,RETREAT_SELECTION,RETREAT,,RETREAT,0,0,120,90,90,1,False,5,6,True,True,1,1,1,648,310,3,648,310,3,True,False,Shadow Bullet,180,False
92583351,610.2,LOSS,False,64,10,DISCARD_ENERGY,1,ENERGY_MANAGEMENT,,,ENERGY,0,0,120,90,90,1,False,5,6,False,True,1,1,1,648,310,3,648,310,3,True,False,Shadow Bullet,180,False
92583351,610.2,LOSS,False,65,10,SWITCH,5,ACTIVE_POKEMON_SELECTION,,,CARD,0,0,120,90,90,1,False,5,6,False,True,1,0,1,648,310,3,648,310,3,True,False,Shadow Bullet,180,False
92583351,610.2,LOSS,False,66,10,MAIN,3,TIMING,,,,1,0,235,30,30,1,False,5,6,False,True,0,0,0,648,310,3,648,310,2,True,False,Shadow Bullet,180,True
92583351,610.2,LOSS,False,67,11,TO_ACTIVE,5,ACTIVE_POKEMON_SELECTION,,,,0,0,,,,,False,5,6,False,True,,,0,648,310,2,648,310,1,,,,,True
92583351,610.2,LOSS,False,68,11,TO_ACTIVE,4,ACTIVE_POKEMON_SELECTION,,,CARD,0,0,,,,,False,4,6,False,True,,,0,648,310,1,648,300,1,,,,,False
92583351,610.2,LOSS,False,69,12,MAIN,11,BENCH_MANAGEMENT,EVOLVE,,EVOLVE,0,0,119,40,70,1,True,3,6,False,True,1,0,0,648,300,1,648,300,1,True,False,Shadow Bullet,180,False
92583351,610.2,LOSS,False,70,12,MAIN,8,RESOURCE_MANAGEMENT,ABILITY,,ABILITY,0,0,119,40,70,1,True,3,6,False,True,1,0,0,648,300,1,648,300,1,True,False,Shadow Bullet,180,False
92583351,610.2,LOSS,False,71,12,MAIN,13,ENERGY_MANAGEMENT,ATTACH_ENERGY,,ATTACH,0,0,119,40,70,1,True,3,6,False,True,1,0,0,648,300,1,648,300,1,True,False,Shadow Bullet,180,False
92583351,610.2,LOSS,False,72,12,MAIN,9,RESOURCE_MANAGEMENT,PLAY_SUPPORTER,1198,PLAY,0,0,119,40,70,1,True,3,6,False,True,1,0,0,648,300,1,648,300,1,True,False,Shadow Bullet,180,False
92583351,610.2,LOSS,False,73,12,MAIN,6,ENERGY_MANAGEMENT,ATTACH_ENERGY,,ATTACH,0,0,119,40,70,1,True,3,6,False,True,1,0,0,648,300,1,648,300,1,True,False,Shadow Bullet,180,False
