episode_id,opponent_current_score,result,went_first,decision_index,turn,select_context_name,n_options,category,action_class,action_card_id,chosen_option_types,n_available_attacks,n_chosen_attacks,our_active_id,our_active_hp,our_active_maxhp,our_active_prize_value,our_active_damaged,our_bench_n,our_prize_n,retreat_available_this_decision,bench_target_exists,our_active_retreat_cost,our_active_energy_loss_if_retreated,bench_ready_attackers,opp_active_id,opp_active_hp,opp_prize_n,opp_active_id_after,opp_active_hp_after,opp_prize_n_after,opp_lethal_now,opp_lethal_with_one_more_energy,opp_best_attack_name,opp_best_attack_damage,our_active_changed_since_prev_own_decision
92590435,549.8,WIN,True,0,,,0,UNKNOWN,,,,0,0,,,,,False,,,False,False,,,0,,,,,,,,,,,False
92590435,549.8,WIN,True,1,,,0,UNKNOWN,,,,0,0,,,,,False,,,False,False,,,0,,,,,,0,,,,,False
92590435,549.8,WIN,True,2,0,SETUP_ACTIVE_POKEMON,1,EARLY_GAME_SETUP,,,,0,0,,,,,False,0,0,False,False,,,0,,,0,,,6,,,,,False
92590435,549.8,WIN,True,3,0,DRAW_COUNT,2,SEARCH_DECISION,,,NUMBER,0,0,,,,,False,0,6,False,False,,,0,,,6,741,50,6,,,,,False
92590435,549.8,WIN,True,4,1,MAIN,5,RESOURCE_MANAGEMENT,PLAY_ITEM,1086,PLAY,0,0,1071,170,170,2,False,0,6,False,False,1,0,0,741,50,6,741,50,6,False,False,,,False
92590435,549.8,WIN,True,5,1,TO_BENCH,6,BENCH_MANAGEMENT,,,CARD;CARD,0,0,1071,170,170,2,False,0,6,False,False,1,0,0,741,50,6,741,50,6,False,False,,,False
92590435,549.8,WIN,True,6,1,MAIN,4,RESOURCE_MANAGEMENT,PLAY_ITEM,1086,PLAY,0,0,1071,170,170,2,False,2,6,False,True,1,0,0,741,50,6,741,50,6,False,False,,,False
92590435,549.8,WIN,True,7,1,TO_BENCH,4,BENCH_MANAGEMENT,,,CARD;CARD,0,0,1071,170,170,2,False,2,6,False,True,1,0,0,741,50,6,741,50,6,False,False,,,False
92590435,549.8,WIN,True,8,1,MAIN,3,TIMING,,,,0,0,1071,170,170,2,False,4,6,False,True,1,0,0,741,50,6,741,50,6,False,False,,,False
92590435,549.8,WIN,True,9,2,DISCARD,6,RESOURCE_MANAGEMENT,,,,0,0,1071,170,170,2,False,4,6,False,True,1,0,0,741,50,6,741,50,6,False,False,,,False
92590435,549.8,WIN,True,10,3,MAIN,8,RESOURCE_MANAGEMENT,PLAY_ITEM,1152,PLAY,0,0,1071,170,170,2,False,4,6,False,True,1,0,0,741,50,6,741,50,6,False,False,,,False
92590435,549.8,WIN,True,11,3,TO_HAND,4,RESOURCE_MANAGEMENT,,,CARD,0,0,1071,170,170,2,False,4,6,False,True,1,0,0,741,50,6,741,50,6,False,False,,,False
92590435,549.8,WIN,True,12,3,MAIN,8,RESOURCE_MANAGEMENT,PLAY_POKEMON,235,PLAY,0,0,1071,170,170,2,False,4,6,False,True,1,0,0,741,50,6,741,50,6,False,False,,,False
92590435,549.8,WIN,True,13,3,MAIN,7,BENCH_MANAGEMENT,EVOLVE,,EVOLVE,0,0,1071,170,170,2,False,5,6,False,True,1,0,1,741,50,6,741,50,6,False,False,,,False
92590435,549.8,WIN,True,14,3,MAIN,4,RESOURCE_MANAGEMENT,ABILITY,,ABILITY,0,0,1071,170,170,2,False,5,6,False,True,1,0,1,741,50,6,741,50,6,False,False,,,False
92590435,549.8,WIN,True,15,3,TO_HAND,2,RESOURCE_MANAGEMENT,,,CARD,0,0,1071,170,170,2,False,5,6,False,True,1,0,1,741,50,6,741,50,6,False,False,,,False
92590435,549.8,WIN,True,16,3,MAIN,9,ENERGY_MANAGEMENT,ATTACH_ENERGY,,ATTACH,0,0,1071,170,170,2,False,5,6,False,True,1,0,1,741,50,6,741,50,6,False,False,,,False
92590435,549.8,WIN,True,17,3,MAIN,4,RESOURCE_MANAGEMENT,PLAY_SUPPORTER,1227,PLAY,0,0,1071,170,170,2,False,5,6,True,True,1,1,1,741,50,6,741,50,6,False,False,,,False
92590435,549.8,WIN,True,18,3,MAIN,6,RESOURCE_MANAGEMENT,PLAY_ITEM,1152,PLAY,0,0,1071,170,170,2,False,5,6,True,True,1,1,1,741,50,6,741,50,6,False,False,,,False
92590435,549.8,WIN,True,19,3,TO_HAND,2,RESOURCE_MANAGEMENT,,,CARD,0,0,1071,170,170,2,False,5,6,False,True,1,1,1,741,50,6,741,50,6,False,False,,,False
92590435,549.8,WIN,True,20,3,MAIN,8,BENCH_MANAGEMENT,EVOLVE,,EVOLVE,0,0,1071,170,170,2,False,5,6,True,True,1,1,1,741,50,6,741,50,6,False,False,,,False
92590435,549.8,WIN,True,21,3,MAIN,5,RESOURCE_MANAGEMENT,ABILITY,,ABILITY,0,0,1071,170,170,2,False,5,6,True,True,1,1,1,741,50,6,741,50,6,False,False,,,False
92590435,549.8,WIN,True,22,3,TO_HAND,2,RESOURCE_MANAGEMENT,,,CARD,0,0,1071,170,170,2,False,5,6,False,True,1,1,1,741,50,6,741,50,6,False,False,,,False
92590435,549.8,WIN,True,23,3,MAIN,4,BENCH_MANAGEMENT,EVOLVE,,EVOLVE,0,0,1071,170,170,2,False,5,6,True,True,1,1,1,741,50,6,741,50,6,False,False,,,False
92590435,549.8,WIN,True,24,3,MAIN,3,RESOURCE_MANAGEMENT,ABILITY,,ABILITY,0,0,1071,170,170,2,False,5,6,True,True,1,1,1,741,50,6,741,50,6,False,False,,,False
92590435,549.8,WIN,True,25,3,TO_HAND,2,RESOURCE_MANAGEMENT,,,CARD,0,0,1071,170,170,2,False,5,6,False,True,1,1,1,741,50,6,741,50,6,False,False,,,False
92590435,549.8,WIN,True,26,3,MAIN,2,RETREAT_SELECTION,RETREAT,,RETREAT,0,0,1071,170,170,2,False,5,6,True,True,1,1,1,741,50,6,741,50,6,False,False,,,False
92590435,549.8,WIN,True,27,3,DISCARD_ENERGY,1,ENERGY_MANAGEMENT,,,ENERGY,0,0,1071,170,170,2,False,5,6,False,True,1,1,1,741,50,6,741,50,6,False,False,,,False
92590435,549.8,WIN,True,28,3,SWITCH,5,ACTIVE_POKEMON_SELECTION,,,CARD,0,0,1071,170,170,2,False,5,6,False,True,1,0,1,741,50,6,741,50,6,False,False,,,False
92590435,549.8,WIN,True,29,3,MAIN,2,TIMING,,,,1,0,235,30,30,1,False,5,6,False,True,0,0,0,741,50,6,741,40,6,False,False,,,True
92590435,549.8,WIN,True,30,5,MAIN,29,RESOURCE_MANAGEMENT,PLAY_ITEM,1079,PLAY,1,0,235,30,30,1,False,5,6,True,True,0,0,0,741,40,6,741,40,6,False,False,,,False
92590435,549.8,WIN,True,31,5,EVOLVE,1,BENCH_MANAGEMENT,,,EVOLVE,0,0,235,30,30,1,False,5,6,False,True,0,0,0,741,40,6,741,40,6,False,False,,,False
92590435,549.8,WIN,True,32,5,MAIN,25,RESOURCE_MANAGEMENT,ABILITY,,ABILITY,1,0,235,30,30,1,False,5,6,True,True,0,0,0,741,40,6,741,40,6,False,False,,,False
92590435,549.8,WIN,True,33,5,TO_HAND,2,RESOURCE_MANAGEMENT,,,CARD,0,0,235,30,30,1,False,5,6,False,True,0,0,0,741,40,6,741,40,6,False,False,,,False
92590435,549.8,WIN,True,34,5,MAIN,25,RESOURCE_MANAGEMENT,ABILITY,,ABILITY,1,0,235,30,30,1,False,5,6,True,True,0,0,0,741,40,6,741,40,6,False,False,,,False
92590435,549.8,WIN,True,35,5,TO_HAND,2,RESOURCE_MANAGEMENT,,,CARD,0,0,235,30,30,1,False,5,6,False,True,0,0,0,741,40,6,741,40,6,False,False,,,False
92590435,549.8,WIN,True,36,5,MAIN,25,RESOURCE_MANAGEMENT,ABILITY,,ABILITY,1,0,235,30,30,1,False,5,6,True,True,0,0,0,741,40,6,741,40,6,False,False,,,False
92590435,549.8,WIN,True,37,5,TO_HAND,2,RESOURCE_MANAGEMENT,,,CARD,0,0,235,30,30,1,False,5,6,False,True,0,0,0,741,40,6,741,40,6,False,False,,,False
92590435,549.8,WIN,True,38,5,MAIN,25,RESOURCE_MANAGEMENT,PLAY_SUPPORTER,1198,PLAY,1,0,235,30,30,1,False,5,6,True,True,0,0,0,741,40,6,741,40,6,False,False,,,False
92590435,549.8,WIN,True,39,5,TO_HAND,4,RESOURCE_MANAGEMENT,,,CARD,0,0,235,30,30,1,False,5,6,False,True,0,0,0,741,40,6,741,40,6,False,False,,,False
92590435,549.8,WIN,True,40,5,ATTACH_TO,1,ENERGY_MANAGEMENT,,,CARD,0,0,235,30,30,1,False,5,6,False,True,0,0,0,741,40,6,741,40,6,False,False,,,False
92590435,549.8,WIN,True,41,5,ATTACH_FROM,6,ENERGY_MANAGEMENT,,,CARD,0,0,235,30,30,1,False,5,6,False,True,0,0,0,741,40,6,741,40,6,False,False,,,False
92590435,549.8,WIN,True,42,5,MAIN,28,ENERGY_MANAGEMENT,ATTACH_ENERGY,,ATTACH,1,0,235,30,30,1,False,5,6,True,True,0,0,1,741,40,6,741,40,6,False,False,,,False
92590435,549.8,WIN,True,43,5,MAIN,4,RETREAT_SELECTION,RETREAT,,RETREAT,1,0,235,30,30,1,False,5,6,True,True,0,0,1,741,40,6,741,40,6,False,False,,,False
92590435,549.8,WIN,True,44,5,SWITCH,5,ACTIVE_POKEMON_SELECTION,,,CARD,0,0,235,30,30,1,False,5,6,False,True,0,0,1,741,40,6,741,40,6,False,False,,,False
92590435,549.8,WIN,True,45,5,MAIN,4,ATTACK_SELECTION,ATTACK,,ATTACK,2,1,121,320,320,2,False,5,6,False,True,1,1,1,741,40,6,741,0,6,False,False,,,True
92590435,549.8,WIN,True,46,5,DAMAGE_COUNTER_ANY,5,TARGET_SELECTION,,,CARD,0,0,121,320,320,2,False,5,6,False,True,1,1,1,741,0,6,741,0,6,False,False,,,False
92590435,549.8,WIN,True,47,5,DAMAGE_COUNTER_ANY,5,TARGET_SELECTION,,,CARD,0,0,121,320,320,2,False,5,6,False,True,1,1,1,741,0,6,741,0,6,False,False,,,False
92590435,549.8,WIN,True,48,5,DAMAGE_COUNTER_ANY,5,TARGET_SELECTION,,,CARD,0,0,121,320,320,2,False,5,6,False,True,1,1,1,741,0,6,741,0,6,False,False,,,False
92590435,549.8,WIN,True,49,5,DAMAGE_COUNTER_ANY,5,TARGET_SELECTION,,,CARD,0,0,121,320,320,2,False,5,6,False,True,1,1,1,741,0,6,741,0,6,False,False,,,False
92590435,549.8,WIN,True,50,5,DAMAGE_COUNTER_ANY,5,TARGET_SELECTION,,,CARD,0,0,121,320,320,2,False,5,6,False,True,1,1,1,741,0,6,741,0,6,False,False,,,False
92590435,549.8,WIN,True,51,5,DAMAGE_COUNTER_ANY,5,TARGET_SELECTION,,,CARD,0,0,121,320,320,2,False,5,6,False,True,1,1,1,741,0,6,,,6,False,False,,,False
92590435,549.8,WIN,True,52,5,TO_HAND,6,RESOURCE_MANAGEMENT,,,CARD,0,0,121,320,320,2,False,5,6,False,True,1,1,1,,,6,,,6,,,,,False
92590435,549.8,WIN,True,53,5,TO_HAND,5,RESOURCE_MANAGEMENT,,,,0,0,121,320,320,2,False,5,5,False,True,1,1,1,,,6,743,140,6,,,,,False
92590435,549.8,WIN,True,54,6,DISCARD,11,RESOURCE_MANAGEMENT,,,,0,0,121,320,320,2,False,5,4,False,True,1,1,1,743,140,6,743,140,6,False,False,,,False
92590435,549.8,WIN,True,55,7,MAIN,10,RESOURCE_MANAGEMENT,PLAY_STADIUM,1256,PLAY,1,0,121,320,320,2,False,5,4,True,True,1,1,1,743,140,6,743,140,6,False,False,,,False
92590435,549.8,WIN,True,56,7,MAIN,10,RESOURCE_MANAGEMENT,ABILITY,,ABILITY,2,0,121,320,320,2,False,5,4,True,True,1,1,1,743,140,6,743,140,6,False,False,,,False
92590435,549.8,WIN,True,57,7,TO_HAND,2,RESOURCE_MANAGEMENT,,,CARD,0,0,121,320,320,2,False,5,4,False,True,1,1,1,743,140,6,743,140,6,False,False,,,False
92590435,549.8,WIN,True,58,7,MAIN,15,RESOURCE_MANAGEMENT,ABILITY,,ABILITY,2,0,121,320,320,2,False,5,4,True,True,1,1,1,743,140,6,743,140,6,False,False,,,False
92590435,549.8,WIN,True,59,7,TO_HAND,2,RESOURCE_MANAGEMENT,,,CARD,0,0,121,320,320,2,False,5,4,False,True,1,1,1,743,140,6,743,140,6,False,False,,,False
92590435,549.8,WIN,True,60,7,MAIN,15,RESOURCE_MANAGEMENT,ABILITY,,ABILITY,2,0,121,320,320,2,False,5,4,True,True,1,1,1,743,140,6,743,140,6,False,False,,,False
92590435,549.8,WIN,True,61,7,TO_HAND,2,RESOURCE_MANAGEMENT,,,CARD,0,0,121,320,320,2,False,5,4,False,True,1,1,1,743,140,6,743,140,6,False,False,,,False
92590435,549.8,WIN,True,62,7,MAIN,17,BENCH_MANAGEMENT,EVOLVE,,EVOLVE,2,0,121,320,320,2,False,5,4,True,True,1,1,1,743,140,6,743,140,6,False,False,,,False
92590435,549.8,WIN,True,63,7,MAIN,14,ENERGY_MANAGEMENT,ATTACH_ENERGY,,ATTACH,2,0,121,320,320,2,False,5,4,True,True,1,1,1,743,140,6,743,140,6,False,False,,,False
92590435,549.8,WIN,True,64,7,MAIN,8,RESOURCE_MANAGEMENT,PLAY_SUPPORTER,1227,PLAY,2,0,121,320,320,2,False,5,4,True,True,1,1,2,743,140,6,743,140,6,False,False,,,False
92590435,549.8,WIN,True,65,7,MAIN,6,RESOURCE_MANAGEMENT,PLAY_ITEM,1120,PLAY,2,0,121,320,320,2,False,5,4,True,True,1,1,2,743,140,6,743,140,6,False,False,,,False
92590435,549.8,WIN,True,66,7,MAIN,5,ATTACK_SELECTION,ATTACK,,ATTACK,2,1,121,320,320,2,False,5,4,True,True,1,1,2,743,140,6,743,0,6,False,False,,,False
92590435,549.8,WIN,True,67,7,DAMAGE_COUNTER_ANY,4,TARGET_SELECTION,,,CARD,0,0,121,320,320,2,False,5,4,False,True,1,1,2,743,0,6,743,0,6,False,False,,,False
92590435,549.8,WIN,True,68,7,DAMAGE_COUNTER_ANY,4,TARGET_SELECTION,,,CARD,0,0,121,320,320,2,False,5,4,False,True,1,1,2,743,0,6,743,0,6,False,False,,,False
92590435,549.8,WIN,True,69,7,DAMAGE_COUNTER_ANY,4,TARGET_SELECTION,,,CARD,0,0,121,320,320,2,False,5,4,False,True,1,1,2,743,0,6,743,0,6,False,False,,,False
92590435,549.8,WIN,True,70,7,DAMAGE_COUNTER_ANY,4,TARGET_SELECTION,,,CARD,0,0,121,320,320,2,False,5,4,False,True,1,1,2,743,0,6,743,0,6,False,False,,,False
92590435,549.8,WIN,True,71,7,DAMAGE_COUNTER_ANY,4,TARGET_SELECTION,,,CARD,0,0,121,320,320,2,False,5,4,False,True,1,1,2,743,0,6,743,0,6,False,False,,,False
92590435,549.8,WIN,True,72,7,DAMAGE_COUNTER_ANY,4,TARGET_SELECTION,,,CARD,0,0,121,320,320,2,False,5,4,False,True,1,1,2,743,0,6,,,6,False,False,,,False
92590435,549.8,WIN,True,73,7,TO_HAND,4,RESOURCE_MANAGEMENT,,,CARD,0,0,121,320,320,2,False,5,4,False,True,1,1,2,,,6,,,6,,,,,False
92590435,549.8,WIN,True,74,7,TO_HAND,3,RESOURCE_MANAGEMENT,,,,0,0,121,320,320,2,False,5,3,False,True,1,1,2,,,6,305,70,6,,,,,False
92590435,549.8,WIN,True,75,9,MAIN,10,RESOURCE_MANAGEMENT,ABILITY,,ABILITY,1,0,121,320,320,2,False,5,2,True,True,1,1,2,305,70,6,305,70,6,False,False,,,False
92590435,549.8,WIN,True,76,9,TO_HAND,2,RESOURCE_MANAGEMENT,,,CARD,0,0,121,320,320,2,False,5,2,False,True,1,1,2,305,70,6,305,70,6,False,False,,,False
92590435,549.8,WIN,True,77,9,MAIN,15,RESOURCE_MANAGEMENT,ABILITY,,ABILITY,1,0,121,320,320,2,False,5,2,True,True,1,1,2,305,70,6,305,70,6,False,False,,,False
92590435,549.8,WIN,True,78,9,TO_HAND,2,RESOURCE_MANAGEMENT,,,CARD,0,0,121,320,320,2,False,5,2,False,True,1,1,2,305,70,6,305,70,6,False,False,,,False
92590435,549.8,WIN,True,79,9,MAIN,15,RESOURCE_MANAGEMENT,PLAY_STADIUM,1256,PLAY,1,0,121,320,320,2,False,5,2,True,True,1,1,2,305,70,6,305,70,6,False,False,,,False
92590435,549.8,WIN,True,80,9,MAIN,15,ENERGY_MANAGEMENT,ATTACH_ENERGY,,ATTACH,2,0,121,320,320,2,False,5,2,True,True,1,1,2,305,70,6,305,70,6,False,False,,,False
92590435,549.8,WIN,True,81,9,MAIN,9,RESOURCE_MANAGEMENT,PLAY_SUPPORTER,1227,PLAY,2,0,121,320,320,2,False,5,2,True,True,1,1,2,305,70,6,305,70,6,False,False,,,False
92590435,549.8,WIN,True,82,9,MAIN,4,ATTACK_SELECTION,ATTACK,,ATTACK,2,1,121,320,320,2,False,5,2,True,True,1,1,2,305,70,6,305,0,6,False,False,,,False
92590435,549.8,WIN,True,83,9,DAMAGE_COUNTER_ANY,3,TARGET_SELECTION,,,CARD,0,0,121,320,320,2,False,5,2,False,True,1,1,2,305,0,6,305,0,6,False,False,,,False
92590435,549.8,WIN,True,84,9,DAMAGE_COUNTER_ANY,3,TARGET_SELECTION,,,CARD,0,0,121,320,320,2,False,5,2,False,True,1,1,2,305,0,6,305,0,6,False,False,,,False
92590435,549.8,WIN,True,85,9,DAMAGE_COUNTER_ANY,3,TARGET_SELECTION,,,CARD,0,0,121,320,320,2,False,5,2,False,True,1,1,2,305,0,6,305,0,6,False,False,,,False
92590435,549.8,WIN,True,86,9,DAMAGE_COUNTER_ANY,3,TARGET_SELECTION,,,CARD,0,0,121,320,320,2,False,5,2,False,True,1,1,2,305,0,6,305,0,6,False,False,,,False
92590435,549.8,WIN,True,87,9,DAMAGE_COUNTER_ANY,3,TARGET_SELECTION,,,CARD,0,0,121,320,320,2,False,5,2,False,True,1,1,2,305,0,6,305,0,6,False,False,,,False
92590435,549.8,WIN,True,88,9,DAMAGE_COUNTER_ANY,3,TARGET_SELECTION,,,CARD,0,0,121,320,320,2,False,5,2,False,True,1,1,2,305,0,6,,,6,False,False,,,False
92590435,549.8,WIN,True,89,9,TO_HAND,2,RESOURCE_MANAGEMENT,,,,0,0,121,320,320,2,False,5,2,False,True,1,1,2,,,6,66,80,6,,,,,False
92590435,549.8,WIN,True,90,11,MAIN,11,RESOURCE_MANAGEMENT,PLAY_ITEM,1120,PLAY,2,0,121,320,320,2,False,5,1,True,True,1,1,2,66,80,6,66,80,6,False,False,,,False
92590435,549.8,WIN,True,91,11,DISCARD_ENERGY,1,ENERGY_MANAGEMENT,,,ENERGY,0,0,121,320,320,2,False,5,1,False,True,1,1,2,66,80,6,66,80,6,False,False,,,False
92590435,549.8,WIN,True,92,11,MAIN,10,RESOURCE_MANAGEMENT,ABILITY,,ABILITY,2,0,121,320,320,2,False,5,1,True,True,1,1,2,66,80,6,66,80,6,False,False,,,False
92590435,549.8,WIN,True,93,11,TO_HAND,2,RESOURCE_MANAGEMENT,,,CARD,0,0,121,320,320,2,False,5,1,False,True,1,1,2,66,80,6,66,80,6,False,False,,,False
92590435,549.8,WIN,True,94,11,MAIN,10,RESOURCE_MANAGEMENT,ABILITY,,ABILITY,2,0,121,320,320,2,False,5,1,True,True,1,1,2,66,80,6,66,80,6,False,False,,,False
92590435,549.8,WIN,True,95,11,TO_HAND,2,RESOURCE_MANAGEMENT,,,CARD,0,0,121,320,320,2,False,5,1,False,True,1,1,2,66,80,6,66,80,6,False,False,,,False
92590435,549.8,WIN,True,96,11,MAIN,9,RESOURCE_MANAGEMENT,PLAY_SUPPORTER,1227,PLAY,2,0,121,320,320,2,False,5,1,True,True,1,1,2,66,80,6,66,80,6,False,False,,,False
92590435,549.8,WIN,True,97,11,MAIN,10,ENERGY_MANAGEMENT,ATTACH_ENERGY,,ATTACH,2,0,121,320,320,2,False,5,1,True,True,1,1,2,66,80,6,66,80,6,False,False,,,False
92590435,549.8,WIN,True,98,11,MAIN,4,ATTACK_SELECTION,ATTACK,,ATTACK,2,1,121,320,320,2,False,5,1,True,True,1,1,2,66,80,6,66,0,6,False,False,,,False
92590435,549.8,WIN,True,99,11,DAMAGE_COUNTER_ANY,3,TARGET_SELECTION,,,CARD,0,0,121,320,320,2,False,5,1,False,True,1,1,2,66,0,6,66,0,6,False,False,,,False
92590435,549.8,WIN,True,100,11,DAMAGE_COUNTER_ANY,3,TARGET_SELECTION,,,CARD,0,0,121,320,320,2,False,5,1,False,True,1,1,2,66,0,6,66,0,6,False,False,,,False
92590435,549.8,WIN,True,101,11,DAMAGE_COUNTER_ANY,3,TARGET_SELECTION,,,CARD,0,0,121,320,320,2,False,5,1,False,True,1,1,2,66,0,6,66,0,6,False,False,,,False
92590435,549.8,WIN,True,102,11,DAMAGE_COUNTER_ANY,3,TARGET_SELECTION,,,CARD,0,0,121,320,320,2,False,5,1,False,True,1,1,2,66,0,6,66,0,6,False,False,,,False
92590435,549.8,WIN,True,103,11,DAMAGE_COUNTER_ANY,3,TARGET_SELECTION,,,CARD,0,0,121,320,320,2,False,5,1,False,True,1,1,2,66,0,6,66,0,6,False,False,,,False
92590435,549.8,WIN,True,104,11,DAMAGE_COUNTER_ANY,3,TARGET_SELECTION,,,CARD,0,0,121,320,320,2,False,5,1,False,True,1,1,2,66,0,6,,,6,False,False,,,False
92591380,808.9,LOSS,False,0,,,0,UNKNOWN,,,,0,0,,,,,False,,,False,False,,,0,,,,,,,,,,,False
92591380,808.9,LOSS,False,1,,,0,UNKNOWN,,,,0,0,,,,,False,,,False,False,,,0,,,,,,0,,,,,False
92591380,808.9,LOSS,False,2,0,SETUP_ACTIVE_POKEMON,2,EARLY_GAME_SETUP,,,CARD,0,0,,,,,False,0,0,False,False,,,0,,,0,,,6,,,,,False
92591380,808.9,LOSS,False,3,0,SETUP_BENCH_POKEMON,1,BENCH_MANAGEMENT,,,,0,0,,,,,False,0,6,False,False,,,0,,,6,112,110,6,,,,,False
92591380,808.9,LOSS,False,4,2,MAIN,7,ENERGY_MANAGEMENT,ATTACH_ENERGY,,ATTACH,1,0,235,30,30,1,False,1,6,True,True,0,0,0,112,110,6,112,110,6,False,True,,,False
92591380,808.9,LOSS,False,5,2,MAIN,5,RESOURCE_MANAGEMENT,PLAY_ITEM,1120,PLAY,1,0,235,30,30,1,False,1,6,True,True,0,0,0,112,110,6,112,110,6,False,True,,,False
92591380,808.9,LOSS,False,6,2,DISCARD_ENERGY,1,ENERGY_MANAGEMENT,,,ENERGY,0,0,235,30,30,1,False,1,6,False,True,0,0,0,112,110,6,112,110,6,False,True,,,False
92591380,808.9,LOSS,False,7,2,MAIN,4,TIMING,,,,1,0,235,30,30,1,False,1,6,True,True,0,0,0,112,110,6,112,110,6,False,False,,,False
92591380,808.9,LOSS,False,8,4,MAIN,6,RESOURCE_MANAGEMENT,PLAY_ITEM,1079,PLAY,1,0,235,30,30,1,False,1,6,True,True,0,0,0,112,110,6,112,110,6,False,True,,,False
92591380,808.9,LOSS,False,9,4,EVOLVE,2,BENCH_MANAGEMENT,,,EVOLVE,0,0,235,30,30,1,False,1,6,False,True,0,0,0,112,110,6,112,110,6,False,True,,,False
92591380,808.9,LOSS,False,10,4,MAIN,5,RESOURCE_MANAGEMENT,PLAY_ITEM,1086,PLAY,1,0,235,30,30,1,False,1,6,True,True,0,0,0,112,110,6,112,110,6,False,True,,,False
92591380,808.9,LOSS,False,11,4,TO_BENCH,4,BENCH_MANAGEMENT,,,CARD;CARD,0,0,235,30,30,1,False,1,6,False,True,0,0,0,112,110,6,112,110,6,False,True,,,False
92591380,808.9,LOSS,False,12,4,MAIN,3,TIMING,,,,1,0,235,30,30,1,False,3,6,True,True,0,0,0,112,110,6,112,100,6,False,True,,,False
92591380,808.9,LOSS,False,13,6,MAIN,9,RESOURCE_MANAGEMENT,ABILITY,,ABILITY,1,0,235,30,30,1,False,3,6,True,True,0,0,0,112,100,6,112,100,6,False,True,,,False
92591380,808.9,LOSS,False,14,6,MAIN,8,ENERGY_MANAGEMENT,ATTACH_ENERGY,,ATTACH,1,0,235,30,30,1,False,3,6,True,True,0,0,0,112,100,6,112,100,6,False,True,,,False
92591380,808.9,LOSS,False,15,6,MAIN,3,TIMING,,,,1,0,235,30,30,1,False,3,6,True,True,0,0,1,112,100,6,112,100,6,False,True,,,False
92591380,808.9,LOSS,False,16,8,MAIN,6,RESOURCE_MANAGEMENT,ABILITY,,ABILITY,1,0,235,30,30,1,False,3,6,True,True,0,0,1,112,100,6,112,100,6,False,True,,,False
92591380,808.9,LOSS,False,17,8,MAIN,5,RESOURCE_MANAGEMENT,PLAY_SUPPORTER,1198,PLAY,1,0,235,30,30,1,False,3,6,True,True,0,0,1,112,100,6,112,100,6,False,True,,,False
92591380,808.9,LOSS,False,18,8,TO_HAND,5,RESOURCE_MANAGEMENT,,,CARD,0,0,235,30,30,1,False,3,6,False,True,0,0,1,112,100,6,112,100,6,False,True,,,False
92591380,808.9,LOSS,False,19,8,ATTACH_TO,3,ENERGY_MANAGEMENT,,,CARD,0,0,235,30,30,1,False,3,6,False,True,0,0,1,112,100,6,112,100,6,False,True,,,False
92591380,808.9,LOSS,False,20,8,ATTACH_FROM,4,ENERGY_MANAGEMENT,,,CARD,0,0,235,30,30,1,False,3,6,False,True,0,0,1,112,100,6,112,100,6,False,True,,,False
92591380,808.9,LOSS,False,21,8,MAIN,8,ENERGY_MANAGEMENT,ATTACH_ENERGY,,ATTACH,1,0,235,30,30,1,False,3,6,True,True,0,0,1,112,100,6,112,100,6,False,True,,,False
92591380,808.9,LOSS,False,22,8,MAIN,3,RETREAT_SELECTION,RETREAT,,RETREAT,1,0,235,30,30,1,False,3,6,True,True,0,0,1,112,100,6,112,100,6,False,True,,,False
92591380,808.9,LOSS,False,23,8,SWITCH,3,ACTIVE_POKEMON_SELECTION,,,CARD,0,0,235,30,30,1,False,3,6,False,True,0,0,1,112,100,6,112,100,6,False,True,,,False
92591380,808.9,LOSS,False,24,8,MAIN,3,ATTACK_SELECTION,ATTACK,,ATTACK,2,1,121,310,320,2,True,3,6,False,True,1,1,1,112,100,6,112,0,6,False,False,,,True
92591380,808.9,LOSS,False,25,8,DAMAGE_COUNTER_ANY,4,TARGET_SELECTION,,,CARD,0,0,121,310,320,2,True,3,6,False,True,1,1,1,112,0,6,112,0,6,False,False,,,False
92591380,808.9,LOSS,False,26,8,DAMAGE_COUNTER_ANY,4,TARGET_SELECTION,,,CARD,0,0,121,310,320,2,True,3,6,False,True,1,1,1,112,0,6,112,0,6,False,False,,,False
92591380,808.9,LOSS,False,27,8,DAMAGE_COUNTER_ANY,4,TARGET_SELECTION,,,CARD,0,0,121,310,320,2,True,3,6,False,True,1,1,1,112,0,6,112,0,6,False,False,,,False
92591380,808.9,LOSS,False,28,8,DAMAGE_COUNTER_ANY,4,TARGET_SELECTION,,,CARD,0,0,121,310,320,2,True,3,6,False,True,1,1,1,112,0,6,112,0,6,False,False,,,False
92591380,808.9,LOSS,False,29,8,DAMAGE_COUNTER_ANY,4,TARGET_SELECTION,,,CARD,0,0,121,310,320,2,True,3,6,False,True,1,1,1,112,0,6,112,0,6,False,False,,,False
92591380,808.9,LOSS,False,30,8,DAMAGE_COUNTER_ANY,4,TARGET_SELECTION,,,CARD,0,0,121,310,320,2,True,3,6,False,True,1,1,1,112,0,6,,,6,False,False,,,False
92591380,808.9,LOSS,False,31,8,TO_HAND,6,RESOURCE_MANAGEMENT,,,,0,0,121,310,320,2,True,3,6,False,True,1,1,1,,,6,648,260,4,,,,,False
92591380,808.9,LOSS,False,32,9,TO_ACTIVE,2,ACTIVE_POKEMON_SELECTION,,,CARD,0,0,,,,,False,2,5,False,True,,,1,648,260,4,648,250,4,,,,,True
92591380,808.9,LOSS,False,33,10,MAIN,9,RESOURCE_MANAGEMENT,PLAY_ITEM,1120,PLAY,2,0,121,310,320,2,True,1,5,True,True,1,1,0,648,250,4,648,250,4,False,False,Shadow Bullet,180,False
92591380,808.9,LOSS,False,34,10,DISCARD_ENERGY,7,ENERGY_MANAGEMENT,,,ENERGY,0,0,121,310,320,2,True,1,5,False,True,1,1,0,648,250,4,648,250,4,False,False,Shadow Bullet,180,False
92591380,808.9,LOSS,False,35,10,MAIN,8,RESOURCE_MANAGEMENT,ABILITY,,ABILITY,2,0,121,310,320,2,True,1,5,True,True,1,1,0,648,250,4,648,250,4,False,False,Shadow Bullet,180,False
92591380,808.9,LOSS,False,36,10,MAIN,7,ENERGY_MANAGEMENT,ATTACH_ENERGY,,ATTACH,2,0,121,310,320,2,True,1,5,True,True,1,1,0,648,250,4,648,250,4,False,False,Shadow Bullet,180,False
92591380,808.9,LOSS,False,37,10,MAIN,4,ATTACK_SELECTION,ATTACK,,ATTACK,2,1,121,310,320,2,True,1,5,True,True,1,1,1,648,250,4,648,50,4,False,False,Shadow Bullet,180,False
92591380,808.9,LOSS,False,38,10,DAMAGE_COUNTER_ANY,5,TARGET_SELECTION,,,CARD,0,0,121,310,320,2,True,1,5,False,True,1,1,1,648,50,4,648,50,4,False,False,Shadow Bullet,180,False
92591380,808.9,LOSS,False,39,10,DAMAGE_COUNTER_ANY,5,TARGET_SELECTION,,,CARD,0,0,121,310,320,2,True,1,5,False,True,1,1,1,648,50,4,648,50,4,False,False,Shadow Bullet,180,False
92591380,808.9,LOSS,False,40,10,DAMAGE_COUNTER_ANY,5,TARGET_SELECTION,,,CARD,0,0,121,310,320,2,True,1,5,False,True,1,1,1,648,50,4,648,50,4,False,False,Shadow Bullet,180,False
92591380,808.9,LOSS,False,41,10,DAMAGE_COUNTER_ANY,5,TARGET_SELECTION,,,CARD,0,0,121,310,320,2,True,1,5,False,True,1,1,1,648,50,4,648,50,4,False,False,Shadow Bullet,180,False
92591380,808.9,LOSS,False,42,10,DAMAGE_COUNTER_ANY,5,TARGET_SELECTION,,,CARD,0,0,121,310,320,2,True,1,5,False,True,1,1,1,648,50,4,648,50,4,False,False,Shadow Bullet,180,False
92591380,808.9,LOSS,False,43,10,DAMAGE_COUNTER_ANY,5,TARGET_SELECTION,,,,0,0,121,310,320,2,True,1,5,False,True,1,1,1,648,50,4,648,30,4,False,False,Shadow Bullet,180,False
92591380,808.9,LOSS,False,44,12,MAIN,7,RESOURCE_MANAGEMENT,PLAY_STADIUM,1256,PLAY,2,0,121,130,320,2,True,1,5,True,True,1,1,1,648,30,4,648,30,4,True,False,Shadow Bullet,180,False
92591380,808.9,LOSS,False,45,12,MAIN,4,ATTACK_SELECTION,ATTACK,,ATTACK,2,1,121,130,320,2,True,1,5,True,True,1,1,1,648,30,4,648,0,4,True,False,Shadow Bullet,180,False
92591380,808.9,LOSS,False,46,12,DAMAGE_COUNTER_ANY,5,TARGET_SELECTION,,,CARD,0,0,121,130,320,2,True,1,5,False,True,1,1,1,648,0,4,648,0,4,True,False,Shadow Bullet,180,False
92591380,808.9,LOSS,False,47,12,DAMAGE_COUNTER_ANY,5,TARGET_SELECTION,,,CARD,0,0,121,130,320,2,True,1,5,False,True,1,1,1,648,0,4,648,0,4,True,False,Shadow Bullet,180,False
92591380,808.9,LOSS,False,48,12,DAMAGE_COUNTER_ANY,5,TARGET_SELECTION,,,CARD,0,0,121,130,320,2,True,1,5,False,True,1,1,1,648,0,4,648,0,4,True,False,Shadow Bullet,180,False
92591380,808.9,LOSS,False,49,12,DAMAGE_COUNTER_ANY,5,TARGET_SELECTION,,,CARD,0,0,121,130,320,2,True,1,5,False,True,1,1,1,648,0,4,648,0,4,True,False,Shadow Bullet,180,False
92591380,808.9,LOSS,False,50,12,DAMAGE_COUNTER_ANY,5,TARGET_SELECTION,,,CARD,0,0,121,130,320,2,True,1,5,False,True,1,1,1,648,0,4,648,0,4,True,False,Shadow Bullet,180,False
92591380,808.9,LOSS,False,51,12,DAMAGE_COUNTER_ANY,5,TARGET_SELECTION,,,CARD,0,0,121,130,320,2,True,1,5,False,True,1,1,1,648,0,4,,,4,True,False,Shadow Bullet,180,False
92591380,808.9,LOSS,False,52,12,TO_HAND,5,RESOURCE_MANAGEMENT,,,,0,0,121,130,320,2,True,1,5,False,True,1,1,1,,,4,648,280,2,,,,,False
92591380,808.9,LOSS,False,53,13,TO_ACTIVE,1,ACTIVE_POKEMON_SELECTION,,,CARD,0,0,,,,,False,1,3,False,True,,,1,648,280,2,648,270,2,,,,,True
92591380,808.9,LOSS,False,54,14,MAIN,7,RESOURCE_MANAGEMENT,PLAY_POKEMON,184,PLAY,1,0,119,10,70,1,True,0,3,False,False,1,1,0,648,270,2,648,270,2,True,False,Shadow Bullet,180,False
92591380,808.9,LOSS,False,55,14,MAIN,8,RESOURCE_MANAGEMENT,ABILITY,,ABILITY,1,0,119,10,70,1,True,1,3,True,True,1,1,0,648,270,2,648,270,2,True,False,Shadow Bullet,180,False
92591380,808.9,LOSS,False,56,14,MAIN,7,RESOURCE_MANAGEMENT,PLAY_SUPPORTER,1210,PLAY,1,0,119,10,70,1,True,1,3,True,True,1,1,0,648,270,2,648,270,2,True,False,Shadow Bullet,180,False
92591380,808.9,LOSS,False,57,14,TO_HAND,8,RESOURCE_MANAGEMENT,,,CARD,0,0,119,10,70,1,True,1,3,False,True,1,1,0,648,270,2,648,270,2,True,False,Shadow Bullet,180,False
92591380,808.9,LOSS,False,58,14,TO_HAND,3,RESOURCE_MANAGEMENT,,,CARD,0,0,119,10,70,1,True,1,3,False,True,1,1,0,648,270,2,648,270,2,True,False,Shadow Bullet,180,False
92591380,808.9,LOSS,False,59,14,MAIN,8,RESOURCE_MANAGEMENT,PLAY_POKEMON,140,PLAY,1,0,119,10,70,1,True,1,3,True,True,1,1,0,648,270,2,648,270,2,True,False,Shadow Bullet,180,False
92591380,808.9,LOSS,False,60,14,MAIN,9,RESOURCE_MANAGEMENT,PLAY_POKEMON,235,PLAY,1,0,119,10,70,1,True,2,3,True,True,1,1,0,648,270,2,648,270,2,True,False,Shadow Bullet,180,False
92591380,808.9,LOSS,False,61,14,MAIN,9,RESOURCE_MANAGEMENT,ABILITY,,ABILITY,1,0,119,10,70,1,True,3,3,True,True,1,1,1,648,270,2,648,270,2,True,False,Shadow Bullet,180,False
92591380,808.9,LOSS,False,62,14,MAIN,10,ENERGY_MANAGEMENT,ATTACH_ENERGY,,ATTACH,1,0,119,10,70,1,True,3,3,True,True,1,1,1,648,270,2,648,270,2,True,False,Shadow Bullet,180,False
92591380,808.9,LOSS,False,63,14,MAIN,7,RETREAT_SELECTION,RETREAT,,RETREAT,2,0,119,10,70,1,True,3,3,True,True,1,1,1,648,270,2,648,270,2,True,False,Shadow Bullet,180,False
92591380,808.9,LOSS,False,64,14,SWITCH,3,ACTIVE_POKEMON_SELECTION,,,CARD,0,0,119,10,70,1,True,3,3,False,True,1,1,1,648,270,2,648,270,2,True,False,Shadow Bullet,180,False
92592329,482.2,WIN,True,0,,,0,UNKNOWN,,,,0,0,,,,,False,,,False,False,,,0,,,,,,,,,,,False
92592329,482.2,WIN,True,1,,,0,UNKNOWN,,,,0,0,,,,,False,,,False,False,,,0,,,,,,0,,,,,False
92592329,482.2,WIN,True,2,0,IS_FIRST,2,GOING_FIRST_SECOND,,,YES,0,0,,,,,False,0,0,False,False,,,0,,,0,,,0,,,,,False
92592329,482.2,WIN,True,3,0,SETUP_ACTIVE_POKEMON,2,EARLY_GAME_SETUP,,,,0,0,,,,,False,0,0,False,False,,,0,,,0,,,6,,,,,False
92592329,482.2,WIN,True,4,0,DRAW_COUNT,5,SEARCH_DECISION,,,NUMBER,0,0,,,,,False,0,6,False,False,,,0,,,6,,,6,,,,,False
92592329,482.2,WIN,True,5,0,SETUP_BENCH_POKEMON,3,BENCH_MANAGEMENT,,,,0,0,,,,,False,0,6,False,False,,,0,,,6,722,90,6,,,,,False
92592329,482.2,WIN,True,6,1,MAIN,7,RESOURCE_MANAGEMENT,PLAY_STADIUM,1256,PLAY,0,0,235,30,30,1,False,0,6,False,False,0,0,0,722,90,6,722,90,6,False,False,,,False
92592329,482.2,WIN,True,7,1,MAIN,6,RESOURCE_MANAGEMENT,PLAY_POKEMON,119,PLAY,0,0,235,30,30,1,False,0,6,False,False,0,0,0,722,90,6,722,90,6,False,False,,,False
92592329,482.2,WIN,True,8,1,MAIN,7,ENERGY_MANAGEMENT,ATTACH_ENERGY,,ATTACH,0,0,235,30,30,1,False,1,6,True,True,0,0,0,722,90,6,722,90,6,False,False,,,False
92592329,482.2,WIN,True,9,1,MAIN,5,TIMING,,,,0,0,235,30,30,1,False,1,6,True,True,0,0,1,722,90,6,722,90,6,False,False,,,False
92592329,482.2,WIN,True,10,3,MAIN,11,RESOURCE_MANAGEMENT,PLAY_ITEM,1079,PLAY,1,0,235,20,30,1,True,1,6,True,True,0,0,1,722,90,6,722,90,6,False,True,Beat,10,False
92592329,482.2,WIN,True,11,3,EVOLVE,1,BENCH_MANAGEMENT,,,EVOLVE,0,0,235,20,30,1,True,1,6,False,True,0,0,1,722,90,6,722,90,6,False,True,Beat,10,False
92592329,482.2,WIN,True,12,3,MAIN,10,RESOURCE_MANAGEMENT,PLAY_POKEMON,119,PLAY,1,0,235,20,30,1,True,1,6,True,True,0,0,1,722,90,6,722,90,6,False,True,Beat,10,False
92592329,482.2,WIN,True,13,3,MAIN,9,RESOURCE_MANAGEMENT,PLAY_ITEM,1120,PLAY,1,0,235,20,30,1,True,2,6,True,True,0,0,1,722,90,6,722,90,6,False,True,Beat,10,False
92592329,482.2,WIN,True,14,3,MAIN,8,RESOURCE_MANAGEMENT,PLAY_SUPPORTER,1227,PLAY,1,0,235,20,30,1,True,2,6,True,True,0,0,1,722,90,6,722,90,6,False,True,Beat,10,False
92592329,482.2,WIN,True,15,3,MAIN,7,RESOURCE_MANAGEMENT,PLAY_ITEM,1120,PLAY,1,0,235,20,30,1,True,2,6,True,True,0,0,1,722,90,6,722,90,6,False,True,Beat,10,False
92592329,482.2,WIN,True,16,3,MAIN,6,ENERGY_MANAGEMENT,ATTACH_ENERGY,,ATTACH,1,0,235,20,30,1,True,2,6,True,True,0,0,1,722,90,6,722,90,6,False,True,Beat,10,False
92592329,482.2,WIN,True,17,3,MAIN,3,RETREAT_SELECTION,RETREAT,,RETREAT,1,0,235,20,30,1,True,2,6,True,True,0,0,1,722,90,6,722,90,6,False,True,Beat,10,False
92592329,482.2,WIN,True,18,3,SWITCH,2,ACTIVE_POKEMON_SELECTION,,,CARD,0,0,235,20,30,1,True,2,6,False,True,0,0,1,722,90,6,722,90,6,False,True,Beat,10,False
92592329,482.2,WIN,True,19,3,MAIN,3,ATTACK_SELECTION,ATTACK,,ATTACK,2,1,121,320,320,2,False,2,6,False,True,1,1,1,722,90,6,722,0,6,False,False,Beat,10,True
92592329,482.2,WIN,True,20,3,DAMAGE_COUNTER_ANY,2,TARGET_SELECTION,,,CARD,0,0,121,320,320,2,False,2,6,False,True,1,1,1,722,0,6,722,0,6,False,False,Beat,10,False
92592329,482.2,WIN,True,21,3,DAMAGE_COUNTER_ANY,2,TARGET_SELECTION,,,CARD,0,0,121,320,320,2,False,2,6,False,True,1,1,1,722,0,6,722,0,6,False,False,Beat,10,False
92592329,482.2,WIN,True,22,3,DAMAGE_COUNTER_ANY,2,TARGET_SELECTION,,,CARD,0,0,121,320,320,2,False,2,6,False,True,1,1,1,722,0,6,722,0,6,False,False,Beat,10,False
92592329,482.2,WIN,True,23,3,DAMAGE_COUNTER_ANY,2,TARGET_SELECTION,,,CARD,0,0,121,320,320,2,False,2,6,False,True,1,1,1,722,0,6,722,0,6,False,False,Beat,10,False
92592329,482.2,WIN,True,24,3,DAMAGE_COUNTER_ANY,2,TARGET_SELECTION,,,CARD,0,0,121,320,320,2,False,2,6,False,True,1,1,1,722,0,6,722,0,6,False,False,Beat,10,False
92592329,482.2,WIN,True,25,3,DAMAGE_COUNTER_ANY,2,TARGET_SELECTION,,,CARD,0,0,121,320,320,2,False,2,6,False,True,1,1,1,722,0,6,,,6,False,False,Beat,10,False
92592329,482.2,WIN,True,26,3,TO_HAND,6,RESOURCE_MANAGEMENT,,,,0,0,121,320,320,2,False,2,6,False,True,1,1,1,,,6,721,150,6,,,,,False
92592329,482.2,WIN,True,27,5,MAIN,13,ENERGY_MANAGEMENT,ATTACH_ENERGY,,ATTACH,2,0,121,300,320,2,True,2,5,True,True,1,1,1,721,150,6,721,150,6,False,False,Riptide,0,False
92592329,482.2,WIN,True,28,5,MAIN,10,BENCH_MANAGEMENT,EVOLVE,,EVOLVE,2,0,121,300,320,2,True,2,5,True,True,1,1,1,721,150,6,721,150,6,False,False,Riptide,0,False
92592329,482.2,WIN,True,29,5,MAIN,10,RESOURCE_MANAGEMENT,ABILITY,,ABILITY,2,0,121,300,320,2,True,2,5,True,True,1,1,1,721,150,6,721,150,6,False,False,Riptide,0,False
92592329,482.2,WIN,True,30,5,TO_HAND,2,RESOURCE_MANAGEMENT,,,CARD,0,0,121,300,320,2,True,2,5,False,True,1,1,1,721,150,6,721,150,6,False,False,Riptide,0,False
92592329,482.2,WIN,True,31,5,MAIN,10,RESOURCE_MANAGEMENT,PLAY_POKEMON,119,PLAY,2,0,121,300,320,2,True,2,5,True,True,1,1,1,721,150,6,721,150,6,False,False,Riptide,0,False
92592329,482.2,WIN,True,32,5,MAIN,9,RESOURCE_MANAGEMENT,PLAY_SUPPORTER,1227,PLAY,2,0,121,300,320,2,True,3,5,True,True,1,1,1,721,150,6,721,150,6,False,False,Riptide,0,False
92592329,482.2,WIN,True,33,5,MAIN,14,RESOURCE_MANAGEMENT,PLAY_ITEM,1086,PLAY,2,0,121,300,320,2,True,3,5,True,True,1,1,1,721,150,6,721,150,6,False,False,Riptide,0,False
92592329,482.2,WIN,True,34,5,TO_BENCH,1,BENCH_MANAGEMENT,,,CARD,0,0,121,300,320,2,True,3,5,False,True,1,1,1,721,150,6,721,150,6,False,False,Riptide,0,False
92592329,482.2,WIN,True,35,5,MAIN,15,ENERGY_MANAGEMENT,ATTACH_ENERGY,,ATTACH,2,0,121,300,320,2,True,4,5,True,True,1,1,1,721,150,6,721,150,6,False,False,Riptide,0,False
92592329,482.2,WIN,True,36,5,MAIN,5,ATTACK_SELECTION,ATTACK,,ATTACK,2,1,121,300,320,2,True,4,5,True,True,1,1,2,721,150,6,721,0,6,False,False,Riptide,0,False
92592329,482.2,WIN,True,37,5,DAMAGE_COUNTER_ANY,1,TARGET_SELECTION,,,CARD,0,0,121,300,320,2,True,4,5,False,True,1,1,2,721,0,6,721,0,6,False,False,Riptide,0,False
92592329,482.2,WIN,True,38,5,DAMAGE_COUNTER_ANY,1,TARGET_SELECTION,,,CARD,0,0,121,300,320,2,True,4,5,False,True,1,1,2,721,0,6,721,0,6,False,False,Riptide,0,False
92592329,482.2,WIN,True,39,5,DAMAGE_COUNTER_ANY,1,TARGET_SELECTION,,,CARD,0,0,121,300,320,2,True,4,5,False,True,1,1,2,721,0,6,721,0,6,False,False,Riptide,0,False
92592329,482.2,WIN,True,40,5,DAMAGE_COUNTER_ANY,1,TARGET_SELECTION,,,CARD,0,0,121,300,320,2,True,4,5,False,True,1,1,2,721,0,6,721,0,6,False,False,Riptide,0,False
92592329,482.2,WIN,True,41,5,DAMAGE_COUNTER_ANY,1,TARGET_SELECTION,,,CARD,0,0,121,300,320,2,True,4,5,False,True,1,1,2,721,0,6,721,0,6,False,False,Riptide,0,False
92592329,482.2,WIN,True,42,5,DAMAGE_COUNTER_ANY,1,TARGET_SELECTION,,,CARD,0,0,121,300,320,2,True,4,5,False,True,1,1,2,721,0,6,,,6,False,False,Riptide,0,False
92592329,482.2,WIN,True,43,5,TO_HAND,5,RESOURCE_MANAGEMENT,,,,0,0,121,300,320,2,True,4,5,False,True,1,1,2,,,6,721,30,6,,,,,False
92592329,482.2,WIN,True,44,7,MAIN,25,RESOURCE_MANAGEMENT,PLAY_ITEM,1152,PLAY,2,0,121,280,320,2,True,4,4,True,True,1,1,2,721,30,6,721,30,6,False,False,Riptide,0,False
92592329,482.2,WIN,True,45,7,TO_HAND,2,RESOURCE_MANAGEMENT,,,CARD,0,0,121,280,320,2,True,4,4,False,True,1,1,2,721,30,6,721,30,6,False,False,Riptide,0,False
92592329,482.2,WIN,True,46,7,MAIN,26,RESOURCE_MANAGEMENT,PLAY_ITEM,1121,PLAY,2,0,121,280,320,2,True,4,4,True,True,1,1,2,721,30,6,721,30,6,False,False,Riptide,0,False
92592329,482.2,WIN,True,47,7,DISCARD,7,RESOURCE_MANAGEMENT,,,CARD;CARD,0,0,121,280,320,2,True,4,4,False,True,1,1,2,721,30,6,721,30,6,False,False,Riptide,0,False
92592329,482.2,WIN,True,48,7,TO_HAND,6,RESOURCE_MANAGEMENT,,,CARD,0,0,121,280,320,2,True,4,4,False,True,1,1,2,721,30,6,721,30,6,False,False,Riptide,0,False
92592329,482.2,WIN,True,49,7,MAIN,20,BENCH_MANAGEMENT,EVOLVE,,EVOLVE,2,0,121,280,320,2,True,4,4,True,True,1,1,2,721,30,6,721,30,6,False,False,Riptide,0,False
92592329,482.2,WIN,True,50,7,MAIN,18,BENCH_MANAGEMENT,EVOLVE,,EVOLVE,2,0,121,280,320,2,True,4,4,True,True,1,1,2,721,30,6,721,30,6,False,False,Riptide,0,False
92592329,482.2,WIN,True,51,7,MAIN,16,RESOURCE_MANAGEMENT,ABILITY,,ABILITY,2,0,121,280,320,2,True,4,4,True,True,1,1,1,721,30,6,721,30,6,False,False,Riptide,0,False
92592329,482.2,WIN,True,52,7,TO_HAND,2,RESOURCE_MANAGEMENT,,,CARD,0,0,121,280,320,2,True,4,4,False,True,1,1,1,721,30,6,721,30,6,False,False,Riptide,0,False
92592329,482.2,WIN,True,53,7,MAIN,16,RESOURCE_MANAGEMENT,PLAY_SUPPORTER,1198,PLAY,2,0,121,280,320,2,True,4,4,True,True,1,1,1,721,30,6,721,30,6,False,False,Riptide,0,False
92592329,482.2,WIN,True,54,7,TO_HAND,2,RESOURCE_MANAGEMENT,,,CARD,0,0,121,280,320,2,True,4,4,False,True,1,1,1,721,30,6,721,30,6,False,False,Riptide,0,False
92592329,482.2,WIN,True,55,7,ATTACH_TO,1,ENERGY_MANAGEMENT,,,CARD,0,0,121,280,320,2,True,4,4,False,True,1,1,1,721,30,6,721,30,6,False,False,Riptide,0,False
92592329,482.2,WIN,True,56,7,ATTACH_FROM,5,ENERGY_MANAGEMENT,,,CARD,0,0,121,280,320,2,True,4,4,False,True,1,1,1,721,30,6,721,30,6,False,False,Riptide,0,False
92592329,482.2,WIN,True,57,7,MAIN,20,BENCH_MANAGEMENT,EVOLVE,,EVOLVE,2,0,121,280,320,2,True,4,4,True,True,1,1,2,721,30,6,721,30,6,False,False,Riptide,0,False
92592329,482.2,WIN,True,58,7,MAIN,20,RESOURCE_MANAGEMENT,ABILITY,,ABILITY,2,0,121,280,320,2,True,4,4,True,True,1,1,2,721,30,6,721,30,6,False,False,Riptide,0,False
92592329,482.2,WIN,True,59,7,TO_HAND,2,RESOURCE_MANAGEMENT,,,CARD,0,0,121,280,320,2,True,4,4,False,True,1,1,2,721,30,6,721,30,6,False,False,Riptide,0,False
92592329,482.2,WIN,True,60,7,MAIN,20,RESOURCE_MANAGEMENT,PLAY_ITEM,1152,PLAY,2,0,121,280,320,2,True,4,4,True,True,1,1,2,721,30,6,721,30,6,False,False,Riptide,0,False
92592329,482.2,WIN,True,61,7,TO_HAND,1,RESOURCE_MANAGEMENT,,,CARD,0,0,121,280,320,2,True,4,4,False,True,1,1,2,721,30,6,721,30,6,False,False,Riptide,0,False
92592329,482.2,WIN,True,62,7,MAIN,19,ENERGY_MANAGEMENT,ATTACH_ENERGY,,ATTACH,2,0,121,280,320,2,True,4,4,True,True,1,1,2,721,30,6,721,30,6,False,False,Riptide,0,False
92592329,482.2,WIN,True,63,7,MAIN,4,ATTACK_SELECTION,ATTACK,,ATTACK,2,1,121,280,320,2,True,4,4,True,True,1,1,2,721,30,6,,,6,False,False,Riptide,0,False
92593271,603.3,WIN,True,0,,,0,UNKNOWN,,,,0,0,,,,,False,,,False,False,,,0,,,,,,,,,,,False
92593271,603.3,WIN,True,1,,,0,UNKNOWN,,,,0,0,,,,,False,,,False,False,,,0,,,,,,0,,,,,False
92593271,603.3,WIN,True,2,0,IS_FIRST,2,GOING_FIRST_SECOND,,,YES,0,0,,,,,False,0,0,False,False,,,0,,,0,,,0,,,,,False
92593271,603.3,WIN,True,3,0,SETUP_ACTIVE_POKEMON,1,EARLY_GAME_SETUP,,,,0,0,,,,,False,0,0,False,False,,,0,,,0,305,70,6,,,,,False
92593271,603.3,WIN,True,4,1,MAIN,4,RESOURCE_MANAGEMENT,PLAY_ITEM,1086,PLAY,0,0,119,70,70,1,False,0,6,False,False,1,0,0,305,70,6,305,70,6,False,False,,,False
92593271,603.3,WIN,True,5,1,TO_BENCH,5,BENCH_MANAGEMENT,,,CARD;CARD,0,0,119,70,70,1,False,0,6,False,False,1,0,0,305,70,6,305,70,6,False,False,,,False
92593271,603.3,WIN,True,6,1,MAIN,7,ENERGY_MANAGEMENT,ATTACH_ENERGY,,ATTACH,0,0,119,70,70,1,False,2,6,False,True,1,0,0,305,70,6,305,70,6,False,False,,,False
92593271,603.3,WIN,True,7,1,MAIN,1,TIMING,,,,0,0,119,70,70,1,False,2,6,False,True,1,0,1,305,70,6,305,70,6,False,False,,,False
92593271,603.3,WIN,True,8,3,MAIN,8,RESOURCE_MANAGEMENT,PLAY_POKEMON,235,PLAY,0,0,119,70,70,1,False,2,6,False,True,1,0,1,305,70,6,305,70,6,False,False,,,False
92593271,603.3,WIN,True,9,3,MAIN,8,RESOURCE_MANAGEMENT,PLAY_ITEM,1120,PLAY,0,0,119,70,70,1,False,3,6,False,True,1,0,2,305,70,6,305,70,6,False,False,,,False
92593271,603.3,WIN,True,10,3,MAIN,7,RESOURCE_MANAGEMENT,PLAY_SUPPORTER,1210,PLAY,0,0,119,70,70,1,False,3,6,False,True,1,0,2,305,70,6,305,70,6,False,False,,,False
92593271,603.3,WIN,True,11,3,TO_HAND,10,RESOURCE_MANAGEMENT,,,CARD,0,0,119,70,70,1,False,3,6,False,True,1,0,2,305,70,6,305,70,6,False,False,,,False
92593271,603.3,WIN,True,12,3,TO_HAND,3,RESOURCE_MANAGEMENT,,,CARD,0,0,119,70,70,1,False,3,6,False,True,1,0,2,305,70,6,305,70,6,False,False,,,False
92593271,603.3,WIN,True,13,3,MAIN,7,RESOURCE_MANAGEMENT,PLAY_POKEMON,184,PLAY,0,0,119,70,70,1,False,3,6,False,True,1,0,2,305,70,6,305,70,6,False,False,,,False
92593271,603.3,WIN,True,14,3,MAIN,8,RESOURCE_MANAGEMENT,PLAY_POKEMON,119,PLAY,0,0,119,70,70,1,False,4,6,True,True,1,0,2,305,70,6,305,70,6,False,False,,,False
92593271,603.3,WIN,True,15,3,MAIN,8,ENERGY_MANAGEMENT,ATTACH_ENERGY,,ATTACH,0,0,119,70,70,1,False,5,6,True,True,1,0,2,305,70,6,305,70,6,False,False,,,False
92593271,603.3,WIN,True,16,3,MAIN,2,RETREAT_SELECTION,RETREAT,,RETREAT,0,0,119,70,70,1,False,5,6,True,True,1,0,3,305,70,6,305,70,6,False,False,,,False
92593271,603.3,WIN,True,17,3,SWITCH,5,ACTIVE_POKEMON_SELECTION,,,CARD,0,0,119,70,70,1,False,5,6,False,True,1,0,3,305,70,6,305,70,6,False,False,,,False
92593271,603.3,WIN,True,18,3,MAIN,2,TIMING,,,,1,0,235,30,30,1,False,5,6,False,True,0,0,2,305,70,6,66,130,6,False,False,,,True
92593271,603.3,WIN,True,19,5,MAIN,8,BENCH_MANAGEMENT,EVOLVE,,EVOLVE,1,0,235,30,30,1,False,5,6,True,True,0,0,2,66,130,6,66,130,6,False,False,,,False
92593271,603.3,WIN,True,20,5,MAIN,5,RESOURCE_MANAGEMENT,ABILITY,,ABILITY,1,0,235,30,30,1,False,5,6,True,True,0,0,1,66,130,6,66,130,6,False,False,,,False
92593271,603.3,WIN,True,21,5,TO_HAND,2,RESOURCE_MANAGEMENT,,,CARD,0,0,235,30,30,1,False,5,6,False,True,0,0,1,66,130,6,66,130,6,False,False,,,False
92593271,603.3,WIN,True,22,5,MAIN,10,ENERGY_MANAGEMENT,ATTACH_ENERGY,,ATTACH,1,0,235,30,30,1,False,5,6,True,True,0,0,1,66,130,6,66,130,6,False,False,,,False
92593271,603.3,WIN,True,23,5,MAIN,4,TIMING,,,,1,0,235,30,30,1,False,5,6,True,True,0,0,1,66,130,6,66,120,6,False,False,,,False
92593271,603.3,WIN,True,24,7,MAIN,6,BENCH_MANAGEMENT,EVOLVE,,EVOLVE,1,0,235,30,30,1,False,5,6,True,True,0,0,1,66,120,6,66,120,6,False,False,,,False
92593271,603.3,WIN,True,25,7,MAIN,4,TIMING,,,,1,0,235,30,30,1,False,5,6,True,True,0,0,2,66,120,6,66,110,6,False,False,,,False
92593271,603.3,WIN,True,26,9,MAIN,4,TIMING,,,,1,0,235,30,30,1,False,5,6,True,True,0,0,2,66,110,6,66,100,6,False,False,,,False
92593271,603.3,WIN,True,27,11,MAIN,5,RESOURCE_MANAGEMENT,PLAY_SUPPORTER,1198,PLAY,1,0,235,30,30,1,False,5,6,True,True,0,0,2,66,100,6,66,100,6,False,True,,,False
92593271,603.3,WIN,True,28,11,TO_HAND,5,RESOURCE_MANAGEMENT,,,CARD,0,0,235,30,30,1,False,5,6,False,True,0,0,2,66,100,6,66,100,6,False,True,,,False
92593271,603.3,WIN,True,29,11,ATTACH_TO,3,ENERGY_MANAGEMENT,,,CARD,0,0,235,30,30,1,False,5,6,False,True,0,0,2,66,100,6,66,100,6,False,True,,,False
92593271,603.3,WIN,True,30,11,ATTACH_FROM,6,ENERGY_MANAGEMENT,,,CARD,0,0,235,30,30,1,False,5,6,False,True,0,0,2,66,100,6,66,100,6,False,True,,,False
92593271,603.3,WIN,True,31,11,MAIN,9,ENERGY_MANAGEMENT,ATTACH_ENERGY,,ATTACH,1,0,235,30,30,1,False,5,6,True,True,0,0,2,66,100,6,66,100,6,False,True,,,False
92593271,603.3,WIN,True,32,11,MAIN,3,RETREAT_SELECTION,RETREAT,,RETREAT,1,0,235,30,30,1,False,5,6,True,True,0,0,3,66,100,6,66,100,6,False,True,,,False
92593271,603.3,WIN,True,33,11,SWITCH,5,ACTIVE_POKEMON_SELECTION,,,CARD,0,0,235,30,30,1,False,5,6,False,True,0,0,3,66,100,6,66,100,6,False,True,,,False
92593271,603.3,WIN,True,34,11,MAIN,3,ATTACK_SELECTION,ATTACK,,ATTACK,2,1,121,320,320,2,False,5,6,False,True,1,1,3,66,100,6,66,0,6,False,False,,,True
92593271,603.3,WIN,True,35,11,DAMAGE_COUNTER_ANY,5,TARGET_SELECTION,,,CARD,0,0,121,320,320,2,False,5,6,False,True,1,1,3,66,0,6,66,0,6,False,False,,,False
92593271,603.3,WIN,True,36,11,DAMAGE_COUNTER_ANY,5,TARGET_SELECTION,,,CARD,0,0,121,320,320,2,False,5,6,False,True,1,1,3,66,0,6,66,0,6,False,False,,,False
92593271,603.3,WIN,True,37,11,DAMAGE_COUNTER_ANY,5,TARGET_SELECTION,,,CARD,0,0,121,320,320,2,False,5,6,False,True,1,1,3,66,0,6,66,0,6,False,False,,,False
92593271,603.3,WIN,True,38,11,DAMAGE_COUNTER_ANY,5,TARGET_SELECTION,,,CARD,0,0,121,320,320,2,False,5,6,False,True,1,1,3,66,0,6,66,0,6,False,False,,,False
92593271,603.3,WIN,True,39,11,DAMAGE_COUNTER_ANY,5,TARGET_SELECTION,,,CARD,0,0,121,320,320,2,False,5,6,False,True,1,1,3,66,0,6,66,0,6,False,False,,,False
92593271,603.3,WIN,True,40,11,DAMAGE_COUNTER_ANY,5,TARGET_SELECTION,,,CARD,0,0,121,320,320,2,False,5,6,False,True,1,1,3,66,0,6,,,6,False,False,,,False
92593271,603.3,WIN,True,41,11,TO_HAND,6,RESOURCE_MANAGEMENT,,,,0,0,121,320,320,2,False,5,6,False,True,1,1,3,,,6,743,140,4,,,,,False
92593271,603.3,WIN,True,42,12,TO_ACTIVE,5,ACTIVE_POKEMON_SELECTION,,,CARD,0,0,,,,,False,5,5,False,True,,,3,743,140,4,743,140,4,,,,,True
92593271,603.3,WIN,True,43,13,MAIN,10,RESOURCE_MANAGEMENT,PLAY_POKEMON,140,PLAY,1,0,235,30,30,1,False,4,5,True,True,0,0,2,743,140,4,743,140,4,False,False,Powerful Hand,0,False
92593271,603.3,WIN,True,44,13,MAIN,9,RESOURCE_MANAGEMENT,ABILITY,,ABILITY,1,0,235,30,30,1,False,5,5,True,True,0,0,2,743,140,4,743,140,4,False,False,Powerful Hand,0,False
92593271,603.3,WIN,True,45,13,MAIN,11,RESOURCE_MANAGEMENT,PLAY_ITEM,1097,PLAY,1,0,235,30,30,1,False,5,5,True,True,0,0,2,743,140,4,743,140,4,False,False,Powerful Hand,0,False
92593271,603.3,WIN,True,46,13,TO_HAND,5,RESOURCE_MANAGEMENT,,,CARD,0,0,235,30,30,1,False,5,5,False,True,0,0,2,743,140,4,743,140,4,False,False,Powerful Hand,0,False
92593271,603.3,WIN,True,47,13,MAIN,13,RESOURCE_MANAGEMENT,PLAY_SUPPORTER,1198,PLAY,1,0,235,30,30,1,False,5,5,True,True,0,0,2,743,140,4,743,140,4,False,False,Powerful Hand,0,False
92593271,603.3,WIN,True,48,13,TO_HAND,3,RESOURCE_MANAGEMENT,,,CARD,0,0,235,30,30,1,False,5,5,False,True,0,0,2,743,140,4,743,140,4,False,False,Powerful Hand,0,False
92593271,603.3,WIN,True,49,13,ATTACH_TO,1,ENERGY_MANAGEMENT,,,CARD,0,0,235,30,30,1,False,5,5,False,True,0,0,2,743,140,4,743,140,4,False,False,Powerful Hand,0,False
92593271,603.3,WIN,True,50,13,ATTACH_FROM,6,ENERGY_MANAGEMENT,,,CARD,0,0,235,30,30,1,False,5,5,False,True,0,0,2,743,140,4,743,140,4,False,False,Powerful Hand,0,False
92593271,603.3,WIN,True,51,13,MAIN,17,BENCH_MANAGEMENT,EVOLVE,,EVOLVE,1,0,235,30,30,1,False,5,5,True,True,0,0,3,743,140,4,743,140,4,False,False,Powerful Hand,0,False
92593271,603.3,WIN,True,52,13,MAIN,14,RESOURCE_MANAGEMENT,ABILITY,,ABILITY,1,0,235,30,30,1,False,5,5,True,True,0,0,3,743,140,4,743,140,4,False,False,Powerful Hand,0,False
92593271,603.3,WIN,True,53,13,TO_HAND,2,RESOURCE_MANAGEMENT,,,CARD,0,0,235,30,30,1,False,5,5,False,True,0,0,3,743,140,4,743,140,4,False,False,Powerful Hand,0,False
92593271,603.3,WIN,True,54,13,MAIN,13,BENCH_MANAGEMENT,EVOLVE,,EVOLVE,1,0,235,30,30,1,False,5,5,True,True,0,0,3,743,140,4,743,140,4,False,False,Powerful Hand,0,False
92593271,603.3,WIN,True,55,13,MAIN,12,RESOURCE_MANAGEMENT,ABILITY,,ABILITY,1,0,235,30,30,1,False,5,5,True,True,0,0,2,743,140,4,743,140,4,False,False,Powerful Hand,0,False
92593271,603.3,WIN,True,56,13,TO_HAND,2,RESOURCE_MANAGEMENT,,,CARD,0,0,235,30,30,1,False,5,5,False,True,0,0,2,743,140,4,743,140,4,False,False,Powerful Hand,0,False
92593271,603.3,WIN,True,57,13,MAIN,12,RESOURCE_MANAGEMENT,PLAY_ITEM,1120,PLAY,1,0,235,30,30,1,False,5,5,True,True,0,0,2,743,140,4,743,140,4,False,False,Powerful Hand,0,False
92593271,603.3,WIN,True,58,13,MAIN,11,ENERGY_MANAGEMENT,ATTACH_ENERGY,,ATTACH,1,0,235,30,30,1,False,5,5,True,True,0,0,2,743,140,4,743,140,4,False,False,Powerful Hand,0,False
92593271,603.3,WIN,True,59,13,MAIN,5,RESOURCE_MANAGEMENT,PLAY_ITEM,1080,PLAY,1,0,235,30,30,1,False,5,5,True,True,0,0,2,743,140,4,743,140,4,False,False,Powerful Hand,0,False
92593271,603.3,WIN,True,60,13,MAIN,4,RESOURCE_MANAGEMENT,PLAY_STADIUM,1256,PLAY,1,0,235,30,30,1,False,5,5,True,True,0,0,2,743,140,4,743,140,4,False,False,Powerful Hand,0,False
92593271,603.3,WIN,True,61,13,MAIN,3,TIMING,,,,1,0,235,30,30,1,False,5,5,True,True,0,0,2,743,140,4,743,130,3,False,False,Powerful Hand,0,False
92593271,603.3,WIN,True,62,14,TO_ACTIVE,5,ACTIVE_POKEMON_SELECTION,,,CARD,0,0,,,,,False,5,5,False,True,,,2,743,130,3,743,130,3,,,,,True
92593271,603.3,WIN,True,63,15,MAIN,12,BENCH_MANAGEMENT,EVOLVE,,EVOLVE,1,0,120,90,90,1,False,4,5,True,True,1,1,1,743,130,3,743,130,3,False,False,Powerful Hand,0,False
92593271,603.3,WIN,True,64,15,MAIN,10,RESOURCE_MANAGEMENT,ABILITY,,ABILITY,2,0,121,320,320,2,False,4,5,True,True,1,1,1,743,130,3,743,130,3,False,False,Powerful Hand,0,True
92593271,603.3,WIN,True,65,15,TO_HAND,2,RESOURCE_MANAGEMENT,,,CARD,0,0,121,320,320,2,False,4,5,False,True,1,1,1,743,130,3,743,130,3,False,False,Powerful Hand,0,False
92593271,603.3,WIN,True,66,15,MAIN,10,RESOURCE_MANAGEMENT,PLAY_ITEM,1152,PLAY,2,0,121,320,320,2,False,4,5,True,True,1,1,1,743,130,3,743,130,3,False,False,Powerful Hand,0,False
92593271,603.3,WIN,True,67,15,TO_HAND,2,RESOURCE_MANAGEMENT,,,CARD,0,0,121,320,320,2,False,4,5,False,True,1,1,1,743,130,3,743,130,3,False,False,Powerful Hand,0,False
92593271,603.3,WIN,True,68,15,MAIN,10,RESOURCE_MANAGEMENT,ABILITY,,ABILITY,2,0,121,320,320,2,False,4,5,True,True,1,1,1,743,130,3,743,130,3,False,False,Powerful Hand,0,False
92593271,603.3,WIN,True,69,15,MAIN,11,RESOURCE_MANAGEMENT,PLAY_ITEM,1121,PLAY,2,0,121,320,320,2,False,4,5,True,True,1,1,1,743,130,3,743,130,3,False,False,Powerful Hand,0,False
92593271,603.3,WIN,True,70,15,DISCARD,7,RESOURCE_MANAGEMENT,,,CARD;CARD,0,0,121,320,320,2,False,4,5,False,True,1,1,1,743,130,3,743,130,3,False,False,Powerful Hand,0,False
92593271,603.3,WIN,True,71,15,TO_HAND,2,RESOURCE_MANAGEMENT,,,CARD,0,0,121,320,320,2,False,4,5,False,True,1,1,1,743,130,3,743,130,3,False,False,Powerful Hand,0,False
92593271,603.3,WIN,True,72,15,MAIN,9,BENCH_MANAGEMENT,EVOLVE,,EVOLVE,2,0,121,320,320,2,False,4,5,True,True,1,1,1,743,130,3,743,130,3,False,False,Powerful Hand,0,False
92593271,603.3,WIN,True,73,15,MAIN,8,BENCH_MANAGEMENT,EVOLVE,,EVOLVE,2,0,121,320,320,2,False,4,5,True,True,1,1,2,743,130,3,743,130,3,False,False,Powerful Hand,0,False
92593271,603.3,WIN,True,74,15,MAIN,8,RESOURCE_MANAGEMENT,ABILITY,,ABILITY,2,0,121,320,320,2,False,4,5,True,True,1,1,2,743,130,3,743,130,3,False,False,Powerful Hand,0,False
92593271,603.3,WIN,True,75,15,TO_HAND,2,RESOURCE_MANAGEMENT,,,CARD,0,0,121,320,320,2,False,4,5,False,True,1,1,2,743,130,3,743,130,3,False,False,Powerful Hand,0,False
92593271,603.3,WIN,True,76,15,MAIN,12,ENERGY_MANAGEMENT,ATTACH_ENERGY,,ATTACH,2,0,121,320,320,2,False,4,5,True,True,1,1,2,743,130,3,743,130,3,False,False,Powerful Hand,0,False
92593271,603.3,WIN,True,77,15,MAIN,7,RESOURCE_MANAGEMENT,PLAY_SUPPORTER,1227,PLAY,2,0,121,320,320,2,False,4,5,True,True,1,1,2,743,130,3,743,130,3,False,False,Powerful Hand,0,False
92593271,603.3,WIN,True,78,15,MAIN,6,RESOURCE_MANAGEMENT,PLAY_ITEM,1121,PLAY,2,0,121,320,320,2,False,4,5,True,True,1,1,2,743,130,3,743,130,3,False,False,Powerful Hand,0,False
92593271,603.3,WIN,True,79,15,DISCARD,5,RESOURCE_MANAGEMENT,,,CARD;CARD,0,0,121,320,320,2,False,4,5,False,True,1,1,2,743,130,3,743,130,3,False,False,Powerful Hand,0,False
92593271,603.3,WIN,True,80,15,TO_HAND,1,RESOURCE_MANAGEMENT,,,CARD,0,0,121,320,320,2,False,4,5,False,True,1,1,2,743,130,3,743,130,3,False,False,Powerful Hand,0,False
92593271,603.3,WIN,True,81,15,MAIN,4,ATTACK_SELECTION,ATTACK,,ATTACK,2,1,121,320,320,2,False,4,5,True,True,1,1,2,743,130,3,743,0,3,False,False,Powerful Hand,0,False
92593271,603.3,WIN,True,82,15,DAMAGE_COUNTER_ANY,5,TARGET_SELECTION,,,CARD,0,0,121,320,320,2,False,4,5,False,True,1,1,2,743,0,3,743,0,3,False,False,Powerful Hand,0,False
92593271,603.3,WIN,True,83,15,DAMAGE_COUNTER_ANY,5,TARGET_SELECTION,,,CARD,0,0,121,320,320,2,False,4,5,False,True,1,1,2,743,0,3,743,0,3,False,False,Powerful Hand,0,False
92593271,603.3,WIN,True,84,15,DAMAGE_COUNTER_ANY,5,TARGET_SELECTION,,,CARD,0,0,121,320,320,2,False,4,5,False,True,1,1,2,743,0,3,743,0,3,False,False,Powerful Hand,0,False
92593271,603.3,WIN,True,85,15,DAMAGE_COUNTER_ANY,5,TARGET_SELECTION,,,CARD,0,0,121,320,320,2,False,4,5,False,True,1,1,2,743,0,3,743,0,3,False,False,Powerful Hand,0,False
92593271,603.3,WIN,True,86,15,DAMAGE_COUNTER_ANY,5,TARGET_SELECTION,,,CARD,0,0,121,320,320,2,False,4,5,False,True,1,1,2,743,0,3,743,0,3,False,False,Powerful Hand,0,False
92593271,603.3,WIN,True,87,15,DAMAGE_COUNTER_ANY,5,TARGET_SELECTION,,,CARD,0,0,121,320,320,2,False,4,5,False,True,1,1,2,743,0,3,,,3,False,False,Powerful Hand,0,False
92593271,603.3,WIN,True,88,15,TO_HAND,5,RESOURCE_MANAGEMENT,,,,0,0,121,320,320,2,False,4,5,False,True,1,1,2,,,3,743,140,2,,,,,False
92593271,603.3,WIN,True,89,16,TO_ACTIVE,4,ACTIVE_POKEMON_SELECTION,,,CARD,0,0,,,,,False,4,4,False,True,,,2,743,140,2,743,140,2,,,,,True
92593271,603.3,WIN,True,90,17,MAIN,12,ENERGY_MANAGEMENT,ATTACH_ENERGY,,ATTACH,2,0,121,320,320,2,False,3,4,True,True,1,1,1,743,140,2,743,140,2,False,False,Powerful Hand,0,False
92593271,603.3,WIN,True,91,17,MAIN,8,RESOURCE_MANAGEMENT,PLAY_ITEM,1120,PLAY,2,0,121,320,320,2,False,3,4,True,True,1,1,1,743,140,2,743,140,2,False,False,Powerful Hand,0,False
92593271,603.3,WIN,True,92,17,DISCARD_ENERGY,1,ENERGY_MANAGEMENT,,,ENERGY,0,0,121,320,320,2,False,3,4,False,True,1,1,1,743,140,2,743,140,2,False,False,Powerful Hand,0,False
92593271,603.3,WIN,True,93,17,MAIN,7,RESOURCE_MANAGEMENT,ABILITY,,ABILITY,2,0,121,320,320,2,False,3,4,True,True,1,1,1,743,140,2,743,140,2,False,False,,,False
92593271,603.3,WIN,True,94,17,MAIN,8,RESOURCE_MANAGEMENT,PLAY_SUPPORTER,1227,PLAY,2,0,121,320,320,2,False,3,4,True,True,1,1,1,743,140,2,743,140,2,False,False,,,False
92593271,603.3,WIN,True,95,17,MAIN,6,RESOURCE_MANAGEMENT,PLAY_ITEM,1152,PLAY,2,0,121,320,320,2,False,3,4,True,True,1,1,1,743,140,2,743,140,2,False,False,,,False
92593271,603.3,WIN,True,96,17,TO_HAND,1,RESOURCE_MANAGEMENT,,,CARD,0,0,121,320,320,2,False,3,4,False,True,1,1,1,743,140,2,743,140,2,False,False,,,False
92593271,603.3,WIN,True,97,17,MAIN,5,ATTACK_SELECTION,ATTACK,,ATTACK,2,1,121,320,320,2,False,3,4,True,True,1,1,1,743,140,2,743,0,2,False,False,,,False
92593271,603.3,WIN,True,98,17,DAMAGE_COUNTER_ANY,4,TARGET_SELECTION,,,CARD,0,0,121,320,320,2,False,3,4,False,True,1,1,1,743,0,2,743,0,2,False,False,,,False
92593271,603.3,WIN,True,99,17,DAMAGE_COUNTER_ANY,4,TARGET_SELECTION,,,CARD,0,0,121,320,320,2,False,3,4,False,True,1,1,1,743,0,2,743,0,2,False,False,,,False
92593271,603.3,WIN,True,100,17,DAMAGE_COUNTER_ANY,4,TARGET_SELECTION,,,CARD,0,0,121,320,320,2,False,3,4,False,True,1,1,1,743,0,2,743,0,2,False,False,,,False
92593271,603.3,WIN,True,101,17,DAMAGE_COUNTER_ANY,4,TARGET_SELECTION,,,CARD,0,0,121,320,320,2,False,3,4,False,True,1,1,1,743,0,2,743,0,2,False,False,,,False
92593271,603.3,WIN,True,102,17,DAMAGE_COUNTER_ANY,4,TARGET_SELECTION,,,CARD,0,0,121,320,320,2,False,3,4,False,True,1,1,1,743,0,2,743,0,2,False,False,,,False
92593271,603.3,WIN,True,103,17,DAMAGE_COUNTER_ANY,4,TARGET_SELECTION,,,CARD,0,0,121,320,320,2,False,3,4,False,True,1,1,1,743,0,2,,,2,False,False,,,False
92593271,603.3,WIN,True,104,17,TO_HAND,4,RESOURCE_MANAGEMENT,,,,0,0,121,320,320,2,False,3,4,False,True,1,1,1,,,2,743,140,2,,,,,False
92593271,603.3,WIN,True,105,19,MAIN,9,RESOURCE_MANAGEMENT,PLAY_SUPPORTER,1227,PLAY,2,0,121,200,320,2,True,3,3,True,True,1,1,1,743,140,2,743,140,2,False,False,Powerful Hand,0,False
92593271,603.3,WIN,True,106,19,MAIN,6,RESOURCE_MANAGEMENT,PLAY_ITEM,1120,PLAY,2,0,121,200,320,2,True,3,3,True,True,1,1,1,743,140,2,743,140,2,False,False,Powerful Hand,0,False
92593271,603.3,WIN,True,107,19,MAIN,5,ATTACK_SELECTION,ATTACK,,ATTACK,2,1,121,200,320,2,True,3,3,True,True,1,1,1,743,140,2,743,0,2,False,False,Powerful Hand,0,False
92593271,603.3,WIN,True,108,19,DAMAGE_COUNTER_ANY,4,TARGET_SELECTION,,,CARD,0,0,121,200,320,2,True,3,3,False,True,1,1,1,743,0,2,743,0,2,False,False,Powerful Hand,0,False
92593271,603.3,WIN,True,109,19,DAMAGE_COUNTER_ANY,4,TARGET_SELECTION,,,CARD,0,0,121,200,320,2,True,3,3,False,True,1,1,1,743,0,2,743,0,2,False,False,Powerful Hand,0,False
92593271,603.3,WIN,True,110,19,DAMAGE_COUNTER_ANY,4,TARGET_SELECTION,,,CARD,0,0,121,200,320,2,True,3,3,False,True,1,1,1,743,0,2,743,0,2,False,False,Powerful Hand,0,False
92593271,603.3,WIN,True,111,19,DAMAGE_COUNTER_ANY,4,TARGET_SELECTION,,,CARD,0,0,121,200,320,2,True,3,3,False,True,1,1,1,743,0,2,743,0,2,False,False,Powerful Hand,0,False
92593271,603.3,WIN,True,112,19,DAMAGE_COUNTER_ANY,4,TARGET_SELECTION,,,CARD,0,0,121,200,320,2,True,3,3,False,True,1,1,1,743,0,2,743,0,2,False,False,Powerful Hand,0,False
92593271,603.3,WIN,True,113,19,DAMAGE_COUNTER_ANY,4,TARGET_SELECTION,,,CARD,0,0,121,200,320,2,True,3,3,False,True,1,1,1,743,0,2,,,2,False,False,Powerful Hand,0,False
92593271,603.3,WIN,True,114,19,TO_HAND,3,RESOURCE_MANAGEMENT,,,CARD,0,0,121,200,320,2,True,3,3,False,True,1,1,1,,,2,,,2,,,,,False
92593271,603.3,WIN,True,115,19,TO_HAND,2,RESOURCE_MANAGEMENT,,,,0,0,121,200,320,2,True,3,2,False,True,1,1,1,,,2,741,10,2,,,,,False
92593271,603.3,WIN,True,116,21,MAIN,10,ATTACK_SELECTION,ATTACK,,ATTACK,2,1,121,200,320,2,True,3,1,True,True,1,1,1,741,10,2,741,0,2,False,False,,,False
92593271,603.3,WIN,True,117,21,DAMAGE_COUNTER_ANY,3,TARGET_SELECTION,,,CARD,0,0,121,200,320,2,True,3,1,False,True,1,1,1,741,0,2,741,0,2,False,False,,,False
92593271,603.3,WIN,True,118,21,DAMAGE_COUNTER_ANY,3,TARGET_SELECTION,,,CARD,0,0,121,200,320,2,True,3,1,False,True,1,1,1,741,0,2,741,0,2,False,False,,,False
92593271,603.3,WIN,True,119,21,DAMAGE_COUNTER_ANY,3,TARGET_SELECTION,,,CARD,0,0,121,200,320,2,True,3,1,False,True,1,1,1,741,0,2,741,0,2,False,False,,,False
92593271,603.3,WIN,True,120,21,DAMAGE_COUNTER_ANY,3,TARGET_SELECTION,,,CARD,0,0,121,200,320,2,True,3,1,False,True,1,1,1,741,0,2,741,0,2,False,False,,,False
92593271,603.3,WIN,True,121,21,DAMAGE_COUNTER_ANY,3,TARGET_SELECTION,,,CARD,0,0,121,200,320,2,True,3,1,False,True,1,1,1,741,0,2,741,0,2,False,False,,,False
92593271,603.3,WIN,True,122,21,DAMAGE_COUNTER_ANY,3,TARGET_SELECTION,,,CARD,0,0,121,200,320,2,True,3,1,False,True,1,1,1,741,0,2,,,2,False,False,,,False
92594206,914.5,LOSS,True,0,,,0,UNKNOWN,,,,0,0,,,,,False,,,False,False,,,0,,,,,,,,,,,False
92594206,914.5,LOSS,True,1,,,0,UNKNOWN,,,,0,0,,,,,False,,,False,False,,,0,,,,,,0,,,,,False
92594206,914.5,LOSS,True,2,0,IS_FIRST,2,GOING_FIRST_SECOND,,,,0,0,,,,,False,0,0,False,False,,,0,,,0,,,6,,,,,False
92594206,914.5,LOSS,True,3,0,SETUP_ACTIVE_POKEMON,2,EARLY_GAME_SETUP,,,,0,0,,,,,False,0,0,False,False,,,0,,,6,,,6,,,,,False
92594206,914.5,LOSS,True,4,0,SETUP_BENCH_POKEMON,1,BENCH_MANAGEMENT,,,,0,0,,,,,False,0,6,False,False,,,0,,,6,676,110,6,,,,,False
92594206,914.5,LOSS,True,5,1,MAIN,4,RESOURCE_MANAGEMENT,PLAY_POKEMON,1071,PLAY,0,0,119,70,70,1,False,0,6,False,False,1,0,0,676,110,6,676,110,6,False,True,,,False
92594206,914.5,LOSS,True,6,1,ACTIVATE,2,RESOURCE_MANAGEMENT,,,YES,0,0,119,70,70,1,False,1,6,False,True,1,0,0,676,110,6,676,110,6,False,True,,,False
92594206,914.5,LOSS,True,7,1,TO_HAND,10,RESOURCE_MANAGEMENT,,,CARD,0,0,119,70,70,1,False,1,6,False,True,1,0,0,676,110,6,676,110,6,False,True,,,False
92594206,914.5,LOSS,True,8,1,MAIN,4,ENERGY_MANAGEMENT,ATTACH_ENERGY,,ATTACH,0,0,119,70,70,1,False,1,6,False,True,1,0,0,676,110,6,676,110,6,False,True,,,False
92594206,914.5,LOSS,True,9,1,MAIN,3,TIMING,,,,0,0,119,70,70,1,False,1,6,True,True,1,1,0,676,110,6,676,110,5,False,True,,,False
92594206,914.5,LOSS,True,10,2,TO_ACTIVE,1,ACTIVE_POKEMON_SELECTION,,,CARD,0,0,,,,,False,1,6,False,True,,,0,676,110,5,676,110,5,,,,,True
92594206,914.5,LOSS,True,11,3,MAIN,5,RESOURCE_MANAGEMENT,PLAY_SUPPORTER,1198,PLAY,0,0,1071,170,170,2,False,0,6,False,False,1,0,0,676,110,5,676,110,5,False,False,Cosmic Beam,70,False
92594206,914.5,LOSS,True,12,3,TO_HAND,4,RESOURCE_MANAGEMENT,,,CARD,0,0,1071,170,170,2,False,0,6,False,False,1,0,0,676,110,5,676,110,5,False,False,Cosmic Beam,70,False
92594206,914.5,LOSS,True,13,3,ATTACH_TO,1,ENERGY_MANAGEMENT,,,CARD,0,0,1071,170,170,2,False,0,6,False,False,1,0,0,676,110,5,676,110,5,False,False,Cosmic Beam,70,False
92594206,914.5,LOSS,True,14,3,ATTACH_FROM,1,ENERGY_MANAGEMENT,,,CARD,0,0,1071,170,170,2,False,0,6,False,False,1,0,0,676,110,5,676,110,5,False,False,Cosmic Beam,70,False
92594206,914.5,LOSS,True,15,3,MAIN,5,ENERGY_MANAGEMENT,ATTACH_ENERGY,,ATTACH,0,0,1071,170,170,2,False,0,6,False,False,1,1,0,676,110,5,676,110,5,False,False,Cosmic Beam,70,False
92594206,914.5,LOSS,True,16,3,MAIN,1,TIMING,,,,0,0,1071,170,170,2,False,0,6,False,False,1,1,0,676,110,5,676,110,5,False,False,Cosmic Beam,70,False
92594206,914.5,LOSS,True,17,5,MAIN,5,RESOURCE_MANAGEMENT,PLAY_ITEM,1120,PLAY,0,0,1071,100,170,2,True,0,6,False,False,1,1,0,676,110,5,676,110,5,False,False,Cosmic Beam,70,False
92594206,914.5,LOSS,True,18,5,MAIN,4,ENERGY_MANAGEMENT,ATTACH_ENERGY,,ATTACH,0,0,1071,100,170,2,True,0,6,False,False,1,1,0,676,110,5,676,110,5,False,False,Cosmic Beam,70,False
92595153,675.3,LOSS,True,0,,,0,UNKNOWN,,,,0,0,,,,,False,,,False,False,,,0,,,,,,,,,,,False
92595153,675.3,LOSS,True,1,,,0,UNKNOWN,,,,0,0,,,,,False,,,False,False,,,0,,,,,,0,,,,,False
92595153,675.3,LOSS,True,2,0,SETUP_ACTIVE_POKEMON,2,EARLY_GAME_SETUP,,,,0,0,,,,,False,0,0,False,False,,,0,,,0,,,6,,,,,False
92595153,675.3,LOSS,True,3,0,DRAW_COUNT,2,SEARCH_DECISION,,,NUMBER,0,0,,,,,False,0,6,False,False,,,0,,,6,,,6,,,,,False
92595153,675.3,LOSS,True,4,0,SETUP_BENCH_POKEMON,1,BENCH_MANAGEMENT,,,,0,0,,,,,False,0,6,False,False,,,0,,,6,119,70,6,,,,,False
92595153,675.3,LOSS,True,5,1,MAIN,5,RESOURCE_MANAGEMENT,PLAY_POKEMON,119,PLAY,0,0,235,30,30,1,False,0,6,False,False,0,0,0,119,70,6,119,70,6,False,False,,,False
92595153,675.3,LOSS,True,6,1,MAIN,7,RESOURCE_MANAGEMENT,PLAY_ITEM,1121,PLAY,0,0,235,30,30,1,False,1,6,True,True,0,0,0,119,70,6,119,70,6,False,False,,,False
92595153,675.3,LOSS,True,7,1,DISCARD,6,RESOURCE_MANAGEMENT,,,CARD;CARD,0,0,235,30,30,1,False,1,6,False,True,0,0,0,119,70,6,119,70,6,False,False,,,False
92595153,675.3,LOSS,True,8,1,TO_HAND,10,RESOURCE_MANAGEMENT,,,CARD,0,0,235,30,30,1,False,1,6,False,True,0,0,0,119,70,6,119,70,6,False,False,,,False
92595153,675.3,LOSS,True,9,1,MAIN,5,ENERGY_MANAGEMENT,ATTACH_ENERGY,,ATTACH,0,0,235,30,30,1,False,1,6,True,True,0,0,0,119,70,6,119,70,6,False,False,,,False
92595153,675.3,LOSS,True,10,1,MAIN,3,TIMING,,,,0,0,235,30,30,1,False,1,6,True,True,0,0,1,119,70,6,235,30,6,False,False,,,False
92595153,675.3,LOSS,True,11,3,MAIN,7,RESOURCE_MANAGEMENT,PLAY_SUPPORTER,1198,PLAY,1,0,235,20,30,1,True,1,6,True,True,0,0,1,235,30,6,235,30,6,False,False,Itchy Pollen,10,False
92595153,675.3,LOSS,True,12,3,TO_HAND,6,RESOURCE_MANAGEMENT,,,CARD,0,0,235,20,30,1,True,1,6,False,True,0,0,1,235,30,6,235,30,6,False,False,Itchy Pollen,10,False
92595153,675.3,LOSS,True,13,3,ATTACH_TO,4,ENERGY_MANAGEMENT,,,CARD,0,0,235,20,30,1,True,1,6,False,True,0,0,1,235,30,6,235,30,6,False,False,Itchy Pollen,10,False
92595153,675.3,LOSS,True,14,3,ATTACH_FROM,2,ENERGY_MANAGEMENT,,,CARD,0,0,235,20,30,1,True,1,6,False,True,0,0,1,235,30,6,235,30,6,False,False,Itchy Pollen,10,False
92595153,675.3,LOSS,True,15,3,MAIN,7,BENCH_MANAGEMENT,EVOLVE,,EVOLVE,1,0,235,20,30,1,True,1,6,True,True,0,0,1,235,30,6,235,30,6,False,False,Itchy Pollen,10,False
92595153,675.3,LOSS,True,16,3,MAIN,7,RESOURCE_MANAGEMENT,ABILITY,,ABILITY,1,0,235,20,30,1,True,1,6,True,True,0,0,1,235,30,6,235,30,6,False,False,Itchy Pollen,10,False
92595153,675.3,LOSS,True,17,3,TO_HAND,2,RESOURCE_MANAGEMENT,,,CARD,0,0,235,20,30,1,True,1,6,False,True,0,0,1,235,30,6,235,30,6,False,False,Itchy Pollen,10,False
92595153,675.3,LOSS,True,18,3,MAIN,6,TIMING,,,,1,0,235,20,30,1,True,1,6,True,True,0,0,1,235,30,6,235,20,6,False,False,Itchy Pollen,10,False
92595153,675.3,LOSS,True,19,5,MAIN,9,RESOURCE_MANAGEMENT,ABILITY,,ABILITY,1,0,235,10,30,1,True,1,6,True,True,0,0,1,235,20,6,235,20,6,True,False,Itchy Pollen,10,False
92595153,675.3,LOSS,True,20,5,TO_HAND,2,RESOURCE_MANAGEMENT,,,CARD,0,0,235,10,30,1,True,1,6,False,True,0,0,1,235,20,6,235,20,6,True,False,Itchy Pollen,10,False
92595153,675.3,LOSS,True,21,5,MAIN,9,RESOURCE_MANAGEMENT,PLAY_SUPPORTER,1227,PLAY,1,0,235,10,30,1,True,1,6,True,True,0,0,1,235,20,6,235,20,6,True,False,Itchy Pollen,10,False
92595153,675.3,LOSS,True,22,5,MAIN,6,RESOURCE_MANAGEMENT,PLAY_POKEMON,119,PLAY,1,0,235,10,30,1,True,1,6,True,True,0,0,1,235,20,6,235,20,6,True,False,Itchy Pollen,10,False
92595153,675.3,LOSS,True,23,5,MAIN,5,RESOURCE_MANAGEMENT,PLAY_POKEMON,119,PLAY,1,0,235,10,30,1,True,2,6,True,True,0,0,1,235,20,6,235,20,6,True,False,Itchy Pollen,10,False
92595153,675.3,LOSS,True,24,5,MAIN,4,TIMING,,,,1,0,235,10,30,1,True,3,6,True,True,0,0,1,235,20,6,121,320,5,True,False,Itchy Pollen,10,False
92595153,675.3,LOSS,True,25,6,TO_ACTIVE,3,ACTIVE_POKEMON_SELECTION,,,CARD,0,0,,,,,False,3,6,False,True,,,1,121,320,5,121,320,5,,,,,True
92595153,675.3,LOSS,True,26,7,MAIN,11,RESOURCE_MANAGEMENT,PLAY_POKEMON,140,PLAY,1,0,120,30,90,1,True,2,6,True,True,1,1,0,121,320,5,121,320,5,True,False,Phantom Dive,200,False
92595153,675.3,LOSS,True,27,7,MAIN,11,RESOURCE_MANAGEMENT,PLAY_ITEM,1086,PLAY,1,0,120,30,90,1,True,3,6,True,True,1,1,0,121,320,5,121,320,5,True,False,Phantom Dive,200,False
92595153,675.3,LOSS,True,28,7,TO_BENCH,2,BENCH_MANAGEMENT,,,CARD,0,0,120,30,90,1,True,3,6,False,True,1,1,0,121,320,5,121,320,5,True,False,Phantom Dive,200,False
92595153,675.3,LOSS,True,29,7,MAIN,10,RESOURCE_MANAGEMENT,PLAY_ITEM,1097,PLAY,1,0,120,30,90,1,True,4,6,True,True,1,1,0,121,320,5,121,320,5,True,False,Phantom Dive,200,False
92595153,675.3,LOSS,True,30,7,TO_HAND,3,RESOURCE_MANAGEMENT,,,CARD,0,0,120,30,90,1,True,4,6,False,True,1,1,0,121,320,5,121,320,5,True,False,Phantom Dive,200,False
92595153,675.3,LOSS,True,31,7,MAIN,11,RESOURCE_MANAGEMENT,PLAY_ITEM,1120,PLAY,1,0,120,30,90,1,True,4,6,True,True,1,1,0,121,320,5,121,320,5,True,False,Phantom Dive,200,False
92595153,675.3,LOSS,True,32,7,DISCARD_ENERGY,4,ENERGY_MANAGEMENT,,,ENERGY,0,0,120,30,90,1,True,4,6,False,True,1,1,0,121,320,5,121,320,5,True,False,Phantom Dive,200,False
92595153,675.3,LOSS,True,33,7,MAIN,10,RESOURCE_MANAGEMENT,ABILITY,,ABILITY,1,0,120,30,90,1,True,4,6,True,True,1,1,0,121,320,5,121,320,5,True,False,Phantom Dive,200,False
92595153,675.3,LOSS,True,34,7,TO_HAND,2,RESOURCE_MANAGEMENT,,,CARD,0,0,120,30,90,1,True,4,6,False,True,1,1,0,121,320,5,121,320,5,True,False,Phantom Dive,200,False
92595153,675.3,LOSS,True,35,7,MAIN,9,RESOURCE_MANAGEMENT,ABILITY,,ABILITY,1,0,120,30,90,1,True,4,6,True,True,1,1,0,121,320,5,121,320,5,True,False,Phantom Dive,200,False
92595153,675.3,LOSS,True,36,7,MAIN,19,BENCH_MANAGEMENT,EVOLVE,,EVOLVE,1,0,120,30,90,1,True,4,6,True,True,1,1,0,121,320,5,121,320,5,True,False,Phantom Dive,200,False
92595153,675.3,LOSS,True,37,7,MAIN,18,RESOURCE_MANAGEMENT,ABILITY,,ABILITY,1,0,120,30,90,1,True,4,6,True,True,1,1,0,121,320,5,121,320,5,True,False,Phantom Dive,200,False
92595153,675.3,LOSS,True,38,7,TO_HAND,2,RESOURCE_MANAGEMENT,,,CARD,0,0,120,30,90,1,True,4,6,False,True,1,1,0,121,320,5,121,320,5,True,False,Phantom Dive,200,False
92595153,675.3,LOSS,True,39,7,MAIN,18,ENERGY_MANAGEMENT,ATTACH_ENERGY,,ATTACH,1,0,120,30,90,1,True,4,6,True,True,1,1,0,121,320,5,121,320,5,True,False,Phantom Dive,200,False
92595153,675.3,LOSS,True,40,7,MAIN,8,RESOURCE_MANAGEMENT,PLAY_SUPPORTER,1227,PLAY,1,0,120,30,90,1,True,4,6,True,True,1,1,1,121,320,5,121,320,5,True,False,Phantom Dive,200,False
92595153,675.3,LOSS,True,41,7,MAIN,6,TIMING,,,,1,0,120,30,90,1,True,4,6,True,True,1,1,1,121,320,5,121,250,5,True,False,Phantom Dive,200,False
92595153,675.3,LOSS,True,42,9,MAIN,15,RESOURCE_MANAGEMENT,PLAY_POKEMON,184,PLAY,0,0,140,10,210,2,True,4,6,False,True,1,0,2,121,250,5,121,250,5,True,False,Phantom Dive,200,True
92595153,675.3,LOSS,True,43,9,MAIN,14,RESOURCE_MANAGEMENT,ABILITY,,ABILITY,0,0,140,10,210,2,True,5,6,True,True,1,0,2,121,250,5,121,250,5,True,False,Phantom Dive,200,False
92595153,675.3,LOSS,True,44,9,TO_HAND,2,RESOURCE_MANAGEMENT,,,CARD,0,0,140,10,210,2,True,5,6,False,True,1,0,2,121,250,5,121,250,5,True,False,Phantom Dive,200,False
92595153,675.3,LOSS,True,45,9,MAIN,14,RESOURCE_MANAGEMENT,ABILITY,,ABILITY,0,0,140,10,210,2,True,5,6,True,True,1,0,2,121,250,5,121,250,5,True,False,Phantom Dive,200,False
92595153,675.3,LOSS,True,46,9,TO_HAND,2,RESOURCE_MANAGEMENT,,,CARD,0,0,140,10,210,2,True,5,6,False,True,1,0,2,121,250,5,121,250,5,True,False,Phantom Dive,200,False
92595153,675.3,LOSS,True,47,9,MAIN,14,ENERGY_MANAGEMENT,ATTACH_ENERGY,,ATTACH,0,0,140,10,210,2,True,5,6,True,True,1,0,2,121,250,5,121,250,5,True,False,Phantom Dive,200,False
92595153,675.3,LOSS,True,48,9,MAIN,8,RESOURCE_MANAGEMENT,PLAY_SUPPORTER,1227,PLAY,0,0,140,10,210,2,True,5,6,True,True,1,0,2,121,250,5,121,250,5,True,False,Phantom Dive,200,False
92595153,675.3,LOSS,True,49,9,MAIN,8,BENCH_MANAGEMENT,EVOLVE,,EVOLVE,0,0,140,10,210,2,True,5,6,True,True,1,0,2,121,250,5,121,250,5,True,False,Phantom Dive,200,False
92595153,675.3,LOSS,True,50,9,MAIN,6,RESOURCE_MANAGEMENT,PLAY_ITEM,1152,PLAY,0,0,140,10,210,2,True,5,6,True,True,1,0,2,121,250,5,121,250,5,True,False,Phantom Dive,200,False
92595153,675.3,LOSS,True,51,9,TO_HAND,3,RESOURCE_MANAGEMENT,,,CARD,0,0,140,10,210,2,True,5,6,False,True,1,0,2,121,250,5,121,250,5,True,False,Phantom Dive,200,False
92595153,675.3,LOSS,True,52,9,MAIN,7,RESOURCE_MANAGEMENT,PLAY_ITEM,1152,PLAY,0,0,140,10,210,2,True,5,6,True,True,1,0,2,121,250,5,121,250,5,True,False,Phantom Dive,200,False
92595153,675.3,LOSS,True,53,9,TO_HAND,2,RESOURCE_MANAGEMENT,,,CARD,0,0,140,10,210,2,True,5,6,False,True,1,0,2,121,250,5,121,250,5,True,False,Phantom Dive,200,False
92595153,675.3,LOSS,True,54,9,MAIN,8,RESOURCE_MANAGEMENT,PLAY_ITEM,1120,PLAY,0,0,140,10,210,2,True,5,6,True,True,1,0,2,121,250,5,121,250,5,True,False,Phantom Dive,200,False
92595153,675.3,LOSS,True,55,9,MAIN,7,BENCH_MANAGEMENT,EVOLVE,,EVOLVE,0,0,140,10,210,2,True,5,6,True,True,1,0,2,121,250,5,121,250,5,True,False,Phantom Dive,200,False
92595153,675.3,LOSS,True,56,9,MAIN,5,RESOURCE_MANAGEMENT,ABILITY,,ABILITY,0,0,140,10,210,2,True,5,6,True,True,1,0,1,121,250,5,121,250,5,True,False,Phantom Dive,200,False
92595153,675.3,LOSS,True,57,9,TO_HAND,2,RESOURCE_MANAGEMENT,,,CARD,0,0,140,10,210,2,True,5,6,False,True,1,0,1,121,250,5,121,250,5,True,False,Phantom Dive,200,False
92595153,675.3,LOSS,True,58,9,MAIN,5,BENCH_MANAGEMENT,EVOLVE,,EVOLVE,0,0,140,10,210,2,True,5,6,True,True,1,0,1,121,250,5,121,250,5,True,False,Phantom Dive,200,False
92595153,675.3,LOSS,True,59,9,MAIN,5,RESOURCE_MANAGEMENT,ABILITY,,ABILITY,0,0,140,10,210,2,True,5,6,True,True,1,0,1,121,250,5,121,250,5,True,False,Phantom Dive,200,False
92595153,675.3,LOSS,True,60,9,TO_HAND,2,RESOURCE_MANAGEMENT,,,CARD,0,0,140,10,210,2,True,5,6,False,True,1,0,1,121,250,5,121,250,5,True,False,Phantom Dive,200,False
92595153,675.3,LOSS,True,61,9,MAIN,5,RETREAT_SELECTION,RETREAT,,RETREAT,0,0,140,10,210,2,True,5,6,True,True,1,0,1,121,250,5,121,250,5,True,False,Phantom Dive,200,False
92595153,675.3,LOSS,True,62,9,SWITCH,5,ACTIVE_POKEMON_SELECTION,,,CARD,0,0,140,10,210,2,True,5,6,False,True,1,0,1,121,250,5,121,250,5,True,False,Phantom Dive,200,False
92595153,675.3,LOSS,True,63,9,MAIN,6,ATTACK_SELECTION,ATTACK,,ATTACK,2,1,121,240,320,2,True,5,6,False,True,1,1,0,121,250,5,121,50,5,False,False,Phantom Dive,200,True
92595153,675.3,LOSS,True,64,9,DAMAGE_COUNTER_ANY,5,TARGET_SELECTION,,,CARD,0,0,121,240,320,2,True,5,6,False,True,1,1,0,121,50,5,121,50,5,False,False,Phantom Dive,200,False
92595153,675.3,LOSS,True,65,9,DAMAGE_COUNTER_ANY,5,TARGET_SELECTION,,,CARD,0,0,121,240,320,2,True,5,6,False,True,1,1,0,121,50,5,121,50,5,False,False,Phantom Dive,200,False
92595153,675.3,LOSS,True,66,9,DAMAGE_COUNTER_ANY,5,TARGET_SELECTION,,,CARD,0,0,121,240,320,2,True,5,6,False,True,1,1,0,121,50,5,121,50,5,False,False,Phantom Dive,200,False
92595153,675.3,LOSS,True,67,9,DAMAGE_COUNTER_ANY,5,TARGET_SELECTION,,,CARD,0,0,121,240,320,2,True,5,6,False,True,1,1,0,121,50,5,121,50,5,False,False,Phantom Dive,200,False
92595153,675.3,LOSS,True,68,9,DAMAGE_COUNTER_ANY,5,TARGET_SELECTION,,,CARD,0,0,121,240,320,2,True,5,6,False,True,1,1,0,121,50,5,121,50,5,False,False,Phantom Dive,200,False
92595153,675.3,LOSS,True,69,9,DAMAGE_COUNTER_ANY,5,TARGET_SELECTION,,,CARD,0,0,121,240,320,2,True,5,6,False,True,1,1,0,121,50,5,121,50,5,False,False,Phantom Dive,200,False
92595153,675.3,LOSS,True,70,9,TO_HAND,6,RESOURCE_MANAGEMENT,,,,0,0,121,240,320,2,True,5,6,False,True,1,1,0,121,50,5,121,50,2,False,False,Phantom Dive,200,False
92595153,675.3,LOSS,True,71,11,MAIN,9,RESOURCE_MANAGEMENT,PLAY_POKEMON,1071,PLAY,1,0,121,40,320,2,True,3,5,True,True,1,1,0,121,50,2,121,50,2,True,False,Phantom Dive,200,False
92595153,675.3,LOSS,True,72,11,ACTIVATE,2,RESOURCE_MANAGEMENT,,,YES,0,0,121,40,320,2,True,4,5,False,True,1,1,0,121,50,2,121,50,2,True,False,Phantom Dive,200,False
92595153,675.3,LOSS,True,73,11,TO_HAND,7,RESOURCE_MANAGEMENT,,,CARD,0,0,121,40,320,2,True,4,5,False,True,1,1,0,121,50,2,121,50,2,True,False,Phantom Dive,200,False
92595153,675.3,LOSS,True,74,11,MAIN,9,RESOURCE_MANAGEMENT,ABILITY,,ABILITY,1,0,121,40,320,2,True,4,5,True,True,1,1,0,121,50,2,121,50,2,True,False,Phantom Dive,200,False
92595153,675.3,LOSS,True,75,11,TO_HAND,2,RESOURCE_MANAGEMENT,,,CARD,0,0,121,40,320,2,True,4,5,False,True,1,1,0,121,50,2,121,50,2,True,False,Phantom Dive,200,False
92595153,675.3,LOSS,True,76,11,MAIN,9,RESOURCE_MANAGEMENT,ABILITY,,ABILITY,1,0,121,40,320,2,True,4,5,True,True,1,1,0,121,50,2,121,50,2,True,False,Phantom Dive,200,False
92595153,675.3,LOSS,True,77,11,TO_HAND,2,RESOURCE_MANAGEMENT,,,CARD,0,0,121,40,320,2,True,4,5,False,True,1,1,0,121,50,2,121,50,2,True,False,Phantom Dive,200,False
92595153,675.3,LOSS,True,78,11,MAIN,13,RESOURCE_MANAGEMENT,PLAY_SUPPORTER,1198,PLAY,1,0,121,40,320,2,True,4,5,True,True,1,1,0,121,50,2,121,50,2,True,False,Phantom Dive,200,False
92595153,675.3,LOSS,True,79,11,TO_HAND,2,RESOURCE_MANAGEMENT,,,CARD,0,0,121,40,320,2,True,4,5,False,True,1,1,0,121,50,2,121,50,2,True,False,Phantom Dive,200,False
92595153,675.3,LOSS,True,80,11,ATTACH_TO,1,ENERGY_MANAGEMENT,,,CARD,0,0,121,40,320,2,True,4,5,False,True,1,1,0,121,50,2,121,50,2,True,False,Phantom Dive,200,False
92595153,675.3,LOSS,True,81,11,ATTACH_FROM,5,ENERGY_MANAGEMENT,,,CARD,0,0,121,40,320,2,True,4,5,False,True,1,1,0,121,50,2,121,50,2,True,False,Phantom Dive,200,False
92595153,675.3,LOSS,True,82,11,MAIN,17,ENERGY_MANAGEMENT,ATTACH_ENERGY,,ATTACH,2,0,121,40,320,2,True,4,5,True,True,1,1,0,121,50,2,121,50,2,True,False,Phantom Dive,200,False
92595153,675.3,LOSS,True,83,11,MAIN,7,ATTACK_SELECTION,ATTACK,,ATTACK,2,1,121,40,320,2,True,4,5,True,True,1,1,0,121,50,2,121,0,2,True,False,Phantom Dive,200,False
92595153,675.3,LOSS,True,84,11,DAMAGE_COUNTER_ANY,5,TARGET_SELECTION,,,CARD,0,0,121,40,320,2,True,4,5,False,True,1,1,0,121,0,2,121,0,2,True,False,Phantom Dive,200,False
92595153,675.3,LOSS,True,85,11,DAMAGE_COUNTER_ANY,5,TARGET_SELECTION,,,CARD,0,0,121,40,320,2,True,4,5,False,True,1,1,0,121,0,2,121,0,2,True,False,Phantom Dive,200,False
92595153,675.3,LOSS,True,86,11,DAMAGE_COUNTER_ANY,5,TARGET_SELECTION,,,CARD,0,0,121,40,320,2,True,4,5,False,True,1,1,0,121,0,2,121,0,2,True,False,Phantom Dive,200,False
92595153,675.3,LOSS,True,87,11,DAMAGE_COUNTER_ANY,5,TARGET_SELECTION,,,CARD,0,0,121,40,320,2,True,4,5,False,True,1,1,0,121,0,2,121,0,2,True,False,Phantom Dive,200,False
92595153,675.3,LOSS,True,88,11,DAMAGE_COUNTER_ANY,5,TARGET_SELECTION,,,CARD,0,0,121,40,320,2,True,4,5,False,True,1,1,0,121,0,2,121,0,2,True,False,Phantom Dive,200,False
92595153,675.3,LOSS,True,89,11,DAMAGE_COUNTER_ANY,5,TARGET_SELECTION,,,CARD,0,0,121,40,320,2,True,4,5,False,True,1,1,0,121,0,2,,,2,True,False,Phantom Dive,200,False
92595153,675.3,LOSS,True,90,11,TO_HAND,5,RESOURCE_MANAGEMENT,,,CARD;CARD,0,0,121,40,320,2,True,4,5,False,True,1,1,0,,,2,,,2,,,,,False
92596095,615.6,LOSS,False,0,,,0,UNKNOWN,,,,0,0,,,,,False,,,False,False,,,0,,,,,,,,,,,False
92596095,615.6,LOSS,False,1,,,0,UNKNOWN,,,,0,0,,,,,False,,,False,False,,,0,,,,,,6,,,,,False
92596095,615.6,LOSS,False,2,0,SETUP_ACTIVE_POKEMON,1,EARLY_GAME_SETUP,,,,0,0,,,,,False,0,0,False,False,,,0,,,6,344,90,6,,,,,False
92596095,615.6,LOSS,False,3,2,MAIN,7,ENERGY_MANAGEMENT,ATTACH_ENERGY,,ATTACH,0,0,119,70,70,1,False,0,6,False,False,1,0,0,344,90,6,344,90,6,False,False,Ascension,0,False
92596095,615.6,LOSS,False,4,2,MAIN,6,RESOURCE_MANAGEMENT,PLAY_ITEM,1120,PLAY,0,0,119,70,70,1,False,0,6,False,False,1,0,0,344,90,6,344,90,6,False,False,Ascension,0,False
92596095,615.6,LOSS,False,5,2,MAIN,5,ENERGY_MANAGEMENT,ATTACH_ENERGY,,ATTACH,0,0,119,70,70,1,False,0,6,False,False,1,0,0,344,90,6,344,90,6,False,False,Ascension,0,False
92596095,615.6,LOSS,False,6,2,MAIN,4,RESOURCE_MANAGEMENT,PLAY_SUPPORTER,1227,PLAY,0,0,119,70,70,1,False,0,6,False,False,1,1,0,344,90,6,344,90,6,False,False,Ascension,0,False
92596095,615.6,LOSS,False,7,2,MAIN,4,RESOURCE_MANAGEMENT,PLAY_POKEMON,119,PLAY,0,0,119,70,70,1,False,0,6,False,False,1,1,0,344,90,6,344,90,6,False,False,Ascension,0,False
92596095,615.6,LOSS,False,8,2,MAIN,4,RESOURCE_MANAGEMENT,PLAY_ITEM,1086,PLAY,0,0,119,70,70,1,False,1,6,True,True,1,1,0,344,90,6,344,90,6,False,False,Ascension,0,False
92596095,615.6,LOSS,False,9,2,TO_BENCH,3,BENCH_MANAGEMENT,,,CARD;CARD,0,0,119,70,70,1,False,1,6,False,True,1,1,0,344,90,6,344,90,6,False,False,Ascension,0,False
92596095,615.6,LOSS,False,10,2,MAIN,3,RETREAT_SELECTION,RETREAT,,RETREAT,0,0,119,70,70,1,False,3,6,True,True,1,1,1,344,90,6,344,90,6,False,False,Ascension,0,False
92596095,615.6,LOSS,False,11,2,DISCARD_ENERGY,1,ENERGY_MANAGEMENT,,,ENERGY,0,0,119,70,70,1,False,3,6,False,True,1,1,1,344,90,6,344,90,6,False,False,Ascension,0,False
92596095,615.6,LOSS,False,12,2,SWITCH,3,ACTIVE_POKEMON_SELECTION,,,CARD,0,0,119,70,70,1,False,3,6,False,True,1,0,1,344,90,6,344,90,6,False,False,Ascension,0,False
92596095,615.6,LOSS,False,13,2,MAIN,3,TIMING,,,,1,0,235,30,30,1,False,3,6,False,True,0,0,0,344,90,6,345,160,6,False,False,Ascension,0,True
92596095,615.6,LOSS,False,14,4,MAIN,18,RESOURCE_MANAGEMENT,PLAY_SUPPORTER,1210,PLAY,1,0,235,30,30,1,False,3,6,True,True,0,0,0,345,160,6,345,160,6,False,True,,,False
92596095,615.6,LOSS,False,15,4,TO_HAND,8,RESOURCE_MANAGEMENT,,,CARD,0,0,235,30,30,1,False,3,6,False,True,0,0,0,345,160,6,345,160,6,False,True,,,False
92596095,615.6,LOSS,False,16,4,MAIN,18,BENCH_MANAGEMENT,EVOLVE,,EVOLVE,1,0,235,30,30,1,False,3,6,True,True,0,0,0,345,160,6,345,160,6,False,True,,,False
92596095,615.6,LOSS,False,17,4,MAIN,15,RESOURCE_MANAGEMENT,ABILITY,,ABILITY,1,0,235,30,30,1,False,3,6,True,True,0,0,0,345,160,6,345,160,6,False,True,,,False
92596095,615.6,LOSS,False,18,4,TO_HAND,2,RESOURCE_MANAGEMENT,,,CARD,0,0,235,30,30,1,False,3,6,False,True,0,0,0,345,160,6,345,160,6,False,True,,,False
92596095,615.6,LOSS,False,19,4,MAIN,14,BENCH_MANAGEMENT,EVOLVE,,EVOLVE,1,0,235,30,30,1,False,3,6,True,True,0,0,0,345,160,6,345,160,6,False,True,,,False
92596095,615.6,LOSS,False,20,4,MAIN,13,RESOURCE_MANAGEMENT,ABILITY,,ABILITY,1,0,235,30,30,1,False,3,6,True,True,0,0,0,345,160,6,345,160,6,False,True,,,False
92596095,615.6,LOSS,False,21,4,TO_HAND,2,RESOURCE_MANAGEMENT,,,CARD,0,0,235,30,30,1,False,3,6,False,True,0,0,0,345,160,6,345,160,6,False,True,,,False
92596095,615.6,LOSS,False,22,4,MAIN,13,ENERGY_MANAGEMENT,ATTACH_ENERGY,,ATTACH,1,0,235,30,30,1,False,3,6,True,True,0,0,0,345,160,6,345,160,6,False,True,,,False
92596095,615.6,LOSS,False,23,4,MAIN,5,TIMING,,,,1,0,235,30,30,1,False,3,6,True,True,0,0,1,345,160,6,345,150,5,False,True,,,False
92596095,615.6,LOSS,False,24,5,TO_ACTIVE,3,ACTIVE_POKEMON_SELECTION,,,CARD,0,0,,,,,False,3,6,False,True,,,1,345,150,5,345,150,5,,,,,True
92596095,615.6,LOSS,False,25,6,MAIN,15,BENCH_MANAGEMENT,EVOLVE,,EVOLVE,1,0,119,70,70,1,False,2,6,True,True,1,1,0,345,150,5,345,150,5,True,False,Superb Scissors,120,False
92596095,615.6,LOSS,False,26,6,MAIN,12,RESOURCE_MANAGEMENT,ABILITY,,ABILITY,1,0,119,70,70,1,False,2,6,True,True,1,1,0,345,150,5,345,150,5,True,False,Superb Scissors,120,False
92596095,615.6,LOSS,False,27,6,TO_HAND,2,RESOURCE_MANAGEMENT,,,CARD,0,0,119,70,70,1,False,2,6,False,True,1,1,0,345,150,5,345,150,5,True,False,Superb Scissors,120,False
92596095,615.6,LOSS,False,28,6,MAIN,14,RESOURCE_MANAGEMENT,PLAY_SUPPORTER,1198,PLAY,1,0,119,70,70,1,False,2,6,True,True,1,1,0,345,150,5,345,150,5,True,False,Superb Scissors,120,False
92596095,615.6,LOSS,False,29,6,TO_HAND,4,RESOURCE_MANAGEMENT,,,CARD,0,0,119,70,70,1,False,2,6,False,True,1,1,0,345,150,5,345,150,5,True,False,Superb Scissors,120,False
92596095,615.6,LOSS,False,30,6,ATTACH_TO,2,ENERGY_MANAGEMENT,,,CARD,0,0,119,70,70,1,False,2,6,False,True,1,1,0,345,150,5,345,150,5,True,False,Superb Scissors,120,False
92596095,615.6,LOSS,False,31,6,ATTACH_FROM,3,ENERGY_MANAGEMENT,,,CARD,0,0,119,70,70,1,False,2,6,False,True,1,1,0,345,150,5,345,150,5,True,False,Superb Scissors,120,False
92596095,615.6,LOSS,False,32,6,MAIN,14,ENERGY_MANAGEMENT,ATTACH_ENERGY,,ATTACH,1,0,119,70,70,1,False,2,6,True,True,1,1,1,345,150,5,345,150,5,True,False,Superb Scissors,120,False
92596095,615.6,LOSS,False,33,6,MAIN,5,RETREAT_SELECTION,RETREAT,,RETREAT,1,0,119,70,70,1,False,2,6,True,True,1,1,1,345,150,5,345,150,5,True,False,Superb Scissors,120,False
92596095,615.6,LOSS,False,34,6,DISCARD_ENERGY,1,ENERGY_MANAGEMENT,,,ENERGY,0,0,119,70,70,1,False,2,6,False,True,1,1,1,345,150,5,345,150,5,True,False,Superb Scissors,120,False
92596095,615.6,LOSS,False,35,6,SWITCH,2,ACTIVE_POKEMON_SELECTION,,,CARD,0,0,119,70,70,1,False,2,6,False,True,1,0,1,345,150,5,345,150,5,True,False,Superb Scissors,120,False
92596095,615.6,LOSS,False,36,6,MAIN,5,ATTACK_SELECTION,ATTACK,,ATTACK,2,1,121,320,320,2,False,2,6,False,True,1,1,0,345,150,5,345,150,5,False,False,Superb Scissors,120,True
92596095,615.6,LOSS,False,37,6,DAMAGE_COUNTER_ANY,2,TARGET_SELECTION,,,CARD,0,0,121,320,320,2,False,2,6,False,True,1,1,0,345,150,5,345,150,5,False,False,Superb Scissors,120,False
92596095,615.6,LOSS,False,38,6,DAMAGE_COUNTER_ANY,2,TARGET_SELECTION,,,CARD,0,0,121,320,320,2,False,2,6,False,True,1,1,0,345,150,5,345,150,5,False,False,Superb Scissors,120,False
92596095,615.6,LOSS,False,39,6,DAMAGE_COUNTER_ANY,2,TARGET_SELECTION,,,CARD,0,0,121,320,320,2,False,2,6,False,True,1,1,0,345,150,5,345,150,5,False,False,Superb Scissors,120,False
92596095,615.6,LOSS,False,40,6,DAMAGE_COUNTER_ANY,2,TARGET_SELECTION,,,CARD,0,0,121,320,320,2,False,2,6,False,True,1,1,0,345,150,5,345,150,5,False,False,Superb Scissors,120,False
92596095,615.6,LOSS,False,41,6,DAMAGE_COUNTER_ANY,2,TARGET_SELECTION,,,CARD,0,0,121,320,320,2,False,2,6,False,True,1,1,0,345,150,5,345,150,5,False,False,Superb Scissors,120,False
92596095,615.6,LOSS,False,42,6,DAMAGE_COUNTER_ANY,2,TARGET_SELECTION,,,,0,0,121,320,320,2,False,2,6,False,True,1,1,0,345,150,5,345,170,5,False,False,Superb Scissors,120,False
92596095,615.6,LOSS,False,43,8,MAIN,16,RESOURCE_MANAGEMENT,ABILITY,,ABILITY,2,0,121,200,320,2,True,2,6,True,True,1,1,0,345,170,5,345,170,5,False,False,Superb Scissors,120,False
92596095,615.6,LOSS,False,44,8,TO_HAND,2,RESOURCE_MANAGEMENT,,,CARD,0,0,121,200,320,2,True,2,6,False,True,1,1,0,345,170,5,345,170,5,False,False,Superb Scissors,120,False
92596095,615.6,LOSS,False,45,8,MAIN,16,BENCH_MANAGEMENT,EVOLVE,,EVOLVE,2,0,121,200,320,2,True,2,6,True,True,1,1,0,345,170,5,345,170,5,False,False,Superb Scissors,120,False
92596095,615.6,LOSS,False,46,8,MAIN,15,ENERGY_MANAGEMENT,ATTACH_ENERGY,,ATTACH,2,0,121,200,320,2,True,2,6,True,True,1,1,0,345,170,5,345,170,5,False,False,Superb Scissors,120,False
92596095,615.6,LOSS,False,47,8,MAIN,9,RESOURCE_MANAGEMENT,PLAY_SUPPORTER,1227,PLAY,2,0,121,200,320,2,True,2,6,True,True,1,1,1,345,170,5,345,170,5,False,False,Superb Scissors,120,False
92596095,615.6,LOSS,False,48,8,MAIN,9,RESOURCE_MANAGEMENT,PLAY_ITEM,1121,PLAY,2,0,121,200,320,2,True,2,6,True,True,1,1,1,345,170,5,345,170,5,False,False,Superb Scissors,120,False
92596095,615.6,LOSS,False,49,8,DISCARD,7,RESOURCE_MANAGEMENT,,,CARD;CARD,0,0,121,200,320,2,True,2,6,False,True,1,1,1,345,170,5,345,170,5,False,False,Superb Scissors,120,False
92596095,615.6,LOSS,False,50,8,TO_HAND,5,RESOURCE_MANAGEMENT,,,CARD,0,0,121,200,320,2,True,2,6,False,True,1,1,1,345,170,5,345,170,5,False,False,Superb Scissors,120,False
92596095,615.6,LOSS,False,51,8,MAIN,8,BENCH_MANAGEMENT,EVOLVE,,EVOLVE,2,0,121,200,320,2,True,2,6,True,True,1,1,1,345,170,5,345,170,5,False,False,Superb Scissors,120,False
92596095,615.6,LOSS,False,52,8,MAIN,8,RESOURCE_MANAGEMENT,ABILITY,,ABILITY,2,0,121,200,320,2,True,2,6,True,True,1,1,1,345,170,5,345,170,5,False,False,Superb Scissors,120,False
92596095,615.6,LOSS,False,53,8,TO_HAND,2,RESOURCE_MANAGEMENT,,,CARD,0,0,121,200,320,2,True,2,6,False,True,1,1,1,345,170,5,345,170,5,False,False,Superb Scissors,120,False
92596095,615.6,LOSS,False,54,8,MAIN,7,ATTACK_SELECTION,ATTACK,,ATTACK,2,1,121,200,320,2,True,2,6,True,True,1,1,1,345,170,5,345,170,5,False,False,Superb Scissors,120,False
92596095,615.6,LOSS,False,55,8,DAMAGE_COUNTER_ANY,2,TARGET_SELECTION,,,CARD,0,0,121,200,320,2,True,2,6,False,True,1,1,1,345,170,5,345,170,5,False,False,Superb Scissors,120,False
92596095,615.6,LOSS,False,56,8,DAMAGE_COUNTER_ANY,2,TARGET_SELECTION,,,CARD,0,0,121,200,320,2,True,2,6,False,True,1,1,1,345,170,5,345,170,5,False,False,Superb Scissors,120,False
92596095,615.6,LOSS,False,57,8,DAMAGE_COUNTER_ANY,2,TARGET_SELECTION,,,CARD,0,0,121,200,320,2,True,2,6,False,True,1,1,1,345,170,5,345,170,5,False,False,Superb Scissors,120,False
92596095,615.6,LOSS,False,58,8,DAMAGE_COUNTER_ANY,2,TARGET_SELECTION,,,CARD,0,0,121,200,320,2,True,2,6,False,True,1,1,1,345,170,5,345,170,5,False,False,Superb Scissors,120,False
92596095,615.6,LOSS,False,59,8,DAMAGE_COUNTER_ANY,2,TARGET_SELECTION,,,CARD,0,0,121,200,320,2,True,2,6,False,True,1,1,1,345,170,5,345,170,5,False,False,Superb Scissors,120,False
92596095,615.6,LOSS,False,60,8,DAMAGE_COUNTER_ANY,2,TARGET_SELECTION,,,,0,0,121,200,320,2,True,2,6,False,True,1,1,1,345,170,5,345,170,5,False,False,Superb Scissors,120,False
92596095,615.6,LOSS,False,61,10,MAIN,12,RESOURCE_MANAGEMENT,ABILITY,,ABILITY,2,0,121,80,320,2,True,2,6,True,True,1,1,1,345,170,5,345,170,5,True,False,Superb Scissors,120,False
92596095,615.6,LOSS,False,62,10,TO_HAND,2,RESOURCE_MANAGEMENT,,,CARD,0,0,121,80,320,2,True,2,6,False,True,1,1,1,345,170,5,345,170,5,True,False,Superb Scissors,120,False
92596095,615.6,LOSS,False,63,10,MAIN,12,RESOURCE_MANAGEMENT,PLAY_ITEM,1120,PLAY,2,0,121,80,320,2,True,2,6,True,True,1,1,1,345,170,5,345,170,5,True,False,Superb Scissors,120,False
92596095,615.6,LOSS,False,64,10,MAIN,11,RESOURCE_MANAGEMENT,PLAY_SUPPORTER,1227,PLAY,2,0,121,80,320,2,True,2,6,True,True,1,1,1,345,170,5,345,170,5,True,False,Superb Scissors,120,False
92596095,615.6,LOSS,False,65,10,MAIN,9,RESOURCE_MANAGEMENT,PLAY_STADIUM,1256,PLAY,2,0,121,80,320,2,True,2,6,True,True,1,1,1,345,170,5,345,170,5,True,False,Superb Scissors,120,False
92596095,615.6,LOSS,False,66,10,MAIN,8,RESOURCE_MANAGEMENT,PLAY_ITEM,1121,PLAY,2,0,121,80,320,2,True,2,6,True,True,1,1,1,345,170,5,345,170,5,True,False,Superb Scissors,120,False
92596095,615.6,LOSS,False,67,10,DISCARD,6,RESOURCE_MANAGEMENT,,,CARD;CARD,0,0,121,80,320,2,True,2,6,False,True,1,1,1,345,170,5,345,170,5,True,False,Superb Scissors,120,False
92596095,615.6,LOSS,False,68,10,TO_HAND,4,RESOURCE_MANAGEMENT,,,CARD,0,0,121,80,320,2,True,2,6,False,True,1,1,1,345,170,5,345,170,5,True,False,Superb Scissors,120,False
92596095,615.6,LOSS,False,69,10,MAIN,5,RESOURCE_MANAGEMENT,PLAY_ITEM,1120,PLAY,2,0,121,80,320,2,True,2,6,True,True,1,1,1,345,170,5,345,170,5,True,False,Superb Scissors,120,False
92596095,615.6,LOSS,False,70,10,MAIN,4,ATTACK_SELECTION,ATTACK,,ATTACK,2,1,121,80,320,2,True,2,6,True,True,1,1,1,345,170,5,345,170,5,True,False,Superb Scissors,120,False
92596095,615.6,LOSS,False,71,10,DAMAGE_COUNTER_ANY,2,TARGET_SELECTION,,,CARD,0,0,121,80,320,2,True,2,6,False,True,1,1,1,345,170,5,345,170,5,True,False,Superb Scissors,120,False
92596095,615.6,LOSS,False,72,10,DAMAGE_COUNTER_ANY,2,TARGET_SELECTION,,,CARD,0,0,121,80,320,2,True,2,6,False,True,1,1,1,345,170,5,345,170,5,True,False,Superb Scissors,120,False
92596095,615.6,LOSS,False,73,10,DAMAGE_COUNTER_ANY,2,TARGET_SELECTION,,,CARD,0,0,121,80,320,2,True,2,6,False,True,1,1,1,345,170,5,345,170,5,True,False,Superb Scissors,120,False
92596095,615.6,LOSS,False,74,10,DAMAGE_COUNTER_ANY,2,TARGET_SELECTION,,,CARD,0,0,121,80,320,2,True,2,6,False,True,1,1,1,345,170,5,345,170,5,True,False,Superb Scissors,120,False
92596095,615.6,LOSS,False,75,10,DAMAGE_COUNTER_ANY,2,TARGET_SELECTION,,,CARD,0,0,121,80,320,2,True,2,6,False,True,1,1,1,345,170,5,345,170,5,True,False,Superb Scissors,120,False
92596095,615.6,LOSS,False,76,10,DAMAGE_COUNTER_ANY,2,TARGET_SELECTION,,,,0,0,121,80,320,2,True,2,6,False,True,1,1,1,345,170,5,345,170,3,True,False,Superb Scissors,120,False
92596095,615.6,LOSS,False,77,11,TO_ACTIVE,2,ACTIVE_POKEMON_SELECTION,,,CARD,0,0,,,,,False,2,6,False,True,,,1,345,170,3,345,170,3,,,,,True
92596095,615.6,LOSS,False,78,12,MAIN,8,RESOURCE_MANAGEMENT,ABILITY,,ABILITY,1,0,121,320,320,2,False,1,6,True,True,1,1,0,345,170,3,345,170,3,False,False,Superb Scissors,120,False
92596095,615.6,LOSS,False,79,12,TO_HAND,2,RESOURCE_MANAGEMENT,,,CARD,0,0,121,320,320,2,False,1,6,False,True,1,1,0,345,170,3,345,170,3,False,False,Superb Scissors,120,False
92596095,615.6,LOSS,False,80,12,MAIN,8,RESOURCE_MANAGEMENT,PLAY_ITEM,1097,PLAY,1,0,121,320,320,2,False,1,6,True,True,1,1,0,345,170,3,345,170,3,False,False,Superb Scissors,120,False
92596095,615.6,LOSS,False,81,12,TO_HAND,9,RESOURCE_MANAGEMENT,,,CARD,0,0,121,320,320,2,False,1,6,False,True,1,1,0,345,170,3,345,170,3,False,False,Superb Scissors,120,False
92596095,615.6,LOSS,False,82,12,MAIN,8,RESOURCE_MANAGEMENT,PLAY_POKEMON,119,PLAY,1,0,121,320,320,2,False,1,6,True,True,1,1,0,345,170,3,345,170,3,False,False,Superb Scissors,120,False
92596095,615.6,LOSS,False,83,12,MAIN,7,RESOURCE_MANAGEMENT,PLAY_SUPPORTER,1198,PLAY,1,0,121,320,320,2,False,2,6,True,True,1,1,0,345,170,3,345,170,3,False,False,Superb Scissors,120,False
92596095,615.6,LOSS,False,84,12,TO_HAND,3,RESOURCE_MANAGEMENT,,,CARD,0,0,121,320,320,2,False,2,6,False,True,1,1,0,345,170,3,345,170,3,False,False,Superb Scissors,120,False
92596095,615.6,LOSS,False,85,12,ATTACH_TO,2,ENERGY_MANAGEMENT,,,CARD,0,0,121,320,320,2,False,2,6,False,True,1,1,0,345,170,3,345,170,3,False,False,Superb Scissors,120,False
92596095,615.6,LOSS,False,86,12,ATTACH_FROM,3,ENERGY_MANAGEMENT,,,CARD,0,0,121,320,320,2,False,2,6,False,True,1,1,0,345,170,3,345,170,3,False,False,Superb Scissors,120,False
92596095,615.6,LOSS,False,87,12,MAIN,9,ENERGY_MANAGEMENT,ATTACH_ENERGY,,ATTACH,2,0,121,320,320,2,False,2,6,True,True,1,1,0,345,170,3,345,170,3,False,False,Superb Scissors,120,False
92596095,615.6,LOSS,False,88,12,MAIN,6,RESOURCE_MANAGEMENT,PLAY_ITEM,1080,PLAY,2,0,121,320,320,2,False,2,6,True,True,1,1,1,345,170,3,345,170,3,False,False,Superb Scissors,120,False
92596095,615.6,LOSS,False,89,12,MAIN,6,ATTACK_SELECTION,ATTACK,,ATTACK,2,1,121,320,320,2,False,2,6,True,True,1,1,1,345,170,3,345,170,3,False,False,Superb Scissors,120,False
92596095,615.6,LOSS,False,90,12,DAMAGE_COUNTER_ANY,2,TARGET_SELECTION,,,CARD,0,0,121,320,320,2,False,2,6,False,True,1,1,1,345,170,3,345,170,3,False,False,Superb Scissors,120,False
92596095,615.6,LOSS,False,91,12,DAMAGE_COUNTER_ANY,2,TARGET_SELECTION,,,CARD,0,0,121,320,320,2,False,2,6,False,True,1,1,1,345,170,3,345,170,3,False,False,Superb Scissors,120,False
92596095,615.6,LOSS,False,92,12,DAMAGE_COUNTER_ANY,2,TARGET_SELECTION,,,CARD,0,0,121,320,320,2,False,2,6,False,True,1,1,1,345,170,3,345,170,3,False,False,Superb Scissors,120,False
92596095,615.6,LOSS,False,93,12,DAMAGE_COUNTER_ANY,2,TARGET_SELECTION,,,CARD,0,0,121,320,320,2,False,2,6,False,True,1,1,1,345,170,3,345,170,3,False,False,Superb Scissors,120,False
92596095,615.6,LOSS,False,94,12,DAMAGE_COUNTER_ANY,2,TARGET_SELECTION,,,CARD,0,0,121,320,320,2,False,2,6,False,True,1,1,1,345,170,3,345,170,3,False,False,Superb Scissors,120,False
92596095,615.6,LOSS,False,95,12,DAMAGE_COUNTER_ANY,2,TARGET_SELECTION,,,CARD,0,0,121,320,320,2,False,2,6,False,True,1,1,1,345,170,3,345,170,3,False,False,Superb Scissors,120,False
92596095,615.6,LOSS,False,96,12,TO_HAND,6,RESOURCE_MANAGEMENT,,,,0,0,121,320,320,2,False,2,6,False,True,1,1,1,345,170,3,345,170,3,False,False,Superb Scissors,120,False
92596095,615.6,LOSS,False,97,14,MAIN,15,RESOURCE_MANAGEMENT,PLAY_ITEM,1152,PLAY,2,0,121,200,320,2,True,2,5,True,True,1,1,1,345,170,3,345,170,3,False,False,Superb Scissors,120,False
92596095,615.6,LOSS,False,98,14,TO_HAND,1,RESOURCE_MANAGEMENT,,,CARD,0,0,121,200,320,2,True,2,5,False,True,1,1,1,345,170,3,345,170,3,False,False,Superb Scissors,120,False
92596095,615.6,LOSS,False,99,14,MAIN,15,RESOURCE_MANAGEMENT,ABILITY,,ABILITY,2,0,121,200,320,2,True,2,5,True,True,1,1,1,345,170,3,345,170,3,False,False,Superb Scissors,120,False
92596095,615.6,LOSS,False,100,14,TO_HAND,2,RESOURCE_MANAGEMENT,,,CARD,0,0,121,200,320,2,True,2,5,False,True,1,1,1,345,170,3,345,170,3,False,False,Superb Scissors,120,False
92596095,615.6,LOSS,False,101,14,MAIN,15,BENCH_MANAGEMENT,EVOLVE,,EVOLVE,2,0,121,200,320,2,True,2,5,True,True,1,1,1,345,170,3,345,170,3,False,False,Superb Scissors,120,False
92596095,615.6,LOSS,False,102,14,MAIN,15,ENERGY_MANAGEMENT,ATTACH_ENERGY,,ATTACH,2,0,121,200,320,2,True,2,5,True,True,1,1,0,345,170,3,345,170,3,False,False,Superb Scissors,120,False
92596095,615.6,LOSS,False,103,14,MAIN,12,RESOURCE_MANAGEMENT,PLAY_SUPPORTER,1227,PLAY,2,0,121,200,320,2,True,2,5,True,True,1,1,0,345,170,3,345,170,3,False,False,Superb Scissors,120,False
92596095,615.6,LOSS,False,104,14,MAIN,7,RESOURCE_MANAGEMENT,ABILITY,,ABILITY,2,0,121,200,320,2,True,2,5,True,True,1,1,0,345,170,3,345,170,3,False,False,Superb Scissors,120,False
92596095,615.6,LOSS,False,105,14,TO_HAND,2,RESOURCE_MANAGEMENT,,,CARD,0,0,121,200,320,2,True,2,5,False,True,1,1,0,345,170,3,345,170,3,False,False,Superb Scissors,120,False
92596095,615.6,LOSS,False,106,14,MAIN,7,ATTACK_SELECTION,ATTACK,,ATTACK,2,1,121,200,320,2,True,2,5,True,True,1,1,0,345,170,3,345,170,3,False,False,Superb Scissors,120,False
92596095,615.6,LOSS,False,107,14,DAMAGE_COUNTER_ANY,1,TARGET_SELECTION,,,CARD,0,0,121,200,320,2,True,2,5,False,True,1,1,0,345,170,3,345,170,3,False,False,Superb Scissors,120,False
92596095,615.6,LOSS,False,108,14,DAMAGE_COUNTER_ANY,1,TARGET_SELECTION,,,CARD,0,0,121,200,320,2,True,2,5,False,True,1,1,0,345,170,3,345,170,3,False,False,Superb Scissors,120,False
92596095,615.6,LOSS,False,109,14,DAMAGE_COUNTER_ANY,1,TARGET_SELECTION,,,CARD,0,0,121,200,320,2,True,2,5,False,True,1,1,0,345,170,3,345,170,3,False,False,Superb Scissors,120,False
92596095,615.6,LOSS,False,110,14,DAMAGE_COUNTER_ANY,1,TARGET_SELECTION,,,CARD,0,0,121,200,320,2,True,2,5,False,True,1,1,0,345,170,3,345,170,3,False,False,Superb Scissors,120,False
92596095,615.6,LOSS,False,111,14,DAMAGE_COUNTER_ANY,1,TARGET_SELECTION,,,CARD,0,0,121,200,320,2,True,2,5,False,True,1,1,0,345,170,3,345,170,3,False,False,Superb Scissors,120,False
92596095,615.6,LOSS,False,112,14,DAMAGE_COUNTER_ANY,1,TARGET_SELECTION,,,CARD,0,0,121,200,320,2,True,2,5,False,True,1,1,0,345,170,3,345,170,3,False,False,Superb Scissors,120,False
92596095,615.6,LOSS,False,113,14,TO_HAND,5,RESOURCE_MANAGEMENT,,,,0,0,121,200,320,2,True,2,5,False,True,1,1,0,345,170,3,345,170,3,False,False,Superb Scissors,120,False
92596095,615.6,LOSS,False,114,16,MAIN,14,RESOURCE_MANAGEMENT,PLAY_POKEMON,119,PLAY,2,0,121,80,320,2,True,2,4,True,True,1,1,0,345,170,3,345,170,3,True,False,Superb Scissors,120,False
92596095,615.6,LOSS,False,115,16,MAIN,13,TIMING,,,,2,0,121,80,320,2,True,3,4,True,True,1,1,0,345,170,3,345,170,1,True,False,Superb Scissors,120,False
92596095,615.6,LOSS,False,116,17,TO_ACTIVE,3,ACTIVE_POKEMON_SELECTION,,,CARD,0,0,,,,,False,3,4,False,True,,,0,345,170,1,345,170,1,,,,,True
92596095,615.6,LOSS,False,117,18,MAIN,14,RESOURCE_MANAGEMENT,PLAY_ITEM,1097,PLAY,0,0,120,90,90,1,False,2,4,True,True,1,1,0,345,170,1,345,170,1,True,False,Superb Scissors,120,False
92596095,615.6,LOSS,False,118,18,TO_HAND,13,RESOURCE_MANAGEMENT,,,CARD,0,0,120,90,90,1,False,2,4,False,True,1,1,0,345,170,1,345,170,1,True,False,Superb Scissors,120,False
92596095,615.6,LOSS,False,119,18,MAIN,15,BENCH_MANAGEMENT,EVOLVE,,EVOLVE,0,0,120,90,90,1,False,2,4,True,True,1,1,0,345,170,1,345,170,1,True,False,Superb Scissors,120,False
92596095,615.6,LOSS,False,120,18,MAIN,13,RESOURCE_MANAGEMENT,PLAY_ITEM,1120,PLAY,1,0,121,320,320,2,False,2,4,True,True,1,1,0,345,170,1,345,170,1,False,False,Superb Scissors,120,True
92596095,615.6,LOSS,False,121,18,DISCARD_ENERGY,7,ENERGY_MANAGEMENT,,,ENERGY,0,0,121,320,320,2,False,2,4,False,True,1,1,0,345,170,1,345,150,1,False,False,Superb Scissors,120,False
92596095,615.6,LOSS,False,122,18,MAIN,12,TIMING,,,,1,0,121,320,320,2,False,2,4,True,True,1,1,0,345,150,1,345,150,1,False,False,Superb Scissors,120,False
92596095,615.6,LOSS,False,123,20,MAIN,14,RESOURCE_MANAGEMENT,PLAY_STADIUM,1256,PLAY,1,0,121,200,320,2,True,2,4,True,True,1,1,0,345,150,1,345,150,1,False,False,Superb Scissors,120,False
92596095,615.6,LOSS,False,124,20,MAIN,13,TIMING,,,,1,0,121,200,320,2,True,2,4,True,True,1,1,0,345,150,1,345,150,1,False,False,Superb Scissors,120,False
92597037,572.3,WIN,False,0,,,0,UNKNOWN,,,,0,0,,,,,False,,,False,False,,,0,,,,,,,,,,,False
92597037,572.3,WIN,False,1,,,0,UNKNOWN,,,,0,0,,,,,False,,,False,False,,,0,,,,,,0,,,,,False
92597037,572.3,WIN,False,2,0,SETUP_ACTIVE_POKEMON,1,EARLY_GAME_SETUP,,,,0,0,,,,,False,0,0,False,False,,,0,,,0,677,80,6,,,,,False
92597037,572.3,WIN,False,3,2,MAIN,6,RESOURCE_MANAGEMENT,PLAY_POKEMON,235,PLAY,0,0,140,210,210,2,False,0,6,False,False,1,0,0,677,80,6,677,80,6,False,False,Accelerating Stab,30,False
92597037,572.3,WIN,False,4,2,MAIN,5,RESOURCE_MANAGEMENT,PLAY_ITEM,1120,PLAY,0,0,140,210,210,2,False,1,6,False,True,1,0,1,677,80,6,677,80,6,False,False,Accelerating Stab,30,False
92597037,572.3,WIN,False,5,2,DISCARD_ENERGY,1,ENERGY_MANAGEMENT,,,ENERGY,0,0,140,210,210,2,False,1,6,False,True,1,0,1,677,80,6,677,80,6,False,False,Accelerating Stab,30,False
92597037,572.3,WIN,False,6,2,MAIN,4,RESOURCE_MANAGEMENT,PLAY_SUPPORTER,1210,PLAY,0,0,140,210,210,2,False,1,6,False,True,1,0,1,677,80,6,677,80,6,False,False,,,False
92597037,572.3,WIN,False,7,2,TO_HAND,10,RESOURCE_MANAGEMENT,,,CARD,0,0,140,210,210,2,False,1,6,False,True,1,0,1,677,80,6,677,80,6,False,False,,,False
92597037,572.3,WIN,False,8,2,TO_HAND,5,RESOURCE_MANAGEMENT,,,CARD,0,0,140,210,210,2,False,1,6,False,True,1,0,1,677,80,6,677,80,6,False,False,,,False
92597037,572.3,WIN,False,9,2,MAIN,5,RESOURCE_MANAGEMENT,PLAY_POKEMON,184,PLAY,0,0,140,210,210,2,False,1,6,False,True,1,0,1,677,80,6,677,80,6,False,False,,,False
92597037,572.3,WIN,False,10,2,MAIN,5,RESOURCE_MANAGEMENT,PLAY_POKEMON,119,PLAY,0,0,140,210,210,2,False,2,6,True,True,1,0,1,677,80,6,677,80,6,False,False,,,False
92597037,572.3,WIN,False,11,2,MAIN,4,RETREAT_SELECTION,RETREAT,,RETREAT,0,0,140,210,210,2,False,3,6,True,True,1,0,1,677,80,6,677,80,6,False,False,,,False
92597037,572.3,WIN,False,12,2,SWITCH,3,ACTIVE_POKEMON_SELECTION,,,CARD,0,0,140,210,210,2,False,3,6,False,True,1,0,1,677,80,6,677,80,6,False,False,,,False
92597037,572.3,WIN,False,13,2,MAIN,4,TIMING,,,,1,0,235,30,30,1,False,3,6,False,True,0,0,0,677,80,6,678,330,5,False,True,,,True
92597037,572.3,WIN,False,14,3,TO_ACTIVE,3,ACTIVE_POKEMON_SELECTION,,,CARD,0,0,,,,,False,3,6,False,True,,,0,678,330,5,678,330,5,,,,,True
92597037,572.3,WIN,False,15,4,MAIN,8,RESOURCE_MANAGEMENT,ABILITY,,ABILITY,0,0,119,70,70,1,False,2,6,True,True,1,0,0,678,330,5,678,330,5,True,False,Aura Jab,130,False
92597037,572.3,WIN,False,16,4,MAIN,10,RESOURCE_MANAGEMENT,PLAY_ITEM,1121,PLAY,0,0,119,70,70,1,False,2,6,True,True,1,0,0,678,330,5,678,330,5,True,False,Aura Jab,130,False
92597037,572.3,WIN,False,17,4,DISCARD,7,RESOURCE_MANAGEMENT,,,CARD;CARD,0,0,119,70,70,1,False,2,6,False,True,1,0,0,678,330,5,678,330,5,True,False,Aura Jab,130,False
92597037,572.3,WIN,False,18,4,TO_HAND,8,RESOURCE_MANAGEMENT,,,CARD,0,0,119,70,70,1,False,2,6,False,True,1,0,0,678,330,5,678,330,5,True,False,Aura Jab,130,False
92597037,572.3,WIN,False,19,4,MAIN,8,RESOURCE_MANAGEMENT,PLAY_POKEMON,235,PLAY,0,0,119,70,70,1,False,2,6,True,True,1,0,0,678,330,5,678,330,5,True,False,Aura Jab,130,False
92597037,572.3,WIN,False,20,4,MAIN,7,RESOURCE_MANAGEMENT,PLAY_ITEM,1120,PLAY,0,0,119,70,70,1,False,3,6,True,True,1,0,1,678,330,5,678,330,5,True,False,Aura Jab,130,False
92597037,572.3,WIN,False,21,4,MAIN,6,BENCH_MANAGEMENT,EVOLVE,,EVOLVE,0,0,119,70,70,1,False,3,6,True,True,1,0,1,678,330,5,678,330,5,True,False,Aura Jab,130,False
92597037,572.3,WIN,False,22,4,MAIN,5,RESOURCE_MANAGEMENT,ABILITY,,ABILITY,0,0,120,90,90,1,False,3,6,False,True,1,0,1,678,330,5,678,330,5,True,False,Aura Jab,130,True
92597037,572.3,WIN,False,23,4,TO_HAND,2,RESOURCE_MANAGEMENT,,,CARD,0,0,120,90,90,1,False,3,6,False,True,1,0,1,678,330,5,678,330,5,True,False,Aura Jab,130,False
92597037,572.3,WIN,False,24,4,MAIN,5,RESOURCE_MANAGEMENT,PLAY_ITEM,1120,PLAY,0,0,120,90,90,1,False,3,6,False,True,1,0,1,678,330,5,678,330,5,True,False,Aura Jab,130,False
92597037,572.3,WIN,False,25,4,MAIN,4,RESOURCE_MANAGEMENT,PLAY_SUPPORTER,1227,PLAY,0,0,120,90,90,1,False,3,6,False,True,1,0,1,678,330,5,678,330,5,True,False,Aura Jab,130,False
92597037,572.3,WIN,False,26,4,MAIN,13,RESOURCE_MANAGEMENT,PLAY_ITEM,1086,PLAY,0,0,120,90,90,1,False,3,6,False,True,1,0,1,678,330,5,678,330,5,True,False,Aura Jab,130,False
92597037,572.3,WIN,False,27,4,TO_BENCH,2,BENCH_MANAGEMENT,,,CARD;CARD,0,0,120,90,90,1,False,3,6,False,True,1,0,1,678,330,5,678,330,5,True,False,Aura Jab,130,False
92597037,572.3,WIN,False,28,4,MAIN,16,ENERGY_MANAGEMENT,ATTACH_ENERGY,,ATTACH,0,0,120,90,90,1,False,5,6,False,True,1,0,1,678,330,5,678,330,5,True,False,Aura Jab,130,False
92597037,572.3,WIN,False,29,4,MAIN,4,TIMING,,,,0,0,120,90,90,1,False,5,6,False,True,1,0,1,678,330,5,678,330,4,True,False,Aura Jab,130,False
92597037,572.3,WIN,False,30,5,TO_ACTIVE,5,ACTIVE_POKEMON_SELECTION,,,CARD,0,0,,,,,False,5,6,False,True,,,1,678,330,4,678,330,4,,,,,True
92597037,572.3,WIN,False,31,6,MAIN,14,RESOURCE_MANAGEMENT,PLAY_ITEM,1097,PLAY,1,0,235,30,30,1,False,4,6,True,True,0,0,0,678,330,4,678,330,4,True,False,Mega Brave,270,False
92597037,572.3,WIN,False,32,6,TO_HAND,4,RESOURCE_MANAGEMENT,,,CARD,0,0,235,30,30,1,False,4,6,False,True,0,0,0,678,330,4,678,330,4,True,False,Mega Brave,270,False
92597037,572.3,WIN,False,33,6,MAIN,15,RESOURCE_MANAGEMENT,ABILITY,,ABILITY,1,0,235,30,30,1,False,4,6,True,True,0,0,0,678,330,4,678,330,4,True,False,Mega Brave,270,False
92597037,572.3,WIN,False,34,6,MAIN,20,RESOURCE_MANAGEMENT,PLAY_ITEM,1121,PLAY,1,0,235,30,30,1,False,4,6,True,True,0,0,0,678,330,4,678,330,4,True,False,Mega Brave,270,False
92597037,572.3,WIN,False,35,6,DISCARD,9,RESOURCE_MANAGEMENT,,,CARD;CARD,0,0,235,30,30,1,False,4,6,False,True,0,0,0,678,330,4,678,330,4,True,False,Mega Brave,270,False
92597037,572.3,WIN,False,36,6,TO_HAND,3,RESOURCE_MANAGEMENT,,,CARD,0,0,235,30,30,1,False,4,6,False,True,0,0,0,678,330,4,678,330,4,True,False,Mega Brave,270,False
92597037,572.3,WIN,False,37,6,MAIN,20,BENCH_MANAGEMENT,EVOLVE,,EVOLVE,1,0,235,30,30,1,False,4,6,True,True,0,0,0,678,330,4,678,330,4,True,False,Mega Brave,270,False
92597037,572.3,WIN,False,38,6,MAIN,18,RESOURCE_MANAGEMENT,ABILITY,,ABILITY,1,0,235,30,30,1,False,4,6,True,True,0,0,0,678,330,4,678,330,4,True,False,Mega Brave,270,False
92597037,572.3,WIN,False,39,6,TO_HAND,2,RESOURCE_MANAGEMENT,,,CARD,0,0,235,30,30,1,False,4,6,False,True,0,0,0,678,330,4,678,330,4,True,False,Mega Brave,270,False
92597037,572.3,WIN,False,40,6,MAIN,17,BENCH_MANAGEMENT,EVOLVE,,EVOLVE,1,0,235,30,30,1,False,4,6,True,True,0,0,0,678,330,4,678,330,4,True,False,Mega Brave,270,False
92597037,572.3,WIN,False,41,6,MAIN,17,RESOURCE_MANAGEMENT,ABILITY,,ABILITY,1,0,235,30,30,1,False,4,6,True,True,0,0,0,678,330,4,678,330,4,True,False,Mega Brave,270,False
92597037,572.3,WIN,False,42,6,TO_HAND,2,RESOURCE_MANAGEMENT,,,CARD,0,0,235,30,30,1,False,4,6,False,True,0,0,0,678,330,4,678,330,4,True,False,Mega Brave,270,False
92597037,572.3,WIN,False,43,6,MAIN,21,ENERGY_MANAGEMENT,ATTACH_ENERGY,,ATTACH,1,0,235,30,30,1,False,4,6,True,True,0,0,0,678,330,4,678,330,4,True,False,Mega Brave,270,False
92597037,572.3,WIN,False,44,6,MAIN,6,RESOURCE_MANAGEMENT,PLAY_SUPPORTER,1227,PLAY,1,0,235,30,30,1,False,4,6,True,True,0,0,0,678,330,4,678,330,4,True,False,Mega Brave,270,False
92597037,572.3,WIN,False,45,6,MAIN,5,TIMING,,,,1,0,235,30,30,1,False,4,6,True,True,0,0,0,678,330,4,678,320,3,True,False,Mega Brave,270,False
92597037,572.3,WIN,False,46,7,TO_ACTIVE,4,ACTIVE_POKEMON_SELECTION,,,CARD,0,0,,,,,False,4,6,False,True,,,0,678,320,3,678,320,3,,,,,True
92597037,572.3,WIN,False,47,8,MAIN,15,BENCH_MANAGEMENT,EVOLVE,,EVOLVE,0,0,120,90,90,1,False,3,6,True,True,1,1,0,678,320,3,678,320,3,True,False,Mega Brave,270,False
92597037,572.3,WIN,False,48,8,MAIN,13,RESOURCE_MANAGEMENT,ABILITY,,ABILITY,1,0,121,320,320,2,False,3,6,True,True,1,1,0,678,320,3,678,320,3,False,False,Mega Brave,270,True
92597037,572.3,WIN,False,49,8,MAIN,18,BENCH_MANAGEMENT,EVOLVE,,EVOLVE,1,0,121,320,320,2,False,3,6,True,True,1,1,0,678,320,3,678,320,3,False,False,Mega Brave,270,False
92597037,572.3,WIN,False,50,8,MAIN,16,RESOURCE_MANAGEMENT,PLAY_SUPPORTER,1210,PLAY,1,0,121,320,320,2,False,3,6,True,True,1,1,1,678,320,3,678,320,3,False,False,Mega Brave,270,False
92597037,572.3,WIN,False,51,8,TO_HAND,1,RESOURCE_MANAGEMENT,,,CARD,0,0,121,320,320,2,False,3,6,False,True,1,1,1,678,320,3,678,320,3,False,False,Mega Brave,270,False
92597037,572.3,WIN,False,52,8,MAIN,16,ENERGY_MANAGEMENT,ATTACH_ENERGY,,ATTACH,1,0,121,320,320,2,False,3,6,True,True,1,1,1,678,320,3,678,320,3,False,False,Mega Brave,270,False
92597037,572.3,WIN,False,53,8,MAIN,9,RESOURCE_MANAGEMENT,PLAY_ITEM,1080,PLAY,2,0,121,320,320,2,False,3,6,True,True,1,1,1,678,320,3,678,320,3,False,False,Mega Brave,270,False
92597037,572.3,WIN,False,54,8,MAIN,5,TIMING,,,,2,0,121,320,320,2,False,3,6,True,True,1,1,1,678,320,3,678,120,3,False,False,Mega Brave,270,False
92597037,572.3,WIN,False,55,10,MAIN,15,ENERGY_MANAGEMENT,ATTACH_ENERGY,,ATTACH,2,0,121,50,320,2,True,3,6,True,True,1,1,1,678,120,3,678,120,3,True,False,Mega Brave,270,False
92597037,572.3,WIN,False,56,10,MAIN,7,RESOURCE_MANAGEMENT,PLAY_SUPPORTER,1227,PLAY,2,0,121,50,320,2,True,3,6,True,True,1,1,1,678,120,3,678,120,3,True,False,Mega Brave,270,False
92597037,572.3,WIN,False,57,10,MAIN,10,RESOURCE_MANAGEMENT,PLAY_ITEM,1097,PLAY,2,0,121,50,320,2,True,3,6,True,True,1,1,1,678,120,3,678,120,3,True,False,Mega Brave,270,False
92597037,572.3,WIN,False,58,10,TO_HAND,5,RESOURCE_MANAGEMENT,,,CARD,0,0,121,50,320,2,True,3,6,False,True,1,1,1,678,120,3,678,120,3,True,False,Mega Brave,270,False
92597037,572.3,WIN,False,59,10,MAIN,10,RESOURCE_MANAGEMENT,PLAY_POKEMON,119,PLAY,2,0,121,50,320,2,True,3,6,True,True,1,1,1,678,120,3,678,120,3,True,False,Mega Brave,270,False
92597037,572.3,WIN,False,60,10,MAIN,9,ATTACK_SELECTION,ATTACK,,ATTACK,2,1,121,50,320,2,True,4,6,True,True,1,1,1,678,120,3,678,0,3,True,False,Mega Brave,270,False
92597037,572.3,WIN,False,61,10,DAMAGE_COUNTER_ANY,1,TARGET_SELECTION,,,CARD,0,0,121,50,320,2,True,4,6,False,True,1,1,1,678,0,3,678,0,3,True,False,Mega Brave,270,False
92597037,572.3,WIN,False,62,10,DAMAGE_COUNTER_ANY,1,TARGET_SELECTION,,,CARD,0,0,121,50,320,2,True,4,6,False,True,1,1,1,678,0,3,678,0,3,True,False,Mega Brave,270,False
92597037,572.3,WIN,False,63,10,DAMAGE_COUNTER_ANY,1,TARGET_SELECTION,,,CARD,0,0,121,50,320,2,True,4,6,False,True,1,1,1,678,0,3,678,0,3,True,False,Mega Brave,270,False
92597037,572.3,WIN,False,64,10,DAMAGE_COUNTER_ANY,1,TARGET_SELECTION,,,CARD,0,0,121,50,320,2,True,4,6,False,True,1,1,1,678,0,3,678,0,3,True,False,Mega Brave,270,False
92597037,572.3,WIN,False,65,10,DAMAGE_COUNTER_ANY,1,TARGET_SELECTION,,,CARD,0,0,121,50,320,2,True,4,6,False,True,1,1,1,678,0,3,678,0,3,True,False,Mega Brave,270,False
92597037,572.3,WIN,False,66,10,DAMAGE_COUNTER_ANY,1,TARGET_SELECTION,,,CARD,0,0,121,50,320,2,True,4,6,False,True,1,1,1,678,0,3,,,3,True,False,Mega Brave,270,False
92597037,572.3,WIN,False,67,10,TO_HAND,6,RESOURCE_MANAGEMENT,,,,0,0,121,50,320,2,True,4,6,False,True,1,1,1,,,3,677,80,3,,,,,False
92597037,572.3,WIN,False,68,12,MAIN,19,RESOURCE_MANAGEMENT,PLAY_POKEMON,119,PLAY,2,0,121,50,320,2,True,4,3,True,True,1,1,1,677,80,3,677,80,3,False,False,Accelerating Stab,30,False
92597037,572.3,WIN,False,69,12,MAIN,18,RESOURCE_MANAGEMENT,PLAY_ITEM,1121,PLAY,2,0,121,50,320,2,True,5,3,True,True,1,1,1,677,80,3,677,80,3,False,False,Accelerating Stab,30,False
92597037,572.3,WIN,False,70,12,DISCARD,9,RESOURCE_MANAGEMENT,,,CARD;CARD,0,0,121,50,320,2,True,5,3,False,True,1,1,1,677,80,3,677,80,3,False,False,Accelerating Stab,30,False
92597037,572.3,WIN,False,71,12,TO_HAND,1,RESOURCE_MANAGEMENT,,,CARD,0,0,121,50,320,2,True,5,3,False,True,1,1,1,677,80,3,677,80,3,False,False,Accelerating Stab,30,False
92597037,572.3,WIN,False,72,12,MAIN,10,RESOURCE_MANAGEMENT,PLAY_SUPPORTER,1198,PLAY,2,0,121,50,320,2,True,5,3,True,True,1,1,1,677,80,3,677,80,3,False,False,Accelerating Stab,30,False
92597037,572.3,WIN,False,73,12,TO_HAND,3,RESOURCE_MANAGEMENT,,,CARD,0,0,121,50,320,2,True,5,3,False,True,1,1,1,677,80,3,677,80,3,False,False,Accelerating Stab,30,False
92597037,572.3,WIN,False,74,12,ATTACH_TO,2,ENERGY_MANAGEMENT,,,CARD,0,0,121,50,320,2,True,5,3,False,True,1,1,1,677,80,3,677,80,3,False,False,Accelerating Stab,30,False
92597037,572.3,WIN,False,75,12,ATTACH_FROM,6,ENERGY_MANAGEMENT,,,CARD,0,0,121,50,320,2,True,5,3,False,True,1,1,1,677,80,3,677,80,3,False,False,Accelerating Stab,30,False
92597037,572.3,WIN,False,76,12,MAIN,14,BENCH_MANAGEMENT,EVOLVE,,EVOLVE,2,0,121,50,320,2,True,5,3,True,True,1,1,1,677,80,3,677,80,3,False,False,Accelerating Stab,30,False
92597037,572.3,WIN,False,77,12,MAIN,14,RESOURCE_MANAGEMENT,ABILITY,,ABILITY,2,0,121,50,320,2,True,5,3,True,True,1,1,1,677,80,3,677,80,3,False,False,Accelerating Stab,30,False
92597037,572.3,WIN,False,78,12,TO_HAND,2,RESOURCE_MANAGEMENT,,,CARD,0,0,121,50,320,2,True,5,3,False,True,1,1,1,677,80,3,677,80,3,False,False,Accelerating Stab,30,False
92597037,572.3,WIN,False,79,12,MAIN,13,ENERGY_MANAGEMENT,ATTACH_ENERGY,,ATTACH,2,0,121,50,320,2,True,5,3,True,True,1,1,1,677,80,3,677,80,3,False,False,Accelerating Stab,30,False
92597037,572.3,WIN,False,80,12,MAIN,7,ATTACK_SELECTION,ATTACK,,ATTACK,2,1,121,50,320,2,True,5,3,True,True,1,1,2,677,80,3,677,0,3,False,False,Accelerating Stab,30,False
92597037,572.3,WIN,False,81,12,DAMAGE_COUNTER_ANY,1,TARGET_SELECTION,,,CARD,0,0,121,50,320,2,True,5,3,False,True,1,1,2,677,0,3,677,0,3,False,False,Accelerating Stab,30,False
92597037,572.3,WIN,False,82,12,DAMAGE_COUNTER_ANY,1,TARGET_SELECTION,,,CARD,0,0,121,50,320,2,True,5,3,False,True,1,1,2,677,0,3,677,0,3,False,False,Accelerating Stab,30,False
92597037,572.3,WIN,False,83,12,DAMAGE_COUNTER_ANY,1,TARGET_SELECTION,,,CARD,0,0,121,50,320,2,True,5,3,False,True,1,1,2,677,0,3,677,0,3,False,False,Accelerating Stab,30,False
92597037,572.3,WIN,False,84,12,DAMAGE_COUNTER_ANY,1,TARGET_SELECTION,,,CARD,0,0,121,50,320,2,True,5,3,False,True,1,1,2,677,0,3,677,0,3,False,False,Accelerating Stab,30,False
92597037,572.3,WIN,False,85,12,DAMAGE_COUNTER_ANY,1,TARGET_SELECTION,,,CARD,0,0,121,50,320,2,True,5,3,False,True,1,1,2,677,0,3,677,0,3,False,False,Accelerating Stab,30,False
92597037,572.3,WIN,False,86,12,DAMAGE_COUNTER_ANY,1,TARGET_SELECTION,,,CARD,0,0,121,50,320,2,True,5,3,False,True,1,1,2,677,0,3,,,3,False,False,Accelerating Stab,30,False
92597037,572.3,WIN,False,87,12,TO_HAND,3,RESOURCE_MANAGEMENT,,,,0,0,121,50,320,2,True,5,3,False,True,1,1,2,,,3,117,150,3,,,,,False
92597037,572.3,WIN,False,88,14,MAIN,10,ATTACK_SELECTION,ATTACK,,ATTACK,2,1,121,50,320,2,True,5,2,True,True,1,1,2,117,150,3,,,3,False,False,,,False
92597971,831.4,LOSS,False,0,,,0,UNKNOWN,,,,0,0,,,,,False,,,False,False,,,0,,,,,,,,,,,False
92597971,831.4,LOSS,False,1,,,0,UNKNOWN,,,,0,0,,,,,False,,,False,False,,,0,,,,,,0,,,,,False
92597971,831.4,LOSS,False,2,0,SETUP_ACTIVE_POKEMON,2,EARLY_GAME_SETUP,,,CARD,0,0,,,,,False,0,0,False,False,,,0,,,0,,,6,,,,,False
92597971,831.4,LOSS,False,3,0,SETUP_BENCH_POKEMON,1,BENCH_MANAGEMENT,,,,0,0,,,,,False,0,6,False,False,,,0,,,6,646,70,6,,,,,False
92597971,831.4,LOSS,False,4,2,MAIN,9,RESOURCE_MANAGEMENT,PLAY_POKEMON,184,PLAY,1,0,235,30,30,1,False,0,6,False,False,0,0,0,646,70,6,646,70,6,False,False,Corkscrew Punch,10,False
92597971,831.4,LOSS,False,5,2,MAIN,10,RESOURCE_MANAGEMENT,PLAY_ITEM,1152,PLAY,1,0,235,30,30,1,False,1,6,True,True,0,0,0,646,70,6,646,70,6,False,False,Corkscrew Punch,10,False
92597971,831.4,LOSS,False,6,2,TO_HAND,8,RESOURCE_MANAGEMENT,,,CARD,0,0,235,30,30,1,False,1,6,False,True,0,0,0,646,70,6,646,70,6,False,False,Corkscrew Punch,10,False
92597971,831.4,LOSS,False,7,2,MAIN,10,RESOURCE_MANAGEMENT,PLAY_POKEMON,119,PLAY,1,0,235,30,30,1,False,1,6,True,True,0,0,0,646,70,6,646,70,6,False,False,Corkscrew Punch,10,False
92597971,831.4,LOSS,False,8,2,MAIN,10,RESOURCE_MANAGEMENT,ABILITY,,ABILITY,1,0,235,30,30,1,False,2,6,True,True,0,0,0,646,70,6,646,70,6,False,False,Corkscrew Punch,10,False
92597971,831.4,LOSS,False,9,2,MAIN,9,RESOURCE_MANAGEMENT,PLAY_SUPPORTER,1210,PLAY,1,0,235,30,30,1,False,2,6,True,True,0,0,0,646,70,6,646,70,6,False,False,Corkscrew Punch,10,False
92597971,831.4,LOSS,False,10,2,TO_HAND,11,RESOURCE_MANAGEMENT,,,CARD,0,0,235,30,30,1,False,2,6,False,True,0,0,0,646,70,6,646,70,6,False,False,Corkscrew Punch,10,False
92597971,831.4,LOSS,False,11,2,TO_HAND,4,RESOURCE_MANAGEMENT,,,CARD,0,0,235,30,30,1,False,2,6,False,True,0,0,0,646,70,6,646,70,6,False,False,Corkscrew Punch,10,False
92597971,831.4,LOSS,False,12,2,MAIN,9,RESOURCE_MANAGEMENT,PLAY_POKEMON,119,PLAY,1,0,235,30,30,1,False,2,6,True,True,0,0,0,646,70,6,646,70,6,False,False,Corkscrew Punch,10,False
92597971,831.4,LOSS,False,13,2,MAIN,9,RESOURCE_MANAGEMENT,PLAY_POKEMON,119,PLAY,1,0,235,30,30,1,False,3,6,True,True,0,0,0,646,70,6,646,70,6,False,False,Corkscrew Punch,10,False
92597971,831.4,LOSS,False,14,2,MAIN,9,ENERGY_MANAGEMENT,ATTACH_ENERGY,,ATTACH,1,0,235,30,30,1,False,4,6,True,True,0,0,0,646,70,6,646,70,6,False,False,Corkscrew Punch,10,False
92597971,831.4,LOSS,False,15,2,MAIN,4,TIMING,,,,1,0,235,30,30,1,False,4,6,True,True,0,0,1,646,70,6,646,50,6,False,False,Corkscrew Punch,10,False
92597971,831.4,LOSS,False,16,4,MAIN,14,RESOURCE_MANAGEMENT,ABILITY,,ABILITY,1,0,235,30,30,1,False,4,6,True,True,0,0,1,646,50,6,646,50,6,False,False,Corkscrew Punch,10,False
92597971,831.4,LOSS,False,17,4,MAIN,13,RESOURCE_MANAGEMENT,PLAY_SUPPORTER,1198,PLAY,1,0,235,30,30,1,False,4,6,True,True,0,0,1,646,50,6,646,50,6,False,False,Corkscrew Punch,10,False
92597971,831.4,LOSS,False,18,4,TO_HAND,6,RESOURCE_MANAGEMENT,,,CARD,0,0,235,30,30,1,False,4,6,False,True,0,0,1,646,50,6,646,50,6,False,False,Corkscrew Punch,10,False
92597971,831.4,LOSS,False,19,4,ATTACH_TO,3,ENERGY_MANAGEMENT,,,CARD,0,0,235,30,30,1,False,4,6,False,True,0,0,1,646,50,6,646,50,6,False,False,Corkscrew Punch,10,False
92597971,831.4,LOSS,False,20,4,ATTACH_FROM,5,ENERGY_MANAGEMENT,,,CARD,0,0,235,30,30,1,False,4,6,False,True,0,0,1,646,50,6,646,50,6,False,False,Corkscrew Punch,10,False
92597971,831.4,LOSS,False,21,4,MAIN,17,BENCH_MANAGEMENT,EVOLVE,,EVOLVE,1,0,235,30,30,1,False,4,6,True,True,0,0,1,646,50,6,646,50,6,False,False,Corkscrew Punch,10,False
92597971,831.4,LOSS,False,22,4,MAIN,15,RESOURCE_MANAGEMENT,ABILITY,,ABILITY,1,0,235,30,30,1,False,4,6,True,True,0,0,0,646,50,6,646,50,6,False,False,Corkscrew Punch,10,False
92597971,831.4,LOSS,False,23,4,TO_HAND,2,RESOURCE_MANAGEMENT,,,CARD,0,0,235,30,30,1,False,4,6,False,True,0,0,0,646,50,6,646,50,6,False,False,Corkscrew Punch,10,False
92597971,831.4,LOSS,False,24,4,MAIN,14,ENERGY_MANAGEMENT,ATTACH_ENERGY,,ATTACH,1,0,235,30,30,1,False,4,6,True,True,0,0,0,646,50,6,646,50,6,False,False,Corkscrew Punch,10,False
92597971,831.4,LOSS,False,25,4,MAIN,4,TIMING,,,,1,0,235,30,30,1,False,4,6,True,True,0,0,0,646,50,6,646,30,6,False,False,Corkscrew Punch,10,False
92597971,831.4,LOSS,False,26,6,MAIN,13,BENCH_MANAGEMENT,EVOLVE,,EVOLVE,1,0,235,30,30,1,False,4,6,True,True,0,0,0,646,30,6,646,30,6,False,False,Corkscrew Punch,10,False
92597971,831.4,LOSS,False,27,6,MAIN,11,RESOURCE_MANAGEMENT,PLAY_ITEM,1086,PLAY,1,0,235,30,30,1,False,4,6,True,True,0,0,1,646,30,6,646,30,6,False,False,Corkscrew Punch,10,False
92597971,831.4,LOSS,False,28,6,TO_BENCH,2,BENCH_MANAGEMENT,,,CARD,0,0,235,30,30,1,False,4,6,False,True,0,0,1,646,30,6,646,30,6,False,False,Corkscrew Punch,10,False
92597971,831.4,LOSS,False,29,6,MAIN,10,RESOURCE_MANAGEMENT,ABILITY,,ABILITY,1,0,235,30,30,1,False,5,6,True,True,0,0,1,646,30,6,646,30,6,False,False,Corkscrew Punch,10,False
92597971,831.4,LOSS,False,30,6,MAIN,9,ENERGY_MANAGEMENT,ATTACH_ENERGY,,ATTACH,1,0,235,30,30,1,False,5,6,True,True,0,0,1,646,30,6,646,30,6,False,False,Corkscrew Punch,10,False
92597971,831.4,LOSS,False,31,6,MAIN,3,TIMING,,,,1,0,235,30,30,1,False,5,6,True,True,0,0,2,646,30,6,646,10,6,False,False,Corkscrew Punch,10,False
92597971,831.4,LOSS,False,32,8,MAIN,5,RESOURCE_MANAGEMENT,ABILITY,,ABILITY,1,0,235,30,30,1,False,5,6,True,True,0,0,2,646,10,6,646,10,6,False,False,Corkscrew Punch,10,False
92597971,831.4,LOSS,False,33,8,MAIN,4,ATTACK_SELECTION,ATTACK,,ATTACK,1,1,235,30,30,1,False,5,6,True,True,0,0,2,646,10,6,,,6,False,False,Corkscrew Punch,10,False
92597971,831.4,LOSS,False,34,8,TO_HAND,6,RESOURCE_MANAGEMENT,,,,0,0,235,30,30,1,False,5,6,False,True,0,0,2,,,6,648,320,5,,,,,False
92597971,831.4,LOSS,False,35,9,TO_ACTIVE,5,ACTIVE_POKEMON_SELECTION,,,CARD,0,0,,,,,False,5,5,False,True,,,2,648,320,5,648,320,5,,,,,True
92597971,831.4,LOSS,False,36,10,MAIN,8,RESOURCE_MANAGEMENT,PLAY_STADIUM,1256,PLAY,1,0,121,320,320,2,False,4,5,True,True,1,1,1,648,320,5,648,320,5,False,False,Shadow Bullet,180,False
92597971,831.4,LOSS,False,37,10,MAIN,6,RESOURCE_MANAGEMENT,PLAY_SUPPORTER,1198,PLAY,1,0,121,320,320,2,False,4,5,True,True,1,1,1,648,320,5,648,320,5,False,False,Shadow Bullet,180,False
92597971,831.4,LOSS,False,38,10,TO_HAND,4,RESOURCE_MANAGEMENT,,,CARD,0,0,121,320,320,2,False,4,5,False,True,1,1,1,648,320,5,648,320,5,False,False,Shadow Bullet,180,False
92597971,831.4,LOSS,False,39,10,ATTACH_TO,2,ENERGY_MANAGEMENT,,,CARD,0,0,121,320,320,2,False,4,5,False,True,1,1,1,648,320,5,648,320,5,False,False,Shadow Bullet,180,False
92597971,831.4,LOSS,False,40,10,ATTACH_FROM,5,ENERGY_MANAGEMENT,,,CARD,0,0,121,320,320,2,False,4,5,False,True,1,1,1,648,320,5,648,320,5,False,False,Shadow Bullet,180,False
92597971,831.4,LOSS,False,41,10,MAIN,10,ENERGY_MANAGEMENT,ATTACH_ENERGY,,ATTACH,2,0,121,320,320,2,False,4,5,True,True,1,1,1,648,320,5,648,320,5,False,False,Shadow Bullet,180,False
92597971,831.4,LOSS,False,42,10,MAIN,4,ATTACK_SELECTION,ATTACK,,ATTACK,2,1,121,320,320,2,False,4,5,True,True,1,1,2,648,320,5,648,120,5,False,False,Shadow Bullet,180,False
92597971,831.4,LOSS,False,43,10,DAMAGE_COUNTER_ANY,5,TARGET_SELECTION,,,CARD,0,0,121,320,320,2,False,4,5,False,True,1,1,2,648,120,5,648,120,5,False,False,Shadow Bullet,180,False
92597971,831.4,LOSS,False,44,10,DAMAGE_COUNTER_ANY,5,TARGET_SELECTION,,,CARD,0,0,121,320,320,2,False,4,5,False,True,1,1,2,648,120,5,648,120,5,False,False,Shadow Bullet,180,False
92597971,831.4,LOSS,False,45,10,DAMAGE_COUNTER_ANY,5,TARGET_SELECTION,,,CARD,0,0,121,320,320,2,False,4,5,False,True,1,1,2,648,120,5,648,120,5,False,False,Shadow Bullet,180,False
92597971,831.4,LOSS,False,46,10,DAMAGE_COUNTER_ANY,5,TARGET_SELECTION,,,CARD,0,0,121,320,320,2,False,4,5,False,True,1,1,2,648,120,5,648,120,5,False,False,Shadow Bullet,180,False
92597971,831.4,LOSS,False,47,10,DAMAGE_COUNTER_ANY,5,TARGET_SELECTION,,,CARD,0,0,121,320,320,2,False,4,5,False,True,1,1,2,648,120,5,648,120,5,False,False,Shadow Bullet,180,False
92597971,831.4,LOSS,False,48,10,DAMAGE_COUNTER_ANY,5,TARGET_SELECTION,,,,0,0,121,320,320,2,False,4,5,False,True,1,1,2,648,120,5,648,120,4,False,False,Shadow Bullet,180,False
92597971,831.4,LOSS,False,49,12,MAIN,8,RESOURCE_MANAGEMENT,PLAY_ITEM,1120,PLAY,2,0,121,140,320,2,True,3,5,True,True,1,1,1,648,120,4,648,120,4,True,False,Shadow Bullet,180,False
92597971,831.4,LOSS,False,50,12,DISCARD_ENERGY,5,ENERGY_MANAGEMENT,,,ENERGY,0,0,121,140,320,2,True,3,5,False,True,1,1,1,648,120,4,648,120,4,True,False,Shadow Bullet,180,False
92597971,831.4,LOSS,False,51,12,MAIN,6,RESOURCE_MANAGEMENT,ABILITY,,ABILITY,2,0,121,140,320,2,True,3,5,True,True,1,1,1,648,120,4,648,120,4,True,False,Shadow Bullet,180,False
92597971,831.4,LOSS,False,52,12,MAIN,5,ATTACK_SELECTION,ATTACK,,ATTACK,2,1,121,140,320,2,True,3,5,True,True,1,1,1,648,120,4,648,0,4,True,False,Shadow Bullet,180,False
92597971,831.4,LOSS,False,53,12,DAMAGE_COUNTER_ANY,5,TARGET_SELECTION,,,CARD,0,0,121,140,320,2,True,3,5,False,True,1,1,1,648,0,4,648,0,4,True,False,Shadow Bullet,180,False
92597971,831.4,LOSS,False,54,12,DAMAGE_COUNTER_ANY,5,TARGET_SELECTION,,,CARD,0,0,121,140,320,2,True,3,5,False,True,1,1,1,648,0,4,648,0,4,True,False,Shadow Bullet,180,False
92597971,831.4,LOSS,False,55,12,DAMAGE_COUNTER_ANY,5,TARGET_SELECTION,,,CARD,0,0,121,140,320,2,True,3,5,False,True,1,1,1,648,0,4,648,0,4,True,False,Shadow Bullet,180,False
92597971,831.4,LOSS,False,56,12,DAMAGE_COUNTER_ANY,5,TARGET_SELECTION,,,CARD,0,0,121,140,320,2,True,3,5,False,True,1,1,1,648,0,4,648,0,4,True,False,Shadow Bullet,180,False
92597971,831.4,LOSS,False,57,12,DAMAGE_COUNTER_ANY,5,TARGET_SELECTION,,,CARD,0,0,121,140,320,2,True,3,5,False,True,1,1,1,648,0,4,648,0,4,True,False,Shadow Bullet,180,False
92597971,831.4,LOSS,False,58,12,DAMAGE_COUNTER_ANY,5,TARGET_SELECTION,,,CARD,0,0,121,140,320,2,True,3,5,False,True,1,1,1,648,0,4,,,4,True,False,Shadow Bullet,180,False
92597971,831.4,LOSS,False,59,12,TO_HAND,5,RESOURCE_MANAGEMENT,,,,0,0,121,140,320,2,True,3,5,False,True,1,1,1,,,4,648,320,2,,,,,False
92597971,831.4,LOSS,False,60,13,TO_ACTIVE,3,ACTIVE_POKEMON_SELECTION,,,CARD,0,0,,,,,False,3,3,False,True,,,1,648,320,2,648,320,2,,,,,True
92597971,831.4,LOSS,False,61,14,MAIN,10,ENERGY_MANAGEMENT,ATTACH_ENERGY,,ATTACH,1,0,119,70,70,1,False,2,3,True,True,1,1,0,648,320,2,648,320,2,True,False,Shadow Bullet,180,False
92597971,831.4,LOSS,False,62,14,MAIN,7,RESOURCE_MANAGEMENT,PLAY_ITEM,1152,PLAY,1,0,119,70,70,1,False,2,3,True,True,1,1,0,648,320,2,648,320,2,True,False,Shadow Bullet,180,False
92597971,831.4,LOSS,False,63,14,TO_HAND,3,RESOURCE_MANAGEMENT,,,CARD,0,0,119,70,70,1,False,2,3,False,True,1,1,0,648,320,2,648,320,2,True,False,Shadow Bullet,180,False
92597971,831.4,LOSS,False,64,14,MAIN,7,RESOURCE_MANAGEMENT,PLAY_POKEMON,235,PLAY,1,0,119,70,70,1,False,2,3,True,True,1,1,0,648,320,2,648,320,2,True,False,Shadow Bullet,180,False
92597971,831.4,LOSS,False,65,14,MAIN,6,RESOURCE_MANAGEMENT,ABILITY,,ABILITY,1,0,119,70,70,1,False,3,3,True,True,1,1,1,648,320,2,648,320,2,True,False,Shadow Bullet,180,False
92597971,831.4,LOSS,False,66,14,MAIN,5,BENCH_MANAGEMENT,EVOLVE,,EVOLVE,1,0,119,70,70,1,False,3,3,True,True,1,1,1,648,320,2,648,320,2,True,False,Shadow Bullet,180,False
92597971,831.4,LOSS,False,67,14,MAIN,3,RESOURCE_MANAGEMENT,ABILITY,,ABILITY,0,0,120,90,90,1,False,3,3,True,True,1,1,1,648,320,2,648,320,2,True,False,Shadow Bullet,180,True
92597971,831.4,LOSS,False,68,14,TO_HAND,2,RESOURCE_MANAGEMENT,,,CARD,0,0,120,90,90,1,False,3,3,False,True,1,1,1,648,320,2,648,320,2,True,False,Shadow Bullet,180,False
92597971,831.4,LOSS,False,69,14,MAIN,3,RETREAT_SELECTION,RETREAT,,RETREAT,0,0,120,90,90,1,False,3,3,True,True,1,1,1,648,320,2,648,320,2,True,False,Shadow Bullet,180,False
92597971,831.4,LOSS,False,70,14,DISCARD_ENERGY,1,ENERGY_MANAGEMENT,,,ENERGY,0,0,120,90,90,1,False,3,3,False,True,1,1,1,648,320,2,648,320,2,True,False,Shadow Bullet,180,False
92597971,831.4,LOSS,False,71,14,SWITCH,3,ACTIVE_POKEMON_SELECTION,,,CARD,0,0,120,90,90,1,False,3,3,False,True,1,0,1,648,320,2,648,320,2,True,False,Shadow Bullet,180,False
92598921,818.9,LOSS,False,0,,,0,UNKNOWN,,,,0,0,,,,,False,,,False,False,,,0,,,,,,,,,,,False
92598921,818.9,LOSS,False,1,,,0,UNKNOWN,,,,0,0,,,,,False,,,False,False,,,0,,,,,,0,,,,,False
92598921,818.9,LOSS,False,2,0,SETUP_ACTIVE_POKEMON,3,EARLY_GAME_SETUP,,,,0,0,,,,,False,0,0,False,False,,,0,,,0,,,6,,,,,False
92598921,818.9,LOSS,False,3,0,DRAW_COUNT,2,SEARCH_DECISION,,,,0,0,,,,,False,0,6,False,False,,,0,,,6,,,6,,,,,False
92598921,818.9,LOSS,False,4,0,SETUP_BENCH_POKEMON,2,BENCH_MANAGEMENT,,,,0,0,,,,,False,0,6,False,False,,,0,,,6,677,80,6,,,,,False
92598921,818.9,LOSS,False,5,2,MAIN,7,RESOURCE_MANAGEMENT,PLAY_SUPPORTER,1198,PLAY,0,0,119,70,70,1,False,1,6,False,True,1,0,0,677,80,6,677,80,6,False,False,Accelerating Stab,30,False
92598921,818.9,LOSS,False,6,2,TO_HAND,6,RESOURCE_MANAGEMENT,,,CARD,0,0,119,70,70,1,False,1,6,False,True,1,0,0,677,80,6,677,80,6,False,False,Accelerating Stab,30,False
92598921,818.9,LOSS,False,7,2,ATTACH_TO,3,ENERGY_MANAGEMENT,,,CARD,0,0,119,70,70,1,False,1,6,False,True,1,0,0,677,80,6,677,80,6,False,False,Accelerating Stab,30,False
92598921,818.9,LOSS,False,8,2,ATTACH_FROM,2,ENERGY_MANAGEMENT,,,CARD,0,0,119,70,70,1,False,1,6,False,True,1,0,0,677,80,6,677,80,6,False,False,Accelerating Stab,30,False
92598921,818.9,LOSS,False,9,2,MAIN,7,ENERGY_MANAGEMENT,ATTACH_ENERGY,,ATTACH,0,0,119,70,70,1,False,1,6,False,True,1,0,1,677,80,6,677,80,6,False,False,Accelerating Stab,30,False
92598921,818.9,LOSS,False,10,2,MAIN,5,TIMING,,,,1,0,119,70,70,1,False,1,6,True,True,1,1,1,677,80,6,677,70,6,False,False,Accelerating Stab,30,False
92598921,818.9,LOSS,False,11,4,MAIN,11,BENCH_MANAGEMENT,EVOLVE,,EVOLVE,1,0,119,10,70,1,True,1,6,True,True,1,1,1,677,70,6,677,70,6,True,False,Accelerating Stab,30,False
92598921,818.9,LOSS,False,12,4,MAIN,9,RESOURCE_MANAGEMENT,ABILITY,,ABILITY,0,0,120,30,90,1,True,1,6,True,True,1,1,1,677,70,6,677,70,6,True,False,Accelerating Stab,30,True
92598921,818.9,LOSS,False,13,4,TO_HAND,2,RESOURCE_MANAGEMENT,,,CARD,0,0,120,30,90,1,True,1,6,False,True,1,1,1,677,70,6,677,70,6,True,False,Accelerating Stab,30,False
92598921,818.9,LOSS,False,14,4,MAIN,9,RESOURCE_MANAGEMENT,PLAY_ITEM,1086,PLAY,0,0,120,30,90,1,True,1,6,True,True,1,1,1,677,70,6,677,70,6,True,False,Accelerating Stab,30,False
92598921,818.9,LOSS,False,15,4,TO_BENCH,4,BENCH_MANAGEMENT,,,CARD;CARD,0,0,120,30,90,1,True,1,6,False,True,1,1,1,677,70,6,677,70,6,True,False,Accelerating Stab,30,False
92598921,818.9,LOSS,False,16,4,MAIN,12,ENERGY_MANAGEMENT,ATTACH_ENERGY,,ATTACH,0,0,120,30,90,1,True,3,6,True,True,1,1,1,677,70,6,677,70,6,True,False,Accelerating Stab,30,False
92598921,818.9,LOSS,False,17,4,MAIN,4,RETREAT_SELECTION,RETREAT,,RETREAT,0,0,120,30,90,1,True,3,6,True,True,1,1,2,677,70,6,677,70,6,True,False,Accelerating Stab,30,False
92598921,818.9,LOSS,False,18,4,DISCARD_ENERGY,1,ENERGY_MANAGEMENT,,,ENERGY,0,0,120,30,90,1,True,3,6,False,True,1,1,2,677,70,6,677,70,6,True,False,Accelerating Stab,30,False
92598921,818.9,LOSS,False,19,4,SWITCH,3,ACTIVE_POKEMON_SELECTION,,,CARD,0,0,120,30,90,1,True,3,6,False,True,1,0,2,677,70,6,677,70,6,True,False,Accelerating Stab,30,False
92598921,818.9,LOSS,False,20,4,MAIN,4,TIMING,,,,1,0,119,70,70,1,False,3,6,False,True,1,1,1,677,70,6,678,320,5,False,False,Accelerating Stab,30,True
92598921,818.9,LOSS,False,21,5,TO_ACTIVE,3,ACTIVE_POKEMON_SELECTION,,,CARD,0,0,,,,,False,3,6,False,True,,,1,678,320,5,678,320,5,,,,,True
92598921,818.9,LOSS,False,22,6,MAIN,9,RESOURCE_MANAGEMENT,ABILITY,,ABILITY,1,0,119,70,70,1,False,2,6,True,True,1,1,0,678,320,5,678,320,5,True,False,Mega Brave,270,False
92598921,818.9,LOSS,False,23,6,TO_HAND,2,RESOURCE_MANAGEMENT,,,CARD,0,0,119,70,70,1,False,2,6,False,True,1,1,0,678,320,5,678,320,5,True,False,Mega Brave,270,False
92598921,818.9,LOSS,False,24,6,MAIN,9,RESOURCE_MANAGEMENT,PLAY_POKEMON,1071,PLAY,1,0,119,70,70,1,False,2,6,True,True,1,1,0,678,320,5,678,320,5,True,False,Mega Brave,270,False
92598921,818.9,LOSS,False,25,6,ACTIVATE,2,RESOURCE_MANAGEMENT,,,YES,0,0,119,70,70,1,False,3,6,False,True,1,1,0,678,320,5,678,320,5,True,False,Mega Brave,270,False
92598921,818.9,LOSS,False,26,6,TO_HAND,10,RESOURCE_MANAGEMENT,,,CARD,0,0,119,70,70,1,False,3,6,False,True,1,1,0,678,320,5,678,320,5,True,False,Mega Brave,270,False
92598921,818.9,LOSS,False,27,6,MAIN,10,ENERGY_MANAGEMENT,ATTACH_ENERGY,,ATTACH,1,0,119,70,70,1,False,3,6,True,True,1,1,0,678,320,5,678,320,5,True,False,Mega Brave,270,False
92598921,818.9,LOSS,False,28,6,MAIN,6,RESOURCE_MANAGEMENT,PLAY_SUPPORTER,1227,PLAY,1,0,119,70,70,1,False,3,6,True,True,1,1,0,678,320,5,678,320,5,True,False,Mega Brave,270,False
92598921,818.9,LOSS,False,29,6,MAIN,8,RESOURCE_MANAGEMENT,PLAY_ITEM,1079,PLAY,1,0,119,70,70,1,False,3,6,True,True,1,1,0,678,320,5,678,320,5,True,False,Mega Brave,270,False
92598921,818.9,LOSS,False,30,6,EVOLVE,4,BENCH_MANAGEMENT,,,EVOLVE,0,0,119,70,70,1,False,3,6,False,True,1,1,0,678,320,5,678,320,5,True,False,Mega Brave,270,False
92598921,818.9,LOSS,False,31,6,MAIN,6,BENCH_MANAGEMENT,EVOLVE,,EVOLVE,1,0,121,320,320,2,False,3,6,True,True,1,1,0,678,320,5,678,320,5,False,False,Mega Brave,270,True
92598921,818.9,LOSS,False,32,6,MAIN,5,RESOURCE_MANAGEMENT,PLAY_ITEM,1080,PLAY,1,0,121,320,320,2,False,3,6,True,True,1,1,0,678,320,5,678,320,5,False,False,Mega Brave,270,False
92598921,818.9,LOSS,False,33,6,MAIN,7,RESOURCE_MANAGEMENT,PLAY_ITEM,1152,PLAY,1,0,121,320,320,2,False,3,6,True,True,1,1,0,678,320,5,678,320,5,False,False,Mega Brave,270,False
92598921,818.9,LOSS,False,34,6,TO_HAND,4,RESOURCE_MANAGEMENT,,,CARD,0,0,121,320,320,2,False,3,6,False,True,1,1,0,678,320,5,678,320,5,False,False,Mega Brave,270,False
92598921,818.9,LOSS,False,35,6,MAIN,7,BENCH_MANAGEMENT,EVOLVE,,EVOLVE,1,0,121,320,320,2,False,3,6,True,True,1,1,0,678,320,5,678,320,5,False,False,Mega Brave,270,False
92598921,818.9,LOSS,False,36,6,MAIN,6,RESOURCE_MANAGEMENT,ABILITY,,ABILITY,1,0,121,320,320,2,False,3,6,True,True,1,1,0,678,320,5,678,320,5,False,False,Mega Brave,270,False
92598921,818.9,LOSS,False,37,6,TO_HAND,2,RESOURCE_MANAGEMENT,,,CARD,0,0,121,320,320,2,False,3,6,False,True,1,1,0,678,320,5,678,320,5,False,False,Mega Brave,270,False
92598921,818.9,LOSS,False,38,6,MAIN,5,TIMING,,,,1,0,121,320,320,2,False,3,6,True,True,1,1,0,678,320,5,678,250,5,False,False,Mega Brave,270,False
92598921,818.9,LOSS,False,39,8,MAIN,12,RESOURCE_MANAGEMENT,ABILITY,,ABILITY,1,0,121,20,320,2,True,3,6,True,True,1,1,0,678,250,5,678,250,5,True,False,Mega Brave,270,False
92598921,818.9,LOSS,False,40,8,TO_HAND,2,RESOURCE_MANAGEMENT,,,CARD,0,0,121,20,320,2,True,3,6,False,True,1,1,0,678,250,5,678,250,5,True,False,Mega Brave,270,False
92598921,818.9,LOSS,False,41,8,MAIN,12,RESOURCE_MANAGEMENT,PLAY_ITEM,1120,PLAY,1,0,121,20,320,2,True,3,6,True,True,1,1,0,678,250,5,678,250,5,True,False,Mega Brave,270,False
92598921,818.9,LOSS,False,42,8,DISCARD_ENERGY,7,ENERGY_MANAGEMENT,,,ENERGY,0,0,121,20,320,2,True,3,6,False,True,1,1,0,678,250,5,678,250,5,True,False,Mega Brave,270,False
92598921,818.9,LOSS,False,43,8,MAIN,11,RESOURCE_MANAGEMENT,PLAY_SUPPORTER,1198,PLAY,1,0,121,20,320,2,True,3,6,True,True,1,1,0,678,250,5,678,250,5,True,False,Mega Brave,270,False
92598921,818.9,LOSS,False,44,8,TO_HAND,2,RESOURCE_MANAGEMENT,,,CARD,0,0,121,20,320,2,True,3,6,False,True,1,1,0,678,250,5,678,250,5,True,False,Mega Brave,270,False
92598921,818.9,LOSS,False,45,8,MAIN,13,ENERGY_MANAGEMENT,ATTACH_ENERGY,,ATTACH,1,0,121,20,320,2,True,3,6,True,True,1,1,0,678,250,5,678,250,5,True,False,Mega Brave,270,False
92598921,818.9,LOSS,False,46,8,MAIN,6,ATTACK_SELECTION,ATTACK,,ATTACK,2,1,121,20,320,2,True,3,6,True,True,1,1,0,678,250,5,678,50,5,True,False,Mega Brave,270,False
92598921,818.9,LOSS,False,47,8,DAMAGE_COUNTER_ANY,4,TARGET_SELECTION,,,CARD,0,0,121,20,320,2,True,3,6,False,True,1,1,0,678,50,5,678,50,5,True,False,Mega Brave,270,False
92598921,818.9,LOSS,False,48,8,DAMAGE_COUNTER_ANY,4,TARGET_SELECTION,,,CARD,0,0,121,20,320,2,True,3,6,False,True,1,1,0,678,50,5,678,50,5,True,False,Mega Brave,270,False
92598921,818.9,LOSS,False,49,8,DAMAGE_COUNTER_ANY,4,TARGET_SELECTION,,,CARD,0,0,121,20,320,2,True,3,6,False,True,1,1,0,678,50,5,678,50,5,True,False,Mega Brave,270,False
92598921,818.9,LOSS,False,50,8,DAMAGE_COUNTER_ANY,4,TARGET_SELECTION,,,CARD,0,0,121,20,320,2,True,3,6,False,True,1,1,0,678,50,5,678,50,5,True,False,Mega Brave,270,False
92598921,818.9,LOSS,False,51,8,DAMAGE_COUNTER_ANY,4,TARGET_SELECTION,,,CARD,0,0,121,20,320,2,True,3,6,False,True,1,1,0,678,50,5,678,50,5,True,False,Mega Brave,270,False
92598921,818.9,LOSS,False,52,8,DAMAGE_COUNTER_ANY,4,TARGET_SELECTION,,,,0,0,121,20,320,2,True,3,6,False,True,1,1,0,678,50,5,678,50,3,True,False,Mega Brave,270,False
92598921,818.9,LOSS,False,53,9,TO_ACTIVE,3,ACTIVE_POKEMON_SELECTION,,,CARD,0,0,,,,,False,3,6,False,True,,,0,678,50,3,678,50,3,,,,,True
92598921,818.9,LOSS,False,54,10,MAIN,9,RESOURCE_MANAGEMENT,ABILITY,,ABILITY,0,0,121,260,320,2,True,2,6,False,True,1,0,0,678,50,3,678,50,3,True,False,Mega Brave,270,False
92598921,818.9,LOSS,False,55,10,TO_HAND,2,RESOURCE_MANAGEMENT,,,CARD,0,0,121,260,320,2,True,2,6,False,True,1,0,0,678,50,3,678,50,3,True,False,Mega Brave,270,False
92598921,818.9,LOSS,False,56,10,MAIN,9,BENCH_MANAGEMENT,EVOLVE,,EVOLVE,0,0,121,260,320,2,True,2,6,False,True,1,0,0,678,50,3,678,50,3,True,False,Mega Brave,270,False
92598921,818.9,LOSS,False,57,10,MAIN,8,RESOURCE_MANAGEMENT,PLAY_SUPPORTER,1210,PLAY,0,0,121,260,320,2,True,2,6,False,True,1,0,1,678,50,3,678,50,3,True,False,Mega Brave,270,False
92598921,818.9,LOSS,False,58,10,TO_HAND,4,RESOURCE_MANAGEMENT,,,CARD,0,0,121,260,320,2,True,2,6,False,True,1,0,1,678,50,3,678,50,3,True,False,Mega Brave,270,False
92598921,818.9,LOSS,False,59,10,TO_HAND,2,RESOURCE_MANAGEMENT,,,CARD,0,0,121,260,320,2,True,2,6,False,True,1,0,1,678,50,3,678,50,3,True,False,Mega Brave,270,False
92598921,818.9,LOSS,False,60,10,MAIN,8,RESOURCE_MANAGEMENT,PLAY_POKEMON,140,PLAY,0,0,121,260,320,2,True,2,6,False,True,1,0,1,678,50,3,678,50,3,True,False,Mega Brave,270,False
92598921,818.9,LOSS,False,61,10,MAIN,9,RESOURCE_MANAGEMENT,ABILITY,,ABILITY,0,0,121,260,320,2,True,3,6,False,True,1,0,1,678,50,3,678,50,3,True,False,Mega Brave,270,False
92598921,818.9,LOSS,False,62,10,MAIN,10,RESOURCE_MANAGEMENT,PLAY_ITEM,1120,PLAY,0,0,121,260,320,2,True,3,6,False,True,1,0,1,678,50,3,678,50,3,True,False,Mega Brave,270,False
92598921,818.9,LOSS,False,63,10,DISCARD_ENERGY,10,ENERGY_MANAGEMENT,,,ENERGY,0,0,121,260,320,2,True,3,6,False,True,1,0,1,678,50,3,678,50,3,True,False,Mega Brave,270,False
92598921,818.9,LOSS,False,64,10,MAIN,9,ENERGY_MANAGEMENT,ATTACH_ENERGY,,ATTACH,0,0,121,260,320,2,True,3,6,False,True,1,0,1,678,50,3,678,50,3,True,False,Mega Brave,270,False
92598921,818.9,LOSS,False,65,10,MAIN,5,TIMING,,,,0,0,121,260,320,2,True,3,6,False,True,1,0,1,678,50,3,678,440,1,True,False,Mega Brave,270,False
92598921,818.9,LOSS,False,66,11,TO_ACTIVE,3,ACTIVE_POKEMON_SELECTION,,,CARD,0,0,,,,,False,3,6,False,True,,,1,678,440,1,678,440,1,,,,,True
92598921,818.9,LOSS,False,67,12,MAIN,11,RESOURCE_MANAGEMENT,ABILITY,,ABILITY,2,0,121,320,320,2,False,2,6,True,True,1,1,0,678,440,1,678,440,1,False,False,Mega Brave,270,False
92598921,818.9,LOSS,False,68,12,MAIN,13,RESOURCE_MANAGEMENT,PLAY_SUPPORTER,1198,PLAY,2,0,121,320,320,2,False,2,6,True,True,1,1,0,678,440,1,678,440,1,False,False,Mega Brave,270,False
92598921,818.9,LOSS,False,69,12,TO_HAND,1,RESOURCE_MANAGEMENT,,,CARD,0,0,121,320,320,2,False,2,6,False,True,1,1,0,678,440,1,678,440,1,False,False,Mega Brave,270,False
92598921,818.9,LOSS,False,70,12,MAIN,14,ATTACK_SELECTION,ATTACK,,ATTACK,2,1,121,320,320,2,False,2,6,True,True,1,1,0,678,440,1,678,240,1,False,False,Mega Brave,270,False
92598921,818.9,LOSS,False,71,12,DAMAGE_COUNTER_ANY,5,TARGET_SELECTION,,,CARD,0,0,121,320,320,2,False,2,6,False,True,1,1,0,678,240,1,678,240,1,False,False,Mega Brave,270,False
92598921,818.9,LOSS,False,72,12,DAMAGE_COUNTER_ANY,5,TARGET_SELECTION,,,CARD,0,0,121,320,320,2,False,2,6,False,True,1,1,0,678,240,1,678,240,1,False,False,Mega Brave,270,False
92598921,818.9,LOSS,False,73,12,DAMAGE_COUNTER_ANY,5,TARGET_SELECTION,,,CARD,0,0,121,320,320,2,False,2,6,False,True,1,1,0,678,240,1,678,240,1,False,False,Mega Brave,270,False
92598921,818.9,LOSS,False,74,12,DAMAGE_COUNTER_ANY,5,TARGET_SELECTION,,,CARD,0,0,121,320,320,2,False,2,6,False,True,1,1,0,678,240,1,678,240,1,False,False,Mega Brave,270,False
92598921,818.9,LOSS,False,75,12,DAMAGE_COUNTER_ANY,5,TARGET_SELECTION,,,CARD,0,0,121,320,320,2,False,2,6,False,True,1,1,0,678,240,1,678,240,1,False,False,Mega Brave,270,False
92598921,818.9,LOSS,False,76,12,DAMAGE_COUNTER_ANY,5,TARGET_SELECTION,,,CARD,0,0,121,320,320,2,False,2,6,False,True,1,1,0,678,240,1,678,240,1,False,False,Mega Brave,270,False
92599863,530.0,LOSS,True,0,,,0,UNKNOWN,,,,0,0,,,,,False,,,False,False,,,0,,,,,,,,,,,False
92599863,530.0,LOSS,True,1,,,0,UNKNOWN,,,,0,0,,,,,False,,,False,False,,,0,,,,,,0,,,,,False
92599863,530.0,LOSS,True,2,0,IS_FIRST,2,GOING_FIRST_SECOND,,,YES,0,0,,,,,False,0,0,False,False,,,0,,,0,,,0,,,,,False
92599863,530.0,LOSS,True,3,0,SETUP_ACTIVE_POKEMON,2,EARLY_GAME_SETUP,,,,0,0,,,,,False,0,0,False,False,,,0,,,0,,,6,,,,,False
92599863,530.0,LOSS,True,4,0,SETUP_BENCH_POKEMON,1,BENCH_MANAGEMENT,,,,0,0,,,,,False,0,6,False,False,,,0,,,6,305,70,6,,,,,False
92599863,530.0,LOSS,True,5,1,MAIN,5,RESOURCE_MANAGEMENT,PLAY_POKEMON,119,PLAY,0,0,119,70,70,1,False,0,6,False,False,1,0,0,305,70,6,305,70,6,False,False,,,False
92599863,530.0,LOSS,True,6,1,MAIN,6,ENERGY_MANAGEMENT,ATTACH_ENERGY,,ATTACH,0,0,119,70,70,1,False,1,6,False,True,1,0,0,305,70,6,305,70,6,False,False,,,False
92599863,530.0,LOSS,True,7,1,MAIN,2,TIMING,,,,0,0,119,70,70,1,False,1,6,False,True,1,0,0,305,70,6,235,30,6,False,False,,,False
92599863,530.0,LOSS,True,8,3,MAIN,7,RESOURCE_MANAGEMENT,PLAY_SUPPORTER,1198,PLAY,0,0,119,70,70,1,False,1,6,False,True,1,0,0,235,30,6,235,30,6,False,False,Itchy Pollen,10,False
92599863,530.0,LOSS,True,9,3,TO_HAND,5,RESOURCE_MANAGEMENT,,,CARD,0,0,119,70,70,1,False,1,6,False,True,1,0,0,235,30,6,235,30,6,False,False,Itchy Pollen,10,False
92599863,530.0,LOSS,True,10,3,ATTACH_TO,2,ENERGY_MANAGEMENT,,,CARD,0,0,119,70,70,1,False,1,6,False,True,1,0,0,235,30,6,235,30,6,False,False,Itchy Pollen,10,False
92599863,530.0,LOSS,True,11,3,ATTACH_FROM,2,ENERGY_MANAGEMENT,,,CARD,0,0,119,70,70,1,False,1,6,False,True,1,0,0,235,30,6,235,30,6,False,False,Itchy Pollen,10,False
92599863,530.0,LOSS,True,12,3,MAIN,7,ENERGY_MANAGEMENT,ATTACH_ENERGY,,ATTACH,0,0,119,70,70,1,False,1,6,True,True,1,1,0,235,30,6,235,30,6,False,False,Itchy Pollen,10,False
92599863,530.0,LOSS,True,13,3,MAIN,5,ATTACK_SELECTION,ATTACK,,ATTACK,2,1,119,70,70,1,False,1,6,True,True,1,1,0,235,30,6,,,6,False,False,Itchy Pollen,10,False
92599863,530.0,LOSS,True,14,3,TO_HAND,6,RESOURCE_MANAGEMENT,,,,0,0,119,70,70,1,False,1,6,False,True,1,1,0,,,6,120,90,5,,,,,False
92599863,530.0,LOSS,True,15,4,TO_ACTIVE,1,ACTIVE_POKEMON_SELECTION,,,CARD,0,0,,,,,False,1,5,False,True,,,0,120,90,5,120,90,5,,,,,True
92599863,530.0,LOSS,True,16,5,MAIN,7,RESOURCE_MANAGEMENT,PLAY_SUPPORTER,1210,PLAY,0,0,119,70,70,1,False,0,5,False,False,1,1,0,120,90,5,120,90,5,True,False,Dragon Headbutt,70,False
92599863,530.0,LOSS,True,17,5,TO_HAND,13,RESOURCE_MANAGEMENT,,,CARD,0,0,119,70,70,1,False,0,5,False,False,1,1,0,120,90,5,120,90,5,True,False,Dragon Headbutt,70,False
92599863,530.0,LOSS,True,18,5,TO_HAND,5,RESOURCE_MANAGEMENT,,,CARD,0,0,119,70,70,1,False,0,5,False,False,1,1,0,120,90,5,120,90,5,True,False,Dragon Headbutt,70,False
92599863,530.0,LOSS,True,19,5,MAIN,6,RESOURCE_MANAGEMENT,PLAY_POKEMON,140,PLAY,0,0,119,70,70,1,False,0,5,False,False,1,1,0,120,90,5,120,90,5,True,False,Dragon Headbutt,70,False
92599863,530.0,LOSS,True,20,5,MAIN,8,RESOURCE_MANAGEMENT,PLAY_POKEMON,235,PLAY,0,0,119,70,70,1,False,1,5,True,True,1,1,0,120,90,5,120,90,5,True,False,Dragon Headbutt,70,False
92599863,530.0,LOSS,True,21,5,MAIN,8,RESOURCE_MANAGEMENT,ABILITY,,ABILITY,0,0,119,70,70,1,False,2,5,True,True,1,1,1,120,90,5,120,90,5,True,False,Dragon Headbutt,70,False
92599863,530.0,LOSS,True,22,5,MAIN,10,RESOURCE_MANAGEMENT,PLAY_ITEM,1121,PLAY,0,0,119,70,70,1,False,2,5,True,True,1,1,1,120,90,5,120,90,5,True,False,Dragon Headbutt,70,False
92599863,530.0,LOSS,True,23,5,DISCARD,8,RESOURCE_MANAGEMENT,,,CARD;CARD,0,0,119,70,70,1,False,2,5,False,True,1,1,1,120,90,5,120,90,5,True,False,Dragon Headbutt,70,False
92599863,530.0,LOSS,True,24,5,TO_HAND,11,RESOURCE_MANAGEMENT,,,CARD,0,0,119,70,70,1,False,2,5,False,True,1,1,1,120,90,5,120,90,5,True,False,Dragon Headbutt,70,False
92599863,530.0,LOSS,True,25,5,MAIN,7,RESOURCE_MANAGEMENT,PLAY_ITEM,1079,PLAY,0,0,119,70,70,1,False,2,5,True,True,1,1,1,120,90,5,120,90,5,True,False,Dragon Headbutt,70,False
92599863,530.0,LOSS,True,26,5,EVOLVE,1,BENCH_MANAGEMENT,,,EVOLVE,0,0,119,70,70,1,False,2,5,False,True,1,1,1,120,90,5,120,90,5,True,False,Dragon Headbutt,70,False
92599863,530.0,LOSS,True,27,5,MAIN,7,RESOURCE_MANAGEMENT,PLAY_ITEM,1080,PLAY,1,0,121,320,320,2,False,2,5,True,True,1,1,1,120,90,5,120,90,5,False,False,Dragon Headbutt,70,True
92599863,530.0,LOSS,True,28,5,MAIN,8,RESOURCE_MANAGEMENT,PLAY_POKEMON,119,PLAY,1,0,121,320,320,2,False,2,5,True,True,1,1,1,120,90,5,120,90,5,False,False,Dragon Headbutt,70,False
92599863,530.0,LOSS,True,29,5,MAIN,7,RESOURCE_MANAGEMENT,PLAY_ITEM,1152,PLAY,1,0,121,320,320,2,False,3,5,True,True,1,1,1,120,90,5,120,90,5,False,False,Dragon Headbutt,70,False
92599863,530.0,LOSS,True,30,5,TO_HAND,5,RESOURCE_MANAGEMENT,,,CARD,0,0,121,320,320,2,False,3,5,False,True,1,1,1,120,90,5,120,90,5,False,False,Dragon Headbutt,70,False
92599863,530.0,LOSS,True,31,5,MAIN,7,RESOURCE_MANAGEMENT,PLAY_POKEMON,119,PLAY,1,0,121,320,320,2,False,3,5,True,True,1,1,1,120,90,5,120,90,5,False,False,Dragon Headbutt,70,False
92599863,530.0,LOSS,True,32,5,MAIN,6,RETREAT_SELECTION,RETREAT,,RETREAT,1,0,121,320,320,2,False,4,5,True,True,1,1,1,120,90,5,120,90,5,False,False,Dragon Headbutt,70,False
92599863,530.0,LOSS,True,33,5,DISCARD_ENERGY,1,ENERGY_MANAGEMENT,,,ENERGY,0,0,121,320,320,2,False,4,5,False,True,1,1,1,120,90,5,120,90,5,False,False,Dragon Headbutt,70,False
92599863,530.0,LOSS,True,34,5,SWITCH,4,ACTIVE_POKEMON_SELECTION,,,CARD,0,0,121,320,320,2,False,4,5,False,True,1,0,1,120,90,5,120,90,5,False,False,Dragon Headbutt,70,False
92599863,530.0,LOSS,True,35,5,MAIN,5,RESOURCE_MANAGEMENT,PLAY_POKEMON,184,PLAY,1,0,235,30,30,1,False,4,5,False,True,0,0,0,120,90,5,120,90,5,True,False,Dragon Headbutt,70,True
92599863,530.0,LOSS,True,36,5,MAIN,2,TIMING,,,,1,0,235,30,30,1,False,5,5,False,True,0,0,0,120,90,5,120,80,4,True,False,Dragon Headbutt,70,False
92599863,530.0,LOSS,True,37,6,TO_ACTIVE,5,ACTIVE_POKEMON_SELECTION,,,CARD,0,0,,,,,False,5,5,False,True,,,0,120,80,4,120,80,4,,,,,True
92599863,530.0,LOSS,True,38,7,MAIN,9,ENERGY_MANAGEMENT,ATTACH_ENERGY,,ATTACH,0,0,121,320,320,2,False,4,5,False,True,1,0,0,120,80,4,120,80,4,False,False,Dragon Headbutt,70,False
92599863,530.0,LOSS,True,39,7,MAIN,3,RESOURCE_MANAGEMENT,ABILITY,,ABILITY,0,0,121,320,320,2,False,4,5,False,True,1,0,0,120,80,4,120,80,4,False,False,Dragon Headbutt,70,False
92599863,530.0,LOSS,True,40,7,MAIN,5,RESOURCE_MANAGEMENT,PLAY_SUPPORTER,1227,PLAY,0,0,121,320,320,2,False,4,5,False,True,1,0,0,120,80,4,120,80,4,False,False,Dragon Headbutt,70,False
92599863,530.0,LOSS,True,41,7,MAIN,6,RESOURCE_MANAGEMENT,PLAY_ITEM,1120,PLAY,0,0,121,320,320,2,False,4,5,False,True,1,0,0,120,80,4,120,80,4,False,False,Dragon Headbutt,70,False
92599863,530.0,LOSS,True,42,7,MAIN,5,RESOURCE_MANAGEMENT,PLAY_ITEM,1120,PLAY,0,0,121,320,320,2,False,4,5,False,True,1,0,0,120,80,4,120,80,4,False,False,Dragon Headbutt,70,False
92599863,530.0,LOSS,True,43,7,DISCARD_ENERGY,3,ENERGY_MANAGEMENT,,,ENERGY,0,0,121,320,320,2,False,4,5,False,True,1,0,0,120,80,4,120,80,4,False,False,Dragon Headbutt,70,False
92599863,530.0,LOSS,True,44,7,MAIN,4,BENCH_MANAGEMENT,EVOLVE,,EVOLVE,0,0,121,320,320,2,False,4,5,False,True,1,0,0,120,80,4,120,80,4,False,False,Dragon Headbutt,70,False
92599863,530.0,LOSS,True,45,7,MAIN,3,RESOURCE_MANAGEMENT,ABILITY,,ABILITY,0,0,121,320,320,2,False,4,5,False,True,1,0,0,120,80,4,120,80,4,False,False,Dragon Headbutt,70,False
92599863,530.0,LOSS,True,46,7,TO_HAND,2,RESOURCE_MANAGEMENT,,,CARD,0,0,121,320,320,2,False,4,5,False,True,1,0,0,120,80,4,120,80,4,False,False,Dragon Headbutt,70,False
92599863,530.0,LOSS,True,47,7,MAIN,2,TIMING,,,,0,0,121,320,320,2,False,4,5,False,True,1,0,0,120,80,4,121,310,4,False,False,Dragon Headbutt,70,False
92599863,530.0,LOSS,True,48,9,MAIN,8,BENCH_MANAGEMENT,EVOLVE,,EVOLVE,0,0,140,10,210,2,True,4,5,True,True,1,0,0,121,310,4,121,310,4,True,False,Phantom Dive,200,True
92599863,530.0,LOSS,True,49,9,MAIN,6,RESOURCE_MANAGEMENT,PLAY_SUPPORTER,1210,PLAY,0,0,140,10,210,2,True,4,5,True,True,1,0,0,121,310,4,121,310,4,True,False,Phantom Dive,200,False
92599863,530.0,LOSS,True,50,9,TO_HAND,6,RESOURCE_MANAGEMENT,,,CARD,0,0,140,10,210,2,True,4,5,False,True,1,0,0,121,310,4,121,310,4,True,False,Phantom Dive,200,False
92599863,530.0,LOSS,True,51,9,MAIN,5,BENCH_MANAGEMENT,EVOLVE,,EVOLVE,0,0,140,10,210,2,True,4,5,True,True,1,0,0,121,310,4,121,310,4,True,False,Phantom Dive,200,False
92599863,530.0,LOSS,True,52,9,MAIN,5,RESOURCE_MANAGEMENT,ABILITY,,ABILITY,0,0,140,10,210,2,True,4,5,True,True,1,0,0,121,310,4,121,310,4,True,False,Phantom Dive,200,False
92599863,530.0,LOSS,True,53,9,TO_HAND,2,RESOURCE_MANAGEMENT,,,CARD,0,0,140,10,210,2,True,4,5,False,True,1,0,0,121,310,4,121,310,4,True,False,Phantom Dive,200,False
92599863,530.0,LOSS,True,54,9,MAIN,4,RETREAT_SELECTION,RETREAT,,RETREAT,0,0,140,10,210,2,True,4,5,True,True,1,0,0,121,310,4,121,310,4,True,False,Phantom Dive,200,False
92599863,530.0,LOSS,True,55,9,SWITCH,4,ACTIVE_POKEMON_SELECTION,,,CARD,0,0,140,10,210,2,True,4,5,False,True,1,0,0,121,310,4,121,310,4,True,False,Phantom Dive,200,False
92599863,530.0,LOSS,True,56,9,MAIN,3,TIMING,,,,0,0,121,320,320,2,False,4,5,False,True,1,0,0,121,310,4,121,310,2,False,False,Phantom Dive,200,True
92599863,530.0,LOSS,True,57,11,MAIN,11,RESOURCE_MANAGEMENT,ABILITY,,ABILITY,0,0,121,120,320,2,True,3,5,False,True,1,0,0,121,310,2,121,310,2,True,False,Phantom Dive,200,False
92599863,530.0,LOSS,True,58,11,TO_HAND,2,RESOURCE_MANAGEMENT,,,CARD,0,0,121,120,320,2,True,3,5,False,True,1,0,0,121,310,2,121,310,2,True,False,Phantom Dive,200,False
92599863,530.0,LOSS,True,59,11,MAIN,10,RESOURCE_MANAGEMENT,PLAY_SUPPORTER,1198,PLAY,0,0,121,120,320,2,True,3,5,False,True,1,0,0,121,310,2,121,310,2,True,False,Phantom Dive,200,False
92599863,530.0,LOSS,True,60,11,TO_HAND,2,RESOURCE_MANAGEMENT,,,CARD,0,0,121,120,320,2,True,3,5,False,True,1,0,0,121,310,2,121,310,2,True,False,Phantom Dive,200,False
92599863,530.0,LOSS,True,61,11,ATTACH_TO,1,ENERGY_MANAGEMENT,,,CARD,0,0,121,120,320,2,True,3,5,False,True,1,0,0,121,310,2,121,310,2,True,False,Phantom Dive,200,False
92599863,530.0,LOSS,True,62,11,ATTACH_FROM,4,ENERGY_MANAGEMENT,,,CARD,0,0,121,120,320,2,True,3,5,False,True,1,0,0,121,310,2,121,310,2,True,False,Phantom Dive,200,False
92599863,530.0,LOSS,True,63,11,MAIN,11,RESOURCE_MANAGEMENT,PLAY_ITEM,1121,PLAY,0,0,121,120,320,2,True,3,5,False,True,1,0,1,121,310,2,121,310,2,True,False,Phantom Dive,200,False
92599863,530.0,LOSS,True,64,11,DISCARD,7,RESOURCE_MANAGEMENT,,,CARD;CARD,0,0,121,120,320,2,True,3,5,False,True,1,0,1,121,310,2,121,310,2,True,False,Phantom Dive,200,False
92599863,530.0,LOSS,True,65,11,TO_HAND,4,RESOURCE_MANAGEMENT,,,CARD,0,0,121,120,320,2,True,3,5,False,True,1,0,1,121,310,2,121,310,2,True,False,Phantom Dive,200,False
92599863,530.0,LOSS,True,66,11,MAIN,7,ENERGY_MANAGEMENT,ATTACH_ENERGY,,ATTACH,0,0,121,120,320,2,True,3,5,False,True,1,0,1,121,310,2,121,310,2,True,False,Phantom Dive,200,False
92600818,283.8,WIN,False,0,,,0,UNKNOWN,,,,0,0,,,,,False,,,False,False,,,0,,,,,,,,,,,False
92600818,283.8,WIN,False,1,,,0,UNKNOWN,,,,0,0,,,,,False,,,False,False,,,0,,,,,,0,,,,,False
92600818,283.8,WIN,False,2,0,SETUP_ACTIVE_POKEMON,1,EARLY_GAME_SETUP,,,,0,0,,,,,False,0,0,False,False,,,0,,,0,236,270,6,,,,,False
92600818,283.8,WIN,False,3,2,MAIN,7,ENERGY_MANAGEMENT,ATTACH_ENERGY,,ATTACH,0,0,119,70,70,1,False,0,6,False,False,1,0,0,236,270,6,236,270,6,False,False,,,False
92600818,283.8,WIN,False,4,2,MAIN,6,RESOURCE_MANAGEMENT,PLAY_ITEM,1086,PLAY,0,0,119,70,70,1,False,0,6,False,False,1,0,0,236,270,6,236,270,6,False,False,,,False
92600818,283.8,WIN,False,5,2,TO_BENCH,4,BENCH_MANAGEMENT,,,CARD;CARD,0,0,119,70,70,1,False,0,6,False,False,1,0,0,236,270,6,236,270,6,False,False,,,False
92600818,283.8,WIN,False,6,2,MAIN,7,RESOURCE_MANAGEMENT,PLAY_ITEM,1152,PLAY,0,0,119,70,70,1,False,2,6,False,True,1,0,1,236,270,6,236,270,6,False,False,,,False
92600818,283.8,WIN,False,7,2,TO_HAND,5,RESOURCE_MANAGEMENT,,,CARD,0,0,119,70,70,1,False,2,6,False,True,1,0,1,236,270,6,236,270,6,False,False,,,False
92600818,283.8,WIN,False,8,2,MAIN,6,RESOURCE_MANAGEMENT,PLAY_ITEM,1120,PLAY,0,0,119,70,70,1,False,2,6,False,True,1,0,1,236,270,6,236,270,6,False,False,,,False
92600818,283.8,WIN,False,9,2,MAIN,5,ENERGY_MANAGEMENT,ATTACH_ENERGY,,ATTACH,0,0,119,70,70,1,False,2,6,False,True,1,0,1,236,270,6,236,270,6,False,False,,,False
92600818,283.8,WIN,False,10,2,MAIN,2,RESOURCE_MANAGEMENT,PLAY_SUPPORTER,1227,PLAY,0,0,119,70,70,1,False,2,6,False,True,1,0,2,236,270,6,236,270,6,False,False,,,False
92600818,283.8,WIN,False,11,2,MAIN,4,RESOURCE_MANAGEMENT,PLAY_POKEMON,184,PLAY,0,0,119,70,70,1,False,2,6,False,True,1,0,2,236,270,6,236,270,6,False,False,,,False
92600818,283.8,WIN,False,12,2,MAIN,4,RESOURCE_MANAGEMENT,PLAY_ITEM,1152,PLAY,0,0,119,70,70,1,False,3,6,True,True,1,0,2,236,270,6,236,270,6,False,False,,,False
92600818,283.8,WIN,False,13,2,TO_HAND,4,RESOURCE_MANAGEMENT,,,CARD,0,0,119,70,70,1,False,3,6,False,True,1,0,2,236,270,6,236,270,6,False,False,,,False
92600818,283.8,WIN,False,14,2,MAIN,4,RESOURCE_MANAGEMENT,PLAY_POKEMON,119,PLAY,0,0,119,70,70,1,False,3,6,True,True,1,0,2,236,270,6,236,270,6,False,False,,,False
92600818,283.8,WIN,False,15,2,MAIN,3,RETREAT_SELECTION,RETREAT,,RETREAT,0,0,119,70,70,1,False,4,6,True,True,1,0,2,236,270,6,236,270,6,False,False,,,False
92600818,283.8,WIN,False,16,2,SWITCH,4,ACTIVE_POKEMON_SELECTION,,,CARD,0,0,119,70,70,1,False,4,6,False,True,1,0,2,236,270,6,236,270,6,False,False,,,False
92600818,283.8,WIN,False,17,2,MAIN,3,TIMING,,,,1,0,235,30,30,1,False,4,6,False,True,0,0,1,236,270,6,236,260,5,False,False,,,True
92600818,283.8,WIN,False,18,3,TO_ACTIVE,4,ACTIVE_POKEMON_SELECTION,,,CARD,0,0,,,,,False,4,6,False,True,,,1,236,260,5,236,260,5,,,,,True
92600818,283.8,WIN,False,19,4,MAIN,10,BENCH_MANAGEMENT,EVOLVE,,EVOLVE,1,0,119,70,70,1,False,3,6,True,True,1,1,0,236,260,5,236,260,5,False,False,Verdant Storm,0,False
92600818,283.8,WIN,False,20,4,MAIN,7,RESOURCE_MANAGEMENT,ABILITY,,ABILITY,0,0,120,90,90,1,False,3,6,True,True,1,1,0,236,260,5,236,260,5,False,False,Verdant Storm,0,True
92600818,283.8,WIN,False,21,4,TO_HAND,2,RESOURCE_MANAGEMENT,,,CARD,0,0,120,90,90,1,False,3,6,False,True,1,1,0,236,260,5,236,260,5,False,False,Verdant Storm,0,False
92600818,283.8,WIN,False,22,4,MAIN,7,RESOURCE_MANAGEMENT,PLAY_ITEM,1080,PLAY,0,0,120,90,90,1,False,3,6,True,True,1,1,0,236,260,5,236,260,5,False,False,Verdant Storm,0,False
92600818,283.8,WIN,False,23,4,MAIN,7,RESOURCE_MANAGEMENT,PLAY_SUPPORTER,1227,PLAY,0,0,120,90,90,1,False,3,6,True,True,1,1,0,236,260,5,236,260,5,False,False,Verdant Storm,0,False
92600818,283.8,WIN,False,24,4,MAIN,12,RESOURCE_MANAGEMENT,PLAY_POKEMON,119,PLAY,0,0,120,90,90,1,False,3,6,True,True,1,1,0,236,260,5,236,260,5,False,False,Verdant Storm,0,False
92600818,283.8,WIN,False,25,4,MAIN,13,ENERGY_MANAGEMENT,ATTACH_ENERGY,,ATTACH,0,0,120,90,90,1,False,4,6,True,True,1,1,0,236,260,5,236,260,5,False,False,Verdant Storm,0,False
92600818,283.8,WIN,False,26,4,MAIN,3,TIMING,,,,0,0,120,90,90,1,False,4,6,True,True,1,1,0,236,260,5,236,280,4,False,False,Verdant Storm,0,False
92600818,283.8,WIN,False,27,5,TO_ACTIVE,4,ACTIVE_POKEMON_SELECTION,,,CARD,0,0,,,,,False,4,6,False,True,,,0,236,280,4,236,280,4,,,,,True
92600818,283.8,WIN,False,28,6,MAIN,11,RESOURCE_MANAGEMENT,PLAY_SUPPORTER,1198,PLAY,0,0,119,70,70,1,False,3,6,True,True,1,1,0,236,280,4,236,280,4,False,False,Verdant Storm,0,False
92600818,283.8,WIN,False,29,6,TO_HAND,5,RESOURCE_MANAGEMENT,,,CARD,0,0,119,70,70,1,False,3,6,False,True,1,1,0,236,280,4,236,280,4,False,False,Verdant Storm,0,False
92600818,283.8,WIN,False,30,6,ATTACH_TO,3,ENERGY_MANAGEMENT,,,CARD,0,0,119,70,70,1,False,3,6,False,True,1,1,0,236,280,4,236,280,4,False,False,Verdant Storm,0,False
92600818,283.8,WIN,False,31,6,ATTACH_FROM,4,ENERGY_MANAGEMENT,,,CARD,0,0,119,70,70,1,False,3,6,False,True,1,1,0,236,280,4,236,280,4,False,False,Verdant Storm,0,False
92600818,283.8,WIN,False,32,6,MAIN,14,RESOURCE_MANAGEMENT,PLAY_ITEM,1121,PLAY,0,0,119,70,70,1,False,3,6,True,True,1,1,0,236,280,4,236,280,4,False,False,Verdant Storm,0,False
92600818,283.8,WIN,False,33,6,DISCARD,6,RESOURCE_MANAGEMENT,,,CARD;CARD,0,0,119,70,70,1,False,3,6,False,True,1,1,0,236,280,4,236,280,4,False,False,Verdant Storm,0,False
92600818,283.8,WIN,False,34,6,TO_HAND,4,RESOURCE_MANAGEMENT,,,CARD,0,0,119,70,70,1,False,3,6,False,True,1,1,0,236,280,4,236,280,4,False,False,Verdant Storm,0,False
92600818,283.8,WIN,False,35,6,MAIN,10,RESOURCE_MANAGEMENT,PLAY_POKEMON,140,PLAY,0,0,119,70,70,1,False,3,6,True,True,1,1,0,236,280,4,236,280,4,False,False,Verdant Storm,0,False
92600818,283.8,WIN,False,36,6,MAIN,11,RESOURCE_MANAGEMENT,ABILITY,,ABILITY,0,0,119,70,70,1,False,4,6,True,True,1,1,0,236,280,4,236,280,4,False,False,Verdant Storm,0,False
92600818,283.8,WIN,False,37,6,MAIN,18,BENCH_MANAGEMENT,EVOLVE,,EVOLVE,0,0,119,70,70,1,False,4,6,True,True,1,1,0,236,280,4,236,280,4,False,False,Verdant Storm,0,False
92600818,283.8,WIN,False,38,6,MAIN,15,RESOURCE_MANAGEMENT,ABILITY,,ABILITY,0,0,120,90,90,1,False,4,6,True,True,1,1,0,236,280,4,236,280,4,False,False,Verdant Storm,0,True
92600818,283.8,WIN,False,39,6,TO_HAND,2,RESOURCE_MANAGEMENT,,,CARD,0,0,120,90,90,1,False,4,6,False,True,1,1,0,236,280,4,236,280,4,False,False,Verdant Storm,0,False
92600818,283.8,WIN,False,40,6,MAIN,15,RESOURCE_MANAGEMENT,PLAY_ITEM,1120,PLAY,0,0,120,90,90,1,False,4,6,True,True,1,1,0,236,280,4,236,280,4,False,False,Verdant Storm,0,False
92600818,283.8,WIN,False,41,6,DISCARD_ENERGY,3,ENERGY_MANAGEMENT,,,ENERGY,0,0,120,90,90,1,False,4,6,False,True,1,1,0,236,280,4,236,280,4,False,False,Verdant Storm,0,False
92600818,283.8,WIN,False,42,6,MAIN,14,BENCH_MANAGEMENT,EVOLVE,,EVOLVE,0,0,120,90,90,1,False,4,6,True,True,1,1,0,236,280,4,236,280,4,False,False,Verdant Storm,0,False
92600818,283.8,WIN,False,43,6,MAIN,13,RESOURCE_MANAGEMENT,ABILITY,,ABILITY,0,0,120,90,90,1,False,4,6,True,True,1,1,0,236,280,4,236,280,4,False,False,Verdant Storm,0,False
92600818,283.8,WIN,False,44,6,TO_HAND,2,RESOURCE_MANAGEMENT,,,CARD,0,0,120,90,90,1,False,4,6,False,True,1,1,0,236,280,4,236,280,4,False,False,Verdant Storm,0,False
92600818,283.8,WIN,False,45,6,MAIN,17,ENERGY_MANAGEMENT,ATTACH_ENERGY,,ATTACH,0,0,120,90,90,1,False,4,6,True,True,1,1,0,236,280,4,236,280,4,False,False,Verdant Storm,0,False
92600818,283.8,WIN,False,46,6,MAIN,2,TIMING,,,,0,0,120,90,90,1,False,4,6,True,True,1,1,1,236,280,4,518,40,4,False,False,Verdant Storm,0,False
92600818,283.8,WIN,False,47,8,MAIN,19,BENCH_MANAGEMENT,EVOLVE,,EVOLVE,0,0,120,90,90,1,False,4,6,True,True,1,1,1,518,40,4,518,40,4,False,False,,,False
92600818,283.8,WIN,False,48,8,MAIN,17,RESOURCE_MANAGEMENT,ABILITY,,ABILITY,1,0,121,320,320,2,False,4,6,True,True,1,1,1,518,40,4,518,40,4,False,False,,,True
92600818,283.8,WIN,False,49,8,TO_HAND,2,RESOURCE_MANAGEMENT,,,CARD,0,0,121,320,320,2,False,4,6,False,True,1,1,1,518,40,4,518,40,4,False,False,,,False
92600818,283.8,WIN,False,50,8,MAIN,17,RESOURCE_MANAGEMENT,PLAY_ITEM,1097,PLAY,1,0,121,320,320,2,False,4,6,True,True,1,1,1,518,40,4,518,40,4,False,False,,,False
92600818,283.8,WIN,False,51,8,TO_HAND,6,RESOURCE_MANAGEMENT,,,CARD,0,0,121,320,320,2,False,4,6,False,True,1,1,1,518,40,4,518,40,4,False,False,,,False
92600818,283.8,WIN,False,52,8,MAIN,17,RESOURCE_MANAGEMENT,PLAY_SUPPORTER,1198,PLAY,1,0,121,320,320,2,False,4,6,True,True,1,1,1,518,40,4,518,40,4,False,False,,,False
92600818,283.8,WIN,False,53,8,TO_HAND,1,RESOURCE_MANAGEMENT,,,CARD,0,0,121,320,320,2,False,4,6,False,True,1,1,1,518,40,4,518,40,4,False,False,,,False
92600818,283.8,WIN,False,54,8,MAIN,20,BENCH_MANAGEMENT,EVOLVE,,EVOLVE,1,0,121,320,320,2,False,4,6,True,True,1,1,1,518,40,4,518,40,4,False,False,,,False
92600818,283.8,WIN,False,55,8,MAIN,20,RESOURCE_MANAGEMENT,ABILITY,,ABILITY,1,0,121,320,320,2,False,4,6,True,True,1,1,0,518,40,4,518,40,4,False,False,,,False
92600818,283.8,WIN,False,56,8,TO_HAND,2,RESOURCE_MANAGEMENT,,,CARD,0,0,121,320,320,2,False,4,6,False,True,1,1,0,518,40,4,518,40,4,False,False,,,False
92600818,283.8,WIN,False,57,8,MAIN,20,RESOURCE_MANAGEMENT,PLAY_ITEM,1120,PLAY,1,0,121,320,320,2,False,4,6,True,True,1,1,0,518,40,4,518,40,4,False,False,,,False
92600818,283.8,WIN,False,58,8,MAIN,19,ENERGY_MANAGEMENT,ATTACH_ENERGY,,ATTACH,1,0,121,320,320,2,False,4,6,True,True,1,1,0,518,40,4,518,40,4,False,False,,,False
92600818,283.8,WIN,False,59,8,MAIN,5,ATTACK_SELECTION,ATTACK,,ATTACK,2,1,121,320,320,2,False,4,6,True,True,1,1,0,518,40,4,518,0,4,False,False,,,False
92600818,283.8,WIN,False,60,8,DAMAGE_COUNTER_ANY,1,TARGET_SELECTION,,,CARD,0,0,121,320,320,2,False,4,6,False,True,1,1,0,518,0,4,518,0,4,False,False,,,False
92600818,283.8,WIN,False,61,8,DAMAGE_COUNTER_ANY,1,TARGET_SELECTION,,,CARD,0,0,121,320,320,2,False,4,6,False,True,1,1,0,518,0,4,518,0,4,False,False,,,False
92600818,283.8,WIN,False,62,8,DAMAGE_COUNTER_ANY,1,TARGET_SELECTION,,,CARD,0,0,121,320,320,2,False,4,6,False,True,1,1,0,518,0,4,518,0,4,False,False,,,False
92600818,283.8,WIN,False,63,8,DAMAGE_COUNTER_ANY,1,TARGET_SELECTION,,,CARD,0,0,121,320,320,2,False,4,6,False,True,1,1,0,518,0,4,518,0,4,False,False,,,False
92600818,283.8,WIN,False,64,8,DAMAGE_COUNTER_ANY,1,TARGET_SELECTION,,,CARD,0,0,121,320,320,2,False,4,6,False,True,1,1,0,518,0,4,518,0,4,False,False,,,False
92600818,283.8,WIN,False,65,8,DAMAGE_COUNTER_ANY,1,TARGET_SELECTION,,,CARD,0,0,121,320,320,2,False,4,6,False,True,1,1,0,518,0,4,,,4,False,False,,,False
92600818,283.8,WIN,False,66,8,TO_HAND,6,RESOURCE_MANAGEMENT,,,,0,0,121,320,320,2,False,4,6,False,True,1,1,0,,,4,236,220,4,,,,,False
92600818,283.8,WIN,False,67,10,MAIN,20,RESOURCE_MANAGEMENT,ABILITY,,ABILITY,2,0,121,80,320,2,True,4,5,True,True,1,1,0,236,220,4,236,220,4,False,True,Verdant Storm,0,False
92600818,283.8,WIN,False,68,10,TO_HAND,2,RESOURCE_MANAGEMENT,,,CARD,0,0,121,80,320,2,True,4,5,False,True,1,1,0,236,220,4,236,220,4,False,True,Verdant Storm,0,False
92600818,283.8,WIN,False,69,10,MAIN,20,RESOURCE_MANAGEMENT,ABILITY,,ABILITY,2,0,121,80,320,2,True,4,5,True,True,1,1,0,236,220,4,236,220,4,False,True,Verdant Storm,0,False
92600818,283.8,WIN,False,70,10,TO_HAND,2,RESOURCE_MANAGEMENT,,,CARD,0,0,121,80,320,2,True,4,5,False,True,1,1,0,236,220,4,236,220,4,False,True,Verdant Storm,0,False
92600818,283.8,WIN,False,71,10,MAIN,20,ENERGY_MANAGEMENT,ATTACH_ENERGY,,ATTACH,2,0,121,80,320,2,True,4,5,True,True,1,1,0,236,220,4,236,220,4,False,True,Verdant Storm,0,False
92600818,283.8,WIN,False,72,10,MAIN,10,RESOURCE_MANAGEMENT,PLAY_SUPPORTER,1227,PLAY,2,0,121,80,320,2,True,4,5,True,True,1,1,1,236,220,4,236,220,4,False,True,Verdant Storm,0,False
92600818,283.8,WIN,False,73,10,MAIN,9,RESOURCE_MANAGEMENT,PLAY_ITEM,1120,PLAY,2,0,121,80,320,2,True,4,5,True,True,1,1,1,236,220,4,236,220,4,False,True,Verdant Storm,0,False
92600818,283.8,WIN,False,74,10,DISCARD_ENERGY,4,ENERGY_MANAGEMENT,,,ENERGY,0,0,121,80,320,2,True,4,5,False,True,1,1,1,236,220,4,236,220,4,False,True,Verdant Storm,0,False
92600818,283.8,WIN,False,75,10,MAIN,8,TIMING,,,,2,0,121,80,320,2,True,4,5,True,True,1,1,1,236,220,4,236,20,2,False,True,Verdant Storm,0,False
92600818,283.8,WIN,False,76,11,TO_ACTIVE,4,ACTIVE_POKEMON_SELECTION,,,CARD,0,0,,,,,False,4,5,False,True,,,1,236,20,2,236,20,2,,,,,True
92600818,283.8,WIN,False,77,12,MAIN,14,BENCH_MANAGEMENT,EVOLVE,,EVOLVE,1,0,120,90,90,1,False,3,5,True,True,1,1,0,236,20,2,236,20,2,False,True,Verdant Storm,0,False
92600818,283.8,WIN,False,78,12,MAIN,12,RESOURCE_MANAGEMENT,PLAY_ITEM,1121,PLAY,2,0,121,320,320,2,False,3,5,True,True,1,1,0,236,20,2,236,20,2,False,False,Verdant Storm,0,True
92600818,283.8,WIN,False,79,12,DISCARD,6,RESOURCE_MANAGEMENT,,,CARD;CARD,0,0,121,320,320,2,False,3,5,False,True,1,1,0,236,20,2,236,20,2,False,False,Verdant Storm,0,False
92600818,283.8,WIN,False,80,12,TO_HAND,1,RESOURCE_MANAGEMENT,,,CARD,0,0,121,320,320,2,False,3,5,False,True,1,1,0,236,20,2,236,20,2,False,False,Verdant Storm,0,False
92600818,283.8,WIN,False,81,12,MAIN,10,RESOURCE_MANAGEMENT,PLAY_ITEM,1097,PLAY,2,0,121,320,320,2,False,3,5,True,True,1,1,0,236,20,2,236,20,2,False,False,Verdant Storm,0,False
92600818,283.8,WIN,False,82,12,TO_HAND,11,RESOURCE_MANAGEMENT,,,CARD,0,0,121,320,320,2,False,3,5,False,True,1,1,0,236,20,2,236,20,2,False,False,Verdant Storm,0,False
92600818,283.8,WIN,False,83,12,MAIN,10,RESOURCE_MANAGEMENT,PLAY_POKEMON,119,PLAY,2,0,121,320,320,2,False,3,5,True,True,1,1,0,236,20,2,236,20,2,False,False,Verdant Storm,0,False
92600818,283.8,WIN,False,84,12,MAIN,9,RESOURCE_MANAGEMENT,ABILITY,,ABILITY,2,0,121,320,320,2,False,4,5,True,True,1,1,0,236,20,2,236,20,2,False,False,Verdant Storm,0,False
92600818,283.8,WIN,False,85,12,TO_HAND,2,RESOURCE_MANAGEMENT,,,CARD,0,0,121,320,320,2,False,4,5,False,True,1,1,0,236,20,2,236,20,2,False,False,Verdant Storm,0,False
92600818,283.8,WIN,False,86,12,MAIN,9,RESOURCE_MANAGEMENT,ABILITY,,ABILITY,2,0,121,320,320,2,False,4,5,True,True,1,1,0,236,20,2,236,20,2,False,False,Verdant Storm,0,False
92600818,283.8,WIN,False,87,12,MAIN,14,ENERGY_MANAGEMENT,ATTACH_ENERGY,,ATTACH,2,0,121,320,320,2,False,4,5,True,True,1,1,0,236,20,2,236,20,2,False,False,Verdant Storm,0,False
92600818,283.8,WIN,False,88,12,MAIN,9,ATTACK_SELECTION,ATTACK,,ATTACK,2,1,121,320,320,2,False,4,5,True,True,1,1,0,236,20,2,,,2,False,False,Verdant Storm,0,False
92601755,541.1,LOSS,False,0,,,0,UNKNOWN,,,,0,0,,,,,False,,,False,False,,,0,,,,,,,,,,,False
92601755,541.1,LOSS,False,1,,,0,UNKNOWN,,,,0,0,,,,,False,,,False,False,,,0,,,,,,0,,,,,False
92601755,541.1,LOSS,False,2,0,SETUP_ACTIVE_POKEMON,1,EARLY_GAME_SETUP,,,,0,0,,,,,False,0,0,False,False,,,0,,,0,119,70,6,,,,,False
92601755,541.1,LOSS,False,3,2,MAIN,5,RESOURCE_MANAGEMENT,PLAY_SUPPORTER,1198,PLAY,0,0,119,70,70,1,False,0,6,False,False,1,0,0,119,70,6,119,70,6,False,False,Petty Grudge,10,False
92601755,541.1,LOSS,False,4,2,TO_HAND,5,RESOURCE_MANAGEMENT,,,CARD,0,0,119,70,70,1,False,0,6,False,False,1,0,0,119,70,6,119,70,6,False,False,Petty Grudge,10,False
92601755,541.1,LOSS,False,5,2,ATTACH_TO,2,ENERGY_MANAGEMENT,,,CARD,0,0,119,70,70,1,False,0,6,False,False,1,0,0,119,70,6,119,70,6,False,False,Petty Grudge,10,False
92601755,541.1,LOSS,False,6,2,ATTACH_FROM,1,ENERGY_MANAGEMENT,,,CARD,0,0,119,70,70,1,False,0,6,False,False,1,0,0,119,70,6,119,70,6,False,False,Petty Grudge,10,False
92601755,541.1,LOSS,False,7,2,MAIN,5,ENERGY_MANAGEMENT,ATTACH_ENERGY,,ATTACH,0,0,119,70,70,1,False,0,6,False,False,1,1,0,119,70,6,119,70,6,False,False,Petty Grudge,10,False
92602706,683.7,WIN,True,0,,,0,UNKNOWN,,,,0,0,,,,,False,,,False,False,,,0,,,,,,,,,,,False
92602706,683.7,WIN,True,1,,,0,UNKNOWN,,,,0,0,,,,,False,,,False,False,,,0,,,,,,0,,,,,False
92602706,683.7,WIN,True,2,0,IS_FIRST,2,GOING_FIRST_SECOND,,,YES,0,0,,,,,False,0,0,False,False,,,0,,,0,,,0,,,,,False
92602706,683.7,WIN,True,3,0,SETUP_ACTIVE_POKEMON,2,EARLY_GAME_SETUP,,,,0,0,,,,,False,0,0,False,False,,,0,,,0,,,6,,,,,False
92602706,683.7,WIN,True,4,0,DRAW_COUNT,2,SEARCH_DECISION,,,NUMBER,0,0,,,,,False,0,6,False,False,,,0,,,6,,,6,,,,,False
92602706,683.7,WIN,True,5,0,SETUP_BENCH_POKEMON,1,BENCH_MANAGEMENT,,,,0,0,,,,,False,0,6,False,False,,,0,,,6,54,80,6,,,,,False
92602706,683.7,WIN,True,6,1,MAIN,7,RESOURCE_MANAGEMENT,PLAY_STADIUM,1256,PLAY,0,0,184,210,210,2,False,0,6,False,False,2,0,0,54,80,6,54,80,6,False,False,,,False
92602706,683.7,WIN,True,7,1,MAIN,6,ENERGY_MANAGEMENT,ATTACH_ENERGY,,ATTACH,0,0,184,210,210,2,False,0,6,False,False,2,0,0,54,80,6,54,80,6,False,False,,,False
92602706,683.7,WIN,True,8,1,MAIN,3,TIMING,,,,0,0,184,210,210,2,False,0,6,False,False,2,1,0,54,80,6,55,110,6,False,False,,,False
92602706,683.7,WIN,True,9,3,MAIN,8,RESOURCE_MANAGEMENT,PLAY_SUPPORTER,1210,PLAY,0,0,184,180,210,2,True,0,6,False,False,2,1,0,55,110,6,55,110,6,False,False,Evolution Jammer,30,False
92602706,683.7,WIN,True,10,3,TO_HAND,12,RESOURCE_MANAGEMENT,,,CARD,0,0,184,180,210,2,True,0,6,False,False,2,1,0,55,110,6,55,110,6,False,False,Evolution Jammer,30,False
92602706,683.7,WIN,True,11,3,TO_HAND,5,RESOURCE_MANAGEMENT,,,CARD,0,0,184,180,210,2,True,0,6,False,False,2,1,0,55,110,6,55,110,6,False,False,Evolution Jammer,30,False
92602706,683.7,WIN,True,12,3,MAIN,7,RESOURCE_MANAGEMENT,PLAY_POKEMON,235,PLAY,0,0,184,180,210,2,True,0,6,False,False,2,1,0,55,110,6,55,110,6,False,False,Evolution Jammer,30,False
92602706,683.7,WIN,True,13,3,MAIN,9,RESOURCE_MANAGEMENT,PLAY_POKEMON,119,PLAY,0,0,184,180,210,2,True,1,6,True,True,2,1,1,55,110,6,55,110,6,False,False,Evolution Jammer,30,False
92602706,683.7,WIN,True,14,3,MAIN,10,ENERGY_MANAGEMENT,ATTACH_ENERGY,,ATTACH,0,0,184,180,210,2,True,2,6,True,True,2,1,1,55,110,6,55,110,6,False,False,Evolution Jammer,30,False
92602706,683.7,WIN,True,15,3,MAIN,4,RETREAT_SELECTION,RETREAT,,RETREAT,0,0,184,180,210,2,True,2,6,True,True,2,1,2,55,110,6,55,110,6,False,False,Evolution Jammer,30,False
92602706,683.7,WIN,True,16,3,SWITCH,2,ACTIVE_POKEMON_SELECTION,,,CARD,0,0,184,180,210,2,True,2,6,False,True,2,1,2,55,110,6,55,110,6,False,False,Evolution Jammer,30,False
92602706,683.7,WIN,True,17,3,MAIN,4,TIMING,,,,1,0,235,30,30,1,False,2,6,False,True,0,0,1,55,110,6,55,100,5,True,False,Evolution Jammer,30,True
92602706,683.7,WIN,True,18,4,TO_ACTIVE,2,ACTIVE_POKEMON_SELECTION,,,CARD,0,0,,,,,False,2,6,False,True,,,1,55,100,5,55,100,5,,,,,True
92602706,683.7,WIN,True,19,5,MAIN,10,RESOURCE_MANAGEMENT,PLAY_POKEMON,140,PLAY,1,0,119,70,70,1,False,1,6,True,True,1,1,0,55,100,5,55,100,5,False,False,Evolution Jammer,30,False
92602706,683.7,WIN,True,20,5,MAIN,11,RESOURCE_MANAGEMENT,ABILITY,,ABILITY,1,0,119,70,70,1,False,2,6,True,True,1,1,0,55,100,5,55,100,5,False,False,Evolution Jammer,30,False
92602706,683.7,WIN,True,21,5,MAIN,12,RESOURCE_MANAGEMENT,PLAY_ITEM,1152,PLAY,1,0,119,70,70,1,False,2,6,True,True,1,1,0,55,100,5,55,100,5,False,False,Evolution Jammer,30,False
92602706,683.7,WIN,True,22,5,TO_HAND,6,RESOURCE_MANAGEMENT,,,CARD,0,0,119,70,70,1,False,2,6,False,True,1,1,0,55,100,5,55,100,5,False,False,Evolution Jammer,30,False
92602706,683.7,WIN,True,23,5,MAIN,12,RESOURCE_MANAGEMENT,PLAY_POKEMON,235,PLAY,1,0,119,70,70,1,False,2,6,True,True,1,1,0,55,100,5,55,100,5,False,False,Evolution Jammer,30,False
92602706,683.7,WIN,True,24,5,MAIN,12,RESOURCE_MANAGEMENT,PLAY_SUPPORTER,1210,PLAY,1,0,119,70,70,1,False,3,6,True,True,1,1,1,55,100,5,55,100,5,False,False,Evolution Jammer,30,False
92602706,683.7,WIN,True,25,5,TO_HAND,8,RESOURCE_MANAGEMENT,,,CARD,0,0,119,70,70,1,False,3,6,False,True,1,1,1,55,100,5,55,100,5,False,False,Evolution Jammer,30,False
92602706,683.7,WIN,True,26,5,TO_HAND,2,RESOURCE_MANAGEMENT,,,CARD,0,0,119,70,70,1,False,3,6,False,True,1,1,1,55,100,5,55,100,5,False,False,Evolution Jammer,30,False
92602706,683.7,WIN,True,27,5,MAIN,11,RESOURCE_MANAGEMENT,PLAY_POKEMON,119,PLAY,1,0,119,70,70,1,False,3,6,True,True,1,1,1,55,100,5,55,100,5,False,False,Evolution Jammer,30,False
92602706,683.7,WIN,True,28,5,MAIN,11,RESOURCE_MANAGEMENT,PLAY_POKEMON,119,PLAY,1,0,119,70,70,1,False,4,6,True,True,1,1,1,55,100,5,55,100,5,False,False,Evolution Jammer,30,False
92602706,683.7,WIN,True,29,5,MAIN,10,ENERGY_MANAGEMENT,ATTACH_ENERGY,,ATTACH,1,0,119,70,70,1,False,5,6,True,True,1,1,1,55,100,5,55,100,5,False,False,Evolution Jammer,30,False
92602706,683.7,WIN,True,30,5,MAIN,4,RETREAT_SELECTION,RETREAT,,RETREAT,1,0,119,70,70,1,False,5,6,True,True,1,1,1,55,100,5,55,100,5,False,False,Evolution Jammer,30,False
92602706,683.7,WIN,True,31,5,SWITCH,5,ACTIVE_POKEMON_SELECTION,,,CARD,0,0,119,70,70,1,False,5,6,False,True,1,1,1,55,100,5,55,100,5,False,False,Evolution Jammer,30,False
92602706,683.7,WIN,True,32,5,MAIN,3,TIMING,,,,1,0,235,30,30,1,False,5,6,False,True,0,0,1,55,100,5,55,90,4,True,False,Evolution Jammer,30,True
92602706,683.7,WIN,True,33,6,TO_ACTIVE,5,ACTIVE_POKEMON_SELECTION,,,CARD,0,0,,,,,False,5,6,False,True,,,1,55,90,4,55,90,4,,,,,True
92602706,683.7,WIN,True,34,7,MAIN,9,RESOURCE_MANAGEMENT,PLAY_ITEM,1097,PLAY,1,0,119,70,70,1,False,4,6,True,True,1,1,0,55,90,4,55,90,4,False,False,Evolution Jammer,30,False
92602706,683.7,WIN,True,35,7,TO_HAND,2,RESOURCE_MANAGEMENT,,,CARD,0,0,119,70,70,1,False,4,6,False,True,1,1,0,55,90,4,55,90,4,False,False,Evolution Jammer,30,False
92602706,683.7,WIN,True,36,7,MAIN,9,RESOURCE_MANAGEMENT,PLAY_POKEMON,235,PLAY,1,0,119,70,70,1,False,4,6,True,True,1,1,0,55,90,4,55,90,4,False,False,Evolution Jammer,30,False
92602706,683.7,WIN,True,37,7,MAIN,7,RESOURCE_MANAGEMENT,PLAY_ITEM,1120,PLAY,1,0,119,70,70,1,False,5,6,True,True,1,1,1,55,90,4,55,90,4,False,False,Evolution Jammer,30,False
92602706,683.7,WIN,True,38,7,DISCARD_ENERGY,1,ENERGY_MANAGEMENT,,,ENERGY,0,0,119,70,70,1,False,5,6,False,True,1,1,1,55,90,4,55,90,4,False,False,Evolution Jammer,30,False
92602706,683.7,WIN,True,39,7,MAIN,6,RESOURCE_MANAGEMENT,ABILITY,,ABILITY,1,0,119,70,70,1,False,5,6,True,True,1,1,1,55,90,4,55,90,4,False,False,,,False
92602706,683.7,WIN,True,40,7,MAIN,5,RESOURCE_MANAGEMENT,PLAY_SUPPORTER,1198,PLAY,1,0,119,70,70,1,False,5,6,True,True,1,1,1,55,90,4,55,90,4,False,False,,,False
92602706,683.7,WIN,True,41,7,TO_HAND,3,RESOURCE_MANAGEMENT,,,CARD,0,0,119,70,70,1,False,5,6,False,True,1,1,1,55,90,4,55,90,4,False,False,,,False
92602706,683.7,WIN,True,42,7,ATTACH_TO,1,ENERGY_MANAGEMENT,,,CARD,0,0,119,70,70,1,False,5,6,False,True,1,1,1,55,90,4,55,90,4,False,False,,,False
92602706,683.7,WIN,True,43,7,ATTACH_FROM,6,ENERGY_MANAGEMENT,,,CARD,0,0,119,70,70,1,False,5,6,False,True,1,1,1,55,90,4,55,90,4,False,False,,,False
92602706,683.7,WIN,True,44,7,MAIN,9,ENERGY_MANAGEMENT,ATTACH_ENERGY,,ATTACH,1,0,119,70,70,1,False,5,6,True,True,1,1,1,55,90,4,55,90,4,False,False,,,False
92602706,683.7,WIN,True,45,7,MAIN,3,RETREAT_SELECTION,RETREAT,,RETREAT,1,0,119,70,70,1,False,5,6,True,True,1,1,2,55,90,4,55,90,4,False,False,,,False
92602706,683.7,WIN,True,46,7,SWITCH,5,ACTIVE_POKEMON_SELECTION,,,CARD,0,0,119,70,70,1,False,5,6,False,True,1,1,2,55,90,4,55,90,4,False,False,,,False
92602706,683.7,WIN,True,47,7,MAIN,2,TIMING,,,,1,0,235,30,30,1,False,5,6,False,True,0,0,2,55,90,4,55,80,3,False,True,,,True
92602706,683.7,WIN,True,48,8,TO_ACTIVE,5,ACTIVE_POKEMON_SELECTION,,,CARD,0,0,,,,,False,5,6,False,True,,,2,55,80,3,55,80,3,,,,,True
92602706,683.7,WIN,True,49,9,MAIN,10,RESOURCE_MANAGEMENT,PLAY_ITEM,1086,PLAY,2,0,119,70,70,1,False,4,6,True,True,1,1,1,55,80,3,55,80,3,False,False,Evolution Jammer,30,False
92602706,683.7,WIN,True,50,9,TO_BENCH,1,BENCH_MANAGEMENT,,,CARD,0,0,119,70,70,1,False,4,6,False,True,1,1,1,55,80,3,55,80,3,False,False,Evolution Jammer,30,False
92602706,683.7,WIN,True,51,9,MAIN,8,RESOURCE_MANAGEMENT,PLAY_ITEM,1120,PLAY,2,0,119,70,70,1,False,5,6,True,True,1,1,1,55,80,3,55,80,3,False,False,Evolution Jammer,30,False
92602706,683.7,WIN,True,52,9,MAIN,7,RESOURCE_MANAGEMENT,ABILITY,,ABILITY,2,0,119,70,70,1,False,5,6,True,True,1,1,1,55,80,3,55,80,3,False,False,Evolution Jammer,30,False
92602706,683.7,WIN,True,53,9,MAIN,7,RESOURCE_MANAGEMENT,PLAY_ITEM,1080,PLAY,2,0,119,70,70,1,False,5,6,True,True,1,1,1,55,80,3,55,80,3,False,False,Evolution Jammer,30,False
92602706,683.7,WIN,True,54,9,MAIN,8,RESOURCE_MANAGEMENT,PLAY_ITEM,1152,PLAY,2,0,119,70,70,1,False,5,6,True,True,1,1,1,55,80,3,55,80,3,False,False,Evolution Jammer,30,False
92602706,683.7,WIN,True,55,9,TO_HAND,3,RESOURCE_MANAGEMENT,,,CARD,0,0,119,70,70,1,False,5,6,False,True,1,1,1,55,80,3,55,80,3,False,False,Evolution Jammer,30,False
92602706,683.7,WIN,True,56,9,MAIN,7,RESOURCE_MANAGEMENT,PLAY_SUPPORTER,1227,PLAY,2,0,119,70,70,1,False,5,6,True,True,1,1,1,55,80,3,55,80,3,False,False,Evolution Jammer,30,False
92602706,683.7,WIN,True,57,9,MAIN,8,RESOURCE_MANAGEMENT,PLAY_ITEM,1079,PLAY,2,0,119,70,70,1,False,5,6,True,True,1,1,1,55,80,3,55,80,3,False,False,Evolution Jammer,30,False
92602706,683.7,WIN,True,58,9,EVOLVE,3,BENCH_MANAGEMENT,,,EVOLVE,0,0,119,70,70,1,False,5,6,False,True,1,1,1,55,80,3,55,80,3,False,False,Evolution Jammer,30,False
92602706,683.7,WIN,True,59,9,MAIN,7,RESOURCE_MANAGEMENT,PLAY_ITEM,1121,PLAY,2,0,119,70,70,1,False,5,6,True,True,1,1,1,55,80,3,55,80,3,False,False,Evolution Jammer,30,False
92602706,683.7,WIN,True,60,9,DISCARD,6,RESOURCE_MANAGEMENT,,,CARD;CARD,0,0,119,70,70,1,False,5,6,False,True,1,1,1,55,80,3,55,80,3,False,False,Evolution Jammer,30,False
92602706,683.7,WIN,True,61,9,TO_HAND,5,RESOURCE_MANAGEMENT,,,CARD,0,0,119,70,70,1,False,5,6,False,True,1,1,1,55,80,3,55,80,3,False,False,Evolution Jammer,30,False
92602706,683.7,WIN,True,62,9,MAIN,6,RESOURCE_MANAGEMENT,PLAY_ITEM,1120,PLAY,2,0,119,70,70,1,False,5,6,True,True,1,1,1,55,80,3,55,80,3,False,False,Evolution Jammer,30,False
92602706,683.7,WIN,True,63,9,DISCARD_ENERGY,1,ENERGY_MANAGEMENT,,,ENERGY,0,0,119,70,70,1,False,5,6,False,True,1,1,1,55,80,3,55,80,3,False,False,Evolution Jammer,30,False
92602706,683.7,WIN,True,64,9,MAIN,5,TIMING,,,,2,0,119,70,70,1,False,5,6,True,True,1,1,1,55,80,3,55,40,3,False,False,,,False
92602706,683.7,WIN,True,65,11,MAIN,6,ATTACK_SELECTION,ATTACK,,ATTACK,2,1,119,40,70,1,True,5,6,True,True,1,1,1,55,40,3,,,3,False,False,Evolution Jammer,30,False
92602706,683.7,WIN,True,66,11,TO_HAND,6,RESOURCE_MANAGEMENT,,,,0,0,119,40,70,1,True,5,6,False,True,1,1,1,,,3,55,110,3,,,,,False
92602706,683.7,WIN,True,67,13,MAIN,19,RESOURCE_MANAGEMENT,PLAY_SUPPORTER,1198,PLAY,2,0,119,40,70,1,True,5,5,True,True,1,1,1,55,110,3,55,110,3,False,False,,,False
92602706,683.7,WIN,True,68,13,TO_HAND,1,RESOURCE_MANAGEMENT,,,CARD,0,0,119,40,70,1,True,5,5,False,True,1,1,1,55,110,3,55,110,3,False,False,,,False
92602706,683.7,WIN,True,69,13,MAIN,23,BENCH_MANAGEMENT,EVOLVE,,EVOLVE,2,0,119,40,70,1,True,5,5,True,True,1,1,1,55,110,3,55,110,3,False,False,,,False
92602706,683.7,WIN,True,70,13,MAIN,17,RESOURCE_MANAGEMENT,ABILITY,,ABILITY,1,0,120,60,90,1,True,5,5,True,True,1,1,1,55,110,3,55,110,3,False,False,,,True
92602706,683.7,WIN,True,71,13,TO_HAND,2,RESOURCE_MANAGEMENT,,,CARD,0,0,120,60,90,1,True,5,5,False,True,1,1,1,55,110,3,55,110,3,False,False,,,False
92602706,683.7,WIN,True,72,13,MAIN,16,BENCH_MANAGEMENT,EVOLVE,,EVOLVE,1,0,120,60,90,1,True,5,5,True,True,1,1,1,55,110,3,55,110,3,False,False,,,False
92602706,683.7,WIN,True,73,13,MAIN,13,RESOURCE_MANAGEMENT,ABILITY,,ABILITY,1,0,120,60,90,1,True,5,5,True,True,1,1,1,55,110,3,55,110,3,False,False,,,False
92602706,683.7,WIN,True,74,13,TO_HAND,2,RESOURCE_MANAGEMENT,,,CARD,0,0,120,60,90,1,True,5,5,False,True,1,1,1,55,110,3,55,110,3,False,False,,,False
92602706,683.7,WIN,True,75,13,MAIN,12,BENCH_MANAGEMENT,EVOLVE,,EVOLVE,1,0,120,60,90,1,True,5,5,True,True,1,1,1,55,110,3,55,110,3,False,False,,,False
92602706,683.7,WIN,True,76,13,MAIN,11,RESOURCE_MANAGEMENT,ABILITY,,ABILITY,1,0,120,60,90,1,True,5,5,True,True,1,1,0,55,110,3,55,110,3,False,False,,,False
92602706,683.7,WIN,True,77,13,TO_HAND,2,RESOURCE_MANAGEMENT,,,CARD,0,0,120,60,90,1,True,5,5,False,True,1,1,0,55,110,3,55,110,3,False,False,,,False
92602706,683.7,WIN,True,78,13,MAIN,10,ENERGY_MANAGEMENT,ATTACH_ENERGY,,ATTACH,1,0,120,60,90,1,True,5,5,True,True,1,1,0,55,110,3,55,110,3,False,False,,,False
92602706,683.7,WIN,True,79,13,MAIN,4,TIMING,,,,1,0,120,60,90,1,True,5,5,True,True,1,1,1,55,110,3,55,40,3,False,False,,,False
92602706,683.7,WIN,True,80,15,MAIN,21,BENCH_MANAGEMENT,EVOLVE,,EVOLVE,1,0,120,60,90,1,True,5,5,True,True,1,1,1,55,40,3,55,40,3,False,False,,,False
92602706,683.7,WIN,True,81,15,MAIN,17,BENCH_MANAGEMENT,EVOLVE,,EVOLVE,2,0,121,290,320,2,True,5,5,True,True,1,1,1,55,40,3,55,40,3,False,False,,,True
92602706,683.7,WIN,True,82,15,MAIN,14,ENERGY_MANAGEMENT,ATTACH_ENERGY,,ATTACH,2,0,121,290,320,2,True,5,5,True,True,1,1,2,55,40,3,55,40,3,False,False,,,False
92602706,683.7,WIN,True,83,15,MAIN,8,RESOURCE_MANAGEMENT,ABILITY,,ABILITY,2,0,121,290,320,2,True,5,5,True,True,1,1,2,55,40,3,55,40,3,False,False,,,False
92602706,683.7,WIN,True,84,15,TO_HAND,2,RESOURCE_MANAGEMENT,,,CARD,0,0,121,290,320,2,True,5,5,False,True,1,1,2,55,40,3,55,40,3,False,False,,,False
92602706,683.7,WIN,True,85,15,MAIN,8,RESOURCE_MANAGEMENT,PLAY_SUPPORTER,1227,PLAY,2,0,121,290,320,2,True,5,5,True,True,1,1,2,55,40,3,55,40,3,False,False,,,False
92602706,683.7,WIN,True,86,15,MAIN,8,BENCH_MANAGEMENT,EVOLVE,,EVOLVE,2,0,121,290,320,2,True,5,5,True,True,1,1,2,55,40,3,55,40,3,False,False,,,False
92602706,683.7,WIN,True,87,15,MAIN,8,RESOURCE_MANAGEMENT,ABILITY,,ABILITY,2,0,121,290,320,2,True,5,5,True,True,1,1,1,55,40,3,55,40,3,False,False,,,False
92602706,683.7,WIN,True,88,15,TO_HAND,2,RESOURCE_MANAGEMENT,,,CARD,0,0,121,290,320,2,True,5,5,False,True,1,1,1,55,40,3,55,40,3,False,False,,,False
92602706,683.7,WIN,True,89,15,MAIN,7,RESOURCE_MANAGEMENT,PLAY_ITEM,1121,PLAY,2,0,121,290,320,2,True,5,5,True,True,1,1,1,55,40,3,55,40,3,False,False,,,False
92602706,683.7,WIN,True,90,15,DISCARD,5,RESOURCE_MANAGEMENT,,,CARD;CARD,0,0,121,290,320,2,True,5,5,False,True,1,1,1,55,40,3,55,40,3,False,False,,,False
92602706,683.7,WIN,True,91,15,TO_HAND,2,RESOURCE_MANAGEMENT,,,CARD,0,0,121,290,320,2,True,5,5,False,True,1,1,1,55,40,3,55,40,3,False,False,,,False
92602706,683.7,WIN,True,92,15,MAIN,6,ATTACK_SELECTION,ATTACK,,ATTACK,2,1,121,290,320,2,True,5,5,True,True,1,1,1,55,40,3,55,0,3,False,False,,,False
92602706,683.7,WIN,True,93,15,DAMAGE_COUNTER_ANY,4,TARGET_SELECTION,,,CARD,0,0,121,290,320,2,True,5,5,False,True,1,1,1,55,0,3,55,0,3,False,False,,,False
92602706,683.7,WIN,True,94,15,DAMAGE_COUNTER_ANY,4,TARGET_SELECTION,,,CARD,0,0,121,290,320,2,True,5,5,False,True,1,1,1,55,0,3,55,0,3,False,False,,,False
92602706,683.7,WIN,True,95,15,DAMAGE_COUNTER_ANY,4,TARGET_SELECTION,,,CARD,0,0,121,290,320,2,True,5,5,False,True,1,1,1,55,0,3,55,0,3,False,False,,,False
92602706,683.7,WIN,True,96,15,DAMAGE_COUNTER_ANY,4,TARGET_SELECTION,,,CARD,0,0,121,290,320,2,True,5,5,False,True,1,1,1,55,0,3,55,0,3,False,False,,,False
92602706,683.7,WIN,True,97,15,DAMAGE_COUNTER_ANY,4,TARGET_SELECTION,,,CARD,0,0,121,290,320,2,True,5,5,False,True,1,1,1,55,0,3,55,0,3,False,False,,,False
92602706,683.7,WIN,True,98,15,DAMAGE_COUNTER_ANY,4,TARGET_SELECTION,,,CARD,0,0,121,290,320,2,True,5,5,False,True,1,1,1,55,0,3,,,3,False,False,,,False
92602706,683.7,WIN,True,99,15,TO_HAND,5,RESOURCE_MANAGEMENT,,,,0,0,121,290,320,2,True,5,5,False,True,1,1,1,,,3,345,150,3,,,,,False
92602706,683.7,WIN,True,100,17,MAIN,11,RESOURCE_MANAGEMENT,PLAY_SUPPORTER,1227,PLAY,2,0,121,290,320,2,True,5,4,True,True,1,1,1,345,150,3,345,150,3,False,False,,,False
92602706,683.7,WIN,True,101,17,MAIN,8,ATTACK_SELECTION,ATTACK,,ATTACK,2,1,121,290,320,2,True,5,4,True,True,1,1,1,345,150,3,345,150,3,False,False,,,False
92602706,683.7,WIN,True,102,17,DAMAGE_COUNTER_ANY,3,TARGET_SELECTION,,,CARD,0,0,121,290,320,2,True,5,4,False,True,1,1,1,345,150,3,345,150,3,False,False,,,False
92602706,683.7,WIN,True,103,17,DAMAGE_COUNTER_ANY,3,TARGET_SELECTION,,,CARD,0,0,121,290,320,2,True,5,4,False,True,1,1,1,345,150,3,345,150,3,False,False,,,False
92602706,683.7,WIN,True,104,17,DAMAGE_COUNTER_ANY,3,TARGET_SELECTION,,,CARD,0,0,121,290,320,2,True,5,4,False,True,1,1,1,345,150,3,345,150,3,False,False,,,False
92602706,683.7,WIN,True,105,17,DAMAGE_COUNTER_ANY,3,TARGET_SELECTION,,,CARD,0,0,121,290,320,2,True,5,4,False,True,1,1,1,345,150,3,345,150,3,False,False,,,False
92602706,683.7,WIN,True,106,17,DAMAGE_COUNTER_ANY,3,TARGET_SELECTION,,,CARD,0,0,121,290,320,2,True,5,4,False,True,1,1,1,345,150,3,345,150,3,False,False,,,False
92602706,683.7,WIN,True,107,17,DAMAGE_COUNTER_ANY,3,TARGET_SELECTION,,,CARD,0,0,121,290,320,2,True,5,4,False,True,1,1,1,345,150,3,345,150,3,False,False,,,False
92602706,683.7,WIN,True,108,17,TO_HAND,4,RESOURCE_MANAGEMENT,,,,0,0,121,290,320,2,True,5,4,False,True,1,1,1,345,150,3,345,150,3,False,False,,,False
92602706,683.7,WIN,True,109,19,MAIN,12,RESOURCE_MANAGEMENT,PLAY_ITEM,1120,PLAY,2,0,121,290,320,2,True,5,3,True,True,1,1,1,345,150,3,345,150,3,False,False,,,False
92602706,683.7,WIN,True,110,19,DISCARD_ENERGY,1,ENERGY_MANAGEMENT,,,ENERGY,0,0,121,290,320,2,True,5,3,False,True,1,1,1,345,150,3,345,150,3,False,False,,,False
92602706,683.7,WIN,True,111,19,MAIN,11,RESOURCE_MANAGEMENT,PLAY_SUPPORTER,1227,PLAY,2,0,121,290,320,2,True,5,3,True,True,1,1,1,345,150,3,345,150,3,False,False,,,False
92602706,683.7,WIN,True,112,19,MAIN,8,ATTACK_SELECTION,ATTACK,,ATTACK,2,1,121,290,320,2,True,5,3,True,True,1,1,1,345,150,3,345,150,3,False,False,,,False
92602706,683.7,WIN,True,113,19,DAMAGE_COUNTER_ANY,2,TARGET_SELECTION,,,CARD,0,0,121,290,320,2,True,5,3,False,True,1,1,1,345,150,3,345,150,3,False,False,,,False
92602706,683.7,WIN,True,114,19,DAMAGE_COUNTER_ANY,2,TARGET_SELECTION,,,CARD,0,0,121,290,320,2,True,5,3,False,True,1,1,1,345,150,3,345,150,3,False,False,,,False
92602706,683.7,WIN,True,115,19,DAMAGE_COUNTER_ANY,2,TARGET_SELECTION,,,CARD,0,0,121,290,320,2,True,5,3,False,True,1,1,1,345,150,3,345,150,3,False,False,,,False
92602706,683.7,WIN,True,116,19,DAMAGE_COUNTER_ANY,2,TARGET_SELECTION,,,CARD,0,0,121,290,320,2,True,5,3,False,True,1,1,1,345,150,3,345,150,3,False,False,,,False
92602706,683.7,WIN,True,117,19,DAMAGE_COUNTER_ANY,2,TARGET_SELECTION,,,CARD,0,0,121,290,320,2,True,5,3,False,True,1,1,1,345,150,3,345,150,3,False,False,,,False
92602706,683.7,WIN,True,118,19,DAMAGE_COUNTER_ANY,2,TARGET_SELECTION,,,CARD,0,0,121,290,320,2,True,5,3,False,True,1,1,1,345,150,3,345,150,3,False,False,,,False
92602706,683.7,WIN,True,119,19,TO_HAND,3,RESOURCE_MANAGEMENT,,,,0,0,121,290,320,2,True,5,3,False,True,1,1,1,345,150,3,345,150,3,False,False,,,False
92602706,683.7,WIN,True,120,21,MAIN,13,ATTACK_SELECTION,ATTACK,,ATTACK,2,1,121,290,320,2,True,5,2,True,True,1,1,1,345,150,3,345,150,3,False,False,,,False
92602706,683.7,WIN,True,121,21,DAMAGE_COUNTER_ANY,1,TARGET_SELECTION,,,CARD,0,0,121,290,320,2,True,5,2,False,True,1,1,1,345,150,3,345,150,3,False,False,,,False
92602706,683.7,WIN,True,122,21,DAMAGE_COUNTER_ANY,1,TARGET_SELECTION,,,CARD,0,0,121,290,320,2,True,5,2,False,True,1,1,1,345,150,3,345,150,3,False,False,,,False
92602706,683.7,WIN,True,123,21,DAMAGE_COUNTER_ANY,1,TARGET_SELECTION,,,CARD,0,0,121,290,320,2,True,5,2,False,True,1,1,1,345,150,3,345,150,3,False,False,,,False
92602706,683.7,WIN,True,124,21,DAMAGE_COUNTER_ANY,1,TARGET_SELECTION,,,CARD,0,0,121,290,320,2,True,5,2,False,True,1,1,1,345,150,3,345,150,3,False,False,,,False
92602706,683.7,WIN,True,125,21,DAMAGE_COUNTER_ANY,1,TARGET_SELECTION,,,CARD,0,0,121,290,320,2,True,5,2,False,True,1,1,1,345,150,3,345,150,3,False,False,,,False
92602706,683.7,WIN,True,126,21,DAMAGE_COUNTER_ANY,1,TARGET_SELECTION,,,,0,0,121,290,320,2,True,5,2,False,True,1,1,1,345,150,3,345,150,3,False,False,,,False
92602706,683.7,WIN,True,127,23,MAIN,13,ATTACK_SELECTION,ATTACK,,ATTACK,2,1,121,290,320,2,True,5,2,True,True,1,1,1,345,150,3,345,150,3,False,False,,,False
92602706,683.7,WIN,True,128,23,DAMAGE_COUNTER_ANY,2,TARGET_SELECTION,,,CARD,0,0,121,290,320,2,True,5,2,False,True,1,1,1,345,150,3,345,150,3,False,False,,,False
92602706,683.7,WIN,True,129,23,DAMAGE_COUNTER_ANY,2,TARGET_SELECTION,,,CARD,0,0,121,290,320,2,True,5,2,False,True,1,1,1,345,150,3,345,150,3,False,False,,,False
92602706,683.7,WIN,True,130,23,DAMAGE_COUNTER_ANY,2,TARGET_SELECTION,,,CARD,0,0,121,290,320,2,True,5,2,False,True,1,1,1,345,150,3,345,150,3,False,False,,,False
92602706,683.7,WIN,True,131,23,DAMAGE_COUNTER_ANY,2,TARGET_SELECTION,,,CARD,0,0,121,290,320,2,True,5,2,False,True,1,1,1,345,150,3,345,150,3,False,False,,,False
92602706,683.7,WIN,True,132,23,DAMAGE_COUNTER_ANY,2,TARGET_SELECTION,,,CARD,0,0,121,290,320,2,True,5,2,False,True,1,1,1,345,150,3,345,150,3,False,False,,,False
92602706,683.7,WIN,True,133,23,DAMAGE_COUNTER_ANY,2,TARGET_SELECTION,,,CARD,0,0,121,290,320,2,True,5,2,False,True,1,1,1,345,150,3,345,150,3,False,False,,,False
92602706,683.7,WIN,True,134,23,TO_HAND,2,RESOURCE_MANAGEMENT,,,,0,0,121,290,320,2,True,5,2,False,True,1,1,1,345,150,3,345,150,3,False,False,,,False
92602706,683.7,WIN,True,135,25,MAIN,21,ENERGY_MANAGEMENT,ATTACH_ENERGY,,ATTACH,2,0,121,290,320,2,True,5,1,True,True,1,1,1,345,150,3,345,150,3,False,False,,,False
92602706,683.7,WIN,True,136,25,MAIN,15,ATTACK_SELECTION,ATTACK,,ATTACK,2,1,121,290,320,2,True,5,1,True,True,1,1,2,345,150,3,345,150,3,False,False,,,False
92602706,683.7,WIN,True,137,25,DAMAGE_COUNTER_ANY,1,TARGET_SELECTION,,,CARD,0,0,121,290,320,2,True,5,1,False,True,1,1,2,345,150,3,345,150,3,False,False,,,False
92602706,683.7,WIN,True,138,25,DAMAGE_COUNTER_ANY,1,TARGET_SELECTION,,,CARD,0,0,121,290,320,2,True,5,1,False,True,1,1,2,345,150,3,345,150,3,False,False,,,False
92602706,683.7,WIN,True,139,25,DAMAGE_COUNTER_ANY,1,TARGET_SELECTION,,,CARD,0,0,121,290,320,2,True,5,1,False,True,1,1,2,345,150,3,345,150,3,False,False,,,False
92602706,683.7,WIN,True,140,25,DAMAGE_COUNTER_ANY,1,TARGET_SELECTION,,,CARD,0,0,121,290,320,2,True,5,1,False,True,1,1,2,345,150,3,345,150,3,False,False,,,False
92602706,683.7,WIN,True,141,25,DAMAGE_COUNTER_ANY,1,TARGET_SELECTION,,,CARD,0,0,121,290,320,2,True,5,1,False,True,1,1,2,345,150,3,345,150,3,False,False,,,False
92602706,683.7,WIN,True,142,25,DAMAGE_COUNTER_ANY,1,TARGET_SELECTION,,,CARD,0,0,121,290,320,2,True,5,1,False,True,1,1,2,345,150,3,345,150,3,False,False,,,False
92603584,576.9,LOSS,True,0,,,0,UNKNOWN,,,,0,0,,,,,False,,,False,False,,,0,,,,,,,,,,,False
92603584,576.9,LOSS,True,1,,,0,UNKNOWN,,,,0,0,,,,,False,,,False,False,,,0,,,,,,0,,,,,False
92603584,576.9,LOSS,True,2,0,IS_FIRST,2,GOING_FIRST_SECOND,,,,0,0,,,,,False,0,0,False,False,,,0,,,0,,,6,,,,,False
92603584,576.9,LOSS,True,3,0,SETUP_ACTIVE_POKEMON,1,EARLY_GAME_SETUP,,,,0,0,,,,,False,0,0,False,False,,,0,,,6,676,110,6,,,,,False
92603584,576.9,LOSS,True,4,1,MAIN,3,RESOURCE_MANAGEMENT,PLAY_ITEM,1086,PLAY,0,0,184,210,210,2,False,0,6,False,False,2,0,0,676,110,6,676,110,6,False,False,,,False
92603584,576.9,LOSS,True,5,1,TO_BENCH,6,BENCH_MANAGEMENT,,,CARD;CARD,0,0,184,210,210,2,False,0,6,False,False,2,0,0,676,110,6,676,110,6,False,False,,,False
92603584,576.9,LOSS,True,6,1,MAIN,3,RESOURCE_MANAGEMENT,PLAY_ITEM,1152,PLAY,0,0,184,210,210,2,False,2,6,True,True,2,0,0,676,110,6,676,110,6,False,False,,,False
92603584,576.9,LOSS,True,7,1,TO_HAND,8,RESOURCE_MANAGEMENT,,,CARD,0,0,184,210,210,2,False,2,6,False,True,2,0,0,676,110,6,676,110,6,False,False,,,False
92603584,576.9,LOSS,True,8,1,MAIN,3,RESOURCE_MANAGEMENT,PLAY_POKEMON,119,PLAY,0,0,184,210,210,2,False,2,6,True,True,2,0,0,676,110,6,676,110,6,False,False,,,False
92603584,576.9,LOSS,True,9,1,MAIN,2,TIMING,,,,0,0,184,210,210,2,False,3,6,True,True,2,0,0,676,110,6,676,110,5,False,False,,,False
92603584,576.9,LOSS,True,10,2,TO_ACTIVE,3,ACTIVE_POKEMON_SELECTION,,,CARD,0,0,,,,,False,3,6,False,True,,,0,676,110,5,676,110,5,,,,,True
92603584,576.9,LOSS,True,11,3,MAIN,7,RESOURCE_MANAGEMENT,PLAY_ITEM,1120,PLAY,0,0,119,70,70,1,False,2,6,True,True,1,0,0,676,110,5,676,110,5,True,False,Cosmic Beam,70,False
92603584,576.9,LOSS,True,12,3,MAIN,6,RESOURCE_MANAGEMENT,PLAY_ITEM,1080,PLAY,0,0,119,70,70,1,False,2,6,True,True,1,0,0,676,110,5,676,110,5,True,False,Cosmic Beam,70,False
92603584,576.9,LOSS,True,13,3,MAIN,7,RESOURCE_MANAGEMENT,PLAY_ITEM,1152,PLAY,0,0,119,70,70,1,False,2,6,True,True,1,0,0,676,110,5,676,110,5,True,False,Cosmic Beam,70,False
92603584,576.9,LOSS,True,14,3,TO_HAND,6,RESOURCE_MANAGEMENT,,,CARD,0,0,119,70,70,1,False,2,6,False,True,1,0,0,676,110,5,676,110,5,True,False,Cosmic Beam,70,False
92603584,576.9,LOSS,True,15,3,MAIN,7,RESOURCE_MANAGEMENT,PLAY_POKEMON,235,PLAY,0,0,119,70,70,1,False,2,6,True,True,1,0,0,676,110,5,676,110,5,True,False,Cosmic Beam,70,False
92603584,576.9,LOSS,True,16,3,MAIN,6,RESOURCE_MANAGEMENT,PLAY_ITEM,1097,PLAY,0,0,119,70,70,1,False,3,6,True,True,1,0,1,676,110,5,676,110,5,True,False,Cosmic Beam,70,False
92603584,576.9,LOSS,True,17,3,TO_HAND,1,RESOURCE_MANAGEMENT,,,CARD,0,0,119,70,70,1,False,3,6,False,True,1,0,1,676,110,5,676,110,5,True,False,Cosmic Beam,70,False
92603584,576.9,LOSS,True,18,3,MAIN,6,RESOURCE_MANAGEMENT,PLAY_POKEMON,119,PLAY,0,0,119,70,70,1,False,3,6,True,True,1,0,1,676,110,5,676,110,5,True,False,Cosmic Beam,70,False
92603584,576.9,LOSS,True,19,3,MAIN,5,BENCH_MANAGEMENT,EVOLVE,,EVOLVE,0,0,119,70,70,1,False,4,6,True,True,1,0,1,676,110,5,676,110,5,True,False,Cosmic Beam,70,False
92603584,576.9,LOSS,True,20,3,MAIN,3,RESOURCE_MANAGEMENT,ABILITY,,ABILITY,0,0,120,90,90,1,False,4,6,False,True,1,0,1,676,110,5,676,110,5,False,False,Cosmic Beam,70,True
92603584,576.9,LOSS,True,21,3,TO_HAND,2,RESOURCE_MANAGEMENT,,,CARD,0,0,120,90,90,1,False,4,6,False,True,1,0,1,676,110,5,676,110,5,False,False,Cosmic Beam,70,False
92603584,576.9,LOSS,True,22,3,MAIN,3,RESOURCE_MANAGEMENT,PLAY_SUPPORTER,1198,PLAY,0,0,120,90,90,1,False,4,6,False,True,1,0,1,676,110,5,676,110,5,False,False,Cosmic Beam,70,False
92603584,576.9,LOSS,True,23,3,TO_HAND,6,RESOURCE_MANAGEMENT,,,CARD,0,0,120,90,90,1,False,4,6,False,True,1,0,1,676,110,5,676,110,5,False,False,Cosmic Beam,70,False
92603584,576.9,LOSS,True,24,3,ATTACH_TO,3,ENERGY_MANAGEMENT,,,CARD,0,0,120,90,90,1,False,4,6,False,True,1,0,1,676,110,5,676,110,5,False,False,Cosmic Beam,70,False
92603584,576.9,LOSS,True,25,3,ATTACH_FROM,5,ENERGY_MANAGEMENT,,,CARD,0,0,120,90,90,1,False,4,6,False,True,1,0,1,676,110,5,676,110,5,False,False,Cosmic Beam,70,False
92603584,576.9,LOSS,True,26,3,MAIN,7,ENERGY_MANAGEMENT,ATTACH_ENERGY,,ATTACH,0,0,120,90,90,1,False,4,6,False,True,1,0,2,676,110,5,676,110,5,False,False,Cosmic Beam,70,False
92603584,576.9,LOSS,True,27,3,MAIN,2,TIMING,,,,0,0,120,90,90,1,False,4,6,False,True,1,0,2,676,110,5,678,440,4,False,False,Cosmic Beam,70,False
92603584,576.9,LOSS,True,28,4,TO_ACTIVE,4,ACTIVE_POKEMON_SELECTION,,,CARD,0,0,,,,,False,4,6,False,True,,,2,678,440,4,678,440,4,,,,,True
92603584,576.9,LOSS,True,29,5,MAIN,5,RESOURCE_MANAGEMENT,PLAY_ITEM,1120,PLAY,1,0,235,30,30,1,False,3,6,True,True,0,0,1,678,440,4,678,440,4,True,False,Aura Jab,130,False
92603584,576.9,LOSS,True,30,5,MAIN,4,TIMING,,,,1,0,235,30,30,1,False,3,6,True,True,0,0,1,678,440,4,678,430,2,True,False,Aura Jab,130,False
92603584,576.9,LOSS,True,31,6,TO_ACTIVE,3,ACTIVE_POKEMON_SELECTION,,,CARD,0,0,,,,,False,3,6,False,True,,,2,678,430,2,678,430,2,,,,,True
92603584,576.9,LOSS,True,32,7,MAIN,5,RESOURCE_MANAGEMENT,PLAY_ITEM,1152,PLAY,1,0,235,30,30,1,False,2,6,True,True,0,0,1,678,430,2,678,430,2,True,False,Mega Brave,270,False
92603584,576.9,LOSS,True,33,7,TO_HAND,5,RESOURCE_MANAGEMENT,,,CARD,0,0,235,30,30,1,False,2,6,False,True,0,0,1,678,430,2,678,430,2,True,False,Mega Brave,270,False
92603584,576.9,LOSS,True,34,7,MAIN,6,BENCH_MANAGEMENT,EVOLVE,,EVOLVE,1,0,235,30,30,1,False,2,6,True,True,0,0,1,678,430,2,678,430,2,True,False,Mega Brave,270,False
92603584,576.9,LOSS,True,35,7,MAIN,5,RESOURCE_MANAGEMENT,ABILITY,,ABILITY,1,0,235,30,30,1,False,2,6,True,True,0,0,0,678,430,2,678,430,2,True,False,Mega Brave,270,False
92603584,576.9,LOSS,True,36,7,TO_HAND,2,RESOURCE_MANAGEMENT,,,CARD,0,0,235,30,30,1,False,2,6,False,True,0,0,0,678,430,2,678,430,2,True,False,Mega Brave,270,False
92603584,576.9,LOSS,True,37,7,MAIN,5,RESOURCE_MANAGEMENT,PLAY_POKEMON,140,PLAY,1,0,235,30,30,1,False,2,6,True,True,0,0,0,678,430,2,678,430,2,True,False,Mega Brave,270,False
92603584,576.9,LOSS,True,38,7,MAIN,5,RESOURCE_MANAGEMENT,ABILITY,,ABILITY,1,0,235,30,30,1,False,3,6,True,True,0,0,0,678,430,2,678,430,2,True,False,Mega Brave,270,False
92603584,576.9,LOSS,True,39,7,MAIN,7,RESOURCE_MANAGEMENT,PLAY_ITEM,1086,PLAY,1,0,235,30,30,1,False,3,6,True,True,0,0,0,678,430,2,678,430,2,True,False,Mega Brave,270,False
92603584,576.9,LOSS,True,40,7,TO_BENCH,2,BENCH_MANAGEMENT,,,CARD,0,0,235,30,30,1,False,3,6,False,True,0,0,0,678,430,2,678,430,2,True,False,Mega Brave,270,False
92603584,576.9,LOSS,True,41,7,MAIN,6,RESOURCE_MANAGEMENT,PLAY_SUPPORTER,1227,PLAY,1,0,235,30,30,1,False,4,6,True,True,0,0,0,678,430,2,678,430,2,True,False,Mega Brave,270,False
92603584,576.9,LOSS,True,42,7,MAIN,15,RESOURCE_MANAGEMENT,PLAY_ITEM,1120,PLAY,1,0,235,30,30,1,False,4,6,True,True,0,0,0,678,430,2,678,430,2,True,False,Mega Brave,270,False
92603584,576.9,LOSS,True,43,7,DISCARD_ENERGY,5,ENERGY_MANAGEMENT,,,ENERGY,0,0,235,30,30,1,False,4,6,False,True,0,0,0,678,430,2,678,430,2,True,False,Mega Brave,270,False
92603584,576.9,LOSS,True,44,7,MAIN,14,ENERGY_MANAGEMENT,ATTACH_ENERGY,,ATTACH,1,0,235,30,30,1,False,4,6,True,True,0,0,0,678,430,2,678,430,2,True,False,Mega Brave,270,False
92604597,500.9,WIN,True,0,,,0,UNKNOWN,,,,0,0,,,,,False,,,False,False,,,0,,,,,,,,,,,False
92604597,500.9,WIN,True,1,,,0,UNKNOWN,,,,0,0,,,,,False,,,False,False,,,0,,,,,,0,,,,,False
92604597,500.9,WIN,True,2,0,SETUP_ACTIVE_POKEMON,2,EARLY_GAME_SETUP,,,,0,0,,,,,False,0,0,False,False,,,0,,,0,,,6,,,,,False
92604597,500.9,WIN,True,3,0,SETUP_BENCH_POKEMON,1,BENCH_MANAGEMENT,,,,0,0,,,,,False,0,6,False,False,,,0,,,6,305,70,6,,,,,False
92604597,500.9,WIN,True,4,1,MAIN,4,RESOURCE_MANAGEMENT,PLAY_STADIUM,1256,PLAY,0,0,235,30,30,1,False,0,6,False,False,0,0,0,305,70,6,305,70,6,False,False,,,False
92604597,500.9,WIN,True,5,1,MAIN,3,RESOURCE_MANAGEMENT,PLAY_ITEM,1086,PLAY,0,0,235,30,30,1,False,0,6,False,False,0,0,0,305,70,6,305,70,6,False,False,,,False
92604597,500.9,WIN,True,6,1,TO_BENCH,5,BENCH_MANAGEMENT,,,CARD;CARD,0,0,235,30,30,1,False,0,6,False,False,0,0,0,305,70,6,305,70,6,False,False,,,False
92604597,500.9,WIN,True,7,1,MAIN,3,TIMING,,,,0,0,235,30,30,1,False,2,6,True,True,0,0,0,305,70,6,305,70,6,False,False,,,False
92604597,500.9,WIN,True,8,3,MAIN,8,RESOURCE_MANAGEMENT,PLAY_POKEMON,119,PLAY,1,0,235,30,30,1,False,2,6,True,True,0,0,0,305,70,6,305,70,6,False,False,,,False
92604597,500.9,WIN,True,9,3,MAIN,7,RESOURCE_MANAGEMENT,PLAY_ITEM,1120,PLAY,1,0,235,30,30,1,False,3,6,True,True,0,0,0,305,70,6,305,70,6,False,False,,,False
92604597,500.9,WIN,True,10,3,MAIN,6,RESOURCE_MANAGEMENT,PLAY_SUPPORTER,1227,PLAY,1,0,235,30,30,1,False,3,6,True,True,0,0,0,305,70,6,305,70,6,False,False,,,False
92604597,500.9,WIN,True,11,3,MAIN,17,RESOURCE_MANAGEMENT,PLAY_ITEM,1086,PLAY,1,0,235,30,30,1,False,3,6,True,True,0,0,0,305,70,6,305,70,6,False,False,,,False
92604597,500.9,WIN,True,12,3,TO_BENCH,1,BENCH_MANAGEMENT,,,CARD,0,0,235,30,30,1,False,3,6,False,True,0,0,0,305,70,6,305,70,6,False,False,,,False
92604597,500.9,WIN,True,13,3,MAIN,18,RESOURCE_MANAGEMENT,PLAY_ITEM,1120,PLAY,1,0,235,30,30,1,False,4,6,True,True,0,0,0,305,70,6,305,70,6,False,False,,,False
92604597,500.9,WIN,True,14,3,DISCARD_ENERGY,1,ENERGY_MANAGEMENT,,,ENERGY,0,0,235,30,30,1,False,4,6,False,True,0,0,0,305,70,6,305,70,6,False,False,,,False
92604597,500.9,WIN,True,15,3,MAIN,16,BENCH_MANAGEMENT,EVOLVE,,EVOLVE,1,0,235,30,30,1,False,4,6,True,True,0,0,0,305,70,6,305,70,6,False,False,,,False
92604597,500.9,WIN,True,16,3,MAIN,15,RESOURCE_MANAGEMENT,ABILITY,,ABILITY,1,0,235,30,30,1,False,4,6,True,True,0,0,0,305,70,6,305,70,6,False,False,,,False
92604597,500.9,WIN,True,17,3,TO_HAND,2,RESOURCE_MANAGEMENT,,,CARD,0,0,235,30,30,1,False,4,6,False,True,0,0,0,305,70,6,305,70,6,False,False,,,False
92604597,500.9,WIN,True,18,3,MAIN,14,ENERGY_MANAGEMENT,ATTACH_ENERGY,,ATTACH,1,0,235,30,30,1,False,4,6,True,True,0,0,0,305,70,6,305,70,6,False,False,,,False
92604597,500.9,WIN,True,19,3,MAIN,4,TIMING,,,,1,0,235,30,30,1,False,4,6,True,True,0,0,0,305,70,6,66,130,6,False,False,,,False
92604597,500.9,WIN,True,20,5,MAIN,18,BENCH_MANAGEMENT,EVOLVE,,EVOLVE,1,0,235,30,30,1,False,4,6,True,True,0,0,0,66,130,6,66,130,6,False,False,,,False
92604597,500.9,WIN,True,21,5,MAIN,16,RESOURCE_MANAGEMENT,PLAY_ITEM,1120,PLAY,1,0,235,30,30,1,False,4,6,True,True,0,0,0,66,130,6,66,130,6,False,False,,,False
92604597,500.9,WIN,True,22,5,DISCARD_ENERGY,1,ENERGY_MANAGEMENT,,,ENERGY,0,0,235,30,30,1,False,4,6,False,True,0,0,0,66,130,6,66,130,6,False,False,,,False
92604597,500.9,WIN,True,23,5,MAIN,15,ENERGY_MANAGEMENT,ATTACH_ENERGY,,ATTACH,1,0,235,30,30,1,False,4,6,True,True,0,0,0,66,130,6,66,130,6,False,False,,,False
92604597,500.9,WIN,True,24,5,MAIN,5,TIMING,,,,1,0,235,30,30,1,False,4,6,True,True,0,0,1,66,130,6,66,120,6,False,False,,,False
92604597,500.9,WIN,True,25,7,MAIN,11,ENERGY_MANAGEMENT,ATTACH_ENERGY,,ATTACH,1,0,121,320,320,2,False,4,6,True,True,1,1,1,66,120,6,66,120,6,False,False,,,True
92604597,500.9,WIN,True,26,7,MAIN,7,ATTACK_SELECTION,ATTACK,,ATTACK,2,1,121,320,320,2,False,4,6,True,True,1,1,1,66,120,6,66,0,6,False,False,,,False
92604597,500.9,WIN,True,27,7,DAMAGE_COUNTER_ANY,5,TARGET_SELECTION,,,CARD,0,0,121,320,320,2,False,4,6,False,True,1,1,1,66,0,6,66,0,6,False,False,,,False
92604597,500.9,WIN,True,28,7,DAMAGE_COUNTER_ANY,5,TARGET_SELECTION,,,CARD,0,0,121,320,320,2,False,4,6,False,True,1,1,1,66,0,6,66,0,6,False,False,,,False
92604597,500.9,WIN,True,29,7,DAMAGE_COUNTER_ANY,5,TARGET_SELECTION,,,CARD,0,0,121,320,320,2,False,4,6,False,True,1,1,1,66,0,6,66,0,6,False,False,,,False
92604597,500.9,WIN,True,30,7,DAMAGE_COUNTER_ANY,5,TARGET_SELECTION,,,CARD,0,0,121,320,320,2,False,4,6,False,True,1,1,1,66,0,6,66,0,6,False,False,,,False
92604597,500.9,WIN,True,31,7,DAMAGE_COUNTER_ANY,5,TARGET_SELECTION,,,CARD,0,0,121,320,320,2,False,4,6,False,True,1,1,1,66,0,6,66,0,6,False,False,,,False
92604597,500.9,WIN,True,32,7,DAMAGE_COUNTER_ANY,5,TARGET_SELECTION,,,CARD,0,0,121,320,320,2,False,4,6,False,True,1,1,1,66,0,6,,,6,False,False,,,False
92604597,500.9,WIN,True,33,7,TO_HAND,6,RESOURCE_MANAGEMENT,,,CARD,0,0,121,320,320,2,False,4,6,False,True,1,1,1,,,6,,,6,,,,,False
92604597,500.9,WIN,True,34,7,TO_HAND,5,RESOURCE_MANAGEMENT,,,,0,0,121,320,320,2,False,4,5,False,True,1,1,1,,,6,743,140,6,,,,,False
92604597,500.9,WIN,True,35,9,MAIN,10,BENCH_MANAGEMENT,EVOLVE,,EVOLVE,2,0,121,20,320,2,True,4,4,True,True,1,1,1,743,140,6,743,140,6,False,False,Powerful Hand,0,False
92604597,500.9,WIN,True,36,9,MAIN,8,RESOURCE_MANAGEMENT,ABILITY,,ABILITY,2,0,121,20,320,2,True,4,4,True,True,1,1,1,743,140,6,743,140,6,False,False,Powerful Hand,0,False
92604597,500.9,WIN,True,37,9,TO_HAND,2,RESOURCE_MANAGEMENT,,,CARD,0,0,121,20,320,2,True,4,4,False,True,1,1,1,743,140,6,743,140,6,False,False,Powerful Hand,0,False
92604597,500.9,WIN,True,38,9,MAIN,8,RESOURCE_MANAGEMENT,PLAY_ITEM,1152,PLAY,2,0,121,20,320,2,True,4,4,True,True,1,1,1,743,140,6,743,140,6,False,False,Powerful Hand,0,False
92604597,500.9,WIN,True,39,9,TO_HAND,2,RESOURCE_MANAGEMENT,,,CARD,0,0,121,20,320,2,True,4,4,False,True,1,1,1,743,140,6,743,140,6,False,False,Powerful Hand,0,False
92604597,500.9,WIN,True,40,9,MAIN,9,BENCH_MANAGEMENT,EVOLVE,,EVOLVE,2,0,121,20,320,2,True,4,4,True,True,1,1,1,743,140,6,743,140,6,False,False,Powerful Hand,0,False
92604597,500.9,WIN,True,41,9,MAIN,8,RESOURCE_MANAGEMENT,ABILITY,,ABILITY,2,0,121,20,320,2,True,4,4,True,True,1,1,1,743,140,6,743,140,6,False,False,Powerful Hand,0,False
92604597,500.9,WIN,True,42,9,TO_HAND,2,RESOURCE_MANAGEMENT,,,CARD,0,0,121,20,320,2,True,4,4,False,True,1,1,1,743,140,6,743,140,6,False,False,Powerful Hand,0,False
92604597,500.9,WIN,True,43,9,MAIN,7,ATTACK_SELECTION,ATTACK,,ATTACK,2,1,121,20,320,2,True,4,4,True,True,1,1,1,743,140,6,743,0,6,False,False,Powerful Hand,0,False
92604597,500.9,WIN,True,44,9,DAMAGE_COUNTER_ANY,3,TARGET_SELECTION,,,CARD,0,0,121,20,320,2,True,4,4,False,True,1,1,1,743,0,6,743,0,6,False,False,Powerful Hand,0,False
92604597,500.9,WIN,True,45,9,DAMAGE_COUNTER_ANY,3,TARGET_SELECTION,,,CARD,0,0,121,20,320,2,True,4,4,False,True,1,1,1,743,0,6,743,0,6,False,False,Powerful Hand,0,False
92604597,500.9,WIN,True,46,9,DAMAGE_COUNTER_ANY,3,TARGET_SELECTION,,,CARD,0,0,121,20,320,2,True,4,4,False,True,1,1,1,743,0,6,743,0,6,False,False,Powerful Hand,0,False
92604597,500.9,WIN,True,47,9,DAMAGE_COUNTER_ANY,3,TARGET_SELECTION,,,CARD,0,0,121,20,320,2,True,4,4,False,True,1,1,1,743,0,6,743,0,6,False,False,Powerful Hand,0,False
92604597,500.9,WIN,True,48,9,DAMAGE_COUNTER_ANY,3,TARGET_SELECTION,,,CARD,0,0,121,20,320,2,True,4,4,False,True,1,1,1,743,0,6,743,0,6,False,False,Powerful Hand,0,False
92604597,500.9,WIN,True,49,9,DAMAGE_COUNTER_ANY,3,TARGET_SELECTION,,,CARD,0,0,121,20,320,2,True,4,4,False,True,1,1,1,743,0,6,,,6,False,False,Powerful Hand,0,False
92604597,500.9,WIN,True,50,9,TO_HAND,4,RESOURCE_MANAGEMENT,,,CARD,0,0,121,20,320,2,True,4,4,False,True,1,1,1,,,6,,,6,,,,,False
92604597,500.9,WIN,True,51,9,TO_HAND,3,RESOURCE_MANAGEMENT,,,,0,0,121,20,320,2,True,4,3,False,True,1,1,1,,,6,743,140,4,,,,,False
92604597,500.9,WIN,True,52,10,TO_ACTIVE,4,ACTIVE_POKEMON_SELECTION,,,CARD,0,0,,,,,False,4,2,False,True,,,1,743,140,4,743,140,4,,,,,True
92604597,500.9,WIN,True,53,11,MAIN,17,BENCH_MANAGEMENT,EVOLVE,,EVOLVE,1,0,235,30,30,1,False,3,2,True,True,0,0,0,743,140,4,743,140,4,False,False,Powerful Hand,0,False
92604597,500.9,WIN,True,54,11,MAIN,14,RESOURCE_MANAGEMENT,ABILITY,,ABILITY,1,0,235,30,30,1,False,3,2,True,True,0,0,1,743,140,4,743,140,4,False,False,Powerful Hand,0,False
92604597,500.9,WIN,True,55,11,TO_HAND,2,RESOURCE_MANAGEMENT,,,CARD,0,0,235,30,30,1,False,3,2,False,True,0,0,1,743,140,4,743,140,4,False,False,Powerful Hand,0,False
92604597,500.9,WIN,True,56,11,MAIN,14,RESOURCE_MANAGEMENT,PLAY_ITEM,1152,PLAY,1,0,235,30,30,1,False,3,2,True,True,0,0,1,743,140,4,743,140,4,False,False,Powerful Hand,0,False
92604597,500.9,WIN,True,57,11,TO_HAND,1,RESOURCE_MANAGEMENT,,,CARD,0,0,235,30,30,1,False,3,2,False,True,0,0,1,743,140,4,743,140,4,False,False,Powerful Hand,0,False
92604597,500.9,WIN,True,58,11,MAIN,14,RESOURCE_MANAGEMENT,PLAY_SUPPORTER,1198,PLAY,1,0,235,30,30,1,False,3,2,True,True,0,0,1,743,140,4,743,140,4,False,False,Powerful Hand,0,False
92604597,500.9,WIN,True,59,11,TO_HAND,3,RESOURCE_MANAGEMENT,,,CARD,0,0,235,30,30,1,False,3,2,False,True,0,0,1,743,140,4,743,140,4,False,False,Powerful Hand,0,False
92604597,500.9,WIN,True,60,11,ATTACH_TO,2,ENERGY_MANAGEMENT,,,CARD,0,0,235,30,30,1,False,3,2,False,True,0,0,1,743,140,4,743,140,4,False,False,Powerful Hand,0,False
92604597,500.9,WIN,True,61,11,ATTACH_FROM,4,ENERGY_MANAGEMENT,,,CARD,0,0,235,30,30,1,False,3,2,False,True,0,0,1,743,140,4,743,140,4,False,False,Powerful Hand,0,False
92604597,500.9,WIN,True,62,11,MAIN,14,BENCH_MANAGEMENT,EVOLVE,,EVOLVE,1,0,235,30,30,1,False,3,2,True,True,0,0,1,743,140,4,743,140,4,False,False,Powerful Hand,0,False
92604597,500.9,WIN,True,63,11,MAIN,14,RESOURCE_MANAGEMENT,ABILITY,,ABILITY,1,0,235,30,30,1,False,3,2,True,True,0,0,1,743,140,4,743,140,4,False,False,Powerful Hand,0,False
92604597,500.9,WIN,True,64,11,TO_HAND,2,RESOURCE_MANAGEMENT,,,CARD,0,0,235,30,30,1,False,3,2,False,True,0,0,1,743,140,4,743,140,4,False,False,Powerful Hand,0,False
92604597,500.9,WIN,True,65,11,MAIN,13,ENERGY_MANAGEMENT,ATTACH_ENERGY,,ATTACH,1,0,235,30,30,1,False,3,2,True,True,0,0,1,743,140,4,743,140,4,False,False,Powerful Hand,0,False
92604597,500.9,WIN,True,66,11,MAIN,5,RESOURCE_MANAGEMENT,PLAY_ITEM,1080,PLAY,1,0,235,30,30,1,False,3,2,True,True,0,0,1,743,140,4,743,140,4,False,False,Powerful Hand,0,False
92604597,500.9,WIN,True,67,11,MAIN,5,RESOURCE_MANAGEMENT,PLAY_POKEMON,140,PLAY,1,0,235,30,30,1,False,3,2,True,True,0,0,1,743,140,4,743,140,4,False,False,Powerful Hand,0,False
92604597,500.9,WIN,True,68,11,MAIN,5,RESOURCE_MANAGEMENT,ABILITY,,ABILITY,1,0,235,30,30,1,False,4,2,True,True,0,0,1,743,140,4,743,140,4,False,False,Powerful Hand,0,False
92604597,500.9,WIN,True,69,11,MAIN,6,RETREAT_SELECTION,RETREAT,,RETREAT,1,0,235,30,30,1,False,4,2,True,True,0,0,1,743,140,4,743,140,4,False,False,Powerful Hand,0,False
92604597,500.9,WIN,True,70,11,SWITCH,4,ACTIVE_POKEMON_SELECTION,,,CARD,0,0,235,30,30,1,False,4,2,False,True,0,0,1,743,140,4,743,140,4,False,False,Powerful Hand,0,False
92604597,500.9,WIN,True,71,11,MAIN,6,ATTACK_SELECTION,ATTACK,,ATTACK,2,1,121,320,320,2,False,4,2,False,True,1,1,1,743,140,4,743,0,4,False,False,Powerful Hand,0,True
92604597,500.9,WIN,True,72,11,DAMAGE_COUNTER_ANY,1,TARGET_SELECTION,,,CARD,0,0,121,320,320,2,False,4,2,False,True,1,1,1,743,0,4,743,0,4,False,False,Powerful Hand,0,False
92604597,500.9,WIN,True,73,11,DAMAGE_COUNTER_ANY,1,TARGET_SELECTION,,,CARD,0,0,121,320,320,2,False,4,2,False,True,1,1,1,743,0,4,743,0,4,False,False,Powerful Hand,0,False
92604597,500.9,WIN,True,74,11,DAMAGE_COUNTER_ANY,1,TARGET_SELECTION,,,CARD,0,0,121,320,320,2,False,4,2,False,True,1,1,1,743,0,4,743,0,4,False,False,Powerful Hand,0,False
92604597,500.9,WIN,True,75,11,DAMAGE_COUNTER_ANY,1,TARGET_SELECTION,,,CARD,0,0,121,320,320,2,False,4,2,False,True,1,1,1,743,0,4,743,0,4,False,False,Powerful Hand,0,False
92604597,500.9,WIN,True,76,11,DAMAGE_COUNTER_ANY,1,TARGET_SELECTION,,,CARD,0,0,121,320,320,2,False,4,2,False,True,1,1,1,743,0,4,743,0,4,False,False,Powerful Hand,0,False
92604597,500.9,WIN,True,77,11,DAMAGE_COUNTER_ANY,1,TARGET_SELECTION,,,CARD,0,0,121,320,320,2,False,4,2,False,True,1,1,1,743,0,4,,,4,False,False,Powerful Hand,0,False
92604597,500.9,WIN,True,78,11,TO_HAND,2,RESOURCE_MANAGEMENT,,,,0,0,121,320,320,2,False,4,2,False,True,1,1,1,,,4,743,80,4,,,,,False
92604597,500.9,WIN,True,79,13,MAIN,21,RESOURCE_MANAGEMENT,ABILITY,,ABILITY,2,0,121,320,320,2,False,4,1,True,True,1,1,1,743,80,4,743,80,4,False,False,,,False
92604597,500.9,WIN,True,80,13,TO_HAND,2,RESOURCE_MANAGEMENT,,,CARD,0,0,121,320,320,2,False,4,1,False,True,1,1,1,743,80,4,743,80,4,False,False,,,False
92604597,500.9,WIN,True,81,13,MAIN,21,RESOURCE_MANAGEMENT,ABILITY,,ABILITY,2,0,121,320,320,2,False,4,1,True,True,1,1,1,743,80,4,743,80,4,False,False,,,False
92604597,500.9,WIN,True,82,13,TO_HAND,2,RESOURCE_MANAGEMENT,,,CARD,0,0,121,320,320,2,False,4,1,False,True,1,1,1,743,80,4,743,80,4,False,False,,,False
92604597,500.9,WIN,True,83,13,MAIN,21,ENERGY_MANAGEMENT,ATTACH_ENERGY,,ATTACH,2,0,121,320,320,2,False,4,1,True,True,1,1,1,743,80,4,743,80,4,False,False,,,False
92604597,500.9,WIN,True,84,13,MAIN,11,RESOURCE_MANAGEMENT,PLAY_SUPPORTER,1227,PLAY,2,0,121,320,320,2,False,4,1,True,True,1,1,1,743,80,4,743,80,4,False,False,,,False
92604597,500.9,WIN,True,85,13,MAIN,12,ENERGY_MANAGEMENT,ATTACH_ENERGY,,ATTACH,2,0,121,320,320,2,False,4,1,True,True,1,1,1,743,80,4,743,80,4,False,False,,,False
92604597,500.9,WIN,True,86,13,MAIN,7,ATTACK_SELECTION,ATTACK,,ATTACK,2,1,121,320,320,2,False,4,1,True,True,1,1,1,743,80,4,743,0,4,False,False,,,False
92604597,500.9,WIN,True,87,13,DAMAGE_COUNTER_ANY,1,TARGET_SELECTION,,,CARD,0,0,121,320,320,2,False,4,1,False,True,1,1,1,743,0,4,743,0,4,False,False,,,False
92604597,500.9,WIN,True,88,13,DAMAGE_COUNTER_ANY,1,TARGET_SELECTION,,,CARD,0,0,121,320,320,2,False,4,1,False,True,1,1,1,743,0,4,743,0,4,False,False,,,False
92604597,500.9,WIN,True,89,13,DAMAGE_COUNTER_ANY,1,TARGET_SELECTION,,,CARD,0,0,121,320,320,2,False,4,1,False,True,1,1,1,743,0,4,743,0,4,False,False,,,False
92604597,500.9,WIN,True,90,13,DAMAGE_COUNTER_ANY,1,TARGET_SELECTION,,,CARD,0,0,121,320,320,2,False,4,1,False,True,1,1,1,743,0,4,743,0,4,False,False,,,False
92604597,500.9,WIN,True,91,13,DAMAGE_COUNTER_ANY,1,TARGET_SELECTION,,,CARD,0,0,121,320,320,2,False,4,1,False,True,1,1,1,743,0,4,743,0,4,False,False,,,False
92604597,500.9,WIN,True,92,13,DAMAGE_COUNTER_ANY,1,TARGET_SELECTION,,,CARD,0,0,121,320,320,2,False,4,1,False,True,1,1,1,743,0,4,,,4,False,False,,,False
92605546,431.6,WIN,False,0,,,0,UNKNOWN,,,,0,0,,,,,False,,,False,False,,,0,,,,,,,,,,,False
92605546,431.6,WIN,False,1,,,0,UNKNOWN,,,,0,0,,,,,False,,,False,False,,,0,,,,,,0,,,,,False
92605546,431.6,WIN,False,2,0,SETUP_ACTIVE_POKEMON,1,EARLY_GAME_SETUP,,,,0,0,,,,,False,0,0,False,False,,,0,,,0,721,150,6,,,,,False
92605546,431.6,WIN,False,3,2,MAIN,7,RESOURCE_MANAGEMENT,PLAY_ITEM,1120,PLAY,1,0,235,30,30,1,False,0,6,False,False,0,0,0,721,150,6,721,150,6,False,False,Riptide,0,False
92605546,431.6,WIN,False,4,2,MAIN,6,RESOURCE_MANAGEMENT,PLAY_SUPPORTER,1227,PLAY,1,0,235,30,30,1,False,0,6,False,False,0,0,0,721,150,6,721,150,6,False,False,Riptide,0,False
92605546,431.6,WIN,False,5,2,MAIN,7,RESOURCE_MANAGEMENT,PLAY_ITEM,1152,PLAY,1,0,235,30,30,1,False,0,6,False,False,0,0,0,721,150,6,721,150,6,False,False,Riptide,0,False
92605546,431.6,WIN,False,6,2,TO_HAND,8,RESOURCE_MANAGEMENT,,,CARD,0,0,235,30,30,1,False,0,6,False,False,0,0,0,721,150,6,721,150,6,False,False,Riptide,0,False
92605546,431.6,WIN,False,7,2,MAIN,7,RESOURCE_MANAGEMENT,PLAY_POKEMON,119,PLAY,1,0,235,30,30,1,False,0,6,False,False,0,0,0,721,150,6,721,150,6,False,False,Riptide,0,False
92605546,431.6,WIN,False,8,2,MAIN,8,RESOURCE_MANAGEMENT,PLAY_ITEM,1152,PLAY,1,0,235,30,30,1,False,1,6,True,True,0,0,0,721,150,6,721,150,6,False,False,Riptide,0,False
92605546,431.6,WIN,False,9,2,TO_HAND,7,RESOURCE_MANAGEMENT,,,CARD,0,0,235,30,30,1,False,1,6,False,True,0,0,0,721,150,6,721,150,6,False,False,Riptide,0,False
92605546,431.6,WIN,False,10,2,MAIN,8,RESOURCE_MANAGEMENT,PLAY_POKEMON,119,PLAY,1,0,235,30,30,1,False,1,6,True,True,0,0,0,721,150,6,721,150,6,False,False,Riptide,0,False
92605546,431.6,WIN,False,11,2,MAIN,8,ENERGY_MANAGEMENT,ATTACH_ENERGY,,ATTACH,1,0,235,30,30,1,False,2,6,True,True,0,0,0,721,150,6,721,150,6,False,False,Riptide,0,False
92605546,431.6,WIN,False,12,2,MAIN,5,TIMING,,,,1,0,235,30,30,1,False,2,6,True,True,0,0,0,721,150,6,721,140,6,False,False,Riptide,0,False
92605546,431.6,WIN,False,13,4,MAIN,7,RESOURCE_MANAGEMENT,PLAY_SUPPORTER,1227,PLAY,1,0,235,30,30,1,False,2,6,True,True,0,0,0,721,140,6,721,140,6,False,True,Riptide,0,False
92605546,431.6,WIN,False,14,4,MAIN,9,ENERGY_MANAGEMENT,ATTACH_ENERGY,,ATTACH,1,0,235,30,30,1,False,2,6,True,True,0,0,0,721,140,6,721,140,6,False,True,Riptide,0,False
92605546,431.6,WIN,False,15,4,MAIN,6,RESOURCE_MANAGEMENT,PLAY_POKEMON,184,PLAY,1,0,235,30,30,1,False,2,6,True,True,0,0,0,721,140,6,721,140,6,False,True,Riptide,0,False
92605546,431.6,WIN,False,16,4,MAIN,5,RESOURCE_MANAGEMENT,PLAY_ITEM,1086,PLAY,1,0,235,30,30,1,False,3,6,True,True,0,0,0,721,140,6,721,140,6,False,True,Riptide,0,False
92605546,431.6,WIN,False,17,4,TO_BENCH,3,BENCH_MANAGEMENT,,,CARD;CARD,0,0,235,30,30,1,False,3,6,False,True,0,0,0,721,140,6,721,140,6,False,True,Riptide,0,False
92605546,431.6,WIN,False,18,4,MAIN,4,TIMING,,,,1,0,235,30,30,1,False,5,6,True,True,0,0,0,721,140,6,721,130,5,False,True,Riptide,0,False
92605546,431.6,WIN,False,19,5,TO_ACTIVE,5,ACTIVE_POKEMON_SELECTION,,,,0,0,,,,,False,5,6,False,True,,,0,721,130,5,721,130,5,,,,,True
92605546,431.6,WIN,False,20,6,MAIN,17,RESOURCE_MANAGEMENT,PLAY_ITEM,1121,PLAY,0,0,119,70,70,1,False,4,6,True,True,1,1,0,721,130,5,721,130,5,False,True,Riptide,0,False
92605546,431.6,WIN,False,21,6,DISCARD,7,RESOURCE_MANAGEMENT,,,CARD;CARD,0,0,119,70,70,1,False,4,6,False,True,1,1,0,721,130,5,721,130,5,False,True,Riptide,0,False
92605546,431.6,WIN,False,22,6,TO_HAND,8,RESOURCE_MANAGEMENT,,,CARD,0,0,119,70,70,1,False,4,6,False,True,1,1,0,721,130,5,721,130,5,False,True,Riptide,0,False
92605546,431.6,WIN,False,23,6,MAIN,11,RESOURCE_MANAGEMENT,PLAY_POKEMON,140,PLAY,0,0,119,70,70,1,False,4,6,True,True,1,1,0,721,130,5,721,130,5,False,True,Riptide,0,False
92605546,431.6,WIN,False,24,6,MAIN,12,RESOURCE_MANAGEMENT,ABILITY,,ABILITY,0,0,119,70,70,1,False,5,6,True,True,1,1,0,721,130,5,721,130,5,False,True,Riptide,0,False
92605546,431.6,WIN,False,25,6,MAIN,14,RESOURCE_MANAGEMENT,PLAY_ITEM,1097,PLAY,0,0,119,70,70,1,False,5,6,True,True,1,1,0,721,130,5,721,130,5,False,True,Riptide,0,False
92605546,431.6,WIN,False,26,6,TO_HAND,2,RESOURCE_MANAGEMENT,,,CARD,0,0,119,70,70,1,False,5,6,False,True,1,1,0,721,130,5,721,130,5,False,True,Riptide,0,False
92605546,431.6,WIN,False,27,6,MAIN,13,RESOURCE_MANAGEMENT,PLAY_SUPPORTER,1210,PLAY,0,0,119,70,70,1,False,5,6,True,True,1,1,0,721,130,5,721,130,5,False,True,Riptide,0,False
92605546,431.6,WIN,False,28,6,TO_HAND,7,RESOURCE_MANAGEMENT,,,CARD,0,0,119,70,70,1,False,5,6,False,True,1,1,0,721,130,5,721,130,5,False,True,Riptide,0,False
92605546,431.6,WIN,False,29,6,MAIN,14,BENCH_MANAGEMENT,EVOLVE,,EVOLVE,0,0,119,70,70,1,False,5,6,True,True,1,1,0,721,130,5,721,130,5,False,True,Riptide,0,False
92605546,431.6,WIN,False,30,6,MAIN,11,RESOURCE_MANAGEMENT,ABILITY,,ABILITY,0,0,120,90,90,1,False,5,6,True,True,1,1,0,721,130,5,721,130,5,False,True,Riptide,0,True
92605546,431.6,WIN,False,31,6,TO_HAND,2,RESOURCE_MANAGEMENT,,,CARD,0,0,120,90,90,1,False,5,6,False,True,1,1,0,721,130,5,721,130,5,False,True,Riptide,0,False
92605546,431.6,WIN,False,32,6,MAIN,11,ENERGY_MANAGEMENT,ATTACH_ENERGY,,ATTACH,0,0,120,90,90,1,False,5,6,True,True,1,1,0,721,130,5,721,130,5,False,True,Riptide,0,False
92605546,431.6,WIN,False,33,6,MAIN,5,RESOURCE_MANAGEMENT,PLAY_ITEM,1080,PLAY,0,0,120,90,90,1,False,5,6,True,True,1,1,1,721,130,5,721,130,5,False,True,Riptide,0,False
92605546,431.6,WIN,False,34,6,MAIN,2,TIMING,,,,0,0,120,90,90,1,False,5,6,True,True,1,1,1,721,130,5,721,130,4,False,True,Riptide,0,False
92605546,431.6,WIN,False,35,7,TO_ACTIVE,5,ACTIVE_POKEMON_SELECTION,,,,0,0,,,,,False,5,6,False,True,,,1,721,130,4,721,130,4,,,,,True
92605546,431.6,WIN,False,36,8,MAIN,9,RESOURCE_MANAGEMENT,PLAY_ITEM,1079,PLAY,1,0,119,70,70,1,False,4,6,True,True,1,1,0,721,130,4,721,130,4,False,True,Riptide,0,False
92605546,431.6,WIN,False,37,8,EVOLVE,3,BENCH_MANAGEMENT,,,EVOLVE,0,0,119,70,70,1,False,4,6,False,True,1,1,0,721,130,4,721,130,4,False,True,Riptide,0,False
92605546,431.6,WIN,False,38,8,MAIN,8,RESOURCE_MANAGEMENT,ABILITY,,ABILITY,1,0,121,320,320,2,False,4,6,True,True,1,1,0,721,130,4,721,130,4,False,False,Riptide,0,True
92605546,431.6,WIN,False,39,8,MAIN,10,RESOURCE_MANAGEMENT,PLAY_ITEM,1120,PLAY,1,0,121,320,320,2,False,4,6,True,True,1,1,0,721,130,4,721,130,4,False,False,Riptide,0,False
92605546,431.6,WIN,False,40,8,MAIN,9,RESOURCE_MANAGEMENT,PLAY_ITEM,1120,PLAY,1,0,121,320,320,2,False,4,6,True,True,1,1,0,721,130,4,721,130,4,False,False,Riptide,0,False
92605546,431.6,WIN,False,41,8,MAIN,8,RESOURCE_MANAGEMENT,PLAY_SUPPORTER,1198,PLAY,1,0,121,320,320,2,False,4,6,True,True,1,1,0,721,130,4,721,130,4,False,False,Riptide,0,False
92605546,431.6,WIN,False,42,8,TO_HAND,3,RESOURCE_MANAGEMENT,,,CARD,0,0,121,320,320,2,False,4,6,False,True,1,1,0,721,130,4,721,130,4,False,False,Riptide,0,False
92605546,431.6,WIN,False,43,8,ATTACH_TO,1,ENERGY_MANAGEMENT,,,CARD,0,0,121,320,320,2,False,4,6,False,True,1,1,0,721,130,4,721,130,4,False,False,Riptide,0,False
92605546,431.6,WIN,False,44,8,ATTACH_FROM,5,ENERGY_MANAGEMENT,,,CARD,0,0,121,320,320,2,False,4,6,False,True,1,1,0,721,130,4,721,130,4,False,False,Riptide,0,False
92605546,431.6,WIN,False,45,8,MAIN,12,ENERGY_MANAGEMENT,ATTACH_ENERGY,,ATTACH,2,0,121,320,320,2,False,4,6,True,True,1,1,0,721,130,4,721,130,4,False,False,Riptide,0,False
92605546,431.6,WIN,False,46,8,MAIN,7,ATTACK_SELECTION,ATTACK,,ATTACK,2,1,121,320,320,2,False,4,6,True,True,1,1,1,721,130,4,,,4,False,False,Riptide,0,False
92606450,582.6,WIN,True,0,,,0,UNKNOWN,,,,0,0,,,,,False,,,False,False,,,0,,,,,,,,,,,False
92606450,582.6,WIN,True,1,,,0,UNKNOWN,,,,0,0,,,,,False,,,False,False,,,0,,,,,,0,,,,,False
92606450,582.6,WIN,True,2,0,IS_FIRST,2,GOING_FIRST_SECOND,,,,0,0,,,,,False,0,0,False,False,,,0,,,0,,,6,,,,,False
92606450,582.6,WIN,True,3,0,SETUP_ACTIVE_POKEMON,1,EARLY_GAME_SETUP,,,,0,0,,,,,False,0,0,False,False,,,0,,,6,676,110,6,,,,,False
92606450,582.6,WIN,True,4,1,MAIN,3,RESOURCE_MANAGEMENT,PLAY_ITEM,1121,PLAY,0,0,235,30,30,1,False,0,6,False,False,0,0,0,676,110,6,676,110,6,False,True,,,False
92606450,582.6,WIN,True,5,1,DISCARD,6,RESOURCE_MANAGEMENT,,,CARD;CARD,0,0,235,30,30,1,False,0,6,False,False,0,0,0,676,110,6,676,110,6,False,True,,,False
92606450,582.6,WIN,True,6,1,TO_HAND,12,RESOURCE_MANAGEMENT,,,CARD,0,0,235,30,30,1,False,0,6,False,False,0,0,0,676,110,6,676,110,6,False,True,,,False
92606450,582.6,WIN,True,7,1,MAIN,2,RESOURCE_MANAGEMENT,PLAY_POKEMON,119,PLAY,0,0,235,30,30,1,False,0,6,False,False,0,0,0,676,110,6,676,110,6,False,True,,,False
92606450,582.6,WIN,True,8,1,MAIN,2,TIMING,,,,0,0,235,30,30,1,False,1,6,True,True,0,0,0,676,110,6,676,110,6,False,True,,,False
92606450,582.6,WIN,True,9,3,MAIN,7,RESOURCE_MANAGEMENT,PLAY_ITEM,1152,PLAY,1,0,235,30,30,1,False,1,6,True,True,0,0,0,676,110,6,676,110,6,False,True,,,False
92606450,582.6,WIN,True,10,3,TO_HAND,6,RESOURCE_MANAGEMENT,,,CARD,0,0,235,30,30,1,False,1,6,False,True,0,0,0,676,110,6,676,110,6,False,True,,,False
92606450,582.6,WIN,True,11,3,MAIN,7,RESOURCE_MANAGEMENT,PLAY_POKEMON,119,PLAY,1,0,235,30,30,1,False,1,6,True,True,0,0,0,676,110,6,676,110,6,False,True,,,False
92606450,582.6,WIN,True,12,3,MAIN,6,RESOURCE_MANAGEMENT,PLAY_SUPPORTER,1210,PLAY,1,0,235,30,30,1,False,2,6,True,True,0,0,0,676,110,6,676,110,6,False,True,,,False
92606450,582.6,WIN,True,13,3,TO_HAND,10,RESOURCE_MANAGEMENT,,,CARD,0,0,235,30,30,1,False,2,6,False,True,0,0,0,676,110,6,676,110,6,False,True,,,False
92606450,582.6,WIN,True,14,3,TO_HAND,5,RESOURCE_MANAGEMENT,,,CARD,0,0,235,30,30,1,False,2,6,False,True,0,0,0,676,110,6,676,110,6,False,True,,,False
92606450,582.6,WIN,True,15,3,MAIN,6,RESOURCE_MANAGEMENT,PLAY_POKEMON,119,PLAY,1,0,235,30,30,1,False,2,6,True,True,0,0,0,676,110,6,676,110,6,False,True,,,False
92606450,582.6,WIN,True,16,3,MAIN,5,RESOURCE_MANAGEMENT,PLAY_POKEMON,119,PLAY,1,0,235,30,30,1,False,3,6,True,True,0,0,0,676,110,6,676,110,6,False,True,,,False
92606450,582.6,WIN,True,17,3,MAIN,4,BENCH_MANAGEMENT,EVOLVE,,EVOLVE,1,0,235,30,30,1,False,4,6,True,True,0,0,0,676,110,6,676,110,6,False,True,,,False
92606450,582.6,WIN,True,18,3,MAIN,4,RESOURCE_MANAGEMENT,ABILITY,,ABILITY,1,0,235,30,30,1,False,4,6,True,True,0,0,0,676,110,6,676,110,6,False,True,,,False
92606450,582.6,WIN,True,19,3,TO_HAND,2,RESOURCE_MANAGEMENT,,,CARD,0,0,235,30,30,1,False,4,6,False,True,0,0,0,676,110,6,676,110,6,False,True,,,False
92606450,582.6,WIN,True,20,3,MAIN,4,RESOURCE_MANAGEMENT,PLAY_POKEMON,184,PLAY,1,0,235,30,30,1,False,4,6,True,True,0,0,0,676,110,6,676,110,6,False,True,,,False
92606450,582.6,WIN,True,21,3,MAIN,3,TIMING,,,,1,0,235,30,30,1,False,5,6,True,True,0,0,0,676,110,6,676,90,6,False,True,,,False
92606450,582.6,WIN,True,22,5,MAIN,5,BENCH_MANAGEMENT,EVOLVE,,EVOLVE,0,0,120,90,90,1,False,5,6,False,True,1,0,1,676,90,6,676,90,6,False,False,,,True
92606450,582.6,WIN,True,23,5,MAIN,3,RESOURCE_MANAGEMENT,PLAY_SUPPORTER,1198,PLAY,0,0,121,320,320,2,False,5,6,False,True,1,0,1,676,90,6,676,90,6,False,False,,,True
92606450,582.6,WIN,True,24,5,TO_HAND,6,RESOURCE_MANAGEMENT,,,CARD,0,0,121,320,320,2,False,5,6,False,True,1,0,1,676,90,6,676,90,6,False,False,,,False
92606450,582.6,WIN,True,25,5,ATTACH_TO,4,ENERGY_MANAGEMENT,,,CARD,0,0,121,320,320,2,False,5,6,False,True,1,0,1,676,90,6,676,90,6,False,False,,,False
92606450,582.6,WIN,True,26,5,ATTACH_FROM,6,ENERGY_MANAGEMENT,,,CARD,0,0,121,320,320,2,False,5,6,False,True,1,0,1,676,90,6,676,90,6,False,False,,,False
92606450,582.6,WIN,True,27,5,MAIN,9,ENERGY_MANAGEMENT,ATTACH_ENERGY,,ATTACH,1,0,121,320,320,2,False,5,6,True,True,1,1,1,676,90,6,676,90,6,False,False,,,False
92606450,582.6,WIN,True,28,5,MAIN,4,ATTACK_SELECTION,ATTACK,,ATTACK,2,1,121,320,320,2,False,5,6,True,True,1,1,1,676,90,6,676,0,6,False,False,,,False
92606450,582.6,WIN,True,29,5,DAMAGE_COUNTER_ANY,5,TARGET_SELECTION,,,CARD,0,0,121,320,320,2,False,5,6,False,True,1,1,1,676,0,6,676,0,6,False,False,,,False
92606450,582.6,WIN,True,30,5,DAMAGE_COUNTER_ANY,5,TARGET_SELECTION,,,CARD,0,0,121,320,320,2,False,5,6,False,True,1,1,1,676,0,6,676,0,6,False,False,,,False
92606450,582.6,WIN,True,31,5,DAMAGE_COUNTER_ANY,5,TARGET_SELECTION,,,CARD,0,0,121,320,320,2,False,5,6,False,True,1,1,1,676,0,6,676,0,6,False,False,,,False
92606450,582.6,WIN,True,32,5,DAMAGE_COUNTER_ANY,5,TARGET_SELECTION,,,CARD,0,0,121,320,320,2,False,5,6,False,True,1,1,1,676,0,6,676,0,6,False,False,,,False
92606450,582.6,WIN,True,33,5,DAMAGE_COUNTER_ANY,5,TARGET_SELECTION,,,CARD,0,0,121,320,320,2,False,5,6,False,True,1,1,1,676,0,6,676,0,6,False,False,,,False
92606450,582.6,WIN,True,34,5,DAMAGE_COUNTER_ANY,5,TARGET_SELECTION,,,CARD,0,0,121,320,320,2,False,5,6,False,True,1,1,1,676,0,6,,,6,False,False,,,False
92606450,582.6,WIN,True,35,5,TO_HAND,6,RESOURCE_MANAGEMENT,,,,0,0,121,320,320,2,False,5,6,False,True,1,1,1,,,6,678,340,5,,,,,False
92606450,582.6,WIN,True,36,6,TO_ACTIVE,5,ACTIVE_POKEMON_SELECTION,,,CARD,0,0,,,,,False,5,5,False,True,,,1,678,340,5,678,340,5,,,,,True
92606450,582.6,WIN,True,37,7,MAIN,7,RESOURCE_MANAGEMENT,PLAY_SUPPORTER,1227,PLAY,2,0,121,320,320,2,False,4,5,True,True,1,1,0,678,340,5,678,340,5,False,False,Mega Brave,270,False
92606450,582.6,WIN,True,38,7,MAIN,7,BENCH_MANAGEMENT,EVOLVE,,EVOLVE,2,0,121,320,320,2,False,4,5,True,True,1,1,0,678,340,5,678,340,5,False,False,Mega Brave,270,False
92606450,582.6,WIN,True,39,7,MAIN,5,RESOURCE_MANAGEMENT,ABILITY,,ABILITY,2,0,121,320,320,2,False,4,5,True,True,1,1,0,678,340,5,678,340,5,False,False,Mega Brave,270,False
92606450,582.6,WIN,True,40,7,TO_HAND,2,RESOURCE_MANAGEMENT,,,CARD,0,0,121,320,320,2,False,4,5,False,True,1,1,0,678,340,5,678,340,5,False,False,Mega Brave,270,False
92606450,582.6,WIN,True,41,7,MAIN,5,RESOURCE_MANAGEMENT,PLAY_ITEM,1152,PLAY,2,0,121,320,320,2,False,4,5,True,True,1,1,0,678,340,5,678,340,5,False,False,Mega Brave,270,False
92606450,582.6,WIN,True,42,7,TO_HAND,2,RESOURCE_MANAGEMENT,,,CARD,0,0,121,320,320,2,False,4,5,False,True,1,1,0,678,340,5,678,340,5,False,False,Mega Brave,270,False
92606450,582.6,WIN,True,43,7,MAIN,6,BENCH_MANAGEMENT,EVOLVE,,EVOLVE,2,0,121,320,320,2,False,4,5,True,True,1,1,0,678,340,5,678,340,5,False,False,Mega Brave,270,False
92606450,582.6,WIN,True,44,7,MAIN,5,RESOURCE_MANAGEMENT,ABILITY,,ABILITY,2,0,121,320,320,2,False,4,5,True,True,1,1,0,678,340,5,678,340,5,False,False,Mega Brave,270,False
92606450,582.6,WIN,True,45,7,TO_HAND,2,RESOURCE_MANAGEMENT,,,CARD,0,0,121,320,320,2,False,4,5,False,True,1,1,0,678,340,5,678,340,5,False,False,Mega Brave,270,False
92606450,582.6,WIN,True,46,7,MAIN,9,ENERGY_MANAGEMENT,ATTACH_ENERGY,,ATTACH,2,0,121,320,320,2,False,4,5,True,True,1,1,0,678,340,5,678,340,5,False,False,Mega Brave,270,False
92606450,582.6,WIN,True,47,7,MAIN,4,ATTACK_SELECTION,ATTACK,,ATTACK,2,1,121,320,320,2,False,4,5,True,True,1,1,0,678,340,5,678,140,5,False,False,Mega Brave,270,False
92606450,582.6,WIN,True,48,7,DAMAGE_COUNTER_ANY,5,TARGET_SELECTION,,,CARD,0,0,121,320,320,2,False,4,5,False,True,1,1,0,678,140,5,678,140,5,False,False,Mega Brave,270,False
92606450,582.6,WIN,True,49,7,DAMAGE_COUNTER_ANY,5,TARGET_SELECTION,,,CARD,0,0,121,320,320,2,False,4,5,False,True,1,1,0,678,140,5,678,140,5,False,False,Mega Brave,270,False
92606450,582.6,WIN,True,50,7,DAMAGE_COUNTER_ANY,5,TARGET_SELECTION,,,CARD,0,0,121,320,320,2,False,4,5,False,True,1,1,0,678,140,5,678,140,5,False,False,Mega Brave,270,False
92606450,582.6,WIN,True,51,7,DAMAGE_COUNTER_ANY,5,TARGET_SELECTION,,,CARD,0,0,121,320,320,2,False,4,5,False,True,1,1,0,678,140,5,678,140,5,False,False,Mega Brave,270,False
92606450,582.6,WIN,True,52,7,DAMAGE_COUNTER_ANY,5,TARGET_SELECTION,,,CARD,0,0,121,320,320,2,False,4,5,False,True,1,1,0,678,140,5,678,140,5,False,False,Mega Brave,270,False
92606450,582.6,WIN,True,53,7,DAMAGE_COUNTER_ANY,5,TARGET_SELECTION,,,,0,0,121,320,320,2,False,4,5,False,True,1,1,0,678,140,5,678,140,5,False,False,Mega Brave,270,False
92606450,582.6,WIN,True,54,9,MAIN,11,RESOURCE_MANAGEMENT,ABILITY,,ABILITY,2,0,121,50,320,2,True,4,5,True,True,1,1,0,678,140,5,678,140,5,True,False,Mega Brave,270,False
92606450,582.6,WIN,True,55,9,TO_HAND,2,RESOURCE_MANAGEMENT,,,CARD,0,0,121,50,320,2,True,4,5,False,True,1,1,0,678,140,5,678,140,5,True,False,Mega Brave,270,False
92606450,582.6,WIN,True,56,9,MAIN,11,RESOURCE_MANAGEMENT,PLAY_ITEM,1097,PLAY,2,0,121,50,320,2,True,4,5,True,True,1,1,0,678,140,5,678,140,5,True,False,Mega Brave,270,False
92606450,582.6,WIN,True,57,9,TO_HAND,3,RESOURCE_MANAGEMENT,,,CARD,0,0,121,50,320,2,True,4,5,False,True,1,1,0,678,140,5,678,140,5,True,False,Mega Brave,270,False
92606450,582.6,WIN,True,58,9,MAIN,11,RESOURCE_MANAGEMENT,ABILITY,,ABILITY,2,0,121,50,320,2,True,4,5,True,True,1,1,0,678,140,5,678,140,5,True,False,Mega Brave,270,False
92606450,582.6,WIN,True,59,9,TO_HAND,2,RESOURCE_MANAGEMENT,,,CARD,0,0,121,50,320,2,True,4,5,False,True,1,1,0,678,140,5,678,140,5,True,False,Mega Brave,270,False
92606450,582.6,WIN,True,60,9,MAIN,11,RESOURCE_MANAGEMENT,PLAY_ITEM,1120,PLAY,2,0,121,50,320,2,True,4,5,True,True,1,1,0,678,140,5,678,140,5,True,False,Mega Brave,270,False
92606450,582.6,WIN,True,61,9,DISCARD_ENERGY,6,ENERGY_MANAGEMENT,,,ENERGY,0,0,121,50,320,2,True,4,5,False,True,1,1,0,678,140,5,678,140,5,True,False,Mega Brave,270,False
92606450,582.6,WIN,True,62,9,MAIN,10,BENCH_MANAGEMENT,EVOLVE,,EVOLVE,2,0,121,50,320,2,True,4,5,True,True,1,1,0,678,140,5,678,140,5,True,False,Mega Brave,270,False
92606450,582.6,WIN,True,63,9,MAIN,10,RESOURCE_MANAGEMENT,ABILITY,,ABILITY,2,0,121,50,320,2,True,4,5,True,True,1,1,0,678,140,5,678,140,5,True,False,Mega Brave,270,False
92606450,582.6,WIN,True,64,9,TO_HAND,2,RESOURCE_MANAGEMENT,,,CARD,0,0,121,50,320,2,True,4,5,False,True,1,1,0,678,140,5,678,140,5,True,False,Mega Brave,270,False
92606450,582.6,WIN,True,65,9,MAIN,10,RESOURCE_MANAGEMENT,PLAY_SUPPORTER,1227,PLAY,2,0,121,50,320,2,True,4,5,True,True,1,1,0,678,140,5,678,140,5,True,False,Mega Brave,270,False
92606450,582.6,WIN,True,66,9,MAIN,12,RESOURCE_MANAGEMENT,PLAY_ITEM,1121,PLAY,2,0,121,50,320,2,True,4,5,True,True,1,1,0,678,140,5,678,140,5,True,False,Mega Brave,270,False
92606450,582.6,WIN,True,67,9,DISCARD,5,RESOURCE_MANAGEMENT,,,CARD;CARD,0,0,121,50,320,2,True,4,5,False,True,1,1,0,678,140,5,678,140,5,True,False,Mega Brave,270,False
92606450,582.6,WIN,True,68,9,TO_HAND,5,RESOURCE_MANAGEMENT,,,CARD,0,0,121,50,320,2,True,4,5,False,True,1,1,0,678,140,5,678,140,5,True,False,Mega Brave,270,False
92606450,582.6,WIN,True,69,9,MAIN,12,BENCH_MANAGEMENT,EVOLVE,,EVOLVE,2,0,121,50,320,2,True,4,5,True,True,1,1,0,678,140,5,678,140,5,True,False,Mega Brave,270,False
92606450,582.6,WIN,True,70,9,MAIN,10,ENERGY_MANAGEMENT,ATTACH_ENERGY,,ATTACH,2,0,121,50,320,2,True,4,5,True,True,1,1,0,678,140,5,678,140,5,True,False,Mega Brave,270,False
92606450,582.6,WIN,True,71,9,MAIN,5,ATTACK_SELECTION,ATTACK,,ATTACK,2,1,121,50,320,2,True,4,5,True,True,1,1,1,678,140,5,678,0,5,True,False,Mega Brave,270,False
92606450,582.6,WIN,True,72,9,DAMAGE_COUNTER_ANY,5,TARGET_SELECTION,,,CARD,0,0,121,50,320,2,True,4,5,False,True,1,1,1,678,0,5,678,0,5,True,False,Mega Brave,270,False
92606450,582.6,WIN,True,73,9,DAMAGE_COUNTER_ANY,5,TARGET_SELECTION,,,CARD,0,0,121,50,320,2,True,4,5,False,True,1,1,1,678,0,5,678,0,5,True,False,Mega Brave,270,False
92606450,582.6,WIN,True,74,9,DAMAGE_COUNTER_ANY,5,TARGET_SELECTION,,,CARD,0,0,121,50,320,2,True,4,5,False,True,1,1,1,678,0,5,678,0,5,True,False,Mega Brave,270,False
92606450,582.6,WIN,True,75,9,DAMAGE_COUNTER_ANY,5,TARGET_SELECTION,,,CARD,0,0,121,50,320,2,True,4,5,False,True,1,1,1,678,0,5,678,0,5,True,False,Mega Brave,270,False
92606450,582.6,WIN,True,76,9,DAMAGE_COUNTER_ANY,5,TARGET_SELECTION,,,CARD,0,0,121,50,320,2,True,4,5,False,True,1,1,1,678,0,5,678,0,5,True,False,Mega Brave,270,False
92606450,582.6,WIN,True,77,9,DAMAGE_COUNTER_ANY,5,TARGET_SELECTION,,,CARD,0,0,121,50,320,2,True,4,5,False,True,1,1,1,678,0,5,,,5,True,False,Mega Brave,270,False
92606450,582.6,WIN,True,78,9,TO_HAND,5,RESOURCE_MANAGEMENT,,,CARD;CARD;CARD,0,0,121,50,320,2,True,4,5,False,True,1,1,1,,,5,,,5,,,,,False
92606450,582.6,WIN,True,79,9,TO_HAND,2,RESOURCE_MANAGEMENT,,,,0,0,121,50,320,2,True,4,2,False,True,1,1,1,,,5,678,310,3,,,,,False
92606450,582.6,WIN,True,80,10,TO_ACTIVE,4,ACTIVE_POKEMON_SELECTION,,,CARD,0,0,,,,,False,4,1,False,True,,,1,678,310,3,678,310,3,,,,,True
92606450,582.6,WIN,True,81,11,MAIN,17,ENERGY_MANAGEMENT,ATTACH_ENERGY,,ATTACH,1,0,121,320,320,2,False,3,1,True,True,1,1,0,678,310,3,678,310,3,False,False,Mega Brave,270,False
92606450,582.6,WIN,True,82,11,MAIN,13,RESOURCE_MANAGEMENT,PLAY_ITEM,1120,PLAY,1,0,121,320,320,2,False,3,1,True,True,1,1,0,678,310,3,678,310,3,False,False,Mega Brave,270,False
92606450,582.6,WIN,True,83,11,MAIN,12,RESOURCE_MANAGEMENT,ABILITY,,ABILITY,1,0,121,320,320,2,False,3,1,True,True,1,1,0,678,310,3,678,310,3,False,False,Mega Brave,270,False
92606450,582.6,WIN,True,84,11,TO_HAND,2,RESOURCE_MANAGEMENT,,,CARD,0,0,121,320,320,2,False,3,1,False,True,1,1,0,678,310,3,678,310,3,False,False,Mega Brave,270,False
92606450,582.6,WIN,True,85,11,MAIN,12,RESOURCE_MANAGEMENT,ABILITY,,ABILITY,1,0,121,320,320,2,False,3,1,True,True,1,1,0,678,310,3,678,310,3,False,False,Mega Brave,270,False
92606450,582.6,WIN,True,86,11,TO_HAND,2,RESOURCE_MANAGEMENT,,,CARD,0,0,121,320,320,2,False,3,1,False,True,1,1,0,678,310,3,678,310,3,False,False,Mega Brave,270,False
92606450,582.6,WIN,True,87,11,MAIN,15,RESOURCE_MANAGEMENT,PLAY_SUPPORTER,1198,PLAY,1,0,121,320,320,2,False,3,1,True,True,1,1,0,678,310,3,678,310,3,False,False,Mega Brave,270,False
92606450,582.6,WIN,True,88,11,TO_HAND,1,RESOURCE_MANAGEMENT,,,CARD,0,0,121,320,320,2,False,3,1,False,True,1,1,0,678,310,3,678,310,3,False,False,Mega Brave,270,False
92606450,582.6,WIN,True,89,11,MAIN,17,ENERGY_MANAGEMENT,ATTACH_ENERGY,,ATTACH,1,0,121,320,320,2,False,3,1,True,True,1,1,0,678,310,3,678,310,3,False,False,Mega Brave,270,False
92606450,582.6,WIN,True,90,11,MAIN,6,ATTACK_SELECTION,ATTACK,,ATTACK,2,1,121,320,320,2,False,3,1,True,True,1,1,0,678,310,3,678,110,3,False,False,Mega Brave,270,False
92606450,582.6,WIN,True,91,11,DAMAGE_COUNTER_ANY,5,TARGET_SELECTION,,,CARD,0,0,121,320,320,2,False,3,1,False,True,1,1,0,678,110,3,678,110,3,False,False,Mega Brave,270,False
92606450,582.6,WIN,True,92,11,DAMAGE_COUNTER_ANY,5,TARGET_SELECTION,,,CARD,0,0,121,320,320,2,False,3,1,False,True,1,1,0,678,110,3,678,110,3,False,False,Mega Brave,270,False
92606450,582.6,WIN,True,93,11,DAMAGE_COUNTER_ANY,5,TARGET_SELECTION,,,CARD,0,0,121,320,320,2,False,3,1,False,True,1,1,0,678,110,3,678,110,3,False,False,Mega Brave,270,False
92606450,582.6,WIN,True,94,11,DAMAGE_COUNTER_ANY,5,TARGET_SELECTION,,,CARD,0,0,121,320,320,2,False,3,1,False,True,1,1,0,678,110,3,678,110,3,False,False,Mega Brave,270,False
92606450,582.6,WIN,True,95,11,DAMAGE_COUNTER_ANY,5,TARGET_SELECTION,,,CARD,0,0,121,320,320,2,False,3,1,False,True,1,1,0,678,110,3,678,110,3,False,False,Mega Brave,270,False
92606450,582.6,WIN,True,96,11,DAMAGE_COUNTER_ANY,5,TARGET_SELECTION,,,,0,0,121,320,320,2,False,3,1,False,True,1,1,0,678,110,3,678,110,2,False,False,Mega Brave,270,False
92606450,582.6,WIN,True,97,12,TO_ACTIVE,3,ACTIVE_POKEMON_SELECTION,,,CARD,0,0,,,,,False,3,1,False,True,,,1,678,110,2,678,110,2,,,,,True
92606450,582.6,WIN,True,98,13,MAIN,15,RESOURCE_MANAGEMENT,ABILITY,,ABILITY,2,0,121,320,320,2,False,2,1,True,True,1,1,0,678,110,2,678,110,2,False,False,Mega Brave,270,False
92606450,582.6,WIN,True,99,13,TO_HAND,2,RESOURCE_MANAGEMENT,,,CARD,0,0,121,320,320,2,False,2,1,False,True,1,1,0,678,110,2,678,110,2,False,False,Mega Brave,270,False
92606450,582.6,WIN,True,100,13,MAIN,15,ENERGY_MANAGEMENT,ATTACH_ENERGY,,ATTACH,2,0,121,320,320,2,False,2,1,True,True,1,1,0,678,110,2,678,110,2,False,False,Mega Brave,270,False
92606450,582.6,WIN,True,101,13,MAIN,9,RESOURCE_MANAGEMENT,PLAY_ITEM,1080,PLAY,2,0,121,320,320,2,False,2,1,True,True,1,1,1,678,110,2,678,110,2,False,False,Mega Brave,270,False
92606450,582.6,WIN,True,102,13,MAIN,9,RESOURCE_MANAGEMENT,PLAY_SUPPORTER,1227,PLAY,2,0,121,320,320,2,False,2,1,True,True,1,1,1,678,110,2,678,110,2,False,False,Mega Brave,270,False
92606450,582.6,WIN,True,103,13,MAIN,9,RESOURCE_MANAGEMENT,PLAY_ITEM,1121,PLAY,2,0,121,320,320,2,False,2,1,True,True,1,1,1,678,110,2,678,110,2,False,False,Mega Brave,270,False
92606450,582.6,WIN,True,104,13,DISCARD,5,RESOURCE_MANAGEMENT,,,CARD;CARD,0,0,121,320,320,2,False,2,1,False,True,1,1,1,678,110,2,678,110,2,False,False,Mega Brave,270,False
92606450,582.6,WIN,True,105,13,TO_HAND,4,RESOURCE_MANAGEMENT,,,CARD,0,0,121,320,320,2,False,2,1,False,True,1,1,1,678,110,2,678,110,2,False,False,Mega Brave,270,False
92606450,582.6,WIN,True,106,13,MAIN,7,RESOURCE_MANAGEMENT,PLAY_POKEMON,140,PLAY,2,0,121,320,320,2,False,2,1,True,True,1,1,1,678,110,2,678,110,2,False,False,Mega Brave,270,False
92606450,582.6,WIN,True,107,13,MAIN,7,RESOURCE_MANAGEMENT,PLAY_ITEM,1120,PLAY,2,0,121,320,320,2,False,3,1,True,True,1,1,1,678,110,2,678,110,2,False,False,Mega Brave,270,False
92606450,582.6,WIN,True,108,13,MAIN,6,RESOURCE_MANAGEMENT,ABILITY,,ABILITY,2,0,121,320,320,2,False,3,1,True,True,1,1,1,678,110,2,678,110,2,False,False,Mega Brave,270,False
92606450,582.6,WIN,True,109,13,MAIN,7,RESOURCE_MANAGEMENT,PLAY_ITEM,1121,PLAY,2,0,121,320,320,2,False,3,1,True,True,1,1,1,678,110,2,678,110,2,False,False,Mega Brave,270,False
92606450,582.6,WIN,True,110,13,DISCARD,4,RESOURCE_MANAGEMENT,,,CARD;CARD,0,0,121,320,320,2,False,3,1,False,True,1,1,1,678,110,2,678,110,2,False,False,Mega Brave,270,False
92606450,582.6,WIN,True,111,13,TO_HAND,3,RESOURCE_MANAGEMENT,,,CARD,0,0,121,320,320,2,False,3,1,False,True,1,1,1,678,110,2,678,110,2,False,False,Mega Brave,270,False
92606450,582.6,WIN,True,112,13,MAIN,6,ATTACK_SELECTION,ATTACK,,ATTACK,2,1,121,320,320,2,False,3,1,True,True,1,1,1,678,110,2,678,0,2,False,False,Mega Brave,270,False
92606450,582.6,WIN,True,113,13,DAMAGE_COUNTER_ANY,5,TARGET_SELECTION,,,CARD,0,0,121,320,320,2,False,3,1,False,True,1,1,1,678,0,2,678,0,2,False,False,Mega Brave,270,False
92606450,582.6,WIN,True,114,13,DAMAGE_COUNTER_ANY,5,TARGET_SELECTION,,,CARD,0,0,121,320,320,2,False,3,1,False,True,1,1,1,678,0,2,678,0,2,False,False,Mega Brave,270,False
92606450,582.6,WIN,True,115,13,DAMAGE_COUNTER_ANY,5,TARGET_SELECTION,,,CARD,0,0,121,320,320,2,False,3,1,False,True,1,1,1,678,0,2,678,0,2,False,False,Mega Brave,270,False
92606450,582.6,WIN,True,116,13,DAMAGE_COUNTER_ANY,5,TARGET_SELECTION,,,CARD,0,0,121,320,320,2,False,3,1,False,True,1,1,1,678,0,2,678,0,2,False,False,Mega Brave,270,False
92606450,582.6,WIN,True,117,13,DAMAGE_COUNTER_ANY,5,TARGET_SELECTION,,,CARD,0,0,121,320,320,2,False,3,1,False,True,1,1,1,678,0,2,678,0,2,False,False,Mega Brave,270,False
92606450,582.6,WIN,True,118,13,DAMAGE_COUNTER_ANY,5,TARGET_SELECTION,,,CARD,0,0,121,320,320,2,False,3,1,False,True,1,1,1,678,0,2,,,2,False,False,Mega Brave,270,False
92607420,603.6,WIN,True,0,,,0,UNKNOWN,,,,0,0,,,,,False,,,False,False,,,0,,,,,,,,,,,False
92607420,603.6,WIN,True,1,,,0,UNKNOWN,,,,0,0,,,,,False,,,False,False,,,0,,,,,,0,,,,,False
92607420,603.6,WIN,True,2,0,IS_FIRST,2,GOING_FIRST_SECOND,,,,0,0,,,,,False,0,0,False,False,,,0,,,0,,,6,,,,,False
92607420,603.6,WIN,True,3,0,SETUP_ACTIVE_POKEMON,2,EARLY_GAME_SETUP,,,,0,0,,,,,False,0,0,False,False,,,0,,,6,,,6,,,,,False
92607420,603.6,WIN,True,4,0,SETUP_BENCH_POKEMON,1,BENCH_MANAGEMENT,,,,0,0,,,,,False,0,6,False,False,,,0,,,6,112,110,6,,,,,False
92607420,603.6,WIN,True,5,1,MAIN,5,RESOURCE_MANAGEMENT,PLAY_STADIUM,1256,PLAY,0,0,235,30,30,1,False,0,6,False,False,0,0,0,112,110,6,112,110,6,False,False,,,False
92607420,603.6,WIN,True,6,1,MAIN,4,RESOURCE_MANAGEMENT,PLAY_POKEMON,119,PLAY,0,0,235,30,30,1,False,0,6,False,False,0,0,0,112,110,6,112,110,6,False,False,,,False
92607420,603.6,WIN,True,7,1,MAIN,5,RESOURCE_MANAGEMENT,PLAY_ITEM,1152,PLAY,0,0,235,30,30,1,False,1,6,True,True,0,0,0,112,110,6,112,110,6,False,False,,,False
92607420,603.6,WIN,True,8,1,TO_HAND,6,RESOURCE_MANAGEMENT,,,CARD,0,0,235,30,30,1,False,1,6,False,True,0,0,0,112,110,6,112,110,6,False,False,,,False
92607420,603.6,WIN,True,9,1,MAIN,5,RESOURCE_MANAGEMENT,PLAY_POKEMON,119,PLAY,0,0,235,30,30,1,False,1,6,True,True,0,0,0,112,110,6,112,110,6,False,False,,,False
92607420,603.6,WIN,True,10,1,MAIN,5,ENERGY_MANAGEMENT,ATTACH_ENERGY,,ATTACH,0,0,235,30,30,1,False,2,6,True,True,0,0,0,112,110,6,112,110,6,False,False,,,False
92607420,603.6,WIN,True,11,1,MAIN,2,TIMING,,,,0,0,235,30,30,1,False,2,6,True,True,0,0,0,112,110,6,112,110,6,False,False,,,False
92607420,603.6,WIN,True,12,3,MAIN,5,RESOURCE_MANAGEMENT,PLAY_ITEM,1086,PLAY,1,0,235,30,30,1,False,2,6,True,True,0,0,0,112,110,6,112,110,6,False,True,,,False
92607420,603.6,WIN,True,13,3,TO_BENCH,1,BENCH_MANAGEMENT,,,CARD,0,0,235,30,30,1,False,2,6,False,True,0,0,0,112,110,6,112,110,6,False,True,,,False
92607420,603.6,WIN,True,14,3,MAIN,4,RESOURCE_MANAGEMENT,PLAY_SUPPORTER,1210,PLAY,1,0,235,30,30,1,False,3,6,True,True,0,0,0,112,110,6,112,110,6,False,True,,,False
92607420,603.6,WIN,True,15,3,TO_HAND,9,RESOURCE_MANAGEMENT,,,CARD,0,0,235,30,30,1,False,3,6,False,True,0,0,0,112,110,6,112,110,6,False,True,,,False
92607420,603.6,WIN,True,16,3,MAIN,5,BENCH_MANAGEMENT,EVOLVE,,EVOLVE,1,0,235,30,30,1,False,3,6,True,True,0,0,0,112,110,6,112,110,6,False,True,,,False
92607420,603.6,WIN,True,17,3,MAIN,4,RESOURCE_MANAGEMENT,ABILITY,,ABILITY,1,0,235,30,30,1,False,3,6,True,True,0,0,0,112,110,6,112,110,6,False,True,,,False
92607420,603.6,WIN,True,18,3,TO_HAND,2,RESOURCE_MANAGEMENT,,,CARD,0,0,235,30,30,1,False,3,6,False,True,0,0,0,112,110,6,112,110,6,False,True,,,False
92607420,603.6,WIN,True,19,3,MAIN,3,TIMING,,,,1,0,235,30,30,1,False,3,6,True,True,0,0,0,112,110,6,646,70,6,False,True,,,False
92607420,603.6,WIN,True,20,5,MAIN,7,BENCH_MANAGEMENT,EVOLVE,,EVOLVE,1,0,235,20,30,1,True,3,6,True,True,0,0,0,646,70,6,646,70,6,False,False,,,False
92607420,603.6,WIN,True,21,5,MAIN,5,RESOURCE_MANAGEMENT,PLAY_ITEM,1120,PLAY,1,0,235,20,30,1,True,3,6,True,True,0,0,1,646,70,6,646,70,6,False,False,,,False
92607420,603.6,WIN,True,22,5,MAIN,4,RESOURCE_MANAGEMENT,PLAY_SUPPORTER,1227,PLAY,1,0,235,20,30,1,True,3,6,True,True,0,0,1,646,70,6,646,70,6,False,False,,,False
92607420,603.6,WIN,True,23,5,MAIN,17,RESOURCE_MANAGEMENT,PLAY_ITEM,1152,PLAY,1,0,235,20,30,1,True,3,6,True,True,0,0,1,646,70,6,646,70,6,False,False,,,False
92607420,603.6,WIN,True,24,5,TO_HAND,2,RESOURCE_MANAGEMENT,,,CARD,0,0,235,20,30,1,True,3,6,False,True,0,0,1,646,70,6,646,70,6,False,False,,,False
92607420,603.6,WIN,True,25,5,MAIN,18,BENCH_MANAGEMENT,EVOLVE,,EVOLVE,1,0,235,20,30,1,True,3,6,True,True,0,0,1,646,70,6,646,70,6,False,False,,,False
92607420,603.6,WIN,True,26,5,MAIN,16,RESOURCE_MANAGEMENT,ABILITY,,ABILITY,1,0,235,20,30,1,True,3,6,True,True,0,0,1,646,70,6,646,70,6,False,False,,,False
92607420,603.6,WIN,True,27,5,TO_HAND,2,RESOURCE_MANAGEMENT,,,CARD,0,0,235,20,30,1,True,3,6,False,True,0,0,1,646,70,6,646,70,6,False,False,,,False
92607420,603.6,WIN,True,28,5,MAIN,16,RESOURCE_MANAGEMENT,PLAY_ITEM,1121,PLAY,1,0,235,20,30,1,True,3,6,True,True,0,0,1,646,70,6,646,70,6,False,False,,,False
92607420,603.6,WIN,True,29,5,DISCARD,7,RESOURCE_MANAGEMENT,,,CARD;CARD,0,0,235,20,30,1,True,3,6,False,True,0,0,1,646,70,6,646,70,6,False,False,,,False
92607420,603.6,WIN,True,30,5,TO_HAND,4,RESOURCE_MANAGEMENT,,,CARD,0,0,235,20,30,1,True,3,6,False,True,0,0,1,646,70,6,646,70,6,False,False,,,False
92607420,603.6,WIN,True,31,5,MAIN,14,RESOURCE_MANAGEMENT,PLAY_ITEM,1079,PLAY,1,0,235,20,30,1,True,3,6,True,True,0,0,1,646,70,6,646,70,6,False,False,,,False
92607420,603.6,WIN,True,32,5,EVOLVE,1,BENCH_MANAGEMENT,,,EVOLVE,0,0,235,20,30,1,True,3,6,False,True,0,0,1,646,70,6,646,70,6,False,False,,,False
92607420,603.6,WIN,True,33,5,MAIN,12,ENERGY_MANAGEMENT,ATTACH_ENERGY,,ATTACH,1,0,235,20,30,1,True,3,6,True,True,0,0,1,646,70,6,646,70,6,False,False,,,False
92607420,603.6,WIN,True,34,5,MAIN,4,RETREAT_SELECTION,RETREAT,,RETREAT,1,0,235,20,30,1,True,3,6,True,True,0,0,1,646,70,6,646,70,6,False,False,,,False
92607420,603.6,WIN,True,35,5,SWITCH,3,ACTIVE_POKEMON_SELECTION,,,CARD,0,0,235,20,30,1,True,3,6,False,True,0,0,1,646,70,6,646,70,6,False,False,,,False
92607420,603.6,WIN,True,36,5,MAIN,4,ATTACK_SELECTION,ATTACK,,ATTACK,2,1,121,320,320,2,False,3,6,False,True,1,1,1,646,70,6,646,0,6,False,False,,,True
92607420,603.6,WIN,True,37,5,DAMAGE_COUNTER_ANY,1,TARGET_SELECTION,,,CARD,0,0,121,320,320,2,False,3,6,False,True,1,1,1,646,0,6,646,0,6,False,False,,,False
92607420,603.6,WIN,True,38,5,DAMAGE_COUNTER_ANY,1,TARGET_SELECTION,,,CARD,0,0,121,320,320,2,False,3,6,False,True,1,1,1,646,0,6,646,0,6,False,False,,,False
92607420,603.6,WIN,True,39,5,DAMAGE_COUNTER_ANY,1,TARGET_SELECTION,,,CARD,0,0,121,320,320,2,False,3,6,False,True,1,1,1,646,0,6,646,0,6,False,False,,,False
92607420,603.6,WIN,True,40,5,DAMAGE_COUNTER_ANY,1,TARGET_SELECTION,,,CARD,0,0,121,320,320,2,False,3,6,False,True,1,1,1,646,0,6,646,0,6,False,False,,,False
92607420,603.6,WIN,True,41,5,DAMAGE_COUNTER_ANY,1,TARGET_SELECTION,,,CARD,0,0,121,320,320,2,False,3,6,False,True,1,1,1,646,0,6,646,0,6,False,False,,,False
92607420,603.6,WIN,True,42,5,DAMAGE_COUNTER_ANY,1,TARGET_SELECTION,,,CARD,0,0,121,320,320,2,False,3,6,False,True,1,1,1,646,0,6,,,6,False,False,,,False
92607420,603.6,WIN,True,43,5,TO_HAND,6,RESOURCE_MANAGEMENT,,,,0,0,121,320,320,2,False,3,6,False,True,1,1,1,,,6,112,110,5,,,,,False
92607420,603.6,WIN,True,44,7,MAIN,5,RESOURCE_MANAGEMENT,ABILITY,,ABILITY,0,0,120,90,90,1,False,2,5,False,True,1,0,1,112,110,5,112,110,5,False,False,,,True
92607420,603.6,WIN,True,45,7,TO_HAND,2,RESOURCE_MANAGEMENT,,,CARD,0,0,120,90,90,1,False,2,5,False,True,1,0,1,112,110,5,112,110,5,False,False,,,False
92607420,603.6,WIN,True,46,7,MAIN,5,RESOURCE_MANAGEMENT,PLAY_ITEM,1080,PLAY,0,0,120,90,90,1,False,2,5,False,True,1,0,1,112,110,5,112,110,5,False,False,,,False
92607420,603.6,WIN,True,47,7,MAIN,8,ENERGY_MANAGEMENT,ATTACH_ENERGY,,ATTACH,0,0,120,90,90,1,False,2,5,False,True,1,0,1,112,110,5,112,110,5,False,False,,,False
92607420,603.6,WIN,True,48,7,MAIN,5,RESOURCE_MANAGEMENT,PLAY_SUPPORTER,1227,PLAY,0,0,120,90,90,1,False,2,5,False,True,1,0,1,112,110,5,112,110,5,False,False,,,False
92607420,603.6,WIN,True,49,7,MAIN,6,RESOURCE_MANAGEMENT,PLAY_POKEMON,140,PLAY,0,0,120,90,90,1,False,2,5,False,True,1,0,1,112,110,5,112,110,5,False,False,,,False
92607420,603.6,WIN,True,50,7,MAIN,6,RESOURCE_MANAGEMENT,ABILITY,,ABILITY,0,0,120,90,90,1,False,3,5,False,True,1,0,1,112,110,5,112,110,5,False,False,,,False
92607420,603.6,WIN,True,51,7,MAIN,9,ENERGY_MANAGEMENT,ATTACH_ENERGY,,ATTACH,0,0,120,90,90,1,False,3,5,False,True,1,0,1,112,110,5,112,110,5,False,False,,,False
92607420,603.6,WIN,True,52,7,MAIN,6,RETREAT_SELECTION,RETREAT,,RETREAT,0,0,120,90,90,1,False,3,5,True,True,1,1,1,112,110,5,112,110,5,False,False,,,False
92607420,603.6,WIN,True,53,7,DISCARD_ENERGY,1,ENERGY_MANAGEMENT,,,ENERGY,0,0,120,90,90,1,False,3,5,False,True,1,1,1,112,110,5,112,110,5,False,False,,,False
92607420,603.6,WIN,True,54,7,SWITCH,3,ACTIVE_POKEMON_SELECTION,,,CARD,0,0,120,90,90,1,False,3,5,False,True,1,0,1,112,110,5,112,110,5,False,False,,,False
92607420,603.6,WIN,True,55,7,MAIN,7,ATTACK_SELECTION,ATTACK,,ATTACK,2,1,121,320,320,2,False,3,5,False,True,1,1,0,112,110,5,112,0,5,False,False,,,True
92607420,603.6,WIN,True,56,7,DAMAGE_COUNTER_ANY,1,TARGET_SELECTION,,,CARD,0,0,121,320,320,2,False,3,5,False,True,1,1,0,112,0,5,112,0,5,False,False,,,False
92607420,603.6,WIN,True,57,7,DAMAGE_COUNTER_ANY,1,TARGET_SELECTION,,,CARD,0,0,121,320,320,2,False,3,5,False,True,1,1,0,112,0,5,112,0,5,False,False,,,False
92607420,603.6,WIN,True,58,7,DAMAGE_COUNTER_ANY,1,TARGET_SELECTION,,,CARD,0,0,121,320,320,2,False,3,5,False,True,1,1,0,112,0,5,112,0,5,False,False,,,False
92607420,603.6,WIN,True,59,7,DAMAGE_COUNTER_ANY,1,TARGET_SELECTION,,,CARD,0,0,121,320,320,2,False,3,5,False,True,1,1,0,112,0,5,112,0,5,False,False,,,False
92607420,603.6,WIN,True,60,7,DAMAGE_COUNTER_ANY,1,TARGET_SELECTION,,,CARD,0,0,121,320,320,2,False,3,5,False,True,1,1,0,112,0,5,112,0,5,False,False,,,False
92607420,603.6,WIN,True,61,7,DAMAGE_COUNTER_ANY,1,TARGET_SELECTION,,,,0,0,121,320,320,2,False,3,5,False,True,1,1,0,112,0,5,,,5,False,False,,,False
92607420,603.6,WIN,True,62,7,TO_HAND,5,RESOURCE_MANAGEMENT,,,,0,0,121,320,320,2,False,3,5,False,True,1,1,0,,,5,112,50,5,,,,,False
92607420,603.6,WIN,True,63,9,MAIN,11,RESOURCE_MANAGEMENT,PLAY_ITEM,1121,PLAY,1,0,121,290,320,2,True,3,4,True,True,1,1,0,112,50,5,112,50,5,False,False,,,False
92607420,603.6,WIN,True,64,9,DISCARD,8,RESOURCE_MANAGEMENT,,,CARD;CARD,0,0,121,290,320,2,True,3,4,False,True,1,1,0,112,50,5,112,50,5,False,False,,,False
92607420,603.6,WIN,True,65,9,TO_HAND,2,RESOURCE_MANAGEMENT,,,CARD,0,0,121,290,320,2,True,3,4,False,True,1,1,0,112,50,5,112,50,5,False,False,,,False
92607420,603.6,WIN,True,66,9,MAIN,9,RESOURCE_MANAGEMENT,ABILITY,,ABILITY,1,0,121,290,320,2,True,3,4,True,True,1,1,0,112,50,5,112,50,5,False,False,,,False
92607420,603.6,WIN,True,67,9,TO_HAND,2,RESOURCE_MANAGEMENT,,,CARD,0,0,121,290,320,2,True,3,4,False,True,1,1,0,112,50,5,112,50,5,False,False,,,False
92607420,603.6,WIN,True,68,9,MAIN,12,RESOURCE_MANAGEMENT,PLAY_SUPPORTER,1198,PLAY,1,0,121,290,320,2,True,3,4,True,True,1,1,0,112,50,5,112,50,5,False,False,,,False
92607420,603.6,WIN,True,69,9,TO_HAND,4,RESOURCE_MANAGEMENT,,,CARD,0,0,121,290,320,2,True,3,4,False,True,1,1,0,112,50,5,112,50,5,False,False,,,False
92607420,603.6,WIN,True,70,9,ATTACH_TO,2,ENERGY_MANAGEMENT,,,CARD,0,0,121,290,320,2,True,3,4,False,True,1,1,0,112,50,5,112,50,5,False,False,,,False
92607420,603.6,WIN,True,71,9,ATTACH_FROM,4,ENERGY_MANAGEMENT,,,CARD,0,0,121,290,320,2,True,3,4,False,True,1,1,0,112,50,5,112,50,5,False,False,,,False
92607420,603.6,WIN,True,72,9,MAIN,15,ENERGY_MANAGEMENT,ATTACH_ENERGY,,ATTACH,2,0,121,290,320,2,True,3,4,True,True,1,1,0,112,50,5,112,50,5,False,False,,,False
92607420,603.6,WIN,True,73,9,MAIN,7,ATTACK_SELECTION,ATTACK,,ATTACK,2,1,121,290,320,2,True,3,4,True,True,1,1,1,112,50,5,112,0,5,False,False,,,False
92607420,603.6,WIN,True,74,9,DAMAGE_COUNTER_ANY,2,TARGET_SELECTION,,,CARD,0,0,121,290,320,2,True,3,4,False,True,1,1,1,112,0,5,112,0,5,False,False,,,False
92607420,603.6,WIN,True,75,9,DAMAGE_COUNTER_ANY,2,TARGET_SELECTION,,,CARD,0,0,121,290,320,2,True,3,4,False,True,1,1,1,112,0,5,112,0,5,False,False,,,False
92607420,603.6,WIN,True,76,9,DAMAGE_COUNTER_ANY,2,TARGET_SELECTION,,,CARD,0,0,121,290,320,2,True,3,4,False,True,1,1,1,112,0,5,112,0,5,False,False,,,False
92607420,603.6,WIN,True,77,9,DAMAGE_COUNTER_ANY,2,TARGET_SELECTION,,,CARD,0,0,121,290,320,2,True,3,4,False,True,1,1,1,112,0,5,112,0,5,False,False,,,False
92607420,603.6,WIN,True,78,9,DAMAGE_COUNTER_ANY,2,TARGET_SELECTION,,,CARD,0,0,121,290,320,2,True,3,4,False,True,1,1,1,112,0,5,112,0,5,False,False,,,False
92607420,603.6,WIN,True,79,9,DAMAGE_COUNTER_ANY,2,TARGET_SELECTION,,,,0,0,121,290,320,2,True,3,4,False,True,1,1,1,112,0,5,,,5,False,False,,,False
92607420,603.6,WIN,True,80,9,TO_HAND,4,RESOURCE_MANAGEMENT,,,,0,0,121,290,320,2,True,3,4,False,True,1,1,2,,,5,646,10,5,,,,,False
92607420,603.6,WIN,True,81,11,MAIN,14,RESOURCE_MANAGEMENT,ABILITY,,ABILITY,1,0,121,290,320,2,True,3,3,True,True,1,1,2,646,10,5,646,10,5,False,False,,,False
92607420,603.6,WIN,True,82,11,TO_HAND,2,RESOURCE_MANAGEMENT,,,CARD,0,0,121,290,320,2,True,3,3,False,True,1,1,2,646,10,5,646,10,5,False,False,,,False
92607420,603.6,WIN,True,83,11,MAIN,14,ENERGY_MANAGEMENT,ATTACH_ENERGY,,ATTACH,1,0,121,290,320,2,True,3,3,True,True,1,1,2,646,10,5,646,10,5,False,False,,,False
92607420,603.6,WIN,True,84,11,MAIN,11,RESOURCE_MANAGEMENT,PLAY_SUPPORTER,1227,PLAY,2,0,121,290,320,2,True,3,3,True,True,1,1,2,646,10,5,646,10,5,False,False,,,False
92607420,603.6,WIN,True,85,11,MAIN,8,ATTACK_SELECTION,ATTACK,,ATTACK,2,1,121,290,320,2,True,3,3,True,True,1,1,2,646,10,5,646,0,5,False,False,,,False
92607420,603.6,WIN,True,86,11,DAMAGE_COUNTER_ANY,1,TARGET_SELECTION,,,CARD,0,0,121,290,320,2,True,3,3,False,True,1,1,2,646,0,5,646,0,5,False,False,,,False
92607420,603.6,WIN,True,87,11,DAMAGE_COUNTER_ANY,1,TARGET_SELECTION,,,CARD,0,0,121,290,320,2,True,3,3,False,True,1,1,2,646,0,5,646,0,5,False,False,,,False
92607420,603.6,WIN,True,88,11,DAMAGE_COUNTER_ANY,1,TARGET_SELECTION,,,CARD,0,0,121,290,320,2,True,3,3,False,True,1,1,2,646,0,5,646,0,5,False,False,,,False
92607420,603.6,WIN,True,89,11,DAMAGE_COUNTER_ANY,1,TARGET_SELECTION,,,CARD,0,0,121,290,320,2,True,3,3,False,True,1,1,2,646,0,5,646,0,5,False,False,,,False
92607420,603.6,WIN,True,90,11,DAMAGE_COUNTER_ANY,1,TARGET_SELECTION,,,CARD,0,0,121,290,320,2,True,3,3,False,True,1,1,2,646,0,5,646,0,5,False,False,,,False
92607420,603.6,WIN,True,91,11,DAMAGE_COUNTER_ANY,1,TARGET_SELECTION,,,CARD,0,0,121,290,320,2,True,3,3,False,True,1,1,2,646,0,5,,,5,False,False,,,False
92607420,603.6,WIN,True,92,11,TO_HAND,3,RESOURCE_MANAGEMENT,,,,0,0,121,290,320,2,True,3,3,False,True,1,1,2,,,5,646,10,5,,,,,False
92607420,603.6,WIN,True,93,13,MAIN,15,RESOURCE_MANAGEMENT,PLAY_POKEMON,119,PLAY,2,0,121,290,320,2,True,3,2,True,True,1,1,2,646,10,5,646,10,5,False,False,,,False
92607420,603.6,WIN,True,94,13,MAIN,15,RESOURCE_MANAGEMENT,ABILITY,,ABILITY,2,0,121,290,320,2,True,4,2,True,True,1,1,2,646,10,5,646,10,5,False,False,,,False
92607420,603.6,WIN,True,95,13,TO_HAND,2,RESOURCE_MANAGEMENT,,,CARD,0,0,121,290,320,2,True,4,2,False,True,1,1,2,646,10,5,646,10,5,False,False,,,False
92607420,603.6,WIN,True,96,13,MAIN,15,RESOURCE_MANAGEMENT,PLAY_SUPPORTER,1210,PLAY,2,0,121,290,320,2,True,4,2,True,True,1,1,2,646,10,5,646,10,5,False,False,,,False
92607420,603.6,WIN,True,97,13,TO_HAND,1,RESOURCE_MANAGEMENT,,,CARD,0,0,121,290,320,2,True,4,2,False,True,1,1,2,646,10,5,646,10,5,False,False,,,False
92607420,603.6,WIN,True,98,13,MAIN,14,ENERGY_MANAGEMENT,ATTACH_ENERGY,,ATTACH,2,0,121,290,320,2,True,4,2,True,True,1,1,2,646,10,5,646,10,5,False,False,,,False
92607420,603.6,WIN,True,99,13,MAIN,9,ATTACK_SELECTION,ATTACK,,ATTACK,2,1,121,290,320,2,True,4,2,True,True,1,1,3,646,10,5,646,0,5,False,False,,,False
92607420,603.6,WIN,True,100,13,DAMAGE_COUNTER_ANY,1,TARGET_SELECTION,,,CARD,0,0,121,290,320,2,True,4,2,False,True,1,1,3,646,0,5,646,0,5,False,False,,,False
92607420,603.6,WIN,True,101,13,DAMAGE_COUNTER_ANY,1,TARGET_SELECTION,,,CARD,0,0,121,290,320,2,True,4,2,False,True,1,1,3,646,0,5,646,0,5,False,False,,,False
92607420,603.6,WIN,True,102,13,DAMAGE_COUNTER_ANY,1,TARGET_SELECTION,,,CARD,0,0,121,290,320,2,True,4,2,False,True,1,1,3,646,0,5,646,0,5,False,False,,,False
92607420,603.6,WIN,True,103,13,DAMAGE_COUNTER_ANY,1,TARGET_SELECTION,,,CARD,0,0,121,290,320,2,True,4,2,False,True,1,1,3,646,0,5,646,0,5,False,False,,,False
92607420,603.6,WIN,True,104,13,DAMAGE_COUNTER_ANY,1,TARGET_SELECTION,,,CARD,0,0,121,290,320,2,True,4,2,False,True,1,1,3,646,0,5,646,0,5,False,False,,,False
92607420,603.6,WIN,True,105,13,DAMAGE_COUNTER_ANY,1,TARGET_SELECTION,,,CARD,0,0,121,290,320,2,True,4,2,False,True,1,1,3,646,0,5,,,5,False,False,,,False
92607420,603.6,WIN,True,106,13,TO_HAND,2,RESOURCE_MANAGEMENT,,,,0,0,121,290,320,2,True,4,2,False,True,1,1,3,,,5,860,10,5,,,,,False
92607420,603.6,WIN,True,107,15,MAIN,14,RESOURCE_MANAGEMENT,ABILITY,,ABILITY,2,0,121,290,320,2,True,4,1,True,True,1,1,3,860,10,5,860,10,5,False,False,,,False
92607420,603.6,WIN,True,108,15,TO_HAND,2,RESOURCE_MANAGEMENT,,,CARD,0,0,121,290,320,2,True,4,1,False,True,1,1,3,860,10,5,860,10,5,False,False,,,False
92607420,603.6,WIN,True,109,15,MAIN,14,RESOURCE_MANAGEMENT,PLAY_SUPPORTER,1182,PLAY,2,0,121,290,320,2,True,4,1,True,True,1,1,3,860,10,5,860,10,5,False,False,,,False
92607420,603.6,WIN,True,110,15,SWITCH,1,ACTIVE_POKEMON_SELECTION,,,CARD,0,0,121,290,320,2,True,4,1,False,True,1,1,3,860,10,5,646,70,5,False,False,,,False
92607420,603.6,WIN,True,111,15,MAIN,11,BENCH_MANAGEMENT,EVOLVE,,EVOLVE,2,0,121,290,320,2,True,4,1,True,True,1,1,3,646,70,5,646,70,5,False,False,,,False
92607420,603.6,WIN,True,112,15,MAIN,11,RESOURCE_MANAGEMENT,ABILITY,,ABILITY,2,0,121,290,320,2,True,4,1,True,True,1,1,2,646,70,5,646,70,5,False,False,,,False
92607420,603.6,WIN,True,113,15,TO_HAND,2,RESOURCE_MANAGEMENT,,,CARD,0,0,121,290,320,2,True,4,1,False,True,1,1,2,646,70,5,646,70,5,False,False,,,False
92607420,603.6,WIN,True,114,15,MAIN,10,ATTACK_SELECTION,ATTACK,,ATTACK,2,1,121,290,320,2,True,4,1,True,True,1,1,2,646,70,5,646,0,5,False,False,,,False
92607420,603.6,WIN,True,115,15,DAMAGE_COUNTER_ANY,1,TARGET_SELECTION,,,CARD,0,0,121,290,320,2,True,4,1,False,True,1,1,2,646,0,5,646,0,5,False,False,,,False
92607420,603.6,WIN,True,116,15,DAMAGE_COUNTER_ANY,1,TARGET_SELECTION,,,CARD,0,0,121,290,320,2,True,4,1,False,True,1,1,2,646,0,5,646,0,5,False,False,,,False
92607420,603.6,WIN,True,117,15,DAMAGE_COUNTER_ANY,1,TARGET_SELECTION,,,CARD,0,0,121,290,320,2,True,4,1,False,True,1,1,2,646,0,5,646,0,5,False,False,,,False
92607420,603.6,WIN,True,118,15,DAMAGE_COUNTER_ANY,1,TARGET_SELECTION,,,CARD,0,0,121,290,320,2,True,4,1,False,True,1,1,2,646,0,5,646,0,5,False,False,,,False
92607420,603.6,WIN,True,119,15,DAMAGE_COUNTER_ANY,1,TARGET_SELECTION,,,CARD,0,0,121,290,320,2,True,4,1,False,True,1,1,2,646,0,5,646,0,5,False,False,,,False
92607420,603.6,WIN,True,120,15,DAMAGE_COUNTER_ANY,1,TARGET_SELECTION,,,CARD,0,0,121,290,320,2,True,4,1,False,True,1,1,2,646,0,5,,,5,False,False,,,False
92608370,733.4,WIN,False,0,,,0,UNKNOWN,,,,0,0,,,,,False,,,False,False,,,0,,,,,,,,,,,False
92608370,733.4,WIN,False,1,,,0,UNKNOWN,,,,0,0,,,,,False,,,False,False,,,0,,,,,,0,,,,,False
92608370,733.4,WIN,False,2,0,SETUP_ACTIVE_POKEMON,2,EARLY_GAME_SETUP,,,,0,0,,,,,False,0,0,False,False,,,0,,,0,,,6,,,,,False
92608370,733.4,WIN,False,3,0,SETUP_BENCH_POKEMON,1,BENCH_MANAGEMENT,,,,0,0,,,,,False,0,6,False,False,,,0,,,6,183,30,6,,,,,False
92608370,733.4,WIN,False,4,2,MAIN,8,RESOURCE_MANAGEMENT,PLAY_ITEM,1152,PLAY,1,0,235,30,30,1,False,1,6,True,True,0,0,0,183,30,6,183,30,6,False,False,Delightful Kiss,0,False
92608370,733.4,WIN,False,5,2,TO_HAND,7,RESOURCE_MANAGEMENT,,,CARD,0,0,235,30,30,1,False,1,6,False,True,0,0,0,183,30,6,183,30,6,False,False,Delightful Kiss,0,False
92608370,733.4,WIN,False,6,2,MAIN,8,RESOURCE_MANAGEMENT,PLAY_POKEMON,119,PLAY,1,0,235,30,30,1,False,1,6,True,True,0,0,0,183,30,6,183,30,6,False,False,Delightful Kiss,0,False
92608370,733.4,WIN,False,7,2,MAIN,7,RESOURCE_MANAGEMENT,PLAY_ITEM,1152,PLAY,1,0,235,30,30,1,False,2,6,True,True,0,0,0,183,30,6,183,30,6,False,False,Delightful Kiss,0,False
92608370,733.4,WIN,False,8,2,TO_HAND,6,RESOURCE_MANAGEMENT,,,CARD,0,0,235,30,30,1,False,2,6,False,True,0,0,0,183,30,6,183,30,6,False,False,Delightful Kiss,0,False
92608370,733.4,WIN,False,9,2,MAIN,7,RESOURCE_MANAGEMENT,PLAY_POKEMON,119,PLAY,1,0,235,30,30,1,False,2,6,True,True,0,0,0,183,30,6,183,30,6,False,False,Delightful Kiss,0,False
92608370,733.4,WIN,False,10,2,MAIN,6,RESOURCE_MANAGEMENT,PLAY_ITEM,1120,PLAY,1,0,235,30,30,1,False,3,6,True,True,0,0,0,183,30,6,183,30,6,False,False,Delightful Kiss,0,False
92608370,733.4,WIN,False,11,2,MAIN,5,RESOURCE_MANAGEMENT,ABILITY,,ABILITY,1,0,235,30,30,1,False,3,6,True,True,0,0,0,183,30,6,183,30,6,False,False,Delightful Kiss,0,False
92608370,733.4,WIN,False,12,2,TO_DECK,3,RESOURCE_MANAGEMENT,,,CARD,0,0,235,30,30,1,False,3,6,False,True,0,0,0,183,30,6,183,30,6,False,False,Delightful Kiss,0,False
92608370,733.4,WIN,False,13,2,MAIN,4,RESOURCE_MANAGEMENT,PLAY_SUPPORTER,1198,PLAY,1,0,235,30,30,1,False,3,6,True,True,0,0,0,183,30,6,183,30,6,False,False,Delightful Kiss,0,False
92608370,733.4,WIN,False,14,2,TO_HAND,5,RESOURCE_MANAGEMENT,,,CARD,0,0,235,30,30,1,False,3,6,False,True,0,0,0,183,30,6,183,30,6,False,False,Delightful Kiss,0,False
92608370,733.4,WIN,False,15,2,ATTACH_TO,2,ENERGY_MANAGEMENT,,,CARD,0,0,235,30,30,1,False,3,6,False,True,0,0,0,183,30,6,183,30,6,False,False,Delightful Kiss,0,False
92608370,733.4,WIN,False,16,2,ATTACH_FROM,4,ENERGY_MANAGEMENT,,,CARD,0,0,235,30,30,1,False,3,6,False,True,0,0,0,183,30,6,183,30,6,False,False,Delightful Kiss,0,False
92608370,733.4,WIN,False,17,2,MAIN,7,ENERGY_MANAGEMENT,ATTACH_ENERGY,,ATTACH,1,0,235,30,30,1,False,3,6,True,True,0,0,0,183,30,6,183,30,6,False,False,Delightful Kiss,0,False
92608370,733.4,WIN,False,18,2,MAIN,3,TIMING,,,,1,0,235,30,30,1,False,3,6,True,True,0,0,1,183,30,6,183,20,6,False,False,Delightful Kiss,0,False
92608370,733.4,WIN,False,19,4,MAIN,7,RESOURCE_MANAGEMENT,ABILITY,,ABILITY,1,0,235,30,30,1,False,3,6,True,True,0,0,1,183,20,6,183,20,6,False,False,Delightful Kiss,0,False
92608370,733.4,WIN,False,20,4,TO_DECK,2,RESOURCE_MANAGEMENT,,,CARD,0,0,235,30,30,1,False,3,6,False,True,0,0,1,183,20,6,183,20,6,False,False,Delightful Kiss,0,False
92608370,733.4,WIN,False,21,4,MAIN,3,TIMING,,,,1,0,235,30,30,1,False,3,6,True,True,0,0,1,183,20,6,183,10,6,False,False,Delightful Kiss,0,False
92608370,733.4,WIN,False,22,6,MAIN,7,RESOURCE_MANAGEMENT,ABILITY,,ABILITY,1,0,235,30,30,1,False,3,6,True,True,0,0,1,183,10,6,183,10,6,False,False,Delightful Kiss,0,False
92608370,733.4,WIN,False,23,6,TO_DECK,2,RESOURCE_MANAGEMENT,,,CARD,0,0,235,30,30,1,False,3,6,False,True,0,0,1,183,10,6,183,10,6,False,False,Delightful Kiss,0,False
92608370,733.4,WIN,False,24,6,MAIN,6,BENCH_MANAGEMENT,EVOLVE,,EVOLVE,1,0,235,30,30,1,False,3,6,True,True,0,0,1,183,10,6,183,10,6,False,False,Delightful Kiss,0,False
92608370,733.4,WIN,False,25,6,MAIN,4,RESOURCE_MANAGEMENT,ABILITY,,ABILITY,1,0,235,30,30,1,False,3,6,True,True,0,0,1,183,10,6,183,10,6,False,False,Delightful Kiss,0,False
92608370,733.4,WIN,False,26,6,TO_HAND,2,RESOURCE_MANAGEMENT,,,CARD,0,0,235,30,30,1,False,3,6,False,True,0,0,1,183,10,6,183,10,6,False,False,Delightful Kiss,0,False
92608370,733.4,WIN,False,27,6,MAIN,3,ATTACK_SELECTION,ATTACK,,ATTACK,1,1,235,30,30,1,False,3,6,True,True,0,0,1,183,10,6,,,6,False,False,Delightful Kiss,0,False
92608370,733.4,WIN,False,28,6,TO_HAND,6,RESOURCE_MANAGEMENT,,,,0,0,235,30,30,1,False,3,6,False,True,0,0,1,,,6,184,210,6,,,,,False
92608370,733.4,WIN,False,29,8,MAIN,12,RESOURCE_MANAGEMENT,ABILITY,,ABILITY,1,0,235,30,30,1,False,3,5,True,True,0,0,1,184,210,6,184,210,6,False,False,,,False
92608370,733.4,WIN,False,30,8,TO_HAND,2,RESOURCE_MANAGEMENT,,,CARD,0,0,235,30,30,1,False,3,5,False,True,0,0,1,184,210,6,184,210,6,False,False,,,False
92608370,733.4,WIN,False,31,8,MAIN,12,RESOURCE_MANAGEMENT,PLAY_POKEMON,184,PLAY,1,0,235,30,30,1,False,3,5,True,True,0,0,1,184,210,6,184,210,6,False,False,,,False
92608370,733.4,WIN,False,32,8,MAIN,12,RESOURCE_MANAGEMENT,ABILITY,,ABILITY,1,0,235,30,30,1,False,4,5,True,True,0,0,1,184,210,6,184,210,6,False,False,,,False
92608370,733.4,WIN,False,33,8,TO_DECK,3,RESOURCE_MANAGEMENT,,,CARD,0,0,235,30,30,1,False,4,5,False,True,0,0,1,184,210,6,184,210,6,False,False,,,False
92608370,733.4,WIN,False,34,8,MAIN,10,BENCH_MANAGEMENT,EVOLVE,,EVOLVE,1,0,235,30,30,1,False,4,5,True,True,0,0,1,184,210,6,184,210,6,False,False,,,False
92608370,733.4,WIN,False,35,8,MAIN,9,RESOURCE_MANAGEMENT,ABILITY,,ABILITY,1,0,235,30,30,1,False,4,5,True,True,0,0,0,184,210,6,184,210,6,False,False,,,False
92608370,733.4,WIN,False,36,8,TO_HAND,2,RESOURCE_MANAGEMENT,,,CARD,0,0,235,30,30,1,False,4,5,False,True,0,0,0,184,210,6,184,210,6,False,False,,,False
92608370,733.4,WIN,False,37,8,MAIN,9,RESOURCE_MANAGEMENT,PLAY_SUPPORTER,1198,PLAY,1,0,235,30,30,1,False,4,5,True,True,0,0,0,184,210,6,184,210,6,False,False,,,False
92608370,733.4,WIN,False,38,8,TO_HAND,3,RESOURCE_MANAGEMENT,,,CARD,0,0,235,30,30,1,False,4,5,False,True,0,0,0,184,210,6,184,210,6,False,False,,,False
92608370,733.4,WIN,False,39,8,ATTACH_TO,2,ENERGY_MANAGEMENT,,,CARD,0,0,235,30,30,1,False,4,5,False,True,0,0,0,184,210,6,184,210,6,False,False,,,False
92608370,733.4,WIN,False,40,8,ATTACH_FROM,5,ENERGY_MANAGEMENT,,,CARD,0,0,235,30,30,1,False,4,5,False,True,0,0,0,184,210,6,184,210,6,False,False,,,False
92608370,733.4,WIN,False,41,8,MAIN,13,ENERGY_MANAGEMENT,ATTACH_ENERGY,,ATTACH,1,0,235,30,30,1,False,4,5,True,True,0,0,1,184,210,6,184,210,6,False,False,,,False
92608370,733.4,WIN,False,42,8,MAIN,3,TIMING,,,,1,0,235,30,30,1,False,4,5,True,True,0,0,1,184,210,6,184,200,6,False,False,,,False
92608370,733.4,WIN,False,43,10,MAIN,12,RESOURCE_MANAGEMENT,ABILITY,,ABILITY,1,0,235,30,30,1,False,4,5,True,True,0,0,1,184,200,6,184,200,6,False,False,,,False
92608370,733.4,WIN,False,44,10,TO_HAND,2,RESOURCE_MANAGEMENT,,,CARD,0,0,235,30,30,1,False,4,5,False,True,0,0,1,184,200,6,184,200,6,False,False,,,False
92608370,733.4,WIN,False,45,10,MAIN,12,RESOURCE_MANAGEMENT,ABILITY,,ABILITY,1,0,235,30,30,1,False,4,5,True,True,0,0,1,184,200,6,184,200,6,False,False,,,False
92608370,733.4,WIN,False,46,10,TO_HAND,2,RESOURCE_MANAGEMENT,,,CARD,0,0,235,30,30,1,False,4,5,False,True,0,0,1,184,200,6,184,200,6,False,False,,,False
92608370,733.4,WIN,False,47,10,MAIN,16,RESOURCE_MANAGEMENT,ABILITY,,ABILITY,1,0,235,30,30,1,False,4,5,True,True,0,0,1,184,200,6,184,200,6,False,False,,,False
92608370,733.4,WIN,False,48,10,TO_DECK,4,RESOURCE_MANAGEMENT,,,CARD,0,0,235,30,30,1,False,4,5,False,True,0,0,1,184,200,6,184,200,6,False,False,,,False
92608370,733.4,WIN,False,49,10,MAIN,10,RESOURCE_MANAGEMENT,PLAY_SUPPORTER,1210,PLAY,1,0,235,30,30,1,False,4,5,True,True,0,0,1,184,200,6,184,200,6,False,False,,,False
92608370,733.4,WIN,False,50,10,TO_HAND,8,RESOURCE_MANAGEMENT,,,CARD,0,0,235,30,30,1,False,4,5,False,True,0,0,1,184,200,6,184,200,6,False,False,,,False
92608370,733.4,WIN,False,51,10,MAIN,11,BENCH_MANAGEMENT,EVOLVE,,EVOLVE,1,0,235,30,30,1,False,4,5,True,True,0,0,1,184,200,6,184,200,6,False,False,,,False
92608370,733.4,WIN,False,52,10,MAIN,9,BENCH_MANAGEMENT,EVOLVE,,EVOLVE,1,0,235,30,30,1,False,4,5,True,True,0,0,2,184,200,6,184,200,6,False,False,,,False
92608370,733.4,WIN,False,53,10,MAIN,9,RESOURCE_MANAGEMENT,ABILITY,,ABILITY,1,0,235,30,30,1,False,4,5,True,True,0,0,2,184,200,6,184,200,6,False,False,,,False
92608370,733.4,WIN,False,54,10,TO_HAND,2,RESOURCE_MANAGEMENT,,,CARD,0,0,235,30,30,1,False,4,5,False,True,0,0,2,184,200,6,184,200,6,False,False,,,False
92608370,733.4,WIN,False,55,10,MAIN,9,RESOURCE_MANAGEMENT,PLAY_ITEM,1152,PLAY,1,0,235,30,30,1,False,4,5,True,True,0,0,2,184,200,6,184,200,6,False,False,,,False
92608370,733.4,WIN,False,56,10,TO_HAND,3,RESOURCE_MANAGEMENT,,,CARD,0,0,235,30,30,1,False,4,5,False,True,0,0,2,184,200,6,184,200,6,False,False,,,False
92608370,733.4,WIN,False,57,10,MAIN,8,ENERGY_MANAGEMENT,ATTACH_ENERGY,,ATTACH,1,0,235,30,30,1,False,4,5,True,True,0,0,2,184,200,6,184,200,6,False,False,,,False
92608370,733.4,WIN,False,58,10,MAIN,3,RETREAT_SELECTION,RETREAT,,RETREAT,1,0,235,30,30,1,False,4,5,True,True,0,0,2,184,200,6,184,200,6,False,False,,,False
92608370,733.4,WIN,False,59,10,SWITCH,4,ACTIVE_POKEMON_SELECTION,,,CARD,0,0,235,30,30,1,False,4,5,False,True,0,0,2,184,200,6,184,200,6,False,False,,,False
92608370,733.4,WIN,False,60,10,MAIN,3,ATTACK_SELECTION,ATTACK,,ATTACK,2,1,121,320,320,2,False,4,5,False,True,1,1,2,184,200,6,184,0,6,False,False,,,True
92608370,733.4,WIN,False,61,10,DAMAGE_COUNTER_ANY,5,TARGET_SELECTION,,,CARD,0,0,121,320,320,2,False,4,5,False,True,1,1,2,184,0,6,184,0,6,False,False,,,False
92608370,733.4,WIN,False,62,10,DAMAGE_COUNTER_ANY,5,TARGET_SELECTION,,,CARD,0,0,121,320,320,2,False,4,5,False,True,1,1,2,184,0,6,184,0,6,False,False,,,False
92608370,733.4,WIN,False,63,10,DAMAGE_COUNTER_ANY,5,TARGET_SELECTION,,,CARD,0,0,121,320,320,2,False,4,5,False,True,1,1,2,184,0,6,184,0,6,False,False,,,False
92608370,733.4,WIN,False,64,10,DAMAGE_COUNTER_ANY,5,TARGET_SELECTION,,,CARD,0,0,121,320,320,2,False,4,5,False,True,1,1,2,184,0,6,184,0,6,False,False,,,False
92608370,733.4,WIN,False,65,10,DAMAGE_COUNTER_ANY,5,TARGET_SELECTION,,,CARD,0,0,121,320,320,2,False,4,5,False,True,1,1,2,184,0,6,184,0,6,False,False,,,False
92608370,733.4,WIN,False,66,10,DAMAGE_COUNTER_ANY,5,TARGET_SELECTION,,,CARD,0,0,121,320,320,2,False,4,5,False,True,1,1,2,184,0,6,,,6,False,False,,,False
92608370,733.4,WIN,False,67,10,TO_HAND,5,RESOURCE_MANAGEMENT,,,,0,0,121,320,320,2,False,4,5,False,True,1,1,2,,,6,,,6,,,,,False
92608370,733.4,WIN,False,68,11,TO_HAND,3,RESOURCE_MANAGEMENT,,,,0,0,,,,,False,4,3,False,True,,,2,,,6,,,4,,,,,True
92608370,733.4,WIN,False,69,11,TO_ACTIVE,4,ACTIVE_POKEMON_SELECTION,,,,0,0,,,,,False,4,2,False,True,,,2,,,4,163,60,4,,,,,False
92608370,733.4,WIN,False,70,12,MAIN,13,RESOURCE_MANAGEMENT,PLAY_ITEM,1086,PLAY,1,0,235,30,30,1,False,3,2,True,True,0,0,1,163,60,4,163,60,4,True,False,Super Psy Bolt,120,False
92608370,733.4,WIN,False,71,12,TO_BENCH,2,BENCH_MANAGEMENT,,,CARD,0,0,235,30,30,1,False,3,2,False,True,0,0,1,163,60,4,163,60,4,True,False,Super Psy Bolt,120,False
92608370,733.4,WIN,False,72,12,MAIN,13,RESOURCE_MANAGEMENT,ABILITY,,ABILITY,1,0,235,30,30,1,False,4,2,True,True,0,0,1,163,60,4,163,60,4,True,False,Super Psy Bolt,120,False
92608370,733.4,WIN,False,73,12,TO_HAND,2,RESOURCE_MANAGEMENT,,,CARD,0,0,235,30,30,1,False,4,2,False,True,0,0,1,163,60,4,163,60,4,True,False,Super Psy Bolt,120,False
92608370,733.4,WIN,False,74,12,MAIN,13,RESOURCE_MANAGEMENT,ABILITY,,ABILITY,1,0,235,30,30,1,False,4,2,True,True,0,0,1,163,60,4,163,60,4,True,False,Super Psy Bolt,120,False
92608370,733.4,WIN,False,75,12,TO_HAND,2,RESOURCE_MANAGEMENT,,,CARD,0,0,235,30,30,1,False,4,2,False,True,0,0,1,163,60,4,163,60,4,True,False,Super Psy Bolt,120,False
92608370,733.4,WIN,False,76,12,MAIN,13,RESOURCE_MANAGEMENT,ABILITY,,ABILITY,1,0,235,30,30,1,False,4,2,True,True,0,0,1,163,60,4,163,60,4,True,False,Super Psy Bolt,120,False
92608370,733.4,WIN,False,77,12,TO_DECK,6,RESOURCE_MANAGEMENT,,,CARD,0,0,235,30,30,1,False,4,2,False,True,0,0,1,163,60,4,163,60,4,True,False,Super Psy Bolt,120,False
92608370,733.4,WIN,False,78,12,MAIN,12,ENERGY_MANAGEMENT,ATTACH_ENERGY,,ATTACH,1,0,235,30,30,1,False,4,2,True,True,0,0,1,163,60,4,163,60,4,True,False,Super Psy Bolt,120,False
92608370,733.4,WIN,False,79,12,MAIN,7,RESOURCE_MANAGEMENT,PLAY_SUPPORTER,1227,PLAY,1,0,235,30,30,1,False,4,2,True,True,0,0,2,163,60,4,163,60,4,True,False,Super Psy Bolt,120,False
92608370,733.4,WIN,False,80,12,MAIN,5,RESOURCE_MANAGEMENT,PLAY_STADIUM,1256,PLAY,1,0,235,30,30,1,False,4,2,True,True,0,0,2,163,60,4,163,60,4,True,False,Super Psy Bolt,120,False
92608370,733.4,WIN,False,81,12,MAIN,4,TIMING,,,,1,0,235,30,30,1,False,4,2,True,True,0,0,2,163,60,4,163,50,3,True,False,Super Psy Bolt,120,False
92608370,733.4,WIN,False,82,13,TO_ACTIVE,4,ACTIVE_POKEMON_SELECTION,,,CARD,0,0,,,,,False,4,2,False,True,,,2,163,50,3,163,50,3,,,,,True
92608370,733.4,WIN,False,83,14,MAIN,10,RESOURCE_MANAGEMENT,PLAY_ITEM,1121,PLAY,1,0,120,90,90,1,False,3,2,True,True,1,1,1,163,50,3,163,50,3,True,False,Super Psy Bolt,120,False
92608370,733.4,WIN,False,84,14,DISCARD,5,RESOURCE_MANAGEMENT,,,CARD;CARD,0,0,120,90,90,1,False,3,2,False,True,1,1,1,163,50,3,163,50,3,True,False,Super Psy Bolt,120,False
92608370,733.4,WIN,False,85,14,TO_HAND,5,RESOURCE_MANAGEMENT,,,CARD,0,0,120,90,90,1,False,3,2,False,True,1,1,1,163,50,3,163,50,3,True,False,Super Psy Bolt,120,False
92608370,733.4,WIN,False,86,14,MAIN,9,RESOURCE_MANAGEMENT,PLAY_POKEMON,140,PLAY,1,0,120,90,90,1,False,3,2,True,True,1,1,1,163,50,3,163,50,3,True,False,Super Psy Bolt,120,False
92608370,733.4,WIN,False,87,14,MAIN,9,RESOURCE_MANAGEMENT,ABILITY,,ABILITY,1,0,120,90,90,1,False,4,2,True,True,1,1,1,163,50,3,163,50,3,True,False,Super Psy Bolt,120,False
92608370,733.4,WIN,False,88,14,TO_HAND,2,RESOURCE_MANAGEMENT,,,CARD,0,0,120,90,90,1,False,4,2,False,True,1,1,1,163,50,3,163,50,3,True,False,Super Psy Bolt,120,False
92608370,733.4,WIN,False,89,14,MAIN,9,RESOURCE_MANAGEMENT,ABILITY,,ABILITY,1,0,120,90,90,1,False,4,2,True,True,1,1,1,163,50,3,163,50,3,True,False,Super Psy Bolt,120,False
92608370,733.4,WIN,False,90,14,TO_HAND,2,RESOURCE_MANAGEMENT,,,CARD,0,0,120,90,90,1,False,4,2,False,True,1,1,1,163,50,3,163,50,3,True,False,Super Psy Bolt,120,False
92608370,733.4,WIN,False,91,14,MAIN,9,RESOURCE_MANAGEMENT,ABILITY,,ABILITY,1,0,120,90,90,1,False,4,2,True,True,1,1,1,163,50,3,163,50,3,True,False,Super Psy Bolt,120,False
92608370,733.4,WIN,False,92,14,MAIN,12,RESOURCE_MANAGEMENT,PLAY_ITEM,1079,PLAY,1,0,120,90,90,1,False,4,2,True,True,1,1,1,163,50,3,163,50,3,True,False,Super Psy Bolt,120,False
92608370,733.4,WIN,False,93,14,EVOLVE,1,BENCH_MANAGEMENT,,,EVOLVE,0,0,120,90,90,1,False,4,2,False,True,1,1,1,163,50,3,163,50,3,True,False,Super Psy Bolt,120,False
92608370,733.4,WIN,False,94,14,MAIN,8,RESOURCE_MANAGEMENT,PLAY_SUPPORTER,1198,PLAY,1,0,120,90,90,1,False,4,2,True,True,1,1,1,163,50,3,163,50,3,True,False,Super Psy Bolt,120,False
92608370,733.4,WIN,False,95,14,TO_HAND,1,RESOURCE_MANAGEMENT,,,CARD,0,0,120,90,90,1,False,4,2,False,True,1,1,1,163,50,3,163,50,3,True,False,Super Psy Bolt,120,False
92608370,733.4,WIN,False,96,14,MAIN,9,ENERGY_MANAGEMENT,ATTACH_ENERGY,,ATTACH,1,0,120,90,90,1,False,4,2,True,True,1,1,1,163,50,3,163,50,3,True,False,Super Psy Bolt,120,False
92608370,733.4,WIN,False,97,14,MAIN,4,RETREAT_SELECTION,RETREAT,,RETREAT,1,0,120,90,90,1,False,4,2,True,True,1,1,1,163,50,3,163,50,3,True,False,Super Psy Bolt,120,False
92608370,733.4,WIN,False,98,14,DISCARD_ENERGY,2,ENERGY_MANAGEMENT,,,ENERGY,0,0,120,90,90,1,False,4,2,False,True,1,1,1,163,50,3,163,50,3,True,False,Super Psy Bolt,120,False
92608370,733.4,WIN,False,99,14,SWITCH,4,ACTIVE_POKEMON_SELECTION,,,CARD,0,0,120,90,90,1,False,4,2,False,True,1,1,1,163,50,3,163,50,3,True,False,Super Psy Bolt,120,False
92608370,733.4,WIN,False,100,14,MAIN,4,ATTACK_SELECTION,ATTACK,,ATTACK,2,1,121,320,320,2,False,4,2,False,True,1,1,0,163,50,3,163,0,3,False,False,Super Psy Bolt,120,True
92608370,733.4,WIN,False,101,14,DAMAGE_COUNTER_ANY,4,TARGET_SELECTION,,,CARD,0,0,121,320,320,2,False,4,2,False,True,1,1,0,163,0,3,163,0,3,False,False,Super Psy Bolt,120,False
92608370,733.4,WIN,False,102,14,DAMAGE_COUNTER_ANY,4,TARGET_SELECTION,,,CARD,0,0,121,320,320,2,False,4,2,False,True,1,1,0,163,0,3,163,0,3,False,False,Super Psy Bolt,120,False
92608370,733.4,WIN,False,103,14,DAMAGE_COUNTER_ANY,4,TARGET_SELECTION,,,CARD,0,0,121,320,320,2,False,4,2,False,True,1,1,0,163,0,3,163,0,3,False,False,Super Psy Bolt,120,False
92608370,733.4,WIN,False,104,14,DAMAGE_COUNTER_ANY,4,TARGET_SELECTION,,,CARD,0,0,121,320,320,2,False,4,2,False,True,1,1,0,163,0,3,163,0,3,False,False,Super Psy Bolt,120,False
92608370,733.4,WIN,False,105,14,DAMAGE_COUNTER_ANY,4,TARGET_SELECTION,,,CARD,0,0,121,320,320,2,False,4,2,False,True,1,1,0,163,0,3,163,0,3,False,False,Super Psy Bolt,120,False
92608370,733.4,WIN,False,106,14,DAMAGE_COUNTER_ANY,4,TARGET_SELECTION,,,CARD,0,0,121,320,320,2,False,4,2,False,True,1,1,0,163,0,3,,,3,False,False,Super Psy Bolt,120,False
92608370,733.4,WIN,False,107,14,TO_HAND,2,RESOURCE_MANAGEMENT,,,CARD,0,0,121,320,320,2,False,4,2,False,True,1,1,0,,,3,,,3,,,,,False
92609318,578.7,WIN,False,0,,,0,UNKNOWN,,,,0,0,,,,,False,,,False,False,,,0,,,,,,,,,,,False
92609318,578.7,WIN,False,1,,,0,UNKNOWN,,,,0,0,,,,,False,,,False,False,,,0,,,,,,6,,,,,False
92609318,578.7,WIN,False,2,0,SETUP_ACTIVE_POKEMON,1,EARLY_GAME_SETUP,,,,0,0,,,,,False,0,0,False,False,,,0,,,6,673,80,6,,,,,False
92609318,578.7,WIN,False,3,2,MAIN,8,RESOURCE_MANAGEMENT,PLAY_ITEM,1121,PLAY,1,0,235,30,30,1,False,0,6,False,False,0,0,0,673,80,6,673,80,6,False,True,Corkscrew Punch,10,False
92609318,578.7,WIN,False,4,2,DISCARD,6,RESOURCE_MANAGEMENT,,,CARD;CARD,0,0,235,30,30,1,False,0,6,False,False,0,0,0,673,80,6,673,80,6,False,True,Corkscrew Punch,10,False
92609318,578.7,WIN,False,5,2,TO_HAND,13,RESOURCE_MANAGEMENT,,,CARD,0,0,235,30,30,1,False,0,6,False,False,0,0,0,673,80,6,673,80,6,False,True,Corkscrew Punch,10,False
92609318,578.7,WIN,False,6,2,MAIN,6,RESOURCE_MANAGEMENT,PLAY_POKEMON,119,PLAY,1,0,235,30,30,1,False,0,6,False,False,0,0,0,673,80,6,673,80,6,False,True,Corkscrew Punch,10,False
92609318,578.7,WIN,False,7,2,MAIN,7,RESOURCE_MANAGEMENT,PLAY_ITEM,1120,PLAY,1,0,235,30,30,1,False,1,6,True,True,0,0,0,673,80,6,673,80,6,False,True,Corkscrew Punch,10,False
92609318,578.7,WIN,False,8,2,DISCARD_ENERGY,1,ENERGY_MANAGEMENT,,,ENERGY,0,0,235,30,30,1,False,1,6,False,True,0,0,0,673,80,6,673,80,6,False,True,Corkscrew Punch,10,False
92609318,578.7,WIN,False,9,2,MAIN,6,ENERGY_MANAGEMENT,ATTACH_ENERGY,,ATTACH,1,0,235,30,30,1,False,1,6,True,True,0,0,0,673,80,6,673,80,6,False,False,,,False
92609318,578.7,WIN,False,10,2,MAIN,4,RESOURCE_MANAGEMENT,PLAY_SUPPORTER,1227,PLAY,1,0,235,30,30,1,False,1,6,True,True,0,0,0,673,80,6,673,80,6,False,False,,,False
92609318,578.7,WIN,False,11,2,MAIN,7,RESOURCE_MANAGEMENT,PLAY_POKEMON,119,PLAY,1,0,235,30,30,1,False,1,6,True,True,0,0,0,673,80,6,673,80,6,False,False,,,False
92609318,578.7,WIN,False,12,2,MAIN,6,TIMING,,,,1,0,235,30,30,1,False,2,6,True,True,0,0,0,673,80,6,674,140,6,False,False,,,False
92609318,578.7,WIN,False,13,4,MAIN,12,RESOURCE_MANAGEMENT,PLAY_ITEM,1121,PLAY,0,0,119,70,70,1,False,2,6,True,True,1,1,1,674,140,6,674,140,6,False,False,,,True
92609318,578.7,WIN,False,14,4,DISCARD,7,RESOURCE_MANAGEMENT,,,CARD;CARD,0,0,119,70,70,1,False,2,6,False,True,1,1,1,674,140,6,674,140,6,False,False,,,False
92609318,578.7,WIN,False,15,4,TO_HAND,11,RESOURCE_MANAGEMENT,,,CARD,0,0,119,70,70,1,False,2,6,False,True,1,1,1,674,140,6,674,140,6,False,False,,,False
92609318,578.7,WIN,False,16,4,MAIN,10,RESOURCE_MANAGEMENT,PLAY_POKEMON,184,PLAY,0,0,119,70,70,1,False,2,6,True,True,1,1,1,674,140,6,674,140,6,False,False,,,False
92609318,578.7,WIN,False,17,4,MAIN,10,RESOURCE_MANAGEMENT,PLAY_ITEM,1120,PLAY,0,0,119,70,70,1,False,3,6,True,True,1,1,1,674,140,6,674,140,6,False,False,,,False
92609318,578.7,WIN,False,18,4,MAIN,9,ENERGY_MANAGEMENT,ATTACH_ENERGY,,ATTACH,0,0,119,70,70,1,False,3,6,True,True,1,1,1,674,140,6,674,140,6,False,False,,,False
92609318,578.7,WIN,False,19,4,MAIN,5,RESOURCE_MANAGEMENT,PLAY_SUPPORTER,1227,PLAY,0,0,119,70,70,1,False,3,6,True,True,1,1,2,674,140,6,674,140,6,False,False,,,False
92609318,578.7,WIN,False,20,4,MAIN,5,RESOURCE_MANAGEMENT,PLAY_ITEM,1079,PLAY,0,0,119,70,70,1,False,3,6,True,True,1,1,2,674,140,6,674,140,6,False,False,,,False
92609318,578.7,WIN,False,21,4,EVOLVE,2,BENCH_MANAGEMENT,,,EVOLVE,0,0,119,70,70,1,False,3,6,False,True,1,1,2,674,140,6,674,140,6,False,False,,,False
92609318,578.7,WIN,False,22,4,MAIN,5,RETREAT_SELECTION,RETREAT,,RETREAT,1,0,121,320,320,2,False,3,6,True,True,1,1,2,674,140,6,674,140,6,False,False,,,True
92609318,578.7,WIN,False,23,4,DISCARD_ENERGY,1,ENERGY_MANAGEMENT,,,ENERGY,0,0,121,320,320,2,False,3,6,False,True,1,1,2,674,140,6,674,140,6,False,False,,,False
92609318,578.7,WIN,False,24,4,SWITCH,3,ACTIVE_POKEMON_SELECTION,,,CARD,0,0,121,320,320,2,False,3,6,False,True,1,0,2,674,140,6,674,140,6,False,False,,,False
92609318,578.7,WIN,False,25,4,MAIN,4,TIMING,,,,1,0,235,30,30,1,False,3,6,False,True,0,0,1,674,140,6,674,130,6,False,False,,,True
92609318,578.7,WIN,False,26,6,MAIN,13,RESOURCE_MANAGEMENT,PLAY_SUPPORTER,1198,PLAY,1,0,235,30,30,1,False,3,6,True,True,0,0,1,674,130,6,674,130,6,False,True,,,False
92609318,578.7,WIN,False,27,6,TO_HAND,2,RESOURCE_MANAGEMENT,,,CARD,0,0,235,30,30,1,False,3,6,False,True,0,0,1,674,130,6,674,130,6,False,True,,,False
92609318,578.7,WIN,False,28,6,ATTACH_TO,1,ENERGY_MANAGEMENT,,,CARD,0,0,235,30,30,1,False,3,6,False,True,0,0,1,674,130,6,674,130,6,False,True,,,False
92609318,578.7,WIN,False,29,6,ATTACH_FROM,4,ENERGY_MANAGEMENT,,,CARD,0,0,235,30,30,1,False,3,6,False,True,0,0,1,674,130,6,674,130,6,False,True,,,False
92609318,578.7,WIN,False,30,6,MAIN,13,RESOURCE_MANAGEMENT,PLAY_ITEM,1121,PLAY,1,0,235,30,30,1,False,3,6,True,True,0,0,2,674,130,6,674,130,6,False,True,,,False
92609318,578.7,WIN,False,31,6,DISCARD,6,RESOURCE_MANAGEMENT,,,CARD;CARD,0,0,235,30,30,1,False,3,6,False,True,0,0,2,674,130,6,674,130,6,False,True,,,False
92609318,578.7,WIN,False,32,6,TO_HAND,9,RESOURCE_MANAGEMENT,,,CARD,0,0,235,30,30,1,False,3,6,False,True,0,0,2,674,130,6,674,130,6,False,True,,,False
92609318,578.7,WIN,False,33,6,MAIN,9,BENCH_MANAGEMENT,EVOLVE,,EVOLVE,1,0,235,30,30,1,False,3,6,True,True,0,0,2,674,130,6,674,130,6,False,True,,,False
92609318,578.7,WIN,False,34,6,MAIN,9,RESOURCE_MANAGEMENT,ABILITY,,ABILITY,1,0,235,30,30,1,False,3,6,True,True,0,0,1,674,130,6,674,130,6,False,True,,,False
92609318,578.7,WIN,False,35,6,TO_HAND,2,RESOURCE_MANAGEMENT,,,CARD,0,0,235,30,30,1,False,3,6,False,True,0,0,1,674,130,6,674,130,6,False,True,,,False
92609318,578.7,WIN,False,36,6,MAIN,8,ENERGY_MANAGEMENT,ATTACH_ENERGY,,ATTACH,1,0,235,30,30,1,False,3,6,True,True,0,0,1,674,130,6,674,130,6,False,True,,,False
92609318,578.7,WIN,False,37,6,MAIN,4,RETREAT_SELECTION,RETREAT,,RETREAT,1,0,235,30,30,1,False,3,6,True,True,0,0,1,674,130,6,674,130,6,False,True,,,False
92609318,578.7,WIN,False,38,6,SWITCH,3,ACTIVE_POKEMON_SELECTION,,,CARD,0,0,235,30,30,1,False,3,6,False,True,0,0,1,674,130,6,674,130,6,False,True,,,False
92609318,578.7,WIN,False,39,6,MAIN,4,ATTACK_SELECTION,ATTACK,,ATTACK,2,1,121,320,320,2,False,3,6,False,True,1,1,1,674,130,6,674,0,6,False,False,,,True
92609318,578.7,WIN,False,40,6,DAMAGE_COUNTER_ANY,3,TARGET_SELECTION,,,CARD,0,0,121,320,320,2,False,3,6,False,True,1,1,1,674,0,6,674,0,6,False,False,,,False
92609318,578.7,WIN,False,41,6,DAMAGE_COUNTER_ANY,3,TARGET_SELECTION,,,CARD,0,0,121,320,320,2,False,3,6,False,True,1,1,1,674,0,6,674,0,6,False,False,,,False
92609318,578.7,WIN,False,42,6,DAMAGE_COUNTER_ANY,3,TARGET_SELECTION,,,CARD,0,0,121,320,320,2,False,3,6,False,True,1,1,1,674,0,6,674,0,6,False,False,,,False
92609318,578.7,WIN,False,43,6,DAMAGE_COUNTER_ANY,3,TARGET_SELECTION,,,CARD,0,0,121,320,320,2,False,3,6,False,True,1,1,1,674,0,6,674,0,6,False,False,,,False
92609318,578.7,WIN,False,44,6,DAMAGE_COUNTER_ANY,3,TARGET_SELECTION,,,CARD,0,0,121,320,320,2,False,3,6,False,True,1,1,1,674,0,6,674,0,6,False,False,,,False
92609318,578.7,WIN,False,45,6,DAMAGE_COUNTER_ANY,3,TARGET_SELECTION,,,CARD,0,0,121,320,320,2,False,3,6,False,True,1,1,1,674,0,6,,,6,False,False,,,False
92609318,578.7,WIN,False,46,6,TO_HAND,6,RESOURCE_MANAGEMENT,,,,0,0,121,320,320,2,False,3,6,False,True,1,1,1,,,6,678,440,6,,,,,False
92609318,578.7,WIN,False,47,8,MAIN,11,RESOURCE_MANAGEMENT,ABILITY,,ABILITY,2,0,121,190,320,2,True,3,5,True,True,1,1,1,678,440,6,678,440,6,False,True,Aura Jab,130,False
92609318,578.7,WIN,False,48,8,TO_HAND,2,RESOURCE_MANAGEMENT,,,CARD,0,0,121,190,320,2,True,3,5,False,True,1,1,1,678,440,6,678,440,6,False,True,Aura Jab,130,False
92609318,578.7,WIN,False,49,8,MAIN,11,RESOURCE_MANAGEMENT,PLAY_SUPPORTER,1227,PLAY,2,0,121,190,320,2,True,3,5,True,True,1,1,1,678,440,6,678,440,6,False,True,Aura Jab,130,False
92609318,578.7,WIN,False,50,8,MAIN,6,RESOURCE_MANAGEMENT,PLAY_POKEMON,119,PLAY,2,0,121,190,320,2,True,3,5,True,True,1,1,1,678,440,6,678,440,6,False,True,Aura Jab,130,False
92609318,578.7,WIN,False,51,8,MAIN,5,ATTACK_SELECTION,ATTACK,,ATTACK,2,1,121,190,320,2,True,4,5,True,True,1,1,1,678,440,6,678,240,6,False,True,Aura Jab,130,False
92609318,578.7,WIN,False,52,8,DAMAGE_COUNTER_ANY,4,TARGET_SELECTION,,,CARD,0,0,121,190,320,2,True,4,5,False,True,1,1,1,678,240,6,678,240,6,False,True,Aura Jab,130,False
92609318,578.7,WIN,False,53,8,DAMAGE_COUNTER_ANY,4,TARGET_SELECTION,,,CARD,0,0,121,190,320,2,True,4,5,False,True,1,1,1,678,240,6,678,240,6,False,True,Aura Jab,130,False
92609318,578.7,WIN,False,54,8,DAMAGE_COUNTER_ANY,4,TARGET_SELECTION,,,CARD,0,0,121,190,320,2,True,4,5,False,True,1,1,1,678,240,6,678,240,6,False,True,Aura Jab,130,False
92609318,578.7,WIN,False,55,8,DAMAGE_COUNTER_ANY,4,TARGET_SELECTION,,,CARD,0,0,121,190,320,2,True,4,5,False,True,1,1,1,678,240,6,678,240,6,False,True,Aura Jab,130,False
92609318,578.7,WIN,False,56,8,DAMAGE_COUNTER_ANY,4,TARGET_SELECTION,,,CARD,0,0,121,190,320,2,True,4,5,False,True,1,1,1,678,240,6,678,240,6,False,True,Aura Jab,130,False
92609318,578.7,WIN,False,57,8,DAMAGE_COUNTER_ANY,4,TARGET_SELECTION,,,,0,0,121,190,320,2,True,4,5,False,True,1,1,1,678,240,6,673,20,6,False,True,Aura Jab,130,False
92609318,578.7,WIN,False,58,10,MAIN,11,RESOURCE_MANAGEMENT,PLAY_ITEM,1086,PLAY,2,0,121,150,320,2,True,4,5,True,True,1,1,1,673,20,6,673,20,6,False,False,Confront,30,False
92609318,578.7,WIN,False,59,10,TO_BENCH,1,BENCH_MANAGEMENT,,,CARD,0,0,121,150,320,2,True,4,5,False,True,1,1,1,673,20,6,673,20,6,False,False,Confront,30,False
92609318,578.7,WIN,False,60,10,MAIN,10,RESOURCE_MANAGEMENT,ABILITY,,ABILITY,2,0,121,150,320,2,True,5,5,True,True,1,1,1,673,20,6,673,20,6,False,False,Confront,30,False
92609318,578.7,WIN,False,61,10,TO_HAND,2,RESOURCE_MANAGEMENT,,,CARD,0,0,121,150,320,2,True,5,5,False,True,1,1,1,673,20,6,673,20,6,False,False,Confront,30,False
92609318,578.7,WIN,False,62,10,MAIN,10,RESOURCE_MANAGEMENT,PLAY_ITEM,1152,PLAY,2,0,121,150,320,2,True,5,5,True,True,1,1,1,673,20,6,673,20,6,False,False,Confront,30,False
92609318,578.7,WIN,False,63,10,TO_HAND,3,RESOURCE_MANAGEMENT,,,CARD,0,0,121,150,320,2,True,5,5,False,True,1,1,1,673,20,6,673,20,6,False,False,Confront,30,False
92609318,578.7,WIN,False,64,10,MAIN,10,RESOURCE_MANAGEMENT,PLAY_SUPPORTER,1210,PLAY,2,0,121,150,320,2,True,5,5,True,True,1,1,1,673,20,6,673,20,6,False,False,Confront,30,False
92609318,578.7,WIN,False,65,10,TO_HAND,5,RESOURCE_MANAGEMENT,,,CARD,0,0,121,150,320,2,True,5,5,False,True,1,1,1,673,20,6,673,20,6,False,False,Confront,30,False
92609318,578.7,WIN,False,66,10,MAIN,7,BENCH_MANAGEMENT,EVOLVE,,EVOLVE,2,0,121,150,320,2,True,5,5,True,True,1,1,1,673,20,6,673,20,6,False,False,Confront,30,False
92609318,578.7,WIN,False,67,10,MAIN,6,BENCH_MANAGEMENT,EVOLVE,,EVOLVE,2,0,121,150,320,2,True,5,5,True,True,1,1,2,673,20,6,673,20,6,False,False,Confront,30,False
92609318,578.7,WIN,False,68,10,MAIN,6,RESOURCE_MANAGEMENT,ABILITY,,ABILITY,2,0,121,150,320,2,True,5,5,True,True,1,1,2,673,20,6,673,20,6,False,False,Confront,30,False
92609318,578.7,WIN,False,69,10,TO_HAND,2,RESOURCE_MANAGEMENT,,,CARD,0,0,121,150,320,2,True,5,5,False,True,1,1,2,673,20,6,673,20,6,False,False,Confront,30,False
92609318,578.7,WIN,False,70,10,MAIN,11,ENERGY_MANAGEMENT,ATTACH_ENERGY,,ATTACH,2,0,121,150,320,2,True,5,5,True,True,1,1,2,673,20,6,673,20,6,False,False,Confront,30,False
92609318,578.7,WIN,False,71,10,MAIN,5,ATTACK_SELECTION,ATTACK,,ATTACK,2,1,121,150,320,2,True,5,5,True,True,1,1,2,673,20,6,673,0,6,False,False,Confront,30,False
92609318,578.7,WIN,False,72,10,DAMAGE_COUNTER_ANY,4,TARGET_SELECTION,,,CARD,0,0,121,150,320,2,True,5,5,False,True,1,1,2,673,0,6,673,0,6,False,False,Confront,30,False
92609318,578.7,WIN,False,73,10,DAMAGE_COUNTER_ANY,4,TARGET_SELECTION,,,CARD,0,0,121,150,320,2,True,5,5,False,True,1,1,2,673,0,6,673,0,6,False,False,Confront,30,False
92609318,578.7,WIN,False,74,10,DAMAGE_COUNTER_ANY,4,TARGET_SELECTION,,,CARD,0,0,121,150,320,2,True,5,5,False,True,1,1,2,673,0,6,673,0,6,False,False,Confront,30,False
92609318,578.7,WIN,False,75,10,DAMAGE_COUNTER_ANY,4,TARGET_SELECTION,,,CARD,0,0,121,150,320,2,True,5,5,False,True,1,1,2,673,0,6,673,0,6,False,False,Confront,30,False
92609318,578.7,WIN,False,76,10,DAMAGE_COUNTER_ANY,4,TARGET_SELECTION,,,CARD,0,0,121,150,320,2,True,5,5,False,True,1,1,2,673,0,6,673,0,6,False,False,Confront,30,False
92609318,578.7,WIN,False,77,10,DAMAGE_COUNTER_ANY,4,TARGET_SELECTION,,,CARD,0,0,121,150,320,2,True,5,5,False,True,1,1,2,673,0,6,,,6,False,False,Confront,30,False
92609318,578.7,WIN,False,78,10,TO_HAND,5,RESOURCE_MANAGEMENT,,,,0,0,121,150,320,2,True,5,5,False,True,1,1,2,,,6,678,200,4,,,,,False
92609318,578.7,WIN,False,79,11,TO_ACTIVE,5,ACTIVE_POKEMON_SELECTION,,,CARD,0,0,,,,,False,5,4,False,True,,,2,678,200,4,678,200,4,,,,,True
92609318,578.7,WIN,False,80,12,MAIN,16,RESOURCE_MANAGEMENT,PLAY_POKEMON,140,PLAY,1,0,235,30,30,1,False,4,4,True,True,0,0,1,678,200,4,678,200,4,True,False,Mega Brave,270,False
92609318,578.7,WIN,False,81,12,MAIN,17,RESOURCE_MANAGEMENT,PLAY_ITEM,1152,PLAY,1,0,235,30,30,1,False,5,4,True,True,0,0,1,678,200,4,678,200,4,True,False,Mega Brave,270,False
92609318,578.7,WIN,False,82,12,TO_HAND,1,RESOURCE_MANAGEMENT,,,CARD,0,0,235,30,30,1,False,5,4,False,True,0,0,1,678,200,4,678,200,4,True,False,Mega Brave,270,False
92609318,578.7,WIN,False,83,12,MAIN,17,RESOURCE_MANAGEMENT,ABILITY,,ABILITY,1,0,235,30,30,1,False,5,4,True,True,0,0,1,678,200,4,678,200,4,True,False,Mega Brave,270,False
92609318,578.7,WIN,False,84,12,TO_HAND,2,RESOURCE_MANAGEMENT,,,CARD,0,0,235,30,30,1,False,5,4,False,True,0,0,1,678,200,4,678,200,4,True,False,Mega Brave,270,False
92609318,578.7,WIN,False,85,12,MAIN,17,RESOURCE_MANAGEMENT,ABILITY,,ABILITY,1,0,235,30,30,1,False,5,4,True,True,0,0,1,678,200,4,678,200,4,True,False,Mega Brave,270,False
92609318,578.7,WIN,False,86,12,MAIN,18,BENCH_MANAGEMENT,EVOLVE,,EVOLVE,1,0,235,30,30,1,False,5,4,True,True,0,0,1,678,200,4,678,200,4,True,False,Mega Brave,270,False
92609318,578.7,WIN,False,87,12,MAIN,17,RESOURCE_MANAGEMENT,PLAY_SUPPORTER,1198,PLAY,1,0,235,30,30,1,False,5,4,True,True,0,0,1,678,200,4,678,200,4,True,False,Mega Brave,270,False
92609318,578.7,WIN,False,88,12,MAIN,13,BENCH_MANAGEMENT,EVOLVE,,EVOLVE,1,0,235,30,30,1,False,5,4,True,True,0,0,1,678,200,4,678,200,4,True,False,Mega Brave,270,False
92609318,578.7,WIN,False,89,12,MAIN,12,RESOURCE_MANAGEMENT,ABILITY,,ABILITY,1,0,235,30,30,1,False,5,4,True,True,0,0,1,678,200,4,678,200,4,True,False,Mega Brave,270,False
92609318,578.7,WIN,False,90,12,TO_HAND,2,RESOURCE_MANAGEMENT,,,CARD,0,0,235,30,30,1,False,5,4,False,True,0,0,1,678,200,4,678,200,4,True,False,Mega Brave,270,False
92609318,578.7,WIN,False,91,12,MAIN,12,ENERGY_MANAGEMENT,ATTACH_ENERGY,,ATTACH,1,0,235,30,30,1,False,5,4,True,True,0,0,1,678,200,4,678,200,4,True,False,Mega Brave,270,False
92609318,578.7,WIN,False,92,12,MAIN,6,RESOURCE_MANAGEMENT,PLAY_ITEM,1080,PLAY,1,0,235,30,30,1,False,5,4,True,True,0,0,1,678,200,4,678,200,4,True,False,Mega Brave,270,False
92609318,578.7,WIN,False,93,12,MAIN,5,RESOURCE_MANAGEMENT,PLAY_ITEM,1120,PLAY,1,0,235,30,30,1,False,5,4,True,True,0,0,1,678,200,4,678,200,4,True,False,Mega Brave,270,False
92609318,578.7,WIN,False,94,12,MAIN,4,RETREAT_SELECTION,RETREAT,,RETREAT,1,0,235,30,30,1,False,5,4,True,True,0,0,1,678,200,4,678,200,4,True,False,Mega Brave,270,False
92609318,578.7,WIN,False,95,12,SWITCH,5,ACTIVE_POKEMON_SELECTION,,,CARD,0,0,235,30,30,1,False,5,4,False,True,0,0,1,678,200,4,678,200,4,True,False,Mega Brave,270,False
92609318,578.7,WIN,False,96,12,MAIN,4,ATTACK_SELECTION,ATTACK,,ATTACK,2,1,121,320,320,2,False,5,4,False,True,1,1,1,678,200,4,678,0,4,False,False,Mega Brave,270,True
92609318,578.7,WIN,False,97,12,DAMAGE_COUNTER_ANY,3,TARGET_SELECTION,,,CARD,0,0,121,320,320,2,False,5,4,False,True,1,1,1,678,0,4,678,0,4,False,False,Mega Brave,270,False
92609318,578.7,WIN,False,98,12,DAMAGE_COUNTER_ANY,3,TARGET_SELECTION,,,CARD,0,0,121,320,320,2,False,5,4,False,True,1,1,1,678,0,4,678,0,4,False,False,Mega Brave,270,False
92609318,578.7,WIN,False,99,12,DAMAGE_COUNTER_ANY,3,TARGET_SELECTION,,,CARD,0,0,121,320,320,2,False,5,4,False,True,1,1,1,678,0,4,678,0,4,False,False,Mega Brave,270,False
92609318,578.7,WIN,False,100,12,DAMAGE_COUNTER_ANY,3,TARGET_SELECTION,,,CARD,0,0,121,320,320,2,False,5,4,False,True,1,1,1,678,0,4,678,0,4,False,False,Mega Brave,270,False
92609318,578.7,WIN,False,101,12,DAMAGE_COUNTER_ANY,3,TARGET_SELECTION,,,CARD,0,0,121,320,320,2,False,5,4,False,True,1,1,1,678,0,4,678,0,4,False,False,Mega Brave,270,False
92609318,578.7,WIN,False,102,12,DAMAGE_COUNTER_ANY,3,TARGET_SELECTION,,,CARD,0,0,121,320,320,2,False,5,4,False,True,1,1,1,678,0,4,,,4,False,False,Mega Brave,270,False
92609318,578.7,WIN,False,103,12,TO_HAND,4,RESOURCE_MANAGEMENT,,,CARD;CARD;CARD,0,0,121,320,320,2,False,5,4,False,True,1,1,1,,,4,,,4,,,,,False
92610256,599.3,LOSS,False,0,,,0,UNKNOWN,,,,0,0,,,,,False,,,False,False,,,0,,,,,,,,,,,False
92610256,599.3,LOSS,False,1,,,0,UNKNOWN,,,,0,0,,,,,False,,,False,False,,,0,,,,,,6,,,,,False
92610256,599.3,LOSS,False,2,0,SETUP_ACTIVE_POKEMON,1,EARLY_GAME_SETUP,,,,0,0,,,,,False,0,0,False,False,,,0,,,6,676,110,6,,,,,False
92610256,599.3,LOSS,False,3,2,MAIN,8,RESOURCE_MANAGEMENT,PLAY_ITEM,1120,PLAY,0,0,119,70,70,1,False,0,6,False,False,1,0,0,676,110,6,676,110,6,False,True,,,False
92610256,599.3,LOSS,False,4,2,MAIN,7,RESOURCE_MANAGEMENT,PLAY_SUPPORTER,1210,PLAY,0,0,119,70,70,1,False,0,6,False,False,1,0,0,676,110,6,676,110,6,False,True,,,False
92610256,599.3,LOSS,False,5,2,TO_HAND,14,RESOURCE_MANAGEMENT,,,CARD,0,0,119,70,70,1,False,0,6,False,False,1,0,0,676,110,6,676,110,6,False,True,,,False
92610256,599.3,LOSS,False,6,2,TO_HAND,6,RESOURCE_MANAGEMENT,,,CARD,0,0,119,70,70,1,False,0,6,False,False,1,0,0,676,110,6,676,110,6,False,True,,,False
92610256,599.3,LOSS,False,7,2,MAIN,4,RESOURCE_MANAGEMENT,PLAY_POKEMON,235,PLAY,0,0,119,70,70,1,False,0,6,False,False,1,0,0,676,110,6,676,110,6,False,True,,,False
92610256,599.3,LOSS,False,8,2,MAIN,3,RESOURCE_MANAGEMENT,PLAY_POKEMON,184,PLAY,0,0,119,70,70,1,False,1,6,False,True,1,0,1,676,110,6,676,110,6,False,True,,,False
92610256,599.3,LOSS,False,9,2,MAIN,3,RETREAT_SELECTION,RETREAT,,RETREAT,0,0,119,70,70,1,False,2,6,True,True,1,0,1,676,110,6,676,110,6,False,True,,,False
92610256,599.3,LOSS,False,10,2,SWITCH,2,ACTIVE_POKEMON_SELECTION,,,CARD,0,0,119,70,70,1,False,2,6,False,True,1,0,1,676,110,6,676,110,6,False,True,,,False
92610256,599.3,LOSS,False,11,2,MAIN,3,TIMING,,,,1,0,235,30,30,1,False,2,6,False,True,0,0,0,676,110,6,676,90,5,False,True,,,True
92610256,599.3,LOSS,False,12,3,TO_ACTIVE,2,ACTIVE_POKEMON_SELECTION,,,CARD,0,0,,,,,False,2,6,False,True,,,0,676,90,5,676,90,5,,,,,True
92610256,599.3,LOSS,False,13,4,MAIN,8,RESOURCE_MANAGEMENT,PLAY_ITEM,1086,PLAY,0,0,119,70,70,1,False,1,6,True,True,1,0,0,676,90,5,676,90,5,True,False,Cosmic Beam,70,False
92610256,599.3,LOSS,False,14,4,TO_BENCH,3,BENCH_MANAGEMENT,,,CARD;CARD,0,0,119,70,70,1,False,1,6,False,True,1,0,0,676,90,5,676,90,5,True,False,Cosmic Beam,70,False
92610256,599.3,LOSS,False,15,4,MAIN,7,RESOURCE_MANAGEMENT,PLAY_SUPPORTER,1227,PLAY,0,0,119,70,70,1,False,3,6,True,True,1,0,0,676,90,5,676,90,5,True,False,Cosmic Beam,70,False
92610256,599.3,LOSS,False,16,4,MAIN,8,RESOURCE_MANAGEMENT,PLAY_POKEMON,140,PLAY,0,0,119,70,70,1,False,3,6,True,True,1,0,0,676,90,5,676,90,5,True,False,Cosmic Beam,70,False
92610256,599.3,LOSS,False,17,4,MAIN,8,RESOURCE_MANAGEMENT,PLAY_ITEM,1086,PLAY,0,0,119,70,70,1,False,4,6,True,True,1,0,0,676,90,5,676,90,5,True,False,Cosmic Beam,70,False
92610256,599.3,LOSS,False,18,4,TO_BENCH,1,BENCH_MANAGEMENT,,,CARD,0,0,119,70,70,1,False,4,6,False,True,1,0,0,676,90,5,676,90,5,True,False,Cosmic Beam,70,False
92610256,599.3,LOSS,False,19,4,MAIN,7,RESOURCE_MANAGEMENT,PLAY_ITEM,1152,PLAY,0,0,119,70,70,1,False,5,6,True,True,1,0,0,676,90,5,676,90,5,True,False,Cosmic Beam,70,False
92610256,599.3,LOSS,False,20,4,TO_HAND,3,RESOURCE_MANAGEMENT,,,CARD,0,0,119,70,70,1,False,5,6,False,True,1,0,0,676,90,5,676,90,5,True,False,Cosmic Beam,70,False
92610256,599.3,LOSS,False,21,4,MAIN,7,RESOURCE_MANAGEMENT,ABILITY,,ABILITY,0,0,119,70,70,1,False,5,6,True,True,1,0,0,676,90,5,676,90,5,True,False,Cosmic Beam,70,False
92610256,599.3,LOSS,False,22,4,MAIN,13,ENERGY_MANAGEMENT,ATTACH_ENERGY,,ATTACH,0,0,119,70,70,1,False,5,6,True,True,1,0,0,676,90,5,676,90,5,True,False,Cosmic Beam,70,False
92610256,599.3,LOSS,False,23,4,MAIN,7,RESOURCE_MANAGEMENT,PLAY_ITEM,1121,PLAY,0,0,119,70,70,1,False,5,6,True,True,1,0,0,676,90,5,676,90,5,True,False,Cosmic Beam,70,False
92610256,599.3,LOSS,False,24,4,DISCARD,7,RESOURCE_MANAGEMENT,,,CARD;CARD,0,0,119,70,70,1,False,5,6,False,True,1,0,0,676,90,5,676,90,5,True,False,Cosmic Beam,70,False
92610256,599.3,LOSS,False,25,4,TO_HAND,5,RESOURCE_MANAGEMENT,,,CARD,0,0,119,70,70,1,False,5,6,False,True,1,0,0,676,90,5,676,90,5,True,False,Cosmic Beam,70,False
92610256,599.3,LOSS,False,26,4,MAIN,5,BENCH_MANAGEMENT,EVOLVE,,EVOLVE,0,0,119,70,70,1,False,5,6,True,True,1,0,0,676,90,5,676,90,5,True,False,Cosmic Beam,70,False
92610256,599.3,LOSS,False,27,4,MAIN,4,RESOURCE_MANAGEMENT,ABILITY,,ABILITY,0,0,120,90,90,1,False,5,6,False,True,1,0,0,676,90,5,676,90,5,False,False,Cosmic Beam,70,True
92610256,599.3,LOSS,False,28,4,TO_HAND,2,RESOURCE_MANAGEMENT,,,CARD,0,0,120,90,90,1,False,5,6,False,True,1,0,0,676,90,5,676,90,5,False,False,Cosmic Beam,70,False
92610256,599.3,LOSS,False,29,4,MAIN,3,RESOURCE_MANAGEMENT,PLAY_ITEM,1080,PLAY,0,0,120,90,90,1,False,5,6,False,True,1,0,0,676,90,5,676,90,5,False,False,Cosmic Beam,70,False
92610256,599.3,LOSS,False,30,4,MAIN,3,RESOURCE_MANAGEMENT,PLAY_ITEM,1152,PLAY,0,0,120,90,90,1,False,5,6,False,True,1,0,0,676,90,5,676,90,5,False,False,Cosmic Beam,70,False
92610256,599.3,LOSS,False,31,4,TO_HAND,2,RESOURCE_MANAGEMENT,,,CARD,0,0,120,90,90,1,False,5,6,False,True,1,0,0,676,90,5,676,90,5,False,False,Cosmic Beam,70,False
92610256,599.3,LOSS,False,32,4,MAIN,2,TIMING,,,,0,0,120,90,90,1,False,5,6,False,True,1,0,0,676,90,5,678,440,4,False,False,Cosmic Beam,70,False
92610256,599.3,LOSS,False,33,5,TO_ACTIVE,5,ACTIVE_POKEMON_SELECTION,,,CARD,0,0,,,,,False,5,6,False,True,,,0,678,440,4,678,440,4,,,,,True
92610256,599.3,LOSS,False,34,6,MAIN,16,RESOURCE_MANAGEMENT,PLAY_ITEM,1097,PLAY,0,0,119,70,70,1,False,4,6,True,True,1,0,0,678,440,4,678,440,4,True,False,Aura Jab,130,False
92610256,599.3,LOSS,False,35,6,TO_HAND,4,RESOURCE_MANAGEMENT,,,CARD,0,0,119,70,70,1,False,4,6,False,True,1,0,0,678,440,4,678,440,4,True,False,Aura Jab,130,False
92610256,599.3,LOSS,False,36,6,MAIN,16,RESOURCE_MANAGEMENT,PLAY_POKEMON,235,PLAY,0,0,119,70,70,1,False,4,6,True,True,1,0,0,678,440,4,678,440,4,True,False,Aura Jab,130,False
92610256,599.3,LOSS,False,37,6,MAIN,15,RESOURCE_MANAGEMENT,ABILITY,,ABILITY,0,0,119,70,70,1,False,5,6,True,True,1,0,1,678,440,4,678,440,4,True,False,Aura Jab,130,False
92610256,599.3,LOSS,False,38,6,MAIN,15,RESOURCE_MANAGEMENT,PLAY_SUPPORTER,1198,PLAY,0,0,119,70,70,1,False,5,6,True,True,1,0,1,678,440,4,678,440,4,True,False,Aura Jab,130,False
92610256,599.3,LOSS,False,39,6,TO_HAND,6,RESOURCE_MANAGEMENT,,,CARD,0,0,119,70,70,1,False,5,6,False,True,1,0,1,678,440,4,678,440,4,True,False,Aura Jab,130,False
92610256,599.3,LOSS,False,40,6,ATTACH_TO,3,ENERGY_MANAGEMENT,,,CARD,0,0,119,70,70,1,False,5,6,False,True,1,0,1,678,440,4,678,440,4,True,False,Aura Jab,130,False
92610256,599.3,LOSS,False,41,6,ATTACH_FROM,6,ENERGY_MANAGEMENT,,,CARD,0,0,119,70,70,1,False,5,6,False,True,1,0,1,678,440,4,678,440,4,True,False,Aura Jab,130,False
92610256,599.3,LOSS,False,42,6,MAIN,18,BENCH_MANAGEMENT,EVOLVE,,EVOLVE,0,0,119,70,70,1,False,5,6,True,True,1,0,1,678,440,4,678,440,4,True,False,Aura Jab,130,False
92610256,599.3,LOSS,False,43,6,MAIN,16,RESOURCE_MANAGEMENT,ABILITY,,ABILITY,0,0,119,70,70,1,False,5,6,True,True,1,0,1,678,440,4,678,440,4,True,False,Aura Jab,130,False
92610256,599.3,LOSS,False,44,6,TO_HAND,2,RESOURCE_MANAGEMENT,,,CARD,0,0,119,70,70,1,False,5,6,False,True,1,0,1,678,440,4,678,440,4,True,False,Aura Jab,130,False
92610256,599.3,LOSS,False,45,6,MAIN,15,ENERGY_MANAGEMENT,ATTACH_ENERGY,,ATTACH,0,0,119,70,70,1,False,5,6,True,True,1,0,1,678,440,4,678,440,4,True,False,Aura Jab,130,False
92610256,599.3,LOSS,False,46,6,MAIN,3,RETREAT_SELECTION,RETREAT,,RETREAT,0,0,119,70,70,1,False,5,6,True,True,1,0,1,678,440,4,678,440,4,True,False,Aura Jab,130,False
92610256,599.3,LOSS,False,47,6,SWITCH,5,ACTIVE_POKEMON_SELECTION,,,CARD,0,0,119,70,70,1,False,5,6,False,True,1,0,1,678,440,4,678,440,4,True,False,Aura Jab,130,False
92610256,599.3,LOSS,False,48,6,MAIN,3,TIMING,,,,1,0,235,30,30,1,False,5,6,False,True,0,0,0,678,440,4,678,430,2,True,False,Aura Jab,130,True
92610256,599.3,LOSS,False,49,7,TO_ACTIVE,5,ACTIVE_POKEMON_SELECTION,,,CARD,0,0,,,,,False,5,6,False,True,,,1,678,430,2,678,430,2,,,,,True
92610256,599.3,LOSS,False,50,8,MAIN,22,BENCH_MANAGEMENT,EVOLVE,,EVOLVE,1,0,235,30,30,1,False,4,6,True,True,0,0,0,678,430,2,678,430,2,True,False,Mega Brave,270,False
92610256,599.3,LOSS,False,51,8,MAIN,19,RESOURCE_MANAGEMENT,PLAY_SUPPORTER,1198,PLAY,1,0,235,30,30,1,False,4,6,True,True,0,0,1,678,430,2,678,430,2,True,False,Mega Brave,270,False
92610256,599.3,LOSS,False,52,8,TO_HAND,3,RESOURCE_MANAGEMENT,,,CARD,0,0,235,30,30,1,False,4,6,False,True,0,0,1,678,430,2,678,430,2,True,False,Mega Brave,270,False
92610256,599.3,LOSS,False,53,8,ATTACH_TO,2,ENERGY_MANAGEMENT,,,CARD,0,0,235,30,30,1,False,4,6,False,True,0,0,1,678,430,2,678,430,2,True,False,Mega Brave,270,False
92610256,599.3,LOSS,False,54,8,ATTACH_FROM,5,ENERGY_MANAGEMENT,,,CARD,0,0,235,30,30,1,False,4,6,False,True,0,0,1,678,430,2,678,430,2,True,False,Mega Brave,270,False
92610256,599.3,LOSS,False,55,8,MAIN,21,ENERGY_MANAGEMENT,ATTACH_ENERGY,,ATTACH,1,0,235,30,30,1,False,4,6,True,True,0,0,1,678,430,2,678,430,2,True,False,Mega Brave,270,False
92610256,599.3,LOSS,False,56,8,MAIN,6,RETREAT_SELECTION,RETREAT,,RETREAT,1,0,235,30,30,1,False,4,6,True,True,0,0,2,678,430,2,678,430,2,True,False,Mega Brave,270,False
92610256,599.3,LOSS,False,57,8,SWITCH,4,ACTIVE_POKEMON_SELECTION,,,CARD,0,0,235,30,30,1,False,4,6,False,True,0,0,2,678,430,2,678,430,2,True,False,Mega Brave,270,False
92610256,599.3,LOSS,False,58,8,MAIN,6,ATTACK_SELECTION,ATTACK,,ATTACK,2,1,121,320,320,2,False,4,6,False,True,1,1,2,678,430,2,678,230,2,False,False,Mega Brave,270,True
92610256,599.3,LOSS,False,59,8,DAMAGE_COUNTER_ANY,5,TARGET_SELECTION,,,CARD,0,0,121,320,320,2,False,4,6,False,True,1,1,2,678,230,2,678,230,2,False,False,Mega Brave,270,False
92610256,599.3,LOSS,False,60,8,DAMAGE_COUNTER_ANY,5,TARGET_SELECTION,,,CARD,0,0,121,320,320,2,False,4,6,False,True,1,1,2,678,230,2,678,230,2,False,False,Mega Brave,270,False
92610256,599.3,LOSS,False,61,8,DAMAGE_COUNTER_ANY,5,TARGET_SELECTION,,,CARD,0,0,121,320,320,2,False,4,6,False,True,1,1,2,678,230,2,678,230,2,False,False,Mega Brave,270,False
92610256,599.3,LOSS,False,62,8,DAMAGE_COUNTER_ANY,5,TARGET_SELECTION,,,CARD,0,0,121,320,320,2,False,4,6,False,True,1,1,2,678,230,2,678,230,2,False,False,Mega Brave,270,False
92610256,599.3,LOSS,False,63,8,DAMAGE_COUNTER_ANY,5,TARGET_SELECTION,,,CARD,0,0,121,320,320,2,False,4,6,False,True,1,1,2,678,230,2,678,230,2,False,False,Mega Brave,270,False
92610256,599.3,LOSS,False,64,8,DAMAGE_COUNTER_ANY,5,TARGET_SELECTION,,,,0,0,121,320,320,2,False,4,6,False,True,1,1,2,678,230,2,678,230,2,False,False,Mega Brave,270,False
92610256,599.3,LOSS,False,65,10,MAIN,20,RESOURCE_MANAGEMENT,PLAY_ITEM,1120,PLAY,2,0,121,20,320,2,True,4,6,True,True,1,1,2,678,230,2,678,230,2,True,False,Mega Brave,270,False
92610256,599.3,LOSS,False,66,10,MAIN,19,ENERGY_MANAGEMENT,ATTACH_ENERGY,,ATTACH,2,0,121,20,320,2,True,4,6,True,True,1,1,2,678,230,2,678,230,2,True,False,Mega Brave,270,False
92610256,599.3,LOSS,False,67,10,MAIN,9,RESOURCE_MANAGEMENT,PLAY_SUPPORTER,1227,PLAY,2,0,121,20,320,2,True,4,6,True,True,1,1,2,678,230,2,678,230,2,True,False,Mega Brave,270,False
92610256,599.3,LOSS,False,68,10,MAIN,8,RESOURCE_MANAGEMENT,PLAY_ITEM,1121,PLAY,2,0,121,20,320,2,True,4,6,True,True,1,1,2,678,230,2,678,230,2,True,False,Mega Brave,270,False
92610256,599.3,LOSS,False,69,10,DISCARD,7,RESOURCE_MANAGEMENT,,,CARD;CARD,0,0,121,20,320,2,True,4,6,False,True,1,1,2,678,230,2,678,230,2,True,False,Mega Brave,270,False
92610256,599.3,LOSS,False,70,10,TO_HAND,2,RESOURCE_MANAGEMENT,,,CARD,0,0,121,20,320,2,True,4,6,False,True,1,1,2,678,230,2,678,230,2,True,False,Mega Brave,270,False
92610256,599.3,LOSS,False,71,10,MAIN,8,BENCH_MANAGEMENT,EVOLVE,,EVOLVE,2,0,121,20,320,2,True,4,6,True,True,1,1,2,678,230,2,678,230,2,True,False,Mega Brave,270,False
92610256,599.3,LOSS,False,72,10,MAIN,7,RESOURCE_MANAGEMENT,ABILITY,,ABILITY,2,0,121,20,320,2,True,4,6,True,True,1,1,2,678,230,2,678,230,2,True,False,Mega Brave,270,False
92610256,599.3,LOSS,False,73,10,TO_HAND,2,RESOURCE_MANAGEMENT,,,CARD,0,0,121,20,320,2,True,4,6,False,True,1,1,2,678,230,2,678,230,2,True,False,Mega Brave,270,False
92610256,599.3,LOSS,False,74,10,MAIN,7,RESOURCE_MANAGEMENT,PLAY_ITEM,1120,PLAY,2,0,121,20,320,2,True,4,6,True,True,1,1,2,678,230,2,678,230,2,True,False,Mega Brave,270,False
92610256,599.3,LOSS,False,75,10,DISCARD_ENERGY,9,ENERGY_MANAGEMENT,,,ENERGY,0,0,121,20,320,2,True,4,6,False,True,1,1,2,678,230,2,678,230,2,True,False,Mega Brave,270,False
92610256,599.3,LOSS,False,76,10,MAIN,6,ATTACK_SELECTION,ATTACK,,ATTACK,2,1,121,20,320,2,True,4,6,True,True,1,1,2,678,230,2,678,30,2,True,False,Mega Brave,270,False
92610256,599.3,LOSS,False,77,10,DAMAGE_COUNTER_ANY,5,TARGET_SELECTION,,,CARD,0,0,121,20,320,2,True,4,6,False,True,1,1,2,678,30,2,678,30,2,True,False,Mega Brave,270,False
92610256,599.3,LOSS,False,78,10,DAMAGE_COUNTER_ANY,5,TARGET_SELECTION,,,CARD,0,0,121,20,320,2,True,4,6,False,True,1,1,2,678,30,2,678,30,2,True,False,Mega Brave,270,False
92610256,599.3,LOSS,False,79,10,DAMAGE_COUNTER_ANY,5,TARGET_SELECTION,,,CARD,0,0,121,20,320,2,True,4,6,False,True,1,1,2,678,30,2,678,30,2,True,False,Mega Brave,270,False
92610256,599.3,LOSS,False,80,10,DAMAGE_COUNTER_ANY,5,TARGET_SELECTION,,,CARD,0,0,121,20,320,2,True,4,6,False,True,1,1,2,678,30,2,678,30,2,True,False,Mega Brave,270,False
92610256,599.3,LOSS,False,81,10,DAMAGE_COUNTER_ANY,5,TARGET_SELECTION,,,CARD,0,0,121,20,320,2,True,4,6,False,True,1,1,2,678,30,2,678,30,2,True,False,Mega Brave,270,False
92610256,599.3,LOSS,False,82,10,DAMAGE_COUNTER_ANY,5,TARGET_SELECTION,,,CARD,0,0,121,20,320,2,True,4,6,False,True,1,1,2,678,30,2,678,30,2,True,False,Mega Brave,270,False
92611212,538.6,LOSS,True,0,,,0,UNKNOWN,,,,0,0,,,,,False,,,False,False,,,0,,,,,,,,,,,False
92611212,538.6,LOSS,True,1,,,0,UNKNOWN,,,,0,0,,,,,False,,,False,False,,,0,,,,,,0,,,,,False
92611212,538.6,LOSS,True,2,0,IS_FIRST,2,GOING_FIRST_SECOND,,,YES,0,0,,,,,False,0,0,False,False,,,0,,,0,,,0,,,,,False
92611212,538.6,LOSS,True,3,0,SETUP_ACTIVE_POKEMON,3,EARLY_GAME_SETUP,,,,0,0,,,,,False,0,0,False,False,,,0,,,0,,,6,,,,,False
92611212,538.6,LOSS,True,4,0,SETUP_BENCH_POKEMON,2,BENCH_MANAGEMENT,,,,0,0,,,,,False,0,6,False,False,,,0,,,6,741,50,6,,,,,False
92611212,538.6,LOSS,True,5,1,MAIN,6,RESOURCE_MANAGEMENT,PLAY_POKEMON,184,PLAY,0,0,119,70,70,1,False,0,6,False,False,1,0,0,741,50,6,741,50,6,False,False,,,False
92611212,538.6,LOSS,True,6,1,MAIN,8,RESOURCE_MANAGEMENT,PLAY_ITEM,1086,PLAY,0,0,119,70,70,1,False,1,6,True,True,1,0,0,741,50,6,741,50,6,False,False,,,False
92611212,538.6,LOSS,True,7,1,TO_BENCH,5,BENCH_MANAGEMENT,,,CARD;CARD,0,0,119,70,70,1,False,1,6,False,True,1,0,0,741,50,6,741,50,6,False,False,,,False
92611212,538.6,LOSS,True,8,1,MAIN,11,ENERGY_MANAGEMENT,ATTACH_ENERGY,,ATTACH,0,0,119,70,70,1,False,3,6,True,True,1,0,0,741,50,6,741,50,6,False,False,,,False
92611212,538.6,LOSS,True,9,1,MAIN,3,TIMING,,,,0,0,119,70,70,1,False,3,6,True,True,1,0,0,741,50,6,741,50,6,False,False,,,False
92611212,538.6,LOSS,True,10,3,MAIN,11,RESOURCE_MANAGEMENT,PLAY_ITEM,1086,PLAY,0,0,119,60,70,1,True,3,6,True,True,1,0,0,741,50,6,741,50,6,False,False,,,False
92611212,538.6,LOSS,True,11,3,TO_BENCH,3,BENCH_MANAGEMENT,,,CARD;CARD,0,0,119,60,70,1,True,3,6,False,True,1,0,0,741,50,6,741,50,6,False,False,,,False
92611212,538.6,LOSS,True,12,3,MAIN,11,BENCH_MANAGEMENT,EVOLVE,,EVOLVE,0,0,119,60,70,1,True,5,6,True,True,1,0,1,741,50,6,741,50,6,False,False,,,False
92611212,538.6,LOSS,True,13,3,MAIN,9,RESOURCE_MANAGEMENT,ABILITY,,ABILITY,0,0,119,60,70,1,True,5,6,True,True,1,0,1,741,50,6,741,50,6,False,False,,,False
92611212,538.6,LOSS,True,14,3,TO_HAND,2,RESOURCE_MANAGEMENT,,,CARD,0,0,119,60,70,1,True,5,6,False,True,1,0,1,741,50,6,741,50,6,False,False,,,False
92611212,538.6,LOSS,True,15,3,MAIN,14,ENERGY_MANAGEMENT,ATTACH_ENERGY,,ATTACH,0,0,119,60,70,1,True,5,6,True,True,1,0,1,741,50,6,741,50,6,False,False,,,False
92611212,538.6,LOSS,True,16,3,MAIN,2,RETREAT_SELECTION,RETREAT,,RETREAT,0,0,119,60,70,1,True,5,6,True,True,1,0,2,741,50,6,741,50,6,False,False,,,False
92611212,538.6,LOSS,True,17,3,SWITCH,5,ACTIVE_POKEMON_SELECTION,,,CARD,0,0,119,60,70,1,True,5,6,False,True,1,0,2,741,50,6,741,50,6,False,False,,,False
92611212,538.6,LOSS,True,18,3,MAIN,2,TIMING,,,,1,0,235,30,30,1,False,5,6,False,True,0,0,1,741,50,6,742,70,6,False,False,,,True
92611212,538.6,LOSS,True,19,5,MAIN,11,RESOURCE_MANAGEMENT,ABILITY,,ABILITY,1,0,235,30,30,1,False,5,6,True,True,0,0,1,742,70,6,742,70,6,False,True,,,False
92611212,538.6,LOSS,True,20,5,TO_HAND,2,RESOURCE_MANAGEMENT,,,CARD,0,0,235,30,30,1,False,5,6,False,True,0,0,1,742,70,6,742,70,6,False,True,,,False
92611212,538.6,LOSS,True,21,5,MAIN,11,RESOURCE_MANAGEMENT,PLAY_ITEM,1152,PLAY,1,0,235,30,30,1,False,5,6,True,True,0,0,1,742,70,6,742,70,6,False,True,,,False
92611212,538.6,LOSS,True,22,5,TO_HAND,3,RESOURCE_MANAGEMENT,,,CARD,0,0,235,30,30,1,False,5,6,False,True,0,0,1,742,70,6,742,70,6,False,True,,,False
92611212,538.6,LOSS,True,23,5,MAIN,13,RESOURCE_MANAGEMENT,PLAY_SUPPORTER,1198,PLAY,1,0,235,30,30,1,False,5,6,True,True,0,0,1,742,70,6,742,70,6,False,True,,,False
92611212,538.6,LOSS,True,24,5,TO_HAND,4,RESOURCE_MANAGEMENT,,,CARD,0,0,235,30,30,1,False,5,6,False,True,0,0,1,742,70,6,742,70,6,False,True,,,False
92611212,538.6,LOSS,True,25,5,ATTACH_TO,1,ENERGY_MANAGEMENT,,,CARD,0,0,235,30,30,1,False,5,6,False,True,0,0,1,742,70,6,742,70,6,False,True,,,False
92611212,538.6,LOSS,True,26,5,ATTACH_FROM,6,ENERGY_MANAGEMENT,,,CARD,0,0,235,30,30,1,False,5,6,False,True,0,0,1,742,70,6,742,70,6,False,True,,,False
92611212,538.6,LOSS,True,27,5,MAIN,18,BENCH_MANAGEMENT,EVOLVE,,EVOLVE,1,0,235,30,30,1,False,5,6,True,True,0,0,1,742,70,6,742,70,6,False,True,,,False
92611212,538.6,LOSS,True,28,5,MAIN,16,RESOURCE_MANAGEMENT,ABILITY,,ABILITY,1,0,235,30,30,1,False,5,6,True,True,0,0,0,742,70,6,742,70,6,False,True,,,False
92611212,538.6,LOSS,True,29,5,TO_HAND,2,RESOURCE_MANAGEMENT,,,CARD,0,0,235,30,30,1,False,5,6,False,True,0,0,0,742,70,6,742,70,6,False,True,,,False
92611212,538.6,LOSS,True,30,5,MAIN,16,ENERGY_MANAGEMENT,ATTACH_ENERGY,,ATTACH,1,0,235,30,30,1,False,5,6,True,True,0,0,0,742,70,6,742,70,6,False,True,,,False
92611212,538.6,LOSS,True,31,5,MAIN,4,TIMING,,,,1,0,235,30,30,1,False,5,6,True,True,0,0,0,742,70,6,743,120,4,False,True,,,False
92611212,538.6,LOSS,True,32,6,TO_ACTIVE,5,ACTIVE_POKEMON_SELECTION,,,CARD,0,0,,,,,False,5,6,False,True,,,1,743,120,4,743,120,4,,,,,True
92611212,538.6,LOSS,True,33,7,MAIN,15,RESOURCE_MANAGEMENT,PLAY_POKEMON,140,PLAY,1,0,235,30,30,1,False,4,6,True,True,0,0,0,743,120,4,743,120,4,False,False,Powerful Hand,0,False
92611212,538.6,LOSS,True,34,7,MAIN,16,RESOURCE_MANAGEMENT,ABILITY,,ABILITY,1,0,235,30,30,1,False,5,6,True,True,0,0,0,743,120,4,743,120,4,False,False,Powerful Hand,0,False
92611212,538.6,LOSS,True,35,7,TO_HAND,2,RESOURCE_MANAGEMENT,,,CARD,0,0,235,30,30,1,False,5,6,False,True,0,0,0,743,120,4,743,120,4,False,False,Powerful Hand,0,False
92611212,538.6,LOSS,True,36,7,MAIN,16,RESOURCE_MANAGEMENT,ABILITY,,ABILITY,1,0,235,30,30,1,False,5,6,True,True,0,0,0,743,120,4,743,120,4,False,False,Powerful Hand,0,False
92611212,538.6,LOSS,True,37,7,TO_HAND,2,RESOURCE_MANAGEMENT,,,CARD,0,0,235,30,30,1,False,5,6,False,True,0,0,0,743,120,4,743,120,4,False,False,Powerful Hand,0,False
92611212,538.6,LOSS,True,38,7,MAIN,16,RESOURCE_MANAGEMENT,ABILITY,,ABILITY,1,0,235,30,30,1,False,5,6,True,True,0,0,0,743,120,4,743,120,4,False,False,Powerful Hand,0,False
92611212,538.6,LOSS,True,39,7,MAIN,18,BENCH_MANAGEMENT,EVOLVE,,EVOLVE,1,0,235,30,30,1,False,5,6,True,True,0,0,0,743,120,4,743,120,4,False,False,Powerful Hand,0,False
92611212,538.6,LOSS,True,40,7,MAIN,17,RESOURCE_MANAGEMENT,ABILITY,,ABILITY,1,0,235,30,30,1,False,5,6,True,True,0,0,0,743,120,4,743,120,4,False,False,Powerful Hand,0,False
92611212,538.6,LOSS,True,41,7,TO_HAND,2,RESOURCE_MANAGEMENT,,,CARD,0,0,235,30,30,1,False,5,6,False,True,0,0,0,743,120,4,743,120,4,False,False,Powerful Hand,0,False
92611212,538.6,LOSS,True,42,7,MAIN,17,RESOURCE_MANAGEMENT,PLAY_ITEM,1120,PLAY,1,0,235,30,30,1,False,5,6,True,True,0,0,0,743,120,4,743,120,4,False,False,Powerful Hand,0,False
92611212,538.6,LOSS,True,43,7,DISCARD_ENERGY,2,ENERGY_MANAGEMENT,,,ENERGY,0,0,235,30,30,1,False,5,6,False,True,0,0,0,743,120,4,743,120,4,False,False,Powerful Hand,0,False
92611212,538.6,LOSS,True,44,7,MAIN,16,ENERGY_MANAGEMENT,ATTACH_ENERGY,,ATTACH,1,0,235,30,30,1,False,5,6,True,True,0,0,0,743,120,4,743,120,4,False,False,Powerful Hand,0,False
92611212,538.6,LOSS,True,45,7,MAIN,10,RESOURCE_MANAGEMENT,PLAY_SUPPORTER,1227,PLAY,1,0,235,30,30,1,False,5,6,True,True,0,0,1,743,120,4,743,120,4,False,False,Powerful Hand,0,False
92611212,538.6,LOSS,True,46,7,MAIN,6,RESOURCE_MANAGEMENT,PLAY_STADIUM,1256,PLAY,1,0,235,30,30,1,False,5,6,True,True,0,0,1,743,120,4,743,120,4,False,False,Powerful Hand,0,False
92611212,538.6,LOSS,True,47,7,MAIN,5,RESOURCE_MANAGEMENT,PLAY_ITEM,1121,PLAY,1,0,235,30,30,1,False,5,6,True,True,0,0,1,743,120,4,743,120,4,False,False,Powerful Hand,0,False
92611212,538.6,LOSS,True,48,7,DISCARD,6,RESOURCE_MANAGEMENT,,,CARD;CARD,0,0,235,30,30,1,False,5,6,False,True,0,0,1,743,120,4,743,120,4,False,False,Powerful Hand,0,False
92611212,538.6,LOSS,True,49,7,TO_HAND,3,RESOURCE_MANAGEMENT,,,CARD,0,0,235,30,30,1,False,5,6,False,True,0,0,1,743,120,4,743,120,4,False,False,Powerful Hand,0,False
92611212,538.6,LOSS,True,50,7,MAIN,6,BENCH_MANAGEMENT,EVOLVE,,EVOLVE,1,0,235,30,30,1,False,5,6,True,True,0,0,1,743,120,4,743,120,4,False,False,Powerful Hand,0,False
92611212,538.6,LOSS,True,51,7,MAIN,4,TIMING,,,,1,0,235,30,30,1,False,5,6,True,True,0,0,2,743,120,4,743,110,3,False,False,Powerful Hand,0,False
92611212,538.6,LOSS,True,52,8,TO_ACTIVE,5,ACTIVE_POKEMON_SELECTION,,,CARD,0,0,,,,,False,5,6,False,True,,,2,743,110,3,743,110,3,,,,,True
92611212,538.6,LOSS,True,53,9,MAIN,14,RESOURCE_MANAGEMENT,ABILITY,,ABILITY,1,0,121,320,320,2,False,4,6,True,True,1,1,1,743,110,3,743,110,3,False,False,Powerful Hand,0,False
92611212,538.6,LOSS,True,54,9,TO_HAND,2,RESOURCE_MANAGEMENT,,,CARD,0,0,121,320,320,2,False,4,6,False,True,1,1,1,743,110,3,743,110,3,False,False,Powerful Hand,0,False
92611212,538.6,LOSS,True,55,9,MAIN,14,RESOURCE_MANAGEMENT,ABILITY,,ABILITY,1,0,121,320,320,2,False,4,6,True,True,1,1,1,743,110,3,743,110,3,False,False,Powerful Hand,0,False
92611212,538.6,LOSS,True,56,9,TO_HAND,2,RESOURCE_MANAGEMENT,,,CARD,0,0,121,320,320,2,False,4,6,False,True,1,1,1,743,110,3,743,110,3,False,False,Powerful Hand,0,False
92611212,538.6,LOSS,True,57,9,MAIN,14,RESOURCE_MANAGEMENT,ABILITY,,ABILITY,1,0,121,320,320,2,False,4,6,True,True,1,1,1,743,110,3,743,110,3,False,False,Powerful Hand,0,False
92611212,538.6,LOSS,True,58,9,MAIN,16,RESOURCE_MANAGEMENT,PLAY_ITEM,1120,PLAY,1,0,121,320,320,2,False,4,6,True,True,1,1,1,743,110,3,743,110,3,False,False,Powerful Hand,0,False
92611212,538.6,LOSS,True,59,9,MAIN,15,RESOURCE_MANAGEMENT,PLAY_SUPPORTER,1198,PLAY,1,0,121,320,320,2,False,4,6,True,True,1,1,1,743,110,3,743,110,3,False,False,Powerful Hand,0,False
92611212,538.6,LOSS,True,60,9,TO_HAND,1,RESOURCE_MANAGEMENT,,,CARD,0,0,121,320,320,2,False,4,6,False,True,1,1,1,743,110,3,743,110,3,False,False,Powerful Hand,0,False
92611212,538.6,LOSS,True,61,9,MAIN,16,RESOURCE_MANAGEMENT,PLAY_ITEM,1121,PLAY,1,0,121,320,320,2,False,4,6,True,True,1,1,1,743,110,3,743,110,3,False,False,Powerful Hand,0,False
92611212,538.6,LOSS,True,62,9,DISCARD,8,RESOURCE_MANAGEMENT,,,CARD;CARD,0,0,121,320,320,2,False,4,6,False,True,1,1,1,743,110,3,743,110,3,False,False,Powerful Hand,0,False
92611212,538.6,LOSS,True,63,9,TO_HAND,2,RESOURCE_MANAGEMENT,,,CARD,0,0,121,320,320,2,False,4,6,False,True,1,1,1,743,110,3,743,110,3,False,False,Powerful Hand,0,False
92611212,538.6,LOSS,True,64,9,MAIN,12,BENCH_MANAGEMENT,EVOLVE,,EVOLVE,1,0,121,320,320,2,False,4,6,True,True,1,1,1,743,110,3,743,110,3,False,False,Powerful Hand,0,False
92611212,538.6,LOSS,True,65,9,MAIN,10,ENERGY_MANAGEMENT,ATTACH_ENERGY,,ATTACH,1,0,121,320,320,2,False,4,6,True,True,1,1,2,743,110,3,743,110,3,False,False,Powerful Hand,0,False
92611212,538.6,LOSS,True,66,9,MAIN,6,ATTACK_SELECTION,ATTACK,,ATTACK,2,1,121,320,320,2,False,4,6,True,True,1,1,2,743,110,3,743,0,3,False,False,Powerful Hand,0,False
92611212,538.6,LOSS,True,67,9,DAMAGE_COUNTER_ANY,5,TARGET_SELECTION,,,CARD,0,0,121,320,320,2,False,4,6,False,True,1,1,2,743,0,3,743,0,3,False,False,Powerful Hand,0,False
92611212,538.6,LOSS,True,68,9,DAMAGE_COUNTER_ANY,5,TARGET_SELECTION,,,CARD,0,0,121,320,320,2,False,4,6,False,True,1,1,2,743,0,3,743,0,3,False,False,Powerful Hand,0,False
92611212,538.6,LOSS,True,69,9,DAMAGE_COUNTER_ANY,5,TARGET_SELECTION,,,CARD,0,0,121,320,320,2,False,4,6,False,True,1,1,2,743,0,3,743,0,3,False,False,Powerful Hand,0,False
92611212,538.6,LOSS,True,70,9,DAMAGE_COUNTER_ANY,5,TARGET_SELECTION,,,CARD,0,0,121,320,320,2,False,4,6,False,True,1,1,2,743,0,3,743,0,3,False,False,Powerful Hand,0,False
92611212,538.6,LOSS,True,71,9,DAMAGE_COUNTER_ANY,5,TARGET_SELECTION,,,CARD,0,0,121,320,320,2,False,4,6,False,True,1,1,2,743,0,3,743,0,3,False,False,Powerful Hand,0,False
92611212,538.6,LOSS,True,72,9,DAMAGE_COUNTER_ANY,5,TARGET_SELECTION,,,CARD,0,0,121,320,320,2,False,4,6,False,True,1,1,2,743,0,3,,,3,False,False,Powerful Hand,0,False
92611212,538.6,LOSS,True,73,9,TO_HAND,6,RESOURCE_MANAGEMENT,,,CARD,0,0,121,320,320,2,False,4,6,False,True,1,1,2,,,3,,,3,,,,,False
92611212,538.6,LOSS,True,74,9,TO_HAND,5,RESOURCE_MANAGEMENT,,,,0,0,121,320,320,2,False,4,5,False,True,1,1,2,,,3,743,140,1,,,,,False
92611212,538.6,LOSS,True,75,10,TO_ACTIVE,4,ACTIVE_POKEMON_SELECTION,,,CARD,0,0,,,,,False,4,4,False,True,,,2,743,140,1,743,140,1,,,,,True
92611212,538.6,LOSS,True,76,11,MAIN,15,RESOURCE_MANAGEMENT,PLAY_ITEM,1097,PLAY,1,0,121,320,320,2,False,3,4,True,True,1,1,1,743,140,1,743,140,1,False,False,Powerful Hand,0,False
92611212,538.6,LOSS,True,77,11,TO_HAND,8,RESOURCE_MANAGEMENT,,,CARD,0,0,121,320,320,2,False,3,4,False,True,1,1,1,743,140,1,743,140,1,False,False,Powerful Hand,0,False
92611212,538.6,LOSS,True,78,11,MAIN,15,RESOURCE_MANAGEMENT,ABILITY,,ABILITY,1,0,121,320,320,2,False,3,4,True,True,1,1,1,743,140,1,743,140,1,False,False,Powerful Hand,0,False
92611212,538.6,LOSS,True,79,11,TO_HAND,2,RESOURCE_MANAGEMENT,,,CARD,0,0,121,320,320,2,False,3,4,False,True,1,1,1,743,140,1,743,140,1,False,False,Powerful Hand,0,False
92611212,538.6,LOSS,True,80,11,MAIN,15,RESOURCE_MANAGEMENT,ABILITY,,ABILITY,1,0,121,320,320,2,False,3,4,True,True,1,1,1,743,140,1,743,140,1,False,False,Powerful Hand,0,False
92611212,538.6,LOSS,True,81,11,MAIN,17,RESOURCE_MANAGEMENT,PLAY_ITEM,1120,PLAY,1,0,121,320,320,2,False,3,4,True,True,1,1,1,743,140,1,743,140,1,False,False,Powerful Hand,0,False
92611212,538.6,LOSS,True,82,11,MAIN,16,RESOURCE_MANAGEMENT,PLAY_SUPPORTER,1198,PLAY,1,0,121,320,320,2,False,3,4,True,True,1,1,1,743,140,1,743,140,1,False,False,Powerful Hand,0,False
92611212,538.6,LOSS,True,83,11,MAIN,11,BENCH_MANAGEMENT,EVOLVE,,EVOLVE,1,0,121,320,320,2,False,3,4,True,True,1,1,1,743,140,1,743,140,1,False,False,Powerful Hand,0,False
92611212,538.6,LOSS,True,84,11,MAIN,11,RESOURCE_MANAGEMENT,ABILITY,,ABILITY,1,0,121,320,320,2,False,3,4,True,True,1,1,1,743,140,1,743,140,1,False,False,Powerful Hand,0,False
92611212,538.6,LOSS,True,85,11,TO_HAND,2,RESOURCE_MANAGEMENT,,,CARD,0,0,121,320,320,2,False,3,4,False,True,1,1,1,743,140,1,743,140,1,False,False,Powerful Hand,0,False
92611212,538.6,LOSS,True,86,11,MAIN,11,ENERGY_MANAGEMENT,ATTACH_ENERGY,,ATTACH,1,0,121,320,320,2,False,3,4,True,True,1,1,1,743,140,1,743,140,1,False,False,Powerful Hand,0,False
92611212,538.6,LOSS,True,87,11,MAIN,8,ATTACK_SELECTION,ATTACK,,ATTACK,2,1,121,320,320,2,False,3,4,True,True,1,1,1,743,140,1,743,0,1,False,False,Powerful Hand,0,False
92611212,538.6,LOSS,True,88,11,DAMAGE_COUNTER_ANY,5,TARGET_SELECTION,,,CARD,0,0,121,320,320,2,False,3,4,False,True,1,1,1,743,0,1,743,0,1,False,False,Powerful Hand,0,False
92611212,538.6,LOSS,True,89,11,DAMAGE_COUNTER_ANY,5,TARGET_SELECTION,,,CARD,0,0,121,320,320,2,False,3,4,False,True,1,1,1,743,0,1,743,0,1,False,False,Powerful Hand,0,False
92611212,538.6,LOSS,True,90,11,DAMAGE_COUNTER_ANY,5,TARGET_SELECTION,,,CARD,0,0,121,320,320,2,False,3,4,False,True,1,1,1,743,0,1,743,0,1,False,False,Powerful Hand,0,False
92611212,538.6,LOSS,True,91,11,DAMAGE_COUNTER_ANY,5,TARGET_SELECTION,,,CARD,0,0,121,320,320,2,False,3,4,False,True,1,1,1,743,0,1,743,0,1,False,False,Powerful Hand,0,False
92611212,538.6,LOSS,True,92,11,DAMAGE_COUNTER_ANY,5,TARGET_SELECTION,,,CARD,0,0,121,320,320,2,False,3,4,False,True,1,1,1,743,0,1,743,0,1,False,False,Powerful Hand,0,False
92611212,538.6,LOSS,True,93,11,DAMAGE_COUNTER_ANY,5,TARGET_SELECTION,,,CARD,0,0,121,320,320,2,False,3,4,False,True,1,1,1,743,0,1,,,1,False,False,Powerful Hand,0,False
92612129,690.2,LOSS,True,0,,,0,UNKNOWN,,,,0,0,,,,,False,,,False,False,,,0,,,,,,,,,,,False
92612129,690.2,LOSS,True,1,,,0,UNKNOWN,,,,0,0,,,,,False,,,False,False,,,0,,,,,,0,,,,,False
92612129,690.2,LOSS,True,2,0,IS_FIRST,2,GOING_FIRST_SECOND,,,YES,0,0,,,,,False,0,0,False,False,,,0,,,0,,,0,,,,,False
92612129,690.2,LOSS,True,3,0,SETUP_ACTIVE_POKEMON,1,EARLY_GAME_SETUP,,,,0,0,,,,,False,0,0,False,False,,,0,,,0,741,50,6,,,,,False
92612129,690.2,LOSS,True,4,1,MAIN,6,RESOURCE_MANAGEMENT,PLAY_STADIUM,1256,PLAY,0,0,119,70,70,1,False,0,6,False,False,1,0,0,741,50,6,741,50,6,False,False,,,False
92612129,690.2,LOSS,True,5,1,MAIN,5,RESOURCE_MANAGEMENT,PLAY_ITEM,1152,PLAY,0,0,119,70,70,1,False,0,6,False,False,1,0,0,741,50,6,741,50,6,False,False,,,False
92612129,690.2,LOSS,True,6,1,TO_HAND,8,RESOURCE_MANAGEMENT,,,CARD,0,0,119,70,70,1,False,0,6,False,False,1,0,0,741,50,6,741,50,6,False,False,,,False
92612129,690.2,LOSS,True,7,1,MAIN,5,RESOURCE_MANAGEMENT,PLAY_POKEMON,119,PLAY,0,0,119,70,70,1,False,0,6,False,False,1,0,0,741,50,6,741,50,6,False,False,,,False
92612129,690.2,LOSS,True,8,1,MAIN,6,ENERGY_MANAGEMENT,ATTACH_ENERGY,,ATTACH,0,0,119,70,70,1,False,1,6,False,True,1,0,0,741,50,6,741,50,6,False,False,,,False
92612129,690.2,LOSS,True,9,1,MAIN,2,TIMING,,,,0,0,119,70,70,1,False,1,6,False,True,1,0,0,741,50,6,741,50,6,False,False,,,False
92612129,690.2,LOSS,True,10,3,MAIN,5,RESOURCE_MANAGEMENT,PLAY_ITEM,1120,PLAY,0,0,119,60,70,1,True,1,6,False,True,1,0,0,741,50,6,741,50,6,False,False,,,False
92612129,690.2,LOSS,True,11,3,MAIN,4,ENERGY_MANAGEMENT,ATTACH_ENERGY,,ATTACH,0,0,119,60,70,1,True,1,6,False,True,1,0,0,741,50,6,741,50,6,False,False,,,False
92612129,690.2,LOSS,True,12,3,MAIN,4,TIMING,,,,1,0,119,60,70,1,True,1,6,True,True,1,1,0,741,50,6,742,70,6,False,False,,,False
92612129,690.2,LOSS,True,13,5,MAIN,5,TIMING,,,,1,0,119,60,70,1,True,1,6,True,True,1,1,0,742,70,6,743,120,5,False,False,,,False
92612129,690.2,LOSS,True,14,6,TO_ACTIVE,1,ACTIVE_POKEMON_SELECTION,,,CARD,0,0,,,,,False,1,6,False,True,,,0,743,120,5,743,120,5,,,,,True
92612129,690.2,LOSS,True,15,7,MAIN,5,RESOURCE_MANAGEMENT,PLAY_ITEM,1097,PLAY,0,0,119,70,70,1,False,0,6,False,False,1,1,0,743,120,5,743,120,5,False,False,Powerful Hand,0,False
92612129,690.2,LOSS,True,16,7,TO_HAND,2,RESOURCE_MANAGEMENT,,,CARD,0,0,119,70,70,1,False,0,6,False,False,1,1,0,743,120,5,743,120,5,False,False,Powerful Hand,0,False
92612129,690.2,LOSS,True,17,7,MAIN,5,RESOURCE_MANAGEMENT,PLAY_POKEMON,119,PLAY,0,0,119,70,70,1,False,0,6,False,False,1,1,0,743,120,5,743,120,5,False,False,Powerful Hand,0,False
92612129,690.2,LOSS,True,18,7,MAIN,5,RESOURCE_MANAGEMENT,PLAY_SUPPORTER,1198,PLAY,0,0,119,70,70,1,False,1,6,True,True,1,1,0,743,120,5,743,120,5,False,False,Powerful Hand,0,False
92612129,690.2,LOSS,True,19,7,TO_HAND,6,RESOURCE_MANAGEMENT,,,CARD,0,0,119,70,70,1,False,1,6,False,True,1,1,0,743,120,5,743,120,5,False,False,Powerful Hand,0,False
92612129,690.2,LOSS,True,20,7,ATTACH_TO,3,ENERGY_MANAGEMENT,,,CARD,0,0,119,70,70,1,False,1,6,False,True,1,1,0,743,120,5,743,120,5,False,False,Powerful Hand,0,False
92612129,690.2,LOSS,True,21,7,ATTACH_FROM,2,ENERGY_MANAGEMENT,,,CARD,0,0,119,70,70,1,False,1,6,False,True,1,1,0,743,120,5,743,120,5,False,False,Powerful Hand,0,False
92612129,690.2,LOSS,True,22,7,MAIN,6,ENERGY_MANAGEMENT,ATTACH_ENERGY,,ATTACH,0,0,119,70,70,1,False,1,6,True,True,1,1,0,743,120,5,743,120,5,False,False,Powerful Hand,0,False
92612129,690.2,LOSS,True,23,7,MAIN,6,TIMING,,,,2,0,119,70,70,1,False,1,6,True,True,1,1,0,743,120,5,743,80,4,False,False,Powerful Hand,0,False
92612129,690.2,LOSS,True,24,8,TO_ACTIVE,1,ACTIVE_POKEMON_SELECTION,,,CARD,0,0,,,,,False,1,6,False,True,,,0,743,80,4,743,80,4,,,,,True
92612129,690.2,LOSS,True,25,9,MAIN,4,RESOURCE_MANAGEMENT,PLAY_ITEM,1121,PLAY,0,0,119,70,70,1,False,0,6,False,False,1,1,0,743,80,4,743,80,4,False,False,Powerful Hand,0,False
92612129,690.2,LOSS,True,26,9,DISCARD,3,RESOURCE_MANAGEMENT,,,CARD;CARD,0,0,119,70,70,1,False,0,6,False,False,1,1,0,743,80,4,743,80,4,False,False,Powerful Hand,0,False
92612129,690.2,LOSS,True,27,9,TO_HAND,12,RESOURCE_MANAGEMENT,,,CARD,0,0,119,70,70,1,False,0,6,False,False,1,1,0,743,80,4,743,80,4,False,False,Powerful Hand,0,False
92612129,690.2,LOSS,True,28,9,MAIN,2,RESOURCE_MANAGEMENT,PLAY_POKEMON,140,PLAY,0,0,119,70,70,1,False,0,6,False,False,1,1,0,743,80,4,743,80,4,False,False,Powerful Hand,0,False
92612129,690.2,LOSS,True,29,9,MAIN,3,RESOURCE_MANAGEMENT,ABILITY,,ABILITY,0,0,119,70,70,1,False,1,6,True,True,1,1,0,743,80,4,743,80,4,False,False,Powerful Hand,0,False
92612129,690.2,LOSS,True,30,9,MAIN,6,RESOURCE_MANAGEMENT,PLAY_ITEM,1086,PLAY,0,0,119,70,70,1,False,1,6,True,True,1,1,0,743,80,4,743,80,4,False,False,Powerful Hand,0,False
92612129,690.2,LOSS,True,31,9,TO_BENCH,3,BENCH_MANAGEMENT,,,CARD;CARD,0,0,119,70,70,1,False,1,6,False,True,1,1,0,743,80,4,743,80,4,False,False,Powerful Hand,0,False
92612129,690.2,LOSS,True,32,9,MAIN,5,RESOURCE_MANAGEMENT,PLAY_SUPPORTER,1210,PLAY,0,0,119,70,70,1,False,3,6,True,True,1,1,1,743,80,4,743,80,4,False,False,Powerful Hand,0,False
92612129,690.2,LOSS,True,33,9,TO_HAND,8,RESOURCE_MANAGEMENT,,,CARD,0,0,119,70,70,1,False,3,6,False,True,1,1,1,743,80,4,743,80,4,False,False,Powerful Hand,0,False
92612129,690.2,LOSS,True,34,9,TO_HAND,2,RESOURCE_MANAGEMENT,,,CARD,0,0,119,70,70,1,False,3,6,False,True,1,1,1,743,80,4,743,80,4,False,False,Powerful Hand,0,False
92612129,690.2,LOSS,True,35,9,MAIN,6,RESOURCE_MANAGEMENT,PLAY_POKEMON,184,PLAY,0,0,119,70,70,1,False,3,6,True,True,1,1,1,743,80,4,743,80,4,False,False,Powerful Hand,0,False
92612129,690.2,LOSS,True,36,9,MAIN,5,BENCH_MANAGEMENT,EVOLVE,,EVOLVE,0,0,119,70,70,1,False,4,6,True,True,1,1,1,743,80,4,743,80,4,False,False,Powerful Hand,0,False
92612129,690.2,LOSS,True,37,9,MAIN,4,RESOURCE_MANAGEMENT,ABILITY,,ABILITY,0,0,120,90,90,1,False,4,6,True,True,1,1,1,743,80,4,743,80,4,False,False,Powerful Hand,0,True
92612129,690.2,LOSS,True,38,9,TO_HAND,2,RESOURCE_MANAGEMENT,,,CARD,0,0,120,90,90,1,False,4,6,False,True,1,1,1,743,80,4,743,80,4,False,False,Powerful Hand,0,False
92612129,690.2,LOSS,True,39,9,MAIN,4,RETREAT_SELECTION,RETREAT,,RETREAT,0,0,120,90,90,1,False,4,6,True,True,1,1,1,743,80,4,743,80,4,False,False,Powerful Hand,0,False
92612129,690.2,LOSS,True,40,9,DISCARD_ENERGY,1,ENERGY_MANAGEMENT,,,ENERGY,0,0,120,90,90,1,False,4,6,False,True,1,1,1,743,80,4,743,80,4,False,False,Powerful Hand,0,False
92612129,690.2,LOSS,True,41,9,SWITCH,4,ACTIVE_POKEMON_SELECTION,,,CARD,0,0,120,90,90,1,False,4,6,False,True,1,0,1,743,80,4,743,80,4,False,False,Powerful Hand,0,False
92612129,690.2,LOSS,True,42,9,MAIN,4,TIMING,,,,1,0,235,30,30,1,False,4,6,False,True,0,0,0,743,80,4,743,70,2,False,False,Powerful Hand,0,True
92612129,690.2,LOSS,True,43,10,TO_ACTIVE,4,ACTIVE_POKEMON_SELECTION,,,CARD,0,0,,,,,False,4,6,False,True,,,1,743,70,2,743,70,2,,,,,True
92612129,690.2,LOSS,True,44,11,MAIN,8,RESOURCE_MANAGEMENT,ABILITY,,ABILITY,1,0,235,30,30,1,False,3,6,True,True,0,0,0,743,70,2,743,70,2,False,False,Powerful Hand,0,False
92612129,690.2,LOSS,True,45,11,TO_HAND,2,RESOURCE_MANAGEMENT,,,CARD,0,0,235,30,30,1,False,3,6,False,True,0,0,0,743,70,2,743,70,2,False,False,Powerful Hand,0,False
92612129,690.2,LOSS,True,46,11,MAIN,8,RESOURCE_MANAGEMENT,PLAY_ITEM,1152,PLAY,1,0,235,30,30,1,False,3,6,True,True,0,0,0,743,70,2,743,70,2,False,False,Powerful Hand,0,False
92612129,690.2,LOSS,True,47,11,TO_HAND,3,RESOURCE_MANAGEMENT,,,CARD,0,0,235,30,30,1,False,3,6,False,True,0,0,0,743,70,2,743,70,2,False,False,Powerful Hand,0,False
92612129,690.2,LOSS,True,48,11,MAIN,8,BENCH_MANAGEMENT,EVOLVE,,EVOLVE,1,0,235,30,30,1,False,3,6,True,True,0,0,0,743,70,2,743,70,2,False,False,Powerful Hand,0,False
92612129,690.2,LOSS,True,49,11,MAIN,7,RESOURCE_MANAGEMENT,ABILITY,,ABILITY,1,0,235,30,30,1,False,3,6,True,True,0,0,0,743,70,2,743,70,2,False,False,Powerful Hand,0,False
92612129,690.2,LOSS,True,50,11,TO_HAND,2,RESOURCE_MANAGEMENT,,,CARD,0,0,235,30,30,1,False,3,6,False,True,0,0,0,743,70,2,743,70,2,False,False,Powerful Hand,0,False
92612129,690.2,LOSS,True,51,11,MAIN,7,RESOURCE_MANAGEMENT,PLAY_ITEM,1120,PLAY,1,0,235,30,30,1,False,3,6,True,True,0,0,0,743,70,2,743,70,2,False,False,Powerful Hand,0,False
92612129,690.2,LOSS,True,52,11,MAIN,6,RESOURCE_MANAGEMENT,PLAY_SUPPORTER,1227,PLAY,1,0,235,30,30,1,False,3,6,True,True,0,0,0,743,70,2,743,70,2,False,False,Powerful Hand,0,False
92612129,690.2,LOSS,True,53,11,MAIN,7,BENCH_MANAGEMENT,EVOLVE,,EVOLVE,1,0,235,30,30,1,False,3,6,True,True,0,0,0,743,70,2,743,70,2,False,False,Powerful Hand,0,False
92612129,690.2,LOSS,True,54,11,MAIN,6,RESOURCE_MANAGEMENT,PLAY_ITEM,1097,PLAY,1,0,235,30,30,1,False,3,6,True,True,0,0,0,743,70,2,743,70,2,False,False,Powerful Hand,0,False
92612129,690.2,LOSS,True,55,11,TO_HAND,7,RESOURCE_MANAGEMENT,,,CARD,0,0,235,30,30,1,False,3,6,False,True,0,0,0,743,70,2,743,70,2,False,False,Powerful Hand,0,False
92612129,690.2,LOSS,True,56,11,MAIN,6,RESOURCE_MANAGEMENT,PLAY_POKEMON,140,PLAY,1,0,235,30,30,1,False,3,6,True,True,0,0,0,743,70,2,743,70,2,False,False,Powerful Hand,0,False
92612129,690.2,LOSS,True,57,11,MAIN,6,RESOURCE_MANAGEMENT,PLAY_ITEM,1120,PLAY,1,0,235,30,30,1,False,4,6,True,True,0,0,0,743,70,2,743,70,2,False,False,Powerful Hand,0,False
92612129,690.2,LOSS,True,58,11,MAIN,5,RESOURCE_MANAGEMENT,ABILITY,,ABILITY,1,0,235,30,30,1,False,4,6,True,True,0,0,0,743,70,2,743,70,2,False,False,Powerful Hand,0,False
92612129,690.2,LOSS,True,59,11,MAIN,10,RESOURCE_MANAGEMENT,PLAY_ITEM,1121,PLAY,1,0,235,30,30,1,False,4,6,True,True,0,0,0,743,70,2,743,70,2,False,False,Powerful Hand,0,False
92612129,690.2,LOSS,True,60,11,DISCARD,7,RESOURCE_MANAGEMENT,,,CARD;CARD,0,0,235,30,30,1,False,4,6,False,True,0,0,0,743,70,2,743,70,2,False,False,Powerful Hand,0,False
92612129,690.2,LOSS,True,61,11,TO_HAND,3,RESOURCE_MANAGEMENT,,,CARD,0,0,235,30,30,1,False,4,6,False,True,0,0,0,743,70,2,743,70,2,False,False,Powerful Hand,0,False
92612129,690.2,LOSS,True,62,11,MAIN,9,ENERGY_MANAGEMENT,ATTACH_ENERGY,,ATTACH,1,0,235,30,30,1,False,4,6,True,True,0,0,0,743,70,2,743,70,2,False,False,Powerful Hand,0,False
92613108,457.3,WIN,False,0,,,0,UNKNOWN,,,,0,0,,,,,False,,,False,False,,,0,,,,,,,,,,,False
92613108,457.3,WIN,False,1,,,0,UNKNOWN,,,,0,0,,,,,False,,,False,False,,,0,,,,,,0,,,,,False
92613108,457.3,WIN,False,2,0,SETUP_ACTIVE_POKEMON,1,EARLY_GAME_SETUP,,,,0,0,,,,,False,0,0,False,False,,,0,,,0,,,6,,,,,False
92613108,457.3,WIN,False,3,0,DRAW_COUNT,2,SEARCH_DECISION,,,,0,0,,,,,False,0,6,False,False,,,0,,,6,676,110,6,,,,,False
92613108,457.3,WIN,False,4,2,MAIN,6,RESOURCE_MANAGEMENT,PLAY_ITEM,1152,PLAY,0,0,119,70,70,1,False,0,6,False,False,1,0,0,676,110,6,676,110,6,True,False,Cosmic Beam,70,False
92613108,457.3,WIN,False,5,2,TO_HAND,5,RESOURCE_MANAGEMENT,,,CARD,0,0,119,70,70,1,False,0,6,False,False,1,0,0,676,110,6,676,110,6,True,False,Cosmic Beam,70,False
92613108,457.3,WIN,False,6,2,MAIN,6,RESOURCE_MANAGEMENT,PLAY_POKEMON,235,PLAY,0,0,119,70,70,1,False,0,6,False,False,1,0,0,676,110,6,676,110,6,True,False,Cosmic Beam,70,False
92613108,457.3,WIN,False,7,2,MAIN,5,RESOURCE_MANAGEMENT,PLAY_ITEM,1120,PLAY,0,0,119,70,70,1,False,1,6,False,True,1,0,1,676,110,6,676,110,6,True,False,Cosmic Beam,70,False
92613108,457.3,WIN,False,8,2,DISCARD_ENERGY,1,ENERGY_MANAGEMENT,,,ENERGY,0,0,119,70,70,1,False,1,6,False,True,1,0,1,676,110,6,676,110,6,True,False,Cosmic Beam,70,False
92613108,457.3,WIN,False,9,2,MAIN,4,RESOURCE_MANAGEMENT,PLAY_SUPPORTER,1227,PLAY,0,0,119,70,70,1,False,1,6,False,True,1,0,1,676,110,6,676,110,6,False,True,,,False
92613108,457.3,WIN,False,10,2,MAIN,4,RESOURCE_MANAGEMENT,PLAY_ITEM,1152,PLAY,0,0,119,70,70,1,False,1,6,False,True,1,0,1,676,110,6,676,110,6,False,True,,,False
92613108,457.3,WIN,False,11,2,TO_HAND,3,RESOURCE_MANAGEMENT,,,CARD,0,0,119,70,70,1,False,1,6,False,True,1,0,1,676,110,6,676,110,6,False,True,,,False
92613108,457.3,WIN,False,12,2,MAIN,4,RESOURCE_MANAGEMENT,PLAY_POKEMON,119,PLAY,0,0,119,70,70,1,False,1,6,False,True,1,0,1,676,110,6,676,110,6,False,True,,,False
92613108,457.3,WIN,False,13,2,MAIN,4,ENERGY_MANAGEMENT,ATTACH_ENERGY,,ATTACH,0,0,119,70,70,1,False,2,6,False,True,1,0,1,676,110,6,676,110,6,False,True,,,False
92613108,457.3,WIN,False,14,2,MAIN,1,TIMING,,,,0,0,119,70,70,1,False,2,6,False,True,1,0,1,676,110,6,676,110,6,False,True,,,False
92613108,457.3,WIN,False,15,4,MAIN,11,RESOURCE_MANAGEMENT,PLAY_SUPPORTER,1198,PLAY,0,0,119,70,70,1,False,2,6,False,True,1,0,1,676,110,6,676,110,6,True,False,Cosmic Beam,70,False
92613108,457.3,WIN,False,16,4,TO_HAND,6,RESOURCE_MANAGEMENT,,,CARD,0,0,119,70,70,1,False,2,6,False,True,1,0,1,676,110,6,676,110,6,True,False,Cosmic Beam,70,False
92613108,457.3,WIN,False,17,4,ATTACH_TO,3,ENERGY_MANAGEMENT,,,CARD,0,0,119,70,70,1,False,2,6,False,True,1,0,1,676,110,6,676,110,6,True,False,Cosmic Beam,70,False
92613108,457.3,WIN,False,18,4,ATTACH_FROM,3,ENERGY_MANAGEMENT,,,CARD,0,0,119,70,70,1,False,2,6,False,True,1,0,1,676,110,6,676,110,6,True,False,Cosmic Beam,70,False
92613108,457.3,WIN,False,19,4,MAIN,13,BENCH_MANAGEMENT,EVOLVE,,EVOLVE,1,0,119,70,70,1,False,2,6,True,True,1,1,1,676,110,6,676,110,6,True,False,Cosmic Beam,70,False
92613108,457.3,WIN,False,20,4,MAIN,10,RESOURCE_MANAGEMENT,ABILITY,,ABILITY,0,0,120,90,90,1,False,2,6,True,True,1,1,1,676,110,6,676,110,6,False,False,Cosmic Beam,70,True
92613108,457.3,WIN,False,21,4,TO_HAND,2,RESOURCE_MANAGEMENT,,,CARD,0,0,120,90,90,1,False,2,6,False,True,1,1,1,676,110,6,676,110,6,False,False,Cosmic Beam,70,False
92613108,457.3,WIN,False,22,4,MAIN,9,BENCH_MANAGEMENT,EVOLVE,,EVOLVE,0,0,120,90,90,1,False,2,6,True,True,1,1,1,676,110,6,676,110,6,False,False,Cosmic Beam,70,False
92613108,457.3,WIN,False,23,4,MAIN,9,RESOURCE_MANAGEMENT,ABILITY,,ABILITY,0,0,120,90,90,1,False,2,6,True,True,1,1,1,676,110,6,676,110,6,False,False,Cosmic Beam,70,False
92613108,457.3,WIN,False,24,4,TO_HAND,2,RESOURCE_MANAGEMENT,,,CARD,0,0,120,90,90,1,False,2,6,False,True,1,1,1,676,110,6,676,110,6,False,False,Cosmic Beam,70,False
92613108,457.3,WIN,False,25,4,MAIN,9,ENERGY_MANAGEMENT,ATTACH_ENERGY,,ATTACH,0,0,120,90,90,1,False,2,6,True,True,1,1,1,676,110,6,676,110,6,False,False,Cosmic Beam,70,False
92613108,457.3,WIN,False,26,4,MAIN,4,RETREAT_SELECTION,RETREAT,,RETREAT,1,0,120,90,90,1,False,2,6,True,True,1,1,1,676,110,6,676,110,6,False,False,Cosmic Beam,70,False
92613108,457.3,WIN,False,27,4,DISCARD_ENERGY,2,ENERGY_MANAGEMENT,,,ENERGY,0,0,120,90,90,1,False,2,6,False,True,1,1,1,676,110,6,676,110,6,False,False,Cosmic Beam,70,False
92613108,457.3,WIN,False,28,4,SWITCH,2,ACTIVE_POKEMON_SELECTION,,,CARD,0,0,120,90,90,1,False,2,6,False,True,1,1,1,676,110,6,676,110,6,False,False,Cosmic Beam,70,False
92613108,457.3,WIN,False,29,4,MAIN,3,TIMING,,,,1,0,235,30,30,1,False,2,6,False,True,0,0,0,676,110,6,676,90,6,True,False,Cosmic Beam,70,True
92613108,457.3,WIN,False,30,6,MAIN,15,BENCH_MANAGEMENT,EVOLVE,,EVOLVE,1,0,235,30,30,1,False,2,6,True,True,0,0,0,676,90,6,676,90,6,True,False,Cosmic Beam,70,False
92613108,457.3,WIN,False,31,6,MAIN,12,RESOURCE_MANAGEMENT,ABILITY,,ABILITY,1,0,235,30,30,1,False,2,6,True,True,0,0,1,676,90,6,676,90,6,True,False,Cosmic Beam,70,False
92613108,457.3,WIN,False,32,6,TO_HAND,2,RESOURCE_MANAGEMENT,,,CARD,0,0,235,30,30,1,False,2,6,False,True,0,0,1,676,90,6,676,90,6,True,False,Cosmic Beam,70,False
92613108,457.3,WIN,False,33,6,MAIN,12,RESOURCE_MANAGEMENT,PLAY_ITEM,1086,PLAY,1,0,235,30,30,1,False,2,6,True,True,0,0,1,676,90,6,676,90,6,True,False,Cosmic Beam,70,False
92613108,457.3,WIN,False,34,6,TO_BENCH,2,BENCH_MANAGEMENT,,,CARD;CARD,0,0,235,30,30,1,False,2,6,False,True,0,0,1,676,90,6,676,90,6,True,False,Cosmic Beam,70,False
92613108,457.3,WIN,False,35,6,MAIN,13,RESOURCE_MANAGEMENT,PLAY_SUPPORTER,1198,PLAY,1,0,235,30,30,1,False,4,6,True,True,0,0,1,676,90,6,676,90,6,True,False,Cosmic Beam,70,False
92613108,457.3,WIN,False,36,6,TO_HAND,4,RESOURCE_MANAGEMENT,,,CARD,0,0,235,30,30,1,False,4,6,False,True,0,0,1,676,90,6,676,90,6,True,False,Cosmic Beam,70,False
92613108,457.3,WIN,False,37,6,ATTACH_TO,2,ENERGY_MANAGEMENT,,,CARD,0,0,235,30,30,1,False,4,6,False,True,0,0,1,676,90,6,676,90,6,True,False,Cosmic Beam,70,False
92613108,457.3,WIN,False,38,6,ATTACH_FROM,5,ENERGY_MANAGEMENT,,,CARD,0,0,235,30,30,1,False,4,6,False,True,0,0,1,676,90,6,676,90,6,True,False,Cosmic Beam,70,False
92613108,457.3,WIN,False,39,6,MAIN,15,ENERGY_MANAGEMENT,ATTACH_ENERGY,,ATTACH,1,0,235,30,30,1,False,4,6,True,True,0,0,1,676,90,6,676,90,6,True,False,Cosmic Beam,70,False
92613108,457.3,WIN,False,40,6,MAIN,5,RETREAT_SELECTION,RETREAT,,RETREAT,1,0,235,30,30,1,False,4,6,True,True,0,0,2,676,90,6,676,90,6,True,False,Cosmic Beam,70,False
92613108,457.3,WIN,False,41,6,SWITCH,4,ACTIVE_POKEMON_SELECTION,,,CARD,0,0,235,30,30,1,False,4,6,False,True,0,0,2,676,90,6,676,90,6,True,False,Cosmic Beam,70,False
92613108,457.3,WIN,False,42,6,MAIN,5,ATTACK_SELECTION,ATTACK,,ATTACK,2,1,121,320,320,2,False,4,6,False,True,1,1,2,676,90,6,,,6,False,False,Cosmic Beam,70,True
92622488,501.5,WIN,False,0,,,0,UNKNOWN,,,,0,0,,,,,False,,,False,False,,,0,,,,,,,,,,,False
92622488,501.5,WIN,False,1,,,0,UNKNOWN,,,,0,0,,,,,False,,,False,False,,,0,,,,,,0,,,,,False
92622488,501.5,WIN,False,2,0,SETUP_ACTIVE_POKEMON,3,EARLY_GAME_SETUP,,,,0,0,,,,,False,0,0,False,False,,,0,,,0,,,6,,,,,False
92622488,501.5,WIN,False,3,0,SETUP_BENCH_POKEMON,2,BENCH_MANAGEMENT,,,,0,0,,,,,False,0,6,False,False,,,0,,,6,400,50,6,,,,,False
92622488,501.5,WIN,False,4,2,MAIN,4,RESOURCE_MANAGEMENT,PLAY_POKEMON,184,PLAY,0,0,119,70,70,1,False,0,6,False,False,1,0,0,400,50,6,400,50,6,False,False,Take Down,30,False
92622488,501.5,WIN,False,5,2,MAIN,4,TIMING,,,,0,0,119,70,70,1,False,1,6,True,True,1,0,0,400,50,6,401,130,5,False,False,Take Down,30,False
92622488,501.5,WIN,False,6,3,TO_ACTIVE,1,ACTIVE_POKEMON_SELECTION,,,CARD,0,0,,,,,False,1,6,False,True,,,0,401,130,5,401,130,5,,,,,True
92622488,501.5,WIN,False,7,4,MAIN,5,RESOURCE_MANAGEMENT,PLAY_POKEMON,140,PLAY,0,0,184,210,210,2,False,0,6,False,False,2,0,0,401,130,5,401,130,5,False,False,Rocket Rush,0,False
92622488,501.5,WIN,False,8,4,MAIN,6,RESOURCE_MANAGEMENT,PLAY_ITEM,1097,PLAY,0,0,184,210,210,2,False,1,6,True,True,2,0,0,401,130,5,401,130,5,False,False,Rocket Rush,0,False
92622488,501.5,WIN,False,9,4,TO_HAND,1,RESOURCE_MANAGEMENT,,,CARD,0,0,184,210,210,2,False,1,6,False,True,2,0,0,401,130,5,401,130,5,False,False,Rocket Rush,0,False
92622488,501.5,WIN,False,10,4,MAIN,6,RESOURCE_MANAGEMENT,PLAY_POKEMON,119,PLAY,0,0,184,210,210,2,False,1,6,True,True,2,0,0,401,130,5,401,130,5,False,False,Rocket Rush,0,False
92622488,501.5,WIN,False,11,4,MAIN,5,RESOURCE_MANAGEMENT,ABILITY,,ABILITY,0,0,184,210,210,2,False,2,6,True,True,2,0,0,401,130,5,401,130,5,False,False,Rocket Rush,0,False
92622488,501.5,WIN,False,12,4,MAIN,9,RESOURCE_MANAGEMENT,PLAY_ITEM,1120,PLAY,0,0,184,210,210,2,False,2,6,True,True,2,0,0,401,130,5,401,130,5,False,False,Rocket Rush,0,False
92622488,501.5,WIN,False,13,4,DISCARD_ENERGY,2,ENERGY_MANAGEMENT,,,ENERGY,0,0,184,210,210,2,False,2,6,False,True,2,0,0,401,130,5,401,130,5,False,False,Rocket Rush,0,False
92622488,501.5,WIN,False,14,4,MAIN,8,RESOURCE_MANAGEMENT,PLAY_SUPPORTER,1198,PLAY,0,0,184,210,210,2,False,2,6,True,True,2,0,0,401,130,5,401,130,5,False,False,,,False
92622488,501.5,WIN,False,15,4,TO_HAND,6,RESOURCE_MANAGEMENT,,,CARD,0,0,184,210,210,2,False,2,6,False,True,2,0,0,401,130,5,401,130,5,False,False,,,False
92622488,501.5,WIN,False,16,4,ATTACH_TO,2,ENERGY_MANAGEMENT,,,CARD,0,0,184,210,210,2,False,2,6,False,True,2,0,0,401,130,5,401,130,5,False,False,,,False
92622488,501.5,WIN,False,17,4,ATTACH_FROM,3,ENERGY_MANAGEMENT,,,CARD,0,0,184,210,210,2,False,2,6,False,True,2,0,0,401,130,5,401,130,5,False,False,,,False
92622488,501.5,WIN,False,18,4,MAIN,10,ENERGY_MANAGEMENT,ATTACH_ENERGY,,ATTACH,0,0,184,210,210,2,False,2,6,True,True,2,0,1,401,130,5,401,130,5,False,False,,,False
92622488,501.5,WIN,False,19,4,MAIN,4,TIMING,,,,0,0,184,210,210,2,False,2,6,True,True,2,0,1,401,130,5,401,130,5,False,False,,,False
92622488,501.5,WIN,False,20,6,MAIN,9,RESOURCE_MANAGEMENT,PLAY_ITEM,1079,PLAY,0,0,184,30,210,2,True,2,6,True,True,2,0,1,401,130,5,401,130,5,False,False,Rocket Rush,0,False
92622488,501.5,WIN,False,21,6,EVOLVE,2,BENCH_MANAGEMENT,,,EVOLVE,0,0,184,30,210,2,True,2,6,False,True,2,0,1,401,130,5,401,130,5,False,False,Rocket Rush,0,False
92622488,501.5,WIN,False,22,6,MAIN,7,RETREAT_SELECTION,RETREAT,,RETREAT,0,0,184,30,210,2,True,2,6,True,True,2,0,1,401,130,5,401,130,5,False,False,Rocket Rush,0,False
92622488,501.5,WIN,False,23,6,SWITCH,2,ACTIVE_POKEMON_SELECTION,,,CARD,0,0,184,30,210,2,True,2,6,False,True,2,0,1,401,130,5,401,130,5,False,False,Rocket Rush,0,False
92622488,501.5,WIN,False,24,6,MAIN,8,ATTACK_SELECTION,ATTACK,,ATTACK,2,1,121,320,320,2,False,2,6,False,True,1,1,0,401,130,5,401,0,5,False,False,Rocket Rush,0,True
92622488,501.5,WIN,False,25,6,DAMAGE_COUNTER_ANY,5,TARGET_SELECTION,,,CARD,0,0,121,320,320,2,False,2,6,False,True,1,1,0,401,0,5,401,0,5,False,False,Rocket Rush,0,False
92622488,501.5,WIN,False,26,6,DAMAGE_COUNTER_ANY,5,TARGET_SELECTION,,,CARD,0,0,121,320,320,2,False,2,6,False,True,1,1,0,401,0,5,401,0,5,False,False,Rocket Rush,0,False
92622488,501.5,WIN,False,27,6,DAMAGE_COUNTER_ANY,5,TARGET_SELECTION,,,CARD,0,0,121,320,320,2,False,2,6,False,True,1,1,0,401,0,5,401,0,5,False,False,Rocket Rush,0,False
92622488,501.5,WIN,False,28,6,DAMAGE_COUNTER_ANY,5,TARGET_SELECTION,,,CARD,0,0,121,320,320,2,False,2,6,False,True,1,1,0,401,0,5,401,0,5,False,False,Rocket Rush,0,False
92622488,501.5,WIN,False,29,6,DAMAGE_COUNTER_ANY,5,TARGET_SELECTION,,,CARD,0,0,121,320,320,2,False,2,6,False,True,1,1,0,401,0,5,401,0,5,False,False,Rocket Rush,0,False
92622488,501.5,WIN,False,30,6,DAMAGE_COUNTER_ANY,5,TARGET_SELECTION,,,CARD,0,0,121,320,320,2,False,2,6,False,True,1,1,0,401,0,5,,,5,False,False,Rocket Rush,0,False
92622488,501.5,WIN,False,31,6,TO_HAND,6,RESOURCE_MANAGEMENT,,,,0,0,121,320,320,2,False,2,6,False,True,1,1,0,,,5,431,280,5,,,,,False
92622488,501.5,WIN,False,32,8,MAIN,6,RESOURCE_MANAGEMENT,PLAY_SUPPORTER,1227,PLAY,2,0,121,320,320,2,False,2,5,True,True,1,1,0,431,280,5,431,280,5,False,False,,,False
92622488,501.5,WIN,False,33,8,MAIN,10,ENERGY_MANAGEMENT,ATTACH_ENERGY,,ATTACH,2,0,121,320,320,2,False,2,5,True,True,1,1,0,431,280,5,431,280,5,False,False,,,False
92622488,501.5,WIN,False,34,8,MAIN,7,RESOURCE_MANAGEMENT,PLAY_ITEM,1152,PLAY,2,0,121,320,320,2,False,2,5,True,True,1,1,0,431,280,5,431,280,5,False,False,,,False
92622488,501.5,WIN,False,35,8,TO_HAND,8,RESOURCE_MANAGEMENT,,,CARD,0,0,121,320,320,2,False,2,5,False,True,1,1,0,431,280,5,431,280,5,False,False,,,False
92622488,501.5,WIN,False,36,8,MAIN,7,RESOURCE_MANAGEMENT,PLAY_POKEMON,119,PLAY,2,0,121,320,320,2,False,2,5,True,True,1,1,0,431,280,5,431,280,5,False,False,,,False
92622488,501.5,WIN,False,37,8,MAIN,6,RESOURCE_MANAGEMENT,PLAY_ITEM,1152,PLAY,2,0,121,320,320,2,False,3,5,True,True,1,1,0,431,280,5,431,280,5,False,False,,,False
92622488,501.5,WIN,False,38,8,TO_HAND,7,RESOURCE_MANAGEMENT,,,CARD,0,0,121,320,320,2,False,3,5,False,True,1,1,0,431,280,5,431,280,5,False,False,,,False
92622488,501.5,WIN,False,39,8,MAIN,6,RESOURCE_MANAGEMENT,PLAY_POKEMON,119,PLAY,2,0,121,320,320,2,False,3,5,True,True,1,1,0,431,280,5,431,280,5,False,False,,,False
92622488,501.5,WIN,False,40,8,MAIN,5,ATTACK_SELECTION,ATTACK,,ATTACK,2,1,121,320,320,2,False,4,5,True,True,1,1,0,431,280,5,431,80,5,False,False,,,False
92622488,501.5,WIN,False,41,8,DAMAGE_COUNTER_ANY,4,TARGET_SELECTION,,,CARD,0,0,121,320,320,2,False,4,5,False,True,1,1,0,431,80,5,431,80,5,False,False,,,False
92622488,501.5,WIN,False,42,8,DAMAGE_COUNTER_ANY,4,TARGET_SELECTION,,,CARD,0,0,121,320,320,2,False,4,5,False,True,1,1,0,431,80,5,431,80,5,False,False,,,False
92622488,501.5,WIN,False,43,8,DAMAGE_COUNTER_ANY,4,TARGET_SELECTION,,,CARD,0,0,121,320,320,2,False,4,5,False,True,1,1,0,431,80,5,431,80,5,False,False,,,False
92622488,501.5,WIN,False,44,8,DAMAGE_COUNTER_ANY,4,TARGET_SELECTION,,,CARD,0,0,121,320,320,2,False,4,5,False,True,1,1,0,431,80,5,431,80,5,False,False,,,False
92622488,501.5,WIN,False,45,8,DAMAGE_COUNTER_ANY,4,TARGET_SELECTION,,,CARD,0,0,121,320,320,2,False,4,5,False,True,1,1,0,431,80,5,431,80,5,False,False,,,False
92622488,501.5,WIN,False,46,8,DAMAGE_COUNTER_ANY,4,TARGET_SELECTION,,,,0,0,121,320,320,2,False,4,5,False,True,1,1,0,431,80,5,431,180,5,False,False,,,False
92622488,501.5,WIN,False,47,10,MAIN,7,RESOURCE_MANAGEMENT,PLAY_SUPPORTER,1227,PLAY,2,0,121,320,320,2,False,4,5,True,True,1,1,0,431,180,5,431,180,5,False,False,,,False
92622488,501.5,WIN,False,48,10,MAIN,10,BENCH_MANAGEMENT,EVOLVE,,EVOLVE,2,0,121,320,320,2,False,4,5,True,True,1,1,0,431,180,5,431,180,5,False,False,,,False
92622488,501.5,WIN,False,49,10,MAIN,8,RESOURCE_MANAGEMENT,ABILITY,,ABILITY,2,0,121,320,320,2,False,4,5,True,True,1,1,0,431,180,5,431,180,5,False,False,,,False
92622488,501.5,WIN,False,50,10,TO_HAND,2,RESOURCE_MANAGEMENT,,,CARD,0,0,121,320,320,2,False,4,5,False,True,1,1,0,431,180,5,431,180,5,False,False,,,False
92622488,501.5,WIN,False,51,10,MAIN,7,BENCH_MANAGEMENT,EVOLVE,,EVOLVE,2,0,121,320,320,2,False,4,5,True,True,1,1,0,431,180,5,431,180,5,False,False,,,False
92622488,501.5,WIN,False,52,10,MAIN,7,RESOURCE_MANAGEMENT,ABILITY,,ABILITY,2,0,121,320,320,2,False,4,5,True,True,1,1,0,431,180,5,431,180,5,False,False,,,False
92622488,501.5,WIN,False,53,10,TO_HAND,2,RESOURCE_MANAGEMENT,,,CARD,0,0,121,320,320,2,False,4,5,False,True,1,1,0,431,180,5,431,180,5,False,False,,,False
92622488,501.5,WIN,False,54,10,MAIN,6,ATTACK_SELECTION,ATTACK,,ATTACK,2,1,121,320,320,2,False,4,5,True,True,1,1,0,431,180,5,431,0,5,False,False,,,False
92622488,501.5,WIN,False,55,10,DAMAGE_COUNTER_ANY,4,TARGET_SELECTION,,,CARD,0,0,121,320,320,2,False,4,5,False,True,1,1,0,431,0,5,431,0,5,False,False,,,False
92622488,501.5,WIN,False,56,10,DAMAGE_COUNTER_ANY,4,TARGET_SELECTION,,,CARD,0,0,121,320,320,2,False,4,5,False,True,1,1,0,431,0,5,431,0,5,False,False,,,False
92622488,501.5,WIN,False,57,10,DAMAGE_COUNTER_ANY,4,TARGET_SELECTION,,,CARD,0,0,121,320,320,2,False,4,5,False,True,1,1,0,431,0,5,431,0,5,False,False,,,False
92622488,501.5,WIN,False,58,10,DAMAGE_COUNTER_ANY,4,TARGET_SELECTION,,,CARD,0,0,121,320,320,2,False,4,5,False,True,1,1,0,431,0,5,431,0,5,False,False,,,False
92622488,501.5,WIN,False,59,10,DAMAGE_COUNTER_ANY,4,TARGET_SELECTION,,,CARD,0,0,121,320,320,2,False,4,5,False,True,1,1,0,431,0,5,431,0,5,False,False,,,False
92622488,501.5,WIN,False,60,10,DAMAGE_COUNTER_ANY,4,TARGET_SELECTION,,,CARD,0,0,121,320,320,2,False,4,5,False,True,1,1,0,431,0,5,,,5,False,False,,,False
92622488,501.5,WIN,False,61,10,TO_HAND,5,RESOURCE_MANAGEMENT,,,,0,0,121,320,320,2,False,4,5,False,True,1,1,0,,,5,431,280,5,,,,,False
92622488,501.5,WIN,False,62,12,MAIN,18,RESOURCE_MANAGEMENT,PLAY_POKEMON,119,PLAY,2,0,121,320,320,2,False,4,3,True,True,1,1,0,431,280,5,431,280,5,False,False,,,False
92622488,501.5,WIN,False,63,12,MAIN,18,RESOURCE_MANAGEMENT,ABILITY,,ABILITY,2,0,121,320,320,2,False,5,3,True,True,1,1,0,431,280,5,431,280,5,False,False,,,False
92622488,501.5,WIN,False,64,12,TO_HAND,2,RESOURCE_MANAGEMENT,,,CARD,0,0,121,320,320,2,False,5,3,False,True,1,1,0,431,280,5,431,280,5,False,False,,,False
92622488,501.5,WIN,False,65,12,MAIN,17,RESOURCE_MANAGEMENT,ABILITY,,ABILITY,2,0,121,320,320,2,False,5,3,True,True,1,1,0,431,280,5,431,280,5,False,False,,,False
92622488,501.5,WIN,False,66,12,TO_HAND,2,RESOURCE_MANAGEMENT,,,CARD,0,0,121,320,320,2,False,5,3,False,True,1,1,0,431,280,5,431,280,5,False,False,,,False
92622488,501.5,WIN,False,67,12,MAIN,17,RESOURCE_MANAGEMENT,PLAY_ITEM,1120,PLAY,2,0,121,320,320,2,False,5,3,True,True,1,1,0,431,280,5,431,280,5,False,False,,,False
92622488,501.5,WIN,False,68,12,DISCARD_ENERGY,5,ENERGY_MANAGEMENT,,,ENERGY,0,0,121,320,320,2,False,5,3,False,True,1,1,0,431,280,5,431,280,5,False,False,,,False
92622488,501.5,WIN,False,69,12,MAIN,16,RESOURCE_MANAGEMENT,PLAY_SUPPORTER,1210,PLAY,2,0,121,320,320,2,False,5,3,True,True,1,1,0,431,280,5,431,280,5,False,False,,,False
92622488,501.5,WIN,False,70,12,TO_HAND,6,RESOURCE_MANAGEMENT,,,CARD,0,0,121,320,320,2,False,5,3,False,True,1,1,0,431,280,5,431,280,5,False,False,,,False
92622488,501.5,WIN,False,71,12,MAIN,14,BENCH_MANAGEMENT,EVOLVE,,EVOLVE,2,0,121,320,320,2,False,5,3,True,True,1,1,0,431,280,5,431,280,5,False,False,,,False
92622488,501.5,WIN,False,72,12,MAIN,12,ENERGY_MANAGEMENT,ATTACH_ENERGY,,ATTACH,2,0,121,320,320,2,False,5,3,True,True,1,1,0,431,280,5,431,280,5,False,False,,,False
92622488,501.5,WIN,False,73,12,MAIN,6,ATTACK_SELECTION,ATTACK,,ATTACK,2,1,121,320,320,2,False,5,3,True,True,1,1,1,431,280,5,431,80,5,False,False,,,False
92622488,501.5,WIN,False,74,12,DAMAGE_COUNTER_ANY,4,TARGET_SELECTION,,,CARD,0,0,121,320,320,2,False,5,3,False,True,1,1,1,431,80,5,431,80,5,False,False,,,False
92622488,501.5,WIN,False,75,12,DAMAGE_COUNTER_ANY,4,TARGET_SELECTION,,,CARD,0,0,121,320,320,2,False,5,3,False,True,1,1,1,431,80,5,431,80,5,False,False,,,False
92622488,501.5,WIN,False,76,12,DAMAGE_COUNTER_ANY,4,TARGET_SELECTION,,,CARD,0,0,121,320,320,2,False,5,3,False,True,1,1,1,431,80,5,431,80,5,False,False,,,False
92622488,501.5,WIN,False,77,12,DAMAGE_COUNTER_ANY,4,TARGET_SELECTION,,,CARD,0,0,121,320,320,2,False,5,3,False,True,1,1,1,431,80,5,431,80,5,False,False,,,False
92622488,501.5,WIN,False,78,12,DAMAGE_COUNTER_ANY,4,TARGET_SELECTION,,,CARD,0,0,121,320,320,2,False,5,3,False,True,1,1,1,431,80,5,431,80,5,False,False,,,False
92622488,501.5,WIN,False,79,12,DAMAGE_COUNTER_ANY,4,TARGET_SELECTION,,,,0,0,121,320,320,2,False,5,3,False,True,1,1,1,431,80,5,431,80,5,False,False,,,False
92622488,501.5,WIN,False,80,14,MAIN,12,RESOURCE_MANAGEMENT,PLAY_ITEM,1121,PLAY,2,0,121,320,320,2,False,5,3,True,True,1,1,1,431,80,5,431,80,5,False,False,,,False
92622488,501.5,WIN,False,81,14,DISCARD,7,RESOURCE_MANAGEMENT,,,CARD;CARD,0,0,121,320,320,2,False,5,3,False,True,1,1,1,431,80,5,431,80,5,False,False,,,False
92622488,501.5,WIN,False,82,14,TO_HAND,5,RESOURCE_MANAGEMENT,,,CARD,0,0,121,320,320,2,False,5,3,False,True,1,1,1,431,80,5,431,80,5,False,False,,,False
92622488,501.5,WIN,False,83,14,MAIN,10,RESOURCE_MANAGEMENT,ABILITY,,ABILITY,2,0,121,320,320,2,False,5,3,True,True,1,1,1,431,80,5,431,80,5,False,False,,,False
92622488,501.5,WIN,False,84,14,TO_HAND,2,RESOURCE_MANAGEMENT,,,CARD,0,0,121,320,320,2,False,5,3,False,True,1,1,1,431,80,5,431,80,5,False,False,,,False
92622488,501.5,WIN,False,85,14,MAIN,15,RESOURCE_MANAGEMENT,PLAY_SUPPORTER,1198,PLAY,2,0,121,320,320,2,False,5,3,True,True,1,1,1,431,80,5,431,80,5,False,False,,,False
92622488,501.5,WIN,False,86,14,TO_HAND,4,RESOURCE_MANAGEMENT,,,CARD,0,0,121,320,320,2,False,5,3,False,True,1,1,1,431,80,5,431,80,5,False,False,,,False
92622488,501.5,WIN,False,87,14,ATTACH_TO,2,ENERGY_MANAGEMENT,,,CARD,0,0,121,320,320,2,False,5,3,False,True,1,1,1,431,80,5,431,80,5,False,False,,,False
92622488,501.5,WIN,False,88,14,ATTACH_FROM,6,ENERGY_MANAGEMENT,,,CARD,0,0,121,320,320,2,False,5,3,False,True,1,1,1,431,80,5,431,80,5,False,False,,,False
92622488,501.5,WIN,False,89,14,MAIN,19,BENCH_MANAGEMENT,EVOLVE,,EVOLVE,2,0,121,320,320,2,False,5,3,True,True,1,1,1,431,80,5,431,80,5,False,False,,,False
92622488,501.5,WIN,False,90,14,MAIN,19,RESOURCE_MANAGEMENT,ABILITY,,ABILITY,2,0,121,320,320,2,False,5,3,True,True,1,1,1,431,80,5,431,80,5,False,False,,,False
92622488,501.5,WIN,False,91,14,TO_HAND,2,RESOURCE_MANAGEMENT,,,CARD,0,0,121,320,320,2,False,5,3,False,True,1,1,1,431,80,5,431,80,5,False,False,,,False
92622488,501.5,WIN,False,92,14,MAIN,18,ENERGY_MANAGEMENT,ATTACH_ENERGY,,ATTACH,2,0,121,320,320,2,False,5,3,True,True,1,1,1,431,80,5,431,80,5,False,False,,,False
92622488,501.5,WIN,False,93,14,MAIN,6,ATTACK_SELECTION,ATTACK,,ATTACK,2,1,121,320,320,2,False,5,3,True,True,1,1,1,431,80,5,431,0,5,False,False,,,False
92622488,501.5,WIN,False,94,14,DAMAGE_COUNTER_ANY,4,TARGET_SELECTION,,,CARD,0,0,121,320,320,2,False,5,3,False,True,1,1,1,431,0,5,431,0,5,False,False,,,False
92622488,501.5,WIN,False,95,14,DAMAGE_COUNTER_ANY,4,TARGET_SELECTION,,,CARD,0,0,121,320,320,2,False,5,3,False,True,1,1,1,431,0,5,431,0,5,False,False,,,False
92622488,501.5,WIN,False,96,14,DAMAGE_COUNTER_ANY,4,TARGET_SELECTION,,,CARD,0,0,121,320,320,2,False,5,3,False,True,1,1,1,431,0,5,431,0,5,False,False,,,False
92622488,501.5,WIN,False,97,14,DAMAGE_COUNTER_ANY,4,TARGET_SELECTION,,,CARD,0,0,121,320,320,2,False,5,3,False,True,1,1,1,431,0,5,431,0,5,False,False,,,False
92622488,501.5,WIN,False,98,14,DAMAGE_COUNTER_ANY,4,TARGET_SELECTION,,,CARD,0,0,121,320,320,2,False,5,3,False,True,1,1,1,431,0,5,431,0,5,False,False,,,False
92622488,501.5,WIN,False,99,14,DAMAGE_COUNTER_ANY,4,TARGET_SELECTION,,,CARD,0,0,121,320,320,2,False,5,3,False,True,1,1,1,431,0,5,,,5,False,False,,,False
92622488,501.5,WIN,False,100,14,TO_HAND,3,RESOURCE_MANAGEMENT,,,,0,0,121,320,320,2,False,5,3,False,True,1,1,1,,,5,401,60,5,,,,,False
92622488,501.5,WIN,False,101,16,MAIN,21,RESOURCE_MANAGEMENT,PLAY_ITEM,1121,PLAY,2,0,121,170,320,2,True,5,1,True,True,1,1,1,401,60,5,401,60,5,False,False,Rocket Rush,0,False
92622488,501.5,WIN,False,102,16,DISCARD,10,RESOURCE_MANAGEMENT,,,CARD;CARD,0,0,121,170,320,2,True,5,1,False,True,1,1,1,401,60,5,401,60,5,False,False,Rocket Rush,0,False
92622488,501.5,WIN,False,103,16,TO_HAND,4,RESOURCE_MANAGEMENT,,,CARD,0,0,121,170,320,2,True,5,1,False,True,1,1,1,401,60,5,401,60,5,False,False,Rocket Rush,0,False
92622488,501.5,WIN,False,104,16,MAIN,18,RESOURCE_MANAGEMENT,PLAY_ITEM,1120,PLAY,2,0,121,170,320,2,True,5,1,True,True,1,1,1,401,60,5,401,60,5,False,False,Rocket Rush,0,False
92622488,501.5,WIN,False,105,16,MAIN,17,RESOURCE_MANAGEMENT,ABILITY,,ABILITY,2,0,121,170,320,2,True,5,1,True,True,1,1,1,401,60,5,401,60,5,False,False,Rocket Rush,0,False
92622488,501.5,WIN,False,106,16,TO_HAND,2,RESOURCE_MANAGEMENT,,,CARD,0,0,121,170,320,2,True,5,1,False,True,1,1,1,401,60,5,401,60,5,False,False,Rocket Rush,0,False
92622488,501.5,WIN,False,107,16,MAIN,17,RESOURCE_MANAGEMENT,PLAY_ITEM,1120,PLAY,2,0,121,170,320,2,True,5,1,True,True,1,1,1,401,60,5,401,60,5,False,False,Rocket Rush,0,False
92622488,501.5,WIN,False,108,16,MAIN,16,RESOURCE_MANAGEMENT,ABILITY,,ABILITY,2,0,121,170,320,2,True,5,1,True,True,1,1,1,401,60,5,401,60,5,False,False,Rocket Rush,0,False
92622488,501.5,WIN,False,109,16,TO_HAND,2,RESOURCE_MANAGEMENT,,,CARD,0,0,121,170,320,2,True,5,1,False,True,1,1,1,401,60,5,401,60,5,False,False,Rocket Rush,0,False
92622488,501.5,WIN,False,110,16,MAIN,16,RESOURCE_MANAGEMENT,PLAY_SUPPORTER,1182,PLAY,2,0,121,170,320,2,True,5,1,True,True,1,1,1,401,60,5,401,60,5,False,False,Rocket Rush,0,False
92622488,501.5,WIN,False,111,16,SWITCH,4,ACTIVE_POKEMON_SELECTION,,,CARD,0,0,121,170,320,2,True,5,1,False,True,1,1,1,401,60,5,463,80,5,False,False,Rocket Rush,0,False
92622488,501.5,WIN,False,112,16,MAIN,12,ENERGY_MANAGEMENT,ATTACH_ENERGY,,ATTACH,2,0,121,170,320,2,True,5,1,True,True,1,1,1,463,80,5,463,80,5,False,False,,,False
92622488,501.5,WIN,False,113,16,MAIN,6,ATTACK_SELECTION,ATTACK,,ATTACK,2,1,121,170,320,2,True,5,1,True,True,1,1,1,463,80,5,463,0,5,False,False,,,False
92622488,501.5,WIN,False,114,16,DAMAGE_COUNTER_ANY,4,TARGET_SELECTION,,,CARD,0,0,121,170,320,2,True,5,1,False,True,1,1,1,463,0,5,463,0,5,False,False,,,False
92622488,501.5,WIN,False,115,16,DAMAGE_COUNTER_ANY,4,TARGET_SELECTION,,,CARD,0,0,121,170,320,2,True,5,1,False,True,1,1,1,463,0,5,463,0,5,False,False,,,False
92622488,501.5,WIN,False,116,16,DAMAGE_COUNTER_ANY,4,TARGET_SELECTION,,,CARD,0,0,121,170,320,2,True,5,1,False,True,1,1,1,463,0,5,463,0,5,False,False,,,False
92622488,501.5,WIN,False,117,16,DAMAGE_COUNTER_ANY,4,TARGET_SELECTION,,,CARD,0,0,121,170,320,2,True,5,1,False,True,1,1,1,463,0,5,463,0,5,False,False,,,False
92622488,501.5,WIN,False,118,16,DAMAGE_COUNTER_ANY,4,TARGET_SELECTION,,,CARD,0,0,121,170,320,2,True,5,1,False,True,1,1,1,463,0,5,463,0,5,False,False,,,False
92622488,501.5,WIN,False,119,16,DAMAGE_COUNTER_ANY,4,TARGET_SELECTION,,,CARD,0,0,121,170,320,2,True,5,1,False,True,1,1,1,463,0,5,,,5,False,False,,,False
92646729,595.2,WIN,True,0,,,0,UNKNOWN,,,,0,0,,,,,False,,,False,False,,,0,,,,,,,,,,,False
92646729,595.2,WIN,True,1,,,0,UNKNOWN,,,,0,0,,,,,False,,,False,False,,,0,,,,,,0,,,,,False
92646729,595.2,WIN,True,2,0,IS_FIRST,2,GOING_FIRST_SECOND,,,YES,0,0,,,,,False,0,0,False,False,,,0,,,0,,,0,,,,,False
92646729,595.2,WIN,True,3,0,SETUP_ACTIVE_POKEMON,3,EARLY_GAME_SETUP,,,,0,0,,,,,False,0,0,False,False,,,0,,,0,,,6,,,,,False
92646729,595.2,WIN,True,4,0,SETUP_BENCH_POKEMON,2,BENCH_MANAGEMENT,,,,0,0,,,,,False,0,6,False,False,,,0,,,6,677,80,6,,,,,False
92646729,595.2,WIN,True,5,1,MAIN,6,ENERGY_MANAGEMENT,ATTACH_ENERGY,,ATTACH,0,0,119,70,70,1,False,0,6,False,False,1,0,0,677,80,6,677,80,6,False,False,,,False
92646729,595.2,WIN,True,6,1,MAIN,5,RESOURCE_MANAGEMENT,PLAY_POKEMON,119,PLAY,0,0,119,70,70,1,False,0,6,False,False,1,0,0,677,80,6,677,80,6,False,False,,,False
92646729,595.2,WIN,True,7,1,MAIN,4,RESOURCE_MANAGEMENT,PLAY_POKEMON,119,PLAY,0,0,119,70,70,1,False,1,6,False,True,1,0,0,677,80,6,677,80,6,False,False,,,False
92646729,595.2,WIN,True,8,1,MAIN,3,RESOURCE_MANAGEMENT,PLAY_ITEM,1152,PLAY,0,0,119,70,70,1,False,2,6,False,True,1,0,0,677,80,6,677,80,6,False,False,,,False
92646729,595.2,WIN,True,9,1,TO_HAND,6,RESOURCE_MANAGEMENT,,,CARD,0,0,119,70,70,1,False,2,6,False,True,1,0,0,677,80,6,677,80,6,False,False,,,False
92646729,595.2,WIN,True,10,1,MAIN,2,TIMING,,,,0,0,119,70,70,1,False,2,6,False,True,1,0,0,677,80,6,677,80,6,False,False,,,False
92646729,595.2,WIN,True,11,3,MAIN,9,RESOURCE_MANAGEMENT,PLAY_POKEMON,119,PLAY,0,0,119,40,70,1,True,2,6,False,True,1,0,0,677,80,6,677,80,6,False,False,Accelerating Stab,30,False
92646729,595.2,WIN,True,12,3,MAIN,8,RESOURCE_MANAGEMENT,PLAY_ITEM,1152,PLAY,0,0,119,40,70,1,True,3,6,False,True,1,0,0,677,80,6,677,80,6,False,False,Accelerating Stab,30,False
92646729,595.2,WIN,True,13,3,TO_HAND,4,RESOURCE_MANAGEMENT,,,CARD,0,0,119,40,70,1,True,3,6,False,True,1,0,0,677,80,6,677,80,6,False,False,Accelerating Stab,30,False
92646729,595.2,WIN,True,14,3,MAIN,8,RESOURCE_MANAGEMENT,PLAY_POKEMON,235,PLAY,0,0,119,40,70,1,True,3,6,False,True,1,0,0,677,80,6,677,80,6,False,False,Accelerating Stab,30,False
92646729,595.2,WIN,True,15,3,MAIN,7,RESOURCE_MANAGEMENT,PLAY_ITEM,1120,PLAY,0,0,119,40,70,1,True,4,6,False,True,1,0,1,677,80,6,677,80,6,False,False,Accelerating Stab,30,False
92646729,595.2,WIN,True,16,3,MAIN,6,BENCH_MANAGEMENT,EVOLVE,,EVOLVE,0,0,119,40,70,1,True,4,6,False,True,1,0,1,677,80,6,677,80,6,False,False,Accelerating Stab,30,False
92646729,595.2,WIN,True,17,3,MAIN,4,RESOURCE_MANAGEMENT,ABILITY,,ABILITY,0,0,120,60,90,1,True,4,6,False,True,1,0,1,677,80,6,677,80,6,False,False,Accelerating Stab,30,True
92646729,595.2,WIN,True,18,3,TO_HAND,2,RESOURCE_MANAGEMENT,,,CARD,0,0,120,60,90,1,True,4,6,False,True,1,0,1,677,80,6,677,80,6,False,False,Accelerating Stab,30,False
92646729,595.2,WIN,True,19,3,MAIN,3,RESOURCE_MANAGEMENT,PLAY_SUPPORTER,1227,PLAY,0,0,120,60,90,1,True,4,6,False,True,1,0,1,677,80,6,677,80,6,False,False,Accelerating Stab,30,False
92646729,595.2,WIN,True,20,3,MAIN,9,ENERGY_MANAGEMENT,ATTACH_ENERGY,,ATTACH,0,0,120,60,90,1,True,4,6,False,True,1,0,1,677,80,6,677,80,6,False,False,Accelerating Stab,30,False
92646729,595.2,WIN,True,21,3,MAIN,4,TIMING,,,,0,0,120,60,90,1,True,4,6,False,True,1,0,1,677,80,6,678,340,5,False,False,Accelerating Stab,30,False
92646729,595.2,WIN,True,22,4,TO_ACTIVE,4,ACTIVE_POKEMON_SELECTION,,,CARD,0,0,,,,,False,4,6,False,True,,,1,678,340,5,678,340,5,,,,,True
92646729,595.2,WIN,True,23,5,MAIN,12,RESOURCE_MANAGEMENT,PLAY_ITEM,1079,PLAY,1,0,235,30,30,1,False,3,6,True,True,0,0,0,678,340,5,678,340,5,True,False,Mega Brave,270,False
92646729,595.2,WIN,True,24,5,EVOLVE,3,BENCH_MANAGEMENT,,,EVOLVE,0,0,235,30,30,1,False,3,6,False,True,0,0,0,678,340,5,678,340,5,True,False,Mega Brave,270,False
92646729,595.2,WIN,True,25,5,MAIN,11,RESOURCE_MANAGEMENT,PLAY_ITEM,1152,PLAY,1,0,235,30,30,1,False,3,6,True,True,0,0,1,678,340,5,678,340,5,True,False,Mega Brave,270,False
92646729,595.2,WIN,True,26,5,TO_HAND,3,RESOURCE_MANAGEMENT,,,CARD,0,0,235,30,30,1,False,3,6,False,True,0,0,1,678,340,5,678,340,5,True,False,Mega Brave,270,False
92646729,595.2,WIN,True,27,5,MAIN,12,RESOURCE_MANAGEMENT,PLAY_SUPPORTER,1198,PLAY,1,0,235,30,30,1,False,3,6,True,True,0,0,1,678,340,5,678,340,5,True,False,Mega Brave,270,False
92646729,595.2,WIN,True,28,5,TO_HAND,6,RESOURCE_MANAGEMENT,,,CARD,0,0,235,30,30,1,False,3,6,False,True,0,0,1,678,340,5,678,340,5,True,False,Mega Brave,270,False
92646729,595.2,WIN,True,29,5,ATTACH_TO,4,ENERGY_MANAGEMENT,,,CARD,0,0,235,30,30,1,False,3,6,False,True,0,0,1,678,340,5,678,340,5,True,False,Mega Brave,270,False
92646729,595.2,WIN,True,30,5,ATTACH_FROM,4,ENERGY_MANAGEMENT,,,CARD,0,0,235,30,30,1,False,3,6,False,True,0,0,1,678,340,5,678,340,5,True,False,Mega Brave,270,False
92646729,595.2,WIN,True,31,5,MAIN,13,BENCH_MANAGEMENT,EVOLVE,,EVOLVE,1,0,235,30,30,1,False,3,6,True,True,0,0,1,678,340,5,678,340,5,True,False,Mega Brave,270,False
92646729,595.2,WIN,True,32,5,MAIN,12,RESOURCE_MANAGEMENT,ABILITY,,ABILITY,1,0,235,30,30,1,False,3,6,True,True,0,0,1,678,340,5,678,340,5,True,False,Mega Brave,270,False
92646729,595.2,WIN,True,33,5,TO_HAND,2,RESOURCE_MANAGEMENT,,,CARD,0,0,235,30,30,1,False,3,6,False,True,0,0,1,678,340,5,678,340,5,True,False,Mega Brave,270,False
92646729,595.2,WIN,True,34,5,MAIN,12,RESOURCE_MANAGEMENT,PLAY_POKEMON,184,PLAY,1,0,235,30,30,1,False,3,6,True,True,0,0,1,678,340,5,678,340,5,True,False,Mega Brave,270,False
92646729,595.2,WIN,True,35,5,MAIN,12,ENERGY_MANAGEMENT,ATTACH_ENERGY,,ATTACH,1,0,235,30,30,1,False,4,6,True,True,0,0,1,678,340,5,678,340,5,True,False,Mega Brave,270,False
92646729,595.2,WIN,True,36,5,MAIN,7,RESOURCE_MANAGEMENT,PLAY_ITEM,1080,PLAY,1,0,235,30,30,1,False,4,6,True,True,0,0,1,678,340,5,678,340,5,True,False,Mega Brave,270,False
92646729,595.2,WIN,True,37,5,MAIN,6,RESOURCE_MANAGEMENT,PLAY_ITEM,1097,PLAY,1,0,235,30,30,1,False,4,6,True,True,0,0,1,678,340,5,678,340,5,True,False,Mega Brave,270,False
92646729,595.2,WIN,True,38,5,TO_HAND,2,RESOURCE_MANAGEMENT,,,CARD,0,0,235,30,30,1,False,4,6,False,True,0,0,1,678,340,5,678,340,5,True,False,Mega Brave,270,False
92646729,595.2,WIN,True,39,5,MAIN,6,RESOURCE_MANAGEMENT,PLAY_POKEMON,119,PLAY,1,0,235,30,30,1,False,4,6,True,True,0,0,1,678,340,5,678,340,5,True,False,Mega Brave,270,False
92646729,595.2,WIN,True,40,5,MAIN,4,BENCH_MANAGEMENT,EVOLVE,,EVOLVE,1,0,235,30,30,1,False,5,6,True,True,0,0,1,678,340,5,678,340,5,True,False,Mega Brave,270,False
92646729,595.2,WIN,True,41,5,MAIN,4,RESOURCE_MANAGEMENT,ABILITY,,ABILITY,1,0,235,30,30,1,False,5,6,True,True,0,0,1,678,340,5,678,340,5,True,False,Mega Brave,270,False
92646729,595.2,WIN,True,42,5,TO_HAND,2,RESOURCE_MANAGEMENT,,,CARD,0,0,235,30,30,1,False,5,6,False,True,0,0,1,678,340,5,678,340,5,True,False,Mega Brave,270,False
92646729,595.2,WIN,True,43,5,MAIN,3,RETREAT_SELECTION,RETREAT,,RETREAT,1,0,235,30,30,1,False,5,6,True,True,0,0,1,678,340,5,678,340,5,True,False,Mega Brave,270,False
92646729,595.2,WIN,True,44,5,SWITCH,5,ACTIVE_POKEMON_SELECTION,,,CARD,0,0,235,30,30,1,False,5,6,False,True,0,0,1,678,340,5,678,340,5,True,False,Mega Brave,270,False
92646729,595.2,WIN,True,45,5,MAIN,3,ATTACK_SELECTION,ATTACK,,ATTACK,2,1,121,320,320,2,False,5,6,False,True,1,1,1,678,340,5,678,140,5,False,False,Mega Brave,270,True
92646729,595.2,WIN,True,46,5,DAMAGE_COUNTER_ANY,5,TARGET_SELECTION,,,CARD,0,0,121,320,320,2,False,5,6,False,True,1,1,1,678,140,5,678,140,5,False,False,Mega Brave,270,False
92646729,595.2,WIN,True,47,5,DAMAGE_COUNTER_ANY,5,TARGET_SELECTION,,,CARD,0,0,121,320,320,2,False,5,6,False,True,1,1,1,678,140,5,678,140,5,False,False,Mega Brave,270,False
92646729,595.2,WIN,True,48,5,DAMAGE_COUNTER_ANY,5,TARGET_SELECTION,,,CARD,0,0,121,320,320,2,False,5,6,False,True,1,1,1,678,140,5,678,140,5,False,False,Mega Brave,270,False
92646729,595.2,WIN,True,49,5,DAMAGE_COUNTER_ANY,5,TARGET_SELECTION,,,CARD,0,0,121,320,320,2,False,5,6,False,True,1,1,1,678,140,5,678,140,5,False,False,Mega Brave,270,False
92646729,595.2,WIN,True,50,5,DAMAGE_COUNTER_ANY,5,TARGET_SELECTION,,,CARD,0,0,121,320,320,2,False,5,6,False,True,1,1,1,678,140,5,678,140,5,False,False,Mega Brave,270,False
92646729,595.2,WIN,True,51,5,DAMAGE_COUNTER_ANY,5,TARGET_SELECTION,,,,0,0,121,320,320,2,False,5,6,False,True,1,1,1,678,140,5,678,140,5,False,False,Mega Brave,270,False
92646729,595.2,WIN,True,52,7,MAIN,16,BENCH_MANAGEMENT,EVOLVE,,EVOLVE,2,0,121,190,320,2,True,5,6,True,True,1,1,1,678,140,5,678,140,5,True,False,Mega Brave,270,False
92646729,595.2,WIN,True,53,7,MAIN,13,RESOURCE_MANAGEMENT,ABILITY,,ABILITY,2,0,121,190,320,2,True,5,6,True,True,1,1,2,678,140,5,678,140,5,True,False,Mega Brave,270,False
92646729,595.2,WIN,True,54,7,TO_HAND,2,RESOURCE_MANAGEMENT,,,CARD,0,0,121,190,320,2,True,5,6,False,True,1,1,2,678,140,5,678,140,5,True,False,Mega Brave,270,False
92646729,595.2,WIN,True,55,7,MAIN,13,RESOURCE_MANAGEMENT,PLAY_SUPPORTER,1210,PLAY,2,0,121,190,320,2,True,5,6,True,True,1,1,2,678,140,5,678,140,5,True,False,Mega Brave,270,False
92646729,595.2,WIN,True,56,7,TO_HAND,1,RESOURCE_MANAGEMENT,,,CARD,0,0,121,190,320,2,True,5,6,False,True,1,1,2,678,140,5,678,140,5,True,False,Mega Brave,270,False
92646729,595.2,WIN,True,57,7,MAIN,11,ENERGY_MANAGEMENT,ATTACH_ENERGY,,ATTACH,2,0,121,190,320,2,True,5,6,True,True,1,1,2,678,140,5,678,140,5,True,False,Mega Brave,270,False
92646729,595.2,WIN,True,58,7,MAIN,5,ATTACK_SELECTION,ATTACK,,ATTACK,2,1,121,190,320,2,True,5,6,True,True,1,1,2,678,140,5,678,0,5,True,False,Mega Brave,270,False
92646729,595.2,WIN,True,59,7,DAMAGE_COUNTER_ANY,5,TARGET_SELECTION,,,CARD,0,0,121,190,320,2,True,5,6,False,True,1,1,2,678,0,5,678,0,5,True,False,Mega Brave,270,False
92646729,595.2,WIN,True,60,7,DAMAGE_COUNTER_ANY,5,TARGET_SELECTION,,,CARD,0,0,121,190,320,2,True,5,6,False,True,1,1,2,678,0,5,678,0,5,True,False,Mega Brave,270,False
92646729,595.2,WIN,True,61,7,DAMAGE_COUNTER_ANY,5,TARGET_SELECTION,,,CARD,0,0,121,190,320,2,True,5,6,False,True,1,1,2,678,0,5,678,0,5,True,False,Mega Brave,270,False
92646729,595.2,WIN,True,62,7,DAMAGE_COUNTER_ANY,5,TARGET_SELECTION,,,CARD,0,0,121,190,320,2,True,5,6,False,True,1,1,2,678,0,5,678,0,5,True,False,Mega Brave,270,False
92646729,595.2,WIN,True,63,7,DAMAGE_COUNTER_ANY,5,TARGET_SELECTION,,,CARD,0,0,121,190,320,2,True,5,6,False,True,1,1,2,678,0,5,678,0,5,True,False,Mega Brave,270,False
92646729,595.2,WIN,True,64,7,DAMAGE_COUNTER_ANY,5,TARGET_SELECTION,,,CARD,0,0,121,190,320,2,True,5,6,False,True,1,1,2,678,0,5,,,5,True,False,Mega Brave,270,False
92646729,595.2,WIN,True,65,7,TO_HAND,6,RESOURCE_MANAGEMENT,,,CARD;CARD;CARD,0,0,121,190,320,2,True,5,6,False,True,1,1,2,,,5,,,5,,,,,False
92646729,595.2,WIN,True,66,7,TO_HAND,3,RESOURCE_MANAGEMENT,,,,0,0,121,190,320,2,True,5,3,False,True,1,1,2,,,5,678,440,3,,,,,False
92646729,595.2,WIN,True,67,8,TO_ACTIVE,5,ACTIVE_POKEMON_SELECTION,,,CARD,0,0,,,,,False,5,2,False,True,,,2,678,440,3,678,440,3,,,,,True
92646729,595.2,WIN,True,68,9,MAIN,17,BENCH_MANAGEMENT,EVOLVE,,EVOLVE,1,0,235,30,30,1,False,4,2,True,True,0,0,1,678,440,3,678,440,3,True,False,Mega Brave,270,False
92646729,595.2,WIN,True,69,9,MAIN,15,RESOURCE_MANAGEMENT,PLAY_POKEMON,1071,PLAY,1,0,235,30,30,1,False,4,2,True,True,0,0,1,678,440,3,678,440,3,True,False,Mega Brave,270,False
92646729,595.2,WIN,True,70,9,ACTIVATE,2,RESOURCE_MANAGEMENT,,,YES,0,0,235,30,30,1,False,5,2,False,True,0,0,1,678,440,3,678,440,3,True,False,Mega Brave,270,False
92646729,595.2,WIN,True,71,9,TO_HAND,8,RESOURCE_MANAGEMENT,,,CARD,0,0,235,30,30,1,False,5,2,False,True,0,0,1,678,440,3,678,440,3,True,False,Mega Brave,270,False
92646729,595.2,WIN,True,72,9,MAIN,13,RESOURCE_MANAGEMENT,PLAY_SUPPORTER,1182,PLAY,1,0,235,30,30,1,False,5,2,True,True,0,0,1,678,440,3,678,440,3,True,False,Mega Brave,270,False
92646729,595.2,WIN,True,73,9,SWITCH,4,ACTIVE_POKEMON_SELECTION,,,CARD,0,0,235,30,30,1,False,5,2,False,True,0,0,1,678,440,3,675,110,3,True,False,Mega Brave,270,False
92646729,595.2,WIN,True,74,9,MAIN,10,BENCH_MANAGEMENT,EVOLVE,,EVOLVE,1,0,235,30,30,1,False,5,2,True,True,0,0,1,675,110,3,675,110,3,False,False,,,False
92646729,595.2,WIN,True,75,9,MAIN,10,RESOURCE_MANAGEMENT,ABILITY,,ABILITY,1,0,235,30,30,1,False,5,2,True,True,0,0,1,675,110,3,675,110,3,False,False,,,False
92646729,595.2,WIN,True,76,9,TO_HAND,2,RESOURCE_MANAGEMENT,,,CARD,0,0,235,30,30,1,False,5,2,False,True,0,0,1,675,110,3,675,110,3,False,False,,,False
92646729,595.2,WIN,True,77,9,MAIN,15,ENERGY_MANAGEMENT,ATTACH_ENERGY,,ATTACH,1,0,235,30,30,1,False,5,2,True,True,0,0,1,675,110,3,675,110,3,False,False,,,False
92646729,595.2,WIN,True,78,9,MAIN,3,RETREAT_SELECTION,RETREAT,,RETREAT,1,0,235,30,30,1,False,5,2,True,True,0,0,2,675,110,3,675,110,3,False,False,,,False
92646729,595.2,WIN,True,79,9,SWITCH,5,ACTIVE_POKEMON_SELECTION,,,CARD,0,0,235,30,30,1,False,5,2,False,True,0,0,2,675,110,3,675,110,3,False,False,,,False
92646729,595.2,WIN,True,80,9,MAIN,3,ATTACK_SELECTION,ATTACK,,ATTACK,2,1,121,320,320,2,False,5,2,False,True,1,1,2,675,110,3,675,0,3,False,False,,,True
92646729,595.2,WIN,True,81,9,DAMAGE_COUNTER_ANY,4,TARGET_SELECTION,,,CARD,0,0,121,320,320,2,False,5,2,False,True,1,1,2,675,0,3,675,0,3,False,False,,,False
92646729,595.2,WIN,True,82,9,DAMAGE_COUNTER_ANY,4,TARGET_SELECTION,,,CARD,0,0,121,320,320,2,False,5,2,False,True,1,1,2,675,0,3,675,0,3,False,False,,,False
92646729,595.2,WIN,True,83,9,DAMAGE_COUNTER_ANY,4,TARGET_SELECTION,,,CARD,0,0,121,320,320,2,False,5,2,False,True,1,1,2,675,0,3,675,0,3,False,False,,,False
92646729,595.2,WIN,True,84,9,DAMAGE_COUNTER_ANY,4,TARGET_SELECTION,,,CARD,0,0,121,320,320,2,False,5,2,False,True,1,1,2,675,0,3,675,0,3,False,False,,,False
92646729,595.2,WIN,True,85,9,DAMAGE_COUNTER_ANY,4,TARGET_SELECTION,,,CARD,0,0,121,320,320,2,False,5,2,False,True,1,1,2,675,0,3,675,0,3,False,False,,,False
92646729,595.2,WIN,True,86,9,DAMAGE_COUNTER_ANY,4,TARGET_SELECTION,,,CARD,0,0,121,320,320,2,False,5,2,False,True,1,1,2,675,0,3,,,3,False,False,,,False
92646729,595.2,WIN,True,87,9,TO_HAND,2,RESOURCE_MANAGEMENT,,,CARD,0,0,121,320,320,2,False,5,2,False,True,1,1,2,,,3,,,3,,,,,False
92656626,801.8,LOSS,False,0,,,0,UNKNOWN,,,,0,0,,,,,False,,,False,False,,,0,,,,,,,,,,,False
92656626,801.8,LOSS,False,1,,,0,UNKNOWN,,,,0,0,,,,,False,,,False,False,,,0,,,,,,0,,,,,False
92656626,801.8,LOSS,False,2,0,SETUP_ACTIVE_POKEMON,1,EARLY_GAME_SETUP,,,,0,0,,,,,False,0,0,False,False,,,0,,,0,343,80,6,,,,,False
92656626,801.8,LOSS,False,3,2,MAIN,5,RESOURCE_MANAGEMENT,PLAY_ITEM,1152,PLAY,0,0,1071,170,170,2,False,0,6,False,False,1,0,0,343,80,6,343,80,6,False,False,,,False
92656626,801.8,LOSS,False,4,2,TO_HAND,8,RESOURCE_MANAGEMENT,,,CARD,0,0,1071,170,170,2,False,0,6,False,False,1,0,0,343,80,6,343,80,6,False,False,,,False
92656626,801.8,LOSS,False,5,2,MAIN,5,RESOURCE_MANAGEMENT,PLAY_POKEMON,235,PLAY,0,0,1071,170,170,2,False,0,6,False,False,1,0,0,343,80,6,343,80,6,False,False,,,False
92656626,801.8,LOSS,False,6,2,MAIN,5,RESOURCE_MANAGEMENT,PLAY_SUPPORTER,1198,PLAY,0,0,1071,170,170,2,False,1,6,False,True,1,0,1,343,80,6,343,80,6,False,False,,,False
92656626,801.8,LOSS,False,7,2,TO_HAND,7,RESOURCE_MANAGEMENT,,,CARD,0,0,1071,170,170,2,False,1,6,False,True,1,0,1,343,80,6,343,80,6,False,False,,,False
92656626,801.8,LOSS,False,8,2,ATTACH_TO,4,ENERGY_MANAGEMENT,,,CARD,0,0,1071,170,170,2,False,1,6,False,True,1,0,1,343,80,6,343,80,6,False,False,,,False
92656626,801.8,LOSS,False,9,2,ATTACH_FROM,2,ENERGY_MANAGEMENT,,,CARD,0,0,1071,170,170,2,False,1,6,False,True,1,0,1,343,80,6,343,80,6,False,False,,,False
92656626,801.8,LOSS,False,10,2,MAIN,7,RESOURCE_MANAGEMENT,PLAY_ITEM,1121,PLAY,0,0,1071,170,170,2,False,1,6,True,True,1,1,1,343,80,6,343,80,6,False,False,,,False
92656626,801.8,LOSS,False,11,2,DISCARD,5,RESOURCE_MANAGEMENT,,,CARD;CARD,0,0,1071,170,170,2,False,1,6,False,True,1,1,1,343,80,6,343,80,6,False,False,,,False
92656626,801.8,LOSS,False,12,2,TO_HAND,12,RESOURCE_MANAGEMENT,,,CARD,0,0,1071,170,170,2,False,1,6,False,True,1,1,1,343,80,6,343,80,6,False,False,,,False
92656626,801.8,LOSS,False,13,2,MAIN,6,RESOURCE_MANAGEMENT,PLAY_POKEMON,184,PLAY,0,0,1071,170,170,2,False,1,6,True,True,1,1,1,343,80,6,343,80,6,False,False,,,False
92656626,801.8,LOSS,False,14,2,MAIN,6,RETREAT_SELECTION,RETREAT,,RETREAT,0,0,1071,170,170,2,False,2,6,True,True,1,1,1,343,80,6,343,80,6,False,False,,,False
92656626,801.8,LOSS,False,15,2,SWITCH,2,ACTIVE_POKEMON_SELECTION,,,CARD,0,0,1071,170,170,2,False,2,6,False,True,1,1,1,343,80,6,343,80,6,False,False,,,False
92656626,801.8,LOSS,False,16,2,MAIN,6,TIMING,,,,1,0,235,30,30,1,False,2,6,False,True,0,0,0,343,80,6,343,70,6,False,False,,,True
92656626,801.8,LOSS,False,17,4,MAIN,9,RESOURCE_MANAGEMENT,PLAY_ITEM,1120,PLAY,1,0,235,30,30,1,False,2,6,True,True,0,0,0,343,70,6,343,70,6,False,False,,,False
92656626,801.8,LOSS,False,18,4,MAIN,8,RESOURCE_MANAGEMENT,PLAY_SUPPORTER,1198,PLAY,1,0,235,30,30,1,False,2,6,True,True,0,0,0,343,70,6,343,70,6,False,False,,,False
92656626,801.8,LOSS,False,19,4,TO_HAND,5,RESOURCE_MANAGEMENT,,,CARD,0,0,235,30,30,1,False,2,6,False,True,0,0,0,343,70,6,343,70,6,False,False,,,False
92656626,801.8,LOSS,False,20,4,ATTACH_TO,3,ENERGY_MANAGEMENT,,,CARD,0,0,235,30,30,1,False,2,6,False,True,0,0,0,343,70,6,343,70,6,False,False,,,False
92656626,801.8,LOSS,False,21,4,ATTACH_FROM,3,ENERGY_MANAGEMENT,,,CARD,0,0,235,30,30,1,False,2,6,False,True,0,0,0,343,70,6,343,70,6,False,False,,,False
92656626,801.8,LOSS,False,22,4,MAIN,10,TIMING,,,,1,0,235,30,30,1,False,2,6,True,True,0,0,0,343,70,6,743,140,4,False,False,,,False
92656626,801.8,LOSS,False,23,5,TO_ACTIVE,2,ACTIVE_POKEMON_SELECTION,,,CARD,0,0,,,,,False,2,6,False,True,,,1,743,140,4,743,140,4,,,,,True
92656626,801.8,LOSS,False,24,6,MAIN,8,RESOURCE_MANAGEMENT,PLAY_ITEM,1097,PLAY,1,0,235,30,30,1,False,1,6,True,True,0,0,0,743,140,4,743,140,4,False,False,Powerful Hand,0,False
92656626,801.8,LOSS,False,25,6,TO_HAND,3,RESOURCE_MANAGEMENT,,,CARD,0,0,235,30,30,1,False,1,6,False,True,0,0,0,743,140,4,743,140,4,False,False,Powerful Hand,0,False
92656626,801.8,LOSS,False,26,6,MAIN,8,RESOURCE_MANAGEMENT,PLAY_POKEMON,1071,PLAY,1,0,235,30,30,1,False,1,6,True,True,0,0,0,743,140,4,743,140,4,False,False,Powerful Hand,0,False
92656626,801.8,LOSS,False,27,6,ACTIVATE,2,RESOURCE_MANAGEMENT,,,YES,0,0,235,30,30,1,False,2,6,False,True,0,0,0,743,140,4,743,140,4,False,False,Powerful Hand,0,False
92656626,801.8,LOSS,False,28,6,TO_HAND,10,RESOURCE_MANAGEMENT,,,CARD,0,0,235,30,30,1,False,2,6,False,True,0,0,0,743,140,4,743,140,4,False,False,Powerful Hand,0,False
92656626,801.8,LOSS,False,29,6,MAIN,10,RESOURCE_MANAGEMENT,PLAY_SUPPORTER,1227,PLAY,1,0,235,30,30,1,False,2,6,True,True,0,0,0,743,140,4,743,140,4,False,False,Powerful Hand,0,False
92656626,801.8,LOSS,False,30,6,MAIN,10,ENERGY_MANAGEMENT,ATTACH_ENERGY,,ATTACH,1,0,235,30,30,1,False,2,6,True,True,0,0,0,743,140,4,743,140,4,False,False,Powerful Hand,0,False
92656626,801.8,LOSS,False,31,6,MAIN,7,RESOURCE_MANAGEMENT,PLAY_POKEMON,119,PLAY,1,0,235,30,30,1,False,2,6,True,True,0,0,0,743,140,4,743,140,4,False,False,Powerful Hand,0,False
92656626,801.8,LOSS,False,32,6,MAIN,6,RESOURCE_MANAGEMENT,PLAY_ITEM,1086,PLAY,1,0,235,30,30,1,False,3,6,True,True,0,0,0,743,140,4,743,140,4,False,False,Powerful Hand,0,False
92656626,801.8,LOSS,False,33,6,TO_BENCH,2,BENCH_MANAGEMENT,,,CARD,0,0,235,30,30,1,False,3,6,False,True,0,0,0,743,140,4,743,140,4,False,False,Powerful Hand,0,False
92656626,801.8,LOSS,False,34,6,MAIN,5,TIMING,,,,1,0,235,30,30,1,False,4,6,True,True,0,0,0,743,140,4,743,130,3,False,False,Powerful Hand,0,False
92656626,801.8,LOSS,False,35,7,TO_ACTIVE,4,ACTIVE_POKEMON_SELECTION,,,CARD,0,0,,,,,False,4,6,False,True,,,0,743,130,3,743,130,3,,,,,True
92656626,801.8,LOSS,False,36,8,MAIN,8,RESOURCE_MANAGEMENT,PLAY_ITEM,1152,PLAY,0,0,119,70,70,1,False,3,6,True,True,1,0,0,743,130,3,743,130,3,False,False,Powerful Hand,0,False
92656626,801.8,LOSS,False,37,8,TO_HAND,4,RESOURCE_MANAGEMENT,,,CARD,0,0,119,70,70,1,False,3,6,False,True,1,0,0,743,130,3,743,130,3,False,False,Powerful Hand,0,False
92656626,801.8,LOSS,False,38,8,MAIN,8,RESOURCE_MANAGEMENT,PLAY_POKEMON,235,PLAY,0,0,119,70,70,1,False,3,6,True,True,1,0,0,743,130,3,743,130,3,False,False,Powerful Hand,0,False
92656626,801.8,LOSS,False,39,8,MAIN,7,RESOURCE_MANAGEMENT,PLAY_SUPPORTER,1198,PLAY,0,0,119,70,70,1,False,4,6,True,True,1,0,1,743,130,3,743,130,3,False,False,Powerful Hand,0,False
92656626,801.8,LOSS,False,40,8,TO_HAND,5,RESOURCE_MANAGEMENT,,,CARD,0,0,119,70,70,1,False,4,6,False,True,1,0,1,743,130,3,743,130,3,False,False,Powerful Hand,0,False
92656626,801.8,LOSS,False,41,8,ATTACH_TO,2,ENERGY_MANAGEMENT,,,CARD,0,0,119,70,70,1,False,4,6,False,True,1,0,1,743,130,3,743,130,3,False,False,Powerful Hand,0,False
92656626,801.8,LOSS,False,42,8,ATTACH_FROM,5,ENERGY_MANAGEMENT,,,CARD,0,0,119,70,70,1,False,4,6,False,True,1,0,1,743,130,3,743,130,3,False,False,Powerful Hand,0,False
92656626,801.8,LOSS,False,43,8,MAIN,11,BENCH_MANAGEMENT,EVOLVE,,EVOLVE,0,0,119,70,70,1,False,4,6,True,True,1,0,2,743,130,3,743,130,3,False,False,Powerful Hand,0,False
92656626,801.8,LOSS,False,44,8,MAIN,10,RESOURCE_MANAGEMENT,ABILITY,,ABILITY,0,0,119,70,70,1,False,4,6,True,True,1,0,1,743,130,3,743,130,3,False,False,Powerful Hand,0,False
92656626,801.8,LOSS,False,45,8,TO_HAND,2,RESOURCE_MANAGEMENT,,,CARD,0,0,119,70,70,1,False,4,6,False,True,1,0,1,743,130,3,743,130,3,False,False,Powerful Hand,0,False
92656626,801.8,LOSS,False,46,8,MAIN,9,ENERGY_MANAGEMENT,ATTACH_ENERGY,,ATTACH,0,0,119,70,70,1,False,4,6,True,True,1,0,1,743,130,3,743,130,3,False,False,Powerful Hand,0,False
92656626,801.8,LOSS,False,47,8,MAIN,4,RETREAT_SELECTION,RETREAT,,RETREAT,0,0,119,70,70,1,False,4,6,True,True,1,1,1,743,130,3,743,130,3,False,False,Powerful Hand,0,False
92656626,801.8,LOSS,False,48,8,SWITCH,4,ACTIVE_POKEMON_SELECTION,,,CARD,0,0,119,70,70,1,False,4,6,False,True,1,1,1,743,130,3,743,130,3,False,False,Powerful Hand,0,False
92656626,801.8,LOSS,False,49,8,MAIN,4,TIMING,,,,1,0,235,30,30,1,False,4,6,False,True,0,0,0,743,130,3,743,120,2,False,False,Powerful Hand,0,True
92656626,801.8,LOSS,False,50,9,TO_ACTIVE,4,ACTIVE_POKEMON_SELECTION,,,CARD,0,0,,,,,False,4,6,False,True,,,0,743,120,2,743,120,2,,,,,True
92656626,801.8,LOSS,False,51,10,MAIN,8,BENCH_MANAGEMENT,EVOLVE,,EVOLVE,0,0,120,90,90,1,False,3,6,True,True,1,1,0,743,120,2,743,120,2,False,False,Powerful Hand,0,False
92656626,801.8,LOSS,False,52,10,MAIN,7,RESOURCE_MANAGEMENT,PLAY_SUPPORTER,1210,PLAY,1,0,121,320,320,2,False,3,6,True,True,1,1,0,743,120,2,743,120,2,False,False,Powerful Hand,0,True
92656626,801.8,LOSS,False,53,10,TO_HAND,5,RESOURCE_MANAGEMENT,,,CARD,0,0,121,320,320,2,False,3,6,False,True,1,1,0,743,120,2,743,120,2,False,False,Powerful Hand,0,False
92656626,801.8,LOSS,False,54,10,MAIN,7,RESOURCE_MANAGEMENT,PLAY_POKEMON,140,PLAY,1,0,121,320,320,2,False,3,6,True,True,1,1,0,743,120,2,743,120,2,False,False,Powerful Hand,0,False
92656626,801.8,LOSS,False,55,10,MAIN,7,RESOURCE_MANAGEMENT,ABILITY,,ABILITY,1,0,121,320,320,2,False,4,6,True,True,1,1,0,743,120,2,743,120,2,False,False,Powerful Hand,0,False
92656626,801.8,LOSS,False,56,10,MAIN,13,BENCH_MANAGEMENT,EVOLVE,,EVOLVE,1,0,121,320,320,2,False,4,6,True,True,1,1,0,743,120,2,743,120,2,False,False,Powerful Hand,0,False
92656626,801.8,LOSS,False,57,10,MAIN,12,RESOURCE_MANAGEMENT,ABILITY,,ABILITY,1,0,121,320,320,2,False,4,6,True,True,1,1,0,743,120,2,743,120,2,False,False,Powerful Hand,0,False
92656626,801.8,LOSS,False,58,10,TO_HAND,2,RESOURCE_MANAGEMENT,,,CARD,0,0,121,320,320,2,False,4,6,False,True,1,1,0,743,120,2,743,120,2,False,False,Powerful Hand,0,False
92656626,801.8,LOSS,False,59,10,MAIN,12,RESOURCE_MANAGEMENT,PLAY_ITEM,1120,PLAY,1,0,121,320,320,2,False,4,6,True,True,1,1,0,743,120,2,743,120,2,False,False,Powerful Hand,0,False
92656626,801.8,LOSS,False,60,10,MAIN,11,ENERGY_MANAGEMENT,ATTACH_ENERGY,,ATTACH,1,0,121,320,320,2,False,4,6,True,True,1,1,0,743,120,2,743,120,2,False,False,Powerful Hand,0,False
92656626,801.8,LOSS,False,61,10,MAIN,7,ATTACK_SELECTION,ATTACK,,ATTACK,2,1,121,320,320,2,False,4,6,True,True,1,1,0,743,120,2,743,0,2,False,False,Powerful Hand,0,False
92656626,801.8,LOSS,False,62,10,DAMAGE_COUNTER_ANY,5,TARGET_SELECTION,,,CARD,0,0,121,320,320,2,False,4,6,False,True,1,1,0,743,0,2,743,0,2,False,False,Powerful Hand,0,False
92656626,801.8,LOSS,False,63,10,DAMAGE_COUNTER_ANY,5,TARGET_SELECTION,,,CARD,0,0,121,320,320,2,False,4,6,False,True,1,1,0,743,0,2,743,0,2,False,False,Powerful Hand,0,False
92656626,801.8,LOSS,False,64,10,DAMAGE_COUNTER_ANY,5,TARGET_SELECTION,,,CARD,0,0,121,320,320,2,False,4,6,False,True,1,1,0,743,0,2,743,0,2,False,False,Powerful Hand,0,False
92656626,801.8,LOSS,False,65,10,DAMAGE_COUNTER_ANY,5,TARGET_SELECTION,,,CARD,0,0,121,320,320,2,False,4,6,False,True,1,1,0,743,0,2,743,0,2,False,False,Powerful Hand,0,False
92656626,801.8,LOSS,False,66,10,DAMAGE_COUNTER_ANY,5,TARGET_SELECTION,,,CARD,0,0,121,320,320,2,False,4,6,False,True,1,1,0,743,0,2,743,0,2,False,False,Powerful Hand,0,False
92656626,801.8,LOSS,False,67,10,DAMAGE_COUNTER_ANY,5,TARGET_SELECTION,,,CARD,0,0,121,320,320,2,False,4,6,False,True,1,1,0,743,0,2,,,2,False,False,Powerful Hand,0,False
92656626,801.8,LOSS,False,68,10,TO_HAND,6,RESOURCE_MANAGEMENT,,,CARD,0,0,121,320,320,2,False,4,6,False,True,1,1,0,,,2,,,2,,,,,False
92658834,613.2,WIN,True,0,,,0,UNKNOWN,,,,0,0,,,,,False,,,False,False,,,0,,,,,,,,,,,False
92658834,613.2,WIN,True,1,,,0,UNKNOWN,,,,0,0,,,,,False,,,False,False,,,0,,,,,,0,,,,,False
92658834,613.2,WIN,True,2,0,IS_FIRST,2,GOING_FIRST_SECOND,,,YES,0,0,,,,,False,0,0,False,False,,,0,,,0,,,0,,,,,False
92658834,613.2,WIN,True,3,0,SETUP_ACTIVE_POKEMON,2,EARLY_GAME_SETUP,,,,0,0,,,,,False,0,0,False,False,,,0,,,0,,,6,,,,,False
92658834,613.2,WIN,True,4,0,DRAW_COUNT,2,SEARCH_DECISION,,,NUMBER,0,0,,,,,False,0,6,False,False,,,0,,,6,,,6,,,,,False
92658834,613.2,WIN,True,5,0,SETUP_BENCH_POKEMON,1,BENCH_MANAGEMENT,,,,0,0,,,,,False,0,6,False,False,,,0,,,6,174,70,6,,,,,False
92658834,613.2,WIN,True,6,1,MAIN,5,RESOURCE_MANAGEMENT,PLAY_ITEM,1086,PLAY,0,0,119,70,70,1,False,0,6,False,False,1,0,0,174,70,6,174,70,6,False,True,,,False
92658834,613.2,WIN,True,7,1,TO_BENCH,4,BENCH_MANAGEMENT,,,CARD;CARD,0,0,119,70,70,1,False,0,6,False,False,1,0,0,174,70,6,174,70,6,False,True,,,False
92658834,613.2,WIN,True,8,1,MAIN,6,RESOURCE_MANAGEMENT,PLAY_ITEM,1152,PLAY,0,0,119,70,70,1,False,2,6,False,True,1,0,0,174,70,6,174,70,6,False,True,,,False
92658834,613.2,WIN,True,9,1,TO_HAND,5,RESOURCE_MANAGEMENT,,,CARD,0,0,119,70,70,1,False,2,6,False,True,1,0,0,174,70,6,174,70,6,False,True,,,False
92658834,613.2,WIN,True,10,1,MAIN,6,RESOURCE_MANAGEMENT,PLAY_POKEMON,119,PLAY,0,0,119,70,70,1,False,2,6,False,True,1,0,0,174,70,6,174,70,6,False,True,,,False
92658834,613.2,WIN,True,11,1,MAIN,6,ENERGY_MANAGEMENT,ATTACH_ENERGY,,ATTACH,0,0,119,70,70,1,False,3,6,False,True,1,0,0,174,70,6,174,70,6,False,True,,,False
92658834,613.2,WIN,True,12,1,MAIN,2,TIMING,,,,0,0,119,70,70,1,False,3,6,False,True,1,0,0,174,70,6,305,70,6,False,True,,,False
92658834,613.2,WIN,True,13,3,MAIN,9,RESOURCE_MANAGEMENT,PLAY_ITEM,1079,PLAY,0,0,119,70,70,1,False,3,6,False,True,1,0,0,305,70,6,305,70,6,False,False,,,False
92658834,613.2,WIN,True,14,3,EVOLVE,4,BENCH_MANAGEMENT,,,EVOLVE,0,0,119,70,70,1,False,3,6,False,True,1,0,0,305,70,6,305,70,6,False,False,,,False
92658834,613.2,WIN,True,15,3,MAIN,7,RESOURCE_MANAGEMENT,PLAY_ITEM,1152,PLAY,0,0,119,70,70,1,False,3,6,False,True,1,0,1,305,70,6,305,70,6,False,False,,,False
92658834,613.2,WIN,True,16,3,TO_HAND,4,RESOURCE_MANAGEMENT,,,CARD,0,0,119,70,70,1,False,3,6,False,True,1,0,1,305,70,6,305,70,6,False,False,,,False
92658834,613.2,WIN,True,17,3,MAIN,9,RESOURCE_MANAGEMENT,PLAY_ITEM,1120,PLAY,0,0,119,70,70,1,False,3,6,False,True,1,0,1,305,70,6,305,70,6,False,False,,,False
92658834,613.2,WIN,True,18,3,MAIN,8,BENCH_MANAGEMENT,EVOLVE,,EVOLVE,0,0,119,70,70,1,False,3,6,False,True,1,0,1,305,70,6,305,70,6,False,False,,,False
92658834,613.2,WIN,True,19,3,MAIN,5,RESOURCE_MANAGEMENT,ABILITY,,ABILITY,0,0,120,90,90,1,False,3,6,False,True,1,0,1,305,70,6,305,70,6,False,False,,,True
92658834,613.2,WIN,True,20,3,TO_HAND,2,RESOURCE_MANAGEMENT,,,CARD,0,0,120,90,90,1,False,3,6,False,True,1,0,1,305,70,6,305,70,6,False,False,,,False
92658834,613.2,WIN,True,21,3,MAIN,5,RESOURCE_MANAGEMENT,PLAY_SUPPORTER,1210,PLAY,0,0,120,90,90,1,False,3,6,False,True,1,0,1,305,70,6,305,70,6,False,False,,,False
92658834,613.2,WIN,True,22,3,TO_HAND,6,RESOURCE_MANAGEMENT,,,CARD,0,0,120,90,90,1,False,3,6,False,True,1,0,1,305,70,6,305,70,6,False,False,,,False
92658834,613.2,WIN,True,23,3,MAIN,6,BENCH_MANAGEMENT,EVOLVE,,EVOLVE,0,0,120,90,90,1,False,3,6,False,True,1,0,1,305,70,6,305,70,6,False,False,,,False
92658834,613.2,WIN,True,24,3,MAIN,4,RESOURCE_MANAGEMENT,ABILITY,,ABILITY,0,0,120,90,90,1,False,3,6,False,True,1,0,1,305,70,6,305,70,6,False,False,,,False
92658834,613.2,WIN,True,25,3,TO_HAND,2,RESOURCE_MANAGEMENT,,,CARD,0,0,120,90,90,1,False,3,6,False,True,1,0,1,305,70,6,305,70,6,False,False,,,False
92658834,613.2,WIN,True,26,3,MAIN,3,BENCH_MANAGEMENT,EVOLVE,,EVOLVE,0,0,120,90,90,1,False,3,6,False,True,1,0,1,305,70,6,305,70,6,False,False,,,False
92658834,613.2,WIN,True,27,3,MAIN,3,RESOURCE_MANAGEMENT,ABILITY,,ABILITY,0,0,120,90,90,1,False,3,6,False,True,1,0,1,305,70,6,305,70,6,False,False,,,False
92658834,613.2,WIN,True,28,3,TO_HAND,2,RESOURCE_MANAGEMENT,,,CARD,0,0,120,90,90,1,False,3,6,False,True,1,0,1,305,70,6,305,70,6,False,False,,,False
92658834,613.2,WIN,True,29,3,MAIN,6,ENERGY_MANAGEMENT,ATTACH_ENERGY,,ATTACH,0,0,120,90,90,1,False,3,6,False,True,1,0,1,305,70,6,305,70,6,False,False,,,False
92658834,613.2,WIN,True,30,3,MAIN,2,TIMING,,,,0,0,120,90,90,1,False,3,6,False,True,1,0,1,305,70,6,849,330,5,False,False,,,False
92658834,613.2,WIN,True,31,4,TO_ACTIVE,3,ACTIVE_POKEMON_SELECTION,,,CARD,0,0,,,,,False,3,6,False,True,,,1,849,330,5,849,330,5,,,,,True
92658834,613.2,WIN,True,32,5,MAIN,9,RESOURCE_MANAGEMENT,PLAY_POKEMON,140,PLAY,2,0,121,320,320,2,False,2,6,True,True,1,1,0,849,330,5,849,330,5,False,False,Spiky Hopper,160,False
92658834,613.2,WIN,True,33,5,MAIN,9,RESOURCE_MANAGEMENT,ABILITY,,ABILITY,2,0,121,320,320,2,False,3,6,True,True,1,1,0,849,330,5,849,330,5,False,False,Spiky Hopper,160,False
92658834,613.2,WIN,True,34,5,TO_HAND,2,RESOURCE_MANAGEMENT,,,CARD,0,0,121,320,320,2,False,3,6,False,True,1,1,0,849,330,5,849,330,5,False,False,Spiky Hopper,160,False
92658834,613.2,WIN,True,35,5,MAIN,8,RESOURCE_MANAGEMENT,ABILITY,,ABILITY,2,0,121,320,320,2,False,3,6,True,True,1,1,0,849,330,5,849,330,5,False,False,Spiky Hopper,160,False
92658834,613.2,WIN,True,36,5,TO_HAND,2,RESOURCE_MANAGEMENT,,,CARD,0,0,121,320,320,2,False,3,6,False,True,1,1,0,849,330,5,849,330,5,False,False,Spiky Hopper,160,False
92658834,613.2,WIN,True,37,5,MAIN,11,RESOURCE_MANAGEMENT,ABILITY,,ABILITY,2,0,121,320,320,2,False,3,6,True,True,1,1,0,849,330,5,849,330,5,False,False,Spiky Hopper,160,False
92658834,613.2,WIN,True,38,5,MAIN,13,ENERGY_MANAGEMENT,ATTACH_ENERGY,,ATTACH,2,0,121,320,320,2,False,3,6,True,True,1,1,0,849,330,5,849,330,5,False,False,Spiky Hopper,160,False
92658834,613.2,WIN,True,39,5,MAIN,9,RESOURCE_MANAGEMENT,PLAY_SUPPORTER,1227,PLAY,2,0,121,320,320,2,False,3,6,True,True,1,1,0,849,330,5,849,330,5,False,False,Spiky Hopper,160,False
92658834,613.2,WIN,True,40,5,MAIN,12,ENERGY_MANAGEMENT,ATTACH_ENERGY,,ATTACH,2,0,121,320,320,2,False,3,6,True,True,1,1,0,849,330,5,849,330,5,False,False,Spiky Hopper,160,False
92658834,613.2,WIN,True,41,5,MAIN,8,RESOURCE_MANAGEMENT,PLAY_ITEM,1121,PLAY,2,0,121,320,320,2,False,3,6,True,True,1,1,0,849,330,5,849,330,5,False,False,Spiky Hopper,160,False
92658834,613.2,WIN,True,42,5,DISCARD,6,RESOURCE_MANAGEMENT,,,CARD;CARD,0,0,121,320,320,2,False,3,6,False,True,1,1,0,849,330,5,849,330,5,False,False,Spiky Hopper,160,False
92658834,613.2,WIN,True,43,5,TO_HAND,4,RESOURCE_MANAGEMENT,,,CARD,0,0,121,320,320,2,False,3,6,False,True,1,1,0,849,330,5,849,330,5,False,False,Spiky Hopper,160,False
92658834,613.2,WIN,True,44,5,MAIN,7,BENCH_MANAGEMENT,EVOLVE,,EVOLVE,2,0,121,320,320,2,False,3,6,True,True,1,1,0,849,330,5,849,330,5,False,False,Spiky Hopper,160,False
92658834,613.2,WIN,True,45,5,MAIN,5,RESOURCE_MANAGEMENT,PLAY_ITEM,1120,PLAY,2,0,121,320,320,2,False,3,6,True,True,1,1,1,849,330,5,849,330,5,False,False,Spiky Hopper,160,False
92658834,613.2,WIN,True,46,5,DISCARD_ENERGY,2,ENERGY_MANAGEMENT,,,ENERGY,0,0,121,320,320,2,False,3,6,False,True,1,1,1,849,330,5,849,330,5,False,False,Spiky Hopper,160,False
92658834,613.2,WIN,True,47,5,MAIN,4,ATTACK_SELECTION,ATTACK,,ATTACK,2,1,121,320,320,2,False,3,6,True,True,1,1,1,849,330,5,849,130,5,False,False,Gale Thrust,60,False
92658834,613.2,WIN,True,48,5,DAMAGE_COUNTER_ANY,2,TARGET_SELECTION,,,CARD,0,0,121,320,320,2,False,3,6,False,True,1,1,1,849,130,5,849,130,5,False,False,Gale Thrust,60,False
92658834,613.2,WIN,True,49,5,DAMAGE_COUNTER_ANY,2,TARGET_SELECTION,,,CARD,0,0,121,320,320,2,False,3,6,False,True,1,1,1,849,130,5,849,130,5,False,False,Gale Thrust,60,False
92658834,613.2,WIN,True,50,5,DAMAGE_COUNTER_ANY,2,TARGET_SELECTION,,,CARD,0,0,121,320,320,2,False,3,6,False,True,1,1,1,849,130,5,849,130,5,False,False,Gale Thrust,60,False
92658834,613.2,WIN,True,51,5,DAMAGE_COUNTER_ANY,2,TARGET_SELECTION,,,CARD,0,0,121,320,320,2,False,3,6,False,True,1,1,1,849,130,5,849,130,5,False,False,Gale Thrust,60,False
92658834,613.2,WIN,True,52,5,DAMAGE_COUNTER_ANY,2,TARGET_SELECTION,,,CARD,0,0,121,320,320,2,False,3,6,False,True,1,1,1,849,130,5,849,130,5,False,False,Gale Thrust,60,False
92658834,613.2,WIN,True,53,5,DAMAGE_COUNTER_ANY,2,TARGET_SELECTION,,,,0,0,121,320,320,2,False,3,6,False,True,1,1,1,849,130,5,849,330,5,False,False,Gale Thrust,60,False
92658834,613.2,WIN,True,54,7,MAIN,12,RESOURCE_MANAGEMENT,ABILITY,,ABILITY,2,0,121,320,320,2,False,3,6,True,True,1,1,1,849,330,5,849,330,5,False,False,,,False
92658834,613.2,WIN,True,55,7,TO_HAND,2,RESOURCE_MANAGEMENT,,,CARD,0,0,121,320,320,2,False,3,6,False,True,1,1,1,849,330,5,849,330,5,False,False,,,False
92658834,613.2,WIN,True,56,7,MAIN,15,ENERGY_MANAGEMENT,ATTACH_ENERGY,,ATTACH,2,0,121,320,320,2,False,3,6,True,True,1,1,1,849,330,5,849,330,5,False,False,,,False
92658834,613.2,WIN,True,57,7,MAIN,7,RESOURCE_MANAGEMENT,PLAY_SUPPORTER,1227,PLAY,2,0,121,320,320,2,False,3,6,True,True,1,1,1,849,330,5,849,330,5,False,False,,,False
92658834,613.2,WIN,True,58,7,MAIN,8,RESOURCE_MANAGEMENT,PLAY_ITEM,1121,PLAY,2,0,121,320,320,2,False,3,6,True,True,1,1,1,849,330,5,849,330,5,False,False,,,False
92658834,613.2,WIN,True,59,7,DISCARD,7,RESOURCE_MANAGEMENT,,,CARD;CARD,0,0,121,320,320,2,False,3,6,False,True,1,1,1,849,330,5,849,330,5,False,False,,,False
92658834,613.2,WIN,True,60,7,TO_HAND,2,RESOURCE_MANAGEMENT,,,CARD,0,0,121,320,320,2,False,3,6,False,True,1,1,1,849,330,5,849,330,5,False,False,,,False
92658834,613.2,WIN,True,61,7,MAIN,6,ATTACK_SELECTION,ATTACK,,ATTACK,2,1,121,320,320,2,False,3,6,True,True,1,1,1,849,330,5,849,130,5,False,False,,,False
92658834,613.2,WIN,True,62,7,DAMAGE_COUNTER_ANY,2,TARGET_SELECTION,,,CARD,0,0,121,320,320,2,False,3,6,False,True,1,1,1,849,130,5,849,130,5,False,False,,,False
92658834,613.2,WIN,True,63,7,DAMAGE_COUNTER_ANY,2,TARGET_SELECTION,,,CARD,0,0,121,320,320,2,False,3,6,False,True,1,1,1,849,130,5,849,130,5,False,False,,,False
92658834,613.2,WIN,True,64,7,DAMAGE_COUNTER_ANY,2,TARGET_SELECTION,,,CARD,0,0,121,320,320,2,False,3,6,False,True,1,1,1,849,130,5,849,130,5,False,False,,,False
92658834,613.2,WIN,True,65,7,DAMAGE_COUNTER_ANY,2,TARGET_SELECTION,,,CARD,0,0,121,320,320,2,False,3,6,False,True,1,1,1,849,130,5,849,130,5,False,False,,,False
92658834,613.2,WIN,True,66,7,DAMAGE_COUNTER_ANY,2,TARGET_SELECTION,,,CARD,0,0,121,320,320,2,False,3,6,False,True,1,1,1,849,130,5,849,130,5,False,False,,,False
92658834,613.2,WIN,True,67,7,DAMAGE_COUNTER_ANY,2,TARGET_SELECTION,,,,0,0,121,320,320,2,False,3,6,False,True,1,1,1,849,130,5,849,130,5,False,False,,,False
92658834,613.2,WIN,True,68,9,MAIN,18,RESOURCE_MANAGEMENT,PLAY_POKEMON,1071,PLAY,2,0,121,260,320,2,True,3,6,True,True,1,1,1,849,130,5,849,130,5,False,False,Gale Thrust,60,False
92658834,613.2,WIN,True,69,9,ACTIVATE,2,RESOURCE_MANAGEMENT,,,YES,0,0,121,260,320,2,True,4,6,False,True,1,1,1,849,130,5,849,130,5,False,False,Gale Thrust,60,False
92658834,613.2,WIN,True,70,9,TO_HAND,7,RESOURCE_MANAGEMENT,,,CARD,0,0,121,260,320,2,True,4,6,False,True,1,1,1,849,130,5,849,130,5,False,False,Gale Thrust,60,False
92658834,613.2,WIN,True,71,9,MAIN,20,RESOURCE_MANAGEMENT,PLAY_ITEM,1120,PLAY,2,0,121,260,320,2,True,4,6,True,True,1,1,1,849,130,5,849,130,5,False,False,Gale Thrust,60,False
92658834,613.2,WIN,True,72,9,MAIN,19,RESOURCE_MANAGEMENT,ABILITY,,ABILITY,2,0,121,260,320,2,True,4,6,True,True,1,1,1,849,130,5,849,130,5,False,False,Gale Thrust,60,False
92658834,613.2,WIN,True,73,9,TO_HAND,2,RESOURCE_MANAGEMENT,,,CARD,0,0,121,260,320,2,True,4,6,False,True,1,1,1,849,130,5,849,130,5,False,False,Gale Thrust,60,False
92658834,613.2,WIN,True,74,9,MAIN,19,ENERGY_MANAGEMENT,ATTACH_ENERGY,,ATTACH,2,0,121,260,320,2,True,4,6,True,True,1,1,1,849,130,5,849,130,5,False,False,Gale Thrust,60,False
92658834,613.2,WIN,True,75,9,MAIN,9,RESOURCE_MANAGEMENT,PLAY_SUPPORTER,1227,PLAY,2,0,121,260,320,2,True,4,6,True,True,1,1,1,849,130,5,849,130,5,False,False,Gale Thrust,60,False
92658834,613.2,WIN,True,76,9,MAIN,7,ATTACK_SELECTION,ATTACK,,ATTACK,2,1,121,260,320,2,True,4,6,True,True,1,1,1,849,130,5,849,0,5,False,False,Gale Thrust,60,False
92658834,613.2,WIN,True,77,9,DAMAGE_COUNTER_ANY,3,TARGET_SELECTION,,,CARD,0,0,121,260,320,2,True,4,6,False,True,1,1,1,849,0,5,849,0,5,False,False,Gale Thrust,60,False
92658834,613.2,WIN,True,78,9,DAMAGE_COUNTER_ANY,3,TARGET_SELECTION,,,CARD,0,0,121,260,320,2,True,4,6,False,True,1,1,1,849,0,5,849,0,5,False,False,Gale Thrust,60,False
92658834,613.2,WIN,True,79,9,DAMAGE_COUNTER_ANY,3,TARGET_SELECTION,,,CARD,0,0,121,260,320,2,True,4,6,False,True,1,1,1,849,0,5,849,0,5,False,False,Gale Thrust,60,False
92658834,613.2,WIN,True,80,9,DAMAGE_COUNTER_ANY,3,TARGET_SELECTION,,,CARD,0,0,121,260,320,2,True,4,6,False,True,1,1,1,849,0,5,849,0,5,False,False,Gale Thrust,60,False
92658834,613.2,WIN,True,81,9,DAMAGE_COUNTER_ANY,3,TARGET_SELECTION,,,CARD,0,0,121,260,320,2,True,4,6,False,True,1,1,1,849,0,5,849,0,5,False,False,Gale Thrust,60,False
92658834,613.2,WIN,True,82,9,DAMAGE_COUNTER_ANY,3,TARGET_SELECTION,,,CARD,0,0,121,260,320,2,True,4,6,False,True,1,1,1,849,0,5,,,5,False,False,Gale Thrust,60,False
92658834,613.2,WIN,True,83,9,TO_HAND,6,RESOURCE_MANAGEMENT,,,,0,0,121,260,320,2,True,4,6,False,True,1,1,1,,,5,861,310,3,,,,,False
92658834,613.2,WIN,True,84,10,TO_ACTIVE,4,ACTIVE_POKEMON_SELECTION,,,CARD,0,0,,,,,False,4,3,False,True,,,1,861,310,3,861,310,3,,,,,True
92658834,613.2,WIN,True,85,11,MAIN,22,RESOURCE_MANAGEMENT,PLAY_STADIUM,1256,PLAY,2,0,121,320,320,2,False,3,3,True,True,1,1,0,861,310,3,861,310,3,False,False,Resentful Refrain,0,False
92658834,613.2,WIN,True,86,11,MAIN,21,RESOURCE_MANAGEMENT,PLAY_ITEM,1121,PLAY,2,0,121,320,320,2,False,3,3,True,True,1,1,0,861,310,3,861,310,3,False,False,Resentful Refrain,0,False
92658834,613.2,WIN,True,87,11,DISCARD,12,RESOURCE_MANAGEMENT,,,CARD;CARD,0,0,121,320,320,2,False,3,3,False,True,1,1,0,861,310,3,861,310,3,False,False,Resentful Refrain,0,False
92658834,613.2,WIN,True,88,11,MAIN,18,RESOURCE_MANAGEMENT,PLAY_ITEM,1097,PLAY,2,0,121,320,320,2,False,3,3,True,True,1,1,0,861,310,3,861,310,3,False,False,Resentful Refrain,0,False
92658834,613.2,WIN,True,89,11,TO_HAND,8,RESOURCE_MANAGEMENT,,,CARD,0,0,121,320,320,2,False,3,3,False,True,1,1,0,861,310,3,861,310,3,False,False,Resentful Refrain,0,False
92658834,613.2,WIN,True,90,11,MAIN,18,RESOURCE_MANAGEMENT,PLAY_POKEMON,119,PLAY,2,0,121,320,320,2,False,3,3,True,True,1,1,0,861,310,3,861,310,3,False,False,Resentful Refrain,0,False
92658834,613.2,WIN,True,91,11,MAIN,18,RESOURCE_MANAGEMENT,ABILITY,,ABILITY,2,0,121,320,320,2,False,4,3,True,True,1,1,0,861,310,3,861,310,3,False,False,Resentful Refrain,0,False
92658834,613.2,WIN,True,92,11,TO_HAND,2,RESOURCE_MANAGEMENT,,,CARD,0,0,121,320,320,2,False,4,3,False,True,1,1,0,861,310,3,861,310,3,False,False,Resentful Refrain,0,False
92658834,613.2,WIN,True,93,11,MAIN,18,ENERGY_MANAGEMENT,ATTACH_ENERGY,,ATTACH,2,0,121,320,320,2,False,4,3,True,True,1,1,0,861,310,3,861,310,3,False,False,Resentful Refrain,0,False
92658834,613.2,WIN,True,94,11,MAIN,13,RESOURCE_MANAGEMENT,PLAY_ITEM,1080,PLAY,2,0,121,320,320,2,False,4,3,True,True,1,1,0,861,310,3,861,310,3,False,False,Resentful Refrain,0,False
92658834,613.2,WIN,True,95,11,MAIN,8,RESOURCE_MANAGEMENT,PLAY_ITEM,1120,PLAY,2,0,121,320,320,2,False,4,3,True,True,1,1,0,861,310,3,861,310,3,False,False,Resentful Refrain,0,False
92658834,613.2,WIN,True,96,11,DISCARD_ENERGY,1,ENERGY_MANAGEMENT,,,ENERGY,0,0,121,320,320,2,False,4,3,False,True,1,1,0,861,310,3,861,310,3,False,False,Resentful Refrain,0,False
92658834,613.2,WIN,True,97,11,MAIN,7,RESOURCE_MANAGEMENT,ABILITY,,ABILITY,2,0,121,320,320,2,False,4,3,True,True,1,1,0,861,310,3,861,310,3,False,False,,,False
92658834,613.2,WIN,True,98,11,MAIN,8,ATTACK_SELECTION,ATTACK,,ATTACK,2,1,121,320,320,2,False,4,3,True,True,1,1,0,861,310,3,861,110,3,False,False,,,False
92658834,613.2,WIN,True,99,11,DAMAGE_COUNTER_ANY,2,TARGET_SELECTION,,,CARD,0,0,121,320,320,2,False,4,3,False,True,1,1,0,861,110,3,861,110,3,False,False,,,False
92658834,613.2,WIN,True,100,11,DAMAGE_COUNTER_ANY,2,TARGET_SELECTION,,,CARD,0,0,121,320,320,2,False,4,3,False,True,1,1,0,861,110,3,861,110,3,False,False,,,False
92658834,613.2,WIN,True,101,11,DAMAGE_COUNTER_ANY,2,TARGET_SELECTION,,,CARD,0,0,121,320,320,2,False,4,3,False,True,1,1,0,861,110,3,861,110,3,False,False,,,False
92658834,613.2,WIN,True,102,11,DAMAGE_COUNTER_ANY,2,TARGET_SELECTION,,,CARD,0,0,121,320,320,2,False,4,3,False,True,1,1,0,861,110,3,861,110,3,False,False,,,False
92658834,613.2,WIN,True,103,11,DAMAGE_COUNTER_ANY,2,TARGET_SELECTION,,,CARD,0,0,121,320,320,2,False,4,3,False,True,1,1,0,861,110,3,861,110,3,False,False,,,False
92658834,613.2,WIN,True,104,11,DAMAGE_COUNTER_ANY,2,TARGET_SELECTION,,,,0,0,121,320,320,2,False,4,3,False,True,1,1,0,861,110,3,849,330,3,False,False,,,False
92658834,613.2,WIN,True,105,13,MAIN,16,BENCH_MANAGEMENT,EVOLVE,,EVOLVE,2,0,121,320,320,2,False,4,3,True,True,1,1,0,849,330,3,849,330,3,False,False,,,False
92658834,613.2,WIN,True,106,13,MAIN,16,ENERGY_MANAGEMENT,ATTACH_ENERGY,,ATTACH,2,0,121,320,320,2,False,4,3,True,True,1,1,0,849,330,3,849,330,3,False,False,,,False
92658834,613.2,WIN,True,107,13,MAIN,11,ATTACK_SELECTION,ATTACK,,ATTACK,2,1,121,320,320,2,False,4,3,True,True,1,1,1,849,330,3,849,130,3,False,False,,,False
92658834,613.2,WIN,True,108,13,DAMAGE_COUNTER_ANY,3,TARGET_SELECTION,,,CARD,0,0,121,320,320,2,False,4,3,False,True,1,1,1,849,130,3,849,130,3,False,False,,,False
92658834,613.2,WIN,True,109,13,DAMAGE_COUNTER_ANY,3,TARGET_SELECTION,,,CARD,0,0,121,320,320,2,False,4,3,False,True,1,1,1,849,130,3,849,130,3,False,False,,,False
92658834,613.2,WIN,True,110,13,DAMAGE_COUNTER_ANY,3,TARGET_SELECTION,,,CARD,0,0,121,320,320,2,False,4,3,False,True,1,1,1,849,130,3,849,130,3,False,False,,,False
92658834,613.2,WIN,True,111,13,DAMAGE_COUNTER_ANY,3,TARGET_SELECTION,,,CARD,0,0,121,320,320,2,False,4,3,False,True,1,1,1,849,130,3,849,130,3,False,False,,,False
92658834,613.2,WIN,True,112,13,DAMAGE_COUNTER_ANY,3,TARGET_SELECTION,,,CARD,0,0,121,320,320,2,False,4,3,False,True,1,1,1,849,130,3,849,130,3,False,False,,,False
92658834,613.2,WIN,True,113,13,DAMAGE_COUNTER_ANY,3,TARGET_SELECTION,,,CARD,0,0,121,320,320,2,False,4,3,False,True,1,1,1,849,130,3,849,130,3,False,False,,,False
92658834,613.2,WIN,True,114,13,TO_HAND,3,RESOURCE_MANAGEMENT,,,,0,0,121,320,320,2,False,4,3,False,True,1,1,1,849,130,3,861,60,3,False,False,,,False
92658834,613.2,WIN,True,115,15,MAIN,17,ENERGY_MANAGEMENT,ATTACH_ENERGY,,ATTACH,2,0,121,320,320,2,False,4,2,True,True,1,1,1,861,60,3,861,60,3,False,False,,,False
92658834,613.2,WIN,True,116,15,MAIN,12,ATTACK_SELECTION,ATTACK,,ATTACK,2,1,121,320,320,2,False,4,2,True,True,1,1,2,861,60,3,861,0,3,False,False,,,False
92658834,613.2,WIN,True,117,15,DAMAGE_COUNTER_ANY,2,TARGET_SELECTION,,,CARD,0,0,121,320,320,2,False,4,2,False,True,1,1,2,861,0,3,861,0,3,False,False,,,False
92658834,613.2,WIN,True,118,15,DAMAGE_COUNTER_ANY,2,TARGET_SELECTION,,,CARD,0,0,121,320,320,2,False,4,2,False,True,1,1,2,861,0,3,861,0,3,False,False,,,False
92658834,613.2,WIN,True,119,15,DAMAGE_COUNTER_ANY,2,TARGET_SELECTION,,,CARD,0,0,121,320,320,2,False,4,2,False,True,1,1,2,861,0,3,861,0,3,False,False,,,False
92658834,613.2,WIN,True,120,15,DAMAGE_COUNTER_ANY,2,TARGET_SELECTION,,,CARD,0,0,121,320,320,2,False,4,2,False,True,1,1,2,861,0,3,861,0,3,False,False,,,False
92658834,613.2,WIN,True,121,15,DAMAGE_COUNTER_ANY,2,TARGET_SELECTION,,,CARD,0,0,121,320,320,2,False,4,2,False,True,1,1,2,861,0,3,861,0,3,False,False,,,False
92658834,613.2,WIN,True,122,15,DAMAGE_COUNTER_ANY,2,TARGET_SELECTION,,,CARD,0,0,121,320,320,2,False,4,2,False,True,1,1,2,861,0,3,,,3,False,False,,,False
