episode_id,opponent_current_score,result,went_first,decision_index,turn,select_context_name,n_options,category,action_class,action_card_id,chosen_option_types,n_available_attacks,n_chosen_attacks,our_active_id,our_active_hp,our_active_maxhp,our_active_prize_value,our_active_damaged,our_bench_n,our_prize_n,retreat_available_this_decision,bench_target_exists,our_active_retreat_cost,our_active_energy_loss_if_retreated,bench_ready_attackers,opp_active_id,opp_active_hp,opp_prize_n,opp_active_id_after,opp_active_hp_after,opp_prize_n_after,opp_lethal_now,opp_lethal_with_one_more_energy,opp_best_attack_name,opp_best_attack_damage,our_active_changed_since_prev_own_decision
92638893,734.3,WIN,False,0,,,0,UNKNOWN,,,,0,0,,,,,False,,,False,False,,,0,,,,,,,,,,,False
92638893,734.3,WIN,False,1,,,0,UNKNOWN,,,,0,0,,,,,False,,,False,False,,,0,,,,,,0,,,,,False
92638893,734.3,WIN,False,2,0,SETUP_ACTIVE_POKEMON,2,EARLY_GAME_SETUP,,,,0,0,,,,,False,0,0,False,False,,,0,,,0,,,6,,,,,False
92638893,734.3,WIN,False,3,0,DRAW_COUNT,2,SEARCH_DECISION,,,NUMBER,0,0,,,,,False,0,6,False,False,,,0,,,6,,,6,,,,,False
92638893,734.3,WIN,False,4,0,SETUP_BENCH_POKEMON,1,BENCH_MANAGEMENT,,,,0,0,,,,,False,0,6,False,False,,,0,,,6,676,110,6,,,,,False
92638893,734.3,WIN,False,5,2,MAIN,8,ENERGY_MANAGEMENT,ATTACH_ENERGY,,ATTACH,0,0,119,70,70,1,False,0,6,False,False,1,0,0,676,110,6,676,110,6,False,True,,,False
92638893,734.3,WIN,False,6,2,MAIN,8,RESOURCE_MANAGEMENT,PLAY_SUPPORTER,1227,PLAY,1,0,119,70,70,1,False,0,6,False,False,1,1,0,676,110,6,676,110,6,False,True,,,False
92638893,734.3,WIN,False,7,2,MAIN,6,RESOURCE_MANAGEMENT,PLAY_ITEM,1086,PLAY,1,0,119,70,70,1,False,0,6,False,False,1,1,0,676,110,6,676,110,6,False,True,,,False
92638893,734.3,WIN,False,8,2,TO_BENCH,4,BENCH_MANAGEMENT,,,CARD;CARD,0,0,119,70,70,1,False,0,6,False,False,1,1,0,676,110,6,676,110,6,False,True,,,False
92638893,734.3,WIN,False,9,2,MAIN,6,RESOURCE_MANAGEMENT,PLAY_ITEM,1120,PLAY,1,0,119,70,70,1,False,2,6,True,True,1,1,1,676,110,6,676,110,6,False,True,,,False
92638893,734.3,WIN,False,10,2,MAIN,5,RETREAT_SELECTION,RETREAT,,RETREAT,1,0,119,70,70,1,False,2,6,True,True,1,1,1,676,110,6,676,110,6,False,True,,,False
92638893,734.3,WIN,False,11,2,DISCARD_ENERGY,1,ENERGY_MANAGEMENT,,,ENERGY,0,0,119,70,70,1,False,2,6,False,True,1,1,1,676,110,6,676,110,6,False,True,,,False
92638893,734.3,WIN,False,12,2,SWITCH,2,ACTIVE_POKEMON_SELECTION,,,CARD,0,0,119,70,70,1,False,2,6,False,True,1,0,1,676,110,6,676,110,6,False,True,,,False
92638893,734.3,WIN,False,13,2,MAIN,4,TIMING,,,,1,0,235,30,30,1,False,2,6,False,True,0,0,0,676,110,6,676,90,5,False,True,,,True
92638893,734.3,WIN,False,14,3,TO_ACTIVE,2,ACTIVE_POKEMON_SELECTION,,,CARD,0,0,,,,,False,2,6,False,True,,,0,676,90,5,676,90,5,,,,,True
92638893,734.3,WIN,False,15,4,MAIN,9,RESOURCE_MANAGEMENT,PLAY_POKEMON,140,PLAY,0,0,119,70,70,1,False,1,6,False,True,1,0,0,676,90,5,676,90,5,True,False,Cosmic Beam,70,False
92638893,734.3,WIN,False,16,4,MAIN,11,RESOURCE_MANAGEMENT,ABILITY,,ABILITY,0,0,119,70,70,1,False,2,6,False,True,1,0,0,676,90,5,676,90,5,True,False,Cosmic Beam,70,False
92638893,734.3,WIN,False,17,4,MAIN,16,ENERGY_MANAGEMENT,ATTACH_ENERGY,,ATTACH,0,0,119,70,70,1,False,2,6,False,True,1,0,0,676,90,5,676,90,5,True,False,Cosmic Beam,70,False
92638893,734.3,WIN,False,18,4,MAIN,13,RESOURCE_MANAGEMENT,PLAY_SUPPORTER,1210,PLAY,0,0,119,70,70,1,False,2,6,False,True,1,0,0,676,90,5,676,90,5,True,False,Cosmic Beam,70,False
92638893,734.3,WIN,False,19,4,TO_HAND,9,RESOURCE_MANAGEMENT,,,CARD,0,0,119,70,70,1,False,2,6,False,True,1,0,0,676,90,5,676,90,5,True,False,Cosmic Beam,70,False
92638893,734.3,WIN,False,20,4,MAIN,12,RESOURCE_MANAGEMENT,PLAY_ITEM,1079,PLAY,0,0,119,70,70,1,False,2,6,False,True,1,0,0,676,90,5,676,90,5,True,False,Cosmic Beam,70,False
92638893,734.3,WIN,False,21,4,EVOLVE,2,BENCH_MANAGEMENT,,,EVOLVE,0,0,119,70,70,1,False,2,6,False,True,1,0,0,676,90,5,676,90,5,True,False,Cosmic Beam,70,False
92638893,734.3,WIN,False,22,4,MAIN,10,BENCH_MANAGEMENT,EVOLVE,,EVOLVE,0,0,121,320,320,2,False,2,6,False,True,1,0,0,676,90,5,676,90,5,False,False,Cosmic Beam,70,True
92638893,734.3,WIN,False,23,4,MAIN,10,RESOURCE_MANAGEMENT,ABILITY,,ABILITY,0,0,121,320,320,2,False,2,6,False,True,1,0,0,676,90,5,676,90,5,False,False,Cosmic Beam,70,False
92638893,734.3,WIN,False,24,4,TO_HAND,2,RESOURCE_MANAGEMENT,,,CARD,0,0,121,320,320,2,False,2,6,False,True,1,0,0,676,90,5,676,90,5,False,False,Cosmic Beam,70,False
92638893,734.3,WIN,False,25,4,MAIN,9,ENERGY_MANAGEMENT,ATTACH_ENERGY,,ATTACH,0,0,121,320,320,2,False,2,6,False,True,1,0,0,676,90,5,676,90,5,False,False,Cosmic Beam,70,False
92638893,734.3,WIN,False,26,4,MAIN,3,TIMING,,,,0,0,121,320,320,2,False,2,6,False,True,1,0,0,676,90,5,678,440,5,False,False,Cosmic Beam,70,False
92638893,734.3,WIN,False,27,6,MAIN,11,RESOURCE_MANAGEMENT,ABILITY,,ABILITY,0,0,121,50,320,2,True,2,6,False,True,1,0,0,678,440,5,678,440,5,True,False,Mega Brave,270,False
92638893,734.3,WIN,False,28,6,TO_HAND,2,RESOURCE_MANAGEMENT,,,CARD,0,0,121,50,320,2,True,2,6,False,True,1,0,0,678,440,5,678,440,5,True,False,Mega Brave,270,False
92638893,734.3,WIN,False,29,6,MAIN,11,RESOURCE_MANAGEMENT,PLAY_SUPPORTER,1198,PLAY,0,0,121,50,320,2,True,2,6,False,True,1,0,0,678,440,5,678,440,5,True,False,Mega Brave,270,False
92638893,734.3,WIN,False,30,6,TO_HAND,5,RESOURCE_MANAGEMENT,,,CARD,0,0,121,50,320,2,True,2,6,False,True,1,0,0,678,440,5,678,440,5,True,False,Mega Brave,270,False
92638893,734.3,WIN,False,31,6,ATTACH_TO,2,ENERGY_MANAGEMENT,,,CARD,0,0,121,50,320,2,True,2,6,False,True,1,0,0,678,440,5,678,440,5,True,False,Mega Brave,270,False
92638893,734.3,WIN,False,32,6,ATTACH_FROM,3,ENERGY_MANAGEMENT,,,CARD,0,0,121,50,320,2,True,2,6,False,True,1,0,0,678,440,5,678,440,5,True,False,Mega Brave,270,False
92638893,734.3,WIN,False,33,6,MAIN,12,RESOURCE_MANAGEMENT,PLAY_ITEM,1121,PLAY,1,0,121,50,320,2,True,2,6,True,True,1,1,0,678,440,5,678,440,5,True,False,Mega Brave,270,False
92638893,734.3,WIN,False,34,6,DISCARD,8,RESOURCE_MANAGEMENT,,,CARD;CARD,0,0,121,50,320,2,True,2,6,False,True,1,1,0,678,440,5,678,440,5,True,False,Mega Brave,270,False
92638893,734.3,WIN,False,35,6,TO_HAND,6,RESOURCE_MANAGEMENT,,,CARD,0,0,121,50,320,2,True,2,6,False,True,1,1,0,678,440,5,678,440,5,True,False,Mega Brave,270,False
92638893,734.3,WIN,False,36,6,MAIN,9,RESOURCE_MANAGEMENT,PLAY_POKEMON,119,PLAY,1,0,121,50,320,2,True,2,6,True,True,1,1,0,678,440,5,678,440,5,True,False,Mega Brave,270,False
92638893,734.3,WIN,False,37,6,MAIN,9,ENERGY_MANAGEMENT,ATTACH_ENERGY,,ATTACH,1,0,121,50,320,2,True,3,6,True,True,1,1,0,678,440,5,678,440,5,True,False,Mega Brave,270,False
92638893,734.3,WIN,False,38,6,MAIN,6,ATTACK_SELECTION,ATTACK,,ATTACK,2,1,121,50,320,2,True,3,6,True,True,1,1,0,678,440,5,678,240,5,True,False,Mega Brave,270,False
92638893,734.3,WIN,False,39,6,DAMAGE_COUNTER_ANY,3,TARGET_SELECTION,,,CARD,0,0,121,50,320,2,True,3,6,False,True,1,1,0,678,240,5,678,240,5,True,False,Mega Brave,270,False
92638893,734.3,WIN,False,40,6,DAMAGE_COUNTER_ANY,3,TARGET_SELECTION,,,CARD,0,0,121,50,320,2,True,3,6,False,True,1,1,0,678,240,5,678,240,5,True,False,Mega Brave,270,False
92638893,734.3,WIN,False,41,6,DAMAGE_COUNTER_ANY,3,TARGET_SELECTION,,,CARD,0,0,121,50,320,2,True,3,6,False,True,1,1,0,678,240,5,678,240,5,True,False,Mega Brave,270,False
92638893,734.3,WIN,False,42,6,DAMAGE_COUNTER_ANY,3,TARGET_SELECTION,,,CARD,0,0,121,50,320,2,True,3,6,False,True,1,1,0,678,240,5,678,240,5,True,False,Mega Brave,270,False
92638893,734.3,WIN,False,43,6,DAMAGE_COUNTER_ANY,3,TARGET_SELECTION,,,CARD,0,0,121,50,320,2,True,3,6,False,True,1,1,0,678,240,5,678,240,5,True,False,Mega Brave,270,False
92638893,734.3,WIN,False,44,6,DAMAGE_COUNTER_ANY,3,TARGET_SELECTION,,,,0,0,121,50,320,2,True,3,6,False,True,1,1,0,678,240,5,678,240,3,True,False,Mega Brave,270,False
92638893,734.3,WIN,False,45,7,TO_ACTIVE,3,ACTIVE_POKEMON_SELECTION,,,CARD,0,0,,,,,False,3,6,False,True,,,0,678,240,3,678,240,3,,,,,True
92638893,734.3,WIN,False,46,8,MAIN,14,RESOURCE_MANAGEMENT,ABILITY,,ABILITY,0,0,120,90,90,1,False,2,6,True,True,1,1,0,678,240,3,678,240,3,True,False,Mega Brave,270,False
92638893,734.3,WIN,False,47,8,TO_HAND,2,RESOURCE_MANAGEMENT,,,CARD,0,0,120,90,90,1,False,2,6,False,True,1,1,0,678,240,3,678,240,3,True,False,Mega Brave,270,False
92638893,734.3,WIN,False,48,8,MAIN,14,RESOURCE_MANAGEMENT,PLAY_ITEM,1097,PLAY,0,0,120,90,90,1,False,2,6,True,True,1,1,0,678,240,3,678,240,3,True,False,Mega Brave,270,False
92638893,734.3,WIN,False,49,8,TO_HAND,7,RESOURCE_MANAGEMENT,,,CARD,0,0,120,90,90,1,False,2,6,False,True,1,1,0,678,240,3,678,240,3,True,False,Mega Brave,270,False
92638893,734.3,WIN,False,50,8,MAIN,14,BENCH_MANAGEMENT,EVOLVE,,EVOLVE,0,0,120,90,90,1,False,2,6,True,True,1,1,0,678,240,3,678,240,3,True,False,Mega Brave,270,False
92638893,734.3,WIN,False,51,8,MAIN,14,RESOURCE_MANAGEMENT,ABILITY,,ABILITY,1,0,121,320,320,2,False,2,6,True,True,1,1,0,678,240,3,678,240,3,False,False,Mega Brave,270,True
92638893,734.3,WIN,False,52,8,MAIN,15,RESOURCE_MANAGEMENT,PLAY_SUPPORTER,1198,PLAY,1,0,121,320,320,2,False,2,6,True,True,1,1,0,678,240,3,678,240,3,False,False,Mega Brave,270,False
92638893,734.3,WIN,False,53,8,TO_HAND,2,RESOURCE_MANAGEMENT,,,CARD,0,0,121,320,320,2,False,2,6,False,True,1,1,0,678,240,3,678,240,3,False,False,Mega Brave,270,False
92638893,734.3,WIN,False,54,8,ATTACH_TO,1,ENERGY_MANAGEMENT,,,CARD,0,0,121,320,320,2,False,2,6,False,True,1,1,0,678,240,3,678,240,3,False,False,Mega Brave,270,False
92638893,734.3,WIN,False,55,8,ATTACH_FROM,3,ENERGY_MANAGEMENT,,,CARD,0,0,121,320,320,2,False,2,6,False,True,1,1,0,678,240,3,678,240,3,False,False,Mega Brave,270,False
92638893,734.3,WIN,False,56,8,MAIN,16,BENCH_MANAGEMENT,EVOLVE,,EVOLVE,2,0,121,320,320,2,False,2,6,True,True,1,1,0,678,240,3,678,240,3,False,False,Mega Brave,270,False
92638893,734.3,WIN,False,57,8,MAIN,16,RESOURCE_MANAGEMENT,ABILITY,,ABILITY,2,0,121,320,320,2,False,2,6,True,True,1,1,0,678,240,3,678,240,3,False,False,Mega Brave,270,False
92638893,734.3,WIN,False,58,8,TO_HAND,2,RESOURCE_MANAGEMENT,,,CARD,0,0,121,320,320,2,False,2,6,False,True,1,1,0,678,240,3,678,240,3,False,False,Mega Brave,270,False
92638893,734.3,WIN,False,59,8,MAIN,16,RESOURCE_MANAGEMENT,PLAY_ITEM,1152,PLAY,2,0,121,320,320,2,False,2,6,True,True,1,1,0,678,240,3,678,240,3,False,False,Mega Brave,270,False
92638893,734.3,WIN,False,60,8,TO_HAND,3,RESOURCE_MANAGEMENT,,,CARD,0,0,121,320,320,2,False,2,6,False,True,1,1,0,678,240,3,678,240,3,False,False,Mega Brave,270,False
92638893,734.3,WIN,False,61,8,MAIN,15,ENERGY_MANAGEMENT,ATTACH_ENERGY,,ATTACH,2,0,121,320,320,2,False,2,6,True,True,1,1,0,678,240,3,678,240,3,False,False,Mega Brave,270,False
92638893,734.3,WIN,False,62,8,MAIN,9,ATTACK_SELECTION,ATTACK,,ATTACK,2,1,121,320,320,2,False,2,6,True,True,1,1,0,678,240,3,678,40,3,False,False,Mega Brave,270,False
92638893,734.3,WIN,False,63,8,DAMAGE_COUNTER_ANY,3,TARGET_SELECTION,,,CARD,0,0,121,320,320,2,False,2,6,False,True,1,1,0,678,40,3,678,40,3,False,False,Mega Brave,270,False
92638893,734.3,WIN,False,64,8,DAMAGE_COUNTER_ANY,3,TARGET_SELECTION,,,CARD,0,0,121,320,320,2,False,2,6,False,True,1,1,0,678,40,3,678,40,3,False,False,Mega Brave,270,False
92638893,734.3,WIN,False,65,8,DAMAGE_COUNTER_ANY,3,TARGET_SELECTION,,,CARD,0,0,121,320,320,2,False,2,6,False,True,1,1,0,678,40,3,678,40,3,False,False,Mega Brave,270,False
92638893,734.3,WIN,False,66,8,DAMAGE_COUNTER_ANY,3,TARGET_SELECTION,,,CARD,0,0,121,320,320,2,False,2,6,False,True,1,1,0,678,40,3,678,40,3,False,False,Mega Brave,270,False
92638893,734.3,WIN,False,67,8,DAMAGE_COUNTER_ANY,3,TARGET_SELECTION,,,CARD,0,0,121,320,320,2,False,2,6,False,True,1,1,0,678,40,3,678,40,3,False,False,Mega Brave,270,False
92638893,734.3,WIN,False,68,8,DAMAGE_COUNTER_ANY,3,TARGET_SELECTION,,,CARD,0,0,121,320,320,2,False,2,6,False,True,1,1,0,678,40,3,678,40,3,False,False,Mega Brave,270,False
92638893,734.3,WIN,False,69,8,TO_HAND,6,RESOURCE_MANAGEMENT,,,,0,0,121,320,320,2,False,2,6,False,True,1,1,0,678,40,3,678,440,3,False,False,Mega Brave,270,False
92638893,734.3,WIN,False,70,10,MAIN,18,BENCH_MANAGEMENT,EVOLVE,,EVOLVE,2,0,121,320,320,2,False,2,5,True,True,1,1,0,678,440,3,678,440,3,False,False,,,False
92638893,734.3,WIN,False,71,10,MAIN,16,RESOURCE_MANAGEMENT,PLAY_ITEM,1120,PLAY,2,0,121,320,320,2,False,2,5,True,True,1,1,1,678,440,3,678,440,3,False,False,,,False
92638893,734.3,WIN,False,72,10,DISCARD_ENERGY,5,ENERGY_MANAGEMENT,,,ENERGY,0,0,121,320,320,2,False,2,5,False,True,1,1,1,678,440,3,678,440,3,False,False,,,False
92638893,734.3,WIN,False,73,10,MAIN,15,ENERGY_MANAGEMENT,ATTACH_ENERGY,,ATTACH,2,0,121,320,320,2,False,2,5,True,True,1,1,1,678,440,3,678,440,3,False,False,,,False
92638893,734.3,WIN,False,74,10,MAIN,12,RESOURCE_MANAGEMENT,PLAY_SUPPORTER,1227,PLAY,2,0,121,320,320,2,False,2,5,True,True,1,1,1,678,440,3,678,440,3,False,False,,,False
92638893,734.3,WIN,False,75,10,MAIN,6,RESOURCE_MANAGEMENT,PLAY_ITEM,1152,PLAY,2,0,121,320,320,2,False,2,5,True,True,1,1,1,678,440,3,678,440,3,False,False,,,False
92638893,734.3,WIN,False,76,10,TO_HAND,2,RESOURCE_MANAGEMENT,,,CARD,0,0,121,320,320,2,False,2,5,False,True,1,1,1,678,440,3,678,440,3,False,False,,,False
92638893,734.3,WIN,False,77,10,MAIN,5,ATTACK_SELECTION,ATTACK,,ATTACK,2,1,121,320,320,2,False,2,5,True,True,1,1,1,678,440,3,678,240,3,False,False,,,False
92638893,734.3,WIN,False,78,10,DAMAGE_COUNTER_ANY,3,TARGET_SELECTION,,,CARD,0,0,121,320,320,2,False,2,5,False,True,1,1,1,678,240,3,678,240,3,False,False,,,False
92638893,734.3,WIN,False,79,10,DAMAGE_COUNTER_ANY,3,TARGET_SELECTION,,,CARD,0,0,121,320,320,2,False,2,5,False,True,1,1,1,678,240,3,678,240,3,False,False,,,False
92638893,734.3,WIN,False,80,10,DAMAGE_COUNTER_ANY,3,TARGET_SELECTION,,,CARD,0,0,121,320,320,2,False,2,5,False,True,1,1,1,678,240,3,678,240,3,False,False,,,False
92638893,734.3,WIN,False,81,10,DAMAGE_COUNTER_ANY,3,TARGET_SELECTION,,,CARD,0,0,121,320,320,2,False,2,5,False,True,1,1,1,678,240,3,678,240,3,False,False,,,False
92638893,734.3,WIN,False,82,10,DAMAGE_COUNTER_ANY,3,TARGET_SELECTION,,,CARD,0,0,121,320,320,2,False,2,5,False,True,1,1,1,678,240,3,678,240,3,False,False,,,False
92638893,734.3,WIN,False,83,10,DAMAGE_COUNTER_ANY,3,TARGET_SELECTION,,,,0,0,121,320,320,2,False,2,5,False,True,1,1,1,678,240,3,678,240,1,False,False,,,False
92638893,734.3,WIN,False,84,11,TO_ACTIVE,2,ACTIVE_POKEMON_SELECTION,,,CARD,0,0,,,,,False,2,5,False,True,,,2,678,240,1,678,240,1,,,,,True
92638893,734.3,WIN,False,85,12,MAIN,8,RESOURCE_MANAGEMENT,PLAY_ITEM,1120,PLAY,2,0,121,320,320,2,False,1,5,True,True,1,1,1,678,240,1,678,240,1,False,False,Aura Jab,130,False
92638893,734.3,WIN,False,86,12,DISCARD_ENERGY,8,ENERGY_MANAGEMENT,,,ENERGY,0,0,121,320,320,2,False,1,5,False,True,1,1,1,678,240,1,678,240,1,False,False,Aura Jab,130,False
92638893,734.3,WIN,False,87,12,MAIN,7,RESOURCE_MANAGEMENT,PLAY_SUPPORTER,1227,PLAY,2,0,121,320,320,2,False,1,5,True,True,1,1,1,678,240,1,678,240,1,False,False,Aura Jab,130,False
92638893,734.3,WIN,False,88,12,MAIN,6,RESOURCE_MANAGEMENT,PLAY_ITEM,1152,PLAY,2,0,121,320,320,2,False,1,5,True,True,1,1,1,678,240,1,678,240,1,False,False,Aura Jab,130,False
92638893,734.3,WIN,False,89,12,TO_HAND,2,RESOURCE_MANAGEMENT,,,CARD,0,0,121,320,320,2,False,1,5,False,True,1,1,1,678,240,1,678,240,1,False,False,Aura Jab,130,False
92638893,734.3,WIN,False,90,12,MAIN,5,ATTACK_SELECTION,ATTACK,,ATTACK,2,1,121,320,320,2,False,1,5,True,True,1,1,1,678,240,1,678,40,1,False,False,Aura Jab,130,False
92638893,734.3,WIN,False,91,12,DAMAGE_COUNTER_ANY,3,TARGET_SELECTION,,,CARD,0,0,121,320,320,2,False,1,5,False,True,1,1,1,678,40,1,678,40,1,False,False,Aura Jab,130,False
92638893,734.3,WIN,False,92,12,DAMAGE_COUNTER_ANY,3,TARGET_SELECTION,,,CARD,0,0,121,320,320,2,False,1,5,False,True,1,1,1,678,40,1,678,40,1,False,False,Aura Jab,130,False
92638893,734.3,WIN,False,93,12,DAMAGE_COUNTER_ANY,3,TARGET_SELECTION,,,CARD,0,0,121,320,320,2,False,1,5,False,True,1,1,1,678,40,1,678,40,1,False,False,Aura Jab,130,False
92638893,734.3,WIN,False,94,12,DAMAGE_COUNTER_ANY,3,TARGET_SELECTION,,,CARD,0,0,121,320,320,2,False,1,5,False,True,1,1,1,678,40,1,678,40,1,False,False,Aura Jab,130,False
92638893,734.3,WIN,False,95,12,DAMAGE_COUNTER_ANY,3,TARGET_SELECTION,,,CARD,0,0,121,320,320,2,False,1,5,False,True,1,1,1,678,40,1,678,40,1,False,False,Aura Jab,130,False
92638893,734.3,WIN,False,96,12,DAMAGE_COUNTER_ANY,3,TARGET_SELECTION,,,CARD,0,0,121,320,320,2,False,1,5,False,True,1,1,1,678,40,1,678,40,1,False,False,Aura Jab,130,False
92638893,734.3,WIN,False,97,12,TO_HAND,5,RESOURCE_MANAGEMENT,,,,0,0,121,320,320,2,False,1,5,False,True,1,1,1,678,40,1,678,40,1,False,False,Aura Jab,130,False
92638893,734.3,WIN,False,98,14,MAIN,9,RESOURCE_MANAGEMENT,PLAY_SUPPORTER,1182,PLAY,2,0,121,50,320,2,True,1,4,True,True,1,1,1,678,40,1,678,40,1,True,False,Mega Brave,270,False
92638893,734.3,WIN,False,99,14,SWITCH,3,ACTIVE_POKEMON_SELECTION,,,CARD,0,0,121,50,320,2,True,1,4,False,True,1,1,1,678,40,1,675,110,1,True,False,Mega Brave,270,False
92638893,734.3,WIN,False,100,14,MAIN,7,ATTACK_SELECTION,ATTACK,,ATTACK,2,1,121,50,320,2,True,1,4,True,True,1,1,1,675,110,1,675,0,1,False,False,,,False
92638893,734.3,WIN,False,101,14,DAMAGE_COUNTER_ANY,3,TARGET_SELECTION,,,CARD,0,0,121,50,320,2,True,1,4,False,True,1,1,1,675,0,1,675,0,1,False,False,,,False
92638893,734.3,WIN,False,102,14,DAMAGE_COUNTER_ANY,3,TARGET_SELECTION,,,CARD,0,0,121,50,320,2,True,1,4,False,True,1,1,1,675,0,1,675,0,1,False,False,,,False
92638893,734.3,WIN,False,103,14,DAMAGE_COUNTER_ANY,3,TARGET_SELECTION,,,CARD,0,0,121,50,320,2,True,1,4,False,True,1,1,1,675,0,1,675,0,1,False,False,,,False
92638893,734.3,WIN,False,104,14,DAMAGE_COUNTER_ANY,3,TARGET_SELECTION,,,CARD,0,0,121,50,320,2,True,1,4,False,True,1,1,1,675,0,1,675,0,1,False,False,,,False
92638893,734.3,WIN,False,105,14,DAMAGE_COUNTER_ANY,3,TARGET_SELECTION,,,CARD,0,0,121,50,320,2,True,1,4,False,True,1,1,1,675,0,1,675,0,1,False,False,,,False
92638893,734.3,WIN,False,106,14,DAMAGE_COUNTER_ANY,3,TARGET_SELECTION,,,CARD,0,0,121,50,320,2,True,1,4,False,True,1,1,1,675,0,1,,,1,False,False,,,False
92638893,734.3,WIN,False,107,14,TO_HAND,4,RESOURCE_MANAGEMENT,,,CARD,0,0,121,50,320,2,True,1,4,False,True,1,1,1,,,1,,,1,,,,,False
92639822,708.4,LOSS,False,0,,,0,UNKNOWN,,,,0,0,,,,,False,,,False,False,,,0,,,,,,,,,,,False
92639822,708.4,LOSS,False,1,,,0,UNKNOWN,,,,0,0,,,,,False,,,False,False,,,0,,,,,,0,,,,,False
92639822,708.4,LOSS,False,2,0,SETUP_ACTIVE_POKEMON,2,EARLY_GAME_SETUP,,,,0,0,,,,,False,0,0,False,False,,,0,,,0,,,6,,,,,False
92639822,708.4,LOSS,False,3,0,SETUP_BENCH_POKEMON,1,BENCH_MANAGEMENT,,,,0,0,,,,,False,0,6,False,False,,,0,,,6,677,80,6,,,,,False
92639822,708.4,LOSS,False,4,2,MAIN,7,RESOURCE_MANAGEMENT,PLAY_POKEMON,184,PLAY,0,0,119,70,70,1,False,0,6,False,False,1,0,0,677,80,6,677,80,6,False,False,Accelerating Stab,30,False
92639822,708.4,LOSS,False,5,2,MAIN,8,RESOURCE_MANAGEMENT,PLAY_ITEM,1086,PLAY,0,0,119,70,70,1,False,1,6,True,True,1,0,0,677,80,6,677,80,6,False,False,Accelerating Stab,30,False
92639822,708.4,LOSS,False,6,2,TO_BENCH,5,BENCH_MANAGEMENT,,,CARD;CARD,0,0,119,70,70,1,False,1,6,False,True,1,0,0,677,80,6,677,80,6,False,False,Accelerating Stab,30,False
92639822,708.4,LOSS,False,7,2,MAIN,9,RESOURCE_MANAGEMENT,PLAY_ITEM,1120,PLAY,0,0,119,70,70,1,False,3,6,True,True,1,0,1,677,80,6,677,80,6,False,False,Accelerating Stab,30,False
92639822,708.4,LOSS,False,8,2,MAIN,8,RESOURCE_MANAGEMENT,PLAY_SUPPORTER,1198,PLAY,0,0,119,70,70,1,False,3,6,True,True,1,0,1,677,80,6,677,80,6,False,False,Accelerating Stab,30,False
92639822,708.4,LOSS,False,9,2,TO_HAND,7,RESOURCE_MANAGEMENT,,,CARD,0,0,119,70,70,1,False,3,6,False,True,1,0,1,677,80,6,677,80,6,False,False,Accelerating Stab,30,False
92639822,708.4,LOSS,False,10,2,ATTACH_TO,4,ENERGY_MANAGEMENT,,,CARD,0,0,119,70,70,1,False,3,6,False,True,1,0,1,677,80,6,677,80,6,False,False,Accelerating Stab,30,False
92639822,708.4,LOSS,False,11,2,ATTACH_FROM,4,ENERGY_MANAGEMENT,,,CARD,0,0,119,70,70,1,False,3,6,False,True,1,0,1,677,80,6,677,80,6,False,False,Accelerating Stab,30,False
92639822,708.4,LOSS,False,12,2,MAIN,11,ENERGY_MANAGEMENT,ATTACH_ENERGY,,ATTACH,0,0,119,70,70,1,False,3,6,True,True,1,0,2,677,80,6,677,80,6,False,False,Accelerating Stab,30,False
92639822,708.4,LOSS,False,13,2,MAIN,3,RETREAT_SELECTION,RETREAT,,RETREAT,0,0,119,70,70,1,False,3,6,True,True,1,1,2,677,80,6,677,80,6,False,False,Accelerating Stab,30,False
92639822,708.4,LOSS,False,14,2,SWITCH,3,ACTIVE_POKEMON_SELECTION,,,CARD,0,0,119,70,70,1,False,3,6,False,True,1,1,2,677,80,6,677,80,6,False,False,Accelerating Stab,30,False
92639822,708.4,LOSS,False,15,2,MAIN,3,TIMING,,,,1,0,235,30,30,1,False,3,6,False,True,0,0,1,677,80,6,678,330,5,True,False,Accelerating Stab,30,True
92639822,708.4,LOSS,False,16,3,TO_ACTIVE,3,ACTIVE_POKEMON_SELECTION,,,CARD,0,0,,,,,False,3,6,False,True,,,1,678,330,5,678,330,5,,,,,True
92639822,708.4,LOSS,False,17,4,MAIN,9,RESOURCE_MANAGEMENT,PLAY_POKEMON,1071,PLAY,0,0,119,70,70,1,False,2,6,True,True,1,1,1,678,330,5,678,330,5,True,False,Mega Brave,270,False
92639822,708.4,LOSS,False,18,4,ACTIVATE,2,RESOURCE_MANAGEMENT,,,YES,0,0,119,70,70,1,False,3,6,False,True,1,1,1,678,330,5,678,330,5,True,False,Mega Brave,270,False
92639822,708.4,LOSS,False,19,4,TO_HAND,9,RESOURCE_MANAGEMENT,,,CARD,0,0,119,70,70,1,False,3,6,False,True,1,1,1,678,330,5,678,330,5,True,False,Mega Brave,270,False
92639822,708.4,LOSS,False,20,4,MAIN,10,RESOURCE_MANAGEMENT,PLAY_ITEM,1120,PLAY,0,0,119,70,70,1,False,3,6,True,True,1,1,1,678,330,5,678,330,5,True,False,Mega Brave,270,False
92639822,708.4,LOSS,False,21,4,MAIN,9,BENCH_MANAGEMENT,EVOLVE,,EVOLVE,0,0,119,70,70,1,False,3,6,True,True,1,1,1,678,330,5,678,330,5,True,False,Mega Brave,270,False
92639822,708.4,LOSS,False,22,4,MAIN,8,RESOURCE_MANAGEMENT,ABILITY,,ABILITY,0,0,120,90,90,1,False,3,6,True,True,1,1,1,678,330,5,678,330,5,True,False,Mega Brave,270,True
92639822,708.4,LOSS,False,23,4,TO_HAND,2,RESOURCE_MANAGEMENT,,,CARD,0,0,120,90,90,1,False,3,6,False,True,1,1,1,678,330,5,678,330,5,True,False,Mega Brave,270,False
92639822,708.4,LOSS,False,24,4,MAIN,8,RESOURCE_MANAGEMENT,PLAY_POKEMON,119,PLAY,0,0,120,90,90,1,False,3,6,True,True,1,1,1,678,330,5,678,330,5,True,False,Mega Brave,270,False
92639822,708.4,LOSS,False,25,4,MAIN,8,ENERGY_MANAGEMENT,ATTACH_ENERGY,,ATTACH,0,0,120,90,90,1,False,4,6,True,True,1,1,1,678,330,5,678,330,5,True,False,Mega Brave,270,False
92639822,708.4,LOSS,False,26,4,MAIN,3,RESOURCE_MANAGEMENT,PLAY_SUPPORTER,1227,PLAY,0,0,120,90,90,1,False,4,6,True,True,1,1,1,678,330,5,678,330,5,True,False,Mega Brave,270,False
92639822,708.4,LOSS,False,27,4,MAIN,10,ENERGY_MANAGEMENT,ATTACH_ENERGY,,ATTACH,0,0,120,90,90,1,False,4,6,True,True,1,1,1,678,330,5,678,330,5,True,False,Mega Brave,270,False
92639822,708.4,LOSS,False,28,4,MAIN,5,RESOURCE_MANAGEMENT,PLAY_POKEMON,140,PLAY,0,0,120,90,90,1,False,4,6,True,True,1,1,1,678,330,5,678,330,5,True,False,Mega Brave,270,False
92639822,708.4,LOSS,False,29,4,MAIN,5,RESOURCE_MANAGEMENT,PLAY_ITEM,1152,PLAY,0,0,120,90,90,1,False,5,6,True,True,1,1,1,678,330,5,678,330,5,True,False,Mega Brave,270,False
92639822,708.4,LOSS,False,30,4,TO_HAND,4,RESOURCE_MANAGEMENT,,,CARD,0,0,120,90,90,1,False,5,6,False,True,1,1,1,678,330,5,678,330,5,True,False,Mega Brave,270,False
92639822,708.4,LOSS,False,31,4,MAIN,5,RESOURCE_MANAGEMENT,ABILITY,,ABILITY,0,0,120,90,90,1,False,5,6,True,True,1,1,1,678,330,5,678,330,5,True,False,Mega Brave,270,False
92639822,708.4,LOSS,False,32,4,MAIN,7,RESOURCE_MANAGEMENT,PLAY_ITEM,1079,PLAY,0,0,120,90,90,1,False,5,6,True,True,1,1,1,678,330,5,678,330,5,True,False,Mega Brave,270,False
92639822,708.4,LOSS,False,33,4,EVOLVE,2,BENCH_MANAGEMENT,,,EVOLVE,0,0,120,90,90,1,False,5,6,False,True,1,1,1,678,330,5,678,330,5,True,False,Mega Brave,270,False
92639822,708.4,LOSS,False,34,4,MAIN,5,RESOURCE_MANAGEMENT,PLAY_ITEM,1120,PLAY,0,0,120,90,90,1,False,5,6,True,True,1,1,1,678,330,5,678,330,5,True,False,Mega Brave,270,False
92639822,708.4,LOSS,False,35,4,DISCARD_ENERGY,2,ENERGY_MANAGEMENT,,,ENERGY,0,0,120,90,90,1,False,5,6,False,True,1,1,1,678,330,5,678,330,5,True,False,Mega Brave,270,False
92639822,708.4,LOSS,False,36,4,MAIN,4,RETREAT_SELECTION,RETREAT,,RETREAT,0,0,120,90,90,1,False,5,6,True,True,1,1,1,678,330,5,678,330,5,True,False,Aura Jab,130,False
92639822,708.4,LOSS,False,37,4,DISCARD_ENERGY,1,ENERGY_MANAGEMENT,,,ENERGY,0,0,120,90,90,1,False,5,6,False,True,1,1,1,678,330,5,678,330,5,True,False,Aura Jab,130,False
92639822,708.4,LOSS,False,38,4,SWITCH,5,ACTIVE_POKEMON_SELECTION,,,CARD,0,0,120,90,90,1,False,5,6,False,True,1,0,1,678,330,5,678,330,5,True,False,Aura Jab,130,False
92639822,708.4,LOSS,False,39,4,MAIN,4,TIMING,,,,1,0,121,320,320,2,False,5,6,False,True,1,1,0,678,330,5,678,260,3,False,False,Aura Jab,130,True
92639822,708.4,LOSS,False,40,5,TO_ACTIVE,5,ACTIVE_POKEMON_SELECTION,,,CARD,0,0,,,,,False,5,6,False,True,,,1,678,260,3,678,260,3,,,,,True
92639822,708.4,LOSS,False,41,6,MAIN,11,BENCH_MANAGEMENT,EVOLVE,,EVOLVE,1,0,121,320,320,2,False,4,6,True,True,1,1,0,678,260,3,678,260,3,False,False,Aura Jab,130,False
92639822,708.4,LOSS,False,42,6,MAIN,9,RESOURCE_MANAGEMENT,PLAY_ITEM,1121,PLAY,1,0,121,320,320,2,False,4,6,True,True,1,1,0,678,260,3,678,260,3,False,False,Aura Jab,130,False
92639822,708.4,LOSS,False,43,6,DISCARD,5,RESOURCE_MANAGEMENT,,,CARD;CARD,0,0,121,320,320,2,False,4,6,False,True,1,1,0,678,260,3,678,260,3,False,False,Aura Jab,130,False
92639822,708.4,LOSS,False,44,6,TO_HAND,3,RESOURCE_MANAGEMENT,,,CARD,0,0,121,320,320,2,False,4,6,False,True,1,1,0,678,260,3,678,260,3,False,False,Aura Jab,130,False
92639822,708.4,LOSS,False,45,6,MAIN,7,RESOURCE_MANAGEMENT,PLAY_POKEMON,119,PLAY,1,0,121,320,320,2,False,4,6,True,True,1,1,0,678,260,3,678,260,3,False,False,Aura Jab,130,False
92639822,708.4,LOSS,False,46,6,MAIN,6,BENCH_MANAGEMENT,EVOLVE,,EVOLVE,1,0,121,320,320,2,False,5,6,True,True,1,1,0,678,260,3,678,260,3,False,False,Aura Jab,130,False
92639822,708.4,LOSS,False,47,6,MAIN,6,RESOURCE_MANAGEMENT,ABILITY,,ABILITY,1,0,121,320,320,2,False,5,6,True,True,1,1,0,678,260,3,678,260,3,False,False,Aura Jab,130,False
92639822,708.4,LOSS,False,48,6,TO_HAND,2,RESOURCE_MANAGEMENT,,,CARD,0,0,121,320,320,2,False,5,6,False,True,1,1,0,678,260,3,678,260,3,False,False,Aura Jab,130,False
92639822,708.4,LOSS,False,49,6,MAIN,6,RESOURCE_MANAGEMENT,PLAY_ITEM,1097,PLAY,1,0,121,320,320,2,False,5,6,True,True,1,1,0,678,260,3,678,260,3,False,False,Aura Jab,130,False
92639822,708.4,LOSS,False,50,6,TO_HAND,3,RESOURCE_MANAGEMENT,,,CARD,0,0,121,320,320,2,False,5,6,False,True,1,1,0,678,260,3,678,260,3,False,False,Aura Jab,130,False
92639822,708.4,LOSS,False,51,6,MAIN,5,RESOURCE_MANAGEMENT,PLAY_SUPPORTER,1227,PLAY,1,0,121,320,320,2,False,5,6,True,True,1,1,0,678,260,3,678,260,3,False,False,Aura Jab,130,False
92639822,708.4,LOSS,False,52,6,MAIN,28,ENERGY_MANAGEMENT,ATTACH_ENERGY,,ATTACH,1,0,121,320,320,2,False,5,6,True,True,1,1,0,678,260,3,678,260,3,False,False,Aura Jab,130,False
92639822,708.4,LOSS,False,53,6,MAIN,5,ATTACK_SELECTION,ATTACK,,ATTACK,2,1,121,320,320,2,False,5,6,True,True,1,1,0,678,260,3,678,60,3,False,False,Aura Jab,130,False
92639822,708.4,LOSS,False,54,6,DAMAGE_COUNTER_ANY,3,TARGET_SELECTION,,,CARD,0,0,121,320,320,2,False,5,6,False,True,1,1,0,678,60,3,678,60,3,False,False,Aura Jab,130,False
92639822,708.4,LOSS,False,55,6,DAMAGE_COUNTER_ANY,3,TARGET_SELECTION,,,CARD,0,0,121,320,320,2,False,5,6,False,True,1,1,0,678,60,3,678,60,3,False,False,Aura Jab,130,False
92639822,708.4,LOSS,False,56,6,DAMAGE_COUNTER_ANY,3,TARGET_SELECTION,,,CARD,0,0,121,320,320,2,False,5,6,False,True,1,1,0,678,60,3,678,60,3,False,False,Aura Jab,130,False
92639822,708.4,LOSS,False,57,6,DAMAGE_COUNTER_ANY,3,TARGET_SELECTION,,,CARD,0,0,121,320,320,2,False,5,6,False,True,1,1,0,678,60,3,678,60,3,False,False,Aura Jab,130,False
92639822,708.4,LOSS,False,58,6,DAMAGE_COUNTER_ANY,3,TARGET_SELECTION,,,CARD,0,0,121,320,320,2,False,5,6,False,True,1,1,0,678,60,3,678,60,3,False,False,Aura Jab,130,False
92639822,708.4,LOSS,False,59,6,DAMAGE_COUNTER_ANY,3,TARGET_SELECTION,,,,0,0,121,320,320,2,False,5,6,False,True,1,1,0,678,60,3,678,340,3,False,False,Aura Jab,130,False
92639822,708.4,LOSS,False,60,8,MAIN,26,RESOURCE_MANAGEMENT,PLAY_ITEM,1152,PLAY,2,0,121,190,320,2,True,5,6,True,True,1,1,0,678,340,3,678,340,3,False,True,Aura Jab,130,False
92639822,708.4,LOSS,False,61,8,TO_HAND,2,RESOURCE_MANAGEMENT,,,CARD,0,0,121,190,320,2,True,5,6,False,True,1,1,0,678,340,3,678,340,3,False,True,Aura Jab,130,False
92639822,708.4,LOSS,False,62,8,MAIN,26,RESOURCE_MANAGEMENT,ABILITY,,ABILITY,2,0,121,190,320,2,True,5,6,True,True,1,1,0,678,340,3,678,340,3,False,True,Aura Jab,130,False
92639822,708.4,LOSS,False,63,8,TO_HAND,2,RESOURCE_MANAGEMENT,,,CARD,0,0,121,190,320,2,True,5,6,False,True,1,1,0,678,340,3,678,340,3,False,True,Aura Jab,130,False
92639822,708.4,LOSS,False,64,8,MAIN,26,RESOURCE_MANAGEMENT,PLAY_SUPPORTER,1210,PLAY,2,0,121,190,320,2,True,5,6,True,True,1,1,0,678,340,3,678,340,3,False,True,Aura Jab,130,False
92639822,708.4,LOSS,False,65,8,TO_HAND,1,RESOURCE_MANAGEMENT,,,CARD,0,0,121,190,320,2,True,5,6,False,True,1,1,0,678,340,3,678,340,3,False,True,Aura Jab,130,False
92639822,708.4,LOSS,False,66,8,MAIN,24,BENCH_MANAGEMENT,EVOLVE,,EVOLVE,2,0,121,190,320,2,True,5,6,True,True,1,1,0,678,340,3,678,340,3,False,True,Aura Jab,130,False
92639822,708.4,LOSS,False,67,8,MAIN,24,RESOURCE_MANAGEMENT,ABILITY,,ABILITY,2,0,121,190,320,2,True,5,6,True,True,1,1,0,678,340,3,678,340,3,False,True,Aura Jab,130,False
92639822,708.4,LOSS,False,68,8,TO_HAND,2,RESOURCE_MANAGEMENT,,,CARD,0,0,121,190,320,2,True,5,6,False,True,1,1,0,678,340,3,678,340,3,False,True,Aura Jab,130,False
92639822,708.4,LOSS,False,69,8,MAIN,23,ENERGY_MANAGEMENT,ATTACH_ENERGY,,ATTACH,2,0,121,190,320,2,True,5,6,True,True,1,1,0,678,340,3,678,340,3,False,True,Aura Jab,130,False
92639822,708.4,LOSS,False,70,8,MAIN,5,ATTACK_SELECTION,ATTACK,,ATTACK,2,1,121,190,320,2,True,5,6,True,True,1,1,1,678,340,3,678,140,3,False,True,Aura Jab,130,False
92639822,708.4,LOSS,False,71,8,DAMAGE_COUNTER_ANY,3,TARGET_SELECTION,,,CARD,0,0,121,190,320,2,True,5,6,False,True,1,1,1,678,140,3,678,140,3,False,True,Aura Jab,130,False
92639822,708.4,LOSS,False,72,8,DAMAGE_COUNTER_ANY,3,TARGET_SELECTION,,,CARD,0,0,121,190,320,2,True,5,6,False,True,1,1,1,678,140,3,678,140,3,False,True,Aura Jab,130,False
92639822,708.4,LOSS,False,73,8,DAMAGE_COUNTER_ANY,3,TARGET_SELECTION,,,CARD,0,0,121,190,320,2,True,5,6,False,True,1,1,1,678,140,3,678,140,3,False,True,Aura Jab,130,False
92639822,708.4,LOSS,False,74,8,DAMAGE_COUNTER_ANY,3,TARGET_SELECTION,,,CARD,0,0,121,190,320,2,True,5,6,False,True,1,1,1,678,140,3,678,140,3,False,True,Aura Jab,130,False
92639822,708.4,LOSS,False,75,8,DAMAGE_COUNTER_ANY,3,TARGET_SELECTION,,,CARD,0,0,121,190,320,2,True,5,6,False,True,1,1,1,678,140,3,678,140,3,False,True,Aura Jab,130,False
92639822,708.4,LOSS,False,76,8,DAMAGE_COUNTER_ANY,3,TARGET_SELECTION,,,,0,0,121,190,320,2,True,5,6,False,True,1,1,1,678,140,3,678,140,3,False,True,Aura Jab,130,False
92639822,708.4,LOSS,False,77,10,MAIN,22,RESOURCE_MANAGEMENT,ABILITY,,ABILITY,2,0,121,60,320,2,True,5,6,True,True,1,1,1,678,140,3,678,140,3,True,False,Aura Jab,130,False
92639822,708.4,LOSS,False,78,10,TO_HAND,2,RESOURCE_MANAGEMENT,,,CARD,0,0,121,60,320,2,True,5,6,False,True,1,1,1,678,140,3,678,140,3,True,False,Aura Jab,130,False
92639822,708.4,LOSS,False,79,10,MAIN,22,RESOURCE_MANAGEMENT,ABILITY,,ABILITY,2,0,121,60,320,2,True,5,6,True,True,1,1,1,678,140,3,678,140,3,True,False,Aura Jab,130,False
92639822,708.4,LOSS,False,80,10,TO_HAND,2,RESOURCE_MANAGEMENT,,,CARD,0,0,121,60,320,2,True,5,6,False,True,1,1,1,678,140,3,678,140,3,True,False,Aura Jab,130,False
92639822,708.4,LOSS,False,81,10,MAIN,21,ENERGY_MANAGEMENT,ATTACH_ENERGY,,ATTACH,2,0,121,60,320,2,True,5,6,True,True,1,1,1,678,140,3,678,140,3,True,False,Aura Jab,130,False
92639822,708.4,LOSS,False,82,10,MAIN,9,RESOURCE_MANAGEMENT,PLAY_SUPPORTER,1227,PLAY,2,0,121,60,320,2,True,5,6,True,True,1,1,1,678,140,3,678,140,3,True,False,Aura Jab,130,False
92639822,708.4,LOSS,False,83,10,MAIN,6,RETREAT_SELECTION,RETREAT,,RETREAT,2,0,121,60,320,2,True,5,6,True,True,1,1,1,678,140,3,678,140,3,True,False,Aura Jab,130,False
92639822,708.4,LOSS,False,84,10,DISCARD_ENERGY,2,ENERGY_MANAGEMENT,,,ENERGY,0,0,121,60,320,2,True,5,6,False,True,1,1,1,678,140,3,678,140,3,True,False,Aura Jab,130,False
92639822,708.4,LOSS,False,85,10,SWITCH,5,ACTIVE_POKEMON_SELECTION,,,CARD,0,0,121,60,320,2,True,5,6,False,True,1,1,1,678,140,3,678,140,3,True,False,Aura Jab,130,False
92639822,708.4,LOSS,False,86,10,MAIN,5,ATTACK_SELECTION,ATTACK,,ATTACK,2,1,121,320,320,2,False,5,6,False,True,1,1,1,678,140,3,678,0,3,False,False,Aura Jab,130,False
92639822,708.4,LOSS,False,87,10,DAMAGE_COUNTER_ANY,4,TARGET_SELECTION,,,CARD,0,0,121,320,320,2,False,5,6,False,True,1,1,1,678,0,3,678,0,3,False,False,Aura Jab,130,False
92639822,708.4,LOSS,False,88,10,DAMAGE_COUNTER_ANY,4,TARGET_SELECTION,,,CARD,0,0,121,320,320,2,False,5,6,False,True,1,1,1,678,0,3,678,0,3,False,False,Aura Jab,130,False
92639822,708.4,LOSS,False,89,10,DAMAGE_COUNTER_ANY,4,TARGET_SELECTION,,,CARD,0,0,121,320,320,2,False,5,6,False,True,1,1,1,678,0,3,678,0,3,False,False,Aura Jab,130,False
92639822,708.4,LOSS,False,90,10,DAMAGE_COUNTER_ANY,4,TARGET_SELECTION,,,CARD,0,0,121,320,320,2,False,5,6,False,True,1,1,1,678,0,3,678,0,3,False,False,Aura Jab,130,False
92639822,708.4,LOSS,False,91,10,DAMAGE_COUNTER_ANY,4,TARGET_SELECTION,,,CARD,0,0,121,320,320,2,False,5,6,False,True,1,1,1,678,0,3,678,0,3,False,False,Aura Jab,130,False
92639822,708.4,LOSS,False,92,10,DAMAGE_COUNTER_ANY,4,TARGET_SELECTION,,,CARD,0,0,121,320,320,2,False,5,6,False,True,1,1,1,678,0,3,,,3,False,False,Aura Jab,130,False
92639822,708.4,LOSS,False,93,10,TO_HAND,6,RESOURCE_MANAGEMENT,,,CARD;CARD;CARD,0,0,121,320,320,2,False,5,6,False,True,1,1,1,,,3,,,3,,,,,False
92639822,708.4,LOSS,False,94,10,TO_HAND,3,RESOURCE_MANAGEMENT,,,,0,0,121,320,320,2,False,5,3,False,True,1,1,1,,,3,678,270,1,,,,,False
92639822,708.4,LOSS,False,95,11,TO_ACTIVE,5,ACTIVE_POKEMON_SELECTION,,,CARD,0,0,,,,,False,5,2,False,True,,,1,678,270,1,678,270,1,,,,,True
92639822,708.4,LOSS,False,96,12,MAIN,28,RESOURCE_MANAGEMENT,PLAY_ITEM,1120,PLAY,1,0,121,60,320,2,True,4,2,True,True,1,1,0,678,270,1,678,270,1,True,False,Mega Brave,270,False
92639822,708.4,LOSS,False,97,12,DISCARD_ENERGY,2,ENERGY_MANAGEMENT,,,ENERGY,0,0,121,60,320,2,True,4,2,False,True,1,1,0,678,270,1,678,270,1,True,False,Mega Brave,270,False
92639822,708.4,LOSS,False,98,12,MAIN,27,ENERGY_MANAGEMENT,ATTACH_ENERGY,,ATTACH,1,0,121,60,320,2,True,4,2,True,True,1,1,0,678,270,1,678,270,1,True,False,Aura Jab,130,False
92639822,708.4,LOSS,False,99,12,MAIN,18,RESOURCE_MANAGEMENT,PLAY_ITEM,1080,PLAY,2,0,121,60,320,2,True,4,2,True,True,1,1,0,678,270,1,678,270,1,True,False,Aura Jab,130,False
92639822,708.4,LOSS,False,100,12,MAIN,12,RESOURCE_MANAGEMENT,ABILITY,,ABILITY,2,0,121,60,320,2,True,4,2,True,True,1,1,0,678,270,1,678,270,1,True,False,Aura Jab,130,False
92639822,708.4,LOSS,False,101,12,TO_HAND,2,RESOURCE_MANAGEMENT,,,CARD,0,0,121,60,320,2,True,4,2,False,True,1,1,0,678,270,1,678,270,1,True,False,Aura Jab,130,False
92639822,708.4,LOSS,False,102,12,MAIN,12,RESOURCE_MANAGEMENT,PLAY_POKEMON,140,PLAY,2,0,121,60,320,2,True,4,2,True,True,1,1,0,678,270,1,678,270,1,True,False,Aura Jab,130,False
92639822,708.4,LOSS,False,103,12,MAIN,11,RESOURCE_MANAGEMENT,ABILITY,,ABILITY,2,0,121,60,320,2,True,5,2,True,True,1,1,0,678,270,1,678,270,1,True,False,Aura Jab,130,False
92639822,708.4,LOSS,False,104,12,TO_HAND,2,RESOURCE_MANAGEMENT,,,CARD,0,0,121,60,320,2,True,5,2,False,True,1,1,0,678,270,1,678,270,1,True,False,Aura Jab,130,False
92639822,708.4,LOSS,False,105,12,MAIN,11,RESOURCE_MANAGEMENT,ABILITY,,ABILITY,2,0,121,60,320,2,True,5,2,True,True,1,1,0,678,270,1,678,270,1,True,False,Aura Jab,130,False
92639822,708.4,LOSS,False,106,12,MAIN,11,RESOURCE_MANAGEMENT,PLAY_SUPPORTER,1210,PLAY,2,0,121,60,320,2,True,5,2,True,True,1,1,0,678,270,1,678,270,1,True,False,Aura Jab,130,False
92639822,708.4,LOSS,False,107,12,MAIN,7,ATTACK_SELECTION,ATTACK,,ATTACK,2,1,121,60,320,2,True,5,2,True,True,1,1,0,678,270,1,678,70,1,True,False,Aura Jab,130,False
92639822,708.4,LOSS,False,108,12,DAMAGE_COUNTER_ANY,3,TARGET_SELECTION,,,CARD,0,0,121,60,320,2,True,5,2,False,True,1,1,0,678,70,1,678,70,1,True,False,Aura Jab,130,False
92639822,708.4,LOSS,False,109,12,DAMAGE_COUNTER_ANY,3,TARGET_SELECTION,,,CARD,0,0,121,60,320,2,True,5,2,False,True,1,1,0,678,70,1,678,70,1,True,False,Aura Jab,130,False
92639822,708.4,LOSS,False,110,12,DAMAGE_COUNTER_ANY,3,TARGET_SELECTION,,,CARD,0,0,121,60,320,2,True,5,2,False,True,1,1,0,678,70,1,678,70,1,True,False,Aura Jab,130,False
92639822,708.4,LOSS,False,111,12,DAMAGE_COUNTER_ANY,3,TARGET_SELECTION,,,CARD,0,0,121,60,320,2,True,5,2,False,True,1,1,0,678,70,1,678,70,1,True,False,Aura Jab,130,False
92639822,708.4,LOSS,False,112,12,DAMAGE_COUNTER_ANY,3,TARGET_SELECTION,,,CARD,0,0,121,60,320,2,True,5,2,False,True,1,1,0,678,70,1,678,70,1,True,False,Aura Jab,130,False
92640795,581.1,WIN,True,0,,,0,UNKNOWN,,,,0,0,,,,,False,,,False,False,,,0,,,,,,,,,,,False
92640795,581.1,WIN,True,1,,,0,UNKNOWN,,,,0,0,,,,,False,,,False,False,,,0,,,,,,0,,,,,False
92640795,581.1,WIN,True,2,0,IS_FIRST,2,GOING_FIRST_SECOND,,,YES,0,0,,,,,False,0,0,False,False,,,0,,,0,,,0,,,,,False
92640795,581.1,WIN,True,3,0,SETUP_ACTIVE_POKEMON,1,EARLY_GAME_SETUP,,,,0,0,,,,,False,0,0,False,False,,,0,,,0,,,6,,,,,False
92640795,581.1,WIN,True,4,0,DRAW_COUNT,2,SEARCH_DECISION,,,NUMBER,0,0,,,,,False,0,6,False,False,,,0,,,6,677,80,6,,,,,False
92640795,581.1,WIN,True,5,1,MAIN,4,RESOURCE_MANAGEMENT,PLAY_ITEM,1152,PLAY,0,0,235,30,30,1,False,0,6,False,False,0,0,0,677,80,6,677,80,6,False,True,,,False
92640795,581.1,WIN,True,6,1,TO_HAND,8,RESOURCE_MANAGEMENT,,,CARD,0,0,235,30,30,1,False,0,6,False,False,0,0,0,677,80,6,677,80,6,False,True,,,False
92640795,581.1,WIN,True,7,1,MAIN,4,RESOURCE_MANAGEMENT,PLAY_POKEMON,119,PLAY,0,0,235,30,30,1,False,0,6,False,False,0,0,0,677,80,6,677,80,6,False,True,,,False
92640795,581.1,WIN,True,8,1,MAIN,5,ENERGY_MANAGEMENT,ATTACH_ENERGY,,ATTACH,0,0,235,30,30,1,False,1,6,True,True,0,0,0,677,80,6,677,80,6,False,True,,,False
92640795,581.1,WIN,True,9,1,MAIN,3,TIMING,,,,0,0,235,30,30,1,False,1,6,True,True,0,0,0,677,80,6,677,80,5,False,True,,,False
92640795,581.1,WIN,True,10,2,TO_ACTIVE,1,ACTIVE_POKEMON_SELECTION,,,CARD,0,0,,,,,False,1,6,False,True,,,0,677,80,5,677,80,5,,,,,True
92640795,581.1,WIN,True,11,3,MAIN,7,BENCH_MANAGEMENT,EVOLVE,,EVOLVE,0,0,119,70,70,1,False,0,6,False,False,1,1,0,677,80,5,677,80,5,False,False,Accelerating Stab,30,False
92640795,581.1,WIN,True,12,3,MAIN,7,RESOURCE_MANAGEMENT,ABILITY,,ABILITY,0,0,120,90,90,1,False,0,6,False,False,1,1,0,677,80,5,677,80,5,False,False,Accelerating Stab,30,True
92640795,581.1,WIN,True,13,3,TO_HAND,2,RESOURCE_MANAGEMENT,,,CARD,0,0,120,90,90,1,False,0,6,False,False,1,1,0,677,80,5,677,80,5,False,False,Accelerating Stab,30,False
92640795,581.1,WIN,True,14,3,MAIN,7,ENERGY_MANAGEMENT,ATTACH_ENERGY,,ATTACH,0,0,120,90,90,1,False,0,6,False,False,1,1,0,677,80,5,677,80,5,False,False,Accelerating Stab,30,False
92640795,581.1,WIN,True,15,3,MAIN,7,RESOURCE_MANAGEMENT,PLAY_SUPPORTER,1227,PLAY,1,0,120,90,90,1,False,0,6,False,False,1,1,0,677,80,5,677,80,5,False,False,Accelerating Stab,30,False
92640795,581.1,WIN,True,16,3,MAIN,5,RESOURCE_MANAGEMENT,PLAY_ITEM,1152,PLAY,1,0,120,90,90,1,False,0,6,False,False,1,1,0,677,80,5,677,80,5,False,False,Accelerating Stab,30,False
92640795,581.1,WIN,True,17,3,TO_HAND,6,RESOURCE_MANAGEMENT,,,CARD,0,0,120,90,90,1,False,0,6,False,False,1,1,0,677,80,5,677,80,5,False,False,Accelerating Stab,30,False
92640795,581.1,WIN,True,18,3,MAIN,5,RESOURCE_MANAGEMENT,PLAY_POKEMON,119,PLAY,1,0,120,90,90,1,False,0,6,False,False,1,1,0,677,80,5,677,80,5,False,False,Accelerating Stab,30,False
92640795,581.1,WIN,True,19,3,MAIN,5,RESOURCE_MANAGEMENT,PLAY_ITEM,1152,PLAY,1,0,120,90,90,1,False,1,6,True,True,1,1,0,677,80,5,677,80,5,False,False,Accelerating Stab,30,False
92640795,581.1,WIN,True,20,3,TO_HAND,5,RESOURCE_MANAGEMENT,,,CARD,0,0,120,90,90,1,False,1,6,False,True,1,1,0,677,80,5,677,80,5,False,False,Accelerating Stab,30,False
92640795,581.1,WIN,True,21,3,MAIN,5,RESOURCE_MANAGEMENT,PLAY_POKEMON,119,PLAY,1,0,120,90,90,1,False,1,6,True,True,1,1,0,677,80,5,677,80,5,False,False,Accelerating Stab,30,False
92640795,581.1,WIN,True,22,3,MAIN,4,TIMING,,,,1,0,120,90,90,1,False,2,6,True,True,1,1,0,677,80,5,678,270,4,False,False,Accelerating Stab,30,False
92640795,581.1,WIN,True,23,4,TO_ACTIVE,2,ACTIVE_POKEMON_SELECTION,,,CARD,0,0,,,,,False,2,6,False,True,,,0,678,270,4,678,270,4,,,,,True
92640795,581.1,WIN,True,24,5,MAIN,8,RESOURCE_MANAGEMENT,PLAY_POKEMON,235,PLAY,0,0,119,70,70,1,False,1,6,False,True,1,0,0,678,270,4,678,270,4,True,False,Mega Brave,270,False
92640795,581.1,WIN,True,25,5,MAIN,7,RESOURCE_MANAGEMENT,PLAY_ITEM,1097,PLAY,0,0,119,70,70,1,False,2,6,False,True,1,0,1,678,270,4,678,270,4,True,False,Mega Brave,270,False
92640795,581.1,WIN,True,26,5,TO_HAND,5,RESOURCE_MANAGEMENT,,,CARD,0,0,119,70,70,1,False,2,6,False,True,1,0,1,678,270,4,678,270,4,True,False,Mega Brave,270,False
92640795,581.1,WIN,True,27,5,MAIN,8,BENCH_MANAGEMENT,EVOLVE,,EVOLVE,0,0,119,70,70,1,False,2,6,False,True,1,0,1,678,270,4,678,270,4,True,False,Mega Brave,270,False
92640795,581.1,WIN,True,28,5,MAIN,6,RESOURCE_MANAGEMENT,ABILITY,,ABILITY,0,0,120,90,90,1,False,2,6,False,True,1,0,1,678,270,4,678,270,4,True,False,Mega Brave,270,True
92640795,581.1,WIN,True,29,5,TO_HAND,2,RESOURCE_MANAGEMENT,,,CARD,0,0,120,90,90,1,False,2,6,False,True,1,0,1,678,270,4,678,270,4,True,False,Mega Brave,270,False
92640795,581.1,WIN,True,30,5,MAIN,6,BENCH_MANAGEMENT,EVOLVE,,EVOLVE,0,0,120,90,90,1,False,2,6,False,True,1,0,1,678,270,4,678,270,4,True,False,Mega Brave,270,False
92640795,581.1,WIN,True,31,5,MAIN,6,RESOURCE_MANAGEMENT,ABILITY,,ABILITY,0,0,120,90,90,1,False,2,6,False,True,1,0,1,678,270,4,678,270,4,True,False,Mega Brave,270,False
92640795,581.1,WIN,True,32,5,TO_HAND,2,RESOURCE_MANAGEMENT,,,CARD,0,0,120,90,90,1,False,2,6,False,True,1,0,1,678,270,4,678,270,4,True,False,Mega Brave,270,False
92640795,581.1,WIN,True,33,5,MAIN,6,RESOURCE_MANAGEMENT,PLAY_SUPPORTER,1227,PLAY,0,0,120,90,90,1,False,2,6,False,True,1,0,1,678,270,4,678,270,4,True,False,Mega Brave,270,False
92640795,581.1,WIN,True,34,5,MAIN,9,ENERGY_MANAGEMENT,ATTACH_ENERGY,,ATTACH,0,0,120,90,90,1,False,2,6,False,True,1,0,1,678,270,4,678,270,4,True,False,Mega Brave,270,False
92640795,581.1,WIN,True,35,5,MAIN,6,RESOURCE_MANAGEMENT,PLAY_POKEMON,119,PLAY,0,0,120,90,90,1,False,2,6,False,True,1,0,1,678,270,4,678,270,4,True,False,Mega Brave,270,False
92640795,581.1,WIN,True,36,5,MAIN,6,ENERGY_MANAGEMENT,ATTACH_ENERGY,,ATTACH,0,0,120,90,90,1,False,3,6,False,True,1,0,1,678,270,4,678,270,4,True,False,Mega Brave,270,False
92640795,581.1,WIN,True,37,5,MAIN,2,TIMING,,,,0,0,120,90,90,1,False,3,6,False,True,1,0,1,678,270,4,678,270,3,True,False,Mega Brave,270,False
92640795,581.1,WIN,True,38,6,TO_ACTIVE,3,ACTIVE_POKEMON_SELECTION,,,CARD,0,0,,,,,False,3,6,False,True,,,1,678,270,3,678,270,3,,,,,True
92640795,581.1,WIN,True,39,7,MAIN,12,RESOURCE_MANAGEMENT,PLAY_ITEM,1079,PLAY,1,0,235,30,30,1,False,2,6,True,True,0,0,0,678,270,3,678,270,3,True,False,Mega Brave,270,False
92640795,581.1,WIN,True,40,7,EVOLVE,1,BENCH_MANAGEMENT,,,EVOLVE,0,0,235,30,30,1,False,2,6,False,True,0,0,0,678,270,3,678,270,3,True,False,Mega Brave,270,False
92640795,581.1,WIN,True,41,7,MAIN,10,RESOURCE_MANAGEMENT,ABILITY,,ABILITY,1,0,235,30,30,1,False,2,6,True,True,0,0,1,678,270,3,678,270,3,True,False,Mega Brave,270,False
92640795,581.1,WIN,True,42,7,TO_HAND,2,RESOURCE_MANAGEMENT,,,CARD,0,0,235,30,30,1,False,2,6,False,True,0,0,1,678,270,3,678,270,3,True,False,Mega Brave,270,False
92640795,581.1,WIN,True,43,7,MAIN,10,RESOURCE_MANAGEMENT,PLAY_SUPPORTER,1198,PLAY,1,0,235,30,30,1,False,2,6,True,True,0,0,1,678,270,3,678,270,3,True,False,Mega Brave,270,False
92640795,581.1,WIN,True,44,7,TO_HAND,3,RESOURCE_MANAGEMENT,,,CARD,0,0,235,30,30,1,False,2,6,False,True,0,0,1,678,270,3,678,270,3,True,False,Mega Brave,270,False
92640795,581.1,WIN,True,45,7,MAIN,10,ENERGY_MANAGEMENT,ATTACH_ENERGY,,ATTACH,1,0,235,30,30,1,False,2,6,True,True,0,0,1,678,270,3,678,270,3,True,False,Mega Brave,270,False
92640795,581.1,WIN,True,46,7,MAIN,7,RESOURCE_MANAGEMENT,PLAY_ITEM,1080,PLAY,1,0,235,30,30,1,False,2,6,True,True,0,0,1,678,270,3,678,270,3,True,False,Mega Brave,270,False
92640795,581.1,WIN,True,47,7,MAIN,5,RESOURCE_MANAGEMENT,PLAY_ITEM,1120,PLAY,1,0,235,30,30,1,False,2,6,True,True,0,0,1,678,270,3,678,270,3,True,False,Mega Brave,270,False
92640795,581.1,WIN,True,48,7,DISCARD_ENERGY,5,ENERGY_MANAGEMENT,,,ENERGY,0,0,235,30,30,1,False,2,6,False,True,0,0,1,678,270,3,678,270,3,True,False,Mega Brave,270,False
92640795,581.1,WIN,True,49,7,MAIN,4,RESOURCE_MANAGEMENT,PLAY_ITEM,1120,PLAY,1,0,235,30,30,1,False,2,6,True,True,0,0,1,678,270,3,678,270,3,True,False,Mega Brave,270,False
92640795,581.1,WIN,True,50,7,MAIN,3,RETREAT_SELECTION,RETREAT,,RETREAT,1,0,235,30,30,1,False,2,6,True,True,0,0,1,678,270,3,678,270,3,True,False,Mega Brave,270,False
92640795,581.1,WIN,True,51,7,SWITCH,2,ACTIVE_POKEMON_SELECTION,,,CARD,0,0,235,30,30,1,False,2,6,False,True,0,0,1,678,270,3,678,270,3,True,False,Mega Brave,270,False
92640795,581.1,WIN,True,52,7,MAIN,3,ATTACK_SELECTION,ATTACK,,ATTACK,2,1,121,320,320,2,False,2,6,False,True,1,1,1,678,270,3,678,70,3,False,False,Mega Brave,270,True
92640795,581.1,WIN,True,53,7,DAMAGE_COUNTER_ANY,4,TARGET_SELECTION,,,CARD,0,0,121,320,320,2,False,2,6,False,True,1,1,1,678,70,3,678,70,3,False,False,Mega Brave,270,False
92640795,581.1,WIN,True,54,7,DAMAGE_COUNTER_ANY,4,TARGET_SELECTION,,,CARD,0,0,121,320,320,2,False,2,6,False,True,1,1,1,678,70,3,678,70,3,False,False,Mega Brave,270,False
92640795,581.1,WIN,True,55,7,DAMAGE_COUNTER_ANY,4,TARGET_SELECTION,,,CARD,0,0,121,320,320,2,False,2,6,False,True,1,1,1,678,70,3,678,70,3,False,False,Mega Brave,270,False
92640795,581.1,WIN,True,56,7,DAMAGE_COUNTER_ANY,4,TARGET_SELECTION,,,CARD,0,0,121,320,320,2,False,2,6,False,True,1,1,1,678,70,3,678,70,3,False,False,Mega Brave,270,False
92640795,581.1,WIN,True,57,7,DAMAGE_COUNTER_ANY,4,TARGET_SELECTION,,,CARD,0,0,121,320,320,2,False,2,6,False,True,1,1,1,678,70,3,678,70,3,False,False,Mega Brave,270,False
92640795,581.1,WIN,True,58,7,DAMAGE_COUNTER_ANY,4,TARGET_SELECTION,,,,0,0,121,320,320,2,False,2,6,False,True,1,1,1,678,70,3,678,70,3,False,False,Mega Brave,270,False
92640795,581.1,WIN,True,59,9,MAIN,12,RESOURCE_MANAGEMENT,ABILITY,,ABILITY,2,0,121,50,320,2,True,2,6,True,True,1,1,1,678,70,3,678,70,3,True,False,Mega Brave,270,False
92640795,581.1,WIN,True,60,9,TO_HAND,2,RESOURCE_MANAGEMENT,,,CARD,0,0,121,50,320,2,True,2,6,False,True,1,1,1,678,70,3,678,70,3,True,False,Mega Brave,270,False
92640795,581.1,WIN,True,61,9,MAIN,12,ENERGY_MANAGEMENT,ATTACH_ENERGY,,ATTACH,2,0,121,50,320,2,True,2,6,True,True,1,1,1,678,70,3,678,70,3,True,False,Mega Brave,270,False
92640795,581.1,WIN,True,62,9,MAIN,6,ATTACK_SELECTION,ATTACK,,ATTACK,2,1,121,50,320,2,True,2,6,True,True,1,1,1,678,70,3,678,0,3,True,False,Mega Brave,270,False
92640795,581.1,WIN,True,63,9,DAMAGE_COUNTER_ANY,5,TARGET_SELECTION,,,CARD,0,0,121,50,320,2,True,2,6,False,True,1,1,1,678,0,3,678,0,3,True,False,Mega Brave,270,False
92640795,581.1,WIN,True,64,9,DAMAGE_COUNTER_ANY,5,TARGET_SELECTION,,,CARD,0,0,121,50,320,2,True,2,6,False,True,1,1,1,678,0,3,678,0,3,True,False,Mega Brave,270,False
92640795,581.1,WIN,True,65,9,DAMAGE_COUNTER_ANY,5,TARGET_SELECTION,,,CARD,0,0,121,50,320,2,True,2,6,False,True,1,1,1,678,0,3,678,0,3,True,False,Mega Brave,270,False
92640795,581.1,WIN,True,66,9,DAMAGE_COUNTER_ANY,5,TARGET_SELECTION,,,CARD,0,0,121,50,320,2,True,2,6,False,True,1,1,1,678,0,3,678,0,3,True,False,Mega Brave,270,False
92640795,581.1,WIN,True,67,9,DAMAGE_COUNTER_ANY,5,TARGET_SELECTION,,,CARD,0,0,121,50,320,2,True,2,6,False,True,1,1,1,678,0,3,678,0,3,True,False,Mega Brave,270,False
92640795,581.1,WIN,True,68,9,DAMAGE_COUNTER_ANY,5,TARGET_SELECTION,,,CARD,0,0,121,50,320,2,True,2,6,False,True,1,1,1,678,0,3,,,3,True,False,Mega Brave,270,False
92640795,581.1,WIN,True,69,9,TO_HAND,6,RESOURCE_MANAGEMENT,,,CARD;CARD;CARD,0,0,121,50,320,2,True,2,6,False,True,1,1,1,,,3,,,3,,,,,False
92640795,581.1,WIN,True,70,9,TO_HAND,3,RESOURCE_MANAGEMENT,,,,0,0,121,50,320,2,True,2,3,False,True,1,1,1,,,3,678,340,3,,,,,False
92640795,581.1,WIN,True,71,11,MAIN,19,RESOURCE_MANAGEMENT,PLAY_ITEM,1121,PLAY,2,0,121,50,320,2,True,2,2,True,True,1,1,1,678,340,3,678,340,3,False,True,,,False
92640795,581.1,WIN,True,72,11,DISCARD,8,RESOURCE_MANAGEMENT,,,CARD;CARD,0,0,121,50,320,2,True,2,2,False,True,1,1,1,678,340,3,678,340,3,False,True,,,False
92640795,581.1,WIN,True,73,11,TO_HAND,4,RESOURCE_MANAGEMENT,,,CARD,0,0,121,50,320,2,True,2,2,False,True,1,1,1,678,340,3,678,340,3,False,True,,,False
92640795,581.1,WIN,True,74,11,MAIN,13,BENCH_MANAGEMENT,EVOLVE,,EVOLVE,2,0,121,50,320,2,True,2,2,True,True,1,1,1,678,340,3,678,340,3,False,True,,,False
92640795,581.1,WIN,True,75,11,MAIN,11,ENERGY_MANAGEMENT,ATTACH_ENERGY,,ATTACH,2,0,121,50,320,2,True,2,2,True,True,1,1,2,678,340,3,678,340,3,False,True,,,False
92640795,581.1,WIN,True,76,11,MAIN,8,RESOURCE_MANAGEMENT,PLAY_SUPPORTER,1227,PLAY,2,0,121,50,320,2,True,2,2,True,True,1,1,2,678,340,3,678,340,3,False,True,,,False
92640795,581.1,WIN,True,77,11,MAIN,8,ATTACK_SELECTION,ATTACK,,ATTACK,2,1,121,50,320,2,True,2,2,True,True,1,1,2,678,340,3,678,140,3,False,True,,,False
92640795,581.1,WIN,True,78,11,DAMAGE_COUNTER_ANY,3,TARGET_SELECTION,,,CARD,0,0,121,50,320,2,True,2,2,False,True,1,1,2,678,140,3,678,140,3,False,True,,,False
92640795,581.1,WIN,True,79,11,DAMAGE_COUNTER_ANY,3,TARGET_SELECTION,,,CARD,0,0,121,50,320,2,True,2,2,False,True,1,1,2,678,140,3,678,140,3,False,True,,,False
92640795,581.1,WIN,True,80,11,DAMAGE_COUNTER_ANY,3,TARGET_SELECTION,,,CARD,0,0,121,50,320,2,True,2,2,False,True,1,1,2,678,140,3,678,140,3,False,True,,,False
92640795,581.1,WIN,True,81,11,DAMAGE_COUNTER_ANY,3,TARGET_SELECTION,,,CARD,0,0,121,50,320,2,True,2,2,False,True,1,1,2,678,140,3,678,140,3,False,True,,,False
92640795,581.1,WIN,True,82,11,DAMAGE_COUNTER_ANY,3,TARGET_SELECTION,,,CARD,0,0,121,50,320,2,True,2,2,False,True,1,1,2,678,140,3,678,140,3,False,True,,,False
92640795,581.1,WIN,True,83,11,DAMAGE_COUNTER_ANY,3,TARGET_SELECTION,,,CARD,0,0,121,50,320,2,True,2,2,False,True,1,1,2,678,140,3,678,140,3,False,True,,,False
92640795,581.1,WIN,True,84,11,TO_HAND,2,RESOURCE_MANAGEMENT,,,,0,0,121,50,320,2,True,2,2,False,True,1,1,2,678,140,3,678,140,3,False,True,,,False
92640795,581.1,WIN,True,85,13,MAIN,11,RESOURCE_MANAGEMENT,PLAY_POKEMON,140,PLAY,2,0,121,50,320,2,True,2,1,True,True,1,1,2,678,140,3,678,140,3,False,True,,,False
92640795,581.1,WIN,True,86,13,MAIN,10,RESOURCE_MANAGEMENT,PLAY_SUPPORTER,1198,PLAY,2,0,121,50,320,2,True,3,1,True,True,1,1,2,678,140,3,678,140,3,False,True,,,False
92640795,581.1,WIN,True,87,13,MAIN,8,ATTACK_SELECTION,ATTACK,,ATTACK,2,1,121,50,320,2,True,3,1,True,True,1,1,2,678,140,3,678,0,3,False,True,,,False
92640795,581.1,WIN,True,88,13,DAMAGE_COUNTER_ANY,2,TARGET_SELECTION,,,CARD,0,0,121,50,320,2,True,3,1,False,True,1,1,2,678,0,3,678,0,3,False,True,,,False
92640795,581.1,WIN,True,89,13,DAMAGE_COUNTER_ANY,2,TARGET_SELECTION,,,CARD,0,0,121,50,320,2,True,3,1,False,True,1,1,2,678,0,3,678,0,3,False,True,,,False
92640795,581.1,WIN,True,90,13,DAMAGE_COUNTER_ANY,2,TARGET_SELECTION,,,CARD,0,0,121,50,320,2,True,3,1,False,True,1,1,2,678,0,3,678,0,3,False,True,,,False
92640795,581.1,WIN,True,91,13,DAMAGE_COUNTER_ANY,2,TARGET_SELECTION,,,CARD,0,0,121,50,320,2,True,3,1,False,True,1,1,2,678,0,3,678,0,3,False,True,,,False
92640795,581.1,WIN,True,92,13,DAMAGE_COUNTER_ANY,2,TARGET_SELECTION,,,CARD,0,0,121,50,320,2,True,3,1,False,True,1,1,2,678,0,3,678,0,3,False,True,,,False
92640795,581.1,WIN,True,93,13,DAMAGE_COUNTER_ANY,2,TARGET_SELECTION,,,CARD,0,0,121,50,320,2,True,3,1,False,True,1,1,2,678,0,3,,,3,False,True,,,False
92641741,562.1,WIN,True,0,,,0,UNKNOWN,,,,0,0,,,,,False,,,False,False,,,0,,,,,,,,,,,False
92641741,562.1,WIN,True,1,,,0,UNKNOWN,,,,0,0,,,,,False,,,False,False,,,0,,,,,,0,,,,,False
92641741,562.1,WIN,True,2,0,IS_FIRST,2,GOING_FIRST_SECOND,,,YES,0,0,,,,,False,0,0,False,False,,,0,,,0,,,0,,,,,False
92641741,562.1,WIN,True,3,0,SETUP_ACTIVE_POKEMON,1,EARLY_GAME_SETUP,,,,0,0,,,,,False,0,0,False,False,,,0,,,0,,,6,,,,,False
92641741,562.1,WIN,True,4,0,DRAW_COUNT,3,SEARCH_DECISION,,,,0,0,,,,,False,0,6,False,False,,,0,,,6,89,70,6,,,,,False
92641741,562.1,WIN,True,5,1,MAIN,4,ENERGY_MANAGEMENT,ATTACH_ENERGY,,ATTACH,0,0,119,70,70,1,False,0,6,False,False,1,0,0,89,70,6,89,70,6,False,False,,,False
92641741,562.1,WIN,True,6,1,MAIN,3,RESOURCE_MANAGEMENT,PLAY_ITEM,1086,PLAY,0,0,119,70,70,1,False,0,6,False,False,1,0,0,89,70,6,89,70,6,False,False,,,False
92641741,562.1,WIN,True,7,1,TO_BENCH,4,BENCH_MANAGEMENT,,,CARD;CARD,0,0,119,70,70,1,False,0,6,False,False,1,0,0,89,70,6,89,70,6,False,False,,,False
92641741,562.1,WIN,True,8,1,MAIN,2,RESOURCE_MANAGEMENT,PLAY_ITEM,1121,PLAY,0,0,119,70,70,1,False,2,6,False,True,1,0,0,89,70,6,89,70,6,False,False,,,False
92641741,562.1,WIN,True,9,1,DISCARD,6,RESOURCE_MANAGEMENT,,,CARD;CARD,0,0,119,70,70,1,False,2,6,False,True,1,0,0,89,70,6,89,70,6,False,False,,,False
92641741,562.1,WIN,True,10,1,TO_HAND,8,RESOURCE_MANAGEMENT,,,CARD,0,0,119,70,70,1,False,2,6,False,True,1,0,0,89,70,6,89,70,6,False,False,,,False
92641741,562.1,WIN,True,11,1,MAIN,2,RESOURCE_MANAGEMENT,PLAY_POKEMON,1071,PLAY,0,0,119,70,70,1,False,2,6,False,True,1,0,0,89,70,6,89,70,6,False,False,,,False
92641741,562.1,WIN,True,12,1,ACTIVATE,2,RESOURCE_MANAGEMENT,,,YES,0,0,119,70,70,1,False,3,6,False,True,1,0,0,89,70,6,89,70,6,False,False,,,False
92641741,562.1,WIN,True,13,1,TO_HAND,9,RESOURCE_MANAGEMENT,,,CARD,0,0,119,70,70,1,False,3,6,False,True,1,0,0,89,70,6,89,70,6,False,False,,,False
92641741,562.1,WIN,True,14,1,MAIN,1,TIMING,,,,0,0,119,70,70,1,False,3,6,False,True,1,0,0,89,70,6,89,70,6,False,False,,,False
92641741,562.1,WIN,True,15,3,MAIN,15,RESOURCE_MANAGEMENT,PLAY_ITEM,1079,PLAY,0,0,119,60,70,1,True,3,6,False,True,1,0,0,89,70,6,89,70,6,False,False,Smash Kick,10,False
92641741,562.1,WIN,True,16,3,EVOLVE,3,BENCH_MANAGEMENT,,,EVOLVE,0,0,119,60,70,1,True,3,6,False,True,1,0,0,89,70,6,89,70,6,False,False,Smash Kick,10,False
92641741,562.1,WIN,True,17,3,MAIN,12,RESOURCE_MANAGEMENT,PLAY_ITEM,1086,PLAY,0,0,121,310,320,2,True,3,6,False,True,1,0,0,89,70,6,89,70,6,False,False,Smash Kick,10,True
92641741,562.1,WIN,True,18,3,TO_BENCH,2,BENCH_MANAGEMENT,,,CARD,0,0,121,310,320,2,True,3,6,False,True,1,0,0,89,70,6,89,70,6,False,False,Smash Kick,10,False
92641741,562.1,WIN,True,19,3,MAIN,12,BENCH_MANAGEMENT,EVOLVE,,EVOLVE,0,0,121,310,320,2,True,4,6,False,True,1,0,0,89,70,6,89,70,6,False,False,Smash Kick,10,False
92641741,562.1,WIN,True,20,3,MAIN,10,RESOURCE_MANAGEMENT,ABILITY,,ABILITY,0,0,121,310,320,2,True,4,6,False,True,1,0,0,89,70,6,89,70,6,False,False,Smash Kick,10,False
92641741,562.1,WIN,True,21,3,TO_HAND,2,RESOURCE_MANAGEMENT,,,CARD,0,0,121,310,320,2,True,4,6,False,True,1,0,0,89,70,6,89,70,6,False,False,Smash Kick,10,False
92641741,562.1,WIN,True,22,3,MAIN,14,BENCH_MANAGEMENT,EVOLVE,,EVOLVE,0,0,121,310,320,2,True,4,6,False,True,1,0,0,89,70,6,89,70,6,False,False,Smash Kick,10,False
92641741,562.1,WIN,True,23,3,MAIN,14,RESOURCE_MANAGEMENT,ABILITY,,ABILITY,0,0,121,310,320,2,True,4,6,False,True,1,0,0,89,70,6,89,70,6,False,False,Smash Kick,10,False
92641741,562.1,WIN,True,24,3,TO_HAND,2,RESOURCE_MANAGEMENT,,,CARD,0,0,121,310,320,2,True,4,6,False,True,1,0,0,89,70,6,89,70,6,False,False,Smash Kick,10,False
92641741,562.1,WIN,True,25,3,MAIN,14,ENERGY_MANAGEMENT,ATTACH_ENERGY,,ATTACH,0,0,121,310,320,2,True,4,6,False,True,1,0,0,89,70,6,89,70,6,False,False,Smash Kick,10,False
92641741,562.1,WIN,True,26,3,MAIN,4,RESOURCE_MANAGEMENT,PLAY_SUPPORTER,1227,PLAY,0,0,121,310,320,2,True,4,6,False,True,1,0,0,89,70,6,89,70,6,False,False,Smash Kick,10,False
92641741,562.1,WIN,True,27,3,MAIN,4,RESOURCE_MANAGEMENT,PLAY_ITEM,1120,PLAY,0,0,121,310,320,2,True,4,6,False,True,1,0,0,89,70,6,89,70,6,False,False,Smash Kick,10,False
92641741,562.1,WIN,True,28,3,MAIN,3,TIMING,,,,0,0,121,310,320,2,True,4,6,False,True,1,0,0,89,70,6,90,100,6,False,False,Smash Kick,10,False
92641741,562.1,WIN,True,29,5,MAIN,19,BENCH_MANAGEMENT,EVOLVE,,EVOLVE,0,0,121,310,320,2,True,4,6,False,True,1,0,0,90,100,6,90,100,6,False,False,,,False
92641741,562.1,WIN,True,30,5,MAIN,16,RESOURCE_MANAGEMENT,ABILITY,,ABILITY,0,0,121,310,320,2,True,4,6,False,True,1,0,0,90,100,6,90,100,6,False,False,,,False
92641741,562.1,WIN,True,31,5,TO_HAND,2,RESOURCE_MANAGEMENT,,,CARD,0,0,121,310,320,2,True,4,6,False,True,1,0,0,90,100,6,90,100,6,False,False,,,False
92641741,562.1,WIN,True,32,5,MAIN,20,RESOURCE_MANAGEMENT,PLAY_ITEM,1121,PLAY,0,0,121,310,320,2,True,4,6,False,True,1,0,0,90,100,6,90,100,6,False,False,,,False
92641741,562.1,WIN,True,33,5,DISCARD,7,RESOURCE_MANAGEMENT,,,CARD;CARD,0,0,121,310,320,2,True,4,6,False,True,1,0,0,90,100,6,90,100,6,False,False,,,False
92641741,562.1,WIN,True,34,5,TO_HAND,2,RESOURCE_MANAGEMENT,,,CARD,0,0,121,310,320,2,True,4,6,False,True,1,0,0,90,100,6,90,100,6,False,False,,,False
92641741,562.1,WIN,True,35,5,MAIN,14,BENCH_MANAGEMENT,EVOLVE,,EVOLVE,0,0,121,310,320,2,True,4,6,False,True,1,0,0,90,100,6,90,100,6,False,False,,,False
92641741,562.1,WIN,True,36,5,MAIN,14,RESOURCE_MANAGEMENT,ABILITY,,ABILITY,0,0,121,310,320,2,True,4,6,False,True,1,0,0,90,100,6,90,100,6,False,False,,,False
92641741,562.1,WIN,True,37,5,TO_HAND,2,RESOURCE_MANAGEMENT,,,CARD,0,0,121,310,320,2,True,4,6,False,True,1,0,0,90,100,6,90,100,6,False,False,,,False
92641741,562.1,WIN,True,38,5,MAIN,14,ENERGY_MANAGEMENT,ATTACH_ENERGY,,ATTACH,0,0,121,310,320,2,True,4,6,False,True,1,0,0,90,100,6,90,100,6,False,False,,,False
92641741,562.1,WIN,True,39,5,MAIN,4,TIMING,,,,0,0,121,310,320,2,True,4,6,False,True,1,0,1,90,100,6,90,100,6,False,False,,,False
92641741,562.1,WIN,True,40,7,MAIN,16,RESOURCE_MANAGEMENT,ABILITY,,ABILITY,0,0,121,310,320,2,True,4,6,False,True,1,0,1,90,100,6,90,100,6,False,False,,,False
92641741,562.1,WIN,True,41,7,TO_HAND,2,RESOURCE_MANAGEMENT,,,CARD,0,0,121,310,320,2,True,4,6,False,True,1,0,1,90,100,6,90,100,6,False,False,,,False
92641741,562.1,WIN,True,42,7,MAIN,16,RESOURCE_MANAGEMENT,PLAY_STADIUM,1256,PLAY,0,0,121,310,320,2,True,4,6,False,True,1,0,1,90,100,6,90,100,6,False,False,,,False
92641741,562.1,WIN,True,43,7,MAIN,15,RESOURCE_MANAGEMENT,ABILITY,,ABILITY,0,0,121,310,320,2,True,4,6,False,True,1,0,1,90,100,6,90,100,6,False,False,,,False
92641741,562.1,WIN,True,44,7,TO_HAND,2,RESOURCE_MANAGEMENT,,,CARD,0,0,121,310,320,2,True,4,6,False,True,1,0,1,90,100,6,90,100,6,False,False,,,False
92641741,562.1,WIN,True,45,7,MAIN,15,RESOURCE_MANAGEMENT,PLAY_SUPPORTER,1210,PLAY,0,0,121,310,320,2,True,4,6,False,True,1,0,1,90,100,6,90,100,6,False,False,,,False
92641741,562.1,WIN,True,46,7,TO_HAND,1,RESOURCE_MANAGEMENT,,,CARD,0,0,121,310,320,2,True,4,6,False,True,1,0,1,90,100,6,90,100,6,False,False,,,False
92641741,562.1,WIN,True,47,7,MAIN,13,ENERGY_MANAGEMENT,ATTACH_ENERGY,,ATTACH,0,0,121,310,320,2,True,4,6,False,True,1,0,1,90,100,6,90,100,6,False,False,,,False
92641741,562.1,WIN,True,48,7,MAIN,3,TIMING,,,,0,0,121,310,320,2,True,4,6,False,True,1,0,1,90,100,6,90,100,6,False,False,,,False
92641741,562.1,WIN,True,49,9,MAIN,13,RESOURCE_MANAGEMENT,ABILITY,,ABILITY,0,0,121,310,320,2,True,4,6,False,True,1,0,1,90,100,6,90,100,6,False,False,,,False
92641741,562.1,WIN,True,50,9,TO_HAND,2,RESOURCE_MANAGEMENT,,,CARD,0,0,121,310,320,2,True,4,6,False,True,1,0,1,90,100,6,90,100,6,False,False,,,False
92641741,562.1,WIN,True,51,9,MAIN,12,RESOURCE_MANAGEMENT,ABILITY,,ABILITY,0,0,121,310,320,2,True,4,6,False,True,1,0,1,90,100,6,90,100,6,False,False,,,False
92641741,562.1,WIN,True,52,9,TO_HAND,2,RESOURCE_MANAGEMENT,,,CARD,0,0,121,310,320,2,True,4,6,False,True,1,0,1,90,100,6,90,100,6,False,False,,,False
92641741,562.1,WIN,True,53,9,MAIN,12,RESOURCE_MANAGEMENT,PLAY_SUPPORTER,1198,PLAY,0,0,121,310,320,2,True,4,6,False,True,1,0,1,90,100,6,90,100,6,False,False,,,False
92641741,562.1,WIN,True,54,9,TO_HAND,3,RESOURCE_MANAGEMENT,,,CARD,0,0,121,310,320,2,True,4,6,False,True,1,0,1,90,100,6,90,100,6,False,False,,,False
92641741,562.1,WIN,True,55,9,ATTACH_TO,2,ENERGY_MANAGEMENT,,,CARD,0,0,121,310,320,2,True,4,6,False,True,1,0,1,90,100,6,90,100,6,False,False,,,False
92641741,562.1,WIN,True,56,9,ATTACH_FROM,5,ENERGY_MANAGEMENT,,,CARD,0,0,121,310,320,2,True,4,6,False,True,1,0,1,90,100,6,90,100,6,False,False,,,False
92641741,562.1,WIN,True,57,9,MAIN,16,ENERGY_MANAGEMENT,ATTACH_ENERGY,,ATTACH,1,0,121,310,320,2,True,4,6,True,True,1,1,1,90,100,6,90,100,6,False,False,,,False
92641741,562.1,WIN,True,58,9,MAIN,7,ATTACK_SELECTION,ATTACK,,ATTACK,2,1,121,310,320,2,True,4,6,True,True,1,1,1,90,100,6,90,0,6,False,False,,,False
92641741,562.1,WIN,True,59,9,DAMAGE_COUNTER_ANY,4,TARGET_SELECTION,,,CARD,0,0,121,310,320,2,True,4,6,False,True,1,1,1,90,0,6,90,0,6,False,False,,,False
92641741,562.1,WIN,True,60,9,DAMAGE_COUNTER_ANY,4,TARGET_SELECTION,,,CARD,0,0,121,310,320,2,True,4,6,False,True,1,1,1,90,0,6,90,0,6,False,False,,,False
92641741,562.1,WIN,True,61,9,DAMAGE_COUNTER_ANY,4,TARGET_SELECTION,,,CARD,0,0,121,310,320,2,True,4,6,False,True,1,1,1,90,0,6,90,0,6,False,False,,,False
92641741,562.1,WIN,True,62,9,DAMAGE_COUNTER_ANY,4,TARGET_SELECTION,,,CARD,0,0,121,310,320,2,True,4,6,False,True,1,1,1,90,0,6,90,0,6,False,False,,,False
92641741,562.1,WIN,True,63,9,DAMAGE_COUNTER_ANY,4,TARGET_SELECTION,,,CARD,0,0,121,310,320,2,True,4,6,False,True,1,1,1,90,0,6,90,0,6,False,False,,,False
92641741,562.1,WIN,True,64,9,DAMAGE_COUNTER_ANY,4,TARGET_SELECTION,,,CARD,0,0,121,310,320,2,True,4,6,False,True,1,1,1,90,0,6,,,6,False,False,,,False
92641741,562.1,WIN,True,65,9,TO_HAND,6,RESOURCE_MANAGEMENT,,,,0,0,121,310,320,2,True,4,6,False,True,1,1,1,,,6,93,30,6,,,,,False
92641741,562.1,WIN,True,66,11,MAIN,19,RESOURCE_MANAGEMENT,PLAY_STADIUM,1256,PLAY,2,0,121,150,320,2,True,4,5,True,True,1,1,1,93,30,6,93,30,6,False,False,Do the Wave,0,False
92641741,562.1,WIN,True,67,11,MAIN,18,RESOURCE_MANAGEMENT,PLAY_ITEM,1120,PLAY,2,0,121,150,320,2,True,4,5,True,True,1,1,1,93,30,6,93,30,6,False,False,Do the Wave,0,False
92641741,562.1,WIN,True,68,11,MAIN,17,RESOURCE_MANAGEMENT,ABILITY,,ABILITY,2,0,121,150,320,2,True,4,5,True,True,1,1,1,93,30,6,93,30,6,False,False,Do the Wave,0,False
92641741,562.1,WIN,True,69,11,TO_HAND,2,RESOURCE_MANAGEMENT,,,CARD,0,0,121,150,320,2,True,4,5,False,True,1,1,1,93,30,6,93,30,6,False,False,Do the Wave,0,False
92641741,562.1,WIN,True,70,11,MAIN,17,RESOURCE_MANAGEMENT,PLAY_ITEM,1120,PLAY,2,0,121,150,320,2,True,4,5,True,True,1,1,1,93,30,6,93,30,6,False,False,Do the Wave,0,False
92641741,562.1,WIN,True,71,11,DISCARD_ENERGY,1,ENERGY_MANAGEMENT,,,ENERGY,0,0,121,150,320,2,True,4,5,False,True,1,1,1,93,30,6,93,30,6,False,False,Do the Wave,0,False
92641741,562.1,WIN,True,72,11,MAIN,16,RESOURCE_MANAGEMENT,ABILITY,,ABILITY,2,0,121,150,320,2,True,4,5,True,True,1,1,1,93,30,6,93,30,6,False,False,,,False
92641741,562.1,WIN,True,73,11,TO_HAND,2,RESOURCE_MANAGEMENT,,,CARD,0,0,121,150,320,2,True,4,5,False,True,1,1,1,93,30,6,93,30,6,False,False,,,False
92641741,562.1,WIN,True,74,11,MAIN,16,RESOURCE_MANAGEMENT,PLAY_SUPPORTER,1198,PLAY,2,0,121,150,320,2,True,4,5,True,True,1,1,1,93,30,6,93,30,6,False,False,,,False
92641741,562.1,WIN,True,75,11,TO_HAND,1,RESOURCE_MANAGEMENT,,,CARD,0,0,121,150,320,2,True,4,5,False,True,1,1,1,93,30,6,93,30,6,False,False,,,False
92641741,562.1,WIN,True,76,11,MAIN,18,ENERGY_MANAGEMENT,ATTACH_ENERGY,,ATTACH,2,0,121,150,320,2,True,4,5,True,True,1,1,1,93,30,6,93,30,6,False,False,,,False
92641741,562.1,WIN,True,77,11,MAIN,8,ATTACK_SELECTION,ATTACK,,ATTACK,2,1,121,150,320,2,True,4,5,True,True,1,1,1,93,30,6,93,0,6,False,False,,,False
92641741,562.1,WIN,True,78,11,DAMAGE_COUNTER_ANY,4,TARGET_SELECTION,,,CARD,0,0,121,150,320,2,True,4,5,False,True,1,1,1,93,0,6,93,0,6,False,False,,,False
92641741,562.1,WIN,True,79,11,DAMAGE_COUNTER_ANY,4,TARGET_SELECTION,,,CARD,0,0,121,150,320,2,True,4,5,False,True,1,1,1,93,0,6,93,0,6,False,False,,,False
92641741,562.1,WIN,True,80,11,DAMAGE_COUNTER_ANY,4,TARGET_SELECTION,,,CARD,0,0,121,150,320,2,True,4,5,False,True,1,1,1,93,0,6,93,0,6,False,False,,,False
92641741,562.1,WIN,True,81,11,DAMAGE_COUNTER_ANY,4,TARGET_SELECTION,,,CARD,0,0,121,150,320,2,True,4,5,False,True,1,1,1,93,0,6,93,0,6,False,False,,,False
92641741,562.1,WIN,True,82,11,DAMAGE_COUNTER_ANY,4,TARGET_SELECTION,,,CARD,0,0,121,150,320,2,True,4,5,False,True,1,1,1,93,0,6,93,0,6,False,False,,,False
92641741,562.1,WIN,True,83,11,DAMAGE_COUNTER_ANY,4,TARGET_SELECTION,,,CARD,0,0,121,150,320,2,True,4,5,False,True,1,1,1,93,0,6,,,6,False,False,,,False
92641741,562.1,WIN,True,84,11,TO_HAND,5,RESOURCE_MANAGEMENT,,,CARD,0,0,121,150,320,2,True,4,5,False,True,1,1,1,,,6,,,6,,,,,False
92641741,562.1,WIN,True,85,11,TO_HAND,4,RESOURCE_MANAGEMENT,,,,0,0,121,150,320,2,True,4,4,False,True,1,1,1,,,6,93,60,4,,,,,False
92641741,562.1,WIN,True,86,12,TO_ACTIVE,4,ACTIVE_POKEMON_SELECTION,,,CARD,0,0,,,,,False,4,3,False,True,,,1,93,60,4,93,60,4,,,,,True
92641741,562.1,WIN,True,87,13,MAIN,9,RESOURCE_MANAGEMENT,ABILITY,,ABILITY,2,0,121,320,320,2,False,3,3,True,True,1,1,0,93,60,4,93,60,4,False,False,Do the Wave,0,False
92641741,562.1,WIN,True,88,13,TO_HAND,2,RESOURCE_MANAGEMENT,,,CARD,0,0,121,320,320,2,False,3,3,False,True,1,1,0,93,60,4,93,60,4,False,False,Do the Wave,0,False
92641741,562.1,WIN,True,89,13,MAIN,9,RESOURCE_MANAGEMENT,ABILITY,,ABILITY,2,0,121,320,320,2,False,3,3,True,True,1,1,0,93,60,4,93,60,4,False,False,Do the Wave,0,False
92641741,562.1,WIN,True,90,13,TO_HAND,2,RESOURCE_MANAGEMENT,,,CARD,0,0,121,320,320,2,False,3,3,False,True,1,1,0,93,60,4,93,60,4,False,False,Do the Wave,0,False
92641741,562.1,WIN,True,91,13,MAIN,9,RESOURCE_MANAGEMENT,PLAY_SUPPORTER,1227,PLAY,2,0,121,320,320,2,False,3,3,True,True,1,1,0,93,60,4,93,60,4,False,False,Do the Wave,0,False
92641741,562.1,WIN,True,92,13,MAIN,7,RESOURCE_MANAGEMENT,PLAY_ITEM,1080,PLAY,2,0,121,320,320,2,False,3,3,True,True,1,1,0,93,60,4,93,60,4,False,False,Do the Wave,0,False
92641741,562.1,WIN,True,93,13,MAIN,10,RESOURCE_MANAGEMENT,PLAY_ITEM,1120,PLAY,2,0,121,320,320,2,False,3,3,True,True,1,1,0,93,60,4,93,60,4,False,False,Do the Wave,0,False
92641741,562.1,WIN,True,94,13,MAIN,9,ENERGY_MANAGEMENT,ATTACH_ENERGY,,ATTACH,2,0,121,320,320,2,False,3,3,True,True,1,1,0,93,60,4,93,60,4,False,False,Do the Wave,0,False
92641741,562.1,WIN,True,95,13,MAIN,5,ATTACK_SELECTION,ATTACK,,ATTACK,2,1,121,320,320,2,False,3,3,True,True,1,1,1,93,60,4,93,0,4,False,False,Do the Wave,0,False
92641741,562.1,WIN,True,96,13,DAMAGE_COUNTER_ANY,4,TARGET_SELECTION,,,CARD,0,0,121,320,320,2,False,3,3,False,True,1,1,1,93,0,4,93,0,4,False,False,Do the Wave,0,False
92641741,562.1,WIN,True,97,13,DAMAGE_COUNTER_ANY,4,TARGET_SELECTION,,,CARD,0,0,121,320,320,2,False,3,3,False,True,1,1,1,93,0,4,93,0,4,False,False,Do the Wave,0,False
92641741,562.1,WIN,True,98,13,DAMAGE_COUNTER_ANY,4,TARGET_SELECTION,,,CARD,0,0,121,320,320,2,False,3,3,False,True,1,1,1,93,0,4,93,0,4,False,False,Do the Wave,0,False
92641741,562.1,WIN,True,99,13,DAMAGE_COUNTER_ANY,4,TARGET_SELECTION,,,CARD,0,0,121,320,320,2,False,3,3,False,True,1,1,1,93,0,4,93,0,4,False,False,Do the Wave,0,False
92641741,562.1,WIN,True,100,13,DAMAGE_COUNTER_ANY,4,TARGET_SELECTION,,,CARD,0,0,121,320,320,2,False,3,3,False,True,1,1,1,93,0,4,93,0,4,False,False,Do the Wave,0,False
92641741,562.1,WIN,True,101,13,DAMAGE_COUNTER_ANY,4,TARGET_SELECTION,,,CARD,0,0,121,320,320,2,False,3,3,False,True,1,1,1,93,0,4,,,4,False,False,Do the Wave,0,False
92641741,562.1,WIN,True,102,13,TO_HAND,3,RESOURCE_MANAGEMENT,,,CARD,0,0,121,320,320,2,False,3,3,False,True,1,1,1,,,4,,,4,,,,,False
92641741,562.1,WIN,True,103,13,TO_HAND,2,RESOURCE_MANAGEMENT,,,,0,0,121,320,320,2,False,3,2,False,True,1,1,1,,,4,90,100,4,,,,,False
92641741,562.1,WIN,True,104,15,MAIN,12,RESOURCE_MANAGEMENT,ABILITY,,ABILITY,2,0,121,320,320,2,False,3,1,True,True,1,1,1,90,100,4,90,100,4,False,False,,,False
92641741,562.1,WIN,True,105,15,TO_HAND,2,RESOURCE_MANAGEMENT,,,CARD,0,0,121,320,320,2,False,3,1,False,True,1,1,1,90,100,4,90,100,4,False,False,,,False
92641741,562.1,WIN,True,106,15,MAIN,11,RESOURCE_MANAGEMENT,ABILITY,,ABILITY,2,0,121,320,320,2,False,3,1,True,True,1,1,1,90,100,4,90,100,4,False,False,,,False
92641741,562.1,WIN,True,107,15,TO_HAND,2,RESOURCE_MANAGEMENT,,,CARD,0,0,121,320,320,2,False,3,1,False,True,1,1,1,90,100,4,90,100,4,False,False,,,False
92641741,562.1,WIN,True,108,15,MAIN,11,RESOURCE_MANAGEMENT,PLAY_SUPPORTER,1227,PLAY,2,0,121,320,320,2,False,3,1,True,True,1,1,1,90,100,4,90,100,4,False,False,,,False
92641741,562.1,WIN,True,109,15,MAIN,9,RESOURCE_MANAGEMENT,PLAY_POKEMON,140,PLAY,2,0,121,320,320,2,False,3,1,True,True,1,1,1,90,100,4,90,100,4,False,False,,,False
92641741,562.1,WIN,True,110,15,MAIN,8,RESOURCE_MANAGEMENT,PLAY_ITEM,1121,PLAY,2,0,121,320,320,2,False,4,1,True,True,1,1,1,90,100,4,90,100,4,False,False,,,False
92641741,562.1,WIN,True,111,15,DISCARD,4,RESOURCE_MANAGEMENT,,,CARD;CARD,0,0,121,320,320,2,False,4,1,False,True,1,1,1,90,100,4,90,100,4,False,False,,,False
92641741,562.1,WIN,True,112,15,TO_HAND,2,RESOURCE_MANAGEMENT,,,CARD,0,0,121,320,320,2,False,4,1,False,True,1,1,1,90,100,4,90,100,4,False,False,,,False
92641741,562.1,WIN,True,113,15,MAIN,7,ATTACK_SELECTION,ATTACK,,ATTACK,2,1,121,320,320,2,False,4,1,True,True,1,1,1,90,100,4,90,0,4,False,False,,,False
92641741,562.1,WIN,True,114,15,DAMAGE_COUNTER_ANY,3,TARGET_SELECTION,,,CARD,0,0,121,320,320,2,False,4,1,False,True,1,1,1,90,0,4,90,0,4,False,False,,,False
92641741,562.1,WIN,True,115,15,DAMAGE_COUNTER_ANY,3,TARGET_SELECTION,,,CARD,0,0,121,320,320,2,False,4,1,False,True,1,1,1,90,0,4,90,0,4,False,False,,,False
92641741,562.1,WIN,True,116,15,DAMAGE_COUNTER_ANY,3,TARGET_SELECTION,,,CARD,0,0,121,320,320,2,False,4,1,False,True,1,1,1,90,0,4,90,0,4,False,False,,,False
92641741,562.1,WIN,True,117,15,DAMAGE_COUNTER_ANY,3,TARGET_SELECTION,,,CARD,0,0,121,320,320,2,False,4,1,False,True,1,1,1,90,0,4,90,0,4,False,False,,,False
92641741,562.1,WIN,True,118,15,DAMAGE_COUNTER_ANY,3,TARGET_SELECTION,,,CARD,0,0,121,320,320,2,False,4,1,False,True,1,1,1,90,0,4,90,0,4,False,False,,,False
92641741,562.1,WIN,True,119,15,DAMAGE_COUNTER_ANY,3,TARGET_SELECTION,,,CARD,0,0,121,320,320,2,False,4,1,False,True,1,1,1,90,0,4,,,4,False,False,,,False
92642676,772.0,LOSS,True,0,,,0,UNKNOWN,,,,0,0,,,,,False,,,False,False,,,0,,,,,,,,,,,False
92642676,772.0,LOSS,True,1,,,0,UNKNOWN,,,,0,0,,,,,False,,,False,False,,,0,,,,,,0,,,,,False
92642676,772.0,LOSS,True,2,0,IS_FIRST,2,GOING_FIRST_SECOND,,,,0,0,,,,,False,0,0,False,False,,,0,,,0,,,6,,,,,False
92642676,772.0,LOSS,True,3,0,SETUP_ACTIVE_POKEMON,1,EARLY_GAME_SETUP,,,,0,0,,,,,False,0,0,False,False,,,0,,,6,646,70,6,,,,,False
92642676,772.0,LOSS,True,4,1,MAIN,3,RESOURCE_MANAGEMENT,PLAY_ITEM,1086,PLAY,0,0,184,210,210,2,False,0,6,False,False,2,0,0,646,70,6,646,70,6,False,False,,,False
92642676,772.0,LOSS,True,5,1,TO_BENCH,6,BENCH_MANAGEMENT,,,CARD;CARD,0,0,184,210,210,2,False,0,6,False,False,2,0,0,646,70,6,646,70,6,False,False,,,False
92642676,772.0,LOSS,True,6,1,MAIN,5,ENERGY_MANAGEMENT,ATTACH_ENERGY,,ATTACH,0,0,184,210,210,2,False,2,6,True,True,2,0,0,646,70,6,646,70,6,False,False,,,False
92642676,772.0,LOSS,True,7,1,MAIN,2,TIMING,,,,0,0,184,210,210,2,False,2,6,True,True,2,0,1,646,70,6,646,70,6,False,False,,,False
92642676,772.0,LOSS,True,8,3,MAIN,8,RESOURCE_MANAGEMENT,PLAY_ITEM,1152,PLAY,0,0,184,210,210,2,False,2,6,True,True,2,0,1,646,70,6,646,70,6,False,False,Corkscrew Punch,10,False
92642676,772.0,LOSS,True,9,3,TO_HAND,6,RESOURCE_MANAGEMENT,,,CARD,0,0,184,210,210,2,False,2,6,False,True,2,0,1,646,70,6,646,70,6,False,False,Corkscrew Punch,10,False
92642676,772.0,LOSS,True,10,3,MAIN,8,RESOURCE_MANAGEMENT,PLAY_POKEMON,235,PLAY,0,0,184,210,210,2,False,2,6,True,True,2,0,1,646,70,6,646,70,6,False,False,Corkscrew Punch,10,False
92642676,772.0,LOSS,True,11,3,MAIN,7,RESOURCE_MANAGEMENT,PLAY_ITEM,1120,PLAY,0,0,184,210,210,2,False,3,6,True,True,2,0,2,646,70,6,646,70,6,False,False,Corkscrew Punch,10,False
92642676,772.0,LOSS,True,12,3,MAIN,6,RESOURCE_MANAGEMENT,ABILITY,,ABILITY,0,0,184,210,210,2,False,3,6,True,True,2,0,2,646,70,6,646,70,6,False,False,Corkscrew Punch,10,False
92642676,772.0,LOSS,True,13,3,MAIN,5,RESOURCE_MANAGEMENT,PLAY_SUPPORTER,1210,PLAY,0,0,184,210,210,2,False,3,6,True,True,2,0,2,646,70,6,646,70,6,False,False,Corkscrew Punch,10,False
92642676,772.0,LOSS,True,14,3,TO_HAND,7,RESOURCE_MANAGEMENT,,,CARD,0,0,184,210,210,2,False,3,6,False,True,2,0,2,646,70,6,646,70,6,False,False,Corkscrew Punch,10,False
92642676,772.0,LOSS,True,15,3,MAIN,6,BENCH_MANAGEMENT,EVOLVE,,EVOLVE,0,0,184,210,210,2,False,3,6,True,True,2,0,2,646,70,6,646,70,6,False,False,Corkscrew Punch,10,False
92642676,772.0,LOSS,True,16,3,MAIN,4,RESOURCE_MANAGEMENT,ABILITY,,ABILITY,0,0,184,210,210,2,False,3,6,True,True,2,0,1,646,70,6,646,70,6,False,False,Corkscrew Punch,10,False
92642676,772.0,LOSS,True,17,3,TO_HAND,2,RESOURCE_MANAGEMENT,,,CARD,0,0,184,210,210,2,False,3,6,False,True,2,0,1,646,70,6,646,70,6,False,False,Corkscrew Punch,10,False
92642676,772.0,LOSS,True,18,3,MAIN,3,BENCH_MANAGEMENT,EVOLVE,,EVOLVE,0,0,184,210,210,2,False,3,6,True,True,2,0,1,646,70,6,646,70,6,False,False,Corkscrew Punch,10,False
92642676,772.0,LOSS,True,19,3,MAIN,3,RESOURCE_MANAGEMENT,ABILITY,,ABILITY,0,0,184,210,210,2,False,3,6,True,True,2,0,1,646,70,6,646,70,6,False,False,Corkscrew Punch,10,False
92642676,772.0,LOSS,True,20,3,TO_HAND,2,RESOURCE_MANAGEMENT,,,CARD,0,0,184,210,210,2,False,3,6,False,True,2,0,1,646,70,6,646,70,6,False,False,Corkscrew Punch,10,False
92642676,772.0,LOSS,True,21,3,MAIN,3,RETREAT_SELECTION,RETREAT,,RETREAT,0,0,184,210,210,2,False,3,6,True,True,2,0,1,646,70,6,646,70,6,False,False,Corkscrew Punch,10,False
92642676,772.0,LOSS,True,22,3,SWITCH,3,ACTIVE_POKEMON_SELECTION,,,CARD,0,0,184,210,210,2,False,3,6,False,True,2,0,1,646,70,6,646,70,6,False,False,Corkscrew Punch,10,False
92642676,772.0,LOSS,True,23,3,MAIN,3,TIMING,,,,1,0,235,30,30,1,False,3,6,False,True,0,0,0,646,70,6,646,70,6,False,False,Corkscrew Punch,10,True
92642676,772.0,LOSS,True,24,5,MAIN,10,BENCH_MANAGEMENT,EVOLVE,,EVOLVE,1,0,235,30,30,1,False,3,6,True,True,0,0,0,646,70,6,646,70,6,False,False,Corkscrew Punch,10,False
92642676,772.0,LOSS,True,25,5,MAIN,7,RESOURCE_MANAGEMENT,PLAY_POKEMON,1071,PLAY,1,0,235,30,30,1,False,3,6,True,True,0,0,1,646,70,6,646,70,6,False,False,Corkscrew Punch,10,False
92642676,772.0,LOSS,True,26,5,ACTIVATE,2,RESOURCE_MANAGEMENT,,,YES,0,0,235,30,30,1,False,4,6,False,True,0,0,1,646,70,6,646,70,6,False,False,Corkscrew Punch,10,False
92642676,772.0,LOSS,True,27,5,TO_HAND,10,RESOURCE_MANAGEMENT,,,CARD,0,0,235,30,30,1,False,4,6,False,True,0,0,1,646,70,6,646,70,6,False,False,Corkscrew Punch,10,False
92642676,772.0,LOSS,True,28,5,MAIN,7,RESOURCE_MANAGEMENT,PLAY_ITEM,1120,PLAY,1,0,235,30,30,1,False,4,6,True,True,0,0,1,646,70,6,646,70,6,False,False,Corkscrew Punch,10,False
92642676,772.0,LOSS,True,29,5,MAIN,6,RESOURCE_MANAGEMENT,ABILITY,,ABILITY,1,0,235,30,30,1,False,4,6,True,True,0,0,1,646,70,6,646,70,6,False,False,Corkscrew Punch,10,False
92642676,772.0,LOSS,True,30,5,TO_HAND,2,RESOURCE_MANAGEMENT,,,CARD,0,0,235,30,30,1,False,4,6,False,True,0,0,1,646,70,6,646,70,6,False,False,Corkscrew Punch,10,False
92642676,772.0,LOSS,True,31,5,MAIN,6,RESOURCE_MANAGEMENT,PLAY_ITEM,1086,PLAY,1,0,235,30,30,1,False,4,6,True,True,0,0,1,646,70,6,646,70,6,False,False,Corkscrew Punch,10,False
92642676,772.0,LOSS,True,32,5,TO_BENCH,3,BENCH_MANAGEMENT,,,CARD,0,0,235,30,30,1,False,4,6,False,True,0,0,1,646,70,6,646,70,6,False,False,Corkscrew Punch,10,False
92642676,772.0,LOSS,True,33,5,MAIN,5,RESOURCE_MANAGEMENT,ABILITY,,ABILITY,1,0,235,30,30,1,False,5,6,True,True,0,0,1,646,70,6,646,70,6,False,False,Corkscrew Punch,10,False
92642676,772.0,LOSS,True,34,5,MAIN,4,RESOURCE_MANAGEMENT,PLAY_SUPPORTER,1198,PLAY,1,0,235,30,30,1,False,5,6,True,True,0,0,1,646,70,6,646,70,6,False,False,Corkscrew Punch,10,False
92642676,772.0,LOSS,True,35,5,TO_HAND,7,RESOURCE_MANAGEMENT,,,CARD,0,0,235,30,30,1,False,5,6,False,True,0,0,1,646,70,6,646,70,6,False,False,Corkscrew Punch,10,False
92642676,772.0,LOSS,True,36,5,ATTACH_TO,4,ENERGY_MANAGEMENT,,,CARD,0,0,235,30,30,1,False,5,6,False,True,0,0,1,646,70,6,646,70,6,False,False,Corkscrew Punch,10,False
92642676,772.0,LOSS,True,37,5,ATTACH_FROM,6,ENERGY_MANAGEMENT,,,CARD,0,0,235,30,30,1,False,5,6,False,True,0,0,1,646,70,6,646,70,6,False,False,Corkscrew Punch,10,False
92642676,772.0,LOSS,True,38,5,MAIN,9,ENERGY_MANAGEMENT,ATTACH_ENERGY,,ATTACH,1,0,235,30,30,1,False,5,6,True,True,0,0,1,646,70,6,646,70,6,False,False,Corkscrew Punch,10,False
92642676,772.0,LOSS,True,39,5,MAIN,3,RETREAT_SELECTION,RETREAT,,RETREAT,1,0,235,30,30,1,False,5,6,True,True,0,0,2,646,70,6,646,70,6,False,False,Corkscrew Punch,10,False
92642676,772.0,LOSS,True,40,5,SWITCH,5,ACTIVE_POKEMON_SELECTION,,,CARD,0,0,235,30,30,1,False,5,6,False,True,0,0,2,646,70,6,646,70,6,False,False,Corkscrew Punch,10,False
92642676,772.0,LOSS,True,41,5,MAIN,3,ATTACK_SELECTION,ATTACK,,ATTACK,2,1,121,300,320,2,True,5,6,False,True,1,1,2,646,70,6,646,0,6,False,False,Corkscrew Punch,10,True
92642676,772.0,LOSS,True,42,5,DAMAGE_COUNTER_ANY,4,TARGET_SELECTION,,,CARD,0,0,121,300,320,2,True,5,6,False,True,1,1,2,646,0,6,646,0,6,False,False,Corkscrew Punch,10,False
92642676,772.0,LOSS,True,43,5,DAMAGE_COUNTER_ANY,4,TARGET_SELECTION,,,CARD,0,0,121,300,320,2,True,5,6,False,True,1,1,2,646,0,6,646,0,6,False,False,Corkscrew Punch,10,False
92642676,772.0,LOSS,True,44,5,DAMAGE_COUNTER_ANY,4,TARGET_SELECTION,,,CARD,0,0,121,300,320,2,True,5,6,False,True,1,1,2,646,0,6,646,0,6,False,False,Corkscrew Punch,10,False
92642676,772.0,LOSS,True,45,5,DAMAGE_COUNTER_ANY,4,TARGET_SELECTION,,,CARD,0,0,121,300,320,2,True,5,6,False,True,1,1,2,646,0,6,646,0,6,False,False,Corkscrew Punch,10,False
92642676,772.0,LOSS,True,46,5,DAMAGE_COUNTER_ANY,4,TARGET_SELECTION,,,CARD,0,0,121,300,320,2,True,5,6,False,True,1,1,2,646,0,6,646,0,6,False,False,Corkscrew Punch,10,False
92642676,772.0,LOSS,True,47,5,DAMAGE_COUNTER_ANY,4,TARGET_SELECTION,,,CARD,0,0,121,300,320,2,True,5,6,False,True,1,1,2,646,0,6,,,6,False,False,Corkscrew Punch,10,False
92642676,772.0,LOSS,True,48,5,TO_HAND,6,RESOURCE_MANAGEMENT,,,,0,0,121,300,320,2,True,5,6,False,True,1,1,2,,,6,648,320,5,,,,,False
92642676,772.0,LOSS,True,49,7,MAIN,16,RESOURCE_MANAGEMENT,PLAY_ITEM,1120,PLAY,2,0,121,120,320,2,True,4,5,True,True,1,1,2,648,320,5,648,320,5,True,False,Shadow Bullet,180,False
92642676,772.0,LOSS,True,50,7,DISCARD_ENERGY,7,ENERGY_MANAGEMENT,,,ENERGY,0,0,121,120,320,2,True,4,5,False,True,1,1,2,648,320,5,648,320,5,True,False,Shadow Bullet,180,False
92642676,772.0,LOSS,True,51,7,MAIN,15,RESOURCE_MANAGEMENT,ABILITY,,ABILITY,2,0,121,120,320,2,True,4,5,True,True,1,1,2,648,320,5,648,320,5,True,False,Shadow Bullet,180,False
92642676,772.0,LOSS,True,52,7,MAIN,14,ENERGY_MANAGEMENT,ATTACH_ENERGY,,ATTACH,2,0,121,120,320,2,True,4,5,True,True,1,1,2,648,320,5,648,320,5,True,False,Shadow Bullet,180,False
92642676,772.0,LOSS,True,53,7,MAIN,4,RETREAT_SELECTION,RETREAT,,RETREAT,2,0,121,120,320,2,True,4,5,True,True,1,1,2,648,320,5,648,320,5,True,False,Shadow Bullet,180,False
92642676,772.0,LOSS,True,54,7,DISCARD_ENERGY,2,ENERGY_MANAGEMENT,,,ENERGY,0,0,121,120,320,2,True,4,5,False,True,1,1,2,648,320,5,648,320,5,True,False,Shadow Bullet,180,False
92642676,772.0,LOSS,True,55,7,SWITCH,4,ACTIVE_POKEMON_SELECTION,,,CARD,0,0,121,120,320,2,True,4,5,False,True,1,1,2,648,320,5,648,320,5,True,False,Shadow Bullet,180,False
92642676,772.0,LOSS,True,56,7,MAIN,2,TIMING,,,,1,0,235,30,30,1,False,4,5,False,True,0,0,2,648,320,5,648,320,3,True,False,Shadow Bullet,180,True
92642676,772.0,LOSS,True,57,8,TO_ACTIVE,4,ACTIVE_POKEMON_SELECTION,,,CARD,0,0,,,,,False,4,5,False,True,,,3,648,320,3,648,320,3,,,,,True
92642676,772.0,LOSS,True,58,9,MAIN,9,RESOURCE_MANAGEMENT,ABILITY,,ABILITY,1,0,235,30,30,1,False,3,5,True,True,0,0,2,648,320,3,648,320,3,True,False,Shadow Bullet,180,False
92642676,772.0,LOSS,True,59,9,MAIN,8,ENERGY_MANAGEMENT,ATTACH_ENERGY,,ATTACH,1,0,235,30,30,1,False,3,5,True,True,0,0,2,648,320,3,648,320,3,True,False,Shadow Bullet,180,False
92642676,772.0,LOSS,True,60,9,MAIN,4,RESOURCE_MANAGEMENT,PLAY_SUPPORTER,1227,PLAY,1,0,235,30,30,1,False,3,5,True,True,0,0,2,648,320,3,648,320,3,True,False,Shadow Bullet,180,False
92642676,772.0,LOSS,True,61,9,MAIN,9,ENERGY_MANAGEMENT,ATTACH_ENERGY,,ATTACH,1,0,235,30,30,1,False,3,5,True,True,0,0,2,648,320,3,648,320,3,True,False,Shadow Bullet,180,False
92642676,772.0,LOSS,True,62,9,MAIN,5,RESOURCE_MANAGEMENT,PLAY_ITEM,1152,PLAY,1,0,235,30,30,1,False,3,5,True,True,0,0,2,648,320,3,648,320,3,True,False,Shadow Bullet,180,False
92642676,772.0,LOSS,True,63,9,TO_HAND,3,RESOURCE_MANAGEMENT,,,CARD,0,0,235,30,30,1,False,3,5,False,True,0,0,2,648,320,3,648,320,3,True,False,Shadow Bullet,180,False
92642676,772.0,LOSS,True,64,9,MAIN,5,RESOURCE_MANAGEMENT,PLAY_POKEMON,119,PLAY,1,0,235,30,30,1,False,3,5,True,True,0,0,2,648,320,3,648,320,3,True,False,Shadow Bullet,180,False
92642676,772.0,LOSS,True,65,9,MAIN,4,BENCH_MANAGEMENT,EVOLVE,,EVOLVE,1,0,235,30,30,1,False,4,5,True,True,0,0,2,648,320,3,648,320,3,True,False,Shadow Bullet,180,False
92642676,772.0,LOSS,True,66,9,MAIN,4,RESOURCE_MANAGEMENT,ABILITY,,ABILITY,1,0,235,30,30,1,False,4,5,True,True,0,0,2,648,320,3,648,320,3,True,False,Shadow Bullet,180,False
92642676,772.0,LOSS,True,67,9,TO_HAND,2,RESOURCE_MANAGEMENT,,,CARD,0,0,235,30,30,1,False,4,5,False,True,0,0,2,648,320,3,648,320,3,True,False,Shadow Bullet,180,False
92642676,772.0,LOSS,True,68,9,MAIN,4,RETREAT_SELECTION,RETREAT,,RETREAT,1,0,235,30,30,1,False,4,5,True,True,0,0,2,648,320,3,648,320,3,True,False,Shadow Bullet,180,False
92642676,772.0,LOSS,True,69,9,SWITCH,4,ACTIVE_POKEMON_SELECTION,,,CARD,0,0,235,30,30,1,False,4,5,False,True,0,0,2,648,320,3,648,320,3,True,False,Shadow Bullet,180,False
92642676,772.0,LOSS,True,70,9,MAIN,4,ATTACK_SELECTION,ATTACK,,ATTACK,2,1,121,120,320,2,True,4,5,False,True,1,1,2,648,320,3,648,120,3,True,False,Shadow Bullet,180,True
92642676,772.0,LOSS,True,71,9,DAMAGE_COUNTER_ANY,5,TARGET_SELECTION,,,CARD,0,0,121,120,320,2,True,4,5,False,True,1,1,2,648,120,3,648,120,3,True,False,Shadow Bullet,180,False
92642676,772.0,LOSS,True,72,9,DAMAGE_COUNTER_ANY,5,TARGET_SELECTION,,,CARD,0,0,121,120,320,2,True,4,5,False,True,1,1,2,648,120,3,648,120,3,True,False,Shadow Bullet,180,False
92642676,772.0,LOSS,True,73,9,DAMAGE_COUNTER_ANY,5,TARGET_SELECTION,,,CARD,0,0,121,120,320,2,True,4,5,False,True,1,1,2,648,120,3,648,120,3,True,False,Shadow Bullet,180,False
92642676,772.0,LOSS,True,74,9,DAMAGE_COUNTER_ANY,5,TARGET_SELECTION,,,CARD,0,0,121,120,320,2,True,4,5,False,True,1,1,2,648,120,3,648,120,3,True,False,Shadow Bullet,180,False
92642676,772.0,LOSS,True,75,9,DAMAGE_COUNTER_ANY,5,TARGET_SELECTION,,,CARD,0,0,121,120,320,2,True,4,5,False,True,1,1,2,648,120,3,648,120,3,True,False,Shadow Bullet,180,False
92643618,663.7,LOSS,False,0,,,0,UNKNOWN,,,,0,0,,,,,False,,,False,False,,,0,,,,,,,,,,,False
92643618,663.7,LOSS,False,1,,,0,UNKNOWN,,,,0,0,,,,,False,,,False,False,,,0,,,,,,6,,,,,False
92643618,663.7,LOSS,False,2,0,SETUP_ACTIVE_POKEMON,1,EARLY_GAME_SETUP,,,,0,0,,,,,False,0,0,False,False,,,0,,,6,848,70,6,,,,,False
92643618,663.7,LOSS,False,3,2,MAIN,7,ENERGY_MANAGEMENT,ATTACH_ENERGY,,ATTACH,0,0,1071,170,170,2,False,0,6,False,False,1,0,0,848,70,6,848,70,6,False,False,Run Around,0,False
92643618,663.7,LOSS,False,4,2,MAIN,6,RESOURCE_MANAGEMENT,PLAY_ITEM,1120,PLAY,0,0,1071,170,170,2,False,0,6,False,False,1,0,0,848,70,6,848,70,6,False,False,Run Around,0,False
92643618,663.7,LOSS,False,5,2,DISCARD_ENERGY,1,ENERGY_MANAGEMENT,,,ENERGY,0,0,1071,170,170,2,False,0,6,False,False,1,0,0,848,70,6,848,70,6,False,False,Run Around,0,False
92643618,663.7,LOSS,False,6,2,MAIN,5,RESOURCE_MANAGEMENT,PLAY_SUPPORTER,1198,PLAY,0,0,1071,170,170,2,False,0,6,False,False,1,0,0,848,70,6,848,70,6,False,False,,,False
92643618,663.7,LOSS,False,7,2,TO_HAND,4,RESOURCE_MANAGEMENT,,,CARD,0,0,1071,170,170,2,False,0,6,False,False,1,0,0,848,70,6,848,70,6,False,False,,,False
92643618,663.7,LOSS,False,8,2,ATTACH_TO,2,ENERGY_MANAGEMENT,,,CARD,0,0,1071,170,170,2,False,0,6,False,False,1,0,0,848,70,6,848,70,6,False,False,,,False
92643618,663.7,LOSS,False,9,2,ATTACH_FROM,1,ENERGY_MANAGEMENT,,,CARD,0,0,1071,170,170,2,False,0,6,False,False,1,0,0,848,70,6,848,70,6,False,False,,,False
92643618,663.7,LOSS,False,10,2,MAIN,5,ENERGY_MANAGEMENT,ATTACH_ENERGY,,ATTACH,0,0,1071,170,170,2,False,0,6,False,False,1,1,0,848,70,6,848,70,6,False,False,,,False
92643618,663.7,LOSS,False,11,2,MAIN,2,TIMING,,,,0,0,1071,170,170,2,False,0,6,False,False,1,1,0,848,70,6,849,330,6,False,False,,,False
92643618,663.7,LOSS,False,12,4,MAIN,5,RESOURCE_MANAGEMENT,PLAY_ITEM,1121,PLAY,0,0,1071,110,170,2,True,0,6,False,False,1,1,0,849,330,6,849,330,6,False,True,Gale Thrust,60,False
92643618,663.7,LOSS,False,13,4,DISCARD,6,RESOURCE_MANAGEMENT,,,CARD;CARD,0,0,1071,110,170,2,True,0,6,False,False,1,1,0,849,330,6,849,330,6,False,True,Gale Thrust,60,False
92643618,663.7,LOSS,False,14,4,TO_HAND,11,RESOURCE_MANAGEMENT,,,CARD,0,0,1071,110,170,2,True,0,6,False,False,1,1,0,849,330,6,849,330,6,False,True,Gale Thrust,60,False
92643618,663.7,LOSS,False,15,4,MAIN,4,RESOURCE_MANAGEMENT,PLAY_POKEMON,235,PLAY,0,0,1071,110,170,2,True,0,6,False,False,1,1,0,849,330,6,849,330,6,False,True,Gale Thrust,60,False
92643618,663.7,LOSS,False,16,4,MAIN,5,RESOURCE_MANAGEMENT,PLAY_SUPPORTER,1210,PLAY,0,0,1071,110,170,2,True,1,6,True,True,1,1,1,849,330,6,849,330,6,False,True,Gale Thrust,60,False
92643618,663.7,LOSS,False,17,4,TO_HAND,10,RESOURCE_MANAGEMENT,,,CARD,0,0,1071,110,170,2,True,1,6,False,True,1,1,1,849,330,6,849,330,6,False,True,Gale Thrust,60,False
92643618,663.7,LOSS,False,18,4,TO_HAND,6,RESOURCE_MANAGEMENT,,,CARD,0,0,1071,110,170,2,True,1,6,False,True,1,1,1,849,330,6,849,330,6,False,True,Gale Thrust,60,False
92643618,663.7,LOSS,False,19,4,MAIN,6,RESOURCE_MANAGEMENT,PLAY_POKEMON,184,PLAY,0,0,1071,110,170,2,True,1,6,True,True,1,1,1,849,330,6,849,330,6,False,True,Gale Thrust,60,False
92643618,663.7,LOSS,False,20,4,MAIN,6,RESOURCE_MANAGEMENT,PLAY_POKEMON,119,PLAY,0,0,1071,110,170,2,True,2,6,True,True,1,1,1,849,330,6,849,330,6,False,True,Gale Thrust,60,False
92643618,663.7,LOSS,False,21,4,MAIN,6,ENERGY_MANAGEMENT,ATTACH_ENERGY,,ATTACH,0,0,1071,110,170,2,True,3,6,True,True,1,1,1,849,330,6,849,330,6,False,True,Gale Thrust,60,False
92643618,663.7,LOSS,False,22,4,MAIN,2,RETREAT_SELECTION,RETREAT,,RETREAT,0,0,1071,110,170,2,True,3,6,True,True,1,1,1,849,330,6,849,330,6,False,True,Gale Thrust,60,False
92643618,663.7,LOSS,False,23,4,SWITCH,3,ACTIVE_POKEMON_SELECTION,,,CARD,0,0,1071,110,170,2,True,3,6,False,True,1,1,1,849,330,6,849,330,6,False,True,Gale Thrust,60,False
92643618,663.7,LOSS,False,24,4,MAIN,2,TIMING,,,,1,0,235,30,30,1,False,3,6,False,True,0,0,0,849,330,6,849,330,5,True,False,Gale Thrust,60,True
92643618,663.7,LOSS,False,25,5,TO_ACTIVE,3,ACTIVE_POKEMON_SELECTION,,,CARD,0,0,,,,,False,3,6,False,True,,,0,849,330,5,849,330,5,,,,,True
92643618,663.7,LOSS,False,26,6,MAIN,4,RESOURCE_MANAGEMENT,PLAY_POKEMON,119,PLAY,0,0,119,70,70,1,False,2,6,True,True,1,1,0,849,330,5,849,330,5,False,True,Gale Thrust,60,False
92643618,663.7,LOSS,False,27,6,MAIN,3,BENCH_MANAGEMENT,EVOLVE,,EVOLVE,0,0,119,70,70,1,False,3,6,True,True,1,1,0,849,330,5,849,330,5,False,True,Gale Thrust,60,False
92643618,663.7,LOSS,False,28,6,MAIN,3,RESOURCE_MANAGEMENT,ABILITY,,ABILITY,0,0,120,90,90,1,False,3,6,True,True,1,1,0,849,330,5,849,330,5,False,True,Gale Thrust,60,True
92643618,663.7,LOSS,False,29,6,TO_HAND,2,RESOURCE_MANAGEMENT,,,CARD,0,0,120,90,90,1,False,3,6,False,True,1,1,0,849,330,5,849,330,5,False,True,Gale Thrust,60,False
92643618,663.7,LOSS,False,30,6,MAIN,3,TIMING,,,,0,0,120,90,90,1,False,3,6,True,True,1,1,0,849,330,5,849,320,4,False,True,Gale Thrust,60,False
92643618,663.7,LOSS,False,31,7,TO_ACTIVE,3,ACTIVE_POKEMON_SELECTION,,,CARD,0,0,,,,,False,3,6,False,True,,,0,849,320,4,849,320,4,,,,,True
92643618,663.7,LOSS,False,32,8,MAIN,4,RESOURCE_MANAGEMENT,PLAY_SUPPORTER,1198,PLAY,0,0,119,70,70,1,False,2,6,True,True,1,0,0,849,320,4,849,320,4,False,True,Gale Thrust,60,False
92643618,663.7,LOSS,False,33,8,TO_HAND,2,RESOURCE_MANAGEMENT,,,CARD,0,0,119,70,70,1,False,2,6,False,True,1,0,0,849,320,4,849,320,4,False,True,Gale Thrust,60,False
92643618,663.7,LOSS,False,34,8,ATTACH_TO,1,ENERGY_MANAGEMENT,,,CARD,0,0,119,70,70,1,False,2,6,False,True,1,0,0,849,320,4,849,320,4,False,True,Gale Thrust,60,False
92643618,663.7,LOSS,False,35,8,ATTACH_FROM,3,ENERGY_MANAGEMENT,,,CARD,0,0,119,70,70,1,False,2,6,False,True,1,0,0,849,320,4,849,320,4,False,True,Gale Thrust,60,False
92643618,663.7,LOSS,False,36,8,MAIN,5,ENERGY_MANAGEMENT,ATTACH_ENERGY,,ATTACH,0,0,119,70,70,1,False,2,6,True,True,1,1,0,849,320,4,849,320,4,False,True,Gale Thrust,60,False
92643618,663.7,LOSS,False,37,8,MAIN,4,TIMING,,,,2,0,119,70,70,1,False,2,6,True,True,1,1,0,849,320,4,861,310,3,False,True,Gale Thrust,60,False
92643618,663.7,LOSS,False,38,9,TO_ACTIVE,2,ACTIVE_POKEMON_SELECTION,,,CARD,0,0,,,,,False,2,6,False,True,,,0,861,310,3,861,310,3,,,,,True
92643618,663.7,LOSS,False,39,10,MAIN,4,TIMING,,,,0,0,184,210,210,2,False,1,6,True,True,2,0,0,861,310,3,861,310,3,False,False,Resentful Refrain,0,False
92643618,663.7,LOSS,False,40,12,MAIN,4,TIMING,,,,0,0,184,60,210,2,True,1,6,True,True,2,0,0,861,310,3,861,310,1,False,False,Resentful Refrain,0,False
92643618,663.7,LOSS,False,41,13,TO_ACTIVE,1,ACTIVE_POKEMON_SELECTION,,,CARD,0,0,,,,,False,1,6,False,True,,,0,861,310,1,861,310,1,,,,,True
92644563,708.4,LOSS,True,0,,,0,UNKNOWN,,,,0,0,,,,,False,,,False,False,,,0,,,,,,,,,,,False
92644563,708.4,LOSS,True,1,,,0,UNKNOWN,,,,0,0,,,,,False,,,False,False,,,0,,,,,,0,,,,,False
92644563,708.4,LOSS,True,2,0,IS_FIRST,2,GOING_FIRST_SECOND,,,YES,0,0,,,,,False,0,0,False,False,,,0,,,0,,,0,,,,,False
92644563,708.4,LOSS,True,3,0,SETUP_ACTIVE_POKEMON,1,EARLY_GAME_SETUP,,,,0,0,,,,,False,0,0,False,False,,,0,,,0,676,110,6,,,,,False
92644563,708.4,LOSS,True,4,1,MAIN,4,RESOURCE_MANAGEMENT,PLAY_STADIUM,1256,PLAY,0,0,1071,170,170,2,False,0,6,False,False,1,0,0,676,110,6,676,110,6,False,False,,,False
92644563,708.4,LOSS,True,5,1,MAIN,3,RESOURCE_MANAGEMENT,PLAY_ITEM,1152,PLAY,0,0,1071,170,170,2,False,0,6,False,False,1,0,0,676,110,6,676,110,6,False,False,,,False
92644563,708.4,LOSS,True,6,1,TO_HAND,10,RESOURCE_MANAGEMENT,,,CARD,0,0,1071,170,170,2,False,0,6,False,False,1,0,0,676,110,6,676,110,6,False,False,,,False
92644563,708.4,LOSS,True,7,1,MAIN,3,RESOURCE_MANAGEMENT,PLAY_POKEMON,119,PLAY,0,0,1071,170,170,2,False,0,6,False,False,1,0,0,676,110,6,676,110,6,False,False,,,False
92644563,708.4,LOSS,True,8,1,MAIN,3,ENERGY_MANAGEMENT,ATTACH_ENERGY,,ATTACH,0,0,1071,170,170,2,False,1,6,False,True,1,0,0,676,110,6,676,110,6,False,False,,,False
92644563,708.4,LOSS,True,9,1,MAIN,1,TIMING,,,,0,0,1071,170,170,2,False,1,6,False,True,1,0,1,676,110,6,676,110,6,False,False,,,False
92644563,708.4,LOSS,True,10,3,MAIN,5,RESOURCE_MANAGEMENT,PLAY_SUPPORTER,1227,PLAY,0,0,1071,100,170,2,True,1,6,False,True,1,0,1,676,110,6,676,110,6,False,False,Cosmic Beam,70,False
92644563,708.4,LOSS,True,11,3,MAIN,6,ENERGY_MANAGEMENT,ATTACH_ENERGY,,ATTACH,0,0,1071,100,170,2,True,1,6,False,True,1,0,1,676,110,6,676,110,6,False,False,Cosmic Beam,70,False
92644563,708.4,LOSS,True,12,3,MAIN,4,RESOURCE_MANAGEMENT,PLAY_POKEMON,119,PLAY,0,0,1071,100,170,2,True,1,6,False,True,1,0,1,676,110,6,676,110,6,False,False,Cosmic Beam,70,False
92644563,708.4,LOSS,True,13,3,MAIN,3,RESOURCE_MANAGEMENT,PLAY_ITEM,1120,PLAY,0,0,1071,100,170,2,True,2,6,False,True,1,0,1,676,110,6,676,110,6,False,False,Cosmic Beam,70,False
92644563,708.4,LOSS,True,14,3,MAIN,2,BENCH_MANAGEMENT,EVOLVE,,EVOLVE,0,0,1071,100,170,2,True,2,6,False,True,1,0,1,676,110,6,676,110,6,False,False,Cosmic Beam,70,False
92644563,708.4,LOSS,True,15,3,MAIN,2,RESOURCE_MANAGEMENT,ABILITY,,ABILITY,0,0,1071,100,170,2,True,2,6,False,True,1,0,0,676,110,6,676,110,6,False,False,Cosmic Beam,70,False
92644563,708.4,LOSS,True,16,3,TO_HAND,2,RESOURCE_MANAGEMENT,,,CARD,0,0,1071,100,170,2,True,2,6,False,True,1,0,0,676,110,6,676,110,6,False,False,Cosmic Beam,70,False
92644563,708.4,LOSS,True,17,3,MAIN,1,TIMING,,,,0,0,1071,100,170,2,True,2,6,False,True,1,0,0,676,110,6,676,110,4,False,False,Cosmic Beam,70,False
92644563,708.4,LOSS,True,18,4,TO_ACTIVE,2,ACTIVE_POKEMON_SELECTION,,,CARD,0,0,,,,,False,2,6,False,True,,,0,676,110,4,676,110,4,,,,,True
92644563,708.4,LOSS,True,19,5,MAIN,11,RESOURCE_MANAGEMENT,PLAY_ITEM,1086,PLAY,0,0,120,90,90,1,False,1,6,True,True,1,1,0,676,110,4,676,110,4,False,False,Cosmic Beam,70,False
92644563,708.4,LOSS,True,20,5,TO_BENCH,4,BENCH_MANAGEMENT,,,CARD;CARD,0,0,120,90,90,1,False,1,6,False,True,1,1,0,676,110,4,676,110,4,False,False,Cosmic Beam,70,False
92644563,708.4,LOSS,True,21,5,MAIN,12,RESOURCE_MANAGEMENT,PLAY_ITEM,1152,PLAY,0,0,120,90,90,1,False,3,6,True,True,1,1,0,676,110,4,676,110,4,False,False,Cosmic Beam,70,False
92644563,708.4,LOSS,True,22,5,TO_HAND,5,RESOURCE_MANAGEMENT,,,CARD,0,0,120,90,90,1,False,3,6,False,True,1,1,0,676,110,4,676,110,4,False,False,Cosmic Beam,70,False
92644563,708.4,LOSS,True,23,5,MAIN,12,RESOURCE_MANAGEMENT,ABILITY,,ABILITY,0,0,120,90,90,1,False,3,6,True,True,1,1,0,676,110,4,676,110,4,False,False,Cosmic Beam,70,False
92644563,708.4,LOSS,True,24,5,TO_HAND,2,RESOURCE_MANAGEMENT,,,CARD,0,0,120,90,90,1,False,3,6,False,True,1,1,0,676,110,4,676,110,4,False,False,Cosmic Beam,70,False
92644563,708.4,LOSS,True,25,5,MAIN,15,RESOURCE_MANAGEMENT,PLAY_ITEM,1121,PLAY,0,0,120,90,90,1,False,3,6,True,True,1,1,0,676,110,4,676,110,4,False,False,Cosmic Beam,70,False
92644563,708.4,LOSS,True,26,5,DISCARD,6,RESOURCE_MANAGEMENT,,,CARD;CARD,0,0,120,90,90,1,False,3,6,False,True,1,1,0,676,110,4,676,110,4,False,False,Cosmic Beam,70,False
92644563,708.4,LOSS,True,27,5,TO_HAND,8,RESOURCE_MANAGEMENT,,,CARD,0,0,120,90,90,1,False,3,6,False,True,1,1,0,676,110,4,676,110,4,False,False,Cosmic Beam,70,False
92644563,708.4,LOSS,True,28,5,MAIN,10,RESOURCE_MANAGEMENT,PLAY_POKEMON,140,PLAY,0,0,120,90,90,1,False,3,6,True,True,1,1,0,676,110,4,676,110,4,False,False,Cosmic Beam,70,False
92644563,708.4,LOSS,True,29,5,MAIN,11,RESOURCE_MANAGEMENT,ABILITY,,ABILITY,0,0,120,90,90,1,False,4,6,True,True,1,1,0,676,110,4,676,110,4,False,False,Cosmic Beam,70,False
92644563,708.4,LOSS,True,30,5,MAIN,17,BENCH_MANAGEMENT,EVOLVE,,EVOLVE,0,0,120,90,90,1,False,4,6,True,True,1,1,0,676,110,4,676,110,4,False,False,Cosmic Beam,70,False
92644563,708.4,LOSS,True,31,5,MAIN,17,RESOURCE_MANAGEMENT,ABILITY,,ABILITY,0,0,120,90,90,1,False,4,6,True,True,1,1,0,676,110,4,676,110,4,False,False,Cosmic Beam,70,False
92644563,708.4,LOSS,True,32,5,TO_HAND,2,RESOURCE_MANAGEMENT,,,CARD,0,0,120,90,90,1,False,4,6,False,True,1,1,0,676,110,4,676,110,4,False,False,Cosmic Beam,70,False
92644563,708.4,LOSS,True,33,5,MAIN,17,ENERGY_MANAGEMENT,ATTACH_ENERGY,,ATTACH,0,0,120,90,90,1,False,4,6,True,True,1,1,0,676,110,4,676,110,4,False,False,Cosmic Beam,70,False
92644563,708.4,LOSS,True,34,5,MAIN,7,RESOURCE_MANAGEMENT,PLAY_ITEM,1080,PLAY,0,0,120,90,90,1,False,4,6,True,True,1,1,0,676,110,4,676,110,4,False,False,Cosmic Beam,70,False
92644563,708.4,LOSS,True,35,5,MAIN,6,BENCH_MANAGEMENT,EVOLVE,,EVOLVE,0,0,120,90,90,1,False,4,6,True,True,1,1,0,676,110,4,676,110,4,False,False,Cosmic Beam,70,False
92644563,708.4,LOSS,True,36,5,MAIN,6,RESOURCE_MANAGEMENT,PLAY_SUPPORTER,1198,PLAY,1,0,121,320,320,2,False,4,6,True,True,1,1,0,676,110,4,676,110,4,False,False,Cosmic Beam,70,True
92644563,708.4,LOSS,True,37,5,TO_HAND,2,RESOURCE_MANAGEMENT,,,CARD,0,0,121,320,320,2,False,4,6,False,True,1,1,0,676,110,4,676,110,4,False,False,Cosmic Beam,70,False
92644563,708.4,LOSS,True,38,5,ATTACH_TO,1,ENERGY_MANAGEMENT,,,CARD,0,0,121,320,320,2,False,4,6,False,True,1,1,0,676,110,4,676,110,4,False,False,Cosmic Beam,70,False
92644563,708.4,LOSS,True,39,5,ATTACH_FROM,5,ENERGY_MANAGEMENT,,,CARD,0,0,121,320,320,2,False,4,6,False,True,1,1,0,676,110,4,676,110,4,False,False,Cosmic Beam,70,False
92644563,708.4,LOSS,True,40,5,MAIN,4,ATTACK_SELECTION,ATTACK,,ATTACK,2,1,121,320,320,2,False,4,6,True,True,1,1,0,676,110,4,676,0,4,False,False,Cosmic Beam,70,False
92644563,708.4,LOSS,True,41,5,DAMAGE_COUNTER_ANY,3,TARGET_SELECTION,,,CARD,0,0,121,320,320,2,False,4,6,False,True,1,1,0,676,0,4,676,0,4,False,False,Cosmic Beam,70,False
92644563,708.4,LOSS,True,42,5,DAMAGE_COUNTER_ANY,3,TARGET_SELECTION,,,CARD,0,0,121,320,320,2,False,4,6,False,True,1,1,0,676,0,4,676,0,4,False,False,Cosmic Beam,70,False
92644563,708.4,LOSS,True,43,5,DAMAGE_COUNTER_ANY,3,TARGET_SELECTION,,,CARD,0,0,121,320,320,2,False,4,6,False,True,1,1,0,676,0,4,676,0,4,False,False,Cosmic Beam,70,False
92644563,708.4,LOSS,True,44,5,DAMAGE_COUNTER_ANY,3,TARGET_SELECTION,,,CARD,0,0,121,320,320,2,False,4,6,False,True,1,1,0,676,0,4,676,0,4,False,False,Cosmic Beam,70,False
92644563,708.4,LOSS,True,45,5,DAMAGE_COUNTER_ANY,3,TARGET_SELECTION,,,CARD,0,0,121,320,320,2,False,4,6,False,True,1,1,0,676,0,4,676,0,4,False,False,Cosmic Beam,70,False
92644563,708.4,LOSS,True,46,5,DAMAGE_COUNTER_ANY,3,TARGET_SELECTION,,,CARD,0,0,121,320,320,2,False,4,6,False,True,1,1,0,676,0,4,,,4,False,False,Cosmic Beam,70,False
92644563,708.4,LOSS,True,47,5,TO_HAND,6,RESOURCE_MANAGEMENT,,,,0,0,121,320,320,2,False,4,6,False,True,1,1,0,,,4,678,340,4,,,,,False
92644563,708.4,LOSS,True,48,7,MAIN,19,RESOURCE_MANAGEMENT,ABILITY,,ABILITY,2,0,121,160,320,2,True,4,5,True,True,1,1,0,678,340,4,678,340,4,False,True,Aura Jab,130,False
92644563,708.4,LOSS,True,49,7,TO_HAND,2,RESOURCE_MANAGEMENT,,,CARD,0,0,121,160,320,2,True,4,5,False,True,1,1,0,678,340,4,678,340,4,False,True,Aura Jab,130,False
92644563,708.4,LOSS,True,50,7,MAIN,19,BENCH_MANAGEMENT,EVOLVE,,EVOLVE,2,0,121,160,320,2,True,4,5,True,True,1,1,0,678,340,4,678,340,4,False,True,Aura Jab,130,False
92644563,708.4,LOSS,True,51,7,MAIN,18,ENERGY_MANAGEMENT,ATTACH_ENERGY,,ATTACH,2,0,121,160,320,2,True,4,5,True,True,1,1,0,678,340,4,678,340,4,False,True,Aura Jab,130,False
92644563,708.4,LOSS,True,52,7,MAIN,8,RESOURCE_MANAGEMENT,PLAY_SUPPORTER,1227,PLAY,2,0,121,160,320,2,True,4,5,True,True,1,1,1,678,340,4,678,340,4,False,True,Aura Jab,130,False
92644563,708.4,LOSS,True,53,7,MAIN,8,BENCH_MANAGEMENT,EVOLVE,,EVOLVE,2,0,121,160,320,2,True,4,5,True,True,1,1,1,678,340,4,678,340,4,False,True,Aura Jab,130,False
92644563,708.4,LOSS,True,54,7,MAIN,7,RESOURCE_MANAGEMENT,ABILITY,,ABILITY,2,0,121,160,320,2,True,4,5,True,True,1,1,1,678,340,4,678,340,4,False,True,Aura Jab,130,False
92644563,708.4,LOSS,True,55,7,TO_HAND,2,RESOURCE_MANAGEMENT,,,CARD,0,0,121,160,320,2,True,4,5,False,True,1,1,1,678,340,4,678,340,4,False,True,Aura Jab,130,False
92644563,708.4,LOSS,True,56,7,MAIN,6,ATTACK_SELECTION,ATTACK,,ATTACK,2,1,121,160,320,2,True,4,5,True,True,1,1,1,678,340,4,678,140,4,False,True,Aura Jab,130,False
92644563,708.4,LOSS,True,57,7,DAMAGE_COUNTER_ANY,4,TARGET_SELECTION,,,CARD,0,0,121,160,320,2,True,4,5,False,True,1,1,1,678,140,4,678,140,4,False,True,Aura Jab,130,False
92644563,708.4,LOSS,True,58,7,DAMAGE_COUNTER_ANY,4,TARGET_SELECTION,,,CARD,0,0,121,160,320,2,True,4,5,False,True,1,1,1,678,140,4,678,140,4,False,True,Aura Jab,130,False
92644563,708.4,LOSS,True,59,7,DAMAGE_COUNTER_ANY,4,TARGET_SELECTION,,,CARD,0,0,121,160,320,2,True,4,5,False,True,1,1,1,678,140,4,678,140,4,False,True,Aura Jab,130,False
92644563,708.4,LOSS,True,60,7,DAMAGE_COUNTER_ANY,4,TARGET_SELECTION,,,CARD,0,0,121,160,320,2,True,4,5,False,True,1,1,1,678,140,4,678,140,4,False,True,Aura Jab,130,False
92644563,708.4,LOSS,True,61,7,DAMAGE_COUNTER_ANY,4,TARGET_SELECTION,,,CARD,0,0,121,160,320,2,True,4,5,False,True,1,1,1,678,140,4,678,140,4,False,True,Aura Jab,130,False
92644563,708.4,LOSS,True,62,7,DAMAGE_COUNTER_ANY,4,TARGET_SELECTION,,,CARD,0,0,121,160,320,2,True,4,5,False,True,1,1,1,678,140,4,678,140,4,False,True,Aura Jab,130,False
92644563,708.4,LOSS,True,63,7,TO_HAND,5,RESOURCE_MANAGEMENT,,,,0,0,121,160,320,2,True,4,5,False,True,1,1,1,678,140,4,678,340,4,False,True,Aura Jab,130,False
92644563,708.4,LOSS,True,64,9,MAIN,13,RESOURCE_MANAGEMENT,PLAY_ITEM,1121,PLAY,2,0,121,30,320,2,True,4,4,True,True,1,1,1,678,340,4,678,340,4,True,False,Aura Jab,130,False
92644563,708.4,LOSS,True,65,9,DISCARD,7,RESOURCE_MANAGEMENT,,,CARD;CARD,0,0,121,30,320,2,True,4,4,False,True,1,1,1,678,340,4,678,340,4,True,False,Aura Jab,130,False
92644563,708.4,LOSS,True,66,9,TO_HAND,3,RESOURCE_MANAGEMENT,,,CARD,0,0,121,30,320,2,True,4,4,False,True,1,1,1,678,340,4,678,340,4,True,False,Aura Jab,130,False
92644563,708.4,LOSS,True,67,9,MAIN,11,RESOURCE_MANAGEMENT,ABILITY,,ABILITY,2,0,121,30,320,2,True,4,4,True,True,1,1,1,678,340,4,678,340,4,True,False,Aura Jab,130,False
92644563,708.4,LOSS,True,68,9,TO_HAND,2,RESOURCE_MANAGEMENT,,,CARD,0,0,121,30,320,2,True,4,4,False,True,1,1,1,678,340,4,678,340,4,True,False,Aura Jab,130,False
92644563,708.4,LOSS,True,69,9,MAIN,11,RESOURCE_MANAGEMENT,PLAY_ITEM,1120,PLAY,2,0,121,30,320,2,True,4,4,True,True,1,1,1,678,340,4,678,340,4,True,False,Aura Jab,130,False
92644563,708.4,LOSS,True,70,9,MAIN,10,RESOURCE_MANAGEMENT,PLAY_SUPPORTER,1210,PLAY,2,0,121,30,320,2,True,4,4,True,True,1,1,1,678,340,4,678,340,4,True,False,Aura Jab,130,False
92644563,708.4,LOSS,True,71,9,TO_HAND,2,RESOURCE_MANAGEMENT,,,CARD,0,0,121,30,320,2,True,4,4,False,True,1,1,1,678,340,4,678,340,4,True,False,Aura Jab,130,False
92644563,708.4,LOSS,True,72,9,TO_HAND,1,RESOURCE_MANAGEMENT,,,CARD,0,0,121,30,320,2,True,4,4,False,True,1,1,1,678,340,4,678,340,4,True,False,Aura Jab,130,False
92644563,708.4,LOSS,True,73,9,MAIN,9,BENCH_MANAGEMENT,EVOLVE,,EVOLVE,2,0,121,30,320,2,True,4,4,True,True,1,1,1,678,340,4,678,340,4,True,False,Aura Jab,130,False
92644563,708.4,LOSS,True,74,9,MAIN,9,RESOURCE_MANAGEMENT,ABILITY,,ABILITY,2,0,121,30,320,2,True,4,4,True,True,1,1,1,678,340,4,678,340,4,True,False,Aura Jab,130,False
92644563,708.4,LOSS,True,75,9,TO_HAND,2,RESOURCE_MANAGEMENT,,,CARD,0,0,121,30,320,2,True,4,4,False,True,1,1,1,678,340,4,678,340,4,True,False,Aura Jab,130,False
92644563,708.4,LOSS,True,76,9,MAIN,8,RETREAT_SELECTION,RETREAT,,RETREAT,2,0,121,30,320,2,True,4,4,True,True,1,1,1,678,340,4,678,340,4,True,False,Aura Jab,130,False
92644563,708.4,LOSS,True,77,9,DISCARD_ENERGY,2,ENERGY_MANAGEMENT,,,ENERGY,0,0,121,30,320,2,True,4,4,False,True,1,1,1,678,340,4,678,340,4,True,False,Aura Jab,130,False
92644563,708.4,LOSS,True,78,9,SWITCH,4,ACTIVE_POKEMON_SELECTION,,,CARD,0,0,121,30,320,2,True,4,4,False,True,1,1,1,678,340,4,678,340,4,True,False,Aura Jab,130,False
92644563,708.4,LOSS,True,79,9,MAIN,6,TIMING,,,,1,0,121,320,320,2,False,4,4,False,True,1,1,1,678,340,4,678,340,4,False,False,Aura Jab,130,False
92644563,708.4,LOSS,True,80,11,MAIN,17,RESOURCE_MANAGEMENT,ABILITY,,ABILITY,1,0,121,190,320,2,True,4,4,True,True,1,1,1,678,340,4,678,340,4,False,True,Aura Jab,130,False
92644563,708.4,LOSS,True,81,11,TO_HAND,2,RESOURCE_MANAGEMENT,,,CARD,0,0,121,190,320,2,True,4,4,False,True,1,1,1,678,340,4,678,340,4,False,True,Aura Jab,130,False
92644563,708.4,LOSS,True,82,11,MAIN,17,RESOURCE_MANAGEMENT,PLAY_ITEM,1120,PLAY,1,0,121,190,320,2,True,4,4,True,True,1,1,1,678,340,4,678,340,4,False,True,Aura Jab,130,False
92644563,708.4,LOSS,True,83,11,DISCARD_ENERGY,8,ENERGY_MANAGEMENT,,,ENERGY,0,0,121,190,320,2,True,4,4,False,True,1,1,1,678,340,4,678,340,4,False,True,Aura Jab,130,False
92644563,708.4,LOSS,True,84,11,MAIN,16,RESOURCE_MANAGEMENT,ABILITY,,ABILITY,1,0,121,190,320,2,True,4,4,True,True,1,1,1,678,340,4,678,340,4,False,True,Aura Jab,130,False
92644563,708.4,LOSS,True,85,11,TO_HAND,2,RESOURCE_MANAGEMENT,,,CARD,0,0,121,190,320,2,True,4,4,False,True,1,1,1,678,340,4,678,340,4,False,True,Aura Jab,130,False
92644563,708.4,LOSS,True,86,11,MAIN,15,RESOURCE_MANAGEMENT,PLAY_SUPPORTER,1198,PLAY,1,0,121,190,320,2,True,4,4,True,True,1,1,1,678,340,4,678,340,4,False,True,Aura Jab,130,False
92644563,708.4,LOSS,True,87,11,MAIN,12,ENERGY_MANAGEMENT,ATTACH_ENERGY,,ATTACH,1,0,121,190,320,2,True,4,4,True,True,1,1,1,678,340,4,678,340,4,False,True,Aura Jab,130,False
92644563,708.4,LOSS,True,88,11,MAIN,8,ATTACK_SELECTION,ATTACK,,ATTACK,2,1,121,190,320,2,True,4,4,True,True,1,1,1,678,340,4,678,140,4,False,True,Aura Jab,130,False
92644563,708.4,LOSS,True,89,11,DAMAGE_COUNTER_ANY,4,TARGET_SELECTION,,,CARD,0,0,121,190,320,2,True,4,4,False,True,1,1,1,678,140,4,678,140,4,False,True,Aura Jab,130,False
92644563,708.4,LOSS,True,90,11,DAMAGE_COUNTER_ANY,4,TARGET_SELECTION,,,CARD,0,0,121,190,320,2,True,4,4,False,True,1,1,1,678,140,4,678,140,4,False,True,Aura Jab,130,False
92644563,708.4,LOSS,True,91,11,DAMAGE_COUNTER_ANY,4,TARGET_SELECTION,,,CARD,0,0,121,190,320,2,True,4,4,False,True,1,1,1,678,140,4,678,140,4,False,True,Aura Jab,130,False
92644563,708.4,LOSS,True,92,11,DAMAGE_COUNTER_ANY,4,TARGET_SELECTION,,,CARD,0,0,121,190,320,2,True,4,4,False,True,1,1,1,678,140,4,678,140,4,False,True,Aura Jab,130,False
92644563,708.4,LOSS,True,93,11,DAMAGE_COUNTER_ANY,4,TARGET_SELECTION,,,CARD,0,0,121,190,320,2,True,4,4,False,True,1,1,1,678,140,4,678,140,4,False,True,Aura Jab,130,False
92644563,708.4,LOSS,True,94,11,DAMAGE_COUNTER_ANY,4,TARGET_SELECTION,,,,0,0,121,190,320,2,True,4,4,False,True,1,1,1,678,140,4,678,140,2,False,True,Aura Jab,130,False
92644563,708.4,LOSS,True,95,12,TO_ACTIVE,4,ACTIVE_POKEMON_SELECTION,,,CARD,0,0,,,,,False,4,4,False,True,,,1,678,140,2,678,140,2,,,,,True
92644563,708.4,LOSS,True,96,13,MAIN,13,RESOURCE_MANAGEMENT,ABILITY,,ABILITY,1,0,121,30,320,2,True,3,4,True,True,1,1,0,678,140,2,678,140,2,True,False,Mega Brave,270,False
92644563,708.4,LOSS,True,97,13,TO_HAND,2,RESOURCE_MANAGEMENT,,,CARD,0,0,121,30,320,2,True,3,4,False,True,1,1,0,678,140,2,678,140,2,True,False,Mega Brave,270,False
92644563,708.4,LOSS,True,98,13,MAIN,13,RESOURCE_MANAGEMENT,PLAY_ITEM,1120,PLAY,1,0,121,30,320,2,True,3,4,True,True,1,1,0,678,140,2,678,140,2,True,False,Mega Brave,270,False
92644563,708.4,LOSS,True,99,13,MAIN,12,RESOURCE_MANAGEMENT,ABILITY,,ABILITY,1,0,121,30,320,2,True,3,4,True,True,1,1,0,678,140,2,678,140,2,True,False,Mega Brave,270,False
92644563,708.4,LOSS,True,100,13,TO_HAND,2,RESOURCE_MANAGEMENT,,,CARD,0,0,121,30,320,2,True,3,4,False,True,1,1,0,678,140,2,678,140,2,True,False,Mega Brave,270,False
92644563,708.4,LOSS,True,101,13,MAIN,12,RESOURCE_MANAGEMENT,ABILITY,,ABILITY,1,0,121,30,320,2,True,3,4,True,True,1,1,0,678,140,2,678,140,2,True,False,Mega Brave,270,False
92645508,620.4,LOSS,False,0,,,0,UNKNOWN,,,,0,0,,,,,False,,,False,False,,,0,,,,,,,,,,,False
92645508,620.4,LOSS,False,1,,,0,UNKNOWN,,,,0,0,,,,,False,,,False,False,,,0,,,,,,6,,,,,False
92645508,620.4,LOSS,False,2,0,SETUP_ACTIVE_POKEMON,2,EARLY_GAME_SETUP,,,,0,0,,,,,False,0,0,False,False,,,0,,,6,,,6,,,,,False
92645508,620.4,LOSS,False,3,0,SETUP_BENCH_POKEMON,1,BENCH_MANAGEMENT,,,,0,0,,,,,False,0,6,False,False,,,0,,,6,677,80,6,,,,,False
92645508,620.4,LOSS,False,4,2,MAIN,7,RESOURCE_MANAGEMENT,PLAY_ITEM,1121,PLAY,1,0,235,30,30,1,False,0,6,False,False,0,0,0,677,80,6,677,80,6,True,False,Accelerating Stab,30,False
92645508,620.4,LOSS,False,5,2,DISCARD,6,RESOURCE_MANAGEMENT,,,CARD;CARD,0,0,235,30,30,1,False,0,6,False,False,0,0,0,677,80,6,677,80,6,True,False,Accelerating Stab,30,False
92645508,620.4,LOSS,False,6,2,TO_HAND,10,RESOURCE_MANAGEMENT,,,CARD,0,0,235,30,30,1,False,0,6,False,False,0,0,0,677,80,6,677,80,6,True,False,Accelerating Stab,30,False
92645508,620.4,LOSS,False,7,2,MAIN,5,RESOURCE_MANAGEMENT,PLAY_POKEMON,119,PLAY,1,0,235,30,30,1,False,0,6,False,False,0,0,0,677,80,6,677,80,6,True,False,Accelerating Stab,30,False
92645508,620.4,LOSS,False,8,2,MAIN,5,RESOURCE_MANAGEMENT,PLAY_SUPPORTER,1227,PLAY,1,0,235,30,30,1,False,1,6,True,True,0,0,0,677,80,6,677,80,6,True,False,Accelerating Stab,30,False
92645508,620.4,LOSS,False,9,2,MAIN,10,RESOURCE_MANAGEMENT,PLAY_POKEMON,119,PLAY,1,0,235,30,30,1,False,1,6,True,True,0,0,0,677,80,6,677,80,6,True,False,Accelerating Stab,30,False
92645508,620.4,LOSS,False,10,2,MAIN,9,RESOURCE_MANAGEMENT,PLAY_ITEM,1086,PLAY,1,0,235,30,30,1,False,2,6,True,True,0,0,0,677,80,6,677,80,6,True,False,Accelerating Stab,30,False
92645508,620.4,LOSS,False,11,2,TO_BENCH,2,BENCH_MANAGEMENT,,,CARD,0,0,235,30,30,1,False,2,6,False,True,0,0,0,677,80,6,677,80,6,True,False,Accelerating Stab,30,False
92645508,620.4,LOSS,False,12,2,MAIN,8,RESOURCE_MANAGEMENT,PLAY_ITEM,1121,PLAY,1,0,235,30,30,1,False,3,6,True,True,0,0,0,677,80,6,677,80,6,True,False,Accelerating Stab,30,False
92645508,620.4,LOSS,False,13,2,DISCARD,5,RESOURCE_MANAGEMENT,,,CARD;CARD,0,0,235,30,30,1,False,3,6,False,True,0,0,0,677,80,6,677,80,6,True,False,Accelerating Stab,30,False
92645508,620.4,LOSS,False,14,2,TO_HAND,9,RESOURCE_MANAGEMENT,,,CARD,0,0,235,30,30,1,False,3,6,False,True,0,0,0,677,80,6,677,80,6,True,False,Accelerating Stab,30,False
92645508,620.4,LOSS,False,15,2,MAIN,5,RESOURCE_MANAGEMENT,PLAY_ITEM,1120,PLAY,1,0,235,30,30,1,False,3,6,True,True,0,0,0,677,80,6,677,80,6,True,False,Accelerating Stab,30,False
92645508,620.4,LOSS,False,16,2,DISCARD_ENERGY,1,ENERGY_MANAGEMENT,,,ENERGY,0,0,235,30,30,1,False,3,6,False,True,0,0,0,677,80,6,677,80,6,True,False,Accelerating Stab,30,False
92645508,620.4,LOSS,False,17,2,MAIN,4,TIMING,,,,1,0,235,30,30,1,False,3,6,True,True,0,0,0,677,80,6,678,330,5,False,True,,,False
92645508,620.4,LOSS,False,18,3,TO_ACTIVE,3,ACTIVE_POKEMON_SELECTION,,,CARD,0,0,,,,,False,3,6,False,True,,,0,678,330,5,678,330,5,,,,,True
92645508,620.4,LOSS,False,19,4,MAIN,7,BENCH_MANAGEMENT,EVOLVE,,EVOLVE,0,0,119,70,70,1,False,2,6,False,True,1,0,0,678,330,5,678,330,5,True,False,Aura Jab,130,False
92645508,620.4,LOSS,False,20,4,MAIN,5,RESOURCE_MANAGEMENT,ABILITY,,ABILITY,0,0,120,90,90,1,False,2,6,False,True,1,0,0,678,330,5,678,330,5,True,False,Aura Jab,130,True
92645508,620.4,LOSS,False,21,4,TO_HAND,2,RESOURCE_MANAGEMENT,,,CARD,0,0,120,90,90,1,False,2,6,False,True,1,0,0,678,330,5,678,330,5,True,False,Aura Jab,130,False
92645508,620.4,LOSS,False,22,4,MAIN,4,RESOURCE_MANAGEMENT,PLAY_SUPPORTER,1227,PLAY,0,0,120,90,90,1,False,2,6,False,True,1,0,0,678,330,5,678,330,5,True,False,Aura Jab,130,False
92645508,620.4,LOSS,False,23,4,MAIN,16,RESOURCE_MANAGEMENT,PLAY_ITEM,1152,PLAY,0,0,120,90,90,1,False,2,6,False,True,1,0,0,678,330,5,678,330,5,True,False,Aura Jab,130,False
92645508,620.4,LOSS,False,24,4,TO_HAND,3,RESOURCE_MANAGEMENT,,,CARD,0,0,120,90,90,1,False,2,6,False,True,1,0,0,678,330,5,678,330,5,True,False,Aura Jab,130,False
92645508,620.4,LOSS,False,25,4,MAIN,17,RESOURCE_MANAGEMENT,PLAY_ITEM,1152,PLAY,0,0,120,90,90,1,False,2,6,False,True,1,0,0,678,330,5,678,330,5,True,False,Aura Jab,130,False
92645508,620.4,LOSS,False,26,4,TO_HAND,2,RESOURCE_MANAGEMENT,,,CARD,0,0,120,90,90,1,False,2,6,False,True,1,0,0,678,330,5,678,330,5,True,False,Aura Jab,130,False
92645508,620.4,LOSS,False,27,4,MAIN,18,BENCH_MANAGEMENT,EVOLVE,,EVOLVE,0,0,120,90,90,1,False,2,6,False,True,1,0,0,678,330,5,678,330,5,True,False,Aura Jab,130,False
92645508,620.4,LOSS,False,28,4,MAIN,16,RESOURCE_MANAGEMENT,ABILITY,,ABILITY,0,0,120,90,90,1,False,2,6,False,True,1,0,0,678,330,5,678,330,5,True,False,Aura Jab,130,False
92645508,620.4,LOSS,False,29,4,TO_HAND,2,RESOURCE_MANAGEMENT,,,CARD,0,0,120,90,90,1,False,2,6,False,True,1,0,0,678,330,5,678,330,5,True,False,Aura Jab,130,False
92645508,620.4,LOSS,False,30,4,MAIN,16,RESOURCE_MANAGEMENT,PLAY_ITEM,1120,PLAY,0,0,120,90,90,1,False,2,6,False,True,1,0,0,678,330,5,678,330,5,True,False,Aura Jab,130,False
92645508,620.4,LOSS,False,31,4,DISCARD_ENERGY,4,ENERGY_MANAGEMENT,,,ENERGY,0,0,120,90,90,1,False,2,6,False,True,1,0,0,678,330,5,678,330,5,True,False,Aura Jab,130,False
92645508,620.4,LOSS,False,32,4,MAIN,15,BENCH_MANAGEMENT,EVOLVE,,EVOLVE,0,0,120,90,90,1,False,2,6,False,True,1,0,0,678,330,5,678,330,5,True,False,Aura Jab,130,False
92645508,620.4,LOSS,False,33,4,MAIN,15,RESOURCE_MANAGEMENT,ABILITY,,ABILITY,0,0,120,90,90,1,False,2,6,False,True,1,0,0,678,330,5,678,330,5,True,False,Aura Jab,130,False
92645508,620.4,LOSS,False,34,4,TO_HAND,2,RESOURCE_MANAGEMENT,,,CARD,0,0,120,90,90,1,False,2,6,False,True,1,0,0,678,330,5,678,330,5,True,False,Aura Jab,130,False
92645508,620.4,LOSS,False,35,4,MAIN,15,ENERGY_MANAGEMENT,ATTACH_ENERGY,,ATTACH,0,0,120,90,90,1,False,2,6,False,True,1,0,0,678,330,5,678,330,5,True,False,Aura Jab,130,False
92645508,620.4,LOSS,False,36,4,MAIN,3,RESOURCE_MANAGEMENT,PLAY_ITEM,1080,PLAY,0,0,120,90,90,1,False,2,6,False,True,1,0,0,678,330,5,678,330,5,True,False,Aura Jab,130,False
92645508,620.4,LOSS,False,37,4,MAIN,2,TIMING,,,,0,0,120,90,90,1,False,2,6,False,True,1,0,0,678,330,5,678,330,4,True,False,Aura Jab,130,False
92645508,620.4,LOSS,False,38,5,TO_ACTIVE,2,ACTIVE_POKEMON_SELECTION,,,CARD,0,0,,,,,False,2,6,False,True,,,0,678,330,4,678,330,4,,,,,True
92645508,620.4,LOSS,False,39,6,MAIN,10,RESOURCE_MANAGEMENT,ABILITY,,ABILITY,0,0,120,90,90,1,False,1,6,True,True,1,1,0,678,330,4,678,330,4,True,False,Mega Brave,270,False
92645508,620.4,LOSS,False,40,6,TO_HAND,2,RESOURCE_MANAGEMENT,,,CARD,0,0,120,90,90,1,False,1,6,False,True,1,1,0,678,330,4,678,330,4,True,False,Mega Brave,270,False
92645508,620.4,LOSS,False,41,6,MAIN,11,BENCH_MANAGEMENT,EVOLVE,,EVOLVE,0,0,120,90,90,1,False,1,6,True,True,1,1,0,678,330,4,678,330,4,True,False,Mega Brave,270,False
92645508,620.4,LOSS,False,42,6,MAIN,10,RESOURCE_MANAGEMENT,ABILITY,,ABILITY,1,0,121,320,320,2,False,1,6,True,True,1,1,0,678,330,4,678,330,4,False,False,Mega Brave,270,True
92645508,620.4,LOSS,False,43,6,TO_HAND,2,RESOURCE_MANAGEMENT,,,CARD,0,0,121,320,320,2,False,1,6,False,True,1,1,0,678,330,4,678,330,4,False,False,Mega Brave,270,False
92645508,620.4,LOSS,False,44,6,MAIN,10,RESOURCE_MANAGEMENT,PLAY_ITEM,1120,PLAY,1,0,121,320,320,2,False,1,6,True,True,1,1,0,678,330,4,678,330,4,False,False,Mega Brave,270,False
92645508,620.4,LOSS,False,45,6,MAIN,9,RESOURCE_MANAGEMENT,PLAY_SUPPORTER,1210,PLAY,1,0,121,320,320,2,False,1,6,True,True,1,1,0,678,330,4,678,330,4,False,False,Mega Brave,270,False
92645508,620.4,LOSS,False,46,6,TO_HAND,5,RESOURCE_MANAGEMENT,,,CARD,0,0,121,320,320,2,False,1,6,False,True,1,1,0,678,330,4,678,330,4,False,False,Mega Brave,270,False
92645508,620.4,LOSS,False,47,6,MAIN,7,BENCH_MANAGEMENT,EVOLVE,,EVOLVE,1,0,121,320,320,2,False,1,6,True,True,1,1,0,678,330,4,678,330,4,False,False,Mega Brave,270,False
92645508,620.4,LOSS,False,48,6,MAIN,6,ENERGY_MANAGEMENT,ATTACH_ENERGY,,ATTACH,1,0,121,320,320,2,False,1,6,True,True,1,1,0,678,330,4,678,330,4,False,False,Mega Brave,270,False
92645508,620.4,LOSS,False,49,6,MAIN,4,TIMING,,,,1,0,121,320,320,2,False,1,6,True,True,1,1,1,678,330,4,678,360,4,False,False,Mega Brave,270,False
92645508,620.4,LOSS,False,50,8,MAIN,8,ENERGY_MANAGEMENT,ATTACH_ENERGY,,ATTACH,1,0,121,50,320,2,True,1,6,True,True,1,1,1,678,360,4,678,360,4,True,False,Mega Brave,270,False
92645508,620.4,LOSS,False,51,8,MAIN,7,RETREAT_SELECTION,RETREAT,,RETREAT,2,0,121,50,320,2,True,1,6,True,True,1,1,1,678,360,4,678,360,4,True,False,Mega Brave,270,False
92645508,620.4,LOSS,False,52,8,DISCARD_ENERGY,2,ENERGY_MANAGEMENT,,,ENERGY,0,0,121,50,320,2,True,1,6,False,True,1,1,1,678,360,4,678,360,4,True,False,Mega Brave,270,False
92645508,620.4,LOSS,False,53,8,SWITCH,1,ACTIVE_POKEMON_SELECTION,,,CARD,0,0,121,50,320,2,True,1,6,False,True,1,1,1,678,360,4,678,360,4,True,False,Mega Brave,270,False
92645508,620.4,LOSS,False,54,8,MAIN,5,TIMING,,,,1,0,121,320,320,2,False,1,6,False,True,1,1,1,678,360,4,678,290,2,False,False,Mega Brave,270,False
92645508,620.4,LOSS,False,55,9,TO_ACTIVE,1,ACTIVE_POKEMON_SELECTION,,,CARD,0,0,,,,,False,1,6,False,True,,,1,678,290,2,678,290,2,,,,,True
92645508,620.4,LOSS,False,56,10,MAIN,6,RESOURCE_MANAGEMENT,PLAY_SUPPORTER,1227,PLAY,1,0,121,320,320,2,False,0,6,False,False,1,1,0,678,290,2,678,290,2,False,False,Mega Brave,270,False
92645508,620.4,LOSS,False,57,10,MAIN,8,RESOURCE_MANAGEMENT,PLAY_ITEM,1097,PLAY,1,0,121,320,320,2,False,0,6,False,False,1,1,0,678,290,2,678,290,2,False,False,Mega Brave,270,False
92645508,620.4,LOSS,False,58,10,TO_HAND,10,RESOURCE_MANAGEMENT,,,CARD,0,0,121,320,320,2,False,0,6,False,False,1,1,0,678,290,2,678,290,2,False,False,Mega Brave,270,False
92645508,620.4,LOSS,False,59,10,MAIN,8,RESOURCE_MANAGEMENT,PLAY_POKEMON,140,PLAY,1,0,121,320,320,2,False,0,6,False,False,1,1,0,678,290,2,678,290,2,False,False,Mega Brave,270,False
92645508,620.4,LOSS,False,60,10,MAIN,12,RESOURCE_MANAGEMENT,ABILITY,,ABILITY,1,0,121,320,320,2,False,1,6,True,True,1,1,0,678,290,2,678,290,2,False,False,Mega Brave,270,False
92645508,620.4,LOSS,False,61,10,MAIN,13,RESOURCE_MANAGEMENT,PLAY_ITEM,1121,PLAY,1,0,121,320,320,2,False,1,6,True,True,1,1,0,678,290,2,678,290,2,False,False,Mega Brave,270,False
92645508,620.4,LOSS,False,62,10,DISCARD,9,RESOURCE_MANAGEMENT,,,CARD;CARD,0,0,121,320,320,2,False,1,6,False,True,1,1,0,678,290,2,678,290,2,False,False,Mega Brave,270,False
92645508,620.4,LOSS,False,63,10,TO_HAND,3,RESOURCE_MANAGEMENT,,,CARD,0,0,121,320,320,2,False,1,6,False,True,1,1,0,678,290,2,678,290,2,False,False,Mega Brave,270,False
92645508,620.4,LOSS,False,64,10,MAIN,9,ENERGY_MANAGEMENT,ATTACH_ENERGY,,ATTACH,1,0,121,320,320,2,False,1,6,True,True,1,1,0,678,290,2,678,290,2,False,False,Mega Brave,270,False
92645508,620.4,LOSS,False,65,10,MAIN,8,ATTACK_SELECTION,ATTACK,,ATTACK,2,1,121,320,320,2,False,1,6,True,True,1,1,0,678,290,2,678,90,2,False,False,Mega Brave,270,False
92645508,620.4,LOSS,False,66,10,DAMAGE_COUNTER_ANY,5,TARGET_SELECTION,,,CARD,0,0,121,320,320,2,False,1,6,False,True,1,1,0,678,90,2,678,90,2,False,False,Mega Brave,270,False
92645508,620.4,LOSS,False,67,10,DAMAGE_COUNTER_ANY,5,TARGET_SELECTION,,,CARD,0,0,121,320,320,2,False,1,6,False,True,1,1,0,678,90,2,678,90,2,False,False,Mega Brave,270,False
92645508,620.4,LOSS,False,68,10,DAMAGE_COUNTER_ANY,5,TARGET_SELECTION,,,CARD,0,0,121,320,320,2,False,1,6,False,True,1,1,0,678,90,2,678,90,2,False,False,Mega Brave,270,False
92645508,620.4,LOSS,False,69,10,DAMAGE_COUNTER_ANY,5,TARGET_SELECTION,,,CARD,0,0,121,320,320,2,False,1,6,False,True,1,1,0,678,90,2,678,90,2,False,False,Mega Brave,270,False
92645508,620.4,LOSS,False,70,10,DAMAGE_COUNTER_ANY,5,TARGET_SELECTION,,,CARD,0,0,121,320,320,2,False,1,6,False,True,1,1,0,678,90,2,678,90,2,False,False,Mega Brave,270,False
92646459,496.5,WIN,False,0,,,0,UNKNOWN,,,,0,0,,,,,False,,,False,False,,,0,,,,,,,,,,,False
92646459,496.5,WIN,False,1,,,0,UNKNOWN,,,,0,0,,,,,False,,,False,False,,,0,,,,,,0,,,,,False
92646459,496.5,WIN,False,2,0,SETUP_ACTIVE_POKEMON,2,EARLY_GAME_SETUP,,,,0,0,,,,,False,0,0,False,False,,,0,,,0,,,6,,,,,False
92646459,496.5,WIN,False,3,0,DRAW_COUNT,10,SEARCH_DECISION,,,NUMBER,0,0,,,,,False,0,6,False,False,,,0,,,6,,,6,,,,,False
92646459,496.5,WIN,False,4,0,SETUP_BENCH_POKEMON,3,BENCH_MANAGEMENT,,,,0,0,,,,,False,0,6,False,False,,,0,,,6,1030,70,6,,,,,False
92646459,496.5,WIN,False,5,2,MAIN,12,RESOURCE_MANAGEMENT,PLAY_POKEMON,235,PLAY,0,0,119,70,70,1,False,1,6,False,True,1,0,0,1030,70,6,1030,70,6,False,False,Water Gun,20,False
92646459,496.5,WIN,False,6,2,MAIN,11,RESOURCE_MANAGEMENT,PLAY_POKEMON,1071,PLAY,0,0,119,70,70,1,False,2,6,False,True,1,0,1,1030,70,6,1030,70,6,False,False,Water Gun,20,False
92646459,496.5,WIN,False,7,2,ACTIVATE,2,RESOURCE_MANAGEMENT,,,YES,0,0,119,70,70,1,False,3,6,False,True,1,0,1,1030,70,6,1030,70,6,False,False,Water Gun,20,False
92646459,496.5,WIN,False,8,2,TO_HAND,12,RESOURCE_MANAGEMENT,,,CARD,0,0,119,70,70,1,False,3,6,False,True,1,0,1,1030,70,6,1030,70,6,False,False,Water Gun,20,False
92646459,496.5,WIN,False,9,2,MAIN,11,RESOURCE_MANAGEMENT,PLAY_ITEM,1086,PLAY,0,0,119,70,70,1,False,3,6,False,True,1,0,1,1030,70,6,1030,70,6,False,False,Water Gun,20,False
92646459,496.5,WIN,False,10,2,TO_BENCH,3,BENCH_MANAGEMENT,,,CARD;CARD,0,0,119,70,70,1,False,3,6,False,True,1,0,1,1030,70,6,1030,70,6,False,False,Water Gun,20,False
92646459,496.5,WIN,False,11,2,MAIN,9,RESOURCE_MANAGEMENT,PLAY_ITEM,1152,PLAY,0,0,119,70,70,1,False,5,6,False,True,1,0,1,1030,70,6,1030,70,6,False,False,Water Gun,20,False
92646459,496.5,WIN,False,12,2,TO_HAND,2,RESOURCE_MANAGEMENT,,,CARD,0,0,119,70,70,1,False,5,6,False,True,1,0,1,1030,70,6,1030,70,6,False,False,Water Gun,20,False
92646459,496.5,WIN,False,13,2,MAIN,8,RESOURCE_MANAGEMENT,PLAY_ITEM,1121,PLAY,0,0,119,70,70,1,False,5,6,False,True,1,0,1,1030,70,6,1030,70,6,False,False,Water Gun,20,False
92646459,496.5,WIN,False,14,2,DISCARD,12,RESOURCE_MANAGEMENT,,,CARD;CARD,0,0,119,70,70,1,False,5,6,False,True,1,0,1,1030,70,6,1030,70,6,False,False,Water Gun,20,False
92646459,496.5,WIN,False,15,2,TO_HAND,5,RESOURCE_MANAGEMENT,,,CARD,0,0,119,70,70,1,False,5,6,False,True,1,0,1,1030,70,6,1030,70,6,False,False,Water Gun,20,False
92646459,496.5,WIN,False,16,2,MAIN,6,RESOURCE_MANAGEMENT,PLAY_ITEM,1120,PLAY,0,0,119,70,70,1,False,5,6,False,True,1,0,1,1030,70,6,1030,70,6,False,False,Water Gun,20,False
92646459,496.5,WIN,False,17,2,MAIN,5,RESOURCE_MANAGEMENT,PLAY_SUPPORTER,1227,PLAY,0,0,119,70,70,1,False,5,6,False,True,1,0,1,1030,70,6,1030,70,6,False,False,Water Gun,20,False
92646459,496.5,WIN,False,18,2,MAIN,15,RESOURCE_MANAGEMENT,PLAY_ITEM,1152,PLAY,0,0,119,70,70,1,False,5,6,False,True,1,0,1,1030,70,6,1030,70,6,False,False,Water Gun,20,False
92646459,496.5,WIN,False,19,2,TO_HAND,1,RESOURCE_MANAGEMENT,,,CARD,0,0,119,70,70,1,False,5,6,False,True,1,0,1,1030,70,6,1030,70,6,False,False,Water Gun,20,False
92646459,496.5,WIN,False,20,2,MAIN,14,ENERGY_MANAGEMENT,ATTACH_ENERGY,,ATTACH,0,0,119,70,70,1,False,5,6,False,True,1,0,1,1030,70,6,1030,70,6,False,False,Water Gun,20,False
92646459,496.5,WIN,False,21,2,MAIN,2,TIMING,,,,0,0,119,70,70,1,False,5,6,False,True,1,0,2,1030,70,6,1031,330,4,False,False,Water Gun,20,False
92646459,496.5,WIN,False,22,3,TO_ACTIVE,4,ACTIVE_POKEMON_SELECTION,,,,0,0,,,,,False,4,6,False,True,,,1,1031,330,4,1031,330,4,,,,,True
92646459,496.5,WIN,False,23,4,MAIN,17,RESOURCE_MANAGEMENT,PLAY_POKEMON,235,PLAY,1,0,119,70,70,1,False,3,6,True,True,1,1,0,1031,330,4,1031,330,4,True,False,Jetting Blow,120,False
92646459,496.5,WIN,False,24,4,MAIN,17,BENCH_MANAGEMENT,EVOLVE,,EVOLVE,1,0,119,70,70,1,False,4,6,True,True,1,1,1,1031,330,4,1031,330,4,True,False,Jetting Blow,120,False
92646459,496.5,WIN,False,25,4,MAIN,13,RESOURCE_MANAGEMENT,ABILITY,,ABILITY,0,0,120,90,90,1,False,4,6,True,True,1,1,1,1031,330,4,1031,330,4,True,False,Jetting Blow,120,True
92646459,496.5,WIN,False,26,4,TO_HAND,2,RESOURCE_MANAGEMENT,,,CARD,0,0,120,90,90,1,False,4,6,False,True,1,1,1,1031,330,4,1031,330,4,True,False,Jetting Blow,120,False
92646459,496.5,WIN,False,27,4,MAIN,13,BENCH_MANAGEMENT,EVOLVE,,EVOLVE,0,0,120,90,90,1,False,4,6,True,True,1,1,1,1031,330,4,1031,330,4,True,False,Jetting Blow,120,False
92646459,496.5,WIN,False,28,4,MAIN,12,RESOURCE_MANAGEMENT,ABILITY,,ABILITY,0,0,120,90,90,1,False,4,6,True,True,1,1,1,1031,330,4,1031,330,4,True,False,Jetting Blow,120,False
92646459,496.5,WIN,False,29,4,TO_HAND,2,RESOURCE_MANAGEMENT,,,CARD,0,0,120,90,90,1,False,4,6,False,True,1,1,1,1031,330,4,1031,330,4,True,False,Jetting Blow,120,False
92646459,496.5,WIN,False,30,4,MAIN,12,RESOURCE_MANAGEMENT,PLAY_ITEM,1079,PLAY,0,0,120,90,90,1,False,4,6,True,True,1,1,1,1031,330,4,1031,330,4,True,False,Jetting Blow,120,False
92646459,496.5,WIN,False,31,4,EVOLVE,1,BENCH_MANAGEMENT,,,EVOLVE,0,0,120,90,90,1,False,4,6,False,True,1,1,1,1031,330,4,1031,330,4,True,False,Jetting Blow,120,False
92646459,496.5,WIN,False,32,4,MAIN,11,ENERGY_MANAGEMENT,ATTACH_ENERGY,,ATTACH,0,0,120,90,90,1,False,4,6,True,True,1,1,1,1031,330,4,1031,330,4,True,False,Jetting Blow,120,False
92646459,496.5,WIN,False,33,4,MAIN,6,RESOURCE_MANAGEMENT,PLAY_SUPPORTER,1227,PLAY,0,0,120,90,90,1,False,4,6,True,True,1,1,2,1031,330,4,1031,330,4,True,False,Jetting Blow,120,False
92646459,496.5,WIN,False,34,4,MAIN,5,RESOURCE_MANAGEMENT,PLAY_POKEMON,140,PLAY,0,0,120,90,90,1,False,4,6,True,True,1,1,2,1031,330,4,1031,330,4,True,False,Jetting Blow,120,False
92646459,496.5,WIN,False,35,4,MAIN,4,RESOURCE_MANAGEMENT,PLAY_ITEM,1121,PLAY,0,0,120,90,90,1,False,5,6,True,True,1,1,2,1031,330,4,1031,330,4,True,False,Jetting Blow,120,False
92646459,496.5,WIN,False,36,4,DISCARD,6,RESOURCE_MANAGEMENT,,,CARD;CARD,0,0,120,90,90,1,False,5,6,False,True,1,1,2,1031,330,4,1031,330,4,True,False,Jetting Blow,120,False
92646459,496.5,WIN,False,37,4,TO_HAND,3,RESOURCE_MANAGEMENT,,,CARD,0,0,120,90,90,1,False,5,6,False,True,1,1,2,1031,330,4,1031,330,4,True,False,Jetting Blow,120,False
92646459,496.5,WIN,False,38,4,MAIN,3,RESOURCE_MANAGEMENT,ABILITY,,ABILITY,0,0,120,90,90,1,False,5,6,True,True,1,1,2,1031,330,4,1031,330,4,True,False,Jetting Blow,120,False
92646459,496.5,WIN,False,39,4,MAIN,8,ENERGY_MANAGEMENT,ATTACH_ENERGY,,ATTACH,0,0,120,90,90,1,False,5,6,True,True,1,1,2,1031,330,4,1031,330,4,True,False,Jetting Blow,120,False
92646459,496.5,WIN,False,40,4,MAIN,2,RETREAT_SELECTION,RETREAT,,RETREAT,0,0,120,90,90,1,False,5,6,True,True,1,1,2,1031,330,4,1031,330,4,True,False,Jetting Blow,120,False
92646459,496.5,WIN,False,41,4,DISCARD_ENERGY,1,ENERGY_MANAGEMENT,,,ENERGY,0,0,120,90,90,1,False,5,6,False,True,1,1,2,1031,330,4,1031,330,4,True,False,Jetting Blow,120,False
92646459,496.5,WIN,False,42,4,SWITCH,5,ACTIVE_POKEMON_SELECTION,,,CARD,0,0,120,90,90,1,False,5,6,False,True,1,0,2,1031,330,4,1031,330,4,True,False,Jetting Blow,120,False
92646459,496.5,WIN,False,43,4,MAIN,2,TIMING,,,,1,0,121,320,320,2,False,5,6,False,True,1,1,1,1031,330,4,1031,260,3,False,False,Jetting Blow,120,True
92646459,496.5,WIN,False,44,6,MAIN,19,BENCH_MANAGEMENT,EVOLVE,,EVOLVE,1,0,121,200,320,2,True,4,6,True,True,1,1,0,1031,260,3,1031,260,3,True,False,Nebula Beam,210,False
92646459,496.5,WIN,False,45,6,MAIN,16,RESOURCE_MANAGEMENT,PLAY_ITEM,1120,PLAY,1,0,121,200,320,2,True,4,6,True,True,1,1,0,1031,260,3,1031,260,3,True,False,Nebula Beam,210,False
92646459,496.5,WIN,False,46,6,DISCARD_ENERGY,3,ENERGY_MANAGEMENT,,,ENERGY,0,0,121,200,320,2,True,4,6,False,True,1,1,0,1031,260,3,1031,260,3,True,False,Nebula Beam,210,False
92646459,496.5,WIN,False,47,6,MAIN,15,RESOURCE_MANAGEMENT,ABILITY,,ABILITY,1,0,121,200,320,2,True,4,6,True,True,1,1,0,1031,260,3,1031,260,3,False,True,Jetting Blow,120,False
92646459,496.5,WIN,False,48,6,TO_HAND,2,RESOURCE_MANAGEMENT,,,CARD,0,0,121,200,320,2,True,4,6,False,True,1,1,0,1031,260,3,1031,260,3,False,True,Jetting Blow,120,False
92646459,496.5,WIN,False,49,6,MAIN,15,RESOURCE_MANAGEMENT,ABILITY,,ABILITY,1,0,121,200,320,2,True,4,6,True,True,1,1,0,1031,260,3,1031,260,3,False,True,Jetting Blow,120,False
92646459,496.5,WIN,False,50,6,MAIN,25,RESOURCE_MANAGEMENT,PLAY_SUPPORTER,1198,PLAY,1,0,121,200,320,2,True,4,6,True,True,1,1,0,1031,260,3,1031,260,3,False,True,Jetting Blow,120,False
92646459,496.5,WIN,False,51,6,TO_HAND,2,RESOURCE_MANAGEMENT,,,CARD,0,0,121,200,320,2,True,4,6,False,True,1,1,0,1031,260,3,1031,260,3,False,True,Jetting Blow,120,False
92646459,496.5,WIN,False,52,6,ATTACH_TO,1,ENERGY_MANAGEMENT,,,CARD,0,0,121,200,320,2,True,4,6,False,True,1,1,0,1031,260,3,1031,260,3,False,True,Jetting Blow,120,False
92646459,496.5,WIN,False,53,6,ATTACH_FROM,5,ENERGY_MANAGEMENT,,,CARD,0,0,121,200,320,2,True,4,6,False,True,1,1,0,1031,260,3,1031,260,3,False,True,Jetting Blow,120,False
92646459,496.5,WIN,False,54,6,MAIN,26,ENERGY_MANAGEMENT,ATTACH_ENERGY,,ATTACH,2,0,121,200,320,2,True,4,6,True,True,1,1,0,1031,260,3,1031,260,3,False,True,Jetting Blow,120,False
92646459,496.5,WIN,False,55,6,MAIN,6,ATTACK_SELECTION,ATTACK,,ATTACK,2,1,121,200,320,2,True,4,6,True,True,1,1,1,1031,260,3,1031,60,3,False,True,Jetting Blow,120,False
92646459,496.5,WIN,False,56,6,DAMAGE_COUNTER_ANY,2,TARGET_SELECTION,,,CARD,0,0,121,200,320,2,True,4,6,False,True,1,1,1,1031,60,3,1031,60,3,False,True,Jetting Blow,120,False
92646459,496.5,WIN,False,57,6,DAMAGE_COUNTER_ANY,2,TARGET_SELECTION,,,CARD,0,0,121,200,320,2,True,4,6,False,True,1,1,1,1031,60,3,1031,60,3,False,True,Jetting Blow,120,False
92646459,496.5,WIN,False,58,6,DAMAGE_COUNTER_ANY,2,TARGET_SELECTION,,,CARD,0,0,121,200,320,2,True,4,6,False,True,1,1,1,1031,60,3,1031,60,3,False,True,Jetting Blow,120,False
92646459,496.5,WIN,False,59,6,DAMAGE_COUNTER_ANY,2,TARGET_SELECTION,,,CARD,0,0,121,200,320,2,True,4,6,False,True,1,1,1,1031,60,3,1031,60,3,False,True,Jetting Blow,120,False
92646459,496.5,WIN,False,60,6,DAMAGE_COUNTER_ANY,2,TARGET_SELECTION,,,CARD,0,0,121,200,320,2,True,4,6,False,True,1,1,1,1031,60,3,1031,60,3,False,True,Jetting Blow,120,False
92646459,496.5,WIN,False,61,6,DAMAGE_COUNTER_ANY,2,TARGET_SELECTION,,,,0,0,121,200,320,2,True,4,6,False,True,1,1,1,1031,60,3,1031,60,1,False,True,Jetting Blow,120,False
92646459,496.5,WIN,False,62,7,TO_ACTIVE,4,ACTIVE_POKEMON_SELECTION,,,,0,0,,,,,False,4,6,False,True,,,1,1031,60,1,1031,60,1,,,,,True
92646459,496.5,WIN,False,63,8,MAIN,24,RESOURCE_MANAGEMENT,PLAY_ITEM,1097,PLAY,1,0,121,320,320,2,False,3,6,True,True,1,1,0,1031,60,1,1031,60,1,False,False,Nebula Beam,210,False
92646459,496.5,WIN,False,64,8,TO_HAND,8,RESOURCE_MANAGEMENT,,,CARD,0,0,121,320,320,2,False,3,6,False,True,1,1,0,1031,60,1,1031,60,1,False,False,Nebula Beam,210,False
92646459,496.5,WIN,False,65,8,MAIN,24,RESOURCE_MANAGEMENT,PLAY_POKEMON,119,PLAY,1,0,121,320,320,2,False,3,6,True,True,1,1,0,1031,60,1,1031,60,1,False,False,Nebula Beam,210,False
92646459,496.5,WIN,False,66,8,MAIN,26,RESOURCE_MANAGEMENT,ABILITY,,ABILITY,1,0,121,320,320,2,False,4,6,True,True,1,1,0,1031,60,1,1031,60,1,False,False,Nebula Beam,210,False
92646459,496.5,WIN,False,67,8,TO_HAND,2,RESOURCE_MANAGEMENT,,,CARD,0,0,121,320,320,2,False,4,6,False,True,1,1,0,1031,60,1,1031,60,1,False,False,Nebula Beam,210,False
92646459,496.5,WIN,False,68,8,MAIN,26,RESOURCE_MANAGEMENT,ABILITY,,ABILITY,1,0,121,320,320,2,False,4,6,True,True,1,1,0,1031,60,1,1031,60,1,False,False,Nebula Beam,210,False
92646459,496.5,WIN,False,69,8,MAIN,28,ENERGY_MANAGEMENT,ATTACH_ENERGY,,ATTACH,1,0,121,320,320,2,False,4,6,True,True,1,1,0,1031,60,1,1031,60,1,False,False,Nebula Beam,210,False
92646459,496.5,WIN,False,70,8,MAIN,14,RESOURCE_MANAGEMENT,PLAY_SUPPORTER,1182,PLAY,2,0,121,320,320,2,False,4,6,True,True,1,1,0,1031,60,1,1031,60,1,False,False,Nebula Beam,210,False
92646459,496.5,WIN,False,71,8,SWITCH,2,ACTIVE_POKEMON_SELECTION,,,CARD,0,0,121,320,320,2,False,4,6,False,True,1,1,0,1031,60,1,1031,270,1,False,False,Nebula Beam,210,False
92646459,496.5,WIN,False,72,8,MAIN,8,RESOURCE_MANAGEMENT,PLAY_ITEM,1080,PLAY,2,0,121,320,320,2,False,4,6,True,True,1,1,0,1031,270,1,1031,270,1,False,False,,,False
92646459,496.5,WIN,False,73,8,MAIN,6,ATTACK_SELECTION,ATTACK,,ATTACK,2,1,121,320,320,2,False,4,6,True,True,1,1,0,1031,270,1,1031,70,1,False,False,,,False
92646459,496.5,WIN,False,74,8,DAMAGE_COUNTER_ANY,2,TARGET_SELECTION,,,CARD,0,0,121,320,320,2,False,4,6,False,True,1,1,0,1031,70,1,1031,70,1,False,False,,,False
92646459,496.5,WIN,False,75,8,DAMAGE_COUNTER_ANY,2,TARGET_SELECTION,,,CARD,0,0,121,320,320,2,False,4,6,False,True,1,1,0,1031,70,1,1031,70,1,False,False,,,False
92646459,496.5,WIN,False,76,8,DAMAGE_COUNTER_ANY,2,TARGET_SELECTION,,,CARD,0,0,121,320,320,2,False,4,6,False,True,1,1,0,1031,70,1,1031,70,1,False,False,,,False
92646459,496.5,WIN,False,77,8,DAMAGE_COUNTER_ANY,2,TARGET_SELECTION,,,CARD,0,0,121,320,320,2,False,4,6,False,True,1,1,0,1031,70,1,1031,70,1,False,False,,,False
92646459,496.5,WIN,False,78,8,DAMAGE_COUNTER_ANY,2,TARGET_SELECTION,,,CARD,0,0,121,320,320,2,False,4,6,False,True,1,1,0,1031,70,1,1031,70,1,False,False,,,False
92646459,496.5,WIN,False,79,8,DAMAGE_COUNTER_ANY,2,TARGET_SELECTION,,,CARD,0,0,121,320,320,2,False,4,6,False,True,1,1,0,1031,70,1,1031,70,1,False,False,,,False
92646459,496.5,WIN,False,80,8,TO_HAND,6,RESOURCE_MANAGEMENT,,,,0,0,121,320,320,2,False,4,6,False,True,1,1,0,1031,70,1,1031,70,1,False,False,,,False
92646459,496.5,WIN,False,81,10,MAIN,17,RESOURCE_MANAGEMENT,PLAY_ITEM,1121,PLAY,2,0,121,200,320,2,True,4,3,True,True,1,1,0,1031,70,1,1031,70,1,False,True,Jetting Blow,120,False
92646459,496.5,WIN,False,82,10,DISCARD,8,RESOURCE_MANAGEMENT,,,CARD;CARD,0,0,121,200,320,2,True,4,3,False,True,1,1,0,1031,70,1,1031,70,1,False,True,Jetting Blow,120,False
92646459,496.5,WIN,False,83,10,TO_HAND,2,RESOURCE_MANAGEMENT,,,CARD,0,0,121,200,320,2,True,4,3,False,True,1,1,0,1031,70,1,1031,70,1,False,True,Jetting Blow,120,False
92646459,496.5,WIN,False,84,10,MAIN,12,RESOURCE_MANAGEMENT,ABILITY,,ABILITY,2,0,121,200,320,2,True,4,3,True,True,1,1,0,1031,70,1,1031,70,1,False,True,Jetting Blow,120,False
92646459,496.5,WIN,False,85,10,TO_HAND,2,RESOURCE_MANAGEMENT,,,CARD,0,0,121,200,320,2,True,4,3,False,True,1,1,0,1031,70,1,1031,70,1,False,True,Jetting Blow,120,False
92646459,496.5,WIN,False,86,10,MAIN,12,RESOURCE_MANAGEMENT,PLAY_ITEM,1120,PLAY,2,0,121,200,320,2,True,4,3,True,True,1,1,0,1031,70,1,1031,70,1,False,True,Jetting Blow,120,False
92646459,496.5,WIN,False,87,10,DISCARD_ENERGY,2,ENERGY_MANAGEMENT,,,ENERGY,0,0,121,200,320,2,True,4,3,False,True,1,1,0,1031,70,1,1031,70,1,False,True,Jetting Blow,120,False
92646459,496.5,WIN,False,88,10,MAIN,11,RESOURCE_MANAGEMENT,PLAY_SUPPORTER,1210,PLAY,2,0,121,200,320,2,True,4,3,True,True,1,1,0,1031,70,1,1031,70,1,False,False,Jetting Blow,120,False
92646459,496.5,WIN,False,89,10,TO_HAND,1,RESOURCE_MANAGEMENT,,,CARD,0,0,121,200,320,2,True,4,3,False,True,1,1,0,1031,70,1,1031,70,1,False,False,Jetting Blow,120,False
92646459,496.5,WIN,False,90,10,MAIN,9,BENCH_MANAGEMENT,EVOLVE,,EVOLVE,2,0,121,200,320,2,True,4,3,True,True,1,1,0,1031,70,1,1031,70,1,False,False,Jetting Blow,120,False
92646459,496.5,WIN,False,91,10,MAIN,9,RESOURCE_MANAGEMENT,ABILITY,,ABILITY,2,0,121,200,320,2,True,4,3,True,True,1,1,0,1031,70,1,1031,70,1,False,False,Jetting Blow,120,False
92646459,496.5,WIN,False,92,10,TO_HAND,2,RESOURCE_MANAGEMENT,,,CARD,0,0,121,200,320,2,True,4,3,False,True,1,1,0,1031,70,1,1031,70,1,False,False,Jetting Blow,120,False
92646459,496.5,WIN,False,93,10,MAIN,8,ATTACK_SELECTION,ATTACK,,ATTACK,2,1,121,200,320,2,True,4,3,True,True,1,1,0,1031,70,1,1031,0,1,False,False,Jetting Blow,120,False
92646459,496.5,WIN,False,94,10,DAMAGE_COUNTER_ANY,1,TARGET_SELECTION,,,CARD,0,0,121,200,320,2,True,4,3,False,True,1,1,0,1031,0,1,1031,0,1,False,False,Jetting Blow,120,False
92646459,496.5,WIN,False,95,10,DAMAGE_COUNTER_ANY,1,TARGET_SELECTION,,,CARD,0,0,121,200,320,2,True,4,3,False,True,1,1,0,1031,0,1,1031,0,1,False,False,Jetting Blow,120,False
92646459,496.5,WIN,False,96,10,DAMAGE_COUNTER_ANY,1,TARGET_SELECTION,,,CARD,0,0,121,200,320,2,True,4,3,False,True,1,1,0,1031,0,1,1031,0,1,False,False,Jetting Blow,120,False
92646459,496.5,WIN,False,97,10,DAMAGE_COUNTER_ANY,1,TARGET_SELECTION,,,CARD,0,0,121,200,320,2,True,4,3,False,True,1,1,0,1031,0,1,1031,0,1,False,False,Jetting Blow,120,False
92646459,496.5,WIN,False,98,10,DAMAGE_COUNTER_ANY,1,TARGET_SELECTION,,,CARD,0,0,121,200,320,2,True,4,3,False,True,1,1,0,1031,0,1,1031,0,1,False,False,Jetting Blow,120,False
92646459,496.5,WIN,False,99,10,DAMAGE_COUNTER_ANY,1,TARGET_SELECTION,,,CARD,0,0,121,200,320,2,True,4,3,False,True,1,1,0,1031,0,1,,,1,False,False,Jetting Blow,120,False
92647392,687.3,WIN,False,0,,,0,UNKNOWN,,,,0,0,,,,,False,,,False,False,,,0,,,,,,,,,,,False
92647392,687.3,WIN,False,1,,,0,UNKNOWN,,,,0,0,,,,,False,,,False,False,,,0,,,,,,0,,,,,False
92647392,687.3,WIN,False,2,0,SETUP_ACTIVE_POKEMON,1,EARLY_GAME_SETUP,,,,0,0,,,,,False,0,0,False,False,,,0,,,0,,,6,,,,,False
92647392,687.3,WIN,False,3,0,DRAW_COUNT,2,SEARCH_DECISION,,,,0,0,,,,,False,0,6,False,False,,,0,,,6,741,50,6,,,,,False
92647392,687.3,WIN,False,4,2,MAIN,8,RESOURCE_MANAGEMENT,PLAY_STADIUM,1256,PLAY,0,0,184,210,210,2,False,0,6,False,False,2,0,0,741,50,6,741,50,6,False,False,Teleportation Attack,10,False
92647392,687.3,WIN,False,5,2,MAIN,7,RESOURCE_MANAGEMENT,PLAY_ITEM,1120,PLAY,0,0,184,210,210,2,False,0,6,False,False,2,0,0,741,50,6,741,50,6,False,False,Teleportation Attack,10,False
92647392,687.3,WIN,False,6,2,MAIN,6,ENERGY_MANAGEMENT,ATTACH_ENERGY,,ATTACH,0,0,184,210,210,2,False,0,6,False,False,2,0,0,741,50,6,741,50,6,False,False,Teleportation Attack,10,False
92647392,687.3,WIN,False,7,2,MAIN,5,RESOURCE_MANAGEMENT,PLAY_SUPPORTER,1227,PLAY,0,0,184,210,210,2,False,0,6,False,False,2,1,0,741,50,6,741,50,6,False,False,Teleportation Attack,10,False
92647392,687.3,WIN,False,8,2,MAIN,3,RESOURCE_MANAGEMENT,PLAY_ITEM,1086,PLAY,0,0,184,210,210,2,False,0,6,False,False,2,1,0,741,50,6,741,50,6,False,False,Teleportation Attack,10,False
92647392,687.3,WIN,False,9,2,TO_BENCH,3,BENCH_MANAGEMENT,,,CARD;CARD,0,0,184,210,210,2,False,0,6,False,False,2,1,0,741,50,6,741,50,6,False,False,Teleportation Attack,10,False
92647392,687.3,WIN,False,10,2,MAIN,3,RESOURCE_MANAGEMENT,PLAY_ITEM,1152,PLAY,0,0,184,210,210,2,False,2,6,True,True,2,1,0,741,50,6,741,50,6,False,False,Teleportation Attack,10,False
92647392,687.3,WIN,False,11,2,TO_HAND,4,RESOURCE_MANAGEMENT,,,CARD,0,0,184,210,210,2,False,2,6,False,True,2,1,0,741,50,6,741,50,6,False,False,Teleportation Attack,10,False
92647392,687.3,WIN,False,12,2,MAIN,3,RESOURCE_MANAGEMENT,PLAY_POKEMON,119,PLAY,0,0,184,210,210,2,False,2,6,True,True,2,1,0,741,50,6,741,50,6,False,False,Teleportation Attack,10,False
92647392,687.3,WIN,False,13,2,MAIN,2,TIMING,,,,0,0,184,210,210,2,False,3,6,True,True,2,1,0,741,50,6,743,140,6,False,False,Teleportation Attack,10,False
92647392,687.3,WIN,False,14,4,MAIN,14,RESOURCE_MANAGEMENT,PLAY_SUPPORTER,1198,PLAY,0,0,184,70,210,2,True,3,6,True,True,2,1,0,743,140,6,743,140,6,False,False,Powerful Hand,0,False
92647392,687.3,WIN,False,15,4,TO_HAND,5,RESOURCE_MANAGEMENT,,,CARD,0,0,184,70,210,2,True,3,6,False,True,2,1,0,743,140,6,743,140,6,False,False,Powerful Hand,0,False
92647392,687.3,WIN,False,16,4,ATTACH_TO,2,ENERGY_MANAGEMENT,,,CARD,0,0,184,70,210,2,True,3,6,False,True,2,1,0,743,140,6,743,140,6,False,False,Powerful Hand,0,False
92647392,687.3,WIN,False,17,4,ATTACH_FROM,4,ENERGY_MANAGEMENT,,,CARD,0,0,184,70,210,2,True,3,6,False,True,2,1,0,743,140,6,743,140,6,False,False,Powerful Hand,0,False
92647392,687.3,WIN,False,18,4,MAIN,16,BENCH_MANAGEMENT,EVOLVE,,EVOLVE,0,0,184,70,210,2,True,3,6,True,True,2,1,1,743,140,6,743,140,6,False,False,Powerful Hand,0,False
92647392,687.3,WIN,False,19,4,MAIN,13,RESOURCE_MANAGEMENT,ABILITY,,ABILITY,0,0,184,70,210,2,True,3,6,True,True,2,1,0,743,140,6,743,140,6,False,False,Powerful Hand,0,False
92647392,687.3,WIN,False,20,4,TO_HAND,2,RESOURCE_MANAGEMENT,,,CARD,0,0,184,70,210,2,True,3,6,False,True,2,1,0,743,140,6,743,140,6,False,False,Powerful Hand,0,False
92647392,687.3,WIN,False,21,4,MAIN,12,BENCH_MANAGEMENT,EVOLVE,,EVOLVE,0,0,184,70,210,2,True,3,6,True,True,2,1,0,743,140,6,743,140,6,False,False,Powerful Hand,0,False
92647392,687.3,WIN,False,22,4,MAIN,11,RESOURCE_MANAGEMENT,ABILITY,,ABILITY,0,0,184,70,210,2,True,3,6,True,True,2,1,0,743,140,6,743,140,6,False,False,Powerful Hand,0,False
92647392,687.3,WIN,False,23,4,TO_HAND,2,RESOURCE_MANAGEMENT,,,CARD,0,0,184,70,210,2,True,3,6,False,True,2,1,0,743,140,6,743,140,6,False,False,Powerful Hand,0,False
92647392,687.3,WIN,False,24,4,MAIN,10,ENERGY_MANAGEMENT,ATTACH_ENERGY,,ATTACH,0,0,184,70,210,2,True,3,6,True,True,2,1,0,743,140,6,743,140,6,False,False,Powerful Hand,0,False
92647392,687.3,WIN,False,25,4,MAIN,2,TIMING,,,,0,0,184,70,210,2,True,3,6,True,True,2,1,0,743,140,6,743,140,4,False,False,Powerful Hand,0,False
92647392,687.3,WIN,False,26,5,TO_ACTIVE,3,ACTIVE_POKEMON_SELECTION,,,CARD,0,0,,,,,False,3,6,False,True,,,0,743,140,4,743,140,4,,,,,True
92647392,687.3,WIN,False,27,6,MAIN,13,RESOURCE_MANAGEMENT,ABILITY,,ABILITY,0,0,120,90,90,1,False,2,6,True,True,1,1,0,743,140,4,743,140,4,False,False,Powerful Hand,0,False
92647392,687.3,WIN,False,28,6,TO_HAND,2,RESOURCE_MANAGEMENT,,,CARD,0,0,120,90,90,1,False,2,6,False,True,1,1,0,743,140,4,743,140,4,False,False,Powerful Hand,0,False
92647392,687.3,WIN,False,29,6,MAIN,13,RESOURCE_MANAGEMENT,ABILITY,,ABILITY,0,0,120,90,90,1,False,2,6,True,True,1,1,0,743,140,4,743,140,4,False,False,Powerful Hand,0,False
92647392,687.3,WIN,False,30,6,TO_HAND,2,RESOURCE_MANAGEMENT,,,CARD,0,0,120,90,90,1,False,2,6,False,True,1,1,0,743,140,4,743,140,4,False,False,Powerful Hand,0,False
92647392,687.3,WIN,False,31,6,MAIN,14,BENCH_MANAGEMENT,EVOLVE,,EVOLVE,0,0,120,90,90,1,False,2,6,True,True,1,1,0,743,140,4,743,140,4,False,False,Powerful Hand,0,False
92647392,687.3,WIN,False,32,6,MAIN,13,RESOURCE_MANAGEMENT,PLAY_SUPPORTER,1198,PLAY,1,0,121,320,320,2,False,2,6,True,True,1,1,0,743,140,4,743,140,4,False,False,Powerful Hand,0,True
92647392,687.3,WIN,False,33,6,TO_HAND,3,RESOURCE_MANAGEMENT,,,CARD,0,0,121,320,320,2,False,2,6,False,True,1,1,0,743,140,4,743,140,4,False,False,Powerful Hand,0,False
92647392,687.3,WIN,False,34,6,ATTACH_TO,2,ENERGY_MANAGEMENT,,,CARD,0,0,121,320,320,2,False,2,6,False,True,1,1,0,743,140,4,743,140,4,False,False,Powerful Hand,0,False
92647392,687.3,WIN,False,35,6,ATTACH_FROM,3,ENERGY_MANAGEMENT,,,CARD,0,0,121,320,320,2,False,2,6,False,True,1,1,0,743,140,4,743,140,4,False,False,Powerful Hand,0,False
92647392,687.3,WIN,False,36,6,MAIN,14,BENCH_MANAGEMENT,EVOLVE,,EVOLVE,2,0,121,320,320,2,False,2,6,True,True,1,1,0,743,140,4,743,140,4,False,False,Powerful Hand,0,False
92647392,687.3,WIN,False,37,6,MAIN,14,RESOURCE_MANAGEMENT,ABILITY,,ABILITY,2,0,121,320,320,2,False,2,6,True,True,1,1,0,743,140,4,743,140,4,False,False,Powerful Hand,0,False
92647392,687.3,WIN,False,38,6,TO_HAND,2,RESOURCE_MANAGEMENT,,,CARD,0,0,121,320,320,2,False,2,6,False,True,1,1,0,743,140,4,743,140,4,False,False,Powerful Hand,0,False
92647392,687.3,WIN,False,39,6,MAIN,14,ENERGY_MANAGEMENT,ATTACH_ENERGY,,ATTACH,2,0,121,320,320,2,False,2,6,True,True,1,1,0,743,140,4,743,140,4,False,False,Powerful Hand,0,False
92647392,687.3,WIN,False,40,6,MAIN,8,RESOURCE_MANAGEMENT,PLAY_ITEM,1080,PLAY,2,0,121,320,320,2,False,2,6,True,True,1,1,0,743,140,4,743,140,4,False,False,Powerful Hand,0,False
92647392,687.3,WIN,False,41,6,MAIN,8,ENERGY_MANAGEMENT,ATTACH_ENERGY,,ATTACH,2,0,121,320,320,2,False,2,6,True,True,1,1,0,743,140,4,743,140,4,False,False,Powerful Hand,0,False
92647392,687.3,WIN,False,42,6,MAIN,5,RESOURCE_MANAGEMENT,PLAY_ITEM,1120,PLAY,2,0,121,320,320,2,False,2,6,True,True,1,1,0,743,140,4,743,140,4,False,False,Powerful Hand,0,False
92647392,687.3,WIN,False,43,6,DISCARD_ENERGY,2,ENERGY_MANAGEMENT,,,ENERGY,0,0,121,320,320,2,False,2,6,False,True,1,1,0,743,140,4,743,140,4,False,False,Powerful Hand,0,False
92647392,687.3,WIN,False,44,6,MAIN,4,ATTACK_SELECTION,ATTACK,,ATTACK,2,1,121,320,320,2,False,2,6,True,True,1,1,0,743,140,4,743,0,4,False,False,Powerful Hand,0,False
92647392,687.3,WIN,False,45,6,DAMAGE_COUNTER_ANY,4,TARGET_SELECTION,,,CARD,0,0,121,320,320,2,False,2,6,False,True,1,1,0,743,0,4,743,0,4,False,False,Powerful Hand,0,False
92647392,687.3,WIN,False,46,6,DAMAGE_COUNTER_ANY,4,TARGET_SELECTION,,,CARD,0,0,121,320,320,2,False,2,6,False,True,1,1,0,743,0,4,743,0,4,False,False,Powerful Hand,0,False
92647392,687.3,WIN,False,47,6,DAMAGE_COUNTER_ANY,4,TARGET_SELECTION,,,CARD,0,0,121,320,320,2,False,2,6,False,True,1,1,0,743,0,4,743,0,4,False,False,Powerful Hand,0,False
92647392,687.3,WIN,False,48,6,DAMAGE_COUNTER_ANY,4,TARGET_SELECTION,,,CARD,0,0,121,320,320,2,False,2,6,False,True,1,1,0,743,0,4,743,0,4,False,False,Powerful Hand,0,False
92647392,687.3,WIN,False,49,6,DAMAGE_COUNTER_ANY,4,TARGET_SELECTION,,,CARD,0,0,121,320,320,2,False,2,6,False,True,1,1,0,743,0,4,743,0,4,False,False,Powerful Hand,0,False
92647392,687.3,WIN,False,50,6,DAMAGE_COUNTER_ANY,4,TARGET_SELECTION,,,CARD,0,0,121,320,320,2,False,2,6,False,True,1,1,0,743,0,4,,,4,False,False,Powerful Hand,0,False
92647392,687.3,WIN,False,51,6,TO_HAND,6,RESOURCE_MANAGEMENT,,,,0,0,121,320,320,2,False,2,6,False,True,1,1,0,,,4,742,20,4,,,,,False
92647392,687.3,WIN,False,52,7,DISCARD,4,RESOURCE_MANAGEMENT,,,,0,0,121,320,320,2,False,2,5,False,True,1,1,0,742,20,4,742,20,4,False,False,,,False
92647392,687.3,WIN,False,53,8,MAIN,8,RESOURCE_MANAGEMENT,ABILITY,,ABILITY,2,0,121,320,320,2,False,2,5,True,True,1,1,0,742,20,4,742,20,4,False,False,,,False
92647392,687.3,WIN,False,54,8,TO_HAND,2,RESOURCE_MANAGEMENT,,,CARD,0,0,121,320,320,2,False,2,5,False,True,1,1,0,742,20,4,742,20,4,False,False,,,False
92647392,687.3,WIN,False,55,8,MAIN,9,BENCH_MANAGEMENT,EVOLVE,,EVOLVE,2,0,121,320,320,2,False,2,5,True,True,1,1,0,742,20,4,742,20,4,False,False,,,False
92647392,687.3,WIN,False,56,8,MAIN,7,RESOURCE_MANAGEMENT,ABILITY,,ABILITY,2,0,121,320,320,2,False,2,5,True,True,1,1,1,742,20,4,742,20,4,False,False,,,False
92647392,687.3,WIN,False,57,8,TO_HAND,2,RESOURCE_MANAGEMENT,,,CARD,0,0,121,320,320,2,False,2,5,False,True,1,1,1,742,20,4,742,20,4,False,False,,,False
92647392,687.3,WIN,False,58,8,MAIN,7,RESOURCE_MANAGEMENT,PLAY_SUPPORTER,1210,PLAY,2,0,121,320,320,2,False,2,5,True,True,1,1,1,742,20,4,742,20,4,False,False,,,False
92647392,687.3,WIN,False,59,8,TO_HAND,3,RESOURCE_MANAGEMENT,,,CARD,0,0,121,320,320,2,False,2,5,False,True,1,1,1,742,20,4,742,20,4,False,False,,,False
92647392,687.3,WIN,False,60,8,TO_HAND,1,RESOURCE_MANAGEMENT,,,CARD,0,0,121,320,320,2,False,2,5,False,True,1,1,1,742,20,4,742,20,4,False,False,,,False
92647392,687.3,WIN,False,61,8,MAIN,7,ATTACK_SELECTION,ATTACK,,ATTACK,2,1,121,320,320,2,False,2,5,True,True,1,1,1,742,20,4,742,0,4,False,False,,,False
92647392,687.3,WIN,False,62,8,DAMAGE_COUNTER_ANY,4,TARGET_SELECTION,,,CARD,0,0,121,320,320,2,False,2,5,False,True,1,1,1,742,0,4,742,0,4,False,False,,,False
92647392,687.3,WIN,False,63,8,DAMAGE_COUNTER_ANY,4,TARGET_SELECTION,,,CARD,0,0,121,320,320,2,False,2,5,False,True,1,1,1,742,0,4,742,0,4,False,False,,,False
92647392,687.3,WIN,False,64,8,DAMAGE_COUNTER_ANY,4,TARGET_SELECTION,,,CARD,0,0,121,320,320,2,False,2,5,False,True,1,1,1,742,0,4,742,0,4,False,False,,,False
92647392,687.3,WIN,False,65,8,DAMAGE_COUNTER_ANY,4,TARGET_SELECTION,,,CARD,0,0,121,320,320,2,False,2,5,False,True,1,1,1,742,0,4,742,0,4,False,False,,,False
92647392,687.3,WIN,False,66,8,DAMAGE_COUNTER_ANY,4,TARGET_SELECTION,,,CARD,0,0,121,320,320,2,False,2,5,False,True,1,1,1,742,0,4,742,0,4,False,False,,,False
92647392,687.3,WIN,False,67,8,DAMAGE_COUNTER_ANY,4,TARGET_SELECTION,,,CARD,0,0,121,320,320,2,False,2,5,False,True,1,1,1,742,0,4,,,4,False,False,,,False
92647392,687.3,WIN,False,68,8,TO_HAND,5,RESOURCE_MANAGEMENT,,,CARD,0,0,121,320,320,2,False,2,5,False,True,1,1,1,,,4,,,4,,,,,False
92647392,687.3,WIN,False,69,8,TO_HAND,4,RESOURCE_MANAGEMENT,,,,0,0,121,320,320,2,False,2,4,False,True,1,1,1,,,4,742,80,4,,,,,False
92647392,687.3,WIN,False,70,10,MAIN,17,RESOURCE_MANAGEMENT,PLAY_POKEMON,119,PLAY,2,0,121,290,320,2,True,2,3,True,True,1,1,1,742,80,4,742,80,4,False,False,Super Psy Bolt,30,False
92647392,687.3,WIN,False,71,10,MAIN,17,RESOURCE_MANAGEMENT,PLAY_ITEM,1121,PLAY,2,0,121,290,320,2,True,3,3,True,True,1,1,1,742,80,4,742,80,4,False,False,Super Psy Bolt,30,False
92647392,687.3,WIN,False,72,10,DISCARD,9,RESOURCE_MANAGEMENT,,,CARD;CARD,0,0,121,290,320,2,True,3,3,False,True,1,1,1,742,80,4,742,80,4,False,False,Super Psy Bolt,30,False
92647392,687.3,WIN,False,73,10,TO_HAND,1,RESOURCE_MANAGEMENT,,,CARD,0,0,121,290,320,2,True,3,3,False,True,1,1,1,742,80,4,742,80,4,False,False,Super Psy Bolt,30,False
92647392,687.3,WIN,False,74,10,MAIN,15,RESOURCE_MANAGEMENT,PLAY_ITEM,1120,PLAY,2,0,121,290,320,2,True,3,3,True,True,1,1,1,742,80,4,742,80,4,False,False,Super Psy Bolt,30,False
92647392,687.3,WIN,False,75,10,MAIN,14,RESOURCE_MANAGEMENT,ABILITY,,ABILITY,2,0,121,290,320,2,True,3,3,True,True,1,1,1,742,80,4,742,80,4,False,False,Super Psy Bolt,30,False
92647392,687.3,WIN,False,76,10,TO_HAND,2,RESOURCE_MANAGEMENT,,,CARD,0,0,121,290,320,2,True,3,3,False,True,1,1,1,742,80,4,742,80,4,False,False,Super Psy Bolt,30,False
92647392,687.3,WIN,False,77,10,MAIN,14,RESOURCE_MANAGEMENT,PLAY_SUPPORTER,1210,PLAY,2,0,121,290,320,2,True,3,3,True,True,1,1,1,742,80,4,742,80,4,False,False,Super Psy Bolt,30,False
92647392,687.3,WIN,False,78,10,MAIN,12,ENERGY_MANAGEMENT,ATTACH_ENERGY,,ATTACH,2,0,121,290,320,2,True,3,3,True,True,1,1,1,742,80,4,742,80,4,False,False,Super Psy Bolt,30,False
92647392,687.3,WIN,False,79,10,MAIN,8,ATTACK_SELECTION,ATTACK,,ATTACK,2,1,121,290,320,2,True,3,3,True,True,1,1,1,742,80,4,742,0,4,False,False,Super Psy Bolt,30,False
92647392,687.3,WIN,False,80,10,DAMAGE_COUNTER_ANY,2,TARGET_SELECTION,,,CARD,0,0,121,290,320,2,True,3,3,False,True,1,1,1,742,0,4,742,0,4,False,False,Super Psy Bolt,30,False
92647392,687.3,WIN,False,81,10,DAMAGE_COUNTER_ANY,2,TARGET_SELECTION,,,CARD,0,0,121,290,320,2,True,3,3,False,True,1,1,1,742,0,4,742,0,4,False,False,Super Psy Bolt,30,False
92647392,687.3,WIN,False,82,10,DAMAGE_COUNTER_ANY,2,TARGET_SELECTION,,,CARD,0,0,121,290,320,2,True,3,3,False,True,1,1,1,742,0,4,742,0,4,False,False,Super Psy Bolt,30,False
92647392,687.3,WIN,False,83,10,DAMAGE_COUNTER_ANY,2,TARGET_SELECTION,,,CARD,0,0,121,290,320,2,True,3,3,False,True,1,1,1,742,0,4,742,0,4,False,False,Super Psy Bolt,30,False
92647392,687.3,WIN,False,84,10,DAMAGE_COUNTER_ANY,2,TARGET_SELECTION,,,CARD,0,0,121,290,320,2,True,3,3,False,True,1,1,1,742,0,4,742,0,4,False,False,Super Psy Bolt,30,False
92647392,687.3,WIN,False,85,10,DAMAGE_COUNTER_ANY,2,TARGET_SELECTION,,,CARD,0,0,121,290,320,2,True,3,3,False,True,1,1,1,742,0,4,,,4,False,False,Super Psy Bolt,30,False
92647392,687.3,WIN,False,86,10,TO_HAND,3,RESOURCE_MANAGEMENT,,,CARD,0,0,121,290,320,2,True,3,3,False,True,1,1,1,,,4,,,4,,,,,False
92647392,687.3,WIN,False,87,10,TO_HAND,2,RESOURCE_MANAGEMENT,,,,0,0,121,290,320,2,True,3,2,False,True,1,1,1,,,4,66,140,4,,,,,False
92647392,687.3,WIN,False,88,12,MAIN,15,RESOURCE_MANAGEMENT,PLAY_ITEM,1121,PLAY,0,0,120,90,90,1,False,3,1,True,True,1,1,2,66,140,4,66,140,4,False,False,,,True
92647392,687.3,WIN,False,89,12,DISCARD,8,RESOURCE_MANAGEMENT,,,CARD;CARD,0,0,120,90,90,1,False,3,1,False,True,1,1,2,66,140,4,66,140,4,False,False,,,False
92647392,687.3,WIN,False,90,12,MAIN,11,RESOURCE_MANAGEMENT,ABILITY,,ABILITY,0,0,120,90,90,1,False,3,1,True,True,1,1,2,66,140,4,66,140,4,False,False,,,False
92647392,687.3,WIN,False,91,12,TO_HAND,2,RESOURCE_MANAGEMENT,,,CARD,0,0,120,90,90,1,False,3,1,False,True,1,1,2,66,140,4,66,140,4,False,False,,,False
92647392,687.3,WIN,False,92,12,MAIN,11,RESOURCE_MANAGEMENT,PLAY_SUPPORTER,1198,PLAY,0,0,120,90,90,1,False,3,1,True,True,1,1,2,66,140,4,66,140,4,False,False,,,False
92647392,687.3,WIN,False,93,12,TO_HAND,1,RESOURCE_MANAGEMENT,,,CARD,0,0,120,90,90,1,False,3,1,False,True,1,1,2,66,140,4,66,140,4,False,False,,,False
92647392,687.3,WIN,False,94,12,MAIN,14,BENCH_MANAGEMENT,EVOLVE,,EVOLVE,0,0,120,90,90,1,False,3,1,True,True,1,1,2,66,140,4,66,140,4,False,False,,,False
92647392,687.3,WIN,False,95,12,MAIN,14,RESOURCE_MANAGEMENT,ABILITY,,ABILITY,0,0,120,90,90,1,False,3,1,True,True,1,1,2,66,140,4,66,140,4,False,False,,,False
92647392,687.3,WIN,False,96,12,TO_HAND,2,RESOURCE_MANAGEMENT,,,CARD,0,0,120,90,90,1,False,3,1,False,True,1,1,2,66,140,4,66,140,4,False,False,,,False
92647392,687.3,WIN,False,97,12,MAIN,13,ENERGY_MANAGEMENT,ATTACH_ENERGY,,ATTACH,0,0,120,90,90,1,False,3,1,True,True,1,1,2,66,140,4,66,140,4,False,False,,,False
92647392,687.3,WIN,False,98,12,MAIN,6,RETREAT_SELECTION,RETREAT,,RETREAT,1,0,120,90,90,1,False,3,1,True,True,1,1,2,66,140,4,66,140,4,False,False,,,False
92647392,687.3,WIN,False,99,12,DISCARD_ENERGY,2,ENERGY_MANAGEMENT,,,ENERGY,0,0,120,90,90,1,False,3,1,False,True,1,1,2,66,140,4,66,140,4,False,False,,,False
92647392,687.3,WIN,False,100,12,SWITCH,3,ACTIVE_POKEMON_SELECTION,,,CARD,0,0,120,90,90,1,False,3,1,False,True,1,1,2,66,140,4,66,140,4,False,False,,,False
92647392,687.3,WIN,False,101,12,MAIN,6,ATTACK_SELECTION,ATTACK,,ATTACK,2,1,121,320,320,2,False,3,1,False,True,1,1,1,66,140,4,,,4,False,False,,,True
92648320,663.8,WIN,False,0,,,0,UNKNOWN,,,,0,0,,,,,False,,,False,False,,,0,,,,,,,,,,,False
92648320,663.8,WIN,False,1,,,0,UNKNOWN,,,,0,0,,,,,False,,,False,False,,,0,,,,,,0,,,,,False
92648320,663.8,WIN,False,2,0,SETUP_ACTIVE_POKEMON,1,EARLY_GAME_SETUP,,,,0,0,,,,,False,0,0,False,False,,,0,,,0,860,170,6,,,,,False
92648320,663.8,WIN,False,3,2,MAIN,7,ENERGY_MANAGEMENT,ATTACH_ENERGY,,ATTACH,0,0,119,70,70,1,False,0,6,False,False,1,0,0,860,170,6,860,170,6,False,False,,,False
92648320,663.8,WIN,False,4,2,MAIN,6,RESOURCE_MANAGEMENT,PLAY_ITEM,1086,PLAY,0,0,119,70,70,1,False,0,6,False,False,1,0,0,860,170,6,860,170,6,False,False,,,False
92648320,663.8,WIN,False,5,2,TO_BENCH,3,BENCH_MANAGEMENT,,,CARD;CARD,0,0,119,70,70,1,False,0,6,False,False,1,0,0,860,170,6,860,170,6,False,False,,,False
92648320,663.8,WIN,False,6,2,MAIN,7,RESOURCE_MANAGEMENT,PLAY_SUPPORTER,1210,PLAY,0,0,119,70,70,1,False,2,6,False,True,1,0,1,860,170,6,860,170,6,False,False,,,False
92648320,663.8,WIN,False,7,2,TO_HAND,11,RESOURCE_MANAGEMENT,,,CARD,0,0,119,70,70,1,False,2,6,False,True,1,0,1,860,170,6,860,170,6,False,False,,,False
92648320,663.8,WIN,False,8,2,TO_HAND,3,RESOURCE_MANAGEMENT,,,CARD,0,0,119,70,70,1,False,2,6,False,True,1,0,1,860,170,6,860,170,6,False,False,,,False
92648320,663.8,WIN,False,9,2,MAIN,8,RESOURCE_MANAGEMENT,PLAY_POKEMON,184,PLAY,0,0,119,70,70,1,False,2,6,False,True,1,0,1,860,170,6,860,170,6,False,False,,,False
92648320,663.8,WIN,False,10,2,MAIN,9,RESOURCE_MANAGEMENT,PLAY_POKEMON,119,PLAY,0,0,119,70,70,1,False,3,6,True,True,1,0,1,860,170,6,860,170,6,False,False,,,False
92648320,663.8,WIN,False,11,2,MAIN,9,ENERGY_MANAGEMENT,ATTACH_ENERGY,,ATTACH,0,0,119,70,70,1,False,4,6,True,True,1,0,1,860,170,6,860,170,6,False,False,,,False
92648320,663.8,WIN,False,12,2,MAIN,4,RETREAT_SELECTION,RETREAT,,RETREAT,0,0,119,70,70,1,False,4,6,True,True,1,0,1,860,170,6,860,170,6,False,False,,,False
92648320,663.8,WIN,False,13,2,SWITCH,4,ACTIVE_POKEMON_SELECTION,,,CARD,0,0,119,70,70,1,False,4,6,False,True,1,0,1,860,170,6,860,170,6,False,False,,,False
92648320,663.8,WIN,False,14,2,MAIN,4,TIMING,,,,1,0,235,30,30,1,False,4,6,False,True,0,0,0,860,170,6,861,400,5,False,False,,,True
92648320,663.8,WIN,False,15,3,TO_ACTIVE,4,ACTIVE_POKEMON_SELECTION,,,CARD,0,0,,,,,False,4,6,False,True,,,0,861,400,5,861,400,5,,,,,True
92648320,663.8,WIN,False,16,4,MAIN,6,RESOURCE_MANAGEMENT,PLAY_ITEM,1152,PLAY,0,0,119,70,70,1,False,3,6,True,True,1,1,0,861,400,5,861,400,5,False,False,Resentful Refrain,0,False
92648320,663.8,WIN,False,17,4,TO_HAND,4,RESOURCE_MANAGEMENT,,,CARD,0,0,119,70,70,1,False,3,6,False,True,1,1,0,861,400,5,861,400,5,False,False,Resentful Refrain,0,False
92648320,663.8,WIN,False,18,4,MAIN,8,RESOURCE_MANAGEMENT,PLAY_ITEM,1097,PLAY,0,0,119,70,70,1,False,3,6,True,True,1,1,0,861,400,5,861,400,5,False,False,Resentful Refrain,0,False
92648320,663.8,WIN,False,19,4,TO_HAND,1,RESOURCE_MANAGEMENT,,,CARD,0,0,119,70,70,1,False,3,6,False,True,1,1,0,861,400,5,861,400,5,False,False,Resentful Refrain,0,False
92648320,663.8,WIN,False,20,4,MAIN,8,RESOURCE_MANAGEMENT,PLAY_POKEMON,235,PLAY,0,0,119,70,70,1,False,3,6,True,True,1,1,0,861,400,5,861,400,5,False,False,Resentful Refrain,0,False
92648320,663.8,WIN,False,21,4,MAIN,7,BENCH_MANAGEMENT,EVOLVE,,EVOLVE,0,0,119,70,70,1,False,4,6,True,True,1,1,1,861,400,5,861,400,5,False,False,Resentful Refrain,0,False
92648320,663.8,WIN,False,22,4,MAIN,4,RESOURCE_MANAGEMENT,ABILITY,,ABILITY,0,0,120,90,90,1,False,4,6,True,True,1,1,1,861,400,5,861,400,5,False,False,Resentful Refrain,0,True
92648320,663.8,WIN,False,23,4,TO_HAND,2,RESOURCE_MANAGEMENT,,,CARD,0,0,120,90,90,1,False,4,6,False,True,1,1,1,861,400,5,861,400,5,False,False,Resentful Refrain,0,False
92648320,663.8,WIN,False,24,4,MAIN,4,RETREAT_SELECTION,RETREAT,,RETREAT,0,0,120,90,90,1,False,4,6,True,True,1,1,1,861,400,5,861,400,5,False,False,Resentful Refrain,0,False
92648320,663.8,WIN,False,25,4,DISCARD_ENERGY,1,ENERGY_MANAGEMENT,,,ENERGY,0,0,120,90,90,1,False,4,6,False,True,1,1,1,861,400,5,861,400,5,False,False,Resentful Refrain,0,False
92648320,663.8,WIN,False,26,4,SWITCH,4,ACTIVE_POKEMON_SELECTION,,,CARD,0,0,120,90,90,1,False,4,6,False,True,1,0,1,861,400,5,861,400,5,False,False,Resentful Refrain,0,False
92648320,663.8,WIN,False,27,4,MAIN,4,TIMING,,,,1,0,235,30,30,1,False,4,6,False,True,0,0,0,861,400,5,861,390,4,False,False,Resentful Refrain,0,True
92648320,663.8,WIN,False,28,5,TO_ACTIVE,4,ACTIVE_POKEMON_SELECTION,,,CARD,0,0,,,,,False,4,6,False,True,,,0,861,390,4,861,390,4,,,,,True
92648320,663.8,WIN,False,29,6,MAIN,7,BENCH_MANAGEMENT,EVOLVE,,EVOLVE,0,0,119,70,70,1,False,3,6,True,True,1,0,0,861,390,4,861,390,4,False,False,Resentful Refrain,0,False
92648320,663.8,WIN,False,30,6,MAIN,5,RESOURCE_MANAGEMENT,PLAY_SUPPORTER,1198,PLAY,0,0,119,70,70,1,False,3,6,True,True,1,0,0,861,390,4,861,390,4,False,False,Resentful Refrain,0,False
92648320,663.8,WIN,False,31,6,TO_HAND,7,RESOURCE_MANAGEMENT,,,CARD,0,0,119,70,70,1,False,3,6,False,True,1,0,0,861,390,4,861,390,4,False,False,Resentful Refrain,0,False
92648320,663.8,WIN,False,32,6,ATTACH_TO,4,ENERGY_MANAGEMENT,,,CARD,0,0,119,70,70,1,False,3,6,False,True,1,0,0,861,390,4,861,390,4,False,False,Resentful Refrain,0,False
92648320,663.8,WIN,False,33,6,ATTACH_FROM,4,ENERGY_MANAGEMENT,,,CARD,0,0,119,70,70,1,False,3,6,False,True,1,0,0,861,390,4,861,390,4,False,False,Resentful Refrain,0,False
92648320,663.8,WIN,False,34,6,MAIN,8,ENERGY_MANAGEMENT,ATTACH_ENERGY,,ATTACH,0,0,119,70,70,1,False,3,6,True,True,1,0,1,861,390,4,861,390,4,False,False,Resentful Refrain,0,False
92648320,663.8,WIN,False,35,6,MAIN,3,RETREAT_SELECTION,RETREAT,,RETREAT,0,0,119,70,70,1,False,3,6,True,True,1,0,1,861,390,4,861,390,4,False,False,Resentful Refrain,0,False
92648320,663.8,WIN,False,36,6,SWITCH,3,ACTIVE_POKEMON_SELECTION,,,CARD,0,0,119,70,70,1,False,3,6,False,True,1,0,1,861,390,4,861,390,4,False,False,Resentful Refrain,0,False
92648320,663.8,WIN,False,37,6,MAIN,4,ATTACK_SELECTION,ATTACK,,ATTACK,2,1,121,320,320,2,False,3,6,False,True,1,1,0,861,390,4,861,190,4,False,False,Resentful Refrain,0,True
92648320,663.8,WIN,False,38,6,DAMAGE_COUNTER_ANY,4,TARGET_SELECTION,,,CARD,0,0,121,320,320,2,False,3,6,False,True,1,1,0,861,190,4,861,190,4,False,False,Resentful Refrain,0,False
92648320,663.8,WIN,False,39,6,DAMAGE_COUNTER_ANY,4,TARGET_SELECTION,,,CARD,0,0,121,320,320,2,False,3,6,False,True,1,1,0,861,190,4,861,190,4,False,False,Resentful Refrain,0,False
92648320,663.8,WIN,False,40,6,DAMAGE_COUNTER_ANY,4,TARGET_SELECTION,,,CARD,0,0,121,320,320,2,False,3,6,False,True,1,1,0,861,190,4,861,190,4,False,False,Resentful Refrain,0,False
92648320,663.8,WIN,False,41,6,DAMAGE_COUNTER_ANY,4,TARGET_SELECTION,,,CARD,0,0,121,320,320,2,False,3,6,False,True,1,1,0,861,190,4,861,190,4,False,False,Resentful Refrain,0,False
92648320,663.8,WIN,False,42,6,DAMAGE_COUNTER_ANY,4,TARGET_SELECTION,,,CARD,0,0,121,320,320,2,False,3,6,False,True,1,1,0,861,190,4,861,190,4,False,False,Resentful Refrain,0,False
92648320,663.8,WIN,False,43,6,DAMAGE_COUNTER_ANY,4,TARGET_SELECTION,,,,0,0,121,320,320,2,False,3,6,False,True,1,1,0,861,190,4,861,310,4,False,False,Resentful Refrain,0,False
92648320,663.8,WIN,False,44,8,MAIN,10,ENERGY_MANAGEMENT,ATTACH_ENERGY,,ATTACH,2,0,121,170,320,2,True,3,6,True,True,1,1,0,861,310,4,861,310,4,False,False,Resentful Refrain,0,False
92648320,663.8,WIN,False,45,8,MAIN,5,ATTACK_SELECTION,ATTACK,,ATTACK,2,1,121,170,320,2,True,3,6,True,True,1,1,1,861,310,4,861,110,4,False,False,Resentful Refrain,0,False
92648320,663.8,WIN,False,46,8,DAMAGE_COUNTER_ANY,5,TARGET_SELECTION,,,CARD,0,0,121,170,320,2,True,3,6,False,True,1,1,1,861,110,4,861,110,4,False,False,Resentful Refrain,0,False
92648320,663.8,WIN,False,47,8,DAMAGE_COUNTER_ANY,5,TARGET_SELECTION,,,CARD,0,0,121,170,320,2,True,3,6,False,True,1,1,1,861,110,4,861,110,4,False,False,Resentful Refrain,0,False
92648320,663.8,WIN,False,48,8,DAMAGE_COUNTER_ANY,5,TARGET_SELECTION,,,CARD,0,0,121,170,320,2,True,3,6,False,True,1,1,1,861,110,4,861,110,4,False,False,Resentful Refrain,0,False
92648320,663.8,WIN,False,49,8,DAMAGE_COUNTER_ANY,5,TARGET_SELECTION,,,CARD,0,0,121,170,320,2,True,3,6,False,True,1,1,1,861,110,4,861,110,4,False,False,Resentful Refrain,0,False
92648320,663.8,WIN,False,50,8,DAMAGE_COUNTER_ANY,5,TARGET_SELECTION,,,CARD,0,0,121,170,320,2,True,3,6,False,True,1,1,1,861,110,4,861,110,4,False,False,Resentful Refrain,0,False
92648320,663.8,WIN,False,51,8,DAMAGE_COUNTER_ANY,5,TARGET_SELECTION,,,,0,0,121,170,320,2,True,3,6,False,True,1,1,1,861,110,4,861,190,4,False,False,Resentful Refrain,0,False
92648320,663.8,WIN,False,52,10,MAIN,6,RESOURCE_MANAGEMENT,PLAY_STADIUM,1256,PLAY,2,0,121,40,290,2,True,3,6,True,True,1,1,1,861,190,4,861,190,4,False,False,Resentful Refrain,0,False
92648320,663.8,WIN,False,53,10,MAIN,4,ATTACK_SELECTION,ATTACK,,ATTACK,2,1,121,70,320,2,True,3,6,True,True,1,1,1,861,190,4,861,0,4,False,False,Resentful Refrain,0,False
92648320,663.8,WIN,False,54,10,DAMAGE_COUNTER_ANY,5,TARGET_SELECTION,,,CARD,0,0,121,70,320,2,True,3,6,False,True,1,1,1,861,0,4,861,0,4,False,False,Resentful Refrain,0,False
92648320,663.8,WIN,False,55,10,DAMAGE_COUNTER_ANY,5,TARGET_SELECTION,,,CARD,0,0,121,70,320,2,True,3,6,False,True,1,1,1,861,0,4,861,0,4,False,False,Resentful Refrain,0,False
92648320,663.8,WIN,False,56,10,DAMAGE_COUNTER_ANY,5,TARGET_SELECTION,,,CARD,0,0,121,70,320,2,True,3,6,False,True,1,1,1,861,0,4,861,0,4,False,False,Resentful Refrain,0,False
92648320,663.8,WIN,False,57,10,DAMAGE_COUNTER_ANY,5,TARGET_SELECTION,,,CARD,0,0,121,70,320,2,True,3,6,False,True,1,1,1,861,0,4,861,0,4,False,False,Resentful Refrain,0,False
92648320,663.8,WIN,False,58,10,DAMAGE_COUNTER_ANY,5,TARGET_SELECTION,,,CARD,0,0,121,70,320,2,True,3,6,False,True,1,1,1,861,0,4,861,0,4,False,False,Resentful Refrain,0,False
92648320,663.8,WIN,False,59,10,DAMAGE_COUNTER_ANY,5,TARGET_SELECTION,,,CARD,0,0,121,70,320,2,True,3,6,False,True,1,1,1,861,0,4,,,4,False,False,Resentful Refrain,0,False
92648320,663.8,WIN,False,60,10,TO_HAND,6,RESOURCE_MANAGEMENT,,,,0,0,121,70,320,2,True,3,6,False,True,1,1,1,,,4,861,50,2,,,,,False
92648320,663.8,WIN,False,61,11,TO_ACTIVE,3,ACTIVE_POKEMON_SELECTION,,,CARD,0,0,,,,,False,3,3,False,True,,,2,861,50,2,861,50,2,,,,,True
92648320,663.8,WIN,False,62,12,MAIN,9,RESOURCE_MANAGEMENT,PLAY_POKEMON,119,PLAY,2,0,121,70,320,2,True,2,3,True,True,1,1,1,861,50,2,861,50,2,False,False,Resentful Refrain,0,False
92648320,663.8,WIN,False,63,12,MAIN,8,RESOURCE_MANAGEMENT,PLAY_ITEM,1121,PLAY,2,0,121,70,320,2,True,3,3,True,True,1,1,1,861,50,2,861,50,2,False,False,Resentful Refrain,0,False
92648320,663.8,WIN,False,64,12,DISCARD,4,RESOURCE_MANAGEMENT,,,CARD;CARD,0,0,121,70,320,2,True,3,3,False,True,1,1,1,861,50,2,861,50,2,False,False,Resentful Refrain,0,False
92648320,663.8,WIN,False,65,12,TO_HAND,6,RESOURCE_MANAGEMENT,,,CARD,0,0,121,70,320,2,True,3,3,False,True,1,1,1,861,50,2,861,50,2,False,False,Resentful Refrain,0,False
92648320,663.8,WIN,False,66,12,MAIN,7,RESOURCE_MANAGEMENT,PLAY_POKEMON,140,PLAY,2,0,121,70,320,2,True,3,3,True,True,1,1,1,861,50,2,861,50,2,False,False,Resentful Refrain,0,False
92648320,663.8,WIN,False,67,12,MAIN,7,RESOURCE_MANAGEMENT,ABILITY,,ABILITY,2,0,121,70,320,2,True,4,3,True,True,1,1,1,861,50,2,861,50,2,False,False,Resentful Refrain,0,False
92648320,663.8,WIN,False,68,12,MAIN,13,RESOURCE_MANAGEMENT,PLAY_SUPPORTER,1182,PLAY,2,0,121,70,320,2,True,4,3,True,True,1,1,1,861,50,2,861,50,2,False,False,Resentful Refrain,0,False
92648320,663.8,WIN,False,69,12,SWITCH,4,ACTIVE_POKEMON_SELECTION,,,CARD,0,0,121,70,320,2,True,4,3,False,True,1,1,1,861,50,2,1031,330,2,False,False,Resentful Refrain,0,False
92648320,663.8,WIN,False,70,12,MAIN,11,ENERGY_MANAGEMENT,ATTACH_ENERGY,,ATTACH,2,0,121,70,320,2,True,4,3,True,True,1,1,1,1031,330,2,1031,330,2,False,True,,,False
92648320,663.8,WIN,False,71,12,MAIN,6,ATTACK_SELECTION,ATTACK,,ATTACK,2,1,121,70,320,2,True,4,3,True,True,1,1,1,1031,330,2,1031,130,2,False,True,,,False
92648320,663.8,WIN,False,72,12,DAMAGE_COUNTER_ANY,4,TARGET_SELECTION,,,CARD,0,0,121,70,320,2,True,4,3,False,True,1,1,1,1031,130,2,1031,130,2,False,True,,,False
92648320,663.8,WIN,False,73,12,DAMAGE_COUNTER_ANY,4,TARGET_SELECTION,,,CARD,0,0,121,70,320,2,True,4,3,False,True,1,1,1,1031,130,2,1031,130,2,False,True,,,False
92648320,663.8,WIN,False,74,12,DAMAGE_COUNTER_ANY,4,TARGET_SELECTION,,,CARD,0,0,121,70,320,2,True,4,3,False,True,1,1,1,1031,130,2,1031,130,2,False,True,,,False
92648320,663.8,WIN,False,75,12,DAMAGE_COUNTER_ANY,4,TARGET_SELECTION,,,CARD,0,0,121,70,320,2,True,4,3,False,True,1,1,1,1031,130,2,1031,130,2,False,True,,,False
92648320,663.8,WIN,False,76,12,DAMAGE_COUNTER_ANY,4,TARGET_SELECTION,,,CARD,0,0,121,70,320,2,True,4,3,False,True,1,1,1,1031,130,2,1031,130,2,False,True,,,False
92648320,663.8,WIN,False,77,12,DAMAGE_COUNTER_ANY,4,TARGET_SELECTION,,,CARD,0,0,121,70,320,2,True,4,3,False,True,1,1,1,1031,130,2,1031,130,2,False,True,,,False
92649266,525.9,LOSS,False,0,,,0,UNKNOWN,,,,0,0,,,,,False,,,False,False,,,0,,,,,,,,,,,False
92649266,525.9,LOSS,False,1,,,0,UNKNOWN,,,,0,0,,,,,False,,,False,False,,,0,,,,,,0,,,,,False
92649266,525.9,LOSS,False,2,0,SETUP_ACTIVE_POKEMON,1,EARLY_GAME_SETUP,,,,0,0,,,,,False,0,0,False,False,,,0,,,0,741,50,6,,,,,False
92649266,525.9,LOSS,False,3,2,MAIN,7,RESOURCE_MANAGEMENT,PLAY_ITEM,1086,PLAY,0,0,140,210,210,2,False,0,6,False,False,1,0,0,741,50,6,741,50,6,False,False,Teleportation Attack,10,False
92649266,525.9,LOSS,False,4,2,TO_BENCH,4,BENCH_MANAGEMENT,,,CARD;CARD,0,0,140,210,210,2,False,0,6,False,False,1,0,0,741,50,6,741,50,6,False,False,Teleportation Attack,10,False
92649266,525.9,LOSS,False,5,2,MAIN,10,ENERGY_MANAGEMENT,ATTACH_ENERGY,,ATTACH,0,0,140,210,210,2,False,2,6,False,True,1,0,1,741,50,6,741,50,6,False,False,Teleportation Attack,10,False
92649266,525.9,LOSS,False,6,2,MAIN,5,RESOURCE_MANAGEMENT,PLAY_SUPPORTER,1227,PLAY,0,0,140,210,210,2,False,2,6,True,True,1,1,1,741,50,6,741,50,6,False,False,Teleportation Attack,10,False
92649266,525.9,LOSS,False,7,2,MAIN,5,RESOURCE_MANAGEMENT,PLAY_POKEMON,184,PLAY,0,0,140,210,210,2,False,2,6,True,True,1,1,1,741,50,6,741,50,6,False,False,Teleportation Attack,10,False
92649266,525.9,LOSS,False,8,2,MAIN,4,RESOURCE_MANAGEMENT,PLAY_ITEM,1152,PLAY,0,0,140,210,210,2,False,3,6,True,True,1,1,1,741,50,6,741,50,6,False,False,Teleportation Attack,10,False
92649266,525.9,LOSS,False,9,2,TO_HAND,6,RESOURCE_MANAGEMENT,,,CARD,0,0,140,210,210,2,False,3,6,False,True,1,1,1,741,50,6,741,50,6,False,False,Teleportation Attack,10,False
92649266,525.9,LOSS,False,10,2,MAIN,4,RESOURCE_MANAGEMENT,PLAY_POKEMON,119,PLAY,0,0,140,210,210,2,False,3,6,True,True,1,1,1,741,50,6,741,50,6,False,False,Teleportation Attack,10,False
92649266,525.9,LOSS,False,11,2,MAIN,3,RETREAT_SELECTION,RETREAT,,RETREAT,0,0,140,210,210,2,False,4,6,True,True,1,1,1,741,50,6,741,50,6,False,False,Teleportation Attack,10,False
92649266,525.9,LOSS,False,12,2,SWITCH,4,ACTIVE_POKEMON_SELECTION,,,CARD,0,0,140,210,210,2,False,4,6,False,True,1,1,1,741,50,6,741,50,6,False,False,Teleportation Attack,10,False
92649266,525.9,LOSS,False,13,2,MAIN,3,TIMING,,,,1,0,235,30,30,1,False,4,6,False,True,0,0,0,741,50,6,742,70,5,False,False,Teleportation Attack,10,True
92649266,525.9,LOSS,False,14,3,TO_ACTIVE,4,ACTIVE_POKEMON_SELECTION,,,CARD,0,0,,,,,False,4,6,False,True,,,0,742,70,5,742,70,5,,,,,True
92649266,525.9,LOSS,False,15,4,MAIN,16,RESOURCE_MANAGEMENT,ABILITY,,ABILITY,0,0,119,70,70,1,False,3,6,True,True,1,0,0,742,70,5,742,70,5,False,False,Super Psy Bolt,30,False
92649266,525.9,LOSS,False,16,4,MAIN,17,RESOURCE_MANAGEMENT,PLAY_ITEM,1120,PLAY,0,0,119,70,70,1,False,3,6,True,True,1,0,0,742,70,5,742,70,5,False,False,Super Psy Bolt,30,False
92649266,525.9,LOSS,False,17,4,MAIN,16,RESOURCE_MANAGEMENT,PLAY_SUPPORTER,1210,PLAY,0,0,119,70,70,1,False,3,6,True,True,1,0,0,742,70,5,742,70,5,False,False,Super Psy Bolt,30,False
92649266,525.9,LOSS,False,18,4,TO_HAND,8,RESOURCE_MANAGEMENT,,,CARD,0,0,119,70,70,1,False,3,6,False,True,1,0,0,742,70,5,742,70,5,False,False,Super Psy Bolt,30,False
92649266,525.9,LOSS,False,19,4,MAIN,13,BENCH_MANAGEMENT,EVOLVE,,EVOLVE,0,0,119,70,70,1,False,3,6,True,True,1,0,0,742,70,5,742,70,5,False,False,Super Psy Bolt,30,False
92649266,525.9,LOSS,False,20,4,MAIN,11,RESOURCE_MANAGEMENT,ABILITY,,ABILITY,0,0,120,90,90,1,False,3,6,False,True,1,0,0,742,70,5,742,70,5,False,False,Super Psy Bolt,30,True
92649266,525.9,LOSS,False,21,4,TO_HAND,2,RESOURCE_MANAGEMENT,,,CARD,0,0,120,90,90,1,False,3,6,False,True,1,0,0,742,70,5,742,70,5,False,False,Super Psy Bolt,30,False
92649266,525.9,LOSS,False,22,4,MAIN,10,ENERGY_MANAGEMENT,ATTACH_ENERGY,,ATTACH,0,0,120,90,90,1,False,3,6,False,True,1,0,0,742,70,5,742,70,5,False,False,Super Psy Bolt,30,False
92649266,525.9,LOSS,False,23,4,MAIN,2,TIMING,,,,0,0,120,90,90,1,False,3,6,False,True,1,0,0,742,70,5,743,130,4,False,False,Super Psy Bolt,30,False
92649266,525.9,LOSS,False,24,5,TO_ACTIVE,3,ACTIVE_POKEMON_SELECTION,,,CARD,0,0,,,,,False,3,6,False,True,,,0,743,130,4,743,130,4,,,,,True
92649266,525.9,LOSS,False,25,6,MAIN,13,RESOURCE_MANAGEMENT,PLAY_ITEM,1086,PLAY,0,0,119,70,70,1,False,2,6,True,True,1,1,0,743,130,4,743,130,4,False,False,Powerful Hand,0,False
92649266,525.9,LOSS,False,26,6,TO_BENCH,1,BENCH_MANAGEMENT,,,CARD,0,0,119,70,70,1,False,2,6,False,True,1,1,0,743,130,4,743,130,4,False,False,Powerful Hand,0,False
92649266,525.9,LOSS,False,27,6,MAIN,13,RESOURCE_MANAGEMENT,ABILITY,,ABILITY,0,0,119,70,70,1,False,3,6,True,True,1,1,0,743,130,4,743,130,4,False,False,Powerful Hand,0,False
92649266,525.9,LOSS,False,28,6,MAIN,15,RESOURCE_MANAGEMENT,PLAY_ITEM,1120,PLAY,0,0,119,70,70,1,False,3,6,True,True,1,1,0,743,130,4,743,130,4,False,False,Powerful Hand,0,False
92649266,525.9,LOSS,False,29,6,MAIN,14,BENCH_MANAGEMENT,EVOLVE,,EVOLVE,0,0,119,70,70,1,False,3,6,True,True,1,1,0,743,130,4,743,130,4,False,False,Powerful Hand,0,False
92649266,525.9,LOSS,False,30,6,MAIN,14,RESOURCE_MANAGEMENT,ABILITY,,ABILITY,0,0,120,90,90,1,False,3,6,True,True,1,1,0,743,130,4,743,130,4,False,False,Powerful Hand,0,True
92649266,525.9,LOSS,False,31,6,TO_HAND,2,RESOURCE_MANAGEMENT,,,CARD,0,0,120,90,90,1,False,3,6,False,True,1,1,0,743,130,4,743,130,4,False,False,Powerful Hand,0,False
92649266,525.9,LOSS,False,32,6,MAIN,14,ENERGY_MANAGEMENT,ATTACH_ENERGY,,ATTACH,0,0,120,90,90,1,False,3,6,True,True,1,1,0,743,130,4,743,130,4,False,False,Powerful Hand,0,False
92649266,525.9,LOSS,False,33,6,MAIN,10,RESOURCE_MANAGEMENT,PLAY_SUPPORTER,1227,PLAY,0,0,120,90,90,1,False,3,6,True,True,1,1,1,743,130,4,743,130,4,False,False,Powerful Hand,0,False
92649266,525.9,LOSS,False,34,6,MAIN,8,ENERGY_MANAGEMENT,ATTACH_ENERGY,,ATTACH,0,0,120,90,90,1,False,3,6,True,True,1,1,1,743,130,4,743,130,4,False,False,Powerful Hand,0,False
92649266,525.9,LOSS,False,35,6,MAIN,4,RESOURCE_MANAGEMENT,PLAY_ITEM,1120,PLAY,0,0,120,90,90,1,False,3,6,True,True,1,1,1,743,130,4,743,130,4,False,False,Powerful Hand,0,False
92649266,525.9,LOSS,False,36,6,DISCARD_ENERGY,3,ENERGY_MANAGEMENT,,,ENERGY,0,0,120,90,90,1,False,3,6,False,True,1,1,1,743,130,4,743,130,4,False,False,Powerful Hand,0,False
92649266,525.9,LOSS,False,37,6,MAIN,3,TIMING,,,,0,0,120,90,90,1,False,3,6,True,True,1,1,1,743,130,4,743,130,3,False,False,Powerful Hand,0,False
92649266,525.9,LOSS,False,38,7,TO_ACTIVE,3,ACTIVE_POKEMON_SELECTION,,,CARD,0,0,,,,,False,3,6,False,True,,,1,743,130,3,743,130,3,,,,,True
92649266,525.9,LOSS,False,39,8,MAIN,12,RESOURCE_MANAGEMENT,ABILITY,,ABILITY,1,0,119,70,70,1,False,2,6,True,True,1,1,0,743,130,3,743,130,3,False,False,Powerful Hand,0,False
92649266,525.9,LOSS,False,40,8,MAIN,16,BENCH_MANAGEMENT,EVOLVE,,EVOLVE,1,0,119,70,70,1,False,2,6,True,True,1,1,0,743,130,3,743,130,3,False,False,Powerful Hand,0,False
92649266,525.9,LOSS,False,41,8,MAIN,14,RESOURCE_MANAGEMENT,ABILITY,,ABILITY,0,0,120,90,90,1,False,2,6,True,True,1,1,0,743,130,3,743,130,3,False,False,Powerful Hand,0,True
92649266,525.9,LOSS,False,42,8,TO_HAND,2,RESOURCE_MANAGEMENT,,,CARD,0,0,120,90,90,1,False,2,6,False,True,1,1,0,743,130,3,743,130,3,False,False,Powerful Hand,0,False
92649266,525.9,LOSS,False,43,8,MAIN,14,ENERGY_MANAGEMENT,ATTACH_ENERGY,,ATTACH,0,0,120,90,90,1,False,2,6,True,True,1,1,0,743,130,3,743,130,3,False,False,Powerful Hand,0,False
92649266,525.9,LOSS,False,44,8,MAIN,9,RESOURCE_MANAGEMENT,PLAY_ITEM,1080,PLAY,1,0,120,90,90,1,False,2,6,True,True,1,1,0,743,130,3,743,130,3,False,False,Powerful Hand,0,False
92649266,525.9,LOSS,False,45,8,MAIN,5,RESOURCE_MANAGEMENT,PLAY_SUPPORTER,1198,PLAY,1,0,120,90,90,1,False,2,6,True,True,1,1,0,743,130,3,743,130,3,False,False,Powerful Hand,0,False
92649266,525.9,LOSS,False,46,8,TO_HAND,3,RESOURCE_MANAGEMENT,,,CARD,0,0,120,90,90,1,False,2,6,False,True,1,1,0,743,130,3,743,130,3,False,False,Powerful Hand,0,False
92649266,525.9,LOSS,False,47,8,ATTACH_TO,1,ENERGY_MANAGEMENT,,,CARD,0,0,120,90,90,1,False,2,6,False,True,1,1,0,743,130,3,743,130,3,False,False,Powerful Hand,0,False
92649266,525.9,LOSS,False,48,8,ATTACH_FROM,3,ENERGY_MANAGEMENT,,,CARD,0,0,120,90,90,1,False,2,6,False,True,1,1,0,743,130,3,743,130,3,False,False,Powerful Hand,0,False
92649266,525.9,LOSS,False,49,8,MAIN,3,TIMING,,,,1,0,120,90,90,1,False,2,6,True,True,1,1,0,743,130,3,743,60,2,False,False,Powerful Hand,0,False
92649266,525.9,LOSS,False,50,9,TO_ACTIVE,2,ACTIVE_POKEMON_SELECTION,,,CARD,0,0,,,,,False,2,6,False,True,,,0,743,60,2,743,60,2,,,,,True
92649266,525.9,LOSS,False,51,10,MAIN,9,RESOURCE_MANAGEMENT,ABILITY,,ABILITY,0,0,140,210,210,2,False,1,6,True,True,1,1,0,743,60,2,743,60,2,False,False,Powerful Hand,0,False
92649266,525.9,LOSS,False,52,10,MAIN,11,RESOURCE_MANAGEMENT,PLAY_ITEM,1121,PLAY,0,0,140,210,210,2,False,1,6,True,True,1,1,0,743,60,2,743,60,2,False,False,Powerful Hand,0,False
92649266,525.9,LOSS,False,53,10,DISCARD,8,RESOURCE_MANAGEMENT,,,CARD;CARD,0,0,140,210,210,2,False,1,6,False,True,1,1,0,743,60,2,743,60,2,False,False,Powerful Hand,0,False
92649266,525.9,LOSS,False,54,10,TO_HAND,3,RESOURCE_MANAGEMENT,,,CARD,0,0,140,210,210,2,False,1,6,False,True,1,1,0,743,60,2,743,60,2,False,False,Powerful Hand,0,False
92649266,525.9,LOSS,False,55,10,MAIN,8,RESOURCE_MANAGEMENT,PLAY_SUPPORTER,1198,PLAY,0,0,140,210,210,2,False,1,6,True,True,1,1,0,743,60,2,743,60,2,False,False,Powerful Hand,0,False
92649266,525.9,LOSS,False,56,10,TO_HAND,1,RESOURCE_MANAGEMENT,,,CARD,0,0,140,210,210,2,False,1,6,False,True,1,1,0,743,60,2,743,60,2,False,False,Powerful Hand,0,False
92649266,525.9,LOSS,False,57,10,MAIN,8,TIMING,,,,0,0,140,210,210,2,False,1,6,True,True,1,1,0,743,60,2,743,60,2,False,False,Powerful Hand,0,False
92649266,525.9,LOSS,False,58,12,MAIN,9,RESOURCE_MANAGEMENT,PLAY_POKEMON,1071,PLAY,0,0,140,30,210,2,True,1,6,True,True,1,1,0,743,60,2,743,60,2,False,False,Powerful Hand,0,False
92649266,525.9,LOSS,False,59,12,ACTIVATE,2,RESOURCE_MANAGEMENT,,,YES,0,0,140,30,210,2,True,2,6,False,True,1,1,0,743,60,2,743,60,2,False,False,Powerful Hand,0,False
92649266,525.9,LOSS,False,60,12,TO_HAND,5,RESOURCE_MANAGEMENT,,,CARD,0,0,140,30,210,2,True,2,6,False,True,1,1,0,743,60,2,743,60,2,False,False,Powerful Hand,0,False
92649266,525.9,LOSS,False,61,12,MAIN,11,RESOURCE_MANAGEMENT,PLAY_SUPPORTER,1227,PLAY,0,0,140,30,210,2,True,2,6,True,True,1,1,0,743,60,2,743,60,2,False,False,Powerful Hand,0,False
92649266,525.9,LOSS,False,62,12,MAIN,9,RESOURCE_MANAGEMENT,PLAY_ITEM,1152,PLAY,0,0,140,30,210,2,True,2,6,True,True,1,1,0,743,60,2,743,60,2,False,False,Powerful Hand,0,False
92649266,525.9,LOSS,False,63,12,TO_HAND,1,RESOURCE_MANAGEMENT,,,CARD,0,0,140,30,210,2,True,2,6,False,True,1,1,0,743,60,2,743,60,2,False,False,Powerful Hand,0,False
92649266,525.9,LOSS,False,64,12,MAIN,8,RESOURCE_MANAGEMENT,PLAY_ITEM,1121,PLAY,0,0,140,30,210,2,True,2,6,True,True,1,1,0,743,60,2,743,60,2,False,False,Powerful Hand,0,False
92649266,525.9,LOSS,False,65,12,DISCARD,7,RESOURCE_MANAGEMENT,,,CARD;CARD,0,0,140,30,210,2,True,2,6,False,True,1,1,0,743,60,2,743,60,2,False,False,Powerful Hand,0,False
92649266,525.9,LOSS,False,66,12,TO_HAND,2,RESOURCE_MANAGEMENT,,,CARD,0,0,140,30,210,2,True,2,6,False,True,1,1,0,743,60,2,743,60,2,False,False,Powerful Hand,0,False
92650212,761.4,LOSS,False,0,,,0,UNKNOWN,,,,0,0,,,,,False,,,False,False,,,0,,,,,,,,,,,False
92650212,761.4,LOSS,False,1,,,0,UNKNOWN,,,,0,0,,,,,False,,,False,False,,,0,,,,,,0,,,,,False
92650212,761.4,LOSS,False,2,0,SETUP_ACTIVE_POKEMON,1,EARLY_GAME_SETUP,,,,0,0,,,,,False,0,0,False,False,,,0,,,0,1030,70,6,,,,,False
92650212,761.4,LOSS,False,3,1,DISCARD,6,RESOURCE_MANAGEMENT,,,,0,0,184,210,210,2,False,0,6,False,False,2,0,0,1030,70,6,1030,70,6,False,False,Water Gun,20,False
92650212,761.4,LOSS,False,4,2,MAIN,7,RESOURCE_MANAGEMENT,PLAY_STADIUM,1256,PLAY,0,0,184,210,210,2,False,0,6,False,False,2,0,0,1030,70,6,1030,70,6,False,False,,,False
92650212,761.4,LOSS,False,5,2,MAIN,6,RESOURCE_MANAGEMENT,PLAY_ITEM,1086,PLAY,0,0,184,210,210,2,False,0,6,False,False,2,0,0,1030,70,6,1030,70,6,False,False,,,False
92650212,761.4,LOSS,False,6,2,TO_BENCH,5,BENCH_MANAGEMENT,,,CARD;CARD,0,0,184,210,210,2,False,0,6,False,False,2,0,0,1030,70,6,1030,70,6,False,False,,,False
92650212,761.4,LOSS,False,7,2,MAIN,6,RESOURCE_MANAGEMENT,PLAY_ITEM,1152,PLAY,0,0,184,210,210,2,False,2,6,True,True,2,0,1,1030,70,6,1030,70,6,False,False,,,False
92650212,761.4,LOSS,False,8,2,TO_HAND,7,RESOURCE_MANAGEMENT,,,CARD,0,0,184,210,210,2,False,2,6,False,True,2,0,1,1030,70,6,1030,70,6,False,False,,,False
92650212,761.4,LOSS,False,9,2,MAIN,6,RESOURCE_MANAGEMENT,PLAY_POKEMON,119,PLAY,0,0,184,210,210,2,False,2,6,True,True,2,0,1,1030,70,6,1030,70,6,False,False,,,False
92650212,761.4,LOSS,False,10,2,MAIN,5,RETREAT_SELECTION,RETREAT,,RETREAT,0,0,184,210,210,2,False,3,6,True,True,2,0,1,1030,70,6,1030,70,6,False,False,,,False
92650212,761.4,LOSS,False,11,2,SWITCH,3,ACTIVE_POKEMON_SELECTION,,,CARD,0,0,184,210,210,2,False,3,6,False,True,2,0,1,1030,70,6,1030,70,6,False,False,,,False
92650212,761.4,LOSS,False,12,2,MAIN,5,TIMING,,,,1,0,235,30,30,1,False,3,6,False,True,0,0,0,1030,70,6,1030,60,6,False,False,,,True
92650212,761.4,LOSS,False,13,4,MAIN,7,RESOURCE_MANAGEMENT,PLAY_SUPPORTER,1198,PLAY,1,0,235,30,30,1,False,3,6,True,True,0,0,0,1030,60,6,1030,60,6,False,False,Water Gun,20,False
92650212,761.4,LOSS,False,14,4,TO_HAND,7,RESOURCE_MANAGEMENT,,,CARD,0,0,235,30,30,1,False,3,6,False,True,0,0,0,1030,60,6,1030,60,6,False,False,Water Gun,20,False
92650212,761.4,LOSS,False,15,4,ATTACH_TO,3,ENERGY_MANAGEMENT,,,CARD,0,0,235,30,30,1,False,3,6,False,True,0,0,0,1030,60,6,1030,60,6,False,False,Water Gun,20,False
92650212,761.4,LOSS,False,16,4,ATTACH_FROM,4,ENERGY_MANAGEMENT,,,CARD,0,0,235,30,30,1,False,3,6,False,True,0,0,0,1030,60,6,1030,60,6,False,False,Water Gun,20,False
92650212,761.4,LOSS,False,17,4,MAIN,9,ENERGY_MANAGEMENT,ATTACH_ENERGY,,ATTACH,1,0,235,30,30,1,False,3,6,True,True,0,0,1,1030,60,6,1030,60,6,False,False,Water Gun,20,False
92650212,761.4,LOSS,False,18,4,MAIN,5,TIMING,,,,1,0,235,30,30,1,False,3,6,True,True,0,0,1,1030,60,6,1031,330,4,False,False,Water Gun,20,False
92650212,761.4,LOSS,False,19,5,TO_ACTIVE,2,ACTIVE_POKEMON_SELECTION,,,CARD,0,0,,,,,False,2,6,False,True,,,1,1031,330,4,1031,330,4,,,,,True
92650212,761.4,LOSS,False,20,6,MAIN,7,RESOURCE_MANAGEMENT,PLAY_SUPPORTER,1210,PLAY,1,0,119,70,70,1,False,1,6,True,True,1,1,0,1031,330,4,1031,330,4,True,False,Jetting Blow,120,False
92650212,761.4,LOSS,False,21,6,TO_HAND,10,RESOURCE_MANAGEMENT,,,CARD,0,0,119,70,70,1,False,1,6,False,True,1,1,0,1031,330,4,1031,330,4,True,False,Jetting Blow,120,False
92650212,761.4,LOSS,False,22,6,TO_HAND,2,RESOURCE_MANAGEMENT,,,CARD,0,0,119,70,70,1,False,1,6,False,True,1,1,0,1031,330,4,1031,330,4,True,False,Jetting Blow,120,False
92650212,761.4,LOSS,False,23,6,MAIN,7,RESOURCE_MANAGEMENT,PLAY_POKEMON,140,PLAY,1,0,119,70,70,1,False,1,6,True,True,1,1,0,1031,330,4,1031,330,4,True,False,Jetting Blow,120,False
92650212,761.4,LOSS,False,24,6,MAIN,7,RESOURCE_MANAGEMENT,PLAY_POKEMON,235,PLAY,1,0,119,70,70,1,False,2,6,True,True,1,1,0,1031,330,4,1031,330,4,True,False,Jetting Blow,120,False
92650212,761.4,LOSS,False,25,6,MAIN,6,RESOURCE_MANAGEMENT,ABILITY,,ABILITY,1,0,119,70,70,1,False,3,6,True,True,1,1,1,1031,330,4,1031,330,4,True,False,Jetting Blow,120,False
92650212,761.4,LOSS,False,26,6,MAIN,11,RESOURCE_MANAGEMENT,PLAY_ITEM,1121,PLAY,1,0,119,70,70,1,False,3,6,True,True,1,1,1,1031,330,4,1031,330,4,True,False,Jetting Blow,120,False
92650212,761.4,LOSS,False,27,6,DISCARD,5,RESOURCE_MANAGEMENT,,,CARD;CARD,0,0,119,70,70,1,False,3,6,False,True,1,1,1,1031,330,4,1031,330,4,True,False,Jetting Blow,120,False
92650212,761.4,LOSS,False,28,6,TO_HAND,7,RESOURCE_MANAGEMENT,,,CARD,0,0,119,70,70,1,False,3,6,False,True,1,1,1,1031,330,4,1031,330,4,True,False,Jetting Blow,120,False
92650212,761.4,LOSS,False,29,6,MAIN,7,RESOURCE_MANAGEMENT,PLAY_POKEMON,119,PLAY,1,0,119,70,70,1,False,3,6,True,True,1,1,1,1031,330,4,1031,330,4,True,False,Jetting Blow,120,False
92650212,761.4,LOSS,False,30,6,MAIN,6,RESOURCE_MANAGEMENT,PLAY_ITEM,1120,PLAY,1,0,119,70,70,1,False,4,6,True,True,1,1,1,1031,330,4,1031,330,4,True,False,Jetting Blow,120,False
92650212,761.4,LOSS,False,31,6,DISCARD_ENERGY,2,ENERGY_MANAGEMENT,,,ENERGY,0,0,119,70,70,1,False,4,6,False,True,1,1,1,1031,330,4,1031,330,4,True,False,Jetting Blow,120,False
92650212,761.4,LOSS,False,32,6,MAIN,4,BENCH_MANAGEMENT,EVOLVE,,EVOLVE,1,0,119,70,70,1,False,4,6,True,True,1,1,1,1031,330,4,1031,330,4,True,False,Jetting Blow,120,False
92650212,761.4,LOSS,False,33,6,MAIN,3,RESOURCE_MANAGEMENT,ABILITY,,ABILITY,0,0,120,90,90,1,False,4,6,True,True,1,1,1,1031,330,4,1031,330,4,True,False,Jetting Blow,120,True
92650212,761.4,LOSS,False,34,6,TO_HAND,2,RESOURCE_MANAGEMENT,,,CARD,0,0,120,90,90,1,False,4,6,False,True,1,1,1,1031,330,4,1031,330,4,True,False,Jetting Blow,120,False
92650212,761.4,LOSS,False,35,6,MAIN,2,RETREAT_SELECTION,RETREAT,,RETREAT,0,0,120,90,90,1,False,4,6,True,True,1,1,1,1031,330,4,1031,330,4,True,False,Jetting Blow,120,False
92650212,761.4,LOSS,False,36,6,DISCARD_ENERGY,1,ENERGY_MANAGEMENT,,,ENERGY,0,0,120,90,90,1,False,4,6,False,True,1,1,1,1031,330,4,1031,330,4,True,False,Jetting Blow,120,False
92650212,761.4,LOSS,False,37,6,SWITCH,4,ACTIVE_POKEMON_SELECTION,,,CARD,0,0,120,90,90,1,False,4,6,False,True,1,0,1,1031,330,4,1031,330,4,True,False,Jetting Blow,120,False
92650212,761.4,LOSS,False,38,6,MAIN,2,TIMING,,,,1,0,235,30,30,1,False,4,6,False,True,0,0,0,1031,330,4,1031,320,3,True,False,Jetting Blow,120,True
92650212,761.4,LOSS,False,39,7,TO_ACTIVE,4,ACTIVE_POKEMON_SELECTION,,,CARD,0,0,,,,,False,4,6,False,True,,,0,1031,320,3,1031,320,3,,,,,True
92650212,761.4,LOSS,False,40,8,MAIN,7,RESOURCE_MANAGEMENT,PLAY_ITEM,1152,PLAY,0,0,119,70,70,1,False,3,6,True,True,1,0,0,1031,320,3,1031,320,3,True,False,Jetting Blow,120,False
92650212,761.4,LOSS,False,41,8,TO_HAND,3,RESOURCE_MANAGEMENT,,,CARD,0,0,119,70,70,1,False,3,6,False,True,1,0,0,1031,320,3,1031,320,3,True,False,Jetting Blow,120,False
92650212,761.4,LOSS,False,42,8,MAIN,7,RESOURCE_MANAGEMENT,ABILITY,,ABILITY,0,0,119,70,70,1,False,3,6,True,True,1,0,0,1031,320,3,1031,320,3,True,False,Jetting Blow,120,False
92650212,761.4,LOSS,False,43,8,MAIN,12,ENERGY_MANAGEMENT,ATTACH_ENERGY,,ATTACH,0,0,119,70,70,1,False,3,6,True,True,1,0,0,1031,320,3,1031,320,3,True,False,Jetting Blow,120,False
92650212,761.4,LOSS,False,44,8,MAIN,8,RESOURCE_MANAGEMENT,PLAY_ITEM,1121,PLAY,0,0,119,70,70,1,False,3,6,True,True,1,0,0,1031,320,3,1031,320,3,True,False,Jetting Blow,120,False
92650212,761.4,LOSS,False,45,8,DISCARD,4,RESOURCE_MANAGEMENT,,,CARD;CARD,0,0,119,70,70,1,False,3,6,False,True,1,0,0,1031,320,3,1031,320,3,True,False,Jetting Blow,120,False
92650212,761.4,LOSS,False,46,8,TO_HAND,5,RESOURCE_MANAGEMENT,,,CARD,0,0,119,70,70,1,False,3,6,False,True,1,0,0,1031,320,3,1031,320,3,True,False,Jetting Blow,120,False
92650212,761.4,LOSS,False,47,8,MAIN,6,BENCH_MANAGEMENT,EVOLVE,,EVOLVE,0,0,119,70,70,1,False,3,6,True,True,1,0,0,1031,320,3,1031,320,3,True,False,Jetting Blow,120,False
92650212,761.4,LOSS,False,48,8,MAIN,4,RESOURCE_MANAGEMENT,PLAY_SUPPORTER,1210,PLAY,0,0,119,70,70,1,False,3,6,True,True,1,0,0,1031,320,3,1031,320,3,True,False,Jetting Blow,120,False
92650212,761.4,LOSS,False,49,8,TO_HAND,4,RESOURCE_MANAGEMENT,,,CARD,0,0,119,70,70,1,False,3,6,False,True,1,0,0,1031,320,3,1031,320,3,True,False,Jetting Blow,120,False
92650212,761.4,LOSS,False,50,8,MAIN,3,BENCH_MANAGEMENT,EVOLVE,,EVOLVE,0,0,119,70,70,1,False,3,6,True,True,1,0,0,1031,320,3,1031,320,3,True,False,Jetting Blow,120,False
92650212,761.4,LOSS,False,51,8,MAIN,2,RESOURCE_MANAGEMENT,ABILITY,,ABILITY,0,0,120,90,90,1,False,3,6,False,True,1,0,0,1031,320,3,1031,320,3,True,False,Jetting Blow,120,True
92650212,761.4,LOSS,False,52,8,TO_HAND,2,RESOURCE_MANAGEMENT,,,CARD,0,0,120,90,90,1,False,3,6,False,True,1,0,0,1031,320,3,1031,320,3,True,False,Jetting Blow,120,False
92650212,761.4,LOSS,False,53,8,MAIN,1,TIMING,,,,0,0,120,90,90,1,False,3,6,False,True,1,0,0,1031,320,3,1031,320,2,True,False,Jetting Blow,120,False
92650212,761.4,LOSS,False,54,9,TO_ACTIVE,3,ACTIVE_POKEMON_SELECTION,,,CARD,0,0,,,,,False,3,6,False,True,,,0,1031,320,2,1031,320,2,,,,,True
92650212,761.4,LOSS,False,55,10,MAIN,4,RESOURCE_MANAGEMENT,PLAY_ITEM,1120,PLAY,0,0,121,320,320,2,False,2,6,False,True,1,0,0,1031,320,2,1031,320,2,False,False,Jetting Blow,120,False
92650212,761.4,LOSS,False,56,10,MAIN,3,RESOURCE_MANAGEMENT,ABILITY,,ABILITY,0,0,121,320,320,2,False,2,6,False,True,1,0,0,1031,320,2,1031,320,2,False,False,Jetting Blow,120,False
92650212,761.4,LOSS,False,57,10,MAIN,4,RESOURCE_MANAGEMENT,PLAY_ITEM,1097,PLAY,0,0,121,320,320,2,False,2,6,False,True,1,0,0,1031,320,2,1031,320,2,False,False,Jetting Blow,120,False
92650212,761.4,LOSS,False,58,10,TO_HAND,8,RESOURCE_MANAGEMENT,,,CARD,0,0,121,320,320,2,False,2,6,False,True,1,0,0,1031,320,2,1031,320,2,False,False,Jetting Blow,120,False
92650212,761.4,LOSS,False,59,10,MAIN,4,RESOURCE_MANAGEMENT,PLAY_POKEMON,119,PLAY,0,0,121,320,320,2,False,2,6,False,True,1,0,0,1031,320,2,1031,320,2,False,False,Jetting Blow,120,False
92650212,761.4,LOSS,False,60,10,MAIN,3,RESOURCE_MANAGEMENT,PLAY_ITEM,1097,PLAY,0,0,121,320,320,2,False,3,6,False,True,1,0,0,1031,320,2,1031,320,2,False,False,Jetting Blow,120,False
92650212,761.4,LOSS,False,61,10,TO_HAND,7,RESOURCE_MANAGEMENT,,,CARD,0,0,121,320,320,2,False,3,6,False,True,1,0,0,1031,320,2,1031,320,2,False,False,Jetting Blow,120,False
92650212,761.4,LOSS,False,62,10,MAIN,3,RESOURCE_MANAGEMENT,PLAY_POKEMON,119,PLAY,0,0,121,320,320,2,False,3,6,False,True,1,0,0,1031,320,2,1031,320,2,False,False,Jetting Blow,120,False
92650212,761.4,LOSS,False,63,10,MAIN,2,RESOURCE_MANAGEMENT,PLAY_SUPPORTER,1198,PLAY,0,0,121,320,320,2,False,4,6,False,True,1,0,0,1031,320,2,1031,320,2,False,False,Jetting Blow,120,False
92650212,761.4,LOSS,False,64,10,TO_HAND,4,RESOURCE_MANAGEMENT,,,CARD,0,0,121,320,320,2,False,4,6,False,True,1,0,0,1031,320,2,1031,320,2,False,False,Jetting Blow,120,False
92650212,761.4,LOSS,False,65,10,ATTACH_TO,3,ENERGY_MANAGEMENT,,,CARD,0,0,121,320,320,2,False,4,6,False,True,1,0,0,1031,320,2,1031,320,2,False,False,Jetting Blow,120,False
92650212,761.4,LOSS,False,66,10,ATTACH_FROM,5,ENERGY_MANAGEMENT,,,CARD,0,0,121,320,320,2,False,4,6,False,True,1,0,0,1031,320,2,1031,320,2,False,False,Jetting Blow,120,False
92650212,761.4,LOSS,False,67,10,MAIN,8,ENERGY_MANAGEMENT,ATTACH_ENERGY,,ATTACH,1,0,121,320,320,2,False,4,6,True,True,1,1,0,1031,320,2,1031,320,2,False,False,Jetting Blow,120,False
92650212,761.4,LOSS,False,68,10,MAIN,4,ATTACK_SELECTION,ATTACK,,ATTACK,2,1,121,320,320,2,False,4,6,True,True,1,1,0,1031,320,2,1031,120,2,False,False,Jetting Blow,120,False
92650212,761.4,LOSS,False,69,10,DAMAGE_COUNTER_ANY,2,TARGET_SELECTION,,,CARD,0,0,121,320,320,2,False,4,6,False,True,1,1,0,1031,120,2,1031,120,2,False,False,Jetting Blow,120,False
92650212,761.4,LOSS,False,70,10,DAMAGE_COUNTER_ANY,2,TARGET_SELECTION,,,CARD,0,0,121,320,320,2,False,4,6,False,True,1,1,0,1031,120,2,1031,120,2,False,False,Jetting Blow,120,False
92650212,761.4,LOSS,False,71,10,DAMAGE_COUNTER_ANY,2,TARGET_SELECTION,,,CARD,0,0,121,320,320,2,False,4,6,False,True,1,1,0,1031,120,2,1031,120,2,False,False,Jetting Blow,120,False
92650212,761.4,LOSS,False,72,10,DAMAGE_COUNTER_ANY,2,TARGET_SELECTION,,,CARD,0,0,121,320,320,2,False,4,6,False,True,1,1,0,1031,120,2,1031,120,2,False,False,Jetting Blow,120,False
92650212,761.4,LOSS,False,73,10,DAMAGE_COUNTER_ANY,2,TARGET_SELECTION,,,CARD,0,0,121,320,320,2,False,4,6,False,True,1,1,0,1031,120,2,1031,120,2,False,False,Jetting Blow,120,False
92650212,761.4,LOSS,False,74,10,DAMAGE_COUNTER_ANY,2,TARGET_SELECTION,,,CARD,0,0,121,320,320,2,False,4,6,False,True,1,1,0,1031,120,2,1031,120,2,False,False,Jetting Blow,120,False
92650212,761.4,LOSS,False,75,10,TO_HAND,6,RESOURCE_MANAGEMENT,,,,0,0,121,320,320,2,False,4,6,False,True,1,1,0,1031,120,2,861,300,2,False,False,Jetting Blow,120,False
92650212,761.4,LOSS,False,76,12,MAIN,8,RESOURCE_MANAGEMENT,PLAY_STADIUM,1256,PLAY,2,0,121,70,320,2,True,4,5,True,True,1,1,0,861,300,2,861,300,2,False,False,Resentful Refrain,0,False
92650212,761.4,LOSS,False,77,12,MAIN,7,RESOURCE_MANAGEMENT,PLAY_SUPPORTER,1227,PLAY,2,0,121,70,320,2,True,4,5,True,True,1,1,0,861,300,2,861,300,2,False,False,Resentful Refrain,0,False
92650212,761.4,LOSS,False,78,12,MAIN,9,RESOURCE_MANAGEMENT,PLAY_ITEM,1120,PLAY,2,0,121,70,320,2,True,4,5,True,True,1,1,0,861,300,2,861,300,2,False,False,Resentful Refrain,0,False
92650212,761.4,LOSS,False,79,12,DISCARD_ENERGY,2,ENERGY_MANAGEMENT,,,ENERGY,0,0,121,70,320,2,True,4,5,False,True,1,1,0,861,300,2,861,300,2,False,False,Resentful Refrain,0,False
92650212,761.4,LOSS,False,80,12,MAIN,8,RESOURCE_MANAGEMENT,PLAY_ITEM,1120,PLAY,2,0,121,70,320,2,True,4,5,True,True,1,1,0,861,300,2,861,300,2,False,False,Resentful Refrain,0,False
92650212,761.4,LOSS,False,81,12,MAIN,7,BENCH_MANAGEMENT,EVOLVE,,EVOLVE,2,0,121,70,320,2,True,4,5,True,True,1,1,0,861,300,2,861,300,2,False,False,Resentful Refrain,0,False
92650212,761.4,LOSS,False,82,12,MAIN,6,RESOURCE_MANAGEMENT,ABILITY,,ABILITY,2,0,121,70,320,2,True,4,5,True,True,1,1,0,861,300,2,861,300,2,False,False,Resentful Refrain,0,False
92650212,761.4,LOSS,False,83,12,TO_HAND,2,RESOURCE_MANAGEMENT,,,CARD,0,0,121,70,320,2,True,4,5,False,True,1,1,0,861,300,2,861,300,2,False,False,Resentful Refrain,0,False
92650212,761.4,LOSS,False,84,12,MAIN,6,BENCH_MANAGEMENT,EVOLVE,,EVOLVE,2,0,121,70,320,2,True,4,5,True,True,1,1,0,861,300,2,861,300,2,False,False,Resentful Refrain,0,False
92650212,761.4,LOSS,False,85,12,MAIN,6,RESOURCE_MANAGEMENT,ABILITY,,ABILITY,2,0,121,70,320,2,True,4,5,True,True,1,1,0,861,300,2,861,300,2,False,False,Resentful Refrain,0,False
92650212,761.4,LOSS,False,86,12,TO_HAND,2,RESOURCE_MANAGEMENT,,,CARD,0,0,121,70,320,2,True,4,5,False,True,1,1,0,861,300,2,861,300,2,False,False,Resentful Refrain,0,False
92650212,761.4,LOSS,False,87,12,MAIN,5,ATTACK_SELECTION,ATTACK,,ATTACK,2,1,121,70,320,2,True,4,5,True,True,1,1,0,861,300,2,861,100,2,False,False,Resentful Refrain,0,False
92650212,761.4,LOSS,False,88,12,DAMAGE_COUNTER_ANY,1,TARGET_SELECTION,,,CARD,0,0,121,70,320,2,True,4,5,False,True,1,1,0,861,100,2,861,100,2,False,False,Resentful Refrain,0,False
92650212,761.4,LOSS,False,89,12,DAMAGE_COUNTER_ANY,1,TARGET_SELECTION,,,CARD,0,0,121,70,320,2,True,4,5,False,True,1,1,0,861,100,2,861,100,2,False,False,Resentful Refrain,0,False
92650212,761.4,LOSS,False,90,12,DAMAGE_COUNTER_ANY,1,TARGET_SELECTION,,,CARD,0,0,121,70,320,2,True,4,5,False,True,1,1,0,861,100,2,861,100,2,False,False,Resentful Refrain,0,False
92650212,761.4,LOSS,False,91,12,DAMAGE_COUNTER_ANY,1,TARGET_SELECTION,,,CARD,0,0,121,70,320,2,True,4,5,False,True,1,1,0,861,100,2,861,100,2,False,False,Resentful Refrain,0,False
92650212,761.4,LOSS,False,92,12,DAMAGE_COUNTER_ANY,1,TARGET_SELECTION,,,CARD,0,0,121,70,320,2,True,4,5,False,True,1,1,0,861,100,2,861,100,2,False,False,Resentful Refrain,0,False
92651053,632.6,LOSS,True,0,,,0,UNKNOWN,,,,0,0,,,,,False,,,False,False,,,0,,,,,,,,,,,False
92651053,632.6,LOSS,True,1,,,0,UNKNOWN,,,,0,0,,,,,False,,,False,False,,,0,,,,,,0,,,,,False
92651053,632.6,LOSS,True,2,0,IS_FIRST,2,GOING_FIRST_SECOND,,,YES,0,0,,,,,False,0,0,False,False,,,0,,,0,,,0,,,,,False
92651053,632.6,LOSS,True,3,0,SETUP_ACTIVE_POKEMON,1,EARLY_GAME_SETUP,,,,0,0,,,,,False,0,0,False,False,,,0,,,0,878,70,6,,,,,False
92652121,447.8,WIN,False,0,,,0,UNKNOWN,,,,0,0,,,,,False,,,False,False,,,0,,,,,,,,,,,False
92652121,447.8,WIN,False,1,,,0,UNKNOWN,,,,0,0,,,,,False,,,False,False,,,0,,,,,,0,,,,,False
92652121,447.8,WIN,False,2,0,SETUP_ACTIVE_POKEMON,1,EARLY_GAME_SETUP,,,,0,0,,,,,False,0,0,False,False,,,0,,,0,,,6,,,,,False
92652121,447.8,WIN,False,3,0,DRAW_COUNT,2,SEARCH_DECISION,,,,0,0,,,,,False,0,6,False,False,,,0,,,6,463,80,6,,,,,False
92652121,447.8,WIN,False,4,2,MAIN,6,RESOURCE_MANAGEMENT,PLAY_ITEM,1086,PLAY,0,0,140,210,210,2,False,0,6,False,False,1,0,0,463,80,6,463,80,6,False,False,,,False
92652121,447.8,WIN,False,5,2,TO_BENCH,5,BENCH_MANAGEMENT,,,CARD;CARD,0,0,140,210,210,2,False,0,6,False,False,1,0,0,463,80,6,463,80,6,False,False,,,False
92652121,447.8,WIN,False,6,2,MAIN,7,RESOURCE_MANAGEMENT,PLAY_SUPPORTER,1198,PLAY,0,0,140,210,210,2,False,2,6,False,True,1,0,1,463,80,6,463,80,6,False,False,,,False
92652121,447.8,WIN,False,7,2,TO_HAND,7,RESOURCE_MANAGEMENT,,,CARD,0,0,140,210,210,2,False,2,6,False,True,1,0,1,463,80,6,463,80,6,False,False,,,False
92652121,447.8,WIN,False,8,2,ATTACH_TO,3,ENERGY_MANAGEMENT,,,CARD,0,0,140,210,210,2,False,2,6,False,True,1,0,1,463,80,6,463,80,6,False,False,,,False
92652121,447.8,WIN,False,9,2,ATTACH_FROM,3,ENERGY_MANAGEMENT,,,CARD,0,0,140,210,210,2,False,2,6,False,True,1,0,1,463,80,6,463,80,6,False,False,,,False
92652121,447.8,WIN,False,10,2,MAIN,9,ENERGY_MANAGEMENT,ATTACH_ENERGY,,ATTACH,0,0,140,210,210,2,False,2,6,True,True,1,1,1,463,80,6,463,80,6,False,False,,,False
92652121,447.8,WIN,False,11,2,MAIN,3,RETREAT_SELECTION,RETREAT,,RETREAT,0,0,140,210,210,2,False,2,6,True,True,1,1,1,463,80,6,463,80,6,False,False,,,False
92652121,447.8,WIN,False,12,2,DISCARD_ENERGY,1,ENERGY_MANAGEMENT,,,ENERGY,0,0,140,210,210,2,False,2,6,False,True,1,1,1,463,80,6,463,80,6,False,False,,,False
92652121,447.8,WIN,False,13,2,SWITCH,2,ACTIVE_POKEMON_SELECTION,,,CARD,0,0,140,210,210,2,False,2,6,False,True,1,0,1,463,80,6,463,80,6,False,False,,,False
92652121,447.8,WIN,False,14,2,MAIN,4,TIMING,,,,1,0,235,30,30,1,False,2,6,False,True,0,0,0,463,80,6,891,120,5,False,False,,,True
92652121,447.8,WIN,False,15,3,TO_ACTIVE,2,ACTIVE_POKEMON_SELECTION,,,CARD,0,0,,,,,False,2,6,False,True,,,0,891,120,5,891,120,5,,,,,True
92652121,447.8,WIN,False,16,4,MAIN,10,RESOURCE_MANAGEMENT,PLAY_POKEMON,184,PLAY,0,0,119,70,70,1,False,1,6,True,True,1,1,0,891,120,5,891,120,5,False,True,Rocket Feathers,0,False
92652121,447.8,WIN,False,17,4,MAIN,10,RESOURCE_MANAGEMENT,PLAY_ITEM,1097,PLAY,0,0,119,70,70,1,False,2,6,True,True,1,1,0,891,120,5,891,120,5,False,True,Rocket Feathers,0,False
92652121,447.8,WIN,False,18,4,TO_HAND,2,RESOURCE_MANAGEMENT,,,CARD,0,0,119,70,70,1,False,2,6,False,True,1,1,0,891,120,5,891,120,5,False,True,Rocket Feathers,0,False
92652121,447.8,WIN,False,19,4,MAIN,10,RESOURCE_MANAGEMENT,PLAY_POKEMON,235,PLAY,0,0,119,70,70,1,False,2,6,True,True,1,1,0,891,120,5,891,120,5,False,True,Rocket Feathers,0,False
92652121,447.8,WIN,False,20,4,MAIN,10,RESOURCE_MANAGEMENT,ABILITY,,ABILITY,0,0,119,70,70,1,False,3,6,True,True,1,1,1,891,120,5,891,120,5,False,True,Rocket Feathers,0,False
92652121,447.8,WIN,False,21,4,MAIN,15,ENERGY_MANAGEMENT,ATTACH_ENERGY,,ATTACH,0,0,119,70,70,1,False,3,6,True,True,1,1,1,891,120,5,891,120,5,False,True,Rocket Feathers,0,False
92652121,447.8,WIN,False,22,4,MAIN,11,RESOURCE_MANAGEMENT,PLAY_ITEM,1086,PLAY,0,0,119,70,70,1,False,3,6,True,True,1,1,1,891,120,5,891,120,5,False,True,Rocket Feathers,0,False
92652121,447.8,WIN,False,23,4,TO_BENCH,3,BENCH_MANAGEMENT,,,CARD;CARD,0,0,119,70,70,1,False,3,6,False,True,1,1,1,891,120,5,891,120,5,False,True,Rocket Feathers,0,False
92652121,447.8,WIN,False,24,4,MAIN,12,BENCH_MANAGEMENT,EVOLVE,,EVOLVE,0,0,119,70,70,1,False,5,6,True,True,1,1,1,891,120,5,891,120,5,False,True,Rocket Feathers,0,False
92652121,447.8,WIN,False,25,4,MAIN,12,RESOURCE_MANAGEMENT,ABILITY,,ABILITY,0,0,120,90,90,1,False,5,6,True,True,1,1,1,891,120,5,891,120,5,False,True,Rocket Feathers,0,True
92652121,447.8,WIN,False,26,4,TO_HAND,2,RESOURCE_MANAGEMENT,,,CARD,0,0,120,90,90,1,False,5,6,False,True,1,1,1,891,120,5,891,120,5,False,True,Rocket Feathers,0,False
92652121,447.8,WIN,False,27,4,MAIN,12,RESOURCE_MANAGEMENT,PLAY_ITEM,1152,PLAY,0,0,120,90,90,1,False,5,6,True,True,1,1,1,891,120,5,891,120,5,False,True,Rocket Feathers,0,False
92652121,447.8,WIN,False,28,4,TO_HAND,4,RESOURCE_MANAGEMENT,,,CARD,0,0,120,90,90,1,False,5,6,False,True,1,1,1,891,120,5,891,120,5,False,True,Rocket Feathers,0,False
92652121,447.8,WIN,False,29,4,MAIN,11,ENERGY_MANAGEMENT,ATTACH_ENERGY,,ATTACH,0,0,120,90,90,1,False,5,6,True,True,1,1,1,891,120,5,891,120,5,False,True,Rocket Feathers,0,False
92652121,447.8,WIN,False,30,4,MAIN,5,RESOURCE_MANAGEMENT,PLAY_SUPPORTER,1227,PLAY,0,0,120,90,90,1,False,5,6,True,True,1,1,2,891,120,5,891,120,5,False,True,Rocket Feathers,0,False
92652121,447.8,WIN,False,31,4,MAIN,3,RETREAT_SELECTION,RETREAT,,RETREAT,0,0,120,90,90,1,False,5,6,True,True,1,1,2,891,120,5,891,120,5,False,True,Rocket Feathers,0,False
92652121,447.8,WIN,False,32,4,DISCARD_ENERGY,1,ENERGY_MANAGEMENT,,,ENERGY,0,0,120,90,90,1,False,5,6,False,True,1,1,2,891,120,5,891,120,5,False,True,Rocket Feathers,0,False
92652121,447.8,WIN,False,33,4,SWITCH,5,ACTIVE_POKEMON_SELECTION,,,CARD,0,0,120,90,90,1,False,5,6,False,True,1,0,2,891,120,5,891,120,5,False,True,Rocket Feathers,0,False
92652121,447.8,WIN,False,34,4,MAIN,3,TIMING,,,,1,0,235,30,30,1,False,5,6,False,True,0,0,1,891,120,5,891,110,4,False,True,Rocket Feathers,0,True
92652121,447.8,WIN,False,35,5,TO_ACTIVE,5,ACTIVE_POKEMON_SELECTION,,,CARD,0,0,,,,,False,5,6,False,True,,,1,891,110,4,891,110,4,,,,,True
92652121,447.8,WIN,False,36,6,MAIN,22,BENCH_MANAGEMENT,EVOLVE,,EVOLVE,1,0,119,70,70,1,False,4,6,True,True,1,1,0,891,110,4,891,110,4,False,True,Rocket Feathers,0,False
92652121,447.8,WIN,False,37,6,MAIN,20,RESOURCE_MANAGEMENT,PLAY_POKEMON,1071,PLAY,1,0,119,70,70,1,False,4,6,True,True,1,1,0,891,110,4,891,110,4,False,True,Rocket Feathers,0,False
92652121,447.8,WIN,False,38,6,ACTIVATE,2,RESOURCE_MANAGEMENT,,,YES,0,0,119,70,70,1,False,5,6,False,True,1,1,0,891,110,4,891,110,4,False,True,Rocket Feathers,0,False
92652121,447.8,WIN,False,39,6,TO_HAND,10,RESOURCE_MANAGEMENT,,,CARD,0,0,119,70,70,1,False,5,6,False,True,1,1,0,891,110,4,891,110,4,False,True,Rocket Feathers,0,False
92652121,447.8,WIN,False,40,6,MAIN,20,RESOURCE_MANAGEMENT,PLAY_ITEM,1120,PLAY,1,0,119,70,70,1,False,5,6,True,True,1,1,0,891,110,4,891,110,4,False,True,Rocket Feathers,0,False
92652121,447.8,WIN,False,41,6,DISCARD_ENERGY,1,ENERGY_MANAGEMENT,,,ENERGY,0,0,119,70,70,1,False,5,6,False,True,1,1,0,891,110,4,891,110,4,False,True,Rocket Feathers,0,False
92652121,447.8,WIN,False,42,6,MAIN,19,RESOURCE_MANAGEMENT,ABILITY,,ABILITY,1,0,119,70,70,1,False,5,6,True,True,1,1,0,891,110,4,891,110,4,False,False,,,False
92652121,447.8,WIN,False,43,6,MAIN,21,RESOURCE_MANAGEMENT,PLAY_ITEM,1121,PLAY,1,0,119,70,70,1,False,5,6,True,True,1,1,0,891,110,4,891,110,4,False,False,,,False
92652121,447.8,WIN,False,44,6,DISCARD,9,RESOURCE_MANAGEMENT,,,CARD;CARD,0,0,119,70,70,1,False,5,6,False,True,1,1,0,891,110,4,891,110,4,False,False,,,False
92652121,447.8,WIN,False,45,6,TO_HAND,5,RESOURCE_MANAGEMENT,,,CARD,0,0,119,70,70,1,False,5,6,False,True,1,1,0,891,110,4,891,110,4,False,False,,,False
92652121,447.8,WIN,False,46,6,MAIN,22,RESOURCE_MANAGEMENT,PLAY_SUPPORTER,1198,PLAY,1,0,119,70,70,1,False,5,6,True,True,1,1,0,891,110,4,891,110,4,False,False,,,False
92652121,447.8,WIN,False,47,6,TO_HAND,3,RESOURCE_MANAGEMENT,,,CARD,0,0,119,70,70,1,False,5,6,False,True,1,1,0,891,110,4,891,110,4,False,False,,,False
92652121,447.8,WIN,False,48,6,ATTACH_TO,1,ENERGY_MANAGEMENT,,,CARD,0,0,119,70,70,1,False,5,6,False,True,1,1,0,891,110,4,891,110,4,False,False,,,False
92652121,447.8,WIN,False,49,6,ATTACH_FROM,6,ENERGY_MANAGEMENT,,,CARD,0,0,119,70,70,1,False,5,6,False,True,1,1,0,891,110,4,891,110,4,False,False,,,False
92652121,447.8,WIN,False,50,6,MAIN,24,BENCH_MANAGEMENT,EVOLVE,,EVOLVE,1,0,119,70,70,1,False,5,6,True,True,1,1,1,891,110,4,891,110,4,False,False,,,False
92652121,447.8,WIN,False,51,6,MAIN,22,RESOURCE_MANAGEMENT,ABILITY,,ABILITY,0,0,120,90,90,1,False,5,6,True,True,1,1,1,891,110,4,891,110,4,False,False,,,True
92652121,447.8,WIN,False,52,6,TO_HAND,2,RESOURCE_MANAGEMENT,,,CARD,0,0,120,90,90,1,False,5,6,False,True,1,1,1,891,110,4,891,110,4,False,False,,,False
92652121,447.8,WIN,False,53,6,MAIN,21,ENERGY_MANAGEMENT,ATTACH_ENERGY,,ATTACH,0,0,120,90,90,1,False,5,6,True,True,1,1,1,891,110,4,891,110,4,False,False,,,False
92652121,447.8,WIN,False,54,6,MAIN,3,RETREAT_SELECTION,RETREAT,,RETREAT,0,0,120,90,90,1,False,5,6,True,True,1,1,1,891,110,4,891,110,4,False,False,,,False
92652121,447.8,WIN,False,55,6,DISCARD_ENERGY,1,ENERGY_MANAGEMENT,,,ENERGY,0,0,120,90,90,1,False,5,6,False,True,1,1,1,891,110,4,891,110,4,False,False,,,False
92652121,447.8,WIN,False,56,6,SWITCH,5,ACTIVE_POKEMON_SELECTION,,,CARD,0,0,120,90,90,1,False,5,6,False,True,1,0,1,891,110,4,891,110,4,False,False,,,False
92652121,447.8,WIN,False,57,6,MAIN,4,ATTACK_SELECTION,ATTACK,,ATTACK,2,1,121,320,320,2,False,5,6,False,True,1,1,0,891,110,4,891,0,4,False,False,,,True
92652121,447.8,WIN,False,58,6,DAMAGE_COUNTER_ANY,3,TARGET_SELECTION,,,CARD,0,0,121,320,320,2,False,5,6,False,True,1,1,0,891,0,4,891,0,4,False,False,,,False
92652121,447.8,WIN,False,59,6,DAMAGE_COUNTER_ANY,3,TARGET_SELECTION,,,CARD,0,0,121,320,320,2,False,5,6,False,True,1,1,0,891,0,4,891,0,4,False,False,,,False
92652121,447.8,WIN,False,60,6,DAMAGE_COUNTER_ANY,3,TARGET_SELECTION,,,CARD,0,0,121,320,320,2,False,5,6,False,True,1,1,0,891,0,4,891,0,4,False,False,,,False
92652121,447.8,WIN,False,61,6,DAMAGE_COUNTER_ANY,3,TARGET_SELECTION,,,CARD,0,0,121,320,320,2,False,5,6,False,True,1,1,0,891,0,4,891,0,4,False,False,,,False
92652121,447.8,WIN,False,62,6,DAMAGE_COUNTER_ANY,3,TARGET_SELECTION,,,CARD,0,0,121,320,320,2,False,5,6,False,True,1,1,0,891,0,4,891,0,4,False,False,,,False
92652121,447.8,WIN,False,63,6,DAMAGE_COUNTER_ANY,3,TARGET_SELECTION,,,CARD,0,0,121,320,320,2,False,5,6,False,True,1,1,0,891,0,4,,,4,False,False,,,False
92652121,447.8,WIN,False,64,6,TO_HAND,6,RESOURCE_MANAGEMENT,,,,0,0,121,320,320,2,False,5,6,False,True,1,1,0,,,4,891,70,4,,,,,False
92652121,447.8,WIN,False,65,8,MAIN,6,RESOURCE_MANAGEMENT,ABILITY,,ABILITY,2,0,121,320,320,2,False,5,5,True,True,1,1,0,891,70,4,891,70,4,False,False,,,False
92652121,447.8,WIN,False,66,8,TO_HAND,2,RESOURCE_MANAGEMENT,,,CARD,0,0,121,320,320,2,False,5,5,False,True,1,1,0,891,70,4,891,70,4,False,False,,,False
92652121,447.8,WIN,False,67,8,MAIN,6,RESOURCE_MANAGEMENT,PLAY_STADIUM,1256,PLAY,2,0,121,320,320,2,False,5,5,True,True,1,1,0,891,70,4,891,70,4,False,False,,,False
92652121,447.8,WIN,False,68,8,MAIN,5,RESOURCE_MANAGEMENT,PLAY_SUPPORTER,1210,PLAY,2,0,121,320,320,2,False,5,5,True,True,1,1,0,891,70,4,891,70,4,False,False,,,False
92652121,447.8,WIN,False,69,8,TO_HAND,4,RESOURCE_MANAGEMENT,,,CARD,0,0,121,320,320,2,False,5,5,False,True,1,1,0,891,70,4,891,70,4,False,False,,,False
92652121,447.8,WIN,False,70,8,MAIN,6,RESOURCE_MANAGEMENT,PLAY_ITEM,1079,PLAY,2,0,121,320,320,2,False,5,5,True,True,1,1,0,891,70,4,891,70,4,False,False,,,False
92652121,447.8,WIN,False,71,8,EVOLVE,1,BENCH_MANAGEMENT,,,EVOLVE,0,0,121,320,320,2,False,5,5,False,True,1,1,0,891,70,4,891,70,4,False,False,,,False
92652121,447.8,WIN,False,72,8,MAIN,4,ATTACK_SELECTION,ATTACK,,ATTACK,2,1,121,320,320,2,False,5,5,True,True,1,1,0,891,70,4,891,0,4,False,False,,,False
92652121,447.8,WIN,False,73,8,DAMAGE_COUNTER_ANY,2,TARGET_SELECTION,,,CARD,0,0,121,320,320,2,False,5,5,False,True,1,1,0,891,0,4,891,0,4,False,False,,,False
92652121,447.8,WIN,False,74,8,DAMAGE_COUNTER_ANY,2,TARGET_SELECTION,,,CARD,0,0,121,320,320,2,False,5,5,False,True,1,1,0,891,0,4,891,0,4,False,False,,,False
92652121,447.8,WIN,False,75,8,DAMAGE_COUNTER_ANY,2,TARGET_SELECTION,,,CARD,0,0,121,320,320,2,False,5,5,False,True,1,1,0,891,0,4,891,0,4,False,False,,,False
92652121,447.8,WIN,False,76,8,DAMAGE_COUNTER_ANY,2,TARGET_SELECTION,,,CARD,0,0,121,320,320,2,False,5,5,False,True,1,1,0,891,0,4,891,0,4,False,False,,,False
92652121,447.8,WIN,False,77,8,DAMAGE_COUNTER_ANY,2,TARGET_SELECTION,,,CARD,0,0,121,320,320,2,False,5,5,False,True,1,1,0,891,0,4,891,0,4,False,False,,,False
92652121,447.8,WIN,False,78,8,DAMAGE_COUNTER_ANY,2,TARGET_SELECTION,,,CARD,0,0,121,320,320,2,False,5,5,False,True,1,1,0,891,0,4,,,4,False,False,,,False
92652121,447.8,WIN,False,79,8,TO_HAND,5,RESOURCE_MANAGEMENT,,,,0,0,121,320,320,2,False,5,5,False,True,1,1,0,,,4,891,130,4,,,,,False
92652121,447.8,WIN,False,80,10,MAIN,5,RESOURCE_MANAGEMENT,ABILITY,,ABILITY,2,0,121,320,320,2,False,5,4,True,True,1,1,0,891,130,4,891,130,4,False,False,,,False
92652121,447.8,WIN,False,81,10,TO_HAND,2,RESOURCE_MANAGEMENT,,,CARD,0,0,121,320,320,2,False,5,4,False,True,1,1,0,891,130,4,891,130,4,False,False,,,False
92652121,447.8,WIN,False,82,10,MAIN,5,RESOURCE_MANAGEMENT,PLAY_SUPPORTER,1210,PLAY,2,0,121,320,320,2,False,5,4,True,True,1,1,0,891,130,4,891,130,4,False,False,,,False
92652121,447.8,WIN,False,83,10,TO_HAND,3,RESOURCE_MANAGEMENT,,,CARD,0,0,121,320,320,2,False,5,4,False,True,1,1,0,891,130,4,891,130,4,False,False,,,False
92652121,447.8,WIN,False,84,10,MAIN,4,ATTACK_SELECTION,ATTACK,,ATTACK,2,1,121,320,320,2,False,5,4,True,True,1,1,0,891,130,4,891,0,4,False,False,,,False
92652121,447.8,WIN,False,85,10,DAMAGE_COUNTER_ANY,4,TARGET_SELECTION,,,CARD,0,0,121,320,320,2,False,5,4,False,True,1,1,0,891,0,4,891,0,4,False,False,,,False
92652121,447.8,WIN,False,86,10,DAMAGE_COUNTER_ANY,4,TARGET_SELECTION,,,CARD,0,0,121,320,320,2,False,5,4,False,True,1,1,0,891,0,4,891,0,4,False,False,,,False
92652121,447.8,WIN,False,87,10,DAMAGE_COUNTER_ANY,4,TARGET_SELECTION,,,CARD,0,0,121,320,320,2,False,5,4,False,True,1,1,0,891,0,4,891,0,4,False,False,,,False
92652121,447.8,WIN,False,88,10,DAMAGE_COUNTER_ANY,4,TARGET_SELECTION,,,CARD,0,0,121,320,320,2,False,5,4,False,True,1,1,0,891,0,4,891,0,4,False,False,,,False
92652121,447.8,WIN,False,89,10,DAMAGE_COUNTER_ANY,4,TARGET_SELECTION,,,CARD,0,0,121,320,320,2,False,5,4,False,True,1,1,0,891,0,4,891,0,4,False,False,,,False
92652121,447.8,WIN,False,90,10,DAMAGE_COUNTER_ANY,4,TARGET_SELECTION,,,CARD,0,0,121,320,320,2,False,5,4,False,True,1,1,0,891,0,4,,,4,False,False,,,False
92652121,447.8,WIN,False,91,10,TO_HAND,4,RESOURCE_MANAGEMENT,,,,0,0,121,320,320,2,False,5,4,False,True,1,1,0,,,4,463,20,4,,,,,False
92652121,447.8,WIN,False,92,12,MAIN,9,RESOURCE_MANAGEMENT,ABILITY,,ABILITY,2,0,121,320,320,2,False,5,3,True,True,1,1,0,463,20,4,463,20,4,False,False,,,False
92652121,447.8,WIN,False,93,12,TO_HAND,2,RESOURCE_MANAGEMENT,,,CARD,0,0,121,320,320,2,False,5,3,False,True,1,1,0,463,20,4,463,20,4,False,False,,,False
92652121,447.8,WIN,False,94,12,MAIN,14,ENERGY_MANAGEMENT,ATTACH_ENERGY,,ATTACH,2,0,121,320,320,2,False,5,3,True,True,1,1,0,463,20,4,463,20,4,False,False,,,False
92652121,447.8,WIN,False,95,12,MAIN,8,RESOURCE_MANAGEMENT,PLAY_SUPPORTER,1227,PLAY,2,0,121,320,320,2,False,5,3,True,True,1,1,1,463,20,4,463,20,4,False,False,,,False
92652121,447.8,WIN,False,96,12,MAIN,8,RESOURCE_MANAGEMENT,PLAY_ITEM,1152,PLAY,2,0,121,320,320,2,False,5,3,True,True,1,1,1,463,20,4,463,20,4,False,False,,,False
92652121,447.8,WIN,False,97,12,TO_HAND,2,RESOURCE_MANAGEMENT,,,CARD,0,0,121,320,320,2,False,5,3,False,True,1,1,1,463,20,4,463,20,4,False,False,,,False
92652121,447.8,WIN,False,98,12,MAIN,7,RESOURCE_MANAGEMENT,PLAY_ITEM,1152,PLAY,2,0,121,320,320,2,False,5,3,True,True,1,1,1,463,20,4,463,20,4,False,False,,,False
92652121,447.8,WIN,False,99,12,TO_HAND,1,RESOURCE_MANAGEMENT,,,CARD,0,0,121,320,320,2,False,5,3,False,True,1,1,1,463,20,4,463,20,4,False,False,,,False
92652121,447.8,WIN,False,100,12,MAIN,6,ATTACK_SELECTION,ATTACK,,ATTACK,2,1,121,320,320,2,False,5,3,True,True,1,1,1,463,20,4,463,0,4,False,False,,,False
92652121,447.8,WIN,False,101,12,DAMAGE_COUNTER_ANY,3,TARGET_SELECTION,,,CARD,0,0,121,320,320,2,False,5,3,False,True,1,1,1,463,0,4,463,0,4,False,False,,,False
92652121,447.8,WIN,False,102,12,DAMAGE_COUNTER_ANY,3,TARGET_SELECTION,,,CARD,0,0,121,320,320,2,False,5,3,False,True,1,1,1,463,0,4,463,0,4,False,False,,,False
92652121,447.8,WIN,False,103,12,DAMAGE_COUNTER_ANY,3,TARGET_SELECTION,,,CARD,0,0,121,320,320,2,False,5,3,False,True,1,1,1,463,0,4,463,0,4,False,False,,,False
92652121,447.8,WIN,False,104,12,DAMAGE_COUNTER_ANY,3,TARGET_SELECTION,,,CARD,0,0,121,320,320,2,False,5,3,False,True,1,1,1,463,0,4,463,0,4,False,False,,,False
92652121,447.8,WIN,False,105,12,DAMAGE_COUNTER_ANY,3,TARGET_SELECTION,,,CARD,0,0,121,320,320,2,False,5,3,False,True,1,1,1,463,0,4,463,0,4,False,False,,,False
92652121,447.8,WIN,False,106,12,DAMAGE_COUNTER_ANY,3,TARGET_SELECTION,,,CARD,0,0,121,320,320,2,False,5,3,False,True,1,1,1,463,0,4,,,4,False,False,,,False
92652121,447.8,WIN,False,107,12,TO_HAND,3,RESOURCE_MANAGEMENT,,,,0,0,121,320,320,2,False,5,3,False,True,1,1,1,,,4,414,120,4,,,,,False
92652121,447.8,WIN,False,108,14,MAIN,14,RESOURCE_MANAGEMENT,PLAY_ITEM,1120,PLAY,2,0,121,320,320,2,False,5,2,True,True,1,1,1,414,120,4,414,120,4,False,False,,,False
92652121,447.8,WIN,False,109,14,MAIN,13,RESOURCE_MANAGEMENT,ABILITY,,ABILITY,2,0,121,320,320,2,False,5,2,True,True,1,1,1,414,120,4,414,120,4,False,False,,,False
92652121,447.8,WIN,False,110,14,TO_HAND,2,RESOURCE_MANAGEMENT,,,CARD,0,0,121,320,320,2,False,5,2,False,True,1,1,1,414,120,4,414,120,4,False,False,,,False
92652121,447.8,WIN,False,111,14,MAIN,13,RESOURCE_MANAGEMENT,PLAY_STADIUM,1256,PLAY,2,0,121,320,320,2,False,5,2,True,True,1,1,1,414,120,4,414,120,4,False,False,,,False
92652121,447.8,WIN,False,112,14,MAIN,12,ENERGY_MANAGEMENT,ATTACH_ENERGY,,ATTACH,2,0,121,320,320,2,False,5,2,True,True,1,1,1,414,120,4,414,120,4,False,False,,,False
92652121,447.8,WIN,False,113,14,MAIN,6,ATTACK_SELECTION,ATTACK,,ATTACK,2,1,121,320,320,2,False,5,2,True,True,1,1,1,414,120,4,414,0,4,False,False,,,False
92652121,447.8,WIN,False,114,14,DAMAGE_COUNTER_ANY,3,TARGET_SELECTION,,,CARD,0,0,121,320,320,2,False,5,2,False,True,1,1,1,414,0,4,414,0,4,False,False,,,False
92652121,447.8,WIN,False,115,14,DAMAGE_COUNTER_ANY,3,TARGET_SELECTION,,,CARD,0,0,121,320,320,2,False,5,2,False,True,1,1,1,414,0,4,414,0,4,False,False,,,False
92652121,447.8,WIN,False,116,14,DAMAGE_COUNTER_ANY,3,TARGET_SELECTION,,,CARD,0,0,121,320,320,2,False,5,2,False,True,1,1,1,414,0,4,414,0,4,False,False,,,False
92652121,447.8,WIN,False,117,14,DAMAGE_COUNTER_ANY,3,TARGET_SELECTION,,,CARD,0,0,121,320,320,2,False,5,2,False,True,1,1,1,414,0,4,414,0,4,False,False,,,False
92652121,447.8,WIN,False,118,14,DAMAGE_COUNTER_ANY,3,TARGET_SELECTION,,,CARD,0,0,121,320,320,2,False,5,2,False,True,1,1,1,414,0,4,414,0,4,False,False,,,False
92652121,447.8,WIN,False,119,14,DAMAGE_COUNTER_ANY,3,TARGET_SELECTION,,,CARD,0,0,121,320,320,2,False,5,2,False,True,1,1,1,414,0,4,,,4,False,False,,,False
92652121,447.8,WIN,False,120,14,TO_HAND,2,RESOURCE_MANAGEMENT,,,,0,0,121,320,320,2,False,5,2,False,True,1,1,1,,,4,463,80,4,,,,,False
92652121,447.8,WIN,False,121,16,MAIN,8,RESOURCE_MANAGEMENT,ABILITY,,ABILITY,2,0,121,320,320,2,False,5,1,True,True,1,1,1,463,80,4,463,80,4,False,False,Deceit,0,False
92652121,447.8,WIN,False,122,16,TO_HAND,2,RESOURCE_MANAGEMENT,,,CARD,0,0,121,320,320,2,False,5,1,False,True,1,1,1,463,80,4,463,80,4,False,False,Deceit,0,False
92652121,447.8,WIN,False,123,16,MAIN,13,ENERGY_MANAGEMENT,ATTACH_ENERGY,,ATTACH,2,0,121,320,320,2,False,5,1,True,True,1,1,1,463,80,4,463,80,4,False,False,Deceit,0,False
92652121,447.8,WIN,False,124,16,MAIN,7,RESOURCE_MANAGEMENT,PLAY_SUPPORTER,1227,PLAY,2,0,121,320,320,2,False,5,1,True,True,1,1,1,463,80,4,463,80,4,False,False,Deceit,0,False
92652121,447.8,WIN,False,125,16,MAIN,6,RESOURCE_MANAGEMENT,PLAY_ITEM,1120,PLAY,2,0,121,320,320,2,False,5,1,True,True,1,1,1,463,80,4,463,80,4,False,False,Deceit,0,False
92652121,447.8,WIN,False,126,16,DISCARD_ENERGY,1,ENERGY_MANAGEMENT,,,ENERGY,0,0,121,320,320,2,False,5,1,False,True,1,1,1,463,80,4,463,80,4,False,False,Deceit,0,False
92652121,447.8,WIN,False,127,16,MAIN,5,ATTACK_SELECTION,ATTACK,,ATTACK,2,1,121,320,320,2,False,5,1,True,True,1,1,1,463,80,4,463,0,4,False,False,,,False
92652121,447.8,WIN,False,128,16,DAMAGE_COUNTER_ANY,2,TARGET_SELECTION,,,CARD,0,0,121,320,320,2,False,5,1,False,True,1,1,1,463,0,4,463,0,4,False,False,,,False
92652121,447.8,WIN,False,129,16,DAMAGE_COUNTER_ANY,2,TARGET_SELECTION,,,CARD,0,0,121,320,320,2,False,5,1,False,True,1,1,1,463,0,4,463,0,4,False,False,,,False
92652121,447.8,WIN,False,130,16,DAMAGE_COUNTER_ANY,2,TARGET_SELECTION,,,CARD,0,0,121,320,320,2,False,5,1,False,True,1,1,1,463,0,4,463,0,4,False,False,,,False
92652121,447.8,WIN,False,131,16,DAMAGE_COUNTER_ANY,2,TARGET_SELECTION,,,CARD,0,0,121,320,320,2,False,5,1,False,True,1,1,1,463,0,4,463,0,4,False,False,,,False
92652121,447.8,WIN,False,132,16,DAMAGE_COUNTER_ANY,2,TARGET_SELECTION,,,CARD,0,0,121,320,320,2,False,5,1,False,True,1,1,1,463,0,4,463,0,4,False,False,,,False
92652121,447.8,WIN,False,133,16,DAMAGE_COUNTER_ANY,2,TARGET_SELECTION,,,CARD,0,0,121,320,320,2,False,5,1,False,True,1,1,1,463,0,4,,,4,False,False,,,False
92653055,627.3,LOSS,False,0,,,0,UNKNOWN,,,,0,0,,,,,False,,,False,False,,,0,,,,,,,,,,,False
92653055,627.3,LOSS,False,1,,,0,UNKNOWN,,,,0,0,,,,,False,,,False,False,,,0,,,,,,0,,,,,False
92653055,627.3,LOSS,False,2,0,SETUP_ACTIVE_POKEMON,1,EARLY_GAME_SETUP,,,,0,0,,,,,False,0,0,False,False,,,0,,,0,100,50,6,,,,,False
92653055,627.3,LOSS,False,3,2,MAIN,6,RESOURCE_MANAGEMENT,PLAY_ITEM,1086,PLAY,0,0,119,70,70,1,False,0,6,False,False,1,0,0,100,50,6,100,50,6,False,False,,,False
92653055,627.3,LOSS,False,4,2,TO_BENCH,4,BENCH_MANAGEMENT,,,CARD;CARD,0,0,119,70,70,1,False,0,6,False,False,1,0,0,100,50,6,100,50,6,False,False,,,False
92653055,627.3,LOSS,False,5,2,MAIN,5,RESOURCE_MANAGEMENT,PLAY_SUPPORTER,1227,PLAY,0,0,119,70,70,1,False,2,6,False,True,1,0,1,100,50,6,100,50,6,False,False,,,False
92653055,627.3,LOSS,False,6,2,MAIN,8,RESOURCE_MANAGEMENT,PLAY_ITEM,1086,PLAY,0,0,119,70,70,1,False,2,6,False,True,1,0,1,100,50,6,100,50,6,False,False,,,False
92653055,627.3,LOSS,False,7,2,TO_BENCH,1,BENCH_MANAGEMENT,,,CARD,0,0,119,70,70,1,False,2,6,False,True,1,0,1,100,50,6,100,50,6,False,False,,,False
92653055,627.3,LOSS,False,8,2,MAIN,8,RESOURCE_MANAGEMENT,PLAY_ITEM,1152,PLAY,0,0,119,70,70,1,False,3,6,False,True,1,0,1,100,50,6,100,50,6,False,False,,,False
92653055,627.3,LOSS,False,9,2,TO_HAND,4,RESOURCE_MANAGEMENT,,,CARD,0,0,119,70,70,1,False,3,6,False,True,1,0,1,100,50,6,100,50,6,False,False,,,False
92653055,627.3,LOSS,False,10,2,MAIN,7,ENERGY_MANAGEMENT,ATTACH_ENERGY,,ATTACH,0,0,119,70,70,1,False,3,6,False,True,1,0,1,100,50,6,100,50,6,False,False,,,False
92653055,627.3,LOSS,False,11,2,MAIN,3,TIMING,,,,0,0,119,70,70,1,False,3,6,False,True,1,0,2,100,50,6,240,110,5,False,False,,,False
92653055,627.3,LOSS,False,12,3,TO_ACTIVE,3,ACTIVE_POKEMON_SELECTION,,,CARD,0,0,,,,,False,3,6,False,True,,,2,240,110,5,240,110,5,,,,,True
92653055,627.3,LOSS,False,13,4,MAIN,13,RESOURCE_MANAGEMENT,PLAY_SUPPORTER,1198,PLAY,1,0,235,30,30,1,False,2,6,True,True,0,0,1,240,110,5,240,110,5,True,False,Rapid Draw,60,False
92653055,627.3,LOSS,False,14,4,TO_HAND,5,RESOURCE_MANAGEMENT,,,CARD,0,0,235,30,30,1,False,2,6,False,True,0,0,1,240,110,5,240,110,5,True,False,Rapid Draw,60,False
92653055,627.3,LOSS,False,15,4,ATTACH_TO,2,ENERGY_MANAGEMENT,,,CARD,0,0,235,30,30,1,False,2,6,False,True,0,0,1,240,110,5,240,110,5,True,False,Rapid Draw,60,False
92653055,627.3,LOSS,False,16,4,ATTACH_FROM,3,ENERGY_MANAGEMENT,,,CARD,0,0,235,30,30,1,False,2,6,False,True,0,0,1,240,110,5,240,110,5,True,False,Rapid Draw,60,False
92653055,627.3,LOSS,False,17,4,MAIN,14,BENCH_MANAGEMENT,EVOLVE,,EVOLVE,1,0,235,30,30,1,False,2,6,True,True,0,0,1,240,110,5,240,110,5,True,False,Rapid Draw,60,False
92653055,627.3,LOSS,False,18,4,MAIN,13,RESOURCE_MANAGEMENT,ABILITY,,ABILITY,1,0,235,30,30,1,False,2,6,True,True,0,0,0,240,110,5,240,110,5,True,False,Rapid Draw,60,False
92653055,627.3,LOSS,False,19,4,TO_HAND,2,RESOURCE_MANAGEMENT,,,CARD,0,0,235,30,30,1,False,2,6,False,True,0,0,0,240,110,5,240,110,5,True,False,Rapid Draw,60,False
92653055,627.3,LOSS,False,20,4,MAIN,13,RESOURCE_MANAGEMENT,PLAY_STADIUM,1256,PLAY,1,0,235,30,30,1,False,2,6,True,True,0,0,0,240,110,5,240,110,5,True,False,Rapid Draw,60,False
92653055,627.3,LOSS,False,21,4,MAIN,12,ENERGY_MANAGEMENT,ATTACH_ENERGY,,ATTACH,1,0,235,30,30,1,False,2,6,True,True,0,0,0,240,110,5,240,110,5,True,False,Rapid Draw,60,False
92653055,627.3,LOSS,False,22,4,MAIN,6,RESOURCE_MANAGEMENT,PLAY_ITEM,1080,PLAY,1,0,235,30,30,1,False,2,6,True,True,0,0,1,240,110,5,240,110,5,True,False,Rapid Draw,60,False
92653055,627.3,LOSS,False,23,4,MAIN,8,ENERGY_MANAGEMENT,ATTACH_ENERGY,,ATTACH,1,0,235,30,30,1,False,2,6,True,True,0,0,1,240,110,5,240,110,5,True,False,Rapid Draw,60,False
92653055,627.3,LOSS,False,24,4,MAIN,5,RESOURCE_MANAGEMENT,PLAY_ITEM,1152,PLAY,1,0,235,30,30,1,False,2,6,True,True,0,0,1,240,110,5,240,110,5,True,False,Rapid Draw,60,False
92653055,627.3,LOSS,False,25,4,TO_HAND,4,RESOURCE_MANAGEMENT,,,CARD,0,0,235,30,30,1,False,2,6,False,True,0,0,1,240,110,5,240,110,5,True,False,Rapid Draw,60,False
92653055,627.3,LOSS,False,26,4,MAIN,5,BENCH_MANAGEMENT,EVOLVE,,EVOLVE,1,0,235,30,30,1,False,2,6,True,True,0,0,1,240,110,5,240,110,5,True,False,Rapid Draw,60,False
92653055,627.3,LOSS,False,27,4,MAIN,5,RESOURCE_MANAGEMENT,ABILITY,,ABILITY,1,0,235,30,30,1,False,2,6,True,True,0,0,1,240,110,5,240,110,5,True,False,Rapid Draw,60,False
92653055,627.3,LOSS,False,28,4,TO_HAND,2,RESOURCE_MANAGEMENT,,,CARD,0,0,235,30,30,1,False,2,6,False,True,0,0,1,240,110,5,240,110,5,True,False,Rapid Draw,60,False
92653055,627.3,LOSS,False,29,4,MAIN,4,TIMING,,,,1,0,235,30,30,1,False,2,6,True,True,0,0,1,240,110,5,240,100,4,True,False,Rapid Draw,60,False
92653055,627.3,LOSS,False,30,5,TO_ACTIVE,2,ACTIVE_POKEMON_SELECTION,,,,0,0,,,,,False,2,6,False,True,,,1,240,100,4,240,100,4,,,,,True
92653055,627.3,LOSS,False,31,6,MAIN,12,RESOURCE_MANAGEMENT,PLAY_STADIUM,1256,PLAY,1,0,120,30,90,1,True,1,6,True,True,1,1,0,240,100,4,240,100,4,True,False,Rapid Draw,60,False
92653055,627.3,LOSS,False,32,6,MAIN,11,RESOURCE_MANAGEMENT,PLAY_ITEM,1097,PLAY,1,0,120,30,90,1,True,1,6,True,True,1,1,0,240,100,4,240,100,4,True,False,Rapid Draw,60,False
92653055,627.3,LOSS,False,33,6,TO_HAND,2,RESOURCE_MANAGEMENT,,,CARD,0,0,120,30,90,1,True,1,6,False,True,1,1,0,240,100,4,240,100,4,True,False,Rapid Draw,60,False
92653055,627.3,LOSS,False,34,6,MAIN,11,RESOURCE_MANAGEMENT,PLAY_POKEMON,119,PLAY,1,0,120,30,90,1,True,1,6,True,True,1,1,0,240,100,4,240,100,4,True,False,Rapid Draw,60,False
92653055,627.3,LOSS,False,35,6,MAIN,10,RESOURCE_MANAGEMENT,ABILITY,,ABILITY,1,0,120,30,90,1,True,2,6,True,True,1,1,0,240,100,4,240,100,4,True,False,Rapid Draw,60,False
92653055,627.3,LOSS,False,36,6,TO_HAND,2,RESOURCE_MANAGEMENT,,,CARD,0,0,120,30,90,1,True,2,6,False,True,1,1,0,240,100,4,240,100,4,True,False,Rapid Draw,60,False
92653055,627.3,LOSS,False,37,6,MAIN,10,RESOURCE_MANAGEMENT,ABILITY,,ABILITY,1,0,120,30,90,1,True,2,6,True,True,1,1,0,240,100,4,240,100,4,True,False,Rapid Draw,60,False
92653055,627.3,LOSS,False,38,6,TO_HAND,2,RESOURCE_MANAGEMENT,,,CARD,0,0,120,30,90,1,True,2,6,False,True,1,1,0,240,100,4,240,100,4,True,False,Rapid Draw,60,False
92653055,627.3,LOSS,False,39,6,MAIN,10,RESOURCE_MANAGEMENT,PLAY_SUPPORTER,1227,PLAY,1,0,120,30,90,1,True,2,6,True,True,1,1,0,240,100,4,240,100,4,True,False,Rapid Draw,60,False
92653055,627.3,LOSS,False,40,6,MAIN,12,BENCH_MANAGEMENT,EVOLVE,,EVOLVE,1,0,120,30,90,1,True,2,6,True,True,1,1,0,240,100,4,240,100,4,True,False,Rapid Draw,60,False
92653055,627.3,LOSS,False,41,6,MAIN,11,RESOURCE_MANAGEMENT,PLAY_ITEM,1121,PLAY,2,0,121,260,320,2,True,2,6,True,True,1,1,0,240,100,4,240,100,4,False,False,Rapid Draw,60,True
92653055,627.3,LOSS,False,42,6,DISCARD,6,RESOURCE_MANAGEMENT,,,CARD;CARD,0,0,121,260,320,2,True,2,6,False,True,1,1,0,240,100,4,240,100,4,False,False,Rapid Draw,60,False
92653055,627.3,LOSS,False,43,6,TO_HAND,7,RESOURCE_MANAGEMENT,,,CARD,0,0,121,260,320,2,True,2,6,False,True,1,1,0,240,100,4,240,100,4,False,False,Rapid Draw,60,False
92653055,627.3,LOSS,False,44,6,MAIN,9,RESOURCE_MANAGEMENT,PLAY_POKEMON,140,PLAY,2,0,121,260,320,2,True,2,6,True,True,1,1,0,240,100,4,240,100,4,False,False,Rapid Draw,60,False
92653055,627.3,LOSS,False,45,6,MAIN,10,RESOURCE_MANAGEMENT,ABILITY,,ABILITY,2,0,121,260,320,2,True,3,6,True,True,1,1,0,240,100,4,240,100,4,False,False,Rapid Draw,60,False
92653055,627.3,LOSS,False,46,6,MAIN,11,RESOURCE_MANAGEMENT,PLAY_ITEM,1120,PLAY,2,0,121,260,320,2,True,3,6,True,True,1,1,0,240,100,4,240,100,4,False,False,Rapid Draw,60,False
92653055,627.3,LOSS,False,47,6,MAIN,10,ENERGY_MANAGEMENT,ATTACH_ENERGY,,ATTACH,2,0,121,260,320,2,True,3,6,True,True,1,1,0,240,100,4,240,100,4,False,False,Rapid Draw,60,False
92653055,627.3,LOSS,False,48,6,MAIN,6,ATTACK_SELECTION,ATTACK,,ATTACK,2,1,121,260,320,2,True,3,6,True,True,1,1,1,240,100,4,240,0,4,False,False,Rapid Draw,60,False
92653055,627.3,LOSS,False,49,6,DAMAGE_COUNTER_ANY,5,TARGET_SELECTION,,,CARD,0,0,121,260,320,2,True,3,6,False,True,1,1,1,240,0,4,240,0,4,False,False,Rapid Draw,60,False
92653055,627.3,LOSS,False,50,6,DAMAGE_COUNTER_ANY,5,TARGET_SELECTION,,,CARD,0,0,121,260,320,2,True,3,6,False,True,1,1,1,240,0,4,240,0,4,False,False,Rapid Draw,60,False
92653055,627.3,LOSS,False,51,6,DAMAGE_COUNTER_ANY,5,TARGET_SELECTION,,,CARD,0,0,121,260,320,2,True,3,6,False,True,1,1,1,240,0,4,240,0,4,False,False,Rapid Draw,60,False
92653055,627.3,LOSS,False,52,6,DAMAGE_COUNTER_ANY,5,TARGET_SELECTION,,,CARD,0,0,121,260,320,2,True,3,6,False,True,1,1,1,240,0,4,240,0,4,False,False,Rapid Draw,60,False
92653055,627.3,LOSS,False,53,6,DAMAGE_COUNTER_ANY,5,TARGET_SELECTION,,,CARD,0,0,121,260,320,2,True,3,6,False,True,1,1,1,240,0,4,240,0,4,False,False,Rapid Draw,60,False
92653055,627.3,LOSS,False,54,6,DAMAGE_COUNTER_ANY,5,TARGET_SELECTION,,,CARD,0,0,121,260,320,2,True,3,6,False,True,1,1,1,240,0,4,,,4,False,False,Rapid Draw,60,False
92653055,627.3,LOSS,False,55,6,TO_HAND,6,RESOURCE_MANAGEMENT,,,CARD,0,0,121,260,320,2,True,3,6,False,True,1,1,1,,,4,,,4,,,,,False
92653055,627.3,LOSS,False,56,6,TO_HAND,5,RESOURCE_MANAGEMENT,,,,0,0,121,260,320,2,True,3,5,False,True,1,1,1,,,4,93,60,2,,,,,False
92653055,627.3,LOSS,False,57,7,TO_ACTIVE,3,ACTIVE_POKEMON_SELECTION,,,CARD,0,0,,,,,False,3,4,False,True,,,1,93,60,2,93,60,2,,,,,True
92653055,627.3,LOSS,False,58,8,MAIN,14,RESOURCE_MANAGEMENT,PLAY_ITEM,1121,PLAY,0,0,120,90,90,1,False,2,4,True,True,1,1,1,93,60,2,93,60,2,False,False,Do the Wave,0,False
92653055,627.3,LOSS,False,59,8,DISCARD,7,RESOURCE_MANAGEMENT,,,CARD;CARD,0,0,120,90,90,1,False,2,4,False,True,1,1,1,93,60,2,93,60,2,False,False,Do the Wave,0,False
92653055,627.3,LOSS,False,60,8,TO_HAND,6,RESOURCE_MANAGEMENT,,,CARD,0,0,120,90,90,1,False,2,4,False,True,1,1,1,93,60,2,93,60,2,False,False,Do the Wave,0,False
92653055,627.3,LOSS,False,61,8,MAIN,12,RESOURCE_MANAGEMENT,PLAY_ITEM,1120,PLAY,0,0,120,90,90,1,False,2,4,True,True,1,1,1,93,60,2,93,60,2,False,False,Do the Wave,0,False
92653055,627.3,LOSS,False,62,8,MAIN,11,RESOURCE_MANAGEMENT,ABILITY,,ABILITY,0,0,120,90,90,1,False,2,4,True,True,1,1,1,93,60,2,93,60,2,False,False,Do the Wave,0,False
92653055,627.3,LOSS,False,63,8,TO_HAND,2,RESOURCE_MANAGEMENT,,,CARD,0,0,120,90,90,1,False,2,4,False,True,1,1,1,93,60,2,93,60,2,False,False,Do the Wave,0,False
92653055,627.3,LOSS,False,64,8,MAIN,10,RESOURCE_MANAGEMENT,ABILITY,,ABILITY,0,0,120,90,90,1,False,2,4,True,True,1,1,1,93,60,2,93,60,2,False,False,Do the Wave,0,False
92653055,627.3,LOSS,False,65,8,MAIN,14,RESOURCE_MANAGEMENT,PLAY_SUPPORTER,1210,PLAY,0,0,120,90,90,1,False,2,4,True,True,1,1,1,93,60,2,93,60,2,False,False,Do the Wave,0,False
92653055,627.3,LOSS,False,66,8,TO_HAND,5,RESOURCE_MANAGEMENT,,,CARD,0,0,120,90,90,1,False,2,4,False,True,1,1,1,93,60,2,93,60,2,False,False,Do the Wave,0,False
92653055,627.3,LOSS,False,67,8,MAIN,12,RESOURCE_MANAGEMENT,PLAY_ITEM,1079,PLAY,0,0,120,90,90,1,False,2,4,True,True,1,1,1,93,60,2,93,60,2,False,False,Do the Wave,0,False
92653055,627.3,LOSS,False,68,8,EVOLVE,1,BENCH_MANAGEMENT,,,EVOLVE,0,0,120,90,90,1,False,2,4,False,True,1,1,1,93,60,2,93,60,2,False,False,Do the Wave,0,False
92653055,627.3,LOSS,False,69,8,MAIN,9,ENERGY_MANAGEMENT,ATTACH_ENERGY,,ATTACH,0,0,120,90,90,1,False,2,4,True,True,1,1,1,93,60,2,93,60,2,False,False,Do the Wave,0,False
92653055,627.3,LOSS,False,70,8,MAIN,3,RETREAT_SELECTION,RETREAT,,RETREAT,0,0,120,90,90,1,False,2,4,True,True,1,1,1,93,60,2,93,60,2,False,False,Do the Wave,0,False
92653055,627.3,LOSS,False,71,8,DISCARD_ENERGY,1,ENERGY_MANAGEMENT,,,ENERGY,0,0,120,90,90,1,False,2,4,False,True,1,1,1,93,60,2,93,60,2,False,False,Do the Wave,0,False
92653055,627.3,LOSS,False,72,8,SWITCH,2,ACTIVE_POKEMON_SELECTION,,,CARD,0,0,120,90,90,1,False,2,4,False,True,1,0,1,93,60,2,93,60,2,False,False,Do the Wave,0,False
92653055,627.3,LOSS,False,73,8,MAIN,4,ATTACK_SELECTION,ATTACK,,ATTACK,2,1,121,320,320,2,False,2,4,False,True,1,1,0,93,60,2,93,0,2,False,False,Do the Wave,0,True
92653055,627.3,LOSS,False,74,8,DAMAGE_COUNTER_ANY,5,TARGET_SELECTION,,,CARD,0,0,121,320,320,2,False,2,4,False,True,1,1,0,93,0,2,93,0,2,False,False,Do the Wave,0,False
92653055,627.3,LOSS,False,75,8,DAMAGE_COUNTER_ANY,5,TARGET_SELECTION,,,CARD,0,0,121,320,320,2,False,2,4,False,True,1,1,0,93,0,2,93,0,2,False,False,Do the Wave,0,False
92653055,627.3,LOSS,False,76,8,DAMAGE_COUNTER_ANY,5,TARGET_SELECTION,,,CARD,0,0,121,320,320,2,False,2,4,False,True,1,1,0,93,0,2,93,0,2,False,False,Do the Wave,0,False
92653055,627.3,LOSS,False,77,8,DAMAGE_COUNTER_ANY,5,TARGET_SELECTION,,,CARD,0,0,121,320,320,2,False,2,4,False,True,1,1,0,93,0,2,93,0,2,False,False,Do the Wave,0,False
92653055,627.3,LOSS,False,78,8,DAMAGE_COUNTER_ANY,5,TARGET_SELECTION,,,CARD,0,0,121,320,320,2,False,2,4,False,True,1,1,0,93,0,2,93,0,2,False,False,Do the Wave,0,False
92653055,627.3,LOSS,False,79,8,DAMAGE_COUNTER_ANY,5,TARGET_SELECTION,,,CARD,0,0,121,320,320,2,False,2,4,False,True,1,1,0,93,0,2,,,2,False,False,Do the Wave,0,False
92653055,627.3,LOSS,False,80,8,TO_HAND,4,RESOURCE_MANAGEMENT,,,CARD,0,0,121,320,320,2,False,2,4,False,True,1,1,0,,,2,,,2,,,,,False
92654005,646.2,LOSS,False,0,,,0,UNKNOWN,,,,0,0,,,,,False,,,False,False,,,0,,,,,,,,,,,False
92654005,646.2,LOSS,False,1,,,0,UNKNOWN,,,,0,0,,,,,False,,,False,False,,,0,,,,,,6,,,,,False
92654005,646.2,LOSS,False,2,0,SETUP_ACTIVE_POKEMON,1,EARLY_GAME_SETUP,,,,0,0,,,,,False,0,0,False,False,,,0,,,6,1013,70,6,,,,,False
92654005,646.2,LOSS,False,3,2,MAIN,6,RESOURCE_MANAGEMENT,PLAY_ITEM,1086,PLAY,0,0,119,70,70,1,False,0,6,False,False,1,0,0,1013,70,6,1013,70,6,False,False,,,False
92654005,646.2,LOSS,False,4,2,TO_BENCH,5,BENCH_MANAGEMENT,,,CARD;CARD,0,0,119,70,70,1,False,0,6,False,False,1,0,0,1013,70,6,1013,70,6,False,False,,,False
92654005,646.2,LOSS,False,5,2,MAIN,7,RESOURCE_MANAGEMENT,PLAY_ITEM,1152,PLAY,0,0,119,70,70,1,False,2,6,False,True,1,0,1,1013,70,6,1013,70,6,False,False,,,False
92654005,646.2,LOSS,False,6,2,TO_HAND,6,RESOURCE_MANAGEMENT,,,CARD,0,0,119,70,70,1,False,2,6,False,True,1,0,1,1013,70,6,1013,70,6,False,False,,,False
92654005,646.2,LOSS,False,7,2,MAIN,7,RESOURCE_MANAGEMENT,PLAY_POKEMON,119,PLAY,0,0,119,70,70,1,False,2,6,False,True,1,0,1,1013,70,6,1013,70,6,False,False,,,False
92654005,646.2,LOSS,False,8,2,MAIN,7,ENERGY_MANAGEMENT,ATTACH_ENERGY,,ATTACH,0,0,119,70,70,1,False,3,6,False,True,1,0,1,1013,70,6,1013,70,6,False,False,,,False
92654005,646.2,LOSS,False,9,2,MAIN,3,TIMING,,,,0,0,119,70,70,1,False,3,6,False,True,1,0,1,1013,70,6,1013,70,6,False,False,,,False
92654005,646.2,LOSS,False,10,4,MAIN,10,BENCH_MANAGEMENT,EVOLVE,,EVOLVE,0,0,119,70,70,1,False,3,6,False,True,1,0,1,1013,70,6,1013,70,6,False,False,,,False
92654005,646.2,LOSS,False,11,4,MAIN,8,RESOURCE_MANAGEMENT,ABILITY,,ABILITY,0,0,119,70,70,1,False,3,6,False,True,1,0,1,1013,70,6,1013,70,6,False,False,,,False
92654005,646.2,LOSS,False,12,4,TO_HAND,2,RESOURCE_MANAGEMENT,,,CARD,0,0,119,70,70,1,False,3,6,False,True,1,0,1,1013,70,6,1013,70,6,False,False,,,False
92654005,646.2,LOSS,False,13,4,MAIN,7,ENERGY_MANAGEMENT,ATTACH_ENERGY,,ATTACH,0,0,119,70,70,1,False,3,6,False,True,1,0,1,1013,70,6,1013,70,6,False,False,,,False
92654005,646.2,LOSS,False,14,4,MAIN,3,TIMING,,,,0,0,119,70,70,1,False,3,6,False,True,1,0,2,1013,70,6,1013,70,6,False,False,,,False
92654005,646.2,LOSS,False,15,6,MAIN,6,BENCH_MANAGEMENT,EVOLVE,,EVOLVE,0,0,119,70,70,1,False,3,6,False,True,1,0,2,1013,70,6,1013,70,6,False,False,,,False
92654005,646.2,LOSS,False,16,6,MAIN,4,RESOURCE_MANAGEMENT,PLAY_SUPPORTER,1198,PLAY,0,0,119,70,70,1,False,3,6,False,True,1,0,3,1013,70,6,1013,70,6,False,False,,,False
92654005,646.2,LOSS,False,17,6,TO_HAND,6,RESOURCE_MANAGEMENT,,,CARD,0,0,119,70,70,1,False,3,6,False,True,1,0,3,1013,70,6,1013,70,6,False,False,,,False
92654005,646.2,LOSS,False,18,6,ATTACH_TO,3,ENERGY_MANAGEMENT,,,CARD,0,0,119,70,70,1,False,3,6,False,True,1,0,3,1013,70,6,1013,70,6,False,False,,,False
92654005,646.2,LOSS,False,19,6,ATTACH_FROM,4,ENERGY_MANAGEMENT,,,CARD,0,0,119,70,70,1,False,3,6,False,True,1,0,3,1013,70,6,1013,70,6,False,False,,,False
92654005,646.2,LOSS,False,20,6,MAIN,6,ENERGY_MANAGEMENT,ATTACH_ENERGY,,ATTACH,0,0,119,70,70,1,False,3,6,False,True,1,0,3,1013,70,6,1013,70,6,False,False,,,False
92654005,646.2,LOSS,False,21,6,MAIN,3,RETREAT_SELECTION,RETREAT,,RETREAT,0,0,119,70,70,1,False,3,6,True,True,1,1,3,1013,70,6,1013,70,6,False,False,,,False
92654005,646.2,LOSS,False,22,6,DISCARD_ENERGY,1,ENERGY_MANAGEMENT,,,ENERGY,0,0,119,70,70,1,False,3,6,False,True,1,1,3,1013,70,6,1013,70,6,False,False,,,False
92654005,646.2,LOSS,False,23,6,SWITCH,3,ACTIVE_POKEMON_SELECTION,,,CARD,0,0,119,70,70,1,False,3,6,False,True,1,0,3,1013,70,6,1013,70,6,False,False,,,False
92654005,646.2,LOSS,False,24,6,MAIN,4,ATTACK_SELECTION,ATTACK,,ATTACK,2,1,121,320,320,2,False,3,6,False,True,1,1,2,1013,70,6,1013,0,6,False,False,,,True
92654005,646.2,LOSS,False,25,6,DAMAGE_COUNTER_ANY,4,TARGET_SELECTION,,,CARD,0,0,121,320,320,2,False,3,6,False,True,1,1,2,1013,0,6,1013,0,6,False,False,,,False
92654005,646.2,LOSS,False,26,6,DAMAGE_COUNTER_ANY,4,TARGET_SELECTION,,,CARD,0,0,121,320,320,2,False,3,6,False,True,1,1,2,1013,0,6,1013,0,6,False,False,,,False
92654005,646.2,LOSS,False,27,6,DAMAGE_COUNTER_ANY,4,TARGET_SELECTION,,,CARD,0,0,121,320,320,2,False,3,6,False,True,1,1,2,1013,0,6,1013,0,6,False,False,,,False
92654005,646.2,LOSS,False,28,6,DAMAGE_COUNTER_ANY,4,TARGET_SELECTION,,,CARD,0,0,121,320,320,2,False,3,6,False,True,1,1,2,1013,0,6,1013,0,6,False,False,,,False
92654005,646.2,LOSS,False,29,6,DAMAGE_COUNTER_ANY,4,TARGET_SELECTION,,,CARD,0,0,121,320,320,2,False,3,6,False,True,1,1,2,1013,0,6,1013,0,6,False,False,,,False
92654005,646.2,LOSS,False,30,6,DAMAGE_COUNTER_ANY,4,TARGET_SELECTION,,,CARD,0,0,121,320,320,2,False,3,6,False,True,1,1,2,1013,0,6,,,6,False,False,,,False
92654005,646.2,LOSS,False,31,6,TO_HAND,6,RESOURCE_MANAGEMENT,,,,0,0,121,320,320,2,False,3,6,False,True,1,1,2,,,6,345,110,6,,,,,False
92654005,646.2,LOSS,False,32,8,MAIN,8,RESOURCE_MANAGEMENT,PLAY_ITEM,1120,PLAY,2,0,121,320,320,2,False,3,5,True,True,1,1,2,345,110,6,345,110,6,False,False,,,False
92654005,646.2,LOSS,False,33,8,MAIN,7,ATTACK_SELECTION,ATTACK,,ATTACK,2,1,121,320,320,2,False,3,5,True,True,1,1,2,345,110,6,345,110,6,False,False,,,False
92654005,646.2,LOSS,False,34,8,DAMAGE_COUNTER_ANY,3,TARGET_SELECTION,,,CARD,0,0,121,320,320,2,False,3,5,False,True,1,1,2,345,110,6,345,110,6,False,False,,,False
92654005,646.2,LOSS,False,35,8,DAMAGE_COUNTER_ANY,3,TARGET_SELECTION,,,CARD,0,0,121,320,320,2,False,3,5,False,True,1,1,2,345,110,6,345,110,6,False,False,,,False
92654005,646.2,LOSS,False,36,8,DAMAGE_COUNTER_ANY,3,TARGET_SELECTION,,,CARD,0,0,121,320,320,2,False,3,5,False,True,1,1,2,345,110,6,345,110,6,False,False,,,False
92654005,646.2,LOSS,False,37,8,DAMAGE_COUNTER_ANY,3,TARGET_SELECTION,,,CARD,0,0,121,320,320,2,False,3,5,False,True,1,1,2,345,110,6,345,110,6,False,False,,,False
92654005,646.2,LOSS,False,38,8,DAMAGE_COUNTER_ANY,3,TARGET_SELECTION,,,CARD,0,0,121,320,320,2,False,3,5,False,True,1,1,2,345,110,6,345,110,6,False,False,,,False
92654005,646.2,LOSS,False,39,8,DAMAGE_COUNTER_ANY,3,TARGET_SELECTION,,,,0,0,121,320,320,2,False,3,5,False,True,1,1,2,345,110,6,345,110,6,False,False,,,False
92654005,646.2,LOSS,False,40,10,MAIN,9,BENCH_MANAGEMENT,EVOLVE,,EVOLVE,2,0,121,320,320,2,False,3,5,True,True,1,1,2,345,110,6,345,110,6,False,False,,,False
92654005,646.2,LOSS,False,41,10,MAIN,8,RESOURCE_MANAGEMENT,ABILITY,,ABILITY,2,0,121,320,320,2,False,3,5,True,True,1,1,1,345,110,6,345,110,6,False,False,,,False
92654005,646.2,LOSS,False,42,10,TO_HAND,2,RESOURCE_MANAGEMENT,,,CARD,0,0,121,320,320,2,False,3,5,False,True,1,1,1,345,110,6,345,110,6,False,False,,,False
92654005,646.2,LOSS,False,43,10,MAIN,8,RESOURCE_MANAGEMENT,PLAY_ITEM,1121,PLAY,2,0,121,320,320,2,False,3,5,True,True,1,1,1,345,110,6,345,110,6,False,False,,,False
92654005,646.2,LOSS,False,44,10,DISCARD,4,RESOURCE_MANAGEMENT,,,CARD;CARD,0,0,121,320,320,2,False,3,5,False,True,1,1,1,345,110,6,345,110,6,False,False,,,False
92654005,646.2,LOSS,False,45,10,TO_HAND,8,RESOURCE_MANAGEMENT,,,CARD,0,0,121,320,320,2,False,3,5,False,True,1,1,1,345,110,6,345,110,6,False,False,,,False
92654005,646.2,LOSS,False,46,10,MAIN,6,RESOURCE_MANAGEMENT,PLAY_POKEMON,1071,PLAY,2,0,121,320,320,2,False,3,5,True,True,1,1,1,345,110,6,345,110,6,False,False,,,False
92654005,646.2,LOSS,False,47,10,ACTIVATE,2,RESOURCE_MANAGEMENT,,,YES,0,0,121,320,320,2,False,4,5,False,True,1,1,1,345,110,6,345,110,6,False,False,,,False
92654005,646.2,LOSS,False,48,10,TO_HAND,9,RESOURCE_MANAGEMENT,,,CARD,0,0,121,320,320,2,False,4,5,False,True,1,1,1,345,110,6,345,110,6,False,False,,,False
92654005,646.2,LOSS,False,49,10,MAIN,6,RESOURCE_MANAGEMENT,PLAY_SUPPORTER,1227,PLAY,2,0,121,320,320,2,False,4,5,True,True,1,1,1,345,110,6,345,110,6,False,False,,,False
92654005,646.2,LOSS,False,50,10,MAIN,12,RESOURCE_MANAGEMENT,PLAY_ITEM,1086,PLAY,2,0,121,320,320,2,False,4,5,True,True,1,1,1,345,110,6,345,110,6,False,False,,,False
92654005,646.2,LOSS,False,51,10,TO_BENCH,2,BENCH_MANAGEMENT,,,CARD,0,0,121,320,320,2,False,4,5,False,True,1,1,1,345,110,6,345,110,6,False,False,,,False
92654005,646.2,LOSS,False,52,10,MAIN,12,BENCH_MANAGEMENT,EVOLVE,,EVOLVE,2,0,121,320,320,2,False,5,5,True,True,1,1,1,345,110,6,345,110,6,False,False,,,False
92654005,646.2,LOSS,False,53,10,MAIN,12,RESOURCE_MANAGEMENT,ABILITY,,ABILITY,2,0,121,320,320,2,False,5,5,True,True,1,1,1,345,110,6,345,110,6,False,False,,,False
92654005,646.2,LOSS,False,54,10,TO_HAND,2,RESOURCE_MANAGEMENT,,,CARD,0,0,121,320,320,2,False,5,5,False,True,1,1,1,345,110,6,345,110,6,False,False,,,False
92654005,646.2,LOSS,False,55,10,MAIN,11,ENERGY_MANAGEMENT,ATTACH_ENERGY,,ATTACH,2,0,121,320,320,2,False,5,5,True,True,1,1,1,345,110,6,345,110,6,False,False,,,False
92654005,646.2,LOSS,False,56,10,MAIN,5,ATTACK_SELECTION,ATTACK,,ATTACK,2,1,121,320,320,2,False,5,5,True,True,1,1,2,345,110,6,345,110,6,False,False,,,False
92654005,646.2,LOSS,False,57,10,DAMAGE_COUNTER_ANY,3,TARGET_SELECTION,,,CARD,0,0,121,320,320,2,False,5,5,False,True,1,1,2,345,110,6,345,110,6,False,False,,,False
92654005,646.2,LOSS,False,58,10,DAMAGE_COUNTER_ANY,3,TARGET_SELECTION,,,CARD,0,0,121,320,320,2,False,5,5,False,True,1,1,2,345,110,6,345,110,6,False,False,,,False
92654005,646.2,LOSS,False,59,10,DAMAGE_COUNTER_ANY,3,TARGET_SELECTION,,,CARD,0,0,121,320,320,2,False,5,5,False,True,1,1,2,345,110,6,345,110,6,False,False,,,False
92654005,646.2,LOSS,False,60,10,DAMAGE_COUNTER_ANY,3,TARGET_SELECTION,,,CARD,0,0,121,320,320,2,False,5,5,False,True,1,1,2,345,110,6,345,110,6,False,False,,,False
92654005,646.2,LOSS,False,61,10,DAMAGE_COUNTER_ANY,3,TARGET_SELECTION,,,CARD,0,0,121,320,320,2,False,5,5,False,True,1,1,2,345,110,6,345,110,6,False,False,,,False
92654005,646.2,LOSS,False,62,10,DAMAGE_COUNTER_ANY,3,TARGET_SELECTION,,,,0,0,121,320,320,2,False,5,5,False,True,1,1,2,345,110,6,345,110,6,False,False,,,False
92654005,646.2,LOSS,False,63,12,MAIN,11,RESOURCE_MANAGEMENT,PLAY_ITEM,1152,PLAY,2,0,121,200,320,2,True,5,5,True,True,1,1,2,345,110,6,345,110,6,False,False,Superb Scissors,120,False
92654005,646.2,LOSS,False,64,12,TO_HAND,2,RESOURCE_MANAGEMENT,,,CARD,0,0,121,200,320,2,True,5,5,False,True,1,1,2,345,110,6,345,110,6,False,False,Superb Scissors,120,False
92654005,646.2,LOSS,False,65,12,MAIN,11,RESOURCE_MANAGEMENT,ABILITY,,ABILITY,2,0,121,200,320,2,True,5,5,True,True,1,1,2,345,110,6,345,110,6,False,False,Superb Scissors,120,False
92654005,646.2,LOSS,False,66,12,TO_HAND,2,RESOURCE_MANAGEMENT,,,CARD,0,0,121,200,320,2,True,5,5,False,True,1,1,2,345,110,6,345,110,6,False,False,Superb Scissors,120,False
92654005,646.2,LOSS,False,67,12,MAIN,11,RESOURCE_MANAGEMENT,ABILITY,,ABILITY,2,0,121,200,320,2,True,5,5,True,True,1,1,2,345,110,6,345,110,6,False,False,Superb Scissors,120,False
92654005,646.2,LOSS,False,68,12,TO_HAND,2,RESOURCE_MANAGEMENT,,,CARD,0,0,121,200,320,2,True,5,5,False,True,1,1,2,345,110,6,345,110,6,False,False,Superb Scissors,120,False
92654005,646.2,LOSS,False,69,12,MAIN,16,BENCH_MANAGEMENT,EVOLVE,,EVOLVE,2,0,121,200,320,2,True,5,5,True,True,1,1,2,345,110,6,345,110,6,False,False,Superb Scissors,120,False
92654005,646.2,LOSS,False,70,12,MAIN,16,RESOURCE_MANAGEMENT,ABILITY,,ABILITY,2,0,121,200,320,2,True,5,5,True,True,1,1,1,345,110,6,345,110,6,False,False,Superb Scissors,120,False
92654005,646.2,LOSS,False,71,12,TO_HAND,2,RESOURCE_MANAGEMENT,,,CARD,0,0,121,200,320,2,True,5,5,False,True,1,1,1,345,110,6,345,110,6,False,False,Superb Scissors,120,False
92654005,646.2,LOSS,False,72,12,MAIN,16,RESOURCE_MANAGEMENT,PLAY_ITEM,1120,PLAY,2,0,121,200,320,2,True,5,5,True,True,1,1,1,345,110,6,345,110,6,False,False,Superb Scissors,120,False
92654005,646.2,LOSS,False,73,12,DISCARD_ENERGY,6,ENERGY_MANAGEMENT,,,ENERGY,0,0,121,200,320,2,True,5,5,False,True,1,1,1,345,110,6,345,110,6,False,False,Superb Scissors,120,False
92654005,646.2,LOSS,False,74,12,MAIN,15,ENERGY_MANAGEMENT,ATTACH_ENERGY,,ATTACH,2,0,121,200,320,2,True,5,5,True,True,1,1,1,345,110,6,345,110,6,False,False,Superb Scissors,120,False
92654005,646.2,LOSS,False,75,12,MAIN,9,RESOURCE_MANAGEMENT,PLAY_SUPPORTER,1227,PLAY,2,0,121,200,320,2,True,5,5,True,True,1,1,1,345,110,6,345,110,6,False,False,Superb Scissors,120,False
92654005,646.2,LOSS,False,76,12,MAIN,13,BENCH_MANAGEMENT,EVOLVE,,EVOLVE,2,0,121,200,320,2,True,5,5,True,True,1,1,1,345,110,6,345,110,6,False,False,Superb Scissors,120,False
92654005,646.2,LOSS,False,77,12,MAIN,11,ENERGY_MANAGEMENT,ATTACH_ENERGY,,ATTACH,2,0,121,200,320,2,True,5,5,True,True,1,1,2,345,110,6,345,110,6,False,False,Superb Scissors,120,False
92654005,646.2,LOSS,False,78,12,MAIN,5,RESOURCE_MANAGEMENT,PLAY_ITEM,1120,PLAY,2,0,121,200,320,2,True,5,5,True,True,1,1,2,345,110,6,345,110,6,False,False,Superb Scissors,120,False
92654005,646.2,LOSS,False,79,12,DISCARD_ENERGY,5,ENERGY_MANAGEMENT,,,ENERGY,0,0,121,200,320,2,True,5,5,False,True,1,1,2,345,110,6,345,110,6,False,False,Superb Scissors,120,False
92654005,646.2,LOSS,False,80,12,MAIN,4,ATTACK_SELECTION,ATTACK,,ATTACK,2,1,121,200,320,2,True,5,5,True,True,1,1,2,345,110,6,345,110,6,False,False,Superb Scissors,120,False
92654005,646.2,LOSS,False,81,12,DAMAGE_COUNTER_ANY,3,TARGET_SELECTION,,,CARD,0,0,121,200,320,2,True,5,5,False,True,1,1,2,345,110,6,345,110,6,False,False,Superb Scissors,120,False
92654005,646.2,LOSS,False,82,12,DAMAGE_COUNTER_ANY,3,TARGET_SELECTION,,,CARD,0,0,121,200,320,2,True,5,5,False,True,1,1,2,345,110,6,345,110,6,False,False,Superb Scissors,120,False
92654005,646.2,LOSS,False,83,12,DAMAGE_COUNTER_ANY,3,TARGET_SELECTION,,,CARD,0,0,121,200,320,2,True,5,5,False,True,1,1,2,345,110,6,345,110,6,False,False,Superb Scissors,120,False
92654005,646.2,LOSS,False,84,12,DAMAGE_COUNTER_ANY,3,TARGET_SELECTION,,,CARD,0,0,121,200,320,2,True,5,5,False,True,1,1,2,345,110,6,345,110,6,False,False,Superb Scissors,120,False
92654005,646.2,LOSS,False,85,12,DAMAGE_COUNTER_ANY,3,TARGET_SELECTION,,,CARD,0,0,121,200,320,2,True,5,5,False,True,1,1,2,345,110,6,345,110,6,False,False,Superb Scissors,120,False
92654005,646.2,LOSS,False,86,12,DAMAGE_COUNTER_ANY,3,TARGET_SELECTION,,,,0,0,121,200,320,2,True,5,5,False,True,1,1,2,345,110,6,345,110,6,False,False,Superb Scissors,120,False
92654005,646.2,LOSS,False,87,14,MAIN,16,RESOURCE_MANAGEMENT,PLAY_STADIUM,1256,PLAY,2,0,121,80,320,2,True,5,5,True,True,1,1,2,345,110,6,345,110,6,True,False,Superb Scissors,120,False
92654005,646.2,LOSS,False,88,14,MAIN,15,RESOURCE_MANAGEMENT,ABILITY,,ABILITY,2,0,121,80,320,2,True,5,5,True,True,1,1,2,345,110,6,345,110,6,True,False,Superb Scissors,120,False
92654005,646.2,LOSS,False,89,14,TO_HAND,2,RESOURCE_MANAGEMENT,,,CARD,0,0,121,80,320,2,True,5,5,False,True,1,1,2,345,110,6,345,110,6,True,False,Superb Scissors,120,False
92654005,646.2,LOSS,False,90,14,MAIN,15,RESOURCE_MANAGEMENT,ABILITY,,ABILITY,2,0,121,80,320,2,True,5,5,True,True,1,1,2,345,110,6,345,110,6,True,False,Superb Scissors,120,False
92654005,646.2,LOSS,False,91,14,TO_HAND,2,RESOURCE_MANAGEMENT,,,CARD,0,0,121,80,320,2,True,5,5,False,True,1,1,2,345,110,6,345,110,6,True,False,Superb Scissors,120,False
92654005,646.2,LOSS,False,92,14,MAIN,15,RESOURCE_MANAGEMENT,PLAY_ITEM,1120,PLAY,2,0,121,80,320,2,True,5,5,True,True,1,1,2,345,110,6,345,110,6,True,False,Superb Scissors,120,False
92654005,646.2,LOSS,False,93,14,MAIN,14,ENERGY_MANAGEMENT,ATTACH_ENERGY,,ATTACH,2,0,121,80,320,2,True,5,5,True,True,1,1,2,345,110,6,345,110,6,True,False,Superb Scissors,120,False
92654005,646.2,LOSS,False,94,14,MAIN,8,RESOURCE_MANAGEMENT,PLAY_SUPPORTER,1227,PLAY,2,0,121,80,320,2,True,5,5,True,True,1,1,2,345,110,6,345,110,6,True,False,Superb Scissors,120,False
92654005,646.2,LOSS,False,95,14,MAIN,4,RETREAT_SELECTION,RETREAT,,RETREAT,2,0,121,80,320,2,True,5,5,True,True,1,1,2,345,110,6,345,110,6,True,False,Superb Scissors,120,False
92654005,646.2,LOSS,False,96,14,DISCARD_ENERGY,2,ENERGY_MANAGEMENT,,,ENERGY,0,0,121,80,320,2,True,5,5,False,True,1,1,2,345,110,6,345,110,6,True,False,Superb Scissors,120,False
92654005,646.2,LOSS,False,97,14,SWITCH,5,ACTIVE_POKEMON_SELECTION,,,CARD,0,0,121,80,320,2,True,5,5,False,True,1,1,2,345,110,6,345,110,6,True,False,Superb Scissors,120,False
92654005,646.2,LOSS,False,98,14,MAIN,3,ATTACK_SELECTION,ATTACK,,ATTACK,2,1,121,320,320,2,False,5,5,False,True,1,1,2,345,110,6,345,110,6,False,False,Superb Scissors,120,False
92654005,646.2,LOSS,False,99,14,DAMAGE_COUNTER_ANY,3,TARGET_SELECTION,,,CARD,0,0,121,320,320,2,False,5,5,False,True,1,1,2,345,110,6,345,110,6,False,False,Superb Scissors,120,False
92654005,646.2,LOSS,False,100,14,DAMAGE_COUNTER_ANY,3,TARGET_SELECTION,,,CARD,0,0,121,320,320,2,False,5,5,False,True,1,1,2,345,110,6,345,110,6,False,False,Superb Scissors,120,False
92654005,646.2,LOSS,False,101,14,DAMAGE_COUNTER_ANY,3,TARGET_SELECTION,,,CARD,0,0,121,320,320,2,False,5,5,False,True,1,1,2,345,110,6,345,110,6,False,False,Superb Scissors,120,False
92654005,646.2,LOSS,False,102,14,DAMAGE_COUNTER_ANY,3,TARGET_SELECTION,,,CARD,0,0,121,320,320,2,False,5,5,False,True,1,1,2,345,110,6,345,110,6,False,False,Superb Scissors,120,False
92654005,646.2,LOSS,False,103,14,DAMAGE_COUNTER_ANY,3,TARGET_SELECTION,,,CARD,0,0,121,320,320,2,False,5,5,False,True,1,1,2,345,110,6,345,110,6,False,False,Superb Scissors,120,False
92654005,646.2,LOSS,False,104,14,DAMAGE_COUNTER_ANY,3,TARGET_SELECTION,,,,0,0,121,320,320,2,False,5,5,False,True,1,1,2,345,110,6,345,170,6,False,False,Superb Scissors,120,False
92654005,646.2,LOSS,False,105,16,MAIN,11,RESOURCE_MANAGEMENT,ABILITY,,ABILITY,2,0,121,200,320,2,True,5,5,True,True,1,1,2,345,170,6,345,170,6,False,False,Superb Scissors,120,False
92654005,646.2,LOSS,False,106,16,TO_HAND,2,RESOURCE_MANAGEMENT,,,CARD,0,0,121,200,320,2,True,5,5,False,True,1,1,2,345,170,6,345,170,6,False,False,Superb Scissors,120,False
92654005,646.2,LOSS,False,107,16,MAIN,11,RESOURCE_MANAGEMENT,ABILITY,,ABILITY,2,0,121,200,320,2,True,5,5,True,True,1,1,2,345,170,6,345,170,6,False,False,Superb Scissors,120,False
92654005,646.2,LOSS,False,108,16,TO_HAND,2,RESOURCE_MANAGEMENT,,,CARD,0,0,121,200,320,2,True,5,5,False,True,1,1,2,345,170,6,345,170,6,False,False,Superb Scissors,120,False
92654005,646.2,LOSS,False,109,16,MAIN,10,RESOURCE_MANAGEMENT,PLAY_SUPPORTER,1227,PLAY,2,0,121,200,320,2,True,5,5,True,True,1,1,2,345,170,6,345,170,6,False,False,Superb Scissors,120,False
92654005,646.2,LOSS,False,110,16,MAIN,11,ENERGY_MANAGEMENT,ATTACH_ENERGY,,ATTACH,2,0,121,200,320,2,True,5,5,True,True,1,1,2,345,170,6,345,170,6,False,False,Superb Scissors,120,False
92654005,646.2,LOSS,False,111,16,MAIN,5,ATTACK_SELECTION,ATTACK,,ATTACK,2,1,121,200,320,2,True,5,5,True,True,1,1,2,345,170,6,345,170,6,False,False,Superb Scissors,120,False
92654005,646.2,LOSS,False,112,16,DAMAGE_COUNTER_ANY,3,TARGET_SELECTION,,,CARD,0,0,121,200,320,2,True,5,5,False,True,1,1,2,345,170,6,345,170,6,False,False,Superb Scissors,120,False
92654005,646.2,LOSS,False,113,16,DAMAGE_COUNTER_ANY,3,TARGET_SELECTION,,,CARD,0,0,121,200,320,2,True,5,5,False,True,1,1,2,345,170,6,345,170,6,False,False,Superb Scissors,120,False
92654005,646.2,LOSS,False,114,16,DAMAGE_COUNTER_ANY,3,TARGET_SELECTION,,,CARD,0,0,121,200,320,2,True,5,5,False,True,1,1,2,345,170,6,345,170,6,False,False,Superb Scissors,120,False
92654005,646.2,LOSS,False,115,16,DAMAGE_COUNTER_ANY,3,TARGET_SELECTION,,,CARD,0,0,121,200,320,2,True,5,5,False,True,1,1,2,345,170,6,345,170,6,False,False,Superb Scissors,120,False
92654005,646.2,LOSS,False,116,16,DAMAGE_COUNTER_ANY,3,TARGET_SELECTION,,,CARD,0,0,121,200,320,2,True,5,5,False,True,1,1,2,345,170,6,345,170,6,False,False,Superb Scissors,120,False
92654005,646.2,LOSS,False,117,16,DAMAGE_COUNTER_ANY,3,TARGET_SELECTION,,,CARD,0,0,121,200,320,2,True,5,5,False,True,1,1,2,345,170,6,345,170,6,False,False,Superb Scissors,120,False
92654005,646.2,LOSS,False,118,16,TO_HAND,5,RESOURCE_MANAGEMENT,,,,0,0,121,200,320,2,True,5,5,False,True,1,1,2,345,170,6,345,170,6,False,False,Superb Scissors,120,False
92654005,646.2,LOSS,False,119,18,MAIN,10,RESOURCE_MANAGEMENT,ABILITY,,ABILITY,2,0,121,80,320,2,True,5,4,True,True,1,1,2,345,170,6,345,170,6,True,False,Superb Scissors,120,False
92654005,646.2,LOSS,False,120,18,TO_HAND,2,RESOURCE_MANAGEMENT,,,CARD,0,0,121,80,320,2,True,5,4,False,True,1,1,2,345,170,6,345,170,6,True,False,Superb Scissors,120,False
92654005,646.2,LOSS,False,121,18,MAIN,10,RESOURCE_MANAGEMENT,ABILITY,,ABILITY,2,0,121,80,320,2,True,5,4,True,True,1,1,2,345,170,6,345,170,6,True,False,Superb Scissors,120,False
92654005,646.2,LOSS,False,122,18,TO_HAND,2,RESOURCE_MANAGEMENT,,,CARD,0,0,121,80,320,2,True,5,4,False,True,1,1,2,345,170,6,345,170,6,True,False,Superb Scissors,120,False
92654005,646.2,LOSS,False,123,18,MAIN,9,RESOURCE_MANAGEMENT,PLAY_SUPPORTER,1198,PLAY,2,0,121,80,320,2,True,5,4,True,True,1,1,2,345,170,6,345,170,6,True,False,Superb Scissors,120,False
92654005,646.2,LOSS,False,124,18,MAIN,6,RETREAT_SELECTION,RETREAT,,RETREAT,2,0,121,80,320,2,True,5,4,True,True,1,1,2,345,170,6,345,170,6,True,False,Superb Scissors,120,False
92654005,646.2,LOSS,False,125,18,DISCARD_ENERGY,2,ENERGY_MANAGEMENT,,,ENERGY,0,0,121,80,320,2,True,5,4,False,True,1,1,2,345,170,6,345,170,6,True,False,Superb Scissors,120,False
92654005,646.2,LOSS,False,126,18,SWITCH,5,ACTIVE_POKEMON_SELECTION,,,CARD,0,0,121,80,320,2,True,5,4,False,True,1,1,2,345,170,6,345,170,6,True,False,Superb Scissors,120,False
92654005,646.2,LOSS,False,127,18,MAIN,5,ATTACK_SELECTION,ATTACK,,ATTACK,2,1,121,80,320,2,True,5,4,False,True,1,1,2,345,170,6,345,170,6,True,False,Superb Scissors,120,False
92654005,646.2,LOSS,False,128,18,DAMAGE_COUNTER_ANY,2,TARGET_SELECTION,,,CARD,0,0,121,80,320,2,True,5,4,False,True,1,1,2,345,170,6,345,170,6,True,False,Superb Scissors,120,False
92654005,646.2,LOSS,False,129,18,DAMAGE_COUNTER_ANY,2,TARGET_SELECTION,,,CARD,0,0,121,80,320,2,True,5,4,False,True,1,1,2,345,170,6,345,170,6,True,False,Superb Scissors,120,False
92654005,646.2,LOSS,False,130,18,DAMAGE_COUNTER_ANY,2,TARGET_SELECTION,,,CARD,0,0,121,80,320,2,True,5,4,False,True,1,1,2,345,170,6,345,170,6,True,False,Superb Scissors,120,False
92654005,646.2,LOSS,False,131,18,DAMAGE_COUNTER_ANY,2,TARGET_SELECTION,,,CARD,0,0,121,80,320,2,True,5,4,False,True,1,1,2,345,170,6,345,170,6,True,False,Superb Scissors,120,False
92654005,646.2,LOSS,False,132,18,DAMAGE_COUNTER_ANY,2,TARGET_SELECTION,,,CARD,0,0,121,80,320,2,True,5,4,False,True,1,1,2,345,170,6,345,170,6,True,False,Superb Scissors,120,False
92654005,646.2,LOSS,False,133,18,DAMAGE_COUNTER_ANY,2,TARGET_SELECTION,,,CARD,0,0,121,80,320,2,True,5,4,False,True,1,1,2,345,170,6,345,170,6,True,False,Superb Scissors,120,False
92654005,646.2,LOSS,False,134,18,TO_HAND,4,RESOURCE_MANAGEMENT,,,,0,0,121,80,320,2,True,5,4,False,True,1,1,2,345,170,6,345,170,4,True,False,Superb Scissors,120,False
92654005,646.2,LOSS,False,135,19,TO_ACTIVE,5,ACTIVE_POKEMON_SELECTION,,,CARD,0,0,,,,,False,5,3,False,True,,,2,345,170,4,345,170,4,,,,,True
92654005,646.2,LOSS,False,136,20,MAIN,15,RESOURCE_MANAGEMENT,PLAY_POKEMON,140,PLAY,1,0,235,30,30,1,False,4,3,True,True,0,0,1,345,170,4,345,170,4,True,False,Superb Scissors,120,False
92654005,646.2,LOSS,False,137,20,MAIN,12,RESOURCE_MANAGEMENT,PLAY_ITEM,1080,PLAY,1,0,235,30,30,1,False,5,3,True,True,0,0,1,345,170,4,345,170,4,True,False,Superb Scissors,120,False
92654005,646.2,LOSS,False,138,20,MAIN,9,RESOURCE_MANAGEMENT,ABILITY,,ABILITY,1,0,235,30,30,1,False,5,3,True,True,0,0,1,345,170,4,345,170,4,True,False,Superb Scissors,120,False
92654005,646.2,LOSS,False,139,20,TO_HAND,2,RESOURCE_MANAGEMENT,,,CARD,0,0,235,30,30,1,False,5,3,False,True,0,0,1,345,170,4,345,170,4,True,False,Superb Scissors,120,False
92654005,646.2,LOSS,False,140,20,MAIN,9,RESOURCE_MANAGEMENT,ABILITY,,ABILITY,1,0,235,30,30,1,False,5,3,True,True,0,0,1,345,170,4,345,170,4,True,False,Superb Scissors,120,False
92654005,646.2,LOSS,False,141,20,TO_HAND,2,RESOURCE_MANAGEMENT,,,CARD,0,0,235,30,30,1,False,5,3,False,True,0,0,1,345,170,4,345,170,4,True,False,Superb Scissors,120,False
92654005,646.2,LOSS,False,142,20,MAIN,9,RESOURCE_MANAGEMENT,ABILITY,,ABILITY,1,0,235,30,30,1,False,5,3,True,True,0,0,1,345,170,4,345,170,4,True,False,Superb Scissors,120,False
92654005,646.2,LOSS,False,143,20,MAIN,9,TIMING,,,,1,0,235,30,30,1,False,5,3,True,True,0,0,1,345,170,4,345,160,3,True,False,Superb Scissors,120,False
92654005,646.2,LOSS,False,144,21,TO_ACTIVE,5,ACTIVE_POKEMON_SELECTION,,,CARD,0,0,,,,,False,5,3,False,True,,,1,345,160,3,345,160,3,,,,,True
92654005,646.2,LOSS,False,145,22,MAIN,15,TIMING,,,,1,0,121,80,320,2,True,4,3,True,True,1,1,0,345,160,3,345,160,1,True,False,Superb Scissors,120,False
92654005,646.2,LOSS,False,146,23,TO_ACTIVE,4,ACTIVE_POKEMON_SELECTION,,,CARD,0,0,,,,,False,4,3,False,True,,,0,345,160,1,345,160,1,,,,,True
92654005,646.2,LOSS,False,147,24,MAIN,15,RESOURCE_MANAGEMENT,PLAY_POKEMON,235,PLAY,0,0,120,90,90,1,False,3,3,True,True,1,1,0,345,160,1,345,160,1,True,False,Superb Scissors,120,False
92654005,646.2,LOSS,False,148,24,MAIN,14,RETREAT_SELECTION,RETREAT,,RETREAT,0,0,120,90,90,1,False,4,3,True,True,1,1,1,345,160,1,345,160,1,True,False,Superb Scissors,120,False
92654005,646.2,LOSS,False,149,24,DISCARD_ENERGY,1,ENERGY_MANAGEMENT,,,ENERGY,0,0,120,90,90,1,False,4,3,False,True,1,1,1,345,160,1,345,160,1,True,False,Superb Scissors,120,False
92654005,646.2,LOSS,False,150,24,SWITCH,4,ACTIVE_POKEMON_SELECTION,,,CARD,0,0,120,90,90,1,False,4,3,False,True,1,0,1,345,160,1,345,160,1,True,False,Superb Scissors,120,False
92654005,646.2,LOSS,False,151,24,MAIN,14,RESOURCE_MANAGEMENT,PLAY_POKEMON,184,PLAY,1,0,235,30,30,1,False,4,3,False,True,0,0,0,345,160,1,345,160,1,True,False,Superb Scissors,120,True
92654952,570.9,LOSS,True,0,,,0,UNKNOWN,,,,0,0,,,,,False,,,False,False,,,0,,,,,,,,,,,False
92654952,570.9,LOSS,True,1,,,0,UNKNOWN,,,,0,0,,,,,False,,,False,False,,,0,,,,,,0,,,,,False
92654952,570.9,LOSS,True,2,0,IS_FIRST,2,GOING_FIRST_SECOND,,,YES,0,0,,,,,False,0,0,False,False,,,0,,,0,,,0,,,,,False
92654952,570.9,LOSS,True,3,0,SETUP_ACTIVE_POKEMON,1,EARLY_GAME_SETUP,,,,0,0,,,,,False,0,0,False,False,,,0,,,0,344,70,6,,,,,False
92654952,570.9,LOSS,True,4,1,MAIN,4,RESOURCE_MANAGEMENT,PLAY_STADIUM,1256,PLAY,0,0,140,210,210,2,False,0,6,False,False,1,0,0,344,70,6,344,70,6,False,False,,,False
92654952,570.9,LOSS,True,5,1,MAIN,3,RESOURCE_MANAGEMENT,PLAY_ITEM,1086,PLAY,0,0,140,210,210,2,False,0,6,False,False,1,0,0,344,70,6,344,70,6,False,False,,,False
92654952,570.9,LOSS,True,6,1,TO_BENCH,6,BENCH_MANAGEMENT,,,CARD;CARD,0,0,140,210,210,2,False,0,6,False,False,1,0,0,344,70,6,344,70,6,False,False,,,False
92654952,570.9,LOSS,True,7,1,MAIN,2,RESOURCE_MANAGEMENT,PLAY_ITEM,1152,PLAY,0,0,140,210,210,2,False,2,6,False,True,1,0,0,344,70,6,344,70,6,False,False,,,False
92654952,570.9,LOSS,True,8,1,TO_HAND,8,RESOURCE_MANAGEMENT,,,CARD,0,0,140,210,210,2,False,2,6,False,True,1,0,0,344,70,6,344,70,6,False,False,,,False
92654952,570.9,LOSS,True,9,1,MAIN,2,RESOURCE_MANAGEMENT,PLAY_POKEMON,119,PLAY,0,0,140,210,210,2,False,2,6,False,True,1,0,0,344,70,6,344,70,6,False,False,,,False
92654952,570.9,LOSS,True,10,1,MAIN,1,TIMING,,,,0,0,140,210,210,2,False,3,6,False,True,1,0,0,344,70,6,345,150,6,False,False,,,False
92654952,570.9,LOSS,True,11,3,MAIN,5,RESOURCE_MANAGEMENT,PLAY_ITEM,1120,PLAY,0,0,140,210,210,2,False,3,6,False,True,1,0,0,345,150,6,345,150,6,False,False,,,False
92654952,570.9,LOSS,True,12,3,MAIN,4,RESOURCE_MANAGEMENT,PLAY_SUPPORTER,1227,PLAY,0,0,140,210,210,2,False,3,6,False,True,1,0,0,345,150,6,345,150,6,False,False,,,False
92654952,570.9,LOSS,True,13,3,MAIN,15,ENERGY_MANAGEMENT,ATTACH_ENERGY,,ATTACH,0,0,140,210,210,2,False,3,6,False,True,1,0,0,345,150,6,345,150,6,False,False,,,False
92654952,570.9,LOSS,True,14,3,MAIN,11,RESOURCE_MANAGEMENT,PLAY_POKEMON,235,PLAY,0,0,140,210,210,2,False,3,6,False,True,1,0,0,345,150,6,345,150,6,False,False,,,False
92654952,570.9,LOSS,True,15,3,MAIN,11,RESOURCE_MANAGEMENT,PLAY_ITEM,1120,PLAY,0,0,140,210,210,2,False,4,6,False,True,1,0,1,345,150,6,345,150,6,False,False,,,False
92654952,570.9,LOSS,True,16,3,DISCARD_ENERGY,2,ENERGY_MANAGEMENT,,,ENERGY,0,0,140,210,210,2,False,4,6,False,True,1,0,1,345,150,6,345,150,6,False,False,,,False
92654952,570.9,LOSS,True,17,3,MAIN,10,BENCH_MANAGEMENT,EVOLVE,,EVOLVE,0,0,140,210,210,2,False,4,6,False,True,1,0,1,345,150,6,345,150,6,False,False,,,False
92654952,570.9,LOSS,True,18,3,MAIN,8,RESOURCE_MANAGEMENT,ABILITY,,ABILITY,0,0,140,210,210,2,False,4,6,False,True,1,0,1,345,150,6,345,150,6,False,False,,,False
92654952,570.9,LOSS,True,19,3,TO_HAND,2,RESOURCE_MANAGEMENT,,,CARD,0,0,140,210,210,2,False,4,6,False,True,1,0,1,345,150,6,345,150,6,False,False,,,False
92654952,570.9,LOSS,True,20,3,MAIN,7,ENERGY_MANAGEMENT,ATTACH_ENERGY,,ATTACH,0,0,140,210,210,2,False,4,6,False,True,1,0,1,345,150,6,345,150,6,False,False,,,False
92654952,570.9,LOSS,True,21,3,MAIN,3,RETREAT_SELECTION,RETREAT,,RETREAT,0,0,140,210,210,2,False,4,6,True,True,1,1,1,345,150,6,345,150,6,False,False,,,False
92654952,570.9,LOSS,True,22,3,DISCARD_ENERGY,1,ENERGY_MANAGEMENT,,,ENERGY,0,0,140,210,210,2,False,4,6,False,True,1,1,1,345,150,6,345,150,6,False,False,,,False
92654952,570.9,LOSS,True,23,3,SWITCH,4,ACTIVE_POKEMON_SELECTION,,,CARD,0,0,140,210,210,2,False,4,6,False,True,1,0,1,345,150,6,345,150,6,False,False,,,False
92654952,570.9,LOSS,True,24,3,MAIN,4,TIMING,,,,1,0,235,30,30,1,False,4,6,False,True,0,0,0,345,150,6,345,140,6,False,False,,,True
92654952,570.9,LOSS,True,25,5,MAIN,9,RESOURCE_MANAGEMENT,PLAY_ITEM,1086,PLAY,1,0,235,30,30,1,False,4,6,True,True,0,0,0,345,140,6,345,140,6,False,True,,,False
92654952,570.9,LOSS,True,26,5,TO_BENCH,2,BENCH_MANAGEMENT,,,CARD,0,0,235,30,30,1,False,4,6,False,True,0,0,0,345,140,6,345,140,6,False,True,,,False
92654952,570.9,LOSS,True,27,5,MAIN,8,RESOURCE_MANAGEMENT,ABILITY,,ABILITY,1,0,235,30,30,1,False,5,6,True,True,0,0,0,345,140,6,345,140,6,False,True,,,False
92654952,570.9,LOSS,True,28,5,TO_HAND,2,RESOURCE_MANAGEMENT,,,CARD,0,0,235,30,30,1,False,5,6,False,True,0,0,0,345,140,6,345,140,6,False,True,,,False
92654952,570.9,LOSS,True,29,5,MAIN,8,RESOURCE_MANAGEMENT,PLAY_ITEM,1152,PLAY,1,0,235,30,30,1,False,5,6,True,True,0,0,0,345,140,6,345,140,6,False,True,,,False
92654952,570.9,LOSS,True,30,5,TO_HAND,4,RESOURCE_MANAGEMENT,,,CARD,0,0,235,30,30,1,False,5,6,False,True,0,0,0,345,140,6,345,140,6,False,True,,,False
92654952,570.9,LOSS,True,31,5,MAIN,9,BENCH_MANAGEMENT,EVOLVE,,EVOLVE,1,0,235,30,30,1,False,5,6,True,True,0,0,0,345,140,6,345,140,6,False,True,,,False
92654952,570.9,LOSS,True,32,5,MAIN,8,RESOURCE_MANAGEMENT,ABILITY,,ABILITY,1,0,235,30,30,1,False,5,6,True,True,0,0,0,345,140,6,345,140,6,False,True,,,False
92654952,570.9,LOSS,True,33,5,TO_HAND,2,RESOURCE_MANAGEMENT,,,CARD,0,0,235,30,30,1,False,5,6,False,True,0,0,0,345,140,6,345,140,6,False,True,,,False
92654952,570.9,LOSS,True,34,5,MAIN,8,RESOURCE_MANAGEMENT,PLAY_SUPPORTER,1227,PLAY,1,0,235,30,30,1,False,5,6,True,True,0,0,0,345,140,6,345,140,6,False,True,,,False
92654952,570.9,LOSS,True,35,5,MAIN,18,BENCH_MANAGEMENT,EVOLVE,,EVOLVE,1,0,235,30,30,1,False,5,6,True,True,0,0,0,345,140,6,345,140,6,False,True,,,False
92654952,570.9,LOSS,True,36,5,MAIN,17,BENCH_MANAGEMENT,EVOLVE,,EVOLVE,1,0,235,30,30,1,False,5,6,True,True,0,0,0,345,140,6,345,140,6,False,True,,,False
92654952,570.9,LOSS,True,37,5,MAIN,17,RESOURCE_MANAGEMENT,ABILITY,,ABILITY,1,0,235,30,30,1,False,5,6,True,True,0,0,0,345,140,6,345,140,6,False,True,,,False
92654952,570.9,LOSS,True,38,5,TO_HAND,2,RESOURCE_MANAGEMENT,,,CARD,0,0,235,30,30,1,False,5,6,False,True,0,0,0,345,140,6,345,140,6,False,True,,,False
92654952,570.9,LOSS,True,39,5,MAIN,16,ENERGY_MANAGEMENT,ATTACH_ENERGY,,ATTACH,1,0,235,30,30,1,False,5,6,True,True,0,0,0,345,140,6,345,140,6,False,True,,,False
92654952,570.9,LOSS,True,40,5,MAIN,4,TIMING,,,,1,0,235,30,30,1,False,5,6,True,True,0,0,1,345,140,6,345,130,5,False,True,,,False
92654952,570.9,LOSS,True,41,6,TO_ACTIVE,5,ACTIVE_POKEMON_SELECTION,,,CARD,0,0,,,,,False,5,6,False,True,,,1,345,130,5,345,130,5,,,,,True
92654952,570.9,LOSS,True,42,7,MAIN,18,BENCH_MANAGEMENT,EVOLVE,,EVOLVE,1,0,121,320,320,2,False,4,6,True,True,1,1,0,345,130,5,345,130,5,False,False,Superb Scissors,120,False
92654952,570.9,LOSS,True,43,7,MAIN,15,RESOURCE_MANAGEMENT,ABILITY,,ABILITY,1,0,121,320,320,2,False,4,6,True,True,1,1,0,345,130,5,345,130,5,False,False,Superb Scissors,120,False
92654952,570.9,LOSS,True,44,7,TO_HAND,2,RESOURCE_MANAGEMENT,,,CARD,0,0,121,320,320,2,False,4,6,False,True,1,1,0,345,130,5,345,130,5,False,False,Superb Scissors,120,False
92654952,570.9,LOSS,True,45,7,MAIN,15,RESOURCE_MANAGEMENT,PLAY_ITEM,1120,PLAY,1,0,121,320,320,2,False,4,6,True,True,1,1,0,345,130,5,345,130,5,False,False,Superb Scissors,120,False
92654952,570.9,LOSS,True,46,7,MAIN,14,RESOURCE_MANAGEMENT,ABILITY,,ABILITY,1,0,121,320,320,2,False,4,6,True,True,1,1,0,345,130,5,345,130,5,False,False,Superb Scissors,120,False
92654952,570.9,LOSS,True,47,7,MAIN,16,RESOURCE_MANAGEMENT,PLAY_ITEM,1152,PLAY,1,0,121,320,320,2,False,4,6,True,True,1,1,0,345,130,5,345,130,5,False,False,Superb Scissors,120,False
92654952,570.9,LOSS,True,48,7,TO_HAND,2,RESOURCE_MANAGEMENT,,,CARD,0,0,121,320,320,2,False,4,6,False,True,1,1,0,345,130,5,345,130,5,False,False,Superb Scissors,120,False
92654952,570.9,LOSS,True,49,7,MAIN,16,RESOURCE_MANAGEMENT,PLAY_ITEM,1121,PLAY,1,0,121,320,320,2,False,4,6,True,True,1,1,0,345,130,5,345,130,5,False,False,Superb Scissors,120,False
92654952,570.9,LOSS,True,50,7,DISCARD,8,RESOURCE_MANAGEMENT,,,CARD;CARD,0,0,121,320,320,2,False,4,6,False,True,1,1,0,345,130,5,345,130,5,False,False,Superb Scissors,120,False
92654952,570.9,LOSS,True,51,7,TO_HAND,3,RESOURCE_MANAGEMENT,,,CARD,0,0,121,320,320,2,False,4,6,False,True,1,1,0,345,130,5,345,130,5,False,False,Superb Scissors,120,False
92654952,570.9,LOSS,True,52,7,MAIN,14,RESOURCE_MANAGEMENT,PLAY_SUPPORTER,1198,PLAY,1,0,121,320,320,2,False,4,6,True,True,1,1,0,345,130,5,345,130,5,False,False,Superb Scissors,120,False
92654952,570.9,LOSS,True,53,7,TO_HAND,3,RESOURCE_MANAGEMENT,,,CARD,0,0,121,320,320,2,False,4,6,False,True,1,1,0,345,130,5,345,130,5,False,False,Superb Scissors,120,False
92654952,570.9,LOSS,True,54,7,ATTACH_TO,2,ENERGY_MANAGEMENT,,,CARD,0,0,121,320,320,2,False,4,6,False,True,1,1,0,345,130,5,345,130,5,False,False,Superb Scissors,120,False
92654952,570.9,LOSS,True,55,7,ATTACH_FROM,5,ENERGY_MANAGEMENT,,,CARD,0,0,121,320,320,2,False,4,6,False,True,1,1,0,345,130,5,345,130,5,False,False,Superb Scissors,120,False
92654952,570.9,LOSS,True,56,7,MAIN,18,BENCH_MANAGEMENT,EVOLVE,,EVOLVE,2,0,121,320,320,2,False,4,6,True,True,1,1,0,345,130,5,345,130,5,False,False,Superb Scissors,120,False
92654952,570.9,LOSS,True,57,7,MAIN,18,RESOURCE_MANAGEMENT,ABILITY,,ABILITY,2,0,121,320,320,2,False,4,6,True,True,1,1,0,345,130,5,345,130,5,False,False,Superb Scissors,120,False
92654952,570.9,LOSS,True,58,7,TO_HAND,2,RESOURCE_MANAGEMENT,,,CARD,0,0,121,320,320,2,False,4,6,False,True,1,1,0,345,130,5,345,130,5,False,False,Superb Scissors,120,False
92654952,570.9,LOSS,True,59,7,MAIN,18,RESOURCE_MANAGEMENT,PLAY_ITEM,1120,PLAY,2,0,121,320,320,2,False,4,6,True,True,1,1,0,345,130,5,345,130,5,False,False,Superb Scissors,120,False
92654952,570.9,LOSS,True,60,7,MAIN,17,ENERGY_MANAGEMENT,ATTACH_ENERGY,,ATTACH,2,0,121,320,320,2,False,4,6,True,True,1,1,0,345,130,5,345,130,5,False,False,Superb Scissors,120,False
92654952,570.9,LOSS,True,61,7,MAIN,7,RESOURCE_MANAGEMENT,PLAY_ITEM,1080,PLAY,2,0,121,320,320,2,False,4,6,True,True,1,1,1,345,130,5,345,130,5,False,False,Superb Scissors,120,False
92654952,570.9,LOSS,True,62,7,MAIN,5,ATTACK_SELECTION,ATTACK,,ATTACK,2,1,121,320,320,2,False,4,6,True,True,1,1,1,345,130,5,345,130,5,False,False,Superb Scissors,120,False
92654952,570.9,LOSS,True,63,7,DAMAGE_COUNTER_ANY,3,TARGET_SELECTION,,,CARD,0,0,121,320,320,2,False,4,6,False,True,1,1,1,345,130,5,345,130,5,False,False,Superb Scissors,120,False
92654952,570.9,LOSS,True,64,7,DAMAGE_COUNTER_ANY,3,TARGET_SELECTION,,,CARD,0,0,121,320,320,2,False,4,6,False,True,1,1,1,345,130,5,345,130,5,False,False,Superb Scissors,120,False
92654952,570.9,LOSS,True,65,7,DAMAGE_COUNTER_ANY,3,TARGET_SELECTION,,,CARD,0,0,121,320,320,2,False,4,6,False,True,1,1,1,345,130,5,345,130,5,False,False,Superb Scissors,120,False
92654952,570.9,LOSS,True,66,7,DAMAGE_COUNTER_ANY,3,TARGET_SELECTION,,,CARD,0,0,121,320,320,2,False,4,6,False,True,1,1,1,345,130,5,345,130,5,False,False,Superb Scissors,120,False
92654952,570.9,LOSS,True,67,7,DAMAGE_COUNTER_ANY,3,TARGET_SELECTION,,,CARD,0,0,121,320,320,2,False,4,6,False,True,1,1,1,345,130,5,345,130,5,False,False,Superb Scissors,120,False
92654952,570.9,LOSS,True,68,7,DAMAGE_COUNTER_ANY,3,TARGET_SELECTION,,,,0,0,121,320,320,2,False,4,6,False,True,1,1,1,345,130,5,345,130,5,False,False,Superb Scissors,120,False
92654952,570.9,LOSS,True,69,9,MAIN,14,RESOURCE_MANAGEMENT,ABILITY,,ABILITY,2,0,121,200,320,2,True,4,6,True,True,1,1,1,345,130,5,345,130,5,False,False,Superb Scissors,120,False
92654952,570.9,LOSS,True,70,9,TO_HAND,2,RESOURCE_MANAGEMENT,,,CARD,0,0,121,200,320,2,True,4,6,False,True,1,1,1,345,130,5,345,130,5,False,False,Superb Scissors,120,False
92654952,570.9,LOSS,True,71,9,MAIN,14,RESOURCE_MANAGEMENT,PLAY_ITEM,1121,PLAY,2,0,121,200,320,2,True,4,6,True,True,1,1,1,345,130,5,345,130,5,False,False,Superb Scissors,120,False
92654952,570.9,LOSS,True,72,9,DISCARD,6,RESOURCE_MANAGEMENT,,,CARD;CARD,0,0,121,200,320,2,True,4,6,False,True,1,1,1,345,130,5,345,130,5,False,False,Superb Scissors,120,False
92654952,570.9,LOSS,True,73,9,TO_HAND,1,RESOURCE_MANAGEMENT,,,CARD,0,0,121,200,320,2,True,4,6,False,True,1,1,1,345,130,5,345,130,5,False,False,Superb Scissors,120,False
92654952,570.9,LOSS,True,74,9,MAIN,14,RESOURCE_MANAGEMENT,ABILITY,,ABILITY,2,0,121,200,320,2,True,4,6,True,True,1,1,1,345,130,5,345,130,5,False,False,Superb Scissors,120,False
92654952,570.9,LOSS,True,75,9,TO_HAND,2,RESOURCE_MANAGEMENT,,,CARD,0,0,121,200,320,2,True,4,6,False,True,1,1,1,345,130,5,345,130,5,False,False,Superb Scissors,120,False
92654952,570.9,LOSS,True,76,9,MAIN,14,ENERGY_MANAGEMENT,ATTACH_ENERGY,,ATTACH,2,0,121,200,320,2,True,4,6,True,True,1,1,1,345,130,5,345,130,5,False,False,Superb Scissors,120,False
92654952,570.9,LOSS,True,77,9,MAIN,9,RESOURCE_MANAGEMENT,PLAY_SUPPORTER,1227,PLAY,2,0,121,200,320,2,True,4,6,True,True,1,1,1,345,130,5,345,130,5,False,False,Superb Scissors,120,False
92654952,570.9,LOSS,True,78,9,MAIN,10,ATTACK_SELECTION,ATTACK,,ATTACK,2,1,121,200,320,2,True,4,6,True,True,1,1,1,345,130,5,345,130,5,False,False,Superb Scissors,120,False
92654952,570.9,LOSS,True,79,9,DAMAGE_COUNTER_ANY,3,TARGET_SELECTION,,,CARD,0,0,121,200,320,2,True,4,6,False,True,1,1,1,345,130,5,345,130,5,False,False,Superb Scissors,120,False
92654952,570.9,LOSS,True,80,9,DAMAGE_COUNTER_ANY,3,TARGET_SELECTION,,,CARD,0,0,121,200,320,2,True,4,6,False,True,1,1,1,345,130,5,345,130,5,False,False,Superb Scissors,120,False
92654952,570.9,LOSS,True,81,9,DAMAGE_COUNTER_ANY,3,TARGET_SELECTION,,,CARD,0,0,121,200,320,2,True,4,6,False,True,1,1,1,345,130,5,345,130,5,False,False,Superb Scissors,120,False
92654952,570.9,LOSS,True,82,9,DAMAGE_COUNTER_ANY,3,TARGET_SELECTION,,,CARD,0,0,121,200,320,2,True,4,6,False,True,1,1,1,345,130,5,345,130,5,False,False,Superb Scissors,120,False
92654952,570.9,LOSS,True,83,9,DAMAGE_COUNTER_ANY,3,TARGET_SELECTION,,,CARD,0,0,121,200,320,2,True,4,6,False,True,1,1,1,345,130,5,345,130,5,False,False,Superb Scissors,120,False
92654952,570.9,LOSS,True,84,9,DAMAGE_COUNTER_ANY,3,TARGET_SELECTION,,,CARD,0,0,121,200,320,2,True,4,6,False,True,1,1,1,345,130,5,345,130,5,False,False,Superb Scissors,120,False
92654952,570.9,LOSS,True,85,9,TO_HAND,6,RESOURCE_MANAGEMENT,,,,0,0,121,200,320,2,True,4,6,False,True,1,1,1,345,130,5,345,130,5,False,False,Superb Scissors,120,False
92654952,570.9,LOSS,True,86,11,MAIN,23,ENERGY_MANAGEMENT,ATTACH_ENERGY,,ATTACH,2,0,121,80,320,2,True,4,5,True,True,1,1,1,345,130,5,345,130,5,True,False,Superb Scissors,120,False
92654952,570.9,LOSS,True,87,11,MAIN,13,RETREAT_SELECTION,RETREAT,,RETREAT,2,0,121,80,320,2,True,4,5,True,True,1,1,1,345,130,5,345,130,5,True,False,Superb Scissors,120,False
92654952,570.9,LOSS,True,88,11,DISCARD_ENERGY,2,ENERGY_MANAGEMENT,,,ENERGY,0,0,121,80,320,2,True,4,5,False,True,1,1,1,345,130,5,345,130,5,True,False,Superb Scissors,120,False
92654952,570.9,LOSS,True,89,11,SWITCH,4,ACTIVE_POKEMON_SELECTION,,,CARD,0,0,121,80,320,2,True,4,5,False,True,1,1,1,345,130,5,345,130,5,True,False,Superb Scissors,120,False
92654952,570.9,LOSS,True,90,11,MAIN,12,ATTACK_SELECTION,ATTACK,,ATTACK,2,1,121,320,320,2,False,4,5,False,True,1,1,1,345,130,5,345,130,5,False,False,Superb Scissors,120,False
92654952,570.9,LOSS,True,91,11,DAMAGE_COUNTER_ANY,2,TARGET_SELECTION,,,CARD,0,0,121,320,320,2,False,4,5,False,True,1,1,1,345,130,5,345,130,5,False,False,Superb Scissors,120,False
92654952,570.9,LOSS,True,92,11,DAMAGE_COUNTER_ANY,2,TARGET_SELECTION,,,CARD,0,0,121,320,320,2,False,4,5,False,True,1,1,1,345,130,5,345,130,5,False,False,Superb Scissors,120,False
92654952,570.9,LOSS,True,93,11,DAMAGE_COUNTER_ANY,2,TARGET_SELECTION,,,CARD,0,0,121,320,320,2,False,4,5,False,True,1,1,1,345,130,5,345,130,5,False,False,Superb Scissors,120,False
92654952,570.9,LOSS,True,94,11,DAMAGE_COUNTER_ANY,2,TARGET_SELECTION,,,CARD,0,0,121,320,320,2,False,4,5,False,True,1,1,1,345,130,5,345,130,5,False,False,Superb Scissors,120,False
92654952,570.9,LOSS,True,95,11,DAMAGE_COUNTER_ANY,2,TARGET_SELECTION,,,CARD,0,0,121,320,320,2,False,4,5,False,True,1,1,1,345,130,5,345,130,5,False,False,Superb Scissors,120,False
92654952,570.9,LOSS,True,96,11,DAMAGE_COUNTER_ANY,2,TARGET_SELECTION,,,CARD,0,0,121,320,320,2,False,4,5,False,True,1,1,1,345,130,5,345,130,5,False,False,Superb Scissors,120,False
92654952,570.9,LOSS,True,97,11,TO_HAND,5,RESOURCE_MANAGEMENT,,,,0,0,121,320,320,2,False,4,5,False,True,1,1,1,345,130,5,345,130,5,False,False,Superb Scissors,120,False
92654952,570.9,LOSS,True,98,13,MAIN,20,ENERGY_MANAGEMENT,ATTACH_ENERGY,,ATTACH,2,0,121,200,320,2,True,4,4,True,True,1,1,1,345,130,5,345,130,5,False,False,Superb Scissors,120,False
92654952,570.9,LOSS,True,99,13,MAIN,15,RESOURCE_MANAGEMENT,PLAY_SUPPORTER,1227,PLAY,2,0,121,200,320,2,True,4,4,True,True,1,1,1,345,130,5,345,130,5,False,False,Superb Scissors,120,False
92654952,570.9,LOSS,True,100,13,MAIN,8,ATTACK_SELECTION,ATTACK,,ATTACK,2,1,121,200,320,2,True,4,4,True,True,1,1,1,345,130,5,345,130,5,False,False,Superb Scissors,120,False
92654952,570.9,LOSS,True,101,13,DAMAGE_COUNTER_ANY,1,TARGET_SELECTION,,,CARD,0,0,121,200,320,2,True,4,4,False,True,1,1,1,345,130,5,345,130,5,False,False,Superb Scissors,120,False
92654952,570.9,LOSS,True,102,13,DAMAGE_COUNTER_ANY,1,TARGET_SELECTION,,,CARD,0,0,121,200,320,2,True,4,4,False,True,1,1,1,345,130,5,345,130,5,False,False,Superb Scissors,120,False
92654952,570.9,LOSS,True,103,13,DAMAGE_COUNTER_ANY,1,TARGET_SELECTION,,,CARD,0,0,121,200,320,2,True,4,4,False,True,1,1,1,345,130,5,345,130,5,False,False,Superb Scissors,120,False
92654952,570.9,LOSS,True,104,13,DAMAGE_COUNTER_ANY,1,TARGET_SELECTION,,,CARD,0,0,121,200,320,2,True,4,4,False,True,1,1,1,345,130,5,345,130,5,False,False,Superb Scissors,120,False
92654952,570.9,LOSS,True,105,13,DAMAGE_COUNTER_ANY,1,TARGET_SELECTION,,,CARD,0,0,121,200,320,2,True,4,4,False,True,1,1,1,345,130,5,345,130,5,False,False,Superb Scissors,120,False
92654952,570.9,LOSS,True,106,13,DAMAGE_COUNTER_ANY,1,TARGET_SELECTION,,,,0,0,121,200,320,2,True,4,4,False,True,1,1,1,345,130,5,345,130,5,False,False,Superb Scissors,120,False
92654952,570.9,LOSS,True,107,15,MAIN,11,RETREAT_SELECTION,RETREAT,,RETREAT,2,0,121,80,320,2,True,4,4,True,True,1,1,1,345,130,5,345,130,5,True,False,Superb Scissors,120,False
92654952,570.9,LOSS,True,108,15,DISCARD_ENERGY,2,ENERGY_MANAGEMENT,,,ENERGY,0,0,121,80,320,2,True,4,4,False,True,1,1,1,345,130,5,345,130,5,True,False,Superb Scissors,120,False
92654952,570.9,LOSS,True,109,15,SWITCH,4,ACTIVE_POKEMON_SELECTION,,,CARD,0,0,121,80,320,2,True,4,4,False,True,1,1,1,345,130,5,345,130,5,True,False,Superb Scissors,120,False
92654952,570.9,LOSS,True,110,15,MAIN,9,TIMING,,,,1,0,121,80,320,2,True,4,4,False,True,1,1,1,345,130,5,345,130,3,True,False,Superb Scissors,120,False
92654952,570.9,LOSS,True,111,16,TO_ACTIVE,4,ACTIVE_POKEMON_SELECTION,,,CARD,0,0,,,,,False,4,4,False,True,,,1,345,130,3,345,130,3,,,,,True
92654952,570.9,LOSS,True,112,17,MAIN,12,TIMING,,,,1,0,121,80,320,2,True,3,4,True,True,1,1,0,345,130,3,345,130,1,True,False,Superb Scissors,120,False
92654952,570.9,LOSS,True,113,18,TO_ACTIVE,3,ACTIVE_POKEMON_SELECTION,,,CARD,0,0,,,,,False,3,4,False,True,,,0,345,130,1,345,130,1,,,,,True
92654952,570.9,LOSS,True,114,19,MAIN,13,BENCH_MANAGEMENT,EVOLVE,,EVOLVE,0,0,120,90,90,1,False,2,4,True,True,1,1,0,345,130,1,345,130,1,True,False,Superb Scissors,120,False
92654952,570.9,LOSS,True,115,19,MAIN,11,RESOURCE_MANAGEMENT,PLAY_ITEM,1097,PLAY,1,0,121,320,320,2,False,2,4,True,True,1,1,0,345,130,1,345,130,1,False,False,Superb Scissors,120,True
92654952,570.9,LOSS,True,116,19,TO_HAND,13,RESOURCE_MANAGEMENT,,,CARD,0,0,121,320,320,2,False,2,4,False,True,1,1,0,345,130,1,345,130,1,False,False,Superb Scissors,120,False
92654952,570.9,LOSS,True,117,19,MAIN,11,RESOURCE_MANAGEMENT,PLAY_POKEMON,119,PLAY,1,0,121,320,320,2,False,2,4,True,True,1,1,0,345,130,1,345,130,1,False,False,Superb Scissors,120,False
92654952,570.9,LOSS,True,118,19,MAIN,10,TIMING,,,,1,0,121,320,320,2,False,3,4,True,True,1,1,0,345,130,1,345,130,1,False,False,Superb Scissors,120,False
92654952,570.9,LOSS,True,119,21,MAIN,10,TIMING,,,,1,0,121,200,320,2,True,3,4,True,True,1,1,0,345,130,1,345,130,1,False,False,Superb Scissors,120,False
92655907,610.2,LOSS,False,0,,,0,UNKNOWN,,,,0,0,,,,,False,,,False,False,,,0,,,,,,,,,,,False
92655907,610.2,LOSS,False,1,,,0,UNKNOWN,,,,0,0,,,,,False,,,False,False,,,0,,,,,,0,,,,,False
92655907,610.2,LOSS,False,2,0,SETUP_ACTIVE_POKEMON,1,EARLY_GAME_SETUP,,,,0,0,,,,,False,0,0,False,False,,,0,,,0,,,6,,,,,False
92655907,610.2,LOSS,False,3,0,DRAW_COUNT,8,SEARCH_DECISION,,,,0,0,,,,,False,0,6,False,False,,,0,,,6,,,6,,,,,False
92655907,610.2,LOSS,False,4,0,SETUP_BENCH_POKEMON,1,BENCH_MANAGEMENT,,,,0,0,,,,,False,0,6,False,False,,,0,,,6,666,260,6,,,,,False
92655907,610.2,LOSS,False,5,2,MAIN,12,RESOURCE_MANAGEMENT,PLAY_POKEMON,184,PLAY,0,0,119,70,70,1,False,0,6,False,False,1,0,0,666,260,6,666,260,6,False,False,Turbo Flare,50,False
92655907,610.2,LOSS,False,6,2,MAIN,14,RESOURCE_MANAGEMENT,PLAY_ITEM,1086,PLAY,0,0,119,70,70,1,False,1,6,True,True,1,0,0,666,260,6,666,260,6,False,False,Turbo Flare,50,False
92655907,610.2,LOSS,False,7,2,TO_BENCH,5,BENCH_MANAGEMENT,,,CARD;CARD,0,0,119,70,70,1,False,1,6,False,True,1,0,0,666,260,6,666,260,6,False,False,Turbo Flare,50,False
92655907,610.2,LOSS,False,8,2,MAIN,17,RESOURCE_MANAGEMENT,PLAY_ITEM,1086,PLAY,0,0,119,70,70,1,False,3,6,True,True,1,0,1,666,260,6,666,260,6,False,False,Turbo Flare,50,False
92655907,610.2,LOSS,False,9,2,TO_BENCH,3,BENCH_MANAGEMENT,,,CARD;CARD,0,0,119,70,70,1,False,3,6,False,True,1,0,1,666,260,6,666,260,6,False,False,Turbo Flare,50,False
92655907,610.2,LOSS,False,10,2,MAIN,20,RESOURCE_MANAGEMENT,PLAY_ITEM,1120,PLAY,0,0,119,70,70,1,False,5,6,True,True,1,0,1,666,260,6,666,260,6,False,False,Turbo Flare,50,False
92655907,610.2,LOSS,False,11,2,DISCARD_ENERGY,1,ENERGY_MANAGEMENT,,,ENERGY,0,0,119,70,70,1,False,5,6,False,True,1,0,1,666,260,6,666,260,6,False,False,Turbo Flare,50,False
92655907,610.2,LOSS,False,12,2,MAIN,19,ENERGY_MANAGEMENT,ATTACH_ENERGY,,ATTACH,0,0,119,70,70,1,False,5,6,True,True,1,0,1,666,260,6,666,260,6,False,False,,,False
92655907,610.2,LOSS,False,13,2,MAIN,7,RESOURCE_MANAGEMENT,PLAY_SUPPORTER,1227,PLAY,0,0,119,70,70,1,False,5,6,True,True,1,0,1,666,260,6,666,260,6,False,False,,,False
92655907,610.2,LOSS,False,14,2,MAIN,8,ENERGY_MANAGEMENT,ATTACH_ENERGY,,ATTACH,0,0,119,70,70,1,False,5,6,True,True,1,0,1,666,260,6,666,260,6,False,False,,,False
92655907,610.2,LOSS,False,15,2,MAIN,2,RETREAT_SELECTION,RETREAT,,RETREAT,0,0,119,70,70,1,False,5,6,True,True,1,0,1,666,260,6,666,260,6,False,False,,,False
92655907,610.2,LOSS,False,16,2,SWITCH,5,ACTIVE_POKEMON_SELECTION,,,CARD,0,0,119,70,70,1,False,5,6,False,True,1,0,1,666,260,6,666,260,6,False,False,,,False
92655907,610.2,LOSS,False,17,2,MAIN,2,TIMING,,,,1,0,235,30,30,1,False,5,6,False,True,0,0,0,666,260,6,666,250,5,False,True,,,True
92655907,610.2,LOSS,False,18,3,TO_ACTIVE,5,ACTIVE_POKEMON_SELECTION,,,CARD,0,0,,,,,False,5,6,False,True,,,0,666,250,5,666,250,5,,,,,True
92655907,610.2,LOSS,False,19,4,MAIN,17,ENERGY_MANAGEMENT,ATTACH_ENERGY,,ATTACH,0,0,119,70,70,1,False,4,6,True,True,1,1,0,666,250,5,666,250,5,False,False,,,False
92655907,610.2,LOSS,False,20,4,MAIN,7,RESOURCE_MANAGEMENT,PLAY_SUPPORTER,1227,PLAY,0,0,119,70,70,1,False,4,6,True,True,1,1,1,666,250,5,666,250,5,False,False,,,False
92655907,610.2,LOSS,False,21,4,MAIN,10,RESOURCE_MANAGEMENT,PLAY_ITEM,1097,PLAY,0,0,119,70,70,1,False,4,6,True,True,1,1,1,666,250,5,666,250,5,False,False,,,False
92655907,610.2,LOSS,False,22,4,TO_HAND,1,RESOURCE_MANAGEMENT,,,CARD,0,0,119,70,70,1,False,4,6,False,True,1,1,1,666,250,5,666,250,5,False,False,,,False
92655907,610.2,LOSS,False,23,4,MAIN,9,RESOURCE_MANAGEMENT,PLAY_POKEMON,235,PLAY,0,0,119,70,70,1,False,4,6,True,True,1,1,1,666,250,5,666,250,5,False,False,,,False
92655907,610.2,LOSS,False,24,4,MAIN,8,RESOURCE_MANAGEMENT,PLAY_ITEM,1120,PLAY,0,0,119,70,70,1,False,5,6,True,True,1,1,2,666,250,5,666,250,5,False,False,,,False
92655907,610.2,LOSS,False,25,4,DISCARD_ENERGY,3,ENERGY_MANAGEMENT,,,ENERGY,0,0,119,70,70,1,False,5,6,False,True,1,1,2,666,250,5,666,250,5,False,False,,,False
92655907,610.2,LOSS,False,26,4,MAIN,7,BENCH_MANAGEMENT,EVOLVE,,EVOLVE,0,0,119,70,70,1,False,5,6,True,True,1,1,2,666,250,5,666,250,5,False,False,,,False
92655907,610.2,LOSS,False,27,4,MAIN,4,RESOURCE_MANAGEMENT,ABILITY,,ABILITY,0,0,120,90,90,1,False,5,6,True,True,1,1,2,666,250,5,666,250,5,False,False,,,True
92655907,610.2,LOSS,False,28,4,TO_HAND,2,RESOURCE_MANAGEMENT,,,CARD,0,0,120,90,90,1,False,5,6,False,True,1,1,2,666,250,5,666,250,5,False,False,,,False
92655907,610.2,LOSS,False,29,4,MAIN,6,BENCH_MANAGEMENT,EVOLVE,,EVOLVE,0,0,120,90,90,1,False,5,6,True,True,1,1,2,666,250,5,666,250,5,False,False,,,False
92655907,610.2,LOSS,False,30,4,MAIN,4,RESOURCE_MANAGEMENT,ABILITY,,ABILITY,0,0,120,90,90,1,False,5,6,True,True,1,1,1,666,250,5,666,250,5,False,False,,,False
92655907,610.2,LOSS,False,31,4,TO_HAND,2,RESOURCE_MANAGEMENT,,,CARD,0,0,120,90,90,1,False,5,6,False,True,1,1,1,666,250,5,666,250,5,False,False,,,False
92655907,610.2,LOSS,False,32,4,MAIN,4,RESOURCE_MANAGEMENT,PLAY_ITEM,1152,PLAY,0,0,120,90,90,1,False,5,6,True,True,1,1,1,666,250,5,666,250,5,False,False,,,False
92655907,610.2,LOSS,False,33,4,TO_HAND,3,RESOURCE_MANAGEMENT,,,CARD,0,0,120,90,90,1,False,5,6,False,True,1,1,1,666,250,5,666,250,5,False,False,,,False
92655907,610.2,LOSS,False,34,4,MAIN,5,BENCH_MANAGEMENT,EVOLVE,,EVOLVE,0,0,120,90,90,1,False,5,6,True,True,1,1,1,666,250,5,666,250,5,False,False,,,False
92655907,610.2,LOSS,False,35,4,MAIN,4,RESOURCE_MANAGEMENT,ABILITY,,ABILITY,0,0,120,90,90,1,False,5,6,True,True,1,1,1,666,250,5,666,250,5,False,False,,,False
92655907,610.2,LOSS,False,36,4,TO_HAND,2,RESOURCE_MANAGEMENT,,,CARD,0,0,120,90,90,1,False,5,6,False,True,1,1,1,666,250,5,666,250,5,False,False,,,False
92655907,610.2,LOSS,False,37,4,MAIN,3,RETREAT_SELECTION,RETREAT,,RETREAT,0,0,120,90,90,1,False,5,6,True,True,1,1,1,666,250,5,666,250,5,False,False,,,False
92655907,610.2,LOSS,False,38,4,DISCARD_ENERGY,1,ENERGY_MANAGEMENT,,,ENERGY,0,0,120,90,90,1,False,5,6,False,True,1,1,1,666,250,5,666,250,5,False,False,,,False
92655907,610.2,LOSS,False,39,4,SWITCH,5,ACTIVE_POKEMON_SELECTION,,,CARD,0,0,120,90,90,1,False,5,6,False,True,1,0,1,666,250,5,666,250,5,False,False,,,False
92655907,610.2,LOSS,False,40,4,MAIN,4,TIMING,,,,1,0,235,30,30,1,False,5,6,False,True,0,0,0,666,250,5,1031,330,4,False,True,,,True
92655907,610.2,LOSS,False,41,5,TO_ACTIVE,5,ACTIVE_POKEMON_SELECTION,,,CARD,0,0,,,,,False,5,6,False,True,,,0,1031,330,4,1031,330,4,,,,,True
92655907,610.2,LOSS,False,42,6,MAIN,20,RESOURCE_MANAGEMENT,ABILITY,,ABILITY,0,0,120,90,90,1,False,4,6,True,True,1,1,0,1031,330,4,1031,330,4,True,False,Jetting Blow,120,False
92655907,610.2,LOSS,False,43,6,TO_HAND,2,RESOURCE_MANAGEMENT,,,CARD,0,0,120,90,90,1,False,4,6,False,True,1,1,0,1031,330,4,1031,330,4,True,False,Jetting Blow,120,False
92655907,610.2,LOSS,False,44,6,MAIN,20,RESOURCE_MANAGEMENT,ABILITY,,ABILITY,0,0,120,90,90,1,False,4,6,True,True,1,1,0,1031,330,4,1031,330,4,True,False,Jetting Blow,120,False
92655907,610.2,LOSS,False,45,6,TO_HAND,2,RESOURCE_MANAGEMENT,,,CARD,0,0,120,90,90,1,False,4,6,False,True,1,1,0,1031,330,4,1031,330,4,True,False,Jetting Blow,120,False
92655907,610.2,LOSS,False,46,6,MAIN,20,RESOURCE_MANAGEMENT,ABILITY,,ABILITY,0,0,120,90,90,1,False,4,6,True,True,1,1,0,1031,330,4,1031,330,4,True,False,Jetting Blow,120,False
92655907,610.2,LOSS,False,47,6,TO_HAND,2,RESOURCE_MANAGEMENT,,,CARD,0,0,120,90,90,1,False,4,6,False,True,1,1,0,1031,330,4,1031,330,4,True,False,Jetting Blow,120,False
92655907,610.2,LOSS,False,48,6,MAIN,20,ENERGY_MANAGEMENT,ATTACH_ENERGY,,ATTACH,0,0,120,90,90,1,False,4,6,True,True,1,1,0,1031,330,4,1031,330,4,True,False,Jetting Blow,120,False
92655907,610.2,LOSS,False,49,6,MAIN,10,RESOURCE_MANAGEMENT,PLAY_SUPPORTER,1227,PLAY,0,0,120,90,90,1,False,4,6,True,True,1,1,1,1031,330,4,1031,330,4,True,False,Jetting Blow,120,False
92655907,610.2,LOSS,False,50,6,MAIN,6,RESOURCE_MANAGEMENT,PLAY_POKEMON,140,PLAY,0,0,120,90,90,1,False,4,6,True,True,1,1,1,1031,330,4,1031,330,4,True,False,Jetting Blow,120,False
92655907,610.2,LOSS,False,51,6,MAIN,5,RESOURCE_MANAGEMENT,PLAY_ITEM,1121,PLAY,0,0,120,90,90,1,False,5,6,True,True,1,1,1,1031,330,4,1031,330,4,True,False,Jetting Blow,120,False
92655907,610.2,LOSS,False,52,6,DISCARD,6,RESOURCE_MANAGEMENT,,,CARD;CARD,0,0,120,90,90,1,False,5,6,False,True,1,1,1,1031,330,4,1031,330,4,True,False,Jetting Blow,120,False
92655907,610.2,LOSS,False,53,6,TO_HAND,6,RESOURCE_MANAGEMENT,,,CARD,0,0,120,90,90,1,False,5,6,False,True,1,1,1,1031,330,4,1031,330,4,True,False,Jetting Blow,120,False
92655907,610.2,LOSS,False,54,6,MAIN,7,BENCH_MANAGEMENT,EVOLVE,,EVOLVE,0,0,120,90,90,1,False,5,6,True,True,1,1,1,1031,330,4,1031,330,4,True,False,Jetting Blow,120,False
92655907,610.2,LOSS,False,55,6,MAIN,5,RESOURCE_MANAGEMENT,PLAY_ITEM,1120,PLAY,1,0,121,320,320,2,False,5,6,True,True,1,1,1,1031,330,4,1031,330,4,False,False,Jetting Blow,120,True
92655907,610.2,LOSS,False,56,6,MAIN,4,RESOURCE_MANAGEMENT,ABILITY,,ABILITY,1,0,121,320,320,2,False,5,6,True,True,1,1,1,1031,330,4,1031,330,4,False,False,Jetting Blow,120,False
92655907,610.2,LOSS,False,57,6,MAIN,5,TIMING,,,,1,0,121,320,320,2,False,5,6,True,True,1,1,1,1031,330,4,1031,330,4,False,False,Jetting Blow,120,False
92655907,610.2,LOSS,False,58,8,MAIN,19,RESOURCE_MANAGEMENT,PLAY_ITEM,1079,PLAY,1,0,121,200,320,2,True,5,6,True,True,1,1,1,1031,330,4,1031,330,4,False,False,Jetting Blow,120,False
92655907,610.2,LOSS,False,59,8,EVOLVE,1,BENCH_MANAGEMENT,,,EVOLVE,0,0,121,200,320,2,True,5,6,False,True,1,1,1,1031,330,4,1031,330,4,False,False,Jetting Blow,120,False
92655907,610.2,LOSS,False,60,8,MAIN,15,RESOURCE_MANAGEMENT,PLAY_ITEM,1121,PLAY,1,0,121,200,320,2,True,5,6,True,True,1,1,1,1031,330,4,1031,330,4,False,False,Jetting Blow,120,False
92655907,610.2,LOSS,False,61,8,DISCARD,6,RESOURCE_MANAGEMENT,,,CARD;CARD,0,0,121,200,320,2,True,5,6,False,True,1,1,1,1031,330,4,1031,330,4,False,False,Jetting Blow,120,False
92655907,610.2,LOSS,False,62,8,TO_HAND,4,RESOURCE_MANAGEMENT,,,CARD,0,0,121,200,320,2,True,5,6,False,True,1,1,1,1031,330,4,1031,330,4,False,False,Jetting Blow,120,False
92655907,610.2,LOSS,False,63,8,MAIN,14,RESOURCE_MANAGEMENT,ABILITY,,ABILITY,1,0,121,200,320,2,True,5,6,True,True,1,1,1,1031,330,4,1031,330,4,False,False,Jetting Blow,120,False
92655907,610.2,LOSS,False,64,8,TO_HAND,2,RESOURCE_MANAGEMENT,,,CARD,0,0,121,200,320,2,True,5,6,False,True,1,1,1,1031,330,4,1031,330,4,False,False,Jetting Blow,120,False
92655907,610.2,LOSS,False,65,8,MAIN,14,RESOURCE_MANAGEMENT,ABILITY,,ABILITY,1,0,121,200,320,2,True,5,6,True,True,1,1,1,1031,330,4,1031,330,4,False,False,Jetting Blow,120,False
92655907,610.2,LOSS,False,66,8,TO_HAND,2,RESOURCE_MANAGEMENT,,,CARD,0,0,121,200,320,2,True,5,6,False,True,1,1,1,1031,330,4,1031,330,4,False,False,Jetting Blow,120,False
92655907,610.2,LOSS,False,67,8,MAIN,14,RESOURCE_MANAGEMENT,PLAY_SUPPORTER,1198,PLAY,1,0,121,200,320,2,True,5,6,True,True,1,1,1,1031,330,4,1031,330,4,False,False,Jetting Blow,120,False
92655907,610.2,LOSS,False,68,8,TO_HAND,3,RESOURCE_MANAGEMENT,,,CARD,0,0,121,200,320,2,True,5,6,False,True,1,1,1,1031,330,4,1031,330,4,False,False,Jetting Blow,120,False
92655907,610.2,LOSS,False,69,8,ATTACH_TO,2,ENERGY_MANAGEMENT,,,CARD,0,0,121,200,320,2,True,5,6,False,True,1,1,1,1031,330,4,1031,330,4,False,False,Jetting Blow,120,False
92655907,610.2,LOSS,False,70,8,ATTACH_FROM,6,ENERGY_MANAGEMENT,,,CARD,0,0,121,200,320,2,True,5,6,False,True,1,1,1,1031,330,4,1031,330,4,False,False,Jetting Blow,120,False
92655907,610.2,LOSS,False,71,8,MAIN,18,ENERGY_MANAGEMENT,ATTACH_ENERGY,,ATTACH,2,0,121,200,320,2,True,5,6,True,True,1,1,1,1031,330,4,1031,330,4,False,False,Jetting Blow,120,False
92655907,610.2,LOSS,False,72,8,MAIN,6,ATTACK_SELECTION,ATTACK,,ATTACK,2,1,121,200,320,2,True,5,6,True,True,1,1,1,1031,330,4,1031,130,4,False,False,Jetting Blow,120,False
92655907,610.2,LOSS,False,73,8,DAMAGE_COUNTER_ANY,2,TARGET_SELECTION,,,CARD,0,0,121,200,320,2,True,5,6,False,True,1,1,1,1031,130,4,1031,130,4,False,False,Jetting Blow,120,False
92655907,610.2,LOSS,False,74,8,DAMAGE_COUNTER_ANY,2,TARGET_SELECTION,,,CARD,0,0,121,200,320,2,True,5,6,False,True,1,1,1,1031,130,4,1031,130,4,False,False,Jetting Blow,120,False
92655907,610.2,LOSS,False,75,8,DAMAGE_COUNTER_ANY,2,TARGET_SELECTION,,,CARD,0,0,121,200,320,2,True,5,6,False,True,1,1,1,1031,130,4,1031,130,4,False,False,Jetting Blow,120,False
92655907,610.2,LOSS,False,76,8,DAMAGE_COUNTER_ANY,2,TARGET_SELECTION,,,CARD,0,0,121,200,320,2,True,5,6,False,True,1,1,1,1031,130,4,1031,130,4,False,False,Jetting Blow,120,False
92655907,610.2,LOSS,False,77,8,DAMAGE_COUNTER_ANY,2,TARGET_SELECTION,,,CARD,0,0,121,200,320,2,True,5,6,False,True,1,1,1,1031,130,4,1031,130,4,False,False,Jetting Blow,120,False
92655907,610.2,LOSS,False,78,8,DAMAGE_COUNTER_ANY,2,TARGET_SELECTION,,,,0,0,121,200,320,2,True,5,6,False,True,1,1,1,1031,130,4,1031,130,2,False,False,Jetting Blow,120,False
92655907,610.2,LOSS,False,79,9,TO_ACTIVE,5,ACTIVE_POKEMON_SELECTION,,,CARD,0,0,,,,,False,5,6,False,True,,,1,1031,130,2,1031,130,2,,,,,True
92655907,610.2,LOSS,False,80,10,MAIN,22,RESOURCE_MANAGEMENT,ABILITY,,ABILITY,1,0,121,320,320,2,False,4,6,True,True,1,1,0,1031,130,2,1031,130,2,False,False,Jetting Blow,120,False
92655907,610.2,LOSS,False,81,10,TO_HAND,2,RESOURCE_MANAGEMENT,,,CARD,0,0,121,320,320,2,False,4,6,False,True,1,1,0,1031,130,2,1031,130,2,False,False,Jetting Blow,120,False
92655907,610.2,LOSS,False,82,10,MAIN,22,ENERGY_MANAGEMENT,ATTACH_ENERGY,,ATTACH,1,0,121,320,320,2,False,4,6,True,True,1,1,0,1031,130,2,1031,130,2,False,False,Jetting Blow,120,False
92655907,610.2,LOSS,False,83,10,MAIN,13,ATTACK_SELECTION,ATTACK,,ATTACK,2,1,121,320,320,2,False,4,6,True,True,1,1,0,1031,130,2,1031,0,2,False,False,Jetting Blow,120,False
92655907,610.2,LOSS,False,84,10,DAMAGE_COUNTER_ANY,2,TARGET_SELECTION,,,CARD,0,0,121,320,320,2,False,4,6,False,True,1,1,0,1031,0,2,1031,0,2,False,False,Jetting Blow,120,False
92655907,610.2,LOSS,False,85,10,DAMAGE_COUNTER_ANY,2,TARGET_SELECTION,,,CARD,0,0,121,320,320,2,False,4,6,False,True,1,1,0,1031,0,2,1031,0,2,False,False,Jetting Blow,120,False
92655907,610.2,LOSS,False,86,10,DAMAGE_COUNTER_ANY,2,TARGET_SELECTION,,,CARD,0,0,121,320,320,2,False,4,6,False,True,1,1,0,1031,0,2,1031,0,2,False,False,Jetting Blow,120,False
92655907,610.2,LOSS,False,87,10,DAMAGE_COUNTER_ANY,2,TARGET_SELECTION,,,CARD,0,0,121,320,320,2,False,4,6,False,True,1,1,0,1031,0,2,1031,0,2,False,False,Jetting Blow,120,False
92655907,610.2,LOSS,False,88,10,DAMAGE_COUNTER_ANY,2,TARGET_SELECTION,,,CARD,0,0,121,320,320,2,False,4,6,False,True,1,1,0,1031,0,2,1031,0,2,False,False,Jetting Blow,120,False
92655907,610.2,LOSS,False,89,10,DAMAGE_COUNTER_ANY,2,TARGET_SELECTION,,,CARD,0,0,121,320,320,2,False,4,6,False,True,1,1,0,1031,0,2,,,2,False,False,Jetting Blow,120,False
92655907,610.2,LOSS,False,90,10,TO_HAND,6,RESOURCE_MANAGEMENT,,,CARD;CARD;CARD,0,0,121,320,320,2,False,4,6,False,True,1,1,0,,,2,,,2,,,,,False
92655907,610.2,LOSS,False,91,10,TO_HAND,3,RESOURCE_MANAGEMENT,,,,0,0,121,320,320,2,False,4,3,False,True,1,1,0,,,2,666,190,2,,,,,False
92655907,610.2,LOSS,False,92,12,MAIN,22,ENERGY_MANAGEMENT,ATTACH_ENERGY,,ATTACH,2,0,121,270,320,2,True,4,2,True,True,1,1,0,666,190,2,666,190,2,False,False,Turbo Flare,50,False
92655907,610.2,LOSS,False,93,12,MAIN,17,ATTACK_SELECTION,ATTACK,,ATTACK,2,1,121,270,320,2,True,4,2,True,True,1,1,0,666,190,2,666,0,2,False,False,Turbo Flare,50,False
92655907,610.2,LOSS,False,94,12,DAMAGE_COUNTER_ANY,1,TARGET_SELECTION,,,CARD,0,0,121,270,320,2,True,4,2,False,True,1,1,0,666,0,2,666,0,2,False,False,Turbo Flare,50,False
92655907,610.2,LOSS,False,95,12,DAMAGE_COUNTER_ANY,1,TARGET_SELECTION,,,CARD,0,0,121,270,320,2,True,4,2,False,True,1,1,0,666,0,2,666,0,2,False,False,Turbo Flare,50,False
92655907,610.2,LOSS,False,96,12,DAMAGE_COUNTER_ANY,1,TARGET_SELECTION,,,CARD,0,0,121,270,320,2,True,4,2,False,True,1,1,0,666,0,2,666,0,2,False,False,Turbo Flare,50,False
92655907,610.2,LOSS,False,97,12,DAMAGE_COUNTER_ANY,1,TARGET_SELECTION,,,CARD,0,0,121,270,320,2,True,4,2,False,True,1,1,0,666,0,2,666,0,2,False,False,Turbo Flare,50,False
92655907,610.2,LOSS,False,98,12,DAMAGE_COUNTER_ANY,1,TARGET_SELECTION,,,CARD,0,0,121,270,320,2,True,4,2,False,True,1,1,0,666,0,2,666,0,2,False,False,Turbo Flare,50,False
92655907,610.2,LOSS,False,99,12,DAMAGE_COUNTER_ANY,1,TARGET_SELECTION,,,CARD,0,0,121,270,320,2,True,4,2,False,True,1,1,0,666,0,2,,,2,False,False,Turbo Flare,50,False
92655907,610.2,LOSS,False,100,12,TO_HAND,2,RESOURCE_MANAGEMENT,,,,0,0,121,270,320,2,True,4,2,False,True,1,1,0,,,2,1031,270,2,,,,,False
92655907,610.2,LOSS,False,101,14,MAIN,21,ENERGY_MANAGEMENT,ATTACH_ENERGY,,ATTACH,2,0,121,60,320,2,True,4,1,True,True,1,1,0,1031,270,2,1031,270,2,True,False,Nebula Beam,210,False
92655907,610.2,LOSS,False,102,14,MAIN,16,RETREAT_SELECTION,RETREAT,,RETREAT,2,0,121,60,320,2,True,4,1,True,True,1,1,1,1031,270,2,1031,270,2,True,False,Nebula Beam,210,False
92655907,610.2,LOSS,False,103,14,DISCARD_ENERGY,2,ENERGY_MANAGEMENT,,,ENERGY,0,0,121,60,320,2,True,4,1,False,True,1,1,1,1031,270,2,1031,270,2,True,False,Nebula Beam,210,False
92655907,610.2,LOSS,False,104,14,SWITCH,4,ACTIVE_POKEMON_SELECTION,,,CARD,0,0,121,60,320,2,True,4,1,False,True,1,1,1,1031,270,2,1031,270,2,True,False,Nebula Beam,210,False
92655907,610.2,LOSS,False,105,14,MAIN,14,TIMING,,,,1,0,120,90,90,1,False,4,1,False,True,1,1,1,1031,270,2,1031,330,1,True,False,Nebula Beam,210,True
92655907,610.2,LOSS,False,106,15,TO_ACTIVE,4,ACTIVE_POKEMON_SELECTION,,,CARD,0,0,,,,,False,4,1,False,True,,,1,1031,330,1,1031,330,1,,,,,True
92655907,610.2,LOSS,False,107,16,MAIN,17,RESOURCE_MANAGEMENT,PLAY_ITEM,1097,PLAY,1,0,121,60,320,2,True,3,1,True,True,1,1,0,1031,330,1,1031,330,1,True,False,Jetting Blow,120,False
92655907,610.2,LOSS,False,108,16,TO_HAND,12,RESOURCE_MANAGEMENT,,,CARD,0,0,121,60,320,2,True,3,1,False,True,1,1,0,1031,330,1,1031,330,1,True,False,Jetting Blow,120,False
92655907,610.2,LOSS,False,109,16,MAIN,17,RESOURCE_MANAGEMENT,PLAY_POKEMON,119,PLAY,1,0,121,60,320,2,True,3,1,True,True,1,1,0,1031,330,1,1031,330,1,True,False,Jetting Blow,120,False
92655907,610.2,LOSS,False,110,16,MAIN,16,RESOURCE_MANAGEMENT,PLAY_ITEM,1080,PLAY,1,0,121,60,320,2,True,4,1,True,True,1,1,0,1031,330,1,1031,330,1,True,False,Jetting Blow,120,False
92655907,610.2,LOSS,False,111,16,MAIN,10,RESOURCE_MANAGEMENT,PLAY_ITEM,1152,PLAY,1,0,121,60,320,2,True,4,1,True,True,1,1,0,1031,330,1,1031,330,1,True,False,Jetting Blow,120,False
92655907,610.2,LOSS,False,112,16,TO_HAND,2,RESOURCE_MANAGEMENT,,,CARD,0,0,121,60,320,2,True,4,1,False,True,1,1,0,1031,330,1,1031,330,1,True,False,Jetting Blow,120,False
92655907,610.2,LOSS,False,113,16,MAIN,9,RESOURCE_MANAGEMENT,ABILITY,,ABILITY,1,0,121,60,320,2,True,4,1,True,True,1,1,0,1031,330,1,1031,330,1,True,False,Jetting Blow,120,False
92655907,610.2,LOSS,False,114,16,TO_HAND,2,RESOURCE_MANAGEMENT,,,CARD,0,0,121,60,320,2,True,4,1,False,True,1,1,0,1031,330,1,1031,330,1,True,False,Jetting Blow,120,False
92655907,610.2,LOSS,False,115,16,MAIN,9,RESOURCE_MANAGEMENT,ABILITY,,ABILITY,1,0,121,60,320,2,True,4,1,True,True,1,1,0,1031,330,1,1031,330,1,True,False,Jetting Blow,120,False
92656873,520.7,LOSS,True,0,,,0,UNKNOWN,,,,0,0,,,,,False,,,False,False,,,0,,,,,,,,,,,False
92656873,520.7,LOSS,True,1,,,0,UNKNOWN,,,,0,0,,,,,False,,,False,False,,,0,,,,,,0,,,,,False
92656873,520.7,LOSS,True,2,0,IS_FIRST,2,GOING_FIRST_SECOND,,,YES,0,0,,,,,False,0,0,False,False,,,0,,,0,,,0,,,,,False
92656873,520.7,LOSS,True,3,0,SETUP_ACTIVE_POKEMON,2,EARLY_GAME_SETUP,,,,0,0,,,,,False,0,0,False,False,,,0,,,0,,,6,,,,,False
92656873,520.7,LOSS,True,4,0,SETUP_BENCH_POKEMON,1,BENCH_MANAGEMENT,,,,0,0,,,,,False,0,6,False,False,,,0,,,6,722,90,6,,,,,False
92656873,520.7,LOSS,True,5,1,MAIN,6,RESOURCE_MANAGEMENT,PLAY_STADIUM,1256,PLAY,0,0,235,30,30,1,False,0,6,False,False,0,0,0,722,90,6,722,90,6,False,False,,,False
92656873,520.7,LOSS,True,6,1,MAIN,5,RESOURCE_MANAGEMENT,PLAY_POKEMON,119,PLAY,0,0,235,30,30,1,False,0,6,False,False,0,0,0,722,90,6,722,90,6,False,False,,,False
92656873,520.7,LOSS,True,7,1,MAIN,6,RESOURCE_MANAGEMENT,PLAY_ITEM,1152,PLAY,0,0,235,30,30,1,False,1,6,True,True,0,0,0,722,90,6,722,90,6,False,False,,,False
92656873,520.7,LOSS,True,8,1,TO_HAND,7,RESOURCE_MANAGEMENT,,,CARD,0,0,235,30,30,1,False,1,6,False,True,0,0,0,722,90,6,722,90,6,False,False,,,False
92656873,520.7,LOSS,True,9,1,MAIN,6,RESOURCE_MANAGEMENT,PLAY_POKEMON,119,PLAY,0,0,235,30,30,1,False,1,6,True,True,0,0,0,722,90,6,722,90,6,False,False,,,False
92656873,520.7,LOSS,True,10,1,MAIN,6,ENERGY_MANAGEMENT,ATTACH_ENERGY,,ATTACH,0,0,235,30,30,1,False,2,6,True,True,0,0,0,722,90,6,722,90,6,False,False,,,False
92656873,520.7,LOSS,True,11,1,MAIN,3,TIMING,,,,0,0,235,30,30,1,False,2,6,True,True,0,0,0,722,90,6,722,90,6,False,False,,,False
92656873,520.7,LOSS,True,12,3,MAIN,5,RESOURCE_MANAGEMENT,PLAY_ITEM,1120,PLAY,1,0,235,20,30,1,True,2,6,True,True,0,0,0,722,90,6,722,90,6,False,True,Beat,10,False
92656873,520.7,LOSS,True,13,3,DISCARD_ENERGY,1,ENERGY_MANAGEMENT,,,ENERGY,0,0,235,20,30,1,True,2,6,False,True,0,0,0,722,90,6,722,90,6,False,True,Beat,10,False
92656873,520.7,LOSS,True,14,3,MAIN,4,TIMING,,,,1,0,235,20,30,1,True,2,6,True,True,0,0,0,722,90,6,723,340,6,False,False,,,False
92656873,520.7,LOSS,True,15,5,MAIN,5,RESOURCE_MANAGEMENT,PLAY_ITEM,1086,PLAY,1,0,235,20,30,1,True,2,6,True,True,0,0,0,723,340,6,723,340,6,False,False,,,False
92656873,520.7,LOSS,True,16,5,TO_BENCH,3,BENCH_MANAGEMENT,,,CARD;CARD,0,0,235,20,30,1,True,2,6,False,True,0,0,0,723,340,6,723,340,6,False,False,,,False
92656873,520.7,LOSS,True,17,5,MAIN,4,TIMING,,,,1,0,235,20,30,1,True,4,6,True,True,0,0,0,723,340,6,723,330,5,False,False,,,False
92656873,520.7,LOSS,True,18,6,TO_ACTIVE,4,ACTIVE_POKEMON_SELECTION,,,CARD,0,0,,,,,False,4,6,False,True,,,0,723,330,5,723,330,5,,,,,True
92656873,520.7,LOSS,True,19,7,MAIN,4,RESOURCE_MANAGEMENT,PLAY_ITEM,1097,PLAY,0,0,119,70,70,1,False,3,6,True,True,1,1,0,723,330,5,723,330,5,False,True,Hammer-lanche,0,False
92656873,520.7,LOSS,True,20,7,TO_HAND,1,RESOURCE_MANAGEMENT,,,CARD,0,0,119,70,70,1,False,3,6,False,True,1,1,0,723,330,5,723,330,5,False,True,Hammer-lanche,0,False
92656873,520.7,LOSS,True,21,7,MAIN,4,RESOURCE_MANAGEMENT,PLAY_POKEMON,235,PLAY,0,0,119,70,70,1,False,3,6,True,True,1,1,0,723,330,5,723,330,5,False,True,Hammer-lanche,0,False
92656873,520.7,LOSS,True,22,7,MAIN,3,RETREAT_SELECTION,RETREAT,,RETREAT,0,0,119,70,70,1,False,4,6,True,True,1,1,1,723,330,5,723,330,5,False,True,Hammer-lanche,0,False
92656873,520.7,LOSS,True,23,7,DISCARD_ENERGY,1,ENERGY_MANAGEMENT,,,ENERGY,0,0,119,70,70,1,False,4,6,False,True,1,1,1,723,330,5,723,330,5,False,True,Hammer-lanche,0,False
92656873,520.7,LOSS,True,24,7,SWITCH,4,ACTIVE_POKEMON_SELECTION,,,CARD,0,0,119,70,70,1,False,4,6,False,True,1,0,1,723,330,5,723,330,5,False,True,Hammer-lanche,0,False
92656873,520.7,LOSS,True,25,7,MAIN,3,TIMING,,,,1,0,235,30,30,1,False,4,6,False,True,0,0,0,723,330,5,723,320,4,False,True,Hammer-lanche,0,True
92656873,520.7,LOSS,True,26,8,TO_ACTIVE,4,ACTIVE_POKEMON_SELECTION,,,CARD,0,0,,,,,False,4,6,False,True,,,0,723,320,4,723,320,4,,,,,True
92656873,520.7,LOSS,True,27,9,MAIN,4,RESOURCE_MANAGEMENT,PLAY_SUPPORTER,1198,PLAY,0,0,119,70,70,1,False,3,6,False,True,1,0,0,723,320,4,723,320,4,True,False,Frost Barrier,200,False
92656873,520.7,LOSS,True,28,9,TO_HAND,5,RESOURCE_MANAGEMENT,,,CARD,0,0,119,70,70,1,False,3,6,False,True,1,0,0,723,320,4,723,320,4,True,False,Frost Barrier,200,False
92656873,520.7,LOSS,True,29,9,ATTACH_TO,2,ENERGY_MANAGEMENT,,,CARD,0,0,119,70,70,1,False,3,6,False,True,1,0,0,723,320,4,723,320,4,True,False,Frost Barrier,200,False
92656873,520.7,LOSS,True,30,9,ATTACH_FROM,4,ENERGY_MANAGEMENT,,,CARD,0,0,119,70,70,1,False,3,6,False,True,1,0,0,723,320,4,723,320,4,True,False,Frost Barrier,200,False
92656873,520.7,LOSS,True,31,9,MAIN,6,ENERGY_MANAGEMENT,ATTACH_ENERGY,,ATTACH,0,0,119,70,70,1,False,3,6,False,True,1,0,0,723,320,4,723,320,4,True,False,Frost Barrier,200,False
92656873,520.7,LOSS,True,32,9,MAIN,2,TIMING,,,,0,0,119,70,70,1,False,3,6,False,True,1,0,1,723,320,4,723,320,3,True,False,Frost Barrier,200,False
92656873,520.7,LOSS,True,33,10,TO_ACTIVE,3,ACTIVE_POKEMON_SELECTION,,,CARD,0,0,,,,,False,3,6,False,True,,,1,723,320,3,723,320,3,,,,,True
92656873,520.7,LOSS,True,34,11,MAIN,5,RESOURCE_MANAGEMENT,PLAY_ITEM,1079,PLAY,0,0,119,70,70,1,False,2,6,True,True,1,1,1,723,320,3,723,320,3,True,False,Frost Barrier,200,False
92656873,520.7,LOSS,True,35,11,EVOLVE,3,BENCH_MANAGEMENT,,,EVOLVE,0,0,119,70,70,1,False,2,6,False,True,1,1,1,723,320,3,723,320,3,True,False,Frost Barrier,200,False
92656873,520.7,LOSS,True,36,11,MAIN,4,TIMING,,,,1,0,121,320,320,2,False,2,6,True,True,1,1,1,723,320,3,723,250,1,False,False,Frost Barrier,200,True
92656873,520.7,LOSS,True,37,12,TO_ACTIVE,2,ACTIVE_POKEMON_SELECTION,,,CARD,0,0,,,,,False,2,6,False,True,,,1,723,250,1,723,250,1,,,,,True
92656873,520.7,LOSS,True,38,13,MAIN,6,RESOURCE_MANAGEMENT,PLAY_ITEM,1080,PLAY,1,0,119,70,70,1,False,1,6,True,True,1,1,0,723,250,1,723,250,1,True,False,Frost Barrier,200,False
92656873,520.7,LOSS,True,39,13,MAIN,10,RESOURCE_MANAGEMENT,PLAY_POKEMON,140,PLAY,1,0,119,70,70,1,False,1,6,True,True,1,1,0,723,250,1,723,250,1,True,False,Frost Barrier,200,False
92656873,520.7,LOSS,True,40,13,MAIN,10,RESOURCE_MANAGEMENT,ABILITY,,ABILITY,1,0,119,70,70,1,False,2,6,True,True,1,1,0,723,250,1,723,250,1,True,False,Frost Barrier,200,False
92656873,520.7,LOSS,True,41,13,MAIN,12,RESOURCE_MANAGEMENT,PLAY_POKEMON,235,PLAY,1,0,119,70,70,1,False,2,6,True,True,1,1,0,723,250,1,723,250,1,True,False,Frost Barrier,200,False
92656873,520.7,LOSS,True,42,13,MAIN,11,RESOURCE_MANAGEMENT,PLAY_SUPPORTER,1210,PLAY,1,0,119,70,70,1,False,3,6,True,True,1,1,1,723,250,1,723,250,1,True,False,Frost Barrier,200,False
92656873,520.7,LOSS,True,43,13,TO_HAND,4,RESOURCE_MANAGEMENT,,,CARD,0,0,119,70,70,1,False,3,6,False,True,1,1,1,723,250,1,723,250,1,True,False,Frost Barrier,200,False
92656873,520.7,LOSS,True,44,13,MAIN,9,BENCH_MANAGEMENT,EVOLVE,,EVOLVE,1,0,119,70,70,1,False,3,6,True,True,1,1,1,723,250,1,723,250,1,True,False,Frost Barrier,200,False
92656873,520.7,LOSS,True,45,13,MAIN,6,RESOURCE_MANAGEMENT,ABILITY,,ABILITY,0,0,120,90,90,1,False,3,6,True,True,1,1,1,723,250,1,723,250,1,True,False,Frost Barrier,200,True
92656873,520.7,LOSS,True,46,13,TO_HAND,2,RESOURCE_MANAGEMENT,,,CARD,0,0,120,90,90,1,False,3,6,False,True,1,1,1,723,250,1,723,250,1,True,False,Frost Barrier,200,False
92656873,520.7,LOSS,True,47,13,MAIN,5,BENCH_MANAGEMENT,EVOLVE,,EVOLVE,0,0,120,90,90,1,False,3,6,True,True,1,1,1,723,250,1,723,250,1,True,False,Frost Barrier,200,False
92656873,520.7,LOSS,True,48,13,MAIN,5,RESOURCE_MANAGEMENT,ABILITY,,ABILITY,0,0,120,90,90,1,False,3,6,True,True,1,1,1,723,250,1,723,250,1,True,False,Frost Barrier,200,False
92656873,520.7,LOSS,True,49,13,TO_HAND,2,RESOURCE_MANAGEMENT,,,CARD,0,0,120,90,90,1,False,3,6,False,True,1,1,1,723,250,1,723,250,1,True,False,Frost Barrier,200,False
92656873,520.7,LOSS,True,50,13,MAIN,5,RESOURCE_MANAGEMENT,PLAY_ITEM,1120,PLAY,0,0,120,90,90,1,False,3,6,True,True,1,1,1,723,250,1,723,250,1,True,False,Frost Barrier,200,False
92656873,520.7,LOSS,True,51,13,MAIN,4,RETREAT_SELECTION,RETREAT,,RETREAT,0,0,120,90,90,1,False,3,6,True,True,1,1,1,723,250,1,723,250,1,True,False,Frost Barrier,200,False
92656873,520.7,LOSS,True,52,13,DISCARD_ENERGY,1,ENERGY_MANAGEMENT,,,ENERGY,0,0,120,90,90,1,False,3,6,False,True,1,1,1,723,250,1,723,250,1,True,False,Frost Barrier,200,False
92656873,520.7,LOSS,True,53,13,SWITCH,3,ACTIVE_POKEMON_SELECTION,,,CARD,0,0,120,90,90,1,False,3,6,False,True,1,0,1,723,250,1,723,250,1,True,False,Frost Barrier,200,False
92657829,494.4,WIN,False,0,,,0,UNKNOWN,,,,0,0,,,,,False,,,False,False,,,0,,,,,,,,,,,False
92657829,494.4,WIN,False,1,,,0,UNKNOWN,,,,0,0,,,,,False,,,False,False,,,0,,,,,,0,,,,,False
92657829,494.4,WIN,False,2,0,SETUP_ACTIVE_POKEMON,1,EARLY_GAME_SETUP,,,,0,0,,,,,False,0,0,False,False,,,0,,,0,646,70,6,,,,,False
92657829,494.4,WIN,False,3,2,MAIN,6,ENERGY_MANAGEMENT,ATTACH_ENERGY,,ATTACH,0,0,184,210,210,2,False,0,6,False,False,2,0,0,646,70,6,646,70,6,False,False,Corkscrew Punch,10,False
92657829,494.4,WIN,False,4,2,MAIN,5,RESOURCE_MANAGEMENT,PLAY_ITEM,1086,PLAY,0,0,184,210,210,2,False,0,6,False,False,2,0,0,646,70,6,646,70,6,False,False,Corkscrew Punch,10,False
92657829,494.4,WIN,False,5,2,TO_BENCH,6,BENCH_MANAGEMENT,,,CARD;CARD,0,0,184,210,210,2,False,0,6,False,False,2,0,0,646,70,6,646,70,6,False,False,Corkscrew Punch,10,False
92657829,494.4,WIN,False,6,2,MAIN,7,RESOURCE_MANAGEMENT,PLAY_ITEM,1152,PLAY,0,0,184,210,210,2,False,2,6,True,True,2,0,1,646,70,6,646,70,6,False,False,Corkscrew Punch,10,False
92657829,494.4,WIN,False,7,2,TO_HAND,7,RESOURCE_MANAGEMENT,,,CARD,0,0,184,210,210,2,False,2,6,False,True,2,0,1,646,70,6,646,70,6,False,False,Corkscrew Punch,10,False
92657829,494.4,WIN,False,8,2,MAIN,7,RESOURCE_MANAGEMENT,PLAY_POKEMON,119,PLAY,0,0,184,210,210,2,False,2,6,True,True,2,0,1,646,70,6,646,70,6,False,False,Corkscrew Punch,10,False
92657829,494.4,WIN,False,9,2,MAIN,7,RESOURCE_MANAGEMENT,PLAY_SUPPORTER,1210,PLAY,0,0,184,210,210,2,False,3,6,True,True,2,0,1,646,70,6,646,70,6,False,False,Corkscrew Punch,10,False
92657829,494.4,WIN,False,10,2,TO_HAND,11,RESOURCE_MANAGEMENT,,,CARD,0,0,184,210,210,2,False,3,6,False,True,2,0,1,646,70,6,646,70,6,False,False,Corkscrew Punch,10,False
92657829,494.4,WIN,False,11,2,TO_HAND,4,RESOURCE_MANAGEMENT,,,CARD,0,0,184,210,210,2,False,3,6,False,True,2,0,1,646,70,6,646,70,6,False,False,Corkscrew Punch,10,False
92657829,494.4,WIN,False,12,2,MAIN,8,RESOURCE_MANAGEMENT,PLAY_POKEMON,119,PLAY,0,0,184,210,210,2,False,3,6,True,True,2,0,1,646,70,6,646,70,6,False,False,Corkscrew Punch,10,False
92657829,494.4,WIN,False,13,2,MAIN,8,RESOURCE_MANAGEMENT,PLAY_POKEMON,119,PLAY,0,0,184,210,210,2,False,4,6,True,True,2,0,1,646,70,6,646,70,6,False,False,Corkscrew Punch,10,False
92657829,494.4,WIN,False,14,2,MAIN,8,ENERGY_MANAGEMENT,ATTACH_ENERGY,,ATTACH,0,0,184,210,210,2,False,5,6,True,True,2,0,1,646,70,6,646,70,6,False,False,Corkscrew Punch,10,False
92657829,494.4,WIN,False,15,2,MAIN,2,RETREAT_SELECTION,RETREAT,,RETREAT,0,0,184,210,210,2,False,5,6,True,True,2,0,1,646,70,6,646,70,6,False,False,Corkscrew Punch,10,False
92657829,494.4,WIN,False,16,2,SWITCH,5,ACTIVE_POKEMON_SELECTION,,,CARD,0,0,184,210,210,2,False,5,6,False,True,2,0,1,646,70,6,646,70,6,False,False,Corkscrew Punch,10,False
92657829,494.4,WIN,False,17,2,MAIN,2,TIMING,,,,1,0,235,30,30,1,False,5,6,False,True,0,0,0,646,70,6,647,80,5,False,False,Corkscrew Punch,10,True
92657829,494.4,WIN,False,18,3,TO_ACTIVE,5,ACTIVE_POKEMON_SELECTION,,,CARD,0,0,,,,,False,5,6,False,True,,,0,647,80,5,647,80,5,,,,,True
92657829,494.4,WIN,False,19,4,MAIN,7,RESOURCE_MANAGEMENT,PLAY_SUPPORTER,1210,PLAY,0,0,119,70,70,1,False,4,6,True,True,1,1,0,647,80,5,647,80,5,False,False,Corkscrew Punch,60,False
92657829,494.4,WIN,False,20,4,TO_HAND,9,RESOURCE_MANAGEMENT,,,CARD,0,0,119,70,70,1,False,4,6,False,True,1,1,0,647,80,5,647,80,5,False,False,Corkscrew Punch,60,False
92657829,494.4,WIN,False,21,4,TO_HAND,2,RESOURCE_MANAGEMENT,,,CARD,0,0,119,70,70,1,False,4,6,False,True,1,1,0,647,80,5,647,80,5,False,False,Corkscrew Punch,60,False
92657829,494.4,WIN,False,22,4,MAIN,8,RESOURCE_MANAGEMENT,PLAY_POKEMON,140,PLAY,0,0,119,70,70,1,False,4,6,True,True,1,1,0,647,80,5,647,80,5,False,False,Corkscrew Punch,60,False
92657829,494.4,WIN,False,23,4,MAIN,7,RESOURCE_MANAGEMENT,ABILITY,,ABILITY,0,0,119,70,70,1,False,5,6,True,True,1,1,0,647,80,5,647,80,5,False,False,Corkscrew Punch,60,False
92657829,494.4,WIN,False,24,4,MAIN,14,BENCH_MANAGEMENT,EVOLVE,,EVOLVE,0,0,119,70,70,1,False,5,6,True,True,1,1,0,647,80,5,647,80,5,False,False,Corkscrew Punch,60,False
92657829,494.4,WIN,False,25,4,MAIN,11,RESOURCE_MANAGEMENT,ABILITY,,ABILITY,0,0,120,90,90,1,False,5,6,True,True,1,1,0,647,80,5,647,80,5,False,False,Corkscrew Punch,60,True
92657829,494.4,WIN,False,26,4,TO_HAND,2,RESOURCE_MANAGEMENT,,,CARD,0,0,120,90,90,1,False,5,6,False,True,1,1,0,647,80,5,647,80,5,False,False,Corkscrew Punch,60,False
92657829,494.4,WIN,False,27,4,MAIN,13,BENCH_MANAGEMENT,EVOLVE,,EVOLVE,0,0,120,90,90,1,False,5,6,True,True,1,1,0,647,80,5,647,80,5,False,False,Corkscrew Punch,60,False
92657829,494.4,WIN,False,28,4,MAIN,11,RESOURCE_MANAGEMENT,ABILITY,,ABILITY,0,0,120,90,90,1,False,5,6,True,True,1,1,0,647,80,5,647,80,5,False,False,Corkscrew Punch,60,False
92657829,494.4,WIN,False,29,4,TO_HAND,2,RESOURCE_MANAGEMENT,,,CARD,0,0,120,90,90,1,False,5,6,False,True,1,1,0,647,80,5,647,80,5,False,False,Corkscrew Punch,60,False
92657829,494.4,WIN,False,30,4,MAIN,10,ENERGY_MANAGEMENT,ATTACH_ENERGY,,ATTACH,0,0,120,90,90,1,False,5,6,True,True,1,1,0,647,80,5,647,80,5,False,False,Corkscrew Punch,60,False
92657829,494.4,WIN,False,31,4,MAIN,4,RESOURCE_MANAGEMENT,PLAY_ITEM,1080,PLAY,0,0,120,90,90,1,False,5,6,True,True,1,1,0,647,80,5,647,80,5,False,False,Corkscrew Punch,60,False
92657829,494.4,WIN,False,32,4,MAIN,4,RESOURCE_MANAGEMENT,PLAY_ITEM,1079,PLAY,0,0,120,90,90,1,False,5,6,True,True,1,1,0,647,80,5,647,80,5,False,False,Corkscrew Punch,60,False
92657829,494.4,WIN,False,33,4,EVOLVE,2,BENCH_MANAGEMENT,,,EVOLVE,0,0,120,90,90,1,False,5,6,False,True,1,1,0,647,80,5,647,80,5,False,False,Corkscrew Punch,60,False
92657829,494.4,WIN,False,34,4,MAIN,3,TIMING,,,,0,0,120,90,90,1,False,5,6,True,True,1,1,1,647,80,5,648,300,4,False,False,Corkscrew Punch,60,False
92657829,494.4,WIN,False,35,5,TO_ACTIVE,5,ACTIVE_POKEMON_SELECTION,,,CARD,0,0,,,,,False,5,6,False,True,,,1,648,300,4,648,300,4,,,,,True
92657829,494.4,WIN,False,36,6,MAIN,13,RESOURCE_MANAGEMENT,ABILITY,,ABILITY,1,0,121,320,320,2,False,4,6,True,True,1,1,0,648,300,4,648,300,4,False,False,Shadow Bullet,180,False
92657829,494.4,WIN,False,37,6,TO_HAND,2,RESOURCE_MANAGEMENT,,,CARD,0,0,121,320,320,2,False,4,6,False,True,1,1,0,648,300,4,648,300,4,False,False,Shadow Bullet,180,False
92657829,494.4,WIN,False,38,6,MAIN,13,RESOURCE_MANAGEMENT,PLAY_ITEM,1097,PLAY,1,0,121,320,320,2,False,4,6,True,True,1,1,0,648,300,4,648,300,4,False,False,Shadow Bullet,180,False
92657829,494.4,WIN,False,39,6,TO_HAND,4,RESOURCE_MANAGEMENT,,,CARD,0,0,121,320,320,2,False,4,6,False,True,1,1,0,648,300,4,648,300,4,False,False,Shadow Bullet,180,False
92657829,494.4,WIN,False,40,6,MAIN,13,RESOURCE_MANAGEMENT,ABILITY,,ABILITY,1,0,121,320,320,2,False,4,6,True,True,1,1,0,648,300,4,648,300,4,False,False,Shadow Bullet,180,False
92657829,494.4,WIN,False,41,6,MAIN,15,RESOURCE_MANAGEMENT,PLAY_ITEM,1121,PLAY,1,0,121,320,320,2,False,4,6,True,True,1,1,0,648,300,4,648,300,4,False,False,Shadow Bullet,180,False
92657829,494.4,WIN,False,42,6,DISCARD,7,RESOURCE_MANAGEMENT,,,CARD;CARD,0,0,121,320,320,2,False,4,6,False,True,1,1,0,648,300,4,648,300,4,False,False,Shadow Bullet,180,False
92657829,494.4,WIN,False,43,6,TO_HAND,5,RESOURCE_MANAGEMENT,,,CARD,0,0,121,320,320,2,False,4,6,False,True,1,1,0,648,300,4,648,300,4,False,False,Shadow Bullet,180,False
92657829,494.4,WIN,False,44,6,MAIN,13,BENCH_MANAGEMENT,EVOLVE,,EVOLVE,1,0,121,320,320,2,False,4,6,True,True,1,1,0,648,300,4,648,300,4,False,False,Shadow Bullet,180,False
92657829,494.4,WIN,False,45,6,MAIN,12,RESOURCE_MANAGEMENT,PLAY_SUPPORTER,1198,PLAY,1,0,121,320,320,2,False,4,6,True,True,1,1,0,648,300,4,648,300,4,False,False,Shadow Bullet,180,False
92657829,494.4,WIN,False,46,6,TO_HAND,4,RESOURCE_MANAGEMENT,,,CARD,0,0,121,320,320,2,False,4,6,False,True,1,1,0,648,300,4,648,300,4,False,False,Shadow Bullet,180,False
92657829,494.4,WIN,False,47,6,ATTACH_TO,3,ENERGY_MANAGEMENT,,,CARD,0,0,121,320,320,2,False,4,6,False,True,1,1,0,648,300,4,648,300,4,False,False,Shadow Bullet,180,False
92657829,494.4,WIN,False,48,6,ATTACH_FROM,5,ENERGY_MANAGEMENT,,,CARD,0,0,121,320,320,2,False,4,6,False,True,1,1,0,648,300,4,648,300,4,False,False,Shadow Bullet,180,False
92657829,494.4,WIN,False,49,6,MAIN,16,BENCH_MANAGEMENT,EVOLVE,,EVOLVE,2,0,121,320,320,2,False,4,6,True,True,1,1,0,648,300,4,648,300,4,False,False,Shadow Bullet,180,False
92657829,494.4,WIN,False,50,6,MAIN,16,RESOURCE_MANAGEMENT,ABILITY,,ABILITY,2,0,121,320,320,2,False,4,6,True,True,1,1,0,648,300,4,648,300,4,False,False,Shadow Bullet,180,False
92657829,494.4,WIN,False,51,6,TO_HAND,2,RESOURCE_MANAGEMENT,,,CARD,0,0,121,320,320,2,False,4,6,False,True,1,1,0,648,300,4,648,300,4,False,False,Shadow Bullet,180,False
92657829,494.4,WIN,False,52,6,MAIN,16,RESOURCE_MANAGEMENT,PLAY_ITEM,1152,PLAY,2,0,121,320,320,2,False,4,6,True,True,1,1,0,648,300,4,648,300,4,False,False,Shadow Bullet,180,False
92657829,494.4,WIN,False,53,6,TO_HAND,2,RESOURCE_MANAGEMENT,,,CARD,0,0,121,320,320,2,False,4,6,False,True,1,1,0,648,300,4,648,300,4,False,False,Shadow Bullet,180,False
92657829,494.4,WIN,False,54,6,MAIN,15,ENERGY_MANAGEMENT,ATTACH_ENERGY,,ATTACH,2,0,121,320,320,2,False,4,6,True,True,1,1,0,648,300,4,648,300,4,False,False,Shadow Bullet,180,False
92657829,494.4,WIN,False,55,6,MAIN,5,ATTACK_SELECTION,ATTACK,,ATTACK,2,1,121,320,320,2,False,4,6,True,True,1,1,1,648,300,4,648,100,4,False,False,Shadow Bullet,180,False
92657829,494.4,WIN,False,56,6,DAMAGE_COUNTER_ANY,2,TARGET_SELECTION,,,CARD,0,0,121,320,320,2,False,4,6,False,True,1,1,1,648,100,4,648,100,4,False,False,Shadow Bullet,180,False
92657829,494.4,WIN,False,57,6,DAMAGE_COUNTER_ANY,2,TARGET_SELECTION,,,CARD,0,0,121,320,320,2,False,4,6,False,True,1,1,1,648,100,4,648,100,4,False,False,Shadow Bullet,180,False
92657829,494.4,WIN,False,58,6,DAMAGE_COUNTER_ANY,2,TARGET_SELECTION,,,CARD,0,0,121,320,320,2,False,4,6,False,True,1,1,1,648,100,4,648,100,4,False,False,Shadow Bullet,180,False
92657829,494.4,WIN,False,59,6,DAMAGE_COUNTER_ANY,2,TARGET_SELECTION,,,CARD,0,0,121,320,320,2,False,4,6,False,True,1,1,1,648,100,4,648,100,4,False,False,Shadow Bullet,180,False
92657829,494.4,WIN,False,60,6,DAMAGE_COUNTER_ANY,2,TARGET_SELECTION,,,CARD,0,0,121,320,320,2,False,4,6,False,True,1,1,1,648,100,4,648,100,4,False,False,Shadow Bullet,180,False
92657829,494.4,WIN,False,61,6,DAMAGE_COUNTER_ANY,2,TARGET_SELECTION,,,,0,0,121,320,320,2,False,4,6,False,True,1,1,1,648,100,4,648,100,4,False,False,Shadow Bullet,180,False
92657829,494.4,WIN,False,62,8,MAIN,13,RESOURCE_MANAGEMENT,ABILITY,,ABILITY,2,0,121,140,320,2,True,4,6,True,True,1,1,1,648,100,4,648,100,4,True,False,Shadow Bullet,180,False
92657829,494.4,WIN,False,63,8,TO_HAND,2,RESOURCE_MANAGEMENT,,,CARD,0,0,121,140,320,2,True,4,6,False,True,1,1,1,648,100,4,648,100,4,True,False,Shadow Bullet,180,False
92657829,494.4,WIN,False,64,8,MAIN,13,ENERGY_MANAGEMENT,ATTACH_ENERGY,,ATTACH,2,0,121,140,320,2,True,4,6,True,True,1,1,1,648,100,4,648,100,4,True,False,Shadow Bullet,180,False
92657829,494.4,WIN,False,65,8,MAIN,8,RESOURCE_MANAGEMENT,PLAY_SUPPORTER,1227,PLAY,2,0,121,140,320,2,True,4,6,True,True,1,1,1,648,100,4,648,100,4,True,False,Shadow Bullet,180,False
92657829,494.4,WIN,False,66,8,MAIN,11,RESOURCE_MANAGEMENT,PLAY_ITEM,1120,PLAY,2,0,121,140,320,2,True,4,6,True,True,1,1,1,648,100,4,648,100,4,True,False,Shadow Bullet,180,False
92657829,494.4,WIN,False,67,8,MAIN,10,RETREAT_SELECTION,RETREAT,,RETREAT,2,0,121,140,320,2,True,4,6,True,True,1,1,1,648,100,4,648,100,4,True,False,Shadow Bullet,180,False
92657829,494.4,WIN,False,68,8,DISCARD_ENERGY,2,ENERGY_MANAGEMENT,,,ENERGY,0,0,121,140,320,2,True,4,6,False,True,1,1,1,648,100,4,648,100,4,True,False,Shadow Bullet,180,False
92657829,494.4,WIN,False,69,8,SWITCH,4,ACTIVE_POKEMON_SELECTION,,,CARD,0,0,121,140,320,2,True,4,6,False,True,1,1,1,648,100,4,648,100,4,True,False,Shadow Bullet,180,False
92657829,494.4,WIN,False,70,8,MAIN,9,ATTACK_SELECTION,ATTACK,,ATTACK,2,1,121,320,320,2,False,4,6,False,True,1,1,1,648,100,4,648,0,4,False,False,Shadow Bullet,180,False
92657829,494.4,WIN,False,71,8,DAMAGE_COUNTER_ANY,5,TARGET_SELECTION,,,CARD,0,0,121,320,320,2,False,4,6,False,True,1,1,1,648,0,4,648,0,4,False,False,Shadow Bullet,180,False
92657829,494.4,WIN,False,72,8,DAMAGE_COUNTER_ANY,5,TARGET_SELECTION,,,CARD,0,0,121,320,320,2,False,4,6,False,True,1,1,1,648,0,4,648,0,4,False,False,Shadow Bullet,180,False
92657829,494.4,WIN,False,73,8,DAMAGE_COUNTER_ANY,5,TARGET_SELECTION,,,CARD,0,0,121,320,320,2,False,4,6,False,True,1,1,1,648,0,4,648,0,4,False,False,Shadow Bullet,180,False
92657829,494.4,WIN,False,74,8,DAMAGE_COUNTER_ANY,5,TARGET_SELECTION,,,CARD,0,0,121,320,320,2,False,4,6,False,True,1,1,1,648,0,4,648,0,4,False,False,Shadow Bullet,180,False
92657829,494.4,WIN,False,75,8,DAMAGE_COUNTER_ANY,5,TARGET_SELECTION,,,CARD,0,0,121,320,320,2,False,4,6,False,True,1,1,1,648,0,4,648,0,4,False,False,Shadow Bullet,180,False
92657829,494.4,WIN,False,76,8,DAMAGE_COUNTER_ANY,5,TARGET_SELECTION,,,CARD,0,0,121,320,320,2,False,4,6,False,True,1,1,1,648,0,4,,,4,False,False,Shadow Bullet,180,False
92657829,494.4,WIN,False,77,8,TO_HAND,6,RESOURCE_MANAGEMENT,,,CARD;CARD,0,0,121,320,320,2,False,4,6,False,True,1,1,1,,,4,,,4,,,,,False
92657829,494.4,WIN,False,78,8,TO_HAND,4,RESOURCE_MANAGEMENT,,,,0,0,121,320,320,2,False,4,4,False,True,1,1,1,,,4,112,110,4,,,,,False
92657829,494.4,WIN,False,79,10,MAIN,17,RESOURCE_MANAGEMENT,PLAY_POKEMON,1071,PLAY,2,0,121,320,320,2,False,4,3,True,True,1,1,1,112,110,4,112,110,4,False,False,,,False
92657829,494.4,WIN,False,80,10,ACTIVATE,2,RESOURCE_MANAGEMENT,,,YES,0,0,121,320,320,2,False,5,3,False,True,1,1,1,112,110,4,112,110,4,False,False,,,False
92657829,494.4,WIN,False,81,10,TO_HAND,7,RESOURCE_MANAGEMENT,,,CARD,0,0,121,320,320,2,False,5,3,False,True,1,1,1,112,110,4,112,110,4,False,False,,,False
92657829,494.4,WIN,False,82,10,MAIN,15,RESOURCE_MANAGEMENT,PLAY_ITEM,1121,PLAY,2,0,121,320,320,2,False,5,3,True,True,1,1,1,112,110,4,112,110,4,False,False,,,False
92657829,494.4,WIN,False,83,10,DISCARD,10,RESOURCE_MANAGEMENT,,,CARD;CARD,0,0,121,320,320,2,False,5,3,False,True,1,1,1,112,110,4,112,110,4,False,False,,,False
92657829,494.4,WIN,False,84,10,TO_HAND,1,RESOURCE_MANAGEMENT,,,CARD,0,0,121,320,320,2,False,5,3,False,True,1,1,1,112,110,4,112,110,4,False,False,,,False
92657829,494.4,WIN,False,85,10,MAIN,13,RESOURCE_MANAGEMENT,ABILITY,,ABILITY,2,0,121,320,320,2,False,5,3,True,True,1,1,1,112,110,4,112,110,4,False,False,,,False
92657829,494.4,WIN,False,86,10,TO_HAND,2,RESOURCE_MANAGEMENT,,,CARD,0,0,121,320,320,2,False,5,3,False,True,1,1,1,112,110,4,112,110,4,False,False,,,False
92657829,494.4,WIN,False,87,10,MAIN,13,ENERGY_MANAGEMENT,ATTACH_ENERGY,,ATTACH,2,0,121,320,320,2,False,5,3,True,True,1,1,1,112,110,4,112,110,4,False,False,,,False
92657829,494.4,WIN,False,88,10,MAIN,7,RESOURCE_MANAGEMENT,PLAY_SUPPORTER,1227,PLAY,2,0,121,320,320,2,False,5,3,True,True,1,1,1,112,110,4,112,110,4,False,False,,,False
92657829,494.4,WIN,False,89,10,MAIN,6,RESOURCE_MANAGEMENT,PLAY_ITEM,1121,PLAY,2,0,121,320,320,2,False,5,3,True,True,1,1,1,112,110,4,112,110,4,False,False,,,False
92657829,494.4,WIN,False,90,10,DISCARD,5,RESOURCE_MANAGEMENT,,,CARD;CARD,0,0,121,320,320,2,False,5,3,False,True,1,1,1,112,110,4,112,110,4,False,False,,,False
92657829,494.4,WIN,False,91,10,TO_HAND,2,RESOURCE_MANAGEMENT,,,CARD,0,0,121,320,320,2,False,5,3,False,True,1,1,1,112,110,4,112,110,4,False,False,,,False
92657829,494.4,WIN,False,92,10,MAIN,5,ATTACK_SELECTION,ATTACK,,ATTACK,2,1,121,320,320,2,False,5,3,True,True,1,1,1,112,110,4,112,0,4,False,False,,,False
92657829,494.4,WIN,False,93,10,DAMAGE_COUNTER_ANY,4,TARGET_SELECTION,,,CARD,0,0,121,320,320,2,False,5,3,False,True,1,1,1,112,0,4,112,0,4,False,False,,,False
92657829,494.4,WIN,False,94,10,DAMAGE_COUNTER_ANY,4,TARGET_SELECTION,,,CARD,0,0,121,320,320,2,False,5,3,False,True,1,1,1,112,0,4,112,0,4,False,False,,,False
92657829,494.4,WIN,False,95,10,DAMAGE_COUNTER_ANY,4,TARGET_SELECTION,,,CARD,0,0,121,320,320,2,False,5,3,False,True,1,1,1,112,0,4,112,0,4,False,False,,,False
92657829,494.4,WIN,False,96,10,DAMAGE_COUNTER_ANY,4,TARGET_SELECTION,,,CARD,0,0,121,320,320,2,False,5,3,False,True,1,1,1,112,0,4,112,0,4,False,False,,,False
92657829,494.4,WIN,False,97,10,DAMAGE_COUNTER_ANY,4,TARGET_SELECTION,,,CARD,0,0,121,320,320,2,False,5,3,False,True,1,1,1,112,0,4,112,0,4,False,False,,,False
92657829,494.4,WIN,False,98,10,DAMAGE_COUNTER_ANY,4,TARGET_SELECTION,,,CARD,0,0,121,320,320,2,False,5,3,False,True,1,1,1,112,0,4,,,4,False,False,,,False
92657829,494.4,WIN,False,99,10,TO_HAND,3,RESOURCE_MANAGEMENT,,,CARD,0,0,121,320,320,2,False,5,3,False,True,1,1,1,,,4,,,4,,,,,False
92657829,494.4,WIN,False,100,10,TO_HAND,2,RESOURCE_MANAGEMENT,,,,0,0,121,320,320,2,False,5,2,False,True,1,1,1,,,4,689,110,4,,,,,False
92657829,494.4,WIN,False,101,12,MAIN,11,RESOURCE_MANAGEMENT,PLAY_STADIUM,1256,PLAY,2,0,121,320,320,2,False,5,1,True,True,1,1,1,689,110,4,689,110,4,False,False,,,False
92657829,494.4,WIN,False,102,12,MAIN,9,RESOURCE_MANAGEMENT,PLAY_ITEM,1121,PLAY,2,0,121,320,320,2,False,5,1,True,True,1,1,1,689,110,4,689,110,4,False,False,,,False
92657829,494.4,WIN,False,103,12,DISCARD,5,RESOURCE_MANAGEMENT,,,CARD;CARD,0,0,121,320,320,2,False,5,1,False,True,1,1,1,689,110,4,689,110,4,False,False,,,False
92657829,494.4,WIN,False,104,12,TO_HAND,1,RESOURCE_MANAGEMENT,,,CARD,0,0,121,320,320,2,False,5,1,False,True,1,1,1,689,110,4,689,110,4,False,False,,,False
92657829,494.4,WIN,False,105,12,MAIN,7,RESOURCE_MANAGEMENT,ABILITY,,ABILITY,2,0,121,320,320,2,False,5,1,True,True,1,1,1,689,110,4,689,110,4,False,False,,,False
92657829,494.4,WIN,False,106,12,TO_HAND,2,RESOURCE_MANAGEMENT,,,CARD,0,0,121,320,320,2,False,5,1,False,True,1,1,1,689,110,4,689,110,4,False,False,,,False
92657829,494.4,WIN,False,107,12,MAIN,7,RESOURCE_MANAGEMENT,PLAY_SUPPORTER,1198,PLAY,2,0,121,320,320,2,False,5,1,True,True,1,1,1,689,110,4,689,110,4,False,False,,,False
92657829,494.4,WIN,False,108,12,TO_HAND,1,RESOURCE_MANAGEMENT,,,CARD,0,0,121,320,320,2,False,5,1,False,True,1,1,1,689,110,4,689,110,4,False,False,,,False
92657829,494.4,WIN,False,109,12,MAIN,11,ENERGY_MANAGEMENT,ATTACH_ENERGY,,ATTACH,2,0,121,320,320,2,False,5,1,True,True,1,1,1,689,110,4,689,110,4,False,False,,,False
92657829,494.4,WIN,False,110,12,MAIN,5,ATTACK_SELECTION,ATTACK,,ATTACK,2,1,121,320,320,2,False,5,1,True,True,1,1,1,689,110,4,689,0,4,False,False,,,False
92657829,494.4,WIN,False,111,12,DAMAGE_COUNTER_ANY,2,TARGET_SELECTION,,,CARD,0,0,121,320,320,2,False,5,1,False,True,1,1,1,689,0,4,689,0,4,False,False,,,False
92657829,494.4,WIN,False,112,12,DAMAGE_COUNTER_ANY,2,TARGET_SELECTION,,,CARD,0,0,121,320,320,2,False,5,1,False,True,1,1,1,689,0,4,689,0,4,False,False,,,False
92657829,494.4,WIN,False,113,12,DAMAGE_COUNTER_ANY,2,TARGET_SELECTION,,,CARD,0,0,121,320,320,2,False,5,1,False,True,1,1,1,689,0,4,689,0,4,False,False,,,False
92657829,494.4,WIN,False,114,12,DAMAGE_COUNTER_ANY,2,TARGET_SELECTION,,,CARD,0,0,121,320,320,2,False,5,1,False,True,1,1,1,689,0,4,689,0,4,False,False,,,False
92657829,494.4,WIN,False,115,12,DAMAGE_COUNTER_ANY,2,TARGET_SELECTION,,,CARD,0,0,121,320,320,2,False,5,1,False,True,1,1,1,689,0,4,689,0,4,False,False,,,False
92657829,494.4,WIN,False,116,12,DAMAGE_COUNTER_ANY,2,TARGET_SELECTION,,,CARD,0,0,121,320,320,2,False,5,1,False,True,1,1,1,689,0,4,,,4,False,False,,,False
92658764,494.8,WIN,True,0,,,0,UNKNOWN,,,,0,0,,,,,False,,,False,False,,,0,,,,,,,,,,,False
92658764,494.8,WIN,True,1,,,0,UNKNOWN,,,,0,0,,,,,False,,,False,False,,,0,,,,,,0,,,,,False
92658764,494.8,WIN,True,2,0,IS_FIRST,2,GOING_FIRST_SECOND,,,YES,0,0,,,,,False,0,0,False,False,,,0,,,0,,,0,,,,,False
92658764,494.8,WIN,True,3,0,SETUP_ACTIVE_POKEMON,2,EARLY_GAME_SETUP,,,,0,0,,,,,False,0,0,False,False,,,0,,,0,,,6,,,,,False
92658764,494.8,WIN,True,4,0,DRAW_COUNT,2,SEARCH_DECISION,,,NUMBER,0,0,,,,,False,0,6,False,False,,,0,,,6,,,6,,,,,False
92658764,494.8,WIN,True,5,0,SETUP_BENCH_POKEMON,1,BENCH_MANAGEMENT,,,,0,0,,,,,False,0,6,False,False,,,0,,,6,741,50,6,,,,,False
92658764,494.8,WIN,True,6,1,MAIN,3,RESOURCE_MANAGEMENT,PLAY_POKEMON,184,PLAY,0,0,119,70,70,1,False,0,6,False,False,1,0,0,741,50,6,741,50,6,False,False,,,False
92658764,494.8,WIN,True,7,1,MAIN,4,ENERGY_MANAGEMENT,ATTACH_ENERGY,,ATTACH,0,0,119,70,70,1,False,1,6,True,True,1,0,0,741,50,6,741,50,6,False,False,,,False
92658764,494.8,WIN,True,8,1,MAIN,2,TIMING,,,,0,0,119,70,70,1,False,1,6,True,True,1,1,0,741,50,6,741,50,6,False,False,,,False
92658764,494.8,WIN,True,9,3,MAIN,7,RESOURCE_MANAGEMENT,PLAY_ITEM,1120,PLAY,0,0,119,60,70,1,True,1,6,True,True,1,1,0,741,50,6,741,50,6,False,False,,,False
92658764,494.8,WIN,True,10,3,MAIN,6,RESOURCE_MANAGEMENT,PLAY_SUPPORTER,1227,PLAY,0,0,119,60,70,1,True,1,6,True,True,1,1,0,741,50,6,741,50,6,False,False,,,False
92658764,494.8,WIN,True,11,3,MAIN,10,RESOURCE_MANAGEMENT,PLAY_POKEMON,119,PLAY,0,0,119,60,70,1,True,1,6,True,True,1,1,0,741,50,6,741,50,6,False,False,,,False
92658764,494.8,WIN,True,12,3,MAIN,11,RESOURCE_MANAGEMENT,PLAY_ITEM,1086,PLAY,0,0,119,60,70,1,True,2,6,True,True,1,1,0,741,50,6,741,50,6,False,False,,,False
92658764,494.8,WIN,True,13,3,TO_BENCH,2,BENCH_MANAGEMENT,,,CARD;CARD,0,0,119,60,70,1,True,2,6,False,True,1,1,0,741,50,6,741,50,6,False,False,,,False
92658764,494.8,WIN,True,14,3,MAIN,14,RESOURCE_MANAGEMENT,PLAY_ITEM,1152,PLAY,0,0,119,60,70,1,True,4,6,True,True,1,1,1,741,50,6,741,50,6,False,False,,,False
92658764,494.8,WIN,True,15,3,TO_HAND,4,RESOURCE_MANAGEMENT,,,CARD,0,0,119,60,70,1,True,4,6,False,True,1,1,1,741,50,6,741,50,6,False,False,,,False
92658764,494.8,WIN,True,16,3,MAIN,14,BENCH_MANAGEMENT,EVOLVE,,EVOLVE,0,0,119,60,70,1,True,4,6,True,True,1,1,1,741,50,6,741,50,6,False,False,,,False
92658764,494.8,WIN,True,17,3,MAIN,14,RESOURCE_MANAGEMENT,ABILITY,,ABILITY,0,0,120,80,90,1,True,4,6,True,True,1,1,1,741,50,6,741,50,6,False,False,,,True
92658764,494.8,WIN,True,18,3,TO_HAND,2,RESOURCE_MANAGEMENT,,,CARD,0,0,120,80,90,1,True,4,6,False,True,1,1,1,741,50,6,741,50,6,False,False,,,False
92658764,494.8,WIN,True,19,3,MAIN,13,ENERGY_MANAGEMENT,ATTACH_ENERGY,,ATTACH,0,0,120,80,90,1,True,4,6,True,True,1,1,1,741,50,6,741,50,6,False,False,,,False
92658764,494.8,WIN,True,20,3,MAIN,3,RETREAT_SELECTION,RETREAT,,RETREAT,0,0,120,80,90,1,True,4,6,True,True,1,1,2,741,50,6,741,50,6,False,False,,,False
92658764,494.8,WIN,True,21,3,DISCARD_ENERGY,1,ENERGY_MANAGEMENT,,,ENERGY,0,0,120,80,90,1,True,4,6,False,True,1,1,2,741,50,6,741,50,6,False,False,,,False
92658764,494.8,WIN,True,22,3,SWITCH,4,ACTIVE_POKEMON_SELECTION,,,CARD,0,0,120,80,90,1,True,4,6,False,True,1,0,2,741,50,6,741,50,6,False,False,,,False
92658764,494.8,WIN,True,23,3,MAIN,4,TIMING,,,,1,0,235,30,30,1,False,4,6,False,True,0,0,1,741,50,6,741,40,6,False,False,,,True
92658764,494.8,WIN,True,24,4,DISCARD,5,RESOURCE_MANAGEMENT,,,,0,0,235,30,30,1,False,4,6,False,True,0,0,1,741,40,6,741,50,6,False,False,Teleportation Attack,10,False
92658764,494.8,WIN,True,25,5,MAIN,12,RESOURCE_MANAGEMENT,PLAY_ITEM,1079,PLAY,1,0,235,20,30,1,True,4,6,True,True,0,0,1,741,50,6,741,50,6,False,False,Teleportation Attack,10,False
92658764,494.8,WIN,True,26,5,EVOLVE,2,BENCH_MANAGEMENT,,,EVOLVE,0,0,235,20,30,1,True,4,6,False,True,0,0,1,741,50,6,741,50,6,False,False,Teleportation Attack,10,False
92658764,494.8,WIN,True,27,5,MAIN,10,RESOURCE_MANAGEMENT,PLAY_ITEM,1097,PLAY,1,0,235,20,30,1,True,4,6,True,True,0,0,1,741,50,6,741,50,6,False,False,Teleportation Attack,10,False
92658764,494.8,WIN,True,28,5,TO_HAND,2,RESOURCE_MANAGEMENT,,,CARD,0,0,235,20,30,1,True,4,6,False,True,0,0,1,741,50,6,741,50,6,False,False,Teleportation Attack,10,False
92658764,494.8,WIN,True,29,5,MAIN,10,RESOURCE_MANAGEMENT,PLAY_POKEMON,1071,PLAY,1,0,235,20,30,1,True,4,6,True,True,0,0,1,741,50,6,741,50,6,False,False,Teleportation Attack,10,False
92658764,494.8,WIN,True,30,5,ACTIVATE,2,RESOURCE_MANAGEMENT,,,YES,0,0,235,20,30,1,True,5,6,False,True,0,0,1,741,50,6,741,50,6,False,False,Teleportation Attack,10,False
92658764,494.8,WIN,True,31,5,TO_HAND,10,RESOURCE_MANAGEMENT,,,CARD,0,0,235,20,30,1,True,5,6,False,True,0,0,1,741,50,6,741,50,6,False,False,Teleportation Attack,10,False
92658764,494.8,WIN,True,32,5,MAIN,11,RESOURCE_MANAGEMENT,ABILITY,,ABILITY,1,0,235,20,30,1,True,5,6,True,True,0,0,1,741,50,6,741,50,6,False,False,Teleportation Attack,10,False
92658764,494.8,WIN,True,33,5,TO_HAND,2,RESOURCE_MANAGEMENT,,,CARD,0,0,235,20,30,1,True,5,6,False,True,0,0,1,741,50,6,741,50,6,False,False,Teleportation Attack,10,False
92658764,494.8,WIN,True,34,5,MAIN,11,BENCH_MANAGEMENT,EVOLVE,,EVOLVE,1,0,235,20,30,1,True,5,6,True,True,0,0,1,741,50,6,741,50,6,False,False,Teleportation Attack,10,False
92658764,494.8,WIN,True,35,5,MAIN,10,RESOURCE_MANAGEMENT,PLAY_SUPPORTER,1198,PLAY,1,0,235,20,30,1,True,5,6,True,True,0,0,1,741,50,6,741,50,6,False,False,Teleportation Attack,10,False
92658764,494.8,WIN,True,36,5,TO_HAND,4,RESOURCE_MANAGEMENT,,,CARD,0,0,235,20,30,1,True,5,6,False,True,0,0,1,741,50,6,741,50,6,False,False,Teleportation Attack,10,False
92658764,494.8,WIN,True,37,5,ATTACH_TO,2,ENERGY_MANAGEMENT,,,CARD,0,0,235,20,30,1,True,5,6,False,True,0,0,1,741,50,6,741,50,6,False,False,Teleportation Attack,10,False
92658764,494.8,WIN,True,38,5,ATTACH_FROM,6,ENERGY_MANAGEMENT,,,CARD,0,0,235,20,30,1,True,5,6,False,True,0,0,1,741,50,6,741,50,6,False,False,Teleportation Attack,10,False
92658764,494.8,WIN,True,39,5,MAIN,15,ENERGY_MANAGEMENT,ATTACH_ENERGY,,ATTACH,1,0,235,20,30,1,True,5,6,True,True,0,0,1,741,50,6,741,50,6,False,False,Teleportation Attack,10,False
92658764,494.8,WIN,True,40,5,MAIN,3,RETREAT_SELECTION,RETREAT,,RETREAT,1,0,235,20,30,1,True,5,6,True,True,0,0,2,741,50,6,741,50,6,False,False,Teleportation Attack,10,False
92658764,494.8,WIN,True,41,5,SWITCH,5,ACTIVE_POKEMON_SELECTION,,,CARD,0,0,235,20,30,1,True,5,6,False,True,0,0,2,741,50,6,741,50,6,False,False,Teleportation Attack,10,False
92658764,494.8,WIN,True,42,5,MAIN,3,ATTACK_SELECTION,ATTACK,,ATTACK,2,1,121,320,320,2,False,5,6,False,True,1,1,2,741,50,6,741,0,6,False,False,Teleportation Attack,10,True
92658764,494.8,WIN,True,43,5,DAMAGE_COUNTER_ANY,3,TARGET_SELECTION,,,CARD,0,0,121,320,320,2,False,5,6,False,True,1,1,2,741,0,6,741,0,6,False,False,Teleportation Attack,10,False
92658764,494.8,WIN,True,44,5,DAMAGE_COUNTER_ANY,3,TARGET_SELECTION,,,CARD,0,0,121,320,320,2,False,5,6,False,True,1,1,2,741,0,6,741,0,6,False,False,Teleportation Attack,10,False
92658764,494.8,WIN,True,45,5,DAMAGE_COUNTER_ANY,3,TARGET_SELECTION,,,CARD,0,0,121,320,320,2,False,5,6,False,True,1,1,2,741,0,6,741,0,6,False,False,Teleportation Attack,10,False
92658764,494.8,WIN,True,46,5,DAMAGE_COUNTER_ANY,3,TARGET_SELECTION,,,CARD,0,0,121,320,320,2,False,5,6,False,True,1,1,2,741,0,6,741,0,6,False,False,Teleportation Attack,10,False
92658764,494.8,WIN,True,47,5,DAMAGE_COUNTER_ANY,3,TARGET_SELECTION,,,CARD,0,0,121,320,320,2,False,5,6,False,True,1,1,2,741,0,6,741,0,6,False,False,Teleportation Attack,10,False
92658764,494.8,WIN,True,48,5,DAMAGE_COUNTER_ANY,3,TARGET_SELECTION,,,CARD,0,0,121,320,320,2,False,5,6,False,True,1,1,2,741,0,6,,,6,False,False,Teleportation Attack,10,False
92658764,494.8,WIN,True,49,5,TO_HAND,6,RESOURCE_MANAGEMENT,,,CARD,0,0,121,320,320,2,False,5,6,False,True,1,1,2,,,6,,,6,,,,,False
92658764,494.8,WIN,True,50,5,TO_HAND,5,RESOURCE_MANAGEMENT,,,,0,0,121,320,320,2,False,5,5,False,True,1,1,2,,,6,65,40,6,,,,,False
92658764,494.8,WIN,True,51,7,MAIN,22,ENERGY_MANAGEMENT,ATTACH_ENERGY,,ATTACH,2,0,121,310,320,2,True,5,4,True,True,1,1,2,65,40,6,65,40,6,False,False,Gnaw,10,False
92658764,494.8,WIN,True,52,7,MAIN,4,ATTACK_SELECTION,ATTACK,,ATTACK,2,1,121,310,320,2,True,5,4,True,True,1,1,2,65,40,6,65,0,6,False,False,Gnaw,10,False
92658764,494.8,WIN,True,53,7,DAMAGE_COUNTER_ANY,2,TARGET_SELECTION,,,CARD,0,0,121,310,320,2,True,5,4,False,True,1,1,2,65,0,6,65,0,6,False,False,Gnaw,10,False
92658764,494.8,WIN,True,54,7,DAMAGE_COUNTER_ANY,2,TARGET_SELECTION,,,CARD,0,0,121,310,320,2,True,5,4,False,True,1,1,2,65,0,6,65,0,6,False,False,Gnaw,10,False
92658764,494.8,WIN,True,55,7,DAMAGE_COUNTER_ANY,2,TARGET_SELECTION,,,CARD,0,0,121,310,320,2,True,5,4,False,True,1,1,2,65,0,6,65,0,6,False,False,Gnaw,10,False
92658764,494.8,WIN,True,56,7,DAMAGE_COUNTER_ANY,2,TARGET_SELECTION,,,CARD,0,0,121,310,320,2,True,5,4,False,True,1,1,2,65,0,6,65,0,6,False,False,Gnaw,10,False
92658764,494.8,WIN,True,57,7,DAMAGE_COUNTER_ANY,2,TARGET_SELECTION,,,CARD,0,0,121,310,320,2,True,5,4,False,True,1,1,2,65,0,6,65,0,6,False,False,Gnaw,10,False
92658764,494.8,WIN,True,58,7,DAMAGE_COUNTER_ANY,2,TARGET_SELECTION,,,CARD,0,0,121,310,320,2,True,5,4,False,True,1,1,2,65,0,6,,,6,False,False,Gnaw,10,False
92658764,494.8,WIN,True,59,7,TO_HAND,4,RESOURCE_MANAGEMENT,,,CARD,0,0,121,310,320,2,True,5,4,False,True,1,1,2,,,6,,,6,,,,,False
92658764,494.8,WIN,True,60,7,TO_HAND,3,RESOURCE_MANAGEMENT,,,,0,0,121,310,320,2,True,5,3,False,True,1,1,2,,,6,65,50,6,,,,,False
92658764,494.8,WIN,True,61,9,MAIN,18,RESOURCE_MANAGEMENT,PLAY_ITEM,1152,PLAY,2,0,121,300,320,2,True,5,2,True,True,1,1,2,65,50,6,65,50,6,False,False,Gnaw,10,False
92658764,494.8,WIN,True,62,9,TO_HAND,3,RESOURCE_MANAGEMENT,,,CARD,0,0,121,300,320,2,True,5,2,False,True,1,1,2,65,50,6,65,50,6,False,False,Gnaw,10,False
92658764,494.8,WIN,True,63,9,MAIN,18,RESOURCE_MANAGEMENT,PLAY_ITEM,1121,PLAY,2,0,121,300,320,2,True,5,2,True,True,1,1,2,65,50,6,65,50,6,False,False,Gnaw,10,False
92658764,494.8,WIN,True,64,9,DISCARD,5,RESOURCE_MANAGEMENT,,,CARD;CARD,0,0,121,300,320,2,True,5,2,False,True,1,1,2,65,50,6,65,50,6,False,False,Gnaw,10,False
92658764,494.8,WIN,True,65,9,TO_HAND,4,RESOURCE_MANAGEMENT,,,CARD,0,0,121,300,320,2,True,5,2,False,True,1,1,2,65,50,6,65,50,6,False,False,Gnaw,10,False
92658764,494.8,WIN,True,66,9,MAIN,11,BENCH_MANAGEMENT,EVOLVE,,EVOLVE,2,0,121,300,320,2,True,5,2,True,True,1,1,2,65,50,6,65,50,6,False,False,Gnaw,10,False
92658764,494.8,WIN,True,67,9,MAIN,11,RESOURCE_MANAGEMENT,ABILITY,,ABILITY,2,0,121,300,320,2,True,5,2,True,True,1,1,2,65,50,6,65,50,6,False,False,Gnaw,10,False
92658764,494.8,WIN,True,68,9,TO_HAND,2,RESOURCE_MANAGEMENT,,,CARD,0,0,121,300,320,2,True,5,2,False,True,1,1,2,65,50,6,65,50,6,False,False,Gnaw,10,False
92658764,494.8,WIN,True,69,9,MAIN,11,ENERGY_MANAGEMENT,ATTACH_ENERGY,,ATTACH,2,0,121,300,320,2,True,5,2,True,True,1,1,2,65,50,6,65,50,6,False,False,Gnaw,10,False
92658764,494.8,WIN,True,70,9,MAIN,5,ATTACK_SELECTION,ATTACK,,ATTACK,2,1,121,300,320,2,True,5,2,True,True,1,1,2,65,50,6,65,0,6,False,False,Gnaw,10,False
92658764,494.8,WIN,True,71,9,DAMAGE_COUNTER_ANY,2,TARGET_SELECTION,,,CARD,0,0,121,300,320,2,True,5,2,False,True,1,1,2,65,0,6,65,0,6,False,False,Gnaw,10,False
92658764,494.8,WIN,True,72,9,DAMAGE_COUNTER_ANY,2,TARGET_SELECTION,,,CARD,0,0,121,300,320,2,True,5,2,False,True,1,1,2,65,0,6,65,0,6,False,False,Gnaw,10,False
92658764,494.8,WIN,True,73,9,DAMAGE_COUNTER_ANY,2,TARGET_SELECTION,,,CARD,0,0,121,300,320,2,True,5,2,False,True,1,1,2,65,0,6,65,0,6,False,False,Gnaw,10,False
92658764,494.8,WIN,True,74,9,DAMAGE_COUNTER_ANY,2,TARGET_SELECTION,,,CARD,0,0,121,300,320,2,True,5,2,False,True,1,1,2,65,0,6,65,0,6,False,False,Gnaw,10,False
92658764,494.8,WIN,True,75,9,DAMAGE_COUNTER_ANY,2,TARGET_SELECTION,,,CARD,0,0,121,300,320,2,True,5,2,False,True,1,1,2,65,0,6,65,0,6,False,False,Gnaw,10,False
92658764,494.8,WIN,True,76,9,DAMAGE_COUNTER_ANY,2,TARGET_SELECTION,,,CARD,0,0,121,300,320,2,True,5,2,False,True,1,1,2,65,0,6,,,6,False,False,Gnaw,10,False
92658764,494.8,WIN,True,77,9,TO_HAND,2,RESOURCE_MANAGEMENT,,,CARD,0,0,121,300,320,2,True,5,2,False,True,1,1,2,,,6,,,6,,,,,False
92659740,672.6,WIN,False,0,,,0,UNKNOWN,,,,0,0,,,,,False,,,False,False,,,0,,,,,,,,,,,False
92659740,672.6,WIN,False,1,,,0,UNKNOWN,,,,0,0,,,,,False,,,False,False,,,0,,,,,,0,,,,,False
92659740,672.6,WIN,False,2,0,SETUP_ACTIVE_POKEMON,2,EARLY_GAME_SETUP,,,CARD,0,0,,,,,False,0,0,False,False,,,0,,,0,,,6,,,,,False
92659740,672.6,WIN,False,3,0,SETUP_BENCH_POKEMON,1,BENCH_MANAGEMENT,,,,0,0,,,,,False,0,6,False,False,,,0,,,6,646,70,6,,,,,False
92659740,672.6,WIN,False,4,2,MAIN,9,RESOURCE_MANAGEMENT,PLAY_ITEM,1152,PLAY,0,0,119,70,70,1,False,1,6,False,True,1,0,0,646,70,6,646,70,6,False,False,,,False
92659740,672.6,WIN,False,5,2,TO_HAND,7,RESOURCE_MANAGEMENT,,,CARD,0,0,119,70,70,1,False,1,6,False,True,1,0,0,646,70,6,646,70,6,False,False,,,False
92659740,672.6,WIN,False,6,2,MAIN,9,RESOURCE_MANAGEMENT,PLAY_POKEMON,235,PLAY,0,0,119,70,70,1,False,1,6,False,True,1,0,0,646,70,6,646,70,6,False,False,,,False
92659740,672.6,WIN,False,7,2,MAIN,10,ENERGY_MANAGEMENT,ATTACH_ENERGY,,ATTACH,0,0,119,70,70,1,False,2,6,False,True,1,0,1,646,70,6,646,70,6,False,False,,,False
92659740,672.6,WIN,False,8,2,MAIN,4,RESOURCE_MANAGEMENT,PLAY_SUPPORTER,1227,PLAY,0,0,119,70,70,1,False,2,6,False,True,1,0,1,646,70,6,646,70,6,False,False,,,False
92659740,672.6,WIN,False,9,2,MAIN,5,RESOURCE_MANAGEMENT,PLAY_POKEMON,119,PLAY,0,0,119,70,70,1,False,2,6,False,True,1,0,1,646,70,6,646,70,6,False,False,,,False
92659740,672.6,WIN,False,10,2,MAIN,4,RESOURCE_MANAGEMENT,PLAY_ITEM,1121,PLAY,0,0,119,70,70,1,False,3,6,False,True,1,0,1,646,70,6,646,70,6,False,False,,,False
92659740,672.6,WIN,False,11,2,DISCARD,6,RESOURCE_MANAGEMENT,,,CARD;CARD,0,0,119,70,70,1,False,3,6,False,True,1,0,1,646,70,6,646,70,6,False,False,,,False
92659740,672.6,WIN,False,12,2,TO_HAND,9,RESOURCE_MANAGEMENT,,,CARD,0,0,119,70,70,1,False,3,6,False,True,1,0,1,646,70,6,646,70,6,False,False,,,False
92659740,672.6,WIN,False,13,2,MAIN,3,RESOURCE_MANAGEMENT,PLAY_POKEMON,184,PLAY,0,0,119,70,70,1,False,3,6,False,True,1,0,1,646,70,6,646,70,6,False,False,,,False
92659740,672.6,WIN,False,14,2,MAIN,3,RETREAT_SELECTION,RETREAT,,RETREAT,0,0,119,70,70,1,False,4,6,True,True,1,0,1,646,70,6,646,70,6,False,False,,,False
92659740,672.6,WIN,False,15,2,SWITCH,4,ACTIVE_POKEMON_SELECTION,,,CARD,0,0,119,70,70,1,False,4,6,False,True,1,0,1,646,70,6,646,70,6,False,False,,,False
92659740,672.6,WIN,False,16,2,MAIN,3,TIMING,,,,1,0,235,30,30,1,False,4,6,False,True,0,0,0,646,70,6,646,50,6,False,False,,,True
92659740,672.6,WIN,False,17,4,MAIN,10,BENCH_MANAGEMENT,EVOLVE,,EVOLVE,1,0,235,30,30,1,False,4,6,True,True,0,0,0,646,50,6,646,50,6,False,False,,,False
92659740,672.6,WIN,False,18,4,MAIN,8,RESOURCE_MANAGEMENT,ABILITY,,ABILITY,1,0,235,30,30,1,False,4,6,True,True,0,0,0,646,50,6,646,50,6,False,False,,,False
92659740,672.6,WIN,False,19,4,TO_HAND,2,RESOURCE_MANAGEMENT,,,CARD,0,0,235,30,30,1,False,4,6,False,True,0,0,0,646,50,6,646,50,6,False,False,,,False
92659740,672.6,WIN,False,20,4,MAIN,8,RESOURCE_MANAGEMENT,PLAY_SUPPORTER,1227,PLAY,1,0,235,30,30,1,False,4,6,True,True,0,0,0,646,50,6,646,50,6,False,False,,,False
92659740,672.6,WIN,False,21,4,MAIN,6,TIMING,,,,1,0,235,30,30,1,False,4,6,True,True,0,0,0,646,50,6,647,60,6,False,False,,,False
92659740,672.6,WIN,False,22,6,MAIN,12,BENCH_MANAGEMENT,EVOLVE,,EVOLVE,1,0,235,30,30,1,False,4,6,True,True,0,0,0,647,60,6,647,60,6,False,False,,,False
92659740,672.6,WIN,False,23,6,MAIN,9,RESOURCE_MANAGEMENT,PLAY_SUPPORTER,1198,PLAY,1,0,235,30,30,1,False,4,6,True,True,0,0,1,647,60,6,647,60,6,False,False,,,False
92659740,672.6,WIN,False,24,6,TO_HAND,5,RESOURCE_MANAGEMENT,,,CARD,0,0,235,30,30,1,False,4,6,False,True,0,0,1,647,60,6,647,60,6,False,False,,,False
92659740,672.6,WIN,False,25,6,ATTACH_TO,3,ENERGY_MANAGEMENT,,,CARD,0,0,235,30,30,1,False,4,6,False,True,0,0,1,647,60,6,647,60,6,False,False,,,False
92659740,672.6,WIN,False,26,6,ATTACH_FROM,5,ENERGY_MANAGEMENT,,,CARD,0,0,235,30,30,1,False,4,6,False,True,0,0,1,647,60,6,647,60,6,False,False,,,False
92659740,672.6,WIN,False,27,6,MAIN,12,ENERGY_MANAGEMENT,ATTACH_ENERGY,,ATTACH,1,0,235,30,30,1,False,4,6,True,True,0,0,1,647,60,6,647,60,6,False,False,,,False
92659740,672.6,WIN,False,28,6,MAIN,7,RETREAT_SELECTION,RETREAT,,RETREAT,1,0,235,30,30,1,False,4,6,True,True,0,0,1,647,60,6,647,60,6,False,False,,,False
92659740,672.6,WIN,False,29,6,SWITCH,4,ACTIVE_POKEMON_SELECTION,,,CARD,0,0,235,30,30,1,False,4,6,False,True,0,0,1,647,60,6,647,60,6,False,False,,,False
92659740,672.6,WIN,False,30,6,MAIN,7,ATTACK_SELECTION,ATTACK,,ATTACK,2,1,121,320,320,2,False,4,6,False,True,1,1,1,647,60,6,647,0,6,False,False,,,True
92659740,672.6,WIN,False,31,6,DAMAGE_COUNTER_ANY,2,TARGET_SELECTION,,,CARD,0,0,121,320,320,2,False,4,6,False,True,1,1,1,647,0,6,647,0,6,False,False,,,False
92659740,672.6,WIN,False,32,6,DAMAGE_COUNTER_ANY,2,TARGET_SELECTION,,,CARD,0,0,121,320,320,2,False,4,6,False,True,1,1,1,647,0,6,647,0,6,False,False,,,False
92659740,672.6,WIN,False,33,6,DAMAGE_COUNTER_ANY,2,TARGET_SELECTION,,,CARD,0,0,121,320,320,2,False,4,6,False,True,1,1,1,647,0,6,647,0,6,False,False,,,False
92659740,672.6,WIN,False,34,6,DAMAGE_COUNTER_ANY,2,TARGET_SELECTION,,,CARD,0,0,121,320,320,2,False,4,6,False,True,1,1,1,647,0,6,647,0,6,False,False,,,False
92659740,672.6,WIN,False,35,6,DAMAGE_COUNTER_ANY,2,TARGET_SELECTION,,,CARD,0,0,121,320,320,2,False,4,6,False,True,1,1,1,647,0,6,647,0,6,False,False,,,False
92659740,672.6,WIN,False,36,6,DAMAGE_COUNTER_ANY,2,TARGET_SELECTION,,,CARD,0,0,121,320,320,2,False,4,6,False,True,1,1,1,647,0,6,,,6,False,False,,,False
92659740,672.6,WIN,False,37,6,TO_HAND,6,RESOURCE_MANAGEMENT,,,,0,0,121,320,320,2,False,4,6,False,True,1,1,1,,,6,648,320,6,,,,,False
92659740,672.6,WIN,False,38,8,MAIN,16,RESOURCE_MANAGEMENT,PLAY_ITEM,1120,PLAY,2,0,121,140,320,2,True,4,5,True,True,1,1,1,648,320,6,648,320,6,True,False,Shadow Bullet,180,False
92659740,672.6,WIN,False,39,8,DISCARD_ENERGY,5,ENERGY_MANAGEMENT,,,ENERGY,0,0,121,140,320,2,True,4,5,False,True,1,1,1,648,320,6,648,320,6,True,False,Shadow Bullet,180,False
92659740,672.6,WIN,False,40,8,MAIN,15,RESOURCE_MANAGEMENT,PLAY_ITEM,1120,PLAY,2,0,121,140,320,2,True,4,5,True,True,1,1,1,648,320,6,648,320,6,True,False,Shadow Bullet,180,False
92659740,672.6,WIN,False,41,8,DISCARD_ENERGY,4,ENERGY_MANAGEMENT,,,ENERGY,0,0,121,140,320,2,True,4,5,False,True,1,1,1,648,320,6,648,320,6,True,False,Shadow Bullet,180,False
92659740,672.6,WIN,False,42,8,MAIN,14,RESOURCE_MANAGEMENT,PLAY_SUPPORTER,1210,PLAY,2,0,121,140,320,2,True,4,5,True,True,1,1,1,648,320,6,648,320,6,True,False,Shadow Bullet,180,False
92659740,672.6,WIN,False,43,8,TO_HAND,5,RESOURCE_MANAGEMENT,,,CARD,0,0,121,140,320,2,True,4,5,False,True,1,1,1,648,320,6,648,320,6,True,False,Shadow Bullet,180,False
92659740,672.6,WIN,False,44,8,MAIN,15,BENCH_MANAGEMENT,EVOLVE,,EVOLVE,2,0,121,140,320,2,True,4,5,True,True,1,1,1,648,320,6,648,320,6,True,False,Shadow Bullet,180,False
92659740,672.6,WIN,False,45,8,MAIN,14,RESOURCE_MANAGEMENT,ABILITY,,ABILITY,2,0,121,140,320,2,True,4,5,True,True,1,1,1,648,320,6,648,320,6,True,False,Shadow Bullet,180,False
92659740,672.6,WIN,False,46,8,TO_HAND,2,RESOURCE_MANAGEMENT,,,CARD,0,0,121,140,320,2,True,4,5,False,True,1,1,1,648,320,6,648,320,6,True,False,Shadow Bullet,180,False
92659740,672.6,WIN,False,47,8,MAIN,14,RESOURCE_MANAGEMENT,PLAY_ITEM,1079,PLAY,2,0,121,140,320,2,True,4,5,True,True,1,1,1,648,320,6,648,320,6,True,False,Shadow Bullet,180,False
92659740,672.6,WIN,False,48,8,EVOLVE,1,BENCH_MANAGEMENT,,,EVOLVE,0,0,121,140,320,2,True,4,5,False,True,1,1,1,648,320,6,648,320,6,True,False,Shadow Bullet,180,False
92659740,672.6,WIN,False,49,8,MAIN,13,ENERGY_MANAGEMENT,ATTACH_ENERGY,,ATTACH,2,0,121,140,320,2,True,4,5,True,True,1,1,1,648,320,6,648,320,6,True,False,Shadow Bullet,180,False
92659740,672.6,WIN,False,50,8,MAIN,8,RETREAT_SELECTION,RETREAT,,RETREAT,2,0,121,140,320,2,True,4,5,True,True,1,1,2,648,320,6,648,320,6,True,False,Shadow Bullet,180,False
92659740,672.6,WIN,False,51,8,DISCARD_ENERGY,2,ENERGY_MANAGEMENT,,,ENERGY,0,0,121,140,320,2,True,4,5,False,True,1,1,2,648,320,6,648,320,6,True,False,Shadow Bullet,180,False
92659740,672.6,WIN,False,52,8,SWITCH,4,ACTIVE_POKEMON_SELECTION,,,CARD,0,0,121,140,320,2,True,4,5,False,True,1,1,2,648,320,6,648,320,6,True,False,Shadow Bullet,180,False
92659740,672.6,WIN,False,53,8,MAIN,6,TIMING,,,,1,0,121,320,320,2,False,4,5,False,True,1,1,2,648,320,6,648,250,6,False,False,Shadow Bullet,180,False
92659740,672.6,WIN,False,54,10,MAIN,13,RESOURCE_MANAGEMENT,PLAY_POKEMON,1071,PLAY,1,0,121,140,320,2,True,4,5,True,True,1,1,2,648,250,6,648,250,6,True,False,Shadow Bullet,180,False
92659740,672.6,WIN,False,55,10,ACTIVATE,2,RESOURCE_MANAGEMENT,,,YES,0,0,121,140,320,2,True,5,5,False,True,1,1,2,648,250,6,648,250,6,True,False,Shadow Bullet,180,False
92659740,672.6,WIN,False,56,10,TO_HAND,8,RESOURCE_MANAGEMENT,,,CARD,0,0,121,140,320,2,True,5,5,False,True,1,1,2,648,250,6,648,250,6,True,False,Shadow Bullet,180,False
92659740,672.6,WIN,False,57,10,MAIN,12,RESOURCE_MANAGEMENT,ABILITY,,ABILITY,1,0,121,140,320,2,True,5,5,True,True,1,1,2,648,250,6,648,250,6,True,False,Shadow Bullet,180,False
92659740,672.6,WIN,False,58,10,TO_HAND,2,RESOURCE_MANAGEMENT,,,CARD,0,0,121,140,320,2,True,5,5,False,True,1,1,2,648,250,6,648,250,6,True,False,Shadow Bullet,180,False
92659740,672.6,WIN,False,59,10,MAIN,12,RESOURCE_MANAGEMENT,PLAY_ITEM,1120,PLAY,1,0,121,140,320,2,True,5,5,True,True,1,1,2,648,250,6,648,250,6,True,False,Shadow Bullet,180,False
92659740,672.6,WIN,False,60,10,DISCARD_ENERGY,3,ENERGY_MANAGEMENT,,,ENERGY,0,0,121,140,320,2,True,5,5,False,True,1,1,2,648,250,6,648,250,6,True,False,Shadow Bullet,180,False
92659740,672.6,WIN,False,61,10,MAIN,11,RESOURCE_MANAGEMENT,PLAY_SUPPORTER,1198,PLAY,1,0,121,140,320,2,True,5,5,True,True,1,1,2,648,250,6,648,250,6,True,False,Shadow Bullet,180,False
92659740,672.6,WIN,False,62,10,TO_HAND,2,RESOURCE_MANAGEMENT,,,CARD,0,0,121,140,320,2,True,5,5,False,True,1,1,2,648,250,6,648,250,6,True,False,Shadow Bullet,180,False
92659740,672.6,WIN,False,63,10,ATTACH_TO,1,ENERGY_MANAGEMENT,,,CARD,0,0,121,140,320,2,True,5,5,False,True,1,1,2,648,250,6,648,250,6,True,False,Shadow Bullet,180,False
92659740,672.6,WIN,False,64,10,ATTACH_FROM,6,ENERGY_MANAGEMENT,,,CARD,0,0,121,140,320,2,True,5,5,False,True,1,1,2,648,250,6,648,250,6,True,False,Shadow Bullet,180,False
92659740,672.6,WIN,False,65,10,MAIN,17,ENERGY_MANAGEMENT,ATTACH_ENERGY,,ATTACH,2,0,121,140,320,2,True,5,5,True,True,1,1,2,648,250,6,648,250,6,True,False,Shadow Bullet,180,False
92659740,672.6,WIN,False,66,10,MAIN,5,RETREAT_SELECTION,RETREAT,,RETREAT,2,0,121,140,320,2,True,5,5,True,True,1,1,2,648,250,6,648,250,6,True,False,Shadow Bullet,180,False
92659740,672.6,WIN,False,67,10,DISCARD_ENERGY,2,ENERGY_MANAGEMENT,,,ENERGY,0,0,121,140,320,2,True,5,5,False,True,1,1,2,648,250,6,648,250,6,True,False,Shadow Bullet,180,False
92659740,672.6,WIN,False,68,10,SWITCH,5,ACTIVE_POKEMON_SELECTION,,,CARD,0,0,121,140,320,2,True,5,5,False,True,1,1,2,648,250,6,648,250,6,True,False,Shadow Bullet,180,False
92659740,672.6,WIN,False,69,10,MAIN,4,ATTACK_SELECTION,ATTACK,,ATTACK,2,1,121,140,320,2,True,5,5,False,True,1,1,2,648,250,6,648,50,6,True,False,Shadow Bullet,180,False
92659740,672.6,WIN,False,70,10,DAMAGE_COUNTER_ANY,1,TARGET_SELECTION,,,CARD,0,0,121,140,320,2,True,5,5,False,True,1,1,2,648,50,6,648,50,6,True,False,Shadow Bullet,180,False
92659740,672.6,WIN,False,71,10,DAMAGE_COUNTER_ANY,1,TARGET_SELECTION,,,CARD,0,0,121,140,320,2,True,5,5,False,True,1,1,2,648,50,6,648,50,6,True,False,Shadow Bullet,180,False
92659740,672.6,WIN,False,72,10,DAMAGE_COUNTER_ANY,1,TARGET_SELECTION,,,CARD,0,0,121,140,320,2,True,5,5,False,True,1,1,2,648,50,6,648,50,6,True,False,Shadow Bullet,180,False
92659740,672.6,WIN,False,73,10,DAMAGE_COUNTER_ANY,1,TARGET_SELECTION,,,CARD,0,0,121,140,320,2,True,5,5,False,True,1,1,2,648,50,6,648,50,6,True,False,Shadow Bullet,180,False
92659740,672.6,WIN,False,74,10,DAMAGE_COUNTER_ANY,1,TARGET_SELECTION,,,CARD,0,0,121,140,320,2,True,5,5,False,True,1,1,2,648,50,6,648,50,6,True,False,Shadow Bullet,180,False
92659740,672.6,WIN,False,75,10,DAMAGE_COUNTER_ANY,1,TARGET_SELECTION,,,,0,0,121,140,320,2,True,5,5,False,True,1,1,2,648,50,6,648,50,4,True,False,Shadow Bullet,180,False
92659740,672.6,WIN,False,76,11,TO_ACTIVE,5,ACTIVE_POKEMON_SELECTION,,,CARD,0,0,,,,,False,5,5,False,True,,,2,648,50,4,648,50,4,,,,,True
92659740,672.6,WIN,False,77,12,MAIN,13,RESOURCE_MANAGEMENT,PLAY_ITEM,1097,PLAY,1,0,235,30,30,1,False,4,5,True,True,0,0,1,648,50,4,648,50,4,True,False,Shadow Bullet,180,False
92659740,672.6,WIN,False,78,12,TO_HAND,6,RESOURCE_MANAGEMENT,,,CARD,0,0,235,30,30,1,False,4,5,False,True,0,0,1,648,50,4,648,50,4,True,False,Shadow Bullet,180,False
92659740,672.6,WIN,False,79,12,MAIN,13,RESOURCE_MANAGEMENT,PLAY_POKEMON,119,PLAY,1,0,235,30,30,1,False,4,5,True,True,0,0,1,648,50,4,648,50,4,True,False,Shadow Bullet,180,False
92659740,672.6,WIN,False,80,12,MAIN,11,RESOURCE_MANAGEMENT,ABILITY,,ABILITY,1,0,235,30,30,1,False,5,5,True,True,0,0,1,648,50,4,648,50,4,True,False,Shadow Bullet,180,False
92659740,672.6,WIN,False,81,12,TO_HAND,2,RESOURCE_MANAGEMENT,,,CARD,0,0,235,30,30,1,False,5,5,False,True,0,0,1,648,50,4,648,50,4,True,False,Shadow Bullet,180,False
92659740,672.6,WIN,False,82,12,MAIN,10,ENERGY_MANAGEMENT,ATTACH_ENERGY,,ATTACH,1,0,235,30,30,1,False,5,5,True,True,0,0,1,648,50,4,648,50,4,True,False,Shadow Bullet,180,False
92659740,672.6,WIN,False,83,12,MAIN,4,RESOURCE_MANAGEMENT,PLAY_ITEM,1080,PLAY,1,0,235,30,30,1,False,5,5,True,True,0,0,2,648,50,4,648,50,4,True,False,Shadow Bullet,180,False
92659740,672.6,WIN,False,84,12,MAIN,6,RESOURCE_MANAGEMENT,PLAY_ITEM,1120,PLAY,1,0,235,30,30,1,False,5,5,True,True,0,0,2,648,50,4,648,50,4,True,False,Shadow Bullet,180,False
92659740,672.6,WIN,False,85,12,DISCARD_ENERGY,2,ENERGY_MANAGEMENT,,,ENERGY,0,0,235,30,30,1,False,5,5,False,True,0,0,2,648,50,4,648,50,4,True,False,Shadow Bullet,180,False
92659740,672.6,WIN,False,86,12,MAIN,5,RESOURCE_MANAGEMENT,PLAY_SUPPORTER,1210,PLAY,1,0,235,30,30,1,False,5,5,True,True,0,0,2,648,50,4,648,50,4,False,True,,,False
92659740,672.6,WIN,False,87,12,TO_HAND,3,RESOURCE_MANAGEMENT,,,CARD,0,0,235,30,30,1,False,5,5,False,True,0,0,2,648,50,4,648,50,4,False,True,,,False
92659740,672.6,WIN,False,88,12,MAIN,3,RETREAT_SELECTION,RETREAT,,RETREAT,1,0,235,30,30,1,False,5,5,True,True,0,0,2,648,50,4,648,50,4,False,True,,,False
92659740,672.6,WIN,False,89,12,SWITCH,5,ACTIVE_POKEMON_SELECTION,,,CARD,0,0,235,30,30,1,False,5,5,False,True,0,0,2,648,50,4,648,50,4,False,True,,,False
92659740,672.6,WIN,False,90,12,MAIN,3,ATTACK_SELECTION,ATTACK,,ATTACK,2,1,121,140,320,2,True,5,5,False,True,1,1,2,648,50,4,648,0,4,False,True,,,True
92659740,672.6,WIN,False,91,12,DAMAGE_COUNTER_ANY,1,TARGET_SELECTION,,,CARD,0,0,121,140,320,2,True,5,5,False,True,1,1,2,648,0,4,648,0,4,False,True,,,False
92659740,672.6,WIN,False,92,12,DAMAGE_COUNTER_ANY,1,TARGET_SELECTION,,,CARD,0,0,121,140,320,2,True,5,5,False,True,1,1,2,648,0,4,648,0,4,False,True,,,False
92659740,672.6,WIN,False,93,12,DAMAGE_COUNTER_ANY,1,TARGET_SELECTION,,,CARD,0,0,121,140,320,2,True,5,5,False,True,1,1,2,648,0,4,648,0,4,False,True,,,False
92659740,672.6,WIN,False,94,12,DAMAGE_COUNTER_ANY,1,TARGET_SELECTION,,,CARD,0,0,121,140,320,2,True,5,5,False,True,1,1,2,648,0,4,648,0,4,False,True,,,False
92659740,672.6,WIN,False,95,12,DAMAGE_COUNTER_ANY,1,TARGET_SELECTION,,,CARD,0,0,121,140,320,2,True,5,5,False,True,1,1,2,648,0,4,648,0,4,False,True,,,False
92659740,672.6,WIN,False,96,12,DAMAGE_COUNTER_ANY,1,TARGET_SELECTION,,,CARD,0,0,121,140,320,2,True,5,5,False,True,1,1,2,648,0,4,,,4,False,True,,,False
92659740,672.6,WIN,False,97,12,TO_HAND,5,RESOURCE_MANAGEMENT,,,,0,0,121,140,320,2,True,5,5,False,True,1,1,2,,,4,849,150,4,,,,,False
92659740,672.6,WIN,False,98,14,MAIN,9,RESOURCE_MANAGEMENT,ABILITY,,ABILITY,2,0,121,80,320,2,True,5,3,True,True,1,1,2,849,150,4,849,150,4,False,True,Gale Thrust,60,False
92659740,672.6,WIN,False,99,14,TO_HAND,2,RESOURCE_MANAGEMENT,,,CARD,0,0,121,80,320,2,True,5,3,False,True,1,1,2,849,150,4,849,150,4,False,True,Gale Thrust,60,False
92659740,672.6,WIN,False,100,14,MAIN,9,BENCH_MANAGEMENT,EVOLVE,,EVOLVE,2,0,121,80,320,2,True,5,3,True,True,1,1,2,849,150,4,849,150,4,False,True,Gale Thrust,60,False
92659740,672.6,WIN,False,101,14,MAIN,8,BENCH_MANAGEMENT,EVOLVE,,EVOLVE,2,0,121,80,320,2,True,5,3,True,True,1,1,3,849,150,4,849,150,4,False,True,Gale Thrust,60,False
92659740,672.6,WIN,False,102,14,MAIN,8,RESOURCE_MANAGEMENT,ABILITY,,ABILITY,2,0,121,80,320,2,True,5,3,True,True,1,1,2,849,150,4,849,150,4,False,True,Gale Thrust,60,False
92659740,672.6,WIN,False,103,14,TO_HAND,2,RESOURCE_MANAGEMENT,,,CARD,0,0,121,80,320,2,True,5,3,False,True,1,1,2,849,150,4,849,150,4,False,True,Gale Thrust,60,False
92659740,672.6,WIN,False,104,14,MAIN,8,RESOURCE_MANAGEMENT,PLAY_SUPPORTER,1227,PLAY,2,0,121,80,320,2,True,5,3,True,True,1,1,2,849,150,4,849,150,4,False,True,Gale Thrust,60,False
92659740,672.6,WIN,False,105,14,MAIN,10,ENERGY_MANAGEMENT,ATTACH_ENERGY,,ATTACH,2,0,121,80,320,2,True,5,3,True,True,1,1,2,849,150,4,849,150,4,False,True,Gale Thrust,60,False
92659740,672.6,WIN,False,106,14,MAIN,4,ATTACK_SELECTION,ATTACK,,ATTACK,2,1,121,80,320,2,True,5,3,True,True,1,1,2,849,150,4,849,0,4,False,True,Gale Thrust,60,False
92659740,672.6,WIN,False,107,14,DAMAGE_COUNTER_ANY,1,TARGET_SELECTION,,,CARD,0,0,121,80,320,2,True,5,3,False,True,1,1,2,849,0,4,849,0,4,False,True,Gale Thrust,60,False
92659740,672.6,WIN,False,108,14,DAMAGE_COUNTER_ANY,1,TARGET_SELECTION,,,CARD,0,0,121,80,320,2,True,5,3,False,True,1,1,2,849,0,4,849,0,4,False,True,Gale Thrust,60,False
92659740,672.6,WIN,False,109,14,DAMAGE_COUNTER_ANY,1,TARGET_SELECTION,,,CARD,0,0,121,80,320,2,True,5,3,False,True,1,1,2,849,0,4,849,0,4,False,True,Gale Thrust,60,False
92659740,672.6,WIN,False,110,14,DAMAGE_COUNTER_ANY,1,TARGET_SELECTION,,,CARD,0,0,121,80,320,2,True,5,3,False,True,1,1,2,849,0,4,849,0,4,False,True,Gale Thrust,60,False
92659740,672.6,WIN,False,111,14,DAMAGE_COUNTER_ANY,1,TARGET_SELECTION,,,CARD,0,0,121,80,320,2,True,5,3,False,True,1,1,2,849,0,4,849,0,4,False,True,Gale Thrust,60,False
92659740,672.6,WIN,False,112,14,DAMAGE_COUNTER_ANY,1,TARGET_SELECTION,,,CARD,0,0,121,80,320,2,True,5,3,False,True,1,1,2,849,0,4,,,4,False,True,Gale Thrust,60,False
