candidates,context,decision_num,game_id,game_index,game_outcome,game_steps,lookahead_choice_attack_id,lookahead_choice_card_id,lookahead_choice_option_type,lookahead_choice_rng_class,n10_disagreement,n10_fallback_reason,n10_in_scope,n10_lookahead_choice,n10_root_clone_latency_ms,n10_top_n_evaluated,n10_total_latency_ms,n10_v6_choice,n10_wall_ms,n3_disagreement,n3_fallback_reason,n3_in_scope,n3_lookahead_choice,n3_root_clone_latency_ms,n3_top_n_evaluated,n3_total_latency_ms,n3_v6_choice,n3_wall_ms,n5_disagreement,n5_fallback_reason,n5_in_scope,n5_lookahead_choice,n5_root_clone_latency_ms,n5_top_n_evaluated,n5_total_latency_ms,n5_v6_choice,n5_wall_ms,n_options,rss_mb,turn,v6_choice_attack_id,v6_choice_card_id,v6_choice_option_type,v6_choice_rng_class,v6_slot
"[{""index"": 0, ""option_type"": ""ATTACH"", ""attack_id"": null, ""card_id"": null, ""area"": ""HAND"", ""in_play_area"": ""ACTIVE"", ""v6_score"": 61000, ""rng_class"": ""DETERMINISTIC"", ""lookahead_score"": 60040.0, ""chain_steps"": 8, ""error"": null}, {""index"": 1, ""option_type"": ""PLAY"", ""attack_id"": null, ""card_id"": null, ""area"": null, ""in_play_area"": null, ""v6_score"": 35000, ""rng_class"": ""RNG_DEPENDENT"", ""lookahead_score"": 34040.0, ""chain_steps"": 8, ""error"": null}, {""index"": 5, ""option_type"": ""ATTACH"", ""attack_id"": null, ""card_id"": null, ""area"": ""HAND"", ""in_play_area"": ""ACTIVE"", ""v6_score"": 20000, ""rng_class"": ""DETERMINISTIC"", ""lookahead_score"": 18900.0, ""chain_steps"": 11, ""error"": null}, {""index"": 6, ""option_type"": ""END"", ""attack_id"": null, ""card_id"": null, ""area"": null, ""in_play_area"": null, ""v6_score"": 0, ""rng_class"": ""UNKNOWN"", ""lookahead_score"": -3310.0, ""chain_steps"": 1, ""error"": null}, {""index"": 2, ""option_type"": ""PLAY"", ""attack_id"": null, ""card_id"": null, ""area"": null, ""in_play_area"": null, ""v6_score"": -1, ""rng_class"": ""DETERMINISTIC"", ""lookahead_score"": -3061.0, ""chain_steps"": 5, ""error"": null}]",MAIN,0,1786649900_2d0df93e_0,0,v6_win,212,,,ATTACH,DETERMINISTIC,False,,True,[0],0.7025999948382378,7,35.197600023820996,[0],35.24410002864897,False,,True,[0],1.1405999539420009,3,24.048599996604025,[0],24.085099925287068,False,,True,[0],0.49650005530565977,5,21.85230003669858,[0],21.87419997062534,7,35.390625,2,,,ATTACH,DETERMINISTIC,0
"[{""index"": 0, ""option_type"": ""PLAY"", ""attack_id"": null, ""card_id"": null, ""area"": null, ""in_play_area"": null, ""v6_score"": 35000, ""rng_class"": ""RNG_DEPENDENT"", ""lookahead_score"": 35190.0, ""chain_steps"": 9, ""error"": null}, {""index"": 4, ""option_type"": ""ATTACH"", ""attack_id"": null, ""card_id"": null, ""area"": ""HAND"", ""in_play_area"": ""ACTIVE"", ""v6_score"": 20000, ""rng_class"": ""DETERMINISTIC"", ""lookahead_score"": 20190.0, ""chain_steps"": 9, ""error"": null}, {""index"": 5, ""option_type"": ""END"", ""attack_id"": null, ""card_id"": null, ""area"": null, ""in_play_area"": null, ""v6_score"": 0, ""rng_class"": ""UNKNOWN"", ""lookahead_score"": -3210.0, ""chain_steps"": 1, ""error"": null}, {""index"": 1, ""option_type"": ""PLAY"", ""attack_id"": null, ""card_id"": null, ""area"": null, ""in_play_area"": null, ""v6_score"": -1, ""rng_class"": ""DETERMINISTIC"", ""lookahead_score"": -3061.0, ""chain_steps"": 4, ""error"": null}, {""index"": 2, ""option_type"": ""PLAY"", ""attack_id"": null, ""card_id"": null, ""area"": null, ""in_play_area"": null, ""v6_score"": -1, ""rng_class"": ""DETERMINISTIC"", ""lookahead_score"": 2399.0, ""chain_steps"": 10, ""error"": null}]",MAIN,1,1786649900_2d0df93e_0,0,v6_win,212,,,PLAY,RNG_DEPENDENT,False,,True,[0],0.46200002543628216,6,24.838400073349476,[0],24.87470000050962,False,,True,[0],0.44520001392811537,3,12.080199900083244,[0],12.106499983929098,False,,True,[0],0.42640010360628366,5,22.33690000139177,[0],22.360000060871243,6,38.62109375,2,,,PLAY,RNG_DEPENDENT,0
"[{""index"": 3, ""option_type"": ""PLAY"", ""attack_id"": null, ""card_id"": null, ""area"": null, ""in_play_area"": null, ""v6_score"": 52000, ""rng_class"": ""DETERMINISTIC"", ""lookahead_score"": 52190.0, ""chain_steps"": 6, ""error"": null}, {""index"": 4, ""option_type"": ""PLAY"", ""attack_id"": null, ""card_id"": null, ""area"": null, ""in_play_area"": null, ""v6_score"": 51000, ""rng_class"": ""DETERMINISTIC"", ""lookahead_score"": 51190.0, ""chain_steps"": 6, ""error"": null}, {""index"": 2, ""option_type"": ""ATTACH"", ""attack_id"": null, ""card_id"": null, ""area"": ""HAND"", ""in_play_area"": ""ACTIVE"", ""v6_score"": 20000, ""rng_class"": ""DETERMINISTIC"", ""lookahead_score"": 20190.0, ""chain_steps"": 6, ""error"": null}, {""index"": 5, ""option_type"": ""END"", ""attack_id"": null, ""card_id"": null, ""area"": null, ""in_play_area"": null, ""v6_score"": 0, ""rng_class"": ""UNKNOWN"", ""lookahead_score"": -3210.0, ""chain_steps"": 1, ""error"": null}, {""index"": 0, ""option_type"": ""PLAY"", ""attack_id"": null, ""card_id"": null, ""area"": null, ""in_play_area"": null, ""v6_score"": -1, ""rng_class"": ""DETERMINISTIC"", ""lookahead_score"": 2399.0, ""chain_steps"": 7, ""error"": null}]",MAIN,2,1786649900_2d0df93e_0,0,v6_win,212,,,PLAY,DETERMINISTIC,False,,True,[3],0.44460000935941935,6,21.529999910853803,[3],21.554999984800816,False,,True,[3],0.4202999407425523,3,11.359299998730421,[3],11.37419999577105,False,,True,[3],0.3999999025836587,5,17.64590002130717,[3],17.666300060227513,6,38.84375,2,,,PLAY,DETERMINISTIC,0
"[{""index"": 4, ""option_type"": ""PLAY"", ""attack_id"": null, ""card_id"": null, ""area"": null, ""in_play_area"": null, ""v6_score"": 51000, ""rng_class"": ""DETERMINISTIC"", ""lookahead_score"": 51190.0, ""chain_steps"": 5, ""error"": null}, {""index"": 2, ""option_type"": ""ATTACH"", ""attack_id"": null, ""card_id"": null, ""area"": ""HAND"", ""in_play_area"": ""ACTIVE"", ""v6_score"": 20000, ""rng_class"": ""DETERMINISTIC"", ""lookahead_score"": 20190.0, ""chain_steps"": 5, ""error"": null}, {""index"": 5, ""option_type"": ""END"", ""attack_id"": null, ""card_id"": null, ""area"": null, ""in_play_area"": null, ""v6_score"": 0, ""rng_class"": ""UNKNOWN"", ""lookahead_score"": -2180.0, ""chain_steps"": 1, ""error"": null}, {""index"": 0, ""option_type"": ""PLAY"", ""attack_id"": null, ""card_id"": null, ""area"": null, ""in_play_area"": null, ""v6_score"": -1, ""rng_class"": ""DETERMINISTIC"", ""lookahead_score"": 2399.0, ""chain_steps"": 6, ""error"": null}, {""index"": 1, ""option_type"": ""PLAY"", ""attack_id"": null, ""card_id"": null, ""area"": null, ""in_play_area"": null, ""v6_score"": -1, ""rng_class"": ""DETERMINISTIC"", ""lookahead_score"": 189.0, ""chain_steps"": 6, ""error"": null}]",MAIN,3,1786649900_2d0df93e_0,0,v6_win,212,,,PLAY,DETERMINISTIC,False,,True,[4],0.40220003575086594,6,19.868900068104267,[4],19.886600086465478,False,,True,[4],0.40119991172105074,3,8.801899966783822,[4],8.828299934975803,False,,True,[4],0.4960000514984131,5,15.612400020472705,[4],15.630800044164062,6,39.15234375,2,,,PLAY,DETERMINISTIC,0
"[{""index"": 2, ""option_type"": ""ATTACH"", ""attack_id"": null, ""card_id"": null, ""area"": ""HAND"", ""in_play_area"": ""ACTIVE"", ""v6_score"": 20000, ""rng_class"": ""DETERMINISTIC"", ""lookahead_score"": 20190.0, ""chain_steps"": 4, ""error"": null}, {""index"": 5, ""option_type"": ""RETREAT"", ""attack_id"": null, ""card_id"": null, ""area"": null, ""in_play_area"": null, ""v6_score"": 10000, ""rng_class"": ""DETERMINISTIC"", ""lookahead_score"": 10190.0, ""chain_steps"": 4, ""error"": null}, {""index"": 6, ""option_type"": ""END"", ""attack_id"": null, ""card_id"": null, ""area"": null, ""in_play_area"": null, ""v6_score"": 0, ""rng_class"": ""UNKNOWN"", ""lookahead_score"": 30.0, ""chain_steps"": 1, ""error"": null}, {""index"": 0, ""option_type"": ""PLAY"", ""attack_id"": null, ""card_id"": null, ""area"": null, ""in_play_area"": null, ""v6_score"": -1, ""rng_class"": ""DETERMINISTIC"", ""lookahead_score"": 2399.0, ""chain_steps"": 5, ""error"": null}, {""index"": 1, ""option_type"": ""PLAY"", ""attack_id"": null, ""card_id"": null, ""area"": null, ""in_play_area"": null, ""v6_score"": -1, ""rng_class"": ""DETERMINISTIC"", ""lookahead_score"": 189.0, ""chain_steps"": 5, ""error"": null}]",MAIN,4,1786649900_2d0df93e_0,0,v6_win,212,,,ATTACH,DETERMINISTIC,False,,True,[2],0.4392999690026045,7,19.73370008636266,[2],19.752099993638694,False,,True,[2],0.45689998660236597,3,7.380300085060298,[2],7.404699921607971,False,,True,[2],0.4268999909982085,5,13.831499963998795,[2],13.849599985405803,7,39.31640625,2,,,ATTACH,DETERMINISTIC,0
"[{""index"": 2, ""option_type"": ""RETREAT"", ""attack_id"": null, ""card_id"": null, ""area"": null, ""in_play_area"": null, ""v6_score"": 10000, ""rng_class"": ""DETERMINISTIC"", ""lookahead_score"": 10190.0, ""chain_steps"": 3, ""error"": null}, {""index"": 3, ""option_type"": ""END"", ""attack_id"": null, ""card_id"": null, ""area"": null, ""in_play_area"": null, ""v6_score"": 0, ""rng_class"": ""UNKNOWN"", ""lookahead_score"": 180.0, ""chain_steps"": 1, ""error"": null}, {""index"": 0, ""option_type"": ""PLAY"", ""attack_id"": null, ""card_id"": null, ""area"": null, ""in_play_area"": null, ""v6_score"": -1, ""rng_class"": ""DETERMINISTIC"", ""lookahead_score"": 2399.0, ""chain_steps"": 4, ""error"": null}, {""index"": 1, ""option_type"": ""PLAY"", ""attack_id"": null, ""card_id"": null, ""area"": null, ""in_play_area"": null, ""v6_score"": -1, ""rng_class"": ""DETERMINISTIC"", ""lookahead_score"": 189.0, ""chain_steps"": 4, ""error"": null}]",MAIN,5,1786649900_2d0df93e_0,0,v6_win,212,,,RETREAT,DETERMINISTIC,False,,True,[2],0.4241999704390764,4,9.76809998974204,[2],9.785200003534555,False,,True,[2],0.41580002289265394,3,7.117200060747564,[2],7.133600069209933,False,,True,[2],0.4032000433653593,4,10.392500087618828,[2],10.408599977381527,4,39.4140625,2,,,RETREAT,DETERMINISTIC,0
"[{""index"": 2, ""option_type"": ""ATTACK"", ""attack_id"": 323, ""card_id"": null, ""area"": null, ""in_play_area"": null, ""v6_score"": 323, ""rng_class"": ""DETERMINISTIC"", ""lookahead_score"": 513.0, ""chain_steps"": 1, ""error"": null}, {""index"": 3, ""option_type"": ""END"", ""attack_id"": null, ""card_id"": null, ""area"": null, ""in_play_area"": null, ""v6_score"": 0, ""rng_class"": ""UNKNOWN"", ""lookahead_score"": 180.0, ""chain_steps"": 1, ""error"": null}, {""index"": 0, ""option_type"": ""PLAY"", ""attack_id"": null, ""card_id"": null, ""area"": null, ""in_play_area"": null, ""v6_score"": -1, ""rng_class"": ""DETERMINISTIC"", ""lookahead_score"": 2399.0, ""chain_steps"": 2, ""error"": null}, {""index"": 1, ""option_type"": ""PLAY"", ""attack_id"": null, ""card_id"": null, ""area"": null, ""in_play_area"": null, ""v6_score"": -1, ""rng_class"": ""DETERMINISTIC"", ""lookahead_score"": 189.0, ""chain_steps"": 2, ""error"": null}]",MAIN,6,1786649900_2d0df93e_0,0,v6_win,212,,,PLAY,DETERMINISTIC,True,,True,[0],0.408399966545403,4,8.73999996110797,[2],8.763300022110343,True,,True,[0],0.4053000593557954,3,5.123300012201071,[2],5.138400010764599,True,,True,[0],0.4168999148532748,4,6.992400041781366,[2],7.007800042629242,4,39.44140625,2,323,,ATTACK,DETERMINISTIC,0
"[{""index"": 0, ""option_type"": ""PLAY"", ""attack_id"": null, ""card_id"": null, ""area"": null, ""in_play_area"": null, ""v6_score"": 14000, ""rng_class"": ""DETERMINISTIC"", ""lookahead_score"": 11960.0, ""chain_steps"": 5, ""error"": null}, {""index"": 4, ""option_type"": ""ATTACK"", ""attack_id"": 323, ""card_id"": null, ""area"": null, ""in_play_area"": null, ""v6_score"": 323, ""rng_class"": ""DETERMINISTIC"", ""lookahead_score"": -1867.0, ""chain_steps"": 1, ""error"": null}, {""index"": 6, ""option_type"": ""END"", ""attack_id"": null, ""card_id"": null, ""area"": null, ""in_play_area"": null, ""v6_score"": 0, ""rng_class"": ""UNKNOWN"", ""lookahead_score"": -2200.0, ""chain_steps"": 1, ""error"": null}, {""index"": 1, ""option_type"": ""PLAY"", ""attack_id"": null, ""card_id"": null, ""area"": null, ""in_play_area"": null, ""v6_score"": -1, ""rng_class"": ""DETERMINISTIC"", ""lookahead_score"": -971.0, ""chain_steps"": 9, ""error"": null}, {""index"": 2, ""option_type"": ""PLAY"", ""attack_id"": null, ""card_id"": null, ""area"": null, ""in_play_area"": null, ""v6_score"": -1, ""rng_class"": ""DETERMINISTIC"", ""lookahead_score"": 1239.0, ""chain_steps"": 10, ""error"": null}]",MAIN,7,1786649900_2d0df93e_0,0,v6_win,212,,,PLAY,DETERMINISTIC,False,,True,[0],0.5411999300122261,7,42.133099981583655,[0],42.16230008751154,False,,True,[0],0.48420007806271315,3,7.01229996047914,[0],7.040999946184456,False,,True,[0],0.4493999294936657,5,21.440499927848577,[0],21.48330002091825,7,39.47265625,4,,,PLAY,DETERMINISTIC,0
"[{""index"": 0, ""option_type"": ""PLAY"", ""attack_id"": null, ""card_id"": null, ""area"": null, ""in_play_area"": null, ""v6_score"": 51000, ""rng_class"": ""DETERMINISTIC"", ""lookahead_score"": 49880.0, ""chain_steps"": 2, ""error"": null}, {""index"": 3, ""option_type"": ""ATTACK"", ""attack_id"": 323, ""card_id"": null, ""area"": null, ""in_play_area"": null, ""v6_score"": 323, ""rng_class"": ""DETERMINISTIC"", ""lookahead_score"": -1867.0, ""chain_steps"": 1, ""error"": null}, {""index"": 5, ""option_type"": ""END"", ""attack_id"": null, ""card_id"": null, ""area"": null, ""in_play_area"": null, ""v6_score"": 0, ""rng_class"": ""UNKNOWN"", ""lookahead_score"": -2200.0, ""chain_steps"": 1, ""error"": null}, {""index"": 1, ""option_type"": ""PLAY"", ""attack_id"": null, ""card_id"": null, ""area"": null, ""in_play_area"": null, ""v6_score"": -1, ""rng_class"": ""DETERMINISTIC"", ""lookahead_score"": 849.0, ""chain_steps"": 5, ""error"": null}, {""index"": 2, ""option_type"": ""PLAY"", ""attack_id"": null, ""card_id"": null, ""area"": null, ""in_play_area"": null, ""v6_score"": -1, ""rng_class"": ""DETERMINISTIC"", ""lookahead_score"": -1121.0, ""chain_steps"": 3, ""error"": null}]",MAIN,8,1786649900_2d0df93e_0,0,v6_win,212,,,PLAY,DETERMINISTIC,False,,True,[0],0.45629998203366995,6,16.332600032910705,[0],16.352999955415726,False,,True,[0],0.4605000140145421,3,4.821699927560985,[0],4.847200005315244,False,,True,[0],0.4460999043658376,5,12.882299954071641,[0],12.90329999756068,6,39.61328125,4,,,PLAY,DETERMINISTIC,0
"[{""index"": 2, ""option_type"": ""ATTACK"", ""attack_id"": 323, ""card_id"": null, ""area"": null, ""in_play_area"": null, ""v6_score"": 323, ""rng_class"": ""DETERMINISTIC"", ""lookahead_score"": -797.0, ""chain_steps"": 1, ""error"": null}, {""index"": 4, ""option_type"": ""END"", ""attack_id"": null, ""card_id"": null, ""area"": null, ""in_play_area"": null, ""v6_score"": 0, ""rng_class"": ""UNKNOWN"", ""lookahead_score"": -1130.0, ""chain_steps"": 1, ""error"": null}, {""index"": 0, ""option_type"": ""PLAY"", ""attack_id"": null, ""card_id"": null, ""area"": null, ""in_play_area"": null, ""v6_score"": -1, ""rng_class"": ""DETERMINISTIC"", ""lookahead_score"": 849.0, ""chain_steps"": 4, ""error"": null}, {""index"": 1, ""option_type"": ""PLAY"", ""attack_id"": null, ""card_id"": null, ""area"": null, ""in_play_area"": null, ""v6_score"": -1, ""rng_class"": ""DETERMINISTIC"", ""lookahead_score"": -1121.0, ""chain_steps"": 2, ""error"": null}, {""index"": 3, ""option_type"": ""RETREAT"", ""attack_id"": null, ""card_id"": null, ""area"": null, ""in_play_area"": null, ""v6_score"": -1, ""rng_class"": ""DETERMINISTIC"", ""lookahead_score"": -1131.0, ""chain_steps"": 3, ""error"": null}]",MAIN,9,1786649900_2d0df93e_0,0,v6_win,212,,,PLAY,DETERMINISTIC,True,,True,[0],0.4545999690890312,5,14.026999939233065,[2],14.044799958355725,True,,True,[0],0.4659000551328063,3,8.412800030782819,[2],8.429900044575334,True,,True,[0],0.41669991333037615,5,14.414100092835724,[2],14.435000019147992,5,39.73046875,4,323,,ATTACK,DETERMINISTIC,0
"[{""index"": 5, ""option_type"": ""PLAY"", ""attack_id"": null, ""card_id"": null, ""area"": null, ""in_play_area"": null, ""v6_score"": 45000, ""rng_class"": ""RNG_DEPENDENT"", ""lookahead_score"": 40730.0, ""chain_steps"": 10, ""error"": null}, {""index"": 0, ""option_type"": ""PLAY"", ""attack_id"": null, ""card_id"": null, ""area"": null, ""in_play_area"": null, ""v6_score"": 40000, ""rng_class"": ""RNG_DEPENDENT"", ""lookahead_score"": 37870.0, ""chain_steps"": 16, ""error"": null}, {""index"": 2, ""option_type"": ""PLAY"", ""attack_id"": null, ""card_id"": null, ""area"": null, ""in_play_area"": null, ""v6_score"": 14000, ""rng_class"": ""DETERMINISTIC"", ""lookahead_score"": 10110.0, ""chain_steps"": 5, ""error"": null}, {""index"": 6, ""option_type"": ""RETREAT"", ""attack_id"": null, ""card_id"": null, ""area"": null, ""in_play_area"": null, ""v6_score"": 10000, ""rng_class"": ""DETERMINISTIC"", ""lookahead_score"": 9000.0, ""chain_steps"": 13, ""error"": null}, {""index"": 7, ""option_type"": ""END"", ""attack_id"": null, ""card_id"": null, ""area"": null, ""in_play_area"": null, ""v6_score"": 0, ""rng_class"": ""UNKNOWN"", ""lookahead_score"": -5610.0, ""chain_steps"": 1, ""error"": null}]",MAIN,10,1786649900_2d0df93e_0,0,v6_win,212,,,PLAY,RNG_DEPENDENT,False,,True,[5],0.49349991604685783,8,106.66210006456822,[5],106.69609997421503,False,,True,[5],0.8505000732839108,3,41.26920003909618,[5],41.29429999738932,False,,True,[5],0.4825000651180744,5,34.82699999585748,[5],34.85519997775555,8,40.078125,6,,,PLAY,RNG_DEPENDENT,0
"[{""index"": 5, ""option_type"": ""PLAY"", ""attack_id"": null, ""card_id"": null, ""area"": null, ""in_play_area"": null, ""v6_score"": 52000, ""rng_class"": ""DETERMINISTIC"", ""lookahead_score"": 47730.0, ""chain_steps"": 14, ""error"": null}, {""index"": 0, ""option_type"": ""PLAY"", ""attack_id"": null, ""card_id"": null, ""area"": null, ""in_play_area"": null, ""v6_score"": 40000, ""rng_class"": ""RNG_DEPENDENT"", ""lookahead_score"": 36920.0, ""chain_steps"": 12, ""error"": null}, {""index"": 2, ""option_type"": ""PLAY"", ""attack_id"": null, ""card_id"": null, ""area"": null, ""in_play_area"": null, ""v6_score"": 14000, ""rng_class"": ""DETERMINISTIC"", ""lookahead_score"": 10650.0, ""chain_steps"": 13, ""error"": null}, {""index"": 6, ""option_type"": ""RETREAT"", ""attack_id"": null, ""card_id"": null, ""area"": null, ""in_play_area"": null, ""v6_score"": 10000, ""rng_class"": ""DETERMINISTIC"", ""lookahead_score"": 8290.0, ""chain_steps"": 13, ""error"": null}, {""index"": 7, ""option_type"": ""END"", ""attack_id"": null, ""card_id"": null, ""area"": null, ""in_play_area"": null, ""v6_score"": 0, ""rng_class"": ""UNKNOWN"", ""lookahead_score"": -5610.0, ""chain_steps"": 1, ""error"": null}]",MAIN,11,1786649900_2d0df93e_0,0,v6_win,212,,,PLAY,DETERMINISTIC,False,,True,[5],0.5068000173196197,8,83.7543000234291,[5],83.79320008680224,False,,True,[5],0.7142999675124884,3,37.20060002524406,[5],37.23020001780242,False,,True,[5],0.4881999921053648,5,40.19039997365326,[5],40.224700001999736,8,42.9296875,6,,,PLAY,DETERMINISTIC,0
"[{""index"": 0, ""option_type"": ""PLAY"", ""attack_id"": null, ""card_id"": null, ""area"": null, ""in_play_area"": null, ""v6_score"": 40000, ""rng_class"": ""RNG_DEPENDENT"", ""lookahead_score"": 36800.0, ""chain_steps"": 14, ""error"": null}, {""index"": 2, ""option_type"": ""PLAY"", ""attack_id"": null, ""card_id"": null, ""area"": null, ""in_play_area"": null, ""v6_score"": 14000, ""rng_class"": ""DETERMINISTIC"", ""lookahead_score"": 10650.0, ""chain_steps"": 12, ""error"": null}, {""index"": 5, ""option_type"": ""RETREAT"", ""attack_id"": null, ""card_id"": null, ""area"": null, ""in_play_area"": null, ""v6_score"": 10000, ""rng_class"": ""DETERMINISTIC"", ""lookahead_score"": 8150.0, ""chain_steps"": 12, ""error"": null}, {""index"": 6, ""option_type"": ""END"", ""attack_id"": null, ""card_id"": null, ""area"": null, ""in_play_area"": null, ""v6_score"": 0, ""rng_class"": ""UNKNOWN"", ""lookahead_score"": -4580.0, ""chain_steps"": 1, ""error"": null}, {""index"": 1, ""option_type"": ""PLAY"", ""attack_id"": null, ""card_id"": null, ""area"": null, ""in_play_area"": null, ""v6_score"": -1, ""rng_class"": ""RNG_DEPENDENT"", ""lookahead_score"": -1141.0, ""chain_steps"": 10, ""error"": null}]",MAIN,12,1786649900_2d0df93e_0,0,v6_win,212,,,PLAY,RNG_DEPENDENT,False,,True,[0],0.4806999349966645,7,75.05099999252707,[0],75.08879993110895,False,,True,[0],0.5320999771356583,3,40.309600066393614,[0],40.37479998078197,False,,True,[0],0.5232000257819891,5,47.303800005465746,[0],47.34009993262589,7,43.03125,6,,,PLAY,RNG_DEPENDENT,0
"[{""index"": 1, ""option_type"": ""PLAY"", ""attack_id"": null, ""card_id"": null, ""area"": null, ""in_play_area"": null, ""v6_score"": 14000, ""rng_class"": ""DETERMINISTIC"", ""lookahead_score"": 11870.0, ""chain_steps"": 8, ""error"": null}, {""index"": 4, ""option_type"": ""RETREAT"", ""attack_id"": null, ""card_id"": null, ""area"": null, ""in_play_area"": null, ""v6_score"": 10000, ""rng_class"": ""DETERMINISTIC"", ""lookahead_score"": 6800.0, ""chain_steps"": 8, ""error"": null}, {""index"": 5, ""option_type"": ""END"", ""attack_id"": null, ""card_id"": null, ""area"": null, ""in_play_area"": null, ""v6_score"": 0, ""rng_class"": ""UNKNOWN"", ""lookahead_score"": -4430.0, ""chain_steps"": 1, ""error"": null}, {""index"": 0, ""option_type"": ""PLAY"", ""attack_id"": null, ""card_id"": null, ""area"": null, ""in_play_area"": null, ""v6_score"": -1, ""rng_class"": ""RNG_DEPENDENT"", ""lookahead_score"": -1141.0, ""chain_steps"": 8, ""error"": null}, {""index"": 2, ""option_type"": ""PLAY"", ""attack_id"": null, ""card_id"": null, ""area"": null, ""in_play_area"": null, ""v6_score"": -1, ""rng_class"": ""DETERMINISTIC"", ""lookahead_score"": -91.0, ""chain_steps"": 16, ""error"": null}]",MAIN,13,1786649900_2d0df93e_0,0,v6_win,212,,,PLAY,DETERMINISTIC,False,,True,[1],0.6022000452503562,6,70.98770001903176,[1],71.03410002309829,False,,True,[1],0.5934999790042639,3,14.276399975642562,[1],14.30019992403686,False,,True,[1],0.45359996147453785,5,36.83530003763735,[1],36.878100014291704,6,43.109375,6,,,PLAY,DETERMINISTIC,0
"[{""index"": 9, ""option_type"": ""PLAY"", ""attack_id"": null, ""card_id"": null, ""area"": null, ""in_play_area"": null, ""v6_score"": 51000, ""rng_class"": ""DETERMINISTIC"", ""lookahead_score"": 47800.0, ""chain_steps"": 11, ""error"": null}, {""index"": 4, ""option_type"": ""PLAY"", ""attack_id"": null, ""card_id"": null, ""area"": null, ""in_play_area"": null, ""v6_score"": 45000, ""rng_class"": ""RNG_DEPENDENT"", ""lookahead_score"": 41950.0, ""chain_steps"": 14, ""error"": null}, {""index"": 2, ""option_type"": ""ATTACH"", ""attack_id"": null, ""card_id"": null, ""area"": ""HAND"", ""in_play_area"": ""BENCH"", ""v6_score"": 20100, ""rng_class"": ""DETERMINISTIC"", ""lookahead_score"": 17970.0, ""chain_steps"": 13, ""error"": null}, {""index"": 10, ""option_type"": ""RETREAT"", ""attack_id"": null, ""card_id"": null, ""area"": null, ""in_play_area"": null, ""v6_score"": 10000, ""rng_class"": ""DETERMINISTIC"", ""lookahead_score"": 6950.0, ""chain_steps"": 10, ""error"": null}, {""index"": 11, ""option_type"": ""END"", ""attack_id"": null, ""card_id"": null, ""area"": null, ""in_play_area"": null, ""v6_score"": 0, ""rng_class"": ""UNKNOWN"", ""lookahead_score"": -4430.0, ""chain_steps"": 1, ""error"": null}]",MAIN,14,1786649900_2d0df93e_0,0,v6_win,212,,,PLAY,DETERMINISTIC,False,,True,[9],0.5299999611452222,10,85.02360002603382,[9],85.0695000262931,False,,True,[9],0.6478000432252884,3,42.249999940395355,[9],42.297399952076375,False,,True,[9],1.057300018146634,5,63.758399919606745,[9],63.81309998687357,12,43.125,6,,,PLAY,DETERMINISTIC,0
"[{""index"": 5, ""option_type"": ""PLAY"", ""attack_id"": null, ""card_id"": null, ""area"": null, ""in_play_area"": null, ""v6_score"": 45000, ""rng_class"": ""RNG_DEPENDENT"", ""lookahead_score"": 41800.0, ""chain_steps"": 11, ""error"": null}, {""index"": 2, ""option_type"": ""ATTACH"", ""attack_id"": null, ""card_id"": null, ""area"": ""HAND"", ""in_play_area"": ""BENCH"", ""v6_score"": 20100, ""rng_class"": ""DETERMINISTIC"", ""lookahead_score"": 16900.0, ""chain_steps"": 10, ""error"": null}, {""index"": 4, ""option_type"": ""ATTACH"", ""attack_id"": null, ""card_id"": null, ""area"": ""HAND"", ""in_play_area"": ""BENCH"", ""v6_score"": 20100, ""rng_class"": ""DETERMINISTIC"", ""lookahead_score"": 16900.0, ""chain_steps"": 10, ""error"": null}, {""index"": 10, ""option_type"": ""RETREAT"", ""attack_id"": null, ""card_id"": null, ""area"": null, ""in_play_area"": null, ""v6_score"": 10000, ""rng_class"": ""DETERMINISTIC"", ""lookahead_score"": 6950.0, ""chain_steps"": 9, ""error"": null}, {""index"": 11, ""option_type"": ""END"", ""attack_id"": null, ""card_id"": null, ""area"": null, ""in_play_area"": null, ""v6_score"": 0, ""rng_class"": ""UNKNOWN"", ""lookahead_score"": -3360.0, ""chain_steps"": 1, ""error"": null}]",MAIN,15,1786649900_2d0df93e_0,0,v6_win,212,,,PLAY,RNG_DEPENDENT,False,,True,[5],0.5194999976083636,10,79.4180000666529,[5],79.45800002198666,False,,True,[5],0.5485001020133495,3,22.714699967764318,[5],22.816199925728142,False,,True,[5],0.5871000466868281,5,44.879899942316115,[5],44.94479997083545,12,43.31640625,6,,,PLAY,RNG_DEPENDENT,0
"[{""index"": 9, ""option_type"": ""EVOLVE"", ""attack_id"": null, ""card_id"": null, ""area"": ""HAND"", ""in_play_area"": ""ACTIVE"", ""v6_score"": 30001, ""rng_class"": ""DETERMINISTIC"", ""lookahead_score"": 27051.0, ""chain_steps"": 14, ""error"": null}, {""index"": 10, ""option_type"": ""EVOLVE"", ""attack_id"": null, ""card_id"": null, ""area"": ""HAND"", ""in_play_area"": ""BENCH"", ""v6_score"": 30000, ""rng_class"": ""DETERMINISTIC"", ""lookahead_score"": 27100.0, ""chain_steps"": 15, ""error"": null}, {""index"": 2, ""option_type"": ""ATTACH"", ""attack_id"": null, ""card_id"": null, ""area"": ""HAND"", ""in_play_area"": ""BENCH"", ""v6_score"": 20100, ""rng_class"": ""DETERMINISTIC"", ""lookahead_score"": 17050.0, ""chain_steps"": 13, ""error"": null}, {""index"": 4, ""option_type"": ""ATTACH"", ""attack_id"": null, ""card_id"": null, ""area"": ""HAND"", ""in_play_area"": ""BENCH"", ""v6_score"": 20100, ""rng_class"": ""DETERMINISTIC"", ""lookahead_score"": 17050.0, ""chain_steps"": 13, ""error"": null}, {""index"": 11, ""option_type"": ""RETREAT"", ""attack_id"": null, ""card_id"": null, ""area"": null, ""in_play_area"": null, ""v6_score"": 10000, ""rng_class"": ""DETERMINISTIC"", ""lookahead_score"": 7100.0, ""chain_steps"": 12, ""error"": null}]",MAIN,16,1786649900_2d0df93e_0,0,v6_win,212,,,EVOLVE,DETERMINISTIC,False,,True,[9],0.5583000602200627,10,100.29660002328455,[9],100.34220002125949,False,,True,[9],0.5627999780699611,3,46.108199981972575,[9],46.150500071235,True,,True,[10],0.5540000274777412,5,62.417800072580576,[9],62.46260006446391,13,43.31640625,6,,,EVOLVE,DETERMINISTIC,0
"[{""index"": 9, ""option_type"": ""ABILITY"", ""attack_id"": null, ""card_id"": null, ""area"": ""ACTIVE"", ""in_play_area"": null, ""v6_score"": 40000, ""rng_class"": ""DETERMINISTIC"", ""lookahead_score"": 36800.0, ""chain_steps"": 7, ""error"": null}, {""index"": 2, ""option_type"": ""ATTACH"", ""attack_id"": null, ""card_id"": null, ""area"": ""HAND"", ""in_play_area"": ""BENCH"", ""v6_score"": 20100, ""rng_class"": ""DETERMINISTIC"", ""lookahead_score"": 16900.0, ""chain_steps"": 7, ""error"": null}, {""index"": 4, ""option_type"": ""ATTACH"", ""attack_id"": null, ""card_id"": null, ""area"": ""HAND"", ""in_play_area"": ""BENCH"", ""v6_score"": 20100, ""rng_class"": ""DETERMINISTIC"", ""lookahead_score"": 16900.0, ""chain_steps"": 7, ""error"": null}, {""index"": 10, ""option_type"": ""RETREAT"", ""attack_id"": null, ""card_id"": null, ""area"": null, ""in_play_area"": null, ""v6_score"": 10000, ""rng_class"": ""DETERMINISTIC"", ""lookahead_score"": 6800.0, ""chain_steps"": 7, ""error"": null}, {""index"": 11, ""option_type"": ""END"", ""attack_id"": null, ""card_id"": null, ""area"": null, ""in_play_area"": null, ""v6_score"": 0, ""rng_class"": ""UNKNOWN"", ""lookahead_score"": -3210.0, ""chain_steps"": 1, ""error"": null}]",MAIN,17,1786649900_2d0df93e_0,0,v6_win,212,,,ABILITY,DETERMINISTIC,False,,True,[9],0.5334001034498215,10,85.70960001088679,[9],85.75339999515563,False,,True,[9],0.9170999983325601,3,23.310899967327714,[9],23.36059999652207,False,,True,[9],0.5348999984562397,5,32.860000035725534,[9],32.910200068727136,12,43.31640625,6,,,ABILITY,DETERMINISTIC,0
"[{""index"": 2, ""option_type"": ""ATTACH"", ""attack_id"": null, ""card_id"": null, ""area"": ""HAND"", ""in_play_area"": ""BENCH"", ""v6_score"": 20100, ""rng_class"": ""DETERMINISTIC"", ""lookahead_score"": 16900.0, ""chain_steps"": 5, ""error"": null}, {""index"": 4, ""option_type"": ""ATTACH"", ""attack_id"": null, ""card_id"": null, ""area"": ""HAND"", ""in_play_area"": ""BENCH"", ""v6_score"": 20100, ""rng_class"": ""DETERMINISTIC"", ""lookahead_score"": 16900.0, ""chain_steps"": 5, ""error"": null}, {""index"": 9, ""option_type"": ""RETREAT"", ""attack_id"": null, ""card_id"": null, ""area"": null, ""in_play_area"": null, ""v6_score"": 10000, ""rng_class"": ""DETERMINISTIC"", ""lookahead_score"": 6800.0, ""chain_steps"": 5, ""error"": null}, {""index"": 10, ""option_type"": ""END"", ""attack_id"": null, ""card_id"": null, ""area"": null, ""in_play_area"": null, ""v6_score"": 0, ""rng_class"": ""UNKNOWN"", ""lookahead_score"": -3210.0, ""chain_steps"": 1, ""error"": null}, {""index"": 0, ""option_type"": ""ATTACH"", ""attack_id"": null, ""card_id"": null, ""area"": ""HAND"", ""in_play_area"": ""ACTIVE"", ""v6_score"": -1, ""rng_class"": ""DETERMINISTIC"", ""lookahead_score"": -3201.0, ""chain_steps"": 5, ""error"": null}]",MAIN,18,1786649900_2d0df93e_0,0,v6_win,212,,,ATTACH,DETERMINISTIC,False,,True,[2],0.5498999962583184,10,66.12910004332662,[2],66.21090008411556,False,,True,[2],0.5174999823793769,3,18.653000006452203,[2],18.683700007386506,False,,True,[2],0.4963000537827611,5,27.281400049105287,[2],27.31189993210137,11,43.50390625,6,,,ATTACH,DETERMINISTIC,0
"[{""index"": 4, ""option_type"": ""RETREAT"", ""attack_id"": null, ""card_id"": null, ""area"": null, ""in_play_area"": null, ""v6_score"": 10000, ""rng_class"": ""DETERMINISTIC"", ""lookahead_score"": 6800.0, ""chain_steps"": 4, ""error"": null}, {""index"": 5, ""option_type"": ""END"", ""attack_id"": null, ""card_id"": null, ""area"": null, ""in_play_area"": null, ""v6_score"": 0, ""rng_class"": ""UNKNOWN"", ""lookahead_score"": -3060.0, ""chain_steps"": 1, ""error"": null}, {""index"": 0, ""option_type"": ""PLAY"", ""attack_id"": null, ""card_id"": null, ""area"": null, ""in_play_area"": null, ""v6_score"": -1, ""rng_class"": ""RNG_DEPENDENT"", ""lookahead_score"": -3051.0, ""chain_steps"": 10, ""error"": null}, {""index"": 1, ""option_type"": ""PLAY"", ""attack_id"": null, ""card_id"": null, ""area"": null, ""in_play_area"": null, ""v6_score"": -1, ""rng_class"": ""DETERMINISTIC"", ""lookahead_score"": -1231.0, ""chain_steps"": 7, ""error"": null}, {""index"": 2, ""option_type"": ""PLAY"", ""attack_id"": null, ""card_id"": null, ""area"": null, ""in_play_area"": null, ""v6_score"": -1, ""rng_class"": ""DETERMINISTIC"", ""lookahead_score"": -3051.0, ""chain_steps"": 12, ""error"": null}]",MAIN,19,1786649900_2d0df93e_0,0,v6_win,212,,,RETREAT,DETERMINISTIC,False,,True,[4],0.586699927225709,6,53.71279991231859,[4],53.74180001672357,False,,True,[4],0.533199985511601,3,18.05790001526475,[4],18.08309997431934,False,,True,[4],0.4627000307664275,5,39.45469995960593,[4],39.51759997289628,6,43.51171875,6,,,RETREAT,DETERMINISTIC,0
"[{""index"": 4, ""option_type"": ""ATTACK"", ""attack_id"": 323, ""card_id"": null, ""area"": null, ""in_play_area"": null, ""v6_score"": 323, ""rng_class"": ""DETERMINISTIC"", ""lookahead_score"": -2877.0, ""chain_steps"": 1, ""error"": null}, {""index"": 5, ""option_type"": ""END"", ""attack_id"": null, ""card_id"": null, ""area"": null, ""in_play_area"": null, ""v6_score"": 0, ""rng_class"": ""UNKNOWN"", ""lookahead_score"": -3210.0, ""chain_steps"": 1, ""error"": null}, {""index"": 0, ""option_type"": ""PLAY"", ""attack_id"": null, ""card_id"": null, ""area"": null, ""in_play_area"": null, ""v6_score"": -1, ""rng_class"": ""RNG_DEPENDENT"", ""lookahead_score"": -3051.0, ""chain_steps"": 7, ""error"": null}, {""index"": 1, ""option_type"": ""PLAY"", ""attack_id"": null, ""card_id"": null, ""area"": null, ""in_play_area"": null, ""v6_score"": -1, ""rng_class"": ""DETERMINISTIC"", ""lookahead_score"": -1231.0, ""chain_steps"": 4, ""error"": null}, {""index"": 2, ""option_type"": ""PLAY"", ""attack_id"": null, ""card_id"": null, ""area"": null, ""in_play_area"": null, ""v6_score"": -1, ""rng_class"": ""DETERMINISTIC"", ""lookahead_score"": -3201.0, ""chain_steps"": 3, ""error"": null}]",MAIN,20,1786649900_2d0df93e_0,0,v6_win,212,,,PLAY,DETERMINISTIC,True,,True,[1],0.484999967738986,6,36.150500061921775,[4],36.17680002935231,False,,True,[4],0.5728000542148948,3,15.943799982778728,[4],15.973399975337088,True,,True,[1],0.5019999807700515,5,25.558599969372153,[4],25.589599972590804,6,43.5234375,6,323,,ATTACK,DETERMINISTIC,0
"[{""index"": 1, ""option_type"": ""EVOLVE"", ""attack_id"": null, ""card_id"": null, ""area"": ""HAND"", ""in_play_area"": ""BENCH"", ""v6_score"": 70000, ""rng_class"": ""DETERMINISTIC"", ""lookahead_score"": 65890.0, ""chain_steps"": 10, ""error"": null}, {""index"": 5, ""option_type"": ""ABILITY"", ""attack_id"": null, ""card_id"": null, ""area"": ""BENCH"", ""in_play_area"": null, ""v6_score"": 40000, ""rng_class"": ""DETERMINISTIC"", ""lookahead_score"": 38180.0, ""chain_steps"": 19, ""error"": null}, {""index"": 3, ""option_type"": ""PLAY"", ""attack_id"": null, ""card_id"": null, ""area"": null, ""in_play_area"": null, ""v6_score"": 14000, ""rng_class"": ""DETERMINISTIC"", ""lookahead_score"": 11810.0, ""chain_steps"": 11, ""error"": null}, {""index"": 6, ""option_type"": ""RETREAT"", ""attack_id"": null, ""card_id"": null, ""area"": null, ""in_play_area"": null, ""v6_score"": 10000, ""rng_class"": ""DETERMINISTIC"", ""lookahead_score"": 6370.0, ""chain_steps"": 18, ""error"": null}, {""index"": 7, ""option_type"": ""END"", ""attack_id"": null, ""card_id"": null, ""area"": null, ""in_play_area"": null, ""v6_score"": 0, ""rng_class"": ""UNKNOWN"", ""lookahead_score"": -5680.0, ""chain_steps"": 1, ""error"": null}]",MAIN,21,1786649900_2d0df93e_0,0,v6_win,212,,,EVOLVE,DETERMINISTIC,False,,True,[1],0.4963999381288886,8,59.207199956290424,[1],59.254499967209995,False,,True,[1],0.49540004692971706,3,52.556400070898235,[1],52.59249999653548,False,,True,[1],0.48429996240884066,5,49.54369994811714,[1],49.57539995666593,8,43.78125,8,,,EVOLVE,DETERMINISTIC,0
"[{""index"": 2, ""option_type"": ""PLAY"", ""attack_id"": null, ""card_id"": null, ""area"": null, ""in_play_area"": null, ""v6_score"": 14000, ""rng_class"": ""DETERMINISTIC"", ""lookahead_score"": 13170.0, ""chain_steps"": 11, ""error"": null}, {""index"": 4, ""option_type"": ""RETREAT"", ""attack_id"": null, ""card_id"": null, ""area"": null, ""in_play_area"": null, ""v6_score"": 10000, ""rng_class"": ""DETERMINISTIC"", ""lookahead_score"": 7190.0, ""chain_steps"": 12, ""error"": null}, {""index"": 5, ""option_type"": ""END"", ""attack_id"": null, ""card_id"": null, ""area"": null, ""in_play_area"": null, ""v6_score"": 0, ""rng_class"": ""UNKNOWN"", ""lookahead_score"": -4330.0, ""chain_steps"": 1, ""error"": null}, {""index"": 0, ""option_type"": ""PLAY"", ""attack_id"": null, ""card_id"": null, ""area"": null, ""in_play_area"": null, ""v6_score"": -1, ""rng_class"": ""DETERMINISTIC"", ""lookahead_score"": -491.0, ""chain_steps"": 18, ""error"": null}, {""index"": 1, ""option_type"": ""PLAY"", ""attack_id"": null, ""card_id"": null, ""area"": null, ""in_play_area"": null, ""v6_score"": -1, ""rng_class"": ""DETERMINISTIC"", ""lookahead_score"": -3811.0, ""chain_steps"": 19, ""error"": null}]",MAIN,22,1786649900_2d0df93e_0,0,v6_win,212,,,PLAY,DETERMINISTIC,False,,True,[2],0.5062000127509236,6,48.564499942585826,[2],48.60249999910593,False,,True,[2],0.5170999793335795,3,28.846099972724915,[2],28.888100059702992,False,,True,[2],0.49180001951754093,5,50.27040001004934,[2],50.3006000071764,6,43.7890625,8,,,PLAY,DETERMINISTIC,0
"[{""index"": 8, ""option_type"": ""PLAY"", ""attack_id"": null, ""card_id"": null, ""area"": null, ""in_play_area"": null, ""v6_score"": 40000, ""rng_class"": ""RNG_DEPENDENT"", ""lookahead_score"": 36040.0, ""chain_steps"": 6, ""error"": null}, {""index"": 6, ""option_type"": ""ATTACH"", ""attack_id"": null, ""card_id"": null, ""area"": ""HAND"", ""in_play_area"": ""BENCH"", ""v6_score"": 20150, ""rng_class"": ""DETERMINISTIC"", ""lookahead_score"": 16190.0, ""chain_steps"": 6, ""error"": null}, {""index"": 7, ""option_type"": ""ATTACH"", ""attack_id"": null, ""card_id"": null, ""area"": ""HAND"", ""in_play_area"": ""BENCH"", ""v6_score"": 20100, ""rng_class"": ""DETERMINISTIC"", ""lookahead_score"": 16070.0, ""chain_steps"": 6, ""error"": null}, {""index"": 9, ""option_type"": ""RETREAT"", ""attack_id"": null, ""card_id"": null, ""area"": null, ""in_play_area"": null, ""v6_score"": 10000, ""rng_class"": ""DETERMINISTIC"", ""lookahead_score"": 5970.0, ""chain_steps"": 6, ""error"": null}, {""index"": 10, ""option_type"": ""END"", ""attack_id"": null, ""card_id"": null, ""area"": null, ""in_play_area"": null, ""v6_score"": 0, ""rng_class"": ""UNKNOWN"", ""lookahead_score"": -4330.0, ""chain_steps"": 1, ""error"": null}]",MAIN,23,1786649900_2d0df93e_0,0,v6_win,212,,,PLAY,RNG_DEPENDENT,False,,True,[8],0.5382000235840678,10,54.39910001587123,[8],54.44929993245751,False,,True,[8],0.5134000675752759,3,14.372900011949241,[8],14.398299972526729,False,,True,[8],0.520500005222857,5,22.098399931564927,[8],22.14679995086044,11,43.8125,8,,,PLAY,RNG_DEPENDENT,0
"[{""index"": 6, ""option_type"": ""ATTACH"", ""attack_id"": null, ""card_id"": null, ""area"": ""HAND"", ""in_play_area"": ""BENCH"", ""v6_score"": 20150, ""rng_class"": ""DETERMINISTIC"", ""lookahead_score"": 16190.0, ""chain_steps"": 4, ""error"": null}, {""index"": 7, ""option_type"": ""ATTACH"", ""attack_id"": null, ""card_id"": null, ""area"": ""HAND"", ""in_play_area"": ""BENCH"", ""v6_score"": 20100, ""rng_class"": ""DETERMINISTIC"", ""lookahead_score"": 16070.0, ""chain_steps"": 4, ""error"": null}, {""index"": 8, ""option_type"": ""RETREAT"", ""attack_id"": null, ""card_id"": null, ""area"": null, ""in_play_area"": null, ""v6_score"": 10000, ""rng_class"": ""DETERMINISTIC"", ""lookahead_score"": 5970.0, ""chain_steps"": 4, ""error"": null}, {""index"": 9, ""option_type"": ""END"", ""attack_id"": null, ""card_id"": null, ""area"": null, ""in_play_area"": null, ""v6_score"": 0, ""rng_class"": ""UNKNOWN"", ""lookahead_score"": -4180.0, ""chain_steps"": 1, ""error"": null}, {""index"": 0, ""option_type"": ""PLAY"", ""attack_id"": null, ""card_id"": null, ""area"": null, ""in_play_area"": null, ""v6_score"": -1, ""rng_class"": ""DETERMINISTIC"", ""lookahead_score"": -3961.0, ""chain_steps"": 5, ""error"": null}]",MAIN,24,1786649900_2d0df93e_0,0,v6_win,212,,,ATTACH,DETERMINISTIC,False,,True,[6],0.5435999482870102,10,49.95709995273501,[6],50.034499960020185,False,,True,[6],0.5197999998927116,3,20.22860001306981,[6],20.256400108337402,False,,True,[6],0.525499926880002,5,21.558000007644296,[6],21.62840007804334,10,43.89453125,8,,,ATTACH,DETERMINISTIC,0
"[{""index"": 4, ""option_type"": ""RETREAT"", ""attack_id"": null, ""card_id"": null, ""area"": null, ""in_play_area"": null, ""v6_score"": 10000, ""rng_class"": ""DETERMINISTIC"", ""lookahead_score"": 6040.0, ""chain_steps"": 3, ""error"": null}, {""index"": 5, ""option_type"": ""END"", ""attack_id"": null, ""card_id"": null, ""area"": null, ""in_play_area"": null, ""v6_score"": 0, ""rng_class"": ""UNKNOWN"", ""lookahead_score"": -4030.0, ""chain_steps"": 1, ""error"": null}, {""index"": 0, ""option_type"": ""PLAY"", ""attack_id"": null, ""card_id"": null, ""area"": null, ""in_play_area"": null, ""v6_score"": -1, ""rng_class"": ""DETERMINISTIC"", ""lookahead_score"": -3961.0, ""chain_steps"": 4, ""error"": null}, {""index"": 1, ""option_type"": ""PLAY"", ""attack_id"": null, ""card_id"": null, ""area"": null, ""in_play_area"": null, ""v6_score"": -1, ""rng_class"": ""RNG_DEPENDENT"", ""lookahead_score"": -1821.0, ""chain_steps"": 5, ""error"": null}, {""index"": 2, ""option_type"": ""PLAY"", ""attack_id"": null, ""card_id"": null, ""area"": null, ""in_play_area"": null, ""v6_score"": -1, ""rng_class"": ""DETERMINISTIC"", ""lookahead_score"": -921.0, ""chain_steps"": 8, ""error"": null}]",MAIN,25,1786649900_2d0df93e_0,0,v6_win,212,,,RETREAT,DETERMINISTIC,False,,True,[4],0.5350999999791384,6,28.715500026009977,[4],28.73989997897297,False,,True,[4],0.5296999588608742,3,10.871700011193752,[4],10.895000072196126,False,,True,[4],0.4787000361829996,5,23.186100064776838,[4],23.216200061142445,6,43.90234375,8,,,RETREAT,DETERMINISTIC,0
"[{""index"": 4, ""option_type"": ""ATTACK"", ""attack_id"": 153, ""card_id"": null, ""area"": null, ""in_play_area"": null, ""v6_score"": 153, ""rng_class"": ""DETERMINISTIC"", ""lookahead_score"": -3807.0, ""chain_steps"": 1, ""error"": null}, {""index"": 5, ""option_type"": ""END"", ""attack_id"": null, ""card_id"": null, ""area"": null, ""in_play_area"": null, ""v6_score"": 0, ""rng_class"": ""UNKNOWN"", ""lookahead_score"": -4030.0, ""chain_steps"": 1, ""error"": null}, {""index"": 0, ""option_type"": ""PLAY"", ""attack_id"": null, ""card_id"": null, ""area"": null, ""in_play_area"": null, ""v6_score"": -1, ""rng_class"": ""DETERMINISTIC"", ""lookahead_score"": -3961.0, ""chain_steps"": 2, ""error"": null}, {""index"": 1, ""option_type"": ""PLAY"", ""attack_id"": null, ""card_id"": null, ""area"": null, ""in_play_area"": null, ""v6_score"": -1, ""rng_class"": ""RNG_DEPENDENT"", ""lookahead_score"": -1821.0, ""chain_steps"": 3, ""error"": null}, {""index"": 2, ""option_type"": ""PLAY"", ""attack_id"": null, ""card_id"": null, ""area"": null, ""in_play_area"": null, ""v6_score"": -1, ""rng_class"": ""DETERMINISTIC"", ""lookahead_score"": -921.0, ""chain_steps"": 6, ""error"": null}]",MAIN,26,1786649900_2d0df93e_0,0,v6_win,212,,,PLAY,DETERMINISTIC,True,,True,[2],0.47660002019256353,6,21.23679989017546,[4],21.26690000295639,False,,True,[4],0.5556999240070581,3,8.49399995058775,[4],8.522499934770167,True,,True,[2],0.4931000294163823,5,17.105799983255565,[4],17.144300043582916,6,43.90234375,8,153,,ATTACK,DETERMINISTIC,0
"[{""index"": 1, ""option_type"": ""PLAY"", ""attack_id"": null, ""card_id"": null, ""area"": null, ""in_play_area"": null, ""v6_score"": 35000, ""rng_class"": ""RNG_DEPENDENT"", ""lookahead_score"": 30940.0, ""chain_steps"": 14, ""error"": null}, {""index"": 7, ""option_type"": ""ATTACK"", ""attack_id"": 153, ""card_id"": null, ""area"": null, ""in_play_area"": null, ""v6_score"": 153, ""rng_class"": ""DETERMINISTIC"", ""lookahead_score"": -6537.0, ""chain_steps"": 1, ""error"": null}, {""index"": 9, ""option_type"": ""END"", ""attack_id"": null, ""card_id"": null, ""area"": null, ""in_play_area"": null, ""v6_score"": 0, ""rng_class"": ""UNKNOWN"", ""lookahead_score"": -6760.0, ""chain_steps"": 1, ""error"": null}, {""index"": 0, ""option_type"": ""PLAY"", ""attack_id"": null, ""card_id"": null, ""area"": null, ""in_play_area"": null, ""v6_score"": -1, ""rng_class"": ""DETERMINISTIC"", ""lookahead_score"": -4061.0, ""chain_steps"": 15, ""error"": null}, {""index"": 2, ""option_type"": ""PLAY"", ""attack_id"": null, ""card_id"": null, ""area"": null, ""in_play_area"": null, ""v6_score"": -1, ""rng_class"": ""RNG_DEPENDENT"", ""lookahead_score"": -4061.0, ""chain_steps"": 14, ""error"": null}]",MAIN,27,1786649900_2d0df93e_0,0,v6_win,212,,,PLAY,RNG_DEPENDENT,False,,True,[1],0.5536999087780714,10,111.29189992789179,[1],111.34269996546209,False,,True,[1],0.5500999977812171,3,18.13599991146475,[1],18.253699992783368,False,,True,[1],0.775399967096746,5,45.44550005812198,[1],45.49519997090101,10,43.90625,10,,,PLAY,RNG_DEPENDENT,0
"[{""index"": 9, ""option_type"": ""ATTACH"", ""attack_id"": null, ""card_id"": null, ""area"": ""HAND"", ""in_play_area"": ""BENCH"", ""v6_score"": 20100, ""rng_class"": ""DETERMINISTIC"", ""lookahead_score"": 13900.0, ""chain_steps"": 8, ""error"": null}, {""index"": 11, ""option_type"": ""ATTACK"", ""attack_id"": 154, ""card_id"": null, ""area"": null, ""in_play_area"": null, ""v6_score"": 154, ""rng_class"": ""DETERMINISTIC"", ""lookahead_score"": -6196.0, ""chain_steps"": 7, ""error"": null}, {""index"": 10, ""option_type"": ""ATTACK"", ""attack_id"": 153, ""card_id"": null, ""area"": null, ""in_play_area"": null, ""v6_score"": 153, ""rng_class"": ""DETERMINISTIC"", ""lookahead_score"": -6387.0, ""chain_steps"": 1, ""error"": null}, {""index"": 13, ""option_type"": ""END"", ""attack_id"": null, ""card_id"": null, ""area"": null, ""in_play_area"": null, ""v6_score"": 0, ""rng_class"": ""UNKNOWN"", ""lookahead_score"": -6610.0, ""chain_steps"": 1, ""error"": null}, {""index"": 0, ""option_type"": ""PLAY"", ""attack_id"": null, ""card_id"": null, ""area"": null, ""in_play_area"": null, ""v6_score"": -1, ""rng_class"": ""DETERMINISTIC"", ""lookahead_score"": -6201.0, ""chain_steps"": 9, ""error"": null}]",MAIN,28,1786649900_2d0df93e_0,0,v6_win,212,,,ATTACH,DETERMINISTIC,False,,True,[9],0.5321999778971076,10,77.06579996738583,[9],77.13079999666661,False,,True,[9],0.6877999985590577,3,16.703999950550497,[9],16.758100013248622,False,,True,[9],0.546799972653389,5,24.915699963457882,[9],24.95029999408871,14,43.90625,10,,,ATTACH,DETERMINISTIC,0
"[{""index"": 7, ""option_type"": ""ATTACK"", ""attack_id"": 154, ""card_id"": null, ""area"": null, ""in_play_area"": null, ""v6_score"": 154, ""rng_class"": ""DETERMINISTIC"", ""lookahead_score"": -6046.0, ""chain_steps"": 7, ""error"": null}, {""index"": 6, ""option_type"": ""ATTACK"", ""attack_id"": 153, ""card_id"": null, ""area"": null, ""in_play_area"": null, ""v6_score"": 153, ""rng_class"": ""DETERMINISTIC"", ""lookahead_score"": -6237.0, ""chain_steps"": 1, ""error"": null}, {""index"": 9, ""option_type"": ""END"", ""attack_id"": null, ""card_id"": null, ""area"": null, ""in_play_area"": null, ""v6_score"": 0, ""rng_class"": ""UNKNOWN"", ""lookahead_score"": -6460.0, ""chain_steps"": 1, ""error"": null}, {""index"": 0, ""option_type"": ""PLAY"", ""attack_id"": null, ""card_id"": null, ""area"": null, ""in_play_area"": null, ""v6_score"": -1, ""rng_class"": ""DETERMINISTIC"", ""lookahead_score"": -6201.0, ""chain_steps"": 8, ""error"": null}, {""index"": 1, ""option_type"": ""PLAY"", ""attack_id"": null, ""card_id"": null, ""area"": null, ""in_play_area"": null, ""v6_score"": -1, ""rng_class"": ""RNG_DEPENDENT"", ""lookahead_score"": -4061.0, ""chain_steps"": 9, ""error"": null}]",MAIN,29,1786649900_2d0df93e_0,0,v6_win,212,,,PLAY,RNG_DEPENDENT,True,,True,[2],0.5644999910145998,10,67.65890005044639,[7],67.70440004765987,False,,True,[7],0.547999981790781,3,9.91919997613877,[7],9.954200009815395,True,,True,[1],0.5305999657139182,5,34.52310001011938,[7],34.574200049974024,10,43.90625,10,154,,ATTACK,DETERMINISTIC,0
"[{""index"": 3, ""option_type"": ""PLAY"", ""attack_id"": null, ""card_id"": null, ""area"": null, ""in_play_area"": null, ""v6_score"": 50000, ""rng_class"": ""DETERMINISTIC"", ""lookahead_score"": 47110.0, ""chain_steps"": 20, ""error"": null}, {""index"": 1, ""option_type"": ""PLAY"", ""attack_id"": null, ""card_id"": null, ""area"": null, ""in_play_area"": null, ""v6_score"": 35000, ""rng_class"": ""DETERMINISTIC"", ""lookahead_score"": 31230.0, ""chain_steps"": 13, ""error"": null}, {""index"": 4, ""option_type"": ""EVOLVE"", ""attack_id"": null, ""card_id"": null, ""area"": ""HAND"", ""in_play_area"": ""BENCH"", ""v6_score"": 30001, ""rng_class"": ""DETERMINISTIC"", ""lookahead_score"": 29271.0, ""chain_steps"": 18, ""error"": null}, {""index"": 5, ""option_type"": ""EVOLVE"", ""attack_id"": null, ""card_id"": null, ""area"": ""HAND"", ""in_play_area"": ""BENCH"", ""v6_score"": 30001, ""rng_class"": ""DETERMINISTIC"", ""lookahead_score"": 30771.0, ""chain_steps"": 20, ""error"": null}, {""index"": 8, ""option_type"": ""ATTACK"", ""attack_id"": 154, ""card_id"": null, ""area"": null, ""in_play_area"": null, ""v6_score"": 154, ""rng_class"": ""DETERMINISTIC"", ""lookahead_score"": 2454.0, ""chain_steps"": 9, ""error"": null}]",MAIN,30,1786649900_2d0df93e_0,0,v6_win,212,,,PLAY,DETERMINISTIC,False,,True,[3],0.5378000205382705,10,141.11239998601377,[3],141.17820002138615,False,,True,[3],0.5686000222340226,3,48.156100092455745,[3],48.1987000675872,False,,True,[3],0.8643999462947249,5,79.32260003872216,[3],79.37580009456724,11,43.91796875,12,,,PLAY,DETERMINISTIC,0
"[{""index"": 1, ""option_type"": ""PLAY"", ""attack_id"": null, ""card_id"": null, ""area"": null, ""in_play_area"": null, ""v6_score"": 35000, ""rng_class"": ""DETERMINISTIC"", ""lookahead_score"": 33350.0, ""chain_steps"": 16, ""error"": null}, {""index"": 3, ""option_type"": ""EVOLVE"", ""attack_id"": null, ""card_id"": null, ""area"": ""HAND"", ""in_play_area"": ""BENCH"", ""v6_score"": 30001, ""rng_class"": ""DETERMINISTIC"", ""lookahead_score"": 28351.0, ""chain_steps"": 16, ""error"": null}, {""index"": 4, ""option_type"": ""EVOLVE"", ""attack_id"": null, ""card_id"": null, ""area"": ""HAND"", ""in_play_area"": ""BENCH"", ""v6_score"": 30001, ""rng_class"": ""DETERMINISTIC"", ""lookahead_score"": 28351.0, ""chain_steps"": 16, ""error"": null}, {""index"": 8, ""option_type"": ""ATTACK"", ""attack_id"": 154, ""card_id"": null, ""area"": null, ""in_play_area"": null, ""v6_score"": 154, ""rng_class"": ""DETERMINISTIC"", ""lookahead_score"": 4424.0, ""chain_steps"": 9, ""error"": null}, {""index"": 7, ""option_type"": ""ATTACK"", ""attack_id"": 153, ""card_id"": null, ""area"": null, ""in_play_area"": null, ""v6_score"": 153, ""rng_class"": ""DETERMINISTIC"", ""lookahead_score"": -4437.0, ""chain_steps"": 1, ""error"": null}]",MAIN,31,1786649900_2d0df93e_0,0,v6_win,212,,,PLAY,DETERMINISTIC,False,,True,[1],0.5617000861093402,10,124.05649991706014,[1],124.10669995006174,False,,True,[1],0.6641000509262085,3,42.37700009252876,[1],42.41400002501905,False,,True,[1],0.5481999833136797,5,61.18969991803169,[1],61.25259993132204,11,43.953125,12,,,PLAY,DETERMINISTIC,0
"[{""index"": 2, ""option_type"": ""EVOLVE"", ""attack_id"": null, ""card_id"": null, ""area"": ""HAND"", ""in_play_area"": ""BENCH"", ""v6_score"": 30001, ""rng_class"": ""DETERMINISTIC"", ""lookahead_score"": 28201.0, ""chain_steps"": 11, ""error"": null}, {""index"": 3, ""option_type"": ""EVOLVE"", ""attack_id"": null, ""card_id"": null, ""area"": ""HAND"", ""in_play_area"": ""BENCH"", ""v6_score"": 30001, ""rng_class"": ""DETERMINISTIC"", ""lookahead_score"": 28201.0, ""chain_steps"": 11, ""error"": null}, {""index"": 5, ""option_type"": ""ATTACK"", ""attack_id"": 154, ""card_id"": null, ""area"": null, ""in_play_area"": null, ""v6_score"": 154, ""rng_class"": ""DETERMINISTIC"", ""lookahead_score"": -1796.0, ""chain_steps"": 8, ""error"": null}, {""index"": 4, ""option_type"": ""ATTACK"", ""attack_id"": 153, ""card_id"": null, ""area"": null, ""in_play_area"": null, ""v6_score"": 153, ""rng_class"": ""DETERMINISTIC"", ""lookahead_score"": -4437.0, ""chain_steps"": 1, ""error"": null}, {""index"": 7, ""option_type"": ""END"", ""attack_id"": null, ""card_id"": null, ""area"": null, ""in_play_area"": null, ""v6_score"": 0, ""rng_class"": ""UNKNOWN"", ""lookahead_score"": -4660.0, ""chain_steps"": 1, ""error"": null}]",MAIN,32,1786649900_2d0df93e_0,0,v6_win,212,,,EVOLVE,DETERMINISTIC,False,,True,[2],0.5507000023499131,8,65.34769991412759,[2],65.38519996684045,False,,True,[2],0.5639999872073531,3,31.35240008123219,[2],31.382400076836348,False,,True,[2],0.5336999893188477,5,34.156400011852384,[2],34.19740009121597,8,43.953125,12,,,EVOLVE,DETERMINISTIC,0
"[{""index"": 2, ""option_type"": ""ABILITY"", ""attack_id"": null, ""card_id"": null, ""area"": ""BENCH"", ""in_play_area"": null, ""v6_score"": 40000, ""rng_class"": ""DETERMINISTIC"", ""lookahead_score"": 39270.0, ""chain_steps"": 11, ""error"": null}, {""index"": 4, ""option_type"": ""ATTACK"", ""attack_id"": 154, ""card_id"": null, ""area"": null, ""in_play_area"": null, ""v6_score"": 154, ""rng_class"": ""DETERMINISTIC"", ""lookahead_score"": -1646.0, ""chain_steps"": 8, ""error"": null}, {""index"": 3, ""option_type"": ""ATTACK"", ""attack_id"": 153, ""card_id"": null, ""area"": null, ""in_play_area"": null, ""v6_score"": 153, ""rng_class"": ""DETERMINISTIC"", ""lookahead_score"": -4287.0, ""chain_steps"": 1, ""error"": null}, {""index"": 6, ""option_type"": ""END"", ""attack_id"": null, ""card_id"": null, ""area"": null, ""in_play_area"": null, ""v6_score"": 0, ""rng_class"": ""UNKNOWN"", ""lookahead_score"": -4510.0, ""chain_steps"": 1, ""error"": null}, {""index"": 0, ""option_type"": ""PLAY"", ""attack_id"": null, ""card_id"": null, ""area"": null, ""in_play_area"": null, ""v6_score"": -1, ""rng_class"": ""DETERMINISTIC"", ""lookahead_score"": -581.0, ""chain_steps"": 14, ""error"": null}]",MAIN,33,1786649900_2d0df93e_0,0,v6_win,212,,,ABILITY,DETERMINISTIC,False,,True,[2],0.5735999438911676,7,62.385500059463084,[2],62.426800024695694,False,,True,[2],0.5304999649524689,3,21.4834000216797,[2],21.522599970921874,False,,True,[2],0.5637999856844544,5,81.24289999250323,[2],81.30069996695966,7,44.08203125,12,,,ABILITY,DETERMINISTIC,0
"[{""index"": 3, ""option_type"": ""ATTACK"", ""attack_id"": 154, ""card_id"": null, ""area"": null, ""in_play_area"": null, ""v6_score"": 154, ""rng_class"": ""DETERMINISTIC"", ""lookahead_score"": -1646.0, ""chain_steps"": 8, ""error"": null}, {""index"": 2, ""option_type"": ""ATTACK"", ""attack_id"": 153, ""card_id"": null, ""area"": null, ""in_play_area"": null, ""v6_score"": 153, ""rng_class"": ""DETERMINISTIC"", ""lookahead_score"": -4287.0, ""chain_steps"": 1, ""error"": null}, {""index"": 5, ""option_type"": ""END"", ""attack_id"": null, ""card_id"": null, ""area"": null, ""in_play_area"": null, ""v6_score"": 0, ""rng_class"": ""UNKNOWN"", ""lookahead_score"": -4510.0, ""chain_steps"": 1, ""error"": null}, {""index"": 0, ""option_type"": ""PLAY"", ""attack_id"": null, ""card_id"": null, ""area"": null, ""in_play_area"": null, ""v6_score"": -1, ""rng_class"": ""DETERMINISTIC"", ""lookahead_score"": -1801.0, ""chain_steps"": 10, ""error"": null}, {""index"": 1, ""option_type"": ""PLAY"", ""attack_id"": null, ""card_id"": null, ""area"": null, ""in_play_area"": null, ""v6_score"": -1, ""rng_class"": ""RNG_DEPENDENT"", ""lookahead_score"": -731.0, ""chain_steps"": 10, ""error"": null}]",MAIN,34,1786649900_2d0df93e_0,0,v6_win,212,,,PLAY,RNG_DEPENDENT,True,,True,[1],0.5669000092893839,6,39.70670001581311,[3],39.752300013788044,False,,True,[3],0.547099974937737,3,13.141299947164953,[3],13.180400012061,True,,True,[1],0.9827000321820378,5,35.695699974894524,[3],35.72609997354448,6,44.08203125,12,154,,ATTACK,DETERMINISTIC,0
"[{""index"": 0, ""option_type"": ""PLAY"", ""attack_id"": null, ""card_id"": null, ""area"": null, ""in_play_area"": null, ""v6_score"": 75000, ""rng_class"": ""DETERMINISTIC"", ""lookahead_score"": 72000.0, ""chain_steps"": 20, ""error"": null}, {""index"": 6, ""option_type"": ""PLAY"", ""attack_id"": null, ""card_id"": null, ""area"": null, ""in_play_area"": null, ""v6_score"": 75000, ""rng_class"": ""DETERMINISTIC"", ""lookahead_score"": 72150.0, ""chain_steps"": 20, ""error"": null}, {""index"": 8, ""option_type"": ""EVOLVE"", ""attack_id"": null, ""card_id"": null, ""area"": ""HAND"", ""in_play_area"": ""ACTIVE"", ""v6_score"": 70001, ""rng_class"": ""DETERMINISTIC"", ""lookahead_score"": 67321.0, ""chain_steps"": 20, ""error"": null}, {""index"": 1, ""option_type"": ""PLAY"", ""attack_id"": null, ""card_id"": null, ""area"": null, ""in_play_area"": null, ""v6_score"": 42000, ""rng_class"": ""DETERMINISTIC"", ""lookahead_score"": 39010.0, ""chain_steps"": 20, ""error"": null}, {""index"": 9, ""option_type"": ""PLAY"", ""attack_id"": null, ""card_id"": null, ""area"": null, ""in_play_area"": null, ""v6_score"": 40000, ""rng_class"": ""RNG_DEPENDENT"", ""lookahead_score"": 36860.0, ""chain_steps"": 20, ""error"": null}]",MAIN,35,1786649900_2d0df93e_0,0,v6_win,212,,,PLAY,DETERMINISTIC,True,,True,[6],0.8847001008689404,10,129.0848000207916,[0],129.1518999496475,False,,True,[0],0.7285000756382942,3,63.08659992646426,[0],63.12659999821335,True,,True,[6],0.5259000463411212,5,96.73440002370626,[0],96.78730007726699,13,44.08203125,14,,,PLAY,DETERMINISTIC,0
"[{""index"": 0, ""option_type"": ""PLAY"", ""attack_id"": null, ""card_id"": null, ""area"": null, ""in_play_area"": null, ""v6_score"": 42000, ""rng_class"": ""DETERMINISTIC"", ""lookahead_score"": 39010.0, ""chain_steps"": 20, ""error"": null}, {""index"": 6, ""option_type"": ""PLAY"", ""attack_id"": null, ""card_id"": null, ""area"": null, ""in_play_area"": null, ""v6_score"": 40000, ""rng_class"": ""RNG_DEPENDENT"", ""lookahead_score"": 37160.0, ""chain_steps"": 20, ""error"": null}, {""index"": 7, ""option_type"": ""ABILITY"", ""attack_id"": null, ""card_id"": null, ""area"": ""ACTIVE"", ""in_play_area"": null, ""v6_score"": 40000, ""rng_class"": ""DETERMINISTIC"", ""lookahead_score"": 37020.0, ""chain_steps"": 20, ""error"": null}, {""index"": 2, ""option_type"": ""PLAY"", ""attack_id"": null, ""card_id"": null, ""area"": null, ""in_play_area"": null, ""v6_score"": 35000, ""rng_class"": ""RNG_DEPENDENT"", ""lookahead_score"": 31120.0, ""chain_steps"": 20, ""error"": null}, {""index"": 4, ""option_type"": ""PLAY"", ""attack_id"": null, ""card_id"": null, ""area"": null, ""in_play_area"": null, ""v6_score"": 35000, ""rng_class"": ""RNG_DEPENDENT"", ""lookahead_score"": 31090.0, ""chain_steps"": 20, ""error"": null}]",MAIN,36,1786649900_2d0df93e_0,0,v6_win,212,,,PLAY,DETERMINISTIC,False,,True,[0],0.9037000127136707,10,181.7045999923721,[0],181.75109999720007,False,,True,[0],0.5429999437183142,3,55.80479989293963,[0],55.83399999886751,False,,True,[0],0.8289000252261758,5,94.1043000202626,[0],94.14479997940361,10,44.08203125,14,,,PLAY,DETERMINISTIC,0
"[{""index"": 6, ""option_type"": ""PLAY"", ""attack_id"": null, ""card_id"": null, ""area"": null, ""in_play_area"": null, ""v6_score"": 51000, ""rng_class"": ""DETERMINISTIC"", ""lookahead_score"": 48150.0, ""chain_steps"": 20, ""error"": null}, {""index"": 5, ""option_type"": ""PLAY"", ""attack_id"": null, ""card_id"": null, ""area"": null, ""in_play_area"": null, ""v6_score"": 40000, ""rng_class"": ""RNG_DEPENDENT"", ""lookahead_score"": 37040.0, ""chain_steps"": 20, ""error"": null}, {""index"": 7, ""option_type"": ""ABILITY"", ""attack_id"": null, ""card_id"": null, ""area"": ""ACTIVE"", ""in_play_area"": null, ""v6_score"": 40000, ""rng_class"": ""DETERMINISTIC"", ""lookahead_score"": 37170.0, ""chain_steps"": 20, ""error"": null}, {""index"": 1, ""option_type"": ""PLAY"", ""attack_id"": null, ""card_id"": null, ""area"": null, ""in_play_area"": null, ""v6_score"": 35000, ""rng_class"": ""RNG_DEPENDENT"", ""lookahead_score"": 32020.0, ""chain_steps"": 20, ""error"": null}, {""index"": 3, ""option_type"": ""PLAY"", ""attack_id"": null, ""card_id"": null, ""area"": null, ""in_play_area"": null, ""v6_score"": 35000, ""rng_class"": ""RNG_DEPENDENT"", ""lookahead_score"": 32040.0, ""chain_steps"": 20, ""error"": null}]",MAIN,37,1786649900_2d0df93e_0,0,v6_win,212,,,PLAY,DETERMINISTIC,False,,True,[6],0.5376000190153718,10,177.53710004035383,[6],177.5856000604108,False,,True,[6],0.5305000813677907,3,57.2756000328809,[6],57.31439997907728,False,,True,[6],0.5394000327214599,5,98.58079999685287,[6],98.62790000624955,10,44.08203125,14,,,PLAY,DETERMINISTIC,0
"[{""index"": 5, ""option_type"": ""PLAY"", ""attack_id"": null, ""card_id"": null, ""area"": null, ""in_play_area"": null, ""v6_score"": 40000, ""rng_class"": ""RNG_DEPENDENT"", ""lookahead_score"": 43870.0, ""chain_steps"": 20, ""error"": null}, {""index"": 6, ""option_type"": ""ABILITY"", ""attack_id"": null, ""card_id"": null, ""area"": ""ACTIVE"", ""in_play_area"": null, ""v6_score"": 40000, ""rng_class"": ""DETERMINISTIC"", ""lookahead_score"": 36120.0, ""chain_steps"": 20, ""error"": null}, {""index"": 1, ""option_type"": ""PLAY"", ""attack_id"": null, ""card_id"": null, ""area"": null, ""in_play_area"": null, ""v6_score"": 35000, ""rng_class"": ""RNG_DEPENDENT"", ""lookahead_score"": 36020.0, ""chain_steps"": 20, ""error"": null}, {""index"": 3, ""option_type"": ""PLAY"", ""attack_id"": null, ""card_id"": null, ""area"": null, ""in_play_area"": null, ""v6_score"": 35000, ""rng_class"": ""RNG_DEPENDENT"", ""lookahead_score"": 31130.0, ""chain_steps"": 20, ""error"": null}, {""index"": 4, ""option_type"": ""PLAY"", ""attack_id"": null, ""card_id"": null, ""area"": null, ""in_play_area"": null, ""v6_score"": 15000, ""rng_class"": ""DETERMINISTIC"", ""lookahead_score"": 15870.0, ""chain_steps"": 20, ""error"": null}]",MAIN,38,1786649900_2d0df93e_0,0,v6_win,212,,,PLAY,RNG_DEPENDENT,True,,True,[6],0.5504000000655651,9,141.68920007068664,[5],141.73760008998215,False,,True,[5],0.5655999993905425,3,39.72619993146509,[5],39.775699959136546,False,,True,[5],0.5538000259548426,5,103.77369995694607,[5],103.84640004485846,9,44.21484375,14,,,PLAY,RNG_DEPENDENT,0
"[{""index"": 5, ""option_type"": ""ABILITY"", ""attack_id"": null, ""card_id"": null, ""area"": ""ACTIVE"", ""in_play_area"": null, ""v6_score"": 40000, ""rng_class"": ""DETERMINISTIC"", ""lookahead_score"": 36120.0, ""chain_steps"": 20, ""error"": null}, {""index"": 1, ""option_type"": ""PLAY"", ""attack_id"": null, ""card_id"": null, ""area"": null, ""in_play_area"": null, ""v6_score"": 35000, ""rng_class"": ""RNG_DEPENDENT"", ""lookahead_score"": 40020.0, ""chain_steps"": 20, ""error"": null}, {""index"": 3, ""option_type"": ""PLAY"", ""attack_id"": null, ""card_id"": null, ""area"": null, ""in_play_area"": null, ""v6_score"": 35000, ""rng_class"": ""RNG_DEPENDENT"", ""lookahead_score"": 31130.0, ""chain_steps"": 20, ""error"": null}, {""index"": 4, ""option_type"": ""PLAY"", ""attack_id"": null, ""card_id"": null, ""area"": null, ""in_play_area"": null, ""v6_score"": 15000, ""rng_class"": ""DETERMINISTIC"", ""lookahead_score"": 19870.0, ""chain_steps"": 19, ""error"": null}, {""index"": 6, ""option_type"": ""RETREAT"", ""attack_id"": null, ""card_id"": null, ""area"": null, ""in_play_area"": null, ""v6_score"": 10000, ""rng_class"": ""DETERMINISTIC"", ""lookahead_score"": 6110.0, ""chain_steps"": 20, ""error"": null}]",MAIN,39,1786649900_2d0df93e_0,0,v6_win,212,,,PLAY,RNG_DEPENDENT,False,,True,[5],0.5554999224841595,8,89.89449997898191,[5],89.9399999761954,False,,True,[5],0.5285999504849315,3,58.068000013008714,[5],58.105100062675774,True,,True,[1],0.5207000067457557,5,96.8960999744013,[5],96.93640004843473,8,44.23046875,14,,,ABILITY,DETERMINISTIC,0
"[{""index"": 1, ""option_type"": ""PLAY"", ""attack_id"": null, ""card_id"": null, ""area"": null, ""in_play_area"": null, ""v6_score"": 35000, ""rng_class"": ""RNG_DEPENDENT"", ""lookahead_score"": 40940.0, ""chain_steps"": 20, ""error"": null}, {""index"": 3, ""option_type"": ""PLAY"", ""attack_id"": null, ""card_id"": null, ""area"": null, ""in_play_area"": null, ""v6_score"": 35000, ""rng_class"": ""RNG_DEPENDENT"", ""lookahead_score"": 39940.0, ""chain_steps"": 20, ""error"": null}, {""index"": 4, ""option_type"": ""PLAY"", ""attack_id"": null, ""card_id"": null, ""area"": null, ""in_play_area"": null, ""v6_score"": 15000, ""rng_class"": ""DETERMINISTIC"", ""lookahead_score"": 20940.0, ""chain_steps"": 15, ""error"": null}, {""index"": 6, ""option_type"": ""RETREAT"", ""attack_id"": null, ""card_id"": null, ""area"": null, ""in_play_area"": null, ""v6_score"": 10000, ""rng_class"": ""DETERMINISTIC"", ""lookahead_score"": 14940.0, ""chain_steps"": 20, ""error"": null}, {""index"": 7, ""option_type"": ""END"", ""attack_id"": null, ""card_id"": null, ""area"": null, ""in_play_area"": null, ""v6_score"": 0, ""rng_class"": ""UNKNOWN"", ""lookahead_score"": -4210.0, ""chain_steps"": 1, ""error"": null}]",MAIN,40,1786649900_2d0df93e_0,0,v6_win,212,,,PLAY,RNG_DEPENDENT,True,,True,[3],0.538499909453094,8,118.71869990136474,[1],118.7793998979032,False,,True,[1],0.5689000245183706,3,62.000100035220385,[1],62.03729996923357,False,,True,[1],0.7113000610843301,5,78.98939994629472,[1],79.05249996110797,8,44.2578125,14,,,PLAY,RNG_DEPENDENT,0
"[{""index"": 4, ""option_type"": ""ATTACH"", ""attack_id"": null, ""card_id"": null, ""area"": ""HAND"", ""in_play_area"": ""BENCH"", ""v6_score"": 20250, ""rng_class"": ""DETERMINISTIC"", ""lookahead_score"": 26190.0, ""chain_steps"": 15, ""error"": null}, {""index"": 6, ""option_type"": ""ATTACH"", ""attack_id"": null, ""card_id"": null, ""area"": ""HAND"", ""in_play_area"": ""BENCH"", ""v6_score"": 19600, ""rng_class"": ""DETERMINISTIC"", ""lookahead_score"": 16530.0, ""chain_steps"": 7, ""error"": null}, {""index"": 2, ""option_type"": ""ATTACH"", ""attack_id"": null, ""card_id"": null, ""area"": ""HAND"", ""in_play_area"": ""ACTIVE"", ""v6_score"": 19500, ""rng_class"": ""DETERMINISTIC"", ""lookahead_score"": 16580.0, ""chain_steps"": 4, ""error"": null}, {""index"": 1, ""option_type"": ""PLAY"", ""attack_id"": null, ""card_id"": null, ""area"": null, ""in_play_area"": null, ""v6_score"": 15000, ""rng_class"": ""DETERMINISTIC"", ""lookahead_score"": 11780.0, ""chain_steps"": 6, ""error"": null}, {""index"": 7, ""option_type"": ""RETREAT"", ""attack_id"": null, ""card_id"": null, ""area"": null, ""in_play_area"": null, ""v6_score"": 10000, ""rng_class"": ""DETERMINISTIC"", ""lookahead_score"": 14870.0, ""chain_steps"": 17, ""error"": null}]",MAIN,41,1786649900_2d0df93e_0,0,v6_win,212,,,ATTACH,DETERMINISTIC,False,,True,[4],0.579700106754899,9,92.8049999056384,[4],92.8543999325484,False,,True,[4],0.5641999887302518,3,36.40260000247508,[4],36.441100062802434,False,,True,[4],0.5625999765470624,5,49.95249991770834,[4],49.993199994787574,9,44.3671875,14,,,ATTACH,DETERMINISTIC,0
"[{""index"": 1, ""option_type"": ""PLAY"", ""attack_id"": null, ""card_id"": null, ""area"": null, ""in_play_area"": null, ""v6_score"": 15000, ""rng_class"": ""DETERMINISTIC"", ""lookahead_score"": 19870.0, ""chain_steps"": 16, ""error"": null}, {""index"": 2, ""option_type"": ""RETREAT"", ""attack_id"": null, ""card_id"": null, ""area"": null, ""in_play_area"": null, ""v6_score"": 10000, ""rng_class"": ""DETERMINISTIC"", ""lookahead_score"": 14870.0, ""chain_steps"": 13, ""error"": null}, {""index"": 3, ""option_type"": ""END"", ""attack_id"": null, ""card_id"": null, ""area"": null, ""in_play_area"": null, ""v6_score"": 0, ""rng_class"": ""UNKNOWN"", ""lookahead_score"": -4060.0, ""chain_steps"": 1, ""error"": null}, {""index"": 0, ""option_type"": ""PLAY"", ""attack_id"": null, ""card_id"": null, ""area"": null, ""in_play_area"": null, ""v6_score"": -1, ""rng_class"": ""RNG_DEPENDENT"", ""lookahead_score"": 5939.0, ""chain_steps"": 17, ""error"": null}]",MAIN,42,1786649900_2d0df93e_0,0,v6_win,212,,,PLAY,DETERMINISTIC,False,,True,[1],0.5412000464275479,4,51.38449999503791,[1],51.479000016115606,False,,True,[1],0.54240005556494,3,32.80609997455031,[1],32.847899943590164,False,,True,[1],0.5247999215498567,4,54.91549998987466,[1],54.95400005020201,4,44.62890625,14,,,PLAY,DETERMINISTIC,0
"[{""index"": 2, ""option_type"": ""RETREAT"", ""attack_id"": null, ""card_id"": null, ""area"": null, ""in_play_area"": null, ""v6_score"": 10000, ""rng_class"": ""DETERMINISTIC"", ""lookahead_score"": 14870.0, ""chain_steps"": 12, ""error"": null}, {""index"": 3, ""option_type"": ""END"", ""attack_id"": null, ""card_id"": null, ""area"": null, ""in_play_area"": null, ""v6_score"": 0, ""rng_class"": ""UNKNOWN"", ""lookahead_score"": -4060.0, ""chain_steps"": 1, ""error"": null}, {""index"": 0, ""option_type"": ""PLAY"", ""attack_id"": null, ""card_id"": null, ""area"": null, ""in_play_area"": null, ""v6_score"": -1, ""rng_class"": ""RNG_DEPENDENT"", ""lookahead_score"": 4869.0, ""chain_steps"": 14, ""error"": null}, {""index"": 1, ""option_type"": ""PLAY"", ""attack_id"": null, ""card_id"": null, ""area"": null, ""in_play_area"": null, ""v6_score"": -1, ""rng_class"": ""RNG_DEPENDENT"", ""lookahead_score"": 4869.0, ""chain_steps"": 14, ""error"": null}]",MAIN,43,1786649900_2d0df93e_0,0,v6_win,212,,,RETREAT,DETERMINISTIC,False,,True,[2],0.525199924595654,4,48.323399969376624,[2],48.379599931649864,False,,True,[2],0.5378000205382705,3,30.978600028902292,[2],31.04679996613413,False,,True,[2],0.555100035853684,4,44.99149997718632,[2],45.03649997059256,4,44.62890625,14,,,RETREAT,DETERMINISTIC,0
"[{""index"": 3, ""option_type"": ""ATTACK"", ""attack_id"": 154, ""card_id"": null, ""area"": null, ""in_play_area"": null, ""v6_score"": 154, ""rng_class"": ""DETERMINISTIC"", ""lookahead_score"": 5024.0, ""chain_steps"": 9, ""error"": null}, {""index"": 2, ""option_type"": ""ATTACK"", ""attack_id"": 153, ""card_id"": null, ""area"": null, ""in_play_area"": null, ""v6_score"": 153, ""rng_class"": ""DETERMINISTIC"", ""lookahead_score"": -3987.0, ""chain_steps"": 1, ""error"": null}, {""index"": 4, ""option_type"": ""END"", ""attack_id"": null, ""card_id"": null, ""area"": null, ""in_play_area"": null, ""v6_score"": 0, ""rng_class"": ""UNKNOWN"", ""lookahead_score"": -4210.0, ""chain_steps"": 1, ""error"": null}, {""index"": 0, ""option_type"": ""PLAY"", ""attack_id"": null, ""card_id"": null, ""area"": null, ""in_play_area"": null, ""v6_score"": -1, ""rng_class"": ""RNG_DEPENDENT"", ""lookahead_score"": 4869.0, ""chain_steps"": 11, ""error"": null}, {""index"": 1, ""option_type"": ""PLAY"", ""attack_id"": null, ""card_id"": null, ""area"": null, ""in_play_area"": null, ""v6_score"": -1, ""rng_class"": ""RNG_DEPENDENT"", ""lookahead_score"": 4869.0, ""chain_steps"": 11, ""error"": null}]",MAIN,44,1786649900_2d0df93e_0,0,v6_win,212,154,,ATTACK,DETERMINISTIC,True,,True,[0],0.5360000068321824,5,43.85540005750954,[3],43.938999995589256,False,,True,[3],0.5499999970197678,3,19.884799956344068,[3],20.013800007291138,False,,True,[3],0.5981998983770609,5,43.31660002935678,[3],43.38829999323934,5,44.88671875,14,154,,ATTACK,DETERMINISTIC,0
"[{""index"": 11, ""option_type"": ""PLAY"", ""attack_id"": null, ""card_id"": null, ""area"": null, ""in_play_area"": null, ""v6_score"": 51000, ""rng_class"": ""DETERMINISTIC"", ""lookahead_score"": 57230.0, ""chain_steps"": 19, ""error"": null}, {""index"": 12, ""option_type"": ""PLAY"", ""attack_id"": null, ""card_id"": null, ""area"": null, ""in_play_area"": null, ""v6_score"": 44000, ""rng_class"": ""RNG_DEPENDENT"", ""lookahead_score"": 50130.0, ""chain_steps"": 19, ""error"": null}, {""index"": 13, ""option_type"": ""ABILITY"", ""attack_id"": null, ""card_id"": null, ""area"": ""BENCH"", ""in_play_area"": null, ""v6_score"": 40000, ""rng_class"": ""DETERMINISTIC"", ""lookahead_score"": 46130.0, ""chain_steps"": 18, ""error"": null}, {""index"": 2, ""option_type"": ""PLAY"", ""attack_id"": null, ""card_id"": null, ""area"": null, ""in_play_area"": null, ""v6_score"": 35000, ""rng_class"": ""RNG_DEPENDENT"", ""lookahead_score"": 41280.0, ""chain_steps"": 19, ""error"": null}, {""index"": 10, ""option_type"": ""EVOLVE"", ""attack_id"": null, ""card_id"": null, ""area"": ""HAND"", ""in_play_area"": ""BENCH"", ""v6_score"": 30000, ""rng_class"": ""DETERMINISTIC"", ""lookahead_score"": 1030000.0, ""chain_steps"": 19, ""error"": null}]",MAIN,45,1786649900_2d0df93e_0,0,v6_win,212,,,EVOLVE,DETERMINISTIC,True,,True,[10],0.5990000208839774,10,133.536999928765,[11],133.59219999983907,False,,True,[11],0.5818000063300133,3,53.36890008766204,[11],53.439099923707545,True,,True,[10],0.5764999659731984,5,89.01220001280308,[11],89.09669995773584,18,44.88671875,16,,,PLAY,DETERMINISTIC,0
"[{""index"": 10, ""option_type"": ""PLAY"", ""attack_id"": null, ""card_id"": null, ""area"": null, ""in_play_area"": null, ""v6_score"": 44000, ""rng_class"": ""RNG_DEPENDENT"", ""lookahead_score"": 50130.0, ""chain_steps"": 17, ""error"": null}, {""index"": 11, ""option_type"": ""ABILITY"", ""attack_id"": null, ""card_id"": null, ""area"": ""BENCH"", ""in_play_area"": null, ""v6_score"": 40000, ""rng_class"": ""DETERMINISTIC"", ""lookahead_score"": 46130.0, ""chain_steps"": 17, ""error"": null}, {""index"": 0, ""option_type"": ""PLAY"", ""attack_id"": null, ""card_id"": null, ""area"": null, ""in_play_area"": null, ""v6_score"": 35000, ""rng_class"": ""RNG_DEPENDENT"", ""lookahead_score"": 41130.0, ""chain_steps"": 18, ""error"": null}, {""index"": 9, ""option_type"": ""EVOLVE"", ""attack_id"": null, ""card_id"": null, ""area"": ""HAND"", ""in_play_area"": ""BENCH"", ""v6_score"": 30000, ""rng_class"": ""DETERMINISTIC"", ""lookahead_score"": 36130.0, ""chain_steps"": 17, ""error"": null}, {""index"": 5, ""option_type"": ""ATTACH"", ""attack_id"": null, ""card_id"": null, ""area"": ""HAND"", ""in_play_area"": ""BENCH"", ""v6_score"": 19600, ""rng_class"": ""DETERMINISTIC"", ""lookahead_score"": 25880.0, ""chain_steps"": 18, ""error"": null}]",MAIN,46,1786649900_2d0df93e_0,0,v6_win,212,,,PLAY,RNG_DEPENDENT,False,,True,[10],0.5786999827250838,10,104.45780004374683,[10],104.50520005542785,False,,True,[10],0.6014000391587615,3,49.02889998629689,[10],49.090799991972744,False,,True,[10],0.8308999240398407,5,80.93379996716976,[10],80.98540001083165,16,44.8984375,16,,,PLAY,RNG_DEPENDENT,0
"[{""index"": 2, ""option_type"": ""PLAY"", ""attack_id"": null, ""card_id"": null, ""area"": null, ""in_play_area"": null, ""v6_score"": 45000, ""rng_class"": ""RNG_DEPENDENT"", ""lookahead_score"": 51130.0, ""chain_steps"": 17, ""error"": null}, {""index"": 4, ""option_type"": ""ABILITY"", ""attack_id"": null, ""card_id"": null, ""area"": ""BENCH"", ""in_play_area"": null, ""v6_score"": 40000, ""rng_class"": ""DETERMINISTIC"", ""lookahead_score"": 46130.0, ""chain_steps"": 17, ""error"": null}, {""index"": 0, ""option_type"": ""PLAY"", ""attack_id"": null, ""card_id"": null, ""area"": null, ""in_play_area"": null, ""v6_score"": 35000, ""rng_class"": ""RNG_DEPENDENT"", ""lookahead_score"": 41230.0, ""chain_steps"": 18, ""error"": null}, {""index"": 3, ""option_type"": ""EVOLVE"", ""attack_id"": null, ""card_id"": null, ""area"": ""HAND"", ""in_play_area"": ""BENCH"", ""v6_score"": 30000, ""rng_class"": ""DETERMINISTIC"", ""lookahead_score"": 36230.0, ""chain_steps"": 18, ""error"": null}, {""index"": 6, ""option_type"": ""ATTACK"", ""attack_id"": 154, ""card_id"": null, ""area"": null, ""in_play_area"": null, ""v6_score"": 154, ""rng_class"": ""DETERMINISTIC"", ""lookahead_score"": 6134.0, ""chain_steps"": 7, ""error"": null}]",MAIN,47,1786649900_2d0df93e_0,0,v6_win,212,,,PLAY,RNG_DEPENDENT,True,,True,[3],0.588799943216145,9,110.34140002448112,[2],110.3879000293091,False,,True,[2],0.533799990080297,3,45.946399914100766,[2],45.979299931786954,False,,True,[2],0.5317999748513103,5,72.28760002180934,[2],72.34840001910925,9,44.91015625,16,,,PLAY,RNG_DEPENDENT,0
"[{""index"": 4, ""option_type"": ""ABILITY"", ""attack_id"": null, ""card_id"": null, ""area"": ""BENCH"", ""in_play_area"": null, ""v6_score"": 40000, ""rng_class"": ""DETERMINISTIC"", ""lookahead_score"": 46130.0, ""chain_steps"": 15, ""error"": null}, {""index"": 0, ""option_type"": ""PLAY"", ""attack_id"": null, ""card_id"": null, ""area"": null, ""in_play_area"": null, ""v6_score"": 35000, ""rng_class"": ""RNG_DEPENDENT"", ""lookahead_score"": 41130.0, ""chain_steps"": 15, ""error"": null}, {""index"": 2, ""option_type"": ""EVOLVE"", ""attack_id"": null, ""card_id"": null, ""area"": ""HAND"", ""in_play_area"": ""BENCH"", ""v6_score"": 30000, ""rng_class"": ""DETERMINISTIC"", ""lookahead_score"": 36130.0, ""chain_steps"": 14, ""error"": null}, {""index"": 3, ""option_type"": ""EVOLVE"", ""attack_id"": null, ""card_id"": null, ""area"": ""HAND"", ""in_play_area"": ""BENCH"", ""v6_score"": 30000, ""rng_class"": ""DETERMINISTIC"", ""lookahead_score"": 36130.0, ""chain_steps"": 14, ""error"": null}, {""index"": 6, ""option_type"": ""ATTACK"", ""attack_id"": 154, ""card_id"": null, ""area"": null, ""in_play_area"": null, ""v6_score"": 154, ""rng_class"": ""DETERMINISTIC"", ""lookahead_score"": 6134.0, ""chain_steps"": 7, ""error"": null}]",MAIN,48,1786649900_2d0df93e_0,0,v6_win,212,,,ABILITY,DETERMINISTIC,False,,True,[4],0.5670000100508332,9,102.74040000513196,[4],102.79589996207505,False,,True,[4],0.5625999765470624,3,40.92080006375909,[4],40.968499961309135,False,,True,[4],0.5657000001519918,5,64.465899951756,[4],64.52350004110485,9,44.9140625,16,,,ABILITY,DETERMINISTIC,0
"[{""index"": 0, ""option_type"": ""PLAY"", ""attack_id"": null, ""card_id"": null, ""area"": null, ""in_play_area"": null, ""v6_score"": 35000, ""rng_class"": ""RNG_DEPENDENT"", ""lookahead_score"": 41230.0, ""chain_steps"": 14, ""error"": null}, {""index"": 2, ""option_type"": ""EVOLVE"", ""attack_id"": null, ""card_id"": null, ""area"": ""HAND"", ""in_play_area"": ""BENCH"", ""v6_score"": 30000, ""rng_class"": ""DETERMINISTIC"", ""lookahead_score"": 36130.0, ""chain_steps"": 11, ""error"": null}, {""index"": 3, ""option_type"": ""EVOLVE"", ""attack_id"": null, ""card_id"": null, ""area"": ""HAND"", ""in_play_area"": ""BENCH"", ""v6_score"": 30000, ""rng_class"": ""DETERMINISTIC"", ""lookahead_score"": 36130.0, ""chain_steps"": 14, ""error"": null}, {""index"": 6, ""option_type"": ""ATTACK"", ""attack_id"": 154, ""card_id"": null, ""area"": null, ""in_play_area"": null, ""v6_score"": 154, ""rng_class"": ""DETERMINISTIC"", ""lookahead_score"": 6134.0, ""chain_steps"": 7, ""error"": null}, {""index"": 5, ""option_type"": ""ATTACK"", ""attack_id"": 153, ""card_id"": null, ""area"": null, ""in_play_area"": null, ""v6_score"": 153, ""rng_class"": ""DETERMINISTIC"", ""lookahead_score"": 5943.0, ""chain_steps"": 1, ""error"": null}]",MAIN,49,1786649900_2d0df93e_0,0,v6_win,212,,,PLAY,RNG_DEPENDENT,True,,True,[2],0.5640999879688025,9,86.34249994065613,[0],86.41230000648648,False,,True,[0],0.588199938647449,3,39.078200003132224,[0],39.11989997141063,False,,True,[0],0.5592000670731068,5,48.14590001478791,[0],48.204899998381734,9,44.9140625,16,,,PLAY,RNG_DEPENDENT,0
"[{""index"": 0, ""option_type"": ""EVOLVE"", ""attack_id"": null, ""card_id"": null, ""area"": ""HAND"", ""in_play_area"": ""BENCH"", ""v6_score"": 30000, ""rng_class"": ""DETERMINISTIC"", ""lookahead_score"": 36130.0, ""chain_steps"": 10, ""error"": null}, {""index"": 1, ""option_type"": ""EVOLVE"", ""attack_id"": null, ""card_id"": null, ""area"": ""HAND"", ""in_play_area"": ""BENCH"", ""v6_score"": 30000, ""rng_class"": ""DETERMINISTIC"", ""lookahead_score"": 36130.0, ""chain_steps"": 10, ""error"": null}, {""index"": 5, ""option_type"": ""ATTACK"", ""attack_id"": 154, ""card_id"": null, ""area"": null, ""in_play_area"": null, ""v6_score"": 154, ""rng_class"": ""DETERMINISTIC"", ""lookahead_score"": 6134.0, ""chain_steps"": 7, ""error"": null}, {""index"": 4, ""option_type"": ""ATTACK"", ""attack_id"": 153, ""card_id"": null, ""area"": null, ""in_play_area"": null, ""v6_score"": 153, ""rng_class"": ""DETERMINISTIC"", ""lookahead_score"": 5943.0, ""chain_steps"": 1, ""error"": null}, {""index"": 7, ""option_type"": ""END"", ""attack_id"": null, ""card_id"": null, ""area"": null, ""in_play_area"": null, ""v6_score"": 0, ""rng_class"": ""UNKNOWN"", ""lookahead_score"": 5720.0, ""chain_steps"": 1, ""error"": null}]",MAIN,50,1786649900_2d0df93e_0,0,v6_win,212,,,EVOLVE,DETERMINISTIC,False,,True,[0],0.5355000030249357,8,71.36719999834895,[0],71.41630002297461,False,,True,[0],0.5525000160560012,3,27.911300072446465,[0],27.958700084127486,False,,True,[0],0.546499970369041,5,32.1923999581486,[0],32.23690006416291,8,44.9140625,16,,,EVOLVE,DETERMINISTIC,0
"[{""index"": 2, ""option_type"": ""ABILITY"", ""attack_id"": null, ""card_id"": null, ""area"": ""BENCH"", ""in_play_area"": null, ""v6_score"": 40000, ""rng_class"": ""DETERMINISTIC"", ""lookahead_score"": 46130.0, ""chain_steps"": 9, ""error"": null}, {""index"": 4, ""option_type"": ""ATTACK"", ""attack_id"": 154, ""card_id"": null, ""area"": null, ""in_play_area"": null, ""v6_score"": 154, ""rng_class"": ""DETERMINISTIC"", ""lookahead_score"": 6284.0, ""chain_steps"": 7, ""error"": null}, {""index"": 3, ""option_type"": ""ATTACK"", ""attack_id"": 153, ""card_id"": null, ""area"": null, ""in_play_area"": null, ""v6_score"": 153, ""rng_class"": ""DETERMINISTIC"", ""lookahead_score"": 6093.0, ""chain_steps"": 1, ""error"": null}, {""index"": 6, ""option_type"": ""END"", ""attack_id"": null, ""card_id"": null, ""area"": null, ""in_play_area"": null, ""v6_score"": 0, ""rng_class"": ""UNKNOWN"", ""lookahead_score"": 5870.0, ""chain_steps"": 1, ""error"": null}, {""index"": 0, ""option_type"": ""PLAY"", ""attack_id"": null, ""card_id"": null, ""area"": null, ""in_play_area"": null, ""v6_score"": -1, ""rng_class"": ""DETERMINISTIC"", ""lookahead_score"": 6129.0, ""chain_steps"": 11, ""error"": null}]",MAIN,51,1786649900_2d0df93e_0,0,v6_win,212,,,ABILITY,DETERMINISTIC,False,,True,[2],0.5653999978676438,7,49.43239991553128,[2],49.47189998347312,False,,True,[2],0.5519000114873052,3,19.449600018560886,[2],19.49070009868592,False,,True,[2],0.5632999818772078,5,32.161900075152516,[2],32.202200032770634,7,44.9140625,16,,,ABILITY,DETERMINISTIC,0
"[{""index"": 3, ""option_type"": ""ATTACK"", ""attack_id"": 154, ""card_id"": null, ""area"": null, ""in_play_area"": null, ""v6_score"": 154, ""rng_class"": ""DETERMINISTIC"", ""lookahead_score"": 6284.0, ""chain_steps"": 7, ""error"": null}, {""index"": 2, ""option_type"": ""ATTACK"", ""attack_id"": 153, ""card_id"": null, ""area"": null, ""in_play_area"": null, ""v6_score"": 153, ""rng_class"": ""DETERMINISTIC"", ""lookahead_score"": 6093.0, ""chain_steps"": 1, ""error"": null}, {""index"": 5, ""option_type"": ""END"", ""attack_id"": null, ""card_id"": null, ""area"": null, ""in_play_area"": null, ""v6_score"": 0, ""rng_class"": ""UNKNOWN"", ""lookahead_score"": 5870.0, ""chain_steps"": 1, ""error"": null}, {""index"": 0, ""option_type"": ""PLAY"", ""attack_id"": null, ""card_id"": null, ""area"": null, ""in_play_area"": null, ""v6_score"": -1, ""rng_class"": ""DETERMINISTIC"", ""lookahead_score"": 6129.0, ""chain_steps"": 9, ""error"": null}, {""index"": 1, ""option_type"": ""EVOLVE"", ""attack_id"": null, ""card_id"": null, ""area"": ""HAND"", ""in_play_area"": ""BENCH"", ""v6_score"": -1, ""rng_class"": ""DETERMINISTIC"", ""lookahead_score"": 7479.0, ""chain_steps"": 8, ""error"": null}]",MAIN,52,1786649900_2d0df93e_0,0,v6_win,212,,,EVOLVE,DETERMINISTIC,True,,True,[1],0.5664000054821372,6,38.44020003452897,[3],38.49509998690337,False,,True,[3],0.5553000373765826,3,12.623599963262677,[3],12.672399985603988,True,,True,[1],0.5558000411838293,5,30.738100060261786,[3],30.7948999106884,6,44.9140625,16,154,,ATTACK,DETERMINISTIC,0
"[{""index"": 6, ""option_type"": ""ABILITY"", ""attack_id"": null, ""card_id"": null, ""area"": ""BENCH"", ""in_play_area"": null, ""v6_score"": 40000, ""rng_class"": ""DETERMINISTIC"", ""lookahead_score"": 1040000.0, ""chain_steps"": 15, ""error"": null}, {""index"": 7, ""option_type"": ""ABILITY"", ""attack_id"": null, ""card_id"": null, ""area"": ""BENCH"", ""in_play_area"": null, ""v6_score"": 40000, ""rng_class"": ""DETERMINISTIC"", ""lookahead_score"": 1040000.0, ""chain_steps"": 15, ""error"": null}, {""index"": 0, ""option_type"": ""PLAY"", ""attack_id"": null, ""card_id"": null, ""area"": null, ""in_play_area"": null, ""v6_score"": 35000, ""rng_class"": ""RNG_DEPENDENT"", ""lookahead_score"": 1035000.0, ""chain_steps"": 14, ""error"": null}, {""index"": 1, ""option_type"": ""EVOLVE"", ""attack_id"": null, ""card_id"": null, ""area"": ""HAND"", ""in_play_area"": ""BENCH"", ""v6_score"": 30000, ""rng_class"": ""DETERMINISTIC"", ""lookahead_score"": 1030000.0, ""chain_steps"": 15, ""error"": null}, {""index"": 9, ""option_type"": ""ATTACK"", ""attack_id"": 154, ""card_id"": null, ""area"": null, ""in_play_area"": null, ""v6_score"": 154, ""rng_class"": ""DETERMINISTIC"", ""lookahead_score"": 1000154.0, ""chain_steps"": 8, ""error"": null}]",MAIN,53,1786649900_2d0df93e_0,0,v6_win,212,,,ABILITY,DETERMINISTIC,False,,True,[6],0.6043000612407923,10,109.18620007578284,[6],109.24380004871637,False,,True,[6],0.6087000947445631,3,40.32519995234907,[6],40.37349997088313,False,,True,[6],0.5814000032842159,5,69.8347999714315,[6],69.89449996035546,12,45.078125,18,,,ABILITY,DETERMINISTIC,0
"[{""index"": 7, ""option_type"": ""ABILITY"", ""attack_id"": null, ""card_id"": null, ""area"": ""BENCH"", ""in_play_area"": null, ""v6_score"": 40000, ""rng_class"": ""DETERMINISTIC"", ""lookahead_score"": 1040000.0, ""chain_steps"": 11, ""error"": null}, {""index"": 0, ""option_type"": ""PLAY"", ""attack_id"": null, ""card_id"": null, ""area"": null, ""in_play_area"": null, ""v6_score"": 35000, ""rng_class"": ""RNG_DEPENDENT"", ""lookahead_score"": 1035000.0, ""chain_steps"": 12, ""error"": null}, {""index"": 6, ""option_type"": ""PLAY"", ""attack_id"": null, ""card_id"": null, ""area"": null, ""in_play_area"": null, ""v6_score"": 35000, ""rng_class"": ""RNG_DEPENDENT"", ""lookahead_score"": 1035000.0, ""chain_steps"": 12, ""error"": null}, {""index"": 1, ""option_type"": ""EVOLVE"", ""attack_id"": null, ""card_id"": null, ""area"": ""HAND"", ""in_play_area"": ""BENCH"", ""v6_score"": 30000, ""rng_class"": ""DETERMINISTIC"", ""lookahead_score"": 1030000.0, ""chain_steps"": 11, ""error"": null}, {""index"": 9, ""option_type"": ""ATTACK"", ""attack_id"": 154, ""card_id"": null, ""area"": null, ""in_play_area"": null, ""v6_score"": 154, ""rng_class"": ""DETERMINISTIC"", ""lookahead_score"": 1000154.0, ""chain_steps"": 8, ""error"": null}]",MAIN,54,1786649900_2d0df93e_0,0,v6_win,212,,,ABILITY,DETERMINISTIC,False,,True,[7],0.588499940931797,10,108.69810008443892,[7],108.74970001168549,False,,True,[7],0.6234000902622938,3,35.38659994956106,[7],35.42109997943044,False,,True,[7],0.5778000922873616,5,60.37429999560118,[7],60.423400020226836,12,45.09765625,18,,,ABILITY,DETERMINISTIC,0
"[{""index"": 1, ""option_type"": ""EVOLVE"", ""attack_id"": null, ""card_id"": null, ""area"": ""HAND"", ""in_play_area"": ""BENCH"", ""v6_score"": 30000, ""rng_class"": ""DETERMINISTIC"", ""lookahead_score"": 1030000.0, ""chain_steps"": 12, ""error"": null}, {""index"": 7, ""option_type"": ""PLAY"", ""attack_id"": null, ""card_id"": null, ""area"": null, ""in_play_area"": null, ""v6_score"": 14000, ""rng_class"": ""DETERMINISTIC"", ""lookahead_score"": 1014000.0, ""chain_steps"": 9, ""error"": null}, {""index"": 9, ""option_type"": ""ATTACK"", ""attack_id"": 154, ""card_id"": null, ""area"": null, ""in_play_area"": null, ""v6_score"": 154, ""rng_class"": ""DETERMINISTIC"", ""lookahead_score"": 1000154.0, ""chain_steps"": 8, ""error"": null}, {""index"": 8, ""option_type"": ""ATTACK"", ""attack_id"": 153, ""card_id"": null, ""area"": null, ""in_play_area"": null, ""v6_score"": 153, ""rng_class"": ""DETERMINISTIC"", ""lookahead_score"": 5273.0, ""chain_steps"": 1, ""error"": null}, {""index"": 11, ""option_type"": ""END"", ""attack_id"": null, ""card_id"": null, ""area"": null, ""in_play_area"": null, ""v6_score"": 0, ""rng_class"": ""UNKNOWN"", ""lookahead_score"": 5050.0, ""chain_steps"": 1, ""error"": null}]",MAIN,55,1786649900_2d0df93e_0,0,v6_win,212,,,EVOLVE,DETERMINISTIC,False,,True,[1],0.5634999834001064,10,100.03100009635091,[1],100.09009996429086,False,,True,[1],0.6772000342607498,3,40.289799915626645,[1],40.32619995996356,False,,True,[1],0.5726999370381236,5,31.751199974678457,[1],31.7951999604702,12,45.1015625,18,,,EVOLVE,DETERMINISTIC,0
"[{""index"": 6, ""option_type"": ""PLAY"", ""attack_id"": null, ""card_id"": null, ""area"": null, ""in_play_area"": null, ""v6_score"": 14000, ""rng_class"": ""DETERMINISTIC"", ""lookahead_score"": 1014000.0, ""chain_steps"": 14, ""error"": null}, {""index"": 9, ""option_type"": ""ATTACK"", ""attack_id"": 154, ""card_id"": null, ""area"": null, ""in_play_area"": null, ""v6_score"": 154, ""rng_class"": ""DETERMINISTIC"", ""lookahead_score"": 1000154.0, ""chain_steps"": 8, ""error"": null}, {""index"": 8, ""option_type"": ""ATTACK"", ""attack_id"": 153, ""card_id"": null, ""area"": null, ""in_play_area"": null, ""v6_score"": 153, ""rng_class"": ""DETERMINISTIC"", ""lookahead_score"": 5423.0, ""chain_steps"": 1, ""error"": null}, {""index"": 11, ""option_type"": ""END"", ""attack_id"": null, ""card_id"": null, ""area"": null, ""in_play_area"": null, ""v6_score"": 0, ""rng_class"": ""UNKNOWN"", ""lookahead_score"": 5200.0, ""chain_steps"": 1, ""error"": null}, {""index"": 0, ""option_type"": ""PLAY"", ""attack_id"": null, ""card_id"": null, ""area"": null, ""in_play_area"": null, ""v6_score"": -1, ""rng_class"": ""RNG_DEPENDENT"", ""lookahead_score"": 999999.0, ""chain_steps"": 9, ""error"": null}]",MAIN,56,1786649900_2d0df93e_0,0,v6_win,212,,,PLAY,DETERMINISTIC,False,,True,[6],0.5640001036226749,10,96.46459994837642,[6],96.50839993264526,False,,True,[6],1.8309999722987413,3,22.328599938191473,[6],22.386300028301775,False,,True,[6],0.5745000671595335,5,36.64060006849468,[6],36.690100096166134,12,45.109375,18,,,PLAY,DETERMINISTIC,0
"[{""index"": 0, ""option_type"": ""PLAY"", ""attack_id"": null, ""card_id"": null, ""area"": null, ""in_play_area"": null, ""v6_score"": 44000, ""rng_class"": ""RNG_DEPENDENT"", ""lookahead_score"": 1044000.0, ""chain_steps"": 13, ""error"": null}, {""index"": 2, ""option_type"": ""ABILITY"", ""attack_id"": null, ""card_id"": null, ""area"": ""BENCH"", ""in_play_area"": null, ""v6_score"": 40000, ""rng_class"": ""DETERMINISTIC"", ""lookahead_score"": 1040000.0, ""chain_steps"": 13, ""error"": null}, {""index"": 4, ""option_type"": ""ATTACK"", ""attack_id"": 154, ""card_id"": null, ""area"": null, ""in_play_area"": null, ""v6_score"": 154, ""rng_class"": ""DETERMINISTIC"", ""lookahead_score"": 1000154.0, ""chain_steps"": 8, ""error"": null}, {""index"": 3, ""option_type"": ""ATTACK"", ""attack_id"": 153, ""card_id"": null, ""area"": null, ""in_play_area"": null, ""v6_score"": 153, ""rng_class"": ""DETERMINISTIC"", ""lookahead_score"": 5423.0, ""chain_steps"": 1, ""error"": null}, {""index"": 6, ""option_type"": ""END"", ""attack_id"": null, ""card_id"": null, ""area"": null, ""in_play_area"": null, ""v6_score"": 0, ""rng_class"": ""UNKNOWN"", ""lookahead_score"": 5200.0, ""chain_steps"": 1, ""error"": null}]",MAIN,57,1786649900_2d0df93e_0,0,v6_win,212,,,PLAY,RNG_DEPENDENT,False,,True,[0],0.5447000730782747,7,67.88569991476834,[0],67.9721999913454,False,,True,[0],0.8901000255718827,3,39.958500070497394,[0],40.024999994784594,False,,True,[0],0.6083999760448933,5,41.5965000865981,[0],41.66110011283308,7,45.109375,18,,,PLAY,RNG_DEPENDENT,0
"[{""index"": 3, ""option_type"": ""ABILITY"", ""attack_id"": null, ""card_id"": null, ""area"": ""BENCH"", ""in_play_area"": null, ""v6_score"": 40000, ""rng_class"": ""DETERMINISTIC"", ""lookahead_score"": 1040000.0, ""chain_steps"": 10, ""error"": null}, {""index"": 5, ""option_type"": ""ATTACK"", ""attack_id"": 154, ""card_id"": null, ""area"": null, ""in_play_area"": null, ""v6_score"": 154, ""rng_class"": ""DETERMINISTIC"", ""lookahead_score"": 1000154.0, ""chain_steps"": 8, ""error"": null}, {""index"": 4, ""option_type"": ""ATTACK"", ""attack_id"": 153, ""card_id"": null, ""area"": null, ""in_play_area"": null, ""v6_score"": 153, ""rng_class"": ""DETERMINISTIC"", ""lookahead_score"": 5423.0, ""chain_steps"": 1, ""error"": null}, {""index"": 7, ""option_type"": ""END"", ""attack_id"": null, ""card_id"": null, ""area"": null, ""in_play_area"": null, ""v6_score"": 0, ""rng_class"": ""UNKNOWN"", ""lookahead_score"": 5200.0, ""chain_steps"": 1, ""error"": null}, {""index"": 0, ""option_type"": ""PLAY"", ""attack_id"": null, ""card_id"": null, ""area"": null, ""in_play_area"": null, ""v6_score"": -1, ""rng_class"": ""DETERMINISTIC"", ""lookahead_score"": 999999.0, ""chain_steps"": 11, ""error"": null}]",MAIN,58,1786649900_2d0df93e_0,0,v6_win,212,,,ABILITY,DETERMINISTIC,False,,True,[3],0.7897999603301287,8,73.971499921754,[3],74.04670002870262,False,,True,[3],0.5508000031113625,3,24.93249997496605,[3],24.996499996632338,False,,True,[3],0.5422999383881688,5,39.777099969796836,[3],39.82139995787293,8,45.29296875,18,,,ABILITY,DETERMINISTIC,0
"[{""index"": 5, ""option_type"": ""ATTACK"", ""attack_id"": 154, ""card_id"": null, ""area"": null, ""in_play_area"": null, ""v6_score"": 154, ""rng_class"": ""DETERMINISTIC"", ""lookahead_score"": 1000154.0, ""chain_steps"": 8, ""error"": null}, {""index"": 4, ""option_type"": ""ATTACK"", ""attack_id"": 153, ""card_id"": null, ""area"": null, ""in_play_area"": null, ""v6_score"": 153, ""rng_class"": ""DETERMINISTIC"", ""lookahead_score"": 5423.0, ""chain_steps"": 1, ""error"": null}, {""index"": 7, ""option_type"": ""END"", ""attack_id"": null, ""card_id"": null, ""area"": null, ""in_play_area"": null, ""v6_score"": 0, ""rng_class"": ""UNKNOWN"", ""lookahead_score"": 5200.0, ""chain_steps"": 1, ""error"": null}, {""index"": 0, ""option_type"": ""PLAY"", ""attack_id"": null, ""card_id"": null, ""area"": null, ""in_play_area"": null, ""v6_score"": -1, ""rng_class"": ""DETERMINISTIC"", ""lookahead_score"": 999999.0, ""chain_steps"": 9, ""error"": null}, {""index"": 1, ""option_type"": ""EVOLVE"", ""attack_id"": null, ""card_id"": null, ""area"": ""HAND"", ""in_play_area"": ""BENCH"", ""v6_score"": -1, ""rng_class"": ""DETERMINISTIC"", ""lookahead_score"": 999999.0, ""chain_steps"": 9, ""error"": null}]",MAIN,59,1786649900_2d0df93e_0,0,v6_win,212,154,,ATTACK,DETERMINISTIC,False,,True,[5],0.5623999750241637,8,67.95779999811202,[5],67.99950008280575,False,,True,[5],0.571400043554604,3,18.229899927973747,[5],18.335099914111197,False,,True,[5],0.7476001046597958,5,39.42739998456091,[5],39.47159997187555,8,45.35546875,18,154,,ATTACK,DETERMINISTIC,0
"[{""index"": 1, ""option_type"": ""PLAY"", ""attack_id"": null, ""card_id"": null, ""area"": null, ""in_play_area"": null, ""v6_score"": 35000, ""rng_class"": ""RNG_DEPENDENT"", ""lookahead_score"": 34980.0, ""chain_steps"": 6, ""error"": null}, {""index"": 2, ""option_type"": ""PLAY"", ""attack_id"": null, ""card_id"": null, ""area"": null, ""in_play_area"": null, ""v6_score"": 35000, ""rng_class"": ""RNG_DEPENDENT"", ""lookahead_score"": 34980.0, ""chain_steps"": 6, ""error"": null}, {""index"": 0, ""option_type"": ""ATTACH"", ""attack_id"": null, ""card_id"": null, ""area"": ""HAND"", ""in_play_area"": ""ACTIVE"", ""v6_score"": 20000, ""rng_class"": ""DETERMINISTIC"", ""lookahead_score"": 19980.0, ""chain_steps"": 6, ""error"": null}, {""index"": 4, ""option_type"": ""END"", ""attack_id"": null, ""card_id"": null, ""area"": null, ""in_play_area"": null, ""v6_score"": 0, ""rng_class"": ""UNKNOWN"", ""lookahead_score"": -360.0, ""chain_steps"": 1, ""error"": null}, {""index"": 3, ""option_type"": ""PLAY"", ""attack_id"": null, ""card_id"": null, ""area"": null, ""in_play_area"": null, ""v6_score"": -1, ""rng_class"": ""DETERMINISTIC"", ""lookahead_score"": 2189.0, ""chain_steps"": 7, ""error"": null}]",MAIN,0,1786649900_2d0df93e_1,1,v6_win,190,,,PLAY,RNG_DEPENDENT,False,,True,[1],0.44269999489188194,5,18.25759990606457,[1],18.276299932040274,False,,True,[1],0.7520000217482448,3,13.49749998189509,[1],13.519900036044419,False,,True,[1],0.39679999463260174,5,19.39130004029721,[1],19.437900045886636,5,43.46484375,2,,,PLAY,RNG_DEPENDENT,1
"[{""index"": 0, ""option_type"": ""ATTACH"", ""attack_id"": null, ""card_id"": null, ""area"": ""HAND"", ""in_play_area"": ""ACTIVE"", ""v6_score"": 20050, ""rng_class"": ""DETERMINISTIC"", ""lookahead_score"": 20030.0, ""chain_steps"": 2, ""error"": null}, {""index"": 2, ""option_type"": ""ATTACH"", ""attack_id"": null, ""card_id"": null, ""area"": ""HAND"", ""in_play_area"": ""ACTIVE"", ""v6_score"": 20050, ""rng_class"": ""DETERMINISTIC"", ""lookahead_score"": 20030.0, ""chain_steps"": 2, ""error"": null}, {""index"": 3, ""option_type"": ""ATTACK"", ""attack_id"": 150, ""card_id"": null, ""area"": null, ""in_play_area"": null, ""v6_score"": 150, ""rng_class"": ""DETERMINISTIC"", ""lookahead_score"": -50.0, ""chain_steps"": 1, ""error"": null}, {""index"": 4, ""option_type"": ""END"", ""attack_id"": null, ""card_id"": null, ""area"": null, ""in_play_area"": null, ""v6_score"": 0, ""rng_class"": ""UNKNOWN"", ""lookahead_score"": -210.0, ""chain_steps"": 1, ""error"": null}, {""index"": 1, ""option_type"": ""PLAY"", ""attack_id"": null, ""card_id"": null, ""area"": null, ""in_play_area"": null, ""v6_score"": -1, ""rng_class"": ""DETERMINISTIC"", ""lookahead_score"": 2189.0, ""chain_steps"": 3, ""error"": null}]",MAIN,1,1786649900_2d0df93e_1,1,v6_win,190,,,ATTACH,DETERMINISTIC,False,,True,[0],0.4064000677317381,5,7.280300022102892,[0],7.29400001000613,False,,True,[0],0.41859992779791355,3,4.450000007636845,[0],4.470599931664765,False,,True,[0],0.38870004937052727,5,7.0324999978765845,[0],7.0454999804496765,5,43.6015625,2,,,ATTACH,DETERMINISTIC,1
"[{""index"": 2, ""option_type"": ""ATTACK"", ""attack_id"": 151, ""card_id"": null, ""area"": null, ""in_play_area"": null, ""v6_score"": 151, ""rng_class"": ""DETERMINISTIC"", ""lookahead_score"": 131.0, ""chain_steps"": 1, ""error"": null}, {""index"": 1, ""option_type"": ""ATTACK"", ""attack_id"": 150, ""card_id"": null, ""area"": null, ""in_play_area"": null, ""v6_score"": 150, ""rng_class"": ""DETERMINISTIC"", ""lookahead_score"": 100.0, ""chain_steps"": 1, ""error"": null}, {""index"": 3, ""option_type"": ""END"", ""attack_id"": null, ""card_id"": null, ""area"": null, ""in_play_area"": null, ""v6_score"": 0, ""rng_class"": ""UNKNOWN"", ""lookahead_score"": -60.0, ""chain_steps"": 1, ""error"": null}, {""index"": 0, ""option_type"": ""PLAY"", ""attack_id"": null, ""card_id"": null, ""area"": null, ""in_play_area"": null, ""v6_score"": -1, ""rng_class"": ""DETERMINISTIC"", ""lookahead_score"": 2189.0, ""chain_steps"": 2, ""error"": null}]",MAIN,2,1786649900_2d0df93e_1,1,v6_win,190,,,PLAY,DETERMINISTIC,True,,True,[0],0.4061999497935176,4,5.412400001659989,[2],5.425799987278879,False,,True,[2],0.37169991992414,3,3.5681999288499355,[2],3.5879999632015824,True,,True,[0],0.3157999599352479,4,6.156599964015186,[2],6.171499961055815,4,43.60546875,2,151,,ATTACK,DETERMINISTIC,1
"[{""index"": 2, ""option_type"": ""ATTACH"", ""attack_id"": null, ""card_id"": null, ""area"": ""HAND"", ""in_play_area"": ""ACTIVE"", ""v6_score"": 20200, ""rng_class"": ""DETERMINISTIC"", ""lookahead_score"": 23310.0, ""chain_steps"": 16, ""error"": null}, {""index"": 3, ""option_type"": ""PLAY"", ""attack_id"": null, ""card_id"": null, ""area"": null, ""in_play_area"": null, ""v6_score"": 14000, ""rng_class"": ""DETERMINISTIC"", ""lookahead_score"": 15890.0, ""chain_steps"": 14, ""error"": null}, {""index"": 5, ""option_type"": ""ATTACK"", ""attack_id"": 151, ""card_id"": null, ""area"": null, ""in_play_area"": null, ""v6_score"": 151, ""rng_class"": ""DETERMINISTIC"", ""lookahead_score"": -179.0, ""chain_steps"": 1, ""error"": null}, {""index"": 4, ""option_type"": ""ATTACK"", ""attack_id"": 150, ""card_id"": null, ""area"": null, ""in_play_area"": null, ""v6_score"": 150, ""rng_class"": ""DETERMINISTIC"", ""lookahead_score"": -210.0, ""chain_steps"": 1, ""error"": null}, {""index"": 6, ""option_type"": ""END"", ""attack_id"": null, ""card_id"": null, ""area"": null, ""in_play_area"": null, ""v6_score"": 0, ""rng_class"": ""UNKNOWN"", ""lookahead_score"": -370.0, ""chain_steps"": 1, ""error"": null}]",MAIN,3,1786649900_2d0df93e_1,1,v6_win,190,,,ATTACH,DETERMINISTIC,False,,True,[2],0.41069998405873775,7,28.076699934899807,[2],28.110899962484837,False,,True,[2],0.39820000529289246,3,13.298599980771542,[2],13.332400005310774,False,,True,[2],0.4472000291571021,5,22.802599938586354,[2],22.82840001862496,7,43.62890625,4,,,ATTACH,DETERMINISTIC,1
"[{""index"": 2, ""option_type"": ""PLAY"", ""attack_id"": null, ""card_id"": null, ""area"": null, ""in_play_area"": null, ""v6_score"": 14000, ""rng_class"": ""DETERMINISTIC"", ""lookahead_score"": 14120.0, ""chain_steps"": 6, ""error"": null}, {""index"": 4, ""option_type"": ""ATTACK"", ""attack_id"": 151, ""card_id"": null, ""area"": null, ""in_play_area"": null, ""v6_score"": 151, ""rng_class"": ""DETERMINISTIC"", ""lookahead_score"": -29.0, ""chain_steps"": 1, ""error"": null}, {""index"": 3, ""option_type"": ""ATTACK"", ""attack_id"": 150, ""card_id"": null, ""area"": null, ""in_play_area"": null, ""v6_score"": 150, ""rng_class"": ""DETERMINISTIC"", ""lookahead_score"": -60.0, ""chain_steps"": 1, ""error"": null}, {""index"": 5, ""option_type"": ""END"", ""attack_id"": null, ""card_id"": null, ""area"": null, ""in_play_area"": null, ""v6_score"": 0, ""rng_class"": ""UNKNOWN"", ""lookahead_score"": -220.0, ""chain_steps"": 1, ""error"": null}, {""index"": 0, ""option_type"": ""PLAY"", ""attack_id"": null, ""card_id"": null, ""area"": null, ""in_play_area"": null, ""v6_score"": -1, ""rng_class"": ""RNG_DEPENDENT"", ""lookahead_score"": -31.0, ""chain_steps"": 5, ""error"": null}]",MAIN,4,1786649900_2d0df93e_1,1,v6_win,190,,,PLAY,DETERMINISTIC,False,,True,[2],0.7353000110015273,6,24.96780001092702,[2],25.006100069731474,False,,True,[2],0.4458999028429389,3,8.430700050666928,[2],8.450099965557456,False,,True,[2],0.4124999977648258,5,8.461700053885579,[2],8.478400064632297,6,43.6328125,4,,,PLAY,DETERMINISTIC,1
"[{""index"": 1, ""option_type"": ""ATTACH"", ""attack_id"": null, ""card_id"": null, ""area"": ""HAND"", ""in_play_area"": ""ACTIVE"", ""v6_score"": 61000, ""rng_class"": ""DETERMINISTIC"", ""lookahead_score"": 61250.0, ""chain_steps"": 7, ""error"": null}, {""index"": 0, ""option_type"": ""PLAY"", ""attack_id"": null, ""card_id"": null, ""area"": null, ""in_play_area"": null, ""v6_score"": 40000, ""rng_class"": ""RNG_DEPENDENT"", ""lookahead_score"": 40100.0, ""chain_steps"": 6, ""error"": null}, {""index"": 2, ""option_type"": ""EVOLVE"", ""attack_id"": null, ""card_id"": null, ""area"": ""HAND"", ""in_play_area"": ""ACTIVE"", ""v6_score"": 30003, ""rng_class"": ""DETERMINISTIC"", ""lookahead_score"": 30253.0, ""chain_steps"": 7, ""error"": null}, {""index"": 4, ""option_type"": ""ATTACK"", ""attack_id"": 151, ""card_id"": null, ""area"": null, ""in_play_area"": null, ""v6_score"": 151, ""rng_class"": ""DETERMINISTIC"", ""lookahead_score"": -29.0, ""chain_steps"": 1, ""error"": null}, {""index"": 3, ""option_type"": ""ATTACK"", ""attack_id"": 150, ""card_id"": null, ""area"": null, ""in_play_area"": null, ""v6_score"": 150, ""rng_class"": ""DETERMINISTIC"", ""lookahead_score"": -60.0, ""chain_steps"": 1, ""error"": null}]",MAIN,5,1786649900_2d0df93e_1,1,v6_win,190,,,ATTACH,DETERMINISTIC,False,,True,[1],0.43439993169158697,6,20.689399912953377,[1],20.740399952046573,False,,True,[1],0.45759999193251133,3,17.53060007467866,[1],17.55880005657673,False,,True,[1],0.41880004573613405,5,14.543200028128922,[1],14.572700019925833,6,43.640625,4,,,ATTACH,DETERMINISTIC,1
"[{""index"": 0, ""option_type"": ""PLAY"", ""attack_id"": null, ""card_id"": null, ""area"": null, ""in_play_area"": null, ""v6_score"": 40000, ""rng_class"": ""RNG_DEPENDENT"", ""lookahead_score"": 40100.0, ""chain_steps"": 5, ""error"": null}, {""index"": 1, ""option_type"": ""EVOLVE"", ""attack_id"": null, ""card_id"": null, ""area"": ""HAND"", ""in_play_area"": ""ACTIVE"", ""v6_score"": 30003, ""rng_class"": ""DETERMINISTIC"", ""lookahead_score"": 30103.0, ""chain_steps"": 5, ""error"": null}, {""index"": 3, ""option_type"": ""ATTACK"", ""attack_id"": 151, ""card_id"": null, ""area"": null, ""in_play_area"": null, ""v6_score"": 151, ""rng_class"": ""DETERMINISTIC"", ""lookahead_score"": 71.0, ""chain_steps"": 1, ""error"": null}, {""index"": 2, ""option_type"": ""ATTACK"", ""attack_id"": 150, ""card_id"": null, ""area"": null, ""in_play_area"": null, ""v6_score"": 150, ""rng_class"": ""DETERMINISTIC"", ""lookahead_score"": 40.0, ""chain_steps"": 1, ""error"": null}, {""index"": 4, ""option_type"": ""END"", ""attack_id"": null, ""card_id"": null, ""area"": null, ""in_play_area"": null, ""v6_score"": 0, ""rng_class"": ""UNKNOWN"", ""lookahead_score"": -120.0, ""chain_steps"": 1, ""error"": null}]",MAIN,6,1786649900_2d0df93e_1,1,v6_win,190,,,PLAY,RNG_DEPENDENT,False,,True,[0],0.44059997890144587,5,14.485999941825867,[0],14.51359991915524,False,,True,[0],0.44329999946057796,3,10.565200005657971,[0],10.600200039334595,False,,True,[0],0.4141000099480152,5,15.282999956980348,[0],15.321600018069148,5,43.76953125,4,,,PLAY,RNG_DEPENDENT,1
"[{""index"": 0, ""option_type"": ""EVOLVE"", ""attack_id"": null, ""card_id"": null, ""area"": ""HAND"", ""in_play_area"": ""ACTIVE"", ""v6_score"": 30003, ""rng_class"": ""DETERMINISTIC"", ""lookahead_score"": 30103.0, ""chain_steps"": 4, ""error"": null}, {""index"": 2, ""option_type"": ""ATTACK"", ""attack_id"": 151, ""card_id"": null, ""area"": null, ""in_play_area"": null, ""v6_score"": 151, ""rng_class"": ""DETERMINISTIC"", ""lookahead_score"": 71.0, ""chain_steps"": 1, ""error"": null}, {""index"": 1, ""option_type"": ""ATTACK"", ""attack_id"": 150, ""card_id"": null, ""area"": null, ""in_play_area"": null, ""v6_score"": 150, ""rng_class"": ""DETERMINISTIC"", ""lookahead_score"": 40.0, ""chain_steps"": 1, ""error"": null}, {""index"": 3, ""option_type"": ""END"", ""attack_id"": null, ""card_id"": null, ""area"": null, ""in_play_area"": null, ""v6_score"": 0, ""rng_class"": ""UNKNOWN"", ""lookahead_score"": -120.0, ""chain_steps"": 1, ""error"": null}]",MAIN,7,1786649900_2d0df93e_1,1,v6_win,190,,,EVOLVE,DETERMINISTIC,False,,True,[0],0.39569998625665903,4,9.207000024616718,[0],9.235000004991889,False,,True,[0],0.42639998719096184,3,8.350800024345517,[0],8.390800096094608,False,,True,[0],0.44299999717622995,4,9.143600007519126,[0],9.173900005407631,4,43.90234375,4,,,EVOLVE,DETERMINISTIC,1
"[{""index"": 0, ""option_type"": ""ABILITY"", ""attack_id"": null, ""card_id"": null, ""area"": ""ACTIVE"", ""in_play_area"": null, ""v6_score"": 40000, ""rng_class"": ""DETERMINISTIC"", ""lookahead_score"": 40100.0, ""chain_steps"": 3, ""error"": null}, {""index"": 1, ""option_type"": ""ATTACK"", ""attack_id"": 152, ""card_id"": null, ""area"": null, ""in_play_area"": null, ""v6_score"": 152, ""rng_class"": ""DETERMINISTIC"", ""lookahead_score"": 252.0, ""chain_steps"": 1, ""error"": null}, {""index"": 2, ""option_type"": ""END"", ""attack_id"": null, ""card_id"": null, ""area"": null, ""in_play_area"": null, ""v6_score"": 0, ""rng_class"": ""UNKNOWN"", ""lookahead_score"": 30.0, ""chain_steps"": 1, ""error"": null}]",MAIN,8,1786649900_2d0df93e_1,1,v6_win,190,,,ABILITY,DETERMINISTIC,False,,True,[0],0.44980004895478487,3,7.715599960647523,[0],7.750099990516901,False,,True,[0],0.4162000259384513,3,7.760900072753429,[0],7.7893000561743975,False,,True,[0],0.42699999175965786,3,8.947000023908913,[0],9.001699974760413,3,43.91015625,4,,,ABILITY,DETERMINISTIC,1
"[{""index"": 0, ""option_type"": ""PLAY"", ""attack_id"": null, ""card_id"": null, ""area"": null, ""in_play_area"": null, ""v6_score"": 51000, ""rng_class"": ""DETERMINISTIC"", ""lookahead_score"": 52170.0, ""chain_steps"": 2, ""error"": null}, {""index"": 1, ""option_type"": ""ATTACK"", ""attack_id"": 152, ""card_id"": null, ""area"": null, ""in_play_area"": null, ""v6_score"": 152, ""rng_class"": ""DETERMINISTIC"", ""lookahead_score"": 252.0, ""chain_steps"": 1, ""error"": null}, {""index"": 2, ""option_type"": ""END"", ""attack_id"": null, ""card_id"": null, ""area"": null, ""in_play_area"": null, ""v6_score"": 0, ""rng_class"": ""UNKNOWN"", ""lookahead_score"": 30.0, ""chain_steps"": 1, ""error"": null}]",MAIN,9,1786649900_2d0df93e_1,1,v6_win,190,,,PLAY,DETERMINISTIC,False,,True,[0],0.6979000754654408,3,8.204099955037236,[0],8.238299982622266,False,,True,[0],0.4284000024199486,3,7.620299933478236,[0],7.652599946595728,False,,True,[0],0.39980001747608185,3,8.289900026284158,[0],8.328999974764884,3,43.92578125,4,,,PLAY,DETERMINISTIC,1
"[{""index"": 0, ""option_type"": ""ATTACK"", ""attack_id"": 152, ""card_id"": null, ""area"": null, ""in_play_area"": null, ""v6_score"": 152, ""rng_class"": ""DETERMINISTIC"", ""lookahead_score"": 1322.0, ""chain_steps"": 1, ""error"": null}, {""index"": 2, ""option_type"": ""END"", ""attack_id"": null, ""card_id"": null, ""area"": null, ""in_play_area"": null, ""v6_score"": 0, ""rng_class"": ""UNKNOWN"", ""lookahead_score"": 1100.0, ""chain_steps"": 1, ""error"": null}, {""index"": 1, ""option_type"": ""RETREAT"", ""attack_id"": null, ""card_id"": null, ""area"": null, ""in_play_area"": null, ""v6_score"": -1, ""rng_class"": ""DETERMINISTIC"", ""lookahead_score"": 949.0, ""chain_steps"": 4, ""error"": null}]",MAIN,10,1786649900_2d0df93e_1,1,v6_win,190,152,,ATTACK,DETERMINISTIC,False,,True,[0],0.4296000115573406,3,11.33280002977699,[0],11.3625000230968,False,,True,[0],0.41580002289265394,3,8.536300039850175,[0],8.553699939511716,False,,True,[0],0.4314999096095562,3,8.720300043933094,[0],8.735900046303868,3,44.0703125,4,152,,ATTACK,DETERMINISTIC,1
"[{""index"": 4, ""option_type"": ""PLAY"", ""attack_id"": null, ""card_id"": null, ""area"": null, ""in_play_area"": null, ""v6_score"": 46000, ""rng_class"": ""RNG_DEPENDENT"", ""lookahead_score"": 46680.0, ""chain_steps"": 11, ""error"": null}, {""index"": 5, ""option_type"": ""PLAY"", ""attack_id"": null, ""card_id"": null, ""area"": null, ""in_play_area"": null, ""v6_score"": 46000, ""rng_class"": ""RNG_DEPENDENT"", ""lookahead_score"": 46630.0, ""chain_steps"": 8, ""error"": null}, {""index"": 1, ""option_type"": ""ATTACH"", ""attack_id"": null, ""card_id"": null, ""area"": ""HAND"", ""in_play_area"": ""ACTIVE"", ""v6_score"": 20000, ""rng_class"": ""DETERMINISTIC"", ""lookahead_score"": 21890.0, ""chain_steps"": 17, ""error"": null}, {""index"": 3, ""option_type"": ""ATTACH"", ""attack_id"": null, ""card_id"": null, ""area"": ""HAND"", ""in_play_area"": ""ACTIVE"", ""v6_score"": 20000, ""rng_class"": ""DETERMINISTIC"", ""lookahead_score"": 20540.0, ""chain_steps"": 15, ""error"": null}, {""index"": 2, ""option_type"": ""PLAY"", ""attack_id"": null, ""card_id"": null, ""area"": null, ""in_play_area"": null, ""v6_score"": 15000, ""rng_class"": ""DETERMINISTIC"", ""lookahead_score"": 14650.0, ""chain_steps"": 11, ""error"": null}]",MAIN,11,1786649900_2d0df93e_1,1,v6_win,190,,,PLAY,RNG_DEPENDENT,False,,True,[4],0.47800003085285425,7,50.598899950273335,[4],50.63569999765605,False,,True,[4],0.48589997459203005,3,38.372699986211956,[4],38.40730001684278,False,,True,[4],0.44350000098347664,5,47.01899993233383,[4],47.05609998200089,7,44.1328125,6,,,PLAY,RNG_DEPENDENT,1
"[{""index"": 8, ""option_type"": ""PLAY"", ""attack_id"": null, ""card_id"": null, ""area"": null, ""in_play_area"": null, ""v6_score"": 46000, ""rng_class"": ""RNG_DEPENDENT"", ""lookahead_score"": 47750.0, ""chain_steps"": 10, ""error"": null}, {""index"": 3, ""option_type"": ""ATTACH"", ""attack_id"": null, ""card_id"": null, ""area"": ""HAND"", ""in_play_area"": ""BENCH"", ""v6_score"": 20100, ""rng_class"": ""DETERMINISTIC"", ""lookahead_score"": 21850.0, ""chain_steps"": 9, ""error"": null}, {""index"": 7, ""option_type"": ""ATTACH"", ""attack_id"": null, ""card_id"": null, ""area"": ""HAND"", ""in_play_area"": ""BENCH"", ""v6_score"": 20100, ""rng_class"": ""DETERMINISTIC"", ""lookahead_score"": 22000.0, ""chain_steps"": 11, ""error"": null}, {""index"": 1, ""option_type"": ""ATTACH"", ""attack_id"": null, ""card_id"": null, ""area"": ""HAND"", ""in_play_area"": ""ACTIVE"", ""v6_score"": 20000, ""rng_class"": ""DETERMINISTIC"", ""lookahead_score"": 21910.0, ""chain_steps"": 20, ""error"": null}, {""index"": 5, ""option_type"": ""ATTACH"", ""attack_id"": null, ""card_id"": null, ""area"": ""HAND"", ""in_play_area"": ""ACTIVE"", ""v6_score"": 20000, ""rng_class"": ""DETERMINISTIC"", ""lookahead_score"": 21610.0, ""chain_steps"": 14, ""error"": null}]",MAIN,12,1786649900_2d0df93e_1,1,v6_win,190,,,PLAY,RNG_DEPENDENT,False,,True,[8],0.49000000581145287,10,73.77959997393191,[8],73.81939992774278,False,,True,[8],0.6933000404387712,3,30.433300067670643,[8],30.46510007698089,False,,True,[8],0.4998000804334879,5,48.941200016997755,[8],48.980999970808625,10,44.2421875,6,,,PLAY,RNG_DEPENDENT,1
"[{""index"": 3, ""option_type"": ""ATTACH"", ""attack_id"": null, ""card_id"": null, ""area"": ""HAND"", ""in_play_area"": ""BENCH"", ""v6_score"": 20100, ""rng_class"": ""DETERMINISTIC"", ""lookahead_score"": 24060.0, ""chain_steps"": 10, ""error"": null}, {""index"": 4, ""option_type"": ""ATTACH"", ""attack_id"": null, ""card_id"": null, ""area"": ""HAND"", ""in_play_area"": ""BENCH"", ""v6_score"": 20100, ""rng_class"": ""DETERMINISTIC"", ""lookahead_score"": 22100.0, ""chain_steps"": 16, ""error"": null}, {""index"": 8, ""option_type"": ""ATTACH"", ""attack_id"": null, ""card_id"": null, ""area"": ""HAND"", ""in_play_area"": ""BENCH"", ""v6_score"": 20100, ""rng_class"": ""DETERMINISTIC"", ""lookahead_score"": 21700.0, ""chain_steps"": 4, ""error"": null}, {""index"": 9, ""option_type"": ""ATTACH"", ""attack_id"": null, ""card_id"": null, ""area"": ""HAND"", ""in_play_area"": ""BENCH"", ""v6_score"": 20100, ""rng_class"": ""DETERMINISTIC"", ""lookahead_score"": 22920.0, ""chain_steps"": 11, ""error"": null}, {""index"": 1, ""option_type"": ""ATTACH"", ""attack_id"": null, ""card_id"": null, ""area"": ""HAND"", ""in_play_area"": ""ACTIVE"", ""v6_score"": 20000, ""rng_class"": ""DETERMINISTIC"", ""lookahead_score"": 22530.0, ""chain_steps"": 9, ""error"": null}]",MAIN,13,1786649900_2d0df93e_1,1,v6_win,190,,,ATTACH,DETERMINISTIC,False,,True,[3],0.4860000917688012,10,66.16499996744096,[3],66.25390006229281,True,,True,[4],0.66509994212538,3,25.630399934016168,[3],25.677899946458638,False,,True,[3],0.5031999899074435,5,39.06420001294464,[3],39.09079998265952,11,44.421875,6,,,ATTACH,DETERMINISTIC,1
"[{""index"": 1, ""option_type"": ""PLAY"", ""attack_id"": null, ""card_id"": null, ""area"": null, ""in_play_area"": null, ""v6_score"": 15000, ""rng_class"": ""DETERMINISTIC"", ""lookahead_score"": 16900.0, ""chain_steps"": 13, ""error"": null}, {""index"": 0, ""option_type"": ""PLAY"", ""attack_id"": null, ""card_id"": null, ""area"": null, ""in_play_area"": null, ""v6_score"": 14000, ""rng_class"": ""DETERMINISTIC"", ""lookahead_score"": 14680.0, ""chain_steps"": 7, ""error"": null}, {""index"": 2, ""option_type"": ""END"", ""attack_id"": null, ""card_id"": null, ""area"": null, ""in_play_area"": null, ""v6_score"": 0, ""rng_class"": ""UNKNOWN"", ""lookahead_score"": 530.0, ""chain_steps"": 1, ""error"": null}]",MAIN,14,1786649900_2d0df93e_1,1,v6_win,190,,,PLAY,DETERMINISTIC,True,,True,[0],0.6714999908581376,3,15.115799964405596,[1],15.143799944780767,True,,True,[0],0.538499909453094,3,15.490400022827089,[1],15.520500019192696,False,,True,[1],0.4564999835565686,3,18.262000055983663,[1],18.298199982382357,3,44.53125,6,,,PLAY,DETERMINISTIC,1
"[{""index"": 1, ""option_type"": ""EVOLVE"", ""attack_id"": null, ""card_id"": null, ""area"": ""HAND"", ""in_play_area"": ""ACTIVE"", ""v6_score"": 30000, ""rng_class"": ""DETERMINISTIC"", ""lookahead_score"": 30680.0, ""chain_steps"": 6, ""error"": null}, {""index"": 3, ""option_type"": ""END"", ""attack_id"": null, ""card_id"": null, ""area"": null, ""in_play_area"": null, ""v6_score"": 0, ""rng_class"": ""UNKNOWN"", ""lookahead_score"": 530.0, ""chain_steps"": 1, ""error"": null}, {""index"": 0, ""option_type"": ""PLAY"", ""attack_id"": null, ""card_id"": null, ""area"": null, ""in_play_area"": null, ""v6_score"": -1, ""rng_class"": ""RNG_DEPENDENT"", ""lookahead_score"": 2649.0, ""chain_steps"": 11, ""error"": null}, {""index"": 2, ""option_type"": ""PLAY"", ""attack_id"": null, ""card_id"": null, ""area"": null, ""in_play_area"": null, ""v6_score"": -1, ""rng_class"": ""RNG_DEPENDENT"", ""lookahead_score"": 1849.0, ""chain_steps"": 7, ""error"": null}]",MAIN,15,1786649900_2d0df93e_1,1,v6_win,190,,,EVOLVE,DETERMINISTIC,False,,True,[1],0.5802999949082732,4,20.568400039337575,[1],20.59000008739531,False,,True,[1],0.4715000977739692,3,19.81500000692904,[1],19.85060004517436,False,,True,[1],0.4705999745056033,4,21.992600057274103,[1],22.01489999424666,4,44.53515625,6,,,EVOLVE,DETERMINISTIC,1
"[{""index"": 2, ""option_type"": ""ABILITY"", ""attack_id"": null, ""card_id"": null, ""area"": ""ACTIVE"", ""in_play_area"": null, ""v6_score"": 40000, ""rng_class"": ""DETERMINISTIC"", ""lookahead_score"": 40680.0, ""chain_steps"": 5, ""error"": null}, {""index"": 3, ""option_type"": ""END"", ""attack_id"": null, ""card_id"": null, ""area"": null, ""in_play_area"": null, ""v6_score"": 0, ""rng_class"": ""UNKNOWN"", ""lookahead_score"": 680.0, ""chain_steps"": 1, ""error"": null}, {""index"": 0, ""option_type"": ""PLAY"", ""attack_id"": null, ""card_id"": null, ""area"": null, ""in_play_area"": null, ""v6_score"": -1, ""rng_class"": ""RNG_DEPENDENT"", ""lookahead_score"": 3719.0, ""chain_steps"": 11, ""error"": null}, {""index"": 1, ""option_type"": ""PLAY"", ""attack_id"": null, ""card_id"": null, ""area"": null, ""in_play_area"": null, ""v6_score"": -1, ""rng_class"": ""RNG_DEPENDENT"", ""lookahead_score"": 1749.0, ""chain_steps"": 5, ""error"": null}]",MAIN,16,1786649900_2d0df93e_1,1,v6_win,190,,,ABILITY,DETERMINISTIC,False,,True,[2],0.5824000108987093,4,30.792800011113286,[2],30.849200091324747,False,,True,[2],0.45220006722956896,3,23.05530000012368,[2],23.10550003312528,False,,True,[2],0.4683000734075904,4,25.770400068722665,[2],25.813300046138465,4,44.5625,6,,,ABILITY,DETERMINISTIC,1
"[{""index"": 2, ""option_type"": ""END"", ""attack_id"": null, ""card_id"": null, ""area"": null, ""in_play_area"": null, ""v6_score"": 0, ""rng_class"": ""UNKNOWN"", ""lookahead_score"": 680.0, ""chain_steps"": 1, ""error"": null}, {""index"": 0, ""option_type"": ""PLAY"", ""attack_id"": null, ""card_id"": null, ""area"": null, ""in_play_area"": null, ""v6_score"": -1, ""rng_class"": ""RNG_DEPENDENT"", ""lookahead_score"": 2649.0, ""chain_steps"": 14, ""error"": null}, {""index"": 1, ""option_type"": ""PLAY"", ""attack_id"": null, ""card_id"": null, ""area"": null, ""in_play_area"": null, ""v6_score"": -1, ""rng_class"": ""RNG_DEPENDENT"", ""lookahead_score"": 1749.0, ""chain_steps"": 3, ""error"": null}]",MAIN,17,1786649900_2d0df93e_1,1,v6_win,190,,,PLAY,RNG_DEPENDENT,True,,True,[1],0.5392000311985612,3,12.376899947412312,[2],12.398699996992946,True,,True,[1],0.5956999957561493,3,12.158599914982915,[2],12.178299948573112,True,,True,[0],0.46019989531487226,3,20.71979991160333,[2],20.749600022099912,3,44.5859375,6,,,END,UNKNOWN,1
"[{""index"": 8, ""option_type"": ""PLAY"", ""attack_id"": null, ""card_id"": null, ""area"": null, ""in_play_area"": null, ""v6_score"": 42000, ""rng_class"": ""DETERMINISTIC"", ""lookahead_score"": 45610.0, ""chain_steps"": 20, ""error"": null}, {""index"": 5, ""option_type"": ""EVOLVE"", ""attack_id"": null, ""card_id"": null, ""area"": ""HAND"", ""in_play_area"": ""BENCH"", ""v6_score"": 30001, ""rng_class"": ""DETERMINISTIC"", ""lookahead_score"": 33611.0, ""chain_steps"": 20, ""error"": null}, {""index"": 6, ""option_type"": ""EVOLVE"", ""attack_id"": null, ""card_id"": null, ""area"": ""HAND"", ""in_play_area"": ""BENCH"", ""v6_score"": 30000, ""rng_class"": ""DETERMINISTIC"", ""lookahead_score"": 33610.0, ""chain_steps"": 20, ""error"": null}, {""index"": 3, ""option_type"": ""ATTACH"", ""attack_id"": null, ""card_id"": null, ""area"": ""HAND"", ""in_play_area"": ""BENCH"", ""v6_score"": 20100, ""rng_class"": ""DETERMINISTIC"", ""lookahead_score"": 23710.0, ""chain_steps"": 20, ""error"": null}, {""index"": 2, ""option_type"": ""ATTACH"", ""attack_id"": null, ""card_id"": null, ""area"": ""HAND"", ""in_play_area"": ""BENCH"", ""v6_score"": 19850, ""rng_class"": ""DETERMINISTIC"", ""lookahead_score"": 23460.0, ""chain_steps"": 20, ""error"": null}]",MAIN,18,1786649900_2d0df93e_1,1,v6_win,190,,,PLAY,DETERMINISTIC,False,,True,[8],0.5430999444797635,10,84.14559997618198,[8],84.19179997872561,False,,True,[8],0.521100009791553,3,41.3591000251472,[8],41.38880001846701,False,,True,[8],0.4814000567421317,5,73.05680005811155,[8],73.10120004694909,12,44.64453125,8,,,PLAY,DETERMINISTIC,1
"[{""index"": 5, ""option_type"": ""EVOLVE"", ""attack_id"": null, ""card_id"": null, ""area"": ""HAND"", ""in_play_area"": ""BENCH"", ""v6_score"": 30001, ""rng_class"": ""DETERMINISTIC"", ""lookahead_score"": 31641.0, ""chain_steps"": 13, ""error"": null}, {""index"": 8, ""option_type"": ""EVOLVE"", ""attack_id"": null, ""card_id"": null, ""area"": ""HAND"", ""in_play_area"": ""BENCH"", ""v6_score"": 30001, ""rng_class"": ""DETERMINISTIC"", ""lookahead_score"": 31641.0, ""chain_steps"": 13, ""error"": null}, {""index"": 6, ""option_type"": ""EVOLVE"", ""attack_id"": null, ""card_id"": null, ""area"": ""HAND"", ""in_play_area"": ""BENCH"", ""v6_score"": 30000, ""rng_class"": ""DETERMINISTIC"", ""lookahead_score"": 31640.0, ""chain_steps"": 13, ""error"": null}, {""index"": 9, ""option_type"": ""EVOLVE"", ""attack_id"": null, ""card_id"": null, ""area"": ""HAND"", ""in_play_area"": ""BENCH"", ""v6_score"": 30000, ""rng_class"": ""DETERMINISTIC"", ""lookahead_score"": 31640.0, ""chain_steps"": 13, ""error"": null}, {""index"": 3, ""option_type"": ""ATTACH"", ""attack_id"": null, ""card_id"": null, ""area"": ""HAND"", ""in_play_area"": ""BENCH"", ""v6_score"": 20100, ""rng_class"": ""DETERMINISTIC"", ""lookahead_score"": 21740.0, ""chain_steps"": 13, ""error"": null}]",MAIN,19,1786649900_2d0df93e_1,1,v6_win,190,,,EVOLVE,DETERMINISTIC,False,,True,[5],0.4906000103801489,10,57.73090000730008,[5],57.765199919231236,False,,True,[5],0.7297999691218138,3,19.805200048722327,[5],19.83420003671199,False,,True,[5],0.555400038138032,5,48.1479000300169,[5],48.176199896261096,13,44.6953125,8,,,EVOLVE,DETERMINISTIC,1
"[{""index"": 7, ""option_type"": ""ABILITY"", ""attack_id"": null, ""card_id"": null, ""area"": ""BENCH"", ""in_play_area"": null, ""v6_score"": 40000, ""rng_class"": ""DETERMINISTIC"", ""lookahead_score"": 41790.0, ""chain_steps"": 15, ""error"": null}, {""index"": 6, ""option_type"": ""EVOLVE"", ""attack_id"": null, ""card_id"": null, ""area"": ""HAND"", ""in_play_area"": ""BENCH"", ""v6_score"": 30000, ""rng_class"": ""DETERMINISTIC"", ""lookahead_score"": 31790.0, ""chain_steps"": 15, ""error"": null}, {""index"": 3, ""option_type"": ""ATTACH"", ""attack_id"": null, ""card_id"": null, ""area"": ""HAND"", ""in_play_area"": ""BENCH"", ""v6_score"": 20100, ""rng_class"": ""DETERMINISTIC"", ""lookahead_score"": 21890.0, ""chain_steps"": 15, ""error"": null}, {""index"": 2, ""option_type"": ""ATTACH"", ""attack_id"": null, ""card_id"": null, ""area"": ""HAND"", ""in_play_area"": ""BENCH"", ""v6_score"": 19800, ""rng_class"": ""DETERMINISTIC"", ""lookahead_score"": 20520.0, ""chain_steps"": 11, ""error"": null}, {""index"": 8, ""option_type"": ""ATTACK"", ""attack_id"": 323, ""card_id"": null, ""area"": null, ""in_play_area"": null, ""v6_score"": 323, ""rng_class"": ""DETERMINISTIC"", ""lookahead_score"": 593.0, ""chain_steps"": 1, ""error"": null}]",MAIN,20,1786649900_2d0df93e_1,1,v6_win,190,,,ABILITY,DETERMINISTIC,False,,True,[7],0.4944000393152237,10,53.35900001227856,[7],53.38820000179112,False,,True,[7],0.4909000126644969,3,15.388400061056018,[7],15.413600020110607,False,,True,[7],0.7735000690445304,5,53.30009991303086,[7],53.34230000153184,11,44.6953125,8,,,ABILITY,DETERMINISTIC,1
"[{""index"": 6, ""option_type"": ""EVOLVE"", ""attack_id"": null, ""card_id"": null, ""area"": ""HAND"", ""in_play_area"": ""BENCH"", ""v6_score"": 30000, ""rng_class"": ""DETERMINISTIC"", ""lookahead_score"": 30570.0, ""chain_steps"": 8, ""error"": null}, {""index"": 3, ""option_type"": ""ATTACH"", ""attack_id"": null, ""card_id"": null, ""area"": ""HAND"", ""in_play_area"": ""BENCH"", ""v6_score"": 20100, ""rng_class"": ""DETERMINISTIC"", ""lookahead_score"": 20670.0, ""chain_steps"": 6, ""error"": null}, {""index"": 2, ""option_type"": ""ATTACH"", ""attack_id"": null, ""card_id"": null, ""area"": ""HAND"", ""in_play_area"": ""BENCH"", ""v6_score"": 19800, ""rng_class"": ""DETERMINISTIC"", ""lookahead_score"": 20370.0, ""chain_steps"": 6, ""error"": null}, {""index"": 7, ""option_type"": ""PLAY"", ""attack_id"": null, ""card_id"": null, ""area"": null, ""in_play_area"": null, ""v6_score"": 14000, ""rng_class"": ""DETERMINISTIC"", ""lookahead_score"": 16630.0, ""chain_steps"": 6, ""error"": null}, {""index"": 8, ""option_type"": ""ATTACK"", ""attack_id"": 323, ""card_id"": null, ""area"": null, ""in_play_area"": null, ""v6_score"": 323, ""rng_class"": ""DETERMINISTIC"", ""lookahead_score"": 593.0, ""chain_steps"": 1, ""error"": null}]",MAIN,21,1786649900_2d0df93e_1,1,v6_win,190,,,EVOLVE,DETERMINISTIC,False,,True,[6],0.493600033223629,10,67.2529999865219,[6],67.29009991977364,False,,True,[6],0.6379999686032534,3,18.92760000191629,[6],18.948700046166778,False,,True,[6],0.5677000153809786,5,24.428299977444112,[6],24.475299986079335,11,44.75390625,8,,,EVOLVE,DETERMINISTIC,1
"[{""index"": 7, ""option_type"": ""ABILITY"", ""attack_id"": null, ""card_id"": null, ""area"": ""BENCH"", ""in_play_area"": null, ""v6_score"": 40000, ""rng_class"": ""DETERMINISTIC"", ""lookahead_score"": 40570.0, ""chain_steps"": 5, ""error"": null}, {""index"": 3, ""option_type"": ""ATTACH"", ""attack_id"": null, ""card_id"": null, ""area"": ""HAND"", ""in_play_area"": ""BENCH"", ""v6_score"": 20050, ""rng_class"": ""DETERMINISTIC"", ""lookahead_score"": 21690.0, ""chain_steps"": 8, ""error"": null}, {""index"": 2, ""option_type"": ""ATTACH"", ""attack_id"": null, ""card_id"": null, ""area"": ""HAND"", ""in_play_area"": ""BENCH"", ""v6_score"": 19800, ""rng_class"": ""DETERMINISTIC"", ""lookahead_score"": 20370.0, ""chain_steps"": 5, ""error"": null}, {""index"": 6, ""option_type"": ""PLAY"", ""attack_id"": null, ""card_id"": null, ""area"": null, ""in_play_area"": null, ""v6_score"": 14000, ""rng_class"": ""DETERMINISTIC"", ""lookahead_score"": 14570.0, ""chain_steps"": 5, ""error"": null}, {""index"": 8, ""option_type"": ""ATTACK"", ""attack_id"": 323, ""card_id"": null, ""area"": null, ""in_play_area"": null, ""v6_score"": 323, ""rng_class"": ""DETERMINISTIC"", ""lookahead_score"": 743.0, ""chain_steps"": 1, ""error"": null}]",MAIN,22,1786649900_2d0df93e_1,1,v6_win,190,,,ABILITY,DETERMINISTIC,False,,True,[7],0.46849995851516724,10,50.579399918206036,[7],50.62269989866763,False,,True,[7],0.5166000919416547,3,24.658699985593557,[7],24.693000013940036,False,,True,[7],0.4763000179082155,5,20.70839994121343,[7],20.74229996651411,11,44.7578125,8,,,ABILITY,DETERMINISTIC,1
"[{""index"": 3, ""option_type"": ""ATTACH"", ""attack_id"": null, ""card_id"": null, ""area"": ""HAND"", ""in_play_area"": ""BENCH"", ""v6_score"": 20050, ""rng_class"": ""DETERMINISTIC"", ""lookahead_score"": 20620.0, ""chain_steps"": 3, ""error"": null}, {""index"": 2, ""option_type"": ""ATTACH"", ""attack_id"": null, ""card_id"": null, ""area"": ""HAND"", ""in_play_area"": ""BENCH"", ""v6_score"": 19800, ""rng_class"": ""DETERMINISTIC"", ""lookahead_score"": 22580.0, ""chain_steps"": 7, ""error"": null}, {""index"": 6, ""option_type"": ""PLAY"", ""attack_id"": null, ""card_id"": null, ""area"": null, ""in_play_area"": null, ""v6_score"": 14000, ""rng_class"": ""DETERMINISTIC"", ""lookahead_score"": 14570.0, ""chain_steps"": 3, ""error"": null}, {""index"": 7, ""option_type"": ""ATTACK"", ""attack_id"": 323, ""card_id"": null, ""area"": null, ""in_play_area"": null, ""v6_score"": 323, ""rng_class"": ""DETERMINISTIC"", ""lookahead_score"": 743.0, ""chain_steps"": 1, ""error"": null}, {""index"": 9, ""option_type"": ""END"", ""attack_id"": null, ""card_id"": null, ""area"": null, ""in_play_area"": null, ""v6_score"": 0, ""rng_class"": ""UNKNOWN"", ""lookahead_score"": 400.0, ""chain_steps"": 1, ""error"": null}]",MAIN,23,1786649900_2d0df93e_1,1,v6_win,190,,,ATTACH,DETERMINISTIC,False,,True,[3],0.8301999187096953,10,41.74150002654642,[3],41.783599997870624,True,,True,[2],0.8150000358000398,3,13.188800076022744,[3],13.215000042691827,True,,True,[2],0.4637000383809209,5,15.14339994173497,[3],15.186899923719466,10,44.7734375,8,,,ATTACH,DETERMINISTIC,1
"[{""index"": 3, ""option_type"": ""PLAY"", ""attack_id"": null, ""card_id"": null, ""area"": null, ""in_play_area"": null, ""v6_score"": 14000, ""rng_class"": ""DETERMINISTIC"", ""lookahead_score"": 15640.0, ""chain_steps"": 6, ""error"": null}, {""index"": 4, ""option_type"": ""ATTACK"", ""attack_id"": 323, ""card_id"": null, ""area"": null, ""in_play_area"": null, ""v6_score"": 323, ""rng_class"": ""DETERMINISTIC"", ""lookahead_score"": 893.0, ""chain_steps"": 1, ""error"": null}, {""index"": 6, ""option_type"": ""END"", ""attack_id"": null, ""card_id"": null, ""area"": null, ""in_play_area"": null, ""v6_score"": 0, ""rng_class"": ""UNKNOWN"", ""lookahead_score"": 550.0, ""chain_steps"": 1, ""error"": null}, {""index"": 0, ""option_type"": ""PLAY"", ""attack_id"": null, ""card_id"": null, ""area"": null, ""in_play_area"": null, ""v6_score"": -1, ""rng_class"": ""RNG_DEPENDENT"", ""lookahead_score"": 1739.0, ""chain_steps"": 7, ""error"": null}, {""index"": 1, ""option_type"": ""PLAY"", ""attack_id"": null, ""card_id"": null, ""area"": null, ""in_play_area"": null, ""v6_score"": -1, ""rng_class"": ""RNG_DEPENDENT"", ""lookahead_score"": 1639.0, ""chain_steps"": 4, ""error"": null}]",MAIN,24,1786649900_2d0df93e_1,1,v6_win,190,,,PLAY,DETERMINISTIC,False,,True,[3],0.4860000917688012,7,26.299299905076623,[3],26.323299971409142,False,,True,[3],0.47770002856850624,3,7.199299987405539,[3],7.244299980811775,False,,True,[3],0.46989996917545795,5,19.718600087799132,[3],19.76010005455464,7,44.78515625,8,,,PLAY,DETERMINISTIC,1
"[{""index"": 0, ""option_type"": ""PLAY"", ""attack_id"": null, ""card_id"": null, ""area"": null, ""in_play_area"": null, ""v6_score"": 44000, ""rng_class"": ""RNG_DEPENDENT"", ""lookahead_score"": 45640.0, ""chain_steps"": 5, ""error"": null}, {""index"": 3, ""option_type"": ""PLAY"", ""attack_id"": null, ""card_id"": null, ""area"": null, ""in_play_area"": null, ""v6_score"": 44000, ""rng_class"": ""RNG_DEPENDENT"", ""lookahead_score"": 45640.0, ""chain_steps"": 5, ""error"": null}, {""index"": 4, ""option_type"": ""ATTACK"", ""attack_id"": 323, ""card_id"": null, ""area"": null, ""in_play_area"": null, ""v6_score"": 323, ""rng_class"": ""DETERMINISTIC"", ""lookahead_score"": 893.0, ""chain_steps"": 1, ""error"": null}, {""index"": 6, ""option_type"": ""END"", ""attack_id"": null, ""card_id"": null, ""area"": null, ""in_play_area"": null, ""v6_score"": 0, ""rng_class"": ""UNKNOWN"", ""lookahead_score"": 550.0, ""chain_steps"": 1, ""error"": null}, {""index"": 1, ""option_type"": ""PLAY"", ""attack_id"": null, ""card_id"": null, ""area"": null, ""in_play_area"": null, ""v6_score"": -1, ""rng_class"": ""RNG_DEPENDENT"", ""lookahead_score"": 2709.0, ""chain_steps"": 3, ""error"": null}]",MAIN,25,1786649900_2d0df93e_1,1,v6_win,190,,,PLAY,RNG_DEPENDENT,False,,True,[0],0.5047000013291836,7,28.65600003860891,[0],28.680499992333353,False,,True,[0],0.4923999076709151,3,11.849100003018975,[0],11.882399907335639,False,,True,[0],0.4539000801742077,5,18.397399922832847,[0],18.42219999525696,7,44.8203125,8,,,PLAY,RNG_DEPENDENT,1
"[{""index"": 1, ""option_type"": ""ATTACK"", ""attack_id"": 323, ""card_id"": null, ""area"": null, ""in_play_area"": null, ""v6_score"": 323, ""rng_class"": ""DETERMINISTIC"", ""lookahead_score"": 893.0, ""chain_steps"": 1, ""error"": null}, {""index"": 3, ""option_type"": ""END"", ""attack_id"": null, ""card_id"": null, ""area"": null, ""in_play_area"": null, ""v6_score"": 0, ""rng_class"": ""UNKNOWN"", ""lookahead_score"": 550.0, ""chain_steps"": 1, ""error"": null}, {""index"": 0, ""option_type"": ""PLAY"", ""attack_id"": null, ""card_id"": null, ""area"": null, ""in_play_area"": null, ""v6_score"": -1, ""rng_class"": ""RNG_DEPENDENT"", ""lookahead_score"": 1639.0, ""chain_steps"": 5, ""error"": null}, {""index"": 2, ""option_type"": ""RETREAT"", ""attack_id"": null, ""card_id"": null, ""area"": null, ""in_play_area"": null, ""v6_score"": -1, ""rng_class"": ""DETERMINISTIC"", ""lookahead_score"": 549.0, ""chain_steps"": 3, ""error"": null}]",MAIN,26,1786649900_2d0df93e_1,1,v6_win,190,,,PLAY,RNG_DEPENDENT,True,,True,[0],0.6002000300213695,4,17.27259997278452,[1],17.31089991517365,True,,True,[0],0.4629999166354537,3,11.79949997458607,[1],11.817899998277426,True,,True,[0],0.4498999333009124,4,16.346100019291043,[1],16.395999933592975,4,44.8671875,8,323,,ATTACK,DETERMINISTIC,1
"[{""index"": 5, ""option_type"": ""ABILITY"", ""attack_id"": null, ""card_id"": null, ""area"": ""BENCH"", ""in_play_area"": null, ""v6_score"": 40000, ""rng_class"": ""DETERMINISTIC"", ""lookahead_score"": 43210.0, ""chain_steps"": 20, ""error"": null}, {""index"": 6, ""option_type"": ""ABILITY"", ""attack_id"": null, ""card_id"": null, ""area"": ""BENCH"", ""in_play_area"": null, ""v6_score"": 40000, ""rng_class"": ""DETERMINISTIC"", ""lookahead_score"": 44410.0, ""chain_steps"": 20, ""error"": null}, {""index"": 1, ""option_type"": ""ATTACH"", ""attack_id"": null, ""card_id"": null, ""area"": ""HAND"", ""in_play_area"": ""BENCH"", ""v6_score"": 19800, ""rng_class"": ""DETERMINISTIC"", ""lookahead_score"": 22940.0, ""chain_steps"": 20, ""error"": null}, {""index"": 7, ""option_type"": ""ATTACK"", ""attack_id"": 323, ""card_id"": null, ""area"": null, ""in_play_area"": null, ""v6_score"": 323, ""rng_class"": ""DETERMINISTIC"", ""lookahead_score"": -167.0, ""chain_steps"": 1, ""error"": null}, {""index"": 9, ""option_type"": ""END"", ""attack_id"": null, ""card_id"": null, ""area"": null, ""in_play_area"": null, ""v6_score"": 0, ""rng_class"": ""UNKNOWN"", ""lookahead_score"": -510.0, ""chain_steps"": 1, ""error"": null}]",MAIN,27,1786649900_2d0df93e_1,1,v6_win,190,,,ABILITY,DETERMINISTIC,False,,True,[5],0.5281999474391341,10,110.36119994241744,[5],110.39559997152537,True,,True,[6],0.5058000097051263,3,41.13410005811602,[5],41.164500056765974,True,,True,[6],0.5097000394016504,5,45.55929999332875,[5],45.59520003385842,10,44.9140625,10,,,ABILITY,DETERMINISTIC,1
"[{""index"": 5, ""option_type"": ""PLAY"", ""attack_id"": null, ""card_id"": null, ""area"": null, ""in_play_area"": null, ""v6_score"": 50000, ""rng_class"": ""DETERMINISTIC"", ""lookahead_score"": 57320.0, ""chain_steps"": 19, ""error"": null}, {""index"": 6, ""option_type"": ""ABILITY"", ""attack_id"": null, ""card_id"": null, ""area"": ""BENCH"", ""in_play_area"": null, ""v6_score"": 40000, ""rng_class"": ""DETERMINISTIC"", ""lookahead_score"": 44110.0, ""chain_steps"": 20, ""error"": null}, {""index"": 1, ""option_type"": ""ATTACH"", ""attack_id"": null, ""card_id"": null, ""area"": ""HAND"", ""in_play_area"": ""BENCH"", ""v6_score"": 19800, ""rng_class"": ""DETERMINISTIC"", ""lookahead_score"": 24710.0, ""chain_steps"": 10, ""error"": null}, {""index"": 7, ""option_type"": ""ATTACK"", ""attack_id"": 323, ""card_id"": null, ""area"": null, ""in_play_area"": null, ""v6_score"": 323, ""rng_class"": ""DETERMINISTIC"", ""lookahead_score"": -167.0, ""chain_steps"": 1, ""error"": null}, {""index"": 9, ""option_type"": ""END"", ""attack_id"": null, ""card_id"": null, ""area"": null, ""in_play_area"": null, ""v6_score"": 0, ""rng_class"": ""UNKNOWN"", ""lookahead_score"": -510.0, ""chain_steps"": 1, ""error"": null}]",MAIN,28,1786649900_2d0df93e_1,1,v6_win,190,,,PLAY,DETERMINISTIC,False,,True,[5],0.4992999602109194,10,101.80559998843819,[5],101.84319992549717,False,,True,[5],0.7613999769091606,3,48.086100025102496,[5],48.12499997206032,False,,True,[5],0.5291999550536275,5,40.41759995743632,[5],40.45989993028343,10,44.921875,10,,,PLAY,DETERMINISTIC,1
"[{""index"": 7, ""option_type"": ""ABILITY"", ""attack_id"": null, ""card_id"": null, ""area"": ""BENCH"", ""in_play_area"": null, ""v6_score"": 40000, ""rng_class"": ""DETERMINISTIC"", ""lookahead_score"": 42700.0, ""chain_steps"": 8, ""error"": null}, {""index"": 1, ""option_type"": ""ATTACH"", ""attack_id"": null, ""card_id"": null, ""area"": ""HAND"", ""in_play_area"": ""BENCH"", ""v6_score"": 19800, ""rng_class"": ""DETERMINISTIC"", ""lookahead_score"": 22500.0, ""chain_steps"": 8, ""error"": null}, {""index"": 6, ""option_type"": ""PLAY"", ""attack_id"": null, ""card_id"": null, ""area"": null, ""in_play_area"": null, ""v6_score"": 14000, ""rng_class"": ""DETERMINISTIC"", ""lookahead_score"": 19110.0, ""chain_steps"": 18, ""error"": null}, {""index"": 8, ""option_type"": ""ATTACK"", ""attack_id"": 323, ""card_id"": null, ""area"": null, ""in_play_area"": null, ""v6_score"": 323, ""rng_class"": ""DETERMINISTIC"", ""lookahead_score"": 1803.0, ""chain_steps"": 1, ""error"": null}, {""index"": 10, ""option_type"": ""END"", ""attack_id"": null, ""card_id"": null, ""area"": null, ""in_play_area"": null, ""v6_score"": 0, ""rng_class"": ""UNKNOWN"", ""lookahead_score"": 1460.0, ""chain_steps"": 1, ""error"": null}]",MAIN,29,1786649900_2d0df93e_1,1,v6_win,190,,,ABILITY,DETERMINISTIC,False,,True,[7],0.5080000264570117,10,96.66719997767359,[7],96.73480002675205,False,,True,[7],0.5153999663889408,3,44.94089994113892,[7],44.97049993369728,False,,True,[7],0.5711999256163836,5,30.69129993673414,[7],30.739099951460958,11,45.03515625,10,,,ABILITY,DETERMINISTIC,1
"[{""index"": 7, ""option_type"": ""EVOLVE"", ""attack_id"": null, ""card_id"": null, ""area"": ""HAND"", ""in_play_area"": ""BENCH"", ""v6_score"": 70001, ""rng_class"": ""DETERMINISTIC"", ""lookahead_score"": 76181.0, ""chain_steps"": 17, ""error"": null}, {""index"": 8, ""option_type"": ""EVOLVE"", ""attack_id"": null, ""card_id"": null, ""area"": ""HAND"", ""in_play_area"": ""BENCH"", ""v6_score"": 70001, ""rng_class"": ""DETERMINISTIC"", ""lookahead_score"": 78671.0, ""chain_steps"": 15, ""error"": null}, {""index"": 1, ""option_type"": ""ATTACH"", ""attack_id"": null, ""card_id"": null, ""area"": ""HAND"", ""in_play_area"": ""BENCH"", ""v6_score"": 19800, ""rng_class"": ""DETERMINISTIC"", ""lookahead_score"": 28190.0, ""chain_steps"": 18, ""error"": null}, {""index"": 6, ""option_type"": ""PLAY"", ""attack_id"": null, ""card_id"": null, ""area"": null, ""in_play_area"": null, ""v6_score"": 14000, ""rng_class"": ""DETERMINISTIC"", ""lookahead_score"": 16830.0, ""chain_steps"": 3, ""error"": null}, {""index"": 9, ""option_type"": ""ATTACK"", ""attack_id"": 323, ""card_id"": null, ""area"": null, ""in_play_area"": null, ""v6_score"": 323, ""rng_class"": ""DETERMINISTIC"", ""lookahead_score"": 1803.0, ""chain_steps"": 1, ""error"": null}]",MAIN,30,1786649900_2d0df93e_1,1,v6_win,190,,,EVOLVE,DETERMINISTIC,True,,True,[8],0.5241000326350331,10,77.01989996712655,[7],77.06419995520264,False,,True,[7],0.5422000540420413,3,31.553399981930852,[7],31.610999954864383,True,,True,[8],0.5203000036999583,5,46.33430007379502,[7],46.382400090806186,12,45.09375,10,,,EVOLVE,DETERMINISTIC,1
"[{""index"": 1, ""option_type"": ""ATTACH"", ""attack_id"": null, ""card_id"": null, ""area"": ""HAND"", ""in_play_area"": ""BENCH"", ""v6_score"": 20250, ""rng_class"": ""DETERMINISTIC"", ""lookahead_score"": 25360.0, ""chain_steps"": 12, ""error"": null}, {""index"": 6, ""option_type"": ""PLAY"", ""attack_id"": null, ""card_id"": null, ""area"": null, ""in_play_area"": null, ""v6_score"": 14000, ""rng_class"": ""DETERMINISTIC"", ""lookahead_score"": 18180.0, ""chain_steps"": 3, ""error"": null}, {""index"": 7, ""option_type"": ""ATTACK"", ""attack_id"": 323, ""card_id"": null, ""area"": null, ""in_play_area"": null, ""v6_score"": 323, ""rng_class"": ""DETERMINISTIC"", ""lookahead_score"": 3153.0, ""chain_steps"": 1, ""error"": null}, {""index"": 9, ""option_type"": ""END"", ""attack_id"": null, ""card_id"": null, ""area"": null, ""in_play_area"": null, ""v6_score"": 0, ""rng_class"": ""UNKNOWN"", ""lookahead_score"": 2810.0, ""chain_steps"": 1, ""error"": null}, {""index"": 0, ""option_type"": ""ATTACH"", ""attack_id"": null, ""card_id"": null, ""area"": ""HAND"", ""in_play_area"": ""ACTIVE"", ""v6_score"": -1, ""rng_class"": ""DETERMINISTIC"", ""lookahead_score"": 4049.0, ""chain_steps"": 4, ""error"": null}]",MAIN,31,1786649900_2d0df93e_1,1,v6_win,190,,,ATTACH,DETERMINISTIC,False,,True,[1],0.510399928316474,10,82.44699996430427,[1],82.49770000111312,False,,True,[1],0.5375000182539225,3,25.14399995561689,[1],25.200300035066903,False,,True,[1],0.5357000045478344,5,20.560999982990324,[1],20.6034000730142,10,45.1015625,10,,,ATTACH,DETERMINISTIC,1
"[{""index"": 2, ""option_type"": ""PLAY"", ""attack_id"": null, ""card_id"": null, ""area"": null, ""in_play_area"": null, ""v6_score"": 14000, ""rng_class"": ""DETERMINISTIC"", ""lookahead_score"": 21530.0, ""chain_steps"": 18, ""error"": null}, {""index"": 4, ""option_type"": ""RETREAT"", ""attack_id"": null, ""card_id"": null, ""area"": null, ""in_play_area"": null, ""v6_score"": 10000, ""rng_class"": ""DETERMINISTIC"", ""lookahead_score"": 17530.0, ""chain_steps"": 17, ""error"": null}, {""index"": 3, ""option_type"": ""ATTACK"", ""attack_id"": 323, ""card_id"": null, ""area"": null, ""in_play_area"": null, ""v6_score"": 323, ""rng_class"": ""DETERMINISTIC"", ""lookahead_score"": 3303.0, ""chain_steps"": 1, ""error"": null}, {""index"": 5, ""option_type"": ""END"", ""attack_id"": null, ""card_id"": null, ""area"": null, ""in_play_area"": null, ""v6_score"": 0, ""rng_class"": ""UNKNOWN"", ""lookahead_score"": 2960.0, ""chain_steps"": 1, ""error"": null}, {""index"": 0, ""option_type"": ""PLAY"", ""attack_id"": null, ""card_id"": null, ""area"": null, ""in_play_area"": null, ""v6_score"": -1, ""rng_class"": ""RNG_DEPENDENT"", ""lookahead_score"": 6459.0, ""chain_steps"": 15, ""error"": null}]",MAIN,32,1786649900_2d0df93e_1,1,v6_win,190,,,PLAY,DETERMINISTIC,False,,True,[2],0.6838000845164061,6,53.203499992378056,[2],53.23079996742308,False,,True,[2],0.4773000255227089,3,20.804999978281558,[2],20.838500000536442,False,,True,[2],0.47610001638531685,5,43.05639991071075,[2],43.19769993890077,6,45.11328125,10,,,PLAY,DETERMINISTIC,1
"[{""index"": 3, ""option_type"": ""RETREAT"", ""attack_id"": null, ""card_id"": null, ""area"": null, ""in_play_area"": null, ""v6_score"": 10000, ""rng_class"": ""DETERMINISTIC"", ""lookahead_score"": 15110.0, ""chain_steps"": 10, ""error"": null}, {""index"": 2, ""option_type"": ""ATTACK"", ""attack_id"": 323, ""card_id"": null, ""area"": null, ""in_play_area"": null, ""v6_score"": 323, ""rng_class"": ""DETERMINISTIC"", ""lookahead_score"": 3303.0, ""chain_steps"": 1, ""error"": null}, {""index"": 4, ""option_type"": ""END"", ""attack_id"": null, ""card_id"": null, ""area"": null, ""in_play_area"": null, ""v6_score"": 0, ""rng_class"": ""UNKNOWN"", ""lookahead_score"": 2960.0, ""chain_steps"": 1, ""error"": null}, {""index"": 0, ""option_type"": ""PLAY"", ""attack_id"": null, ""card_id"": null, ""area"": null, ""in_play_area"": null, ""v6_score"": -1, ""rng_class"": ""RNG_DEPENDENT"", ""lookahead_score"": 6179.0, ""chain_steps"": 13, ""error"": null}, {""index"": 1, ""option_type"": ""PLAY"", ""attack_id"": null, ""card_id"": null, ""area"": null, ""in_play_area"": null, ""v6_score"": -1, ""rng_class"": ""RNG_DEPENDENT"", ""lookahead_score"": 6179.0, ""chain_steps"": 13, ""error"": null}]",MAIN,33,1786649900_2d0df93e_1,1,v6_win,190,,,RETREAT,DETERMINISTIC,False,,True,[3],0.5341999931260943,5,36.91979998257011,[3],36.96789999958128,False,,True,[3],0.48749998677521944,3,12.91799999307841,[3],12.95530004426837,False,,True,[3],0.4912000149488449,5,35.60840000864118,[3],35.67100001964718,5,45.11328125,10,,,RETREAT,DETERMINISTIC,1
"[{""index"": 3, ""option_type"": ""ATTACK"", ""attack_id"": 154, ""card_id"": null, ""area"": null, ""in_play_area"": null, ""v6_score"": 154, ""rng_class"": ""DETERMINISTIC"", ""lookahead_score"": 5264.0, ""chain_steps"": 8, ""error"": null}, {""index"": 2, ""option_type"": ""ATTACK"", ""attack_id"": 153, ""card_id"": null, ""area"": null, ""in_play_area"": null, ""v6_score"": 153, ""rng_class"": ""DETERMINISTIC"", ""lookahead_score"": 3183.0, ""chain_steps"": 1, ""error"": null}, {""index"": 4, ""option_type"": ""END"", ""attack_id"": null, ""card_id"": null, ""area"": null, ""in_play_area"": null, ""v6_score"": 0, ""rng_class"": ""UNKNOWN"", ""lookahead_score"": 2960.0, ""chain_steps"": 1, ""error"": null}, {""index"": 0, ""option_type"": ""PLAY"", ""attack_id"": null, ""card_id"": null, ""area"": null, ""in_play_area"": null, ""v6_score"": -1, ""rng_class"": ""RNG_DEPENDENT"", ""lookahead_score"": 6179.0, ""chain_steps"": 11, ""error"": null}, {""index"": 1, ""option_type"": ""PLAY"", ""attack_id"": null, ""card_id"": null, ""area"": null, ""in_play_area"": null, ""v6_score"": -1, ""rng_class"": ""RNG_DEPENDENT"", ""lookahead_score"": 6179.0, ""chain_steps"": 11, ""error"": null}]",MAIN,34,1786649900_2d0df93e_1,1,v6_win,190,,,PLAY,RNG_DEPENDENT,True,,True,[0],0.5774999735876918,5,32.816800056025386,[3],32.843700028024614,False,,True,[3],0.7202000124379992,3,13.11669999267906,[3],13.158499961718917,True,,True,[0],0.9408000623807311,5,34.422699944116175,[3],34.52129999641329,5,45.16015625,10,154,,ATTACK,DETERMINISTIC,1
"[{""index"": 4, ""option_type"": ""EVOLVE"", ""attack_id"": null, ""card_id"": null, ""area"": ""HAND"", ""in_play_area"": ""BENCH"", ""v6_score"": 70001, ""rng_class"": ""DETERMINISTIC"", ""lookahead_score"": 78591.0, ""chain_steps"": 14, ""error"": null}, {""index"": 6, ""option_type"": ""ABILITY"", ""attack_id"": null, ""card_id"": null, ""area"": ""BENCH"", ""in_play_area"": null, ""v6_score"": 40000, ""rng_class"": ""DETERMINISTIC"", ""lookahead_score"": 48690.0, ""chain_steps"": 17, ""error"": null}, {""index"": 2, ""option_type"": ""PLAY"", ""attack_id"": null, ""card_id"": null, ""area"": null, ""in_play_area"": null, ""v6_score"": 35000, ""rng_class"": ""RNG_DEPENDENT"", ""lookahead_score"": 43590.0, ""chain_steps"": 14, ""error"": null}, {""index"": 8, ""option_type"": ""ATTACK"", ""attack_id"": 154, ""card_id"": null, ""area"": null, ""in_play_area"": null, ""v6_score"": 154, ""rng_class"": ""DETERMINISTIC"", ""lookahead_score"": 7244.0, ""chain_steps"": 9, ""error"": null}, {""index"": 7, ""option_type"": ""ATTACK"", ""attack_id"": 153, ""card_id"": null, ""area"": null, ""in_play_area"": null, ""v6_score"": 153, ""rng_class"": ""DETERMINISTIC"", ""lookahead_score"": 3143.0, ""chain_steps"": 1, ""error"": null}]",MAIN,35,1786649900_2d0df93e_1,1,v6_win,190,,,EVOLVE,DETERMINISTIC,False,,True,[4],0.5215998971834779,10,105.99630000069737,[4],106.04550002608448,False,,True,[4],0.5149999633431435,3,40.811800048686564,[4],40.98449996672571,False,,True,[4],0.6621999200433493,5,49.033100018277764,[4],49.08709996379912,11,45.359375,12,,,EVOLVE,DETERMINISTIC,1
"[{""index"": 2, ""option_type"": ""PLAY"", ""attack_id"": null, ""card_id"": null, ""area"": null, ""in_play_area"": null, ""v6_score"": 35000, ""rng_class"": ""RNG_DEPENDENT"", ""lookahead_score"": 43590.0, ""chain_steps"": 13, ""error"": null}, {""index"": 6, ""option_type"": ""ATTACK"", ""attack_id"": 154, ""card_id"": null, ""area"": null, ""in_play_area"": null, ""v6_score"": 154, ""rng_class"": ""DETERMINISTIC"", ""lookahead_score"": 8594.0, ""chain_steps"": 9, ""error"": null}, {""index"": 5, ""option_type"": ""ATTACK"", ""attack_id"": 153, ""card_id"": null, ""area"": null, ""in_play_area"": null, ""v6_score"": 153, ""rng_class"": ""DETERMINISTIC"", ""lookahead_score"": 4493.0, ""chain_steps"": 1, ""error"": null}, {""index"": 8, ""option_type"": ""END"", ""attack_id"": null, ""card_id"": null, ""area"": null, ""in_play_area"": null, ""v6_score"": 0, ""rng_class"": ""UNKNOWN"", ""lookahead_score"": 4270.0, ""chain_steps"": 1, ""error"": null}, {""index"": 0, ""option_type"": ""PLAY"", ""attack_id"": null, ""card_id"": null, ""area"": null, ""in_play_area"": null, ""v6_score"": -1, ""rng_class"": ""RNG_DEPENDENT"", ""lookahead_score"": 9809.0, ""chain_steps"": 17, ""error"": null}]",MAIN,36,1786649900_2d0df93e_1,1,v6_win,190,,,PLAY,RNG_DEPENDENT,False,,True,[2],0.510699930600822,9,84.62199999485165,[2],84.67440004460514,False,,True,[2],0.6741000106558204,3,20.673800026997924,[2],20.704500027932227,False,,True,[2],0.5047000013291836,5,36.830600001849234,[2],36.855100071989,9,45.37109375,12,,,PLAY,RNG_DEPENDENT,1
"[{""index"": 4, ""option_type"": ""ATTACH"", ""attack_id"": null, ""card_id"": null, ""area"": ""HAND"", ""in_play_area"": ""BENCH"", ""v6_score"": 20250, ""rng_class"": ""DETERMINISTIC"", ""lookahead_score"": 28840.0, ""chain_steps"": 10, ""error"": null}, {""index"": 7, ""option_type"": ""ATTACK"", ""attack_id"": 154, ""card_id"": null, ""area"": null, ""in_play_area"": null, ""v6_score"": 154, ""rng_class"": ""DETERMINISTIC"", ""lookahead_score"": 8594.0, ""chain_steps"": 9, ""error"": null}, {""index"": 6, ""option_type"": ""ATTACK"", ""attack_id"": 153, ""card_id"": null, ""area"": null, ""in_play_area"": null, ""v6_score"": 153, ""rng_class"": ""DETERMINISTIC"", ""lookahead_score"": 4493.0, ""chain_steps"": 1, ""error"": null}, {""index"": 9, ""option_type"": ""END"", ""attack_id"": null, ""card_id"": null, ""area"": null, ""in_play_area"": null, ""v6_score"": 0, ""rng_class"": ""UNKNOWN"", ""lookahead_score"": 4270.0, ""chain_steps"": 1, ""error"": null}, {""index"": 0, ""option_type"": ""PLAY"", ""attack_id"": null, ""card_id"": null, ""area"": null, ""in_play_area"": null, ""v6_score"": -1, ""rng_class"": ""RNG_DEPENDENT"", ""lookahead_score"": 9659.0, ""chain_steps"": 13, ""error"": null}]",MAIN,37,1786649900_2d0df93e_1,1,v6_win,190,,,ATTACH,DETERMINISTIC,False,,True,[4],0.5406999262049794,10,82.09919999353588,[4],82.15149992611259,False,,True,[4],0.5317999748513103,3,20.320900017395616,[4],20.385899930261075,False,,True,[4],0.5770999705418944,5,94.8239000281319,[4],94.87040003295988,10,45.390625,12,,,ATTACH,DETERMINISTIC,1
"[{""index"": 3, ""option_type"": ""ATTACK"", ""attack_id"": 154, ""card_id"": null, ""area"": null, ""in_play_area"": null, ""v6_score"": 154, ""rng_class"": ""DETERMINISTIC"", ""lookahead_score"": 8744.0, ""chain_steps"": 9, ""error"": null}, {""index"": 2, ""option_type"": ""ATTACK"", ""attack_id"": 153, ""card_id"": null, ""area"": null, ""in_play_area"": null, ""v6_score"": 153, ""rng_class"": ""DETERMINISTIC"", ""lookahead_score"": 4643.0, ""chain_steps"": 1, ""error"": null}, {""index"": 5, ""option_type"": ""END"", ""attack_id"": null, ""card_id"": null, ""area"": null, ""in_play_area"": null, ""v6_score"": 0, ""rng_class"": ""UNKNOWN"", ""lookahead_score"": 4420.0, ""chain_steps"": 1, ""error"": null}, {""index"": 0, ""option_type"": ""PLAY"", ""attack_id"": null, ""card_id"": null, ""area"": null, ""in_play_area"": null, ""v6_score"": -1, ""rng_class"": ""RNG_DEPENDENT"", ""lookahead_score"": 9659.0, ""chain_steps"": 12, ""error"": null}, {""index"": 1, ""option_type"": ""PLAY"", ""attack_id"": null, ""card_id"": null, ""area"": null, ""in_play_area"": null, ""v6_score"": -1, ""rng_class"": ""RNG_DEPENDENT"", ""lookahead_score"": 9659.0, ""chain_steps"": 12, ""error"": null}]",MAIN,38,1786649900_2d0df93e_1,1,v6_win,190,,,PLAY,RNG_DEPENDENT,True,,True,[0],0.5203000036999583,6,43.041500030085444,[3],43.066299986094236,False,,True,[3],1.142399967648089,3,12.685999972745776,[3],12.731899973005056,True,,True,[0],0.5544000305235386,5,33.3982000593096,[3],33.44290005043149,6,45.40625,12,154,,ATTACK,DETERMINISTIC,1
"[{""index"": 6, ""option_type"": ""PLAY"", ""attack_id"": null, ""card_id"": null, ""area"": null, ""in_play_area"": null, ""v6_score"": 44000, ""rng_class"": ""RNG_DEPENDENT"", ""lookahead_score"": 49120.0, ""chain_steps"": 13, ""error"": null}, {""index"": 1, ""option_type"": ""PLAY"", ""attack_id"": null, ""card_id"": null, ""area"": null, ""in_play_area"": null, ""v6_score"": 35000, ""rng_class"": ""DETERMINISTIC"", ""lookahead_score"": 40120.0, ""chain_steps"": 13, ""error"": null}, {""index"": 3, ""option_type"": ""PLAY"", ""attack_id"": null, ""card_id"": null, ""area"": null, ""in_play_area"": null, ""v6_score"": 35000, ""rng_class"": ""DETERMINISTIC"", ""lookahead_score"": 40120.0, ""chain_steps"": 13, ""error"": null}, {""index"": 8, ""option_type"": ""ATTACK"", ""attack_id"": 154, ""card_id"": null, ""area"": null, ""in_play_area"": null, ""v6_score"": 154, ""rng_class"": ""DETERMINISTIC"", ""lookahead_score"": 6264.0, ""chain_steps"": 8, ""error"": null}, {""index"": 7, ""option_type"": ""ATTACK"", ""attack_id"": 153, ""card_id"": null, ""area"": null, ""in_play_area"": null, ""v6_score"": 153, ""rng_class"": ""DETERMINISTIC"", ""lookahead_score"": 4013.0, ""chain_steps"": 1, ""error"": null}]",MAIN,39,1786649900_2d0df93e_1,1,v6_win,190,,,PLAY,RNG_DEPENDENT,False,,True,[6],0.7046000100672245,10,85.85179992951453,[6],85.91099991463125,False,,True,[6],0.6725999992340803,3,32.9310999950394,[6],32.97049994580448,False,,True,[6],0.535300001502037,5,49.007799942046404,[6],49.0787000162527,11,45.5390625,14,,,PLAY,RNG_DEPENDENT,1
"[{""index"": 0, ""option_type"": ""PLAY"", ""attack_id"": null, ""card_id"": null, ""area"": null, ""in_play_area"": null, ""v6_score"": 35000, ""rng_class"": ""DETERMINISTIC"", ""lookahead_score"": 39050.0, ""chain_steps"": 9, ""error"": null}, {""index"": 2, ""option_type"": ""PLAY"", ""attack_id"": null, ""card_id"": null, ""area"": null, ""in_play_area"": null, ""v6_score"": 35000, ""rng_class"": ""DETERMINISTIC"", ""lookahead_score"": 39050.0, ""chain_steps"": 9, ""error"": null}, {""index"": 7, ""option_type"": ""ATTACK"", ""attack_id"": 154, ""card_id"": null, ""area"": null, ""in_play_area"": null, ""v6_score"": 154, ""rng_class"": ""DETERMINISTIC"", ""lookahead_score"": 6264.0, ""chain_steps"": 8, ""error"": null}, {""index"": 6, ""option_type"": ""ATTACK"", ""attack_id"": 153, ""card_id"": null, ""area"": null, ""in_play_area"": null, ""v6_score"": 153, ""rng_class"": ""DETERMINISTIC"", ""lookahead_score"": 4013.0, ""chain_steps"": 1, ""error"": null}, {""index"": 9, ""option_type"": ""END"", ""attack_id"": null, ""card_id"": null, ""area"": null, ""in_play_area"": null, ""v6_score"": 0, ""rng_class"": ""UNKNOWN"", ""lookahead_score"": 3790.0, ""chain_steps"": 1, ""error"": null}]",MAIN,40,1786649900_2d0df93e_1,1,v6_win,190,,,PLAY,DETERMINISTIC,False,,True,[0],0.5506000015884638,10,77.51919992733747,[0],77.56959996186197,False,,True,[0],0.712699955329299,3,23.894099984318018,[0],23.93250004388392,False,,True,[0],0.5366000114008784,5,28.41689996421337,[0],28.471800033003092,10,45.62109375,14,,,PLAY,DETERMINISTIC,1
"[{""index"": 4, ""option_type"": ""ATTACK"", ""attack_id"": 154, ""card_id"": null, ""area"": null, ""in_play_area"": null, ""v6_score"": 154, ""rng_class"": ""DETERMINISTIC"", ""lookahead_score"": 4204.0, ""chain_steps"": 7, ""error"": null}, {""index"": 3, ""option_type"": ""ATTACK"", ""attack_id"": 153, ""card_id"": null, ""area"": null, ""in_play_area"": null, ""v6_score"": 153, ""rng_class"": ""DETERMINISTIC"", ""lookahead_score"": 4013.0, ""chain_steps"": 1, ""error"": null}, {""index"": 6, ""option_type"": ""END"", ""attack_id"": null, ""card_id"": null, ""area"": null, ""in_play_area"": null, ""v6_score"": 0, ""rng_class"": ""UNKNOWN"", ""lookahead_score"": 3790.0, ""chain_steps"": 1, ""error"": null}, {""index"": 0, ""option_type"": ""PLAY"", ""attack_id"": null, ""card_id"": null, ""area"": null, ""in_play_area"": null, ""v6_score"": -1, ""rng_class"": ""RNG_DEPENDENT"", ""lookahead_score"": 5119.0, ""chain_steps"": 10, ""error"": null}, {""index"": 1, ""option_type"": ""PLAY"", ""attack_id"": null, ""card_id"": null, ""area"": null, ""in_play_area"": null, ""v6_score"": -1, ""rng_class"": ""RNG_DEPENDENT"", ""lookahead_score"": 5119.0, ""chain_steps"": 10, ""error"": null}]",MAIN,41,1786649900_2d0df93e_1,1,v6_win,190,,,PLAY,RNG_DEPENDENT,True,,True,[2],0.5492999916896224,7,49.35850005131215,[4],49.430100014433265,False,,True,[4],0.5313000874593854,3,9.937299997545779,[4],9.97280003502965,True,,True,[0],0.7898000767454505,5,31.112500000745058,[4],31.1566999880597,7,45.6328125,14,154,,ATTACK,DETERMINISTIC,1
"[{""index"": 5, ""option_type"": ""PLAY"", ""attack_id"": null, ""card_id"": null, ""area"": null, ""in_play_area"": null, ""v6_score"": 40000, ""rng_class"": ""RNG_DEPENDENT"", ""lookahead_score"": 41160.0, ""chain_steps"": 10, ""error"": null}, {""index"": 1, ""option_type"": ""PLAY"", ""attack_id"": null, ""card_id"": null, ""area"": null, ""in_play_area"": null, ""v6_score"": 35000, ""rng_class"": ""DETERMINISTIC"", ""lookahead_score"": 36160.0, ""chain_steps"": 10, ""error"": null}, {""index"": 7, ""option_type"": ""ATTACK"", ""attack_id"": 154, ""card_id"": null, ""area"": null, ""in_play_area"": null, ""v6_score"": 154, ""rng_class"": ""DETERMINISTIC"", ""lookahead_score"": 1000154.0, ""chain_steps"": 8, ""error"": null}, {""index"": 6, ""option_type"": ""ATTACK"", ""attack_id"": 153, ""card_id"": null, ""area"": null, ""in_play_area"": null, ""v6_score"": 153, ""rng_class"": ""DETERMINISTIC"", ""lookahead_score"": 1123.0, ""chain_steps"": 1, ""error"": null}, {""index"": 9, ""option_type"": ""END"", ""attack_id"": null, ""card_id"": null, ""area"": null, ""in_play_area"": null, ""v6_score"": 0, ""rng_class"": ""UNKNOWN"", ""lookahead_score"": 900.0, ""chain_steps"": 1, ""error"": null}]",MAIN,42,1786649900_2d0df93e_1,1,v6_win,190,154,,ATTACK,DETERMINISTIC,True,,True,[7],0.5721000488847494,10,102.03510010614991,[5],102.090600063093,True,,True,[7],0.5369000136852264,3,29.01129995007068,[5],29.067799914628267,True,,True,[7],0.5624999757856131,5,32.102399971336126,[5],32.16289996635169,10,45.63671875,16,,,PLAY,RNG_DEPENDENT,1
"[{""index"": 1, ""option_type"": ""PLAY"", ""attack_id"": null, ""card_id"": null, ""area"": null, ""in_play_area"": null, ""v6_score"": 35000, ""rng_class"": ""DETERMINISTIC"", ""lookahead_score"": 36160.0, ""chain_steps"": 9, ""error"": null}, {""index"": 6, ""option_type"": ""ATTACK"", ""attack_id"": 154, ""card_id"": null, ""area"": null, ""in_play_area"": null, ""v6_score"": 154, ""rng_class"": ""DETERMINISTIC"", ""lookahead_score"": 1000154.0, ""chain_steps"": 8, ""error"": null}, {""index"": 5, ""option_type"": ""ATTACK"", ""attack_id"": 153, ""card_id"": null, ""area"": null, ""in_play_area"": null, ""v6_score"": 153, ""rng_class"": ""DETERMINISTIC"", ""lookahead_score"": 1123.0, ""chain_steps"": 1, ""error"": null}, {""index"": 8, ""option_type"": ""END"", ""attack_id"": null, ""card_id"": null, ""area"": null, ""in_play_area"": null, ""v6_score"": 0, ""rng_class"": ""UNKNOWN"", ""lookahead_score"": 900.0, ""chain_steps"": 1, ""error"": null}, {""index"": 0, ""option_type"": ""PLAY"", ""attack_id"": null, ""card_id"": null, ""area"": null, ""in_play_area"": null, ""v6_score"": -1, ""rng_class"": ""RNG_DEPENDENT"", ""lookahead_score"": 1159.0, ""chain_steps"": 11, ""error"": null}]",MAIN,43,1786649900_2d0df93e_1,1,v6_win,190,154,,ATTACK,DETERMINISTIC,True,,True,[6],0.5648999940603971,9,74.21850005630404,[1],74.27250000182539,True,,True,[6],0.5720000481233001,3,18.43279995955527,[1],18.469000002369285,True,,True,[6],0.5566999316215515,5,30.14739998616278,[1],30.18760005943477,9,45.640625,16,,,PLAY,DETERMINISTIC,1
"[{""index"": 4, ""option_type"": ""ATTACK"", ""attack_id"": 154, ""card_id"": null, ""area"": null, ""in_play_area"": null, ""v6_score"": 154, ""rng_class"": ""DETERMINISTIC"", ""lookahead_score"": 1314.0, ""chain_steps"": 7, ""error"": null}, {""index"": 3, ""option_type"": ""ATTACK"", ""attack_id"": 153, ""card_id"": null, ""area"": null, ""in_play_area"": null, ""v6_score"": 153, ""rng_class"": ""DETERMINISTIC"", ""lookahead_score"": 1123.0, ""chain_steps"": 1, ""error"": null}, {""index"": 6, ""option_type"": ""END"", ""attack_id"": null, ""card_id"": null, ""area"": null, ""in_play_area"": null, ""v6_score"": 0, ""rng_class"": ""UNKNOWN"", ""lookahead_score"": 900.0, ""chain_steps"": 1, ""error"": null}, {""index"": 0, ""option_type"": ""PLAY"", ""attack_id"": null, ""card_id"": null, ""area"": null, ""in_play_area"": null, ""v6_score"": -1, ""rng_class"": ""RNG_DEPENDENT"", ""lookahead_score"": 2229.0, ""chain_steps"": 10, ""error"": null}, {""index"": 1, ""option_type"": ""PLAY"", ""attack_id"": null, ""card_id"": null, ""area"": null, ""in_play_area"": null, ""v6_score"": -1, ""rng_class"": ""RNG_DEPENDENT"", ""lookahead_score"": 2229.0, ""chain_steps"": 10, ""error"": null}]",MAIN,44,1786649900_2d0df93e_1,1,v6_win,190,,,PLAY,RNG_DEPENDENT,True,,True,[2],0.5614999681711197,7,50.29849999118596,[4],50.4058999940753,False,,True,[4],0.6541999755427241,3,10.67469990812242,[4],10.717099998146296,True,,True,[0],0.5432000616565347,5,31.421200023032725,[4],31.467400025576353,7,45.640625,16,154,,ATTACK,DETERMINISTIC,1
"[{""index"": 3, ""option_type"": ""PLAY"", ""attack_id"": null, ""card_id"": null, ""area"": null, ""in_play_area"": null, ""v6_score"": 51000, ""rng_class"": ""DETERMINISTIC"", ""lookahead_score"": 1051000.0, ""chain_steps"": 15, ""error"": null}, {""index"": 2, ""option_type"": ""PLAY"", ""attack_id"": null, ""card_id"": null, ""area"": null, ""in_play_area"": null, ""v6_score"": 14000, ""rng_class"": ""DETERMINISTIC"", ""lookahead_score"": 1014000.0, ""chain_steps"": 14, ""error"": null}, {""index"": 6, ""option_type"": ""RETREAT"", ""attack_id"": null, ""card_id"": null, ""area"": null, ""in_play_area"": null, ""v6_score"": 10000, ""rng_class"": ""DETERMINISTIC"", ""lookahead_score"": 1010000.0, ""chain_steps"": 13, ""error"": null}, {""index"": 5, ""option_type"": ""ATTACK"", ""attack_id"": 323, ""card_id"": null, ""area"": null, ""in_play_area"": null, ""v6_score"": 323, ""rng_class"": ""DETERMINISTIC"", ""lookahead_score"": -3597.0, ""chain_steps"": 1, ""error"": null}, {""index"": 7, ""option_type"": ""END"", ""attack_id"": null, ""card_id"": null, ""area"": null, ""in_play_area"": null, ""v6_score"": 0, ""rng_class"": ""UNKNOWN"", ""lookahead_score"": -3930.0, ""chain_steps"": 1, ""error"": null}]",MAIN,45,1786649900_2d0df93e_1,1,v6_win,190,,,PLAY,DETERMINISTIC,False,,True,[3],0.5171999800950289,8,79.22479999251664,[3],79.26989998668432,False,,True,[3],0.57050003670156,3,38.49930001888424,[3],38.5486000450328,False,,True,[3],0.7718000560998917,5,42.811600025743246,[3],42.857500026002526,8,45.73046875,18,,,PLAY,DETERMINISTIC,1
"[{""index"": 2, ""option_type"": ""PLAY"", ""attack_id"": null, ""card_id"": null, ""area"": null, ""in_play_area"": null, ""v6_score"": 14000, ""rng_class"": ""DETERMINISTIC"", ""lookahead_score"": 1014000.0, ""chain_steps"": 19, ""error"": null}, {""index"": 5, ""option_type"": ""RETREAT"", ""attack_id"": null, ""card_id"": null, ""area"": null, ""in_play_area"": null, ""v6_score"": 10000, ""rng_class"": ""DETERMINISTIC"", ""lookahead_score"": 1010000.0, ""chain_steps"": 14, ""error"": null}, {""index"": 4, ""option_type"": ""ATTACK"", ""attack_id"": 323, ""card_id"": null, ""area"": null, ""in_play_area"": null, ""v6_score"": 323, ""rng_class"": ""DETERMINISTIC"", ""lookahead_score"": -1387.0, ""chain_steps"": 1, ""error"": null}, {""index"": 6, ""option_type"": ""END"", ""attack_id"": null, ""card_id"": null, ""area"": null, ""in_play_area"": null, ""v6_score"": 0, ""rng_class"": ""UNKNOWN"", ""lookahead_score"": -1720.0, ""chain_steps"": 1, ""error"": null}, {""index"": 0, ""option_type"": ""PLAY"", ""attack_id"": null, ""card_id"": null, ""area"": null, ""in_play_area"": null, ""v6_score"": -1, ""rng_class"": ""RNG_DEPENDENT"", ""lookahead_score"": 999999.0, ""chain_steps"": 14, ""error"": null}]",MAIN,46,1786649900_2d0df93e_1,1,v6_win,190,,,PLAY,DETERMINISTIC,False,,True,[2],0.532899983227253,7,71.9710000557825,[2],72.01980007812381,False,,True,[2],0.6959999445825815,3,32.72780007682741,[2],32.76890004053712,False,,True,[2],0.5372000159695745,5,54.76339999586344,[2],54.806599975563586,7,45.7421875,18,,,PLAY,DETERMINISTIC,1
"[{""index"": 0, ""option_type"": ""PLAY"", ""attack_id"": null, ""card_id"": null, ""area"": null, ""in_play_area"": null, ""v6_score"": 42000, ""rng_class"": ""DETERMINISTIC"", ""lookahead_score"": 1042000.0, ""chain_steps"": 14, ""error"": null}, {""index"": 1, ""option_type"": ""PLAY"", ""attack_id"": null, ""card_id"": null, ""area"": null, ""in_play_area"": null, ""v6_score"": 40000, ""rng_class"": ""RNG_DEPENDENT"", ""lookahead_score"": 1040000.0, ""chain_steps"": 15, ""error"": null}, {""index"": 5, ""option_type"": ""RETREAT"", ""attack_id"": null, ""card_id"": null, ""area"": null, ""in_play_area"": null, ""v6_score"": 10000, ""rng_class"": ""DETERMINISTIC"", ""lookahead_score"": 1010000.0, ""chain_steps"": 15, ""error"": null}, {""index"": 4, ""option_type"": ""ATTACK"", ""attack_id"": 323, ""card_id"": null, ""area"": null, ""in_play_area"": null, ""v6_score"": 323, ""rng_class"": ""DETERMINISTIC"", ""lookahead_score"": -1387.0, ""chain_steps"": 1, ""error"": null}, {""index"": 6, ""option_type"": ""END"", ""attack_id"": null, ""card_id"": null, ""area"": null, ""in_play_area"": null, ""v6_score"": 0, ""rng_class"": ""UNKNOWN"", ""lookahead_score"": -1720.0, ""chain_steps"": 1, ""error"": null}]",MAIN,47,1786649900_2d0df93e_1,1,v6_win,190,,,PLAY,DETERMINISTIC,False,,True,[0],0.5667000077664852,7,83.85100006125867,[0],83.90289999078959,False,,True,[0],0.571100041270256,3,43.88370004016906,[0],43.93699998036027,False,,True,[0],0.5249000387266278,5,47.552700038068,[0],47.61609993875027,7,45.7578125,18,,,PLAY,DETERMINISTIC,1
"[{""index"": 3, ""option_type"": ""PLAY"", ""attack_id"": null, ""card_id"": null, ""area"": null, ""in_play_area"": null, ""v6_score"": 51000, ""rng_class"": ""DETERMINISTIC"", ""lookahead_score"": 1051000.0, ""chain_steps"": 13, ""error"": null}, {""index"": 0, ""option_type"": ""PLAY"", ""attack_id"": null, ""card_id"": null, ""area"": null, ""in_play_area"": null, ""v6_score"": 40000, ""rng_class"": ""RNG_DEPENDENT"", ""lookahead_score"": 1040000.0, ""chain_steps"": 13, ""error"": null}, {""index"": 5, ""option_type"": ""RETREAT"", ""attack_id"": null, ""card_id"": null, ""area"": null, ""in_play_area"": null, ""v6_score"": 10000, ""rng_class"": ""DETERMINISTIC"", ""lookahead_score"": 1010000.0, ""chain_steps"": 13, ""error"": null}, {""index"": 4, ""option_type"": ""ATTACK"", ""attack_id"": 323, ""card_id"": null, ""area"": null, ""in_play_area"": null, ""v6_score"": 323, ""rng_class"": ""DETERMINISTIC"", ""lookahead_score"": -1387.0, ""chain_steps"": 1, ""error"": null}, {""index"": 6, ""option_type"": ""END"", ""attack_id"": null, ""card_id"": null, ""area"": null, ""in_play_area"": null, ""v6_score"": 0, ""rng_class"": ""UNKNOWN"", ""lookahead_score"": -1720.0, ""chain_steps"": 1, ""error"": null}]",MAIN,48,1786649900_2d0df93e_1,1,v6_win,190,,,PLAY,DETERMINISTIC,False,,True,[3],0.5420000525191426,7,75.74190001469105,[3],75.79839997924864,False,,True,[3],0.5805999971926212,3,38.8832000317052,[3],38.917899946682155,False,,True,[3],0.5567000480368733,5,44.17209990788251,[3],44.21580000780523,7,45.7578125,18,,,PLAY,DETERMINISTIC,1
"[{""index"": 0, ""option_type"": ""PLAY"", ""attack_id"": null, ""card_id"": null, ""area"": null, ""in_play_area"": null, ""v6_score"": 40000, ""rng_class"": ""RNG_DEPENDENT"", ""lookahead_score"": 1040000.0, ""chain_steps"": 12, ""error"": null}, {""index"": 4, ""option_type"": ""RETREAT"", ""attack_id"": null, ""card_id"": null, ""area"": null, ""in_play_area"": null, ""v6_score"": 10000, ""rng_class"": ""DETERMINISTIC"", ""lookahead_score"": 1010000.0, ""chain_steps"": 12, ""error"": null}, {""index"": 3, ""option_type"": ""ATTACK"", ""attack_id"": 323, ""card_id"": null, ""area"": null, ""in_play_area"": null, ""v6_score"": 323, ""rng_class"": ""DETERMINISTIC"", ""lookahead_score"": -317.0, ""chain_steps"": 1, ""error"": null}, {""index"": 5, ""option_type"": ""END"", ""attack_id"": null, ""card_id"": null, ""area"": null, ""in_play_area"": null, ""v6_score"": 0, ""rng_class"": ""UNKNOWN"", ""lookahead_score"": -650.0, ""chain_steps"": 1, ""error"": null}, {""index"": 1, ""option_type"": ""PLAY"", ""attack_id"": null, ""card_id"": null, ""area"": null, ""in_play_area"": null, ""v6_score"": -1, ""rng_class"": ""DETERMINISTIC"", ""lookahead_score"": 999999.0, ""chain_steps"": 12, ""error"": null}]",MAIN,49,1786649900_2d0df93e_1,1,v6_win,190,,,PLAY,RNG_DEPENDENT,False,,True,[0],0.5222000181674957,6,55.97310001030564,[0],56.0224000364542,False,,True,[0],0.5716999294236302,3,34.360700054094195,[0],34.43850006442517,False,,True,[0],0.5931999767199159,5,41.700600064359605,[0],41.732899961061776,6,45.7578125,18,,,PLAY,RNG_DEPENDENT,1
"[{""index"": 3, ""option_type"": ""RETREAT"", ""attack_id"": null, ""card_id"": null, ""area"": null, ""in_play_area"": null, ""v6_score"": 10000, ""rng_class"": ""DETERMINISTIC"", ""lookahead_score"": 1010000.0, ""chain_steps"": 10, ""error"": null}, {""index"": 2, ""option_type"": ""ATTACK"", ""attack_id"": 323, ""card_id"": null, ""area"": null, ""in_play_area"": null, ""v6_score"": 323, ""rng_class"": ""DETERMINISTIC"", ""lookahead_score"": -317.0, ""chain_steps"": 1, ""error"": null}, {""index"": 4, ""option_type"": ""END"", ""attack_id"": null, ""card_id"": null, ""area"": null, ""in_play_area"": null, ""v6_score"": 0, ""rng_class"": ""UNKNOWN"", ""lookahead_score"": -650.0, ""chain_steps"": 1, ""error"": null}, {""index"": 0, ""option_type"": ""PLAY"", ""attack_id"": null, ""card_id"": null, ""area"": null, ""in_play_area"": null, ""v6_score"": -1, ""rng_class"": ""DETERMINISTIC"", ""lookahead_score"": 999999.0, ""chain_steps"": 11, ""error"": null}, {""index"": 1, ""option_type"": ""PLAY"", ""attack_id"": null, ""card_id"": null, ""area"": null, ""in_play_area"": null, ""v6_score"": -1, ""rng_class"": ""RNG_DEPENDENT"", ""lookahead_score"": 999999.0, ""chain_steps"": 14, ""error"": null}]",MAIN,50,1786649900_2d0df93e_1,1,v6_win,190,,,RETREAT,DETERMINISTIC,False,,True,[3],0.6139000179246068,5,40.50220001954585,[3],40.54279997944832,False,,True,[3],0.5304000806063414,3,15.103200101293623,[3],15.144900069572031,False,,True,[3],0.5332999862730503,5,41.27180005889386,[3],41.33069992531091,5,45.7578125,18,,,RETREAT,DETERMINISTIC,1
"[{""index"": 3, ""option_type"": ""ATTACK"", ""attack_id"": 154, ""card_id"": null, ""area"": null, ""in_play_area"": null, ""v6_score"": 154, ""rng_class"": ""DETERMINISTIC"", ""lookahead_score"": 1000154.0, ""chain_steps"": 8, ""error"": null}, {""index"": 2, ""option_type"": ""ATTACK"", ""attack_id"": 153, ""card_id"": null, ""area"": null, ""in_play_area"": null, ""v6_score"": 153, ""rng_class"": ""DETERMINISTIC"", ""lookahead_score"": -427.0, ""chain_steps"": 1, ""error"": null}, {""index"": 4, ""option_type"": ""END"", ""attack_id"": null, ""card_id"": null, ""area"": null, ""in_play_area"": null, ""v6_score"": 0, ""rng_class"": ""UNKNOWN"", ""lookahead_score"": -650.0, ""chain_steps"": 1, ""error"": null}, {""index"": 0, ""option_type"": ""PLAY"", ""attack_id"": null, ""card_id"": null, ""area"": null, ""in_play_area"": null, ""v6_score"": -1, ""rng_class"": ""DETERMINISTIC"", ""lookahead_score"": 999999.0, ""chain_steps"": 9, ""error"": null}, {""index"": 1, ""option_type"": ""PLAY"", ""attack_id"": null, ""card_id"": null, ""area"": null, ""in_play_area"": null, ""v6_score"": -1, ""rng_class"": ""RNG_DEPENDENT"", ""lookahead_score"": 999999.0, ""chain_steps"": 12, ""error"": null}]",MAIN,51,1786649900_2d0df93e_1,1,v6_win,190,154,,ATTACK,DETERMINISTIC,False,,True,[3],0.6373999640345573,5,38.19409990683198,[3],38.245399948209524,False,,True,[3],0.5378000205382705,3,13.535000034607947,[3],13.579600024968386,False,,True,[3],0.5317000905051827,5,36.53039992786944,[3],36.60699992906302,5,45.88671875,18,154,,ATTACK,DETERMINISTIC,1
